Wvl	1	2	3	4	5	6	7	8	9	10	11	12	13	14	15	16	17	18	19	20	21	22	23	24	25	26	27	28
350	0.0338	0.0397	0.0449	0.0329	0.0335	0.0341	0.0427	0.0407	0.0450	0.0153	0.0237	0.0205	0.0303	0.0386	0.0408	0.0142	0.0148	0.0160	0.0212	0.0337	0.0404	0.0024	0.0025	0.0069	0.0104	0.0127	0.0301	0.0436
351	0.0463	0.0436	0.0445	0.0423	0.0393	0.0319	0.0430	0.0502	0.0447	0.0236	0.0224	0.0309	0.0364	0.0438	0.0475	0.0192	0.0204	0.0258	0.0308	0.0374	0.0537	0.0045	0.0034	0.0149	0.0197	0.0181	0.0388	0.0578
352	0.0430	0.0439	0.0445	0.0360	0.0367	0.0375	0.0426	0.0445	0.0471	0.0241	0.0231	0.0261	0.0379	0.0405	0.0456	0.0257	0.0192	0.0156	0.0329	0.0370	0.0492	0.0065	0.0091	0.0153	0.0146	0.0185	0.0338	0.0536
353	0.0386	0.0395	0.0400	0.0312	0.0314	0.0375	0.0405	0.0390	0.0425	0.0206	0.0208	0.0250	0.0369	0.0374	0.0405	0.0221	0.0161	0.0128	0.0260	0.0329	0.0450	0.0075	0.0055	0.0116	0.0091	0.0150	0.0269	0.0487
354	0.0342	0.0327	0.0332	0.0286	0.0256	0.0342	0.0380	0.0347	0.0343	0.0159	0.0176	0.0260	0.0343	0.0351	0.0350	0.0126	0.0127	0.0157	0.0151	0.0277	0.0417	0.0082	0.0000	0.0062	0.0045	0.0101	0.0206	0.0446
355	0.0341	0.0334	0.0322	0.0317	0.0295	0.0363	0.0414	0.0367	0.0362	0.0215	0.0239	0.0215	0.0304	0.0360	0.0406	0.0111	0.0142	0.0188	0.0194	0.0319	0.0410	0.0103	0.0065	0.0081	0.0063	0.0148	0.0257	0.0477
356	0.0361	0.0361	0.0332	0.0313	0.0272	0.0382	0.0403	0.0369	0.0397	0.0230	0.0252	0.0259	0.0291	0.0364	0.0421	0.0113	0.0143	0.0212	0.0192	0.0346	0.0447	0.0076	0.0058	0.0085	0.0095	0.0153	0.0296	0.0492
357	0.0375	0.0388	0.0346	0.0306	0.0244	0.0381	0.0378	0.0361	0.0419	0.0225	0.0245	0.0300	0.0290	0.0366	0.0421	0.0129	0.0142	0.0218	0.0181	0.0358	0.0481	0.0049	0.0028	0.0081	0.0121	0.0147	0.0320	0.0498
358	0.0349	0.0394	0.0352	0.0324	0.0269	0.0328	0.0369	0.0347	0.0392	0.0215	0.0242	0.0240	0.0288	0.0370	0.0423	0.0169	0.0147	0.0182	0.0194	0.0342	0.0461	0.0076	0.0038	0.0069	0.0119	0.0158	0.0318	0.0504
359	0.0356	0.0388	0.0348	0.0330	0.0271	0.0333	0.0379	0.0358	0.0371	0.0214	0.0228	0.0234	0.0291	0.0354	0.0437	0.0166	0.0155	0.0176	0.0240	0.0346	0.0495	0.0088	0.0068	0.0093	0.0122	0.0149	0.0299	0.0518
360	0.0358	0.0371	0.0334	0.0313	0.0270	0.0336	0.0382	0.0363	0.0366	0.0201	0.0209	0.0236	0.0292	0.0356	0.0437	0.0153	0.0146	0.0177	0.0251	0.0341	0.0515	0.0092	0.0088	0.0096	0.0116	0.0146	0.0281	0.0520
361	0.0344	0.0342	0.0310	0.0269	0.0273	0.0322	0.0371	0.0353	0.0381	0.0171	0.0187	0.0234	0.0289	0.0386	0.0415	0.0139	0.0116	0.0181	0.0208	0.0319	0.0503	0.0091	0.0088	0.0061	0.0096	0.0157	0.0270	0.0504
362	0.0324	0.0349	0.0297	0.0285	0.0262	0.0325	0.0355	0.0319	0.0370	0.0188	0.0178	0.0229	0.0299	0.0363	0.0421	0.0139	0.0121	0.0169	0.0214	0.0330	0.0464	0.0076	0.0061	0.0059	0.0099	0.0179	0.0258	0.0498
363	0.0305	0.0340	0.0290	0.0289	0.0255	0.0321	0.0348	0.0310	0.0364	0.0192	0.0174	0.0228	0.0289	0.0347	0.0413	0.0125	0.0122	0.0157	0.0210	0.0331	0.0449	0.0060	0.0051	0.0073	0.0097	0.0176	0.0262	0.0493
364	0.0291	0.0320	0.0289	0.0284	0.0250	0.0312	0.0348	0.0321	0.0360	0.0183	0.0176	0.0226	0.0264	0.0337	0.0394	0.0104	0.0117	0.0147	0.0198	0.0322	0.0452	0.0049	0.0055	0.0097	0.0093	0.0157	0.0278	0.0491
365	0.0321	0.0328	0.0314	0.0296	0.0250	0.0296	0.0332	0.0333	0.0327	0.0174	0.0202	0.0199	0.0252	0.0330	0.0386	0.0121	0.0125	0.0139	0.0210	0.0309	0.0453	0.0089	0.0074	0.0107	0.0105	0.0153	0.0298	0.0500
366	0.0322	0.0343	0.0321	0.0301	0.0244	0.0316	0.0339	0.0345	0.0337	0.0184	0.0219	0.0213	0.0265	0.0341	0.0409	0.0135	0.0152	0.0160	0.0214	0.0324	0.0467	0.0103	0.0084	0.0115	0.0118	0.0174	0.0306	0.0521
367	0.0317	0.0351	0.0323	0.0304	0.0240	0.0342	0.0353	0.0352	0.0359	0.0196	0.0231	0.0237	0.0288	0.0359	0.0433	0.0146	0.0174	0.0186	0.0218	0.0342	0.0481	0.0105	0.0090	0.0118	0.0130	0.0194	0.0309	0.0538
368	0.0334	0.0333	0.0335	0.0312	0.0256	0.0345	0.0356	0.0346	0.0364	0.0188	0.0235	0.0241	0.0313	0.0375	0.0421	0.0157	0.0159	0.0185	0.0235	0.0334	0.0478	0.0106	0.0093	0.0111	0.0141	0.0177	0.0314	0.0527
369	0.0317	0.0323	0.0312	0.0296	0.0242	0.0317	0.0340	0.0328	0.0348	0.0175	0.0208	0.0217	0.0289	0.0363	0.0414	0.0141	0.0151	0.0172	0.0218	0.0323	0.0459	0.0083	0.0072	0.0106	0.0123	0.0168	0.0299	0.0513
370	0.0309	0.0323	0.0293	0.0285	0.0240	0.0300	0.0330	0.0324	0.0346	0.0174	0.0197	0.0210	0.0281	0.0354	0.0410	0.0133	0.0150	0.0174	0.0215	0.0322	0.0457	0.0081	0.0070	0.0100	0.0115	0.0171	0.0299	0.0511
371	0.0325	0.0331	0.0291	0.0288	0.0268	0.0309	0.0335	0.0345	0.0371	0.0192	0.0219	0.0237	0.0312	0.0361	0.0412	0.0148	0.0159	0.0202	0.0244	0.0336	0.0485	0.0120	0.0104	0.0091	0.0129	0.0192	0.0329	0.0526
372	0.0314	0.0312	0.0292	0.0286	0.0251	0.0299	0.0323	0.0315	0.0321	0.0171	0.0206	0.0216	0.0283	0.0345	0.0395	0.0126	0.0142	0.0172	0.0229	0.0316	0.0466	0.0096	0.0081	0.0077	0.0122	0.0168	0.0301	0.0507
373	0.0313	0.0308	0.0297	0.0284	0.0238	0.0298	0.0322	0.0311	0.0316	0.0169	0.0209	0.0215	0.0274	0.0342	0.0401	0.0130	0.0139	0.0166	0.0226	0.0312	0.0460	0.0089	0.0066	0.0080	0.0120	0.0170	0.0289	0.0500
374	0.0321	0.0318	0.0304	0.0282	0.0232	0.0304	0.0330	0.0331	0.0348	0.0183	0.0224	0.0231	0.0283	0.0351	0.0424	0.0154	0.0147	0.0181	0.0233	0.0323	0.0467	0.0098	0.0061	0.0094	0.0124	0.0193	0.0292	0.0504
375	0.0312	0.0316	0.0299	0.0271	0.0232	0.0306	0.0320	0.0347	0.0345	0.0172	0.0211	0.0228	0.0281	0.0347	0.0423	0.0137	0.0141	0.0169	0.0224	0.0319	0.0474	0.0095	0.0075	0.0090	0.0123	0.0179	0.0285	0.0520
376	0.0311	0.0322	0.0300	0.0282	0.0239	0.0306	0.0326	0.0344	0.0347	0.0173	0.0211	0.0236	0.0282	0.0352	0.0414	0.0139	0.0149	0.0174	0.0227	0.0323	0.0472	0.0101	0.0083	0.0096	0.0118	0.0176	0.0293	0.0516
377	0.0310	0.0326	0.0301	0.0296	0.0247	0.0306	0.0334	0.0333	0.0345	0.0180	0.0214	0.0243	0.0282	0.0356	0.0406	0.0146	0.0158	0.0181	0.0230	0.0327	0.0467	0.0106	0.0086	0.0103	0.0114	0.0179	0.0302	0.0509
378	0.0299	0.0310	0.0287	0.0279	0.0248	0.0301	0.0324	0.0325	0.0325	0.0180	0.0210	0.0226	0.0277	0.0345	0.0411	0.0135	0.0148	0.0167	0.0214	0.0321	0.0461	0.0098	0.0077	0.0094	0.0123	0.0180	0.0290	0.0525
379	0.0310	0.0316	0.0288	0.0281	0.0250	0.0303	0.0317	0.0331	0.0333	0.0182	0.0202	0.0223	0.0276	0.0346	0.0403	0.0139	0.0151	0.0181	0.0218	0.0323	0.0468	0.0097	0.0079	0.0100	0.0127	0.0186	0.0297	0.0518
380	0.0316	0.0318	0.0287	0.0282	0.0243	0.0304	0.0313	0.0331	0.0336	0.0182	0.0193	0.0226	0.0276	0.0345	0.0394	0.0142	0.0149	0.0185	0.0221	0.0323	0.0475	0.0095	0.0079	0.0102	0.0122	0.0184	0.0298	0.0505
381	0.0304	0.0305	0.0277	0.0275	0.0219	0.0298	0.0314	0.0313	0.0321	0.0176	0.0183	0.0233	0.0277	0.0334	0.0388	0.0134	0.0133	0.0162	0.0215	0.0319	0.0473	0.0090	0.0073	0.0092	0.0104	0.0166	0.0284	0.0489
382	0.0311	0.0305	0.0288	0.0271	0.0234	0.0291	0.0315	0.0327	0.0333	0.0170	0.0197	0.0234	0.0274	0.0325	0.0404	0.0131	0.0143	0.0170	0.0232	0.0312	0.0471	0.0103	0.0076	0.0098	0.0111	0.0165	0.0287	0.0493
383	0.0313	0.0310	0.0292	0.0272	0.0241	0.0283	0.0319	0.0329	0.0339	0.0167	0.0205	0.0233	0.0277	0.0328	0.0411	0.0134	0.0150	0.0173	0.0234	0.0313	0.0467	0.0102	0.0082	0.0104	0.0118	0.0169	0.0290	0.0501
384	0.0307	0.0318	0.0290	0.0278	0.0238	0.0276	0.0326	0.0319	0.0338	0.0167	0.0206	0.0229	0.0286	0.0341	0.0409	0.0143	0.0152	0.0172	0.0223	0.0321	0.0462	0.0087	0.0090	0.0109	0.0123	0.0177	0.0292	0.0512
385	0.0302	0.0317	0.0284	0.0281	0.0239	0.0295	0.0326	0.0325	0.0343	0.0177	0.0210	0.0224	0.0277	0.0344	0.0408	0.0137	0.0153	0.0183	0.0224	0.0319	0.0476	0.0092	0.0093	0.0101	0.0134	0.0178	0.0302	0.0512
386	0.0304	0.0313	0.0283	0.0278	0.0239	0.0297	0.0324	0.0329	0.0341	0.0183	0.0212	0.0226	0.0274	0.0342	0.0405	0.0136	0.0154	0.0182	0.0224	0.0320	0.0479	0.0096	0.0091	0.0096	0.0127	0.0176	0.0300	0.0508
387	0.0310	0.0312	0.0284	0.0275	0.0239	0.0294	0.0320	0.0331	0.0338	0.0189	0.0210	0.0230	0.0276	0.0337	0.0402	0.0140	0.0155	0.0177	0.0226	0.0323	0.0475	0.0100	0.0088	0.0094	0.0116	0.0175	0.0295	0.0505
388	0.0322	0.0331	0.0292	0.0286	0.0239	0.0304	0.0308	0.0336	0.0344	0.0197	0.0202	0.0226	0.0285	0.0329	0.0408	0.0155	0.0155	0.0182	0.0230	0.0332	0.0473	0.0101	0.0091	0.0097	0.0128	0.0182	0.0304	0.0517
389	0.0316	0.0325	0.0294	0.0282	0.0236	0.0301	0.0314	0.0330	0.0340	0.0181	0.0202	0.0228	0.0281	0.0333	0.0410	0.0148	0.0155	0.0184	0.0230	0.0325	0.0471	0.0100	0.0088	0.0094	0.0126	0.0183	0.0288	0.0512
390	0.0305	0.0312	0.0293	0.0275	0.0234	0.0295	0.0320	0.0325	0.0333	0.0166	0.0204	0.0229	0.0276	0.0340	0.0410	0.0139	0.0153	0.0183	0.0228	0.0319	0.0468	0.0097	0.0086	0.0093	0.0124	0.0182	0.0275	0.0509
391	0.0295	0.0301	0.0288	0.0273	0.0233	0.0293	0.0317	0.0324	0.0327	0.0166	0.0208	0.0225	0.0274	0.0343	0.0408	0.0141	0.0148	0.0176	0.0226	0.0323	0.0461	0.0094	0.0090	0.0100	0.0128	0.0176	0.0283	0.0518
392	0.0300	0.0310	0.0288	0.0281	0.0235	0.0296	0.0321	0.0322	0.0336	0.0173	0.0203	0.0231	0.0272	0.0348	0.0407	0.0144	0.0152	0.0179	0.0230	0.0326	0.0469	0.0096	0.0091	0.0104	0.0127	0.0174	0.0296	0.0512
393	0.0302	0.0315	0.0285	0.0280	0.0236	0.0296	0.0323	0.0322	0.0340	0.0179	0.0203	0.0234	0.0271	0.0344	0.0405	0.0145	0.0152	0.0178	0.0229	0.0326	0.0474	0.0097	0.0088	0.0106	0.0124	0.0172	0.0300	0.0506
394	0.0303	0.0316	0.0277	0.0271	0.0236	0.0291	0.0320	0.0324	0.0336	0.0182	0.0208	0.0231	0.0270	0.0331	0.0400	0.0143	0.0146	0.0173	0.0221	0.0324	0.0474	0.0096	0.0082	0.0106	0.0123	0.0173	0.0293	0.0504
395	0.0310	0.0313	0.0286	0.0268	0.0240	0.0289	0.0313	0.0322	0.0341	0.0184	0.0208	0.0233	0.0271	0.0339	0.0406	0.0141	0.0145	0.0174	0.0224	0.0319	0.0477	0.0101	0.0085	0.0102	0.0127	0.0176	0.0298	0.0500
396	0.0313	0.0312	0.0289	0.0272	0.0240	0.0295	0.0315	0.0324	0.0339	0.0182	0.0206	0.0229	0.0272	0.0337	0.0407	0.0138	0.0143	0.0175	0.0224	0.0316	0.0474	0.0101	0.0086	0.0103	0.0126	0.0178	0.0298	0.0500
397	0.0312	0.0313	0.0289	0.0278	0.0237	0.0301	0.0320	0.0325	0.0332	0.0179	0.0204	0.0224	0.0273	0.0331	0.0406	0.0135	0.0142	0.0177	0.0222	0.0314	0.0470	0.0099	0.0086	0.0105	0.0124	0.0178	0.0296	0.0502
398	0.0303	0.0314	0.0288	0.0275	0.0237	0.0295	0.0321	0.0312	0.0327	0.0181	0.0205	0.0229	0.0274	0.0334	0.0398	0.0143	0.0144	0.0177	0.0217	0.0313	0.0465	0.0101	0.0083	0.0104	0.0124	0.0174	0.0296	0.0499
399	0.0305	0.0318	0.0290	0.0278	0.0238	0.0300	0.0325	0.0318	0.0335	0.0182	0.0209	0.0236	0.0279	0.0340	0.0398	0.0148	0.0153	0.0181	0.0227	0.0321	0.0471	0.0104	0.0091	0.0104	0.0127	0.0180	0.0291	0.0497
400	0.0308	0.0321	0.0290	0.0279	0.0239	0.0304	0.0324	0.0325	0.0340	0.0181	0.0210	0.0238	0.0282	0.0341	0.0399	0.0149	0.0160	0.0185	0.0234	0.0323	0.0476	0.0104	0.0096	0.0105	0.0126	0.0185	0.0287	0.0496
401	0.0305	0.0320	0.0287	0.0269	0.0239	0.0299	0.0314	0.0323	0.0335	0.0179	0.0203	0.0230	0.0274	0.0334	0.0396	0.0143	0.0157	0.0185	0.0226	0.0312	0.0472	0.0095	0.0094	0.0107	0.0115	0.0179	0.0290	0.0499
402	0.0308	0.0316	0.0288	0.0276	0.0241	0.0296	0.0316	0.0324	0.0332	0.0179	0.0203	0.0228	0.0271	0.0337	0.0402	0.0136	0.0157	0.0187	0.0222	0.0314	0.0465	0.0098	0.0087	0.0104	0.0118	0.0184	0.0289	0.0496
403	0.0306	0.0315	0.0288	0.0281	0.0244	0.0295	0.0316	0.0325	0.0331	0.0180	0.0208	0.0230	0.0274	0.0340	0.0406	0.0136	0.0155	0.0187	0.0225	0.0317	0.0465	0.0101	0.0087	0.0103	0.0122	0.0184	0.0291	0.0494
404	0.0298	0.0315	0.0287	0.0281	0.0247	0.0299	0.0314	0.0323	0.0331	0.0181	0.0217	0.0233	0.0283	0.0343	0.0407	0.0142	0.0151	0.0185	0.0236	0.0320	0.0471	0.0101	0.0093	0.0106	0.0124	0.0177	0.0295	0.0492
405	0.0311	0.0311	0.0290	0.0278	0.0243	0.0297	0.0313	0.0322	0.0332	0.0184	0.0210	0.0233	0.0280	0.0334	0.0405	0.0148	0.0157	0.0181	0.0236	0.0316	0.0474	0.0104	0.0088	0.0106	0.0123	0.0177	0.0293	0.0499
406	0.0314	0.0306	0.0293	0.0276	0.0242	0.0299	0.0311	0.0320	0.0328	0.0184	0.0207	0.0236	0.0276	0.0334	0.0404	0.0151	0.0154	0.0179	0.0233	0.0317	0.0474	0.0100	0.0088	0.0106	0.0123	0.0174	0.0291	0.0499
407	0.0312	0.0303	0.0294	0.0275	0.0245	0.0304	0.0309	0.0321	0.0325	0.0184	0.0209	0.0240	0.0275	0.0339	0.0405	0.0152	0.0149	0.0179	0.0230	0.0322	0.0472	0.0095	0.0091	0.0106	0.0125	0.0172	0.0292	0.0498
408	0.0317	0.0315	0.0292	0.0276	0.0251	0.0311	0.0321	0.0326	0.0332	0.0191	0.0218	0.0241	0.0283	0.0346	0.0413	0.0159	0.0160	0.0187	0.0231	0.0335	0.0473	0.0104	0.0097	0.0110	0.0133	0.0185	0.0302	0.0507
409	0.0311	0.0317	0.0292	0.0274	0.0246	0.0308	0.0320	0.0322	0.0337	0.0186	0.0215	0.0240	0.0280	0.0346	0.0410	0.0155	0.0159	0.0187	0.0233	0.0327	0.0471	0.0104	0.0098	0.0108	0.0133	0.0181	0.0301	0.0507
410	0.0305	0.0316	0.0292	0.0275	0.0241	0.0302	0.0318	0.0319	0.0340	0.0182	0.0212	0.0240	0.0276	0.0343	0.0406	0.0151	0.0157	0.0185	0.0234	0.0318	0.0470	0.0106	0.0098	0.0105	0.0131	0.0177	0.0296	0.0504
411	0.0305	0.0315	0.0293	0.0282	0.0243	0.0298	0.0321	0.0327	0.0340	0.0184	0.0212	0.0239	0.0279	0.0341	0.0408	0.0151	0.0159	0.0185	0.0234	0.0320	0.0477	0.0117	0.0100	0.0101	0.0127	0.0180	0.0291	0.0502
412	0.0308	0.0315	0.0294	0.0279	0.0244	0.0297	0.0322	0.0324	0.0339	0.0186	0.0212	0.0233	0.0286	0.0340	0.0409	0.0151	0.0158	0.0186	0.0231	0.0322	0.0475	0.0115	0.0095	0.0107	0.0125	0.0182	0.0298	0.0504
413	0.0308	0.0315	0.0292	0.0277	0.0244	0.0296	0.0319	0.0322	0.0336	0.0186	0.0211	0.0230	0.0285	0.0338	0.0406	0.0150	0.0158	0.0184	0.0229	0.0321	0.0471	0.0111	0.0091	0.0109	0.0124	0.0182	0.0296	0.0502
414	0.0306	0.0316	0.0289	0.0278	0.0242	0.0295	0.0312	0.0323	0.0330	0.0185	0.0207	0.0228	0.0276	0.0335	0.0400	0.0147	0.0158	0.0181	0.0226	0.0317	0.0463	0.0105	0.0089	0.0106	0.0124	0.0178	0.0285	0.0496
415	0.0308	0.0308	0.0287	0.0279	0.0244	0.0294	0.0311	0.0324	0.0325	0.0188	0.0211	0.0229	0.0275	0.0339	0.0403	0.0148	0.0156	0.0178	0.0230	0.0318	0.0467	0.0105	0.0091	0.0107	0.0125	0.0180	0.0296	0.0499
416	0.0310	0.0311	0.0290	0.0278	0.0245	0.0296	0.0315	0.0324	0.0330	0.0189	0.0215	0.0234	0.0276	0.0338	0.0408	0.0152	0.0156	0.0180	0.0236	0.0321	0.0472	0.0107	0.0092	0.0107	0.0127	0.0181	0.0300	0.0500
417	0.0311	0.0318	0.0294	0.0277	0.0244	0.0300	0.0319	0.0323	0.0337	0.0188	0.0217	0.0238	0.0277	0.0334	0.0413	0.0156	0.0157	0.0185	0.0240	0.0324	0.0476	0.0110	0.0093	0.0106	0.0130	0.0181	0.0299	0.0499
418	0.0308	0.0315	0.0290	0.0277	0.0239	0.0296	0.0313	0.0323	0.0331	0.0184	0.0213	0.0234	0.0277	0.0336	0.0409	0.0150	0.0154	0.0186	0.0232	0.0322	0.0470	0.0107	0.0088	0.0102	0.0125	0.0177	0.0294	0.0498
419	0.0306	0.0312	0.0287	0.0277	0.0242	0.0294	0.0313	0.0324	0.0330	0.0183	0.0211	0.0231	0.0278	0.0337	0.0406	0.0148	0.0153	0.0184	0.0231	0.0319	0.0470	0.0104	0.0091	0.0104	0.0120	0.0176	0.0291	0.0495
420	0.0306	0.0310	0.0287	0.0277	0.0246	0.0295	0.0314	0.0325	0.0333	0.0184	0.0211	0.0231	0.0279	0.0338	0.0405	0.0149	0.0154	0.0183	0.0231	0.0318	0.0472	0.0104	0.0095	0.0108	0.0119	0.0177	0.0293	0.0494
421	0.0308	0.0313	0.0293	0.0280	0.0245	0.0302	0.0314	0.0324	0.0337	0.0186	0.0218	0.0238	0.0279	0.0337	0.0408	0.0155	0.0156	0.0185	0.0230	0.0320	0.0472	0.0110	0.0096	0.0111	0.0125	0.0183	0.0300	0.0502
422	0.0310	0.0313	0.0293	0.0279	0.0246	0.0300	0.0316	0.0326	0.0337	0.0188	0.0219	0.0239	0.0277	0.0339	0.0407	0.0152	0.0157	0.0187	0.0233	0.0326	0.0472	0.0111	0.0095	0.0110	0.0130	0.0186	0.0299	0.0502
423	0.0312	0.0315	0.0292	0.0278	0.0248	0.0298	0.0319	0.0329	0.0337	0.0189	0.0219	0.0241	0.0279	0.0340	0.0408	0.0149	0.0160	0.0189	0.0237	0.0328	0.0474	0.0113	0.0097	0.0110	0.0132	0.0186	0.0298	0.0503
424	0.0314	0.0319	0.0292	0.0278	0.0249	0.0297	0.0321	0.0330	0.0338	0.0188	0.0220	0.0246	0.0283	0.0342	0.0414	0.0150	0.0163	0.0191	0.0239	0.0323	0.0477	0.0115	0.0101	0.0112	0.0132	0.0186	0.0298	0.0503
425	0.0308	0.0319	0.0292	0.0277	0.0245	0.0297	0.0317	0.0328	0.0337	0.0188	0.0218	0.0237	0.0281	0.0338	0.0410	0.0154	0.0159	0.0184	0.0237	0.0322	0.0470	0.0111	0.0099	0.0109	0.0126	0.0185	0.0296	0.0501
426	0.0307	0.0316	0.0290	0.0277	0.0243	0.0297	0.0315	0.0326	0.0337	0.0187	0.0216	0.0235	0.0280	0.0337	0.0408	0.0155	0.0159	0.0184	0.0235	0.0322	0.0469	0.0111	0.0099	0.0107	0.0125	0.0183	0.0293	0.0500
427	0.0307	0.0314	0.0287	0.0276	0.0243	0.0296	0.0313	0.0324	0.0338	0.0187	0.0213	0.0238	0.0281	0.0338	0.0408	0.0153	0.0159	0.0186	0.0233	0.0322	0.0472	0.0112	0.0099	0.0106	0.0127	0.0181	0.0292	0.0499
428	0.0306	0.0315	0.0284	0.0278	0.0240	0.0293	0.0313	0.0323	0.0336	0.0190	0.0213	0.0238	0.0279	0.0336	0.0408	0.0153	0.0155	0.0183	0.0232	0.0323	0.0469	0.0110	0.0096	0.0108	0.0128	0.0179	0.0294	0.0497
429	0.0308	0.0315	0.0288	0.0278	0.0242	0.0296	0.0313	0.0322	0.0339	0.0191	0.0214	0.0239	0.0279	0.0334	0.0410	0.0153	0.0158	0.0186	0.0235	0.0324	0.0472	0.0111	0.0098	0.0110	0.0131	0.0181	0.0296	0.0498
430	0.0311	0.0315	0.0291	0.0277	0.0244	0.0299	0.0314	0.0322	0.0341	0.0191	0.0216	0.0240	0.0279	0.0335	0.0411	0.0153	0.0161	0.0189	0.0237	0.0325	0.0474	0.0112	0.0100	0.0110	0.0133	0.0184	0.0296	0.0499
431	0.0309	0.0312	0.0287	0.0275	0.0245	0.0294	0.0316	0.0323	0.0338	0.0191	0.0217	0.0240	0.0280	0.0339	0.0406	0.0152	0.0160	0.0188	0.0234	0.0324	0.0471	0.0107	0.0096	0.0108	0.0131	0.0183	0.0295	0.0500
432	0.0308	0.0314	0.0289	0.0279	0.0246	0.0294	0.0315	0.0325	0.0336	0.0189	0.0215	0.0238	0.0281	0.0340	0.0408	0.0151	0.0163	0.0187	0.0233	0.0323	0.0472	0.0109	0.0098	0.0109	0.0131	0.0184	0.0298	0.0499
433	0.0308	0.0315	0.0290	0.0279	0.0245	0.0295	0.0315	0.0326	0.0335	0.0189	0.0215	0.0237	0.0282	0.0340	0.0409	0.0152	0.0163	0.0187	0.0234	0.0322	0.0472	0.0110	0.0099	0.0109	0.0131	0.0183	0.0298	0.0497
434	0.0311	0.0314	0.0289	0.0276	0.0244	0.0296	0.0316	0.0326	0.0332	0.0189	0.0216	0.0237	0.0282	0.0341	0.0408	0.0153	0.0159	0.0186	0.0235	0.0321	0.0472	0.0110	0.0098	0.0107	0.0130	0.0181	0.0295	0.0495
435	0.0309	0.0313	0.0288	0.0277	0.0243	0.0293	0.0313	0.0323	0.0335	0.0185	0.0216	0.0238	0.0281	0.0335	0.0409	0.0150	0.0158	0.0184	0.0233	0.0322	0.0469	0.0109	0.0098	0.0107	0.0128	0.0181	0.0293	0.0495
436	0.0307	0.0312	0.0289	0.0277	0.0242	0.0293	0.0312	0.0321	0.0335	0.0186	0.0216	0.0239	0.0280	0.0334	0.0409	0.0150	0.0158	0.0185	0.0232	0.0322	0.0468	0.0108	0.0099	0.0107	0.0127	0.0180	0.0292	0.0495
437	0.0305	0.0311	0.0290	0.0276	0.0241	0.0294	0.0312	0.0319	0.0334	0.0188	0.0217	0.0240	0.0279	0.0336	0.0408	0.0151	0.0158	0.0188	0.0234	0.0323	0.0469	0.0108	0.0099	0.0107	0.0127	0.0180	0.0293	0.0494
438	0.0306	0.0312	0.0287	0.0278	0.0242	0.0294	0.0313	0.0320	0.0333	0.0189	0.0219	0.0236	0.0281	0.0337	0.0409	0.0151	0.0160	0.0188	0.0235	0.0322	0.0470	0.0109	0.0097	0.0109	0.0130	0.0182	0.0295	0.0498
439	0.0308	0.0312	0.0289	0.0277	0.0243	0.0295	0.0314	0.0320	0.0336	0.0190	0.0219	0.0239	0.0281	0.0337	0.0408	0.0152	0.0161	0.0188	0.0235	0.0323	0.0470	0.0112	0.0098	0.0109	0.0130	0.0184	0.0295	0.0497
440	0.0310	0.0312	0.0291	0.0277	0.0245	0.0296	0.0315	0.0321	0.0338	0.0192	0.0218	0.0243	0.0282	0.0337	0.0408	0.0154	0.0161	0.0188	0.0235	0.0323	0.0470	0.0113	0.0099	0.0108	0.0130	0.0186	0.0295	0.0496
441	0.0306	0.0316	0.0292	0.0279	0.0244	0.0297	0.0315	0.0321	0.0337	0.0193	0.0219	0.0244	0.0283	0.0339	0.0411	0.0155	0.0163	0.0187	0.0237	0.0323	0.0472	0.0111	0.0099	0.0112	0.0131	0.0186	0.0299	0.0498
442	0.0310	0.0315	0.0291	0.0280	0.0245	0.0296	0.0314	0.0326	0.0338	0.0191	0.0219	0.0242	0.0283	0.0341	0.0411	0.0154	0.0162	0.0188	0.0236	0.0323	0.0472	0.0113	0.0099	0.0111	0.0132	0.0186	0.0298	0.0498
443	0.0312	0.0314	0.0290	0.0279	0.0246	0.0296	0.0315	0.0327	0.0339	0.0191	0.0219	0.0241	0.0283	0.0341	0.0411	0.0154	0.0162	0.0188	0.0236	0.0324	0.0472	0.0114	0.0100	0.0110	0.0132	0.0187	0.0298	0.0497
444	0.0313	0.0315	0.0290	0.0278	0.0245	0.0297	0.0317	0.0323	0.0338	0.0193	0.0219	0.0243	0.0283	0.0340	0.0410	0.0156	0.0166	0.0189	0.0239	0.0326	0.0473	0.0115	0.0101	0.0108	0.0130	0.0187	0.0299	0.0496
445	0.0311	0.0314	0.0288	0.0277	0.0245	0.0297	0.0317	0.0321	0.0337	0.0192	0.0219	0.0242	0.0283	0.0340	0.0410	0.0156	0.0164	0.0190	0.0237	0.0326	0.0472	0.0112	0.0100	0.0110	0.0131	0.0187	0.0297	0.0498
446	0.0311	0.0314	0.0288	0.0277	0.0245	0.0298	0.0315	0.0322	0.0336	0.0191	0.0219	0.0240	0.0282	0.0339	0.0410	0.0155	0.0163	0.0190	0.0236	0.0326	0.0472	0.0111	0.0099	0.0110	0.0131	0.0186	0.0297	0.0498
447	0.0311	0.0315	0.0290	0.0278	0.0245	0.0299	0.0312	0.0324	0.0336	0.0190	0.0219	0.0239	0.0282	0.0337	0.0409	0.0154	0.0163	0.0188	0.0236	0.0324	0.0474	0.0111	0.0098	0.0109	0.0131	0.0185	0.0297	0.0496
448	0.0308	0.0316	0.0290	0.0279	0.0244	0.0299	0.0313	0.0325	0.0338	0.0190	0.0218	0.0242	0.0284	0.0337	0.0409	0.0154	0.0162	0.0189	0.0236	0.0324	0.0472	0.0111	0.0100	0.0111	0.0132	0.0185	0.0296	0.0497
449	0.0309	0.0315	0.0291	0.0281	0.0246	0.0298	0.0313	0.0325	0.0338	0.0191	0.0219	0.0243	0.0284	0.0338	0.0410	0.0154	0.0161	0.0189	0.0237	0.0325	0.0473	0.0113	0.0099	0.0112	0.0132	0.0185	0.0297	0.0497
450	0.0311	0.0315	0.0291	0.0283	0.0248	0.0297	0.0313	0.0324	0.0337	0.0192	0.0220	0.0242	0.0284	0.0339	0.0411	0.0154	0.0161	0.0189	0.0239	0.0326	0.0473	0.0114	0.0098	0.0112	0.0131	0.0186	0.0298	0.0497
451	0.0309	0.0316	0.0290	0.0281	0.0246	0.0297	0.0314	0.0324	0.0336	0.0191	0.0221	0.0242	0.0284	0.0338	0.0411	0.0153	0.0162	0.0189	0.0237	0.0326	0.0470	0.0112	0.0099	0.0110	0.0132	0.0186	0.0296	0.0497
452	0.0310	0.0316	0.0291	0.0281	0.0245	0.0298	0.0316	0.0325	0.0338	0.0191	0.0220	0.0243	0.0285	0.0338	0.0412	0.0154	0.0163	0.0189	0.0239	0.0324	0.0472	0.0113	0.0100	0.0112	0.0132	0.0186	0.0297	0.0497
453	0.0311	0.0317	0.0291	0.0281	0.0246	0.0298	0.0318	0.0326	0.0339	0.0192	0.0221	0.0243	0.0285	0.0340	0.0413	0.0156	0.0163	0.0190	0.0240	0.0324	0.0474	0.0114	0.0101	0.0113	0.0133	0.0187	0.0298	0.0497
454	0.0312	0.0319	0.0292	0.0281	0.0248	0.0298	0.0319	0.0326	0.0340	0.0194	0.0222	0.0244	0.0286	0.0342	0.0413	0.0158	0.0164	0.0190	0.0242	0.0326	0.0475	0.0115	0.0102	0.0114	0.0132	0.0188	0.0299	0.0497
455	0.0311	0.0318	0.0291	0.0281	0.0247	0.0299	0.0317	0.0326	0.0340	0.0194	0.0221	0.0244	0.0286	0.0342	0.0413	0.0158	0.0165	0.0190	0.0240	0.0326	0.0474	0.0113	0.0102	0.0114	0.0132	0.0188	0.0300	0.0497
456	0.0312	0.0319	0.0292	0.0282	0.0248	0.0301	0.0318	0.0327	0.0340	0.0194	0.0222	0.0245	0.0285	0.0343	0.0414	0.0158	0.0166	0.0191	0.0241	0.0327	0.0475	0.0114	0.0103	0.0114	0.0133	0.0188	0.0300	0.0498
457	0.0312	0.0320	0.0295	0.0283	0.0248	0.0301	0.0320	0.0327	0.0340	0.0195	0.0224	0.0247	0.0285	0.0343	0.0415	0.0158	0.0167	0.0191	0.0242	0.0328	0.0476	0.0116	0.0104	0.0114	0.0134	0.0189	0.0301	0.0500
458	0.0311	0.0318	0.0294	0.0283	0.0247	0.0300	0.0319	0.0325	0.0338	0.0194	0.0221	0.0245	0.0286	0.0341	0.0412	0.0157	0.0164	0.0190	0.0240	0.0326	0.0476	0.0114	0.0102	0.0112	0.0133	0.0188	0.0300	0.0498
459	0.0311	0.0318	0.0293	0.0283	0.0248	0.0300	0.0319	0.0325	0.0338	0.0193	0.0221	0.0246	0.0286	0.0342	0.0411	0.0157	0.0165	0.0191	0.0239	0.0327	0.0475	0.0115	0.0103	0.0113	0.0133	0.0187	0.0299	0.0498
460	0.0312	0.0319	0.0293	0.0283	0.0249	0.0301	0.0319	0.0327	0.0339	0.0194	0.0223	0.0247	0.0286	0.0343	0.0412	0.0157	0.0166	0.0193	0.0239	0.0328	0.0474	0.0116	0.0104	0.0114	0.0134	0.0188	0.0298	0.0498
461	0.0313	0.0320	0.0292	0.0282	0.0248	0.0302	0.0319	0.0328	0.0340	0.0195	0.0224	0.0248	0.0287	0.0343	0.0413	0.0158	0.0166	0.0191	0.0241	0.0327	0.0474	0.0116	0.0104	0.0113	0.0135	0.0188	0.0299	0.0499
462	0.0314	0.0321	0.0294	0.0283	0.0249	0.0302	0.0320	0.0328	0.0341	0.0197	0.0224	0.0248	0.0288	0.0344	0.0413	0.0158	0.0167	0.0191	0.0243	0.0328	0.0474	0.0116	0.0105	0.0114	0.0136	0.0190	0.0301	0.0500
463	0.0313	0.0321	0.0295	0.0283	0.0249	0.0302	0.0319	0.0327	0.0341	0.0197	0.0223	0.0247	0.0286	0.0343	0.0412	0.0158	0.0166	0.0191	0.0242	0.0328	0.0474	0.0115	0.0104	0.0113	0.0135	0.0190	0.0300	0.0500
464	0.0312	0.0318	0.0293	0.0282	0.0246	0.0301	0.0316	0.0325	0.0338	0.0193	0.0221	0.0244	0.0283	0.0340	0.0412	0.0157	0.0163	0.0191	0.0238	0.0328	0.0473	0.0112	0.0101	0.0110	0.0131	0.0186	0.0298	0.0497
465	0.0312	0.0319	0.0293	0.0283	0.0247	0.0301	0.0315	0.0325	0.0338	0.0192	0.0222	0.0243	0.0285	0.0341	0.0412	0.0158	0.0164	0.0191	0.0239	0.0328	0.0473	0.0113	0.0102	0.0111	0.0133	0.0186	0.0298	0.0497
466	0.0313	0.0320	0.0293	0.0284	0.0248	0.0301	0.0317	0.0327	0.0338	0.0193	0.0224	0.0245	0.0287	0.0342	0.0412	0.0159	0.0165	0.0192	0.0239	0.0329	0.0474	0.0116	0.0103	0.0112	0.0134	0.0187	0.0298	0.0497
467	0.0315	0.0321	0.0293	0.0285	0.0249	0.0301	0.0320	0.0329	0.0339	0.0195	0.0225	0.0248	0.0288	0.0344	0.0413	0.0159	0.0165	0.0193	0.0240	0.0330	0.0477	0.0118	0.0103	0.0114	0.0135	0.0189	0.0299	0.0497
468	0.0315	0.0321	0.0295	0.0287	0.0250	0.0302	0.0320	0.0329	0.0340	0.0197	0.0225	0.0247	0.0289	0.0343	0.0413	0.0159	0.0165	0.0194	0.0242	0.0329	0.0475	0.0118	0.0103	0.0114	0.0135	0.0189	0.0300	0.0499
469	0.0315	0.0321	0.0296	0.0288	0.0249	0.0303	0.0319	0.0329	0.0341	0.0197	0.0226	0.0248	0.0289	0.0344	0.0415	0.0160	0.0166	0.0193	0.0242	0.0328	0.0474	0.0117	0.0104	0.0115	0.0135	0.0188	0.0301	0.0499
470	0.0314	0.0321	0.0296	0.0288	0.0248	0.0304	0.0319	0.0329	0.0341	0.0197	0.0226	0.0249	0.0289	0.0344	0.0416	0.0160	0.0168	0.0193	0.0242	0.0329	0.0475	0.0117	0.0105	0.0116	0.0136	0.0187	0.0301	0.0498
471	0.0315	0.0322	0.0297	0.0287	0.0251	0.0303	0.0320	0.0329	0.0342	0.0199	0.0226	0.0249	0.0289	0.0343	0.0416	0.0159	0.0168	0.0194	0.0243	0.0329	0.0477	0.0118	0.0104	0.0116	0.0137	0.0188	0.0300	0.0498
472	0.0314	0.0322	0.0297	0.0286	0.0250	0.0302	0.0320	0.0329	0.0343	0.0198	0.0225	0.0248	0.0289	0.0343	0.0414	0.0160	0.0167	0.0193	0.0242	0.0328	0.0476	0.0117	0.0103	0.0115	0.0137	0.0189	0.0300	0.0498
473	0.0313	0.0323	0.0297	0.0285	0.0250	0.0302	0.0319	0.0329	0.0343	0.0198	0.0226	0.0248	0.0289	0.0343	0.0414	0.0162	0.0167	0.0193	0.0242	0.0328	0.0476	0.0118	0.0104	0.0114	0.0136	0.0189	0.0301	0.0498
474	0.0316	0.0324	0.0297	0.0287	0.0250	0.0304	0.0320	0.0330	0.0342	0.0197	0.0229	0.0250	0.0290	0.0346	0.0415	0.0162	0.0167	0.0194	0.0244	0.0330	0.0478	0.0120	0.0107	0.0116	0.0136	0.0191	0.0301	0.0500
475	0.0316	0.0323	0.0297	0.0286	0.0250	0.0303	0.0321	0.0331	0.0342	0.0198	0.0227	0.0249	0.0289	0.0344	0.0415	0.0160	0.0167	0.0193	0.0244	0.0329	0.0477	0.0119	0.0107	0.0114	0.0135	0.0190	0.0301	0.0500
476	0.0316	0.0322	0.0296	0.0287	0.0250	0.0303	0.0321	0.0330	0.0342	0.0199	0.0226	0.0249	0.0288	0.0344	0.0415	0.0160	0.0168	0.0193	0.0243	0.0328	0.0475	0.0118	0.0107	0.0114	0.0134	0.0189	0.0301	0.0500
477	0.0316	0.0323	0.0296	0.0289	0.0250	0.0304	0.0320	0.0328	0.0342	0.0198	0.0224	0.0251	0.0289	0.0344	0.0415	0.0161	0.0168	0.0194	0.0242	0.0329	0.0473	0.0117	0.0105	0.0114	0.0134	0.0188	0.0301	0.0500
478	0.0315	0.0323	0.0296	0.0288	0.0250	0.0304	0.0321	0.0328	0.0342	0.0199	0.0227	0.0251	0.0289	0.0342	0.0416	0.0161	0.0167	0.0195	0.0243	0.0330	0.0476	0.0117	0.0105	0.0114	0.0137	0.0189	0.0301	0.0500
479	0.0316	0.0323	0.0297	0.0288	0.0252	0.0305	0.0321	0.0329	0.0342	0.0198	0.0228	0.0251	0.0289	0.0343	0.0416	0.0162	0.0168	0.0195	0.0244	0.0330	0.0476	0.0118	0.0105	0.0115	0.0138	0.0190	0.0300	0.0499
480	0.0316	0.0323	0.0298	0.0288	0.0253	0.0306	0.0321	0.0330	0.0343	0.0198	0.0227	0.0251	0.0290	0.0344	0.0417	0.0163	0.0170	0.0195	0.0244	0.0328	0.0476	0.0119	0.0105	0.0116	0.0137	0.0191	0.0300	0.0498
481	0.0318	0.0324	0.0299	0.0290	0.0253	0.0305	0.0323	0.0331	0.0343	0.0199	0.0228	0.0251	0.0290	0.0346	0.0417	0.0163	0.0169	0.0195	0.0245	0.0329	0.0476	0.0119	0.0106	0.0116	0.0137	0.0190	0.0301	0.0498
482	0.0318	0.0324	0.0299	0.0290	0.0252	0.0306	0.0322	0.0331	0.0343	0.0200	0.0228	0.0252	0.0291	0.0345	0.0417	0.0163	0.0169	0.0195	0.0244	0.0330	0.0475	0.0120	0.0106	0.0116	0.0136	0.0190	0.0301	0.0499
483	0.0317	0.0324	0.0299	0.0291	0.0253	0.0306	0.0322	0.0332	0.0344	0.0201	0.0228	0.0252	0.0292	0.0345	0.0417	0.0163	0.0169	0.0196	0.0244	0.0331	0.0476	0.0121	0.0107	0.0116	0.0135	0.0191	0.0301	0.0500
484	0.0317	0.0325	0.0298	0.0292	0.0256	0.0308	0.0324	0.0332	0.0344	0.0203	0.0229	0.0251	0.0293	0.0346	0.0419	0.0162	0.0169	0.0198	0.0247	0.0331	0.0477	0.0121	0.0107	0.0117	0.0137	0.0193	0.0302	0.0501
485	0.0318	0.0326	0.0300	0.0292	0.0255	0.0308	0.0323	0.0332	0.0345	0.0202	0.0229	0.0252	0.0292	0.0346	0.0419	0.0163	0.0169	0.0198	0.0246	0.0331	0.0477	0.0120	0.0107	0.0118	0.0139	0.0192	0.0302	0.0501
486	0.0318	0.0326	0.0300	0.0292	0.0254	0.0308	0.0323	0.0333	0.0346	0.0201	0.0229	0.0252	0.0292	0.0346	0.0419	0.0163	0.0169	0.0197	0.0245	0.0332	0.0477	0.0119	0.0106	0.0118	0.0139	0.0191	0.0302	0.0500
487	0.0319	0.0327	0.0299	0.0291	0.0253	0.0308	0.0323	0.0333	0.0346	0.0201	0.0229	0.0253	0.0293	0.0345	0.0417	0.0162	0.0169	0.0197	0.0246	0.0332	0.0477	0.0119	0.0105	0.0117	0.0139	0.0190	0.0301	0.0498
488	0.0320	0.0327	0.0301	0.0293	0.0256	0.0310	0.0324	0.0333	0.0346	0.0203	0.0231	0.0254	0.0295	0.0348	0.0419	0.0165	0.0172	0.0199	0.0247	0.0333	0.0478	0.0122	0.0107	0.0119	0.0138	0.0193	0.0303	0.0500
489	0.0321	0.0328	0.0302	0.0294	0.0257	0.0310	0.0325	0.0333	0.0346	0.0203	0.0232	0.0255	0.0295	0.0348	0.0419	0.0165	0.0172	0.0199	0.0248	0.0332	0.0479	0.0123	0.0108	0.0119	0.0139	0.0195	0.0304	0.0500
490	0.0321	0.0327	0.0301	0.0293	0.0256	0.0310	0.0325	0.0333	0.0347	0.0203	0.0232	0.0255	0.0293	0.0348	0.0419	0.0164	0.0171	0.0199	0.0249	0.0331	0.0479	0.0122	0.0109	0.0117	0.0139	0.0194	0.0304	0.0499
491	0.0320	0.0327	0.0300	0.0293	0.0254	0.0310	0.0324	0.0331	0.0345	0.0202	0.0230	0.0254	0.0292	0.0347	0.0418	0.0163	0.0170	0.0198	0.0247	0.0330	0.0478	0.0121	0.0108	0.0118	0.0137	0.0193	0.0303	0.0499
492	0.0321	0.0328	0.0300	0.0292	0.0255	0.0310	0.0325	0.0333	0.0345	0.0202	0.0231	0.0255	0.0293	0.0347	0.0419	0.0163	0.0170	0.0198	0.0246	0.0331	0.0478	0.0120	0.0108	0.0118	0.0138	0.0192	0.0301	0.0499
493	0.0321	0.0328	0.0301	0.0292	0.0257	0.0310	0.0326	0.0334	0.0345	0.0203	0.0232	0.0255	0.0293	0.0348	0.0419	0.0164	0.0171	0.0199	0.0247	0.0333	0.0478	0.0120	0.0108	0.0117	0.0139	0.0192	0.0300	0.0500
494	0.0321	0.0329	0.0303	0.0293	0.0257	0.0309	0.0325	0.0334	0.0347	0.0204	0.0232	0.0255	0.0294	0.0348	0.0420	0.0164	0.0171	0.0200	0.0248	0.0333	0.0479	0.0120	0.0109	0.0116	0.0138	0.0192	0.0302	0.0501
495	0.0322	0.0330	0.0303	0.0294	0.0259	0.0312	0.0326	0.0336	0.0348	0.0204	0.0233	0.0256	0.0296	0.0349	0.0420	0.0165	0.0173	0.0201	0.0249	0.0334	0.0479	0.0122	0.0110	0.0119	0.0140	0.0194	0.0303	0.0501
496	0.0323	0.0330	0.0302	0.0296	0.0259	0.0312	0.0326	0.0337	0.0348	0.0204	0.0233	0.0257	0.0296	0.0349	0.0420	0.0166	0.0173	0.0200	0.0249	0.0334	0.0479	0.0123	0.0111	0.0120	0.0141	0.0195	0.0303	0.0501
497	0.0322	0.0329	0.0303	0.0297	0.0257	0.0311	0.0327	0.0337	0.0348	0.0204	0.0233	0.0257	0.0296	0.0349	0.0421	0.0165	0.0172	0.0200	0.0249	0.0333	0.0479	0.0121	0.0111	0.0118	0.0139	0.0195	0.0303	0.0502
498	0.0323	0.0331	0.0303	0.0298	0.0259	0.0313	0.0328	0.0337	0.0350	0.0207	0.0235	0.0259	0.0298	0.0350	0.0423	0.0168	0.0173	0.0201	0.0250	0.0334	0.0481	0.0124	0.0111	0.0120	0.0141	0.0196	0.0305	0.0502
499	0.0324	0.0331	0.0304	0.0298	0.0260	0.0313	0.0329	0.0337	0.0350	0.0207	0.0235	0.0259	0.0298	0.0350	0.0423	0.0169	0.0174	0.0202	0.0250	0.0334	0.0481	0.0124	0.0111	0.0121	0.0141	0.0196	0.0306	0.0502
500	0.0325	0.0331	0.0306	0.0297	0.0260	0.0312	0.0329	0.0338	0.0349	0.0206	0.0235	0.0257	0.0298	0.0350	0.0423	0.0168	0.0175	0.0203	0.0251	0.0335	0.0481	0.0124	0.0111	0.0121	0.0141	0.0197	0.0305	0.0502
501	0.0326	0.0332	0.0306	0.0297	0.0259	0.0313	0.0328	0.0338	0.0350	0.0207	0.0236	0.0258	0.0296	0.0351	0.0422	0.0169	0.0175	0.0202	0.0252	0.0335	0.0480	0.0125	0.0110	0.0121	0.0141	0.0196	0.0303	0.0503
502	0.0326	0.0332	0.0306	0.0297	0.0260	0.0314	0.0328	0.0338	0.0351	0.0208	0.0237	0.0259	0.0297	0.0351	0.0423	0.0169	0.0174	0.0203	0.0252	0.0336	0.0481	0.0125	0.0111	0.0121	0.0142	0.0196	0.0304	0.0503
503	0.0325	0.0332	0.0306	0.0298	0.0261	0.0314	0.0329	0.0338	0.0352	0.0208	0.0237	0.0260	0.0298	0.0352	0.0424	0.0169	0.0175	0.0203	0.0252	0.0336	0.0481	0.0125	0.0112	0.0121	0.0143	0.0196	0.0306	0.0503
504	0.0325	0.0332	0.0307	0.0300	0.0260	0.0314	0.0330	0.0338	0.0352	0.0208	0.0237	0.0261	0.0299	0.0353	0.0424	0.0170	0.0177	0.0203	0.0252	0.0335	0.0480	0.0124	0.0112	0.0121	0.0142	0.0196	0.0305	0.0503
505	0.0326	0.0334	0.0307	0.0299	0.0261	0.0315	0.0331	0.0338	0.0351	0.0208	0.0236	0.0260	0.0299	0.0352	0.0424	0.0171	0.0175	0.0204	0.0252	0.0335	0.0482	0.0125	0.0111	0.0121	0.0142	0.0196	0.0305	0.0503
506	0.0326	0.0335	0.0307	0.0299	0.0262	0.0316	0.0332	0.0339	0.0352	0.0209	0.0236	0.0260	0.0299	0.0352	0.0424	0.0171	0.0175	0.0204	0.0252	0.0336	0.0482	0.0126	0.0112	0.0121	0.0142	0.0197	0.0306	0.0503
507	0.0326	0.0336	0.0308	0.0299	0.0263	0.0317	0.0332	0.0340	0.0352	0.0210	0.0238	0.0259	0.0299	0.0353	0.0425	0.0170	0.0177	0.0204	0.0252	0.0337	0.0482	0.0126	0.0114	0.0121	0.0143	0.0197	0.0306	0.0504
508	0.0328	0.0335	0.0309	0.0300	0.0264	0.0316	0.0333	0.0341	0.0353	0.0210	0.0239	0.0261	0.0300	0.0353	0.0423	0.0170	0.0177	0.0203	0.0253	0.0337	0.0481	0.0125	0.0113	0.0121	0.0143	0.0197	0.0307	0.0503
509	0.0328	0.0335	0.0309	0.0300	0.0264	0.0317	0.0333	0.0341	0.0353	0.0210	0.0239	0.0262	0.0301	0.0353	0.0424	0.0170	0.0177	0.0204	0.0253	0.0337	0.0482	0.0125	0.0112	0.0122	0.0143	0.0197	0.0306	0.0503
510	0.0328	0.0334	0.0308	0.0300	0.0263	0.0318	0.0331	0.0340	0.0353	0.0210	0.0239	0.0262	0.0301	0.0353	0.0426	0.0171	0.0178	0.0205	0.0254	0.0337	0.0483	0.0126	0.0112	0.0123	0.0143	0.0197	0.0306	0.0502
511	0.0328	0.0335	0.0308	0.0301	0.0263	0.0318	0.0332	0.0340	0.0354	0.0210	0.0239	0.0262	0.0301	0.0352	0.0426	0.0170	0.0178	0.0204	0.0254	0.0338	0.0482	0.0127	0.0113	0.0122	0.0143	0.0197	0.0305	0.0502
512	0.0327	0.0336	0.0308	0.0301	0.0263	0.0317	0.0332	0.0340	0.0353	0.0210	0.0239	0.0261	0.0300	0.0352	0.0425	0.0170	0.0178	0.0204	0.0253	0.0337	0.0482	0.0125	0.0113	0.0122	0.0143	0.0197	0.0305	0.0503
513	0.0327	0.0336	0.0308	0.0301	0.0264	0.0317	0.0332	0.0340	0.0353	0.0210	0.0239	0.0261	0.0300	0.0352	0.0425	0.0170	0.0177	0.0204	0.0253	0.0336	0.0482	0.0125	0.0112	0.0122	0.0143	0.0197	0.0306	0.0503
514	0.0328	0.0336	0.0309	0.0302	0.0264	0.0318	0.0332	0.0341	0.0354	0.0211	0.0240	0.0262	0.0301	0.0354	0.0426	0.0172	0.0177	0.0205	0.0253	0.0338	0.0482	0.0127	0.0113	0.0122	0.0143	0.0196	0.0307	0.0503
515	0.0330	0.0338	0.0311	0.0304	0.0266	0.0319	0.0334	0.0343	0.0356	0.0213	0.0241	0.0264	0.0302	0.0356	0.0427	0.0173	0.0179	0.0206	0.0255	0.0339	0.0484	0.0128	0.0115	0.0124	0.0144	0.0197	0.0308	0.0505
516	0.0331	0.0339	0.0312	0.0305	0.0268	0.0321	0.0335	0.0344	0.0357	0.0214	0.0242	0.0265	0.0304	0.0357	0.0427	0.0174	0.0180	0.0207	0.0256	0.0340	0.0485	0.0129	0.0116	0.0124	0.0145	0.0198	0.0308	0.0506
517	0.0332	0.0338	0.0312	0.0305	0.0268	0.0321	0.0336	0.0343	0.0357	0.0213	0.0243	0.0265	0.0304	0.0358	0.0428	0.0174	0.0180	0.0207	0.0256	0.0340	0.0485	0.0129	0.0116	0.0124	0.0145	0.0199	0.0308	0.0506
518	0.0331	0.0338	0.0312	0.0304	0.0267	0.0320	0.0335	0.0343	0.0357	0.0213	0.0243	0.0264	0.0303	0.0357	0.0428	0.0173	0.0180	0.0207	0.0256	0.0338	0.0484	0.0129	0.0115	0.0124	0.0144	0.0199	0.0308	0.0505
519	0.0330	0.0338	0.0311	0.0304	0.0266	0.0320	0.0335	0.0343	0.0356	0.0213	0.0242	0.0264	0.0302	0.0355	0.0428	0.0173	0.0179	0.0206	0.0256	0.0337	0.0484	0.0128	0.0115	0.0123	0.0144	0.0200	0.0307	0.0505
520	0.0330	0.0339	0.0310	0.0303	0.0265	0.0320	0.0335	0.0344	0.0356	0.0213	0.0241	0.0265	0.0302	0.0354	0.0428	0.0173	0.0179	0.0206	0.0255	0.0337	0.0484	0.0128	0.0115	0.0122	0.0144	0.0200	0.0307	0.0504
521	0.0332	0.0340	0.0311	0.0304	0.0267	0.0321	0.0336	0.0345	0.0357	0.0214	0.0242	0.0266	0.0305	0.0356	0.0428	0.0173	0.0180	0.0207	0.0256	0.0339	0.0485	0.0128	0.0115	0.0124	0.0145	0.0200	0.0308	0.0505
522	0.0333	0.0340	0.0313	0.0305	0.0268	0.0322	0.0337	0.0346	0.0359	0.0216	0.0243	0.0267	0.0306	0.0357	0.0429	0.0174	0.0181	0.0208	0.0258	0.0341	0.0486	0.0129	0.0116	0.0125	0.0146	0.0200	0.0309	0.0506
523	0.0333	0.0340	0.0314	0.0306	0.0269	0.0323	0.0337	0.0346	0.0360	0.0217	0.0243	0.0267	0.0306	0.0358	0.0430	0.0175	0.0182	0.0209	0.0258	0.0341	0.0486	0.0130	0.0117	0.0126	0.0146	0.0201	0.0310	0.0506
524	0.0334	0.0342	0.0315	0.0308	0.0271	0.0324	0.0338	0.0346	0.0359	0.0216	0.0245	0.0268	0.0306	0.0358	0.0431	0.0177	0.0182	0.0209	0.0258	0.0342	0.0486	0.0131	0.0117	0.0126	0.0147	0.0202	0.0310	0.0506
525	0.0334	0.0342	0.0315	0.0307	0.0270	0.0323	0.0338	0.0346	0.0359	0.0216	0.0245	0.0268	0.0306	0.0359	0.0430	0.0175	0.0181	0.0209	0.0258	0.0340	0.0486	0.0131	0.0117	0.0126	0.0147	0.0201	0.0309	0.0506
526	0.0333	0.0342	0.0314	0.0306	0.0269	0.0321	0.0338	0.0346	0.0358	0.0216	0.0244	0.0268	0.0307	0.0359	0.0430	0.0175	0.0181	0.0208	0.0258	0.0340	0.0486	0.0130	0.0117	0.0125	0.0146	0.0200	0.0308	0.0505
527	0.0333	0.0341	0.0314	0.0305	0.0268	0.0321	0.0337	0.0345	0.0358	0.0215	0.0243	0.0267	0.0307	0.0358	0.0429	0.0176	0.0180	0.0209	0.0258	0.0340	0.0485	0.0131	0.0116	0.0124	0.0146	0.0200	0.0307	0.0505
528	0.0334	0.0342	0.0315	0.0306	0.0269	0.0323	0.0338	0.0346	0.0359	0.0217	0.0244	0.0268	0.0307	0.0358	0.0430	0.0176	0.0182	0.0209	0.0258	0.0341	0.0486	0.0131	0.0116	0.0125	0.0147	0.0201	0.0308	0.0505
529	0.0335	0.0343	0.0315	0.0307	0.0270	0.0324	0.0338	0.0347	0.0360	0.0217	0.0245	0.0269	0.0307	0.0358	0.0430	0.0177	0.0183	0.0209	0.0259	0.0342	0.0486	0.0131	0.0116	0.0126	0.0148	0.0201	0.0309	0.0506
530	0.0335	0.0344	0.0315	0.0310	0.0270	0.0324	0.0339	0.0348	0.0361	0.0218	0.0246	0.0270	0.0307	0.0358	0.0430	0.0177	0.0183	0.0210	0.0259	0.0342	0.0486	0.0131	0.0117	0.0126	0.0147	0.0202	0.0310	0.0506
531	0.0335	0.0342	0.0316	0.0310	0.0271	0.0324	0.0338	0.0347	0.0361	0.0218	0.0246	0.0269	0.0307	0.0359	0.0431	0.0177	0.0182	0.0209	0.0259	0.0342	0.0486	0.0131	0.0117	0.0126	0.0147	0.0202	0.0310	0.0506
532	0.0335	0.0343	0.0317	0.0310	0.0271	0.0325	0.0338	0.0347	0.0361	0.0218	0.0247	0.0269	0.0307	0.0360	0.0431	0.0177	0.0182	0.0209	0.0259	0.0342	0.0487	0.0131	0.0117	0.0126	0.0147	0.0202	0.0309	0.0506
533	0.0335	0.0343	0.0317	0.0310	0.0271	0.0325	0.0339	0.0348	0.0361	0.0218	0.0248	0.0270	0.0307	0.0360	0.0432	0.0177	0.0183	0.0210	0.0260	0.0342	0.0487	0.0132	0.0117	0.0126	0.0148	0.0202	0.0309	0.0506
534	0.0336	0.0345	0.0317	0.0310	0.0272	0.0325	0.0341	0.0348	0.0362	0.0218	0.0247	0.0270	0.0307	0.0360	0.0432	0.0177	0.0183	0.0210	0.0260	0.0342	0.0487	0.0132	0.0118	0.0127	0.0148	0.0203	0.0310	0.0506
535	0.0336	0.0345	0.0318	0.0311	0.0272	0.0325	0.0340	0.0349	0.0362	0.0219	0.0247	0.0271	0.0309	0.0361	0.0432	0.0178	0.0184	0.0211	0.0260	0.0343	0.0487	0.0132	0.0118	0.0126	0.0149	0.0203	0.0311	0.0507
536	0.0337	0.0346	0.0318	0.0311	0.0273	0.0326	0.0340	0.0350	0.0362	0.0220	0.0248	0.0271	0.0310	0.0362	0.0433	0.0179	0.0185	0.0212	0.0261	0.0344	0.0488	0.0133	0.0119	0.0127	0.0149	0.0203	0.0311	0.0507
537	0.0338	0.0346	0.0319	0.0312	0.0273	0.0327	0.0341	0.0350	0.0364	0.0220	0.0250	0.0272	0.0310	0.0362	0.0434	0.0179	0.0186	0.0213	0.0262	0.0345	0.0490	0.0134	0.0119	0.0128	0.0149	0.0204	0.0312	0.0508
538	0.0338	0.0345	0.0318	0.0311	0.0272	0.0326	0.0342	0.0350	0.0363	0.0219	0.0248	0.0272	0.0309	0.0360	0.0434	0.0178	0.0184	0.0212	0.0261	0.0344	0.0489	0.0133	0.0118	0.0127	0.0148	0.0203	0.0311	0.0507
539	0.0338	0.0345	0.0318	0.0312	0.0273	0.0327	0.0342	0.0350	0.0363	0.0220	0.0248	0.0272	0.0309	0.0361	0.0433	0.0178	0.0184	0.0212	0.0261	0.0344	0.0489	0.0133	0.0118	0.0127	0.0149	0.0203	0.0311	0.0507
540	0.0338	0.0346	0.0319	0.0313	0.0274	0.0328	0.0341	0.0350	0.0363	0.0221	0.0249	0.0272	0.0310	0.0362	0.0434	0.0179	0.0185	0.0212	0.0261	0.0345	0.0490	0.0134	0.0119	0.0128	0.0149	0.0203	0.0312	0.0508
541	0.0339	0.0346	0.0319	0.0313	0.0274	0.0328	0.0341	0.0350	0.0364	0.0221	0.0249	0.0273	0.0310	0.0362	0.0435	0.0179	0.0186	0.0212	0.0263	0.0345	0.0490	0.0134	0.0120	0.0128	0.0150	0.0203	0.0312	0.0507
542	0.0339	0.0346	0.0319	0.0313	0.0274	0.0329	0.0342	0.0351	0.0364	0.0222	0.0249	0.0272	0.0311	0.0362	0.0435	0.0179	0.0186	0.0212	0.0262	0.0344	0.0489	0.0134	0.0120	0.0128	0.0150	0.0203	0.0312	0.0507
543	0.0340	0.0347	0.0320	0.0313	0.0275	0.0329	0.0342	0.0352	0.0365	0.0222	0.0249	0.0272	0.0311	0.0363	0.0435	0.0180	0.0186	0.0213	0.0262	0.0344	0.0489	0.0134	0.0120	0.0128	0.0150	0.0204	0.0312	0.0507
544	0.0340	0.0347	0.0321	0.0314	0.0275	0.0329	0.0343	0.0352	0.0365	0.0222	0.0250	0.0273	0.0312	0.0363	0.0435	0.0182	0.0187	0.0214	0.0263	0.0346	0.0489	0.0135	0.0121	0.0129	0.0149	0.0205	0.0312	0.0508
545	0.0340	0.0348	0.0321	0.0315	0.0275	0.0330	0.0343	0.0352	0.0365	0.0222	0.0251	0.0273	0.0312	0.0363	0.0435	0.0181	0.0187	0.0214	0.0263	0.0346	0.0490	0.0134	0.0121	0.0128	0.0149	0.0204	0.0313	0.0508
546	0.0340	0.0348	0.0321	0.0315	0.0276	0.0330	0.0343	0.0352	0.0365	0.0222	0.0251	0.0273	0.0311	0.0364	0.0435	0.0180	0.0187	0.0213	0.0263	0.0346	0.0490	0.0133	0.0120	0.0128	0.0149	0.0205	0.0313	0.0508
547	0.0341	0.0349	0.0322	0.0315	0.0276	0.0330	0.0343	0.0352	0.0365	0.0222	0.0251	0.0273	0.0312	0.0364	0.0436	0.0181	0.0187	0.0213	0.0264	0.0346	0.0490	0.0133	0.0120	0.0130	0.0149	0.0206	0.0312	0.0508
548	0.0341	0.0349	0.0322	0.0315	0.0277	0.0330	0.0344	0.0354	0.0366	0.0224	0.0251	0.0274	0.0312	0.0365	0.0437	0.0181	0.0187	0.0214	0.0264	0.0345	0.0491	0.0135	0.0121	0.0130	0.0151	0.0205	0.0312	0.0508
549	0.0341	0.0349	0.0322	0.0316	0.0277	0.0331	0.0344	0.0354	0.0367	0.0225	0.0251	0.0275	0.0312	0.0365	0.0437	0.0182	0.0188	0.0215	0.0264	0.0346	0.0491	0.0136	0.0121	0.0130	0.0151	0.0205	0.0313	0.0509
550	0.0342	0.0350	0.0322	0.0316	0.0276	0.0332	0.0345	0.0354	0.0368	0.0225	0.0252	0.0276	0.0313	0.0364	0.0438	0.0182	0.0189	0.0215	0.0264	0.0347	0.0492	0.0136	0.0121	0.0130	0.0151	0.0206	0.0313	0.0510
551	0.0342	0.0350	0.0323	0.0317	0.0277	0.0332	0.0345	0.0354	0.0368	0.0224	0.0252	0.0276	0.0313	0.0364	0.0437	0.0182	0.0189	0.0215	0.0264	0.0347	0.0492	0.0136	0.0121	0.0130	0.0151	0.0206	0.0313	0.0510
552	0.0342	0.0351	0.0323	0.0317	0.0277	0.0332	0.0346	0.0355	0.0368	0.0225	0.0253	0.0276	0.0314	0.0365	0.0437	0.0182	0.0188	0.0215	0.0265	0.0347	0.0491	0.0136	0.0122	0.0130	0.0151	0.0206	0.0313	0.0510
553	0.0342	0.0351	0.0324	0.0317	0.0278	0.0332	0.0345	0.0355	0.0368	0.0226	0.0253	0.0276	0.0314	0.0366	0.0437	0.0183	0.0188	0.0215	0.0265	0.0348	0.0491	0.0137	0.0122	0.0131	0.0151	0.0206	0.0313	0.0510
554	0.0342	0.0351	0.0323	0.0317	0.0278	0.0331	0.0345	0.0355	0.0367	0.0225	0.0253	0.0275	0.0313	0.0365	0.0437	0.0182	0.0188	0.0215	0.0264	0.0347	0.0491	0.0136	0.0122	0.0130	0.0152	0.0206	0.0313	0.0509
555	0.0343	0.0351	0.0324	0.0317	0.0278	0.0332	0.0346	0.0355	0.0368	0.0225	0.0253	0.0275	0.0314	0.0365	0.0438	0.0183	0.0189	0.0215	0.0265	0.0347	0.0491	0.0136	0.0121	0.0130	0.0152	0.0207	0.0314	0.0509
556	0.0343	0.0352	0.0325	0.0318	0.0279	0.0333	0.0346	0.0355	0.0369	0.0226	0.0254	0.0276	0.0314	0.0366	0.0438	0.0184	0.0189	0.0216	0.0266	0.0347	0.0492	0.0137	0.0121	0.0130	0.0152	0.0207	0.0314	0.0509
557	0.0344	0.0352	0.0325	0.0319	0.0279	0.0333	0.0346	0.0356	0.0370	0.0227	0.0255	0.0277	0.0315	0.0367	0.0439	0.0185	0.0190	0.0217	0.0267	0.0349	0.0493	0.0138	0.0123	0.0131	0.0151	0.0207	0.0315	0.0509
558	0.0344	0.0353	0.0325	0.0319	0.0280	0.0334	0.0347	0.0357	0.0369	0.0227	0.0255	0.0277	0.0315	0.0367	0.0439	0.0184	0.0190	0.0217	0.0267	0.0348	0.0493	0.0137	0.0122	0.0132	0.0152	0.0207	0.0315	0.0509
559	0.0345	0.0353	0.0326	0.0320	0.0280	0.0334	0.0348	0.0357	0.0370	0.0228	0.0255	0.0278	0.0316	0.0367	0.0440	0.0184	0.0190	0.0217	0.0267	0.0348	0.0493	0.0138	0.0122	0.0132	0.0152	0.0207	0.0315	0.0510
560	0.0346	0.0353	0.0327	0.0320	0.0280	0.0334	0.0348	0.0358	0.0371	0.0228	0.0255	0.0278	0.0316	0.0368	0.0440	0.0184	0.0190	0.0218	0.0267	0.0350	0.0494	0.0138	0.0123	0.0132	0.0152	0.0208	0.0315	0.0511
561	0.0345	0.0354	0.0326	0.0320	0.0281	0.0335	0.0348	0.0357	0.0370	0.0228	0.0255	0.0278	0.0316	0.0368	0.0440	0.0185	0.0191	0.0218	0.0267	0.0349	0.0493	0.0138	0.0123	0.0132	0.0152	0.0207	0.0314	0.0511
562	0.0346	0.0354	0.0327	0.0321	0.0281	0.0335	0.0348	0.0358	0.0370	0.0229	0.0256	0.0279	0.0317	0.0368	0.0441	0.0185	0.0191	0.0218	0.0267	0.0349	0.0494	0.0139	0.0124	0.0132	0.0153	0.0208	0.0315	0.0511
563	0.0347	0.0355	0.0328	0.0321	0.0282	0.0336	0.0349	0.0359	0.0371	0.0229	0.0256	0.0279	0.0318	0.0369	0.0441	0.0186	0.0192	0.0219	0.0268	0.0350	0.0495	0.0140	0.0124	0.0133	0.0153	0.0209	0.0316	0.0511
564	0.0346	0.0355	0.0328	0.0323	0.0283	0.0337	0.0349	0.0359	0.0372	0.0229	0.0257	0.0280	0.0318	0.0369	0.0441	0.0185	0.0192	0.0219	0.0268	0.0351	0.0495	0.0140	0.0125	0.0133	0.0154	0.0209	0.0316	0.0511
565	0.0347	0.0355	0.0328	0.0323	0.0283	0.0337	0.0349	0.0359	0.0372	0.0230	0.0257	0.0280	0.0317	0.0369	0.0441	0.0186	0.0192	0.0219	0.0268	0.0350	0.0494	0.0140	0.0124	0.0133	0.0154	0.0209	0.0316	0.0511
566	0.0347	0.0356	0.0328	0.0323	0.0283	0.0337	0.0350	0.0359	0.0372	0.0230	0.0257	0.0280	0.0317	0.0369	0.0442	0.0186	0.0192	0.0220	0.0269	0.0350	0.0494	0.0139	0.0125	0.0133	0.0154	0.0209	0.0316	0.0511
567	0.0348	0.0356	0.0329	0.0322	0.0282	0.0337	0.0351	0.0359	0.0373	0.0230	0.0257	0.0281	0.0318	0.0370	0.0442	0.0186	0.0192	0.0219	0.0269	0.0352	0.0495	0.0139	0.0126	0.0134	0.0154	0.0209	0.0316	0.0511
568	0.0348	0.0357	0.0329	0.0323	0.0283	0.0337	0.0351	0.0360	0.0373	0.0230	0.0258	0.0281	0.0319	0.0369	0.0442	0.0187	0.0192	0.0219	0.0269	0.0351	0.0495	0.0139	0.0126	0.0133	0.0154	0.0210	0.0316	0.0512
569	0.0348	0.0357	0.0330	0.0323	0.0284	0.0337	0.0351	0.0360	0.0373	0.0231	0.0259	0.0281	0.0319	0.0369	0.0442	0.0187	0.0192	0.0220	0.0269	0.0351	0.0495	0.0140	0.0125	0.0133	0.0154	0.0210	0.0316	0.0512
570	0.0348	0.0357	0.0330	0.0323	0.0284	0.0338	0.0352	0.0360	0.0373	0.0231	0.0259	0.0282	0.0319	0.0370	0.0442	0.0187	0.0192	0.0220	0.0269	0.0351	0.0495	0.0140	0.0125	0.0133	0.0154	0.0209	0.0317	0.0512
571	0.0349	0.0357	0.0330	0.0324	0.0284	0.0338	0.0352	0.0361	0.0374	0.0231	0.0259	0.0282	0.0320	0.0370	0.0443	0.0187	0.0193	0.0220	0.0270	0.0352	0.0495	0.0141	0.0125	0.0133	0.0155	0.0210	0.0317	0.0512
572	0.0349	0.0357	0.0331	0.0325	0.0284	0.0338	0.0351	0.0360	0.0374	0.0231	0.0260	0.0282	0.0320	0.0370	0.0443	0.0188	0.0193	0.0220	0.0270	0.0352	0.0495	0.0141	0.0125	0.0133	0.0155	0.0210	0.0317	0.0512
573	0.0349	0.0358	0.0331	0.0325	0.0286	0.0339	0.0351	0.0360	0.0375	0.0232	0.0260	0.0282	0.0320	0.0370	0.0444	0.0188	0.0194	0.0221	0.0270	0.0352	0.0496	0.0142	0.0126	0.0133	0.0156	0.0210	0.0317	0.0512
574	0.0350	0.0359	0.0332	0.0325	0.0286	0.0340	0.0353	0.0361	0.0375	0.0233	0.0261	0.0283	0.0320	0.0371	0.0444	0.0190	0.0194	0.0221	0.0271	0.0353	0.0496	0.0142	0.0126	0.0134	0.0155	0.0211	0.0317	0.0513
575	0.0350	0.0359	0.0332	0.0326	0.0286	0.0340	0.0353	0.0362	0.0376	0.0233	0.0260	0.0283	0.0320	0.0372	0.0444	0.0189	0.0194	0.0221	0.0271	0.0353	0.0496	0.0142	0.0127	0.0134	0.0156	0.0211	0.0318	0.0513
576	0.0350	0.0359	0.0332	0.0326	0.0287	0.0340	0.0353	0.0362	0.0376	0.0234	0.0260	0.0283	0.0321	0.0372	0.0444	0.0189	0.0194	0.0222	0.0271	0.0353	0.0496	0.0142	0.0127	0.0135	0.0156	0.0211	0.0318	0.0513
577	0.0350	0.0360	0.0333	0.0327	0.0287	0.0341	0.0354	0.0363	0.0377	0.0234	0.0261	0.0283	0.0321	0.0373	0.0445	0.0190	0.0195	0.0222	0.0271	0.0353	0.0497	0.0142	0.0127	0.0134	0.0156	0.0210	0.0318	0.0514
578	0.0351	0.0360	0.0333	0.0327	0.0287	0.0341	0.0354	0.0363	0.0377	0.0234	0.0261	0.0284	0.0321	0.0373	0.0444	0.0190	0.0195	0.0222	0.0272	0.0353	0.0497	0.0142	0.0127	0.0135	0.0156	0.0211	0.0318	0.0513
579	0.0351	0.0360	0.0333	0.0327	0.0288	0.0342	0.0354	0.0364	0.0377	0.0234	0.0262	0.0284	0.0321	0.0373	0.0444	0.0190	0.0195	0.0223	0.0272	0.0354	0.0497	0.0143	0.0127	0.0135	0.0156	0.0212	0.0318	0.0513
580	0.0351	0.0361	0.0333	0.0327	0.0288	0.0342	0.0354	0.0364	0.0378	0.0235	0.0263	0.0285	0.0322	0.0373	0.0446	0.0190	0.0195	0.0223	0.0272	0.0354	0.0498	0.0144	0.0128	0.0135	0.0157	0.0212	0.0319	0.0513
581	0.0352	0.0361	0.0334	0.0328	0.0288	0.0341	0.0355	0.0364	0.0378	0.0235	0.0263	0.0285	0.0322	0.0373	0.0447	0.0191	0.0195	0.0223	0.0272	0.0354	0.0498	0.0143	0.0128	0.0135	0.0156	0.0211	0.0319	0.0513
582	0.0352	0.0361	0.0334	0.0329	0.0289	0.0342	0.0355	0.0364	0.0378	0.0236	0.0263	0.0284	0.0322	0.0373	0.0447	0.0191	0.0195	0.0223	0.0273	0.0354	0.0498	0.0144	0.0128	0.0136	0.0156	0.0212	0.0319	0.0513
583	0.0352	0.0361	0.0335	0.0329	0.0289	0.0342	0.0355	0.0364	0.0379	0.0236	0.0263	0.0285	0.0322	0.0373	0.0446	0.0191	0.0196	0.0223	0.0273	0.0354	0.0498	0.0144	0.0128	0.0136	0.0156	0.0213	0.0319	0.0514
584	0.0352	0.0362	0.0335	0.0329	0.0290	0.0343	0.0355	0.0364	0.0379	0.0237	0.0264	0.0286	0.0322	0.0374	0.0446	0.0192	0.0196	0.0223	0.0273	0.0354	0.0498	0.0144	0.0128	0.0136	0.0157	0.0212	0.0318	0.0514
585	0.0352	0.0363	0.0335	0.0330	0.0290	0.0343	0.0355	0.0365	0.0379	0.0237	0.0264	0.0286	0.0323	0.0374	0.0447	0.0192	0.0197	0.0224	0.0273	0.0354	0.0498	0.0144	0.0128	0.0136	0.0158	0.0213	0.0319	0.0514
586	0.0353	0.0363	0.0336	0.0330	0.0290	0.0343	0.0356	0.0365	0.0380	0.0237	0.0264	0.0286	0.0323	0.0374	0.0447	0.0193	0.0197	0.0225	0.0274	0.0355	0.0499	0.0145	0.0128	0.0137	0.0158	0.0213	0.0320	0.0514
587	0.0353	0.0363	0.0337	0.0331	0.0291	0.0344	0.0357	0.0366	0.0380	0.0238	0.0265	0.0286	0.0324	0.0375	0.0448	0.0194	0.0198	0.0225	0.0275	0.0355	0.0499	0.0146	0.0129	0.0137	0.0158	0.0214	0.0321	0.0514
588	0.0354	0.0364	0.0337	0.0332	0.0292	0.0345	0.0357	0.0367	0.0380	0.0239	0.0266	0.0287	0.0324	0.0376	0.0448	0.0194	0.0198	0.0226	0.0275	0.0356	0.0500	0.0146	0.0130	0.0137	0.0159	0.0214	0.0321	0.0515
589	0.0355	0.0365	0.0338	0.0332	0.0292	0.0346	0.0358	0.0367	0.0381	0.0239	0.0266	0.0288	0.0325	0.0376	0.0449	0.0194	0.0198	0.0226	0.0275	0.0356	0.0500	0.0146	0.0130	0.0137	0.0159	0.0214	0.0321	0.0515
590	0.0355	0.0366	0.0338	0.0332	0.0291	0.0346	0.0358	0.0367	0.0381	0.0239	0.0267	0.0288	0.0326	0.0376	0.0448	0.0194	0.0199	0.0226	0.0276	0.0356	0.0500	0.0146	0.0130	0.0138	0.0159	0.0214	0.0321	0.0515
591	0.0356	0.0367	0.0339	0.0332	0.0292	0.0347	0.0359	0.0368	0.0381	0.0239	0.0267	0.0288	0.0326	0.0377	0.0449	0.0194	0.0199	0.0226	0.0276	0.0357	0.0501	0.0146	0.0130	0.0138	0.0159	0.0215	0.0321	0.0516
592	0.0357	0.0367	0.0339	0.0333	0.0293	0.0348	0.0360	0.0369	0.0381	0.0239	0.0267	0.0289	0.0327	0.0378	0.0449	0.0194	0.0199	0.0226	0.0276	0.0358	0.0501	0.0146	0.0130	0.0138	0.0159	0.0215	0.0321	0.0516
593	0.0357	0.0368	0.0340	0.0334	0.0294	0.0348	0.0360	0.0370	0.0381	0.0240	0.0267	0.0289	0.0327	0.0378	0.0449	0.0194	0.0199	0.0227	0.0276	0.0358	0.0500	0.0146	0.0130	0.0138	0.0159	0.0215	0.0321	0.0515
594	0.0357	0.0368	0.0340	0.0334	0.0294	0.0348	0.0360	0.0370	0.0382	0.0240	0.0268	0.0290	0.0327	0.0377	0.0448	0.0195	0.0200	0.0227	0.0276	0.0357	0.0499	0.0147	0.0131	0.0138	0.0160	0.0214	0.0320	0.0513
595	0.0358	0.0368	0.0341	0.0335	0.0294	0.0348	0.0361	0.0370	0.0382	0.0240	0.0268	0.0290	0.0328	0.0377	0.0448	0.0195	0.0201	0.0227	0.0277	0.0357	0.0498	0.0147	0.0131	0.0139	0.0160	0.0215	0.0320	0.0512
596	0.0358	0.0368	0.0341	0.0335	0.0294	0.0349	0.0361	0.0370	0.0383	0.0241	0.0268	0.0290	0.0328	0.0378	0.0449	0.0196	0.0201	0.0228	0.0277	0.0357	0.0499	0.0148	0.0132	0.0139	0.0160	0.0216	0.0321	0.0511
597	0.0358	0.0368	0.0341	0.0336	0.0294	0.0350	0.0360	0.0370	0.0384	0.0241	0.0269	0.0291	0.0329	0.0378	0.0450	0.0196	0.0201	0.0228	0.0277	0.0358	0.0499	0.0148	0.0132	0.0140	0.0161	0.0215	0.0321	0.0512
598	0.0358	0.0368	0.0341	0.0336	0.0296	0.0350	0.0361	0.0370	0.0385	0.0242	0.0270	0.0291	0.0328	0.0378	0.0451	0.0197	0.0202	0.0229	0.0278	0.0358	0.0500	0.0149	0.0133	0.0140	0.0162	0.0216	0.0322	0.0514
599	0.0358	0.0368	0.0341	0.0336	0.0296	0.0350	0.0362	0.0370	0.0385	0.0243	0.0271	0.0292	0.0328	0.0379	0.0452	0.0198	0.0202	0.0229	0.0279	0.0359	0.0501	0.0149	0.0133	0.0140	0.0163	0.0216	0.0322	0.0515
600	0.0358	0.0368	0.0341	0.0336	0.0296	0.0350	0.0362	0.0370	0.0385	0.0243	0.0270	0.0292	0.0328	0.0379	0.0451	0.0198	0.0202	0.0230	0.0279	0.0359	0.0502	0.0150	0.0133	0.0140	0.0163	0.0217	0.0323	0.0517
601	0.0358	0.0368	0.0341	0.0337	0.0296	0.0350	0.0361	0.0371	0.0385	0.0243	0.0271	0.0292	0.0329	0.0380	0.0451	0.0198	0.0202	0.0229	0.0278	0.0360	0.0503	0.0149	0.0133	0.0140	0.0163	0.0218	0.0323	0.0517
602	0.0359	0.0369	0.0342	0.0337	0.0297	0.0350	0.0362	0.0372	0.0386	0.0244	0.0271	0.0292	0.0329	0.0380	0.0452	0.0198	0.0203	0.0229	0.0279	0.0360	0.0503	0.0149	0.0134	0.0140	0.0162	0.0218	0.0324	0.0518
603	0.0360	0.0370	0.0343	0.0337	0.0297	0.0350	0.0363	0.0373	0.0387	0.0245	0.0271	0.0292	0.0330	0.0381	0.0453	0.0199	0.0203	0.0230	0.0279	0.0360	0.0503	0.0150	0.0134	0.0141	0.0162	0.0218	0.0324	0.0518
604	0.0360	0.0371	0.0343	0.0338	0.0298	0.0350	0.0363	0.0373	0.0387	0.0245	0.0271	0.0293	0.0330	0.0381	0.0453	0.0199	0.0203	0.0230	0.0279	0.0359	0.0502	0.0150	0.0134	0.0141	0.0162	0.0218	0.0324	0.0516
605	0.0360	0.0371	0.0343	0.0338	0.0298	0.0351	0.0364	0.0373	0.0386	0.0245	0.0272	0.0293	0.0330	0.0381	0.0453	0.0199	0.0203	0.0230	0.0279	0.0359	0.0502	0.0150	0.0134	0.0141	0.0162	0.0218	0.0324	0.0516
606	0.0360	0.0371	0.0344	0.0338	0.0299	0.0351	0.0364	0.0373	0.0386	0.0246	0.0273	0.0294	0.0330	0.0381	0.0453	0.0200	0.0204	0.0231	0.0279	0.0360	0.0503	0.0150	0.0133	0.0141	0.0162	0.0218	0.0324	0.0516
607	0.0361	0.0372	0.0344	0.0340	0.0300	0.0353	0.0364	0.0373	0.0387	0.0247	0.0273	0.0294	0.0331	0.0382	0.0454	0.0201	0.0204	0.0232	0.0281	0.0361	0.0504	0.0151	0.0134	0.0142	0.0163	0.0219	0.0325	0.0518
608	0.0362	0.0373	0.0345	0.0341	0.0300	0.0353	0.0365	0.0374	0.0388	0.0247	0.0274	0.0295	0.0331	0.0382	0.0454	0.0200	0.0204	0.0232	0.0281	0.0362	0.0505	0.0151	0.0134	0.0142	0.0163	0.0219	0.0325	0.0518
609	0.0362	0.0373	0.0346	0.0342	0.0300	0.0353	0.0366	0.0375	0.0389	0.0247	0.0274	0.0296	0.0332	0.0383	0.0455	0.0201	0.0204	0.0232	0.0282	0.0363	0.0506	0.0151	0.0135	0.0142	0.0164	0.0219	0.0326	0.0518
610	0.0363	0.0375	0.0347	0.0342	0.0301	0.0354	0.0367	0.0376	0.0390	0.0247	0.0274	0.0296	0.0333	0.0384	0.0456	0.0201	0.0205	0.0232	0.0283	0.0364	0.0506	0.0152	0.0135	0.0143	0.0164	0.0220	0.0327	0.0518
611	0.0363	0.0376	0.0347	0.0342	0.0301	0.0355	0.0368	0.0377	0.0390	0.0248	0.0274	0.0297	0.0334	0.0385	0.0457	0.0201	0.0206	0.0232	0.0284	0.0365	0.0507	0.0153	0.0136	0.0143	0.0165	0.0221	0.0328	0.0520
612	0.0364	0.0376	0.0347	0.0341	0.0301	0.0356	0.0368	0.0377	0.0390	0.0249	0.0275	0.0298	0.0334	0.0386	0.0457	0.0202	0.0206	0.0233	0.0285	0.0366	0.0508	0.0153	0.0136	0.0144	0.0165	0.0222	0.0330	0.0522
613	0.0364	0.0375	0.0347	0.0342	0.0301	0.0357	0.0368	0.0376	0.0390	0.0249	0.0276	0.0298	0.0335	0.0386	0.0457	0.0203	0.0206	0.0234	0.0285	0.0366	0.0507	0.0153	0.0136	0.0144	0.0166	0.0223	0.0330	0.0523
614	0.0364	0.0375	0.0347	0.0342	0.0302	0.0357	0.0368	0.0377	0.0391	0.0249	0.0276	0.0298	0.0335	0.0385	0.0457	0.0203	0.0207	0.0235	0.0285	0.0365	0.0507	0.0154	0.0137	0.0144	0.0166	0.0222	0.0329	0.0522
615	0.0365	0.0375	0.0347	0.0342	0.0302	0.0357	0.0368	0.0378	0.0391	0.0249	0.0276	0.0297	0.0335	0.0385	0.0457	0.0203	0.0207	0.0235	0.0285	0.0365	0.0507	0.0154	0.0137	0.0144	0.0166	0.0222	0.0329	0.0522
616	0.0365	0.0376	0.0348	0.0343	0.0303	0.0358	0.0369	0.0379	0.0392	0.0250	0.0276	0.0298	0.0336	0.0386	0.0458	0.0203	0.0207	0.0234	0.0285	0.0366	0.0508	0.0154	0.0137	0.0144	0.0166	0.0222	0.0329	0.0523
617	0.0367	0.0377	0.0350	0.0343	0.0304	0.0359	0.0371	0.0380	0.0392	0.0251	0.0277	0.0299	0.0338	0.0388	0.0459	0.0204	0.0208	0.0235	0.0285	0.0369	0.0510	0.0154	0.0138	0.0145	0.0167	0.0224	0.0331	0.0526
618	0.0368	0.0378	0.0350	0.0344	0.0304	0.0360	0.0371	0.0380	0.0393	0.0251	0.0278	0.0300	0.0338	0.0389	0.0460	0.0205	0.0208	0.0235	0.0286	0.0368	0.0510	0.0154	0.0137	0.0144	0.0167	0.0223	0.0330	0.0526
619	0.0368	0.0379	0.0351	0.0345	0.0304	0.0360	0.0372	0.0381	0.0394	0.0251	0.0278	0.0300	0.0338	0.0389	0.0461	0.0205	0.0208	0.0235	0.0286	0.0368	0.0510	0.0155	0.0137	0.0144	0.0166	0.0222	0.0329	0.0525
620	0.0368	0.0380	0.0352	0.0346	0.0305	0.0360	0.0373	0.0382	0.0395	0.0253	0.0278	0.0300	0.0338	0.0390	0.0462	0.0205	0.0209	0.0234	0.0286	0.0368	0.0511	0.0155	0.0138	0.0145	0.0166	0.0221	0.0329	0.0524
621	0.0369	0.0380	0.0352	0.0347	0.0305	0.0361	0.0373	0.0381	0.0395	0.0252	0.0279	0.0301	0.0338	0.0390	0.0461	0.0206	0.0209	0.0235	0.0286	0.0368	0.0510	0.0156	0.0139	0.0145	0.0166	0.0222	0.0328	0.0522
622	0.0369	0.0380	0.0352	0.0347	0.0306	0.0361	0.0373	0.0381	0.0396	0.0253	0.0279	0.0301	0.0338	0.0390	0.0461	0.0206	0.0209	0.0236	0.0286	0.0368	0.0509	0.0156	0.0139	0.0145	0.0166	0.0223	0.0328	0.0522
623	0.0370	0.0381	0.0353	0.0347	0.0307	0.0362	0.0373	0.0382	0.0396	0.0253	0.0280	0.0302	0.0339	0.0390	0.0462	0.0206	0.0210	0.0237	0.0286	0.0368	0.0510	0.0157	0.0139	0.0145	0.0167	0.0224	0.0328	0.0522
624	0.0371	0.0382	0.0355	0.0348	0.0308	0.0362	0.0374	0.0383	0.0397	0.0254	0.0281	0.0302	0.0341	0.0391	0.0463	0.0207	0.0212	0.0238	0.0287	0.0369	0.0512	0.0158	0.0140	0.0146	0.0168	0.0225	0.0330	0.0523
625	0.0372	0.0383	0.0355	0.0349	0.0309	0.0363	0.0375	0.0384	0.0398	0.0255	0.0282	0.0302	0.0341	0.0391	0.0463	0.0207	0.0212	0.0238	0.0288	0.0369	0.0512	0.0158	0.0140	0.0147	0.0169	0.0225	0.0330	0.0524
626	0.0372	0.0383	0.0355	0.0349	0.0309	0.0363	0.0375	0.0383	0.0398	0.0256	0.0282	0.0303	0.0341	0.0391	0.0463	0.0207	0.0212	0.0238	0.0288	0.0369	0.0512	0.0158	0.0140	0.0147	0.0170	0.0225	0.0330	0.0524
627	0.0372	0.0382	0.0355	0.0349	0.0309	0.0363	0.0374	0.0383	0.0398	0.0256	0.0282	0.0304	0.0341	0.0391	0.0464	0.0207	0.0212	0.0238	0.0288	0.0369	0.0512	0.0158	0.0141	0.0147	0.0169	0.0224	0.0329	0.0524
628	0.0372	0.0384	0.0356	0.0350	0.0310	0.0364	0.0375	0.0383	0.0398	0.0256	0.0283	0.0304	0.0341	0.0392	0.0465	0.0209	0.0212	0.0239	0.0288	0.0370	0.0513	0.0159	0.0141	0.0147	0.0169	0.0224	0.0330	0.0525
629	0.0373	0.0385	0.0356	0.0351	0.0311	0.0365	0.0376	0.0384	0.0399	0.0257	0.0283	0.0304	0.0341	0.0392	0.0465	0.0210	0.0213	0.0240	0.0289	0.0371	0.0513	0.0159	0.0141	0.0147	0.0169	0.0225	0.0330	0.0526
630	0.0374	0.0385	0.0357	0.0351	0.0311	0.0366	0.0377	0.0386	0.0399	0.0258	0.0285	0.0306	0.0341	0.0393	0.0464	0.0210	0.0214	0.0240	0.0289	0.0371	0.0513	0.0159	0.0141	0.0148	0.0169	0.0226	0.0331	0.0526
631	0.0375	0.0385	0.0357	0.0351	0.0312	0.0366	0.0377	0.0386	0.0400	0.0259	0.0286	0.0306	0.0342	0.0392	0.0465	0.0211	0.0214	0.0241	0.0289	0.0371	0.0514	0.0160	0.0142	0.0148	0.0170	0.0226	0.0331	0.0527
632	0.0376	0.0386	0.0358	0.0352	0.0313	0.0367	0.0378	0.0387	0.0400	0.0259	0.0286	0.0306	0.0343	0.0393	0.0466	0.0211	0.0214	0.0241	0.0290	0.0372	0.0515	0.0160	0.0142	0.0149	0.0171	0.0227	0.0332	0.0528
633	0.0377	0.0387	0.0359	0.0353	0.0314	0.0367	0.0378	0.0387	0.0401	0.0260	0.0287	0.0306	0.0344	0.0393	0.0467	0.0211	0.0215	0.0241	0.0291	0.0372	0.0515	0.0161	0.0142	0.0149	0.0171	0.0227	0.0333	0.0528
634	0.0376	0.0387	0.0359	0.0352	0.0313	0.0367	0.0379	0.0387	0.0401	0.0260	0.0286	0.0307	0.0344	0.0394	0.0468	0.0211	0.0214	0.0241	0.0291	0.0372	0.0515	0.0161	0.0142	0.0148	0.0171	0.0227	0.0332	0.0528
635	0.0376	0.0388	0.0360	0.0353	0.0314	0.0368	0.0379	0.0387	0.0401	0.0261	0.0287	0.0308	0.0344	0.0394	0.0468	0.0212	0.0215	0.0241	0.0292	0.0372	0.0515	0.0161	0.0142	0.0148	0.0171	0.0227	0.0333	0.0528
636	0.0377	0.0388	0.0360	0.0353	0.0315	0.0369	0.0379	0.0388	0.0402	0.0261	0.0288	0.0308	0.0345	0.0395	0.0469	0.0212	0.0216	0.0242	0.0292	0.0373	0.0516	0.0161	0.0143	0.0149	0.0170	0.0227	0.0333	0.0528
637	0.0377	0.0388	0.0360	0.0354	0.0315	0.0369	0.0379	0.0388	0.0403	0.0261	0.0288	0.0308	0.0344	0.0396	0.0469	0.0212	0.0216	0.0243	0.0292	0.0373	0.0516	0.0162	0.0143	0.0150	0.0171	0.0228	0.0333	0.0529
638	0.0378	0.0389	0.0362	0.0355	0.0315	0.0370	0.0380	0.0389	0.0404	0.0263	0.0289	0.0308	0.0346	0.0396	0.0470	0.0213	0.0217	0.0244	0.0293	0.0374	0.0517	0.0163	0.0144	0.0151	0.0172	0.0228	0.0334	0.0529
639	0.0378	0.0390	0.0362	0.0356	0.0316	0.0370	0.0381	0.0391	0.0404	0.0263	0.0289	0.0309	0.0347	0.0396	0.0470	0.0214	0.0217	0.0244	0.0294	0.0375	0.0518	0.0163	0.0144	0.0151	0.0173	0.0228	0.0334	0.0529
640	0.0380	0.0390	0.0361	0.0356	0.0316	0.0371	0.0381	0.0392	0.0404	0.0263	0.0290	0.0310	0.0347	0.0396	0.0470	0.0215	0.0217	0.0244	0.0293	0.0374	0.0518	0.0163	0.0145	0.0151	0.0174	0.0229	0.0334	0.0529
641	0.0380	0.0391	0.0363	0.0357	0.0318	0.0372	0.0382	0.0391	0.0405	0.0264	0.0290	0.0311	0.0348	0.0398	0.0471	0.0215	0.0218	0.0244	0.0295	0.0375	0.0518	0.0164	0.0145	0.0152	0.0174	0.0229	0.0335	0.0529
642	0.0381	0.0392	0.0364	0.0358	0.0319	0.0373	0.0383	0.0391	0.0405	0.0265	0.0291	0.0311	0.0349	0.0398	0.0471	0.0216	0.0218	0.0245	0.0295	0.0376	0.0518	0.0165	0.0146	0.0152	0.0174	0.0230	0.0336	0.0529
643	0.0382	0.0393	0.0364	0.0359	0.0319	0.0373	0.0384	0.0392	0.0406	0.0266	0.0291	0.0312	0.0349	0.0398	0.0471	0.0216	0.0219	0.0245	0.0295	0.0377	0.0519	0.0165	0.0146	0.0152	0.0174	0.0230	0.0336	0.0529
644	0.0381	0.0393	0.0364	0.0359	0.0319	0.0373	0.0383	0.0393	0.0407	0.0267	0.0292	0.0313	0.0349	0.0399	0.0472	0.0216	0.0219	0.0245	0.0295	0.0377	0.0518	0.0165	0.0145	0.0151	0.0174	0.0230	0.0336	0.0529
645	0.0382	0.0394	0.0365	0.0360	0.0320	0.0374	0.0384	0.0394	0.0408	0.0267	0.0292	0.0313	0.0349	0.0400	0.0472	0.0216	0.0219	0.0247	0.0296	0.0377	0.0519	0.0165	0.0146	0.0152	0.0174	0.0230	0.0337	0.0530
646	0.0383	0.0395	0.0367	0.0361	0.0321	0.0374	0.0385	0.0395	0.0408	0.0267	0.0293	0.0313	0.0350	0.0400	0.0473	0.0217	0.0220	0.0247	0.0297	0.0378	0.0520	0.0166	0.0147	0.0154	0.0175	0.0231	0.0337	0.0531
647	0.0383	0.0396	0.0367	0.0361	0.0321	0.0376	0.0386	0.0394	0.0410	0.0269	0.0294	0.0314	0.0351	0.0400	0.0473	0.0218	0.0221	0.0247	0.0297	0.0378	0.0521	0.0166	0.0148	0.0153	0.0176	0.0231	0.0337	0.0531
648	0.0384	0.0396	0.0368	0.0362	0.0321	0.0376	0.0387	0.0395	0.0411	0.0269	0.0294	0.0315	0.0351	0.0401	0.0474	0.0218	0.0221	0.0248	0.0298	0.0379	0.0522	0.0166	0.0148	0.0154	0.0176	0.0232	0.0338	0.0531
649	0.0385	0.0397	0.0369	0.0363	0.0322	0.0377	0.0387	0.0396	0.0411	0.0269	0.0295	0.0316	0.0352	0.0402	0.0474	0.0219	0.0222	0.0248	0.0299	0.0379	0.0522	0.0167	0.0148	0.0154	0.0176	0.0232	0.0338	0.0532
650	0.0386	0.0398	0.0369	0.0363	0.0323	0.0378	0.0387	0.0397	0.0411	0.0270	0.0295	0.0316	0.0353	0.0402	0.0475	0.0220	0.0221	0.0249	0.0299	0.0379	0.0522	0.0168	0.0148	0.0154	0.0177	0.0232	0.0339	0.0532
651	0.0386	0.0398	0.0369	0.0364	0.0324	0.0378	0.0388	0.0397	0.0412	0.0271	0.0296	0.0316	0.0353	0.0404	0.0476	0.0220	0.0222	0.0249	0.0299	0.0380	0.0523	0.0169	0.0148	0.0155	0.0176	0.0233	0.0339	0.0532
652	0.0386	0.0399	0.0370	0.0365	0.0325	0.0379	0.0390	0.0398	0.0412	0.0271	0.0296	0.0316	0.0354	0.0405	0.0476	0.0221	0.0223	0.0249	0.0300	0.0381	0.0523	0.0169	0.0149	0.0155	0.0177	0.0233	0.0339	0.0532
653	0.0387	0.0400	0.0371	0.0365	0.0326	0.0380	0.0391	0.0399	0.0413	0.0272	0.0297	0.0317	0.0354	0.0405	0.0477	0.0221	0.0224	0.0250	0.0300	0.0381	0.0523	0.0169	0.0149	0.0156	0.0177	0.0234	0.0340	0.0533
654	0.0388	0.0401	0.0372	0.0366	0.0327	0.0380	0.0391	0.0400	0.0414	0.0274	0.0299	0.0318	0.0355	0.0406	0.0478	0.0223	0.0224	0.0251	0.0302	0.0382	0.0525	0.0170	0.0150	0.0156	0.0178	0.0235	0.0340	0.0534
655	0.0389	0.0402	0.0373	0.0368	0.0327	0.0381	0.0392	0.0401	0.0415	0.0274	0.0299	0.0319	0.0356	0.0407	0.0478	0.0223	0.0225	0.0252	0.0302	0.0383	0.0525	0.0170	0.0150	0.0156	0.0178	0.0235	0.0341	0.0534
656	0.0390	0.0402	0.0375	0.0369	0.0327	0.0382	0.0393	0.0401	0.0416	0.0274	0.0299	0.0320	0.0357	0.0407	0.0479	0.0223	0.0226	0.0253	0.0302	0.0383	0.0525	0.0171	0.0151	0.0157	0.0179	0.0235	0.0342	0.0534
657	0.0390	0.0403	0.0374	0.0369	0.0328	0.0383	0.0393	0.0402	0.0417	0.0275	0.0300	0.0321	0.0357	0.0407	0.0479	0.0224	0.0225	0.0253	0.0302	0.0383	0.0526	0.0171	0.0152	0.0157	0.0179	0.0235	0.0342	0.0535
658	0.0391	0.0403	0.0375	0.0369	0.0329	0.0384	0.0393	0.0402	0.0418	0.0276	0.0301	0.0321	0.0358	0.0408	0.0480	0.0224	0.0226	0.0253	0.0303	0.0384	0.0526	0.0172	0.0152	0.0157	0.0179	0.0235	0.0342	0.0535
659	0.0392	0.0404	0.0375	0.0370	0.0330	0.0384	0.0393	0.0403	0.0418	0.0277	0.0302	0.0322	0.0358	0.0409	0.0481	0.0225	0.0227	0.0253	0.0303	0.0384	0.0527	0.0172	0.0153	0.0158	0.0180	0.0236	0.0342	0.0536
660	0.0393	0.0406	0.0377	0.0371	0.0331	0.0386	0.0395	0.0405	0.0419	0.0278	0.0302	0.0322	0.0359	0.0410	0.0481	0.0227	0.0227	0.0255	0.0304	0.0385	0.0528	0.0172	0.0153	0.0159	0.0180	0.0237	0.0344	0.0537
661	0.0394	0.0406	0.0378	0.0373	0.0332	0.0386	0.0396	0.0405	0.0419	0.0279	0.0303	0.0323	0.0360	0.0410	0.0483	0.0226	0.0228	0.0254	0.0305	0.0386	0.0529	0.0173	0.0153	0.0159	0.0180	0.0237	0.0344	0.0537
662	0.0395	0.0407	0.0378	0.0373	0.0332	0.0387	0.0396	0.0405	0.0420	0.0280	0.0303	0.0324	0.0360	0.0410	0.0483	0.0227	0.0229	0.0255	0.0306	0.0386	0.0529	0.0173	0.0153	0.0159	0.0181	0.0237	0.0344	0.0537
663	0.0395	0.0407	0.0378	0.0373	0.0332	0.0387	0.0397	0.0406	0.0421	0.0280	0.0304	0.0323	0.0361	0.0411	0.0483	0.0228	0.0229	0.0256	0.0306	0.0386	0.0529	0.0174	0.0153	0.0159	0.0181	0.0238	0.0344	0.0538
664	0.0396	0.0408	0.0381	0.0374	0.0334	0.0388	0.0398	0.0407	0.0422	0.0280	0.0305	0.0324	0.0361	0.0412	0.0485	0.0228	0.0229	0.0256	0.0307	0.0387	0.0530	0.0175	0.0154	0.0160	0.0181	0.0238	0.0345	0.0539
665	0.0396	0.0409	0.0381	0.0375	0.0335	0.0389	0.0399	0.0408	0.0423	0.0281	0.0306	0.0326	0.0362	0.0413	0.0485	0.0228	0.0230	0.0257	0.0307	0.0388	0.0531	0.0175	0.0155	0.0160	0.0182	0.0238	0.0346	0.0539
666	0.0397	0.0410	0.0381	0.0376	0.0336	0.0390	0.0399	0.0408	0.0423	0.0282	0.0306	0.0327	0.0363	0.0414	0.0485	0.0229	0.0231	0.0258	0.0307	0.0388	0.0531	0.0176	0.0155	0.0160	0.0183	0.0239	0.0346	0.0540
667	0.0398	0.0410	0.0382	0.0377	0.0337	0.0391	0.0400	0.0409	0.0423	0.0283	0.0307	0.0327	0.0363	0.0414	0.0486	0.0230	0.0231	0.0257	0.0307	0.0389	0.0532	0.0176	0.0156	0.0160	0.0184	0.0239	0.0346	0.0539
668	0.0399	0.0411	0.0383	0.0377	0.0337	0.0391	0.0401	0.0410	0.0425	0.0283	0.0308	0.0328	0.0364	0.0414	0.0487	0.0231	0.0231	0.0258	0.0309	0.0390	0.0532	0.0176	0.0156	0.0161	0.0183	0.0240	0.0346	0.0540
669	0.0399	0.0413	0.0383	0.0378	0.0338	0.0392	0.0402	0.0410	0.0426	0.0284	0.0309	0.0328	0.0365	0.0415	0.0488	0.0231	0.0232	0.0259	0.0310	0.0390	0.0533	0.0177	0.0157	0.0162	0.0183	0.0241	0.0347	0.0541
670	0.0400	0.0414	0.0383	0.0379	0.0338	0.0391	0.0402	0.0410	0.0426	0.0285	0.0308	0.0329	0.0365	0.0415	0.0488	0.0231	0.0232	0.0259	0.0310	0.0390	0.0534	0.0178	0.0156	0.0161	0.0184	0.0241	0.0347	0.0541
671	0.0401	0.0414	0.0384	0.0379	0.0338	0.0393	0.0403	0.0411	0.0427	0.0286	0.0309	0.0329	0.0366	0.0416	0.0489	0.0231	0.0232	0.0259	0.0310	0.0391	0.0535	0.0178	0.0156	0.0162	0.0184	0.0241	0.0348	0.0541
672	0.0402	0.0415	0.0385	0.0380	0.0339	0.0393	0.0403	0.0412	0.0428	0.0286	0.0310	0.0329	0.0366	0.0417	0.0490	0.0232	0.0233	0.0260	0.0311	0.0391	0.0535	0.0178	0.0157	0.0163	0.0185	0.0241	0.0348	0.0542
673	0.0402	0.0416	0.0386	0.0381	0.0340	0.0394	0.0405	0.0413	0.0428	0.0287	0.0311	0.0330	0.0366	0.0418	0.0490	0.0233	0.0234	0.0260	0.0311	0.0392	0.0536	0.0178	0.0158	0.0163	0.0185	0.0242	0.0348	0.0542
674	0.0402	0.0415	0.0387	0.0381	0.0341	0.0395	0.0404	0.0414	0.0428	0.0287	0.0312	0.0331	0.0367	0.0418	0.0490	0.0233	0.0234	0.0261	0.0311	0.0392	0.0535	0.0179	0.0158	0.0163	0.0186	0.0242	0.0349	0.0542
675	0.0404	0.0416	0.0388	0.0382	0.0342	0.0395	0.0405	0.0414	0.0429	0.0288	0.0312	0.0332	0.0368	0.0419	0.0491	0.0234	0.0235	0.0262	0.0312	0.0393	0.0536	0.0180	0.0158	0.0164	0.0186	0.0242	0.0349	0.0543
676	0.0405	0.0417	0.0388	0.0383	0.0343	0.0396	0.0406	0.0415	0.0430	0.0289	0.0313	0.0333	0.0369	0.0420	0.0492	0.0235	0.0236	0.0262	0.0313	0.0394	0.0537	0.0180	0.0159	0.0164	0.0187	0.0243	0.0349	0.0543
677	0.0406	0.0418	0.0389	0.0384	0.0344	0.0398	0.0408	0.0416	0.0431	0.0290	0.0314	0.0334	0.0369	0.0421	0.0493	0.0236	0.0236	0.0263	0.0313	0.0395	0.0537	0.0181	0.0160	0.0164	0.0187	0.0243	0.0351	0.0543
678	0.0406	0.0419	0.0389	0.0384	0.0344	0.0398	0.0407	0.0416	0.0431	0.0290	0.0315	0.0333	0.0370	0.0420	0.0493	0.0236	0.0237	0.0263	0.0314	0.0394	0.0537	0.0181	0.0160	0.0164	0.0187	0.0242	0.0350	0.0544
679	0.0406	0.0419	0.0390	0.0384	0.0345	0.0398	0.0407	0.0416	0.0432	0.0290	0.0315	0.0333	0.0370	0.0421	0.0494	0.0236	0.0237	0.0263	0.0314	0.0394	0.0538	0.0181	0.0159	0.0165	0.0187	0.0243	0.0350	0.0544
680	0.0406	0.0420	0.0392	0.0386	0.0346	0.0398	0.0409	0.0417	0.0432	0.0290	0.0315	0.0334	0.0370	0.0422	0.0495	0.0237	0.0237	0.0264	0.0314	0.0394	0.0539	0.0182	0.0159	0.0165	0.0187	0.0244	0.0350	0.0545
681	0.0408	0.0421	0.0392	0.0387	0.0346	0.0400	0.0410	0.0418	0.0433	0.0291	0.0316	0.0335	0.0372	0.0423	0.0495	0.0237	0.0239	0.0265	0.0315	0.0396	0.0539	0.0183	0.0161	0.0165	0.0188	0.0245	0.0352	0.0545
682	0.0409	0.0422	0.0393	0.0387	0.0347	0.0401	0.0411	0.0419	0.0434	0.0293	0.0317	0.0336	0.0373	0.0424	0.0496	0.0238	0.0239	0.0265	0.0316	0.0397	0.0540	0.0184	0.0161	0.0166	0.0189	0.0245	0.0352	0.0546
683	0.0410	0.0422	0.0393	0.0388	0.0348	0.0401	0.0411	0.0420	0.0435	0.0294	0.0318	0.0337	0.0373	0.0424	0.0496	0.0239	0.0239	0.0266	0.0316	0.0398	0.0541	0.0183	0.0161	0.0167	0.0189	0.0245	0.0352	0.0546
684	0.0410	0.0423	0.0394	0.0389	0.0349	0.0403	0.0411	0.0420	0.0435	0.0295	0.0319	0.0337	0.0374	0.0425	0.0497	0.0240	0.0240	0.0266	0.0317	0.0398	0.0540	0.0184	0.0162	0.0167	0.0189	0.0246	0.0353	0.0546
685	0.0411	0.0424	0.0395	0.0390	0.0349	0.0403	0.0412	0.0421	0.0436	0.0296	0.0319	0.0337	0.0374	0.0425	0.0498	0.0240	0.0241	0.0267	0.0317	0.0399	0.0541	0.0185	0.0163	0.0168	0.0190	0.0246	0.0353	0.0547
686	0.0411	0.0424	0.0395	0.0390	0.0350	0.0404	0.0413	0.0422	0.0436	0.0296	0.0319	0.0338	0.0375	0.0425	0.0499	0.0241	0.0241	0.0268	0.0318	0.0399	0.0542	0.0185	0.0163	0.0168	0.0190	0.0246	0.0354	0.0548
687	0.0412	0.0425	0.0396	0.0391	0.0351	0.0404	0.0413	0.0422	0.0437	0.0297	0.0320	0.0339	0.0375	0.0426	0.0500	0.0241	0.0241	0.0267	0.0319	0.0400	0.0542	0.0186	0.0163	0.0168	0.0191	0.0246	0.0353	0.0549
688	0.0413	0.0426	0.0396	0.0391	0.0351	0.0405	0.0414	0.0423	0.0438	0.0297	0.0320	0.0340	0.0376	0.0426	0.0500	0.0242	0.0242	0.0268	0.0319	0.0399	0.0543	0.0186	0.0163	0.0169	0.0190	0.0246	0.0354	0.0549
689	0.0413	0.0427	0.0397	0.0392	0.0351	0.0405	0.0414	0.0424	0.0439	0.0297	0.0321	0.0341	0.0376	0.0427	0.0501	0.0242	0.0242	0.0269	0.0319	0.0400	0.0544	0.0186	0.0164	0.0169	0.0190	0.0247	0.0355	0.0549
690	0.0414	0.0427	0.0398	0.0392	0.0352	0.0406	0.0416	0.0424	0.0439	0.0299	0.0322	0.0341	0.0377	0.0428	0.0501	0.0242	0.0243	0.0270	0.0320	0.0401	0.0544	0.0187	0.0164	0.0170	0.0191	0.0248	0.0355	0.0549
691	0.0414	0.0428	0.0399	0.0393	0.0353	0.0408	0.0416	0.0425	0.0440	0.0299	0.0323	0.0341	0.0378	0.0428	0.0501	0.0243	0.0243	0.0270	0.0320	0.0401	0.0544	0.0188	0.0165	0.0170	0.0192	0.0248	0.0355	0.0549
692	0.0415	0.0428	0.0399	0.0394	0.0354	0.0408	0.0416	0.0425	0.0441	0.0300	0.0324	0.0342	0.0379	0.0429	0.0502	0.0244	0.0244	0.0270	0.0320	0.0401	0.0545	0.0188	0.0165	0.0170	0.0192	0.0249	0.0356	0.0550
693	0.0416	0.0429	0.0400	0.0395	0.0354	0.0408	0.0416	0.0426	0.0441	0.0301	0.0325	0.0342	0.0379	0.0429	0.0502	0.0244	0.0244	0.0270	0.0321	0.0402	0.0546	0.0188	0.0165	0.0170	0.0192	0.0249	0.0356	0.0551
694	0.0417	0.0430	0.0401	0.0395	0.0355	0.0408	0.0418	0.0426	0.0442	0.0302	0.0325	0.0343	0.0379	0.0430	0.0503	0.0246	0.0245	0.0271	0.0321	0.0403	0.0546	0.0189	0.0166	0.0170	0.0193	0.0250	0.0357	0.0551
695	0.0417	0.0430	0.0401	0.0396	0.0356	0.0409	0.0419	0.0427	0.0442	0.0302	0.0325	0.0343	0.0380	0.0431	0.0504	0.0246	0.0245	0.0272	0.0322	0.0403	0.0547	0.0189	0.0166	0.0170	0.0194	0.0249	0.0357	0.0551
696	0.0418	0.0431	0.0402	0.0397	0.0356	0.0410	0.0419	0.0428	0.0443	0.0303	0.0325	0.0343	0.0380	0.0431	0.0504	0.0246	0.0245	0.0272	0.0323	0.0403	0.0547	0.0189	0.0166	0.0171	0.0194	0.0249	0.0357	0.0552
697	0.0419	0.0433	0.0402	0.0397	0.0357	0.0411	0.0419	0.0428	0.0443	0.0303	0.0326	0.0345	0.0381	0.0432	0.0504	0.0246	0.0246	0.0271	0.0323	0.0404	0.0547	0.0190	0.0167	0.0172	0.0194	0.0250	0.0357	0.0551
698	0.0419	0.0433	0.0403	0.0398	0.0358	0.0411	0.0420	0.0429	0.0443	0.0304	0.0326	0.0346	0.0381	0.0432	0.0505	0.0247	0.0246	0.0271	0.0323	0.0404	0.0548	0.0191	0.0167	0.0172	0.0194	0.0250	0.0358	0.0551
699	0.0420	0.0432	0.0403	0.0399	0.0359	0.0412	0.0420	0.0429	0.0444	0.0305	0.0327	0.0346	0.0382	0.0432	0.0505	0.0248	0.0247	0.0272	0.0324	0.0404	0.0548	0.0192	0.0168	0.0172	0.0194	0.0250	0.0358	0.0552
700	0.0420	0.0433	0.0404	0.0398	0.0359	0.0412	0.0420	0.0429	0.0445	0.0305	0.0328	0.0346	0.0383	0.0433	0.0506	0.0248	0.0247	0.0273	0.0324	0.0405	0.0549	0.0191	0.0167	0.0172	0.0194	0.0250	0.0359	0.0552
701	0.0421	0.0435	0.0405	0.0400	0.0359	0.0414	0.0421	0.0430	0.0446	0.0306	0.0329	0.0347	0.0383	0.0434	0.0507	0.0249	0.0248	0.0274	0.0324	0.0406	0.0549	0.0192	0.0169	0.0173	0.0195	0.0251	0.0360	0.0553
702	0.0422	0.0436	0.0406	0.0401	0.0360	0.0414	0.0422	0.0431	0.0447	0.0307	0.0330	0.0347	0.0383	0.0435	0.0508	0.0250	0.0249	0.0275	0.0325	0.0407	0.0550	0.0192	0.0170	0.0174	0.0196	0.0252	0.0361	0.0554
703	0.0422	0.0436	0.0406	0.0401	0.0361	0.0414	0.0424	0.0432	0.0448	0.0308	0.0330	0.0347	0.0383	0.0436	0.0508	0.0250	0.0249	0.0275	0.0326	0.0407	0.0551	0.0193	0.0169	0.0174	0.0196	0.0253	0.0361	0.0554
704	0.0423	0.0436	0.0406	0.0401	0.0361	0.0415	0.0424	0.0432	0.0448	0.0307	0.0330	0.0348	0.0383	0.0436	0.0508	0.0250	0.0249	0.0275	0.0326	0.0407	0.0551	0.0193	0.0169	0.0174	0.0196	0.0253	0.0360	0.0553
705	0.0423	0.0437	0.0407	0.0402	0.0362	0.0416	0.0424	0.0433	0.0448	0.0308	0.0331	0.0349	0.0384	0.0436	0.0509	0.0250	0.0250	0.0276	0.0326	0.0408	0.0551	0.0193	0.0169	0.0175	0.0196	0.0253	0.0360	0.0554
706	0.0424	0.0438	0.0408	0.0403	0.0363	0.0417	0.0425	0.0434	0.0449	0.0309	0.0332	0.0350	0.0386	0.0436	0.0509	0.0251	0.0250	0.0277	0.0327	0.0408	0.0552	0.0194	0.0170	0.0175	0.0196	0.0253	0.0361	0.0554
707	0.0425	0.0438	0.0410	0.0404	0.0364	0.0418	0.0426	0.0435	0.0451	0.0310	0.0332	0.0350	0.0386	0.0437	0.0510	0.0252	0.0251	0.0277	0.0328	0.0409	0.0551	0.0194	0.0171	0.0175	0.0197	0.0253	0.0361	0.0556
708	0.0426	0.0439	0.0410	0.0404	0.0364	0.0418	0.0426	0.0435	0.0451	0.0311	0.0333	0.0350	0.0387	0.0437	0.0511	0.0252	0.0252	0.0277	0.0328	0.0409	0.0552	0.0195	0.0171	0.0175	0.0197	0.0253	0.0361	0.0556
709	0.0426	0.0440	0.0410	0.0405	0.0365	0.0418	0.0426	0.0435	0.0451	0.0311	0.0333	0.0351	0.0387	0.0437	0.0511	0.0252	0.0252	0.0277	0.0328	0.0409	0.0553	0.0195	0.0171	0.0176	0.0198	0.0254	0.0362	0.0556
710	0.0427	0.0441	0.0412	0.0406	0.0366	0.0420	0.0426	0.0435	0.0452	0.0312	0.0333	0.0352	0.0388	0.0438	0.0512	0.0253	0.0254	0.0278	0.0328	0.0410	0.0555	0.0195	0.0172	0.0176	0.0199	0.0254	0.0362	0.0557
711	0.0428	0.0441	0.0412	0.0407	0.0367	0.0421	0.0428	0.0437	0.0453	0.0313	0.0335	0.0353	0.0389	0.0439	0.0513	0.0254	0.0253	0.0279	0.0330	0.0411	0.0555	0.0197	0.0173	0.0177	0.0199	0.0256	0.0363	0.0558
712	0.0428	0.0442	0.0413	0.0408	0.0368	0.0421	0.0429	0.0438	0.0454	0.0314	0.0336	0.0353	0.0389	0.0440	0.0514	0.0255	0.0254	0.0279	0.0330	0.0412	0.0555	0.0198	0.0173	0.0177	0.0199	0.0256	0.0364	0.0558
713	0.0430	0.0444	0.0413	0.0407	0.0368	0.0422	0.0429	0.0438	0.0454	0.0314	0.0337	0.0354	0.0389	0.0441	0.0514	0.0255	0.0254	0.0279	0.0331	0.0412	0.0555	0.0197	0.0173	0.0177	0.0199	0.0257	0.0364	0.0557
714	0.0430	0.0444	0.0414	0.0409	0.0368	0.0422	0.0430	0.0439	0.0455	0.0315	0.0337	0.0354	0.0389	0.0441	0.0514	0.0255	0.0254	0.0280	0.0331	0.0412	0.0554	0.0198	0.0173	0.0177	0.0199	0.0257	0.0364	0.0558
715	0.0430	0.0444	0.0414	0.0410	0.0369	0.0423	0.0431	0.0440	0.0455	0.0315	0.0337	0.0354	0.0390	0.0441	0.0515	0.0256	0.0255	0.0280	0.0331	0.0412	0.0555	0.0199	0.0174	0.0178	0.0200	0.0257	0.0365	0.0558
716	0.0431	0.0445	0.0415	0.0410	0.0370	0.0423	0.0432	0.0440	0.0456	0.0316	0.0337	0.0355	0.0391	0.0442	0.0516	0.0257	0.0256	0.0281	0.0332	0.0413	0.0556	0.0200	0.0175	0.0178	0.0200	0.0257	0.0365	0.0559
717	0.0432	0.0446	0.0416	0.0411	0.0370	0.0423	0.0433	0.0440	0.0457	0.0317	0.0338	0.0356	0.0392	0.0443	0.0517	0.0258	0.0256	0.0282	0.0333	0.0414	0.0558	0.0199	0.0176	0.0179	0.0201	0.0257	0.0365	0.0559
718	0.0433	0.0447	0.0416	0.0412	0.0372	0.0425	0.0433	0.0441	0.0458	0.0318	0.0339	0.0356	0.0393	0.0444	0.0517	0.0258	0.0257	0.0282	0.0333	0.0414	0.0559	0.0199	0.0176	0.0179	0.0201	0.0258	0.0366	0.0559
719	0.0434	0.0448	0.0417	0.0413	0.0373	0.0427	0.0434	0.0442	0.0458	0.0319	0.0340	0.0357	0.0394	0.0445	0.0518	0.0259	0.0257	0.0282	0.0334	0.0415	0.0559	0.0200	0.0176	0.0180	0.0202	0.0258	0.0366	0.0560
720	0.0435	0.0449	0.0419	0.0414	0.0374	0.0428	0.0435	0.0444	0.0459	0.0320	0.0341	0.0359	0.0394	0.0446	0.0519	0.0259	0.0258	0.0283	0.0336	0.0416	0.0559	0.0201	0.0177	0.0180	0.0202	0.0259	0.0367	0.0561
721	0.0436	0.0450	0.0421	0.0415	0.0374	0.0429	0.0436	0.0445	0.0460	0.0321	0.0342	0.0360	0.0395	0.0447	0.0520	0.0260	0.0259	0.0284	0.0335	0.0417	0.0560	0.0202	0.0177	0.0181	0.0203	0.0259	0.0367	0.0562
722	0.0437	0.0451	0.0421	0.0415	0.0375	0.0429	0.0437	0.0446	0.0461	0.0323	0.0343	0.0360	0.0396	0.0447	0.0520	0.0261	0.0259	0.0285	0.0335	0.0418	0.0561	0.0202	0.0178	0.0181	0.0203	0.0259	0.0368	0.0562
723	0.0438	0.0452	0.0421	0.0416	0.0377	0.0429	0.0437	0.0446	0.0462	0.0323	0.0344	0.0361	0.0397	0.0447	0.0521	0.0262	0.0260	0.0285	0.0336	0.0418	0.0562	0.0203	0.0178	0.0181	0.0203	0.0260	0.0368	0.0563
724	0.0438	0.0452	0.0423	0.0417	0.0377	0.0430	0.0438	0.0447	0.0462	0.0324	0.0345	0.0361	0.0397	0.0448	0.0522	0.0262	0.0261	0.0286	0.0337	0.0419	0.0562	0.0203	0.0178	0.0182	0.0204	0.0261	0.0368	0.0563
725	0.0439	0.0453	0.0423	0.0418	0.0378	0.0431	0.0439	0.0447	0.0463	0.0324	0.0345	0.0362	0.0398	0.0448	0.0523	0.0263	0.0261	0.0286	0.0338	0.0419	0.0562	0.0204	0.0178	0.0182	0.0204	0.0261	0.0369	0.0563
726	0.0440	0.0454	0.0424	0.0419	0.0379	0.0432	0.0439	0.0448	0.0464	0.0324	0.0345	0.0363	0.0398	0.0449	0.0524	0.0264	0.0261	0.0287	0.0338	0.0419	0.0563	0.0204	0.0179	0.0182	0.0204	0.0261	0.0370	0.0563
727	0.0441	0.0456	0.0425	0.0420	0.0379	0.0433	0.0440	0.0449	0.0465	0.0326	0.0347	0.0364	0.0400	0.0450	0.0524	0.0265	0.0262	0.0288	0.0339	0.0420	0.0564	0.0204	0.0179	0.0183	0.0205	0.0262	0.0370	0.0564
728	0.0442	0.0457	0.0426	0.0421	0.0381	0.0435	0.0442	0.0451	0.0467	0.0328	0.0348	0.0365	0.0401	0.0451	0.0526	0.0265	0.0263	0.0289	0.0340	0.0421	0.0565	0.0206	0.0180	0.0184	0.0206	0.0263	0.0371	0.0565
729	0.0444	0.0458	0.0427	0.0423	0.0382	0.0436	0.0443	0.0452	0.0468	0.0329	0.0349	0.0365	0.0402	0.0452	0.0527	0.0266	0.0264	0.0290	0.0341	0.0422	0.0566	0.0207	0.0181	0.0185	0.0207	0.0263	0.0372	0.0566
730	0.0444	0.0459	0.0429	0.0423	0.0383	0.0436	0.0443	0.0453	0.0468	0.0329	0.0350	0.0366	0.0403	0.0454	0.0527	0.0267	0.0264	0.0290	0.0341	0.0423	0.0567	0.0208	0.0181	0.0185	0.0207	0.0263	0.0372	0.0567
731	0.0446	0.0459	0.0430	0.0424	0.0385	0.0438	0.0444	0.0454	0.0469	0.0331	0.0351	0.0368	0.0403	0.0455	0.0529	0.0268	0.0266	0.0291	0.0342	0.0424	0.0568	0.0208	0.0183	0.0186	0.0208	0.0265	0.0373	0.0568
732	0.0447	0.0461	0.0431	0.0425	0.0385	0.0439	0.0445	0.0454	0.0471	0.0332	0.0352	0.0369	0.0404	0.0455	0.0530	0.0268	0.0267	0.0292	0.0342	0.0424	0.0568	0.0209	0.0183	0.0187	0.0208	0.0265	0.0374	0.0568
733	0.0447	0.0462	0.0431	0.0427	0.0386	0.0440	0.0447	0.0455	0.0472	0.0332	0.0353	0.0370	0.0405	0.0456	0.0530	0.0269	0.0267	0.0293	0.0343	0.0425	0.0569	0.0210	0.0183	0.0187	0.0209	0.0265	0.0374	0.0568
734	0.0447	0.0462	0.0431	0.0426	0.0386	0.0439	0.0447	0.0456	0.0471	0.0332	0.0353	0.0369	0.0405	0.0456	0.0530	0.0270	0.0267	0.0293	0.0343	0.0425	0.0568	0.0209	0.0183	0.0186	0.0208	0.0265	0.0373	0.0568
735	0.0449	0.0463	0.0433	0.0427	0.0387	0.0441	0.0448	0.0457	0.0472	0.0334	0.0354	0.0370	0.0406	0.0457	0.0531	0.0271	0.0268	0.0294	0.0344	0.0426	0.0570	0.0210	0.0184	0.0186	0.0209	0.0266	0.0374	0.0568
736	0.0451	0.0465	0.0435	0.0429	0.0389	0.0443	0.0450	0.0458	0.0474	0.0336	0.0355	0.0372	0.0407	0.0458	0.0532	0.0272	0.0270	0.0295	0.0345	0.0427	0.0572	0.0212	0.0186	0.0188	0.0211	0.0267	0.0375	0.0570
737	0.0452	0.0465	0.0436	0.0430	0.0390	0.0444	0.0451	0.0459	0.0476	0.0337	0.0357	0.0373	0.0408	0.0460	0.0533	0.0273	0.0270	0.0295	0.0346	0.0428	0.0572	0.0212	0.0186	0.0188	0.0211	0.0267	0.0376	0.0570
738	0.0452	0.0467	0.0437	0.0431	0.0391	0.0445	0.0451	0.0460	0.0477	0.0337	0.0357	0.0374	0.0409	0.0461	0.0534	0.0274	0.0271	0.0296	0.0347	0.0429	0.0573	0.0212	0.0186	0.0189	0.0211	0.0267	0.0376	0.0571
739	0.0453	0.0468	0.0437	0.0432	0.0392	0.0446	0.0452	0.0461	0.0478	0.0338	0.0358	0.0375	0.0410	0.0461	0.0535	0.0274	0.0271	0.0297	0.0347	0.0430	0.0574	0.0213	0.0186	0.0190	0.0211	0.0267	0.0376	0.0571
740	0.0454	0.0469	0.0439	0.0434	0.0393	0.0447	0.0454	0.0462	0.0478	0.0340	0.0359	0.0375	0.0411	0.0463	0.0536	0.0276	0.0272	0.0298	0.0348	0.0430	0.0575	0.0214	0.0188	0.0190	0.0212	0.0268	0.0377	0.0572
741	0.0455	0.0470	0.0439	0.0435	0.0394	0.0448	0.0454	0.0463	0.0480	0.0340	0.0361	0.0376	0.0411	0.0463	0.0537	0.0276	0.0273	0.0298	0.0348	0.0431	0.0575	0.0214	0.0187	0.0190	0.0213	0.0269	0.0377	0.0572
742	0.0456	0.0471	0.0440	0.0436	0.0395	0.0449	0.0455	0.0464	0.0480	0.0340	0.0361	0.0377	0.0412	0.0464	0.0538	0.0276	0.0274	0.0299	0.0349	0.0431	0.0576	0.0215	0.0188	0.0190	0.0213	0.0270	0.0378	0.0573
743	0.0457	0.0472	0.0441	0.0436	0.0396	0.0449	0.0456	0.0464	0.0480	0.0341	0.0361	0.0377	0.0414	0.0465	0.0538	0.0277	0.0274	0.0300	0.0349	0.0432	0.0577	0.0215	0.0188	0.0190	0.0212	0.0270	0.0379	0.0573
744	0.0459	0.0474	0.0444	0.0439	0.0398	0.0451	0.0458	0.0466	0.0483	0.0344	0.0364	0.0379	0.0415	0.0466	0.0540	0.0279	0.0275	0.0301	0.0351	0.0433	0.0578	0.0217	0.0189	0.0192	0.0214	0.0270	0.0380	0.0575
745	0.0461	0.0476	0.0445	0.0440	0.0399	0.0453	0.0459	0.0468	0.0485	0.0345	0.0365	0.0381	0.0416	0.0468	0.0542	0.0280	0.0277	0.0302	0.0353	0.0435	0.0579	0.0218	0.0190	0.0193	0.0215	0.0271	0.0381	0.0575
746	0.0462	0.0477	0.0447	0.0441	0.0400	0.0454	0.0461	0.0469	0.0486	0.0347	0.0366	0.0382	0.0417	0.0469	0.0543	0.0281	0.0278	0.0303	0.0354	0.0436	0.0579	0.0219	0.0191	0.0194	0.0216	0.0272	0.0382	0.0576
747	0.0463	0.0479	0.0448	0.0443	0.0402	0.0456	0.0462	0.0470	0.0487	0.0348	0.0368	0.0384	0.0418	0.0470	0.0544	0.0282	0.0279	0.0304	0.0355	0.0436	0.0581	0.0220	0.0192	0.0195	0.0217	0.0274	0.0382	0.0577
748	0.0465	0.0480	0.0449	0.0444	0.0403	0.0457	0.0464	0.0472	0.0488	0.0349	0.0369	0.0385	0.0420	0.0471	0.0545	0.0283	0.0280	0.0305	0.0356	0.0437	0.0582	0.0220	0.0192	0.0196	0.0218	0.0275	0.0383	0.0577
749	0.0466	0.0481	0.0451	0.0445	0.0405	0.0457	0.0465	0.0474	0.0490	0.0349	0.0370	0.0386	0.0421	0.0473	0.0546	0.0284	0.0280	0.0306	0.0357	0.0438	0.0582	0.0221	0.0193	0.0196	0.0218	0.0275	0.0383	0.0578
750	0.0466	0.0483	0.0452	0.0446	0.0406	0.0459	0.0466	0.0475	0.0491	0.0351	0.0371	0.0386	0.0422	0.0474	0.0547	0.0286	0.0281	0.0307	0.0358	0.0439	0.0583	0.0222	0.0195	0.0197	0.0219	0.0276	0.0383	0.0579
751	0.0467	0.0483	0.0452	0.0447	0.0407	0.0460	0.0467	0.0476	0.0491	0.0352	0.0372	0.0387	0.0423	0.0473	0.0547	0.0286	0.0282	0.0307	0.0358	0.0439	0.0584	0.0223	0.0195	0.0197	0.0219	0.0275	0.0384	0.0579
752	0.0469	0.0484	0.0453	0.0449	0.0408	0.0461	0.0468	0.0477	0.0492	0.0353	0.0373	0.0388	0.0423	0.0474	0.0548	0.0286	0.0283	0.0308	0.0358	0.0440	0.0585	0.0223	0.0195	0.0198	0.0219	0.0276	0.0385	0.0579
753	0.0471	0.0486	0.0455	0.0451	0.0409	0.0463	0.0470	0.0478	0.0494	0.0355	0.0374	0.0389	0.0425	0.0476	0.0551	0.0288	0.0284	0.0309	0.0360	0.0442	0.0585	0.0223	0.0196	0.0199	0.0221	0.0277	0.0386	0.0581
754	0.0472	0.0487	0.0457	0.0452	0.0411	0.0465	0.0471	0.0479	0.0496	0.0356	0.0376	0.0391	0.0427	0.0477	0.0552	0.0289	0.0286	0.0310	0.0361	0.0443	0.0587	0.0224	0.0197	0.0200	0.0221	0.0278	0.0386	0.0581
755	0.0474	0.0489	0.0459	0.0453	0.0413	0.0466	0.0472	0.0481	0.0498	0.0357	0.0378	0.0392	0.0428	0.0479	0.0554	0.0291	0.0286	0.0311	0.0362	0.0444	0.0588	0.0225	0.0197	0.0200	0.0222	0.0278	0.0386	0.0582
756	0.0476	0.0490	0.0460	0.0455	0.0414	0.0467	0.0473	0.0482	0.0499	0.0359	0.0379	0.0393	0.0429	0.0480	0.0554	0.0292	0.0286	0.0312	0.0363	0.0444	0.0590	0.0226	0.0198	0.0200	0.0223	0.0280	0.0388	0.0583
757	0.0477	0.0493	0.0462	0.0456	0.0415	0.0469	0.0474	0.0483	0.0501	0.0360	0.0380	0.0395	0.0429	0.0481	0.0556	0.0293	0.0288	0.0314	0.0365	0.0446	0.0590	0.0227	0.0199	0.0202	0.0224	0.0280	0.0388	0.0584
758	0.0478	0.0493	0.0463	0.0457	0.0416	0.0471	0.0475	0.0485	0.0501	0.0361	0.0380	0.0396	0.0430	0.0481	0.0557	0.0293	0.0289	0.0314	0.0365	0.0447	0.0591	0.0228	0.0199	0.0202	0.0224	0.0280	0.0389	0.0584
759	0.0479	0.0494	0.0463	0.0459	0.0417	0.0472	0.0476	0.0486	0.0502	0.0362	0.0381	0.0396	0.0431	0.0482	0.0557	0.0294	0.0290	0.0315	0.0365	0.0447	0.0592	0.0229	0.0199	0.0202	0.0224	0.0280	0.0390	0.0583
760	0.0480	0.0495	0.0465	0.0460	0.0419	0.0472	0.0478	0.0486	0.0503	0.0364	0.0383	0.0397	0.0433	0.0484	0.0559	0.0295	0.0291	0.0316	0.0366	0.0448	0.0593	0.0230	0.0201	0.0203	0.0225	0.0281	0.0391	0.0585
761	0.0481	0.0496	0.0467	0.0460	0.0420	0.0474	0.0479	0.0488	0.0505	0.0365	0.0384	0.0398	0.0434	0.0485	0.0560	0.0296	0.0292	0.0317	0.0367	0.0449	0.0594	0.0231	0.0202	0.0203	0.0225	0.0282	0.0391	0.0585
762	0.0482	0.0497	0.0468	0.0461	0.0421	0.0475	0.0481	0.0489	0.0506	0.0366	0.0385	0.0399	0.0435	0.0486	0.0561	0.0297	0.0293	0.0318	0.0368	0.0450	0.0594	0.0231	0.0202	0.0204	0.0225	0.0283	0.0391	0.0586
763	0.0484	0.0499	0.0469	0.0463	0.0423	0.0477	0.0482	0.0491	0.0507	0.0367	0.0386	0.0401	0.0436	0.0488	0.0562	0.0298	0.0293	0.0318	0.0369	0.0451	0.0595	0.0232	0.0203	0.0205	0.0227	0.0284	0.0392	0.0587
764	0.0486	0.0501	0.0471	0.0465	0.0424	0.0478	0.0484	0.0492	0.0508	0.0368	0.0388	0.0403	0.0438	0.0489	0.0563	0.0300	0.0295	0.0319	0.0370	0.0452	0.0596	0.0233	0.0204	0.0207	0.0228	0.0284	0.0394	0.0588
765	0.0487	0.0503	0.0471	0.0466	0.0425	0.0479	0.0484	0.0493	0.0509	0.0369	0.0389	0.0404	0.0438	0.0489	0.0564	0.0300	0.0296	0.0320	0.0371	0.0453	0.0597	0.0233	0.0204	0.0207	0.0228	0.0284	0.0394	0.0588
766	0.0487	0.0504	0.0471	0.0467	0.0425	0.0480	0.0484	0.0493	0.0509	0.0369	0.0389	0.0404	0.0438	0.0490	0.0564	0.0301	0.0295	0.0321	0.0371	0.0453	0.0597	0.0233	0.0204	0.0207	0.0228	0.0284	0.0393	0.0588
767	0.0489	0.0505	0.0473	0.0468	0.0427	0.0482	0.0486	0.0494	0.0511	0.0371	0.0390	0.0405	0.0440	0.0491	0.0566	0.0302	0.0297	0.0323	0.0372	0.0455	0.0598	0.0235	0.0205	0.0208	0.0229	0.0286	0.0395	0.0590
768	0.0490	0.0505	0.0475	0.0470	0.0428	0.0483	0.0487	0.0495	0.0512	0.0373	0.0391	0.0406	0.0441	0.0492	0.0567	0.0303	0.0298	0.0323	0.0373	0.0456	0.0599	0.0236	0.0206	0.0208	0.0230	0.0287	0.0395	0.0590
769	0.0491	0.0506	0.0476	0.0471	0.0429	0.0483	0.0488	0.0496	0.0514	0.0374	0.0392	0.0407	0.0441	0.0493	0.0568	0.0304	0.0299	0.0323	0.0374	0.0456	0.0599	0.0236	0.0206	0.0209	0.0230	0.0287	0.0396	0.0590
770	0.0492	0.0508	0.0477	0.0471	0.0430	0.0484	0.0489	0.0497	0.0514	0.0374	0.0394	0.0408	0.0442	0.0494	0.0569	0.0305	0.0299	0.0324	0.0375	0.0456	0.0600	0.0237	0.0207	0.0209	0.0231	0.0287	0.0395	0.0591
771	0.0493	0.0509	0.0478	0.0472	0.0431	0.0486	0.0490	0.0499	0.0516	0.0376	0.0395	0.0409	0.0443	0.0495	0.0569	0.0306	0.0301	0.0325	0.0376	0.0457	0.0602	0.0237	0.0208	0.0210	0.0232	0.0288	0.0397	0.0592
772	0.0494	0.0510	0.0479	0.0474	0.0432	0.0487	0.0491	0.0500	0.0516	0.0377	0.0396	0.0410	0.0445	0.0496	0.0570	0.0307	0.0302	0.0325	0.0376	0.0458	0.0603	0.0238	0.0209	0.0211	0.0233	0.0289	0.0398	0.0592
773	0.0495	0.0511	0.0480	0.0475	0.0433	0.0487	0.0493	0.0501	0.0517	0.0379	0.0397	0.0412	0.0446	0.0496	0.0571	0.0308	0.0302	0.0326	0.0377	0.0458	0.0604	0.0239	0.0210	0.0211	0.0233	0.0289	0.0399	0.0593
774	0.0496	0.0513	0.0480	0.0476	0.0434	0.0488	0.0494	0.0502	0.0519	0.0379	0.0397	0.0412	0.0447	0.0498	0.0572	0.0307	0.0303	0.0327	0.0377	0.0459	0.0604	0.0239	0.0210	0.0211	0.0233	0.0290	0.0399	0.0594
775	0.0497	0.0513	0.0481	0.0476	0.0435	0.0490	0.0494	0.0503	0.0520	0.0379	0.0398	0.0412	0.0448	0.0499	0.0573	0.0308	0.0303	0.0327	0.0378	0.0460	0.0605	0.0240	0.0210	0.0212	0.0234	0.0290	0.0399	0.0594
776	0.0498	0.0514	0.0482	0.0477	0.0437	0.0491	0.0495	0.0504	0.0520	0.0380	0.0399	0.0413	0.0449	0.0500	0.0575	0.0309	0.0304	0.0328	0.0379	0.0461	0.0605	0.0242	0.0210	0.0213	0.0235	0.0291	0.0400	0.0595
777	0.0499	0.0515	0.0484	0.0478	0.0437	0.0491	0.0496	0.0503	0.0521	0.0381	0.0400	0.0414	0.0449	0.0500	0.0575	0.0310	0.0305	0.0329	0.0379	0.0461	0.0606	0.0242	0.0211	0.0213	0.0235	0.0291	0.0400	0.0595
778	0.0500	0.0516	0.0485	0.0479	0.0438	0.0491	0.0497	0.0504	0.0522	0.0381	0.0401	0.0415	0.0449	0.0500	0.0575	0.0310	0.0306	0.0330	0.0380	0.0461	0.0607	0.0242	0.0211	0.0213	0.0235	0.0291	0.0400	0.0595
779	0.0501	0.0517	0.0486	0.0481	0.0439	0.0493	0.0497	0.0506	0.0523	0.0383	0.0402	0.0416	0.0450	0.0501	0.0576	0.0311	0.0307	0.0330	0.0381	0.0462	0.0608	0.0242	0.0212	0.0214	0.0236	0.0292	0.0401	0.0596
780	0.0503	0.0518	0.0488	0.0482	0.0440	0.0495	0.0499	0.0508	0.0524	0.0385	0.0403	0.0418	0.0452	0.0503	0.0578	0.0313	0.0307	0.0332	0.0382	0.0464	0.0610	0.0243	0.0213	0.0215	0.0236	0.0293	0.0402	0.0598
781	0.0503	0.0519	0.0488	0.0482	0.0441	0.0495	0.0500	0.0508	0.0524	0.0386	0.0404	0.0418	0.0452	0.0503	0.0578	0.0314	0.0307	0.0332	0.0382	0.0464	0.0610	0.0244	0.0214	0.0215	0.0236	0.0294	0.0403	0.0598
782	0.0503	0.0520	0.0488	0.0483	0.0442	0.0496	0.0501	0.0509	0.0525	0.0387	0.0405	0.0418	0.0452	0.0504	0.0578	0.0314	0.0308	0.0333	0.0383	0.0465	0.0610	0.0245	0.0214	0.0215	0.0237	0.0294	0.0403	0.0598
783	0.0505	0.0521	0.0490	0.0485	0.0443	0.0497	0.0502	0.0510	0.0527	0.0388	0.0405	0.0419	0.0454	0.0505	0.0580	0.0314	0.0310	0.0334	0.0385	0.0466	0.0611	0.0246	0.0214	0.0216	0.0238	0.0295	0.0404	0.0598
784	0.0505	0.0522	0.0491	0.0485	0.0444	0.0498	0.0502	0.0511	0.0527	0.0389	0.0406	0.0420	0.0455	0.0506	0.0581	0.0315	0.0311	0.0334	0.0385	0.0467	0.0611	0.0247	0.0215	0.0216	0.0238	0.0294	0.0404	0.0599
785	0.0507	0.0523	0.0492	0.0486	0.0445	0.0499	0.0503	0.0512	0.0529	0.0389	0.0407	0.0421	0.0455	0.0507	0.0582	0.0316	0.0311	0.0335	0.0385	0.0467	0.0612	0.0247	0.0215	0.0217	0.0238	0.0295	0.0405	0.0600
786	0.0508	0.0524	0.0493	0.0488	0.0446	0.0500	0.0505	0.0513	0.0530	0.0389	0.0408	0.0422	0.0456	0.0507	0.0583	0.0316	0.0311	0.0335	0.0386	0.0467	0.0614	0.0247	0.0216	0.0218	0.0239	0.0296	0.0405	0.0601
787	0.0509	0.0524	0.0493	0.0488	0.0447	0.0501	0.0505	0.0513	0.0530	0.0391	0.0409	0.0423	0.0456	0.0508	0.0583	0.0317	0.0312	0.0336	0.0387	0.0467	0.0613	0.0248	0.0216	0.0218	0.0240	0.0296	0.0405	0.0601
788	0.0510	0.0525	0.0494	0.0488	0.0448	0.0502	0.0506	0.0514	0.0530	0.0392	0.0410	0.0424	0.0457	0.0508	0.0585	0.0318	0.0312	0.0336	0.0387	0.0468	0.0614	0.0248	0.0216	0.0218	0.0240	0.0296	0.0405	0.0601
789	0.0510	0.0526	0.0495	0.0489	0.0449	0.0502	0.0507	0.0515	0.0531	0.0393	0.0410	0.0424	0.0458	0.0509	0.0585	0.0319	0.0312	0.0337	0.0387	0.0469	0.0615	0.0249	0.0217	0.0218	0.0240	0.0297	0.0406	0.0602
790	0.0511	0.0527	0.0496	0.0491	0.0450	0.0503	0.0508	0.0515	0.0532	0.0393	0.0411	0.0424	0.0459	0.0510	0.0585	0.0320	0.0313	0.0337	0.0388	0.0470	0.0616	0.0249	0.0218	0.0219	0.0241	0.0297	0.0407	0.0602
791	0.0512	0.0528	0.0497	0.0492	0.0452	0.0504	0.0509	0.0516	0.0533	0.0395	0.0412	0.0425	0.0460	0.0511	0.0586	0.0321	0.0314	0.0338	0.0389	0.0470	0.0616	0.0250	0.0218	0.0219	0.0241	0.0298	0.0407	0.0602
792	0.0513	0.0529	0.0498	0.0492	0.0453	0.0505	0.0509	0.0517	0.0535	0.0397	0.0412	0.0426	0.0461	0.0512	0.0587	0.0321	0.0315	0.0338	0.0390	0.0471	0.0617	0.0250	0.0218	0.0219	0.0242	0.0298	0.0408	0.0603
793	0.0514	0.0530	0.0499	0.0492	0.0454	0.0505	0.0510	0.0518	0.0536	0.0398	0.0414	0.0427	0.0461	0.0514	0.0587	0.0322	0.0314	0.0339	0.0390	0.0472	0.0617	0.0251	0.0220	0.0220	0.0242	0.0299	0.0408	0.0603
794	0.0515	0.0531	0.0501	0.0494	0.0454	0.0507	0.0511	0.0520	0.0537	0.0398	0.0415	0.0429	0.0462	0.0514	0.0589	0.0323	0.0316	0.0340	0.0391	0.0473	0.0618	0.0252	0.0220	0.0221	0.0242	0.0300	0.0409	0.0604
795	0.0516	0.0532	0.0501	0.0495	0.0454	0.0508	0.0512	0.0521	0.0537	0.0398	0.0416	0.0429	0.0463	0.0514	0.0589	0.0323	0.0317	0.0341	0.0391	0.0473	0.0619	0.0252	0.0220	0.0222	0.0242	0.0300	0.0410	0.0605
796	0.0516	0.0533	0.0501	0.0495	0.0454	0.0508	0.0512	0.0520	0.0538	0.0398	0.0416	0.0429	0.0463	0.0515	0.0590	0.0323	0.0318	0.0341	0.0391	0.0474	0.0619	0.0252	0.0221	0.0222	0.0243	0.0300	0.0410	0.0605
797	0.0518	0.0534	0.0502	0.0497	0.0456	0.0509	0.0514	0.0521	0.0539	0.0400	0.0417	0.0430	0.0464	0.0515	0.0591	0.0325	0.0318	0.0342	0.0392	0.0475	0.0620	0.0253	0.0222	0.0222	0.0244	0.0301	0.0410	0.0606
798	0.0519	0.0534	0.0504	0.0498	0.0457	0.0510	0.0515	0.0522	0.0540	0.0401	0.0417	0.0431	0.0465	0.0516	0.0592	0.0326	0.0319	0.0343	0.0393	0.0476	0.0621	0.0254	0.0222	0.0223	0.0244	0.0301	0.0410	0.0607
799	0.0520	0.0535	0.0504	0.0498	0.0459	0.0512	0.0515	0.0523	0.0540	0.0402	0.0418	0.0431	0.0467	0.0517	0.0593	0.0326	0.0319	0.0344	0.0394	0.0476	0.0621	0.0255	0.0223	0.0224	0.0245	0.0301	0.0410	0.0607
800	0.0520	0.0537	0.0506	0.0500	0.0459	0.0512	0.0516	0.0525	0.0541	0.0403	0.0420	0.0431	0.0467	0.0519	0.0593	0.0326	0.0319	0.0344	0.0395	0.0476	0.0621	0.0255	0.0223	0.0224	0.0246	0.0302	0.0411	0.0608
801	0.0521	0.0538	0.0507	0.0501	0.0460	0.0514	0.0517	0.0525	0.0542	0.0404	0.0421	0.0433	0.0467	0.0519	0.0594	0.0327	0.0320	0.0344	0.0395	0.0477	0.0622	0.0256	0.0223	0.0224	0.0246	0.0302	0.0412	0.0608
802	0.0521	0.0539	0.0507	0.0502	0.0461	0.0514	0.0518	0.0526	0.0543	0.0404	0.0422	0.0434	0.0468	0.0520	0.0594	0.0328	0.0321	0.0345	0.0395	0.0478	0.0623	0.0257	0.0223	0.0225	0.0246	0.0302	0.0413	0.0608
803	0.0523	0.0540	0.0507	0.0504	0.0462	0.0514	0.0519	0.0529	0.0544	0.0405	0.0422	0.0435	0.0470	0.0521	0.0595	0.0330	0.0323	0.0346	0.0396	0.0479	0.0625	0.0258	0.0225	0.0226	0.0248	0.0303	0.0414	0.0609
804	0.0524	0.0541	0.0509	0.0504	0.0463	0.0516	0.0520	0.0529	0.0546	0.0407	0.0423	0.0435	0.0471	0.0522	0.0596	0.0330	0.0324	0.0346	0.0397	0.0480	0.0625	0.0259	0.0226	0.0225	0.0247	0.0304	0.0414	0.0609
805	0.0525	0.0542	0.0510	0.0505	0.0464	0.0518	0.0520	0.0529	0.0547	0.0407	0.0424	0.0435	0.0471	0.0523	0.0597	0.0330	0.0323	0.0347	0.0397	0.0481	0.0626	0.0259	0.0226	0.0225	0.0247	0.0305	0.0414	0.0610
806	0.0526	0.0543	0.0510	0.0505	0.0465	0.0518	0.0521	0.0529	0.0547	0.0408	0.0425	0.0436	0.0472	0.0523	0.0599	0.0331	0.0324	0.0347	0.0398	0.0481	0.0626	0.0260	0.0226	0.0227	0.0248	0.0305	0.0414	0.0611
807	0.0527	0.0544	0.0512	0.0507	0.0467	0.0520	0.0523	0.0531	0.0548	0.0410	0.0426	0.0438	0.0473	0.0524	0.0600	0.0333	0.0325	0.0349	0.0399	0.0482	0.0626	0.0261	0.0227	0.0227	0.0248	0.0306	0.0416	0.0611
808	0.0529	0.0545	0.0514	0.0507	0.0468	0.0521	0.0524	0.0532	0.0549	0.0411	0.0428	0.0440	0.0474	0.0525	0.0601	0.0334	0.0327	0.0350	0.0401	0.0483	0.0628	0.0261	0.0227	0.0228	0.0249	0.0306	0.0417	0.0613
809	0.0530	0.0547	0.0514	0.0508	0.0468	0.0521	0.0524	0.0533	0.0550	0.0412	0.0428	0.0440	0.0475	0.0526	0.0602	0.0335	0.0327	0.0350	0.0401	0.0483	0.0630	0.0260	0.0228	0.0229	0.0250	0.0307	0.0417	0.0614
810	0.0530	0.0547	0.0514	0.0509	0.0468	0.0521	0.0525	0.0532	0.0549	0.0412	0.0428	0.0440	0.0474	0.0526	0.0602	0.0335	0.0327	0.0350	0.0401	0.0483	0.0628	0.0260	0.0228	0.0229	0.0249	0.0306	0.0416	0.0613
811	0.0531	0.0547	0.0515	0.0510	0.0469	0.0522	0.0526	0.0534	0.0551	0.0412	0.0429	0.0442	0.0475	0.0527	0.0602	0.0336	0.0328	0.0351	0.0401	0.0484	0.0629	0.0261	0.0228	0.0230	0.0250	0.0307	0.0417	0.0614
812	0.0532	0.0548	0.0517	0.0511	0.0470	0.0524	0.0528	0.0535	0.0552	0.0413	0.0430	0.0443	0.0477	0.0527	0.0603	0.0336	0.0329	0.0352	0.0402	0.0485	0.0630	0.0262	0.0229	0.0230	0.0251	0.0308	0.0418	0.0614
813	0.0533	0.0549	0.0517	0.0512	0.0472	0.0525	0.0528	0.0535	0.0553	0.0415	0.0431	0.0442	0.0478	0.0528	0.0605	0.0336	0.0329	0.0352	0.0403	0.0486	0.0631	0.0264	0.0230	0.0231	0.0251	0.0308	0.0418	0.0614
814	0.0533	0.0550	0.0519	0.0513	0.0472	0.0526	0.0528	0.0537	0.0554	0.0416	0.0432	0.0444	0.0478	0.0530	0.0605	0.0337	0.0330	0.0353	0.0404	0.0486	0.0632	0.0264	0.0231	0.0231	0.0252	0.0309	0.0418	0.0615
815	0.0534	0.0552	0.0520	0.0513	0.0473	0.0527	0.0529	0.0538	0.0555	0.0417	0.0433	0.0445	0.0479	0.0531	0.0606	0.0339	0.0330	0.0354	0.0405	0.0487	0.0633	0.0265	0.0231	0.0231	0.0253	0.0310	0.0419	0.0616
816	0.0535	0.0553	0.0521	0.0514	0.0474	0.0527	0.0530	0.0539	0.0557	0.0417	0.0434	0.0445	0.0480	0.0532	0.0608	0.0340	0.0331	0.0354	0.0406	0.0488	0.0634	0.0266	0.0231	0.0232	0.0254	0.0311	0.0420	0.0616
817	0.0536	0.0553	0.0522	0.0515	0.0475	0.0529	0.0530	0.0539	0.0557	0.0418	0.0434	0.0445	0.0480	0.0531	0.0608	0.0339	0.0331	0.0355	0.0405	0.0488	0.0634	0.0265	0.0232	0.0231	0.0253	0.0310	0.0420	0.0616
818	0.0537	0.0554	0.0523	0.0517	0.0477	0.0530	0.0531	0.0540	0.0557	0.0420	0.0434	0.0446	0.0481	0.0531	0.0608	0.0340	0.0332	0.0356	0.0406	0.0488	0.0634	0.0266	0.0232	0.0232	0.0254	0.0310	0.0420	0.0617
819	0.0539	0.0555	0.0524	0.0519	0.0478	0.0530	0.0534	0.0541	0.0559	0.0421	0.0436	0.0448	0.0482	0.0533	0.0610	0.0341	0.0333	0.0357	0.0407	0.0490	0.0636	0.0266	0.0233	0.0233	0.0255	0.0311	0.0421	0.0618
820	0.0540	0.0556	0.0525	0.0519	0.0478	0.0530	0.0535	0.0542	0.0560	0.0422	0.0438	0.0450	0.0483	0.0535	0.0610	0.0342	0.0333	0.0357	0.0408	0.0490	0.0636	0.0268	0.0233	0.0234	0.0255	0.0312	0.0422	0.0619
821	0.0540	0.0556	0.0525	0.0519	0.0478	0.0531	0.0535	0.0543	0.0560	0.0422	0.0438	0.0450	0.0483	0.0535	0.0610	0.0342	0.0333	0.0357	0.0408	0.0491	0.0636	0.0269	0.0234	0.0234	0.0255	0.0312	0.0422	0.0619
822	0.0540	0.0557	0.0525	0.0520	0.0480	0.0533	0.0536	0.0544	0.0560	0.0423	0.0438	0.0450	0.0484	0.0536	0.0610	0.0343	0.0334	0.0357	0.0409	0.0492	0.0637	0.0269	0.0234	0.0234	0.0256	0.0313	0.0423	0.0619
823	0.0543	0.0559	0.0527	0.0521	0.0482	0.0534	0.0537	0.0546	0.0562	0.0424	0.0440	0.0451	0.0487	0.0536	0.0612	0.0344	0.0336	0.0360	0.0410	0.0493	0.0639	0.0270	0.0234	0.0235	0.0256	0.0314	0.0424	0.0620
824	0.0544	0.0559	0.0527	0.0522	0.0483	0.0535	0.0537	0.0546	0.0564	0.0425	0.0440	0.0451	0.0487	0.0537	0.0613	0.0345	0.0336	0.0360	0.0410	0.0493	0.0639	0.0270	0.0235	0.0236	0.0257	0.0314	0.0424	0.0621
825	0.0545	0.0560	0.0528	0.0523	0.0483	0.0536	0.0538	0.0547	0.0565	0.0425	0.0441	0.0452	0.0487	0.0538	0.0614	0.0345	0.0337	0.0360	0.0410	0.0493	0.0639	0.0270	0.0235	0.0236	0.0257	0.0314	0.0424	0.0621
826	0.0545	0.0562	0.0529	0.0525	0.0483	0.0537	0.0540	0.0548	0.0564	0.0427	0.0442	0.0453	0.0487	0.0540	0.0615	0.0347	0.0338	0.0361	0.0411	0.0493	0.0640	0.0271	0.0235	0.0236	0.0257	0.0314	0.0423	0.0622
827	0.0546	0.0563	0.0530	0.0525	0.0485	0.0537	0.0541	0.0549	0.0565	0.0427	0.0442	0.0454	0.0488	0.0540	0.0615	0.0347	0.0339	0.0361	0.0412	0.0494	0.0641	0.0271	0.0237	0.0236	0.0258	0.0315	0.0425	0.0623
828	0.0547	0.0564	0.0531	0.0526	0.0486	0.0537	0.0541	0.0549	0.0566	0.0428	0.0443	0.0454	0.0489	0.0541	0.0616	0.0347	0.0339	0.0362	0.0413	0.0496	0.0641	0.0272	0.0237	0.0236	0.0258	0.0315	0.0426	0.0623
829	0.0548	0.0564	0.0532	0.0527	0.0486	0.0539	0.0541	0.0549	0.0567	0.0429	0.0443	0.0455	0.0490	0.0541	0.0617	0.0348	0.0339	0.0363	0.0413	0.0496	0.0642	0.0273	0.0237	0.0237	0.0257	0.0315	0.0426	0.0623
830	0.0549	0.0567	0.0534	0.0528	0.0488	0.0541	0.0543	0.0551	0.0569	0.0430	0.0444	0.0456	0.0490	0.0541	0.0618	0.0349	0.0341	0.0363	0.0415	0.0497	0.0643	0.0274	0.0237	0.0238	0.0259	0.0316	0.0426	0.0624
831	0.0549	0.0568	0.0534	0.0529	0.0489	0.0541	0.0543	0.0551	0.0569	0.0431	0.0445	0.0457	0.0491	0.0543	0.0618	0.0349	0.0341	0.0364	0.0416	0.0497	0.0643	0.0274	0.0238	0.0239	0.0260	0.0316	0.0427	0.0625
832	0.0550	0.0568	0.0535	0.0529	0.0490	0.0542	0.0544	0.0551	0.0570	0.0432	0.0447	0.0458	0.0492	0.0544	0.0619	0.0350	0.0342	0.0365	0.0416	0.0498	0.0644	0.0274	0.0239	0.0240	0.0261	0.0316	0.0428	0.0625
833	0.0552	0.0569	0.0536	0.0531	0.0491	0.0543	0.0546	0.0554	0.0573	0.0435	0.0448	0.0459	0.0493	0.0545	0.0621	0.0353	0.0343	0.0365	0.0416	0.0500	0.0645	0.0275	0.0240	0.0240	0.0263	0.0317	0.0428	0.0625
834	0.0552	0.0570	0.0536	0.0531	0.0490	0.0543	0.0547	0.0554	0.0572	0.0434	0.0449	0.0459	0.0493	0.0545	0.0621	0.0351	0.0343	0.0365	0.0415	0.0499	0.0645	0.0275	0.0240	0.0239	0.0261	0.0317	0.0428	0.0625
835	0.0552	0.0570	0.0537	0.0532	0.0490	0.0543	0.0547	0.0554	0.0573	0.0434	0.0449	0.0460	0.0493	0.0545	0.0621	0.0351	0.0343	0.0366	0.0415	0.0498	0.0645	0.0276	0.0239	0.0239	0.0260	0.0318	0.0427	0.0626
836	0.0553	0.0570	0.0539	0.0533	0.0492	0.0544	0.0547	0.0554	0.0574	0.0434	0.0449	0.0460	0.0493	0.0546	0.0623	0.0352	0.0344	0.0367	0.0415	0.0499	0.0646	0.0277	0.0239	0.0240	0.0260	0.0319	0.0427	0.0628
837	0.0555	0.0573	0.0541	0.0535	0.0495	0.0547	0.0549	0.0557	0.0576	0.0437	0.0451	0.0462	0.0496	0.0549	0.0624	0.0355	0.0347	0.0369	0.0419	0.0502	0.0648	0.0279	0.0242	0.0243	0.0263	0.0320	0.0429	0.0628
838	0.0557	0.0574	0.0542	0.0536	0.0496	0.0549	0.0551	0.0558	0.0577	0.0438	0.0453	0.0463	0.0498	0.0549	0.0625	0.0356	0.0348	0.0369	0.0422	0.0503	0.0649	0.0280	0.0243	0.0243	0.0264	0.0321	0.0431	0.0629
839	0.0559	0.0575	0.0542	0.0538	0.0497	0.0550	0.0552	0.0559	0.0577	0.0439	0.0453	0.0464	0.0498	0.0549	0.0626	0.0357	0.0348	0.0369	0.0422	0.0503	0.0649	0.0280	0.0243	0.0242	0.0264	0.0322	0.0433	0.0629
840	0.0559	0.0575	0.0543	0.0537	0.0497	0.0550	0.0551	0.0560	0.0578	0.0440	0.0453	0.0465	0.0497	0.0550	0.0627	0.0356	0.0348	0.0370	0.0419	0.0503	0.0651	0.0279	0.0243	0.0243	0.0264	0.0322	0.0432	0.0630
841	0.0560	0.0575	0.0543	0.0537	0.0498	0.0550	0.0552	0.0560	0.0578	0.0441	0.0454	0.0465	0.0499	0.0550	0.0627	0.0356	0.0348	0.0370	0.0420	0.0503	0.0651	0.0280	0.0244	0.0243	0.0264	0.0321	0.0432	0.0630
842	0.0561	0.0577	0.0544	0.0538	0.0499	0.0550	0.0553	0.0561	0.0578	0.0442	0.0454	0.0465	0.0500	0.0551	0.0628	0.0357	0.0348	0.0371	0.0421	0.0504	0.0651	0.0280	0.0244	0.0243	0.0264	0.0321	0.0432	0.0630
843	0.0561	0.0579	0.0545	0.0540	0.0500	0.0551	0.0555	0.0564	0.0580	0.0443	0.0456	0.0467	0.0500	0.0552	0.0629	0.0359	0.0349	0.0371	0.0423	0.0506	0.0652	0.0281	0.0246	0.0244	0.0265	0.0322	0.0433	0.0631
844	0.0562	0.0580	0.0546	0.0542	0.0501	0.0553	0.0554	0.0563	0.0581	0.0443	0.0457	0.0467	0.0501	0.0553	0.0630	0.0359	0.0350	0.0373	0.0423	0.0506	0.0653	0.0282	0.0247	0.0244	0.0266	0.0322	0.0433	0.0631
845	0.0563	0.0581	0.0548	0.0543	0.0502	0.0555	0.0555	0.0563	0.0583	0.0444	0.0458	0.0468	0.0503	0.0554	0.0631	0.0360	0.0351	0.0374	0.0424	0.0507	0.0654	0.0284	0.0247	0.0245	0.0267	0.0323	0.0434	0.0632
846	0.0566	0.0582	0.0549	0.0544	0.0504	0.0556	0.0558	0.0566	0.0584	0.0447	0.0459	0.0469	0.0505	0.0555	0.0632	0.0362	0.0353	0.0375	0.0425	0.0509	0.0655	0.0285	0.0248	0.0247	0.0267	0.0325	0.0435	0.0634
847	0.0566	0.0583	0.0550	0.0545	0.0504	0.0557	0.0559	0.0567	0.0585	0.0447	0.0461	0.0471	0.0504	0.0555	0.0633	0.0363	0.0354	0.0375	0.0426	0.0508	0.0656	0.0286	0.0248	0.0248	0.0269	0.0325	0.0436	0.0633
848	0.0566	0.0583	0.0550	0.0545	0.0505	0.0558	0.0559	0.0567	0.0585	0.0447	0.0462	0.0471	0.0504	0.0556	0.0633	0.0363	0.0353	0.0375	0.0426	0.0509	0.0656	0.0286	0.0248	0.0248	0.0269	0.0325	0.0436	0.0633
849	0.0567	0.0584	0.0550	0.0546	0.0505	0.0559	0.0559	0.0567	0.0584	0.0447	0.0463	0.0471	0.0505	0.0557	0.0633	0.0363	0.0353	0.0375	0.0425	0.0509	0.0656	0.0285	0.0247	0.0247	0.0269	0.0325	0.0436	0.0633
850	0.0567	0.0584	0.0551	0.0546	0.0505	0.0559	0.0559	0.0569	0.0585	0.0448	0.0462	0.0472	0.0503	0.0557	0.0633	0.0362	0.0352	0.0374	0.0424	0.0508	0.0656	0.0285	0.0247	0.0246	0.0268	0.0325	0.0435	0.0634
851	0.0568	0.0585	0.0553	0.0548	0.0507	0.0560	0.0560	0.0570	0.0587	0.0449	0.0463	0.0473	0.0505	0.0558	0.0635	0.0364	0.0353	0.0376	0.0427	0.0510	0.0657	0.0286	0.0249	0.0248	0.0270	0.0326	0.0436	0.0635
852	0.0569	0.0587	0.0554	0.0549	0.0508	0.0561	0.0562	0.0570	0.0588	0.0451	0.0464	0.0473	0.0508	0.0560	0.0636	0.0366	0.0355	0.0379	0.0430	0.0512	0.0658	0.0287	0.0250	0.0249	0.0271	0.0327	0.0437	0.0636
853	0.0571	0.0588	0.0554	0.0550	0.0509	0.0561	0.0563	0.0571	0.0589	0.0453	0.0465	0.0475	0.0510	0.0561	0.0636	0.0366	0.0356	0.0381	0.0431	0.0512	0.0659	0.0288	0.0250	0.0249	0.0270	0.0329	0.0437	0.0637
854	0.0572	0.0589	0.0556	0.0551	0.0510	0.0562	0.0565	0.0573	0.0591	0.0454	0.0466	0.0476	0.0511	0.0563	0.0637	0.0367	0.0357	0.0381	0.0431	0.0513	0.0660	0.0289	0.0251	0.0249	0.0271	0.0330	0.0439	0.0638
855	0.0574	0.0590	0.0557	0.0552	0.0511	0.0563	0.0566	0.0574	0.0592	0.0454	0.0466	0.0477	0.0511	0.0564	0.0638	0.0367	0.0358	0.0381	0.0431	0.0514	0.0661	0.0290	0.0252	0.0250	0.0272	0.0330	0.0440	0.0639
856	0.0575	0.0591	0.0557	0.0553	0.0512	0.0564	0.0567	0.0574	0.0592	0.0455	0.0466	0.0478	0.0510	0.0563	0.0639	0.0367	0.0359	0.0380	0.0432	0.0514	0.0662	0.0289	0.0251	0.0250	0.0273	0.0329	0.0441	0.0639
857	0.0574	0.0592	0.0559	0.0553	0.0513	0.0565	0.0566	0.0576	0.0593	0.0455	0.0468	0.0479	0.0512	0.0564	0.0640	0.0370	0.0359	0.0381	0.0432	0.0514	0.0663	0.0290	0.0252	0.0252	0.0272	0.0329	0.0441	0.0639
858	0.0575	0.0593	0.0560	0.0555	0.0515	0.0566	0.0568	0.0577	0.0595	0.0457	0.0470	0.0480	0.0513	0.0565	0.0641	0.0371	0.0360	0.0381	0.0433	0.0515	0.0664	0.0292	0.0253	0.0252	0.0273	0.0330	0.0442	0.0639
859	0.0577	0.0594	0.0561	0.0556	0.0516	0.0568	0.0570	0.0577	0.0597	0.0460	0.0472	0.0481	0.0515	0.0567	0.0642	0.0372	0.0360	0.0382	0.0435	0.0517	0.0666	0.0293	0.0254	0.0252	0.0275	0.0331	0.0443	0.0640
860	0.0578	0.0593	0.0562	0.0556	0.0517	0.0569	0.0570	0.0578	0.0596	0.0460	0.0471	0.0481	0.0514	0.0566	0.0643	0.0372	0.0361	0.0383	0.0434	0.0517	0.0664	0.0293	0.0255	0.0252	0.0275	0.0331	0.0442	0.0640
861	0.0578	0.0595	0.0562	0.0559	0.0517	0.0570	0.0571	0.0578	0.0596	0.0459	0.0472	0.0481	0.0514	0.0567	0.0644	0.0372	0.0361	0.0384	0.0435	0.0518	0.0663	0.0292	0.0255	0.0252	0.0274	0.0331	0.0442	0.0641
862	0.0579	0.0597	0.0563	0.0560	0.0518	0.0570	0.0572	0.0579	0.0598	0.0459	0.0473	0.0481	0.0516	0.0569	0.0645	0.0373	0.0362	0.0384	0.0435	0.0519	0.0664	0.0293	0.0255	0.0253	0.0274	0.0332	0.0443	0.0642
863	0.0581	0.0598	0.0564	0.0560	0.0518	0.0571	0.0572	0.0582	0.0598	0.0460	0.0473	0.0481	0.0517	0.0569	0.0644	0.0375	0.0363	0.0386	0.0435	0.0518	0.0666	0.0293	0.0255	0.0253	0.0273	0.0332	0.0445	0.0643
864	0.0581	0.0598	0.0565	0.0560	0.0519	0.0571	0.0572	0.0581	0.0600	0.0462	0.0473	0.0483	0.0516	0.0569	0.0646	0.0374	0.0363	0.0386	0.0435	0.0519	0.0667	0.0294	0.0255	0.0254	0.0274	0.0332	0.0443	0.0643
865	0.0581	0.0599	0.0566	0.0561	0.0521	0.0572	0.0574	0.0582	0.0601	0.0464	0.0475	0.0485	0.0517	0.0569	0.0647	0.0374	0.0363	0.0386	0.0437	0.0520	0.0668	0.0294	0.0256	0.0254	0.0275	0.0332	0.0443	0.0643
866	0.0582	0.0601	0.0568	0.0562	0.0523	0.0574	0.0577	0.0585	0.0601	0.0465	0.0477	0.0485	0.0519	0.0571	0.0649	0.0376	0.0365	0.0387	0.0439	0.0523	0.0669	0.0295	0.0256	0.0255	0.0276	0.0334	0.0445	0.0644
867	0.0584	0.0602	0.0569	0.0563	0.0525	0.0576	0.0577	0.0585	0.0603	0.0466	0.0477	0.0486	0.0521	0.0573	0.0649	0.0378	0.0365	0.0388	0.0439	0.0522	0.0668	0.0296	0.0257	0.0256	0.0277	0.0335	0.0447	0.0646
868	0.0586	0.0603	0.0571	0.0565	0.0526	0.0577	0.0577	0.0586	0.0605	0.0466	0.0477	0.0488	0.0522	0.0574	0.0650	0.0379	0.0366	0.0389	0.0440	0.0523	0.0669	0.0298	0.0258	0.0257	0.0279	0.0336	0.0447	0.0647
869	0.0588	0.0604	0.0572	0.0567	0.0525	0.0577	0.0577	0.0586	0.0606	0.0466	0.0479	0.0489	0.0523	0.0574	0.0652	0.0379	0.0367	0.0390	0.0441	0.0523	0.0671	0.0300	0.0258	0.0257	0.0279	0.0336	0.0447	0.0647
870	0.0587	0.0604	0.0571	0.0567	0.0525	0.0577	0.0578	0.0588	0.0606	0.0467	0.0480	0.0490	0.0523	0.0574	0.0651	0.0379	0.0367	0.0390	0.0440	0.0525	0.0671	0.0300	0.0259	0.0257	0.0278	0.0335	0.0447	0.0646
871	0.0589	0.0605	0.0573	0.0567	0.0527	0.0579	0.0580	0.0590	0.0608	0.0469	0.0482	0.0489	0.0523	0.0574	0.0652	0.0381	0.0368	0.0392	0.0441	0.0526	0.0673	0.0300	0.0260	0.0259	0.0278	0.0336	0.0448	0.0647
872	0.0591	0.0607	0.0575	0.0568	0.0528	0.0581	0.0582	0.0591	0.0609	0.0471	0.0483	0.0489	0.0523	0.0576	0.0653	0.0382	0.0369	0.0394	0.0443	0.0526	0.0673	0.0300	0.0261	0.0260	0.0279	0.0338	0.0448	0.0648
873	0.0591	0.0608	0.0575	0.0570	0.0530	0.0581	0.0582	0.0591	0.0608	0.0472	0.0481	0.0492	0.0525	0.0577	0.0655	0.0382	0.0370	0.0394	0.0444	0.0526	0.0672	0.0300	0.0262	0.0259	0.0280	0.0337	0.0448	0.0649
874	0.0592	0.0610	0.0576	0.0570	0.0530	0.0582	0.0582	0.0591	0.0609	0.0473	0.0483	0.0493	0.0526	0.0578	0.0656	0.0383	0.0372	0.0394	0.0445	0.0525	0.0675	0.0301	0.0262	0.0259	0.0281	0.0338	0.0449	0.0650
875	0.0592	0.0611	0.0578	0.0571	0.0531	0.0583	0.0583	0.0591	0.0611	0.0474	0.0485	0.0493	0.0527	0.0578	0.0656	0.0383	0.0373	0.0394	0.0444	0.0526	0.0676	0.0301	0.0261	0.0260	0.0281	0.0338	0.0450	0.0650
876	0.0592	0.0611	0.0578	0.0573	0.0531	0.0582	0.0583	0.0592	0.0612	0.0473	0.0485	0.0494	0.0527	0.0579	0.0655	0.0382	0.0372	0.0394	0.0442	0.0528	0.0676	0.0301	0.0261	0.0260	0.0280	0.0336	0.0450	0.0649
877	0.0596	0.0614	0.0580	0.0573	0.0533	0.0586	0.0586	0.0594	0.0614	0.0475	0.0486	0.0494	0.0530	0.0583	0.0657	0.0384	0.0375	0.0396	0.0446	0.0530	0.0678	0.0303	0.0264	0.0262	0.0282	0.0341	0.0452	0.0650
878	0.0597	0.0614	0.0580	0.0574	0.0535	0.0587	0.0587	0.0594	0.0614	0.0476	0.0487	0.0495	0.0531	0.0584	0.0658	0.0386	0.0376	0.0397	0.0448	0.0531	0.0678	0.0304	0.0264	0.0263	0.0283	0.0341	0.0453	0.0651
879	0.0597	0.0613	0.0579	0.0576	0.0536	0.0587	0.0588	0.0595	0.0613	0.0477	0.0488	0.0496	0.0531	0.0582	0.0660	0.0386	0.0374	0.0397	0.0447	0.0532	0.0676	0.0304	0.0262	0.0262	0.0284	0.0338	0.0453	0.0651
880	0.0596	0.0614	0.0580	0.0575	0.0536	0.0588	0.0588	0.0597	0.0614	0.0478	0.0489	0.0495	0.0531	0.0584	0.0660	0.0388	0.0374	0.0397	0.0447	0.0532	0.0677	0.0305	0.0264	0.0263	0.0284	0.0340	0.0451	0.0652
881	0.0598	0.0616	0.0583	0.0577	0.0538	0.0590	0.0589	0.0599	0.0616	0.0479	0.0490	0.0497	0.0531	0.0584	0.0660	0.0388	0.0375	0.0397	0.0448	0.0534	0.0679	0.0305	0.0266	0.0264	0.0284	0.0342	0.0452	0.0654
882	0.0601	0.0618	0.0585	0.0579	0.0539	0.0591	0.0590	0.0599	0.0618	0.0481	0.0492	0.0499	0.0532	0.0585	0.0661	0.0388	0.0377	0.0397	0.0450	0.0536	0.0682	0.0306	0.0267	0.0265	0.0284	0.0343	0.0454	0.0655
883	0.0600	0.0620	0.0584	0.0577	0.0540	0.0592	0.0589	0.0600	0.0617	0.0482	0.0490	0.0500	0.0533	0.0587	0.0662	0.0388	0.0377	0.0398	0.0451	0.0535	0.0681	0.0306	0.0266	0.0264	0.0286	0.0342	0.0453	0.0654
884	0.0602	0.0620	0.0587	0.0581	0.0542	0.0593	0.0593	0.0600	0.0619	0.0482	0.0491	0.0502	0.0534	0.0588	0.0663	0.0391	0.0379	0.0400	0.0452	0.0535	0.0683	0.0309	0.0268	0.0265	0.0287	0.0343	0.0456	0.0655
885	0.0604	0.0620	0.0588	0.0583	0.0544	0.0594	0.0594	0.0601	0.0621	0.0483	0.0494	0.0503	0.0536	0.0589	0.0666	0.0392	0.0381	0.0401	0.0453	0.0536	0.0685	0.0310	0.0269	0.0266	0.0287	0.0344	0.0457	0.0656
886	0.0604	0.0621	0.0588	0.0582	0.0543	0.0595	0.0593	0.0602	0.0623	0.0484	0.0496	0.0504	0.0538	0.0589	0.0670	0.0392	0.0381	0.0402	0.0455	0.0538	0.0685	0.0310	0.0267	0.0266	0.0287	0.0345	0.0458	0.0656
887	0.0605	0.0622	0.0588	0.0581	0.0544	0.0594	0.0593	0.0603	0.0624	0.0485	0.0496	0.0502	0.0537	0.0589	0.0668	0.0393	0.0379	0.0402	0.0455	0.0536	0.0682	0.0309	0.0267	0.0265	0.0286	0.0345	0.0456	0.0657
888	0.0606	0.0623	0.0588	0.0583	0.0544	0.0596	0.0594	0.0604	0.0624	0.0486	0.0496	0.0503	0.0538	0.0589	0.0668	0.0393	0.0380	0.0402	0.0454	0.0537	0.0683	0.0308	0.0267	0.0265	0.0286	0.0345	0.0458	0.0658
889	0.0607	0.0624	0.0588	0.0586	0.0544	0.0598	0.0596	0.0604	0.0624	0.0487	0.0496	0.0504	0.0540	0.0590	0.0669	0.0394	0.0383	0.0403	0.0452	0.0538	0.0686	0.0309	0.0267	0.0266	0.0287	0.0346	0.0460	0.0658
890	0.0609	0.0626	0.0589	0.0587	0.0546	0.0597	0.0598	0.0606	0.0624	0.0489	0.0497	0.0506	0.0540	0.0592	0.0670	0.0395	0.0383	0.0403	0.0455	0.0540	0.0688	0.0309	0.0270	0.0267	0.0289	0.0348	0.0457	0.0659
891	0.0610	0.0626	0.0591	0.0587	0.0548	0.0599	0.0597	0.0607	0.0625	0.0489	0.0498	0.0506	0.0539	0.0592	0.0669	0.0396	0.0384	0.0404	0.0457	0.0539	0.0687	0.0310	0.0271	0.0267	0.0289	0.0346	0.0457	0.0659
892	0.0610	0.0627	0.0593	0.0588	0.0549	0.0601	0.0597	0.0608	0.0626	0.0490	0.0499	0.0507	0.0538	0.0593	0.0669	0.0396	0.0385	0.0406	0.0457	0.0538	0.0686	0.0311	0.0271	0.0268	0.0289	0.0345	0.0459	0.0659
893	0.0612	0.0630	0.0597	0.0590	0.0550	0.0603	0.0602	0.0610	0.0628	0.0493	0.0502	0.0511	0.0540	0.0596	0.0674	0.0397	0.0386	0.0407	0.0457	0.0543	0.0688	0.0314	0.0274	0.0270	0.0290	0.0348	0.0460	0.0660
894	0.0613	0.0628	0.0598	0.0591	0.0550	0.0602	0.0604	0.0610	0.0631	0.0493	0.0504	0.0511	0.0541	0.0597	0.0674	0.0397	0.0387	0.0407	0.0458	0.0542	0.0689	0.0316	0.0273	0.0270	0.0291	0.0348	0.0459	0.0661
895	0.0613	0.0629	0.0599	0.0591	0.0550	0.0603	0.0605	0.0611	0.0632	0.0493	0.0505	0.0510	0.0543	0.0597	0.0673	0.0398	0.0387	0.0408	0.0459	0.0542	0.0690	0.0317	0.0273	0.0271	0.0292	0.0348	0.0460	0.0662
896	0.0613	0.0634	0.0600	0.0590	0.0550	0.0605	0.0604	0.0612	0.0632	0.0494	0.0505	0.0510	0.0545	0.0597	0.0676	0.0403	0.0387	0.0408	0.0461	0.0542	0.0691	0.0315	0.0273	0.0271	0.0294	0.0350	0.0463	0.0663
897	0.0614	0.0635	0.0600	0.0593	0.0554	0.0607	0.0606	0.0612	0.0634	0.0496	0.0506	0.0512	0.0546	0.0599	0.0678	0.0402	0.0388	0.0409	0.0461	0.0544	0.0693	0.0317	0.0275	0.0272	0.0294	0.0351	0.0464	0.0664
898	0.0616	0.0634	0.0598	0.0594	0.0555	0.0606	0.0606	0.0614	0.0635	0.0496	0.0506	0.0512	0.0546	0.0600	0.0678	0.0401	0.0389	0.0410	0.0461	0.0545	0.0694	0.0316	0.0275	0.0272	0.0293	0.0350	0.0463	0.0663
899	0.0617	0.0634	0.0596	0.0594	0.0553	0.0604	0.0605	0.0616	0.0635	0.0496	0.0505	0.0511	0.0546	0.0600	0.0677	0.0401	0.0391	0.0412	0.0460	0.0545	0.0693	0.0314	0.0274	0.0272	0.0292	0.0348	0.0461	0.0662
900	0.0618	0.0633	0.0600	0.0595	0.0553	0.0607	0.0607	0.0615	0.0633	0.0498	0.0505	0.0513	0.0546	0.0601	0.0677	0.0402	0.0389	0.0411	0.0460	0.0544	0.0692	0.0316	0.0275	0.0273	0.0292	0.0351	0.0461	0.0662
901	0.0620	0.0635	0.0603	0.0597	0.0556	0.0611	0.0609	0.0617	0.0634	0.0500	0.0507	0.0515	0.0548	0.0602	0.0679	0.0404	0.0391	0.0410	0.0462	0.0545	0.0694	0.0320	0.0275	0.0275	0.0294	0.0352	0.0462	0.0663
902	0.0621	0.0636	0.0604	0.0599	0.0559	0.0613	0.0610	0.0618	0.0636	0.0501	0.0509	0.0516	0.0550	0.0602	0.0681	0.0405	0.0393	0.0410	0.0464	0.0547	0.0696	0.0322	0.0276	0.0276	0.0296	0.0352	0.0463	0.0665
903	0.0619	0.0636	0.0599	0.0599	0.0557	0.0611	0.0610	0.0618	0.0638	0.0499	0.0508	0.0517	0.0549	0.0600	0.0678	0.0405	0.0388	0.0410	0.0462	0.0546	0.0694	0.0320	0.0274	0.0272	0.0295	0.0350	0.0462	0.0664
904	0.0620	0.0640	0.0604	0.0602	0.0560	0.0613	0.0610	0.0619	0.0640	0.0501	0.0509	0.0517	0.0550	0.0603	0.0680	0.0407	0.0390	0.0412	0.0465	0.0548	0.0697	0.0321	0.0276	0.0274	0.0297	0.0352	0.0464	0.0667
905	0.0622	0.0642	0.0607	0.0602	0.0562	0.0613	0.0612	0.0620	0.0641	0.0503	0.0510	0.0518	0.0551	0.0604	0.0683	0.0407	0.0393	0.0414	0.0466	0.0549	0.0699	0.0320	0.0278	0.0276	0.0297	0.0354	0.0466	0.0670
906	0.0622	0.0641	0.0607	0.0600	0.0563	0.0609	0.0613	0.0619	0.0640	0.0504	0.0510	0.0518	0.0551	0.0602	0.0684	0.0404	0.0396	0.0415	0.0464	0.0549	0.0697	0.0318	0.0278	0.0274	0.0294	0.0354	0.0467	0.0668
907	0.0623	0.0642	0.0609	0.0600	0.0563	0.0612	0.0614	0.0621	0.0640	0.0504	0.0512	0.0518	0.0552	0.0605	0.0684	0.0406	0.0396	0.0415	0.0465	0.0549	0.0698	0.0322	0.0280	0.0277	0.0298	0.0355	0.0468	0.0668
908	0.0625	0.0643	0.0611	0.0602	0.0564	0.0615	0.0615	0.0623	0.0640	0.0505	0.0512	0.0518	0.0553	0.0607	0.0685	0.0408	0.0397	0.0416	0.0467	0.0551	0.0699	0.0324	0.0282	0.0279	0.0298	0.0356	0.0469	0.0669
909	0.0627	0.0645	0.0613	0.0603	0.0566	0.0617	0.0617	0.0625	0.0640	0.0507	0.0513	0.0519	0.0554	0.0610	0.0687	0.0409	0.0398	0.0417	0.0469	0.0554	0.0698	0.0324	0.0283	0.0280	0.0296	0.0356	0.0470	0.0669
910	0.0626	0.0643	0.0610	0.0604	0.0565	0.0617	0.0616	0.0623	0.0641	0.0507	0.0514	0.0520	0.0553	0.0609	0.0686	0.0410	0.0396	0.0418	0.0467	0.0552	0.0699	0.0321	0.0281	0.0277	0.0296	0.0355	0.0466	0.0668
911	0.0628	0.0646	0.0611	0.0607	0.0567	0.0620	0.0618	0.0624	0.0645	0.0509	0.0516	0.0523	0.0556	0.0610	0.0688	0.0412	0.0398	0.0419	0.0469	0.0553	0.0700	0.0324	0.0282	0.0280	0.0300	0.0358	0.0468	0.0670
912	0.0631	0.0649	0.0614	0.0610	0.0569	0.0623	0.0619	0.0626	0.0647	0.0511	0.0518	0.0526	0.0560	0.0612	0.0690	0.0414	0.0401	0.0420	0.0472	0.0555	0.0703	0.0328	0.0283	0.0283	0.0303	0.0360	0.0472	0.0672
913	0.0630	0.0648	0.0615	0.0610	0.0567	0.0620	0.0617	0.0628	0.0645	0.0508	0.0519	0.0525	0.0559	0.0611	0.0687	0.0412	0.0400	0.0421	0.0470	0.0556	0.0706	0.0328	0.0283	0.0280	0.0300	0.0359	0.0473	0.0670
914	0.0632	0.0650	0.0615	0.0610	0.0569	0.0621	0.0620	0.0628	0.0648	0.0511	0.0520	0.0526	0.0559	0.0614	0.0688	0.0412	0.0400	0.0422	0.0470	0.0557	0.0704	0.0327	0.0282	0.0279	0.0302	0.0358	0.0471	0.0671
915	0.0635	0.0652	0.0616	0.0610	0.0570	0.0624	0.0623	0.0630	0.0650	0.0513	0.0521	0.0526	0.0560	0.0616	0.0689	0.0413	0.0401	0.0422	0.0472	0.0557	0.0704	0.0327	0.0282	0.0280	0.0304	0.0360	0.0471	0.0672
916	0.0636	0.0654	0.0617	0.0611	0.0569	0.0627	0.0624	0.0633	0.0652	0.0513	0.0524	0.0528	0.0563	0.0615	0.0690	0.0415	0.0403	0.0423	0.0473	0.0558	0.0705	0.0330	0.0284	0.0280	0.0303	0.0365	0.0474	0.0672
917	0.0635	0.0655	0.0618	0.0612	0.0572	0.0625	0.0624	0.0632	0.0650	0.0513	0.0521	0.0528	0.0563	0.0615	0.0690	0.0416	0.0402	0.0422	0.0470	0.0560	0.0707	0.0330	0.0284	0.0279	0.0301	0.0361	0.0472	0.0674
918	0.0636	0.0654	0.0619	0.0614	0.0576	0.0628	0.0625	0.0632	0.0650	0.0515	0.0522	0.0529	0.0564	0.0616	0.0692	0.0418	0.0403	0.0423	0.0471	0.0560	0.0709	0.0331	0.0285	0.0280	0.0301	0.0361	0.0472	0.0676
919	0.0640	0.0653	0.0620	0.0616	0.0581	0.0632	0.0627	0.0632	0.0653	0.0516	0.0526	0.0530	0.0565	0.0617	0.0696	0.0420	0.0406	0.0426	0.0477	0.0560	0.0710	0.0330	0.0286	0.0282	0.0302	0.0363	0.0473	0.0676
920	0.0638	0.0658	0.0623	0.0620	0.0581	0.0629	0.0625	0.0636	0.0658	0.0518	0.0527	0.0533	0.0567	0.0620	0.0698	0.0420	0.0407	0.0426	0.0477	0.0563	0.0712	0.0331	0.0289	0.0284	0.0304	0.0364	0.0475	0.0678
921	0.0638	0.0657	0.0624	0.0619	0.0580	0.0629	0.0627	0.0637	0.0659	0.0518	0.0528	0.0533	0.0567	0.0620	0.0698	0.0420	0.0406	0.0426	0.0477	0.0563	0.0712	0.0331	0.0289	0.0284	0.0306	0.0363	0.0476	0.0679
922	0.0639	0.0655	0.0625	0.0617	0.0580	0.0631	0.0630	0.0637	0.0659	0.0520	0.0528	0.0532	0.0567	0.0621	0.0699	0.0421	0.0405	0.0425	0.0477	0.0563	0.0712	0.0332	0.0288	0.0284	0.0307	0.0363	0.0476	0.0680
923	0.0643	0.0660	0.0628	0.0623	0.0581	0.0632	0.0632	0.0638	0.0660	0.0525	0.0531	0.0533	0.0569	0.0624	0.0701	0.0423	0.0407	0.0424	0.0480	0.0562	0.0712	0.0335	0.0291	0.0286	0.0307	0.0364	0.0479	0.0681
924	0.0642	0.0658	0.0625	0.0622	0.0578	0.0631	0.0630	0.0637	0.0657	0.0521	0.0529	0.0531	0.0568	0.0622	0.0696	0.0421	0.0404	0.0424	0.0478	0.0561	0.0710	0.0331	0.0289	0.0283	0.0306	0.0361	0.0476	0.0678
925	0.0642	0.0657	0.0624	0.0621	0.0577	0.0631	0.0630	0.0637	0.0656	0.0519	0.0527	0.0532	0.0567	0.0621	0.0694	0.0421	0.0404	0.0425	0.0478	0.0561	0.0710	0.0331	0.0287	0.0283	0.0306	0.0360	0.0475	0.0677
926	0.0647	0.0661	0.0629	0.0624	0.0580	0.0634	0.0633	0.0641	0.0661	0.0523	0.0529	0.0536	0.0569	0.0623	0.0699	0.0425	0.0408	0.0429	0.0481	0.0565	0.0713	0.0337	0.0290	0.0289	0.0309	0.0365	0.0479	0.0680
927	0.0647	0.0662	0.0630	0.0623	0.0585	0.0637	0.0634	0.0642	0.0663	0.0527	0.0530	0.0538	0.0569	0.0623	0.0702	0.0426	0.0411	0.0432	0.0481	0.0567	0.0716	0.0340	0.0291	0.0289	0.0310	0.0367	0.0479	0.0681
928	0.0647	0.0662	0.0629	0.0624	0.0587	0.0638	0.0634	0.0643	0.0664	0.0528	0.0531	0.0539	0.0570	0.0624	0.0703	0.0426	0.0411	0.0434	0.0481	0.0568	0.0715	0.0339	0.0291	0.0289	0.0309	0.0368	0.0479	0.0681
929	0.0647	0.0660	0.0627	0.0627	0.0585	0.0638	0.0632	0.0644	0.0663	0.0525	0.0532	0.0540	0.0572	0.0626	0.0702	0.0426	0.0407	0.0435	0.0483	0.0567	0.0711	0.0336	0.0289	0.0288	0.0307	0.0368	0.0479	0.0680
930	0.0649	0.0664	0.0630	0.0628	0.0585	0.0639	0.0637	0.0646	0.0666	0.0527	0.0536	0.0542	0.0575	0.0625	0.0704	0.0428	0.0411	0.0434	0.0485	0.0569	0.0717	0.0338	0.0289	0.0288	0.0310	0.0367	0.0481	0.0682
931	0.0649	0.0664	0.0633	0.0627	0.0587	0.0638	0.0638	0.0644	0.0666	0.0528	0.0535	0.0542	0.0575	0.0626	0.0704	0.0428	0.0412	0.0431	0.0483	0.0568	0.0718	0.0337	0.0291	0.0289	0.0309	0.0366	0.0482	0.0682
932	0.0650	0.0664	0.0636	0.0626	0.0588	0.0637	0.0638	0.0641	0.0665	0.0528	0.0533	0.0543	0.0574	0.0627	0.0704	0.0427	0.0411	0.0429	0.0481	0.0567	0.0718	0.0336	0.0294	0.0290	0.0308	0.0366	0.0482	0.0682
933	0.0654	0.0671	0.0637	0.0628	0.0591	0.0640	0.0640	0.0648	0.0669	0.0532	0.0537	0.0547	0.0574	0.0629	0.0708	0.0432	0.0416	0.0437	0.0488	0.0573	0.0720	0.0342	0.0295	0.0290	0.0308	0.0371	0.0483	0.0686
934	0.0652	0.0671	0.0635	0.0628	0.0590	0.0640	0.0638	0.0648	0.0668	0.0529	0.0535	0.0544	0.0573	0.0627	0.0706	0.0429	0.0414	0.0435	0.0485	0.0572	0.0717	0.0341	0.0294	0.0290	0.0309	0.0371	0.0481	0.0685
935	0.0651	0.0670	0.0633	0.0628	0.0591	0.0640	0.0638	0.0649	0.0668	0.0529	0.0535	0.0540	0.0574	0.0626	0.0704	0.0428	0.0413	0.0435	0.0483	0.0571	0.0715	0.0339	0.0294	0.0290	0.0310	0.0370	0.0479	0.0684
936	0.0655	0.0672	0.0635	0.0632	0.0593	0.0642	0.0640	0.0654	0.0673	0.0534	0.0541	0.0538	0.0577	0.0629	0.0707	0.0432	0.0416	0.0441	0.0486	0.0573	0.0716	0.0340	0.0296	0.0293	0.0313	0.0370	0.0482	0.0684
937	0.0657	0.0673	0.0640	0.0634	0.0595	0.0645	0.0641	0.0653	0.0671	0.0534	0.0539	0.0544	0.0578	0.0632	0.0708	0.0432	0.0416	0.0439	0.0486	0.0571	0.0720	0.0339	0.0296	0.0292	0.0314	0.0371	0.0483	0.0687
938	0.0655	0.0673	0.0640	0.0636	0.0595	0.0646	0.0642	0.0651	0.0671	0.0535	0.0538	0.0546	0.0576	0.0633	0.0709	0.0432	0.0416	0.0438	0.0487	0.0570	0.0720	0.0339	0.0294	0.0292	0.0312	0.0372	0.0483	0.0688
939	0.0652	0.0674	0.0634	0.0638	0.0595	0.0644	0.0642	0.0649	0.0674	0.0537	0.0540	0.0544	0.0574	0.0630	0.0709	0.0433	0.0415	0.0438	0.0488	0.0571	0.0715	0.0340	0.0290	0.0291	0.0308	0.0371	0.0483	0.0684
940	0.0656	0.0677	0.0642	0.0637	0.0596	0.0650	0.0648	0.0653	0.0673	0.0540	0.0542	0.0546	0.0582	0.0634	0.0712	0.0436	0.0419	0.0440	0.0490	0.0574	0.0718	0.0341	0.0294	0.0294	0.0315	0.0374	0.0488	0.0685
941	0.0660	0.0677	0.0644	0.0638	0.0597	0.0651	0.0650	0.0655	0.0674	0.0539	0.0544	0.0547	0.0584	0.0636	0.0712	0.0436	0.0420	0.0439	0.0491	0.0574	0.0721	0.0341	0.0297	0.0294	0.0317	0.0372	0.0489	0.0686
942	0.0662	0.0676	0.0643	0.0640	0.0597	0.0650	0.0648	0.0656	0.0676	0.0537	0.0545	0.0548	0.0583	0.0638	0.0713	0.0436	0.0420	0.0437	0.0492	0.0574	0.0725	0.0342	0.0298	0.0292	0.0316	0.0370	0.0488	0.0687
943	0.0664	0.0680	0.0643	0.0640	0.0595	0.0650	0.0650	0.0656	0.0675	0.0536	0.0545	0.0547	0.0583	0.0638	0.0715	0.0439	0.0423	0.0437	0.0492	0.0574	0.0727	0.0346	0.0300	0.0293	0.0314	0.0372	0.0486	0.0690
944	0.0664	0.0681	0.0642	0.0638	0.0598	0.0649	0.0649	0.0656	0.0677	0.0537	0.0544	0.0547	0.0583	0.0636	0.0712	0.0439	0.0422	0.0438	0.0492	0.0575	0.0725	0.0345	0.0299	0.0292	0.0313	0.0371	0.0487	0.0689
945	0.0663	0.0681	0.0642	0.0639	0.0601	0.0649	0.0647	0.0657	0.0679	0.0539	0.0544	0.0546	0.0584	0.0635	0.0711	0.0438	0.0421	0.0440	0.0492	0.0576	0.0723	0.0344	0.0299	0.0291	0.0314	0.0371	0.0487	0.0689
946	0.0662	0.0679	0.0646	0.0642	0.0598	0.0653	0.0646	0.0660	0.0680	0.0539	0.0549	0.0547	0.0586	0.0637	0.0717	0.0438	0.0422	0.0441	0.0495	0.0576	0.0724	0.0346	0.0301	0.0293	0.0321	0.0373	0.0484	0.0692
947	0.0664	0.0683	0.0650	0.0646	0.0603	0.0656	0.0652	0.0661	0.0682	0.0543	0.0548	0.0553	0.0589	0.0639	0.0719	0.0440	0.0425	0.0444	0.0495	0.0577	0.0728	0.0350	0.0302	0.0296	0.0319	0.0375	0.0488	0.0692
948	0.0666	0.0685	0.0650	0.0646	0.0605	0.0658	0.0655	0.0661	0.0683	0.0547	0.0549	0.0557	0.0589	0.0641	0.0721	0.0442	0.0427	0.0446	0.0494	0.0579	0.0730	0.0352	0.0302	0.0298	0.0319	0.0375	0.0488	0.0694
949	0.0668	0.0684	0.0647	0.0642	0.0606	0.0659	0.0654	0.0661	0.0682	0.0550	0.0550	0.0557	0.0587	0.0644	0.0724	0.0442	0.0426	0.0446	0.0493	0.0582	0.0730	0.0352	0.0302	0.0298	0.0320	0.0374	0.0484	0.0695
950	0.0672	0.0682	0.0652	0.0644	0.0607	0.0658	0.0655	0.0661	0.0680	0.0547	0.0552	0.0557	0.0587	0.0641	0.0721	0.0442	0.0427	0.0446	0.0495	0.0582	0.0734	0.0348	0.0305	0.0301	0.0320	0.0372	0.0489	0.0692
951	0.0672	0.0683	0.0654	0.0645	0.0607	0.0658	0.0654	0.0661	0.0681	0.0546	0.0552	0.0557	0.0586	0.0641	0.0721	0.0442	0.0427	0.0444	0.0498	0.0582	0.0735	0.0349	0.0304	0.0300	0.0317	0.0374	0.0489	0.0692
952	0.0669	0.0685	0.0654	0.0645	0.0608	0.0658	0.0654	0.0661	0.0684	0.0547	0.0553	0.0557	0.0585	0.0641	0.0722	0.0442	0.0426	0.0443	0.0499	0.0582	0.0733	0.0352	0.0302	0.0297	0.0315	0.0378	0.0489	0.0695
953	0.0667	0.0687	0.0654	0.0646	0.0609	0.0658	0.0653	0.0663	0.0686	0.0552	0.0554	0.0559	0.0591	0.0639	0.0721	0.0445	0.0426	0.0443	0.0499	0.0583	0.0730	0.0352	0.0306	0.0303	0.0317	0.0380	0.0492	0.0699
954	0.0668	0.0690	0.0657	0.0650	0.0612	0.0661	0.0659	0.0666	0.0688	0.0551	0.0555	0.0561	0.0593	0.0642	0.0725	0.0446	0.0427	0.0445	0.0499	0.0587	0.0733	0.0355	0.0304	0.0304	0.0320	0.0380	0.0494	0.0698
955	0.0671	0.0693	0.0661	0.0654	0.0614	0.0664	0.0664	0.0668	0.0689	0.0551	0.0558	0.0561	0.0595	0.0645	0.0728	0.0447	0.0428	0.0447	0.0500	0.0589	0.0735	0.0358	0.0302	0.0304	0.0324	0.0379	0.0496	0.0697
956	0.0675	0.0697	0.0661	0.0657	0.0614	0.0668	0.0662	0.0666	0.0687	0.0553	0.0563	0.0559	0.0595	0.0648	0.0728	0.0447	0.0429	0.0449	0.0503	0.0585	0.0730	0.0356	0.0306	0.0303	0.0329	0.0382	0.0498	0.0699
957	0.0673	0.0691	0.0656	0.0651	0.0611	0.0665	0.0660	0.0664	0.0686	0.0550	0.0554	0.0559	0.0591	0.0648	0.0726	0.0444	0.0431	0.0448	0.0498	0.0584	0.0734	0.0351	0.0305	0.0301	0.0325	0.0381	0.0493	0.0697
958	0.0672	0.0690	0.0653	0.0649	0.0610	0.0662	0.0660	0.0663	0.0685	0.0550	0.0550	0.0558	0.0592	0.0648	0.0724	0.0443	0.0429	0.0446	0.0496	0.0583	0.0736	0.0350	0.0304	0.0297	0.0322	0.0380	0.0490	0.0695
959	0.0674	0.0695	0.0652	0.0651	0.0611	0.0661	0.0662	0.0663	0.0682	0.0554	0.0551	0.0557	0.0598	0.0649	0.0722	0.0446	0.0426	0.0443	0.0500	0.0582	0.0734	0.0352	0.0304	0.0293	0.0320	0.0381	0.0492	0.0694
960	0.0675	0.0698	0.0662	0.0656	0.0614	0.0666	0.0665	0.0668	0.0687	0.0554	0.0560	0.0561	0.0591	0.0650	0.0723	0.0447	0.0432	0.0448	0.0502	0.0591	0.0735	0.0351	0.0306	0.0302	0.0323	0.0379	0.0493	0.0696
961	0.0676	0.0699	0.0664	0.0658	0.0617	0.0670	0.0666	0.0673	0.0691	0.0558	0.0562	0.0563	0.0590	0.0653	0.0726	0.0450	0.0435	0.0451	0.0505	0.0595	0.0737	0.0355	0.0306	0.0306	0.0325	0.0381	0.0495	0.0698
962	0.0678	0.0698	0.0661	0.0659	0.0619	0.0672	0.0667	0.0677	0.0694	0.0562	0.0561	0.0564	0.0592	0.0656	0.0729	0.0453	0.0435	0.0452	0.0506	0.0593	0.0738	0.0360	0.0305	0.0306	0.0327	0.0384	0.0496	0.0701
963	0.0678	0.0697	0.0667	0.0658	0.0618	0.0671	0.0667	0.0676	0.0695	0.0562	0.0563	0.0563	0.0600	0.0651	0.0731	0.0453	0.0435	0.0448	0.0508	0.0583	0.0739	0.0359	0.0311	0.0306	0.0325	0.0386	0.0496	0.0705
964	0.0679	0.0694	0.0665	0.0660	0.0619	0.0669	0.0665	0.0676	0.0694	0.0560	0.0558	0.0565	0.0601	0.0652	0.0732	0.0453	0.0437	0.0449	0.0505	0.0583	0.0742	0.0359	0.0308	0.0306	0.0327	0.0382	0.0493	0.0704
965	0.0681	0.0693	0.0663	0.0661	0.0621	0.0668	0.0665	0.0677	0.0693	0.0559	0.0555	0.0567	0.0600	0.0654	0.0732	0.0452	0.0439	0.0451	0.0502	0.0587	0.0745	0.0359	0.0308	0.0305	0.0329	0.0378	0.0492	0.0702
966	0.0684	0.0698	0.0664	0.0659	0.0621	0.0669	0.0670	0.0678	0.0695	0.0559	0.0564	0.0567	0.0604	0.0656	0.0731	0.0452	0.0436	0.0453	0.0502	0.0594	0.0744	0.0362	0.0317	0.0302	0.0324	0.0378	0.0497	0.0698
967	0.0685	0.0700	0.0662	0.0661	0.0617	0.0675	0.0670	0.0676	0.0691	0.0560	0.0564	0.0565	0.0599	0.0654	0.0732	0.0452	0.0436	0.0454	0.0504	0.0591	0.0745	0.0359	0.0309	0.0302	0.0324	0.0378	0.0498	0.0699
968	0.0686	0.0701	0.0662	0.0665	0.0619	0.0678	0.0673	0.0677	0.0693	0.0560	0.0565	0.0565	0.0598	0.0654	0.0733	0.0454	0.0437	0.0456	0.0506	0.0591	0.0744	0.0358	0.0306	0.0303	0.0325	0.0382	0.0498	0.0704
969	0.0687	0.0704	0.0666	0.0670	0.0626	0.0676	0.0676	0.0681	0.0702	0.0561	0.0568	0.0570	0.0603	0.0655	0.0736	0.0457	0.0439	0.0460	0.0510	0.0597	0.0742	0.0360	0.0313	0.0307	0.0329	0.0391	0.0499	0.0712
970	0.0685	0.0702	0.0667	0.0666	0.0622	0.0673	0.0670	0.0675	0.0705	0.0560	0.0566	0.0570	0.0604	0.0659	0.0737	0.0457	0.0434	0.0456	0.0509	0.0594	0.0746	0.0359	0.0310	0.0306	0.0327	0.0386	0.0495	0.0699
971	0.0688	0.0706	0.0666	0.0667	0.0623	0.0673	0.0668	0.0676	0.0705	0.0561	0.0566	0.0571	0.0604	0.0660	0.0739	0.0458	0.0437	0.0457	0.0510	0.0591	0.0747	0.0363	0.0310	0.0307	0.0328	0.0383	0.0498	0.0698
972	0.0691	0.0711	0.0666	0.0672	0.0626	0.0676	0.0669	0.0680	0.0702	0.0564	0.0567	0.0573	0.0604	0.0659	0.0740	0.0459	0.0445	0.0462	0.0509	0.0590	0.0746	0.0368	0.0311	0.0310	0.0330	0.0381	0.0504	0.0706
973	0.0688	0.0707	0.0673	0.0671	0.0626	0.0675	0.0671	0.0682	0.0701	0.0568	0.0564	0.0572	0.0604	0.0654	0.0737	0.0459	0.0445	0.0459	0.0503	0.0595	0.0743	0.0368	0.0313	0.0309	0.0327	0.0383	0.0500	0.0711
974	0.0690	0.0703	0.0673	0.0672	0.0629	0.0678	0.0674	0.0681	0.0703	0.0573	0.0572	0.0569	0.0603	0.0657	0.0738	0.0457	0.0445	0.0458	0.0508	0.0595	0.0745	0.0363	0.0317	0.0310	0.0332	0.0385	0.0499	0.0708
975	0.0693	0.0701	0.0672	0.0673	0.0631	0.0680	0.0677	0.0681	0.0705	0.0574	0.0579	0.0568	0.0603	0.0663	0.0740	0.0454	0.0444	0.0459	0.0515	0.0595	0.0747	0.0359	0.0318	0.0311	0.0337	0.0386	0.0500	0.0706
976	0.0706	0.0727	0.0680	0.0689	0.0649	0.0686	0.0683	0.0694	0.0723	0.0579	0.0592	0.0574	0.0611	0.0668	0.0750	0.0471	0.0462	0.0475	0.0524	0.0613	0.0756	0.0356	0.0327	0.0325	0.0341	0.0398	0.0519	0.0704
977	0.0709	0.0728	0.0682	0.0689	0.0651	0.0689	0.0683	0.0693	0.0725	0.0581	0.0592	0.0574	0.0610	0.0667	0.0752	0.0471	0.0462	0.0474	0.0525	0.0616	0.0755	0.0360	0.0329	0.0328	0.0341	0.0398	0.0520	0.0704
978	0.0713	0.0726	0.0683	0.0689	0.0651	0.0691	0.0681	0.0693	0.0723	0.0584	0.0591	0.0581	0.0615	0.0671	0.0754	0.0474	0.0461	0.0473	0.0524	0.0616	0.0756	0.0362	0.0325	0.0326	0.0339	0.0400	0.0524	0.0710
979	0.0716	0.0724	0.0685	0.0690	0.0651	0.0693	0.0682	0.0695	0.0721	0.0582	0.0589	0.0587	0.0618	0.0673	0.0753	0.0478	0.0458	0.0472	0.0523	0.0616	0.0759	0.0362	0.0321	0.0326	0.0337	0.0402	0.0527	0.0713
980	0.0715	0.0723	0.0688	0.0690	0.0650	0.0699	0.0687	0.0700	0.0722	0.0576	0.0585	0.0592	0.0623	0.0673	0.0756	0.0481	0.0454	0.0476	0.0526	0.0616	0.0763	0.0362	0.0322	0.0331	0.0337	0.0402	0.0527	0.0713
981	0.0714	0.0722	0.0693	0.0690	0.0649	0.0704	0.0691	0.0705	0.0722	0.0572	0.0583	0.0597	0.0626	0.0674	0.0759	0.0482	0.0452	0.0479	0.0528	0.0615	0.0766	0.0361	0.0324	0.0333	0.0337	0.0403	0.0526	0.0714
982	0.0717	0.0720	0.0695	0.0689	0.0649	0.0702	0.0689	0.0701	0.0719	0.0574	0.0586	0.0598	0.0625	0.0675	0.0761	0.0481	0.0457	0.0480	0.0531	0.0616	0.0763	0.0357	0.0327	0.0329	0.0341	0.0402	0.0525	0.0717
983	0.0721	0.0717	0.0696	0.0689	0.0650	0.0699	0.0687	0.0696	0.0717	0.0576	0.0588	0.0598	0.0624	0.0676	0.0762	0.0480	0.0462	0.0482	0.0535	0.0617	0.0761	0.0354	0.0329	0.0325	0.0344	0.0401	0.0525	0.0719
984	0.0720	0.0718	0.0696	0.0689	0.0654	0.0696	0.0689	0.0695	0.0721	0.0579	0.0589	0.0594	0.0622	0.0674	0.0757	0.0482	0.0465	0.0485	0.0534	0.0616	0.0759	0.0355	0.0331	0.0324	0.0345	0.0400	0.0526	0.0719
985	0.0718	0.0720	0.0696	0.0687	0.0658	0.0694	0.0690	0.0695	0.0725	0.0583	0.0591	0.0589	0.0620	0.0673	0.0752	0.0485	0.0468	0.0488	0.0531	0.0616	0.0756	0.0356	0.0333	0.0322	0.0346	0.0400	0.0526	0.0719
986	0.0719	0.0726	0.0697	0.0689	0.0657	0.0696	0.0689	0.0694	0.0725	0.0584	0.0595	0.0588	0.0625	0.0676	0.0754	0.0483	0.0469	0.0486	0.0532	0.0616	0.0758	0.0361	0.0332	0.0325	0.0345	0.0403	0.0529	0.0718
987	0.0722	0.0734	0.0699	0.0692	0.0655	0.0698	0.0689	0.0695	0.0726	0.0581	0.0600	0.0588	0.0629	0.0680	0.0757	0.0480	0.0470	0.0483	0.0534	0.0618	0.0763	0.0368	0.0332	0.0328	0.0343	0.0405	0.0530	0.0718
988	0.0725	0.0735	0.0698	0.0696	0.0651	0.0699	0.0689	0.0698	0.0726	0.0580	0.0601	0.0589	0.0629	0.0682	0.0762	0.0479	0.0467	0.0480	0.0534	0.0620	0.0767	0.0370	0.0331	0.0330	0.0344	0.0404	0.0529	0.0719
989	0.0727	0.0731	0.0698	0.0702	0.0647	0.0700	0.0688	0.0702	0.0727	0.0583	0.0601	0.0591	0.0629	0.0682	0.0766	0.0481	0.0465	0.0478	0.0533	0.0621	0.0771	0.0371	0.0330	0.0331	0.0348	0.0404	0.0530	0.0719
990	0.0725	0.0730	0.0699	0.0704	0.0648	0.0702	0.0690	0.0706	0.0729	0.0585	0.0597	0.0596	0.0628	0.0684	0.0765	0.0483	0.0467	0.0480	0.0532	0.0622	0.0773	0.0371	0.0331	0.0332	0.0352	0.0406	0.0530	0.0721
991	0.0723	0.0732	0.0699	0.0701	0.0653	0.0706	0.0696	0.0711	0.0730	0.0588	0.0594	0.0600	0.0628	0.0687	0.0763	0.0483	0.0471	0.0485	0.0532	0.0625	0.0771	0.0370	0.0332	0.0335	0.0352	0.0409	0.0529	0.0724
992	0.0722	0.0735	0.0698	0.0699	0.0658	0.0706	0.0701	0.0714	0.0729	0.0590	0.0594	0.0599	0.0628	0.0689	0.0764	0.0482	0.0472	0.0488	0.0533	0.0627	0.0771	0.0369	0.0331	0.0336	0.0349	0.0412	0.0529	0.0725
993	0.0720	0.0735	0.0698	0.0699	0.0661	0.0704	0.0701	0.0714	0.0734	0.0591	0.0597	0.0593	0.0626	0.0690	0.0767	0.0483	0.0469	0.0487	0.0537	0.0628	0.0774	0.0371	0.0330	0.0336	0.0348	0.0411	0.0530	0.0726
994	0.0720	0.0735	0.0699	0.0699	0.0664	0.0704	0.0700	0.0715	0.0739	0.0592	0.0599	0.0592	0.0627	0.0690	0.0767	0.0485	0.0469	0.0487	0.0541	0.0628	0.0776	0.0373	0.0331	0.0336	0.0349	0.0409	0.0533	0.0726
995	0.0722	0.0736	0.0701	0.0704	0.0661	0.0708	0.0700	0.0716	0.0740	0.0594	0.0604	0.0597	0.0634	0.0690	0.0765	0.0485	0.0471	0.0490	0.0542	0.0631	0.0775	0.0371	0.0333	0.0334	0.0353	0.0406	0.0535	0.0722
996	0.0725	0.0737	0.0703	0.0708	0.0659	0.0710	0.0701	0.0716	0.0738	0.0595	0.0608	0.0601	0.0640	0.0690	0.0764	0.0484	0.0473	0.0492	0.0541	0.0634	0.0773	0.0369	0.0335	0.0333	0.0355	0.0405	0.0537	0.0719
997	0.0725	0.0736	0.0708	0.0708	0.0659	0.0708	0.0703	0.0715	0.0736	0.0598	0.0606	0.0601	0.0639	0.0692	0.0766	0.0488	0.0475	0.0492	0.0541	0.0633	0.0773	0.0370	0.0334	0.0335	0.0353	0.0408	0.0538	0.0725
998	0.0725	0.0737	0.0712	0.0707	0.0659	0.0707	0.0704	0.0713	0.0735	0.0600	0.0604	0.0602	0.0640	0.0694	0.0769	0.0492	0.0477	0.0492	0.0541	0.0633	0.0773	0.0371	0.0334	0.0338	0.0352	0.0410	0.0538	0.0731
999	0.0728	0.0738	0.0712	0.0706	0.0662	0.0710	0.0705	0.0712	0.0738	0.0595	0.0603	0.0605	0.0640	0.0694	0.0771	0.0491	0.0473	0.0494	0.0541	0.0634	0.0775	0.0372	0.0333	0.0335	0.0351	0.0408	0.0535	0.0731
1000	0.0732	0.0740	0.0710	0.0706	0.0664	0.0712	0.0706	0.0711	0.0740	0.0589	0.0602	0.0607	0.0639	0.0694	0.0773	0.0490	0.0469	0.0495	0.0542	0.0636	0.0778	0.0374	0.0332	0.0332	0.0350	0.0407	0.0533	0.0730
1001	0.0734	0.0742	0.0709	0.0706	0.0667	0.0713	0.0707	0.0711	0.0741	0.0593	0.0604	0.0610	0.0639	0.0696	0.0776	0.0491	0.0469	0.0492	0.0546	0.0634	0.0783	0.0376	0.0334	0.0333	0.0351	0.0408	0.0533	0.0732
1002	0.0734	0.0745	0.0708	0.0707	0.0670	0.0715	0.0707	0.0713	0.0742	0.0601	0.0606	0.0611	0.0639	0.0698	0.0781	0.0493	0.0471	0.0489	0.0551	0.0632	0.0788	0.0379	0.0335	0.0336	0.0354	0.0409	0.0534	0.0734
1003	0.0732	0.0743	0.0711	0.0710	0.0672	0.0717	0.0707	0.0715	0.0745	0.0605	0.0607	0.0609	0.0639	0.0697	0.0780	0.0493	0.0475	0.0490	0.0551	0.0635	0.0788	0.0381	0.0337	0.0339	0.0355	0.0411	0.0538	0.0733
1004	0.0733	0.0741	0.0712	0.0714	0.0675	0.0715	0.0707	0.0718	0.0746	0.0605	0.0609	0.0609	0.0638	0.0697	0.0778	0.0493	0.0480	0.0493	0.0549	0.0636	0.0787	0.0381	0.0342	0.0341	0.0355	0.0412	0.0542	0.0733
1005	0.0735	0.0742	0.0714	0.0713	0.0677	0.0715	0.0705	0.0718	0.0748	0.0605	0.0612	0.0611	0.0641	0.0698	0.0778	0.0493	0.0483	0.0495	0.0546	0.0635	0.0786	0.0382	0.0343	0.0340	0.0357	0.0414	0.0542	0.0734
1006	0.0735	0.0746	0.0716	0.0710	0.0679	0.0717	0.0704	0.0718	0.0748	0.0609	0.0615	0.0611	0.0645	0.0700	0.0778	0.0495	0.0484	0.0495	0.0544	0.0635	0.0784	0.0384	0.0344	0.0335	0.0360	0.0417	0.0543	0.0735
1007	0.0736	0.0751	0.0717	0.0711	0.0679	0.0719	0.0708	0.0719	0.0749	0.0613	0.0617	0.0612	0.0646	0.0702	0.0777	0.0496	0.0484	0.0495	0.0545	0.0636	0.0787	0.0385	0.0346	0.0333	0.0361	0.0420	0.0544	0.0736
1008	0.0738	0.0752	0.0717	0.0716	0.0677	0.0724	0.0713	0.0723	0.0751	0.0615	0.0618	0.0613	0.0646	0.0705	0.0775	0.0496	0.0482	0.0496	0.0548	0.0634	0.0790	0.0384	0.0347	0.0334	0.0361	0.0419	0.0546	0.0737
1009	0.0740	0.0754	0.0718	0.0719	0.0677	0.0729	0.0714	0.0727	0.0752	0.0614	0.0620	0.0612	0.0645	0.0705	0.0774	0.0494	0.0481	0.0496	0.0549	0.0632	0.0791	0.0382	0.0347	0.0335	0.0360	0.0417	0.0545	0.0737
1010	0.0741	0.0756	0.0718	0.0719	0.0677	0.0726	0.0714	0.0728	0.0750	0.0614	0.0623	0.0614	0.0644	0.0706	0.0775	0.0494	0.0483	0.0495	0.0546	0.0633	0.0790	0.0383	0.0345	0.0337	0.0359	0.0417	0.0545	0.0737
1011	0.0743	0.0758	0.0719	0.0718	0.0679	0.0724	0.0716	0.0730	0.0749	0.0616	0.0625	0.0616	0.0646	0.0709	0.0778	0.0497	0.0484	0.0495	0.0544	0.0637	0.0790	0.0385	0.0344	0.0339	0.0360	0.0418	0.0545	0.0738
1012	0.0744	0.0758	0.0720	0.0717	0.0684	0.0724	0.0717	0.0734	0.0752	0.0618	0.0626	0.0618	0.0648	0.0713	0.0786	0.0501	0.0486	0.0495	0.0547	0.0640	0.0793	0.0384	0.0344	0.0343	0.0363	0.0420	0.0545	0.0741
1013	0.0745	0.0758	0.0720	0.0718	0.0687	0.0726	0.0718	0.0736	0.0754	0.0618	0.0626	0.0621	0.0651	0.0714	0.0792	0.0503	0.0486	0.0495	0.0551	0.0642	0.0795	0.0382	0.0344	0.0345	0.0366	0.0422	0.0546	0.0742
1014	0.0744	0.0759	0.0722	0.0721	0.0681	0.0726	0.0719	0.0733	0.0753	0.0617	0.0626	0.0623	0.0650	0.0711	0.0792	0.0503	0.0484	0.0494	0.0553	0.0641	0.0796	0.0381	0.0341	0.0344	0.0366	0.0421	0.0546	0.0740
1015	0.0744	0.0761	0.0723	0.0724	0.0677	0.0727	0.0719	0.0729	0.0751	0.0616	0.0624	0.0624	0.0648	0.0708	0.0790	0.0502	0.0482	0.0493	0.0554	0.0640	0.0797	0.0380	0.0338	0.0341	0.0366	0.0419	0.0546	0.0740
1016	0.0747	0.0762	0.0722	0.0726	0.0680	0.0733	0.0720	0.0729	0.0753	0.0617	0.0624	0.0628	0.0649	0.0709	0.0787	0.0504	0.0484	0.0496	0.0553	0.0640	0.0801	0.0382	0.0340	0.0340	0.0366	0.0420	0.0546	0.0739
1017	0.0751	0.0763	0.0721	0.0726	0.0683	0.0738	0.0722	0.0731	0.0756	0.0617	0.0627	0.0631	0.0653	0.0710	0.0788	0.0506	0.0487	0.0500	0.0552	0.0641	0.0805	0.0386	0.0345	0.0340	0.0367	0.0422	0.0547	0.0738
1018	0.0753	0.0764	0.0724	0.0726	0.0685	0.0735	0.0725	0.0734	0.0758	0.0615	0.0628	0.0630	0.0651	0.0713	0.0791	0.0505	0.0489	0.0503	0.0554	0.0644	0.0803	0.0390	0.0346	0.0342	0.0368	0.0423	0.0548	0.0739
1019	0.0752	0.0767	0.0727	0.0727	0.0689	0.0730	0.0726	0.0737	0.0758	0.0613	0.0629	0.0627	0.0646	0.0716	0.0795	0.0505	0.0491	0.0505	0.0556	0.0647	0.0799	0.0393	0.0345	0.0343	0.0367	0.0421	0.0550	0.0741
1020	0.0751	0.0768	0.0730	0.0727	0.0691	0.0734	0.0726	0.0737	0.0761	0.0614	0.0631	0.0627	0.0646	0.0716	0.0798	0.0507	0.0491	0.0508	0.0555	0.0648	0.0800	0.0392	0.0347	0.0342	0.0366	0.0421	0.0551	0.0743
1021	0.0753	0.0769	0.0733	0.0727	0.0691	0.0740	0.0725	0.0735	0.0764	0.0618	0.0630	0.0629	0.0648	0.0714	0.0799	0.0508	0.0492	0.0510	0.0554	0.0649	0.0803	0.0390	0.0347	0.0342	0.0366	0.0421	0.0551	0.0744
1022	0.0754	0.0769	0.0736	0.0731	0.0692	0.0740	0.0727	0.0736	0.0767	0.0621	0.0627	0.0632	0.0650	0.0713	0.0801	0.0509	0.0495	0.0509	0.0552	0.0648	0.0804	0.0388	0.0346	0.0341	0.0365	0.0421	0.0551	0.0745
1023	0.0756	0.0770	0.0738	0.0735	0.0694	0.0737	0.0730	0.0737	0.0768	0.0621	0.0626	0.0633	0.0654	0.0713	0.0802	0.0511	0.0495	0.0509	0.0553	0.0646	0.0803	0.0387	0.0348	0.0340	0.0365	0.0423	0.0550	0.0748
1024	0.0757	0.0772	0.0739	0.0738	0.0695	0.0737	0.0731	0.0737	0.0766	0.0621	0.0627	0.0630	0.0659	0.0714	0.0802	0.0514	0.0495	0.0511	0.0557	0.0647	0.0805	0.0389	0.0351	0.0341	0.0366	0.0426	0.0550	0.0751
1025	0.0756	0.0774	0.0741	0.0738	0.0695	0.0739	0.0731	0.0738	0.0765	0.0621	0.0629	0.0629	0.0662	0.0715	0.0802	0.0513	0.0496	0.0511	0.0558	0.0652	0.0808	0.0390	0.0352	0.0342	0.0370	0.0427	0.0554	0.0753
1026	0.0757	0.0776	0.0744	0.0738	0.0695	0.0742	0.0732	0.0740	0.0767	0.0623	0.0632	0.0630	0.0665	0.0714	0.0803	0.0512	0.0496	0.0511	0.0557	0.0653	0.0811	0.0391	0.0351	0.0343	0.0371	0.0428	0.0556	0.0756
1027	0.0758	0.0774	0.0746	0.0739	0.0698	0.0742	0.0734	0.0741	0.0766	0.0626	0.0637	0.0632	0.0664	0.0713	0.0805	0.0513	0.0495	0.0510	0.0558	0.0653	0.0811	0.0394	0.0351	0.0345	0.0371	0.0428	0.0556	0.0759
1028	0.0759	0.0772	0.0748	0.0740	0.0701	0.0743	0.0737	0.0743	0.0767	0.0628	0.0641	0.0632	0.0661	0.0714	0.0806	0.0514	0.0494	0.0509	0.0559	0.0654	0.0812	0.0396	0.0351	0.0349	0.0373	0.0430	0.0556	0.0760
1029	0.0758	0.0771	0.0749	0.0741	0.0703	0.0745	0.0740	0.0746	0.0772	0.0628	0.0642	0.0632	0.0661	0.0720	0.0807	0.0517	0.0495	0.0509	0.0559	0.0656	0.0811	0.0396	0.0354	0.0352	0.0376	0.0432	0.0556	0.0760
1030	0.0759	0.0771	0.0750	0.0742	0.0703	0.0748	0.0741	0.0748	0.0776	0.0628	0.0642	0.0633	0.0662	0.0725	0.0809	0.0520	0.0498	0.0509	0.0560	0.0659	0.0809	0.0395	0.0357	0.0353	0.0376	0.0433	0.0557	0.0760
1031	0.0762	0.0773	0.0749	0.0743	0.0702	0.0749	0.0741	0.0749	0.0777	0.0629	0.0642	0.0636	0.0664	0.0724	0.0810	0.0520	0.0501	0.0510	0.0561	0.0660	0.0809	0.0398	0.0356	0.0354	0.0376	0.0433	0.0559	0.0758
1032	0.0763	0.0777	0.0748	0.0744	0.0704	0.0750	0.0742	0.0750	0.0779	0.0633	0.0642	0.0638	0.0667	0.0722	0.0811	0.0519	0.0503	0.0512	0.0563	0.0660	0.0811	0.0402	0.0354	0.0356	0.0377	0.0436	0.0561	0.0755
1033	0.0762	0.0780	0.0749	0.0745	0.0705	0.0752	0.0742	0.0752	0.0780	0.0637	0.0641	0.0639	0.0669	0.0723	0.0812	0.0518	0.0501	0.0515	0.0567	0.0661	0.0814	0.0401	0.0355	0.0356	0.0375	0.0438	0.0562	0.0755
1034	0.0762	0.0780	0.0751	0.0746	0.0706	0.0754	0.0742	0.0752	0.0781	0.0641	0.0641	0.0641	0.0670	0.0726	0.0813	0.0520	0.0499	0.0517	0.0572	0.0662	0.0817	0.0400	0.0357	0.0355	0.0375	0.0439	0.0562	0.0758
1035	0.0763	0.0779	0.0751	0.0748	0.0706	0.0755	0.0743	0.0754	0.0782	0.0640	0.0642	0.0642	0.0672	0.0730	0.0815	0.0521	0.0498	0.0518	0.0574	0.0661	0.0818	0.0400	0.0358	0.0353	0.0377	0.0438	0.0563	0.0761
1036	0.0767	0.0778	0.0750	0.0751	0.0706	0.0755	0.0743	0.0754	0.0782	0.0636	0.0645	0.0643	0.0673	0.0731	0.0816	0.0521	0.0496	0.0518	0.0573	0.0661	0.0819	0.0401	0.0357	0.0353	0.0378	0.0439	0.0565	0.0761
1037	0.0770	0.0779	0.0750	0.0752	0.0707	0.0755	0.0743	0.0754	0.0782	0.0637	0.0649	0.0643	0.0676	0.0733	0.0816	0.0522	0.0498	0.0520	0.0571	0.0662	0.0819	0.0401	0.0358	0.0354	0.0380	0.0440	0.0566	0.0763
1038	0.0773	0.0784	0.0752	0.0751	0.0711	0.0756	0.0742	0.0755	0.0782	0.0641	0.0652	0.0644	0.0676	0.0734	0.0817	0.0523	0.0502	0.0523	0.0570	0.0661	0.0818	0.0399	0.0361	0.0356	0.0383	0.0438	0.0564	0.0764
1039	0.0774	0.0788	0.0756	0.0751	0.0713	0.0754	0.0743	0.0757	0.0781	0.0645	0.0653	0.0647	0.0674	0.0733	0.0819	0.0525	0.0505	0.0524	0.0573	0.0661	0.0819	0.0402	0.0363	0.0358	0.0382	0.0437	0.0563	0.0763
1040	0.0773	0.0788	0.0756	0.0751	0.0712	0.0754	0.0745	0.0758	0.0778	0.0647	0.0652	0.0649	0.0678	0.0731	0.0820	0.0529	0.0505	0.0524	0.0576	0.0663	0.0823	0.0406	0.0363	0.0359	0.0380	0.0437	0.0562	0.0762
1041	0.0772	0.0789	0.0754	0.0753	0.0712	0.0754	0.0748	0.0757	0.0778	0.0648	0.0653	0.0650	0.0680	0.0731	0.0821	0.0531	0.0502	0.0524	0.0577	0.0665	0.0824	0.0406	0.0362	0.0361	0.0380	0.0435	0.0563	0.0764
1042	0.0773	0.0792	0.0755	0.0757	0.0715	0.0755	0.0748	0.0756	0.0781	0.0647	0.0654	0.0652	0.0680	0.0734	0.0823	0.0531	0.0503	0.0525	0.0577	0.0668	0.0824	0.0405	0.0361	0.0360	0.0381	0.0435	0.0564	0.0764
1043	0.0774	0.0795	0.0757	0.0760	0.0718	0.0757	0.0748	0.0755	0.0785	0.0646	0.0656	0.0652	0.0681	0.0736	0.0823	0.0529	0.0507	0.0524	0.0578	0.0670	0.0826	0.0404	0.0361	0.0361	0.0381	0.0435	0.0565	0.0765
1044	0.0775	0.0797	0.0758	0.0761	0.0720	0.0758	0.0750	0.0756	0.0787	0.0648	0.0656	0.0651	0.0681	0.0735	0.0823	0.0529	0.0510	0.0524	0.0578	0.0669	0.0827	0.0405	0.0363	0.0362	0.0380	0.0436	0.0567	0.0766
1045	0.0775	0.0797	0.0759	0.0763	0.0720	0.0760	0.0752	0.0758	0.0789	0.0649	0.0657	0.0650	0.0681	0.0735	0.0824	0.0531	0.0511	0.0525	0.0578	0.0670	0.0826	0.0406	0.0365	0.0361	0.0379	0.0436	0.0569	0.0768
1046	0.0777	0.0798	0.0760	0.0764	0.0721	0.0760	0.0753	0.0762	0.0792	0.0648	0.0656	0.0651	0.0681	0.0735	0.0826	0.0533	0.0511	0.0528	0.0579	0.0672	0.0825	0.0406	0.0364	0.0361	0.0380	0.0437	0.0567	0.0769
1047	0.0779	0.0798	0.0762	0.0766	0.0722	0.0761	0.0753	0.0765	0.0795	0.0649	0.0656	0.0653	0.0680	0.0736	0.0827	0.0533	0.0513	0.0529	0.0581	0.0673	0.0825	0.0407	0.0362	0.0362	0.0381	0.0439	0.0568	0.0769
1048	0.0781	0.0798	0.0763	0.0768	0.0724	0.0762	0.0754	0.0765	0.0797	0.0650	0.0657	0.0653	0.0681	0.0738	0.0828	0.0533	0.0514	0.0529	0.0583	0.0672	0.0827	0.0408	0.0361	0.0364	0.0382	0.0440	0.0572	0.0768
1049	0.0784	0.0797	0.0763	0.0769	0.0724	0.0764	0.0754	0.0766	0.0799	0.0652	0.0658	0.0653	0.0683	0.0739	0.0829	0.0534	0.0517	0.0529	0.0584	0.0673	0.0827	0.0409	0.0362	0.0365	0.0383	0.0440	0.0573	0.0767
1050	0.0786	0.0796	0.0763	0.0770	0.0723	0.0767	0.0755	0.0769	0.0800	0.0654	0.0657	0.0655	0.0684	0.0740	0.0830	0.0536	0.0519	0.0529	0.0584	0.0676	0.0829	0.0409	0.0364	0.0367	0.0384	0.0441	0.0571	0.0768
1051	0.0786	0.0796	0.0765	0.0772	0.0722	0.0768	0.0757	0.0772	0.0801	0.0656	0.0656	0.0657	0.0684	0.0741	0.0830	0.0537	0.0518	0.0531	0.0585	0.0677	0.0831	0.0408	0.0366	0.0367	0.0384	0.0442	0.0569	0.0768
1052	0.0786	0.0796	0.0766	0.0772	0.0723	0.0771	0.0760	0.0774	0.0802	0.0656	0.0658	0.0658	0.0686	0.0744	0.0828	0.0539	0.0517	0.0533	0.0586	0.0677	0.0831	0.0409	0.0370	0.0368	0.0384	0.0444	0.0571	0.0770
1053	0.0787	0.0798	0.0767	0.0770	0.0724	0.0774	0.0762	0.0775	0.0804	0.0657	0.0661	0.0659	0.0686	0.0746	0.0828	0.0541	0.0517	0.0532	0.0587	0.0678	0.0832	0.0412	0.0372	0.0367	0.0386	0.0444	0.0573	0.0775
1054	0.0787	0.0802	0.0770	0.0769	0.0725	0.0774	0.0764	0.0778	0.0805	0.0658	0.0663	0.0659	0.0687	0.0748	0.0830	0.0542	0.0521	0.0533	0.0587	0.0681	0.0832	0.0415	0.0371	0.0366	0.0387	0.0444	0.0574	0.0776
1055	0.0788	0.0806	0.0773	0.0769	0.0725	0.0774	0.0766	0.0777	0.0805	0.0659	0.0665	0.0661	0.0688	0.0751	0.0832	0.0541	0.0524	0.0535	0.0589	0.0684	0.0833	0.0416	0.0370	0.0367	0.0388	0.0446	0.0575	0.0774
1056	0.0791	0.0808	0.0774	0.0771	0.0728	0.0775	0.0765	0.0777	0.0808	0.0659	0.0666	0.0661	0.0689	0.0753	0.0834	0.0540	0.0525	0.0535	0.0591	0.0684	0.0835	0.0419	0.0369	0.0369	0.0387	0.0447	0.0575	0.0774
1057	0.0792	0.0809	0.0773	0.0772	0.0732	0.0774	0.0765	0.0778	0.0810	0.0661	0.0665	0.0663	0.0691	0.0755	0.0835	0.0538	0.0526	0.0536	0.0592	0.0682	0.0837	0.0419	0.0369	0.0373	0.0387	0.0449	0.0576	0.0774
1058	0.0793	0.0810	0.0773	0.0773	0.0735	0.0774	0.0766	0.0777	0.0811	0.0662	0.0666	0.0664	0.0695	0.0756	0.0837	0.0537	0.0527	0.0538	0.0593	0.0683	0.0839	0.0418	0.0369	0.0375	0.0388	0.0449	0.0578	0.0775
1059	0.0794	0.0812	0.0776	0.0772	0.0736	0.0776	0.0768	0.0777	0.0811	0.0663	0.0666	0.0666	0.0697	0.0757	0.0840	0.0540	0.0525	0.0537	0.0592	0.0684	0.0842	0.0417	0.0370	0.0375	0.0389	0.0449	0.0580	0.0778
1060	0.0795	0.0813	0.0778	0.0774	0.0737	0.0778	0.0769	0.0779	0.0810	0.0663	0.0666	0.0667	0.0698	0.0757	0.0842	0.0542	0.0523	0.0536	0.0592	0.0684	0.0842	0.0417	0.0371	0.0375	0.0388	0.0448	0.0579	0.0779
1061	0.0795	0.0813	0.0780	0.0777	0.0737	0.0780	0.0772	0.0783	0.0809	0.0664	0.0668	0.0668	0.0700	0.0755	0.0842	0.0543	0.0525	0.0538	0.0593	0.0683	0.0842	0.0417	0.0371	0.0375	0.0389	0.0449	0.0578	0.0780
1062	0.0796	0.0813	0.0781	0.0780	0.0736	0.0782	0.0773	0.0785	0.0810	0.0665	0.0670	0.0669	0.0702	0.0755	0.0840	0.0545	0.0528	0.0540	0.0594	0.0684	0.0843	0.0417	0.0372	0.0374	0.0391	0.0449	0.0578	0.0781
1063	0.0799	0.0813	0.0782	0.0781	0.0737	0.0783	0.0775	0.0787	0.0813	0.0665	0.0673	0.0670	0.0702	0.0755	0.0839	0.0546	0.0528	0.0541	0.0594	0.0687	0.0843	0.0419	0.0372	0.0375	0.0394	0.0450	0.0579	0.0780
1064	0.0801	0.0814	0.0782	0.0783	0.0738	0.0785	0.0776	0.0786	0.0815	0.0665	0.0677	0.0672	0.0701	0.0757	0.0839	0.0548	0.0528	0.0542	0.0594	0.0688	0.0844	0.0422	0.0373	0.0375	0.0396	0.0450	0.0580	0.0780
1065	0.0801	0.0815	0.0782	0.0784	0.0740	0.0787	0.0777	0.0784	0.0818	0.0667	0.0680	0.0673	0.0701	0.0758	0.0841	0.0550	0.0530	0.0542	0.0595	0.0688	0.0846	0.0423	0.0375	0.0374	0.0396	0.0451	0.0581	0.0781
1066	0.0801	0.0816	0.0780	0.0784	0.0741	0.0787	0.0779	0.0785	0.0819	0.0671	0.0681	0.0673	0.0702	0.0758	0.0844	0.0551	0.0530	0.0543	0.0596	0.0690	0.0846	0.0423	0.0377	0.0374	0.0395	0.0453	0.0581	0.0783
1067	0.0802	0.0817	0.0780	0.0786	0.0742	0.0787	0.0780	0.0787	0.0820	0.0673	0.0681	0.0673	0.0703	0.0758	0.0845	0.0551	0.0531	0.0545	0.0598	0.0692	0.0846	0.0425	0.0378	0.0375	0.0395	0.0454	0.0581	0.0784
1068	0.0803	0.0819	0.0783	0.0789	0.0743	0.0789	0.0781	0.0790	0.0821	0.0673	0.0681	0.0675	0.0704	0.0759	0.0846	0.0552	0.0532	0.0548	0.0600	0.0694	0.0846	0.0425	0.0379	0.0376	0.0396	0.0454	0.0583	0.0785
1069	0.0804	0.0821	0.0786	0.0791	0.0744	0.0791	0.0781	0.0792	0.0822	0.0674	0.0680	0.0676	0.0705	0.0762	0.0849	0.0554	0.0533	0.0550	0.0604	0.0695	0.0846	0.0423	0.0380	0.0378	0.0397	0.0453	0.0585	0.0786
1070	0.0806	0.0822	0.0788	0.0791	0.0747	0.0792	0.0782	0.0793	0.0822	0.0676	0.0679	0.0675	0.0706	0.0765	0.0851	0.0553	0.0534	0.0552	0.0605	0.0696	0.0848	0.0419	0.0380	0.0379	0.0397	0.0453	0.0586	0.0787
1071	0.0809	0.0822	0.0789	0.0792	0.0749	0.0793	0.0782	0.0793	0.0821	0.0677	0.0680	0.0674	0.0708	0.0765	0.0852	0.0554	0.0535	0.0551	0.0603	0.0697	0.0850	0.0418	0.0379	0.0379	0.0397	0.0456	0.0586	0.0789
1072	0.0811	0.0823	0.0791	0.0793	0.0750	0.0794	0.0783	0.0792	0.0820	0.0679	0.0682	0.0675	0.0710	0.0765	0.0852	0.0556	0.0536	0.0549	0.0602	0.0698	0.0849	0.0421	0.0379	0.0380	0.0398	0.0456	0.0589	0.0792
1073	0.0812	0.0824	0.0790	0.0795	0.0750	0.0795	0.0784	0.0794	0.0821	0.0679	0.0684	0.0678	0.0710	0.0767	0.0853	0.0558	0.0537	0.0549	0.0603	0.0698	0.0847	0.0423	0.0381	0.0380	0.0398	0.0457	0.0590	0.0793
1074	0.0811	0.0825	0.0791	0.0795	0.0751	0.0797	0.0786	0.0796	0.0822	0.0678	0.0685	0.0678	0.0709	0.0771	0.0855	0.0559	0.0537	0.0550	0.0605	0.0700	0.0847	0.0423	0.0383	0.0381	0.0399	0.0458	0.0590	0.0793
1075	0.0811	0.0827	0.0794	0.0795	0.0752	0.0796	0.0789	0.0797	0.0824	0.0677	0.0686	0.0678	0.0710	0.0773	0.0857	0.0560	0.0537	0.0550	0.0606	0.0703	0.0851	0.0425	0.0384	0.0382	0.0400	0.0457	0.0590	0.0793
1076	0.0813	0.0829	0.0798	0.0796	0.0753	0.0795	0.0791	0.0797	0.0825	0.0678	0.0687	0.0680	0.0711	0.0774	0.0859	0.0561	0.0536	0.0550	0.0606	0.0704	0.0855	0.0425	0.0384	0.0382	0.0402	0.0458	0.0589	0.0794
1077	0.0815	0.0831	0.0800	0.0796	0.0753	0.0794	0.0792	0.0798	0.0826	0.0680	0.0688	0.0681	0.0712	0.0774	0.0859	0.0562	0.0537	0.0551	0.0606	0.0703	0.0856	0.0424	0.0385	0.0383	0.0403	0.0459	0.0590	0.0795
1078	0.0816	0.0833	0.0802	0.0798	0.0754	0.0795	0.0792	0.0800	0.0828	0.0684	0.0689	0.0681	0.0713	0.0776	0.0858	0.0562	0.0539	0.0552	0.0606	0.0703	0.0856	0.0425	0.0386	0.0382	0.0403	0.0458	0.0591	0.0795
1079	0.0817	0.0835	0.0803	0.0799	0.0755	0.0799	0.0792	0.0800	0.0830	0.0686	0.0690	0.0682	0.0715	0.0778	0.0859	0.0563	0.0540	0.0552	0.0608	0.0703	0.0856	0.0426	0.0387	0.0381	0.0404	0.0458	0.0592	0.0796
1080	0.0819	0.0837	0.0803	0.0801	0.0757	0.0802	0.0791	0.0801	0.0832	0.0687	0.0693	0.0684	0.0717	0.0777	0.0860	0.0564	0.0541	0.0553	0.0609	0.0705	0.0857	0.0427	0.0389	0.0381	0.0404	0.0460	0.0593	0.0796
1081	0.0821	0.0839	0.0803	0.0803	0.0759	0.0803	0.0790	0.0802	0.0834	0.0687	0.0694	0.0686	0.0720	0.0776	0.0860	0.0566	0.0540	0.0555	0.0612	0.0706	0.0860	0.0428	0.0389	0.0383	0.0404	0.0461	0.0594	0.0797
1082	0.0822	0.0840	0.0804	0.0806	0.0761	0.0804	0.0791	0.0802	0.0835	0.0688	0.0694	0.0688	0.0721	0.0776	0.0860	0.0566	0.0539	0.0558	0.0614	0.0706	0.0861	0.0430	0.0389	0.0385	0.0405	0.0462	0.0594	0.0800
1083	0.0822	0.0840	0.0804	0.0808	0.0763	0.0806	0.0792	0.0802	0.0835	0.0690	0.0694	0.0689	0.0722	0.0776	0.0861	0.0566	0.0539	0.0559	0.0616	0.0707	0.0862	0.0430	0.0390	0.0385	0.0405	0.0462	0.0595	0.0802
1084	0.0824	0.0841	0.0804	0.0809	0.0764	0.0808	0.0794	0.0804	0.0836	0.0691	0.0695	0.0690	0.0723	0.0778	0.0863	0.0566	0.0540	0.0560	0.0618	0.0708	0.0864	0.0431	0.0390	0.0385	0.0405	0.0463	0.0596	0.0802
1085	0.0826	0.0841	0.0806	0.0809	0.0764	0.0809	0.0796	0.0806	0.0839	0.0692	0.0696	0.0692	0.0725	0.0779	0.0864	0.0567	0.0541	0.0561	0.0620	0.0709	0.0865	0.0433	0.0389	0.0387	0.0405	0.0463	0.0596	0.0801
1086	0.0829	0.0842	0.0808	0.0809	0.0764	0.0809	0.0797	0.0807	0.0841	0.0694	0.0697	0.0693	0.0726	0.0779	0.0865	0.0569	0.0543	0.0562	0.0619	0.0711	0.0867	0.0433	0.0389	0.0389	0.0405	0.0464	0.0595	0.0802
1087	0.0830	0.0844	0.0810	0.0810	0.0766	0.0810	0.0798	0.0809	0.0841	0.0696	0.0698	0.0694	0.0726	0.0780	0.0865	0.0571	0.0545	0.0563	0.0619	0.0711	0.0868	0.0433	0.0391	0.0391	0.0406	0.0465	0.0596	0.0804
1088	0.0831	0.0846	0.0810	0.0810	0.0768	0.0812	0.0798	0.0810	0.0840	0.0696	0.0699	0.0693	0.0726	0.0780	0.0866	0.0571	0.0547	0.0563	0.0620	0.0711	0.0867	0.0435	0.0391	0.0392	0.0407	0.0467	0.0598	0.0805
1089	0.0832	0.0845	0.0810	0.0813	0.0767	0.0813	0.0800	0.0811	0.0841	0.0697	0.0700	0.0694	0.0725	0.0781	0.0867	0.0570	0.0548	0.0563	0.0620	0.0711	0.0869	0.0436	0.0391	0.0393	0.0409	0.0468	0.0598	0.0805
1090	0.0832	0.0843	0.0812	0.0816	0.0768	0.0814	0.0801	0.0813	0.0844	0.0698	0.0701	0.0697	0.0725	0.0784	0.0867	0.0571	0.0548	0.0562	0.0620	0.0712	0.0870	0.0437	0.0392	0.0394	0.0408	0.0468	0.0598	0.0804
1091	0.0831	0.0843	0.0812	0.0819	0.0769	0.0815	0.0802	0.0815	0.0845	0.0699	0.0703	0.0700	0.0727	0.0786	0.0868	0.0571	0.0549	0.0560	0.0621	0.0713	0.0872	0.0439	0.0392	0.0393	0.0408	0.0469	0.0599	0.0804
1092	0.0831	0.0845	0.0812	0.0819	0.0771	0.0816	0.0804	0.0816	0.0846	0.0700	0.0706	0.0702	0.0729	0.0788	0.0870	0.0570	0.0551	0.0560	0.0621	0.0713	0.0874	0.0439	0.0393	0.0392	0.0408	0.0471	0.0599	0.0807
1093	0.0832	0.0847	0.0814	0.0819	0.0773	0.0818	0.0806	0.0816	0.0846	0.0701	0.0707	0.0702	0.0729	0.0789	0.0873	0.0570	0.0551	0.0562	0.0621	0.0714	0.0876	0.0439	0.0395	0.0392	0.0408	0.0473	0.0600	0.0809
1094	0.0834	0.0849	0.0816	0.0820	0.0773	0.0819	0.0807	0.0818	0.0848	0.0703	0.0707	0.0701	0.0730	0.0791	0.0876	0.0570	0.0551	0.0565	0.0622	0.0716	0.0878	0.0441	0.0395	0.0391	0.0408	0.0473	0.0603	0.0811
1095	0.0836	0.0851	0.0817	0.0820	0.0773	0.0820	0.0808	0.0820	0.0849	0.0704	0.0707	0.0701	0.0731	0.0792	0.0878	0.0571	0.0551	0.0567	0.0623	0.0717	0.0880	0.0441	0.0394	0.0391	0.0410	0.0473	0.0604	0.0813
1096	0.0836	0.0852	0.0819	0.0820	0.0774	0.0821	0.0810	0.0820	0.0851	0.0704	0.0707	0.0702	0.0732	0.0791	0.0880	0.0571	0.0552	0.0569	0.0624	0.0717	0.0881	0.0440	0.0394	0.0391	0.0412	0.0473	0.0605	0.0813
1097	0.0836	0.0853	0.0821	0.0820	0.0776	0.0821	0.0811	0.0821	0.0852	0.0705	0.0707	0.0704	0.0732	0.0791	0.0882	0.0572	0.0553	0.0570	0.0624	0.0718	0.0882	0.0441	0.0394	0.0393	0.0413	0.0473	0.0605	0.0814
1098	0.0838	0.0855	0.0822	0.0821	0.0778	0.0820	0.0813	0.0822	0.0854	0.0706	0.0710	0.0705	0.0733	0.0791	0.0883	0.0575	0.0554	0.0569	0.0625	0.0720	0.0883	0.0442	0.0395	0.0394	0.0414	0.0473	0.0606	0.0814
1099	0.0840	0.0857	0.0823	0.0823	0.0779	0.0821	0.0815	0.0824	0.0854	0.0707	0.0712	0.0705	0.0733	0.0791	0.0882	0.0578	0.0554	0.0567	0.0626	0.0722	0.0885	0.0443	0.0396	0.0395	0.0414	0.0473	0.0607	0.0815
1100	0.0841	0.0860	0.0824	0.0824	0.0779	0.0824	0.0816	0.0825	0.0854	0.0707	0.0714	0.0704	0.0733	0.0792	0.0882	0.0581	0.0555	0.0567	0.0628	0.0723	0.0887	0.0444	0.0397	0.0396	0.0413	0.0473	0.0606	0.0815
1101	0.0843	0.0863	0.0824	0.0825	0.0779	0.0827	0.0816	0.0827	0.0854	0.0706	0.0715	0.0704	0.0733	0.0793	0.0883	0.0583	0.0557	0.0567	0.0628	0.0723	0.0888	0.0445	0.0397	0.0397	0.0414	0.0474	0.0605	0.0815
1102	0.0843	0.0865	0.0824	0.0825	0.0781	0.0829	0.0816	0.0826	0.0856	0.0708	0.0716	0.0704	0.0734	0.0795	0.0885	0.0582	0.0558	0.0570	0.0628	0.0722	0.0888	0.0445	0.0397	0.0396	0.0416	0.0476	0.0606	0.0816
1103	0.0842	0.0864	0.0826	0.0826	0.0783	0.0830	0.0816	0.0825	0.0858	0.0710	0.0717	0.0704	0.0735	0.0797	0.0887	0.0580	0.0560	0.0574	0.0629	0.0722	0.0888	0.0445	0.0397	0.0396	0.0418	0.0478	0.0608	0.0818
1104	0.0844	0.0864	0.0829	0.0829	0.0783	0.0830	0.0815	0.0826	0.0860	0.0710	0.0718	0.0706	0.0735	0.0799	0.0889	0.0582	0.0560	0.0577	0.0629	0.0724	0.0890	0.0446	0.0397	0.0397	0.0421	0.0478	0.0609	0.0817
1105	0.0845	0.0866	0.0832	0.0831	0.0783	0.0829	0.0815	0.0828	0.0861	0.0711	0.0718	0.0708	0.0736	0.0800	0.0890	0.0584	0.0560	0.0579	0.0628	0.0724	0.0893	0.0447	0.0398	0.0397	0.0422	0.0477	0.0610	0.0817
1106	0.0848	0.0867	0.0834	0.0833	0.0784	0.0829	0.0815	0.0829	0.0863	0.0714	0.0719	0.0710	0.0737	0.0801	0.0891	0.0583	0.0561	0.0580	0.0627	0.0722	0.0892	0.0448	0.0400	0.0395	0.0422	0.0476	0.0610	0.0819
1107	0.0851	0.0867	0.0834	0.0834	0.0785	0.0830	0.0816	0.0830	0.0863	0.0716	0.0720	0.0713	0.0739	0.0801	0.0890	0.0583	0.0563	0.0580	0.0628	0.0723	0.0891	0.0448	0.0400	0.0395	0.0420	0.0477	0.0610	0.0821
1108	0.0851	0.0868	0.0836	0.0835	0.0787	0.0834	0.0817	0.0832	0.0864	0.0716	0.0721	0.0715	0.0740	0.0802	0.0891	0.0583	0.0564	0.0580	0.0628	0.0727	0.0893	0.0449	0.0402	0.0396	0.0420	0.0479	0.0609	0.0824
1109	0.0850	0.0868	0.0836	0.0837	0.0789	0.0837	0.0819	0.0835	0.0865	0.0717	0.0723	0.0716	0.0741	0.0803	0.0893	0.0586	0.0564	0.0579	0.0628	0.0730	0.0896	0.0451	0.0404	0.0395	0.0421	0.0480	0.0611	0.0826
1110	0.0850	0.0868	0.0837	0.0838	0.0790	0.0838	0.0822	0.0836	0.0865	0.0718	0.0726	0.0716	0.0742	0.0804	0.0895	0.0587	0.0564	0.0579	0.0631	0.0732	0.0897	0.0453	0.0405	0.0396	0.0422	0.0481	0.0614	0.0828
1111	0.0852	0.0868	0.0836	0.0839	0.0790	0.0838	0.0823	0.0836	0.0865	0.0719	0.0726	0.0716	0.0744	0.0805	0.0897	0.0589	0.0565	0.0579	0.0634	0.0733	0.0897	0.0455	0.0404	0.0398	0.0419	0.0480	0.0616	0.0828
1112	0.0853	0.0867	0.0837	0.0839	0.0791	0.0838	0.0824	0.0837	0.0866	0.0721	0.0725	0.0715	0.0745	0.0807	0.0897	0.0590	0.0566	0.0579	0.0635	0.0733	0.0898	0.0455	0.0405	0.0401	0.0417	0.0480	0.0617	0.0827
1113	0.0855	0.0867	0.0840	0.0839	0.0791	0.0839	0.0824	0.0837	0.0867	0.0722	0.0727	0.0715	0.0746	0.0808	0.0897	0.0591	0.0568	0.0581	0.0635	0.0733	0.0900	0.0454	0.0407	0.0402	0.0419	0.0482	0.0616	0.0828
1114	0.0855	0.0869	0.0843	0.0841	0.0791	0.0842	0.0825	0.0839	0.0867	0.0723	0.0727	0.0718	0.0747	0.0809	0.0898	0.0592	0.0569	0.0583	0.0635	0.0734	0.0903	0.0453	0.0409	0.0402	0.0422	0.0484	0.0616	0.0830
1115	0.0856	0.0870	0.0843	0.0842	0.0793	0.0843	0.0825	0.0840	0.0867	0.0723	0.0725	0.0720	0.0748	0.0809	0.0899	0.0594	0.0569	0.0582	0.0635	0.0735	0.0905	0.0452	0.0410	0.0403	0.0423	0.0485	0.0616	0.0831
1116	0.0856	0.0872	0.0842	0.0842	0.0796	0.0843	0.0824	0.0840	0.0869	0.0723	0.0723	0.0721	0.0750	0.0809	0.0901	0.0596	0.0569	0.0581	0.0634	0.0737	0.0905	0.0452	0.0410	0.0403	0.0423	0.0486	0.0617	0.0832
1117	0.0857	0.0875	0.0842	0.0842	0.0797	0.0843	0.0824	0.0840	0.0869	0.0725	0.0724	0.0722	0.0752	0.0809	0.0903	0.0597	0.0570	0.0581	0.0633	0.0736	0.0906	0.0452	0.0409	0.0404	0.0423	0.0488	0.0617	0.0834
1118	0.0859	0.0877	0.0844	0.0843	0.0798	0.0843	0.0824	0.0839	0.0870	0.0728	0.0726	0.0723	0.0754	0.0810	0.0905	0.0597	0.0570	0.0582	0.0634	0.0736	0.0909	0.0454	0.0408	0.0404	0.0423	0.0488	0.0618	0.0837
1119	0.0860	0.0877	0.0845	0.0845	0.0798	0.0843	0.0828	0.0839	0.0872	0.0728	0.0728	0.0723	0.0755	0.0810	0.0905	0.0595	0.0570	0.0584	0.0635	0.0737	0.0908	0.0456	0.0408	0.0403	0.0422	0.0487	0.0619	0.0837
1120	0.0862	0.0877	0.0845	0.0846	0.0799	0.0844	0.0832	0.0841	0.0875	0.0728	0.0730	0.0722	0.0755	0.0809	0.0907	0.0595	0.0571	0.0585	0.0637	0.0738	0.0907	0.0458	0.0409	0.0401	0.0422	0.0485	0.0621	0.0836
1121	0.0864	0.0879	0.0845	0.0846	0.0800	0.0845	0.0832	0.0842	0.0876	0.0729	0.0732	0.0723	0.0755	0.0810	0.0909	0.0596	0.0571	0.0585	0.0638	0.0738	0.0907	0.0458	0.0409	0.0401	0.0423	0.0485	0.0622	0.0837
1122	0.0866	0.0882	0.0847	0.0846	0.0801	0.0844	0.0831	0.0843	0.0876	0.0730	0.0732	0.0726	0.0754	0.0811	0.0912	0.0599	0.0572	0.0585	0.0638	0.0738	0.0908	0.0458	0.0408	0.0403	0.0424	0.0485	0.0623	0.0838
1123	0.0866	0.0884	0.0849	0.0845	0.0802	0.0845	0.0832	0.0842	0.0877	0.0730	0.0732	0.0727	0.0754	0.0812	0.0914	0.0600	0.0573	0.0587	0.0638	0.0740	0.0909	0.0459	0.0408	0.0405	0.0425	0.0486	0.0623	0.0839
1124	0.0868	0.0883	0.0852	0.0846	0.0804	0.0847	0.0833	0.0841	0.0879	0.0731	0.0733	0.0726	0.0755	0.0814	0.0914	0.0601	0.0572	0.0588	0.0640	0.0742	0.0909	0.0461	0.0409	0.0406	0.0426	0.0486	0.0624	0.0838
1125	0.0869	0.0883	0.0854	0.0847	0.0805	0.0849	0.0834	0.0842	0.0881	0.0732	0.0733	0.0726	0.0755	0.0817	0.0914	0.0600	0.0571	0.0588	0.0642	0.0742	0.0912	0.0462	0.0409	0.0406	0.0426	0.0484	0.0625	0.0839
1126	0.0869	0.0886	0.0854	0.0849	0.0806	0.0850	0.0835	0.0843	0.0882	0.0732	0.0735	0.0727	0.0756	0.0817	0.0914	0.0599	0.0572	0.0589	0.0642	0.0743	0.0915	0.0462	0.0410	0.0406	0.0428	0.0483	0.0625	0.0841
1127	0.0869	0.0887	0.0853	0.0850	0.0806	0.0850	0.0836	0.0844	0.0883	0.0732	0.0737	0.0729	0.0757	0.0815	0.0913	0.0599	0.0574	0.0590	0.0642	0.0744	0.0916	0.0461	0.0412	0.0406	0.0428	0.0483	0.0626	0.0842
1128	0.0868	0.0888	0.0853	0.0850	0.0807	0.0850	0.0838	0.0847	0.0884	0.0733	0.0737	0.0732	0.0757	0.0815	0.0913	0.0598	0.0573	0.0591	0.0641	0.0745	0.0918	0.0463	0.0412	0.0406	0.0427	0.0485	0.0627	0.0843
1129	0.0869	0.0890	0.0853	0.0851	0.0809	0.0852	0.0840	0.0850	0.0885	0.0734	0.0737	0.0733	0.0757	0.0817	0.0914	0.0600	0.0572	0.0591	0.0641	0.0745	0.0920	0.0463	0.0412	0.0407	0.0427	0.0487	0.0627	0.0844
1130	0.0870	0.0890	0.0854	0.0853	0.0810	0.0853	0.0842	0.0851	0.0884	0.0735	0.0738	0.0734	0.0758	0.0819	0.0916	0.0602	0.0573	0.0591	0.0643	0.0744	0.0920	0.0463	0.0413	0.0408	0.0427	0.0487	0.0626	0.0844
1131	0.0870	0.0891	0.0856	0.0854	0.0812	0.0853	0.0843	0.0853	0.0885	0.0735	0.0738	0.0735	0.0759	0.0821	0.0917	0.0605	0.0573	0.0591	0.0645	0.0743	0.0920	0.0462	0.0414	0.0410	0.0426	0.0488	0.0625	0.0845
1132	0.0871	0.0890	0.0857	0.0856	0.0814	0.0854	0.0842	0.0854	0.0887	0.0734	0.0739	0.0735	0.0759	0.0821	0.0916	0.0607	0.0574	0.0592	0.0645	0.0742	0.0918	0.0461	0.0414	0.0410	0.0426	0.0488	0.0625	0.0844
1133	0.0873	0.0891	0.0858	0.0858	0.0816	0.0854	0.0841	0.0854	0.0889	0.0734	0.0740	0.0736	0.0761	0.0820	0.0917	0.0609	0.0575	0.0593	0.0645	0.0741	0.0916	0.0461	0.0413	0.0410	0.0426	0.0489	0.0626	0.0844
1134	0.0875	0.0890	0.0859	0.0859	0.0818	0.0855	0.0841	0.0855	0.0890	0.0736	0.0740	0.0736	0.0762	0.0820	0.0919	0.0609	0.0577	0.0593	0.0646	0.0742	0.0917	0.0463	0.0413	0.0410	0.0427	0.0490	0.0628	0.0844
1135	0.0877	0.0890	0.0859	0.0860	0.0819	0.0855	0.0841	0.0857	0.0892	0.0738	0.0739	0.0734	0.0763	0.0821	0.0921	0.0608	0.0578	0.0594	0.0648	0.0744	0.0919	0.0464	0.0413	0.0410	0.0428	0.0490	0.0629	0.0844
1136	0.0877	0.0891	0.0859	0.0860	0.0819	0.0854	0.0841	0.0857	0.0892	0.0740	0.0739	0.0734	0.0763	0.0820	0.0921	0.0607	0.0579	0.0594	0.0648	0.0745	0.0922	0.0465	0.0415	0.0409	0.0428	0.0490	0.0630	0.0845
1137	0.0877	0.0892	0.0858	0.0860	0.0819	0.0855	0.0840	0.0857	0.0892	0.0741	0.0740	0.0735	0.0763	0.0819	0.0921	0.0606	0.0579	0.0593	0.0647	0.0747	0.0924	0.0467	0.0417	0.0408	0.0427	0.0489	0.0631	0.0845
1138	0.0877	0.0894	0.0858	0.0862	0.0819	0.0856	0.0841	0.0857	0.0892	0.0742	0.0743	0.0735	0.0764	0.0820	0.0920	0.0606	0.0578	0.0592	0.0645	0.0747	0.0925	0.0469	0.0417	0.0409	0.0427	0.0490	0.0632	0.0845
1139	0.0877	0.0895	0.0859	0.0863	0.0818	0.0856	0.0842	0.0858	0.0892	0.0741	0.0745	0.0735	0.0764	0.0821	0.0919	0.0606	0.0578	0.0592	0.0643	0.0746	0.0926	0.0470	0.0416	0.0410	0.0427	0.0491	0.0633	0.0844
1140	0.0878	0.0896	0.0859	0.0864	0.0819	0.0858	0.0843	0.0858	0.0893	0.0741	0.0744	0.0735	0.0765	0.0822	0.0919	0.0607	0.0579	0.0593	0.0642	0.0746	0.0925	0.0469	0.0414	0.0410	0.0427	0.0491	0.0633	0.0845
1141	0.0880	0.0896	0.0861	0.0865	0.0820	0.0860	0.0845	0.0858	0.0895	0.0743	0.0743	0.0734	0.0767	0.0823	0.0920	0.0609	0.0580	0.0594	0.0643	0.0747	0.0925	0.0469	0.0413	0.0409	0.0428	0.0491	0.0631	0.0847
1142	0.0881	0.0897	0.0861	0.0865	0.0820	0.0859	0.0845	0.0858	0.0896	0.0744	0.0744	0.0734	0.0768	0.0824	0.0921	0.0609	0.0581	0.0595	0.0643	0.0748	0.0926	0.0468	0.0413	0.0410	0.0429	0.0491	0.0630	0.0849
1143	0.0882	0.0896	0.0861	0.0865	0.0821	0.0859	0.0844	0.0858	0.0895	0.0744	0.0745	0.0733	0.0769	0.0824	0.0922	0.0609	0.0582	0.0595	0.0643	0.0748	0.0928	0.0467	0.0414	0.0411	0.0430	0.0492	0.0630	0.0849
1144	0.0883	0.0896	0.0861	0.0865	0.0820	0.0859	0.0845	0.0857	0.0894	0.0745	0.0745	0.0735	0.0770	0.0825	0.0922	0.0609	0.0584	0.0597	0.0643	0.0748	0.0928	0.0467	0.0415	0.0412	0.0430	0.0494	0.0629	0.0848
1145	0.0884	0.0897	0.0863	0.0865	0.0819	0.0859	0.0846	0.0857	0.0894	0.0745	0.0744	0.0738	0.0770	0.0825	0.0924	0.0609	0.0585	0.0598	0.0645	0.0748	0.0927	0.0469	0.0416	0.0412	0.0431	0.0493	0.0628	0.0847
1146	0.0885	0.0897	0.0863	0.0864	0.0819	0.0859	0.0846	0.0857	0.0894	0.0745	0.0744	0.0739	0.0771	0.0825	0.0925	0.0609	0.0584	0.0597	0.0647	0.0747	0.0927	0.0470	0.0417	0.0412	0.0432	0.0493	0.0628	0.0847
1147	0.0885	0.0897	0.0863	0.0865	0.0820	0.0859	0.0846	0.0859	0.0895	0.0746	0.0744	0.0738	0.0772	0.0826	0.0926	0.0610	0.0583	0.0595	0.0647	0.0745	0.0928	0.0469	0.0415	0.0411	0.0434	0.0493	0.0629	0.0849
1148	0.0886	0.0896	0.0864	0.0866	0.0820	0.0861	0.0847	0.0859	0.0896	0.0748	0.0745	0.0737	0.0773	0.0827	0.0927	0.0610	0.0582	0.0594	0.0647	0.0744	0.0928	0.0470	0.0414	0.0410	0.0435	0.0494	0.0629	0.0849
1149	0.0887	0.0896	0.0866	0.0863	0.0821	0.0863	0.0847	0.0860	0.0896	0.0749	0.0746	0.0735	0.0773	0.0826	0.0926	0.0608	0.0583	0.0593	0.0648	0.0747	0.0926	0.0470	0.0415	0.0411	0.0435	0.0495	0.0630	0.0849
1150	0.0887	0.0897	0.0867	0.0862	0.0822	0.0865	0.0848	0.0861	0.0896	0.0749	0.0747	0.0735	0.0773	0.0826	0.0927	0.0608	0.0584	0.0593	0.0648	0.0749	0.0924	0.0470	0.0415	0.0411	0.0435	0.0496	0.0631	0.0850
1151	0.0887	0.0899	0.0869	0.0864	0.0823	0.0864	0.0849	0.0862	0.0898	0.0750	0.0748	0.0737	0.0772	0.0827	0.0927	0.0611	0.0585	0.0595	0.0649	0.0749	0.0926	0.0471	0.0416	0.0410	0.0435	0.0495	0.0633	0.0851
1152	0.0887	0.0900	0.0869	0.0866	0.0824	0.0863	0.0851	0.0863	0.0899	0.0750	0.0749	0.0739	0.0771	0.0828	0.0928	0.0614	0.0587	0.0596	0.0650	0.0749	0.0927	0.0472	0.0417	0.0409	0.0435	0.0495	0.0633	0.0852
1153	0.0888	0.0900	0.0870	0.0867	0.0824	0.0863	0.0854	0.0864	0.0898	0.0751	0.0749	0.0739	0.0772	0.0828	0.0927	0.0614	0.0587	0.0597	0.0650	0.0749	0.0928	0.0472	0.0418	0.0410	0.0436	0.0493	0.0632	0.0853
1154	0.0889	0.0901	0.0871	0.0868	0.0825	0.0862	0.0856	0.0866	0.0898	0.0752	0.0749	0.0739	0.0772	0.0828	0.0927	0.0615	0.0587	0.0598	0.0651	0.0750	0.0929	0.0472	0.0419	0.0412	0.0437	0.0492	0.0630	0.0853
1155	0.0887	0.0902	0.0871	0.0870	0.0825	0.0864	0.0855	0.0867	0.0899	0.0751	0.0749	0.0740	0.0772	0.0829	0.0927	0.0615	0.0587	0.0598	0.0653	0.0751	0.0930	0.0471	0.0419	0.0413	0.0437	0.0492	0.0630	0.0853
1156	0.0885	0.0905	0.0871	0.0872	0.0826	0.0865	0.0853	0.0868	0.0899	0.0751	0.0749	0.0742	0.0771	0.0829	0.0927	0.0616	0.0587	0.0597	0.0654	0.0753	0.0931	0.0471	0.0418	0.0413	0.0437	0.0493	0.0629	0.0853
1157	0.0885	0.0906	0.0872	0.0873	0.0827	0.0866	0.0854	0.0869	0.0901	0.0753	0.0749	0.0743	0.0771	0.0830	0.0927	0.0617	0.0586	0.0599	0.0655	0.0754	0.0930	0.0473	0.0418	0.0412	0.0438	0.0493	0.0630	0.0854
1158	0.0887	0.0906	0.0874	0.0874	0.0827	0.0866	0.0855	0.0870	0.0902	0.0756	0.0750	0.0743	0.0770	0.0830	0.0927	0.0619	0.0586	0.0600	0.0656	0.0756	0.0929	0.0474	0.0418	0.0411	0.0437	0.0494	0.0631	0.0855
1159	0.0889	0.0908	0.0875	0.0874	0.0828	0.0867	0.0856	0.0871	0.0903	0.0755	0.0752	0.0744	0.0770	0.0831	0.0928	0.0620	0.0588	0.0601	0.0657	0.0757	0.0930	0.0475	0.0420	0.0412	0.0435	0.0494	0.0633	0.0854
1160	0.0892	0.0910	0.0875	0.0874	0.0829	0.0868	0.0857	0.0872	0.0904	0.0755	0.0754	0.0744	0.0771	0.0831	0.0930	0.0621	0.0590	0.0601	0.0658	0.0756	0.0932	0.0474	0.0422	0.0413	0.0434	0.0495	0.0634	0.0854
1161	0.0892	0.0911	0.0875	0.0874	0.0830	0.0868	0.0858	0.0872	0.0905	0.0756	0.0756	0.0746	0.0772	0.0832	0.0931	0.0622	0.0591	0.0602	0.0660	0.0756	0.0933	0.0475	0.0422	0.0414	0.0435	0.0495	0.0634	0.0854
1162	0.0891	0.0912	0.0876	0.0876	0.0832	0.0868	0.0860	0.0873	0.0906	0.0759	0.0758	0.0747	0.0772	0.0834	0.0932	0.0623	0.0591	0.0603	0.0660	0.0755	0.0935	0.0476	0.0423	0.0415	0.0438	0.0495	0.0632	0.0855
1163	0.0891	0.0913	0.0876	0.0876	0.0833	0.0870	0.0860	0.0874	0.0906	0.0761	0.0759	0.0748	0.0773	0.0834	0.0933	0.0623	0.0591	0.0604	0.0661	0.0755	0.0936	0.0476	0.0424	0.0416	0.0438	0.0495	0.0632	0.0856
1164	0.0892	0.0915	0.0876	0.0876	0.0832	0.0871	0.0859	0.0874	0.0905	0.0764	0.0759	0.0749	0.0775	0.0835	0.0934	0.0624	0.0591	0.0605	0.0662	0.0755	0.0935	0.0476	0.0427	0.0416	0.0437	0.0496	0.0632	0.0857
1165	0.0894	0.0914	0.0878	0.0878	0.0833	0.0872	0.0860	0.0873	0.0906	0.0765	0.0760	0.0750	0.0776	0.0837	0.0936	0.0625	0.0591	0.0606	0.0662	0.0755	0.0935	0.0477	0.0428	0.0416	0.0438	0.0496	0.0633	0.0857
1166	0.0895	0.0913	0.0879	0.0879	0.0834	0.0872	0.0860	0.0873	0.0907	0.0765	0.0761	0.0750	0.0776	0.0839	0.0938	0.0625	0.0593	0.0606	0.0662	0.0756	0.0934	0.0478	0.0427	0.0417	0.0438	0.0497	0.0634	0.0857
1167	0.0897	0.0912	0.0880	0.0880	0.0836	0.0873	0.0861	0.0872	0.0908	0.0766	0.0761	0.0750	0.0777	0.0841	0.0939	0.0625	0.0594	0.0606	0.0662	0.0757	0.0935	0.0478	0.0426	0.0417	0.0438	0.0498	0.0635	0.0856
1168	0.0899	0.0913	0.0880	0.0881	0.0837	0.0875	0.0863	0.0874	0.0909	0.0768	0.0761	0.0751	0.0778	0.0843	0.0941	0.0625	0.0596	0.0606	0.0664	0.0759	0.0935	0.0480	0.0426	0.0418	0.0439	0.0499	0.0637	0.0856
1169	0.0901	0.0913	0.0881	0.0882	0.0838	0.0877	0.0865	0.0875	0.0911	0.0769	0.0760	0.0752	0.0780	0.0844	0.0942	0.0624	0.0598	0.0606	0.0665	0.0761	0.0935	0.0481	0.0425	0.0419	0.0440	0.0499	0.0638	0.0856
1170	0.0902	0.0914	0.0881	0.0884	0.0839	0.0878	0.0867	0.0876	0.0913	0.0768	0.0760	0.0753	0.0782	0.0843	0.0942	0.0625	0.0599	0.0607	0.0665	0.0763	0.0935	0.0480	0.0426	0.0419	0.0439	0.0500	0.0639	0.0856
1171	0.0903	0.0914	0.0881	0.0885	0.0840	0.0879	0.0868	0.0876	0.0915	0.0767	0.0760	0.0754	0.0785	0.0842	0.0942	0.0625	0.0601	0.0607	0.0666	0.0764	0.0935	0.0479	0.0427	0.0420	0.0439	0.0501	0.0641	0.0856
1172	0.0904	0.0914	0.0882	0.0885	0.0843	0.0880	0.0870	0.0876	0.0916	0.0769	0.0761	0.0754	0.0785	0.0843	0.0943	0.0625	0.0600	0.0608	0.0668	0.0765	0.0936	0.0481	0.0429	0.0421	0.0439	0.0502	0.0640	0.0858
1173	0.0905	0.0915	0.0883	0.0885	0.0845	0.0880	0.0871	0.0877	0.0917	0.0770	0.0762	0.0755	0.0786	0.0844	0.0944	0.0625	0.0598	0.0609	0.0670	0.0765	0.0937	0.0483	0.0431	0.0422	0.0439	0.0502	0.0640	0.0859
1174	0.0906	0.0916	0.0884	0.0885	0.0846	0.0881	0.0871	0.0878	0.0918	0.0770	0.0763	0.0756	0.0789	0.0845	0.0944	0.0626	0.0598	0.0609	0.0669	0.0766	0.0939	0.0484	0.0431	0.0423	0.0440	0.0502	0.0638	0.0859
1175	0.0908	0.0918	0.0885	0.0886	0.0846	0.0883	0.0871	0.0879	0.0919	0.0770	0.0763	0.0757	0.0792	0.0845	0.0945	0.0628	0.0598	0.0609	0.0669	0.0768	0.0940	0.0485	0.0430	0.0423	0.0441	0.0502	0.0638	0.0860
1176	0.0910	0.0920	0.0887	0.0887	0.0846	0.0884	0.0872	0.0880	0.0921	0.0770	0.0765	0.0757	0.0792	0.0847	0.0946	0.0629	0.0599	0.0611	0.0670	0.0768	0.0941	0.0485	0.0431	0.0423	0.0442	0.0502	0.0638	0.0860
1177	0.0912	0.0922	0.0889	0.0888	0.0847	0.0884	0.0873	0.0881	0.0923	0.0771	0.0766	0.0758	0.0789	0.0848	0.0946	0.0630	0.0599	0.0612	0.0671	0.0768	0.0942	0.0486	0.0432	0.0422	0.0443	0.0502	0.0638	0.0859
1178	0.0913	0.0924	0.0890	0.0890	0.0848	0.0887	0.0873	0.0882	0.0924	0.0772	0.0767	0.0758	0.0789	0.0848	0.0946	0.0630	0.0600	0.0612	0.0671	0.0769	0.0943	0.0486	0.0431	0.0424	0.0443	0.0503	0.0638	0.0861
1179	0.0913	0.0926	0.0891	0.0892	0.0848	0.0891	0.0874	0.0884	0.0924	0.0774	0.0768	0.0759	0.0790	0.0849	0.0946	0.0629	0.0602	0.0611	0.0672	0.0770	0.0942	0.0486	0.0430	0.0426	0.0443	0.0504	0.0640	0.0862
1180	0.0913	0.0927	0.0892	0.0893	0.0849	0.0892	0.0875	0.0885	0.0924	0.0775	0.0769	0.0760	0.0791	0.0850	0.0946	0.0630	0.0602	0.0612	0.0673	0.0771	0.0942	0.0486	0.0431	0.0428	0.0443	0.0505	0.0642	0.0863
1181	0.0914	0.0928	0.0892	0.0894	0.0851	0.0892	0.0876	0.0887	0.0925	0.0777	0.0771	0.0761	0.0792	0.0850	0.0946	0.0631	0.0603	0.0614	0.0674	0.0772	0.0943	0.0487	0.0432	0.0431	0.0444	0.0505	0.0643	0.0863
1182	0.0915	0.0928	0.0893	0.0895	0.0853	0.0892	0.0878	0.0889	0.0925	0.0778	0.0772	0.0761	0.0792	0.0850	0.0948	0.0632	0.0603	0.0615	0.0675	0.0773	0.0944	0.0487	0.0432	0.0430	0.0445	0.0505	0.0643	0.0863
1183	0.0915	0.0929	0.0894	0.0897	0.0855	0.0893	0.0879	0.0891	0.0926	0.0778	0.0774	0.0763	0.0793	0.0850	0.0949	0.0633	0.0604	0.0615	0.0675	0.0773	0.0945	0.0486	0.0432	0.0428	0.0445	0.0505	0.0641	0.0864
1184	0.0916	0.0931	0.0896	0.0899	0.0856	0.0893	0.0879	0.0892	0.0926	0.0778	0.0775	0.0764	0.0793	0.0850	0.0950	0.0635	0.0605	0.0616	0.0674	0.0774	0.0946	0.0485	0.0432	0.0427	0.0447	0.0505	0.0641	0.0864
1185	0.0917	0.0932	0.0899	0.0901	0.0856	0.0893	0.0880	0.0893	0.0925	0.0778	0.0776	0.0765	0.0794	0.0851	0.0951	0.0635	0.0606	0.0620	0.0675	0.0774	0.0948	0.0485	0.0433	0.0427	0.0448	0.0506	0.0642	0.0864
1186	0.0916	0.0933	0.0900	0.0902	0.0857	0.0894	0.0881	0.0893	0.0925	0.0779	0.0777	0.0765	0.0794	0.0853	0.0952	0.0636	0.0607	0.0622	0.0675	0.0775	0.0948	0.0486	0.0435	0.0427	0.0449	0.0507	0.0643	0.0864
1187	0.0917	0.0934	0.0900	0.0901	0.0857	0.0895	0.0882	0.0894	0.0927	0.0781	0.0778	0.0767	0.0793	0.0854	0.0954	0.0635	0.0606	0.0622	0.0676	0.0776	0.0948	0.0488	0.0436	0.0428	0.0449	0.0507	0.0643	0.0865
1188	0.0918	0.0936	0.0899	0.0902	0.0857	0.0896	0.0883	0.0895	0.0928	0.0783	0.0780	0.0769	0.0794	0.0856	0.0955	0.0636	0.0606	0.0622	0.0677	0.0777	0.0947	0.0489	0.0436	0.0429	0.0450	0.0507	0.0644	0.0865
1189	0.0922	0.0935	0.0902	0.0903	0.0858	0.0897	0.0885	0.0897	0.0929	0.0784	0.0781	0.0770	0.0796	0.0859	0.0955	0.0638	0.0606	0.0622	0.0677	0.0778	0.0948	0.0489	0.0436	0.0431	0.0448	0.0508	0.0645	0.0866
1190	0.0924	0.0935	0.0904	0.0904	0.0859	0.0898	0.0886	0.0898	0.0930	0.0785	0.0783	0.0772	0.0797	0.0862	0.0956	0.0639	0.0606	0.0623	0.0678	0.0778	0.0948	0.0488	0.0437	0.0433	0.0447	0.0508	0.0646	0.0868
1191	0.0925	0.0937	0.0904	0.0904	0.0861	0.0900	0.0888	0.0898	0.0932	0.0785	0.0783	0.0773	0.0797	0.0862	0.0957	0.0640	0.0608	0.0625	0.0679	0.0778	0.0948	0.0489	0.0437	0.0432	0.0448	0.0509	0.0645	0.0869
1192	0.0925	0.0938	0.0903	0.0905	0.0862	0.0901	0.0889	0.0898	0.0934	0.0785	0.0784	0.0773	0.0797	0.0862	0.0959	0.0640	0.0610	0.0626	0.0679	0.0777	0.0947	0.0490	0.0438	0.0431	0.0449	0.0510	0.0644	0.0870
1193	0.0926	0.0939	0.0904	0.0906	0.0862	0.0901	0.0889	0.0898	0.0935	0.0787	0.0783	0.0774	0.0799	0.0862	0.0960	0.0641	0.0611	0.0626	0.0679	0.0779	0.0948	0.0493	0.0439	0.0431	0.0448	0.0511	0.0643	0.0870
1194	0.0928	0.0938	0.0905	0.0908	0.0861	0.0902	0.0889	0.0899	0.0937	0.0788	0.0782	0.0776	0.0800	0.0863	0.0960	0.0641	0.0612	0.0626	0.0679	0.0780	0.0949	0.0497	0.0440	0.0432	0.0448	0.0512	0.0643	0.0869
1195	0.0929	0.0939	0.0906	0.0909	0.0863	0.0903	0.0890	0.0901	0.0938	0.0788	0.0784	0.0776	0.0801	0.0864	0.0961	0.0643	0.0613	0.0627	0.0681	0.0781	0.0948	0.0496	0.0440	0.0432	0.0448	0.0512	0.0644	0.0870
1196	0.0929	0.0940	0.0907	0.0909	0.0865	0.0904	0.0892	0.0903	0.0940	0.0789	0.0785	0.0775	0.0801	0.0866	0.0962	0.0644	0.0613	0.0628	0.0682	0.0782	0.0947	0.0496	0.0441	0.0433	0.0448	0.0512	0.0645	0.0871
1197	0.0930	0.0941	0.0907	0.0910	0.0867	0.0905	0.0891	0.0904	0.0940	0.0790	0.0787	0.0776	0.0802	0.0867	0.0963	0.0645	0.0614	0.0629	0.0684	0.0784	0.0948	0.0494	0.0442	0.0434	0.0450	0.0512	0.0647	0.0871
1198	0.0930	0.0943	0.0908	0.0911	0.0868	0.0905	0.0892	0.0906	0.0941	0.0790	0.0788	0.0778	0.0804	0.0869	0.0964	0.0646	0.0615	0.0629	0.0685	0.0786	0.0950	0.0493	0.0443	0.0436	0.0451	0.0513	0.0648	0.0869
1199	0.0931	0.0945	0.0909	0.0913	0.0869	0.0907	0.0894	0.0906	0.0941	0.0791	0.0789	0.0779	0.0805	0.0870	0.0965	0.0646	0.0616	0.0629	0.0686	0.0787	0.0952	0.0493	0.0444	0.0438	0.0452	0.0513	0.0649	0.0869
1200	0.0931	0.0946	0.0910	0.0914	0.0871	0.0908	0.0896	0.0906	0.0942	0.0793	0.0788	0.0779	0.0806	0.0871	0.0966	0.0647	0.0618	0.0629	0.0687	0.0787	0.0953	0.0494	0.0445	0.0439	0.0453	0.0513	0.0650	0.0868
1201	0.0932	0.0947	0.0911	0.0915	0.0872	0.0909	0.0897	0.0907	0.0942	0.0795	0.0788	0.0779	0.0807	0.0871	0.0967	0.0648	0.0619	0.0629	0.0688	0.0786	0.0953	0.0495	0.0445	0.0440	0.0453	0.0514	0.0650	0.0869
1202	0.0934	0.0948	0.0911	0.0916	0.0874	0.0909	0.0896	0.0909	0.0942	0.0797	0.0789	0.0779	0.0808	0.0871	0.0969	0.0648	0.0620	0.0628	0.0689	0.0787	0.0953	0.0495	0.0445	0.0442	0.0453	0.0515	0.0650	0.0870
1203	0.0934	0.0949	0.0912	0.0917	0.0875	0.0910	0.0896	0.0909	0.0943	0.0799	0.0790	0.0780	0.0809	0.0872	0.0970	0.0649	0.0620	0.0630	0.0689	0.0787	0.0954	0.0495	0.0445	0.0442	0.0453	0.0517	0.0651	0.0871
1204	0.0935	0.0950	0.0914	0.0919	0.0877	0.0912	0.0898	0.0908	0.0943	0.0800	0.0792	0.0780	0.0811	0.0874	0.0971	0.0651	0.0621	0.0633	0.0689	0.0789	0.0955	0.0496	0.0447	0.0443	0.0453	0.0518	0.0652	0.0872
1205	0.0936	0.0950	0.0915	0.0921	0.0879	0.0914	0.0899	0.0908	0.0945	0.0801	0.0795	0.0782	0.0812	0.0876	0.0971	0.0652	0.0621	0.0635	0.0690	0.0790	0.0957	0.0497	0.0447	0.0443	0.0455	0.0519	0.0652	0.0873
1206	0.0938	0.0952	0.0916	0.0922	0.0879	0.0916	0.0899	0.0909	0.0946	0.0801	0.0797	0.0784	0.0811	0.0876	0.0971	0.0654	0.0621	0.0636	0.0691	0.0790	0.0960	0.0499	0.0447	0.0442	0.0457	0.0520	0.0651	0.0872
1207	0.0939	0.0953	0.0918	0.0923	0.0879	0.0917	0.0900	0.0911	0.0949	0.0802	0.0799	0.0785	0.0811	0.0877	0.0971	0.0655	0.0621	0.0636	0.0692	0.0790	0.0962	0.0500	0.0448	0.0441	0.0458	0.0521	0.0651	0.0872
1208	0.0941	0.0954	0.0920	0.0925	0.0880	0.0919	0.0901	0.0912	0.0950	0.0803	0.0801	0.0785	0.0813	0.0878	0.0971	0.0655	0.0622	0.0637	0.0694	0.0791	0.0962	0.0500	0.0449	0.0440	0.0460	0.0520	0.0650	0.0874
1209	0.0943	0.0955	0.0922	0.0926	0.0880	0.0921	0.0903	0.0913	0.0951	0.0804	0.0803	0.0785	0.0814	0.0878	0.0971	0.0656	0.0623	0.0638	0.0695	0.0791	0.0962	0.0501	0.0450	0.0440	0.0461	0.0520	0.0650	0.0875
1210	0.0944	0.0956	0.0923	0.0927	0.0880	0.0922	0.0905	0.0914	0.0952	0.0806	0.0803	0.0786	0.0816	0.0879	0.0973	0.0658	0.0624	0.0638	0.0696	0.0792	0.0962	0.0502	0.0450	0.0440	0.0462	0.0521	0.0650	0.0875
1211	0.0944	0.0958	0.0923	0.0928	0.0881	0.0923	0.0907	0.0914	0.0953	0.0809	0.0803	0.0787	0.0818	0.0881	0.0974	0.0660	0.0625	0.0637	0.0697	0.0793	0.0962	0.0502	0.0451	0.0441	0.0463	0.0522	0.0650	0.0875
1212	0.0945	0.0958	0.0924	0.0929	0.0882	0.0923	0.0908	0.0917	0.0953	0.0809	0.0805	0.0788	0.0819	0.0882	0.0975	0.0659	0.0626	0.0638	0.0696	0.0794	0.0962	0.0503	0.0452	0.0442	0.0463	0.0521	0.0652	0.0877
1213	0.0946	0.0959	0.0926	0.0931	0.0883	0.0924	0.0908	0.0919	0.0954	0.0809	0.0806	0.0789	0.0819	0.0883	0.0976	0.0658	0.0627	0.0639	0.0696	0.0794	0.0961	0.0505	0.0452	0.0443	0.0464	0.0521	0.0654	0.0879
1214	0.0947	0.0961	0.0929	0.0931	0.0885	0.0925	0.0909	0.0920	0.0955	0.0811	0.0806	0.0790	0.0819	0.0883	0.0978	0.0658	0.0628	0.0641	0.0697	0.0796	0.0961	0.0505	0.0453	0.0443	0.0464	0.0521	0.0655	0.0879
1215	0.0948	0.0963	0.0932	0.0932	0.0886	0.0925	0.0910	0.0921	0.0957	0.0812	0.0806	0.0790	0.0819	0.0883	0.0980	0.0658	0.0628	0.0642	0.0699	0.0798	0.0962	0.0506	0.0453	0.0443	0.0463	0.0521	0.0655	0.0878
1216	0.0950	0.0965	0.0933	0.0933	0.0887	0.0926	0.0912	0.0922	0.0960	0.0812	0.0807	0.0792	0.0820	0.0885	0.0981	0.0659	0.0629	0.0644	0.0700	0.0799	0.0962	0.0506	0.0453	0.0443	0.0464	0.0522	0.0657	0.0877
1217	0.0952	0.0966	0.0934	0.0934	0.0889	0.0927	0.0913	0.0923	0.0962	0.0813	0.0808	0.0793	0.0821	0.0887	0.0982	0.0661	0.0630	0.0646	0.0701	0.0799	0.0963	0.0506	0.0453	0.0443	0.0464	0.0523	0.0658	0.0877
1218	0.0952	0.0968	0.0935	0.0936	0.0890	0.0930	0.0915	0.0924	0.0963	0.0815	0.0809	0.0793	0.0823	0.0888	0.0983	0.0663	0.0630	0.0646	0.0701	0.0799	0.0966	0.0506	0.0453	0.0444	0.0465	0.0523	0.0659	0.0878
1219	0.0953	0.0969	0.0936	0.0937	0.0891	0.0934	0.0916	0.0924	0.0963	0.0816	0.0809	0.0794	0.0825	0.0888	0.0984	0.0665	0.0629	0.0646	0.0702	0.0798	0.0969	0.0506	0.0454	0.0445	0.0465	0.0524	0.0660	0.0880
1220	0.0955	0.0970	0.0937	0.0938	0.0892	0.0935	0.0917	0.0926	0.0964	0.0816	0.0810	0.0794	0.0826	0.0889	0.0985	0.0666	0.0629	0.0647	0.0703	0.0797	0.0970	0.0507	0.0455	0.0446	0.0465	0.0524	0.0660	0.0881
1221	0.0957	0.0970	0.0938	0.0939	0.0893	0.0935	0.0919	0.0927	0.0964	0.0815	0.0810	0.0795	0.0828	0.0890	0.0985	0.0666	0.0630	0.0650	0.0704	0.0796	0.0971	0.0507	0.0456	0.0447	0.0465	0.0524	0.0661	0.0880
1222	0.0958	0.0971	0.0939	0.0940	0.0894	0.0936	0.0920	0.0928	0.0965	0.0816	0.0811	0.0797	0.0829	0.0891	0.0985	0.0667	0.0631	0.0651	0.0704	0.0797	0.0972	0.0509	0.0456	0.0448	0.0465	0.0524	0.0661	0.0880
1223	0.0959	0.0972	0.0940	0.0942	0.0895	0.0937	0.0919	0.0928	0.0966	0.0819	0.0812	0.0800	0.0830	0.0893	0.0986	0.0668	0.0632	0.0651	0.0703	0.0799	0.0973	0.0512	0.0456	0.0449	0.0465	0.0524	0.0662	0.0880
1224	0.0960	0.0973	0.0941	0.0944	0.0896	0.0937	0.0920	0.0930	0.0968	0.0820	0.0814	0.0801	0.0831	0.0894	0.0987	0.0669	0.0633	0.0651	0.0704	0.0801	0.0974	0.0513	0.0456	0.0450	0.0465	0.0525	0.0662	0.0880
1225	0.0961	0.0975	0.0940	0.0945	0.0897	0.0938	0.0921	0.0932	0.0969	0.0821	0.0815	0.0801	0.0832	0.0895	0.0988	0.0671	0.0634	0.0651	0.0706	0.0802	0.0974	0.0514	0.0458	0.0450	0.0465	0.0527	0.0662	0.0882
1226	0.0963	0.0976	0.0940	0.0946	0.0899	0.0938	0.0923	0.0935	0.0969	0.0823	0.0816	0.0802	0.0832	0.0895	0.0988	0.0672	0.0635	0.0651	0.0708	0.0803	0.0974	0.0514	0.0458	0.0451	0.0465	0.0529	0.0662	0.0883
1227	0.0964	0.0977	0.0942	0.0946	0.0901	0.0938	0.0927	0.0936	0.0971	0.0823	0.0817	0.0804	0.0832	0.0895	0.0990	0.0672	0.0637	0.0652	0.0709	0.0803	0.0973	0.0512	0.0459	0.0452	0.0467	0.0530	0.0664	0.0883
1228	0.0965	0.0978	0.0943	0.0947	0.0903	0.0939	0.0929	0.0937	0.0972	0.0824	0.0818	0.0805	0.0833	0.0896	0.0991	0.0672	0.0639	0.0653	0.0709	0.0803	0.0973	0.0512	0.0459	0.0453	0.0468	0.0531	0.0665	0.0883
1229	0.0966	0.0978	0.0945	0.0948	0.0904	0.0940	0.0928	0.0938	0.0974	0.0824	0.0820	0.0806	0.0835	0.0899	0.0991	0.0673	0.0640	0.0654	0.0709	0.0805	0.0975	0.0513	0.0460	0.0453	0.0469	0.0531	0.0665	0.0884
1230	0.0968	0.0978	0.0947	0.0950	0.0906	0.0941	0.0928	0.0938	0.0975	0.0825	0.0821	0.0807	0.0836	0.0901	0.0992	0.0675	0.0641	0.0656	0.0710	0.0807	0.0977	0.0514	0.0461	0.0454	0.0469	0.0532	0.0666	0.0885
1231	0.0970	0.0981	0.0948	0.0952	0.0907	0.0943	0.0929	0.0939	0.0977	0.0827	0.0822	0.0808	0.0835	0.0903	0.0995	0.0675	0.0642	0.0657	0.0711	0.0809	0.0979	0.0516	0.0463	0.0454	0.0469	0.0532	0.0666	0.0885
1232	0.0972	0.0983	0.0949	0.0954	0.0907	0.0945	0.0930	0.0940	0.0978	0.0829	0.0823	0.0809	0.0835	0.0904	0.0998	0.0676	0.0643	0.0658	0.0712	0.0810	0.0980	0.0518	0.0466	0.0455	0.0469	0.0532	0.0667	0.0885
1233	0.0973	0.0984	0.0950	0.0955	0.0909	0.0945	0.0932	0.0940	0.0980	0.0830	0.0824	0.0809	0.0837	0.0905	0.1000	0.0677	0.0644	0.0657	0.0712	0.0809	0.0980	0.0519	0.0465	0.0454	0.0470	0.0532	0.0668	0.0884
1234	0.0974	0.0985	0.0951	0.0955	0.0911	0.0946	0.0935	0.0941	0.0982	0.0831	0.0825	0.0810	0.0840	0.0906	0.1001	0.0678	0.0645	0.0657	0.0713	0.0809	0.0979	0.0519	0.0464	0.0454	0.0470	0.0532	0.0669	0.0884
1235	0.0975	0.0985	0.0951	0.0956	0.0911	0.0948	0.0935	0.0942	0.0983	0.0832	0.0826	0.0811	0.0840	0.0906	0.1000	0.0679	0.0647	0.0657	0.0715	0.0809	0.0980	0.0520	0.0463	0.0456	0.0473	0.0533	0.0669	0.0884
1236	0.0976	0.0986	0.0952	0.0956	0.0912	0.0950	0.0935	0.0943	0.0983	0.0832	0.0827	0.0813	0.0840	0.0907	0.1000	0.0680	0.0649	0.0658	0.0718	0.0809	0.0980	0.0521	0.0462	0.0457	0.0475	0.0534	0.0669	0.0884
1237	0.0977	0.0988	0.0953	0.0957	0.0913	0.0951	0.0936	0.0945	0.0983	0.0833	0.0828	0.0813	0.0842	0.0907	0.1002	0.0680	0.0650	0.0659	0.0717	0.0809	0.0980	0.0521	0.0463	0.0457	0.0477	0.0535	0.0668	0.0885
1238	0.0978	0.0991	0.0954	0.0958	0.0914	0.0951	0.0936	0.0947	0.0984	0.0833	0.0829	0.0813	0.0845	0.0907	0.1004	0.0680	0.0650	0.0661	0.0717	0.0809	0.0980	0.0521	0.0464	0.0457	0.0478	0.0535	0.0668	0.0885
1239	0.0978	0.0991	0.0956	0.0960	0.0915	0.0953	0.0938	0.0949	0.0986	0.0834	0.0830	0.0814	0.0846	0.0907	0.1005	0.0681	0.0650	0.0661	0.0718	0.0811	0.0981	0.0522	0.0465	0.0458	0.0478	0.0536	0.0669	0.0886
1240	0.0977	0.0991	0.0957	0.0962	0.0916	0.0954	0.0939	0.0951	0.0988	0.0836	0.0831	0.0816	0.0846	0.0908	0.1005	0.0682	0.0650	0.0661	0.0718	0.0813	0.0983	0.0524	0.0466	0.0458	0.0478	0.0537	0.0670	0.0888
1241	0.0978	0.0993	0.0960	0.0963	0.0917	0.0956	0.0942	0.0952	0.0989	0.0838	0.0831	0.0818	0.0848	0.0909	0.1006	0.0682	0.0651	0.0662	0.0719	0.0814	0.0984	0.0524	0.0468	0.0459	0.0478	0.0538	0.0672	0.0889
1242	0.0980	0.0996	0.0963	0.0964	0.0918	0.0956	0.0944	0.0952	0.0990	0.0840	0.0831	0.0820	0.0850	0.0910	0.1007	0.0683	0.0651	0.0662	0.0718	0.0814	0.0985	0.0525	0.0470	0.0459	0.0480	0.0539	0.0673	0.0890
1243	0.0981	0.0998	0.0965	0.0967	0.0919	0.0958	0.0946	0.0953	0.0991	0.0841	0.0831	0.0823	0.0852	0.0910	0.1008	0.0685	0.0651	0.0663	0.0719	0.0816	0.0987	0.0525	0.0470	0.0460	0.0481	0.0540	0.0674	0.0890
1244	0.0982	0.1000	0.0966	0.0969	0.0920	0.0959	0.0947	0.0953	0.0992	0.0842	0.0833	0.0825	0.0853	0.0911	0.1008	0.0686	0.0651	0.0663	0.0719	0.0819	0.0989	0.0526	0.0470	0.0459	0.0481	0.0540	0.0675	0.0890
1245	0.0984	0.1001	0.0967	0.0971	0.0921	0.0961	0.0948	0.0954	0.0993	0.0843	0.0834	0.0826	0.0854	0.0911	0.1008	0.0688	0.0653	0.0664	0.0720	0.0820	0.0991	0.0526	0.0470	0.0460	0.0482	0.0540	0.0674	0.0891
1246	0.0985	0.1002	0.0969	0.0971	0.0923	0.0962	0.0947	0.0954	0.0994	0.0843	0.0836	0.0826	0.0855	0.0912	0.1009	0.0689	0.0656	0.0668	0.0721	0.0821	0.0992	0.0527	0.0471	0.0461	0.0482	0.0540	0.0673	0.0891
1247	0.0986	0.1003	0.0969	0.0972	0.0924	0.0963	0.0947	0.0955	0.0995	0.0844	0.0837	0.0827	0.0855	0.0913	0.1010	0.0689	0.0658	0.0669	0.0721	0.0821	0.0993	0.0527	0.0472	0.0462	0.0482	0.0540	0.0673	0.0892
1248	0.0987	0.1003	0.0970	0.0972	0.0926	0.0963	0.0946	0.0957	0.0995	0.0846	0.0837	0.0826	0.0855	0.0913	0.1011	0.0689	0.0658	0.0669	0.0721	0.0822	0.0992	0.0527	0.0471	0.0462	0.0481	0.0541	0.0673	0.0892
1249	0.0988	0.1004	0.0971	0.0972	0.0927	0.0964	0.0947	0.0959	0.0996	0.0847	0.0838	0.0826	0.0855	0.0915	0.1012	0.0689	0.0659	0.0670	0.0722	0.0822	0.0992	0.0528	0.0471	0.0462	0.0481	0.0541	0.0673	0.0893
1250	0.0988	0.1006	0.0972	0.0974	0.0927	0.0965	0.0948	0.0960	0.0997	0.0847	0.0838	0.0827	0.0857	0.0917	0.1013	0.0690	0.0660	0.0670	0.0723	0.0822	0.0993	0.0529	0.0471	0.0463	0.0481	0.0542	0.0674	0.0894
1251	0.0989	0.1008	0.0973	0.0975	0.0927	0.0966	0.0949	0.0961	0.0997	0.0847	0.0839	0.0828	0.0858	0.0919	0.1014	0.0691	0.0661	0.0670	0.0723	0.0823	0.0993	0.0530	0.0471	0.0464	0.0482	0.0543	0.0675	0.0895
1252	0.0991	0.1009	0.0974	0.0976	0.0928	0.0968	0.0950	0.0962	0.0998	0.0848	0.0840	0.0828	0.0859	0.0918	0.1015	0.0692	0.0662	0.0671	0.0723	0.0823	0.0994	0.0532	0.0473	0.0464	0.0483	0.0544	0.0677	0.0894
1253	0.0993	0.1010	0.0975	0.0977	0.0928	0.0969	0.0951	0.0963	0.0999	0.0849	0.0841	0.0829	0.0861	0.0918	0.1016	0.0693	0.0662	0.0671	0.0724	0.0824	0.0995	0.0533	0.0474	0.0464	0.0484	0.0545	0.0678	0.0894
1254	0.0993	0.1011	0.0977	0.0978	0.0930	0.0970	0.0952	0.0965	0.1001	0.0850	0.0843	0.0832	0.0862	0.0920	0.1017	0.0694	0.0662	0.0673	0.0725	0.0826	0.0996	0.0533	0.0476	0.0466	0.0484	0.0545	0.0679	0.0895
1255	0.0993	0.1012	0.0978	0.0978	0.0932	0.0971	0.0952	0.0968	0.1004	0.0850	0.0844	0.0834	0.0864	0.0921	0.1019	0.0695	0.0661	0.0675	0.0726	0.0828	0.0997	0.0534	0.0477	0.0467	0.0484	0.0544	0.0681	0.0896
1256	0.0994	0.1014	0.0979	0.0979	0.0933	0.0973	0.0953	0.0969	0.1005	0.0853	0.0845	0.0835	0.0863	0.0923	0.1019	0.0696	0.0661	0.0676	0.0727	0.0828	0.0998	0.0536	0.0477	0.0467	0.0485	0.0545	0.0682	0.0897
1257	0.0994	0.1016	0.0980	0.0979	0.0935	0.0974	0.0954	0.0970	0.1006	0.0856	0.0846	0.0836	0.0862	0.0925	0.1020	0.0697	0.0662	0.0676	0.0729	0.0828	0.1000	0.0538	0.0476	0.0466	0.0486	0.0546	0.0683	0.0898
1258	0.0995	0.1017	0.0981	0.0981	0.0936	0.0976	0.0955	0.0970	0.1009	0.0858	0.0846	0.0837	0.0864	0.0928	0.1022	0.0697	0.0662	0.0676	0.0729	0.0828	0.1001	0.0538	0.0477	0.0467	0.0486	0.0548	0.0683	0.0898
1259	0.0996	0.1017	0.0982	0.0983	0.0937	0.0978	0.0956	0.0971	0.1011	0.0859	0.0847	0.0838	0.0866	0.0931	0.1023	0.0697	0.0663	0.0677	0.0730	0.0828	0.1001	0.0537	0.0477	0.0467	0.0487	0.0549	0.0683	0.0898
1260	0.0998	0.1017	0.0983	0.0984	0.0940	0.0978	0.0959	0.0973	0.1012	0.0859	0.0848	0.0839	0.0868	0.0932	0.1023	0.0698	0.0665	0.0677	0.0731	0.0829	0.1001	0.0536	0.0478	0.0469	0.0488	0.0550	0.0683	0.0897
1261	0.1000	0.1018	0.0984	0.0985	0.0943	0.0979	0.0962	0.0976	0.1013	0.0859	0.0850	0.0840	0.0870	0.0933	0.1023	0.0699	0.0666	0.0678	0.0731	0.0830	0.1000	0.0536	0.0478	0.0470	0.0489	0.0551	0.0683	0.0897
1262	0.1002	0.1019	0.0985	0.0987	0.0944	0.0979	0.0963	0.0976	0.1014	0.0860	0.0852	0.0839	0.0870	0.0932	0.1024	0.0701	0.0668	0.0678	0.0730	0.0831	0.1002	0.0535	0.0480	0.0471	0.0490	0.0551	0.0684	0.0898
1263	0.1003	0.1019	0.0986	0.0989	0.0944	0.0979	0.0964	0.0975	0.1015	0.0863	0.0854	0.0839	0.0869	0.0931	0.1026	0.0703	0.0669	0.0678	0.0729	0.0833	0.1003	0.0536	0.0482	0.0471	0.0491	0.0551	0.0685	0.0898
1264	0.1005	0.1021	0.0987	0.0990	0.0944	0.0980	0.0966	0.0975	0.1016	0.0865	0.0854	0.0840	0.0871	0.0931	0.1027	0.0704	0.0670	0.0679	0.0731	0.0834	0.1003	0.0536	0.0483	0.0471	0.0491	0.0552	0.0685	0.0899
1265	0.1007	0.1022	0.0987	0.0991	0.0944	0.0981	0.0968	0.0974	0.1016	0.0867	0.0854	0.0841	0.0873	0.0932	0.1028	0.0704	0.0670	0.0679	0.0733	0.0834	0.1003	0.0538	0.0483	0.0471	0.0491	0.0553	0.0685	0.0900
1266	0.1008	0.1023	0.0988	0.0991	0.0945	0.0983	0.0968	0.0975	0.1017	0.0867	0.0855	0.0841	0.0874	0.0933	0.1029	0.0704	0.0670	0.0679	0.0735	0.0834	0.1004	0.0538	0.0483	0.0471	0.0492	0.0554	0.0685	0.0901
1267	0.1008	0.1023	0.0989	0.0991	0.0947	0.0985	0.0968	0.0977	0.1019	0.0866	0.0856	0.0841	0.0874	0.0934	0.1030	0.0705	0.0671	0.0679	0.0735	0.0834	0.1006	0.0539	0.0483	0.0472	0.0493	0.0554	0.0686	0.0901
1268	0.1009	0.1024	0.0990	0.0992	0.0948	0.0986	0.0969	0.0977	0.1020	0.0867	0.0857	0.0842	0.0875	0.0935	0.1031	0.0706	0.0672	0.0679	0.0736	0.0834	0.1007	0.0539	0.0484	0.0472	0.0493	0.0554	0.0686	0.0902
1269	0.1010	0.1024	0.0990	0.0994	0.0948	0.0986	0.0969	0.0976	0.1020	0.0867	0.0857	0.0845	0.0875	0.0936	0.1031	0.0708	0.0674	0.0681	0.0736	0.0835	0.1007	0.0540	0.0485	0.0473	0.0494	0.0554	0.0686	0.0902
1270	0.1011	0.1025	0.0991	0.0996	0.0949	0.0987	0.0970	0.0977	0.1021	0.0868	0.0858	0.0846	0.0876	0.0936	0.1032	0.0709	0.0675	0.0682	0.0736	0.0835	0.1007	0.0540	0.0485	0.0473	0.0493	0.0555	0.0687	0.0903
1271	0.1011	0.1028	0.0992	0.0998	0.0951	0.0987	0.0971	0.0979	0.1022	0.0868	0.0858	0.0846	0.0878	0.0937	0.1035	0.0709	0.0675	0.0683	0.0737	0.0835	0.1009	0.0540	0.0484	0.0472	0.0492	0.0556	0.0687	0.0904
1272	0.1011	0.1029	0.0993	0.1000	0.0952	0.0988	0.0972	0.0981	0.1023	0.0869	0.0859	0.0846	0.0879	0.0937	0.1035	0.0709	0.0675	0.0684	0.0738	0.0837	0.1010	0.0541	0.0484	0.0472	0.0492	0.0557	0.0687	0.0905
1273	0.1011	0.1030	0.0994	0.1001	0.0953	0.0989	0.0973	0.0982	0.1024	0.0871	0.0860	0.0848	0.0879	0.0939	0.1034	0.0709	0.0676	0.0684	0.0739	0.0838	0.1010	0.0542	0.0484	0.0474	0.0493	0.0557	0.0688	0.0905
1274	0.1013	0.1031	0.0996	0.1002	0.0954	0.0990	0.0974	0.0983	0.1025	0.0873	0.0862	0.0849	0.0879	0.0940	0.1034	0.0709	0.0677	0.0685	0.0740	0.0840	0.1011	0.0543	0.0484	0.0475	0.0494	0.0557	0.0688	0.0906
1275	0.1015	0.1033	0.1000	0.1002	0.0954	0.0990	0.0974	0.0985	0.1025	0.0874	0.0863	0.0850	0.0881	0.0940	0.1035	0.0710	0.0677	0.0686	0.0740	0.0841	0.1011	0.0544	0.0485	0.0475	0.0494	0.0557	0.0689	0.0906
1276	0.1017	0.1036	0.1002	0.1003	0.0955	0.0991	0.0974	0.0987	0.1026	0.0875	0.0865	0.0851	0.0883	0.0940	0.1036	0.0711	0.0678	0.0688	0.0740	0.0842	0.1011	0.0545	0.0485	0.0475	0.0495	0.0557	0.0690	0.0906
1277	0.1019	0.1036	0.1002	0.1005	0.0956	0.0992	0.0975	0.0988	0.1027	0.0876	0.0865	0.0852	0.0883	0.0941	0.1036	0.0711	0.0679	0.0688	0.0741	0.0842	0.1012	0.0547	0.0487	0.0475	0.0496	0.0556	0.0690	0.0906
1278	0.1021	0.1037	0.1003	0.1007	0.0957	0.0992	0.0976	0.0990	0.1028	0.0877	0.0865	0.0853	0.0884	0.0942	0.1037	0.0710	0.0681	0.0689	0.0742	0.0842	0.1013	0.0548	0.0488	0.0475	0.0497	0.0556	0.0689	0.0906
1279	0.1022	0.1038	0.1004	0.1007	0.0958	0.0993	0.0977	0.0992	0.1029	0.0877	0.0866	0.0855	0.0886	0.0942	0.1037	0.0710	0.0680	0.0689	0.0743	0.0841	0.1013	0.0549	0.0489	0.0477	0.0498	0.0557	0.0690	0.0907
1280	0.1022	0.1039	0.1006	0.1007	0.0959	0.0994	0.0978	0.0994	0.1031	0.0876	0.0868	0.0856	0.0888	0.0942	0.1038	0.0710	0.0680	0.0690	0.0744	0.0840	0.1014	0.0550	0.0490	0.0479	0.0499	0.0558	0.0691	0.0907
1281	0.1023	0.1040	0.1007	0.1007	0.0960	0.0995	0.0978	0.0994	0.1031	0.0878	0.0868	0.0856	0.0887	0.0943	0.1040	0.0712	0.0682	0.0691	0.0744	0.0841	0.1014	0.0550	0.0490	0.0478	0.0499	0.0560	0.0691	0.0907
1282	0.1024	0.1040	0.1007	0.1008	0.0960	0.0995	0.0979	0.0994	0.1032	0.0879	0.0867	0.0856	0.0886	0.0944	0.1043	0.0713	0.0683	0.0692	0.0744	0.0843	0.1015	0.0550	0.0490	0.0478	0.0500	0.0561	0.0692	0.0908
1283	0.1024	0.1042	0.1008	0.1009	0.0962	0.0995	0.0980	0.0995	0.1033	0.0880	0.0869	0.0858	0.0888	0.0945	0.1043	0.0714	0.0684	0.0693	0.0744	0.0844	0.1017	0.0551	0.0490	0.0479	0.0500	0.0561	0.0692	0.0908
1284	0.1024	0.1043	0.1008	0.1010	0.0964	0.0995	0.0981	0.0997	0.1035	0.0881	0.0871	0.0859	0.0889	0.0945	0.1043	0.0715	0.0685	0.0693	0.0744	0.0845	0.1019	0.0552	0.0490	0.0480	0.0501	0.0561	0.0692	0.0909
1285	0.1025	0.1044	0.1009	0.1009	0.0965	0.0997	0.0982	0.0997	0.1036	0.0882	0.0872	0.0860	0.0890	0.0946	0.1044	0.0716	0.0686	0.0694	0.0744	0.0846	0.1019	0.0553	0.0492	0.0481	0.0501	0.0562	0.0693	0.0909
1286	0.1025	0.1045	0.1010	0.1009	0.0966	0.1000	0.0984	0.0997	0.1036	0.0883	0.0874	0.0861	0.0891	0.0946	0.1044	0.0716	0.0686	0.0695	0.0745	0.0847	0.1018	0.0555	0.0493	0.0481	0.0500	0.0563	0.0693	0.0909
1287	0.1027	0.1045	0.1011	0.1010	0.0967	0.1001	0.0985	0.0998	0.1038	0.0884	0.0874	0.0861	0.0891	0.0949	0.1046	0.0717	0.0685	0.0695	0.0745	0.0848	0.1016	0.0555	0.0493	0.0483	0.0501	0.0562	0.0693	0.0910
1288	0.1029	0.1046	0.1012	0.1012	0.0968	0.1002	0.0985	0.0999	0.1039	0.0885	0.0874	0.0860	0.0890	0.0951	0.1047	0.0717	0.0685	0.0696	0.0746	0.0848	0.1015	0.0555	0.0493	0.0484	0.0502	0.0561	0.0693	0.0912
1289	0.1030	0.1047	0.1013	0.1014	0.0969	0.1002	0.0986	0.0999	0.1039	0.0886	0.0874	0.0861	0.0890	0.0952	0.1048	0.0718	0.0685	0.0696	0.0746	0.0848	0.1015	0.0554	0.0492	0.0484	0.0502	0.0561	0.0694	0.0913
1290	0.1032	0.1047	0.1014	0.1016	0.0970	0.1003	0.0987	0.1000	0.1040	0.0887	0.0875	0.0862	0.0891	0.0953	0.1049	0.0719	0.0686	0.0697	0.0747	0.0849	0.1017	0.0554	0.0492	0.0483	0.0500	0.0562	0.0694	0.0913
1291	0.1033	0.1047	0.1014	0.1017	0.0970	0.1005	0.0987	0.1001	0.1040	0.0887	0.0875	0.0862	0.0892	0.0953	0.1049	0.0720	0.0687	0.0698	0.0749	0.0850	0.1018	0.0553	0.0492	0.0482	0.0500	0.0563	0.0695	0.0912
1292	0.1033	0.1047	0.1015	0.1018	0.0969	0.1007	0.0987	0.1002	0.1041	0.0888	0.0875	0.0863	0.0894	0.0953	0.1050	0.0721	0.0687	0.0698	0.0751	0.0850	0.1019	0.0553	0.0492	0.0482	0.0501	0.0564	0.0696	0.0911
1293	0.1033	0.1047	0.1015	0.1018	0.0969	0.1008	0.0988	0.1003	0.1042	0.0888	0.0875	0.0864	0.0894	0.0953	0.1051	0.0722	0.0687	0.0699	0.0752	0.0851	0.1020	0.0553	0.0493	0.0483	0.0502	0.0564	0.0697	0.0911
1294	0.1032	0.1048	0.1016	0.1017	0.0970	0.1007	0.0989	0.1003	0.1042	0.0889	0.0875	0.0865	0.0894	0.0954	0.1052	0.0723	0.0688	0.0700	0.0751	0.0851	0.1020	0.0553	0.0494	0.0484	0.0503	0.0564	0.0698	0.0912
1295	0.1033	0.1049	0.1016	0.1018	0.0971	0.1007	0.0990	0.1003	0.1042	0.0889	0.0875	0.0866	0.0894	0.0955	0.1053	0.0723	0.0688	0.0701	0.0751	0.0851	0.1022	0.0553	0.0495	0.0484	0.0503	0.0564	0.0698	0.0913
1296	0.1035	0.1050	0.1015	0.1019	0.0972	0.1007	0.0991	0.1003	0.1042	0.0889	0.0876	0.0867	0.0894	0.0954	0.1054	0.0723	0.0687	0.0703	0.0750	0.0850	0.1024	0.0553	0.0495	0.0485	0.0503	0.0565	0.0698	0.0913
1297	0.1037	0.1051	0.1016	0.1020	0.0973	0.1008	0.0991	0.1003	0.1043	0.0888	0.0877	0.0867	0.0894	0.0955	0.1056	0.0722	0.0687	0.0703	0.0749	0.0850	0.1026	0.0553	0.0496	0.0485	0.0503	0.0565	0.0698	0.0914
1298	0.1037	0.1051	0.1016	0.1021	0.0973	0.1009	0.0992	0.1005	0.1044	0.0888	0.0880	0.0867	0.0895	0.0956	0.1056	0.0722	0.0688	0.0703	0.0750	0.0851	0.1027	0.0553	0.0497	0.0486	0.0504	0.0566	0.0699	0.0914
1299	0.1037	0.1051	0.1017	0.1022	0.0973	0.1009	0.0993	0.1006	0.1044	0.0888	0.0882	0.0868	0.0897	0.0957	0.1057	0.0722	0.0688	0.0703	0.0751	0.0852	0.1027	0.0553	0.0498	0.0487	0.0505	0.0566	0.0700	0.0914
1300	0.1037	0.1052	0.1019	0.1022	0.0973	0.1009	0.0994	0.1008	0.1043	0.0890	0.0883	0.0868	0.0897	0.0958	0.1058	0.0724	0.0689	0.0703	0.0753	0.0853	0.1028	0.0553	0.0497	0.0488	0.0504	0.0566	0.0701	0.0914
1301	0.1036	0.1053	0.1020	0.1023	0.0973	0.1009	0.0995	0.1009	0.1043	0.0890	0.0883	0.0868	0.0898	0.0958	0.1059	0.0725	0.0690	0.0703	0.0754	0.0854	0.1028	0.0553	0.0496	0.0488	0.0503	0.0566	0.0702	0.0914
1302	0.1037	0.1053	0.1021	0.1024	0.0975	0.1010	0.0995	0.1010	0.1045	0.0890	0.0883	0.0869	0.0898	0.0959	0.1059	0.0725	0.0690	0.0704	0.0753	0.0855	0.1029	0.0555	0.0496	0.0488	0.0505	0.0567	0.0702	0.0914
1303	0.1037	0.1054	0.1021	0.1024	0.0976	0.1011	0.0995	0.1011	0.1047	0.0889	0.0883	0.0869	0.0898	0.0960	0.1059	0.0726	0.0690	0.0704	0.0752	0.0856	0.1030	0.0558	0.0496	0.0488	0.0506	0.0569	0.0703	0.0914
1304	0.1039	0.1055	0.1021	0.1023	0.0977	0.1012	0.0996	0.1011	0.1048	0.0889	0.0882	0.0869	0.0899	0.0959	0.1059	0.0727	0.0692	0.0704	0.0753	0.0856	0.1031	0.0558	0.0496	0.0488	0.0506	0.0569	0.0702	0.0915
1305	0.1041	0.1056	0.1020	0.1022	0.0978	0.1012	0.0996	0.1010	0.1048	0.0890	0.0882	0.0869	0.0901	0.0959	0.1060	0.0729	0.0693	0.0705	0.0753	0.0855	0.1031	0.0559	0.0497	0.0487	0.0506	0.0569	0.0702	0.0916
1306	0.1040	0.1056	0.1020	0.1024	0.0979	0.1014	0.0996	0.1009	0.1048	0.0891	0.0883	0.0870	0.0901	0.0959	0.1061	0.0729	0.0693	0.0706	0.0753	0.0855	0.1032	0.0559	0.0497	0.0487	0.0507	0.0569	0.0703	0.0919
1307	0.1039	0.1057	0.1021	0.1025	0.0980	0.1016	0.0996	0.1008	0.1048	0.0893	0.0884	0.0870	0.0901	0.0960	0.1063	0.0730	0.0693	0.0706	0.0754	0.0855	0.1033	0.0560	0.0498	0.0487	0.0508	0.0569	0.0704	0.0923
1308	0.1039	0.1057	0.1021	0.1025	0.0979	0.1016	0.0996	0.1008	0.1049	0.0894	0.0885	0.0871	0.0902	0.0961	0.1063	0.0730	0.0693	0.0707	0.0756	0.0854	0.1034	0.0561	0.0498	0.0486	0.0508	0.0570	0.0704	0.0924
1309	0.1040	0.1057	0.1022	0.1025	0.0978	0.1017	0.0997	0.1009	0.1050	0.0895	0.0885	0.0872	0.0902	0.0962	0.1063	0.0730	0.0694	0.0707	0.0757	0.0854	0.1035	0.0562	0.0498	0.0486	0.0508	0.0570	0.0704	0.0925
1310	0.1040	0.1056	0.1022	0.1027	0.0978	0.1016	0.0997	0.1009	0.1050	0.0896	0.0886	0.0872	0.0901	0.0963	0.1064	0.0730	0.0694	0.0706	0.0758	0.0856	0.1036	0.0561	0.0499	0.0486	0.0508	0.0570	0.0704	0.0925
1311	0.1041	0.1055	0.1022	0.1028	0.0978	0.1015	0.0998	0.1009	0.1050	0.0896	0.0888	0.0873	0.0900	0.0963	0.1065	0.0730	0.0694	0.0706	0.0759	0.0859	0.1037	0.0559	0.0500	0.0487	0.0508	0.0570	0.0704	0.0926
1312	0.1041	0.1056	0.1023	0.1028	0.0978	0.1015	0.0998	0.1009	0.1050	0.0896	0.0889	0.0872	0.0901	0.0963	0.1065	0.0730	0.0694	0.0705	0.0759	0.0860	0.1038	0.0559	0.0501	0.0487	0.0507	0.0570	0.0704	0.0927
1313	0.1041	0.1058	0.1024	0.1028	0.0979	0.1015	0.0997	0.1009	0.1049	0.0897	0.0889	0.0871	0.0901	0.0963	0.1064	0.0731	0.0694	0.0704	0.0759	0.0861	0.1039	0.0560	0.0501	0.0487	0.0507	0.0570	0.0704	0.0928
1314	0.1042	0.1059	0.1024	0.1027	0.0979	0.1015	0.0997	0.1010	0.1050	0.0897	0.0888	0.0871	0.0901	0.0963	0.1064	0.0731	0.0694	0.0703	0.0760	0.0861	0.1039	0.0560	0.0502	0.0488	0.0507	0.0569	0.0703	0.0930
1315	0.1042	0.1059	0.1024	0.1027	0.0978	0.1015	0.0998	0.1012	0.1051	0.0897	0.0887	0.0871	0.0901	0.0963	0.1065	0.0731	0.0694	0.0703	0.0760	0.0859	0.1039	0.0560	0.0502	0.0489	0.0508	0.0569	0.0703	0.0931
1316	0.1042	0.1059	0.1025	0.1028	0.0978	0.1015	0.0999	0.1012	0.1052	0.0897	0.0887	0.0871	0.0901	0.0964	0.1064	0.0731	0.0694	0.0703	0.0760	0.0859	0.1040	0.0560	0.0502	0.0489	0.0508	0.0569	0.0704	0.0931
1317	0.1043	0.1059	0.1025	0.1030	0.0978	0.1016	0.1000	0.1012	0.1052	0.0897	0.0889	0.0871	0.0901	0.0964	0.1064	0.0731	0.0695	0.0703	0.0761	0.0860	0.1041	0.0559	0.0503	0.0490	0.0507	0.0570	0.0706	0.0931
1318	0.1043	0.1059	0.1025	0.1030	0.0977	0.1017	0.1000	0.1011	0.1052	0.0897	0.0890	0.0871	0.0901	0.0964	0.1065	0.0731	0.0693	0.0703	0.0761	0.0861	0.1042	0.0559	0.0502	0.0490	0.0506	0.0570	0.0707	0.0932
1319	0.1043	0.1060	0.1024	0.1030	0.0974	0.1017	0.0999	0.1011	0.1053	0.0898	0.0890	0.0870	0.0901	0.0965	0.1067	0.0730	0.0691	0.0704	0.0760	0.0862	0.1043	0.0559	0.0500	0.0490	0.0507	0.0570	0.0707	0.0933
1320	0.1042	0.1061	0.1024	0.1030	0.0974	0.1018	0.0998	0.1011	0.1053	0.0898	0.0890	0.0870	0.0901	0.0966	0.1068	0.0730	0.0690	0.0705	0.0760	0.0862	0.1044	0.0559	0.0499	0.0490	0.0507	0.0571	0.0707	0.0934
1321	0.1041	0.1061	0.1023	0.1030	0.0975	0.1018	0.0999	0.1010	0.1053	0.0897	0.0889	0.0870	0.0902	0.0966	0.1068	0.0729	0.0690	0.0706	0.0758	0.0862	0.1046	0.0559	0.0498	0.0490	0.0507	0.0571	0.0708	0.0934
1322	0.1041	0.1061	0.1023	0.1030	0.0976	0.1018	0.1000	0.1010	0.1052	0.0896	0.0889	0.0870	0.0902	0.0965	0.1068	0.0729	0.0690	0.0706	0.0758	0.0862	0.1046	0.0558	0.0498	0.0490	0.0506	0.0571	0.0708	0.0935
1323	0.1042	0.1061	0.1023	0.1030	0.0976	0.1018	0.0999	0.1011	0.1051	0.0896	0.0890	0.0870	0.0903	0.0965	0.1070	0.0730	0.0690	0.0707	0.0758	0.0862	0.1046	0.0558	0.0499	0.0490	0.0504	0.0571	0.0707	0.0937
1324	0.1042	0.1060	0.1023	0.1030	0.0977	0.1018	0.0999	0.1011	0.1051	0.0895	0.0890	0.0870	0.0904	0.0965	0.1071	0.0730	0.0690	0.0707	0.0758	0.0862	0.1046	0.0558	0.0499	0.0490	0.0503	0.0570	0.0708	0.0939
1325	0.1043	0.1060	0.1023	0.1030	0.0978	0.1018	0.0999	0.1012	0.1052	0.0895	0.0889	0.0869	0.0903	0.0966	0.1070	0.0730	0.0691	0.0706	0.0757	0.0861	0.1046	0.0559	0.0498	0.0489	0.0505	0.0570	0.0709	0.0940
1326	0.1043	0.1060	0.1023	0.1029	0.0979	0.1017	0.0998	0.1012	0.1053	0.0895	0.0888	0.0869	0.0902	0.0967	0.1070	0.0730	0.0691	0.0706	0.0757	0.0861	0.1047	0.0559	0.0498	0.0488	0.0506	0.0569	0.0710	0.0940
1327	0.1045	0.1058	0.1024	0.1029	0.0980	0.1015	0.0998	0.1012	0.1052	0.0895	0.0889	0.0869	0.0900	0.0965	0.1068	0.0730	0.0691	0.0705	0.0757	0.0862	0.1046	0.0559	0.0498	0.0488	0.0505	0.0569	0.0709	0.0940
1328	0.1046	0.1057	0.1024	0.1028	0.0981	0.1014	0.0997	0.1013	0.1051	0.0895	0.0889	0.0869	0.0899	0.0964	0.1067	0.0730	0.0691	0.0705	0.0757	0.0863	0.1046	0.0559	0.0498	0.0488	0.0504	0.0569	0.0709	0.0940
1329	0.1044	0.1058	0.1023	0.1027	0.0981	0.1015	0.0998	0.1012	0.1052	0.0895	0.0887	0.0869	0.0900	0.0965	0.1066	0.0729	0.0691	0.0705	0.0757	0.0864	0.1047	0.0559	0.0498	0.0487	0.0504	0.0568	0.0709	0.0940
1330	0.1043	0.1058	0.1023	0.1027	0.0981	0.1016	0.0999	0.1011	0.1052	0.0895	0.0886	0.0868	0.0901	0.0965	0.1065	0.0728	0.0690	0.0706	0.0758	0.0865	0.1048	0.0558	0.0498	0.0487	0.0504	0.0568	0.0709	0.0940
1331	0.1043	0.1058	0.1022	0.1028	0.0980	0.1016	0.0998	0.1011	0.1052	0.0896	0.0886	0.0868	0.0903	0.0965	0.1064	0.0728	0.0691	0.0705	0.0758	0.0865	0.1048	0.0559	0.0498	0.0486	0.0505	0.0569	0.0709	0.0941
1332	0.1043	0.1058	0.1021	0.1028	0.0980	0.1015	0.0997	0.1012	0.1052	0.0897	0.0886	0.0867	0.0904	0.0966	0.1063	0.0727	0.0691	0.0705	0.0759	0.0866	0.1049	0.0560	0.0499	0.0485	0.0506	0.0570	0.0708	0.0942
1333	0.1043	0.1057	0.1021	0.1027	0.0979	0.1015	0.0998	0.1011	0.1051	0.0897	0.0885	0.0867	0.0902	0.0966	0.1065	0.0727	0.0690	0.0705	0.0758	0.0865	0.1048	0.0560	0.0498	0.0485	0.0506	0.0570	0.0708	0.0942
1334	0.1043	0.1055	0.1021	0.1026	0.0979	0.1015	0.0999	0.1010	0.1051	0.0897	0.0885	0.0867	0.0900	0.0966	0.1068	0.0727	0.0689	0.0705	0.0757	0.0864	0.1048	0.0560	0.0497	0.0486	0.0505	0.0570	0.0707	0.0941
1335	0.1043	0.1056	0.1020	0.1026	0.0978	0.1014	0.0999	0.1010	0.1050	0.0897	0.0886	0.0867	0.0899	0.0966	0.1066	0.0728	0.0690	0.0705	0.0758	0.0864	0.1047	0.0560	0.0498	0.0487	0.0505	0.0570	0.0706	0.0942
1336	0.1043	0.1056	0.1020	0.1026	0.0978	0.1014	0.0999	0.1010	0.1050	0.0897	0.0887	0.0867	0.0898	0.0965	0.1064	0.0729	0.0691	0.0705	0.0758	0.0864	0.1046	0.0561	0.0499	0.0488	0.0505	0.0570	0.0704	0.0944
1337	0.1043	0.1056	0.1020	0.1025	0.0978	0.1014	0.0997	0.1009	0.1049	0.0897	0.0885	0.0866	0.0898	0.0964	0.1065	0.0728	0.0690	0.0705	0.0758	0.0863	0.1045	0.0561	0.0498	0.0488	0.0505	0.0570	0.0705	0.0943
1338	0.1043	0.1055	0.1020	0.1025	0.0979	0.1014	0.0995	0.1007	0.1047	0.0896	0.0883	0.0865	0.0898	0.0962	0.1067	0.0727	0.0688	0.0706	0.0757	0.0863	0.1044	0.0562	0.0496	0.0487	0.0504	0.0571	0.0707	0.0942
1339	0.1042	0.1054	0.1020	0.1025	0.0978	0.1013	0.0994	0.1006	0.1047	0.0895	0.0883	0.0865	0.0897	0.0961	0.1068	0.0727	0.0688	0.0705	0.0757	0.0861	0.1044	0.0561	0.0497	0.0487	0.0504	0.0571	0.0706	0.0942
1340	0.1041	0.1054	0.1019	0.1025	0.0977	0.1012	0.0993	0.1006	0.1047	0.0894	0.0882	0.0864	0.0896	0.0961	0.1069	0.0727	0.0689	0.0705	0.0757	0.0859	0.1043	0.0560	0.0497	0.0487	0.0503	0.0571	0.0704	0.0942
1341	0.1040	0.1053	0.1018	0.1025	0.0975	0.1012	0.0993	0.1005	0.1047	0.0893	0.0882	0.0863	0.0896	0.0960	0.1068	0.0727	0.0689	0.0704	0.0758	0.0860	0.1044	0.0559	0.0497	0.0486	0.0503	0.0570	0.0703	0.0942
1342	0.1040	0.1052	0.1018	0.1024	0.0973	0.1013	0.0994	0.1004	0.1047	0.0892	0.0882	0.0863	0.0895	0.0959	0.1066	0.0727	0.0688	0.0703	0.0760	0.0862	0.1044	0.0558	0.0496	0.0486	0.0503	0.0569	0.0704	0.0942
1343	0.1039	0.1052	0.1017	0.1024	0.0973	0.1011	0.0993	0.1002	0.1046	0.0891	0.0882	0.0864	0.0895	0.0957	0.1064	0.0727	0.0688	0.0702	0.0759	0.0861	0.1043	0.0558	0.0495	0.0485	0.0503	0.0568	0.0703	0.0942
1344	0.1039	0.1052	0.1016	0.1023	0.0973	0.1009	0.0992	0.1000	0.1044	0.0891	0.0882	0.0865	0.0896	0.0956	0.1064	0.0727	0.0688	0.0701	0.0757	0.0861	0.1041	0.0558	0.0495	0.0485	0.0502	0.0567	0.0703	0.0942
1345	0.1038	0.1052	0.1015	0.1023	0.0974	0.1009	0.0992	0.0999	0.1043	0.0890	0.0882	0.0866	0.0895	0.0955	0.1064	0.0727	0.0687	0.0700	0.0756	0.0860	0.1040	0.0557	0.0495	0.0484	0.0502	0.0566	0.0703	0.0941
1346	0.1037	0.1051	0.1016	0.1023	0.0974	0.1010	0.0991	0.0999	0.1043	0.0890	0.0882	0.0866	0.0894	0.0955	0.1064	0.0727	0.0685	0.0700	0.0755	0.0860	0.1039	0.0557	0.0495	0.0484	0.0502	0.0565	0.0704	0.0941
1347	0.1036	0.1051	0.1015	0.1022	0.0974	0.1009	0.0991	0.0998	0.1042	0.0889	0.0881	0.0865	0.0893	0.0955	0.1063	0.0726	0.0684	0.0699	0.0754	0.0859	0.1038	0.0556	0.0496	0.0483	0.0502	0.0564	0.0704	0.0940
1348	0.1036	0.1051	0.1014	0.1021	0.0974	0.1007	0.0990	0.0999	0.1041	0.0888	0.0879	0.0864	0.0893	0.0954	0.1062	0.0725	0.0685	0.0698	0.0753	0.0858	0.1037	0.0554	0.0497	0.0481	0.0502	0.0563	0.0704	0.0940
1349	0.1036	0.1050	0.1014	0.1021	0.0973	0.1006	0.0989	0.0999	0.1041	0.0888	0.0877	0.0864	0.0891	0.0953	0.1060	0.0724	0.0685	0.0698	0.0752	0.0857	0.1037	0.0554	0.0497	0.0481	0.0501	0.0562	0.0704	0.0940
1350	0.1034	0.1049	0.1013	0.1019	0.0970	0.1005	0.0989	0.0999	0.1039	0.0889	0.0876	0.0862	0.0890	0.0953	0.1057	0.0722	0.0684	0.0697	0.0752	0.0855	0.1037	0.0553	0.0495	0.0481	0.0499	0.0562	0.0703	0.0938
1351	0.1034	0.1048	0.1013	0.1019	0.0967	0.1004	0.0988	0.0998	0.1037	0.0889	0.0875	0.0861	0.0889	0.0951	0.1056	0.0721	0.0682	0.0695	0.0751	0.0855	0.1037	0.0551	0.0494	0.0481	0.0498	0.0562	0.0702	0.0936
1352	0.1034	0.1048	0.1011	0.1019	0.0967	0.1003	0.0988	0.0998	0.1036	0.0886	0.0874	0.0860	0.0888	0.0949	0.1055	0.0721	0.0681	0.0693	0.0749	0.0855	0.1035	0.0549	0.0492	0.0479	0.0498	0.0561	0.0701	0.0934
1353	0.1034	0.1047	0.1011	0.1019	0.0966	0.1003	0.0987	0.0997	0.1036	0.0885	0.0872	0.0859	0.0887	0.0947	0.1055	0.0721	0.0681	0.0691	0.0748	0.0854	0.1033	0.0548	0.0491	0.0478	0.0497	0.0561	0.0700	0.0932
1354	0.1034	0.1046	0.1012	0.1018	0.0965	0.1002	0.0986	0.0996	0.1035	0.0884	0.0871	0.0858	0.0886	0.0946	0.1053	0.0719	0.0681	0.0691	0.0747	0.0852	0.1030	0.0548	0.0490	0.0478	0.0497	0.0560	0.0699	0.0930
1355	0.1034	0.1046	0.1012	0.1017	0.0964	0.1001	0.0986	0.0996	0.1035	0.0884	0.0870	0.0856	0.0885	0.0945	0.1051	0.0718	0.0680	0.0691	0.0747	0.0849	0.1027	0.0547	0.0489	0.0478	0.0497	0.0559	0.0698	0.0928
1356	0.1033	0.1045	0.1011	0.1016	0.0963	0.0999	0.0985	0.0996	0.1032	0.0884	0.0870	0.0855	0.0882	0.0945	0.1048	0.0718	0.0678	0.0692	0.0746	0.0848	0.1027	0.0546	0.0488	0.0477	0.0497	0.0558	0.0697	0.0925
1357	0.1033	0.1044	0.1009	0.1015	0.0962	0.0998	0.0984	0.0995	0.1030	0.0884	0.0869	0.0854	0.0880	0.0944	0.1046	0.0717	0.0676	0.0692	0.0745	0.0847	0.1026	0.0545	0.0487	0.0477	0.0496	0.0557	0.0696	0.0923
1358	0.1032	0.1044	0.1008	0.1013	0.0962	0.0999	0.0983	0.0994	0.1029	0.0883	0.0869	0.0854	0.0879	0.0945	0.1047	0.0717	0.0677	0.0691	0.0743	0.0846	0.1024	0.0545	0.0487	0.0477	0.0495	0.0557	0.0695	0.0922
1359	0.1030	0.1043	0.1007	0.1012	0.0962	0.1000	0.0981	0.0993	0.1029	0.0881	0.0868	0.0855	0.0877	0.0945	0.1048	0.0717	0.0678	0.0690	0.0742	0.0845	0.1022	0.0544	0.0486	0.0476	0.0495	0.0556	0.0694	0.0920
1360	0.1031	0.1043	0.1007	0.1010	0.0962	0.1000	0.0982	0.0991	0.1028	0.0881	0.0867	0.0854	0.0878	0.0944	0.1045	0.0715	0.0677	0.0688	0.0741	0.0844	0.1020	0.0544	0.0484	0.0475	0.0494	0.0555	0.0692	0.0919
1361	0.1032	0.1043	0.1007	0.1008	0.0962	0.0999	0.0982	0.0988	0.1027	0.0880	0.0865	0.0853	0.0878	0.0943	0.1043	0.0714	0.0677	0.0687	0.0739	0.0844	0.1019	0.0544	0.0483	0.0474	0.0494	0.0554	0.0691	0.0918
1362	0.1030	0.1041	0.1008	0.1007	0.0962	0.0998	0.0982	0.0987	0.1026	0.0878	0.0864	0.0852	0.0877	0.0942	0.1043	0.0713	0.0676	0.0686	0.0739	0.0842	0.1018	0.0545	0.0483	0.0474	0.0492	0.0554	0.0691	0.0917
1363	0.1028	0.1040	0.1008	0.1005	0.0962	0.0996	0.0981	0.0987	0.1025	0.0876	0.0863	0.0851	0.0876	0.0941	0.1043	0.0713	0.0676	0.0685	0.0738	0.0841	0.1017	0.0546	0.0482	0.0473	0.0491	0.0554	0.0692	0.0916
1364	0.1028	0.1039	0.1006	0.1004	0.0959	0.0997	0.0979	0.0986	0.1025	0.0875	0.0863	0.0850	0.0876	0.0940	0.1042	0.0712	0.0676	0.0684	0.0737	0.0841	0.1016	0.0545	0.0483	0.0473	0.0491	0.0553	0.0693	0.0916
1365	0.1029	0.1039	0.1004	0.1002	0.0956	0.0998	0.0977	0.0986	0.1026	0.0874	0.0863	0.0849	0.0876	0.0939	0.1040	0.0713	0.0676	0.0683	0.0736	0.0840	0.1014	0.0545	0.0483	0.0473	0.0492	0.0552	0.0693	0.0916
1366	0.1030	0.1037	0.1003	0.1003	0.0957	0.0996	0.0975	0.0986	0.1025	0.0874	0.0864	0.0847	0.0874	0.0937	0.1039	0.0712	0.0675	0.0683	0.0737	0.0840	0.1013	0.0543	0.0484	0.0473	0.0490	0.0551	0.0690	0.0915
1367	0.1031	0.1034	0.1002	0.1003	0.0958	0.0993	0.0974	0.0986	0.1024	0.0874	0.0865	0.0845	0.0873	0.0935	0.1037	0.0711	0.0675	0.0682	0.0738	0.0839	0.1012	0.0541	0.0484	0.0474	0.0489	0.0551	0.0686	0.0914
1368	0.1029	0.1035	0.1000	0.1003	0.0957	0.0992	0.0973	0.0985	0.1023	0.0872	0.0863	0.0844	0.0871	0.0935	0.1035	0.0711	0.0674	0.0681	0.0738	0.0837	0.1010	0.0541	0.0483	0.0473	0.0487	0.0551	0.0686	0.0913
1369	0.1027	0.1036	0.0998	0.1002	0.0956	0.0992	0.0973	0.0983	0.1021	0.0871	0.0861	0.0843	0.0870	0.0934	0.1033	0.0710	0.0673	0.0680	0.0737	0.0835	0.1008	0.0540	0.0482	0.0473	0.0486	0.0550	0.0685	0.0912
1370	0.1026	0.1035	0.0996	0.1000	0.0955	0.0990	0.0972	0.0981	0.1020	0.0869	0.0859	0.0842	0.0869	0.0934	0.1033	0.0708	0.0672	0.0679	0.0737	0.0834	0.1007	0.0540	0.0482	0.0471	0.0487	0.0550	0.0684	0.0911
1371	0.1024	0.1034	0.0995	0.0998	0.0953	0.0989	0.0971	0.0980	0.1020	0.0868	0.0857	0.0842	0.0868	0.0934	0.1033	0.0705	0.0670	0.0678	0.0736	0.0833	0.1006	0.0540	0.0483	0.0469	0.0488	0.0550	0.0683	0.0910
1372	0.1021	0.1031	0.0992	0.0998	0.0951	0.0987	0.0969	0.0978	0.1019	0.0866	0.0856	0.0841	0.0867	0.0933	0.1032	0.0703	0.0668	0.0677	0.0735	0.0832	0.1005	0.0540	0.0482	0.0469	0.0487	0.0549	0.0683	0.0908
1373	0.1017	0.1028	0.0989	0.0997	0.0949	0.0984	0.0967	0.0977	0.1018	0.0864	0.0855	0.0840	0.0865	0.0930	0.1030	0.0703	0.0667	0.0675	0.0733	0.0830	0.1003	0.0539	0.0479	0.0470	0.0486	0.0546	0.0682	0.0908
1374	0.1014	0.1026	0.0986	0.0996	0.0946	0.0982	0.0965	0.0975	0.1015	0.0861	0.0853	0.0839	0.0864	0.0928	0.1027	0.0701	0.0665	0.0672	0.0731	0.0828	0.1000	0.0538	0.0477	0.0469	0.0486	0.0545	0.0682	0.0905
1375	0.1010	0.1025	0.0985	0.0992	0.0943	0.0980	0.0962	0.0973	0.1013	0.0858	0.0850	0.0837	0.0863	0.0925	0.1024	0.0698	0.0663	0.0669	0.0729	0.0827	0.0997	0.0538	0.0476	0.0467	0.0485	0.0544	0.0680	0.0902
1376	0.1006	0.1022	0.0983	0.0989	0.0940	0.0978	0.0959	0.0970	0.1010	0.0856	0.0847	0.0835	0.0862	0.0922	0.1019	0.0696	0.0661	0.0667	0.0727	0.0826	0.0994	0.0536	0.0475	0.0464	0.0484	0.0543	0.0678	0.0899
1377	0.1004	0.1017	0.0980	0.0986	0.0936	0.0975	0.0956	0.0969	0.1006	0.0855	0.0845	0.0833	0.0859	0.0919	0.1015	0.0694	0.0658	0.0666	0.0724	0.0825	0.0991	0.0533	0.0473	0.0460	0.0482	0.0541	0.0675	0.0895
1378	0.1002	0.1012	0.0977	0.0982	0.0932	0.0971	0.0952	0.0965	0.1001	0.0852	0.0842	0.0831	0.0856	0.0916	0.1010	0.0692	0.0655	0.0665	0.0722	0.0821	0.0988	0.0531	0.0471	0.0457	0.0480	0.0539	0.0673	0.0892
1379	0.0998	0.1008	0.0974	0.0976	0.0927	0.0966	0.0948	0.0960	0.0997	0.0849	0.0838	0.0827	0.0853	0.0910	0.1006	0.0690	0.0652	0.0663	0.0719	0.0816	0.0985	0.0529	0.0469	0.0456	0.0477	0.0537	0.0671	0.0890
1380	0.0994	0.1004	0.0970	0.0971	0.0923	0.0961	0.0943	0.0955	0.0992	0.0845	0.0834	0.0823	0.0849	0.0905	0.1001	0.0686	0.0649	0.0660	0.0716	0.0812	0.0981	0.0526	0.0466	0.0455	0.0475	0.0535	0.0668	0.0887
1381	0.0989	0.0999	0.0965	0.0967	0.0918	0.0956	0.0940	0.0950	0.0987	0.0841	0.0829	0.0818	0.0845	0.0901	0.0995	0.0681	0.0647	0.0656	0.0712	0.0809	0.0976	0.0523	0.0464	0.0454	0.0472	0.0533	0.0664	0.0883
1382	0.0985	0.0993	0.0960	0.0962	0.0913	0.0951	0.0935	0.0945	0.0982	0.0837	0.0825	0.0813	0.0841	0.0897	0.0991	0.0677	0.0644	0.0651	0.0708	0.0805	0.0971	0.0520	0.0462	0.0452	0.0468	0.0530	0.0661	0.0880
1383	0.0980	0.0988	0.0955	0.0956	0.0908	0.0946	0.0929	0.0940	0.0976	0.0832	0.0821	0.0808	0.0837	0.0893	0.0988	0.0672	0.0641	0.0648	0.0706	0.0800	0.0965	0.0516	0.0461	0.0450	0.0465	0.0526	0.0659	0.0876
1384	0.0975	0.0982	0.0949	0.0949	0.0903	0.0941	0.0924	0.0934	0.0969	0.0827	0.0816	0.0802	0.0833	0.0889	0.0983	0.0667	0.0637	0.0644	0.0702	0.0796	0.0960	0.0511	0.0459	0.0448	0.0462	0.0522	0.0656	0.0872
1385	0.0967	0.0977	0.0942	0.0942	0.0897	0.0937	0.0920	0.0928	0.0962	0.0821	0.0810	0.0797	0.0827	0.0884	0.0977	0.0661	0.0634	0.0640	0.0696	0.0791	0.0955	0.0508	0.0455	0.0444	0.0461	0.0518	0.0652	0.0867
1386	0.0960	0.0971	0.0935	0.0935	0.0891	0.0931	0.0916	0.0922	0.0955	0.0815	0.0804	0.0791	0.0821	0.0878	0.0971	0.0655	0.0629	0.0637	0.0691	0.0786	0.0950	0.0505	0.0452	0.0441	0.0459	0.0515	0.0648	0.0862
1387	0.0954	0.0965	0.0928	0.0929	0.0885	0.0923	0.0910	0.0915	0.0950	0.0808	0.0798	0.0786	0.0815	0.0872	0.0963	0.0650	0.0625	0.0633	0.0686	0.0780	0.0945	0.0503	0.0449	0.0436	0.0455	0.0512	0.0644	0.0858
1388	0.0947	0.0958	0.0921	0.0923	0.0878	0.0916	0.0904	0.0908	0.0945	0.0801	0.0791	0.0780	0.0810	0.0865	0.0956	0.0646	0.0621	0.0629	0.0681	0.0775	0.0939	0.0500	0.0446	0.0433	0.0451	0.0509	0.0640	0.0853
1389	0.0938	0.0950	0.0914	0.0915	0.0872	0.0910	0.0896	0.0901	0.0937	0.0796	0.0784	0.0774	0.0805	0.0859	0.0950	0.0642	0.0615	0.0624	0.0677	0.0769	0.0932	0.0497	0.0442	0.0432	0.0447	0.0505	0.0637	0.0849
1390	0.0930	0.0941	0.0907	0.0907	0.0866	0.0903	0.0887	0.0894	0.0929	0.0790	0.0778	0.0767	0.0799	0.0854	0.0943	0.0638	0.0610	0.0619	0.0672	0.0764	0.0926	0.0493	0.0437	0.0430	0.0443	0.0502	0.0633	0.0844
1391	0.0924	0.0933	0.0899	0.0899	0.0859	0.0895	0.0880	0.0886	0.0922	0.0784	0.0772	0.0761	0.0792	0.0847	0.0935	0.0633	0.0604	0.0614	0.0666	0.0758	0.0918	0.0490	0.0434	0.0426	0.0440	0.0499	0.0629	0.0837
1392	0.0917	0.0925	0.0892	0.0891	0.0852	0.0887	0.0872	0.0879	0.0915	0.0778	0.0765	0.0755	0.0784	0.0841	0.0927	0.0628	0.0599	0.0609	0.0661	0.0752	0.0910	0.0486	0.0430	0.0423	0.0436	0.0496	0.0624	0.0831
1393	0.0909	0.0917	0.0883	0.0882	0.0844	0.0880	0.0864	0.0872	0.0907	0.0769	0.0760	0.0750	0.0777	0.0833	0.0920	0.0622	0.0594	0.0602	0.0656	0.0746	0.0902	0.0481	0.0426	0.0418	0.0434	0.0493	0.0618	0.0825
1394	0.0901	0.0910	0.0874	0.0873	0.0836	0.0872	0.0857	0.0865	0.0900	0.0760	0.0754	0.0744	0.0770	0.0826	0.0913	0.0617	0.0589	0.0595	0.0651	0.0739	0.0894	0.0476	0.0421	0.0414	0.0431	0.0490	0.0612	0.0819
1395	0.0893	0.0900	0.0867	0.0864	0.0827	0.0863	0.0849	0.0858	0.0891	0.0753	0.0746	0.0735	0.0763	0.0818	0.0904	0.0612	0.0582	0.0590	0.0646	0.0733	0.0887	0.0471	0.0416	0.0411	0.0427	0.0486	0.0607	0.0814
1396	0.0885	0.0891	0.0860	0.0856	0.0818	0.0854	0.0842	0.0851	0.0883	0.0746	0.0737	0.0726	0.0756	0.0810	0.0896	0.0607	0.0574	0.0586	0.0641	0.0726	0.0880	0.0467	0.0411	0.0407	0.0423	0.0481	0.0602	0.0809
1397	0.0877	0.0884	0.0851	0.0848	0.0810	0.0846	0.0833	0.0842	0.0874	0.0739	0.0730	0.0718	0.0749	0.0802	0.0889	0.0601	0.0569	0.0580	0.0634	0.0720	0.0873	0.0462	0.0408	0.0402	0.0419	0.0477	0.0597	0.0802
1398	0.0868	0.0876	0.0842	0.0840	0.0802	0.0837	0.0824	0.0833	0.0866	0.0732	0.0723	0.0711	0.0742	0.0794	0.0882	0.0595	0.0564	0.0574	0.0626	0.0714	0.0866	0.0457	0.0405	0.0398	0.0416	0.0473	0.0593	0.0796
1399	0.0861	0.0867	0.0834	0.0832	0.0795	0.0830	0.0817	0.0825	0.0859	0.0724	0.0717	0.0705	0.0736	0.0788	0.0875	0.0590	0.0559	0.0570	0.0621	0.0708	0.0861	0.0452	0.0401	0.0395	0.0412	0.0469	0.0590	0.0791
1400	0.0855	0.0858	0.0827	0.0825	0.0788	0.0823	0.0810	0.0818	0.0852	0.0715	0.0710	0.0699	0.0729	0.0782	0.0869	0.0584	0.0553	0.0565	0.0616	0.0703	0.0855	0.0447	0.0397	0.0391	0.0410	0.0465	0.0587	0.0787
1401	0.0848	0.0850	0.0819	0.0817	0.0781	0.0816	0.0803	0.0810	0.0843	0.0707	0.0702	0.0693	0.0722	0.0775	0.0862	0.0579	0.0547	0.0559	0.0609	0.0698	0.0849	0.0443	0.0394	0.0387	0.0406	0.0462	0.0583	0.0782
1402	0.0841	0.0843	0.0810	0.0809	0.0774	0.0810	0.0796	0.0802	0.0835	0.0700	0.0694	0.0687	0.0714	0.0767	0.0854	0.0575	0.0542	0.0554	0.0602	0.0693	0.0842	0.0440	0.0390	0.0383	0.0403	0.0459	0.0578	0.0777
1403	0.0833	0.0835	0.0803	0.0803	0.0767	0.0803	0.0789	0.0795	0.0828	0.0693	0.0688	0.0682	0.0707	0.0762	0.0847	0.0569	0.0537	0.0548	0.0598	0.0688	0.0837	0.0436	0.0387	0.0379	0.0399	0.0455	0.0573	0.0773
1404	0.0825	0.0828	0.0797	0.0796	0.0760	0.0796	0.0782	0.0788	0.0820	0.0686	0.0683	0.0677	0.0701	0.0757	0.0839	0.0564	0.0533	0.0543	0.0594	0.0683	0.0831	0.0433	0.0384	0.0376	0.0395	0.0451	0.0567	0.0768
1405	0.0817	0.0822	0.0790	0.0789	0.0753	0.0789	0.0776	0.0782	0.0813	0.0680	0.0678	0.0671	0.0696	0.0751	0.0834	0.0560	0.0528	0.0540	0.0590	0.0677	0.0826	0.0429	0.0381	0.0372	0.0391	0.0447	0.0564	0.0765
1406	0.0810	0.0816	0.0784	0.0782	0.0747	0.0784	0.0770	0.0776	0.0806	0.0675	0.0672	0.0665	0.0691	0.0744	0.0829	0.0557	0.0524	0.0537	0.0586	0.0672	0.0822	0.0426	0.0379	0.0368	0.0388	0.0443	0.0561	0.0762
1407	0.0804	0.0811	0.0777	0.0776	0.0740	0.0778	0.0765	0.0771	0.0800	0.0670	0.0667	0.0659	0.0685	0.0738	0.0825	0.0552	0.0520	0.0533	0.0582	0.0668	0.0817	0.0422	0.0376	0.0365	0.0385	0.0440	0.0558	0.0758
1408	0.0800	0.0805	0.0771	0.0771	0.0734	0.0773	0.0760	0.0765	0.0795	0.0665	0.0662	0.0654	0.0679	0.0733	0.0820	0.0547	0.0516	0.0529	0.0578	0.0663	0.0811	0.0420	0.0372	0.0363	0.0382	0.0438	0.0555	0.0754
1409	0.0795	0.0800	0.0766	0.0765	0.0728	0.0768	0.0754	0.0761	0.0790	0.0660	0.0658	0.0649	0.0675	0.0728	0.0815	0.0541	0.0512	0.0526	0.0574	0.0659	0.0807	0.0417	0.0369	0.0361	0.0379	0.0436	0.0552	0.0750
1410	0.0789	0.0794	0.0760	0.0760	0.0722	0.0762	0.0748	0.0756	0.0786	0.0656	0.0654	0.0645	0.0670	0.0725	0.0810	0.0536	0.0509	0.0523	0.0570	0.0656	0.0803	0.0415	0.0366	0.0358	0.0376	0.0433	0.0549	0.0746
1411	0.0783	0.0789	0.0756	0.0755	0.0717	0.0757	0.0743	0.0752	0.0781	0.0652	0.0650	0.0642	0.0667	0.0721	0.0805	0.0532	0.0505	0.0520	0.0566	0.0652	0.0800	0.0412	0.0364	0.0356	0.0372	0.0430	0.0547	0.0742
1412	0.0778	0.0785	0.0752	0.0750	0.0713	0.0753	0.0737	0.0747	0.0776	0.0648	0.0645	0.0638	0.0664	0.0717	0.0799	0.0529	0.0502	0.0517	0.0561	0.0649	0.0797	0.0408	0.0361	0.0355	0.0369	0.0429	0.0545	0.0739
1413	0.0774	0.0780	0.0747	0.0745	0.0709	0.0748	0.0732	0.0743	0.0771	0.0643	0.0642	0.0635	0.0661	0.0713	0.0795	0.0525	0.0498	0.0515	0.0558	0.0645	0.0793	0.0406	0.0359	0.0353	0.0368	0.0426	0.0544	0.0736
1414	0.0769	0.0774	0.0743	0.0741	0.0705	0.0744	0.0730	0.0739	0.0767	0.0640	0.0640	0.0630	0.0658	0.0708	0.0790	0.0521	0.0494	0.0513	0.0555	0.0642	0.0789	0.0404	0.0358	0.0352	0.0367	0.0423	0.0542	0.0735
1415	0.0765	0.0770	0.0739	0.0737	0.0701	0.0740	0.0726	0.0736	0.0763	0.0636	0.0636	0.0627	0.0655	0.0705	0.0787	0.0517	0.0492	0.0510	0.0553	0.0639	0.0785	0.0403	0.0357	0.0350	0.0366	0.0421	0.0539	0.0733
1416	0.0762	0.0766	0.0735	0.0733	0.0698	0.0736	0.0722	0.0733	0.0760	0.0633	0.0633	0.0624	0.0652	0.0703	0.0783	0.0515	0.0490	0.0507	0.0551	0.0635	0.0782	0.0402	0.0355	0.0348	0.0364	0.0420	0.0537	0.0732
1417	0.0758	0.0763	0.0731	0.0730	0.0694	0.0732	0.0719	0.0729	0.0757	0.0630	0.0629	0.0621	0.0649	0.0700	0.0780	0.0513	0.0488	0.0503	0.0548	0.0632	0.0779	0.0401	0.0353	0.0346	0.0362	0.0418	0.0535	0.0730
1418	0.0754	0.0760	0.0726	0.0727	0.0689	0.0729	0.0717	0.0725	0.0755	0.0626	0.0626	0.0618	0.0647	0.0696	0.0778	0.0510	0.0485	0.0501	0.0545	0.0630	0.0776	0.0398	0.0352	0.0344	0.0362	0.0416	0.0533	0.0728
1419	0.0751	0.0757	0.0723	0.0724	0.0686	0.0726	0.0715	0.0722	0.0752	0.0623	0.0622	0.0615	0.0644	0.0694	0.0775	0.0508	0.0483	0.0499	0.0542	0.0628	0.0773	0.0396	0.0351	0.0342	0.0361	0.0414	0.0531	0.0725
1420	0.0748	0.0753	0.0720	0.0721	0.0685	0.0723	0.0713	0.0720	0.0748	0.0621	0.0620	0.0613	0.0642	0.0693	0.0772	0.0506	0.0480	0.0497	0.0539	0.0625	0.0770	0.0395	0.0350	0.0342	0.0360	0.0413	0.0530	0.0722
1421	0.0745	0.0750	0.0718	0.0719	0.0683	0.0720	0.0710	0.0718	0.0745	0.0619	0.0617	0.0611	0.0640	0.0691	0.0770	0.0505	0.0478	0.0495	0.0536	0.0622	0.0767	0.0393	0.0349	0.0342	0.0359	0.0412	0.0529	0.0719
1422	0.0742	0.0748	0.0715	0.0715	0.0681	0.0717	0.0707	0.0715	0.0743	0.0617	0.0615	0.0610	0.0637	0.0687	0.0766	0.0504	0.0476	0.0493	0.0534	0.0620	0.0765	0.0392	0.0348	0.0341	0.0356	0.0410	0.0527	0.0716
1423	0.0739	0.0746	0.0713	0.0711	0.0678	0.0715	0.0704	0.0712	0.0741	0.0614	0.0613	0.0608	0.0635	0.0684	0.0763	0.0503	0.0474	0.0491	0.0533	0.0618	0.0762	0.0391	0.0346	0.0339	0.0354	0.0408	0.0525	0.0714
1424	0.0735	0.0746	0.0710	0.0709	0.0676	0.0713	0.0701	0.0710	0.0738	0.0611	0.0611	0.0607	0.0632	0.0682	0.0760	0.0500	0.0472	0.0490	0.0532	0.0616	0.0761	0.0389	0.0345	0.0338	0.0353	0.0408	0.0524	0.0712
1425	0.0732	0.0744	0.0708	0.0707	0.0673	0.0712	0.0699	0.0707	0.0734	0.0610	0.0608	0.0606	0.0630	0.0680	0.0758	0.0497	0.0471	0.0488	0.0532	0.0614	0.0760	0.0388	0.0343	0.0336	0.0352	0.0407	0.0522	0.0710
1426	0.0730	0.0741	0.0705	0.0705	0.0672	0.0710	0.0697	0.0705	0.0732	0.0607	0.0606	0.0603	0.0629	0.0678	0.0757	0.0495	0.0470	0.0486	0.0530	0.0612	0.0759	0.0387	0.0343	0.0335	0.0350	0.0406	0.0521	0.0708
1427	0.0728	0.0738	0.0702	0.0703	0.0670	0.0708	0.0694	0.0702	0.0730	0.0604	0.0604	0.0601	0.0628	0.0675	0.0755	0.0494	0.0468	0.0484	0.0528	0.0610	0.0757	0.0385	0.0343	0.0334	0.0348	0.0404	0.0520	0.0706
1428	0.0725	0.0735	0.0700	0.0701	0.0668	0.0706	0.0692	0.0701	0.0728	0.0602	0.0604	0.0599	0.0627	0.0675	0.0754	0.0493	0.0468	0.0482	0.0527	0.0609	0.0755	0.0384	0.0342	0.0333	0.0349	0.0403	0.0519	0.0705
1429	0.0722	0.0732	0.0699	0.0698	0.0665	0.0703	0.0690	0.0699	0.0726	0.0600	0.0603	0.0597	0.0625	0.0674	0.0753	0.0492	0.0467	0.0481	0.0526	0.0609	0.0754	0.0382	0.0341	0.0333	0.0349	0.0402	0.0517	0.0704
1430	0.0721	0.0730	0.0697	0.0697	0.0662	0.0701	0.0689	0.0697	0.0725	0.0598	0.0602	0.0595	0.0625	0.0673	0.0750	0.0490	0.0466	0.0480	0.0525	0.0607	0.0751	0.0382	0.0339	0.0331	0.0349	0.0401	0.0517	0.0702
1431	0.0721	0.0729	0.0695	0.0696	0.0660	0.0699	0.0688	0.0696	0.0724	0.0597	0.0600	0.0592	0.0624	0.0672	0.0747	0.0488	0.0464	0.0478	0.0525	0.0606	0.0749	0.0382	0.0338	0.0330	0.0348	0.0401	0.0517	0.0700
1432	0.0719	0.0728	0.0694	0.0693	0.0660	0.0698	0.0687	0.0694	0.0723	0.0597	0.0599	0.0589	0.0622	0.0671	0.0745	0.0487	0.0462	0.0477	0.0524	0.0604	0.0747	0.0382	0.0337	0.0330	0.0347	0.0401	0.0515	0.0700
1433	0.0718	0.0727	0.0692	0.0691	0.0659	0.0697	0.0685	0.0693	0.0721	0.0596	0.0599	0.0586	0.0621	0.0668	0.0744	0.0486	0.0461	0.0477	0.0524	0.0602	0.0744	0.0382	0.0336	0.0331	0.0346	0.0401	0.0513	0.0699
1434	0.0717	0.0725	0.0691	0.0690	0.0657	0.0696	0.0685	0.0691	0.0720	0.0594	0.0597	0.0585	0.0620	0.0668	0.0743	0.0486	0.0460	0.0476	0.0523	0.0601	0.0742	0.0380	0.0335	0.0331	0.0346	0.0400	0.0512	0.0697
1435	0.0716	0.0723	0.0691	0.0689	0.0655	0.0694	0.0685	0.0689	0.0718	0.0592	0.0596	0.0584	0.0619	0.0667	0.0741	0.0485	0.0458	0.0476	0.0522	0.0601	0.0741	0.0379	0.0334	0.0330	0.0345	0.0399	0.0512	0.0696
1436	0.0715	0.0721	0.0690	0.0688	0.0655	0.0693	0.0685	0.0688	0.0717	0.0591	0.0595	0.0583	0.0617	0.0665	0.0741	0.0485	0.0457	0.0475	0.0520	0.0601	0.0741	0.0379	0.0333	0.0329	0.0344	0.0398	0.0512	0.0696
1437	0.0714	0.0719	0.0688	0.0687	0.0654	0.0692	0.0684	0.0688	0.0716	0.0591	0.0594	0.0583	0.0614	0.0664	0.0741	0.0484	0.0457	0.0475	0.0519	0.0600	0.0741	0.0379	0.0333	0.0327	0.0342	0.0397	0.0511	0.0697
1438	0.0713	0.0719	0.0687	0.0686	0.0653	0.0691	0.0682	0.0687	0.0716	0.0590	0.0593	0.0582	0.0613	0.0663	0.0741	0.0483	0.0458	0.0474	0.0518	0.0600	0.0741	0.0379	0.0333	0.0327	0.0341	0.0397	0.0510	0.0694
1439	0.0712	0.0719	0.0685	0.0685	0.0652	0.0690	0.0680	0.0686	0.0715	0.0589	0.0593	0.0581	0.0612	0.0663	0.0740	0.0482	0.0458	0.0473	0.0517	0.0600	0.0741	0.0378	0.0332	0.0326	0.0340	0.0397	0.0508	0.0692
1440	0.0712	0.0718	0.0686	0.0683	0.0651	0.0690	0.0679	0.0686	0.0714	0.0588	0.0592	0.0580	0.0612	0.0662	0.0740	0.0483	0.0457	0.0472	0.0517	0.0599	0.0739	0.0378	0.0332	0.0326	0.0341	0.0397	0.0507	0.0691
1441	0.0711	0.0717	0.0686	0.0682	0.0650	0.0689	0.0678	0.0686	0.0713	0.0588	0.0592	0.0579	0.0612	0.0661	0.0739	0.0484	0.0456	0.0472	0.0518	0.0598	0.0738	0.0378	0.0332	0.0326	0.0343	0.0396	0.0506	0.0691
1442	0.0710	0.0717	0.0684	0.0683	0.0650	0.0687	0.0678	0.0686	0.0712	0.0587	0.0591	0.0578	0.0611	0.0660	0.0739	0.0483	0.0456	0.0472	0.0518	0.0598	0.0738	0.0377	0.0331	0.0326	0.0343	0.0396	0.0505	0.0691
1443	0.0709	0.0718	0.0682	0.0683	0.0650	0.0686	0.0678	0.0685	0.0712	0.0586	0.0590	0.0578	0.0610	0.0659	0.0738	0.0482	0.0456	0.0472	0.0517	0.0598	0.0739	0.0377	0.0331	0.0326	0.0343	0.0397	0.0504	0.0691
1444	0.0709	0.0716	0.0681	0.0683	0.0649	0.0684	0.0677	0.0685	0.0711	0.0585	0.0589	0.0579	0.0609	0.0659	0.0737	0.0481	0.0456	0.0471	0.0516	0.0598	0.0738	0.0376	0.0332	0.0326	0.0343	0.0397	0.0504	0.0691
1445	0.0709	0.0714	0.0681	0.0682	0.0647	0.0683	0.0677	0.0684	0.0709	0.0585	0.0588	0.0580	0.0609	0.0659	0.0736	0.0481	0.0456	0.0471	0.0514	0.0598	0.0736	0.0376	0.0332	0.0325	0.0342	0.0397	0.0505	0.0689
1446	0.0709	0.0713	0.0682	0.0682	0.0646	0.0683	0.0676	0.0684	0.0709	0.0585	0.0588	0.0581	0.0609	0.0659	0.0736	0.0481	0.0455	0.0470	0.0514	0.0597	0.0735	0.0375	0.0332	0.0325	0.0341	0.0397	0.0505	0.0689
1447	0.0709	0.0713	0.0682	0.0681	0.0646	0.0682	0.0676	0.0683	0.0710	0.0585	0.0589	0.0581	0.0609	0.0659	0.0736	0.0480	0.0455	0.0470	0.0513	0.0596	0.0734	0.0374	0.0331	0.0325	0.0339	0.0396	0.0505	0.0688
1448	0.0709	0.0713	0.0681	0.0681	0.0646	0.0683	0.0676	0.0683	0.0709	0.0585	0.0588	0.0582	0.0609	0.0659	0.0736	0.0479	0.0454	0.0470	0.0514	0.0596	0.0733	0.0373	0.0331	0.0325	0.0339	0.0395	0.0505	0.0688
1449	0.0709	0.0713	0.0679	0.0681	0.0647	0.0684	0.0675	0.0682	0.0709	0.0585	0.0588	0.0582	0.0608	0.0658	0.0735	0.0479	0.0454	0.0469	0.0514	0.0596	0.0733	0.0373	0.0331	0.0325	0.0340	0.0394	0.0504	0.0687
1450	0.0707	0.0713	0.0679	0.0681	0.0647	0.0685	0.0675	0.0682	0.0709	0.0585	0.0588	0.0582	0.0609	0.0658	0.0734	0.0478	0.0454	0.0469	0.0514	0.0595	0.0732	0.0373	0.0331	0.0324	0.0340	0.0394	0.0503	0.0687
1451	0.0706	0.0714	0.0680	0.0681	0.0647	0.0686	0.0675	0.0682	0.0709	0.0585	0.0588	0.0581	0.0609	0.0659	0.0734	0.0479	0.0454	0.0469	0.0514	0.0594	0.0732	0.0373	0.0331	0.0323	0.0341	0.0394	0.0503	0.0686
1452	0.0706	0.0713	0.0680	0.0680	0.0647	0.0686	0.0675	0.0681	0.0708	0.0584	0.0588	0.0581	0.0609	0.0659	0.0735	0.0479	0.0454	0.0468	0.0514	0.0594	0.0732	0.0374	0.0332	0.0323	0.0341	0.0395	0.0503	0.0686
1453	0.0706	0.0713	0.0681	0.0679	0.0648	0.0686	0.0676	0.0680	0.0707	0.0584	0.0587	0.0582	0.0609	0.0659	0.0734	0.0479	0.0454	0.0469	0.0515	0.0595	0.0733	0.0374	0.0331	0.0323	0.0341	0.0394	0.0503	0.0686
1454	0.0707	0.0713	0.0682	0.0679	0.0648	0.0686	0.0676	0.0680	0.0707	0.0585	0.0587	0.0582	0.0609	0.0659	0.0734	0.0479	0.0454	0.0469	0.0515	0.0595	0.0734	0.0374	0.0331	0.0324	0.0342	0.0395	0.0503	0.0685
1455	0.0707	0.0714	0.0682	0.0678	0.0648	0.0687	0.0676	0.0680	0.0708	0.0585	0.0587	0.0582	0.0610	0.0659	0.0734	0.0478	0.0454	0.0468	0.0515	0.0595	0.0734	0.0375	0.0331	0.0324	0.0342	0.0396	0.0503	0.0685
1456	0.0707	0.0714	0.0683	0.0679	0.0648	0.0688	0.0677	0.0681	0.0709	0.0585	0.0587	0.0583	0.0611	0.0659	0.0734	0.0479	0.0454	0.0469	0.0515	0.0595	0.0733	0.0375	0.0331	0.0325	0.0342	0.0396	0.0503	0.0685
1457	0.0706	0.0714	0.0684	0.0680	0.0648	0.0688	0.0677	0.0682	0.0710	0.0585	0.0587	0.0583	0.0612	0.0659	0.0734	0.0480	0.0455	0.0470	0.0515	0.0596	0.0732	0.0376	0.0332	0.0325	0.0343	0.0395	0.0504	0.0685
1458	0.0706	0.0714	0.0684	0.0681	0.0649	0.0689	0.0678	0.0683	0.0710	0.0586	0.0587	0.0583	0.0612	0.0660	0.0735	0.0481	0.0456	0.0471	0.0515	0.0596	0.0732	0.0376	0.0332	0.0325	0.0343	0.0395	0.0504	0.0685
1459	0.0707	0.0715	0.0683	0.0682	0.0650	0.0689	0.0677	0.0684	0.0710	0.0587	0.0587	0.0584	0.0612	0.0660	0.0735	0.0480	0.0457	0.0472	0.0515	0.0597	0.0731	0.0376	0.0332	0.0326	0.0342	0.0395	0.0504	0.0684
1460	0.0707	0.0716	0.0683	0.0682	0.0650	0.0691	0.0676	0.0685	0.0710	0.0587	0.0587	0.0585	0.0612	0.0661	0.0735	0.0480	0.0457	0.0472	0.0515	0.0597	0.0731	0.0376	0.0332	0.0325	0.0342	0.0395	0.0504	0.0684
1461	0.0708	0.0716	0.0683	0.0682	0.0649	0.0692	0.0676	0.0686	0.0711	0.0587	0.0589	0.0585	0.0613	0.0661	0.0735	0.0481	0.0457	0.0471	0.0516	0.0597	0.0732	0.0376	0.0332	0.0325	0.0343	0.0396	0.0506	0.0686
1462	0.0710	0.0717	0.0684	0.0682	0.0648	0.0693	0.0676	0.0687	0.0712	0.0588	0.0590	0.0585	0.0614	0.0661	0.0735	0.0481	0.0458	0.0471	0.0516	0.0597	0.0733	0.0376	0.0332	0.0325	0.0343	0.0398	0.0507	0.0686
1463	0.0710	0.0718	0.0685	0.0683	0.0649	0.0693	0.0677	0.0688	0.0712	0.0590	0.0591	0.0586	0.0615	0.0662	0.0736	0.0482	0.0458	0.0471	0.0516	0.0598	0.0733	0.0376	0.0332	0.0326	0.0343	0.0399	0.0508	0.0686
1464	0.0711	0.0720	0.0686	0.0684	0.0650	0.0693	0.0678	0.0689	0.0713	0.0591	0.0591	0.0587	0.0616	0.0662	0.0738	0.0483	0.0458	0.0472	0.0517	0.0599	0.0733	0.0376	0.0334	0.0327	0.0343	0.0399	0.0509	0.0686
1465	0.0711	0.0721	0.0686	0.0685	0.0652	0.0693	0.0679	0.0689	0.0715	0.0592	0.0592	0.0588	0.0617	0.0663	0.0738	0.0483	0.0460	0.0473	0.0518	0.0600	0.0735	0.0378	0.0335	0.0328	0.0344	0.0400	0.0509	0.0687
1466	0.0712	0.0723	0.0687	0.0686	0.0654	0.0694	0.0680	0.0689	0.0717	0.0593	0.0593	0.0588	0.0617	0.0664	0.0739	0.0484	0.0462	0.0475	0.0520	0.0600	0.0735	0.0379	0.0336	0.0329	0.0345	0.0401	0.0509	0.0687
1467	0.0714	0.0724	0.0689	0.0687	0.0655	0.0695	0.0682	0.0690	0.0719	0.0595	0.0595	0.0590	0.0617	0.0665	0.0740	0.0485	0.0464	0.0476	0.0521	0.0601	0.0735	0.0381	0.0336	0.0330	0.0345	0.0401	0.0509	0.0687
1468	0.0716	0.0725	0.0690	0.0689	0.0656	0.0696	0.0683	0.0691	0.0720	0.0597	0.0596	0.0591	0.0618	0.0666	0.0742	0.0486	0.0466	0.0477	0.0522	0.0602	0.0735	0.0382	0.0336	0.0331	0.0345	0.0401	0.0510	0.0687
1469	0.0719	0.0726	0.0691	0.0691	0.0657	0.0697	0.0686	0.0692	0.0721	0.0597	0.0597	0.0593	0.0619	0.0667	0.0742	0.0487	0.0467	0.0478	0.0522	0.0604	0.0737	0.0383	0.0338	0.0330	0.0346	0.0400	0.0511	0.0688
1470	0.0721	0.0728	0.0693	0.0693	0.0659	0.0698	0.0688	0.0693	0.0722	0.0597	0.0598	0.0595	0.0621	0.0669	0.0742	0.0488	0.0469	0.0478	0.0523	0.0605	0.0738	0.0384	0.0339	0.0330	0.0347	0.0399	0.0512	0.0689
1471	0.0722	0.0730	0.0694	0.0695	0.0661	0.0700	0.0690	0.0696	0.0723	0.0598	0.0599	0.0597	0.0623	0.0670	0.0744	0.0489	0.0469	0.0479	0.0525	0.0607	0.0740	0.0384	0.0340	0.0331	0.0349	0.0400	0.0513	0.0688
1472	0.0723	0.0731	0.0696	0.0696	0.0663	0.0702	0.0692	0.0698	0.0724	0.0599	0.0600	0.0598	0.0624	0.0672	0.0745	0.0490	0.0470	0.0480	0.0526	0.0609	0.0740	0.0384	0.0341	0.0331	0.0350	0.0401	0.0514	0.0688
1473	0.0725	0.0733	0.0698	0.0697	0.0666	0.0703	0.0693	0.0700	0.0726	0.0601	0.0603	0.0599	0.0626	0.0674	0.0747	0.0493	0.0471	0.0481	0.0528	0.0610	0.0741	0.0385	0.0341	0.0332	0.0351	0.0402	0.0515	0.0690
1474	0.0727	0.0734	0.0700	0.0698	0.0669	0.0705	0.0695	0.0703	0.0727	0.0604	0.0605	0.0600	0.0628	0.0676	0.0749	0.0495	0.0472	0.0483	0.0529	0.0611	0.0742	0.0386	0.0342	0.0333	0.0352	0.0402	0.0516	0.0691
1475	0.0729	0.0737	0.0701	0.0701	0.0671	0.0706	0.0697	0.0704	0.0729	0.0607	0.0607	0.0601	0.0629	0.0677	0.0751	0.0496	0.0474	0.0485	0.0531	0.0612	0.0744	0.0387	0.0342	0.0335	0.0354	0.0404	0.0516	0.0693
1476	0.0731	0.0739	0.0703	0.0704	0.0673	0.0707	0.0699	0.0706	0.0731	0.0610	0.0610	0.0603	0.0630	0.0679	0.0753	0.0497	0.0475	0.0486	0.0532	0.0612	0.0745	0.0389	0.0343	0.0336	0.0356	0.0406	0.0517	0.0694
1477	0.0734	0.0740	0.0705	0.0705	0.0675	0.0709	0.0700	0.0708	0.0733	0.0612	0.0611	0.0604	0.0632	0.0680	0.0755	0.0499	0.0476	0.0488	0.0533	0.0613	0.0746	0.0390	0.0345	0.0337	0.0356	0.0407	0.0517	0.0695
1478	0.0736	0.0742	0.0708	0.0707	0.0677	0.0712	0.0701	0.0710	0.0736	0.0614	0.0613	0.0606	0.0633	0.0682	0.0757	0.0501	0.0477	0.0490	0.0534	0.0614	0.0746	0.0392	0.0346	0.0338	0.0356	0.0408	0.0518	0.0696
1479	0.0737	0.0744	0.0711	0.0709	0.0679	0.0714	0.0703	0.0711	0.0738	0.0615	0.0616	0.0608	0.0636	0.0683	0.0759	0.0503	0.0479	0.0492	0.0536	0.0616	0.0749	0.0394	0.0347	0.0340	0.0357	0.0409	0.0520	0.0697
1480	0.0739	0.0746	0.0713	0.0712	0.0681	0.0717	0.0705	0.0713	0.0741	0.0615	0.0619	0.0609	0.0638	0.0685	0.0760	0.0505	0.0481	0.0493	0.0538	0.0618	0.0751	0.0396	0.0348	0.0342	0.0358	0.0410	0.0521	0.0698
1481	0.0741	0.0749	0.0715	0.0715	0.0684	0.0719	0.0708	0.0716	0.0743	0.0617	0.0620	0.0611	0.0639	0.0687	0.0761	0.0507	0.0483	0.0495	0.0539	0.0619	0.0753	0.0398	0.0350	0.0343	0.0359	0.0411	0.0522	0.0699
1482	0.0743	0.0751	0.0718	0.0718	0.0687	0.0722	0.0710	0.0719	0.0746	0.0619	0.0622	0.0613	0.0640	0.0689	0.0763	0.0508	0.0484	0.0497	0.0540	0.0621	0.0756	0.0399	0.0352	0.0344	0.0361	0.0413	0.0523	0.0700
1483	0.0745	0.0754	0.0720	0.0721	0.0689	0.0725	0.0712	0.0721	0.0748	0.0622	0.0624	0.0616	0.0642	0.0691	0.0765	0.0510	0.0486	0.0499	0.0542	0.0623	0.0757	0.0401	0.0353	0.0345	0.0362	0.0414	0.0523	0.0701
1484	0.0748	0.0757	0.0723	0.0723	0.0690	0.0728	0.0715	0.0724	0.0749	0.0625	0.0626	0.0619	0.0644	0.0692	0.0768	0.0513	0.0488	0.0502	0.0545	0.0625	0.0757	0.0403	0.0353	0.0347	0.0363	0.0416	0.0524	0.0702
1485	0.0750	0.0760	0.0726	0.0726	0.0693	0.0731	0.0717	0.0727	0.0752	0.0628	0.0628	0.0621	0.0646	0.0695	0.0771	0.0514	0.0490	0.0502	0.0546	0.0626	0.0760	0.0404	0.0354	0.0348	0.0365	0.0417	0.0525	0.0704
1486	0.0752	0.0763	0.0730	0.0729	0.0695	0.0734	0.0720	0.0730	0.0755	0.0630	0.0630	0.0622	0.0649	0.0699	0.0773	0.0516	0.0492	0.0503	0.0548	0.0628	0.0762	0.0405	0.0354	0.0349	0.0367	0.0419	0.0526	0.0706
1487	0.0755	0.0766	0.0732	0.0731	0.0698	0.0737	0.0722	0.0732	0.0758	0.0633	0.0632	0.0624	0.0652	0.0701	0.0775	0.0517	0.0494	0.0504	0.0551	0.0630	0.0764	0.0407	0.0355	0.0349	0.0369	0.0420	0.0528	0.0707
1488	0.0758	0.0770	0.0735	0.0734	0.0700	0.0740	0.0724	0.0734	0.0761	0.0637	0.0633	0.0627	0.0656	0.0703	0.0777	0.0518	0.0496	0.0505	0.0554	0.0633	0.0766	0.0408	0.0357	0.0350	0.0371	0.0421	0.0531	0.0707
1489	0.0761	0.0772	0.0738	0.0737	0.0703	0.0743	0.0726	0.0736	0.0764	0.0638	0.0636	0.0629	0.0658	0.0706	0.0780	0.0520	0.0498	0.0507	0.0556	0.0635	0.0767	0.0410	0.0358	0.0350	0.0372	0.0422	0.0532	0.0709
1490	0.0764	0.0774	0.0741	0.0741	0.0705	0.0746	0.0730	0.0738	0.0767	0.0640	0.0638	0.0631	0.0660	0.0708	0.0782	0.0522	0.0501	0.0509	0.0557	0.0637	0.0768	0.0411	0.0360	0.0351	0.0373	0.0424	0.0533	0.0711
1491	0.0767	0.0777	0.0743	0.0743	0.0708	0.0748	0.0733	0.0740	0.0769	0.0643	0.0641	0.0634	0.0663	0.0711	0.0784	0.0524	0.0502	0.0511	0.0559	0.0640	0.0770	0.0413	0.0361	0.0352	0.0374	0.0425	0.0535	0.0713
1492	0.0770	0.0780	0.0745	0.0745	0.0711	0.0750	0.0736	0.0743	0.0772	0.0646	0.0644	0.0637	0.0666	0.0714	0.0787	0.0527	0.0503	0.0512	0.0561	0.0642	0.0772	0.0414	0.0364	0.0354	0.0375	0.0426	0.0536	0.0716
1493	0.0774	0.0783	0.0748	0.0748	0.0715	0.0753	0.0738	0.0745	0.0775	0.0649	0.0647	0.0639	0.0668	0.0717	0.0789	0.0529	0.0505	0.0514	0.0563	0.0644	0.0774	0.0414	0.0366	0.0357	0.0377	0.0428	0.0537	0.0717
1494	0.0777	0.0786	0.0750	0.0750	0.0718	0.0756	0.0740	0.0748	0.0778	0.0652	0.0650	0.0642	0.0671	0.0719	0.0791	0.0530	0.0507	0.0516	0.0564	0.0645	0.0776	0.0414	0.0368	0.0358	0.0378	0.0431	0.0538	0.0718
1495	0.0780	0.0789	0.0753	0.0753	0.0720	0.0758	0.0744	0.0751	0.0781	0.0655	0.0653	0.0644	0.0673	0.0721	0.0793	0.0531	0.0510	0.0518	0.0566	0.0646	0.0779	0.0416	0.0370	0.0360	0.0378	0.0433	0.0539	0.0720
1496	0.0783	0.0793	0.0756	0.0755	0.0723	0.0759	0.0747	0.0753	0.0783	0.0658	0.0654	0.0647	0.0675	0.0724	0.0795	0.0532	0.0513	0.0520	0.0569	0.0648	0.0781	0.0418	0.0372	0.0361	0.0378	0.0434	0.0542	0.0722
1497	0.0786	0.0795	0.0759	0.0758	0.0726	0.0762	0.0751	0.0756	0.0786	0.0661	0.0658	0.0650	0.0677	0.0727	0.0798	0.0535	0.0515	0.0523	0.0571	0.0649	0.0784	0.0420	0.0373	0.0363	0.0379	0.0435	0.0543	0.0723
1498	0.0790	0.0797	0.0762	0.0762	0.0729	0.0765	0.0754	0.0758	0.0788	0.0664	0.0661	0.0654	0.0680	0.0730	0.0801	0.0538	0.0516	0.0525	0.0573	0.0652	0.0786	0.0422	0.0375	0.0364	0.0382	0.0436	0.0545	0.0724
1499	0.0793	0.0800	0.0766	0.0764	0.0732	0.0769	0.0757	0.0761	0.0791	0.0667	0.0663	0.0656	0.0683	0.0733	0.0804	0.0541	0.0517	0.0527	0.0575	0.0655	0.0788	0.0424	0.0376	0.0365	0.0384	0.0437	0.0547	0.0726
1500	0.0796	0.0804	0.0768	0.0767	0.0736	0.0772	0.0760	0.0764	0.0794	0.0670	0.0665	0.0658	0.0686	0.0735	0.0807	0.0544	0.0517	0.0529	0.0576	0.0657	0.0790	0.0426	0.0377	0.0368	0.0386	0.0439	0.0549	0.0728
1501	0.0799	0.0807	0.0772	0.0769	0.0738	0.0775	0.0763	0.0767	0.0797	0.0673	0.0668	0.0661	0.0689	0.0738	0.0809	0.0547	0.0519	0.0531	0.0578	0.0660	0.0792	0.0428	0.0379	0.0371	0.0387	0.0441	0.0550	0.0730
1502	0.0802	0.0809	0.0776	0.0772	0.0740	0.0778	0.0765	0.0770	0.0800	0.0676	0.0672	0.0664	0.0691	0.0740	0.0811	0.0549	0.0522	0.0534	0.0581	0.0662	0.0795	0.0429	0.0382	0.0372	0.0388	0.0443	0.0551	0.0730
1503	0.0805	0.0812	0.0780	0.0775	0.0744	0.0780	0.0768	0.0773	0.0803	0.0679	0.0674	0.0666	0.0694	0.0744	0.0814	0.0552	0.0524	0.0537	0.0584	0.0664	0.0798	0.0431	0.0383	0.0373	0.0389	0.0445	0.0552	0.0732
1504	0.0809	0.0815	0.0782	0.0778	0.0748	0.0782	0.0771	0.0775	0.0806	0.0682	0.0675	0.0667	0.0696	0.0747	0.0818	0.0556	0.0527	0.0538	0.0586	0.0666	0.0800	0.0433	0.0385	0.0375	0.0391	0.0447	0.0555	0.0733
1505	0.0811	0.0818	0.0785	0.0782	0.0751	0.0785	0.0774	0.0778	0.0809	0.0684	0.0678	0.0670	0.0698	0.0750	0.0821	0.0559	0.0530	0.0540	0.0588	0.0668	0.0802	0.0435	0.0386	0.0376	0.0393	0.0449	0.0557	0.0734
1506	0.0814	0.0821	0.0788	0.0786	0.0754	0.0789	0.0777	0.0782	0.0811	0.0687	0.0680	0.0673	0.0700	0.0752	0.0824	0.0561	0.0532	0.0543	0.0591	0.0671	0.0804	0.0437	0.0388	0.0378	0.0394	0.0451	0.0558	0.0735
1507	0.0817	0.0824	0.0791	0.0789	0.0758	0.0792	0.0780	0.0786	0.0814	0.0690	0.0683	0.0676	0.0703	0.0754	0.0827	0.0563	0.0535	0.0545	0.0593	0.0673	0.0807	0.0439	0.0389	0.0380	0.0396	0.0452	0.0560	0.0736
1508	0.0821	0.0827	0.0794	0.0792	0.0762	0.0796	0.0784	0.0789	0.0818	0.0693	0.0686	0.0680	0.0705	0.0756	0.0829	0.0567	0.0538	0.0547	0.0594	0.0676	0.0809	0.0441	0.0391	0.0382	0.0398	0.0454	0.0561	0.0738
1509	0.0825	0.0830	0.0797	0.0796	0.0765	0.0800	0.0787	0.0793	0.0822	0.0696	0.0688	0.0683	0.0708	0.0759	0.0832	0.0570	0.0541	0.0550	0.0596	0.0678	0.0811	0.0442	0.0392	0.0384	0.0400	0.0456	0.0562	0.0740
1510	0.0829	0.0833	0.0800	0.0799	0.0767	0.0803	0.0789	0.0796	0.0825	0.0699	0.0690	0.0685	0.0711	0.0761	0.0836	0.0571	0.0542	0.0553	0.0599	0.0680	0.0813	0.0444	0.0393	0.0385	0.0402	0.0457	0.0562	0.0742
1511	0.0832	0.0837	0.0802	0.0803	0.0770	0.0806	0.0792	0.0800	0.0828	0.0702	0.0692	0.0688	0.0713	0.0764	0.0840	0.0573	0.0544	0.0555	0.0601	0.0682	0.0815	0.0445	0.0395	0.0386	0.0403	0.0459	0.0563	0.0744
1512	0.0834	0.0840	0.0805	0.0807	0.0773	0.0810	0.0795	0.0804	0.0832	0.0704	0.0697	0.0691	0.0715	0.0766	0.0843	0.0576	0.0547	0.0558	0.0603	0.0683	0.0819	0.0447	0.0397	0.0387	0.0405	0.0461	0.0564	0.0746
1513	0.0836	0.0844	0.0809	0.0811	0.0775	0.0814	0.0797	0.0807	0.0835	0.0707	0.0700	0.0693	0.0718	0.0769	0.0845	0.0579	0.0549	0.0561	0.0605	0.0686	0.0821	0.0449	0.0399	0.0389	0.0406	0.0462	0.0566	0.0748
1514	0.0839	0.0846	0.0813	0.0814	0.0779	0.0817	0.0801	0.0810	0.0837	0.0711	0.0703	0.0696	0.0721	0.0773	0.0848	0.0582	0.0550	0.0563	0.0608	0.0689	0.0822	0.0450	0.0400	0.0390	0.0408	0.0463	0.0568	0.0749
1515	0.0843	0.0849	0.0816	0.0817	0.0782	0.0820	0.0804	0.0813	0.0840	0.0714	0.0706	0.0698	0.0723	0.0776	0.0851	0.0584	0.0552	0.0565	0.0610	0.0692	0.0824	0.0452	0.0401	0.0392	0.0410	0.0464	0.0570	0.0751
1516	0.0846	0.0853	0.0819	0.0821	0.0785	0.0823	0.0808	0.0816	0.0843	0.0717	0.0710	0.0701	0.0726	0.0779	0.0855	0.0586	0.0553	0.0568	0.0614	0.0694	0.0826	0.0454	0.0403	0.0392	0.0413	0.0464	0.0572	0.0752
1517	0.0849	0.0857	0.0821	0.0824	0.0788	0.0826	0.0811	0.0818	0.0846	0.0719	0.0713	0.0704	0.0728	0.0781	0.0859	0.0587	0.0554	0.0570	0.0617	0.0696	0.0828	0.0455	0.0405	0.0394	0.0415	0.0465	0.0573	0.0754
1518	0.0852	0.0860	0.0825	0.0826	0.0791	0.0830	0.0814	0.0821	0.0849	0.0722	0.0715	0.0706	0.0731	0.0784	0.0863	0.0589	0.0558	0.0573	0.0618	0.0699	0.0829	0.0456	0.0406	0.0395	0.0417	0.0466	0.0575	0.0755
1519	0.0855	0.0863	0.0829	0.0828	0.0794	0.0834	0.0817	0.0824	0.0852	0.0724	0.0718	0.0708	0.0734	0.0787	0.0865	0.0591	0.0561	0.0576	0.0620	0.0701	0.0831	0.0457	0.0408	0.0397	0.0418	0.0468	0.0576	0.0756
1520	0.0859	0.0867	0.0831	0.0831	0.0797	0.0836	0.0820	0.0828	0.0854	0.0727	0.0721	0.0711	0.0737	0.0791	0.0867	0.0593	0.0563	0.0578	0.0622	0.0702	0.0835	0.0458	0.0409	0.0399	0.0419	0.0470	0.0578	0.0758
1521	0.0862	0.0870	0.0833	0.0833	0.0800	0.0839	0.0823	0.0830	0.0857	0.0729	0.0724	0.0714	0.0740	0.0794	0.0869	0.0596	0.0565	0.0580	0.0625	0.0704	0.0838	0.0460	0.0411	0.0400	0.0420	0.0472	0.0580	0.0760
1522	0.0865	0.0872	0.0836	0.0836	0.0804	0.0842	0.0825	0.0832	0.0861	0.0731	0.0727	0.0717	0.0743	0.0797	0.0872	0.0599	0.0567	0.0582	0.0626	0.0706	0.0842	0.0463	0.0413	0.0402	0.0421	0.0474	0.0581	0.0762
1523	0.0868	0.0875	0.0839	0.0839	0.0808	0.0846	0.0828	0.0835	0.0864	0.0734	0.0730	0.0720	0.0746	0.0799	0.0874	0.0601	0.0569	0.0584	0.0628	0.0709	0.0845	0.0465	0.0414	0.0403	0.0422	0.0476	0.0582	0.0764
1524	0.0871	0.0879	0.0843	0.0841	0.0811	0.0848	0.0831	0.0837	0.0867	0.0738	0.0732	0.0722	0.0748	0.0801	0.0877	0.0602	0.0571	0.0586	0.0630	0.0713	0.0845	0.0466	0.0415	0.0405	0.0424	0.0477	0.0585	0.0766
1525	0.0874	0.0882	0.0846	0.0844	0.0813	0.0851	0.0834	0.0840	0.0870	0.0741	0.0734	0.0724	0.0751	0.0803	0.0880	0.0603	0.0574	0.0589	0.0631	0.0716	0.0846	0.0468	0.0417	0.0407	0.0426	0.0480	0.0587	0.0767
1526	0.0878	0.0885	0.0849	0.0848	0.0815	0.0854	0.0837	0.0843	0.0872	0.0744	0.0738	0.0727	0.0754	0.0806	0.0882	0.0607	0.0577	0.0591	0.0633	0.0718	0.0849	0.0470	0.0419	0.0408	0.0427	0.0481	0.0588	0.0769
1527	0.0882	0.0888	0.0853	0.0852	0.0817	0.0856	0.0841	0.0847	0.0876	0.0747	0.0741	0.0730	0.0757	0.0808	0.0884	0.0610	0.0580	0.0593	0.0635	0.0720	0.0851	0.0472	0.0422	0.0410	0.0428	0.0483	0.0590	0.0771
1528	0.0884	0.0891	0.0857	0.0856	0.0820	0.0859	0.0844	0.0850	0.0879	0.0749	0.0744	0.0732	0.0760	0.0810	0.0886	0.0612	0.0583	0.0595	0.0638	0.0721	0.0852	0.0475	0.0423	0.0412	0.0428	0.0485	0.0592	0.0772
1529	0.0886	0.0893	0.0860	0.0861	0.0823	0.0862	0.0846	0.0853	0.0883	0.0752	0.0746	0.0735	0.0763	0.0812	0.0888	0.0614	0.0585	0.0597	0.0641	0.0722	0.0854	0.0478	0.0425	0.0414	0.0429	0.0486	0.0594	0.0773
1530	0.0888	0.0897	0.0862	0.0865	0.0827	0.0866	0.0848	0.0855	0.0887	0.0756	0.0749	0.0738	0.0766	0.0814	0.0891	0.0617	0.0587	0.0599	0.0643	0.0724	0.0857	0.0479	0.0427	0.0417	0.0431	0.0487	0.0596	0.0775
1531	0.0891	0.0900	0.0864	0.0868	0.0831	0.0869	0.0851	0.0857	0.0891	0.0759	0.0752	0.0740	0.0768	0.0816	0.0895	0.0620	0.0588	0.0600	0.0644	0.0726	0.0861	0.0481	0.0428	0.0419	0.0434	0.0489	0.0598	0.0777
1532	0.0893	0.0904	0.0869	0.0871	0.0833	0.0871	0.0853	0.0860	0.0894	0.0763	0.0756	0.0743	0.0771	0.0820	0.0898	0.0622	0.0589	0.0602	0.0647	0.0729	0.0864	0.0482	0.0430	0.0420	0.0435	0.0490	0.0600	0.0779
1533	0.0896	0.0907	0.0873	0.0873	0.0836	0.0874	0.0856	0.0863	0.0897	0.0767	0.0759	0.0745	0.0773	0.0823	0.0902	0.0624	0.0590	0.0603	0.0650	0.0732	0.0867	0.0483	0.0431	0.0422	0.0437	0.0491	0.0600	0.0781
1534	0.0899	0.0910	0.0876	0.0877	0.0840	0.0878	0.0859	0.0866	0.0899	0.0770	0.0763	0.0748	0.0776	0.0825	0.0905	0.0626	0.0591	0.0605	0.0650	0.0734	0.0869	0.0484	0.0432	0.0423	0.0438	0.0492	0.0601	0.0783
1535	0.0902	0.0913	0.0878	0.0881	0.0843	0.0881	0.0862	0.0868	0.0902	0.0773	0.0765	0.0750	0.0779	0.0827	0.0908	0.0628	0.0593	0.0608	0.0652	0.0735	0.0871	0.0484	0.0434	0.0425	0.0439	0.0494	0.0602	0.0785
1536	0.0906	0.0916	0.0882	0.0884	0.0845	0.0884	0.0866	0.0872	0.0904	0.0775	0.0767	0.0752	0.0780	0.0830	0.0910	0.0630	0.0595	0.0610	0.0655	0.0737	0.0873	0.0487	0.0435	0.0427	0.0441	0.0495	0.0604	0.0786
1537	0.0909	0.0919	0.0885	0.0887	0.0848	0.0888	0.0869	0.0875	0.0906	0.0777	0.0770	0.0755	0.0782	0.0834	0.0912	0.0632	0.0597	0.0613	0.0658	0.0739	0.0875	0.0489	0.0437	0.0429	0.0443	0.0497	0.0605	0.0787
1538	0.0912	0.0923	0.0888	0.0889	0.0851	0.0890	0.0872	0.0877	0.0910	0.0779	0.0771	0.0758	0.0785	0.0837	0.0915	0.0635	0.0600	0.0614	0.0660	0.0740	0.0878	0.0490	0.0438	0.0430	0.0445	0.0498	0.0607	0.0788
1539	0.0915	0.0926	0.0891	0.0892	0.0854	0.0893	0.0874	0.0879	0.0913	0.0781	0.0773	0.0762	0.0788	0.0840	0.0918	0.0638	0.0602	0.0616	0.0663	0.0741	0.0880	0.0491	0.0439	0.0431	0.0447	0.0499	0.0609	0.0789
1540	0.0919	0.0929	0.0892	0.0896	0.0856	0.0896	0.0877	0.0882	0.0917	0.0785	0.0776	0.0763	0.0791	0.0842	0.0920	0.0639	0.0605	0.0618	0.0666	0.0743	0.0882	0.0493	0.0441	0.0431	0.0448	0.0500	0.0611	0.0791
1541	0.0922	0.0931	0.0894	0.0900	0.0859	0.0899	0.0880	0.0886	0.0920	0.0788	0.0779	0.0765	0.0793	0.0845	0.0923	0.0641	0.0608	0.0621	0.0668	0.0745	0.0885	0.0496	0.0443	0.0432	0.0448	0.0501	0.0613	0.0793
1542	0.0924	0.0933	0.0898	0.0903	0.0863	0.0901	0.0882	0.0889	0.0923	0.0791	0.0782	0.0767	0.0795	0.0847	0.0925	0.0644	0.0609	0.0623	0.0670	0.0747	0.0886	0.0497	0.0444	0.0433	0.0450	0.0502	0.0613	0.0795
1543	0.0926	0.0936	0.0902	0.0905	0.0866	0.0903	0.0885	0.0891	0.0926	0.0793	0.0785	0.0770	0.0797	0.0850	0.0928	0.0646	0.0610	0.0625	0.0672	0.0750	0.0888	0.0499	0.0445	0.0434	0.0452	0.0504	0.0614	0.0797
1544	0.0929	0.0939	0.0906	0.0908	0.0869	0.0906	0.0889	0.0894	0.0928	0.0796	0.0786	0.0772	0.0800	0.0853	0.0930	0.0648	0.0613	0.0627	0.0674	0.0752	0.0890	0.0501	0.0447	0.0435	0.0454	0.0506	0.0615	0.0799
1545	0.0931	0.0942	0.0910	0.0910	0.0871	0.0910	0.0893	0.0897	0.0931	0.0798	0.0788	0.0774	0.0802	0.0855	0.0932	0.0650	0.0615	0.0628	0.0676	0.0754	0.0892	0.0504	0.0448	0.0436	0.0455	0.0507	0.0617	0.0801
1546	0.0934	0.0945	0.0913	0.0912	0.0874	0.0913	0.0895	0.0900	0.0933	0.0799	0.0791	0.0776	0.0805	0.0858	0.0935	0.0652	0.0617	0.0630	0.0678	0.0757	0.0895	0.0505	0.0449	0.0437	0.0456	0.0509	0.0618	0.0801
1547	0.0937	0.0949	0.0916	0.0914	0.0877	0.0915	0.0897	0.0902	0.0936	0.0801	0.0794	0.0778	0.0807	0.0860	0.0939	0.0655	0.0620	0.0632	0.0680	0.0760	0.0897	0.0507	0.0450	0.0439	0.0457	0.0510	0.0620	0.0802
1548	0.0940	0.0952	0.0918	0.0916	0.0880	0.0918	0.0899	0.0905	0.0937	0.0804	0.0796	0.0781	0.0810	0.0863	0.0941	0.0657	0.0622	0.0634	0.0682	0.0762	0.0898	0.0507	0.0452	0.0440	0.0458	0.0511	0.0621	0.0803
1549	0.0943	0.0955	0.0921	0.0919	0.0883	0.0920	0.0902	0.0908	0.0939	0.0808	0.0799	0.0783	0.0812	0.0866	0.0944	0.0659	0.0624	0.0636	0.0685	0.0764	0.0899	0.0507	0.0454	0.0441	0.0459	0.0513	0.0623	0.0804
1550	0.0946	0.0958	0.0922	0.0921	0.0887	0.0922	0.0904	0.0910	0.0943	0.0809	0.0800	0.0786	0.0814	0.0868	0.0945	0.0662	0.0626	0.0638	0.0687	0.0766	0.0902	0.0510	0.0456	0.0443	0.0461	0.0515	0.0625	0.0805
1551	0.0949	0.0960	0.0923	0.0924	0.0891	0.0925	0.0907	0.0912	0.0947	0.0811	0.0802	0.0788	0.0816	0.0870	0.0947	0.0664	0.0627	0.0639	0.0689	0.0768	0.0905	0.0512	0.0457	0.0444	0.0462	0.0517	0.0626	0.0806
1552	0.0952	0.0963	0.0926	0.0927	0.0892	0.0927	0.0910	0.0915	0.0950	0.0814	0.0804	0.0791	0.0819	0.0872	0.0949	0.0666	0.0629	0.0641	0.0691	0.0771	0.0906	0.0513	0.0458	0.0445	0.0463	0.0519	0.0628	0.0807
1553	0.0955	0.0966	0.0929	0.0930	0.0893	0.0930	0.0913	0.0918	0.0953	0.0817	0.0807	0.0794	0.0822	0.0875	0.0952	0.0668	0.0631	0.0644	0.0693	0.0774	0.0908	0.0514	0.0460	0.0445	0.0465	0.0521	0.0630	0.0808
1554	0.0957	0.0969	0.0933	0.0934	0.0896	0.0933	0.0916	0.0921	0.0954	0.0820	0.0809	0.0796	0.0824	0.0878	0.0954	0.0669	0.0633	0.0645	0.0694	0.0775	0.0909	0.0515	0.0461	0.0446	0.0466	0.0522	0.0631	0.0810
1555	0.0959	0.0972	0.0936	0.0937	0.0899	0.0935	0.0919	0.0924	0.0956	0.0823	0.0812	0.0797	0.0825	0.0880	0.0956	0.0670	0.0634	0.0647	0.0695	0.0776	0.0910	0.0517	0.0462	0.0448	0.0467	0.0522	0.0633	0.0811
1556	0.0963	0.0974	0.0938	0.0941	0.0901	0.0938	0.0921	0.0927	0.0958	0.0826	0.0814	0.0800	0.0828	0.0882	0.0958	0.0673	0.0636	0.0649	0.0697	0.0777	0.0912	0.0519	0.0463	0.0451	0.0468	0.0524	0.0634	0.0812
1557	0.0967	0.0975	0.0940	0.0944	0.0904	0.0940	0.0922	0.0930	0.0960	0.0828	0.0816	0.0802	0.0830	0.0883	0.0959	0.0676	0.0637	0.0652	0.0699	0.0778	0.0914	0.0521	0.0463	0.0453	0.0469	0.0525	0.0636	0.0814
1558	0.0969	0.0977	0.0942	0.0946	0.0906	0.0942	0.0924	0.0933	0.0964	0.0830	0.0819	0.0804	0.0833	0.0885	0.0962	0.0677	0.0639	0.0653	0.0700	0.0780	0.0915	0.0522	0.0465	0.0455	0.0471	0.0527	0.0636	0.0816
1559	0.0972	0.0979	0.0945	0.0948	0.0907	0.0945	0.0926	0.0936	0.0967	0.0832	0.0822	0.0806	0.0835	0.0886	0.0965	0.0678	0.0640	0.0655	0.0701	0.0782	0.0917	0.0523	0.0467	0.0456	0.0473	0.0529	0.0637	0.0817
1560	0.0974	0.0982	0.0946	0.0951	0.0910	0.0948	0.0929	0.0937	0.0970	0.0834	0.0824	0.0808	0.0837	0.0888	0.0967	0.0680	0.0642	0.0656	0.0702	0.0785	0.0919	0.0524	0.0468	0.0457	0.0473	0.0531	0.0637	0.0818
1561	0.0976	0.0985	0.0947	0.0953	0.0913	0.0950	0.0932	0.0939	0.0973	0.0836	0.0826	0.0811	0.0839	0.0890	0.0969	0.0681	0.0643	0.0658	0.0704	0.0788	0.0922	0.0525	0.0470	0.0458	0.0474	0.0533	0.0637	0.0819
1562	0.0978	0.0987	0.0951	0.0955	0.0916	0.0953	0.0934	0.0941	0.0975	0.0838	0.0828	0.0813	0.0841	0.0892	0.0971	0.0683	0.0646	0.0660	0.0705	0.0790	0.0924	0.0526	0.0471	0.0460	0.0476	0.0533	0.0639	0.0821
1563	0.0980	0.0989	0.0955	0.0957	0.0919	0.0956	0.0936	0.0943	0.0976	0.0841	0.0831	0.0815	0.0843	0.0894	0.0973	0.0686	0.0649	0.0662	0.0707	0.0791	0.0926	0.0527	0.0473	0.0461	0.0478	0.0533	0.0641	0.0823
1564	0.0982	0.0992	0.0958	0.0960	0.0921	0.0958	0.0938	0.0945	0.0978	0.0843	0.0833	0.0817	0.0846	0.0896	0.0976	0.0688	0.0652	0.0664	0.0709	0.0793	0.0926	0.0529	0.0474	0.0462	0.0480	0.0534	0.0642	0.0824
1565	0.0985	0.0995	0.0961	0.0963	0.0923	0.0960	0.0940	0.0947	0.0980	0.0845	0.0836	0.0819	0.0848	0.0899	0.0979	0.0689	0.0655	0.0666	0.0711	0.0795	0.0926	0.0531	0.0475	0.0463	0.0482	0.0535	0.0643	0.0826
1566	0.0987	0.0998	0.0964	0.0965	0.0924	0.0962	0.0943	0.0949	0.0983	0.0848	0.0837	0.0822	0.0849	0.0901	0.0981	0.0691	0.0656	0.0667	0.0713	0.0797	0.0930	0.0533	0.0476	0.0464	0.0482	0.0536	0.0645	0.0827
1567	0.0990	0.1001	0.0967	0.0968	0.0926	0.0964	0.0945	0.0952	0.0987	0.0850	0.0839	0.0824	0.0850	0.0903	0.0983	0.0693	0.0658	0.0669	0.0715	0.0798	0.0933	0.0536	0.0477	0.0465	0.0482	0.0536	0.0646	0.0829
1568	0.0993	0.1004	0.0969	0.0971	0.0928	0.0966	0.0948	0.0955	0.0989	0.0852	0.0841	0.0826	0.0853	0.0906	0.0985	0.0694	0.0660	0.0671	0.0716	0.0800	0.0935	0.0537	0.0478	0.0466	0.0483	0.0537	0.0648	0.0831
1569	0.0995	0.1008	0.0970	0.0974	0.0931	0.0968	0.0950	0.0958	0.0991	0.0854	0.0843	0.0828	0.0855	0.0907	0.0987	0.0696	0.0661	0.0673	0.0718	0.0803	0.0937	0.0538	0.0479	0.0467	0.0484	0.0539	0.0649	0.0832
1570	0.0997	0.1010	0.0973	0.0976	0.0933	0.0971	0.0952	0.0960	0.0994	0.0856	0.0845	0.0830	0.0857	0.0910	0.0990	0.0697	0.0662	0.0674	0.0720	0.0804	0.0939	0.0538	0.0480	0.0468	0.0485	0.0541	0.0650	0.0834
1571	0.0999	0.1011	0.0976	0.0978	0.0936	0.0975	0.0955	0.0962	0.0996	0.0859	0.0846	0.0833	0.0860	0.0912	0.0992	0.0698	0.0663	0.0676	0.0722	0.0805	0.0940	0.0539	0.0481	0.0470	0.0487	0.0542	0.0650	0.0835
1572	0.1001	0.1014	0.0978	0.0980	0.0937	0.0977	0.0957	0.0964	0.0998	0.0861	0.0848	0.0835	0.0862	0.0914	0.0994	0.0699	0.0664	0.0677	0.0723	0.0806	0.0942	0.0541	0.0482	0.0470	0.0488	0.0543	0.0652	0.0837
1573	0.1004	0.1017	0.0979	0.0982	0.0939	0.0979	0.0958	0.0966	0.0999	0.0863	0.0850	0.0837	0.0864	0.0916	0.0996	0.0701	0.0666	0.0678	0.0725	0.0807	0.0943	0.0544	0.0482	0.0470	0.0489	0.0545	0.0655	0.0838
1574	0.1006	0.1018	0.0982	0.0984	0.0942	0.0981	0.0961	0.0969	0.1002	0.0865	0.0852	0.0839	0.0866	0.0918	0.0998	0.0702	0.0668	0.0680	0.0727	0.0810	0.0944	0.0545	0.0482	0.0470	0.0490	0.0547	0.0656	0.0839
1575	0.1008	0.1020	0.0985	0.0986	0.0945	0.0982	0.0964	0.0971	0.1005	0.0867	0.0854	0.0842	0.0868	0.0921	0.1000	0.0703	0.0670	0.0682	0.0729	0.0812	0.0946	0.0546	0.0482	0.0472	0.0491	0.0548	0.0657	0.0840
1576	0.1010	0.1023	0.0987	0.0989	0.0947	0.0984	0.0967	0.0974	0.1007	0.0869	0.0857	0.0844	0.0870	0.0922	0.1003	0.0706	0.0672	0.0684	0.0731	0.0813	0.0947	0.0547	0.0483	0.0473	0.0492	0.0549	0.0659	0.0841
1577	0.1012	0.1025	0.0989	0.0992	0.0949	0.0986	0.0969	0.0976	0.1009	0.0871	0.0860	0.0846	0.0872	0.0923	0.1006	0.0709	0.0673	0.0685	0.0733	0.0813	0.0949	0.0548	0.0484	0.0475	0.0493	0.0550	0.0661	0.0841
1578	0.1014	0.1028	0.0991	0.0993	0.0952	0.0988	0.0972	0.0979	0.1012	0.0874	0.0862	0.0847	0.0873	0.0925	0.1007	0.0711	0.0674	0.0687	0.0734	0.0815	0.0952	0.0548	0.0486	0.0476	0.0495	0.0551	0.0661	0.0841
1579	0.1016	0.1030	0.0993	0.0994	0.0955	0.0989	0.0974	0.0981	0.1015	0.0876	0.0863	0.0848	0.0875	0.0927	0.1009	0.0712	0.0675	0.0689	0.0735	0.0817	0.0954	0.0549	0.0488	0.0478	0.0496	0.0552	0.0661	0.0841
1580	0.1019	0.1031	0.0994	0.0996	0.0956	0.0992	0.0977	0.0983	0.1017	0.0877	0.0866	0.0849	0.0877	0.0930	0.1010	0.0714	0.0676	0.0689	0.0736	0.0819	0.0956	0.0550	0.0490	0.0480	0.0498	0.0553	0.0662	0.0842
1581	0.1022	0.1033	0.0996	0.0999	0.0957	0.0996	0.0979	0.0984	0.1018	0.0878	0.0868	0.0851	0.0879	0.0932	0.1012	0.0715	0.0678	0.0688	0.0737	0.0821	0.0959	0.0552	0.0491	0.0482	0.0499	0.0555	0.0664	0.0843
1582	0.1024	0.1034	0.0998	0.1001	0.0960	0.0998	0.0979	0.0987	0.1020	0.0881	0.0868	0.0853	0.0881	0.0933	0.1014	0.0716	0.0679	0.0691	0.0738	0.0822	0.0960	0.0554	0.0492	0.0482	0.0499	0.0555	0.0665	0.0844
1583	0.1026	0.1035	0.1000	0.1004	0.0964	0.1000	0.0979	0.0989	0.1022	0.0884	0.0868	0.0856	0.0883	0.0934	0.1017	0.0716	0.0680	0.0694	0.0740	0.0823	0.0960	0.0555	0.0493	0.0482	0.0498	0.0555	0.0667	0.0845
1584	0.1028	0.1037	0.1002	0.1006	0.0966	0.1001	0.0981	0.0990	0.1024	0.0885	0.0870	0.0857	0.0884	0.0936	0.1018	0.0717	0.0682	0.0695	0.0741	0.0824	0.0961	0.0557	0.0494	0.0483	0.0499	0.0556	0.0667	0.0847
1585	0.1030	0.1039	0.1004	0.1008	0.0969	0.1001	0.0984	0.0992	0.1026	0.0886	0.0871	0.0858	0.0885	0.0939	0.1020	0.0719	0.0683	0.0695	0.0742	0.0826	0.0962	0.0558	0.0496	0.0484	0.0501	0.0557	0.0668	0.0849
1586	0.1032	0.1041	0.1006	0.1009	0.0971	0.1002	0.0986	0.0993	0.1028	0.0888	0.0873	0.0860	0.0886	0.0941	0.1021	0.0720	0.0684	0.0697	0.0743	0.0827	0.0963	0.0559	0.0497	0.0486	0.0503	0.0559	0.0669	0.0849
1587	0.1033	0.1043	0.1009	0.1009	0.0972	0.1004	0.0988	0.0995	0.1030	0.0890	0.0874	0.0862	0.0888	0.0943	0.1023	0.0720	0.0685	0.0698	0.0744	0.0827	0.0965	0.0560	0.0498	0.0487	0.0505	0.0560	0.0671	0.0849
1588	0.1035	0.1045	0.1010	0.1012	0.0974	0.1007	0.0990	0.0997	0.1032	0.0892	0.0877	0.0864	0.0889	0.0945	0.1025	0.0722	0.0687	0.0699	0.0746	0.0830	0.0967	0.0560	0.0499	0.0489	0.0506	0.0561	0.0673	0.0850
1589	0.1037	0.1048	0.1011	0.1016	0.0977	0.1011	0.0992	0.0999	0.1035	0.0893	0.0879	0.0865	0.0891	0.0947	0.1026	0.0724	0.0690	0.0700	0.0747	0.0832	0.0968	0.0561	0.0500	0.0490	0.0506	0.0562	0.0676	0.0851
1590	0.1038	0.1050	0.1012	0.1017	0.0977	0.1012	0.0994	0.1002	0.1037	0.0895	0.0880	0.0867	0.0894	0.0948	0.1028	0.0726	0.0692	0.0702	0.0749	0.0833	0.0970	0.0562	0.0501	0.0490	0.0507	0.0562	0.0677	0.0851
1591	0.1039	0.1053	0.1014	0.1019	0.0977	0.1013	0.0995	0.1004	0.1038	0.0896	0.0881	0.0868	0.0897	0.0950	0.1030	0.0728	0.0693	0.0703	0.0752	0.0834	0.0972	0.0564	0.0502	0.0491	0.0508	0.0562	0.0677	0.0851
1592	0.1041	0.1055	0.1016	0.1021	0.0979	0.1015	0.0996	0.1006	0.1039	0.0898	0.0883	0.0869	0.0899	0.0952	0.1031	0.0731	0.0695	0.0704	0.0753	0.0836	0.0973	0.0565	0.0503	0.0492	0.0509	0.0564	0.0677	0.0853
1593	0.1043	0.1057	0.1019	0.1024	0.0981	0.1017	0.0996	0.1008	0.1040	0.0901	0.0885	0.0869	0.0901	0.0954	0.1033	0.0733	0.0698	0.0705	0.0755	0.0838	0.0973	0.0566	0.0503	0.0494	0.0510	0.0565	0.0677	0.0855
1594	0.1046	0.1059	0.1021	0.1025	0.0985	0.1019	0.0998	0.1010	0.1042	0.0903	0.0887	0.0872	0.0902	0.0955	0.1035	0.0734	0.0700	0.0706	0.0755	0.0839	0.0974	0.0567	0.0504	0.0493	0.0511	0.0566	0.0676	0.0856
1595	0.1048	0.1061	0.1023	0.1027	0.0988	0.1020	0.1000	0.1013	0.1043	0.0904	0.0889	0.0874	0.0903	0.0956	0.1036	0.0735	0.0702	0.0707	0.0754	0.0840	0.0974	0.0569	0.0504	0.0493	0.0512	0.0566	0.0675	0.0857
1596	0.1050	0.1064	0.1025	0.1030	0.0989	0.1022	0.1002	0.1015	0.1046	0.0907	0.0891	0.0876	0.0904	0.0958	0.1038	0.0736	0.0703	0.0707	0.0756	0.0842	0.0976	0.0569	0.0504	0.0493	0.0514	0.0567	0.0676	0.0858
1597	0.1053	0.1067	0.1027	0.1032	0.0991	0.1025	0.1004	0.1016	0.1048	0.0910	0.0894	0.0877	0.0905	0.0959	0.1040	0.0737	0.0703	0.0708	0.0758	0.0844	0.0979	0.0569	0.0505	0.0494	0.0516	0.0567	0.0678	0.0859
1598	0.1054	0.1068	0.1029	0.1035	0.0992	0.1027	0.1006	0.1018	0.1050	0.0911	0.0897	0.0879	0.0907	0.0960	0.1041	0.0739	0.0704	0.0710	0.0759	0.0846	0.0981	0.0569	0.0507	0.0494	0.0515	0.0568	0.0679	0.0862
1599	0.1055	0.1068	0.1031	0.1037	0.0994	0.1028	0.1008	0.1020	0.1052	0.0912	0.0899	0.0882	0.0909	0.0962	0.1042	0.0741	0.0704	0.0712	0.0760	0.0847	0.0983	0.0569	0.0508	0.0494	0.0514	0.0570	0.0680	0.0864
1600	0.1057	0.1071	0.1033	0.1037	0.0995	0.1030	0.1010	0.1022	0.1055	0.0914	0.0900	0.0883	0.0911	0.0963	0.1043	0.0743	0.0705	0.0715	0.0762	0.0849	0.0983	0.0570	0.0510	0.0495	0.0514	0.0570	0.0681	0.0865
1601	0.1060	0.1074	0.1035	0.1037	0.0996	0.1033	0.1012	0.1024	0.1057	0.0916	0.0900	0.0885	0.0912	0.0963	0.1044	0.0744	0.0707	0.0717	0.0764	0.0850	0.0983	0.0572	0.0511	0.0496	0.0515	0.0570	0.0682	0.0865
1602	0.1062	0.1077	0.1037	0.1038	0.0997	0.1034	0.1013	0.1025	0.1059	0.0917	0.0901	0.0887	0.0913	0.0966	0.1045	0.0745	0.0708	0.0718	0.0766	0.0852	0.0984	0.0573	0.0512	0.0497	0.0516	0.0571	0.0683	0.0866
1603	0.1064	0.1079	0.1038	0.1040	0.0998	0.1036	0.1015	0.1026	0.1060	0.0919	0.0902	0.0888	0.0914	0.0968	0.1046	0.0746	0.0709	0.0719	0.0768	0.0854	0.0986	0.0575	0.0512	0.0498	0.0516	0.0572	0.0683	0.0866
1604	0.1065	0.1080	0.1040	0.1041	0.1000	0.1038	0.1017	0.1027	0.1061	0.0920	0.0902	0.0889	0.0916	0.0970	0.1048	0.0747	0.0708	0.0720	0.0770	0.0855	0.0987	0.0576	0.0514	0.0499	0.0517	0.0573	0.0685	0.0867
1605	0.1067	0.1082	0.1041	0.1043	0.1002	0.1040	0.1020	0.1028	0.1062	0.0921	0.0903	0.0891	0.0919	0.0972	0.1051	0.0748	0.0708	0.0721	0.0771	0.0855	0.0988	0.0577	0.0515	0.0500	0.0518	0.0575	0.0687	0.0869
1606	0.1068	0.1083	0.1043	0.1045	0.1003	0.1041	0.1020	0.1029	0.1063	0.0923	0.0905	0.0892	0.0920	0.0973	0.1051	0.0750	0.0710	0.0722	0.0772	0.0856	0.0990	0.0578	0.0517	0.0502	0.0519	0.0576	0.0688	0.0870
1607	0.1069	0.1085	0.1044	0.1046	0.1005	0.1041	0.1019	0.1030	0.1064	0.0924	0.0907	0.0893	0.0921	0.0974	0.1051	0.0752	0.0711	0.0722	0.0772	0.0857	0.0992	0.0580	0.0518	0.0504	0.0521	0.0578	0.0689	0.0871
1608	0.1070	0.1086	0.1046	0.1049	0.1006	0.1042	0.1021	0.1031	0.1066	0.0926	0.0908	0.0895	0.0923	0.0976	0.1053	0.0753	0.0713	0.0723	0.0773	0.0858	0.0993	0.0580	0.0519	0.0505	0.0522	0.0578	0.0689	0.0872
1609	0.1071	0.1087	0.1048	0.1052	0.1008	0.1043	0.1023	0.1032	0.1067	0.0928	0.0909	0.0896	0.0924	0.0978	0.1055	0.0753	0.0716	0.0725	0.0774	0.0860	0.0995	0.0580	0.0520	0.0505	0.0523	0.0578	0.0689	0.0873
1610	0.1072	0.1088	0.1050	0.1053	0.1010	0.1045	0.1024	0.1034	0.1069	0.0930	0.0911	0.0897	0.0924	0.0979	0.1056	0.0755	0.0717	0.0726	0.0775	0.0861	0.0996	0.0582	0.0520	0.0506	0.0524	0.0579	0.0690	0.0874
1611	0.1074	0.1088	0.1051	0.1055	0.1012	0.1048	0.1025	0.1036	0.1071	0.0931	0.0913	0.0899	0.0924	0.0980	0.1057	0.0757	0.0718	0.0726	0.0776	0.0863	0.0997	0.0584	0.0520	0.0508	0.0524	0.0579	0.0692	0.0875
1612	0.1076	0.1090	0.1051	0.1056	0.1013	0.1050	0.1027	0.1038	0.1072	0.0933	0.0914	0.0900	0.0925	0.0981	0.1059	0.0758	0.0718	0.0727	0.0777	0.0863	0.0997	0.0585	0.0521	0.0509	0.0525	0.0581	0.0694	0.0876
1613	0.1078	0.1093	0.1052	0.1056	0.1015	0.1052	0.1029	0.1039	0.1074	0.0935	0.0916	0.0902	0.0927	0.0982	0.1061	0.0759	0.0718	0.0729	0.0777	0.0864	0.0997	0.0586	0.0522	0.0510	0.0526	0.0583	0.0696	0.0876
1614	0.1081	0.1094	0.1054	0.1058	0.1016	0.1053	0.1030	0.1041	0.1076	0.0936	0.0918	0.0903	0.0928	0.0983	0.1063	0.0760	0.0719	0.0730	0.0779	0.0865	0.0998	0.0587	0.0524	0.0510	0.0526	0.0584	0.0696	0.0876
1615	0.1084	0.1095	0.1056	0.1059	0.1017	0.1055	0.1031	0.1043	0.1078	0.0936	0.0919	0.0903	0.0930	0.0984	0.1064	0.0762	0.0721	0.0730	0.0780	0.0866	0.1001	0.0587	0.0526	0.0510	0.0527	0.0585	0.0696	0.0876
1616	0.1085	0.1097	0.1058	0.1060	0.1018	0.1056	0.1032	0.1045	0.1080	0.0936	0.0920	0.0905	0.0932	0.0985	0.1067	0.0763	0.0723	0.0733	0.0781	0.0867	0.1003	0.0587	0.0527	0.0510	0.0528	0.0585	0.0697	0.0877
1617	0.1086	0.1100	0.1060	0.1061	0.1021	0.1058	0.1032	0.1047	0.1081	0.0937	0.0920	0.0907	0.0934	0.0986	0.1069	0.0765	0.0724	0.0735	0.0782	0.0869	0.1004	0.0588	0.0528	0.0510	0.0529	0.0586	0.0697	0.0879
1618	0.1088	0.1101	0.1061	0.1064	0.1023	0.1058	0.1034	0.1048	0.1083	0.0938	0.0922	0.0908	0.0935	0.0988	0.1071	0.0766	0.0725	0.0737	0.0784	0.0870	0.1005	0.0589	0.0528	0.0510	0.0529	0.0586	0.0697	0.0878
1619	0.1090	0.1102	0.1063	0.1067	0.1025	0.1059	0.1037	0.1049	0.1084	0.0939	0.0923	0.0909	0.0936	0.0990	0.1073	0.0768	0.0726	0.0739	0.0786	0.0871	0.1006	0.0590	0.0528	0.0510	0.0530	0.0586	0.0698	0.0878
1620	0.1091	0.1104	0.1065	0.1068	0.1027	0.1060	0.1039	0.1051	0.1085	0.0940	0.0924	0.0910	0.0938	0.0991	0.1075	0.0769	0.0727	0.0739	0.0787	0.0872	0.1006	0.0591	0.0528	0.0512	0.0531	0.0587	0.0698	0.0878
1621	0.1092	0.1105	0.1068	0.1069	0.1028	0.1062	0.1041	0.1053	0.1086	0.0942	0.0926	0.0911	0.0941	0.0991	0.1077	0.0770	0.0728	0.0739	0.0787	0.0873	0.1007	0.0592	0.0528	0.0514	0.0532	0.0588	0.0697	0.0879
1622	0.1093	0.1107	0.1069	0.1071	0.1030	0.1063	0.1043	0.1054	0.1088	0.0943	0.0927	0.0913	0.0942	0.0993	0.1077	0.0770	0.0729	0.0741	0.0787	0.0874	0.1008	0.0592	0.0528	0.0514	0.0533	0.0588	0.0698	0.0880
1623	0.1095	0.1108	0.1070	0.1073	0.1031	0.1065	0.1044	0.1056	0.1089	0.0944	0.0928	0.0915	0.0942	0.0996	0.1077	0.0769	0.0731	0.0742	0.0787	0.0876	0.1010	0.0593	0.0529	0.0514	0.0533	0.0588	0.0699	0.0881
1624	0.1096	0.1110	0.1071	0.1074	0.1032	0.1066	0.1046	0.1058	0.1090	0.0945	0.0928	0.0916	0.0944	0.0996	0.1078	0.0770	0.0732	0.0743	0.0788	0.0877	0.1010	0.0594	0.0530	0.0513	0.0534	0.0589	0.0699	0.0882
1625	0.1098	0.1112	0.1072	0.1076	0.1032	0.1067	0.1047	0.1059	0.1091	0.0947	0.0928	0.0918	0.0946	0.0996	0.1078	0.0772	0.0734	0.0745	0.0790	0.0878	0.1011	0.0596	0.0530	0.0513	0.0535	0.0590	0.0700	0.0883
1626	0.1098	0.1113	0.1074	0.1078	0.1033	0.1070	0.1049	0.1061	0.1092	0.0948	0.0930	0.0919	0.0946	0.0997	0.1079	0.0773	0.0734	0.0745	0.0790	0.0879	0.1012	0.0596	0.0531	0.0514	0.0535	0.0591	0.0700	0.0884
1627	0.1099	0.1114	0.1076	0.1079	0.1034	0.1073	0.1050	0.1062	0.1093	0.0949	0.0932	0.0920	0.0946	0.0999	0.1080	0.0775	0.0734	0.0745	0.0790	0.0879	0.1013	0.0597	0.0532	0.0515	0.0536	0.0591	0.0700	0.0884
1628	0.1101	0.1116	0.1077	0.1080	0.1035	0.1074	0.1051	0.1063	0.1094	0.0951	0.0935	0.0921	0.0947	0.1000	0.1082	0.0776	0.0734	0.0745	0.0792	0.0880	0.1014	0.0598	0.0533	0.0515	0.0536	0.0591	0.0701	0.0884
1629	0.1103	0.1118	0.1078	0.1081	0.1036	0.1076	0.1053	0.1063	0.1096	0.0952	0.0937	0.0923	0.0949	0.1001	0.1084	0.0778	0.0733	0.0745	0.0794	0.0880	0.1016	0.0598	0.0534	0.0515	0.0537	0.0592	0.0702	0.0884
1630	0.1103	0.1119	0.1079	0.1081	0.1037	0.1076	0.1054	0.1064	0.1098	0.0953	0.0938	0.0923	0.0950	0.1002	0.1084	0.0778	0.0733	0.0746	0.0794	0.0881	0.1016	0.0599	0.0535	0.0516	0.0537	0.0593	0.0703	0.0885
1631	0.1103	0.1121	0.1079	0.1081	0.1038	0.1076	0.1055	0.1064	0.1099	0.0954	0.0939	0.0923	0.0951	0.1004	0.1085	0.0779	0.0734	0.0746	0.0794	0.0881	0.1016	0.0599	0.0535	0.0517	0.0537	0.0593	0.0704	0.0886
1632	0.1104	0.1122	0.1081	0.1083	0.1040	0.1077	0.1056	0.1066	0.1101	0.0956	0.0940	0.0924	0.0953	0.1005	0.1086	0.0779	0.0736	0.0748	0.0794	0.0883	0.1017	0.0599	0.0536	0.0518	0.0537	0.0594	0.0706	0.0888
1633	0.1104	0.1123	0.1083	0.1085	0.1041	0.1079	0.1057	0.1068	0.1103	0.0958	0.0940	0.0925	0.0955	0.1005	0.1088	0.0779	0.0738	0.0750	0.0794	0.0885	0.1019	0.0599	0.0538	0.0519	0.0537	0.0594	0.0707	0.0890
1634	0.1106	0.1124	0.1084	0.1086	0.1044	0.1080	0.1059	0.1069	0.1105	0.0959	0.0942	0.0926	0.0955	0.1006	0.1089	0.0780	0.0739	0.0751	0.0796	0.0886	0.1020	0.0600	0.0538	0.0521	0.0539	0.0595	0.0708	0.0890
1635	0.1107	0.1125	0.1085	0.1087	0.1046	0.1081	0.1060	0.1069	0.1107	0.0961	0.0944	0.0926	0.0955	0.1007	0.1090	0.0781	0.0741	0.0751	0.0798	0.0887	0.1021	0.0600	0.0538	0.0523	0.0540	0.0595	0.0709	0.0891
1636	0.1108	0.1125	0.1086	0.1088	0.1048	0.1081	0.1061	0.1069	0.1107	0.0963	0.0945	0.0928	0.0955	0.1010	0.1092	0.0782	0.0742	0.0752	0.0799	0.0887	0.1022	0.0601	0.0538	0.0524	0.0541	0.0596	0.0710	0.0890
1637	0.1109	0.1125	0.1087	0.1088	0.1050	0.1081	0.1062	0.1069	0.1107	0.0965	0.0946	0.0929	0.0955	0.1012	0.1092	0.0783	0.0743	0.0753	0.0799	0.0887	0.1023	0.0602	0.0538	0.0524	0.0541	0.0597	0.0711	0.0890
1638	0.1112	0.1127	0.1088	0.1090	0.1050	0.1081	0.1062	0.1071	0.1108	0.0966	0.0947	0.0930	0.0957	0.1012	0.1095	0.0785	0.0743	0.0754	0.0800	0.0887	0.1023	0.0604	0.0539	0.0525	0.0542	0.0598	0.0711	0.0890
1639	0.1114	0.1129	0.1089	0.1092	0.1051	0.1082	0.1062	0.1073	0.1109	0.0967	0.0948	0.0931	0.0960	0.1011	0.1098	0.0786	0.0744	0.0754	0.0801	0.0888	0.1022	0.0606	0.0541	0.0526	0.0542	0.0600	0.0711	0.0890
1640	0.1114	0.1129	0.1089	0.1093	0.1051	0.1083	0.1062	0.1075	0.1110	0.0968	0.0948	0.0932	0.0960	0.1012	0.1098	0.0786	0.0744	0.0755	0.0802	0.0889	0.1024	0.0607	0.0542	0.0527	0.0543	0.0599	0.0711	0.0890
1641	0.1114	0.1128	0.1089	0.1093	0.1051	0.1085	0.1063	0.1077	0.1111	0.0969	0.0948	0.0933	0.0960	0.1014	0.1097	0.0787	0.0745	0.0756	0.0802	0.0890	0.1027	0.0607	0.0543	0.0528	0.0544	0.0598	0.0710	0.0890
1642	0.1115	0.1129	0.1090	0.1094	0.1053	0.1087	0.1065	0.1077	0.1111	0.0970	0.0949	0.0933	0.0960	0.1016	0.1097	0.0788	0.0747	0.0758	0.0803	0.0890	0.1028	0.0608	0.0545	0.0528	0.0545	0.0600	0.0710	0.0891
1643	0.1116	0.1130	0.1091	0.1095	0.1056	0.1088	0.1067	0.1078	0.1111	0.0971	0.0950	0.0933	0.0961	0.1018	0.1098	0.0789	0.0748	0.0759	0.0803	0.0891	0.1030	0.0609	0.0546	0.0529	0.0546	0.0602	0.0710	0.0892
1644	0.1117	0.1132	0.1092	0.1095	0.1056	0.1090	0.1068	0.1079	0.1113	0.0971	0.0952	0.0934	0.0962	0.1019	0.1099	0.0789	0.0749	0.0759	0.0803	0.0892	0.1030	0.0610	0.0545	0.0530	0.0547	0.0601	0.0711	0.0892
1645	0.1118	0.1135	0.1093	0.1096	0.1057	0.1091	0.1070	0.1080	0.1115	0.0971	0.0954	0.0935	0.0963	0.1020	0.1101	0.0790	0.0749	0.0759	0.0804	0.0893	0.1030	0.0611	0.0544	0.0530	0.0548	0.0601	0.0712	0.0892
1646	0.1119	0.1136	0.1095	0.1098	0.1058	0.1093	0.1071	0.1080	0.1116	0.0972	0.0956	0.0936	0.0964	0.1020	0.1101	0.0790	0.0751	0.0760	0.0806	0.0894	0.1030	0.0612	0.0545	0.0531	0.0548	0.0602	0.0712	0.0893
1647	0.1120	0.1137	0.1097	0.1100	0.1059	0.1095	0.1072	0.1081	0.1118	0.0973	0.0957	0.0938	0.0966	0.1020	0.1102	0.0791	0.0752	0.0760	0.0808	0.0895	0.1031	0.0612	0.0546	0.0531	0.0548	0.0602	0.0713	0.0895
1648	0.1123	0.1136	0.1098	0.1102	0.1060	0.1096	0.1073	0.1082	0.1120	0.0975	0.0958	0.0937	0.0967	0.1021	0.1101	0.0792	0.0752	0.0762	0.0809	0.0895	0.1031	0.0613	0.0546	0.0532	0.0548	0.0602	0.0714	0.0895
1649	0.1125	0.1136	0.1100	0.1104	0.1060	0.1096	0.1074	0.1083	0.1121	0.0977	0.0958	0.0937	0.0969	0.1022	0.1101	0.0793	0.0752	0.0763	0.0809	0.0895	0.1030	0.0614	0.0546	0.0532	0.0547	0.0603	0.0715	0.0895
1650	0.1126	0.1137	0.1100	0.1104	0.1061	0.1096	0.1074	0.1085	0.1122	0.0977	0.0959	0.0938	0.0969	0.1024	0.1103	0.0794	0.0753	0.0763	0.0810	0.0897	0.1030	0.0614	0.0547	0.0532	0.0547	0.0604	0.0715	0.0895
1651	0.1127	0.1138	0.1100	0.1105	0.1061	0.1096	0.1074	0.1086	0.1123	0.0977	0.0960	0.0939	0.0969	0.1026	0.1106	0.0795	0.0754	0.0763	0.0810	0.0898	0.1030	0.0614	0.0549	0.0532	0.0547	0.0604	0.0715	0.0895
1652	0.1128	0.1139	0.1101	0.1105	0.1062	0.1098	0.1075	0.1087	0.1124	0.0978	0.0961	0.0940	0.0969	0.1026	0.1106	0.0796	0.0755	0.0764	0.0811	0.0897	0.1032	0.0614	0.0549	0.0531	0.0548	0.0604	0.0715	0.0897
1653	0.1129	0.1141	0.1102	0.1105	0.1063	0.1101	0.1077	0.1088	0.1124	0.0979	0.0962	0.0941	0.0969	0.1026	0.1107	0.0796	0.0756	0.0765	0.0812	0.0896	0.1033	0.0615	0.0549	0.0531	0.0548	0.0604	0.0715	0.0898
1654	0.1129	0.1142	0.1104	0.1106	0.1065	0.1101	0.1077	0.1087	0.1124	0.0980	0.0962	0.0942	0.0970	0.1026	0.1107	0.0797	0.0756	0.0765	0.0813	0.0897	0.1033	0.0615	0.0550	0.0532	0.0548	0.0604	0.0716	0.0900
1655	0.1129	0.1143	0.1106	0.1108	0.1066	0.1101	0.1078	0.1087	0.1124	0.0981	0.0962	0.0943	0.0971	0.1026	0.1107	0.0799	0.0757	0.0766	0.0815	0.0898	0.1033	0.0615	0.0551	0.0533	0.0547	0.0603	0.0716	0.0902
1656	0.1131	0.1145	0.1106	0.1109	0.1067	0.1101	0.1080	0.1088	0.1124	0.0982	0.0962	0.0944	0.0973	0.1026	0.1107	0.0800	0.0757	0.0766	0.0815	0.0899	0.1032	0.0615	0.0552	0.0533	0.0548	0.0603	0.0717	0.0902
1657	0.1132	0.1147	0.1106	0.1110	0.1068	0.1102	0.1083	0.1089	0.1125	0.0982	0.0962	0.0944	0.0973	0.1026	0.1109	0.0801	0.0757	0.0766	0.0815	0.0901	0.1032	0.0615	0.0552	0.0534	0.0550	0.0602	0.0717	0.0902
1658	0.1132	0.1148	0.1108	0.1111	0.1068	0.1103	0.1082	0.1090	0.1126	0.0983	0.0964	0.0945	0.0972	0.1025	0.1109	0.0800	0.0757	0.0767	0.0815	0.0902	0.1034	0.0615	0.0552	0.0534	0.0552	0.0603	0.0718	0.0903
1659	0.1133	0.1149	0.1109	0.1113	0.1068	0.1105	0.1081	0.1092	0.1127	0.0985	0.0966	0.0946	0.0971	0.1025	0.1110	0.0800	0.0756	0.0767	0.0814	0.0903	0.1035	0.0616	0.0552	0.0534	0.0554	0.0603	0.0719	0.0903
1660	0.1133	0.1148	0.1109	0.1112	0.1070	0.1105	0.1083	0.1092	0.1128	0.0984	0.0967	0.0946	0.0972	0.1025	0.1111	0.0802	0.0756	0.0768	0.0815	0.0902	0.1036	0.0616	0.0552	0.0536	0.0554	0.0606	0.0719	0.0903
1661	0.1133	0.1147	0.1109	0.1112	0.1071	0.1106	0.1085	0.1092	0.1129	0.0984	0.0967	0.0947	0.0974	0.1025	0.1113	0.0803	0.0756	0.0768	0.0815	0.0901	0.1037	0.0616	0.0552	0.0537	0.0553	0.0608	0.0718	0.0902
1662	0.1134	0.1148	0.1110	0.1113	0.1071	0.1106	0.1084	0.1093	0.1129	0.0985	0.0966	0.0947	0.0975	0.1025	0.1111	0.0804	0.0757	0.0768	0.0817	0.0902	0.1038	0.0617	0.0552	0.0537	0.0553	0.0608	0.0718	0.0902
1663	0.1134	0.1149	0.1112	0.1114	0.1071	0.1106	0.1083	0.1095	0.1128	0.0986	0.0965	0.0948	0.0976	0.1026	0.1111	0.0804	0.0757	0.0768	0.0817	0.0902	0.1040	0.0618	0.0553	0.0538	0.0552	0.0608	0.0717	0.0901
1664	0.1137	0.1150	0.1112	0.1114	0.1073	0.1106	0.1083	0.1095	0.1128	0.0987	0.0967	0.0949	0.0976	0.1027	0.1113	0.0804	0.0757	0.0768	0.0818	0.0902	0.1041	0.0618	0.0554	0.0539	0.0553	0.0609	0.0718	0.0901
1665	0.1139	0.1151	0.1113	0.1114	0.1075	0.1107	0.1083	0.1096	0.1129	0.0988	0.0968	0.0950	0.0977	0.1028	0.1114	0.0803	0.0758	0.0768	0.0818	0.0902	0.1042	0.0619	0.0555	0.0539	0.0555	0.0610	0.0718	0.0901
1666	0.1138	0.1152	0.1114	0.1115	0.1077	0.1107	0.1084	0.1097	0.1131	0.0989	0.0968	0.0953	0.0977	0.1029	0.1114	0.0804	0.0758	0.0769	0.0818	0.0903	0.1041	0.0620	0.0556	0.0539	0.0556	0.0610	0.0719	0.0902
1667	0.1138	0.1153	0.1115	0.1116	0.1079	0.1108	0.1085	0.1098	0.1132	0.0991	0.0968	0.0955	0.0977	0.1031	0.1114	0.0806	0.0759	0.0771	0.0819	0.0903	0.1041	0.0622	0.0556	0.0539	0.0557	0.0610	0.0719	0.0902
1668	0.1139	0.1154	0.1115	0.1117	0.1079	0.1109	0.1084	0.1098	0.1134	0.0992	0.0968	0.0955	0.0978	0.1032	0.1115	0.0807	0.0760	0.0772	0.0819	0.0904	0.1041	0.0623	0.0556	0.0539	0.0558	0.0610	0.0719	0.0901
1669	0.1140	0.1155	0.1115	0.1119	0.1079	0.1110	0.1083	0.1098	0.1135	0.0993	0.0968	0.0955	0.0978	0.1033	0.1115	0.0808	0.0762	0.0773	0.0819	0.0904	0.1042	0.0623	0.0557	0.0539	0.0558	0.0610	0.0720	0.0901
1670	0.1141	0.1155	0.1116	0.1120	0.1079	0.1111	0.1085	0.1098	0.1135	0.0992	0.0969	0.0954	0.0979	0.1034	0.1116	0.0808	0.0764	0.0774	0.0820	0.0906	0.1042	0.0623	0.0556	0.0540	0.0559	0.0610	0.0720	0.0902
1671	0.1142	0.1156	0.1117	0.1121	0.1079	0.1111	0.1087	0.1098	0.1134	0.0991	0.0970	0.0953	0.0980	0.1036	0.1117	0.0809	0.0765	0.0775	0.0821	0.0907	0.1042	0.0623	0.0556	0.0540	0.0559	0.0610	0.0721	0.0904
1672	0.1143	0.1156	0.1117	0.1123	0.1080	0.1111	0.1088	0.1098	0.1136	0.0992	0.0971	0.0954	0.0981	0.1036	0.1117	0.0809	0.0766	0.0776	0.0821	0.0907	0.1042	0.0623	0.0557	0.0541	0.0560	0.0610	0.0722	0.0905
1673	0.1144	0.1156	0.1118	0.1124	0.1080	0.1111	0.1090	0.1099	0.1137	0.0992	0.0973	0.0956	0.0982	0.1036	0.1118	0.0809	0.0767	0.0776	0.0821	0.0906	0.1043	0.0623	0.0557	0.0541	0.0560	0.0609	0.0724	0.0906
1674	0.1144	0.1157	0.1118	0.1124	0.1081	0.1111	0.1091	0.1101	0.1138	0.0994	0.0975	0.0957	0.0982	0.1037	0.1119	0.0810	0.0769	0.0776	0.0821	0.0908	0.1044	0.0623	0.0557	0.0542	0.0561	0.0609	0.0724	0.0908
1675	0.1144	0.1157	0.1119	0.1124	0.1081	0.1111	0.1092	0.1102	0.1139	0.0996	0.0976	0.0957	0.0982	0.1037	0.1120	0.0810	0.0769	0.0775	0.0822	0.0910	0.1045	0.0624	0.0557	0.0543	0.0561	0.0609	0.0725	0.0909
1676	0.1144	0.1157	0.1119	0.1123	0.1081	0.1113	0.1091	0.1103	0.1139	0.0997	0.0975	0.0958	0.0984	0.1038	0.1120	0.0809	0.0770	0.0776	0.0821	0.0910	0.1045	0.0622	0.0557	0.0544	0.0561	0.0611	0.0724	0.0909
1677	0.1145	0.1157	0.1120	0.1123	0.1081	0.1114	0.1090	0.1103	0.1139	0.0998	0.0975	0.0959	0.0985	0.1039	0.1120	0.0808	0.0770	0.0777	0.0820	0.0910	0.1046	0.0622	0.0557	0.0544	0.0561	0.0613	0.0724	0.0909
1678	0.1145	0.1158	0.1121	0.1122	0.1079	0.1116	0.1091	0.1103	0.1139	0.0998	0.0976	0.0960	0.0986	0.1038	0.1121	0.0810	0.0770	0.0777	0.0820	0.0909	0.1047	0.0624	0.0557	0.0544	0.0559	0.0613	0.0723	0.0910
1679	0.1146	0.1158	0.1121	0.1121	0.1078	0.1117	0.1091	0.1103	0.1139	0.0998	0.0977	0.0960	0.0986	0.1038	0.1122	0.0811	0.0769	0.0776	0.0820	0.0909	0.1047	0.0626	0.0558	0.0544	0.0559	0.0613	0.0724	0.0911
1680	0.1146	0.1160	0.1121	0.1122	0.1080	0.1117	0.1092	0.1102	0.1140	0.0998	0.0978	0.0959	0.0985	0.1039	0.1122	0.0811	0.0768	0.0776	0.0820	0.0908	0.1047	0.0626	0.0558	0.0545	0.0559	0.0613	0.0725	0.0912
1681	0.1146	0.1161	0.1121	0.1123	0.1081	0.1118	0.1094	0.1102	0.1141	0.0998	0.0979	0.0959	0.0985	0.1040	0.1123	0.0811	0.0768	0.0775	0.0820	0.0908	0.1047	0.0627	0.0559	0.0545	0.0559	0.0613	0.0726	0.0912
1682	0.1146	0.1163	0.1121	0.1124	0.1084	0.1118	0.1095	0.1104	0.1142	0.0999	0.0980	0.0959	0.0986	0.1040	0.1125	0.0811	0.0769	0.0776	0.0822	0.0908	0.1049	0.0627	0.0560	0.0543	0.0560	0.0614	0.0726	0.0912
1683	0.1147	0.1164	0.1121	0.1124	0.1085	0.1119	0.1096	0.1106	0.1142	0.1000	0.0980	0.0959	0.0987	0.1041	0.1126	0.0812	0.0770	0.0776	0.0823	0.0909	0.1051	0.0627	0.0561	0.0542	0.0561	0.0615	0.0726	0.0911
1684	0.1150	0.1163	0.1122	0.1126	0.1086	0.1119	0.1097	0.1106	0.1143	0.0999	0.0979	0.0960	0.0986	0.1041	0.1126	0.0812	0.0770	0.0776	0.0824	0.0909	0.1050	0.0628	0.0563	0.0543	0.0560	0.0616	0.0729	0.0911
1685	0.1151	0.1162	0.1122	0.1126	0.1086	0.1120	0.1097	0.1106	0.1144	0.0999	0.0978	0.0960	0.0986	0.1042	0.1126	0.0812	0.0770	0.0776	0.0824	0.0910	0.1049	0.0629	0.0565	0.0544	0.0559	0.0616	0.0730	0.0912
1686	0.1152	0.1162	0.1123	0.1127	0.1086	0.1120	0.1097	0.1104	0.1144	0.1000	0.0979	0.0960	0.0987	0.1042	0.1126	0.0812	0.0770	0.0776	0.0824	0.0912	0.1051	0.0630	0.0565	0.0545	0.0559	0.0615	0.0729	0.0913
1687	0.1153	0.1162	0.1123	0.1127	0.1086	0.1121	0.1097	0.1104	0.1144	0.1001	0.0980	0.0960	0.0988	0.1042	0.1126	0.0813	0.0770	0.0776	0.0825	0.0912	0.1051	0.0631	0.0565	0.0546	0.0558	0.0614	0.0728	0.0914
1688	0.1152	0.1163	0.1124	0.1128	0.1086	0.1122	0.1098	0.1105	0.1143	0.1001	0.0981	0.0960	0.0988	0.1042	0.1126	0.0813	0.0770	0.0779	0.0825	0.0912	0.1050	0.0629	0.0565	0.0545	0.0559	0.0613	0.0729	0.0914
1689	0.1152	0.1164	0.1124	0.1129	0.1086	0.1122	0.1098	0.1106	0.1143	0.1001	0.0982	0.0960	0.0988	0.1042	0.1126	0.0813	0.0771	0.0780	0.0825	0.0912	0.1050	0.0629	0.0565	0.0545	0.0560	0.0613	0.0729	0.0914
1690	0.1153	0.1164	0.1124	0.1130	0.1087	0.1122	0.1099	0.1106	0.1144	0.1002	0.0983	0.0962	0.0989	0.1044	0.1127	0.0814	0.0772	0.0779	0.0825	0.0912	0.1050	0.0630	0.0566	0.0545	0.0562	0.0613	0.0728	0.0913
1691	0.1153	0.1164	0.1124	0.1130	0.1089	0.1122	0.1099	0.1106	0.1145	0.1003	0.0984	0.0963	0.0989	0.1046	0.1128	0.0814	0.0772	0.0779	0.0825	0.0912	0.1052	0.0631	0.0566	0.0546	0.0563	0.0614	0.0728	0.0913
1692	0.1153	0.1163	0.1124	0.1131	0.1089	0.1122	0.1099	0.1108	0.1147	0.1004	0.0983	0.0964	0.0988	0.1047	0.1128	0.0814	0.0773	0.0778	0.0826	0.0913	0.1053	0.0631	0.0565	0.0547	0.0564	0.0616	0.0730	0.0913
1693	0.1153	0.1163	0.1124	0.1131	0.1090	0.1123	0.1099	0.1109	0.1148	0.1005	0.0983	0.0964	0.0988	0.1047	0.1128	0.0814	0.0773	0.0779	0.0826	0.0912	0.1054	0.0631	0.0565	0.0548	0.0564	0.0618	0.0730	0.0914
1694	0.1153	0.1165	0.1125	0.1131	0.1090	0.1122	0.1099	0.1108	0.1147	0.1006	0.0984	0.0964	0.0989	0.1047	0.1127	0.0813	0.0774	0.0780	0.0825	0.0912	0.1055	0.0631	0.0565	0.0548	0.0562	0.0619	0.0728	0.0914
1695	0.1154	0.1166	0.1126	0.1131	0.1090	0.1122	0.1100	0.1109	0.1148	0.1006	0.0984	0.0963	0.0989	0.1046	0.1126	0.0813	0.0774	0.0780	0.0824	0.0911	0.1055	0.0631	0.0565	0.0548	0.0562	0.0619	0.0728	0.0915
1696	0.1155	0.1166	0.1127	0.1131	0.1090	0.1122	0.1100	0.1110	0.1149	0.1005	0.0982	0.0962	0.0989	0.1046	0.1124	0.0813	0.0774	0.0779	0.0823	0.0912	0.1055	0.0631	0.0565	0.0548	0.0563	0.0618	0.0729	0.0916
1697	0.1156	0.1166	0.1127	0.1131	0.1090	0.1122	0.1100	0.1110	0.1148	0.1005	0.0982	0.0961	0.0989	0.1046	0.1124	0.0814	0.0773	0.0779	0.0823	0.0912	0.1055	0.0631	0.0565	0.0548	0.0563	0.0616	0.0729	0.0916
1698	0.1155	0.1166	0.1126	0.1132	0.1090	0.1122	0.1100	0.1110	0.1147	0.1004	0.0982	0.0961	0.0990	0.1047	0.1123	0.0816	0.0773	0.0779	0.0823	0.0912	0.1055	0.0631	0.0564	0.0548	0.0564	0.0615	0.0729	0.0917
1699	0.1155	0.1166	0.1126	0.1132	0.1090	0.1122	0.1100	0.1110	0.1146	0.1004	0.0982	0.0961	0.0991	0.1047	0.1123	0.0816	0.0773	0.0780	0.0824	0.0912	0.1055	0.0632	0.0564	0.0548	0.0564	0.0614	0.0729	0.0917
1700	0.1155	0.1166	0.1126	0.1130	0.1091	0.1123	0.1100	0.1109	0.1146	0.1004	0.0983	0.0961	0.0992	0.1045	0.1124	0.0816	0.0773	0.0780	0.0826	0.0913	0.1056	0.0634	0.0564	0.0547	0.0564	0.0613	0.0731	0.0917
1701	0.1155	0.1166	0.1126	0.1130	0.1090	0.1124	0.1101	0.1109	0.1145	0.1004	0.0983	0.0961	0.0992	0.1044	0.1125	0.0816	0.0774	0.0781	0.0826	0.0914	0.1056	0.0634	0.0565	0.0547	0.0564	0.0613	0.0731	0.0917
1702	0.1155	0.1166	0.1127	0.1131	0.1089	0.1124	0.1102	0.1108	0.1145	0.1004	0.0983	0.0962	0.0992	0.1045	0.1126	0.0816	0.0775	0.0782	0.0825	0.0914	0.1056	0.0633	0.0566	0.0547	0.0566	0.0613	0.0729	0.0918
1703	0.1156	0.1167	0.1127	0.1130	0.1088	0.1125	0.1103	0.1107	0.1143	0.1005	0.0984	0.0962	0.0992	0.1045	0.1128	0.0817	0.0774	0.0782	0.0825	0.0914	0.1057	0.0634	0.0566	0.0547	0.0566	0.0614	0.0728	0.0918
1704	0.1156	0.1168	0.1127	0.1129	0.1088	0.1125	0.1102	0.1107	0.1141	0.1006	0.0984	0.0963	0.0992	0.1045	0.1129	0.0818	0.0774	0.0781	0.0825	0.0915	0.1057	0.0635	0.0567	0.0547	0.0566	0.0616	0.0728	0.0917
1705	0.1156	0.1168	0.1126	0.1128	0.1088	0.1124	0.1102	0.1108	0.1141	0.1006	0.0983	0.0963	0.0991	0.1046	0.1129	0.0818	0.0774	0.0781	0.0826	0.0915	0.1058	0.0635	0.0568	0.0547	0.0566	0.0616	0.0728	0.0918
1706	0.1156	0.1168	0.1125	0.1128	0.1088	0.1122	0.1101	0.1110	0.1142	0.1005	0.0981	0.0964	0.0990	0.1047	0.1129	0.0816	0.0774	0.0782	0.0826	0.0914	0.1059	0.0634	0.0567	0.0547	0.0566	0.0615	0.0728	0.0920
1707	0.1155	0.1168	0.1125	0.1128	0.1088	0.1120	0.1101	0.1110	0.1143	0.1005	0.0981	0.0965	0.0990	0.1048	0.1129	0.0817	0.0773	0.0781	0.0826	0.0914	0.1059	0.0633	0.0566	0.0547	0.0566	0.0616	0.0729	0.0920
1708	0.1155	0.1168	0.1126	0.1128	0.1087	0.1120	0.1101	0.1110	0.1145	0.1004	0.0981	0.0965	0.0989	0.1049	0.1131	0.0817	0.0772	0.0780	0.0826	0.0915	0.1057	0.0631	0.0565	0.0547	0.0566	0.0616	0.0730	0.0919
1709	0.1154	0.1166	0.1126	0.1128	0.1086	0.1119	0.1099	0.1110	0.1146	0.1005	0.0981	0.0964	0.0990	0.1048	0.1131	0.0818	0.0772	0.0780	0.0826	0.0915	0.1057	0.0631	0.0564	0.0548	0.0565	0.0616	0.0730	0.0919
1710	0.1153	0.1162	0.1125	0.1127	0.1086	0.1119	0.1097	0.1110	0.1145	0.1005	0.0981	0.0963	0.0990	0.1047	0.1131	0.0818	0.0772	0.0780	0.0826	0.0916	0.1056	0.0631	0.0564	0.0549	0.0565	0.0616	0.0729	0.0919
1711	0.1153	0.1161	0.1124	0.1128	0.1086	0.1120	0.1097	0.1109	0.1145	0.1006	0.0982	0.0962	0.0991	0.1046	0.1133	0.0819	0.0771	0.0779	0.0826	0.0914	0.1057	0.0631	0.0565	0.0548	0.0565	0.0617	0.0729	0.0920
1712	0.1153	0.1161	0.1124	0.1129	0.1087	0.1120	0.1098	0.1109	0.1144	0.1005	0.0984	0.0961	0.0991	0.1044	0.1134	0.0819	0.0771	0.0778	0.0826	0.0912	0.1057	0.0631	0.0566	0.0546	0.0566	0.0619	0.0730	0.0921
1713	0.1153	0.1160	0.1123	0.1129	0.1087	0.1120	0.1098	0.1108	0.1144	0.1004	0.0982	0.0961	0.0990	0.1043	0.1134	0.0819	0.0772	0.0779	0.0826	0.0911	0.1057	0.0631	0.0567	0.0546	0.0564	0.0619	0.0731	0.0921
1714	0.1154	0.1159	0.1121	0.1129	0.1088	0.1119	0.1099	0.1107	0.1144	0.1003	0.0980	0.0961	0.0989	0.1043	0.1132	0.0819	0.0773	0.0781	0.0825	0.0911	0.1057	0.0632	0.0567	0.0546	0.0561	0.0617	0.0732	0.0920
1715	0.1154	0.1159	0.1121	0.1129	0.1087	0.1119	0.1098	0.1106	0.1143	0.1003	0.0980	0.0961	0.0988	0.1043	0.1133	0.0818	0.0773	0.0781	0.0827	0.0912	0.1058	0.0634	0.0566	0.0547	0.0561	0.0618	0.0733	0.0921
1716	0.1154	0.1159	0.1122	0.1129	0.1086	0.1119	0.1098	0.1105	0.1143	0.1004	0.0982	0.0962	0.0987	0.1043	0.1134	0.0817	0.0772	0.0780	0.0828	0.0913	0.1058	0.0636	0.0565	0.0548	0.0562	0.0618	0.0733	0.0921
1717	0.1152	0.1158	0.1121	0.1128	0.1085	0.1120	0.1097	0.1105	0.1142	0.1003	0.0981	0.0962	0.0988	0.1045	0.1133	0.0815	0.0772	0.0780	0.0829	0.0912	0.1058	0.0635	0.0565	0.0548	0.0562	0.0618	0.0734	0.0921
1718	0.1150	0.1157	0.1120	0.1126	0.1083	0.1122	0.1097	0.1106	0.1141	0.1002	0.0981	0.0962	0.0990	0.1046	0.1132	0.0813	0.0772	0.0780	0.0829	0.0912	0.1057	0.0633	0.0566	0.0548	0.0562	0.0617	0.0735	0.0920
1719	0.1150	0.1157	0.1120	0.1124	0.1082	0.1121	0.1096	0.1107	0.1142	0.1001	0.0980	0.0960	0.0989	0.1044	0.1132	0.0812	0.0772	0.0780	0.0827	0.0913	0.1057	0.0632	0.0565	0.0547	0.0562	0.0618	0.0735	0.0920
1720	0.1149	0.1158	0.1120	0.1121	0.1082	0.1121	0.1095	0.1107	0.1143	0.1000	0.0979	0.0958	0.0989	0.1042	0.1131	0.0811	0.0772	0.0780	0.0825	0.0914	0.1058	0.0631	0.0565	0.0546	0.0563	0.0620	0.0734	0.0920
1721	0.1149	0.1158	0.1120	0.1122	0.1081	0.1119	0.1095	0.1106	0.1140	0.1000	0.0978	0.0959	0.0988	0.1042	0.1130	0.0813	0.0770	0.0779	0.0824	0.0914	0.1058	0.0632	0.0564	0.0547	0.0563	0.0619	0.0733	0.0921
1722	0.1149	0.1158	0.1119	0.1124	0.1080	0.1118	0.1094	0.1105	0.1137	0.0999	0.0976	0.0959	0.0987	0.1042	0.1129	0.0815	0.0768	0.0778	0.0823	0.0915	0.1057	0.0633	0.0563	0.0547	0.0564	0.0617	0.0731	0.0921
1723	0.1148	0.1159	0.1120	0.1123	0.1080	0.1116	0.1093	0.1104	0.1137	0.1000	0.0977	0.0959	0.0987	0.1042	0.1126	0.0815	0.0768	0.0779	0.0822	0.0914	0.1056	0.0633	0.0565	0.0547	0.0563	0.0617	0.0731	0.0921
1724	0.1147	0.1160	0.1120	0.1122	0.1079	0.1115	0.1093	0.1104	0.1137	0.1000	0.0978	0.0959	0.0988	0.1041	0.1124	0.0816	0.0768	0.0779	0.0821	0.0914	0.1055	0.0633	0.0567	0.0547	0.0561	0.0617	0.0731	0.0921
1725	0.1147	0.1159	0.1120	0.1123	0.1079	0.1115	0.1092	0.1102	0.1137	0.0999	0.0977	0.0958	0.0988	0.1041	0.1125	0.0815	0.0768	0.0778	0.0821	0.0914	0.1055	0.0632	0.0566	0.0547	0.0561	0.0616	0.0731	0.0920
1726	0.1146	0.1157	0.1119	0.1124	0.1079	0.1115	0.1092	0.1101	0.1137	0.0998	0.0977	0.0957	0.0988	0.1042	0.1126	0.0814	0.0768	0.0776	0.0821	0.0915	0.1054	0.0631	0.0565	0.0547	0.0561	0.0615	0.0731	0.0919
1727	0.1145	0.1155	0.1117	0.1122	0.1080	0.1113	0.1092	0.1101	0.1136	0.0998	0.0976	0.0956	0.0987	0.1041	0.1124	0.0813	0.0769	0.0775	0.0822	0.0913	0.1054	0.0630	0.0564	0.0546	0.0562	0.0615	0.0730	0.0920
1728	0.1144	0.1153	0.1115	0.1120	0.1081	0.1111	0.1092	0.1101	0.1136	0.0997	0.0975	0.0956	0.0986	0.1040	0.1122	0.0812	0.0770	0.0775	0.0824	0.0911	0.1053	0.0630	0.0562	0.0545	0.0562	0.0615	0.0729	0.0920
1729	0.1143	0.1152	0.1115	0.1118	0.1080	0.1112	0.1092	0.1099	0.1136	0.0996	0.0974	0.0956	0.0984	0.1040	0.1122	0.0810	0.0768	0.0775	0.0822	0.0910	0.1053	0.0629	0.0562	0.0544	0.0561	0.0615	0.0730	0.0920
1730	0.1141	0.1152	0.1115	0.1117	0.1079	0.1112	0.1092	0.1097	0.1136	0.0995	0.0974	0.0956	0.0982	0.1041	0.1123	0.0808	0.0766	0.0776	0.0821	0.0909	0.1053	0.0629	0.0561	0.0544	0.0560	0.0615	0.0730	0.0920
1731	0.1141	0.1153	0.1113	0.1115	0.1078	0.1112	0.1090	0.1097	0.1136	0.0995	0.0974	0.0955	0.0981	0.1039	0.1125	0.0808	0.0766	0.0774	0.0821	0.0909	0.1053	0.0628	0.0562	0.0545	0.0561	0.0616	0.0730	0.0918
1732	0.1140	0.1152	0.1112	0.1113	0.1077	0.1112	0.1088	0.1096	0.1135	0.0994	0.0974	0.0954	0.0981	0.1038	0.1126	0.0808	0.0765	0.0773	0.0820	0.0909	0.1053	0.0627	0.0562	0.0545	0.0560	0.0617	0.0730	0.0917
1733	0.1140	0.1151	0.1111	0.1113	0.1076	0.1113	0.1086	0.1096	0.1133	0.0992	0.0973	0.0953	0.0981	0.1036	0.1124	0.0808	0.0766	0.0772	0.0821	0.0908	0.1050	0.0626	0.0563	0.0546	0.0559	0.0617	0.0729	0.0917
1734	0.1140	0.1150	0.1110	0.1112	0.1075	0.1112	0.1085	0.1096	0.1131	0.0990	0.0971	0.0952	0.0981	0.1035	0.1122	0.0807	0.0766	0.0770	0.0822	0.0907	0.1048	0.0626	0.0564	0.0546	0.0557	0.0617	0.0728	0.0918
1735	0.1137	0.1149	0.1109	0.1111	0.1074	0.1109	0.1085	0.1096	0.1130	0.0990	0.0970	0.0950	0.0981	0.1034	0.1120	0.0806	0.0766	0.0770	0.0821	0.0907	0.1046	0.0625	0.0564	0.0545	0.0556	0.0616	0.0727	0.0920
1736	0.1134	0.1148	0.1107	0.1111	0.1073	0.1107	0.1085	0.1096	0.1129	0.0989	0.0970	0.0949	0.0980	0.1034	0.1119	0.0804	0.0765	0.0769	0.0820	0.0907	0.1045	0.0624	0.0564	0.0544	0.0555	0.0614	0.0727	0.0922
1737	0.1134	0.1148	0.1107	0.1108	0.1070	0.1105	0.1084	0.1094	0.1128	0.0988	0.0971	0.0948	0.0979	0.1035	0.1117	0.0805	0.0763	0.0769	0.0819	0.0909	0.1047	0.0623	0.0562	0.0544	0.0556	0.0612	0.0727	0.0923
1738	0.1133	0.1147	0.1106	0.1107	0.1068	0.1104	0.1083	0.1093	0.1127	0.0987	0.0971	0.0947	0.0979	0.1035	0.1116	0.0805	0.0761	0.0770	0.0819	0.0910	0.1049	0.0622	0.0560	0.0544	0.0556	0.0610	0.0728	0.0923
1739	0.1134	0.1145	0.1105	0.1106	0.1068	0.1103	0.1082	0.1092	0.1126	0.0986	0.0969	0.0947	0.0978	0.1033	0.1116	0.0806	0.0761	0.0769	0.0817	0.0907	0.1049	0.0622	0.0559	0.0544	0.0557	0.0611	0.0728	0.0922
1740	0.1133	0.1143	0.1104	0.1105	0.1068	0.1103	0.1080	0.1090	0.1126	0.0987	0.0967	0.0947	0.0977	0.1032	0.1116	0.0805	0.0760	0.0769	0.0816	0.0906	0.1049	0.0622	0.0558	0.0543	0.0556	0.0611	0.0727	0.0920
1741	0.1131	0.1142	0.1103	0.1104	0.1067	0.1103	0.1079	0.1089	0.1125	0.0987	0.0968	0.0945	0.0977	0.1031	0.1117	0.0804	0.0760	0.0769	0.0816	0.0907	0.1050	0.0622	0.0558	0.0542	0.0555	0.0610	0.0726	0.0919
1742	0.1129	0.1141	0.1101	0.1102	0.1066	0.1102	0.1078	0.1089	0.1124	0.0987	0.0967	0.0944	0.0976	0.1030	0.1116	0.0803	0.0760	0.0769	0.0816	0.0906	0.1050	0.0622	0.0558	0.0541	0.0555	0.0609	0.0725	0.0919
1743	0.1127	0.1139	0.1100	0.1100	0.1065	0.1100	0.1077	0.1089	0.1121	0.0985	0.0963	0.0943	0.0974	0.1029	0.1116	0.0803	0.0759	0.0769	0.0815	0.0903	0.1048	0.0622	0.0558	0.0540	0.0555	0.0608	0.0726	0.0919
1744	0.1126	0.1137	0.1098	0.1099	0.1064	0.1098	0.1076	0.1089	0.1119	0.0983	0.0961	0.0942	0.0972	0.1028	0.1114	0.0802	0.0758	0.0768	0.0815	0.0901	0.1046	0.0622	0.0557	0.0539	0.0555	0.0609	0.0725	0.0919
1745	0.1126	0.1134	0.1096	0.1098	0.1063	0.1095	0.1074	0.1087	0.1116	0.0980	0.0961	0.0942	0.0971	0.1029	0.1113	0.0802	0.0758	0.0768	0.0815	0.0900	0.1044	0.0621	0.0556	0.0536	0.0554	0.0609	0.0723	0.0918
1746	0.1125	0.1133	0.1095	0.1096	0.1061	0.1094	0.1073	0.1085	0.1114	0.0979	0.0960	0.0941	0.0970	0.1028	0.1110	0.0800	0.0756	0.0768	0.0815	0.0900	0.1043	0.0621	0.0556	0.0536	0.0552	0.0609	0.0723	0.0917
1747	0.1123	0.1132	0.1095	0.1094	0.1059	0.1093	0.1072	0.1082	0.1113	0.0977	0.0959	0.0940	0.0970	0.1026	0.1108	0.0798	0.0754	0.0769	0.0816	0.0900	0.1043	0.0622	0.0556	0.0536	0.0550	0.0608	0.0724	0.0916
1748	0.1121	0.1131	0.1093	0.1093	0.1058	0.1093	0.1072	0.1080	0.1113	0.0976	0.0958	0.0939	0.0969	0.1024	0.1106	0.0797	0.0752	0.0767	0.0816	0.0900	0.1042	0.0621	0.0555	0.0537	0.0549	0.0609	0.0725	0.0915
1749	0.1119	0.1130	0.1091	0.1092	0.1057	0.1093	0.1071	0.1078	0.1115	0.0976	0.0956	0.0939	0.0967	0.1022	0.1104	0.0796	0.0750	0.0765	0.0814	0.0899	0.1040	0.0618	0.0553	0.0538	0.0548	0.0610	0.0726	0.0914
1750	0.1118	0.1128	0.1089	0.1091	0.1056	0.1092	0.1071	0.1076	0.1114	0.0975	0.0954	0.0939	0.0967	0.1021	0.1103	0.0796	0.0751	0.0762	0.0812	0.0899	0.1038	0.0617	0.0552	0.0538	0.0549	0.0609	0.0724	0.0914
1751	0.1118	0.1125	0.1088	0.1090	0.1054	0.1090	0.1071	0.1075	0.1111	0.0974	0.0952	0.0937	0.0966	0.1019	0.1102	0.0796	0.0753	0.0761	0.0811	0.0899	0.1037	0.0616	0.0552	0.0536	0.0551	0.0607	0.0722	0.0914
1752	0.1118	0.1124	0.1087	0.1088	0.1052	0.1089	0.1070	0.1074	0.1109	0.0973	0.0950	0.0936	0.0965	0.1018	0.1101	0.0796	0.0752	0.0760	0.0809	0.0898	0.1036	0.0616	0.0552	0.0533	0.0551	0.0606	0.0721	0.0913
1753	0.1118	0.1123	0.1086	0.1086	0.1049	0.1088	0.1068	0.1075	0.1107	0.0973	0.0948	0.0935	0.0963	0.1018	0.1099	0.0794	0.0751	0.0761	0.0806	0.0896	0.1037	0.0616	0.0551	0.0530	0.0552	0.0604	0.0719	0.0912
1754	0.1117	0.1123	0.1084	0.1084	0.1047	0.1087	0.1066	0.1073	0.1105	0.0973	0.0948	0.0935	0.0961	0.1018	0.1098	0.0793	0.0749	0.0761	0.0807	0.0896	0.1037	0.0616	0.0551	0.0528	0.0551	0.0603	0.0718	0.0912
1755	0.1115	0.1122	0.1081	0.1081	0.1046	0.1085	0.1064	0.1071	0.1104	0.0972	0.0950	0.0934	0.0959	0.1017	0.1098	0.0790	0.0748	0.0760	0.0809	0.0896	0.1036	0.0615	0.0552	0.0527	0.0550	0.0602	0.0718	0.0913
1756	0.1114	0.1121	0.1081	0.1080	0.1045	0.1084	0.1061	0.1071	0.1102	0.0971	0.0948	0.0933	0.0958	0.1016	0.1097	0.0789	0.0746	0.0759	0.0807	0.0895	0.1035	0.0614	0.0550	0.0528	0.0549	0.0602	0.0719	0.0913
1757	0.1113	0.1120	0.1082	0.1078	0.1044	0.1083	0.1058	0.1072	0.1101	0.0970	0.0946	0.0930	0.0956	0.1014	0.1097	0.0788	0.0745	0.0758	0.0805	0.0893	0.1033	0.0614	0.0548	0.0530	0.0548	0.0603	0.0720	0.0912
1758	0.1112	0.1118	0.1079	0.1076	0.1043	0.1080	0.1056	0.1071	0.1099	0.0968	0.0943	0.0928	0.0955	0.1013	0.1096	0.0789	0.0743	0.0756	0.0805	0.0893	0.1032	0.0613	0.0547	0.0530	0.0548	0.0603	0.0719	0.0911
1759	0.1110	0.1117	0.1077	0.1074	0.1042	0.1077	0.1055	0.1069	0.1098	0.0965	0.0940	0.0926	0.0955	0.1012	0.1094	0.0789	0.0742	0.0753	0.0806	0.0893	0.1031	0.0613	0.0546	0.0530	0.0548	0.0601	0.0718	0.0910
1760	0.1107	0.1116	0.1077	0.1074	0.1040	0.1076	0.1054	0.1068	0.1098	0.0962	0.0940	0.0925	0.0954	0.1011	0.1092	0.0787	0.0741	0.0753	0.0806	0.0893	0.1031	0.0612	0.0546	0.0530	0.0546	0.0600	0.0716	0.0909
1761	0.1103	0.1114	0.1077	0.1075	0.1039	0.1075	0.1053	0.1066	0.1098	0.0959	0.0941	0.0924	0.0952	0.1011	0.1091	0.0785	0.0741	0.0753	0.0806	0.0892	0.1031	0.0612	0.0546	0.0530	0.0544	0.0599	0.0715	0.0909
1762	0.1101	0.1112	0.1075	0.1074	0.1037	0.1075	0.1052	0.1063	0.1097	0.0958	0.0940	0.0922	0.0951	0.1010	0.1088	0.0783	0.0741	0.0752	0.0804	0.0890	0.1029	0.0611	0.0546	0.0531	0.0544	0.0599	0.0712	0.0909
1763	0.1100	0.1111	0.1072	0.1073	0.1036	0.1075	0.1051	0.1062	0.1096	0.0957	0.0938	0.0921	0.0949	0.1010	0.1086	0.0782	0.0740	0.0751	0.0803	0.0889	0.1026	0.0610	0.0547	0.0531	0.0544	0.0600	0.0710	0.0910
1764	0.1098	0.1109	0.1069	0.1072	0.1036	0.1072	0.1049	0.1059	0.1094	0.0958	0.0936	0.0920	0.0949	0.1008	0.1087	0.0783	0.0739	0.0749	0.0802	0.0889	0.1025	0.0609	0.0547	0.0530	0.0544	0.0602	0.0711	0.0909
1765	0.1097	0.1107	0.1067	0.1070	0.1036	0.1070	0.1047	0.1057	0.1093	0.0959	0.0935	0.0918	0.0949	0.1005	0.1088	0.0784	0.0738	0.0747	0.0801	0.0889	0.1024	0.0608	0.0547	0.0529	0.0543	0.0603	0.0713	0.0909
1766	0.1097	0.1105	0.1067	0.1069	0.1035	0.1069	0.1047	0.1055	0.1091	0.0958	0.0935	0.0917	0.0949	0.1003	0.1085	0.0782	0.0736	0.0745	0.0800	0.0887	0.1023	0.0608	0.0545	0.0529	0.0543	0.0600	0.0714	0.0908
1767	0.1096	0.1103	0.1067	0.1068	0.1034	0.1068	0.1046	0.1054	0.1090	0.0956	0.0936	0.0917	0.0948	0.1001	0.1082	0.0780	0.0735	0.0743	0.0799	0.0886	0.1023	0.0607	0.0544	0.0528	0.0544	0.0597	0.0715	0.0908
1768	0.1095	0.1102	0.1067	0.1068	0.1033	0.1068	0.1045	0.1055	0.1089	0.0955	0.0934	0.0917	0.0949	0.1000	0.1082	0.0779	0.0737	0.0743	0.0799	0.0886	0.1021	0.0607	0.0543	0.0525	0.0542	0.0598	0.0714	0.0908
1769	0.1095	0.1101	0.1066	0.1067	0.1032	0.1068	0.1044	0.1054	0.1088	0.0955	0.0933	0.0916	0.0950	0.0999	0.1082	0.0778	0.0739	0.0743	0.0798	0.0887	0.1018	0.0606	0.0543	0.0523	0.0541	0.0599	0.0713	0.0907
1770	0.1095	0.1100	0.1063	0.1064	0.1032	0.1067	0.1044	0.1054	0.1086	0.0955	0.0933	0.0916	0.0950	0.0999	0.1080	0.0777	0.0739	0.0742	0.0799	0.0886	0.1017	0.0607	0.0543	0.0523	0.0541	0.0599	0.0713	0.0905
1771	0.1094	0.1099	0.1059	0.1062	0.1032	0.1066	0.1044	0.1054	0.1085	0.0955	0.0934	0.0915	0.0949	0.0999	0.1079	0.0776	0.0739	0.0741	0.0798	0.0885	0.1017	0.0607	0.0544	0.0523	0.0541	0.0598	0.0712	0.0903
1772	0.1093	0.1098	0.1056	0.1062	0.1033	0.1065	0.1044	0.1053	0.1083	0.0954	0.0933	0.0915	0.0946	0.0998	0.1078	0.0777	0.0736	0.0742	0.0794	0.0883	0.1017	0.0606	0.0543	0.0525	0.0539	0.0596	0.0712	0.0903
1773	0.1092	0.1097	0.1055	0.1061	0.1032	0.1064	0.1044	0.1051	0.1083	0.0952	0.0931	0.0915	0.0943	0.0997	0.1078	0.0777	0.0734	0.0743	0.0791	0.0883	0.1017	0.0606	0.0542	0.0527	0.0538	0.0594	0.0711	0.0903
1774	0.1092	0.1096	0.1056	0.1061	0.1031	0.1063	0.1042	0.1049	0.1081	0.0951	0.0928	0.0913	0.0943	0.0996	0.1079	0.0774	0.0735	0.0742	0.0791	0.0884	0.1015	0.0604	0.0542	0.0527	0.0537	0.0594	0.0711	0.0902
1775	0.1092	0.1096	0.1057	0.1061	0.1029	0.1061	0.1040	0.1049	0.1081	0.0951	0.0926	0.0911	0.0942	0.0996	0.1079	0.0773	0.0735	0.0741	0.0792	0.0884	0.1014	0.0604	0.0541	0.0526	0.0537	0.0594	0.0710	0.0901
1776	0.1091	0.1097	0.1057	0.1059	0.1027	0.1058	0.1038	0.1049	0.1083	0.0949	0.0928	0.0909	0.0942	0.0996	0.1077	0.0774	0.0733	0.0741	0.0794	0.0883	0.1013	0.0605	0.0539	0.0524	0.0537	0.0594	0.0711	0.0900
1777	0.1091	0.1098	0.1056	0.1058	0.1026	0.1057	0.1037	0.1049	0.1084	0.0947	0.0927	0.0909	0.0942	0.0996	0.1076	0.0775	0.0732	0.0740	0.0794	0.0882	0.1013	0.0605	0.0536	0.0522	0.0537	0.0595	0.0710	0.0899
1778	0.1090	0.1096	0.1055	0.1057	0.1026	0.1057	0.1036	0.1048	0.1082	0.0947	0.0924	0.0909	0.0945	0.0996	0.1076	0.0775	0.0732	0.0740	0.0792	0.0882	0.1015	0.0604	0.0536	0.0521	0.0538	0.0596	0.0710	0.0902
1779	0.1089	0.1095	0.1054	0.1057	0.1026	0.1056	0.1035	0.1048	0.1080	0.0947	0.0922	0.0908	0.0946	0.0996	0.1076	0.0774	0.0732	0.0740	0.0790	0.0882	0.1016	0.0603	0.0535	0.0522	0.0538	0.0596	0.0710	0.0903
1780	0.1088	0.1093	0.1053	0.1056	0.1025	0.1056	0.1036	0.1048	0.1078	0.0948	0.0923	0.0909	0.0943	0.0995	0.1075	0.0772	0.0732	0.0739	0.0790	0.0881	0.1015	0.0602	0.0535	0.0522	0.0538	0.0595	0.0711	0.0904
1781	0.1087	0.1093	0.1052	0.1055	0.1024	0.1055	0.1037	0.1049	0.1077	0.0948	0.0924	0.0909	0.0942	0.0994	0.1075	0.0771	0.0732	0.0740	0.0790	0.0880	0.1014	0.0602	0.0535	0.0523	0.0538	0.0595	0.0712	0.0903
1782	0.1087	0.1094	0.1053	0.1053	0.1024	0.1053	0.1039	0.1049	0.1078	0.0948	0.0924	0.0908	0.0942	0.0994	0.1078	0.0771	0.0730	0.0742	0.0790	0.0879	0.1014	0.0602	0.0536	0.0523	0.0539	0.0594	0.0713	0.0901
1783	0.1087	0.1094	0.1053	0.1053	0.1023	0.1054	0.1038	0.1049	0.1078	0.0948	0.0923	0.0908	0.0942	0.0994	0.1078	0.0771	0.0730	0.0743	0.0790	0.0879	0.1014	0.0602	0.0538	0.0522	0.0539	0.0593	0.0712	0.0899
1784	0.1087	0.1094	0.1054	0.1053	0.1022	0.1057	0.1035	0.1048	0.1079	0.0948	0.0921	0.0908	0.0942	0.0995	0.1076	0.0772	0.0729	0.0742	0.0788	0.0880	0.1015	0.0601	0.0541	0.0522	0.0538	0.0592	0.0711	0.0898
1785	0.1087	0.1095	0.1054	0.1054	0.1022	0.1059	0.1035	0.1048	0.1080	0.0948	0.0921	0.0910	0.0941	0.0994	0.1075	0.0772	0.0728	0.0741	0.0788	0.0881	0.1015	0.0600	0.0542	0.0522	0.0538	0.0593	0.0711	0.0899
1786	0.1087	0.1099	0.1053	0.1054	0.1024	0.1059	0.1037	0.1047	0.1079	0.0948	0.0922	0.0912	0.0942	0.0993	0.1075	0.0772	0.0728	0.0740	0.0788	0.0881	0.1014	0.0599	0.0541	0.0523	0.0540	0.0593	0.0712	0.0901
1787	0.1086	0.1099	0.1053	0.1054	0.1025	0.1059	0.1038	0.1048	0.1080	0.0949	0.0924	0.0912	0.0943	0.0993	0.1076	0.0773	0.0728	0.0741	0.0789	0.0881	0.1014	0.0600	0.0541	0.0522	0.0540	0.0592	0.0713	0.0901
1788	0.1085	0.1097	0.1054	0.1053	0.1026	0.1058	0.1038	0.1049	0.1081	0.0949	0.0926	0.0911	0.0943	0.0993	0.1077	0.0774	0.0728	0.0741	0.0789	0.0879	0.1015	0.0601	0.0541	0.0520	0.0541	0.0591	0.0713	0.0903
1789	0.1085	0.1095	0.1056	0.1053	0.1026	0.1058	0.1038	0.1049	0.1080	0.0948	0.0927	0.0912	0.0942	0.0993	0.1078	0.0773	0.0728	0.0741	0.0788	0.0878	0.1015	0.0600	0.0540	0.0520	0.0540	0.0592	0.0713	0.0903
1790	0.1087	0.1093	0.1058	0.1054	0.1025	0.1057	0.1037	0.1048	0.1079	0.0947	0.0928	0.0912	0.0940	0.0993	0.1079	0.0772	0.0729	0.0741	0.0789	0.0878	0.1014	0.0598	0.0539	0.0521	0.0539	0.0593	0.0713	0.0902
1791	0.1087	0.1093	0.1056	0.1055	0.1025	0.1057	0.1036	0.1049	0.1079	0.0945	0.0930	0.0912	0.0940	0.0993	0.1078	0.0773	0.0728	0.0742	0.0788	0.0877	0.1014	0.0598	0.0537	0.0522	0.0537	0.0594	0.0713	0.0902
1792	0.1087	0.1093	0.1054	0.1056	0.1025	0.1056	0.1035	0.1049	0.1081	0.0944	0.0932	0.0911	0.0940	0.0993	0.1078	0.0774	0.0729	0.0743	0.0788	0.0877	0.1014	0.0600	0.0536	0.0523	0.0535	0.0595	0.0713	0.0903
1793	0.1088	0.1094	0.1053	0.1057	0.1024	0.1056	0.1036	0.1048	0.1081	0.0945	0.0929	0.0912	0.0943	0.0994	0.1076	0.0776	0.0730	0.0742	0.0789	0.0878	0.1015	0.0600	0.0537	0.0522	0.0535	0.0596	0.0712	0.0904
1794	0.1089	0.1095	0.1052	0.1057	0.1023	0.1057	0.1038	0.1047	0.1080	0.0948	0.0926	0.0912	0.0946	0.0995	0.1075	0.0777	0.0731	0.0740	0.0790	0.0880	0.1017	0.0600	0.0538	0.0519	0.0536	0.0596	0.0711	0.0905
1795	0.1088	0.1094	0.1051	0.1058	0.1022	0.1058	0.1039	0.1048	0.1078	0.0949	0.0927	0.0911	0.0946	0.0996	0.1075	0.0775	0.0734	0.0741	0.0791	0.0879	0.1017	0.0600	0.0539	0.0520	0.0539	0.0594	0.0713	0.0904
1796	0.1088	0.1093	0.1051	0.1058	0.1023	0.1059	0.1040	0.1050	0.1078	0.0951	0.0929	0.0910	0.0946	0.0996	0.1075	0.0773	0.0736	0.0741	0.0793	0.0879	0.1016	0.0601	0.0540	0.0523	0.0541	0.0592	0.0713	0.0904
1797	0.1088	0.1095	0.1053	0.1057	0.1024	0.1061	0.1040	0.1051	0.1079	0.0952	0.0931	0.0909	0.0945	0.0996	0.1074	0.0773	0.0736	0.0742	0.0794	0.0879	0.1016	0.0601	0.0539	0.0524	0.0542	0.0594	0.0712	0.0903
1798	0.1087	0.1096	0.1054	0.1056	0.1025	0.1062	0.1042	0.1053	0.1081	0.0953	0.0933	0.0909	0.0945	0.0996	0.1075	0.0772	0.0736	0.0743	0.0793	0.0879	0.1016	0.0602	0.0539	0.0525	0.0543	0.0595	0.0712	0.0902
1799	0.1088	0.1095	0.1055	0.1056	0.1026	0.1063	0.1040	0.1053	0.1082	0.0954	0.0933	0.0912	0.0945	0.0996	0.1076	0.0773	0.0735	0.0742	0.0792	0.0880	0.1015	0.0603	0.0539	0.0525	0.0543	0.0595	0.0712	0.0900
1800	0.1090	0.1094	0.1056	0.1056	0.1026	0.1064	0.1039	0.1052	0.1082	0.0955	0.0932	0.0915	0.0946	0.0996	0.1078	0.0774	0.0736	0.0741	0.0792	0.0881	0.1016	0.0604	0.0540	0.0525	0.0542	0.0596	0.0711	0.0899
1801	0.1097	0.1112	0.1083	0.1083	0.1030	0.1070	0.1055	0.1063	0.1096	0.0957	0.0936	0.0910	0.0957	0.1001	0.1101	0.0783	0.0738	0.0729	0.0791	0.0893	0.1056	0.0609	0.0526	0.0517	0.0523	0.0582	0.0709	0.0936
1802	0.1099	0.1116	0.1075	0.1079	0.1036	0.1064	0.1056	0.1069	0.1091	0.0951	0.0932	0.0906	0.0962	0.1003	0.1098	0.0783	0.0739	0.0722	0.0792	0.0894	0.1063	0.0614	0.0527	0.0515	0.0524	0.0583	0.0710	0.0929
1803	0.1096	0.1114	0.1066	0.1074	0.1041	0.1064	0.1060	0.1074	0.1085	0.0949	0.0934	0.0902	0.0954	0.1009	0.1097	0.0781	0.0733	0.0718	0.0792	0.0895	0.1068	0.0613	0.0528	0.0513	0.0525	0.0582	0.0714	0.0926
1804	0.1091	0.1116	0.1068	0.1072	0.1046	0.1064	0.1058	0.1076	0.1083	0.0947	0.0939	0.0898	0.0941	0.1010	0.1094	0.0780	0.0727	0.0720	0.0790	0.0894	0.1068	0.0608	0.0531	0.0510	0.0525	0.0578	0.0725	0.0931
1805	0.1091	0.1123	0.1072	0.1073	0.1050	0.1064	0.1048	0.1073	0.1091	0.0950	0.0940	0.0898	0.0937	0.1007	0.1091	0.0779	0.0732	0.0725	0.0785	0.0897	0.1064	0.0602	0.0533	0.0512	0.0523	0.0579	0.0726	0.0940
1806	0.1095	0.1128	0.1074	0.1066	0.1051	0.1063	0.1046	0.1070	0.1098	0.0956	0.0935	0.0904	0.0948	0.1006	0.1100	0.0783	0.0737	0.0728	0.0786	0.0900	0.1060	0.0602	0.0535	0.0514	0.0526	0.0582	0.0725	0.0942
1807	0.1097	0.1131	0.1076	0.1059	0.1049	0.1062	0.1050	0.1068	0.1101	0.0963	0.0927	0.0909	0.0954	0.1005	0.1108	0.0785	0.0742	0.0733	0.0789	0.0902	0.1053	0.0602	0.0539	0.0508	0.0532	0.0582	0.0724	0.0940
1808	0.1100	0.1132	0.1072	0.1059	0.1048	0.1065	0.1052	0.1064	0.1105	0.0968	0.0928	0.0910	0.0953	0.1002	0.1110	0.0785	0.0749	0.0737	0.0787	0.0902	0.1045	0.0602	0.0537	0.0500	0.0536	0.0586	0.0717	0.0939
1809	0.1103	0.1130	0.1067	0.1066	0.1047	0.1069	0.1052	0.1059	0.1106	0.0970	0.0933	0.0910	0.0949	0.0999	0.1108	0.0785	0.0754	0.0738	0.0786	0.0898	0.1040	0.0602	0.0532	0.0497	0.0537	0.0590	0.0710	0.0939
1810	0.1105	0.1123	0.1063	0.1078	0.1045	0.1072	0.1055	0.1055	0.1099	0.0969	0.0936	0.0909	0.0945	0.0998	0.1105	0.0784	0.0751	0.0739	0.0785	0.0894	0.1046	0.0601	0.0527	0.0499	0.0532	0.0589	0.0707	0.0935
1811	0.1108	0.1116	0.1062	0.1086	0.1042	0.1073	0.1061	0.1053	0.1091	0.0968	0.0936	0.0908	0.0943	0.0997	0.1102	0.0782	0.0745	0.0743	0.0785	0.0892	0.1053	0.0601	0.0526	0.0502	0.0527	0.0588	0.0704	0.0930
1812	0.1108	0.1115	0.1064	0.1086	0.1041	0.1075	0.1060	0.1051	0.1090	0.0966	0.0940	0.0912	0.0945	0.0994	0.1101	0.0779	0.0737	0.0741	0.0782	0.0889	0.1052	0.0607	0.0535	0.0509	0.0523	0.0590	0.0701	0.0929
1813	0.1104	0.1116	0.1066	0.1085	0.1039	0.1075	0.1057	0.1052	0.1090	0.0966	0.0945	0.0922	0.0949	0.0991	0.1099	0.0773	0.0732	0.0733	0.0777	0.0883	0.1049	0.0611	0.0544	0.0511	0.0520	0.0590	0.0702	0.0931
1814	0.1103	0.1114	0.1069	0.1083	0.1037	0.1080	0.1055	0.1056	0.1090	0.0969	0.0951	0.0929	0.0950	0.0989	0.1097	0.0765	0.0730	0.0727	0.0776	0.0882	0.1046	0.0614	0.0542	0.0507	0.0516	0.0593	0.0706	0.0933
1815	0.1101	0.1113	0.1073	0.1080	0.1040	0.1084	0.1052	0.1060	0.1094	0.0973	0.0953	0.0927	0.0947	0.0989	0.1098	0.0765	0.0730	0.0729	0.0784	0.0886	0.1045	0.0612	0.0539	0.0507	0.0516	0.0593	0.0709	0.0934
1816	0.1100	0.1115	0.1075	0.1081	0.1040	0.1082	0.1052	0.1062	0.1098	0.0971	0.0952	0.0922	0.0946	0.0992	0.1100	0.0769	0.0731	0.0731	0.0788	0.0888	0.1048	0.0610	0.0538	0.0508	0.0520	0.0589	0.0715	0.0934
1817	0.1103	0.1117	0.1076	0.1082	0.1038	0.1080	0.1053	0.1062	0.1097	0.0970	0.0945	0.0914	0.0951	0.0995	0.1100	0.0777	0.0731	0.0731	0.0786	0.0886	0.1051	0.0614	0.0537	0.0505	0.0528	0.0580	0.0723	0.0931
1818	0.1106	0.1117	0.1078	0.1084	0.1037	0.1079	0.1054	0.1064	0.1096	0.0970	0.0938	0.0907	0.0953	0.0995	0.1099	0.0782	0.0731	0.0730	0.0784	0.0882	0.1051	0.0617	0.0533	0.0501	0.0536	0.0573	0.0728	0.0930
1819	0.1104	0.1113	0.1081	0.1086	0.1038	0.1079	0.1052	0.1067	0.1094	0.0966	0.0936	0.0907	0.0949	0.0996	0.1096	0.0780	0.0731	0.0730	0.0783	0.0877	0.1048	0.0616	0.0528	0.0503	0.0539	0.0571	0.0726	0.0932
1820	0.1102	0.1107	0.1082	0.1087	0.1039	0.1079	0.1049	0.1069	0.1093	0.0962	0.0936	0.0909	0.0946	0.1000	0.1093	0.0777	0.0730	0.0732	0.0781	0.0873	0.1047	0.0614	0.0527	0.0507	0.0539	0.0571	0.0724	0.0932
1821	0.1105	0.1106	0.1082	0.1084	0.1036	0.1079	0.1048	0.1065	0.1097	0.0964	0.0932	0.0910	0.0949	0.1007	0.1096	0.0776	0.0732	0.0737	0.0781	0.0878	0.1050	0.0617	0.0530	0.0506	0.0537	0.0569	0.0721	0.0930
1822	0.1107	0.1109	0.1085	0.1080	0.1032	0.1075	0.1049	0.1061	0.1102	0.0967	0.0928	0.0909	0.0953	0.1009	0.1101	0.0777	0.0734	0.0737	0.0780	0.0885	0.1055	0.0620	0.0527	0.0506	0.0536	0.0569	0.0718	0.0932
1823	0.1107	0.1110	0.1087	0.1077	0.1034	0.1069	0.1052	0.1065	0.1101	0.0967	0.0924	0.0912	0.0955	0.1008	0.1102	0.0776	0.0732	0.0736	0.0777	0.0883	0.1058	0.0619	0.0527	0.0508	0.0532	0.0574	0.0715	0.0932
1824	0.1107	0.1108	0.1088	0.1071	0.1033	0.1064	0.1051	0.1067	0.1097	0.0966	0.0919	0.0917	0.0956	0.1012	0.1102	0.0773	0.0729	0.0735	0.0776	0.0878	0.1055	0.0618	0.0528	0.0507	0.0526	0.0578	0.0711	0.0925
1825	0.1100	0.1102	0.1087	0.1065	0.1030	0.1063	0.1047	0.1067	0.1098	0.0964	0.0919	0.0922	0.0955	0.1014	0.1101	0.0772	0.0729	0.0735	0.0774	0.0878	0.1051	0.0619	0.0530	0.0508	0.0521	0.0582	0.0709	0.0923
1826	0.1093	0.1102	0.1087	0.1063	0.1030	0.1071	0.1042	0.1068	0.1106	0.0961	0.0929	0.0925	0.0954	0.1006	0.1098	0.0772	0.0731	0.0738	0.0774	0.0876	0.1045	0.0617	0.0532	0.0510	0.0519	0.0585	0.0707	0.0924
1827	0.1092	0.1106	0.1085	0.1062	0.1030	0.1079	0.1038	0.1068	0.1110	0.0960	0.0936	0.0923	0.0950	0.0998	0.1096	0.0773	0.0733	0.0739	0.0776	0.0873	0.1042	0.0614	0.0530	0.0513	0.0516	0.0590	0.0704	0.0922
1828	0.1097	0.1108	0.1080	0.1068	0.1028	0.1078	0.1035	0.1063	0.1106	0.0963	0.0933	0.0917	0.0945	0.0996	0.1089	0.0773	0.0735	0.0739	0.0780	0.0871	0.1043	0.0611	0.0529	0.0516	0.0513	0.0593	0.0705	0.0921
1829	0.1102	0.1108	0.1073	0.1075	0.1027	0.1075	0.1033	0.1059	0.1101	0.0965	0.0929	0.0911	0.0940	0.0997	0.1083	0.0771	0.0737	0.0739	0.0781	0.0870	0.1045	0.0610	0.0530	0.0517	0.0510	0.0595	0.0706	0.0922
1830	0.1107	0.1109	0.1066	0.1076	0.1032	0.1070	0.1030	0.1058	0.1096	0.0964	0.0927	0.0908	0.0936	0.0997	0.1088	0.0767	0.0738	0.0738	0.0774	0.0868	0.1046	0.0608	0.0531	0.0516	0.0511	0.0588	0.0702	0.0923
1831	0.1112	0.1115	0.1064	0.1074	0.1038	0.1065	0.1025	0.1055	0.1089	0.0965	0.0925	0.0908	0.0935	0.0997	0.1097	0.0763	0.0738	0.0736	0.0766	0.0867	0.1046	0.0604	0.0529	0.0518	0.0517	0.0578	0.0698	0.0921
1832	0.1114	0.1117	0.1069	0.1075	0.1039	0.1064	0.1028	0.1052	0.1087	0.0965	0.0925	0.0908	0.0933	0.0999	0.1099	0.0765	0.0732	0.0733	0.0762	0.0871	0.1042	0.0606	0.0526	0.0516	0.0518	0.0572	0.0697	0.0922
1833	0.1116	0.1115	0.1068	0.1077	0.1034	0.1062	0.1034	0.1051	0.1090	0.0961	0.0924	0.0902	0.0929	0.0997	0.1094	0.0768	0.0726	0.0729	0.0761	0.0873	0.1042	0.0608	0.0525	0.0508	0.0511	0.0570	0.0699	0.0925
1834	0.1117	0.1112	0.1063	0.1077	0.1029	0.1057	0.1037	0.1048	0.1088	0.0954	0.0923	0.0894	0.0925	0.0991	0.1087	0.0769	0.0719	0.0726	0.0761	0.0874	0.1043	0.0608	0.0524	0.0501	0.0507	0.0568	0.0703	0.0927
1835	0.1108	0.1103	0.1068	0.1078	0.1029	0.1057	0.1037	0.1046	0.1086	0.0955	0.0925	0.0891	0.0927	0.0992	0.1084	0.0774	0.0719	0.0731	0.0760	0.0878	0.1042	0.0606	0.0526	0.0501	0.0505	0.0568	0.0701	0.0926
1836	0.1099	0.1096	0.1072	0.1078	0.1030	0.1057	0.1039	0.1043	0.1085	0.0956	0.0925	0.0892	0.0929	0.0992	0.1079	0.0776	0.0719	0.0736	0.0758	0.0881	0.1040	0.0603	0.0529	0.0501	0.0506	0.0570	0.0699	0.0923
1837	0.1089	0.1097	0.1072	0.1078	0.1028	0.1052	0.1040	0.1042	0.1083	0.0953	0.0922	0.0895	0.0928	0.0990	0.1077	0.0774	0.0715	0.0734	0.0756	0.0878	0.1039	0.0603	0.0531	0.0501	0.0515	0.0575	0.0697	0.0920
1838	0.1080	0.1097	0.1070	0.1076	0.1024	0.1046	0.1040	0.1042	0.1081	0.0950	0.0921	0.0895	0.0925	0.0988	0.1077	0.0773	0.0711	0.0730	0.0755	0.0874	0.1037	0.0604	0.0532	0.0502	0.0522	0.0581	0.0696	0.0916
1839	0.1075	0.1097	0.1067	0.1068	0.1022	0.1044	0.1039	0.1041	0.1076	0.0948	0.0919	0.0891	0.0922	0.0984	0.1079	0.0771	0.0708	0.0727	0.0760	0.0873	0.1037	0.0603	0.0532	0.0498	0.0518	0.0582	0.0697	0.0909
1840	0.1073	0.1098	0.1063	0.1058	0.1022	0.1043	0.1038	0.1036	0.1070	0.0945	0.0916	0.0887	0.0920	0.0980	0.1080	0.0767	0.0705	0.0724	0.0766	0.0874	0.1036	0.0601	0.0533	0.0492	0.0514	0.0580	0.0699	0.0901
1841	0.1077	0.1099	0.1059	0.1050	0.1018	0.1040	0.1032	0.1034	0.1067	0.0946	0.0915	0.0889	0.0920	0.0981	0.1079	0.0761	0.0707	0.0718	0.0765	0.0874	0.1035	0.0599	0.0535	0.0491	0.0509	0.0572	0.0698	0.0895
1842	0.1080	0.1096	0.1054	0.1043	0.1010	0.1040	0.1021	0.1035	0.1068	0.0945	0.0915	0.0887	0.0920	0.0977	0.1076	0.0756	0.0709	0.0714	0.0761	0.0876	0.1035	0.0597	0.0537	0.0494	0.0503	0.0564	0.0695	0.0888
1843	0.1078	0.1095	0.1049	0.1039	0.1001	0.1037	0.1013	0.1031	0.1065	0.0939	0.0916	0.0886	0.0917	0.0970	0.1072	0.0754	0.0709	0.0709	0.0752	0.0874	0.1031	0.0595	0.0533	0.0495	0.0504	0.0560	0.0696	0.0888
1844	0.1078	0.1092	0.1046	0.1035	0.0996	0.1032	0.1002	0.1032	0.1059	0.0928	0.0912	0.0885	0.0908	0.0969	0.1072	0.0753	0.0709	0.0706	0.0742	0.0864	0.1022	0.0595	0.0523	0.0493	0.0507	0.0558	0.0696	0.0891
1845	0.1079	0.1087	0.1043	0.1032	0.0995	0.1030	0.0994	0.1035	0.1055	0.0919	0.0906	0.0882	0.0903	0.0969	0.1072	0.0754	0.0706	0.0705	0.0735	0.0858	0.1009	0.0595	0.0516	0.0491	0.0506	0.0556	0.0693	0.0893
1846	0.1073	0.1082	0.1041	0.1030	0.0997	0.1026	0.0996	0.1031	0.1052	0.0915	0.0901	0.0880	0.0902	0.0969	0.1069	0.0749	0.0700	0.0701	0.0736	0.0853	0.1000	0.0592	0.0514	0.0486	0.0503	0.0560	0.0689	0.0893
1847	0.1067	0.1077	0.1039	0.1027	0.0998	0.1021	0.0997	0.1023	0.1047	0.0912	0.0896	0.0879	0.0901	0.0967	0.1066	0.0743	0.0695	0.0696	0.0738	0.0849	0.0993	0.0585	0.0512	0.0483	0.0500	0.0564	0.0685	0.0891
1848	0.1061	0.1071	0.1032	0.1023	0.0998	0.1019	0.0988	0.1012	0.1040	0.0903	0.0896	0.0877	0.0897	0.0960	0.1062	0.0738	0.0695	0.0693	0.0735	0.0846	0.0990	0.0577	0.0512	0.0483	0.0497	0.0559	0.0683	0.0893
1849	0.1057	0.1064	0.1024	0.1018	0.0997	0.1017	0.0979	0.1001	0.1033	0.0893	0.0898	0.0874	0.0893	0.0952	0.1057	0.0734	0.0696	0.0692	0.0731	0.0845	0.0987	0.0571	0.0514	0.0483	0.0493	0.0552	0.0680	0.0895
1850	0.1056	0.1056	0.1012	0.1012	0.0994	0.1013	0.0973	0.0992	0.1031	0.0889	0.0891	0.0870	0.0886	0.0948	0.1051	0.0731	0.0690	0.0691	0.0727	0.0842	0.0983	0.0568	0.0516	0.0481	0.0490	0.0549	0.0678	0.0894
1851	0.1056	0.1046	0.0999	0.1005	0.0991	0.1010	0.0965	0.0983	0.1030	0.0887	0.0881	0.0864	0.0879	0.0948	0.1047	0.0727	0.0684	0.0691	0.0726	0.0841	0.0979	0.0565	0.0518	0.0479	0.0487	0.0551	0.0676	0.0893
1852	0.1048	0.1039	0.0992	0.1000	0.0985	0.1005	0.0969	0.0979	0.1025	0.0887	0.0874	0.0854	0.0873	0.0946	0.1043	0.0723	0.0681	0.0689	0.0721	0.0839	0.0977	0.0561	0.0513	0.0478	0.0484	0.0553	0.0674	0.0895
1853	0.1034	0.1035	0.0987	0.0993	0.0973	0.0997	0.0977	0.0976	0.1016	0.0887	0.0866	0.0843	0.0868	0.0942	0.1037	0.0719	0.0675	0.0684	0.0714	0.0833	0.0978	0.0555	0.0505	0.0478	0.0485	0.0555	0.0674	0.0894
1854	0.1023	0.1029	0.0981	0.0987	0.0962	0.0988	0.0979	0.0972	0.1011	0.0883	0.0859	0.0835	0.0864	0.0938	0.1029	0.0715	0.0669	0.0675	0.0708	0.0829	0.0977	0.0551	0.0497	0.0477	0.0487	0.0555	0.0674	0.0892
1855	0.1015	0.1024	0.0981	0.0981	0.0957	0.0975	0.0971	0.0965	0.1004	0.0877	0.0853	0.0831	0.0856	0.0927	0.1020	0.0710	0.0666	0.0674	0.0702	0.0824	0.0977	0.0552	0.0489	0.0475	0.0480	0.0550	0.0667	0.0886
1856	0.1007	0.1017	0.0980	0.0973	0.0951	0.0963	0.0962	0.0957	0.0995	0.0872	0.0847	0.0828	0.0850	0.0917	0.1009	0.0704	0.0664	0.0672	0.0698	0.0818	0.0975	0.0551	0.0482	0.0473	0.0472	0.0546	0.0661	0.0880
1857	0.0999	0.1006	0.0976	0.0965	0.0942	0.0959	0.0953	0.0951	0.0984	0.0865	0.0844	0.0821	0.0844	0.0910	0.0999	0.0697	0.0661	0.0662	0.0697	0.0809	0.0971	0.0545	0.0478	0.0467	0.0466	0.0543	0.0658	0.0871
1858	0.0991	0.0994	0.0970	0.0958	0.0932	0.0959	0.0943	0.0946	0.0975	0.0857	0.0842	0.0814	0.0837	0.0902	0.0992	0.0691	0.0655	0.0650	0.0696	0.0801	0.0966	0.0537	0.0474	0.0461	0.0461	0.0538	0.0654	0.0861
1859	0.0982	0.0987	0.0958	0.0949	0.0920	0.0953	0.0933	0.0942	0.0970	0.0845	0.0833	0.0807	0.0827	0.0893	0.0986	0.0682	0.0646	0.0643	0.0691	0.0796	0.0957	0.0530	0.0471	0.0452	0.0455	0.0533	0.0645	0.0850
1860	0.0973	0.0981	0.0945	0.0939	0.0906	0.0944	0.0924	0.0936	0.0964	0.0833	0.0821	0.0800	0.0818	0.0884	0.0980	0.0673	0.0638	0.0637	0.0685	0.0792	0.0946	0.0527	0.0467	0.0442	0.0449	0.0527	0.0638	0.0840
1861	0.0965	0.0973	0.0931	0.0929	0.0896	0.0931	0.0916	0.0923	0.0952	0.0821	0.0802	0.0790	0.0809	0.0875	0.0971	0.0662	0.0631	0.0626	0.0679	0.0787	0.0933	0.0526	0.0462	0.0435	0.0441	0.0518	0.0633	0.0832
1862	0.0957	0.0964	0.0918	0.0922	0.0889	0.0918	0.0906	0.0910	0.0939	0.0811	0.0780	0.0775	0.0798	0.0865	0.0956	0.0657	0.0622	0.0616	0.0671	0.0778	0.0920	0.0520	0.0460	0.0431	0.0434	0.0509	0.0625	0.0825
1863	0.0943	0.0952	0.0905	0.0911	0.0883	0.0901	0.0894	0.0899	0.0925	0.0799	0.0763	0.0761	0.0788	0.0854	0.0940	0.0656	0.0611	0.0604	0.0660	0.0765	0.0910	0.0518	0.0455	0.0425	0.0432	0.0503	0.0615	0.0817
1864	0.0923	0.0938	0.0895	0.0892	0.0872	0.0885	0.0880	0.0887	0.0912	0.0789	0.0756	0.0751	0.0779	0.0842	0.0930	0.0649	0.0598	0.0592	0.0648	0.0751	0.0906	0.0513	0.0444	0.0422	0.0433	0.0500	0.0607	0.0812
1865	0.0904	0.0926	0.0883	0.0875	0.0859	0.0871	0.0866	0.0872	0.0901	0.0779	0.0747	0.0741	0.0769	0.0830	0.0919	0.0643	0.0585	0.0583	0.0636	0.0738	0.0900	0.0504	0.0435	0.0418	0.0437	0.0496	0.0600	0.0809
1866	0.0889	0.0918	0.0867	0.0856	0.0843	0.0859	0.0849	0.0855	0.0887	0.0767	0.0737	0.0731	0.0760	0.0820	0.0908	0.0634	0.0575	0.0574	0.0625	0.0726	0.0892	0.0495	0.0428	0.0411	0.0434	0.0493	0.0592	0.0807
1867	0.0875	0.0908	0.0852	0.0837	0.0827	0.0849	0.0833	0.0839	0.0873	0.0754	0.0727	0.0722	0.0750	0.0809	0.0897	0.0622	0.0563	0.0565	0.0616	0.0715	0.0884	0.0487	0.0420	0.0405	0.0428	0.0490	0.0584	0.0804
1868	0.0864	0.0887	0.0839	0.0825	0.0806	0.0841	0.0819	0.0826	0.0859	0.0740	0.0717	0.0712	0.0735	0.0794	0.0881	0.0603	0.0550	0.0562	0.0611	0.0707	0.0870	0.0480	0.0413	0.0397	0.0415	0.0482	0.0578	0.0795
1869	0.0853	0.0863	0.0825	0.0816	0.0785	0.0832	0.0803	0.0814	0.0844	0.0724	0.0707	0.0702	0.0720	0.0777	0.0865	0.0583	0.0536	0.0561	0.0606	0.0699	0.0855	0.0471	0.0407	0.0388	0.0401	0.0474	0.0572	0.0787
1870	0.0840	0.0845	0.0811	0.0805	0.0764	0.0817	0.0785	0.0801	0.0828	0.0705	0.0695	0.0688	0.0711	0.0763	0.0854	0.0568	0.0526	0.0548	0.0594	0.0685	0.0841	0.0465	0.0401	0.0378	0.0393	0.0462	0.0566	0.0778
1871	0.0827	0.0828	0.0798	0.0789	0.0747	0.0802	0.0769	0.0787	0.0813	0.0690	0.0683	0.0672	0.0702	0.0750	0.0842	0.0557	0.0518	0.0533	0.0578	0.0669	0.0825	0.0461	0.0395	0.0369	0.0390	0.0447	0.0558	0.0771
1872	0.0810	0.0812	0.0783	0.0772	0.0738	0.0785	0.0755	0.0772	0.0802	0.0681	0.0672	0.0660	0.0689	0.0738	0.0828	0.0549	0.0515	0.0520	0.0566	0.0658	0.0814	0.0451	0.0390	0.0364	0.0385	0.0433	0.0549	0.0765
1873	0.0790	0.0799	0.0766	0.0760	0.0732	0.0770	0.0743	0.0756	0.0796	0.0672	0.0660	0.0649	0.0673	0.0724	0.0814	0.0541	0.0511	0.0510	0.0560	0.0649	0.0802	0.0436	0.0384	0.0358	0.0378	0.0424	0.0542	0.0757
1874	0.0774	0.0787	0.0752	0.0748	0.0720	0.0757	0.0731	0.0741	0.0786	0.0659	0.0646	0.0638	0.0658	0.0709	0.0798	0.0531	0.0503	0.0505	0.0553	0.0639	0.0791	0.0422	0.0378	0.0352	0.0370	0.0416	0.0535	0.0746
1875	0.0762	0.0771	0.0742	0.0736	0.0698	0.0746	0.0718	0.0727	0.0771	0.0642	0.0630	0.0626	0.0649	0.0695	0.0783	0.0520	0.0490	0.0499	0.0544	0.0629	0.0782	0.0414	0.0372	0.0347	0.0361	0.0410	0.0529	0.0731
1876	0.0748	0.0756	0.0730	0.0725	0.0676	0.0734	0.0707	0.0716	0.0756	0.0628	0.0613	0.0612	0.0641	0.0683	0.0769	0.0509	0.0476	0.0493	0.0534	0.0620	0.0774	0.0406	0.0363	0.0342	0.0353	0.0403	0.0522	0.0718
1877	0.0730	0.0741	0.0718	0.0710	0.0663	0.0720	0.0695	0.0711	0.0740	0.0614	0.0600	0.0599	0.0631	0.0672	0.0759	0.0495	0.0465	0.0489	0.0524	0.0609	0.0762	0.0394	0.0351	0.0335	0.0347	0.0397	0.0513	0.0709
1878	0.0712	0.0726	0.0706	0.0695	0.0652	0.0705	0.0683	0.0704	0.0726	0.0598	0.0587	0.0588	0.0621	0.0660	0.0750	0.0481	0.0454	0.0483	0.0515	0.0599	0.0750	0.0384	0.0341	0.0327	0.0340	0.0391	0.0506	0.0702
1879	0.0698	0.0710	0.0686	0.0677	0.0646	0.0687	0.0671	0.0689	0.0714	0.0583	0.0575	0.0581	0.0608	0.0645	0.0738	0.0471	0.0445	0.0469	0.0508	0.0590	0.0740	0.0379	0.0338	0.0320	0.0332	0.0386	0.0503	0.0694
1880	0.0686	0.0694	0.0664	0.0659	0.0640	0.0668	0.0659	0.0673	0.0702	0.0570	0.0562	0.0574	0.0593	0.0631	0.0725	0.0464	0.0438	0.0455	0.0501	0.0581	0.0733	0.0376	0.0334	0.0314	0.0323	0.0380	0.0502	0.0686
1881	0.0671	0.0679	0.0646	0.0644	0.0626	0.0651	0.0644	0.0659	0.0687	0.0560	0.0551	0.0564	0.0578	0.0619	0.0711	0.0451	0.0428	0.0444	0.0490	0.0573	0.0723	0.0368	0.0323	0.0306	0.0315	0.0373	0.0497	0.0677
1882	0.0653	0.0668	0.0630	0.0632	0.0606	0.0635	0.0629	0.0643	0.0672	0.0548	0.0543	0.0554	0.0566	0.0609	0.0699	0.0437	0.0418	0.0435	0.0477	0.0568	0.0715	0.0361	0.0310	0.0300	0.0306	0.0366	0.0489	0.0668
1883	0.0640	0.0657	0.0615	0.0622	0.0588	0.0622	0.0613	0.0628	0.0656	0.0535	0.0532	0.0540	0.0555	0.0598	0.0688	0.0425	0.0408	0.0425	0.0464	0.0558	0.0706	0.0353	0.0297	0.0296	0.0296	0.0359	0.0483	0.0659
1884	0.0628	0.0643	0.0603	0.0611	0.0571	0.0610	0.0596	0.0614	0.0639	0.0524	0.0519	0.0525	0.0543	0.0587	0.0675	0.0415	0.0398	0.0416	0.0452	0.0544	0.0692	0.0343	0.0286	0.0288	0.0293	0.0352	0.0478	0.0651
1885	0.0615	0.0630	0.0591	0.0599	0.0557	0.0598	0.0582	0.0601	0.0623	0.0512	0.0507	0.0512	0.0529	0.0577	0.0662	0.0408	0.0389	0.0407	0.0441	0.0536	0.0679	0.0335	0.0275	0.0280	0.0291	0.0345	0.0472	0.0643
1886	0.0604	0.0618	0.0582	0.0585	0.0548	0.0586	0.0570	0.0592	0.0610	0.0496	0.0494	0.0496	0.0518	0.0568	0.0652	0.0403	0.0380	0.0399	0.0432	0.0530	0.0667	0.0329	0.0268	0.0274	0.0292	0.0336	0.0462	0.0634
1887	0.0591	0.0604	0.0573	0.0571	0.0537	0.0575	0.0558	0.0582	0.0597	0.0481	0.0480	0.0482	0.0507	0.0560	0.0642	0.0398	0.0371	0.0392	0.0424	0.0523	0.0655	0.0323	0.0263	0.0267	0.0291	0.0329	0.0451	0.0625
1888	0.0581	0.0591	0.0563	0.0558	0.0523	0.0566	0.0544	0.0567	0.0586	0.0471	0.0472	0.0473	0.0495	0.0552	0.0631	0.0391	0.0360	0.0382	0.0418	0.0513	0.0645	0.0317	0.0261	0.0257	0.0284	0.0324	0.0441	0.0617
1889	0.0571	0.0580	0.0554	0.0547	0.0510	0.0556	0.0531	0.0553	0.0575	0.0461	0.0465	0.0464	0.0483	0.0543	0.0618	0.0383	0.0350	0.0372	0.0411	0.0502	0.0635	0.0311	0.0259	0.0247	0.0276	0.0319	0.0433	0.0610
1890	0.0562	0.0566	0.0548	0.0538	0.0502	0.0545	0.0526	0.0544	0.0569	0.0453	0.0457	0.0453	0.0472	0.0532	0.0604	0.0372	0.0344	0.0365	0.0405	0.0491	0.0623	0.0300	0.0251	0.0239	0.0269	0.0310	0.0428	0.0603
1891	0.0553	0.0552	0.0543	0.0529	0.0494	0.0533	0.0525	0.0537	0.0564	0.0444	0.0450	0.0443	0.0463	0.0522	0.0591	0.0362	0.0340	0.0359	0.0398	0.0482	0.0611	0.0291	0.0241	0.0231	0.0262	0.0298	0.0423	0.0597
1892	0.0540	0.0542	0.0532	0.0520	0.0486	0.0522	0.0518	0.0531	0.0556	0.0434	0.0439	0.0436	0.0458	0.0512	0.0585	0.0353	0.0338	0.0352	0.0387	0.0476	0.0599	0.0284	0.0231	0.0222	0.0258	0.0293	0.0414	0.0589
1893	0.0530	0.0537	0.0521	0.0510	0.0476	0.0512	0.0508	0.0523	0.0545	0.0427	0.0427	0.0430	0.0454	0.0503	0.0576	0.0346	0.0339	0.0345	0.0376	0.0469	0.0588	0.0275	0.0225	0.0213	0.0255	0.0294	0.0404	0.0584
1894	0.0521	0.0534	0.0513	0.0501	0.0466	0.0502	0.0501	0.0513	0.0536	0.0420	0.0418	0.0424	0.0450	0.0496	0.0569	0.0340	0.0337	0.0335	0.0368	0.0462	0.0581	0.0269	0.0222	0.0207	0.0250	0.0294	0.0395	0.0578
1895	0.0516	0.0531	0.0507	0.0495	0.0458	0.0489	0.0497	0.0506	0.0529	0.0411	0.0414	0.0413	0.0445	0.0491	0.0564	0.0336	0.0329	0.0322	0.0361	0.0458	0.0578	0.0270	0.0223	0.0207	0.0247	0.0290	0.0388	0.0572
1896	0.0510	0.0524	0.0501	0.0490	0.0451	0.0479	0.0494	0.0501	0.0522	0.0401	0.0410	0.0402	0.0442	0.0487	0.0557	0.0333	0.0322	0.0313	0.0353	0.0452	0.0574	0.0269	0.0223	0.0206	0.0243	0.0288	0.0385	0.0570
1897	0.0497	0.0513	0.0493	0.0485	0.0447	0.0475	0.0488	0.0498	0.0518	0.0394	0.0406	0.0393	0.0444	0.0482	0.0551	0.0329	0.0313	0.0315	0.0350	0.0443	0.0576	0.0266	0.0218	0.0204	0.0238	0.0283	0.0380	0.0569
1898	0.0486	0.0505	0.0485	0.0479	0.0442	0.0469	0.0483	0.0494	0.0512	0.0388	0.0401	0.0386	0.0444	0.0478	0.0544	0.0324	0.0306	0.0317	0.0348	0.0435	0.0577	0.0264	0.0213	0.0203	0.0234	0.0278	0.0376	0.0567
1899	0.0484	0.0502	0.0477	0.0465	0.0433	0.0464	0.0478	0.0488	0.0501	0.0385	0.0394	0.0388	0.0441	0.0475	0.0538	0.0312	0.0301	0.0316	0.0346	0.0429	0.0570	0.0260	0.0211	0.0199	0.0231	0.0274	0.0373	0.0563
1900	0.0483	0.0499	0.0470	0.0449	0.0424	0.0459	0.0472	0.0481	0.0490	0.0381	0.0387	0.0390	0.0438	0.0472	0.0532	0.0300	0.0296	0.0315	0.0345	0.0424	0.0561	0.0255	0.0211	0.0195	0.0229	0.0270	0.0371	0.0558
1901	0.0478	0.0492	0.0465	0.0441	0.0416	0.0454	0.0466	0.0472	0.0487	0.0375	0.0387	0.0385	0.0433	0.0470	0.0530	0.0298	0.0294	0.0309	0.0341	0.0424	0.0555	0.0244	0.0211	0.0192	0.0227	0.0268	0.0367	0.0555
1902	0.0473	0.0486	0.0460	0.0436	0.0408	0.0450	0.0462	0.0463	0.0487	0.0370	0.0387	0.0377	0.0429	0.0468	0.0528	0.0300	0.0293	0.0301	0.0336	0.0426	0.0552	0.0235	0.0213	0.0189	0.0225	0.0267	0.0361	0.0554
1903	0.0469	0.0475	0.0456	0.0434	0.0403	0.0449	0.0455	0.0456	0.0487	0.0367	0.0385	0.0375	0.0421	0.0464	0.0525	0.0300	0.0289	0.0294	0.0336	0.0425	0.0551	0.0231	0.0214	0.0185	0.0223	0.0264	0.0362	0.0554
1904	0.0465	0.0465	0.0451	0.0436	0.0400	0.0449	0.0446	0.0451	0.0486	0.0363	0.0382	0.0376	0.0412	0.0459	0.0524	0.0298	0.0285	0.0288	0.0340	0.0422	0.0550	0.0227	0.0211	0.0182	0.0221	0.0260	0.0367	0.0554
1905	0.0463	0.0461	0.0445	0.0435	0.0396	0.0449	0.0438	0.0447	0.0481	0.0358	0.0377	0.0372	0.0405	0.0454	0.0523	0.0296	0.0282	0.0287	0.0342	0.0417	0.0552	0.0226	0.0206	0.0183	0.0217	0.0254	0.0367	0.0553
1906	0.0462	0.0463	0.0441	0.0435	0.0391	0.0449	0.0432	0.0445	0.0475	0.0352	0.0370	0.0365	0.0400	0.0451	0.0521	0.0293	0.0282	0.0293	0.0339	0.0412	0.0560	0.0228	0.0201	0.0190	0.0212	0.0248	0.0366	0.0549
1907	0.0462	0.0465	0.0439	0.0433	0.0385	0.0447	0.0430	0.0443	0.0470	0.0348	0.0363	0.0358	0.0396	0.0450	0.0520	0.0290	0.0280	0.0297	0.0335	0.0409	0.0564	0.0227	0.0197	0.0193	0.0207	0.0245	0.0367	0.0544
1908	0.0458	0.0465	0.0439	0.0428	0.0388	0.0446	0.0432	0.0440	0.0461	0.0347	0.0358	0.0360	0.0391	0.0451	0.0517	0.0288	0.0271	0.0294	0.0334	0.0408	0.0554	0.0220	0.0196	0.0184	0.0204	0.0247	0.0370	0.0538
1909	0.0454	0.0464	0.0439	0.0423	0.0392	0.0444	0.0433	0.0437	0.0452	0.0346	0.0352	0.0362	0.0386	0.0450	0.0514	0.0286	0.0263	0.0290	0.0332	0.0408	0.0544	0.0213	0.0195	0.0177	0.0201	0.0249	0.0373	0.0532
1910	0.0452	0.0461	0.0439	0.0421	0.0389	0.0438	0.0432	0.0435	0.0452	0.0343	0.0351	0.0360	0.0383	0.0444	0.0509	0.0283	0.0265	0.0290	0.0331	0.0408	0.0538	0.0213	0.0194	0.0181	0.0201	0.0248	0.0369	0.0528
1911	0.0450	0.0458	0.0438	0.0419	0.0384	0.0431	0.0431	0.0432	0.0454	0.0340	0.0350	0.0358	0.0381	0.0438	0.0502	0.0279	0.0267	0.0291	0.0329	0.0407	0.0533	0.0214	0.0194	0.0184	0.0201	0.0247	0.0366	0.0524
1912	0.0443	0.0452	0.0434	0.0423	0.0380	0.0426	0.0426	0.0431	0.0457	0.0338	0.0351	0.0357	0.0385	0.0438	0.0497	0.0277	0.0270	0.0294	0.0327	0.0407	0.0531	0.0213	0.0192	0.0185	0.0201	0.0246	0.0364	0.0526
1913	0.0435	0.0448	0.0429	0.0427	0.0375	0.0422	0.0422	0.0432	0.0461	0.0338	0.0351	0.0357	0.0389	0.0439	0.0494	0.0274	0.0272	0.0297	0.0327	0.0406	0.0530	0.0210	0.0189	0.0184	0.0200	0.0243	0.0362	0.0528
1914	0.0434	0.0449	0.0423	0.0426	0.0377	0.0422	0.0417	0.0438	0.0463	0.0337	0.0351	0.0357	0.0390	0.0438	0.0497	0.0271	0.0270	0.0293	0.0325	0.0406	0.0529	0.0212	0.0184	0.0183	0.0198	0.0241	0.0358	0.0530
1915	0.0433	0.0450	0.0417	0.0421	0.0381	0.0426	0.0412	0.0444	0.0464	0.0336	0.0352	0.0357	0.0390	0.0434	0.0500	0.0268	0.0264	0.0287	0.0321	0.0405	0.0527	0.0215	0.0181	0.0184	0.0195	0.0241	0.0354	0.0532
1916	0.0433	0.0448	0.0418	0.0418	0.0383	0.0426	0.0409	0.0447	0.0463	0.0336	0.0352	0.0356	0.0389	0.0433	0.0503	0.0266	0.0260	0.0281	0.0318	0.0405	0.0524	0.0214	0.0177	0.0186	0.0193	0.0242	0.0351	0.0532
1917	0.0437	0.0447	0.0425	0.0415	0.0383	0.0421	0.0408	0.0445	0.0457	0.0331	0.0353	0.0351	0.0385	0.0431	0.0504	0.0263	0.0258	0.0279	0.0316	0.0406	0.0521	0.0211	0.0170	0.0189	0.0190	0.0245	0.0348	0.0530
1918	0.0440	0.0444	0.0431	0.0412	0.0383	0.0416	0.0410	0.0441	0.0452	0.0326	0.0351	0.0345	0.0382	0.0428	0.0503	0.0260	0.0256	0.0278	0.0314	0.0405	0.0521	0.0210	0.0165	0.0193	0.0190	0.0249	0.0348	0.0530
1919	0.0444	0.0443	0.0426	0.0412	0.0380	0.0411	0.0414	0.0437	0.0449	0.0323	0.0346	0.0340	0.0383	0.0425	0.0496	0.0260	0.0255	0.0277	0.0314	0.0405	0.0523	0.0211	0.0166	0.0198	0.0195	0.0255	0.0349	0.0529
1920	0.0447	0.0444	0.0421	0.0412	0.0376	0.0407	0.0417	0.0433	0.0446	0.0321	0.0342	0.0337	0.0384	0.0422	0.0488	0.0261	0.0255	0.0275	0.0314	0.0405	0.0526	0.0212	0.0168	0.0201	0.0200	0.0260	0.0349	0.0526
1921	0.0445	0.0443	0.0416	0.0415	0.0372	0.0409	0.0418	0.0434	0.0446	0.0326	0.0339	0.0342	0.0380	0.0421	0.0487	0.0263	0.0260	0.0274	0.0314	0.0405	0.0528	0.0212	0.0175	0.0198	0.0203	0.0260	0.0352	0.0519
1922	0.0442	0.0441	0.0411	0.0418	0.0369	0.0412	0.0418	0.0435	0.0447	0.0332	0.0335	0.0348	0.0376	0.0420	0.0486	0.0264	0.0265	0.0274	0.0314	0.0405	0.0530	0.0212	0.0182	0.0196	0.0207	0.0259	0.0354	0.0513
1923	0.0440	0.0439	0.0412	0.0413	0.0370	0.0417	0.0423	0.0434	0.0450	0.0329	0.0334	0.0349	0.0377	0.0423	0.0487	0.0264	0.0266	0.0269	0.0311	0.0400	0.0528	0.0212	0.0183	0.0195	0.0205	0.0254	0.0354	0.0513
1924	0.0438	0.0439	0.0414	0.0406	0.0372	0.0421	0.0430	0.0432	0.0453	0.0324	0.0335	0.0349	0.0379	0.0427	0.0487	0.0264	0.0267	0.0264	0.0307	0.0391	0.0527	0.0211	0.0184	0.0194	0.0202	0.0249	0.0352	0.0513
1925	0.0438	0.0435	0.0416	0.0402	0.0376	0.0423	0.0430	0.0434	0.0451	0.0321	0.0334	0.0349	0.0384	0.0427	0.0485	0.0262	0.0265	0.0264	0.0308	0.0390	0.0530	0.0209	0.0183	0.0193	0.0197	0.0249	0.0352	0.0518
1926	0.0438	0.0430	0.0417	0.0398	0.0381	0.0426	0.0425	0.0436	0.0447	0.0318	0.0331	0.0347	0.0390	0.0426	0.0485	0.0261	0.0264	0.0267	0.0309	0.0393	0.0533	0.0209	0.0181	0.0192	0.0192	0.0251	0.0355	0.0524
1927	0.0439	0.0429	0.0416	0.0397	0.0382	0.0425	0.0420	0.0434	0.0444	0.0318	0.0328	0.0346	0.0392	0.0427	0.0484	0.0261	0.0264	0.0271	0.0310	0.0394	0.0535	0.0211	0.0181	0.0189	0.0191	0.0252	0.0357	0.0527
1928	0.0437	0.0430	0.0415	0.0399	0.0379	0.0421	0.0417	0.0426	0.0442	0.0321	0.0327	0.0345	0.0390	0.0428	0.0485	0.0263	0.0264	0.0277	0.0312	0.0391	0.0537	0.0214	0.0182	0.0184	0.0192	0.0252	0.0356	0.0530
1929	0.0434	0.0434	0.0413	0.0398	0.0377	0.0416	0.0414	0.0420	0.0441	0.0323	0.0326	0.0343	0.0388	0.0428	0.0486	0.0264	0.0265	0.0280	0.0315	0.0389	0.0537	0.0215	0.0184	0.0179	0.0193	0.0253	0.0357	0.0531
1930	0.0427	0.0445	0.0412	0.0398	0.0377	0.0411	0.0408	0.0418	0.0444	0.0322	0.0329	0.0344	0.0388	0.0425	0.0485	0.0262	0.0265	0.0277	0.0321	0.0394	0.0535	0.0211	0.0186	0.0178	0.0192	0.0256	0.0357	0.0530
1931	0.0422	0.0454	0.0411	0.0400	0.0378	0.0406	0.0403	0.0417	0.0447	0.0320	0.0332	0.0346	0.0388	0.0423	0.0486	0.0261	0.0265	0.0275	0.0326	0.0398	0.0533	0.0207	0.0188	0.0176	0.0191	0.0257	0.0357	0.0528
1932	0.0422	0.0448	0.0409	0.0404	0.0381	0.0409	0.0403	0.0421	0.0448	0.0320	0.0338	0.0348	0.0386	0.0424	0.0487	0.0261	0.0266	0.0276	0.0322	0.0400	0.0532	0.0207	0.0189	0.0176	0.0192	0.0255	0.0359	0.0525
1933	0.0421	0.0442	0.0407	0.0408	0.0385	0.0413	0.0405	0.0424	0.0449	0.0320	0.0343	0.0350	0.0383	0.0426	0.0487	0.0262	0.0267	0.0277	0.0318	0.0402	0.0532	0.0208	0.0189	0.0177	0.0193	0.0252	0.0360	0.0522
1934	0.0426	0.0440	0.0411	0.0413	0.0387	0.0414	0.0412	0.0422	0.0450	0.0321	0.0348	0.0351	0.0379	0.0427	0.0490	0.0264	0.0265	0.0275	0.0315	0.0403	0.0528	0.0209	0.0186	0.0180	0.0195	0.0250	0.0358	0.0521
1935	0.0431	0.0439	0.0416	0.0418	0.0388	0.0415	0.0419	0.0420	0.0452	0.0323	0.0354	0.0353	0.0375	0.0428	0.0496	0.0267	0.0263	0.0274	0.0313	0.0405	0.0524	0.0211	0.0183	0.0182	0.0198	0.0248	0.0355	0.0521
1936	0.0437	0.0443	0.0420	0.0419	0.0390	0.0415	0.0418	0.0421	0.0453	0.0326	0.0357	0.0353	0.0376	0.0430	0.0499	0.0265	0.0266	0.0277	0.0313	0.0401	0.0524	0.0212	0.0181	0.0185	0.0200	0.0248	0.0356	0.0524
1937	0.0442	0.0448	0.0422	0.0418	0.0392	0.0414	0.0416	0.0422	0.0452	0.0329	0.0358	0.0352	0.0380	0.0432	0.0499	0.0262	0.0270	0.0282	0.0316	0.0395	0.0526	0.0212	0.0179	0.0188	0.0201	0.0248	0.0359	0.0527
1938	0.0445	0.0448	0.0424	0.0418	0.0392	0.0414	0.0416	0.0424	0.0456	0.0331	0.0358	0.0352	0.0382	0.0432	0.0500	0.0263	0.0270	0.0285	0.0319	0.0393	0.0526	0.0214	0.0180	0.0191	0.0203	0.0247	0.0361	0.0531
1939	0.0447	0.0444	0.0427	0.0421	0.0391	0.0417	0.0419	0.0428	0.0463	0.0330	0.0355	0.0353	0.0382	0.0431	0.0500	0.0266	0.0270	0.0287	0.0320	0.0396	0.0526	0.0216	0.0182	0.0192	0.0204	0.0243	0.0360	0.0533
1940	0.0447	0.0442	0.0429	0.0422	0.0390	0.0420	0.0422	0.0431	0.0467	0.0329	0.0351	0.0354	0.0381	0.0430	0.0501	0.0268	0.0269	0.0287	0.0320	0.0399	0.0526	0.0217	0.0186	0.0193	0.0205	0.0241	0.0358	0.0535
1941	0.0443	0.0448	0.0428	0.0419	0.0388	0.0423	0.0427	0.0433	0.0464	0.0329	0.0347	0.0356	0.0377	0.0432	0.0501	0.0272	0.0267	0.0285	0.0320	0.0401	0.0528	0.0216	0.0189	0.0192	0.0206	0.0240	0.0357	0.0532
1942	0.0439	0.0453	0.0426	0.0416	0.0386	0.0426	0.0431	0.0435	0.0461	0.0329	0.0345	0.0359	0.0374	0.0435	0.0502	0.0276	0.0265	0.0283	0.0320	0.0405	0.0529	0.0215	0.0192	0.0191	0.0209	0.0238	0.0355	0.0529
1943	0.0437	0.0453	0.0425	0.0417	0.0383	0.0428	0.0433	0.0437	0.0458	0.0332	0.0346	0.0360	0.0378	0.0436	0.0505	0.0274	0.0264	0.0284	0.0316	0.0408	0.0529	0.0215	0.0195	0.0191	0.0213	0.0243	0.0356	0.0530
1944	0.0436	0.0453	0.0424	0.0417	0.0381	0.0430	0.0434	0.0440	0.0456	0.0336	0.0348	0.0362	0.0381	0.0438	0.0508	0.0271	0.0263	0.0284	0.0313	0.0412	0.0530	0.0215	0.0198	0.0191	0.0217	0.0247	0.0357	0.0530
1945	0.0440	0.0450	0.0424	0.0418	0.0382	0.0435	0.0433	0.0443	0.0456	0.0341	0.0350	0.0361	0.0383	0.0444	0.0508	0.0271	0.0260	0.0284	0.0311	0.0415	0.0533	0.0219	0.0198	0.0190	0.0219	0.0247	0.0360	0.0530
1946	0.0445	0.0447	0.0424	0.0419	0.0384	0.0440	0.0431	0.0446	0.0457	0.0347	0.0353	0.0359	0.0384	0.0450	0.0508	0.0271	0.0258	0.0285	0.0310	0.0419	0.0537	0.0222	0.0198	0.0189	0.0222	0.0247	0.0363	0.0531
1947	0.0449	0.0448	0.0424	0.0422	0.0385	0.0442	0.0432	0.0451	0.0458	0.0347	0.0355	0.0358	0.0385	0.0450	0.0508	0.0274	0.0257	0.0289	0.0314	0.0419	0.0543	0.0226	0.0199	0.0189	0.0222	0.0248	0.0365	0.0536
1948	0.0453	0.0450	0.0425	0.0425	0.0385	0.0444	0.0434	0.0455	0.0460	0.0347	0.0358	0.0356	0.0386	0.0450	0.0508	0.0277	0.0257	0.0294	0.0321	0.0419	0.0549	0.0229	0.0199	0.0189	0.0222	0.0248	0.0368	0.0541
1949	0.0457	0.0452	0.0426	0.0425	0.0390	0.0445	0.0434	0.0458	0.0464	0.0345	0.0360	0.0353	0.0387	0.0449	0.0508	0.0278	0.0261	0.0295	0.0327	0.0420	0.0552	0.0231	0.0200	0.0193	0.0220	0.0248	0.0367	0.0544
1950	0.0460	0.0455	0.0428	0.0424	0.0397	0.0445	0.0432	0.0460	0.0468	0.0341	0.0361	0.0348	0.0390	0.0447	0.0509	0.0275	0.0268	0.0294	0.0333	0.0420	0.0550	0.0231	0.0203	0.0200	0.0217	0.0249	0.0363	0.0544
1951	0.0462	0.0459	0.0432	0.0424	0.0400	0.0445	0.0430	0.0461	0.0472	0.0339	0.0362	0.0348	0.0394	0.0447	0.0512	0.0274	0.0272	0.0293	0.0337	0.0419	0.0548	0.0231	0.0205	0.0206	0.0214	0.0250	0.0361	0.0543
1952	0.0461	0.0463	0.0438	0.0425	0.0396	0.0442	0.0430	0.0462	0.0474	0.0342	0.0362	0.0355	0.0399	0.0448	0.0519	0.0277	0.0271	0.0293	0.0338	0.0418	0.0549	0.0229	0.0204	0.0209	0.0209	0.0253	0.0361	0.0542
1953	0.0460	0.0466	0.0442	0.0427	0.0393	0.0440	0.0431	0.0462	0.0474	0.0346	0.0362	0.0362	0.0404	0.0448	0.0525	0.0278	0.0272	0.0296	0.0341	0.0418	0.0550	0.0226	0.0203	0.0212	0.0207	0.0257	0.0361	0.0541
1954	0.0458	0.0466	0.0440	0.0434	0.0396	0.0442	0.0434	0.0463	0.0471	0.0352	0.0366	0.0365	0.0410	0.0448	0.0525	0.0277	0.0275	0.0301	0.0345	0.0420	0.0550	0.0225	0.0200	0.0212	0.0212	0.0257	0.0362	0.0543
1955	0.0457	0.0466	0.0439	0.0441	0.0399	0.0445	0.0438	0.0464	0.0469	0.0356	0.0369	0.0367	0.0415	0.0447	0.0526	0.0276	0.0278	0.0305	0.0350	0.0421	0.0550	0.0225	0.0197	0.0212	0.0216	0.0257	0.0363	0.0545
1956	0.0456	0.0465	0.0437	0.0446	0.0404	0.0448	0.0440	0.0464	0.0468	0.0356	0.0364	0.0365	0.0410	0.0448	0.0526	0.0279	0.0282	0.0305	0.0346	0.0420	0.0550	0.0223	0.0196	0.0208	0.0215	0.0261	0.0362	0.0542
1957	0.0456	0.0465	0.0436	0.0450	0.0408	0.0450	0.0441	0.0464	0.0467	0.0355	0.0360	0.0363	0.0405	0.0449	0.0526	0.0282	0.0287	0.0306	0.0342	0.0420	0.0550	0.0221	0.0195	0.0204	0.0214	0.0266	0.0361	0.0540
1958	0.0450	0.0467	0.0439	0.0455	0.0410	0.0452	0.0449	0.0463	0.0471	0.0357	0.0363	0.0367	0.0405	0.0449	0.0523	0.0285	0.0289	0.0305	0.0339	0.0422	0.0551	0.0225	0.0195	0.0203	0.0213	0.0265	0.0363	0.0543
1959	0.0445	0.0468	0.0442	0.0461	0.0411	0.0455	0.0458	0.0462	0.0476	0.0361	0.0366	0.0372	0.0406	0.0448	0.0522	0.0286	0.0290	0.0304	0.0335	0.0424	0.0552	0.0230	0.0195	0.0201	0.0211	0.0263	0.0364	0.0548
1960	0.0447	0.0470	0.0445	0.0465	0.0413	0.0456	0.0461	0.0462	0.0483	0.0362	0.0368	0.0377	0.0408	0.0450	0.0523	0.0286	0.0292	0.0305	0.0335	0.0424	0.0552	0.0232	0.0197	0.0203	0.0213	0.0265	0.0369	0.0548
1961	0.0453	0.0473	0.0448	0.0468	0.0415	0.0457	0.0462	0.0462	0.0492	0.0362	0.0369	0.0381	0.0409	0.0453	0.0527	0.0287	0.0293	0.0307	0.0338	0.0424	0.0550	0.0232	0.0199	0.0207	0.0214	0.0267	0.0377	0.0547
1962	0.0457	0.0477	0.0451	0.0469	0.0417	0.0459	0.0463	0.0464	0.0496	0.0364	0.0373	0.0384	0.0411	0.0455	0.0531	0.0288	0.0292	0.0309	0.0339	0.0425	0.0551	0.0234	0.0201	0.0211	0.0220	0.0270	0.0381	0.0548
1963	0.0461	0.0481	0.0454	0.0468	0.0421	0.0462	0.0465	0.0469	0.0495	0.0368	0.0379	0.0385	0.0414	0.0457	0.0534	0.0290	0.0289	0.0314	0.0340	0.0426	0.0551	0.0237	0.0201	0.0215	0.0231	0.0274	0.0382	0.0552
1964	0.0466	0.0485	0.0457	0.0465	0.0422	0.0464	0.0468	0.0473	0.0495	0.0371	0.0384	0.0386	0.0418	0.0459	0.0538	0.0293	0.0288	0.0318	0.0342	0.0429	0.0553	0.0240	0.0201	0.0217	0.0237	0.0276	0.0381	0.0556
1965	0.0475	0.0487	0.0455	0.0459	0.0421	0.0466	0.0471	0.0476	0.0493	0.0372	0.0388	0.0387	0.0422	0.0462	0.0540	0.0297	0.0290	0.0321	0.0346	0.0434	0.0556	0.0243	0.0201	0.0214	0.0234	0.0272	0.0374	0.0556
1966	0.0483	0.0489	0.0454	0.0453	0.0421	0.0468	0.0474	0.0480	0.0491	0.0374	0.0391	0.0387	0.0426	0.0465	0.0542	0.0301	0.0292	0.0323	0.0351	0.0438	0.0560	0.0245	0.0201	0.0211	0.0232	0.0268	0.0368	0.0557
1967	0.0485	0.0488	0.0458	0.0451	0.0423	0.0473	0.0477	0.0478	0.0496	0.0377	0.0391	0.0385	0.0427	0.0467	0.0543	0.0305	0.0293	0.0318	0.0354	0.0435	0.0559	0.0245	0.0204	0.0211	0.0230	0.0266	0.0375	0.0558
1968	0.0488	0.0487	0.0462	0.0450	0.0425	0.0478	0.0480	0.0475	0.0500	0.0381	0.0392	0.0384	0.0429	0.0468	0.0544	0.0309	0.0294	0.0313	0.0357	0.0433	0.0557	0.0244	0.0206	0.0212	0.0229	0.0264	0.0381	0.0558
1969	0.0489	0.0487	0.0469	0.0453	0.0429	0.0481	0.0477	0.0476	0.0502	0.0379	0.0395	0.0387	0.0436	0.0471	0.0545	0.0311	0.0296	0.0312	0.0358	0.0434	0.0550	0.0246	0.0208	0.0210	0.0231	0.0266	0.0381	0.0558
1970	0.0490	0.0487	0.0476	0.0457	0.0433	0.0484	0.0474	0.0476	0.0504	0.0376	0.0398	0.0390	0.0443	0.0474	0.0545	0.0313	0.0299	0.0311	0.0360	0.0436	0.0542	0.0248	0.0209	0.0209	0.0234	0.0269	0.0380	0.0558
1971	0.0487	0.0489	0.0478	0.0460	0.0433	0.0482	0.0477	0.0479	0.0505	0.0378	0.0399	0.0390	0.0445	0.0477	0.0547	0.0317	0.0302	0.0315	0.0360	0.0437	0.0546	0.0249	0.0210	0.0210	0.0231	0.0277	0.0381	0.0557
1972	0.0484	0.0492	0.0478	0.0463	0.0432	0.0478	0.0482	0.0484	0.0506	0.0381	0.0400	0.0391	0.0444	0.0480	0.0548	0.0321	0.0306	0.0320	0.0359	0.0439	0.0551	0.0250	0.0210	0.0210	0.0227	0.0285	0.0383	0.0557
1973	0.0486	0.0496	0.0480	0.0467	0.0433	0.0475	0.0486	0.0489	0.0506	0.0385	0.0401	0.0392	0.0442	0.0482	0.0548	0.0324	0.0307	0.0324	0.0359	0.0444	0.0558	0.0250	0.0213	0.0211	0.0225	0.0289	0.0386	0.0561
1974	0.0492	0.0502	0.0483	0.0472	0.0436	0.0473	0.0489	0.0493	0.0506	0.0390	0.0404	0.0394	0.0438	0.0483	0.0549	0.0326	0.0308	0.0328	0.0360	0.0450	0.0565	0.0250	0.0219	0.0211	0.0224	0.0288	0.0390	0.0567
1975	0.0495	0.0507	0.0485	0.0476	0.0439	0.0475	0.0491	0.0497	0.0507	0.0395	0.0406	0.0396	0.0435	0.0486	0.0550	0.0326	0.0308	0.0330	0.0362	0.0454	0.0571	0.0252	0.0224	0.0212	0.0226	0.0288	0.0394	0.0572
1976	0.0497	0.0510	0.0488	0.0478	0.0441	0.0481	0.0490	0.0500	0.0509	0.0397	0.0408	0.0398	0.0434	0.0490	0.0552	0.0324	0.0308	0.0329	0.0365	0.0456	0.0573	0.0255	0.0226	0.0215	0.0231	0.0288	0.0400	0.0574
1977	0.0500	0.0511	0.0489	0.0480	0.0445	0.0484	0.0489	0.0502	0.0511	0.0399	0.0410	0.0400	0.0433	0.0493	0.0555	0.0322	0.0308	0.0330	0.0368	0.0457	0.0577	0.0257	0.0227	0.0218	0.0234	0.0288	0.0404	0.0576
1978	0.0504	0.0510	0.0489	0.0481	0.0449	0.0482	0.0490	0.0499	0.0516	0.0399	0.0411	0.0403	0.0433	0.0495	0.0557	0.0323	0.0309	0.0333	0.0369	0.0453	0.0583	0.0260	0.0227	0.0221	0.0232	0.0284	0.0404	0.0574
1979	0.0507	0.0510	0.0489	0.0483	0.0452	0.0479	0.0492	0.0497	0.0520	0.0400	0.0412	0.0406	0.0434	0.0497	0.0559	0.0324	0.0311	0.0335	0.0370	0.0451	0.0589	0.0262	0.0227	0.0225	0.0230	0.0280	0.0403	0.0573
1980	0.0509	0.0516	0.0487	0.0484	0.0457	0.0477	0.0495	0.0494	0.0522	0.0402	0.0417	0.0406	0.0436	0.0496	0.0558	0.0331	0.0316	0.0332	0.0373	0.0455	0.0594	0.0264	0.0230	0.0231	0.0234	0.0283	0.0402	0.0574
1981	0.0510	0.0521	0.0485	0.0486	0.0461	0.0475	0.0499	0.0490	0.0524	0.0404	0.0422	0.0407	0.0438	0.0495	0.0557	0.0338	0.0321	0.0329	0.0375	0.0460	0.0598	0.0266	0.0233	0.0237	0.0237	0.0286	0.0401	0.0575
1982	0.0515	0.0530	0.0483	0.0487	0.0465	0.0479	0.0504	0.0493	0.0527	0.0408	0.0424	0.0410	0.0439	0.0496	0.0559	0.0339	0.0324	0.0329	0.0376	0.0463	0.0598	0.0268	0.0234	0.0238	0.0239	0.0292	0.0404	0.0577
1983	0.0521	0.0539	0.0482	0.0489	0.0469	0.0485	0.0508	0.0496	0.0530	0.0411	0.0425	0.0413	0.0441	0.0497	0.0560	0.0340	0.0327	0.0330	0.0377	0.0466	0.0597	0.0269	0.0236	0.0237	0.0241	0.0297	0.0407	0.0579
1984	0.0526	0.0541	0.0485	0.0490	0.0471	0.0490	0.0512	0.0501	0.0532	0.0413	0.0428	0.0417	0.0443	0.0498	0.0566	0.0340	0.0326	0.0334	0.0377	0.0467	0.0599	0.0272	0.0237	0.0236	0.0243	0.0295	0.0405	0.0580
1985	0.0530	0.0541	0.0490	0.0492	0.0473	0.0495	0.0515	0.0505	0.0535	0.0414	0.0429	0.0420	0.0446	0.0500	0.0574	0.0340	0.0323	0.0339	0.0378	0.0467	0.0602	0.0276	0.0238	0.0235	0.0244	0.0292	0.0403	0.0581
1986	0.0531	0.0538	0.0498	0.0497	0.0474	0.0503	0.0517	0.0509	0.0535	0.0415	0.0431	0.0425	0.0449	0.0499	0.0577	0.0340	0.0324	0.0344	0.0379	0.0467	0.0605	0.0278	0.0240	0.0233	0.0245	0.0290	0.0402	0.0583
1987	0.0529	0.0535	0.0506	0.0503	0.0477	0.0511	0.0518	0.0513	0.0534	0.0417	0.0433	0.0432	0.0451	0.0498	0.0575	0.0341	0.0328	0.0349	0.0381	0.0468	0.0608	0.0279	0.0244	0.0230	0.0245	0.0291	0.0403	0.0585
1988	0.0529	0.0533	0.0513	0.0507	0.0479	0.0518	0.0518	0.0518	0.0534	0.0419	0.0434	0.0435	0.0455	0.0498	0.0575	0.0341	0.0331	0.0353	0.0384	0.0470	0.0611	0.0278	0.0249	0.0229	0.0247	0.0290	0.0406	0.0586
1989	0.0530	0.0534	0.0518	0.0508	0.0483	0.0523	0.0517	0.0523	0.0536	0.0421	0.0433	0.0436	0.0462	0.0500	0.0577	0.0341	0.0332	0.0357	0.0391	0.0471	0.0612	0.0273	0.0257	0.0229	0.0253	0.0290	0.0412	0.0587
1990	0.0532	0.0536	0.0522	0.0509	0.0485	0.0527	0.0516	0.0528	0.0538	0.0424	0.0432	0.0437	0.0467	0.0503	0.0580	0.0342	0.0333	0.0360	0.0395	0.0474	0.0614	0.0269	0.0261	0.0231	0.0257	0.0291	0.0417	0.0588
1991	0.0536	0.0540	0.0524	0.0512	0.0483	0.0528	0.0517	0.0527	0.0538	0.0428	0.0433	0.0438	0.0472	0.0504	0.0582	0.0343	0.0333	0.0359	0.0393	0.0479	0.0615	0.0268	0.0253	0.0234	0.0255	0.0299	0.0417	0.0594
1992	0.0539	0.0544	0.0525	0.0514	0.0481	0.0530	0.0518	0.0527	0.0539	0.0432	0.0435	0.0439	0.0476	0.0506	0.0585	0.0343	0.0332	0.0358	0.0391	0.0484	0.0617	0.0267	0.0247	0.0237	0.0254	0.0307	0.0418	0.0599
1993	0.0538	0.0547	0.0527	0.0519	0.0485	0.0532	0.0524	0.0527	0.0539	0.0431	0.0436	0.0443	0.0473	0.0514	0.0583	0.0343	0.0334	0.0358	0.0391	0.0487	0.0618	0.0269	0.0248	0.0238	0.0253	0.0311	0.0413	0.0601
1994	0.0537	0.0550	0.0528	0.0524	0.0489	0.0534	0.0531	0.0527	0.0539	0.0430	0.0438	0.0447	0.0469	0.0522	0.0582	0.0342	0.0335	0.0359	0.0391	0.0489	0.0618	0.0272	0.0249	0.0240	0.0252	0.0316	0.0408	0.0602
1995	0.0540	0.0554	0.0529	0.0526	0.0494	0.0536	0.0530	0.0528	0.0541	0.0435	0.0445	0.0450	0.0467	0.0526	0.0584	0.0345	0.0336	0.0356	0.0394	0.0485	0.0621	0.0278	0.0249	0.0241	0.0253	0.0317	0.0410	0.0607
1996	0.0544	0.0559	0.0531	0.0528	0.0500	0.0538	0.0528	0.0529	0.0543	0.0440	0.0452	0.0452	0.0465	0.0531	0.0585	0.0348	0.0337	0.0352	0.0397	0.0480	0.0625	0.0285	0.0249	0.0243	0.0254	0.0318	0.0412	0.0611
1997	0.0548	0.0566	0.0534	0.0529	0.0503	0.0541	0.0523	0.0535	0.0549	0.0444	0.0453	0.0453	0.0467	0.0534	0.0590	0.0353	0.0342	0.0350	0.0400	0.0480	0.0625	0.0291	0.0250	0.0245	0.0256	0.0315	0.0415	0.0610
1998	0.0551	0.0575	0.0538	0.0531	0.0504	0.0543	0.0518	0.0544	0.0557	0.0448	0.0452	0.0452	0.0470	0.0537	0.0597	0.0359	0.0350	0.0348	0.0403	0.0481	0.0624	0.0296	0.0252	0.0249	0.0259	0.0311	0.0418	0.0605
1999	0.0554	0.0580	0.0539	0.0533	0.0507	0.0544	0.0518	0.0550	0.0564	0.0450	0.0453	0.0451	0.0473	0.0537	0.0602	0.0365	0.0355	0.0349	0.0407	0.0483	0.0625	0.0300	0.0254	0.0252	0.0260	0.0313	0.0419	0.0605
2000	0.0556	0.0582	0.0537	0.0536	0.0510	0.0543	0.0523	0.0555	0.0571	0.0451	0.0454	0.0449	0.0476	0.0535	0.0608	0.0370	0.0358	0.0354	0.0412	0.0487	0.0629	0.0302	0.0257	0.0254	0.0260	0.0318	0.0418	0.0608
2001	0.0556	0.0584	0.0539	0.0538	0.0511	0.0543	0.0528	0.0560	0.0575	0.0453	0.0454	0.0451	0.0478	0.0534	0.0612	0.0373	0.0359	0.0358	0.0415	0.0491	0.0631	0.0303	0.0258	0.0255	0.0261	0.0324	0.0419	0.0610
2002	0.0555	0.0586	0.0544	0.0537	0.0508	0.0542	0.0533	0.0565	0.0575	0.0456	0.0453	0.0457	0.0480	0.0533	0.0614	0.0373	0.0357	0.0364	0.0416	0.0496	0.0631	0.0303	0.0256	0.0255	0.0262	0.0332	0.0419	0.0611
2003	0.0555	0.0586	0.0548	0.0537	0.0507	0.0543	0.0537	0.0569	0.0576	0.0460	0.0454	0.0462	0.0480	0.0532	0.0615	0.0372	0.0355	0.0369	0.0415	0.0500	0.0631	0.0304	0.0255	0.0255	0.0264	0.0338	0.0421	0.0612
2004	0.0557	0.0585	0.0548	0.0539	0.0510	0.0550	0.0540	0.0570	0.0583	0.0464	0.0462	0.0463	0.0480	0.0532	0.0614	0.0369	0.0354	0.0372	0.0414	0.0503	0.0631	0.0306	0.0253	0.0259	0.0270	0.0337	0.0428	0.0610
2005	0.0559	0.0584	0.0548	0.0540	0.0514	0.0556	0.0542	0.0571	0.0590	0.0469	0.0470	0.0464	0.0481	0.0532	0.0615	0.0367	0.0353	0.0376	0.0413	0.0505	0.0630	0.0309	0.0252	0.0262	0.0276	0.0336	0.0434	0.0609
2006	0.0564	0.0581	0.0553	0.0543	0.0519	0.0561	0.0544	0.0576	0.0589	0.0476	0.0469	0.0467	0.0486	0.0538	0.0623	0.0374	0.0357	0.0378	0.0415	0.0504	0.0630	0.0310	0.0252	0.0259	0.0279	0.0331	0.0435	0.0612
2007	0.0569	0.0578	0.0557	0.0545	0.0524	0.0565	0.0546	0.0580	0.0589	0.0482	0.0468	0.0470	0.0492	0.0543	0.0630	0.0380	0.0361	0.0381	0.0417	0.0504	0.0630	0.0311	0.0252	0.0257	0.0281	0.0325	0.0435	0.0614
2008	0.0570	0.0581	0.0560	0.0547	0.0527	0.0567	0.0547	0.0577	0.0588	0.0480	0.0468	0.0474	0.0497	0.0552	0.0631	0.0387	0.0359	0.0383	0.0415	0.0504	0.0632	0.0308	0.0252	0.0258	0.0278	0.0324	0.0438	0.0618
2009	0.0570	0.0584	0.0563	0.0549	0.0530	0.0569	0.0548	0.0572	0.0587	0.0478	0.0468	0.0477	0.0503	0.0561	0.0631	0.0394	0.0358	0.0386	0.0412	0.0505	0.0635	0.0305	0.0253	0.0258	0.0275	0.0323	0.0441	0.0623
2010	0.0574	0.0585	0.0565	0.0551	0.0531	0.0572	0.0552	0.0571	0.0588	0.0478	0.0472	0.0481	0.0504	0.0564	0.0636	0.0398	0.0358	0.0384	0.0413	0.0506	0.0637	0.0306	0.0254	0.0258	0.0274	0.0324	0.0442	0.0623
2011	0.0579	0.0586	0.0567	0.0554	0.0532	0.0574	0.0558	0.0570	0.0591	0.0480	0.0477	0.0485	0.0504	0.0566	0.0641	0.0400	0.0358	0.0382	0.0416	0.0507	0.0639	0.0308	0.0254	0.0257	0.0274	0.0326	0.0441	0.0623
2012	0.0583	0.0589	0.0568	0.0556	0.0535	0.0573	0.0564	0.0570	0.0594	0.0481	0.0481	0.0487	0.0504	0.0567	0.0641	0.0401	0.0362	0.0380	0.0421	0.0507	0.0642	0.0311	0.0259	0.0257	0.0275	0.0326	0.0440	0.0622
2013	0.0587	0.0595	0.0567	0.0557	0.0540	0.0569	0.0571	0.0569	0.0597	0.0483	0.0483	0.0489	0.0503	0.0569	0.0638	0.0402	0.0368	0.0379	0.0426	0.0507	0.0644	0.0314	0.0266	0.0259	0.0276	0.0325	0.0439	0.0621
2014	0.0590	0.0601	0.0568	0.0558	0.0544	0.0568	0.0576	0.0570	0.0602	0.0487	0.0485	0.0493	0.0504	0.0571	0.0636	0.0403	0.0374	0.0381	0.0431	0.0509	0.0647	0.0316	0.0271	0.0262	0.0277	0.0326	0.0438	0.0621
2015	0.0593	0.0609	0.0571	0.0561	0.0547	0.0569	0.0576	0.0574	0.0608	0.0492	0.0485	0.0498	0.0507	0.0573	0.0638	0.0405	0.0379	0.0387	0.0436	0.0514	0.0650	0.0315	0.0274	0.0267	0.0279	0.0329	0.0437	0.0624
2016	0.0596	0.0616	0.0574	0.0565	0.0549	0.0569	0.0578	0.0578	0.0613	0.0497	0.0486	0.0501	0.0510	0.0573	0.0640	0.0408	0.0384	0.0392	0.0439	0.0519	0.0652	0.0315	0.0277	0.0271	0.0280	0.0334	0.0438	0.0626
2017	0.0600	0.0620	0.0576	0.0573	0.0549	0.0569	0.0583	0.0582	0.0615	0.0500	0.0492	0.0497	0.0513	0.0569	0.0641	0.0411	0.0384	0.0395	0.0438	0.0524	0.0651	0.0319	0.0279	0.0273	0.0280	0.0341	0.0443	0.0626
2018	0.0604	0.0624	0.0578	0.0582	0.0550	0.0570	0.0588	0.0586	0.0617	0.0502	0.0498	0.0493	0.0517	0.0566	0.0642	0.0415	0.0384	0.0397	0.0437	0.0529	0.0651	0.0322	0.0280	0.0275	0.0280	0.0348	0.0447	0.0625
2019	0.0604	0.0623	0.0580	0.0585	0.0551	0.0578	0.0593	0.0588	0.0617	0.0505	0.0502	0.0498	0.0516	0.0565	0.0644	0.0412	0.0386	0.0397	0.0440	0.0528	0.0655	0.0323	0.0280	0.0276	0.0283	0.0348	0.0452	0.0627
2020	0.0603	0.0622	0.0582	0.0588	0.0552	0.0586	0.0597	0.0590	0.0617	0.0508	0.0505	0.0502	0.0516	0.0564	0.0646	0.0410	0.0389	0.0397	0.0442	0.0527	0.0659	0.0324	0.0279	0.0277	0.0286	0.0348	0.0457	0.0628
2021	0.0603	0.0621	0.0593	0.0588	0.0552	0.0591	0.0598	0.0590	0.0615	0.0507	0.0510	0.0506	0.0520	0.0567	0.0655	0.0411	0.0385	0.0396	0.0442	0.0524	0.0663	0.0326	0.0281	0.0276	0.0289	0.0351	0.0454	0.0629
2022	0.0602	0.0619	0.0603	0.0588	0.0552	0.0595	0.0598	0.0590	0.0613	0.0506	0.0515	0.0510	0.0525	0.0569	0.0663	0.0412	0.0382	0.0394	0.0441	0.0520	0.0668	0.0328	0.0282	0.0276	0.0292	0.0354	0.0450	0.0630
2023	0.0606	0.0621	0.0606	0.0589	0.0558	0.0596	0.0596	0.0593	0.0617	0.0514	0.0512	0.0511	0.0529	0.0575	0.0663	0.0415	0.0383	0.0398	0.0443	0.0522	0.0672	0.0332	0.0285	0.0277	0.0292	0.0357	0.0450	0.0632
2024	0.0611	0.0623	0.0607	0.0590	0.0566	0.0597	0.0594	0.0598	0.0623	0.0525	0.0508	0.0512	0.0533	0.0583	0.0662	0.0419	0.0385	0.0404	0.0446	0.0525	0.0676	0.0336	0.0288	0.0279	0.0291	0.0360	0.0450	0.0635
2025	0.0615	0.0628	0.0608	0.0592	0.0568	0.0598	0.0595	0.0604	0.0626	0.0530	0.0507	0.0515	0.0539	0.0586	0.0661	0.0421	0.0387	0.0410	0.0446	0.0529	0.0674	0.0337	0.0292	0.0278	0.0292	0.0360	0.0454	0.0638
2026	0.0620	0.0635	0.0610	0.0595	0.0567	0.0598	0.0596	0.0610	0.0628	0.0532	0.0508	0.0518	0.0546	0.0586	0.0662	0.0422	0.0389	0.0418	0.0445	0.0532	0.0670	0.0337	0.0297	0.0276	0.0293	0.0361	0.0460	0.0641
2027	0.0624	0.0640	0.0613	0.0599	0.0567	0.0602	0.0599	0.0615	0.0630	0.0533	0.0508	0.0521	0.0551	0.0588	0.0663	0.0422	0.0393	0.0423	0.0448	0.0534	0.0668	0.0341	0.0300	0.0276	0.0295	0.0360	0.0463	0.0647
2028	0.0626	0.0645	0.0618	0.0603	0.0569	0.0608	0.0602	0.0618	0.0633	0.0532	0.0509	0.0522	0.0554	0.0593	0.0662	0.0422	0.0400	0.0424	0.0453	0.0537	0.0670	0.0349	0.0299	0.0277	0.0298	0.0357	0.0464	0.0654
2029	0.0627	0.0649	0.0622	0.0608	0.0572	0.0613	0.0604	0.0624	0.0637	0.0531	0.0511	0.0523	0.0558	0.0595	0.0664	0.0424	0.0405	0.0425	0.0458	0.0539	0.0673	0.0354	0.0298	0.0278	0.0300	0.0356	0.0466	0.0658
2030	0.0621	0.0649	0.0625	0.0617	0.0576	0.0616	0.0606	0.0634	0.0644	0.0531	0.0514	0.0524	0.0562	0.0593	0.0673	0.0432	0.0407	0.0426	0.0462	0.0542	0.0681	0.0352	0.0296	0.0277	0.0298	0.0358	0.0467	0.0660
2031	0.0618	0.0649	0.0626	0.0623	0.0581	0.0619	0.0607	0.0640	0.0650	0.0532	0.0517	0.0525	0.0564	0.0593	0.0678	0.0437	0.0409	0.0426	0.0466	0.0544	0.0688	0.0350	0.0295	0.0278	0.0297	0.0360	0.0468	0.0661
2032	0.0624	0.0651	0.0625	0.0625	0.0583	0.0618	0.0608	0.0636	0.0648	0.0534	0.0522	0.0526	0.0563	0.0601	0.0673	0.0433	0.0409	0.0424	0.0463	0.0545	0.0690	0.0352	0.0295	0.0282	0.0300	0.0364	0.0466	0.0663
2033	0.0630	0.0653	0.0623	0.0625	0.0585	0.0619	0.0609	0.0632	0.0647	0.0535	0.0527	0.0527	0.0561	0.0608	0.0669	0.0430	0.0410	0.0421	0.0460	0.0547	0.0693	0.0353	0.0296	0.0287	0.0302	0.0367	0.0464	0.0664
2034	0.0630	0.0657	0.0626	0.0624	0.0588	0.0624	0.0610	0.0632	0.0651	0.0537	0.0533	0.0533	0.0564	0.0608	0.0675	0.0428	0.0414	0.0419	0.0461	0.0556	0.0694	0.0354	0.0301	0.0288	0.0301	0.0365	0.0468	0.0666
2035	0.0630	0.0661	0.0630	0.0622	0.0591	0.0629	0.0611	0.0631	0.0655	0.0538	0.0539	0.0539	0.0567	0.0609	0.0681	0.0427	0.0417	0.0417	0.0461	0.0565	0.0696	0.0356	0.0307	0.0290	0.0299	0.0362	0.0472	0.0667
2036	0.0635	0.0663	0.0631	0.0621	0.0589	0.0630	0.0615	0.0636	0.0655	0.0538	0.0536	0.0540	0.0567	0.0614	0.0687	0.0430	0.0415	0.0419	0.0464	0.0568	0.0699	0.0359	0.0311	0.0296	0.0300	0.0363	0.0478	0.0665
2037	0.0640	0.0665	0.0631	0.0620	0.0585	0.0631	0.0620	0.0642	0.0653	0.0539	0.0533	0.0542	0.0565	0.0618	0.0691	0.0434	0.0412	0.0423	0.0467	0.0571	0.0703	0.0361	0.0316	0.0303	0.0301	0.0365	0.0484	0.0663
2038	0.0646	0.0669	0.0630	0.0622	0.0587	0.0632	0.0627	0.0644	0.0654	0.0542	0.0531	0.0544	0.0564	0.0623	0.0697	0.0439	0.0414	0.0425	0.0474	0.0567	0.0703	0.0362	0.0315	0.0302	0.0305	0.0362	0.0485	0.0668
2039	0.0653	0.0671	0.0627	0.0624	0.0592	0.0634	0.0635	0.0645	0.0657	0.0545	0.0529	0.0545	0.0563	0.0627	0.0704	0.0444	0.0417	0.0429	0.0481	0.0561	0.0703	0.0362	0.0313	0.0299	0.0311	0.0359	0.0483	0.0676
2040	0.0659	0.0673	0.0625	0.0627	0.0596	0.0638	0.0635	0.0645	0.0663	0.0548	0.0531	0.0545	0.0563	0.0629	0.0707	0.0444	0.0419	0.0430	0.0487	0.0560	0.0705	0.0360	0.0311	0.0295	0.0315	0.0358	0.0483	0.0683
2041	0.0663	0.0676	0.0624	0.0632	0.0601	0.0642	0.0630	0.0645	0.0670	0.0550	0.0537	0.0544	0.0564	0.0630	0.0708	0.0440	0.0420	0.0430	0.0494	0.0561	0.0709	0.0358	0.0309	0.0292	0.0317	0.0360	0.0485	0.0687
2042	0.0664	0.0679	0.0624	0.0637	0.0605	0.0646	0.0628	0.0647	0.0676	0.0552	0.0541	0.0546	0.0565	0.0628	0.0709	0.0440	0.0418	0.0434	0.0496	0.0565	0.0709	0.0359	0.0308	0.0291	0.0315	0.0364	0.0486	0.0691
2043	0.0663	0.0681	0.0628	0.0643	0.0606	0.0649	0.0629	0.0649	0.0680	0.0553	0.0541	0.0551	0.0566	0.0622	0.0709	0.0446	0.0415	0.0443	0.0493	0.0572	0.0705	0.0365	0.0307	0.0292	0.0310	0.0369	0.0486	0.0694
2044	0.0661	0.0683	0.0634	0.0648	0.0607	0.0651	0.0632	0.0653	0.0684	0.0555	0.0543	0.0554	0.0568	0.0619	0.0710	0.0451	0.0413	0.0448	0.0491	0.0576	0.0704	0.0370	0.0308	0.0296	0.0309	0.0373	0.0487	0.0697
2045	0.0664	0.0684	0.0643	0.0652	0.0610	0.0650	0.0639	0.0656	0.0688	0.0558	0.0551	0.0552	0.0574	0.0622	0.0711	0.0455	0.0415	0.0445	0.0490	0.0576	0.0711	0.0375	0.0312	0.0306	0.0315	0.0370	0.0490	0.0698
2046	0.0667	0.0686	0.0651	0.0654	0.0612	0.0649	0.0645	0.0660	0.0691	0.0562	0.0557	0.0551	0.0579	0.0625	0.0712	0.0458	0.0418	0.0443	0.0489	0.0576	0.0719	0.0379	0.0315	0.0315	0.0321	0.0369	0.0493	0.0699
2047	0.0669	0.0689	0.0653	0.0652	0.0612	0.0650	0.0645	0.0662	0.0689	0.0565	0.0557	0.0550	0.0583	0.0631	0.0709	0.0463	0.0428	0.0445	0.0492	0.0574	0.0723	0.0380	0.0320	0.0319	0.0327	0.0373	0.0493	0.0697
2048	0.0672	0.0693	0.0655	0.0650	0.0612	0.0650	0.0644	0.0665	0.0687	0.0568	0.0556	0.0550	0.0587	0.0636	0.0706	0.0468	0.0437	0.0447	0.0494	0.0573	0.0727	0.0381	0.0325	0.0324	0.0332	0.0378	0.0494	0.0695
2049	0.0674	0.0696	0.0663	0.0653	0.0616	0.0653	0.0644	0.0663	0.0686	0.0577	0.0561	0.0551	0.0587	0.0645	0.0707	0.0469	0.0442	0.0453	0.0496	0.0575	0.0723	0.0381	0.0327	0.0320	0.0333	0.0381	0.0496	0.0694
2050	0.0675	0.0700	0.0670	0.0656	0.0621	0.0655	0.0644	0.0661	0.0685	0.0586	0.0566	0.0552	0.0587	0.0653	0.0708	0.0469	0.0446	0.0459	0.0498	0.0576	0.0718	0.0382	0.0329	0.0316	0.0333	0.0383	0.0497	0.0693
2051	0.0682	0.0703	0.0672	0.0661	0.0629	0.0659	0.0646	0.0665	0.0687	0.0587	0.0569	0.0549	0.0591	0.0659	0.0717	0.0468	0.0447	0.0460	0.0499	0.0578	0.0723	0.0385	0.0333	0.0317	0.0331	0.0385	0.0502	0.0690
2052	0.0690	0.0706	0.0674	0.0668	0.0638	0.0663	0.0648	0.0670	0.0689	0.0586	0.0571	0.0548	0.0595	0.0664	0.0727	0.0468	0.0446	0.0459	0.0500	0.0579	0.0730	0.0388	0.0336	0.0318	0.0330	0.0386	0.0506	0.0688
2053	0.0693	0.0707	0.0674	0.0670	0.0644	0.0662	0.0653	0.0668	0.0694	0.0590	0.0573	0.0554	0.0596	0.0663	0.0732	0.0465	0.0446	0.0457	0.0498	0.0583	0.0729	0.0393	0.0337	0.0317	0.0330	0.0388	0.0504	0.0687
2054	0.0693	0.0708	0.0672	0.0671	0.0649	0.0661	0.0659	0.0664	0.0700	0.0597	0.0574	0.0564	0.0596	0.0660	0.0736	0.0461	0.0445	0.0454	0.0495	0.0588	0.0725	0.0398	0.0337	0.0315	0.0330	0.0391	0.0501	0.0687
2055	0.0694	0.0709	0.0672	0.0670	0.0653	0.0665	0.0665	0.0666	0.0704	0.0600	0.0573	0.0568	0.0596	0.0661	0.0739	0.0460	0.0447	0.0454	0.0497	0.0592	0.0727	0.0399	0.0336	0.0318	0.0331	0.0393	0.0499	0.0687
2056	0.0694	0.0709	0.0672	0.0668	0.0655	0.0672	0.0671	0.0673	0.0706	0.0601	0.0572	0.0569	0.0597	0.0662	0.0743	0.0462	0.0449	0.0456	0.0502	0.0595	0.0732	0.0398	0.0335	0.0326	0.0332	0.0393	0.0499	0.0687
2057	0.0695	0.0710	0.0672	0.0669	0.0657	0.0679	0.0676	0.0680	0.0707	0.0603	0.0574	0.0571	0.0598	0.0665	0.0747	0.0465	0.0451	0.0458	0.0507	0.0594	0.0734	0.0393	0.0336	0.0328	0.0335	0.0391	0.0499	0.0690
2058	0.0697	0.0710	0.0674	0.0673	0.0657	0.0685	0.0678	0.0685	0.0706	0.0605	0.0578	0.0572	0.0601	0.0668	0.0750	0.0469	0.0451	0.0458	0.0511	0.0589	0.0735	0.0387	0.0337	0.0321	0.0339	0.0388	0.0498	0.0699
2059	0.0699	0.0710	0.0674	0.0676	0.0655	0.0692	0.0680	0.0688	0.0706	0.0609	0.0583	0.0574	0.0604	0.0672	0.0752	0.0472	0.0452	0.0459	0.0514	0.0588	0.0736	0.0381	0.0335	0.0317	0.0342	0.0387	0.0499	0.0703
2060	0.0705	0.0715	0.0672	0.0679	0.0652	0.0700	0.0680	0.0685	0.0711	0.0615	0.0585	0.0574	0.0606	0.0673	0.0747	0.0478	0.0450	0.0462	0.0517	0.0593	0.0737	0.0380	0.0332	0.0320	0.0343	0.0393	0.0501	0.0698
2061	0.0710	0.0719	0.0670	0.0682	0.0650	0.0707	0.0679	0.0681	0.0715	0.0621	0.0588	0.0575	0.0608	0.0674	0.0744	0.0483	0.0449	0.0466	0.0520	0.0597	0.0739	0.0379	0.0329	0.0322	0.0345	0.0400	0.0504	0.0695
2062	0.0712	0.0722	0.0677	0.0682	0.0654	0.0708	0.0679	0.0679	0.0714	0.0620	0.0592	0.0574	0.0612	0.0675	0.0743	0.0489	0.0454	0.0472	0.0522	0.0598	0.0739	0.0385	0.0331	0.0321	0.0343	0.0406	0.0504	0.0701
2063	0.0714	0.0725	0.0684	0.0683	0.0660	0.0707	0.0680	0.0676	0.0714	0.0619	0.0596	0.0573	0.0616	0.0676	0.0743	0.0495	0.0458	0.0479	0.0523	0.0600	0.0741	0.0391	0.0332	0.0320	0.0341	0.0411	0.0503	0.0706
2064	0.0717	0.0725	0.0688	0.0685	0.0668	0.0711	0.0683	0.0685	0.0716	0.0620	0.0604	0.0575	0.0619	0.0678	0.0747	0.0500	0.0460	0.0484	0.0519	0.0604	0.0745	0.0399	0.0329	0.0317	0.0343	0.0412	0.0498	0.0711
2065	0.0720	0.0725	0.0692	0.0688	0.0675	0.0715	0.0686	0.0693	0.0719	0.0621	0.0612	0.0577	0.0622	0.0680	0.0751	0.0505	0.0463	0.0490	0.0514	0.0608	0.0749	0.0407	0.0325	0.0315	0.0345	0.0413	0.0492	0.0715
2066	0.0727	0.0726	0.0697	0.0686	0.0676	0.0716	0.0688	0.0702	0.0718	0.0619	0.0617	0.0583	0.0625	0.0679	0.0750	0.0508	0.0461	0.0490	0.0513	0.0611	0.0751	0.0410	0.0324	0.0319	0.0346	0.0410	0.0496	0.0715
2067	0.0733	0.0727	0.0701	0.0685	0.0676	0.0717	0.0690	0.0711	0.0716	0.0617	0.0622	0.0590	0.0628	0.0677	0.0748	0.0512	0.0460	0.0489	0.0513	0.0613	0.0755	0.0412	0.0324	0.0324	0.0348	0.0408	0.0501	0.0714
2068	0.0734	0.0730	0.0704	0.0688	0.0674	0.0716	0.0693	0.0714	0.0720	0.0616	0.0623	0.0597	0.0630	0.0679	0.0749	0.0512	0.0463	0.0488	0.0516	0.0619	0.0759	0.0411	0.0327	0.0328	0.0352	0.0410	0.0509	0.0714
2069	0.0734	0.0731	0.0707	0.0693	0.0672	0.0714	0.0697	0.0714	0.0727	0.0616	0.0621	0.0604	0.0632	0.0682	0.0751	0.0510	0.0467	0.0486	0.0520	0.0627	0.0762	0.0409	0.0331	0.0331	0.0355	0.0414	0.0519	0.0714
2070	0.0735	0.0737	0.0710	0.0696	0.0672	0.0715	0.0699	0.0716	0.0733	0.0618	0.0619	0.0611	0.0631	0.0686	0.0755	0.0510	0.0470	0.0487	0.0526	0.0633	0.0765	0.0412	0.0338	0.0331	0.0355	0.0413	0.0523	0.0712
2071	0.0738	0.0746	0.0714	0.0698	0.0673	0.0719	0.0699	0.0718	0.0739	0.0620	0.0618	0.0618	0.0630	0.0690	0.0764	0.0510	0.0472	0.0494	0.0533	0.0637	0.0766	0.0418	0.0346	0.0329	0.0356	0.0408	0.0524	0.0708
2072	0.0741	0.0750	0.0718	0.0702	0.0673	0.0723	0.0701	0.0720	0.0745	0.0624	0.0618	0.0623	0.0633	0.0693	0.0768	0.0512	0.0474	0.0501	0.0538	0.0639	0.0768	0.0422	0.0352	0.0331	0.0358	0.0409	0.0525	0.0709
2073	0.0739	0.0750	0.0721	0.0708	0.0673	0.0726	0.0703	0.0722	0.0751	0.0631	0.0622	0.0625	0.0639	0.0695	0.0768	0.0516	0.0474	0.0505	0.0541	0.0640	0.0770	0.0423	0.0356	0.0337	0.0361	0.0415	0.0524	0.0715
2074	0.0739	0.0749	0.0725	0.0714	0.0673	0.0728	0.0707	0.0724	0.0756	0.0635	0.0624	0.0627	0.0644	0.0698	0.0770	0.0519	0.0476	0.0508	0.0543	0.0640	0.0775	0.0424	0.0358	0.0342	0.0363	0.0420	0.0525	0.0719
2075	0.0741	0.0748	0.0728	0.0717	0.0675	0.0726	0.0715	0.0726	0.0761	0.0635	0.0625	0.0624	0.0648	0.0704	0.0777	0.0518	0.0480	0.0505	0.0544	0.0641	0.0785	0.0430	0.0355	0.0344	0.0359	0.0424	0.0523	0.0722
2076	0.0742	0.0752	0.0730	0.0721	0.0680	0.0725	0.0723	0.0729	0.0765	0.0635	0.0625	0.0622	0.0651	0.0708	0.0783	0.0516	0.0484	0.0503	0.0545	0.0643	0.0794	0.0434	0.0353	0.0346	0.0355	0.0426	0.0521	0.0723
2077	0.0745	0.0763	0.0730	0.0726	0.0684	0.0722	0.0726	0.0734	0.0763	0.0639	0.0627	0.0621	0.0654	0.0712	0.0789	0.0516	0.0490	0.0506	0.0544	0.0643	0.0797	0.0435	0.0356	0.0344	0.0360	0.0426	0.0523	0.0720
2078	0.0747	0.0773	0.0731	0.0732	0.0687	0.0721	0.0728	0.0739	0.0763	0.0643	0.0629	0.0620	0.0658	0.0716	0.0793	0.0517	0.0495	0.0509	0.0542	0.0642	0.0799	0.0436	0.0360	0.0342	0.0365	0.0425	0.0525	0.0717
2079	0.0752	0.0778	0.0732	0.0739	0.0690	0.0724	0.0726	0.0741	0.0767	0.0647	0.0629	0.0625	0.0663	0.0713	0.0794	0.0524	0.0491	0.0509	0.0538	0.0640	0.0795	0.0434	0.0364	0.0339	0.0366	0.0424	0.0528	0.0719
2080	0.0756	0.0782	0.0733	0.0747	0.0692	0.0726	0.0723	0.0742	0.0770	0.0650	0.0628	0.0630	0.0669	0.0711	0.0795	0.0530	0.0486	0.0508	0.0535	0.0638	0.0791	0.0431	0.0367	0.0336	0.0368	0.0422	0.0531	0.0721
2081	0.0760	0.0783	0.0741	0.0747	0.0697	0.0725	0.0723	0.0741	0.0769	0.0650	0.0632	0.0626	0.0674	0.0710	0.0795	0.0529	0.0486	0.0504	0.0538	0.0641	0.0794	0.0431	0.0371	0.0335	0.0371	0.0423	0.0535	0.0724
2082	0.0764	0.0786	0.0751	0.0746	0.0702	0.0725	0.0723	0.0740	0.0769	0.0649	0.0637	0.0620	0.0679	0.0709	0.0794	0.0527	0.0486	0.0500	0.0541	0.0645	0.0797	0.0431	0.0375	0.0334	0.0374	0.0425	0.0540	0.0726
2083	0.0767	0.0792	0.0756	0.0750	0.0707	0.0730	0.0727	0.0746	0.0768	0.0654	0.0639	0.0621	0.0680	0.0706	0.0794	0.0527	0.0489	0.0502	0.0547	0.0646	0.0800	0.0428	0.0376	0.0335	0.0376	0.0429	0.0545	0.0729
2084	0.0770	0.0798	0.0759	0.0755	0.0712	0.0736	0.0732	0.0753	0.0767	0.0660	0.0640	0.0624	0.0678	0.0704	0.0795	0.0529	0.0493	0.0504	0.0554	0.0647	0.0803	0.0424	0.0376	0.0335	0.0376	0.0432	0.0551	0.0733
2085	0.0773	0.0799	0.0759	0.0760	0.0716	0.0739	0.0739	0.0759	0.0772	0.0664	0.0644	0.0628	0.0678	0.0707	0.0796	0.0535	0.0495	0.0506	0.0559	0.0645	0.0806	0.0424	0.0376	0.0341	0.0382	0.0430	0.0553	0.0737
2086	0.0777	0.0798	0.0756	0.0764	0.0719	0.0741	0.0746	0.0765	0.0779	0.0667	0.0651	0.0631	0.0680	0.0712	0.0798	0.0541	0.0496	0.0509	0.0565	0.0642	0.0807	0.0427	0.0374	0.0348	0.0389	0.0428	0.0552	0.0743
2087	0.0779	0.0798	0.0756	0.0766	0.0721	0.0745	0.0749	0.0767	0.0784	0.0668	0.0653	0.0634	0.0683	0.0719	0.0803	0.0548	0.0500	0.0510	0.0569	0.0640	0.0807	0.0433	0.0373	0.0353	0.0389	0.0427	0.0551	0.0744
2088	0.0783	0.0797	0.0757	0.0766	0.0725	0.0752	0.0747	0.0766	0.0786	0.0669	0.0652	0.0638	0.0684	0.0728	0.0810	0.0555	0.0504	0.0513	0.0570	0.0639	0.0808	0.0441	0.0373	0.0359	0.0387	0.0427	0.0550	0.0739
2089	0.0787	0.0795	0.0758	0.0769	0.0727	0.0757	0.0747	0.0765	0.0788	0.0672	0.0653	0.0641	0.0684	0.0733	0.0816	0.0559	0.0507	0.0516	0.0572	0.0641	0.0808	0.0445	0.0378	0.0364	0.0383	0.0427	0.0549	0.0737
2090	0.0790	0.0793	0.0760	0.0774	0.0727	0.0762	0.0749	0.0764	0.0790	0.0674	0.0657	0.0646	0.0683	0.0732	0.0816	0.0558	0.0511	0.0520	0.0573	0.0648	0.0806	0.0442	0.0387	0.0367	0.0378	0.0428	0.0551	0.0739
2091	0.0793	0.0793	0.0760	0.0777	0.0728	0.0768	0.0751	0.0762	0.0792	0.0678	0.0661	0.0652	0.0682	0.0732	0.0817	0.0558	0.0514	0.0524	0.0571	0.0653	0.0805	0.0439	0.0393	0.0370	0.0377	0.0431	0.0554	0.0738
2092	0.0797	0.0791	0.0759	0.0779	0.0734	0.0779	0.0752	0.0764	0.0794	0.0683	0.0662	0.0658	0.0682	0.0737	0.0821	0.0559	0.0513	0.0527	0.0564	0.0658	0.0807	0.0439	0.0393	0.0374	0.0379	0.0432	0.0556	0.0736
2093	0.0801	0.0790	0.0761	0.0781	0.0741	0.0789	0.0755	0.0768	0.0796	0.0686	0.0665	0.0664	0.0683	0.0741	0.0825	0.0559	0.0512	0.0531	0.0558	0.0661	0.0808	0.0441	0.0392	0.0377	0.0382	0.0435	0.0558	0.0736
2094	0.0804	0.0797	0.0768	0.0780	0.0753	0.0790	0.0761	0.0771	0.0803	0.0693	0.0672	0.0667	0.0687	0.0746	0.0831	0.0557	0.0515	0.0530	0.0564	0.0662	0.0808	0.0446	0.0392	0.0374	0.0385	0.0439	0.0558	0.0742
2095	0.0805	0.0802	0.0775	0.0779	0.0766	0.0791	0.0767	0.0775	0.0808	0.0700	0.0679	0.0669	0.0691	0.0751	0.0836	0.0556	0.0517	0.0529	0.0569	0.0664	0.0809	0.0452	0.0393	0.0372	0.0390	0.0441	0.0557	0.0748
2096	0.0806	0.0805	0.0778	0.0778	0.0770	0.0796	0.0771	0.0776	0.0809	0.0706	0.0681	0.0667	0.0698	0.0749	0.0840	0.0562	0.0520	0.0531	0.0573	0.0666	0.0812	0.0462	0.0397	0.0370	0.0389	0.0437	0.0559	0.0750
2097	0.0808	0.0809	0.0781	0.0776	0.0771	0.0801	0.0774	0.0776	0.0810	0.0712	0.0683	0.0665	0.0706	0.0746	0.0843	0.0568	0.0523	0.0533	0.0577	0.0667	0.0814	0.0471	0.0401	0.0368	0.0388	0.0433	0.0562	0.0751
2098	0.0812	0.0816	0.0787	0.0776	0.0767	0.0806	0.0776	0.0777	0.0814	0.0716	0.0684	0.0666	0.0709	0.0749	0.0840	0.0569	0.0527	0.0536	0.0579	0.0667	0.0817	0.0472	0.0401	0.0372	0.0386	0.0433	0.0566	0.0757
2099	0.0817	0.0823	0.0794	0.0777	0.0763	0.0809	0.0779	0.0780	0.0817	0.0718	0.0685	0.0665	0.0711	0.0752	0.0837	0.0570	0.0532	0.0540	0.0582	0.0668	0.0822	0.0472	0.0401	0.0377	0.0385	0.0435	0.0570	0.0763
2100	0.0819	0.0825	0.0801	0.0776	0.0761	0.0803	0.0782	0.0782	0.0819	0.0715	0.0685	0.0669	0.0714	0.0758	0.0840	0.0571	0.0530	0.0542	0.0584	0.0671	0.0829	0.0473	0.0403	0.0381	0.0387	0.0437	0.0573	0.0768
2101	0.0822	0.0826	0.0805	0.0774	0.0760	0.0797	0.0786	0.0783	0.0822	0.0710	0.0684	0.0675	0.0715	0.0764	0.0845	0.0572	0.0526	0.0544	0.0588	0.0673	0.0839	0.0473	0.0407	0.0385	0.0390	0.0439	0.0576	0.0771
2102	0.0826	0.0831	0.0801	0.0777	0.0763	0.0794	0.0788	0.0787	0.0822	0.0707	0.0684	0.0678	0.0714	0.0766	0.0848	0.0575	0.0525	0.0546	0.0590	0.0675	0.0843	0.0472	0.0407	0.0381	0.0392	0.0439	0.0576	0.0769
2103	0.0831	0.0837	0.0794	0.0782	0.0766	0.0792	0.0787	0.0795	0.0820	0.0707	0.0687	0.0679	0.0714	0.0766	0.0849	0.0582	0.0524	0.0546	0.0591	0.0677	0.0845	0.0472	0.0406	0.0375	0.0394	0.0440	0.0574	0.0764
2104	0.0833	0.0839	0.0790	0.0790	0.0769	0.0792	0.0789	0.0800	0.0820	0.0709	0.0695	0.0682	0.0713	0.0766	0.0849	0.0583	0.0524	0.0546	0.0591	0.0682	0.0844	0.0474	0.0404	0.0371	0.0395	0.0443	0.0571	0.0763
2105	0.0832	0.0837	0.0788	0.0800	0.0771	0.0793	0.0793	0.0805	0.0820	0.0712	0.0704	0.0689	0.0713	0.0768	0.0849	0.0582	0.0526	0.0545	0.0591	0.0692	0.0840	0.0480	0.0400	0.0368	0.0398	0.0446	0.0570	0.0765
2106	0.0833	0.0838	0.0790	0.0806	0.0774	0.0796	0.0797	0.0811	0.0823	0.0717	0.0708	0.0695	0.0714	0.0769	0.0850	0.0581	0.0528	0.0545	0.0591	0.0699	0.0837	0.0484	0.0398	0.0370	0.0399	0.0450	0.0569	0.0765
2107	0.0835	0.0842	0.0799	0.0806	0.0778	0.0799	0.0800	0.0818	0.0826	0.0719	0.0709	0.0696	0.0718	0.0766	0.0851	0.0579	0.0529	0.0551	0.0590	0.0702	0.0834	0.0482	0.0399	0.0376	0.0399	0.0453	0.0573	0.0763
2108	0.0841	0.0846	0.0807	0.0807	0.0781	0.0802	0.0802	0.0823	0.0828	0.0724	0.0711	0.0696	0.0719	0.0765	0.0853	0.0579	0.0532	0.0557	0.0588	0.0704	0.0834	0.0478	0.0401	0.0383	0.0401	0.0456	0.0576	0.0762
2109	0.0851	0.0853	0.0811	0.0810	0.0783	0.0806	0.0804	0.0823	0.0833	0.0731	0.0719	0.0694	0.0718	0.0766	0.0859	0.0585	0.0540	0.0560	0.0589	0.0701	0.0838	0.0470	0.0401	0.0389	0.0403	0.0460	0.0581	0.0767
2110	0.0858	0.0859	0.0815	0.0814	0.0785	0.0810	0.0808	0.0822	0.0840	0.0736	0.0724	0.0693	0.0719	0.0769	0.0867	0.0589	0.0548	0.0565	0.0592	0.0697	0.0844	0.0464	0.0401	0.0395	0.0403	0.0462	0.0585	0.0773
2111	0.0861	0.0862	0.0810	0.0817	0.0783	0.0811	0.0809	0.0819	0.0850	0.0733	0.0723	0.0693	0.0723	0.0781	0.0869	0.0589	0.0550	0.0565	0.0597	0.0690	0.0854	0.0464	0.0405	0.0398	0.0404	0.0464	0.0585	0.0772
2112	0.0863	0.0865	0.0806	0.0821	0.0781	0.0811	0.0809	0.0817	0.0860	0.0729	0.0721	0.0695	0.0726	0.0793	0.0872	0.0590	0.0553	0.0566	0.0602	0.0683	0.0863	0.0464	0.0408	0.0400	0.0405	0.0464	0.0584	0.0772
2113	0.0862	0.0870	0.0807	0.0823	0.0785	0.0814	0.0810	0.0821	0.0861	0.0730	0.0719	0.0700	0.0728	0.0797	0.0871	0.0591	0.0555	0.0567	0.0606	0.0684	0.0868	0.0469	0.0412	0.0397	0.0406	0.0459	0.0586	0.0776
2114	0.0861	0.0875	0.0807	0.0824	0.0789	0.0817	0.0811	0.0826	0.0862	0.0732	0.0717	0.0704	0.0729	0.0800	0.0870	0.0591	0.0556	0.0569	0.0609	0.0688	0.0872	0.0474	0.0416	0.0394	0.0407	0.0454	0.0588	0.0780
2115	0.0857	0.0875	0.0813	0.0825	0.0793	0.0819	0.0815	0.0834	0.0862	0.0735	0.0721	0.0706	0.0729	0.0801	0.0870	0.0590	0.0557	0.0574	0.0609	0.0697	0.0870	0.0478	0.0418	0.0398	0.0409	0.0451	0.0592	0.0782
2116	0.0853	0.0872	0.0820	0.0824	0.0797	0.0820	0.0818	0.0842	0.0861	0.0739	0.0724	0.0708	0.0729	0.0801	0.0872	0.0590	0.0558	0.0581	0.0609	0.0706	0.0868	0.0481	0.0419	0.0403	0.0412	0.0448	0.0596	0.0784
2117	0.0856	0.0874	0.0829	0.0831	0.0802	0.0826	0.0823	0.0844	0.0862	0.0743	0.0728	0.0712	0.0735	0.0797	0.0874	0.0598	0.0556	0.0580	0.0615	0.0713	0.0868	0.0484	0.0421	0.0405	0.0411	0.0452	0.0595	0.0785
2118	0.0860	0.0879	0.0837	0.0841	0.0807	0.0834	0.0827	0.0846	0.0866	0.0747	0.0731	0.0719	0.0742	0.0792	0.0876	0.0608	0.0551	0.0580	0.0621	0.0722	0.0869	0.0488	0.0423	0.0407	0.0409	0.0459	0.0596	0.0785
2119	0.0866	0.0882	0.0843	0.0847	0.0811	0.0840	0.0828	0.0848	0.0869	0.0750	0.0730	0.0722	0.0748	0.0791	0.0878	0.0610	0.0551	0.0582	0.0626	0.0723	0.0871	0.0490	0.0426	0.0407	0.0408	0.0465	0.0600	0.0784
2120	0.0871	0.0884	0.0846	0.0851	0.0815	0.0844	0.0829	0.0847	0.0870	0.0750	0.0729	0.0724	0.0755	0.0792	0.0882	0.0610	0.0553	0.0583	0.0630	0.0720	0.0873	0.0494	0.0430	0.0405	0.0409	0.0469	0.0604	0.0782
2121	0.0871	0.0886	0.0851	0.0851	0.0824	0.0844	0.0828	0.0847	0.0871	0.0747	0.0728	0.0726	0.0757	0.0800	0.0886	0.0612	0.0555	0.0583	0.0630	0.0715	0.0876	0.0499	0.0430	0.0404	0.0409	0.0473	0.0608	0.0782
2122	0.0870	0.0888	0.0859	0.0850	0.0835	0.0841	0.0826	0.0846	0.0871	0.0745	0.0727	0.0726	0.0754	0.0809	0.0890	0.0615	0.0557	0.0579	0.0627	0.0708	0.0877	0.0503	0.0425	0.0402	0.0409	0.0477	0.0610	0.0784
2123	0.0871	0.0892	0.0865	0.0853	0.0844	0.0843	0.0826	0.0843	0.0873	0.0742	0.0731	0.0725	0.0753	0.0817	0.0896	0.0616	0.0558	0.0576	0.0626	0.0706	0.0879	0.0502	0.0420	0.0401	0.0408	0.0479	0.0610	0.0785
2124	0.0879	0.0900	0.0868	0.0859	0.0849	0.0849	0.0826	0.0841	0.0875	0.0737	0.0736	0.0724	0.0757	0.0823	0.0900	0.0621	0.0555	0.0574	0.0630	0.0710	0.0883	0.0499	0.0417	0.0403	0.0407	0.0479	0.0608	0.0785
2125	0.0884	0.0904	0.0870	0.0862	0.0848	0.0857	0.0826	0.0844	0.0876	0.0738	0.0738	0.0723	0.0762	0.0826	0.0899	0.0626	0.0555	0.0575	0.0633	0.0714	0.0885	0.0494	0.0417	0.0406	0.0408	0.0477	0.0607	0.0787
2126	0.0887	0.0905	0.0869	0.0859	0.0840	0.0862	0.0831	0.0851	0.0875	0.0747	0.0738	0.0724	0.0762	0.0828	0.0898	0.0629	0.0563	0.0581	0.0634	0.0721	0.0888	0.0490	0.0420	0.0410	0.0414	0.0475	0.0606	0.0787
2127	0.0890	0.0907	0.0866	0.0858	0.0834	0.0867	0.0834	0.0858	0.0874	0.0756	0.0738	0.0726	0.0761	0.0831	0.0899	0.0632	0.0571	0.0588	0.0635	0.0724	0.0890	0.0489	0.0421	0.0411	0.0421	0.0475	0.0604	0.0787
2128	0.0887	0.0910	0.0863	0.0863	0.0835	0.0873	0.0836	0.0863	0.0874	0.0768	0.0739	0.0725	0.0758	0.0832	0.0902	0.0634	0.0582	0.0595	0.0641	0.0723	0.0895	0.0490	0.0422	0.0412	0.0430	0.0481	0.0601	0.0787
2129	0.0886	0.0912	0.0861	0.0867	0.0837	0.0877	0.0840	0.0868	0.0876	0.0779	0.0740	0.0725	0.0757	0.0834	0.0905	0.0637	0.0591	0.0601	0.0645	0.0722	0.0899	0.0493	0.0424	0.0413	0.0436	0.0486	0.0599	0.0789
2130	0.0889	0.0907	0.0860	0.0866	0.0839	0.0871	0.0844	0.0871	0.0883	0.0784	0.0744	0.0724	0.0760	0.0835	0.0903	0.0636	0.0589	0.0604	0.0641	0.0725	0.0901	0.0496	0.0425	0.0411	0.0434	0.0490	0.0599	0.0797
2131	0.0892	0.0904	0.0859	0.0863	0.0841	0.0864	0.0847	0.0874	0.0892	0.0788	0.0748	0.0724	0.0764	0.0836	0.0902	0.0635	0.0586	0.0607	0.0636	0.0729	0.0901	0.0499	0.0427	0.0409	0.0432	0.0494	0.0600	0.0804
2132	0.0894	0.0901	0.0860	0.0863	0.0840	0.0862	0.0848	0.0875	0.0898	0.0790	0.0749	0.0729	0.0769	0.0834	0.0906	0.0636	0.0585	0.0605	0.0631	0.0735	0.0900	0.0505	0.0430	0.0403	0.0429	0.0499	0.0603	0.0805
2133	0.0896	0.0896	0.0860	0.0863	0.0839	0.0863	0.0849	0.0875	0.0904	0.0791	0.0750	0.0735	0.0774	0.0831	0.0911	0.0639	0.0583	0.0602	0.0625	0.0740	0.0900	0.0511	0.0432	0.0398	0.0425	0.0504	0.0605	0.0807
2134	0.0903	0.0899	0.0864	0.0868	0.0837	0.0864	0.0855	0.0877	0.0905	0.0785	0.0755	0.0739	0.0777	0.0827	0.0910	0.0646	0.0587	0.0596	0.0628	0.0743	0.0899	0.0512	0.0436	0.0400	0.0422	0.0508	0.0607	0.0811
2135	0.0911	0.0907	0.0869	0.0873	0.0835	0.0865	0.0862	0.0881	0.0905	0.0779	0.0759	0.0743	0.0781	0.0825	0.0908	0.0652	0.0591	0.0590	0.0632	0.0745	0.0899	0.0511	0.0439	0.0402	0.0418	0.0511	0.0611	0.0814
2136	0.0914	0.0914	0.0871	0.0879	0.0847	0.0867	0.0865	0.0882	0.0908	0.0780	0.0756	0.0750	0.0781	0.0829	0.0914	0.0649	0.0593	0.0590	0.0636	0.0747	0.0904	0.0505	0.0439	0.0408	0.0419	0.0510	0.0615	0.0814
2137	0.0917	0.0922	0.0868	0.0882	0.0861	0.0871	0.0868	0.0881	0.0912	0.0785	0.0752	0.0758	0.0782	0.0835	0.0923	0.0646	0.0596	0.0590	0.0638	0.0750	0.0908	0.0498	0.0438	0.0417	0.0420	0.0507	0.0617	0.0812
2138	0.0912	0.0926	0.0869	0.0881	0.0867	0.0877	0.0871	0.0880	0.0911	0.0788	0.0753	0.0761	0.0783	0.0842	0.0927	0.0644	0.0600	0.0592	0.0640	0.0753	0.0907	0.0493	0.0437	0.0419	0.0422	0.0503	0.0618	0.0807
2139	0.0903	0.0929	0.0873	0.0880	0.0871	0.0884	0.0872	0.0880	0.0909	0.0789	0.0759	0.0761	0.0783	0.0848	0.0927	0.0643	0.0604	0.0594	0.0640	0.0757	0.0904	0.0489	0.0437	0.0419	0.0423	0.0497	0.0615	0.0803
2140	0.0901	0.0931	0.0875	0.0882	0.0873	0.0887	0.0872	0.0882	0.0906	0.0789	0.0764	0.0757	0.0783	0.0847	0.0923	0.0643	0.0609	0.0596	0.0641	0.0760	0.0900	0.0490	0.0434	0.0421	0.0428	0.0493	0.0613	0.0802
2141	0.0901	0.0935	0.0877	0.0888	0.0872	0.0887	0.0872	0.0886	0.0902	0.0789	0.0767	0.0751	0.0783	0.0847	0.0916	0.0643	0.0610	0.0597	0.0645	0.0762	0.0899	0.0494	0.0430	0.0426	0.0436	0.0493	0.0615	0.0805
2142	0.0904	0.0938	0.0880	0.0892	0.0872	0.0888	0.0868	0.0884	0.0905	0.0790	0.0769	0.0748	0.0787	0.0847	0.0911	0.0645	0.0609	0.0603	0.0649	0.0764	0.0897	0.0496	0.0428	0.0431	0.0441	0.0494	0.0616	0.0812
2143	0.0911	0.0941	0.0884	0.0892	0.0874	0.0887	0.0862	0.0879	0.0914	0.0788	0.0767	0.0745	0.0794	0.0844	0.0909	0.0647	0.0605	0.0610	0.0651	0.0766	0.0891	0.0499	0.0430	0.0434	0.0443	0.0489	0.0619	0.0825
2144	0.0914	0.0941	0.0888	0.0891	0.0876	0.0889	0.0857	0.0877	0.0919	0.0787	0.0768	0.0747	0.0797	0.0845	0.0909	0.0647	0.0601	0.0615	0.0652	0.0769	0.0888	0.0505	0.0435	0.0435	0.0447	0.0486	0.0619	0.0833
2145	0.0910	0.0940	0.0890	0.0892	0.0879	0.0893	0.0857	0.0878	0.0913	0.0787	0.0772	0.0757	0.0795	0.0853	0.0911	0.0643	0.0601	0.0616	0.0651	0.0774	0.0887	0.0511	0.0440	0.0431	0.0451	0.0489	0.0619	0.0832
2146	0.0906	0.0940	0.0892	0.0896	0.0882	0.0896	0.0860	0.0881	0.0908	0.0788	0.0775	0.0763	0.0794	0.0858	0.0913	0.0641	0.0601	0.0616	0.0652	0.0777	0.0884	0.0515	0.0443	0.0429	0.0453	0.0493	0.0622	0.0828
2147	0.0905	0.0938	0.0892	0.0900	0.0882	0.0900	0.0865	0.0886	0.0909	0.0792	0.0780	0.0765	0.0798	0.0858	0.0918	0.0645	0.0604	0.0613	0.0653	0.0779	0.0881	0.0515	0.0441	0.0435	0.0449	0.0496	0.0617	0.0817
2148	0.0905	0.0938	0.0892	0.0902	0.0880	0.0905	0.0868	0.0890	0.0911	0.0797	0.0783	0.0768	0.0801	0.0856	0.0921	0.0649	0.0607	0.0610	0.0654	0.0781	0.0879	0.0513	0.0439	0.0443	0.0445	0.0500	0.0614	0.0808
2149	0.0911	0.0936	0.0894	0.0906	0.0881	0.0908	0.0864	0.0891	0.0915	0.0798	0.0785	0.0765	0.0800	0.0848	0.0924	0.0654	0.0610	0.0614	0.0662	0.0780	0.0877	0.0512	0.0435	0.0443	0.0441	0.0501	0.0613	0.0807
2150	0.0920	0.0935	0.0896	0.0909	0.0882	0.0911	0.0860	0.0892	0.0919	0.0797	0.0786	0.0761	0.0799	0.0842	0.0926	0.0658	0.0612	0.0620	0.0668	0.0778	0.0877	0.0512	0.0431	0.0440	0.0438	0.0500	0.0610	0.0807
2151	0.0926	0.0935	0.0895	0.0908	0.0882	0.0910	0.0863	0.0889	0.0922	0.0795	0.0779	0.0758	0.0794	0.0838	0.0930	0.0655	0.0610	0.0625	0.0668	0.0770	0.0885	0.0512	0.0426	0.0436	0.0438	0.0501	0.0607	0.0810
2152	0.0930	0.0936	0.0893	0.0907	0.0883	0.0908	0.0867	0.0885	0.0924	0.0795	0.0771	0.0757	0.0790	0.0833	0.0935	0.0652	0.0609	0.0629	0.0667	0.0761	0.0893	0.0513	0.0423	0.0432	0.0439	0.0502	0.0604	0.0812
2153	0.0929	0.0934	0.0890	0.0912	0.0881	0.0901	0.0872	0.0889	0.0924	0.0799	0.0775	0.0761	0.0796	0.0837	0.0938	0.0647	0.0613	0.0632	0.0663	0.0762	0.0895	0.0511	0.0430	0.0432	0.0442	0.0509	0.0603	0.0807
2154	0.0930	0.0934	0.0886	0.0916	0.0877	0.0895	0.0876	0.0895	0.0925	0.0804	0.0780	0.0766	0.0803	0.0844	0.0941	0.0643	0.0617	0.0634	0.0657	0.0764	0.0896	0.0509	0.0439	0.0433	0.0445	0.0516	0.0603	0.0802
2155	0.0929	0.0939	0.0890	0.0910	0.0874	0.0890	0.0874	0.0896	0.0920	0.0805	0.0782	0.0767	0.0802	0.0848	0.0942	0.0645	0.0619	0.0632	0.0652	0.0763	0.0897	0.0513	0.0443	0.0434	0.0446	0.0516	0.0610	0.0801
2156	0.0926	0.0942	0.0896	0.0902	0.0875	0.0887	0.0872	0.0899	0.0910	0.0804	0.0783	0.0766	0.0801	0.0851	0.0942	0.0650	0.0621	0.0629	0.0648	0.0764	0.0895	0.0520	0.0446	0.0435	0.0446	0.0514	0.0618	0.0802
2157	0.0929	0.0942	0.0900	0.0899	0.0875	0.0889	0.0877	0.0905	0.0909	0.0802	0.0785	0.0773	0.0803	0.0852	0.0932	0.0651	0.0625	0.0627	0.0645	0.0758	0.0894	0.0523	0.0448	0.0435	0.0445	0.0514	0.0621	0.0802
2158	0.0933	0.0942	0.0903	0.0900	0.0872	0.0893	0.0887	0.0909	0.0912	0.0800	0.0784	0.0782	0.0804	0.0851	0.0919	0.0652	0.0627	0.0630	0.0641	0.0750	0.0896	0.0525	0.0452	0.0435	0.0445	0.0515	0.0622	0.0804
2159	0.0929	0.0947	0.0906	0.0903	0.0871	0.0896	0.0894	0.0914	0.0917	0.0805	0.0781	0.0783	0.0805	0.0848	0.0916	0.0657	0.0623	0.0629	0.0641	0.0748	0.0898	0.0521	0.0452	0.0435	0.0443	0.0510	0.0622	0.0807
2160	0.0922	0.0955	0.0911	0.0906	0.0872	0.0900	0.0900	0.0917	0.0924	0.0814	0.0777	0.0777	0.0805	0.0844	0.0917	0.0666	0.0616	0.0624	0.0647	0.0749	0.0903	0.0514	0.0451	0.0434	0.0439	0.0506	0.0620	0.0809
2161	0.0919	0.0957	0.0916	0.0905	0.0870	0.0904	0.0900	0.0914	0.0928	0.0824	0.0775	0.0771	0.0800	0.0843	0.0920	0.0669	0.0614	0.0619	0.0657	0.0754	0.0908	0.0514	0.0449	0.0434	0.0436	0.0505	0.0620	0.0811
2162	0.0916	0.0956	0.0920	0.0902	0.0867	0.0904	0.0891	0.0909	0.0929	0.0831	0.0777	0.0768	0.0795	0.0843	0.0925	0.0669	0.0617	0.0619	0.0669	0.0757	0.0911	0.0521	0.0448	0.0437	0.0434	0.0502	0.0621	0.0813
2163	0.0917	0.0956	0.0922	0.0902	0.0863	0.0905	0.0887	0.0905	0.0932	0.0832	0.0783	0.0766	0.0795	0.0843	0.0928	0.0668	0.0621	0.0621	0.0679	0.0762	0.0915	0.0528	0.0450	0.0437	0.0436	0.0502	0.0622	0.0817
2164	0.0921	0.0953	0.0921	0.0904	0.0863	0.0908	0.0885	0.0898	0.0936	0.0829	0.0789	0.0762	0.0802	0.0844	0.0933	0.0666	0.0620	0.0624	0.0681	0.0768	0.0919	0.0534	0.0456	0.0434	0.0439	0.0507	0.0620	0.0823
2165	0.0920	0.0953	0.0916	0.0908	0.0865	0.0913	0.0883	0.0894	0.0939	0.0828	0.0792	0.0759	0.0808	0.0845	0.0934	0.0666	0.0618	0.0628	0.0680	0.0773	0.0919	0.0539	0.0460	0.0433	0.0443	0.0512	0.0616	0.0829
2166	0.0916	0.0957	0.0910	0.0906	0.0865	0.0918	0.0886	0.0896	0.0941	0.0827	0.0793	0.0763	0.0804	0.0848	0.0934	0.0665	0.0619	0.0634	0.0672	0.0776	0.0913	0.0542	0.0464	0.0429	0.0452	0.0511	0.0614	0.0831
2167	0.0915	0.0957	0.0906	0.0901	0.0863	0.0919	0.0885	0.0899	0.0942	0.0825	0.0794	0.0769	0.0800	0.0851	0.0935	0.0665	0.0619	0.0636	0.0662	0.0779	0.0909	0.0543	0.0465	0.0426	0.0455	0.0512	0.0613	0.0829
2168	0.0922	0.0953	0.0904	0.0895	0.0859	0.0913	0.0880	0.0908	0.0939	0.0823	0.0799	0.0771	0.0797	0.0849	0.0936	0.0665	0.0616	0.0630	0.0659	0.0775	0.0904	0.0547	0.0462	0.0429	0.0448	0.0516	0.0610	0.0827
2169	0.0930	0.0947	0.0904	0.0891	0.0857	0.0908	0.0874	0.0914	0.0939	0.0818	0.0803	0.0772	0.0795	0.0848	0.0937	0.0662	0.0613	0.0624	0.0656	0.0769	0.0899	0.0550	0.0461	0.0431	0.0442	0.0516	0.0609	0.0824
2170	0.0936	0.0939	0.0915	0.0891	0.0856	0.0905	0.0872	0.0910	0.0941	0.0812	0.0805	0.0772	0.0798	0.0853	0.0937	0.0657	0.0611	0.0622	0.0657	0.0762	0.0899	0.0542	0.0464	0.0431	0.0438	0.0513	0.0605	0.0822
2171	0.0941	0.0933	0.0926	0.0892	0.0856	0.0904	0.0869	0.0904	0.0942	0.0808	0.0808	0.0772	0.0802	0.0857	0.0935	0.0656	0.0611	0.0624	0.0659	0.0756	0.0898	0.0533	0.0468	0.0431	0.0436	0.0513	0.0601	0.0819
2172	0.0945	0.0934	0.0929	0.0901	0.0856	0.0906	0.0871	0.0896	0.0939	0.0807	0.0809	0.0770	0.0806	0.0852	0.0931	0.0661	0.0614	0.0630	0.0665	0.0757	0.0897	0.0528	0.0470	0.0428	0.0443	0.0512	0.0604	0.0820
2173	0.0946	0.0935	0.0931	0.0910	0.0858	0.0909	0.0874	0.0890	0.0936	0.0806	0.0808	0.0769	0.0810	0.0844	0.0928	0.0666	0.0615	0.0636	0.0671	0.0757	0.0897	0.0525	0.0469	0.0425	0.0452	0.0510	0.0608	0.0819
2174	0.0945	0.0937	0.0930	0.0916	0.0865	0.0904	0.0877	0.0894	0.0934	0.0810	0.0810	0.0774	0.0813	0.0841	0.0929	0.0674	0.0608	0.0640	0.0673	0.0758	0.0901	0.0533	0.0461	0.0423	0.0455	0.0506	0.0612	0.0814
2175	0.0944	0.0941	0.0929	0.0923	0.0873	0.0897	0.0879	0.0899	0.0933	0.0813	0.0815	0.0781	0.0815	0.0839	0.0932	0.0682	0.0602	0.0642	0.0674	0.0759	0.0904	0.0542	0.0453	0.0420	0.0458	0.0503	0.0615	0.0809
2176	0.0936	0.0945	0.0925	0.0925	0.0875	0.0891	0.0878	0.0898	0.0930	0.0814	0.0820	0.0784	0.0813	0.0842	0.0941	0.0685	0.0601	0.0633	0.0671	0.0760	0.0904	0.0539	0.0455	0.0421	0.0456	0.0505	0.0609	0.0809
2177	0.0924	0.0950	0.0920	0.0924	0.0878	0.0886	0.0878	0.0892	0.0929	0.0813	0.0820	0.0784	0.0812	0.0845	0.0951	0.0687	0.0600	0.0624	0.0665	0.0762	0.0905	0.0534	0.0457	0.0423	0.0452	0.0507	0.0601	0.0809
2178	0.0917	0.0950	0.0920	0.0925	0.0881	0.0886	0.0878	0.0894	0.0928	0.0812	0.0818	0.0777	0.0810	0.0851	0.0954	0.0685	0.0600	0.0621	0.0664	0.0759	0.0901	0.0527	0.0453	0.0423	0.0449	0.0513	0.0599	0.0809
2179	0.0915	0.0949	0.0922	0.0926	0.0882	0.0889	0.0876	0.0900	0.0925	0.0813	0.0819	0.0769	0.0806	0.0857	0.0955	0.0680	0.0600	0.0621	0.0665	0.0755	0.0897	0.0519	0.0447	0.0425	0.0446	0.0519	0.0598	0.0810
2180	0.0914	0.0949	0.0919	0.0923	0.0890	0.0894	0.0877	0.0903	0.0925	0.0813	0.0817	0.0763	0.0799	0.0861	0.0960	0.0673	0.0598	0.0621	0.0669	0.0753	0.0898	0.0513	0.0442	0.0435	0.0441	0.0524	0.0602	0.0809
2181	0.0917	0.0951	0.0911	0.0919	0.0897	0.0900	0.0881	0.0902	0.0924	0.0813	0.0814	0.0757	0.0792	0.0863	0.0965	0.0666	0.0597	0.0621	0.0670	0.0749	0.0900	0.0505	0.0439	0.0446	0.0438	0.0526	0.0610	0.0806
2182	0.0926	0.0955	0.0904	0.0919	0.0899	0.0906	0.0889	0.0900	0.0927	0.0816	0.0809	0.0753	0.0793	0.0864	0.0969	0.0664	0.0602	0.0624	0.0670	0.0748	0.0902	0.0504	0.0440	0.0452	0.0435	0.0520	0.0614	0.0813
2183	0.0937	0.0958	0.0899	0.0925	0.0899	0.0914	0.0898	0.0901	0.0931	0.0818	0.0807	0.0749	0.0798	0.0864	0.0967	0.0663	0.0605	0.0627	0.0671	0.0747	0.0908	0.0506	0.0445	0.0454	0.0433	0.0512	0.0616	0.0819
2184	0.0941	0.0959	0.0897	0.0923	0.0898	0.0917	0.0904	0.0900	0.0928	0.0816	0.0803	0.0746	0.0803	0.0864	0.0966	0.0660	0.0609	0.0631	0.0666	0.0745	0.0914	0.0509	0.0449	0.0449	0.0434	0.0508	0.0620	0.0825
2185	0.0942	0.0953	0.0899	0.0914	0.0902	0.0918	0.0902	0.0901	0.0924	0.0816	0.0797	0.0748	0.0809	0.0863	0.0961	0.0654	0.0616	0.0639	0.0661	0.0746	0.0918	0.0513	0.0447	0.0438	0.0436	0.0508	0.0629	0.0831
2186	0.0943	0.0946	0.0902	0.0911	0.0905	0.0920	0.0902	0.0898	0.0920	0.0818	0.0796	0.0750	0.0815	0.0862	0.0954	0.0647	0.0619	0.0642	0.0660	0.0746	0.0922	0.0515	0.0442	0.0432	0.0436	0.0508	0.0633	0.0836
2187	0.0942	0.0945	0.0911	0.0916	0.0904	0.0916	0.0909	0.0894	0.0920	0.0816	0.0804	0.0756	0.0818	0.0861	0.0948	0.0642	0.0621	0.0640	0.0663	0.0753	0.0924	0.0516	0.0436	0.0432	0.0436	0.0502	0.0626	0.0841
2188	0.0938	0.0943	0.0918	0.0918	0.0902	0.0911	0.0911	0.0896	0.0921	0.0814	0.0806	0.0760	0.0822	0.0861	0.0942	0.0640	0.0623	0.0638	0.0670	0.0759	0.0921	0.0517	0.0434	0.0433	0.0436	0.0497	0.0622	0.0839
2189	0.0930	0.0944	0.0924	0.0920	0.0893	0.0905	0.0905	0.0899	0.0921	0.0813	0.0798	0.0761	0.0819	0.0863	0.0938	0.0644	0.0625	0.0631	0.0677	0.0757	0.0919	0.0515	0.0443	0.0430	0.0436	0.0493	0.0614	0.0827
2190	0.0927	0.0947	0.0931	0.0922	0.0884	0.0897	0.0901	0.0904	0.0923	0.0811	0.0792	0.0763	0.0815	0.0865	0.0938	0.0649	0.0624	0.0624	0.0684	0.0755	0.0917	0.0515	0.0451	0.0425	0.0437	0.0489	0.0609	0.0816
2191	0.0927	0.0947	0.0933	0.0920	0.0880	0.0890	0.0902	0.0907	0.0928	0.0812	0.0793	0.0765	0.0809	0.0865	0.0946	0.0655	0.0617	0.0617	0.0684	0.0752	0.0916	0.0520	0.0452	0.0421	0.0438	0.0499	0.0612	0.0812
2192	0.0929	0.0948	0.0934	0.0921	0.0878	0.0887	0.0904	0.0908	0.0933	0.0815	0.0793	0.0769	0.0804	0.0865	0.0953	0.0662	0.0612	0.0614	0.0683	0.0750	0.0914	0.0523	0.0456	0.0416	0.0437	0.0511	0.0613	0.0812
2193	0.0940	0.0950	0.0934	0.0927	0.0886	0.0890	0.0909	0.0912	0.0938	0.0820	0.0802	0.0774	0.0802	0.0867	0.0955	0.0666	0.0613	0.0612	0.0670	0.0746	0.0912	0.0522	0.0459	0.0419	0.0438	0.0519	0.0604	0.0812
2194	0.0950	0.0953	0.0932	0.0932	0.0895	0.0893	0.0910	0.0915	0.0941	0.0825	0.0812	0.0780	0.0801	0.0868	0.0956	0.0668	0.0615	0.0611	0.0657	0.0744	0.0910	0.0522	0.0460	0.0423	0.0439	0.0525	0.0596	0.0812
2195	0.0951	0.0950	0.0925	0.0930	0.0901	0.0893	0.0902	0.0909	0.0933	0.0823	0.0816	0.0781	0.0799	0.0862	0.0949	0.0667	0.0617	0.0614	0.0664	0.0748	0.0910	0.0523	0.0455	0.0421	0.0440	0.0520	0.0599	0.0813
2196	0.0950	0.0947	0.0919	0.0924	0.0905	0.0894	0.0894	0.0903	0.0924	0.0818	0.0817	0.0780	0.0796	0.0855	0.0943	0.0667	0.0618	0.0617	0.0675	0.0752	0.0910	0.0525	0.0451	0.0418	0.0440	0.0515	0.0606	0.0816
2197	0.0945	0.0944	0.0922	0.0917	0.0901	0.0900	0.0886	0.0900	0.0921	0.0814	0.0810	0.0780	0.0801	0.0850	0.0942	0.0666	0.0616	0.0626	0.0677	0.0755	0.0909	0.0532	0.0450	0.0422	0.0436	0.0516	0.0613	0.0823
2198	0.0941	0.0943	0.0926	0.0910	0.0895	0.0907	0.0878	0.0898	0.0919	0.0810	0.0802	0.0780	0.0811	0.0846	0.0941	0.0663	0.0611	0.0638	0.0676	0.0759	0.0907	0.0540	0.0449	0.0427	0.0431	0.0516	0.0617	0.0831
2199	0.0932	0.0943	0.0924	0.0902	0.0891	0.0906	0.0880	0.0906	0.0919	0.0809	0.0788	0.0775	0.0819	0.0844	0.0947	0.0662	0.0603	0.0641	0.0670	0.0756	0.0909	0.0545	0.0453	0.0439	0.0427	0.0513	0.0619	0.0830
2200	0.0924	0.0946	0.0920	0.0894	0.0888	0.0906	0.0885	0.0914	0.0922	0.0810	0.0774	0.0768	0.0826	0.0843	0.0956	0.0665	0.0596	0.0642	0.0661	0.0750	0.0913	0.0547	0.0457	0.0452	0.0422	0.0513	0.0621	0.0828
2201	0.0926	0.0944	0.0920	0.0897	0.0891	0.0904	0.0888	0.0912	0.0925	0.0809	0.0774	0.0768	0.0824	0.0849	0.0955	0.0666	0.0598	0.0636	0.0656	0.0749	0.0913	0.0545	0.0461	0.0458	0.0422	0.0510	0.0616	0.0829
2202	0.0931	0.0940	0.0922	0.0904	0.0893	0.0899	0.0892	0.0910	0.0923	0.0809	0.0778	0.0772	0.0820	0.0853	0.0951	0.0668	0.0604	0.0628	0.0653	0.0748	0.0911	0.0542	0.0466	0.0466	0.0424	0.0506	0.0612	0.0829
2203	0.0933	0.0948	0.0922	0.0910	0.0892	0.0898	0.0887	0.0907	0.0921	0.0812	0.0785	0.0776	0.0813	0.0856	0.0950	0.0670	0.0611	0.0621	0.0658	0.0747	0.0907	0.0539	0.0462	0.0464	0.0424	0.0499	0.0615	0.0827
2204	0.0936	0.0964	0.0920	0.0914	0.0888	0.0897	0.0877	0.0906	0.0921	0.0812	0.0792	0.0781	0.0801	0.0863	0.0946	0.0670	0.0619	0.0612	0.0663	0.0749	0.0904	0.0538	0.0455	0.0458	0.0426	0.0491	0.0619	0.0826
2205	0.0936	0.0968	0.0919	0.0911	0.0881	0.0901	0.0873	0.0907	0.0924	0.0808	0.0798	0.0779	0.0800	0.0870	0.0943	0.0670	0.0623	0.0611	0.0667	0.0749	0.0904	0.0540	0.0450	0.0451	0.0429	0.0491	0.0622	0.0824
2206	0.0931	0.0967	0.0916	0.0906	0.0872	0.0905	0.0871	0.0908	0.0930	0.0807	0.0807	0.0775	0.0810	0.0875	0.0939	0.0667	0.0622	0.0615	0.0671	0.0747	0.0904	0.0546	0.0446	0.0440	0.0432	0.0492	0.0620	0.0817
2207	0.0930	0.0967	0.0915	0.0904	0.0865	0.0908	0.0870	0.0907	0.0937	0.0807	0.0809	0.0774	0.0807	0.0876	0.0936	0.0663	0.0623	0.0626	0.0670	0.0750	0.0908	0.0545	0.0442	0.0433	0.0436	0.0497	0.0613	0.0808
2208	0.0931	0.0965	0.0916	0.0906	0.0862	0.0916	0.0874	0.0909	0.0946	0.0807	0.0806	0.0771	0.0794	0.0873	0.0939	0.0662	0.0625	0.0644	0.0668	0.0753	0.0917	0.0538	0.0440	0.0428	0.0444	0.0502	0.0602	0.0805
2209	0.0933	0.0960	0.0913	0.0913	0.0865	0.0923	0.0881	0.0904	0.0947	0.0807	0.0806	0.0766	0.0787	0.0869	0.0938	0.0665	0.0626	0.0651	0.0668	0.0751	0.0923	0.0533	0.0441	0.0423	0.0450	0.0502	0.0599	0.0804
2210	0.0937	0.0955	0.0912	0.0926	0.0873	0.0927	0.0890	0.0892	0.0938	0.0806	0.0805	0.0764	0.0788	0.0861	0.0934	0.0672	0.0617	0.0652	0.0668	0.0749	0.0923	0.0527	0.0447	0.0423	0.0453	0.0506	0.0600	0.0805
2211	0.0942	0.0951	0.0914	0.0933	0.0880	0.0926	0.0895	0.0882	0.0931	0.0810	0.0807	0.0767	0.0791	0.0855	0.0935	0.0675	0.0603	0.0650	0.0669	0.0750	0.0919	0.0521	0.0450	0.0424	0.0452	0.0508	0.0599	0.0808
2212	0.0940	0.0946	0.0917	0.0925	0.0882	0.0914	0.0901	0.0883	0.0926	0.0819	0.0810	0.0774	0.0793	0.0851	0.0933	0.0675	0.0596	0.0645	0.0666	0.0750	0.0913	0.0517	0.0453	0.0424	0.0447	0.0504	0.0602	0.0805
2213	0.0940	0.0944	0.0920	0.0918	0.0882	0.0907	0.0907	0.0887	0.0925	0.0821	0.0810	0.0779	0.0793	0.0848	0.0930	0.0675	0.0591	0.0640	0.0658	0.0750	0.0909	0.0519	0.0455	0.0422	0.0446	0.0503	0.0612	0.0796
2214	0.0934	0.0943	0.0922	0.0910	0.0887	0.0914	0.0903	0.0897	0.0930	0.0824	0.0803	0.0778	0.0802	0.0849	0.0934	0.0671	0.0593	0.0628	0.0646	0.0757	0.0901	0.0527	0.0443	0.0420	0.0451	0.0504	0.0623	0.0788
2215	0.0925	0.0944	0.0925	0.0902	0.0892	0.0920	0.0898	0.0905	0.0933	0.0827	0.0796	0.0778	0.0810	0.0852	0.0935	0.0668	0.0597	0.0618	0.0640	0.0766	0.0893	0.0535	0.0435	0.0419	0.0453	0.0506	0.0630	0.0783
2216	0.0919	0.0952	0.0923	0.0898	0.0889	0.0920	0.0895	0.0899	0.0931	0.0831	0.0793	0.0779	0.0814	0.0850	0.0924	0.0668	0.0604	0.0614	0.0645	0.0775	0.0896	0.0550	0.0439	0.0422	0.0449	0.0506	0.0629	0.0781
2217	0.0915	0.0956	0.0920	0.0895	0.0890	0.0919	0.0892	0.0893	0.0930	0.0839	0.0790	0.0780	0.0819	0.0851	0.0916	0.0666	0.0610	0.0609	0.0649	0.0782	0.0901	0.0558	0.0445	0.0424	0.0447	0.0507	0.0623	0.0779
2218	0.0918	0.0955	0.0918	0.0900	0.0894	0.0915	0.0890	0.0893	0.0931	0.0850	0.0785	0.0781	0.0821	0.0857	0.0919	0.0667	0.0614	0.0608	0.0660	0.0779	0.0905	0.0560	0.0454	0.0420	0.0448	0.0511	0.0618	0.0778
2219	0.0922	0.0952	0.0915	0.0909	0.0893	0.0911	0.0888	0.0894	0.0931	0.0857	0.0781	0.0783	0.0821	0.0862	0.0924	0.0668	0.0616	0.0610	0.0670	0.0775	0.0907	0.0562	0.0460	0.0417	0.0448	0.0514	0.0616	0.0778
2220	0.0920	0.0951	0.0910	0.0914	0.0886	0.0918	0.0886	0.0902	0.0934	0.0848	0.0784	0.0782	0.0812	0.0872	0.0934	0.0662	0.0615	0.0614	0.0672	0.0770	0.0898	0.0554	0.0459	0.0418	0.0447	0.0508	0.0619	0.0782
2221	0.0919	0.0950	0.0906	0.0916	0.0881	0.0924	0.0887	0.0912	0.0938	0.0835	0.0790	0.0779	0.0801	0.0886	0.0944	0.0658	0.0616	0.0616	0.0674	0.0763	0.0889	0.0545	0.0459	0.0420	0.0446	0.0502	0.0619	0.0789
2222	0.0923	0.0955	0.0911	0.0908	0.0882	0.0921	0.0883	0.0918	0.0933	0.0831	0.0798	0.0775	0.0795	0.0889	0.0945	0.0661	0.0619	0.0616	0.0679	0.0765	0.0887	0.0539	0.0455	0.0421	0.0445	0.0499	0.0614	0.0794
2223	0.0928	0.0960	0.0916	0.0898	0.0884	0.0917	0.0875	0.0918	0.0928	0.0830	0.0803	0.0772	0.0795	0.0889	0.0942	0.0666	0.0620	0.0617	0.0686	0.0769	0.0886	0.0533	0.0451	0.0420	0.0443	0.0499	0.0611	0.0797
2224	0.0931	0.0961	0.0913	0.0892	0.0890	0.0924	0.0870	0.0914	0.0930	0.0830	0.0800	0.0771	0.0799	0.0885	0.0937	0.0669	0.0610	0.0621	0.0683	0.0768	0.0894	0.0528	0.0448	0.0420	0.0433	0.0500	0.0615	0.0801
2225	0.0934	0.0960	0.0907	0.0888	0.0898	0.0931	0.0869	0.0909	0.0934	0.0832	0.0798	0.0769	0.0803	0.0879	0.0934	0.0670	0.0600	0.0625	0.0675	0.0768	0.0906	0.0524	0.0447	0.0422	0.0422	0.0500	0.0622	0.0806
2226	0.0938	0.0963	0.0903	0.0888	0.0898	0.0937	0.0871	0.0905	0.0933	0.0832	0.0796	0.0768	0.0800	0.0866	0.0934	0.0669	0.0592	0.0631	0.0669	0.0767	0.0913	0.0531	0.0445	0.0431	0.0424	0.0509	0.0625	0.0807
2227	0.0939	0.0964	0.0902	0.0891	0.0896	0.0942	0.0877	0.0903	0.0927	0.0828	0.0793	0.0770	0.0794	0.0856	0.0933	0.0668	0.0585	0.0635	0.0667	0.0765	0.0917	0.0540	0.0442	0.0441	0.0430	0.0520	0.0627	0.0808
2228	0.0933	0.0963	0.0905	0.0895	0.0898	0.0938	0.0881	0.0901	0.0923	0.0824	0.0790	0.0773	0.0797	0.0857	0.0938	0.0666	0.0582	0.0634	0.0669	0.0761	0.0915	0.0554	0.0447	0.0444	0.0435	0.0523	0.0627	0.0798
2229	0.0931	0.0963	0.0905	0.0896	0.0898	0.0929	0.0884	0.0898	0.0918	0.0821	0.0789	0.0770	0.0801	0.0858	0.0944	0.0666	0.0582	0.0635	0.0676	0.0756	0.0911	0.0567	0.0448	0.0444	0.0439	0.0526	0.0626	0.0786
2230	0.0931	0.0963	0.0904	0.0904	0.0897	0.0925	0.0885	0.0897	0.0919	0.0818	0.0786	0.0769	0.0793	0.0852	0.0948	0.0665	0.0588	0.0638	0.0682	0.0756	0.0902	0.0571	0.0445	0.0440	0.0442	0.0526	0.0631	0.0783
2231	0.0931	0.0962	0.0905	0.0913	0.0896	0.0922	0.0881	0.0896	0.0923	0.0812	0.0781	0.0768	0.0783	0.0842	0.0951	0.0661	0.0595	0.0643	0.0683	0.0760	0.0891	0.0571	0.0448	0.0436	0.0439	0.0517	0.0636	0.0783
2232	0.0930	0.0964	0.0905	0.0918	0.0892	0.0919	0.0877	0.0896	0.0923	0.0810	0.0776	0.0767	0.0778	0.0840	0.0945	0.0662	0.0598	0.0647	0.0680	0.0765	0.0885	0.0565	0.0454	0.0437	0.0440	0.0508	0.0635	0.0782
2233	0.0925	0.0962	0.0905	0.0926	0.0889	0.0919	0.0873	0.0901	0.0922	0.0809	0.0773	0.0771	0.0774	0.0847	0.0936	0.0666	0.0608	0.0644	0.0677	0.0774	0.0886	0.0557	0.0463	0.0438	0.0446	0.0501	0.0634	0.0784
2234	0.0921	0.0959	0.0908	0.0930	0.0888	0.0918	0.0868	0.0905	0.0920	0.0806	0.0770	0.0776	0.0773	0.0860	0.0930	0.0667	0.0615	0.0642	0.0675	0.0783	0.0888	0.0551	0.0468	0.0434	0.0450	0.0497	0.0623	0.0790
2235	0.0920	0.0954	0.0910	0.0929	0.0885	0.0921	0.0863	0.0903	0.0917	0.0806	0.0766	0.0780	0.0777	0.0877	0.0927	0.0670	0.0616	0.0644	0.0675	0.0787	0.0887	0.0545	0.0467	0.0426	0.0450	0.0495	0.0610	0.0798
2236	0.0924	0.0949	0.0913	0.0921	0.0881	0.0925	0.0861	0.0897	0.0911	0.0809	0.0764	0.0781	0.0778	0.0888	0.0924	0.0675	0.0614	0.0643	0.0678	0.0783	0.0890	0.0541	0.0464	0.0421	0.0446	0.0500	0.0604	0.0798
2237	0.0931	0.0949	0.0913	0.0902	0.0879	0.0925	0.0866	0.0888	0.0905	0.0811	0.0764	0.0775	0.0777	0.0886	0.0921	0.0676	0.0605	0.0637	0.0681	0.0768	0.0898	0.0538	0.0455	0.0415	0.0443	0.0508	0.0599	0.0796
2238	0.0935	0.0952	0.0912	0.0890	0.0876	0.0921	0.0871	0.0883	0.0904	0.0806	0.0766	0.0769	0.0776	0.0880	0.0917	0.0673	0.0600	0.0633	0.0684	0.0754	0.0905	0.0531	0.0451	0.0413	0.0439	0.0514	0.0597	0.0798
2239	0.0935	0.0956	0.0912	0.0887	0.0873	0.0911	0.0874	0.0882	0.0905	0.0796	0.0773	0.0767	0.0780	0.0876	0.0913	0.0670	0.0602	0.0628	0.0687	0.0746	0.0906	0.0524	0.0456	0.0421	0.0432	0.0518	0.0597	0.0802
2240	0.0933	0.0953	0.0909	0.0884	0.0872	0.0902	0.0876	0.0886	0.0905	0.0792	0.0778	0.0766	0.0787	0.0869	0.0907	0.0664	0.0601	0.0623	0.0689	0.0742	0.0904	0.0519	0.0456	0.0423	0.0434	0.0518	0.0593	0.0806
2241	0.0927	0.0947	0.0901	0.0883	0.0873	0.0903	0.0870	0.0890	0.0907	0.0796	0.0773	0.0764	0.0794	0.0855	0.0905	0.0670	0.0594	0.0628	0.0695	0.0750	0.0902	0.0519	0.0450	0.0417	0.0439	0.0511	0.0589	0.0801
2242	0.0920	0.0943	0.0894	0.0886	0.0872	0.0907	0.0868	0.0890	0.0904	0.0800	0.0767	0.0761	0.0796	0.0841	0.0902	0.0678	0.0588	0.0632	0.0698	0.0759	0.0900	0.0520	0.0449	0.0410	0.0443	0.0506	0.0592	0.0798
2243	0.0912	0.0945	0.0884	0.0890	0.0870	0.0904	0.0873	0.0889	0.0896	0.0807	0.0768	0.0760	0.0784	0.0831	0.0901	0.0673	0.0585	0.0619	0.0693	0.0761	0.0890	0.0522	0.0461	0.0412	0.0438	0.0506	0.0602	0.0796
2244	0.0909	0.0949	0.0876	0.0893	0.0870	0.0900	0.0873	0.0887	0.0892	0.0815	0.0768	0.0757	0.0773	0.0824	0.0902	0.0669	0.0579	0.0608	0.0685	0.0762	0.0881	0.0528	0.0467	0.0414	0.0430	0.0504	0.0606	0.0793
2245	0.0917	0.0947	0.0874	0.0891	0.0864	0.0895	0.0866	0.0890	0.0896	0.0821	0.0780	0.0757	0.0768	0.0831	0.0908	0.0661	0.0573	0.0604	0.0669	0.0764	0.0885	0.0534	0.0464	0.0415	0.0432	0.0497	0.0603	0.0792
2246	0.0923	0.0940	0.0871	0.0888	0.0856	0.0890	0.0863	0.0893	0.0901	0.0826	0.0792	0.0756	0.0764	0.0838	0.0913	0.0653	0.0570	0.0601	0.0659	0.0763	0.0888	0.0534	0.0463	0.0415	0.0436	0.0491	0.0600	0.0791
2247	0.0921	0.0931	0.0869	0.0883	0.0852	0.0892	0.0870	0.0895	0.0907	0.0827	0.0798	0.0752	0.0758	0.0838	0.0916	0.0654	0.0579	0.0599	0.0665	0.0752	0.0887	0.0529	0.0467	0.0406	0.0438	0.0497	0.0593	0.0791
2248	0.0918	0.0923	0.0868	0.0880	0.0850	0.0893	0.0875	0.0898	0.0912	0.0826	0.0803	0.0753	0.0758	0.0839	0.0917	0.0658	0.0590	0.0599	0.0670	0.0741	0.0884	0.0526	0.0470	0.0398	0.0437	0.0502	0.0588	0.0793
2249	0.0916	0.0928	0.0870	0.0885	0.0849	0.0895	0.0870	0.0899	0.0911	0.0821	0.0799	0.0763	0.0771	0.0837	0.0920	0.0662	0.0591	0.0601	0.0666	0.0740	0.0884	0.0525	0.0466	0.0401	0.0439	0.0501	0.0591	0.0790
2250	0.0917	0.0934	0.0873	0.0892	0.0848	0.0897	0.0865	0.0898	0.0910	0.0815	0.0791	0.0773	0.0781	0.0833	0.0924	0.0664	0.0591	0.0602	0.0660	0.0741	0.0883	0.0526	0.0460	0.0407	0.0445	0.0499	0.0598	0.0786
2251	0.0922	0.0931	0.0877	0.0891	0.0848	0.0894	0.0863	0.0888	0.0901	0.0809	0.0788	0.0770	0.0787	0.0831	0.0921	0.0661	0.0590	0.0603	0.0655	0.0748	0.0878	0.0528	0.0459	0.0416	0.0451	0.0500	0.0606	0.0783
2252	0.0929	0.0924	0.0881	0.0889	0.0849	0.0889	0.0862	0.0876	0.0891	0.0805	0.0786	0.0763	0.0791	0.0830	0.0918	0.0657	0.0589	0.0605	0.0652	0.0753	0.0874	0.0529	0.0460	0.0425	0.0454	0.0504	0.0609	0.0780
2253	0.0933	0.0918	0.0875	0.0892	0.0847	0.0881	0.0860	0.0871	0.0898	0.0803	0.0783	0.0754	0.0787	0.0825	0.0909	0.0656	0.0594	0.0604	0.0648	0.0746	0.0862	0.0527	0.0457	0.0431	0.0446	0.0517	0.0614	0.0779
2254	0.0935	0.0912	0.0870	0.0899	0.0846	0.0874	0.0859	0.0870	0.0908	0.0801	0.0780	0.0746	0.0785	0.0820	0.0897	0.0657	0.0599	0.0600	0.0646	0.0737	0.0848	0.0524	0.0457	0.0435	0.0437	0.0529	0.0619	0.0778
2255	0.0924	0.0912	0.0872	0.0897	0.0851	0.0871	0.0864	0.0869	0.0906	0.0803	0.0780	0.0745	0.0785	0.0817	0.0892	0.0657	0.0601	0.0598	0.0640	0.0729	0.0852	0.0520	0.0467	0.0436	0.0435	0.0524	0.0612	0.0777
2256	0.0912	0.0915	0.0873	0.0891	0.0854	0.0867	0.0868	0.0870	0.0902	0.0804	0.0778	0.0745	0.0781	0.0819	0.0890	0.0655	0.0600	0.0600	0.0632	0.0722	0.0859	0.0517	0.0473	0.0437	0.0436	0.0510	0.0606	0.0777
2257	0.0903	0.0920	0.0876	0.0883	0.0849	0.0868	0.0864	0.0873	0.0895	0.0804	0.0772	0.0744	0.0783	0.0825	0.0890	0.0656	0.0599	0.0598	0.0635	0.0725	0.0863	0.0513	0.0467	0.0433	0.0438	0.0502	0.0608	0.0781
2258	0.0898	0.0923	0.0882	0.0871	0.0847	0.0875	0.0858	0.0873	0.0890	0.0803	0.0767	0.0744	0.0785	0.0830	0.0893	0.0659	0.0600	0.0598	0.0640	0.0732	0.0862	0.0511	0.0459	0.0431	0.0437	0.0497	0.0608	0.0786
2259	0.0898	0.0926	0.0889	0.0864	0.0851	0.0885	0.0847	0.0874	0.0892	0.0798	0.0763	0.0742	0.0786	0.0832	0.0898	0.0654	0.0597	0.0597	0.0639	0.0738	0.0860	0.0523	0.0454	0.0425	0.0435	0.0502	0.0615	0.0787
2260	0.0900	0.0923	0.0895	0.0861	0.0856	0.0894	0.0835	0.0871	0.0895	0.0790	0.0762	0.0741	0.0789	0.0830	0.0904	0.0646	0.0593	0.0596	0.0635	0.0740	0.0861	0.0534	0.0449	0.0417	0.0433	0.0513	0.0624	0.0786
2261	0.0908	0.0923	0.0892	0.0858	0.0851	0.0896	0.0831	0.0870	0.0897	0.0786	0.0762	0.0745	0.0787	0.0830	0.0906	0.0642	0.0589	0.0597	0.0636	0.0740	0.0859	0.0528	0.0449	0.0414	0.0435	0.0511	0.0626	0.0780
2262	0.0920	0.0927	0.0887	0.0863	0.0839	0.0889	0.0835	0.0875	0.0904	0.0788	0.0762	0.0753	0.0778	0.0832	0.0898	0.0635	0.0585	0.0595	0.0639	0.0741	0.0863	0.0521	0.0452	0.0409	0.0440	0.0503	0.0626	0.0774
2263	0.0924	0.0920	0.0882	0.0864	0.0828	0.0882	0.0837	0.0876	0.0906	0.0784	0.0755	0.0760	0.0771	0.0835	0.0893	0.0630	0.0581	0.0591	0.0647	0.0736	0.0862	0.0516	0.0450	0.0407	0.0445	0.0501	0.0621	0.0776
2264	0.0919	0.0910	0.0875	0.0862	0.0823	0.0878	0.0835	0.0878	0.0903	0.0778	0.0748	0.0758	0.0768	0.0839	0.0894	0.0625	0.0581	0.0586	0.0656	0.0727	0.0851	0.0511	0.0448	0.0410	0.0450	0.0504	0.0607	0.0781
2265	0.0913	0.0902	0.0871	0.0862	0.0821	0.0876	0.0835	0.0879	0.0900	0.0770	0.0751	0.0750	0.0766	0.0842	0.0895	0.0625	0.0580	0.0589	0.0659	0.0719	0.0848	0.0508	0.0452	0.0409	0.0453	0.0500	0.0594	0.0790
2266	0.0907	0.0896	0.0870	0.0862	0.0825	0.0878	0.0842	0.0873	0.0895	0.0755	0.0763	0.0739	0.0767	0.0843	0.0893	0.0630	0.0574	0.0600	0.0657	0.0716	0.0847	0.0509	0.0461	0.0407	0.0456	0.0490	0.0591	0.0799
2267	0.0900	0.0901	0.0872	0.0859	0.0832	0.0881	0.0845	0.0866	0.0884	0.0747	0.0768	0.0729	0.0765	0.0838	0.0889	0.0631	0.0568	0.0610	0.0654	0.0719	0.0844	0.0506	0.0466	0.0407	0.0452	0.0488	0.0589	0.0801
2268	0.0898	0.0902	0.0873	0.0853	0.0842	0.0881	0.0840	0.0863	0.0865	0.0744	0.0758	0.0724	0.0763	0.0825	0.0887	0.0628	0.0568	0.0620	0.0649	0.0725	0.0851	0.0503	0.0455	0.0401	0.0445	0.0491	0.0585	0.0796
2269	0.0899	0.0904	0.0873	0.0848	0.0845	0.0881	0.0837	0.0860	0.0856	0.0746	0.0751	0.0720	0.0767	0.0813	0.0891	0.0622	0.0570	0.0625	0.0643	0.0733	0.0853	0.0502	0.0444	0.0397	0.0437	0.0495	0.0579	0.0789
2270	0.0905	0.0915	0.0870	0.0852	0.0834	0.0882	0.0829	0.0863	0.0863	0.0759	0.0750	0.0722	0.0772	0.0807	0.0899	0.0614	0.0571	0.0622	0.0640	0.0734	0.0849	0.0499	0.0440	0.0398	0.0433	0.0497	0.0571	0.0781
2271	0.0907	0.0916	0.0868	0.0854	0.0824	0.0883	0.0822	0.0871	0.0869	0.0767	0.0752	0.0725	0.0777	0.0804	0.0900	0.0614	0.0572	0.0617	0.0631	0.0733	0.0848	0.0501	0.0436	0.0397	0.0436	0.0499	0.0568	0.0778
2272	0.0893	0.0908	0.0872	0.0852	0.0827	0.0883	0.0828	0.0875	0.0872	0.0772	0.0762	0.0729	0.0771	0.0808	0.0898	0.0622	0.0575	0.0606	0.0623	0.0735	0.0852	0.0510	0.0432	0.0396	0.0435	0.0501	0.0567	0.0780
2273	0.0881	0.0900	0.0873	0.0853	0.0830	0.0879	0.0833	0.0871	0.0877	0.0778	0.0770	0.0735	0.0764	0.0811	0.0895	0.0627	0.0579	0.0601	0.0613	0.0735	0.0849	0.0517	0.0432	0.0392	0.0427	0.0502	0.0567	0.0778
2274	0.0878	0.0896	0.0869	0.0857	0.0828	0.0871	0.0836	0.0866	0.0883	0.0778	0.0771	0.0734	0.0765	0.0810	0.0891	0.0627	0.0582	0.0598	0.0594	0.0732	0.0838	0.0523	0.0429	0.0389	0.0417	0.0497	0.0572	0.0779
2275	0.0877	0.0893	0.0867	0.0861	0.0822	0.0862	0.0837	0.0859	0.0889	0.0779	0.0774	0.0735	0.0764	0.0810	0.0888	0.0626	0.0584	0.0592	0.0581	0.0726	0.0833	0.0528	0.0424	0.0386	0.0411	0.0490	0.0574	0.0780
2276	0.0885	0.0891	0.0863	0.0870	0.0819	0.0856	0.0835	0.0848	0.0893	0.0779	0.0776	0.0740	0.0767	0.0810	0.0885	0.0628	0.0585	0.0579	0.0583	0.0728	0.0836	0.0522	0.0420	0.0384	0.0408	0.0494	0.0573	0.0780
2277	0.0890	0.0889	0.0858	0.0878	0.0821	0.0854	0.0836	0.0839	0.0896	0.0779	0.0772	0.0744	0.0770	0.0812	0.0884	0.0634	0.0583	0.0568	0.0588	0.0732	0.0837	0.0513	0.0419	0.0389	0.0405	0.0499	0.0572	0.0783
2278	0.0882	0.0895	0.0851	0.0876	0.0818	0.0863	0.0836	0.0830	0.0892	0.0780	0.0770	0.0742	0.0763	0.0816	0.0884	0.0631	0.0580	0.0566	0.0595	0.0731	0.0843	0.0502	0.0427	0.0393	0.0403	0.0493	0.0576	0.0785
2279	0.0875	0.0902	0.0845	0.0872	0.0814	0.0871	0.0837	0.0825	0.0883	0.0782	0.0768	0.0737	0.0757	0.0818	0.0883	0.0627	0.0579	0.0568	0.0598	0.0729	0.0852	0.0495	0.0433	0.0397	0.0403	0.0484	0.0581	0.0788
2280	0.0871	0.0903	0.0847	0.0864	0.0817	0.0875	0.0841	0.0832	0.0874	0.0788	0.0756	0.0727	0.0760	0.0810	0.0878	0.0633	0.0578	0.0580	0.0607	0.0725	0.0866	0.0502	0.0436	0.0403	0.0404	0.0477	0.0579	0.0790
2281	0.0865	0.0902	0.0850	0.0858	0.0817	0.0878	0.0843	0.0835	0.0866	0.0793	0.0748	0.0716	0.0759	0.0802	0.0872	0.0637	0.0579	0.0590	0.0615	0.0720	0.0876	0.0510	0.0439	0.0407	0.0406	0.0472	0.0578	0.0791
2282	0.0871	0.0893	0.0850	0.0857	0.0807	0.0869	0.0844	0.0830	0.0858	0.0785	0.0748	0.0706	0.0750	0.0800	0.0869	0.0632	0.0585	0.0586	0.0624	0.0708	0.0873	0.0511	0.0433	0.0409	0.0416	0.0469	0.0585	0.0789
2283	0.0880	0.0884	0.0850	0.0856	0.0797	0.0860	0.0846	0.0827	0.0852	0.0776	0.0748	0.0698	0.0742	0.0799	0.0871	0.0628	0.0589	0.0582	0.0633	0.0695	0.0867	0.0509	0.0426	0.0410	0.0423	0.0467	0.0591	0.0787
2284	0.0880	0.0880	0.0847	0.0853	0.0797	0.0857	0.0842	0.0819	0.0854	0.0773	0.0749	0.0699	0.0735	0.0795	0.0876	0.0625	0.0583	0.0581	0.0639	0.0694	0.0855	0.0501	0.0418	0.0409	0.0421	0.0466	0.0594	0.0784
2285	0.0878	0.0875	0.0842	0.0853	0.0798	0.0856	0.0839	0.0808	0.0858	0.0771	0.0748	0.0703	0.0731	0.0793	0.0879	0.0624	0.0576	0.0578	0.0645	0.0698	0.0842	0.0494	0.0411	0.0408	0.0417	0.0465	0.0598	0.0780
2286	0.0878	0.0873	0.0838	0.0857	0.0801	0.0856	0.0836	0.0804	0.0860	0.0765	0.0747	0.0706	0.0733	0.0785	0.0867	0.0621	0.0572	0.0577	0.0645	0.0703	0.0835	0.0487	0.0410	0.0400	0.0406	0.0469	0.0589	0.0774
2287	0.0878	0.0872	0.0835	0.0859	0.0807	0.0856	0.0831	0.0803	0.0860	0.0760	0.0747	0.0708	0.0734	0.0776	0.0854	0.0617	0.0568	0.0576	0.0641	0.0704	0.0827	0.0478	0.0409	0.0392	0.0397	0.0475	0.0579	0.0767
2288	0.0867	0.0870	0.0837	0.0853	0.0810	0.0853	0.0819	0.0802	0.0856	0.0759	0.0746	0.0710	0.0731	0.0771	0.0847	0.0616	0.0563	0.0578	0.0633	0.0702	0.0822	0.0473	0.0406	0.0396	0.0392	0.0468	0.0572	0.0767
2289	0.0857	0.0867	0.0842	0.0847	0.0810	0.0852	0.0806	0.0803	0.0853	0.0758	0.0744	0.0711	0.0728	0.0769	0.0842	0.0615	0.0560	0.0580	0.0625	0.0699	0.0817	0.0468	0.0403	0.0404	0.0389	0.0457	0.0566	0.0768
2290	0.0848	0.0863	0.0845	0.0842	0.0805	0.0854	0.0793	0.0809	0.0857	0.0754	0.0744	0.0710	0.0730	0.0775	0.0850	0.0608	0.0557	0.0571	0.0622	0.0693	0.0815	0.0469	0.0404	0.0409	0.0395	0.0456	0.0558	0.0763
2291	0.0841	0.0858	0.0846	0.0841	0.0798	0.0860	0.0783	0.0815	0.0860	0.0752	0.0743	0.0711	0.0733	0.0782	0.0862	0.0602	0.0555	0.0558	0.0621	0.0691	0.0816	0.0475	0.0404	0.0413	0.0402	0.0459	0.0551	0.0755
2292	0.0850	0.0852	0.0842	0.0844	0.0797	0.0863	0.0785	0.0815	0.0855	0.0750	0.0743	0.0709	0.0739	0.0781	0.0876	0.0601	0.0560	0.0554	0.0625	0.0694	0.0828	0.0479	0.0398	0.0414	0.0412	0.0457	0.0550	0.0749
2293	0.0862	0.0851	0.0835	0.0845	0.0797	0.0862	0.0790	0.0815	0.0847	0.0748	0.0742	0.0701	0.0743	0.0780	0.0886	0.0596	0.0562	0.0556	0.0628	0.0697	0.0839	0.0479	0.0393	0.0414	0.0422	0.0453	0.0551	0.0743
2294	0.0868	0.0862	0.0828	0.0840	0.0796	0.0854	0.0797	0.0814	0.0836	0.0748	0.0736	0.0695	0.0737	0.0779	0.0882	0.0597	0.0567	0.0559	0.0626	0.0698	0.0840	0.0474	0.0392	0.0410	0.0419	0.0442	0.0552	0.0748
2295	0.0871	0.0874	0.0822	0.0835	0.0798	0.0843	0.0798	0.0813	0.0828	0.0750	0.0731	0.0697	0.0731	0.0782	0.0877	0.0600	0.0572	0.0560	0.0625	0.0697	0.0837	0.0470	0.0394	0.0405	0.0414	0.0425	0.0552	0.0759
2296	0.0867	0.0876	0.0823	0.0831	0.0804	0.0831	0.0802	0.0819	0.0826	0.0748	0.0725	0.0691	0.0731	0.0777	0.0874	0.0597	0.0565	0.0555	0.0621	0.0700	0.0821	0.0470	0.0401	0.0399	0.0406	0.0428	0.0547	0.0762
2297	0.0860	0.0875	0.0827	0.0828	0.0808	0.0823	0.0807	0.0829	0.0828	0.0745	0.0720	0.0676	0.0730	0.0769	0.0873	0.0593	0.0554	0.0550	0.0616	0.0704	0.0799	0.0472	0.0410	0.0396	0.0397	0.0437	0.0544	0.0760
2298	0.0853	0.0871	0.0823	0.0817	0.0807	0.0816	0.0801	0.0833	0.0836	0.0738	0.0720	0.0676	0.0725	0.0768	0.0862	0.0596	0.0549	0.0550	0.0610	0.0710	0.0791	0.0478	0.0416	0.0395	0.0403	0.0444	0.0543	0.0755
2299	0.0844	0.0865	0.0813	0.0801	0.0809	0.0812	0.0801	0.0836	0.0843	0.0731	0.0725	0.0683	0.0720	0.0768	0.0849	0.0598	0.0551	0.0549	0.0602	0.0713	0.0787	0.0479	0.0418	0.0398	0.0415	0.0455	0.0539	0.0748
2300	0.0842	0.0860	0.0802	0.0798	0.0812	0.0815	0.0805	0.0839	0.0848	0.0717	0.0726	0.0688	0.0720	0.0771	0.0845	0.0595	0.0552	0.0552	0.0597	0.0712	0.0779	0.0477	0.0415	0.0398	0.0421	0.0456	0.0541	0.0745
2301	0.0843	0.0856	0.0794	0.0806	0.0814	0.0821	0.0801	0.0839	0.0846	0.0700	0.0722	0.0694	0.0717	0.0773	0.0843	0.0593	0.0553	0.0560	0.0593	0.0712	0.0771	0.0476	0.0413	0.0390	0.0421	0.0452	0.0546	0.0748
2302	0.0840	0.0854	0.0785	0.0814	0.0820	0.0827	0.0797	0.0834	0.0838	0.0693	0.0716	0.0689	0.0712	0.0774	0.0846	0.0591	0.0549	0.0558	0.0589	0.0713	0.0767	0.0470	0.0414	0.0383	0.0418	0.0451	0.0548	0.0752
2303	0.0833	0.0854	0.0784	0.0823	0.0825	0.0831	0.0797	0.0827	0.0831	0.0687	0.0713	0.0680	0.0705	0.0779	0.0855	0.0591	0.0542	0.0557	0.0587	0.0709	0.0769	0.0463	0.0418	0.0381	0.0414	0.0452	0.0547	0.0752
2304	0.0830	0.0854	0.0785	0.0827	0.0823	0.0832	0.0798	0.0822	0.0830	0.0684	0.0710	0.0679	0.0698	0.0784	0.0859	0.0593	0.0543	0.0555	0.0586	0.0711	0.0776	0.0463	0.0420	0.0380	0.0411	0.0446	0.0545	0.0750
2305	0.0837	0.0850	0.0786	0.0824	0.0816	0.0830	0.0795	0.0822	0.0836	0.0688	0.0706	0.0683	0.0695	0.0783	0.0856	0.0594	0.0544	0.0545	0.0587	0.0712	0.0782	0.0469	0.0422	0.0379	0.0405	0.0440	0.0546	0.0750
2306	0.0839	0.0847	0.0791	0.0819	0.0808	0.0824	0.0791	0.0818	0.0836	0.0696	0.0703	0.0684	0.0693	0.0778	0.0850	0.0596	0.0546	0.0538	0.0588	0.0711	0.0790	0.0469	0.0422	0.0378	0.0406	0.0436	0.0548	0.0743
2307	0.0838	0.0848	0.0793	0.0812	0.0806	0.0815	0.0789	0.0810	0.0827	0.0705	0.0692	0.0684	0.0696	0.0769	0.0843	0.0593	0.0551	0.0534	0.0583	0.0724	0.0798	0.0464	0.0416	0.0376	0.0413	0.0428	0.0551	0.0728
2308	0.0839	0.0843	0.0792	0.0804	0.0806	0.0804	0.0787	0.0801	0.0820	0.0710	0.0680	0.0679	0.0696	0.0760	0.0841	0.0587	0.0549	0.0529	0.0580	0.0730	0.0803	0.0461	0.0414	0.0376	0.0406	0.0427	0.0553	0.0722
2309	0.0836	0.0838	0.0788	0.0800	0.0807	0.0797	0.0787	0.0791	0.0810	0.0713	0.0676	0.0669	0.0699	0.0759	0.0842	0.0583	0.0546	0.0530	0.0584	0.0724	0.0805	0.0456	0.0414	0.0378	0.0395	0.0434	0.0554	0.0731
2310	0.0834	0.0832	0.0788	0.0796	0.0810	0.0793	0.0783	0.0786	0.0797	0.0717	0.0674	0.0663	0.0699	0.0762	0.0842	0.0586	0.0550	0.0540	0.0586	0.0718	0.0804	0.0449	0.0410	0.0377	0.0395	0.0435	0.0554	0.0736
2311	0.0837	0.0824	0.0798	0.0791	0.0809	0.0795	0.0770	0.0786	0.0789	0.0721	0.0673	0.0667	0.0694	0.0768	0.0851	0.0591	0.0555	0.0556	0.0579	0.0706	0.0804	0.0443	0.0397	0.0378	0.0403	0.0429	0.0552	0.0734
2312	0.0837	0.0827	0.0812	0.0786	0.0808	0.0794	0.0761	0.0788	0.0789	0.0727	0.0674	0.0668	0.0693	0.0770	0.0851	0.0594	0.0556	0.0562	0.0576	0.0698	0.0799	0.0442	0.0390	0.0382	0.0412	0.0428	0.0551	0.0732
2313	0.0843	0.0839	0.0822	0.0779	0.0802	0.0789	0.0760	0.0792	0.0797	0.0737	0.0681	0.0664	0.0695	0.0766	0.0835	0.0594	0.0545	0.0553	0.0577	0.0696	0.0783	0.0441	0.0394	0.0382	0.0416	0.0424	0.0550	0.0734
2314	0.0847	0.0849	0.0828	0.0777	0.0794	0.0785	0.0762	0.0790	0.0804	0.0743	0.0689	0.0662	0.0697	0.0764	0.0821	0.0593	0.0533	0.0544	0.0572	0.0694	0.0768	0.0439	0.0394	0.0382	0.0413	0.0417	0.0540	0.0740
2315	0.0839	0.0853	0.0819	0.0785	0.0793	0.0777	0.0766	0.0787	0.0806	0.0747	0.0690	0.0665	0.0704	0.0766	0.0811	0.0598	0.0535	0.0541	0.0572	0.0695	0.0755	0.0438	0.0390	0.0385	0.0399	0.0420	0.0527	0.0739
2316	0.0831	0.0852	0.0809	0.0796	0.0787	0.0772	0.0768	0.0787	0.0805	0.0747	0.0689	0.0672	0.0711	0.0767	0.0806	0.0602	0.0538	0.0541	0.0574	0.0693	0.0749	0.0435	0.0384	0.0386	0.0386	0.0415	0.0520	0.0738
2317	0.0819	0.0847	0.0806	0.0809	0.0780	0.0778	0.0771	0.0779	0.0804	0.0734	0.0681	0.0680	0.0710	0.0766	0.0818	0.0597	0.0544	0.0538	0.0578	0.0688	0.0762	0.0438	0.0374	0.0384	0.0377	0.0408	0.0529	0.0726
2318	0.0810	0.0842	0.0801	0.0821	0.0775	0.0783	0.0777	0.0773	0.0804	0.0725	0.0674	0.0684	0.0704	0.0764	0.0831	0.0590	0.0549	0.0538	0.0583	0.0682	0.0772	0.0444	0.0364	0.0378	0.0366	0.0411	0.0538	0.0718
2319	0.0808	0.0848	0.0784	0.0823	0.0775	0.0790	0.0781	0.0774	0.0802	0.0726	0.0676	0.0677	0.0690	0.0762	0.0832	0.0584	0.0549	0.0539	0.0579	0.0672	0.0766	0.0450	0.0368	0.0373	0.0373	0.0420	0.0540	0.0730
2320	0.0807	0.0854	0.0773	0.0820	0.0778	0.0795	0.0779	0.0772	0.0802	0.0725	0.0677	0.0668	0.0682	0.0761	0.0830	0.0577	0.0550	0.0540	0.0571	0.0666	0.0759	0.0455	0.0378	0.0370	0.0385	0.0429	0.0542	0.0742
2321	0.0810	0.0851	0.0769	0.0812	0.0780	0.0795	0.0773	0.0765	0.0797	0.0728	0.0670	0.0652	0.0677	0.0761	0.0823	0.0570	0.0549	0.0548	0.0562	0.0670	0.0762	0.0455	0.0395	0.0374	0.0396	0.0425	0.0538	0.0750
2322	0.0809	0.0845	0.0765	0.0802	0.0783	0.0799	0.0769	0.0761	0.0791	0.0729	0.0668	0.0640	0.0671	0.0762	0.0812	0.0563	0.0549	0.0553	0.0553	0.0673	0.0764	0.0453	0.0408	0.0379	0.0408	0.0425	0.0536	0.0754
2323	0.0800	0.0838	0.0774	0.0792	0.0778	0.0810	0.0761	0.0768	0.0790	0.0720	0.0666	0.0640	0.0667	0.0763	0.0808	0.0547	0.0544	0.0551	0.0549	0.0670	0.0765	0.0444	0.0406	0.0374	0.0410	0.0429	0.0550	0.0744
2324	0.0791	0.0833	0.0781	0.0786	0.0771	0.0816	0.0756	0.0773	0.0791	0.0713	0.0666	0.0639	0.0663	0.0765	0.0806	0.0530	0.0537	0.0552	0.0544	0.0669	0.0767	0.0439	0.0403	0.0369	0.0409	0.0428	0.0561	0.0733
2325	0.0787	0.0823	0.0785	0.0790	0.0759	0.0809	0.0755	0.0770	0.0792	0.0712	0.0672	0.0645	0.0676	0.0775	0.0808	0.0517	0.0518	0.0557	0.0537	0.0666	0.0774	0.0440	0.0405	0.0365	0.0403	0.0425	0.0548	0.0722
2326	0.0785	0.0812	0.0791	0.0792	0.0743	0.0803	0.0750	0.0768	0.0794	0.0709	0.0673	0.0654	0.0689	0.0783	0.0813	0.0511	0.0499	0.0561	0.0536	0.0662	0.0781	0.0437	0.0410	0.0362	0.0395	0.0423	0.0535	0.0712
2327	0.0786	0.0814	0.0794	0.0790	0.0732	0.0792	0.0739	0.0763	0.0803	0.0706	0.0668	0.0658	0.0690	0.0778	0.0815	0.0533	0.0496	0.0558	0.0546	0.0665	0.0774	0.0430	0.0402	0.0357	0.0385	0.0424	0.0529	0.0721
2328	0.0789	0.0820	0.0796	0.0785	0.0723	0.0782	0.0733	0.0758	0.0810	0.0704	0.0662	0.0658	0.0689	0.0772	0.0817	0.0551	0.0497	0.0553	0.0555	0.0672	0.0767	0.0423	0.0392	0.0352	0.0375	0.0425	0.0527	0.0731
2329	0.0791	0.0824	0.0795	0.0776	0.0727	0.0783	0.0739	0.0758	0.0813	0.0702	0.0662	0.0651	0.0680	0.0758	0.0815	0.0555	0.0515	0.0542	0.0551	0.0674	0.0771	0.0428	0.0386	0.0350	0.0365	0.0426	0.0527	0.0731
2330	0.0793	0.0827	0.0793	0.0768	0.0732	0.0783	0.0745	0.0757	0.0816	0.0700	0.0664	0.0647	0.0672	0.0745	0.0813	0.0559	0.0530	0.0532	0.0547	0.0675	0.0771	0.0435	0.0381	0.0348	0.0356	0.0427	0.0529	0.0730
2331	0.0802	0.0822	0.0786	0.0770	0.0729	0.0778	0.0744	0.0759	0.0817	0.0700	0.0662	0.0646	0.0682	0.0743	0.0816	0.0563	0.0527	0.0519	0.0546	0.0674	0.0755	0.0434	0.0371	0.0347	0.0345	0.0432	0.0540	0.0737
2332	0.0810	0.0816	0.0777	0.0774	0.0725	0.0774	0.0744	0.0762	0.0818	0.0699	0.0658	0.0644	0.0693	0.0742	0.0818	0.0568	0.0523	0.0506	0.0545	0.0671	0.0741	0.0432	0.0359	0.0345	0.0335	0.0436	0.0550	0.0745
2333	0.0803	0.0814	0.0769	0.0773	0.0729	0.0774	0.0746	0.0759	0.0812	0.0696	0.0660	0.0634	0.0696	0.0744	0.0814	0.0561	0.0516	0.0504	0.0537	0.0664	0.0748	0.0428	0.0352	0.0350	0.0341	0.0437	0.0559	0.0757
2334	0.0796	0.0811	0.0761	0.0771	0.0734	0.0772	0.0748	0.0755	0.0805	0.0694	0.0661	0.0623	0.0696	0.0743	0.0812	0.0551	0.0510	0.0504	0.0529	0.0658	0.0757	0.0424	0.0347	0.0352	0.0346	0.0438	0.0569	0.0769
2335	0.0804	0.0808	0.0754	0.0762	0.0735	0.0767	0.0752	0.0752	0.0793	0.0674	0.0658	0.0609	0.0681	0.0723	0.0813	0.0547	0.0508	0.0500	0.0529	0.0653	0.0755	0.0428	0.0353	0.0340	0.0356	0.0437	0.0572	0.0768
2336	0.0811	0.0807	0.0747	0.0754	0.0733	0.0761	0.0758	0.0750	0.0779	0.0649	0.0655	0.0593	0.0666	0.0705	0.0814	0.0544	0.0506	0.0496	0.0534	0.0647	0.0750	0.0434	0.0361	0.0331	0.0368	0.0437	0.0573	0.0763
2337	0.0812	0.0807	0.0749	0.0756	0.0744	0.0753	0.0757	0.0744	0.0765	0.0638	0.0652	0.0586	0.0666	0.0706	0.0811	0.0536	0.0507	0.0494	0.0551	0.0648	0.0754	0.0435	0.0370	0.0335	0.0369	0.0428	0.0557	0.0753
2338	0.0816	0.0804	0.0754	0.0758	0.0759	0.0745	0.0754	0.0740	0.0752	0.0632	0.0651	0.0583	0.0667	0.0707	0.0807	0.0529	0.0507	0.0493	0.0566	0.0648	0.0761	0.0436	0.0378	0.0340	0.0368	0.0417	0.0541	0.0743
2339	0.0811	0.0793	0.0771	0.0748	0.0762	0.0751	0.0749	0.0745	0.0756	0.0626	0.0645	0.0602	0.0659	0.0710	0.0790	0.0530	0.0504	0.0492	0.0568	0.0643	0.0773	0.0430	0.0374	0.0354	0.0359	0.0423	0.0532	0.0731
2340	0.0803	0.0784	0.0787	0.0737	0.0761	0.0761	0.0746	0.0751	0.0763	0.0621	0.0640	0.0625	0.0649	0.0711	0.0773	0.0532	0.0499	0.0489	0.0567	0.0637	0.0784	0.0425	0.0370	0.0368	0.0346	0.0432	0.0525	0.0719
2341	0.0795	0.0770	0.0792	0.0739	0.0756	0.0767	0.0750	0.0754	0.0768	0.0632	0.0646	0.0641	0.0637	0.0707	0.0777	0.0531	0.0487	0.0491	0.0560	0.0640	0.0775	0.0412	0.0364	0.0363	0.0347	0.0432	0.0522	0.0706
2342	0.0786	0.0753	0.0794	0.0745	0.0750	0.0770	0.0755	0.0754	0.0775	0.0646	0.0648	0.0652	0.0626	0.0702	0.0780	0.0528	0.0476	0.0493	0.0553	0.0644	0.0763	0.0398	0.0360	0.0356	0.0351	0.0430	0.0519	0.0691
2343	0.0788	0.0754	0.0783	0.0754	0.0748	0.0765	0.0756	0.0742	0.0766	0.0647	0.0639	0.0644	0.0627	0.0697	0.0786	0.0524	0.0480	0.0501	0.0554	0.0638	0.0759	0.0400	0.0360	0.0357	0.0369	0.0425	0.0508	0.0679
2344	0.0794	0.0758	0.0771	0.0763	0.0750	0.0759	0.0754	0.0730	0.0751	0.0648	0.0631	0.0635	0.0629	0.0692	0.0792	0.0521	0.0486	0.0511	0.0558	0.0628	0.0754	0.0403	0.0360	0.0358	0.0389	0.0421	0.0494	0.0671
2345	0.0795	0.0761	0.0769	0.0769	0.0746	0.0753	0.0737	0.0730	0.0743	0.0643	0.0621	0.0622	0.0623	0.0685	0.0786	0.0523	0.0501	0.0506	0.0565	0.0626	0.0751	0.0413	0.0352	0.0355	0.0384	0.0423	0.0498	0.0678
2346	0.0794	0.0760	0.0772	0.0774	0.0743	0.0752	0.0718	0.0736	0.0739	0.0632	0.0613	0.0612	0.0612	0.0672	0.0781	0.0524	0.0519	0.0503	0.0571	0.0628	0.0749	0.0425	0.0344	0.0353	0.0376	0.0427	0.0507	0.0688
2347	0.0780	0.0762	0.0764	0.0766	0.0743	0.0751	0.0707	0.0735	0.0739	0.0632	0.0614	0.0619	0.0605	0.0662	0.0772	0.0522	0.0524	0.0496	0.0562	0.0626	0.0751	0.0437	0.0345	0.0353	0.0366	0.0421	0.0518	0.0686
2348	0.0764	0.0766	0.0751	0.0757	0.0741	0.0747	0.0701	0.0730	0.0743	0.0640	0.0617	0.0627	0.0601	0.0652	0.0764	0.0522	0.0523	0.0485	0.0551	0.0626	0.0755	0.0447	0.0348	0.0351	0.0353	0.0413	0.0528	0.0681
2349	0.0755	0.0770	0.0748	0.0758	0.0738	0.0743	0.0704	0.0730	0.0755	0.0649	0.0628	0.0624	0.0608	0.0660	0.0772	0.0519	0.0517	0.0483	0.0543	0.0636	0.0742	0.0451	0.0357	0.0346	0.0354	0.0410	0.0526	0.0683
2350	0.0743	0.0777	0.0749	0.0758	0.0735	0.0735	0.0705	0.0727	0.0763	0.0654	0.0643	0.0617	0.0620	0.0675	0.0781	0.0517	0.0507	0.0486	0.0535	0.0649	0.0725	0.0453	0.0368	0.0343	0.0360	0.0407	0.0520	0.0691
2351	0.0742	0.0769	0.0757	0.0746	0.0724	0.0735	0.0699	0.0728	0.0767	0.0656	0.0650	0.0615	0.0630	0.0676	0.0775	0.0516	0.0501	0.0490	0.0532	0.0641	0.0713	0.0442	0.0367	0.0342	0.0358	0.0405	0.0509	0.0698
2352	0.0746	0.0752	0.0768	0.0730	0.0711	0.0740	0.0691	0.0731	0.0772	0.0662	0.0651	0.0618	0.0637	0.0677	0.0760	0.0513	0.0500	0.0490	0.0533	0.0621	0.0704	0.0429	0.0366	0.0338	0.0357	0.0405	0.0497	0.0696
2353	0.0754	0.0743	0.0763	0.0723	0.0701	0.0738	0.0680	0.0736	0.0769	0.0669	0.0640	0.0611	0.0641	0.0673	0.0754	0.0508	0.0504	0.0482	0.0533	0.0614	0.0695	0.0418	0.0362	0.0329	0.0343	0.0410	0.0491	0.0688
2354	0.0762	0.0738	0.0753	0.0722	0.0699	0.0737	0.0671	0.0740	0.0763	0.0672	0.0625	0.0600	0.0646	0.0667	0.0754	0.0501	0.0508	0.0468	0.0534	0.0616	0.0686	0.0407	0.0351	0.0313	0.0324	0.0418	0.0487	0.0683
2355	0.0764	0.0742	0.0745	0.0720	0.0705	0.0738	0.0660	0.0732	0.0751	0.0666	0.0614	0.0584	0.0642	0.0668	0.0748	0.0497	0.0505	0.0461	0.0539	0.0620	0.0689	0.0400	0.0341	0.0298	0.0319	0.0430	0.0482	0.0686
2356	0.0766	0.0747	0.0740	0.0717	0.0710	0.0738	0.0644	0.0721	0.0735	0.0655	0.0606	0.0565	0.0638	0.0673	0.0740	0.0497	0.0493	0.0457	0.0548	0.0619	0.0700	0.0396	0.0333	0.0287	0.0324	0.0442	0.0475	0.0695
2357	0.0763	0.0749	0.0733	0.0705	0.0714	0.0726	0.0640	0.0714	0.0721	0.0647	0.0597	0.0557	0.0634	0.0680	0.0736	0.0504	0.0491	0.0443	0.0545	0.0627	0.0709	0.0401	0.0338	0.0297	0.0322	0.0439	0.0473	0.0692
2358	0.0757	0.0754	0.0725	0.0689	0.0720	0.0708	0.0640	0.0704	0.0708	0.0642	0.0590	0.0554	0.0630	0.0680	0.0734	0.0512	0.0500	0.0426	0.0538	0.0645	0.0716	0.0411	0.0346	0.0317	0.0313	0.0429	0.0474	0.0683
2359	0.0763	0.0759	0.0727	0.0682	0.0720	0.0700	0.0650	0.0704	0.0712	0.0648	0.0583	0.0569	0.0635	0.0678	0.0735	0.0518	0.0508	0.0424	0.0539	0.0646	0.0722	0.0427	0.0348	0.0326	0.0319	0.0424	0.0487	0.0678
2360	0.0771	0.0771	0.0733	0.0680	0.0714	0.0698	0.0673	0.0708	0.0726	0.0655	0.0579	0.0596	0.0640	0.0680	0.0737	0.0522	0.0518	0.0432	0.0536	0.0637	0.0724	0.0448	0.0348	0.0332	0.0330	0.0421	0.0507	0.0673
2361	0.0763	0.0768	0.0730	0.0675	0.0716	0.0709	0.0684	0.0707	0.0719	0.0656	0.0580	0.0608	0.0643	0.0689	0.0737	0.0516	0.0523	0.0439	0.0536	0.0631	0.0720	0.0446	0.0350	0.0334	0.0331	0.0426	0.0515	0.0673
2362	0.0751	0.0753	0.0723	0.0667	0.0721	0.0729	0.0686	0.0706	0.0701	0.0660	0.0580	0.0608	0.0644	0.0702	0.0739	0.0502	0.0522	0.0446	0.0543	0.0625	0.0711	0.0432	0.0357	0.0332	0.0331	0.0436	0.0518	0.0678
2363	0.0749	0.0745	0.0715	0.0672	0.0722	0.0744	0.0699	0.0711	0.0701	0.0653	0.0578	0.0601	0.0645	0.0699	0.0722	0.0495	0.0513	0.0453	0.0549	0.0615	0.0714	0.0428	0.0361	0.0331	0.0325	0.0430	0.0518	0.0668
2364	0.0755	0.0734	0.0708	0.0686	0.0721	0.0757	0.0716	0.0721	0.0712	0.0640	0.0583	0.0591	0.0646	0.0689	0.0693	0.0494	0.0502	0.0462	0.0559	0.0604	0.0721	0.0429	0.0364	0.0331	0.0316	0.0419	0.0510	0.0650
2365	0.0755	0.0731	0.0697	0.0689	0.0717	0.0759	0.0727	0.0718	0.0726	0.0633	0.0595	0.0593	0.0642	0.0692	0.0682	0.0506	0.0495	0.0469	0.0556	0.0590	0.0724	0.0428	0.0364	0.0335	0.0321	0.0412	0.0500	0.0647
2366	0.0751	0.0737	0.0684	0.0684	0.0715	0.0750	0.0733	0.0704	0.0734	0.0625	0.0604	0.0600	0.0635	0.0700	0.0683	0.0530	0.0492	0.0473	0.0542	0.0575	0.0725	0.0424	0.0354	0.0337	0.0333	0.0402	0.0494	0.0652
2367	0.0744	0.0739	0.0685	0.0682	0.0713	0.0735	0.0736	0.0698	0.0736	0.0621	0.0603	0.0599	0.0630	0.0707	0.0699	0.0540	0.0486	0.0478	0.0538	0.0567	0.0718	0.0416	0.0347	0.0331	0.0331	0.0400	0.0495	0.0651
2368	0.0736	0.0740	0.0696	0.0683	0.0712	0.0711	0.0739	0.0701	0.0733	0.0622	0.0600	0.0595	0.0627	0.0707	0.0727	0.0538	0.0478	0.0483	0.0539	0.0561	0.0709	0.0406	0.0342	0.0322	0.0319	0.0404	0.0499	0.0648
2369	0.0732	0.0732	0.0697	0.0690	0.0706	0.0692	0.0729	0.0699	0.0721	0.0620	0.0597	0.0592	0.0621	0.0705	0.0734	0.0528	0.0469	0.0488	0.0536	0.0552	0.0698	0.0409	0.0336	0.0313	0.0311	0.0420	0.0506	0.0652
2370	0.0734	0.0718	0.0687	0.0698	0.0688	0.0675	0.0708	0.0693	0.0705	0.0615	0.0595	0.0592	0.0615	0.0704	0.0726	0.0514	0.0456	0.0492	0.0528	0.0542	0.0685	0.0425	0.0332	0.0306	0.0305	0.0444	0.0512	0.0664
2371	0.0744	0.0704	0.0687	0.0703	0.0672	0.0671	0.0694	0.0693	0.0697	0.0610	0.0588	0.0585	0.0611	0.0697	0.0725	0.0506	0.0446	0.0498	0.0523	0.0538	0.0680	0.0424	0.0335	0.0298	0.0306	0.0444	0.0513	0.0669
2372	0.0759	0.0690	0.0694	0.0703	0.0662	0.0677	0.0685	0.0693	0.0697	0.0607	0.0572	0.0569	0.0607	0.0687	0.0732	0.0501	0.0438	0.0504	0.0518	0.0540	0.0680	0.0408	0.0348	0.0286	0.0310	0.0426	0.0516	0.0667
2373	0.0760	0.0688	0.0698	0.0701	0.0656	0.0684	0.0681	0.0694	0.0702	0.0599	0.0575	0.0567	0.0605	0.0676	0.0737	0.0496	0.0423	0.0504	0.0511	0.0551	0.0678	0.0403	0.0353	0.0279	0.0315	0.0415	0.0515	0.0670
2374	0.0748	0.0697	0.0705	0.0695	0.0657	0.0690	0.0680	0.0697	0.0714	0.0589	0.0591	0.0576	0.0605	0.0664	0.0739	0.0497	0.0405	0.0495	0.0505	0.0564	0.0672	0.0408	0.0348	0.0278	0.0321	0.0410	0.0511	0.0674
2375	0.0742	0.0707	0.0708	0.0688	0.0659	0.0677	0.0679	0.0697	0.0724	0.0585	0.0601	0.0579	0.0604	0.0661	0.0733	0.0512	0.0411	0.0481	0.0499	0.0568	0.0672	0.0411	0.0343	0.0291	0.0322	0.0404	0.0507	0.0679
2376	0.0746	0.0717	0.0707	0.0682	0.0661	0.0652	0.0677	0.0697	0.0729	0.0588	0.0609	0.0580	0.0604	0.0668	0.0718	0.0537	0.0436	0.0474	0.0493	0.0557	0.0677	0.0409	0.0335	0.0317	0.0316	0.0395	0.0501	0.0687
2377	0.0743	0.0726	0.0708	0.0686	0.0661	0.0640	0.0672	0.0699	0.0726	0.0591	0.0608	0.0574	0.0600	0.0669	0.0712	0.0549	0.0456	0.0473	0.0485	0.0552	0.0681	0.0405	0.0319	0.0333	0.0308	0.0383	0.0499	0.0685
2378	0.0731	0.0733	0.0708	0.0694	0.0658	0.0636	0.0666	0.0703	0.0716	0.0589	0.0595	0.0555	0.0587	0.0664	0.0717	0.0544	0.0468	0.0479	0.0473	0.0559	0.0686	0.0397	0.0297	0.0335	0.0304	0.0365	0.0495	0.0672
2379	0.0722	0.0732	0.0704	0.0698	0.0662	0.0632	0.0664	0.0703	0.0708	0.0592	0.0582	0.0548	0.0577	0.0661	0.0716	0.0534	0.0476	0.0481	0.0469	0.0572	0.0688	0.0389	0.0287	0.0339	0.0307	0.0357	0.0485	0.0659
2380	0.0718	0.0723	0.0704	0.0701	0.0666	0.0630	0.0667	0.0696	0.0707	0.0600	0.0570	0.0557	0.0576	0.0662	0.0710	0.0522	0.0480	0.0471	0.0475	0.0592	0.0692	0.0384	0.0291	0.0341	0.0315	0.0354	0.0468	0.0648
2381	0.0708	0.0717	0.0712	0.0697	0.0666	0.0631	0.0672	0.0684	0.0708	0.0603	0.0570	0.0558	0.0576	0.0659	0.0703	0.0511	0.0479	0.0456	0.0480	0.0593	0.0699	0.0381	0.0289	0.0341	0.0318	0.0361	0.0459	0.0645
2382	0.0690	0.0712	0.0725	0.0689	0.0666	0.0633	0.0676	0.0669	0.0707	0.0605	0.0578	0.0554	0.0579	0.0654	0.0693	0.0507	0.0474	0.0445	0.0483	0.0575	0.0703	0.0382	0.0283	0.0339	0.0309	0.0385	0.0460	0.0649
2383	0.0677	0.0708	0.0728	0.0683	0.0658	0.0639	0.0679	0.0657	0.0709	0.0605	0.0582	0.0561	0.0590	0.0643	0.0688	0.0503	0.0464	0.0441	0.0476	0.0562	0.0702	0.0377	0.0283	0.0332	0.0309	0.0398	0.0461	0.0651
2384	0.0673	0.0702	0.0724	0.0676	0.0645	0.0646	0.0683	0.0649	0.0719	0.0606	0.0577	0.0584	0.0605	0.0628	0.0692	0.0496	0.0453	0.0447	0.0457	0.0560	0.0692	0.0365	0.0289	0.0317	0.0320	0.0395	0.0461	0.0654
2385	0.0669	0.0701	0.0724	0.0672	0.0636	0.0647	0.0691	0.0640	0.0723	0.0607	0.0565	0.0594	0.0613	0.0615	0.0699	0.0490	0.0453	0.0450	0.0452	0.0567	0.0686	0.0366	0.0295	0.0304	0.0334	0.0391	0.0460	0.0655
2386	0.0668	0.0707	0.0728	0.0675	0.0635	0.0642	0.0708	0.0630	0.0720	0.0603	0.0547	0.0584	0.0610	0.0596	0.0711	0.0480	0.0462	0.0450	0.0464	0.0576	0.0691	0.0383	0.0301	0.0301	0.0353	0.0384	0.0459	0.0655
2387	0.0666	0.0702	0.0721	0.0674	0.0634	0.0646	0.0712	0.0626	0.0709	0.0597	0.0534	0.0573	0.0604	0.0587	0.0717	0.0469	0.0477	0.0441	0.0473	0.0576	0.0688	0.0395	0.0304	0.0297	0.0360	0.0382	0.0457	0.0658
2388	0.0665	0.0685	0.0699	0.0662	0.0631	0.0658	0.0698	0.0628	0.0679	0.0590	0.0530	0.0564	0.0597	0.0593	0.0712	0.0460	0.0501	0.0424	0.0480	0.0570	0.0675	0.0402	0.0297	0.0287	0.0350	0.0382	0.0458	0.0668
2389	0.0661	0.0676	0.0686	0.0652	0.0631	0.0664	0.0679	0.0628	0.0663	0.0585	0.0528	0.0554	0.0593	0.0598	0.0699	0.0453	0.0516	0.0411	0.0482	0.0562	0.0673	0.0410	0.0297	0.0284	0.0344	0.0383	0.0459	0.0666
2390	0.0652	0.0678	0.0683	0.0644	0.0632	0.0662	0.0655	0.0621	0.0669	0.0580	0.0526	0.0543	0.0596	0.0607	0.0672	0.0447	0.0516	0.0404	0.0477	0.0552	0.0691	0.0421	0.0307	0.0286	0.0348	0.0388	0.0454	0.0648
2391	0.0645	0.0680	0.0679	0.0636	0.0631	0.0653	0.0633	0.0622	0.0669	0.0578	0.0520	0.0527	0.0600	0.0608	0.0657	0.0440	0.0505	0.0407	0.0466	0.0545	0.0700	0.0421	0.0314	0.0289	0.0344	0.0389	0.0453	0.0637
2392	0.0645	0.0677	0.0681	0.0633	0.0628	0.0638	0.0616	0.0636	0.0660	0.0579	0.0508	0.0502	0.0606	0.0592	0.0658	0.0434	0.0482	0.0422	0.0442	0.0541	0.0692	0.0404	0.0320	0.0296	0.0325	0.0387	0.0457	0.0636
2393	0.0647	0.0678	0.0680	0.0626	0.0623	0.0628	0.0616	0.0644	0.0647	0.0583	0.0502	0.0487	0.0611	0.0580	0.0659	0.0435	0.0465	0.0440	0.0430	0.0533	0.0686	0.0389	0.0317	0.0296	0.0312	0.0381	0.0454	0.0639
2394	0.0651	0.0686	0.0675	0.0612	0.0618	0.0627	0.0639	0.0644	0.0634	0.0590	0.0504	0.0483	0.0615	0.0576	0.0658	0.0441	0.0459	0.0463	0.0436	0.0526	0.0679	0.0374	0.0296	0.0286	0.0314	0.0368	0.0444	0.0652
2395	0.0655	0.0692	0.0677	0.0612	0.0612	0.0627	0.0657	0.0649	0.0626	0.0584	0.0511	0.0484	0.0609	0.0578	0.0661	0.0441	0.0458	0.0474	0.0441	0.0528	0.0673	0.0362	0.0277	0.0286	0.0322	0.0355	0.0445	0.0660
2396	0.0658	0.0691	0.0694	0.0635	0.0603	0.0630	0.0670	0.0663	0.0620	0.0561	0.0525	0.0490	0.0590	0.0595	0.0668	0.0430	0.0459	0.0466	0.0446	0.0540	0.0671	0.0358	0.0260	0.0299	0.0338	0.0339	0.0460	0.0657
2397	0.0664	0.0683	0.0702	0.0649	0.0593	0.0629	0.0671	0.0671	0.0623	0.0549	0.0535	0.0490	0.0572	0.0608	0.0669	0.0420	0.0451	0.0457	0.0446	0.0550	0.0669	0.0353	0.0262	0.0311	0.0349	0.0338	0.0470	0.0652
2398	0.0678	0.0671	0.0692	0.0651	0.0582	0.0624	0.0654	0.0673	0.0642	0.0556	0.0541	0.0485	0.0554	0.0616	0.0662	0.0413	0.0434	0.0445	0.0441	0.0558	0.0669	0.0346	0.0291	0.0320	0.0351	0.0361	0.0475	0.0638
2399	0.0688	0.0657	0.0679	0.0652	0.0573	0.0619	0.0645	0.0667	0.0645	0.0558	0.0555	0.0492	0.0547	0.0620	0.0658	0.0410	0.0421	0.0432	0.0435	0.0558	0.0664	0.0343	0.0310	0.0332	0.0345	0.0373	0.0477	0.0632
2400	0.0690	0.0643	0.0662	0.0651	0.0570	0.0610	0.0651	0.0645	0.0623	0.0550	0.0581	0.0517	0.0556	0.0617	0.0662	0.0415	0.0416	0.0421	0.0421	0.0544	0.0651	0.0346	0.0317	0.0351	0.0328	0.0366	0.0475	0.0644
2401	0.0694	0.0635	0.0646	0.0646	0.0567	0.0610	0.0645	0.0629	0.0611	0.0547	0.0600	0.0541	0.0563	0.0612	0.0662	0.0413	0.0424	0.0408	0.0416	0.0532	0.0639	0.0353	0.0318	0.0361	0.0317	0.0361	0.0475	0.0644
2402	0.0695	0.0639	0.0629	0.0635	0.0568	0.0623	0.0618	0.0627	0.0621	0.0553	0.0607	0.0558	0.0565	0.0604	0.0656	0.0403	0.0457	0.0392	0.0425	0.0529	0.0626	0.0369	0.0314	0.0355	0.0312	0.0366	0.0474	0.0625
2403	0.0690	0.0648	0.0617	0.0630	0.0570	0.0630	0.0591	0.0621	0.0633	0.0558	0.0607	0.0565	0.0564	0.0600	0.0651	0.0399	0.0474	0.0381	0.0435	0.0526	0.0621	0.0383	0.0313	0.0343	0.0304	0.0367	0.0474	0.0609
2404	0.0676	0.0667	0.0619	0.0637	0.0568	0.0632	0.0560	0.0610	0.0652	0.0561	0.0593	0.0556	0.0563	0.0601	0.0653	0.0404	0.0460	0.0381	0.0444	0.0525	0.0631	0.0393	0.0317	0.0323	0.0287	0.0361	0.0475	0.0601
2405	0.0666	0.0681	0.0624	0.0651	0.0577	0.0637	0.0545	0.0597	0.0665	0.0550	0.0577	0.0541	0.0560	0.0608	0.0657	0.0411	0.0448	0.0387	0.0447	0.0523	0.0641	0.0391	0.0321	0.0310	0.0272	0.0359	0.0474	0.0597
2406	0.0666	0.0684	0.0634	0.0673	0.0607	0.0648	0.0557	0.0578	0.0668	0.0513	0.0555	0.0522	0.0554	0.0626	0.0666	0.0420	0.0438	0.0406	0.0439	0.0520	0.0651	0.0369	0.0328	0.0312	0.0265	0.0360	0.0471	0.0599
2407	0.0661	0.0690	0.0638	0.0679	0.0626	0.0652	0.0576	0.0576	0.0664	0.0489	0.0538	0.0517	0.0553	0.0633	0.0679	0.0432	0.0433	0.0422	0.0435	0.0520	0.0657	0.0351	0.0330	0.0309	0.0263	0.0364	0.0470	0.0597
2408	0.0647	0.0701	0.0629	0.0656	0.0623	0.0645	0.0606	0.0600	0.0647	0.0492	0.0536	0.0532	0.0563	0.0623	0.0697	0.0448	0.0436	0.0433	0.0441	0.0524	0.0656	0.0342	0.0320	0.0298	0.0271	0.0376	0.0472	0.0593
2409	0.0636	0.0700	0.0628	0.0640	0.0618	0.0641	0.0624	0.0619	0.0631	0.0493	0.0532	0.0548	0.0565	0.0619	0.0703	0.0456	0.0436	0.0445	0.0448	0.0533	0.0651	0.0334	0.0315	0.0296	0.0276	0.0387	0.0472	0.0589
2410	0.0630	0.0680	0.0641	0.0633	0.0610	0.0642	0.0617	0.0627	0.0616	0.0490	0.0525	0.0571	0.0556	0.0625	0.0688	0.0451	0.0433	0.0458	0.0454	0.0551	0.0640	0.0323	0.0317	0.0307	0.0272	0.0392	0.0468	0.0585
2411	0.0625	0.0672	0.0648	0.0632	0.0606	0.0640	0.0616	0.0629	0.0607	0.0497	0.0519	0.0585	0.0547	0.0626	0.0667	0.0449	0.0421	0.0470	0.0464	0.0559	0.0626	0.0319	0.0319	0.0311	0.0277	0.0395	0.0466	0.0577
2412	0.0623	0.0684	0.0649	0.0641	0.0607	0.0631	0.0627	0.0626	0.0610	0.0522	0.0514	0.0582	0.0538	0.0618	0.0634	0.0452	0.0390	0.0485	0.0481	0.0547	0.0609	0.0327	0.0321	0.0300	0.0300	0.0392	0.0471	0.0562
2413	0.0623	0.0687	0.0646	0.0633	0.0604	0.0620	0.0625	0.0622	0.0615	0.0542	0.0505	0.0569	0.0528	0.0613	0.0616	0.0452	0.0365	0.0487	0.0491	0.0534	0.0593	0.0329	0.0313	0.0291	0.0317	0.0389	0.0470	0.0547
2414	0.0626	0.0672	0.0635	0.0591	0.0594	0.0604	0.0598	0.0617	0.0625	0.0551	0.0490	0.0536	0.0518	0.0613	0.0627	0.0442	0.0348	0.0467	0.0485	0.0519	0.0578	0.0317	0.0288	0.0286	0.0324	0.0382	0.0460	0.0531
2415	0.0625	0.0654	0.0620	0.0563	0.0582	0.0596	0.0576	0.0616	0.0630	0.0550	0.0484	0.0511	0.0512	0.0605	0.0632	0.0436	0.0331	0.0451	0.0475	0.0516	0.0573	0.0312	0.0274	0.0290	0.0327	0.0378	0.0454	0.0518
2416	0.0617	0.0630	0.0598	0.0561	0.0570	0.0604	0.0562	0.0625	0.0627	0.0530	0.0497	0.0503	0.0513	0.0580	0.0626	0.0434	0.0314	0.0443	0.0459	0.0538	0.0585	0.0319	0.0283	0.0308	0.0327	0.0380	0.0455	0.0511
2417	0.0614	0.0615	0.0587	0.0566	0.0566	0.0618	0.0559	0.0626	0.0630	0.0524	0.0505	0.0491	0.0522	0.0569	0.0619	0.0435	0.0301	0.0449	0.0446	0.0549	0.0597	0.0323	0.0291	0.0316	0.0325	0.0376	0.0454	0.0513
2418	0.0621	0.0616	0.0599	0.0582	0.0574	0.0646	0.0573	0.0612	0.0642	0.0542	0.0503	0.0476	0.0548	0.0582	0.0612	0.0440	0.0299	0.0483	0.0437	0.0540	0.0607	0.0321	0.0296	0.0307	0.0322	0.0362	0.0449	0.0535
2419	0.0622	0.0621	0.0607	0.0593	0.0578	0.0666	0.0583	0.0602	0.0649	0.0555	0.0500	0.0471	0.0554	0.0592	0.0609	0.0444	0.0302	0.0497	0.0430	0.0535	0.0614	0.0323	0.0297	0.0299	0.0319	0.0350	0.0437	0.0559
2420	0.0613	0.0637	0.0609	0.0594	0.0574	0.0674	0.0583	0.0599	0.0647	0.0560	0.0497	0.0486	0.0523	0.0595	0.0614	0.0447	0.0313	0.0474	0.0427	0.0538	0.0616	0.0332	0.0291	0.0295	0.0318	0.0344	0.0411	0.0588
2421	0.0606	0.0642	0.0603	0.0594	0.0567	0.0671	0.0576	0.0583	0.0644	0.0558	0.0491	0.0492	0.0508	0.0597	0.0621	0.0450	0.0324	0.0457	0.0431	0.0538	0.0614	0.0343	0.0287	0.0285	0.0316	0.0339	0.0400	0.0605
2422	0.0602	0.0630	0.0583	0.0593	0.0556	0.0651	0.0553	0.0544	0.0640	0.0546	0.0481	0.0482	0.0519	0.0595	0.0633	0.0453	0.0337	0.0452	0.0449	0.0532	0.0608	0.0359	0.0285	0.0264	0.0311	0.0338	0.0417	0.0602
2423	0.0596	0.0617	0.0569	0.0592	0.0550	0.0634	0.0535	0.0521	0.0634	0.0536	0.0484	0.0474	0.0530	0.0590	0.0644	0.0452	0.0350	0.0453	0.0459	0.0534	0.0602	0.0366	0.0276	0.0262	0.0301	0.0344	0.0426	0.0590
2424	0.0587	0.0601	0.0563	0.0592	0.0553	0.0626	0.0524	0.0524	0.0626	0.0527	0.0510	0.0468	0.0541	0.0576	0.0656	0.0446	0.0363	0.0463	0.0458	0.0549	0.0596	0.0359	0.0255	0.0293	0.0283	0.0360	0.0422	0.0565
2425	0.0584	0.0595	0.0560	0.0594	0.0557	0.0619	0.0517	0.0535	0.0616	0.0522	0.0537	0.0477	0.0551	0.0564	0.0664	0.0432	0.0370	0.0472	0.0460	0.0553	0.0589	0.0349	0.0235	0.0309	0.0283	0.0368	0.0415	0.0549
2426	0.0591	0.0607	0.0562	0.0601	0.0567	0.0614	0.0518	0.0562	0.0605	0.0524	0.0562	0.0514	0.0558	0.0554	0.0665	0.0405	0.0365	0.0477	0.0470	0.0542	0.0583	0.0338	0.0216	0.0301	0.0314	0.0357	0.0407	0.0547
2427	0.0603	0.0616	0.0562	0.0614	0.0572	0.0607	0.0518	0.0588	0.0592	0.0514	0.0577	0.0541	0.0560	0.0557	0.0666	0.0383	0.0372	0.0473	0.0471	0.0528	0.0578	0.0344	0.0222	0.0296	0.0326	0.0339	0.0407	0.0553
2428	0.0623	0.0617	0.0564	0.0635	0.0569	0.0596	0.0518	0.0611	0.0578	0.0488	0.0573	0.0552	0.0551	0.0579	0.0665	0.0367	0.0403	0.0456	0.0458	0.0511	0.0571	0.0375	0.0270	0.0294	0.0307	0.0310	0.0418	0.0571
2429	0.0630	0.0604	0.0570	0.0645	0.0561	0.0587	0.0510	0.0625	0.0566	0.0464	0.0556	0.0564	0.0538	0.0589	0.0659	0.0358	0.0425	0.0446	0.0437	0.0505	0.0571	0.0397	0.0302	0.0295	0.0300	0.0294	0.0429	0.0580
2430	0.0620	0.0569	0.0581	0.0634	0.0540	0.0580	0.0491	0.0629	0.0554	0.0441	0.0517	0.0579	0.0515	0.0581	0.0646	0.0365	0.0433	0.0442	0.0405	0.0518	0.0580	0.0402	0.0307	0.0305	0.0317	0.0301	0.0441	0.0574
2431	0.0607	0.0551	0.0592	0.0620	0.0532	0.0574	0.0488	0.0617	0.0536	0.0427	0.0492	0.0580	0.0502	0.0575	0.0652	0.0380	0.0432	0.0439	0.0389	0.0523	0.0590	0.0399	0.0306	0.0311	0.0332	0.0315	0.0456	0.0565
2432	0.0584	0.0561	0.0603	0.0603	0.0545	0.0566	0.0512	0.0581	0.0513	0.0426	0.0491	0.0558	0.0510	0.0575	0.0689	0.0408	0.0414	0.0435	0.0394	0.0513	0.0605	0.0389	0.0296	0.0305	0.0341	0.0338	0.0484	0.0550
2433	0.0556	0.0575	0.0610	0.0597	0.0550	0.0553	0.0531	0.0559	0.0511	0.0429	0.0492	0.0518	0.0513	0.0582	0.0703	0.0417	0.0397	0.0428	0.0407	0.0496	0.0613	0.0380	0.0285	0.0292	0.0336	0.0346	0.0497	0.0548
2434	0.0518	0.0602	0.0613	0.0602	0.0546	0.0536	0.0538	0.0551	0.0541	0.0445	0.0501	0.0452	0.0510	0.0596	0.0677	0.0393	0.0387	0.0412	0.0432	0.0467	0.0610	0.0369	0.0280	0.0267	0.0301	0.0327	0.0483	0.0566
2435	0.0486	0.0627	0.0613	0.0608	0.0541	0.0525	0.0543	0.0549	0.0566	0.0466	0.0501	0.0416	0.0495	0.0599	0.0645	0.0384	0.0389	0.0391	0.0438	0.0455	0.0614	0.0354	0.0288	0.0245	0.0274	0.0310	0.0472	0.0584
2436	0.0466	0.0650	0.0611	0.0610	0.0536	0.0524	0.0551	0.0555	0.0583	0.0494	0.0486	0.0426	0.0464	0.0588	0.0611	0.0398	0.0413	0.0369	0.0417	0.0475	0.0630	0.0338	0.0310	0.0229	0.0269	0.0297	0.0466	0.0600
2437	0.0475	0.0644	0.0597	0.0605	0.0522	0.0519	0.0557	0.0567	0.0588	0.0506	0.0479	0.0434	0.0441	0.0581	0.0590	0.0402	0.0433	0.0352	0.0399	0.0500	0.0634	0.0319	0.0318	0.0222	0.0254	0.0299	0.0447	0.0606
2438	0.0526	0.0591	0.0563	0.0597	0.0495	0.0497	0.0553	0.0593	0.0580	0.0493	0.0482	0.0438	0.0422	0.0581	0.0587	0.0396	0.0443	0.0347	0.0385	0.0530	0.0625	0.0298	0.0302	0.0226	0.0226	0.0326	0.0407	0.0598
2439	0.0556	0.0556	0.0530	0.0601	0.0488	0.0501	0.0562	0.0589	0.0565	0.0471	0.0498	0.0449	0.0433	0.0575	0.0589	0.0357	0.0446	0.0346	0.0370	0.0539	0.0615	0.0288	0.0297	0.0222	0.0212	0.0346	0.0379	0.0583
2440	0.0561	0.0546	0.0494	0.0630	0.0504	0.0546	0.0584	0.0554	0.0543	0.0443	0.0530	0.0475	0.0484	0.0560	0.0599	0.0267	0.0436	0.0347	0.0362	0.0523	0.0602	0.0289	0.0310	0.0207	0.0215	0.0360	0.0366	0.0556
2441	0.0561	0.0541	0.0483	0.0650	0.0508	0.0577	0.0584	0.0547	0.0528	0.0440	0.0532	0.0504	0.0525	0.0538	0.0612	0.0217	0.0428	0.0357	0.0357	0.0505	0.0604	0.0291	0.0307	0.0209	0.0193	0.0353	0.0370	0.0531
2442	0.0551	0.0545	0.0506	0.0663	0.0496	0.0597	0.0558	0.0568	0.0520	0.0474	0.0497	0.0527	0.0551	0.0505	0.0633	0.0228	0.0432	0.0377	0.0350	0.0474	0.0622	0.0290	0.0285	0.0234	0.0144	0.0318	0.0398	0.0512
2443	0.0535	0.0539	0.0524	0.0666	0.0501	0.0610	0.0537	0.0593	0.0506	0.0505	0.0480	0.0541	0.0560	0.0477	0.0630	0.0258	0.0422	0.0416	0.0343	0.0441	0.0625	0.0293	0.0275	0.0252	0.0137	0.0297	0.0417	0.0518
2444	0.0512	0.0514	0.0543	0.0647	0.0541	0.0596	0.0522	0.0631	0.0490	0.0514	0.0488	0.0534	0.0550	0.0450	0.0589	0.0314	0.0384	0.0484	0.0331	0.0414	0.0605	0.0302	0.0281	0.0254	0.0176	0.0291	0.0431	0.0560
2445	0.0513	0.0503	0.0546	0.0626	0.0545	0.0579	0.0513	0.0646	0.0497	0.0514	0.0491	0.0520	0.0545	0.0425	0.0561	0.0338	0.0356	0.0516	0.0334	0.0419	0.0585	0.0308	0.0298	0.0253	0.0203	0.0288	0.0421	0.0590
2446	0.0531	0.0515	0.0517	0.0599	0.0500	0.0563	0.0506	0.0619	0.0534	0.0501	0.0489	0.0504	0.0539	0.0410	0.0549	0.0331	0.0344	0.0496	0.0361	0.0467	0.0567	0.0305	0.0321	0.0259	0.0220	0.0277	0.0378	0.0606
2447	0.0535	0.0528	0.0486	0.0592	0.0475	0.0551	0.0497	0.0607	0.0554	0.0496	0.0501	0.0497	0.0516	0.0417	0.0530	0.0341	0.0332	0.0453	0.0368	0.0505	0.0541	0.0299	0.0312	0.0271	0.0236	0.0258	0.0354	0.0631
2448	0.0539	0.0538	0.0461	0.0611	0.0471	0.0552	0.0489	0.0625	0.0547	0.0502	0.0522	0.0510	0.0487	0.0455	0.0508	0.0370	0.0308	0.0390	0.0364	0.0524	0.0521	0.0303	0.0272	0.0270	0.0247	0.0237	0.0347	0.0667
2449	0.0539	0.0540	0.0459	0.0593	0.0479	0.0531	0.0470	0.0626	0.0574	0.0513	0.0530	0.0500	0.0484	0.0499	0.0514	0.0376	0.0286	0.0369	0.0352	0.0532	0.0533	0.0312	0.0264	0.0270	0.0262	0.0225	0.0342	0.0692
2450	0.0518	0.0530	0.0490	0.0543	0.0510	0.0490	0.0440	0.0598	0.0637	0.0530	0.0530	0.0466	0.0518	0.0545	0.0547	0.0344	0.0269	0.0387	0.0326	0.0530	0.0569	0.0309	0.0284	0.0285	0.0275	0.0226	0.0345	0.0703
2451	0.0501	0.0533	0.0538	0.0509	0.0535	0.0456	0.0432	0.0571	0.0693	0.0515	0.0542	0.0457	0.0530	0.0559	0.0566	0.0341	0.0261	0.0385	0.0337	0.0538	0.0590	0.0297	0.0292	0.0280	0.0273	0.0234	0.0354	0.0706
2452	0.0486	0.0562	0.0601	0.0493	0.0541	0.0438	0.0450	0.0547	0.0736	0.0472	0.0556	0.0482	0.0513	0.0536	0.0565	0.0381	0.0268	0.0358	0.0375	0.0566	0.0599	0.0283	0.0295	0.0252	0.0273	0.0244	0.0358	0.0694
2453	0.0486	0.0557	0.0628	0.0502	0.0537	0.0501	0.0478	0.0530	0.0748	0.0452	0.0525	0.0502	0.0498	0.0550	0.0584	0.0414	0.0297	0.0329	0.0387	0.0565	0.0619	0.0273	0.0310	0.0227	0.0241	0.0216	0.0373	0.0674
2454	0.0513	0.0506	0.0608	0.0520	0.0538	0.0632	0.0525	0.0515	0.0740	0.0453	0.0446	0.0514	0.0487	0.0609	0.0639	0.0433	0.0351	0.0315	0.0396	0.0524	0.0653	0.0276	0.0336	0.0195	0.0184	0.0150	0.0411	0.0654
2455	0.0500	0.0461	0.0593	0.0536	0.0572	0.0704	0.0547	0.0478	0.0707	0.0433	0.0397	0.0498	0.0499	0.0641	0.0646	0.0427	0.0391	0.0312	0.0388	0.0450	0.0656	0.0303	0.0319	0.0184	0.0155	0.0131	0.0419	0.0653
2456	0.0450	0.0426	0.0590	0.0571	0.0614	0.0725	0.0539	0.0422	0.0655	0.0389	0.0396	0.0429	0.0538	0.0658	0.0589	0.0418	0.0403	0.0327	0.0369	0.0371	0.0641	0.0361	0.0251	0.0217	0.0133	0.0168	0.0392	0.0648
2457	0.0455	0.0443	0.0583	0.0589	0.0569	0.0728	0.0533	0.0398	0.0619	0.0385	0.0408	0.0377	0.0531	0.0639	0.0559	0.0398	0.0410	0.0364	0.0383	0.0348	0.0613	0.0414	0.0269	0.0268	0.0130	0.0208	0.0360	0.0587
2458	0.0505	0.0490	0.0571	0.0570	0.0467	0.0704	0.0510	0.0406	0.0585	0.0435	0.0411	0.0365	0.0466	0.0571	0.0574	0.0334	0.0401	0.0406	0.0411	0.0360	0.0561	0.0462	0.0363	0.0322	0.0169	0.0267	0.0314	0.0494
2459	0.0536	0.0517	0.0536	0.0573	0.0436	0.0677	0.0505	0.0421	0.0564	0.0479	0.0364	0.0418	0.0456	0.0533	0.0583	0.0295	0.0384	0.0395	0.0437	0.0430	0.0545	0.0452	0.0420	0.0347	0.0225	0.0306	0.0318	0.0440
2460	0.0543	0.0531	0.0492	0.0615	0.0474	0.0630	0.0529	0.0430	0.0564	0.0525	0.0298	0.0520	0.0488	0.0511	0.0548	0.0296	0.0368	0.0348	0.0454	0.0529	0.0537	0.0408	0.0472	0.0354	0.0279	0.0311	0.0387	0.0424
2461	0.0541	0.0480	0.0466	0.0591	0.0491	0.0593	0.0503	0.0383	0.0580	0.0561	0.0301	0.0577	0.0516	0.0552	0.0565	0.0293	0.0364	0.0337	0.0476	0.0588	0.0535	0.0357	0.0449	0.0369	0.0299	0.0289	0.0422	0.0395
2462	0.0544	0.0392	0.0450	0.0508	0.0449	0.0595	0.0427	0.0308	0.0625	0.0584	0.0341	0.0601	0.0564	0.0669	0.0655	0.0287	0.0415	0.0333	0.0503	0.0616	0.0571	0.0287	0.0333	0.0408	0.0295	0.0266	0.0459	0.0331
2463	0.0540	0.0407	0.0475	0.0485	0.0404	0.0618	0.0434	0.0291	0.0693	0.0618	0.0400	0.0596	0.0596	0.0775	0.0666	0.0284	0.0451	0.0340	0.0495	0.0584	0.0591	0.0270	0.0246	0.0416	0.0259	0.0265	0.0487	0.0382
2464	0.0521	0.0480	0.0526	0.0498	0.0376	0.0684	0.0521	0.0330	0.0763	0.0638	0.0482	0.0564	0.0609	0.0854	0.0636	0.0297	0.0427	0.0373	0.0472	0.0513	0.0593	0.0283	0.0187	0.0368	0.0189	0.0262	0.0464	0.0512
2465	0.0576	0.0533	0.0505	0.0485	0.0364	0.0701	0.0557	0.0436	0.0774	0.0607	0.0520	0.0540	0.0621	0.0829	0.0644	0.0298	0.0402	0.0360	0.0444	0.0482	0.0598	0.0262	0.0161	0.0289	0.0163	0.0265	0.0400	0.0540
2466	0.0685	0.0596	0.0423	0.0464	0.0386	0.0646	0.0547	0.0552	0.0729	0.0579	0.0521	0.0530	0.0644	0.0777	0.0659	0.0265	0.0407	0.0306	0.0425	0.0454	0.0585	0.0209	0.0159	0.0201	0.0168	0.0246	0.0284	0.0533
2467	0.0648	0.0587	0.0358	0.0436	0.0437	0.0600	0.0555	0.0616	0.0680	0.0532	0.0573	0.0501	0.0676	0.0789	0.0621	0.0301	0.0403	0.0237	0.0424	0.0377	0.0537	0.0086	0.0151	0.0149	0.0197	0.0246	0.0296	0.0442
2468	0.0546	0.0544	0.0312	0.0398	0.0491	0.0541	0.0583	0.0666	0.0670	0.0405	0.0684	0.0430	0.0690	0.0731	0.0527	0.0409	0.0385	0.0137	0.0453	0.0296	0.0443	0.0000	0.0130	0.0111	0.0225	0.0253	0.0394	0.0295
2469	0.0556	0.0547	0.0319	0.0424	0.0518	0.0446	0.0624	0.0682	0.0699	0.0350	0.0766	0.0336	0.0575	0.0734	0.0467	0.0427	0.0446	0.0117	0.0542	0.0278	0.0378	0.0000	0.0080	0.0117	0.0295	0.0275	0.0469	0.0326
2470	0.0616	0.0550	0.0331	0.0511	0.0512	0.0363	0.0653	0.0658	0.0707	0.0348	0.0778	0.0200	0.0415	0.0836	0.0443	0.0386	0.0531	0.0163	0.0649	0.0356	0.0399	0.0000	0.0025	0.0155	0.0402	0.0329	0.0560	0.0489
2471	0.0658	0.0590	0.0320	0.0601	0.0513	0.0480	0.0685	0.0663	0.0705	0.0335	0.0688	0.0141	0.0389	0.0903	0.0511	0.0339	0.0573	0.0164	0.0753	0.0483	0.0471	0.0000	0.0000	0.0169	0.0380	0.0394	0.0600	0.0615
2472	0.0702	0.0673	0.0328	0.0622	0.0514	0.0680	0.0753	0.0708	0.0683	0.0368	0.0563	0.0169	0.0403	0.0962	0.0618	0.0313	0.0581	0.0120	0.0815	0.0609	0.0562	0.0000	0.0000	0.0171	0.0302	0.0468	0.0620	0.0672
2473	0.0752	0.0671	0.0375	0.0606	0.0509	0.0712	0.0694	0.0647	0.0743	0.0397	0.0432	0.0175	0.0388	0.0958	0.0650	0.0268	0.0578	0.0076	0.0783	0.0831	0.0561	0.0000	0.0038	0.0114	0.0244	0.0382	0.0574	0.0667
2474	0.0819	0.0614	0.0471	0.0625	0.0579	0.0686	0.0540	0.0537	0.0870	0.0399	0.0332	0.0277	0.0353	0.0920	0.0629	0.0162	0.0602	0.0083	0.0701	0.1062	0.0543	0.0117	0.0237	0.0014	0.0194	0.0192	0.0476	0.0664
2475	0.0923	0.0641	0.0546	0.0568	0.0714	0.0645	0.0549	0.0493	0.0943	0.0426	0.0398	0.0337	0.0343	0.0688	0.0688	0.0246	0.0608	0.0125	0.0562	0.1025	0.0593	0.0122	0.0292	0.0000	0.0276	0.0098	0.0508	0.0577
2476	0.1014	0.0687	0.0552	0.0528	0.0818	0.0558	0.0629	0.0456	0.0948	0.0426	0.0498	0.0233	0.0348	0.0390	0.0834	0.0410	0.0623	0.0188	0.0464	0.0905	0.0611	0.0104	0.0301	0.0000	0.0393	0.0052	0.0579	0.0435
2477	0.1074	0.0768	0.0570	0.0535	0.0827	0.0554	0.0707	0.0446	0.0813	0.0354	0.0594	0.0272	0.0342	0.0289	0.0819	0.0354	0.0647	0.0293	0.0407	0.0733	0.0446	0.0104	0.0221	0.0000	0.0419	0.0027	0.0655	0.0526
2478	0.1116	0.0891	0.0658	0.0517	0.0789	0.0667	0.0764	0.0427	0.0750	0.0333	0.0716	0.0376	0.0374	0.0249	0.0713	0.0195	0.0659	0.0340	0.0365	0.0556	0.0201	0.0110	0.0114	0.0000	0.0466	0.0039	0.0749	0.0711
2479	0.1107	0.0840	0.0809	0.0624	0.0666	0.0657	0.0426	0.0464	0.0688	0.0272	0.0686	0.0402	0.0450	0.0432	0.0633	0.0173	0.0629	0.0298	0.0219	0.0503	0.0141	0.0143	0.0346	0.0184	0.0520	0.0093	0.0686	0.0788
2480	0.1098	0.0695	0.0936	0.0768	0.0526	0.0516	0.0019	0.0568	0.0561	0.0140	0.0547	0.0408	0.0562	0.0695	0.0549	0.0238	0.0612	0.0180	0.0008	0.0484	0.0182	0.0174	0.0695	0.0529	0.0516	0.0145	0.0625	0.0764
2481	0.1171	0.0449	0.0838	0.0845	0.0563	0.0510	0.0031	0.0566	0.0472	0.0032	0.0553	0.0514	0.0663	0.0771	0.0489	0.0275	0.0753	0.0247	0.0081	0.0599	0.0484	0.0334	0.0723	0.0588	0.0419	0.0301	0.0679	0.0626
2482	0.1242	0.0252	0.0671	0.0897	0.0591	0.0588	0.0104	0.0584	0.0318	0.0000	0.0604	0.0646	0.0737	0.0692	0.0447	0.0364	0.0889	0.0455	0.0219	0.0735	0.0888	0.0499	0.0608	0.0514	0.0300	0.0465	0.0660	0.0530
2483	0.0987	0.0364	0.0542	0.1017	0.0531	0.0584	0.0212	0.0627	0.0215	0.0099	0.0625	0.0771	0.0823	0.0538	0.0322	0.0437	0.0841	0.0577	0.0172	0.0807	0.1004	0.0673	0.0343	0.0570	0.0188	0.0544	0.0464	0.0447
2484	0.0626	0.0519	0.0505	0.1179	0.0511	0.0564	0.0367	0.0543	0.0216	0.0233	0.0727	0.0988	0.0805	0.0467	0.0194	0.0447	0.0720	0.0694	0.0058	0.0843	0.0984	0.0866	0.0064	0.0661	0.0145	0.0664	0.0319	0.0399
2485	0.0465	0.0566	0.0499	0.1213	0.0656	0.0653	0.0623	0.0609	0.0247	0.0385	0.0811	0.1016	0.0604	0.0516	0.0061	0.0294	0.0572	0.0740	0.0149	0.0816	0.0933	0.0670	0.0030	0.0674	0.0278	0.0678	0.0138	0.0436
2486	0.0412	0.0559	0.0449	0.1192	0.0852	0.0689	0.0840	0.0775	0.0208	0.0609	0.0827	0.0916	0.0456	0.0587	0.0000	0.0091	0.0518	0.0783	0.0397	0.0788	0.0858	0.0372	0.0082	0.0642	0.0431	0.0631	0.0000	0.0438
2487	0.0369	0.0518	0.0417	0.1168	0.0807	0.0709	0.0685	0.0720	0.0217	0.0704	0.0729	0.0797	0.0508	0.0530	0.0000	0.0094	0.0529	0.0879	0.0528	0.0624	0.0778	0.0208	0.0220	0.0786	0.0365	0.0432	0.0086	0.0722
2488	0.0282	0.0478	0.0419	0.1168	0.0723	0.0829	0.0454	0.0632	0.0287	0.0721	0.0563	0.0662	0.0575	0.0447	0.0000	0.0209	0.0460	0.0898	0.0464	0.0436	0.0661	0.0102	0.0341	0.0953	0.0253	0.0230	0.0324	0.1063
2489	0.0480	0.0551	0.0437	0.1233	0.0819	0.0958	0.0469	0.0636	0.0359	0.0611	0.0390	0.0562	0.0538	0.0603	0.0073	0.0418	0.0139	0.0799	0.0349	0.0355	0.0541	0.0211	0.0381	0.0970	0.0359	0.0193	0.0266	0.1184
2490	0.0798	0.0610	0.0469	0.1262	0.0921	0.1121	0.0556	0.0658	0.0514	0.0476	0.0234	0.0550	0.0473	0.0819	0.0322	0.0631	0.0000	0.0712	0.0270	0.0299	0.0412	0.0387	0.0401	0.0888	0.0423	0.0247	0.0143	0.1342
2491	0.0751	0.0599	0.0567	0.1191	0.0881	0.1093	0.0486	0.0636	0.0658	0.0532	0.0217	0.0755	0.0436	0.0778	0.0554	0.0665	0.0000	0.0658	0.0259	0.0195	0.0142	0.0465	0.0494	0.0640	0.0414	0.0657	0.0209	0.1334
2492	0.0576	0.0640	0.0622	0.1099	0.0775	0.0918	0.0345	0.0607	0.0670	0.0608	0.0254	0.0957	0.0469	0.0650	0.0701	0.0617	0.0311	0.0659	0.0383	0.0064	0.0000	0.0424	0.0637	0.0487	0.0484	0.1094	0.0489	0.1271
2493	0.0522	0.0407	0.0730	0.0934	0.0689	0.1105	0.0284	0.0544	0.0546	0.0410	0.0393	0.1068	0.0647	0.0500	0.0649	0.0287	0.0524	0.0616	0.0531	0.0138	0.0000	0.0195	0.0519	0.0659	0.0401	0.1283	0.0861	0.1347
2494	0.0557	0.0128	0.0925	0.0800	0.0718	0.1466	0.0259	0.0469	0.0437	0.0254	0.0660	0.1162	0.0816	0.0302	0.0555	0.0000	0.0604	0.0564	0.0628	0.0359	0.0158	0.0000	0.0230	0.0802	0.0344	0.1387	0.1016	0.1328
2495	0.0721	0.0279	0.1071	0.0763	0.0550	0.1576	0.0097	0.0410	0.0383	0.0439	0.0811	0.1208	0.0992	0.0227	0.0483	0.0000	0.0782	0.0509	0.0579	0.0626	0.0354	0.0000	0.0000	0.0841	0.0307	0.1412	0.0945	0.1094
2496	0.0780	0.0493	0.1137	0.0819	0.0175	0.1509	0.0000	0.0366	0.0302	0.0671	0.0821	0.1228	0.1090	0.0286	0.0412	0.0000	0.0888	0.0451	0.0431	0.0734	0.0560	0.0000	0.0000	0.0894	0.0193	0.1516	0.0902	0.0837
2497	0.0586	0.0376	0.1029	0.1076	0.0068	0.1379	0.0000	0.0395	0.0177	0.0886	0.0717	0.0992	0.1068	0.0281	0.0510	0.0000	0.0965	0.0549	0.0389	0.0777	0.0849	0.0028	0.0000	0.0876	0.0435	0.1551	0.0941	0.0730
2498	0.0512	0.0187	0.0936	0.1256	0.0221	0.1243	0.0073	0.0417	0.0140	0.0943	0.0611	0.0779	0.1041	0.0277	0.0619	0.0265	0.0998	0.0588	0.0351	0.0910	0.1075	0.0131	0.0227	0.0908	0.0721	0.1371	0.1041	0.0636
2499	0.0378	0.0343	0.1054	0.1050	0.0567	0.1033	0.0116	0.0441	0.0293	0.0675	0.0900	0.0871	0.0913	0.0352	0.0462	0.0380	0.1047	0.0501	0.0250	0.0940	0.1210	0.0084	0.0316	0.0929	0.0624	0.1046	0.1017	0.0559
2500	0.0161	0.0486	0.1036	0.0717	0.0744	0.0895	0.0109	0.0496	0.0528	0.0516	0.1236	0.0931	0.0805	0.0351	0.0283	0.0376	0.1340	0.0489	0.0271	0.0844	0.1242	0.0030	0.0272	0.0721	0.0438	0.0698	0.0827	0.0549
