Wvl	1	2	3	4	5	6	7	8	9	10	11	12	13	14	15	16	17	18	19	20	21	22	23	24	25	26	27	28
350	0.0321	0.0349	0.0236	0.0191	0.0141	0.0272	0.0299	0.0266	0.0375	0.0095	0.0075	0.0219	0.0265	0.0289	0.0502	0.0061	0.0022	0.0164	0.0123	0.0326	0.0541	0.0048	0.0000	0.0002	0.0076	0.0071	0.0179	0.0547
351	0.0246	0.0228	0.0262	0.0225	0.0168	0.0254	0.0279	0.0122	0.0316	0.0071	0.0037	0.0243	0.0244	0.0344	0.0529	0.0000	0.0000	0.0071	0.0128	0.0287	0.0518	0.0011	0.0000	0.0000	0.0003	0.0060	0.0141	0.0554
352	0.0296	0.0255	0.0281	0.0203	0.0174	0.0313	0.0279	0.0261	0.0333	0.0092	0.0087	0.0224	0.0251	0.0337	0.0411	0.0000	0.0000	0.0087	0.0170	0.0335	0.0569	0.0012	0.0000	0.0000	0.0051	0.0089	0.0177	0.0490
353	0.0314	0.0298	0.0292	0.0205	0.0182	0.0330	0.0302	0.0337	0.0361	0.0125	0.0109	0.0243	0.0302	0.0346	0.0438	0.0022	0.0031	0.0117	0.0209	0.0329	0.0585	0.0026	0.0000	0.0058	0.0083	0.0113	0.0221	0.0515
354	0.0306	0.0335	0.0293	0.0224	0.0184	0.0319	0.0338	0.0358	0.0391	0.0154	0.0114	0.0273	0.0362	0.0364	0.0545	0.0084	0.0075	0.0142	0.0231	0.0289	0.0573	0.0041	0.0042	0.0135	0.0094	0.0131	0.0259	0.0583
355	0.0303	0.0292	0.0269	0.0229	0.0138	0.0337	0.0362	0.0339	0.0397	0.0114	0.0136	0.0207	0.0293	0.0352	0.0500	0.0032	0.0102	0.0077	0.0152	0.0282	0.0533	0.0008	0.0026	0.0000	0.0045	0.0154	0.0228	0.0538
356	0.0300	0.0321	0.0253	0.0242	0.0146	0.0331	0.0363	0.0310	0.0349	0.0091	0.0153	0.0158	0.0297	0.0368	0.0498	0.0044	0.0097	0.0077	0.0145	0.0283	0.0522	0.0000	0.0013	0.0000	0.0004	0.0130	0.0214	0.0520
357	0.0317	0.0371	0.0262	0.0268	0.0177	0.0330	0.0362	0.0305	0.0317	0.0088	0.0171	0.0158	0.0322	0.0396	0.0509	0.0070	0.0092	0.0114	0.0168	0.0307	0.0530	0.0000	0.0021	0.0000	0.0000	0.0116	0.0220	0.0535
358	0.0388	0.0397	0.0329	0.0319	0.0207	0.0369	0.0387	0.0372	0.0381	0.0122	0.0199	0.0274	0.0327	0.0424	0.0502	0.0065	0.0118	0.0183	0.0196	0.0383	0.0551	0.0057	0.0080	0.0051	0.0063	0.0179	0.0259	0.0609
359	0.0373	0.0391	0.0336	0.0327	0.0176	0.0341	0.0377	0.0375	0.0370	0.0121	0.0186	0.0253	0.0318	0.0439	0.0490	0.0063	0.0106	0.0181	0.0196	0.0379	0.0566	0.0083	0.0069	0.0053	0.0090	0.0141	0.0246	0.0609
360	0.0365	0.0380	0.0328	0.0319	0.0181	0.0318	0.0373	0.0388	0.0365	0.0129	0.0180	0.0252	0.0317	0.0431	0.0502	0.0071	0.0104	0.0162	0.0200	0.0363	0.0599	0.0089	0.0057	0.0052	0.0099	0.0123	0.0248	0.0605
361	0.0390	0.0372	0.0316	0.0300	0.0250	0.0320	0.0387	0.0429	0.0390	0.0157	0.0195	0.0314	0.0329	0.0396	0.0549	0.0092	0.0124	0.0143	0.0219	0.0353	0.0657	0.0083	0.0066	0.0062	0.0095	0.0158	0.0284	0.0617
362	0.0405	0.0388	0.0328	0.0314	0.0239	0.0356	0.0387	0.0425	0.0399	0.0152	0.0222	0.0286	0.0353	0.0438	0.0523	0.0079	0.0125	0.0138	0.0245	0.0365	0.0645	0.0060	0.0065	0.0079	0.0095	0.0172	0.0287	0.0605
363	0.0411	0.0405	0.0337	0.0311	0.0237	0.0389	0.0391	0.0419	0.0409	0.0156	0.0236	0.0270	0.0367	0.0459	0.0526	0.0090	0.0128	0.0160	0.0260	0.0378	0.0636	0.0066	0.0064	0.0078	0.0095	0.0182	0.0292	0.0614
364	0.0411	0.0419	0.0344	0.0299	0.0246	0.0416	0.0400	0.0416	0.0420	0.0171	0.0239	0.0272	0.0370	0.0463	0.0554	0.0121	0.0134	0.0199	0.0266	0.0391	0.0633	0.0094	0.0066	0.0065	0.0094	0.0189	0.0300	0.0637
365	0.0410	0.0434	0.0375	0.0326	0.0269	0.0414	0.0430	0.0431	0.0430	0.0199	0.0245	0.0299	0.0366	0.0473	0.0573	0.0146	0.0143	0.0207	0.0273	0.0409	0.0617	0.0106	0.0098	0.0080	0.0096	0.0189	0.0308	0.0636
366	0.0403	0.0422	0.0378	0.0323	0.0246	0.0389	0.0424	0.0425	0.0417	0.0197	0.0237	0.0291	0.0361	0.0468	0.0553	0.0133	0.0125	0.0192	0.0267	0.0398	0.0622	0.0086	0.0077	0.0082	0.0110	0.0172	0.0300	0.0630
367	0.0390	0.0407	0.0368	0.0310	0.0218	0.0363	0.0411	0.0417	0.0402	0.0184	0.0223	0.0273	0.0357	0.0458	0.0528	0.0114	0.0103	0.0174	0.0256	0.0382	0.0637	0.0063	0.0048	0.0079	0.0122	0.0158	0.0291	0.0627
368	0.0369	0.0412	0.0357	0.0307	0.0235	0.0362	0.0423	0.0431	0.0415	0.0180	0.0212	0.0269	0.0357	0.0453	0.0536	0.0125	0.0107	0.0178	0.0249	0.0387	0.0655	0.0073	0.0063	0.0077	0.0112	0.0173	0.0302	0.0639
369	0.0401	0.0427	0.0359	0.0318	0.0250	0.0376	0.0436	0.0442	0.0421	0.0177	0.0226	0.0277	0.0373	0.0464	0.0539	0.0145	0.0140	0.0203	0.0273	0.0400	0.0654	0.0079	0.0067	0.0086	0.0110	0.0186	0.0319	0.0632
370	0.0427	0.0442	0.0371	0.0332	0.0260	0.0393	0.0443	0.0445	0.0426	0.0181	0.0243	0.0289	0.0384	0.0471	0.0551	0.0155	0.0162	0.0213	0.0289	0.0412	0.0655	0.0090	0.0073	0.0097	0.0113	0.0191	0.0329	0.0631
371	0.0428	0.0455	0.0394	0.0342	0.0263	0.0411	0.0443	0.0436	0.0431	0.0193	0.0258	0.0304	0.0381	0.0469	0.0575	0.0147	0.0159	0.0194	0.0283	0.0420	0.0665	0.0111	0.0086	0.0106	0.0122	0.0186	0.0324	0.0645
372	0.0429	0.0450	0.0384	0.0357	0.0283	0.0408	0.0450	0.0464	0.0433	0.0195	0.0242	0.0305	0.0385	0.0483	0.0572	0.0155	0.0156	0.0202	0.0276	0.0412	0.0656	0.0108	0.0082	0.0112	0.0147	0.0186	0.0323	0.0643
373	0.0438	0.0454	0.0387	0.0368	0.0290	0.0414	0.0461	0.0473	0.0440	0.0207	0.0247	0.0311	0.0396	0.0492	0.0577	0.0168	0.0166	0.0220	0.0284	0.0415	0.0657	0.0121	0.0094	0.0116	0.0161	0.0197	0.0332	0.0647
374	0.0453	0.0466	0.0401	0.0375	0.0285	0.0427	0.0474	0.0466	0.0452	0.0228	0.0269	0.0323	0.0411	0.0496	0.0588	0.0184	0.0185	0.0243	0.0305	0.0426	0.0666	0.0144	0.0119	0.0121	0.0163	0.0215	0.0348	0.0656
375	0.0462	0.0469	0.0406	0.0363	0.0295	0.0413	0.0471	0.0457	0.0468	0.0231	0.0277	0.0330	0.0413	0.0494	0.0569	0.0182	0.0186	0.0234	0.0315	0.0427	0.0673	0.0136	0.0109	0.0136	0.0156	0.0219	0.0344	0.0655
376	0.0463	0.0474	0.0404	0.0364	0.0311	0.0416	0.0473	0.0461	0.0470	0.0230	0.0280	0.0330	0.0404	0.0499	0.0579	0.0179	0.0185	0.0231	0.0308	0.0437	0.0680	0.0133	0.0107	0.0133	0.0158	0.0226	0.0344	0.0660
377	0.0461	0.0479	0.0403	0.0369	0.0324	0.0427	0.0475	0.0472	0.0466	0.0230	0.0278	0.0328	0.0397	0.0506	0.0596	0.0175	0.0184	0.0233	0.0296	0.0446	0.0685	0.0134	0.0112	0.0122	0.0160	0.0231	0.0347	0.0665
378	0.0466	0.0478	0.0416	0.0367	0.0318	0.0435	0.0466	0.0484	0.0468	0.0235	0.0277	0.0329	0.0411	0.0511	0.0590	0.0172	0.0193	0.0238	0.0291	0.0443	0.0684	0.0133	0.0126	0.0122	0.0154	0.0227	0.0358	0.0660
379	0.0454	0.0483	0.0427	0.0379	0.0314	0.0450	0.0470	0.0483	0.0463	0.0231	0.0275	0.0328	0.0411	0.0515	0.0588	0.0177	0.0192	0.0230	0.0299	0.0435	0.0689	0.0137	0.0119	0.0116	0.0144	0.0218	0.0365	0.0658
380	0.0445	0.0485	0.0431	0.0387	0.0314	0.0458	0.0475	0.0482	0.0460	0.0231	0.0274	0.0328	0.0414	0.0519	0.0589	0.0184	0.0189	0.0225	0.0305	0.0435	0.0687	0.0138	0.0111	0.0115	0.0141	0.0212	0.0366	0.0657
381	0.0448	0.0478	0.0426	0.0381	0.0321	0.0453	0.0475	0.0483	0.0463	0.0240	0.0278	0.0335	0.0427	0.0524	0.0594	0.0194	0.0187	0.0232	0.0304	0.0450	0.0669	0.0135	0.0110	0.0128	0.0149	0.0211	0.0361	0.0653
382	0.0456	0.0486	0.0417	0.0383	0.0324	0.0445	0.0479	0.0484	0.0471	0.0242	0.0285	0.0336	0.0419	0.0516	0.0596	0.0192	0.0197	0.0232	0.0306	0.0446	0.0685	0.0134	0.0114	0.0135	0.0152	0.0217	0.0355	0.0660
383	0.0462	0.0487	0.0419	0.0387	0.0329	0.0449	0.0484	0.0486	0.0480	0.0244	0.0290	0.0338	0.0418	0.0511	0.0593	0.0192	0.0204	0.0237	0.0311	0.0448	0.0699	0.0136	0.0115	0.0138	0.0151	0.0223	0.0355	0.0669
384	0.0465	0.0480	0.0430	0.0392	0.0333	0.0462	0.0488	0.0489	0.0488	0.0246	0.0293	0.0341	0.0424	0.0510	0.0589	0.0195	0.0206	0.0245	0.0318	0.0456	0.0708	0.0140	0.0114	0.0137	0.0149	0.0228	0.0359	0.0679
385	0.0472	0.0477	0.0428	0.0378	0.0323	0.0452	0.0489	0.0489	0.0482	0.0242	0.0291	0.0337	0.0413	0.0504	0.0604	0.0183	0.0199	0.0248	0.0315	0.0453	0.0704	0.0140	0.0109	0.0126	0.0151	0.0216	0.0360	0.0676
386	0.0477	0.0485	0.0433	0.0386	0.0323	0.0455	0.0494	0.0497	0.0486	0.0252	0.0299	0.0346	0.0417	0.0516	0.0611	0.0194	0.0199	0.0247	0.0323	0.0458	0.0707	0.0149	0.0124	0.0129	0.0157	0.0224	0.0364	0.0681
387	0.0480	0.0499	0.0442	0.0401	0.0330	0.0463	0.0498	0.0508	0.0495	0.0267	0.0309	0.0358	0.0430	0.0534	0.0616	0.0213	0.0201	0.0247	0.0333	0.0466	0.0711	0.0159	0.0144	0.0140	0.0166	0.0239	0.0370	0.0688
388	0.0479	0.0509	0.0454	0.0401	0.0349	0.0470	0.0497	0.0514	0.0507	0.0275	0.0302	0.0349	0.0441	0.0539	0.0625	0.0216	0.0204	0.0263	0.0332	0.0472	0.0707	0.0157	0.0143	0.0156	0.0173	0.0238	0.0380	0.0687
389	0.0482	0.0511	0.0454	0.0400	0.0353	0.0465	0.0498	0.0509	0.0510	0.0274	0.0306	0.0349	0.0444	0.0544	0.0625	0.0215	0.0215	0.0264	0.0330	0.0468	0.0702	0.0152	0.0137	0.0159	0.0177	0.0232	0.0378	0.0690
390	0.0491	0.0514	0.0455	0.0405	0.0353	0.0465	0.0502	0.0506	0.0508	0.0274	0.0315	0.0353	0.0448	0.0548	0.0628	0.0213	0.0224	0.0264	0.0334	0.0465	0.0707	0.0153	0.0135	0.0153	0.0180	0.0233	0.0376	0.0693
391	0.0513	0.0522	0.0464	0.0422	0.0352	0.0483	0.0509	0.0510	0.0502	0.0279	0.0328	0.0359	0.0457	0.0552	0.0641	0.0213	0.0224	0.0269	0.0348	0.0470	0.0730	0.0163	0.0141	0.0142	0.0181	0.0246	0.0382	0.0695
392	0.0506	0.0513	0.0458	0.0416	0.0355	0.0480	0.0518	0.0522	0.0504	0.0272	0.0321	0.0361	0.0453	0.0547	0.0635	0.0208	0.0226	0.0268	0.0340	0.0475	0.0721	0.0157	0.0149	0.0139	0.0177	0.0235	0.0385	0.0693
393	0.0499	0.0511	0.0456	0.0416	0.0358	0.0478	0.0520	0.0528	0.0501	0.0277	0.0320	0.0364	0.0447	0.0544	0.0633	0.0209	0.0227	0.0268	0.0337	0.0477	0.0720	0.0156	0.0148	0.0142	0.0174	0.0235	0.0383	0.0690
394	0.0495	0.0519	0.0462	0.0422	0.0360	0.0477	0.0516	0.0526	0.0493	0.0294	0.0326	0.0369	0.0441	0.0544	0.0638	0.0215	0.0229	0.0271	0.0340	0.0476	0.0731	0.0162	0.0141	0.0150	0.0175	0.0250	0.0376	0.0685
395	0.0501	0.0528	0.0471	0.0425	0.0369	0.0482	0.0530	0.0537	0.0518	0.0302	0.0333	0.0376	0.0459	0.0558	0.0648	0.0231	0.0239	0.0281	0.0343	0.0485	0.0740	0.0169	0.0152	0.0156	0.0186	0.0254	0.0390	0.0703
396	0.0506	0.0539	0.0478	0.0432	0.0377	0.0492	0.0540	0.0540	0.0534	0.0301	0.0343	0.0382	0.0467	0.0565	0.0651	0.0239	0.0244	0.0284	0.0348	0.0490	0.0742	0.0174	0.0154	0.0163	0.0190	0.0254	0.0398	0.0707
397	0.0514	0.0548	0.0484	0.0441	0.0384	0.0503	0.0546	0.0541	0.0541	0.0300	0.0353	0.0388	0.0470	0.0570	0.0652	0.0242	0.0248	0.0286	0.0356	0.0493	0.0744	0.0177	0.0151	0.0169	0.0192	0.0255	0.0402	0.0706
398	0.0530	0.0550	0.0494	0.0446	0.0389	0.0514	0.0547	0.0554	0.0539	0.0320	0.0354	0.0394	0.0475	0.0580	0.0663	0.0249	0.0256	0.0292	0.0371	0.0492	0.0754	0.0178	0.0151	0.0167	0.0200	0.0269	0.0404	0.0715
399	0.0532	0.0549	0.0492	0.0446	0.0387	0.0512	0.0546	0.0553	0.0540	0.0316	0.0353	0.0392	0.0474	0.0579	0.0661	0.0249	0.0259	0.0293	0.0368	0.0498	0.0754	0.0180	0.0150	0.0165	0.0201	0.0264	0.0402	0.0715
400	0.0533	0.0547	0.0490	0.0442	0.0385	0.0509	0.0544	0.0553	0.0542	0.0309	0.0352	0.0390	0.0472	0.0572	0.0659	0.0247	0.0259	0.0290	0.0364	0.0502	0.0752	0.0181	0.0149	0.0163	0.0197	0.0256	0.0399	0.0711
401	0.0540	0.0545	0.0495	0.0437	0.0386	0.0511	0.0541	0.0563	0.0545	0.0306	0.0355	0.0391	0.0474	0.0561	0.0662	0.0246	0.0253	0.0286	0.0370	0.0496	0.0752	0.0178	0.0151	0.0163	0.0187	0.0254	0.0397	0.0709
402	0.0536	0.0555	0.0495	0.0455	0.0387	0.0514	0.0552	0.0565	0.0550	0.0313	0.0359	0.0392	0.0479	0.0569	0.0666	0.0252	0.0251	0.0293	0.0375	0.0506	0.0750	0.0178	0.0166	0.0166	0.0199	0.0261	0.0405	0.0718
403	0.0537	0.0563	0.0499	0.0466	0.0393	0.0515	0.0557	0.0566	0.0557	0.0322	0.0365	0.0397	0.0484	0.0579	0.0670	0.0258	0.0254	0.0298	0.0377	0.0511	0.0752	0.0182	0.0172	0.0169	0.0208	0.0264	0.0407	0.0720
404	0.0547	0.0566	0.0508	0.0465	0.0405	0.0515	0.0555	0.0568	0.0565	0.0330	0.0370	0.0408	0.0487	0.0588	0.0674	0.0263	0.0260	0.0302	0.0378	0.0510	0.0757	0.0192	0.0168	0.0172	0.0213	0.0264	0.0402	0.0714
405	0.0553	0.0566	0.0521	0.0471	0.0412	0.0531	0.0568	0.0574	0.0576	0.0337	0.0380	0.0413	0.0499	0.0593	0.0679	0.0268	0.0276	0.0308	0.0385	0.0515	0.0765	0.0201	0.0175	0.0180	0.0206	0.0276	0.0409	0.0725
406	0.0556	0.0570	0.0524	0.0475	0.0415	0.0535	0.0572	0.0576	0.0577	0.0335	0.0378	0.0417	0.0498	0.0595	0.0679	0.0270	0.0274	0.0308	0.0388	0.0521	0.0772	0.0205	0.0177	0.0183	0.0207	0.0277	0.0418	0.0728
407	0.0556	0.0576	0.0523	0.0478	0.0416	0.0534	0.0571	0.0577	0.0572	0.0331	0.0373	0.0420	0.0493	0.0596	0.0678	0.0271	0.0266	0.0306	0.0388	0.0526	0.0776	0.0205	0.0174	0.0183	0.0213	0.0274	0.0427	0.0727
408	0.0559	0.0579	0.0524	0.0476	0.0425	0.0541	0.0577	0.0584	0.0569	0.0347	0.0384	0.0425	0.0501	0.0599	0.0686	0.0273	0.0271	0.0312	0.0392	0.0528	0.0773	0.0205	0.0170	0.0182	0.0217	0.0275	0.0420	0.0735
409	0.0563	0.0582	0.0527	0.0477	0.0428	0.0544	0.0576	0.0590	0.0571	0.0351	0.0386	0.0424	0.0501	0.0598	0.0687	0.0276	0.0272	0.0311	0.0393	0.0527	0.0774	0.0202	0.0175	0.0185	0.0217	0.0275	0.0419	0.0735
410	0.0569	0.0587	0.0529	0.0483	0.0433	0.0549	0.0579	0.0594	0.0577	0.0356	0.0388	0.0428	0.0503	0.0600	0.0692	0.0280	0.0275	0.0312	0.0394	0.0530	0.0777	0.0203	0.0183	0.0191	0.0218	0.0278	0.0425	0.0738
411	0.0578	0.0593	0.0530	0.0496	0.0444	0.0559	0.0591	0.0596	0.0588	0.0370	0.0398	0.0443	0.0516	0.0613	0.0706	0.0290	0.0285	0.0322	0.0397	0.0542	0.0781	0.0215	0.0188	0.0196	0.0221	0.0289	0.0441	0.0748
412	0.0580	0.0600	0.0537	0.0499	0.0445	0.0561	0.0592	0.0600	0.0591	0.0367	0.0403	0.0440	0.0515	0.0620	0.0708	0.0290	0.0287	0.0328	0.0402	0.0545	0.0787	0.0214	0.0190	0.0197	0.0224	0.0286	0.0435	0.0748
413	0.0583	0.0602	0.0544	0.0501	0.0446	0.0562	0.0592	0.0603	0.0594	0.0365	0.0409	0.0441	0.0516	0.0620	0.0707	0.0289	0.0288	0.0332	0.0405	0.0545	0.0794	0.0215	0.0189	0.0199	0.0226	0.0287	0.0433	0.0747
414	0.0587	0.0601	0.0549	0.0501	0.0448	0.0562	0.0595	0.0606	0.0598	0.0367	0.0417	0.0448	0.0521	0.0615	0.0706	0.0290	0.0290	0.0333	0.0408	0.0543	0.0803	0.0220	0.0186	0.0203	0.0228	0.0294	0.0438	0.0749
415	0.0585	0.0613	0.0549	0.0507	0.0452	0.0569	0.0601	0.0613	0.0601	0.0374	0.0415	0.0450	0.0527	0.0625	0.0714	0.0296	0.0299	0.0336	0.0412	0.0548	0.0798	0.0222	0.0192	0.0205	0.0231	0.0298	0.0437	0.0753
416	0.0592	0.0617	0.0554	0.0513	0.0459	0.0577	0.0606	0.0619	0.0608	0.0378	0.0416	0.0452	0.0530	0.0629	0.0721	0.0302	0.0304	0.0340	0.0418	0.0554	0.0799	0.0225	0.0199	0.0208	0.0232	0.0298	0.0441	0.0756
417	0.0603	0.0619	0.0561	0.0518	0.0466	0.0584	0.0610	0.0624	0.0616	0.0381	0.0420	0.0456	0.0531	0.0631	0.0726	0.0307	0.0306	0.0345	0.0423	0.0560	0.0805	0.0229	0.0205	0.0211	0.0232	0.0298	0.0448	0.0758
418	0.0609	0.0625	0.0567	0.0523	0.0469	0.0584	0.0615	0.0625	0.0622	0.0393	0.0421	0.0464	0.0532	0.0642	0.0730	0.0312	0.0307	0.0350	0.0424	0.0560	0.0810	0.0230	0.0206	0.0212	0.0240	0.0307	0.0447	0.0759
419	0.0612	0.0630	0.0572	0.0528	0.0472	0.0587	0.0620	0.0628	0.0622	0.0391	0.0425	0.0466	0.0539	0.0647	0.0737	0.0313	0.0309	0.0354	0.0427	0.0562	0.0815	0.0232	0.0207	0.0213	0.0244	0.0309	0.0448	0.0763
420	0.0615	0.0634	0.0576	0.0532	0.0476	0.0591	0.0623	0.0632	0.0624	0.0390	0.0431	0.0467	0.0546	0.0649	0.0741	0.0313	0.0311	0.0357	0.0429	0.0565	0.0819	0.0235	0.0208	0.0215	0.0245	0.0310	0.0451	0.0767
421	0.0616	0.0632	0.0581	0.0537	0.0480	0.0592	0.0623	0.0637	0.0632	0.0398	0.0435	0.0470	0.0551	0.0649	0.0739	0.0312	0.0314	0.0355	0.0433	0.0569	0.0821	0.0238	0.0211	0.0219	0.0244	0.0313	0.0455	0.0769
422	0.0619	0.0636	0.0582	0.0537	0.0484	0.0597	0.0627	0.0639	0.0631	0.0398	0.0437	0.0470	0.0552	0.0649	0.0742	0.0317	0.0316	0.0356	0.0435	0.0570	0.0823	0.0235	0.0212	0.0216	0.0244	0.0313	0.0457	0.0765
423	0.0625	0.0642	0.0586	0.0542	0.0489	0.0601	0.0633	0.0643	0.0635	0.0404	0.0440	0.0475	0.0556	0.0653	0.0747	0.0323	0.0321	0.0360	0.0441	0.0573	0.0827	0.0237	0.0216	0.0221	0.0246	0.0315	0.0460	0.0767
424	0.0633	0.0650	0.0593	0.0554	0.0495	0.0605	0.0641	0.0648	0.0644	0.0416	0.0446	0.0488	0.0560	0.0661	0.0756	0.0329	0.0329	0.0367	0.0449	0.0578	0.0835	0.0245	0.0222	0.0233	0.0248	0.0318	0.0465	0.0777
425	0.0633	0.0649	0.0599	0.0558	0.0497	0.0612	0.0645	0.0651	0.0643	0.0417	0.0451	0.0488	0.0563	0.0665	0.0758	0.0335	0.0330	0.0368	0.0448	0.0582	0.0833	0.0251	0.0223	0.0231	0.0252	0.0319	0.0467	0.0781
426	0.0636	0.0654	0.0604	0.0562	0.0502	0.0618	0.0649	0.0657	0.0648	0.0420	0.0456	0.0492	0.0565	0.0670	0.0762	0.0339	0.0335	0.0373	0.0451	0.0585	0.0838	0.0253	0.0224	0.0229	0.0254	0.0321	0.0466	0.0783
427	0.0641	0.0663	0.0608	0.0564	0.0507	0.0623	0.0653	0.0665	0.0657	0.0425	0.0460	0.0498	0.0568	0.0676	0.0766	0.0343	0.0342	0.0378	0.0457	0.0588	0.0847	0.0254	0.0227	0.0230	0.0257	0.0324	0.0465	0.0785
428	0.0649	0.0669	0.0614	0.0567	0.0513	0.0628	0.0657	0.0674	0.0665	0.0432	0.0465	0.0504	0.0577	0.0680	0.0773	0.0347	0.0347	0.0381	0.0458	0.0596	0.0851	0.0259	0.0233	0.0235	0.0264	0.0328	0.0475	0.0787
429	0.0654	0.0672	0.0616	0.0570	0.0519	0.0633	0.0661	0.0679	0.0667	0.0437	0.0467	0.0507	0.0584	0.0683	0.0776	0.0350	0.0351	0.0385	0.0462	0.0600	0.0854	0.0261	0.0234	0.0237	0.0267	0.0329	0.0477	0.0790
430	0.0660	0.0676	0.0620	0.0575	0.0525	0.0637	0.0666	0.0682	0.0670	0.0441	0.0471	0.0510	0.0590	0.0686	0.0780	0.0353	0.0354	0.0388	0.0467	0.0603	0.0856	0.0263	0.0233	0.0239	0.0269	0.0330	0.0478	0.0794
431	0.0667	0.0684	0.0628	0.0586	0.0530	0.0642	0.0674	0.0685	0.0680	0.0444	0.0480	0.0517	0.0593	0.0691	0.0787	0.0358	0.0355	0.0389	0.0473	0.0609	0.0861	0.0267	0.0235	0.0243	0.0274	0.0337	0.0482	0.0798
432	0.0674	0.0691	0.0635	0.0593	0.0537	0.0650	0.0679	0.0694	0.0687	0.0453	0.0487	0.0524	0.0599	0.0698	0.0797	0.0365	0.0360	0.0395	0.0479	0.0618	0.0868	0.0275	0.0240	0.0248	0.0275	0.0345	0.0488	0.0804
433	0.0680	0.0698	0.0641	0.0600	0.0543	0.0657	0.0684	0.0702	0.0694	0.0461	0.0493	0.0529	0.0604	0.0704	0.0805	0.0371	0.0366	0.0402	0.0484	0.0623	0.0875	0.0279	0.0246	0.0253	0.0277	0.0350	0.0492	0.0810
434	0.0683	0.0704	0.0646	0.0606	0.0549	0.0663	0.0688	0.0708	0.0701	0.0466	0.0498	0.0530	0.0608	0.0710	0.0808	0.0375	0.0372	0.0409	0.0488	0.0623	0.0882	0.0279	0.0252	0.0258	0.0282	0.0350	0.0494	0.0813
435	0.0690	0.0707	0.0650	0.0612	0.0554	0.0668	0.0693	0.0712	0.0704	0.0466	0.0501	0.0535	0.0613	0.0716	0.0813	0.0379	0.0374	0.0411	0.0493	0.0628	0.0884	0.0280	0.0254	0.0259	0.0284	0.0353	0.0498	0.0816
436	0.0695	0.0713	0.0655	0.0614	0.0559	0.0673	0.0700	0.0715	0.0708	0.0470	0.0504	0.0540	0.0618	0.0720	0.0818	0.0382	0.0377	0.0414	0.0496	0.0631	0.0886	0.0283	0.0256	0.0260	0.0285	0.0355	0.0501	0.0818
437	0.0699	0.0719	0.0662	0.0614	0.0563	0.0676	0.0708	0.0718	0.0713	0.0477	0.0507	0.0545	0.0622	0.0723	0.0822	0.0386	0.0380	0.0417	0.0497	0.0633	0.0890	0.0287	0.0259	0.0263	0.0287	0.0358	0.0505	0.0821
438	0.0705	0.0724	0.0666	0.0624	0.0569	0.0679	0.0713	0.0726	0.0718	0.0484	0.0513	0.0550	0.0626	0.0727	0.0825	0.0390	0.0386	0.0420	0.0501	0.0638	0.0896	0.0291	0.0262	0.0265	0.0292	0.0360	0.0506	0.0827
439	0.0711	0.0730	0.0673	0.0631	0.0575	0.0685	0.0716	0.0731	0.0725	0.0490	0.0520	0.0555	0.0631	0.0735	0.0830	0.0394	0.0389	0.0424	0.0505	0.0643	0.0900	0.0296	0.0265	0.0269	0.0295	0.0363	0.0511	0.0830
440	0.0717	0.0737	0.0681	0.0637	0.0580	0.0691	0.0720	0.0736	0.0732	0.0496	0.0526	0.0560	0.0637	0.0742	0.0837	0.0399	0.0392	0.0428	0.0510	0.0648	0.0906	0.0301	0.0268	0.0274	0.0297	0.0366	0.0515	0.0832
441	0.0721	0.0745	0.0686	0.0643	0.0584	0.0698	0.0727	0.0740	0.0739	0.0501	0.0533	0.0566	0.0644	0.0745	0.0844	0.0405	0.0399	0.0435	0.0517	0.0655	0.0914	0.0305	0.0273	0.0277	0.0302	0.0372	0.0516	0.0838
442	0.0725	0.0748	0.0688	0.0648	0.0589	0.0701	0.0730	0.0747	0.0743	0.0504	0.0535	0.0569	0.0646	0.0747	0.0847	0.0407	0.0403	0.0438	0.0519	0.0656	0.0918	0.0306	0.0272	0.0276	0.0302	0.0373	0.0517	0.0839
443	0.0730	0.0751	0.0693	0.0653	0.0595	0.0706	0.0734	0.0753	0.0747	0.0508	0.0538	0.0573	0.0650	0.0751	0.0851	0.0409	0.0407	0.0442	0.0522	0.0659	0.0920	0.0307	0.0275	0.0277	0.0304	0.0374	0.0520	0.0841
444	0.0735	0.0755	0.0702	0.0658	0.0602	0.0714	0.0742	0.0758	0.0752	0.0513	0.0541	0.0580	0.0656	0.0755	0.0856	0.0413	0.0413	0.0448	0.0527	0.0665	0.0924	0.0309	0.0282	0.0283	0.0309	0.0377	0.0522	0.0845
445	0.0740	0.0760	0.0705	0.0664	0.0607	0.0714	0.0746	0.0760	0.0757	0.0516	0.0545	0.0579	0.0660	0.0759	0.0858	0.0416	0.0413	0.0448	0.0530	0.0667	0.0927	0.0311	0.0283	0.0286	0.0311	0.0379	0.0526	0.0846
446	0.0746	0.0765	0.0710	0.0670	0.0612	0.0719	0.0750	0.0765	0.0762	0.0521	0.0550	0.0584	0.0664	0.0765	0.0864	0.0420	0.0416	0.0450	0.0532	0.0671	0.0931	0.0316	0.0284	0.0290	0.0314	0.0383	0.0530	0.0850
447	0.0750	0.0770	0.0716	0.0675	0.0617	0.0728	0.0755	0.0770	0.0768	0.0527	0.0557	0.0591	0.0668	0.0771	0.0872	0.0424	0.0421	0.0455	0.0535	0.0675	0.0935	0.0321	0.0287	0.0292	0.0318	0.0388	0.0533	0.0855
448	0.0753	0.0772	0.0718	0.0679	0.0618	0.0728	0.0757	0.0773	0.0772	0.0529	0.0559	0.0593	0.0669	0.0769	0.0874	0.0428	0.0420	0.0457	0.0538	0.0676	0.0937	0.0321	0.0287	0.0292	0.0319	0.0386	0.0532	0.0855
449	0.0757	0.0777	0.0723	0.0682	0.0623	0.0732	0.0762	0.0779	0.0777	0.0534	0.0563	0.0597	0.0674	0.0775	0.0878	0.0432	0.0425	0.0462	0.0542	0.0680	0.0942	0.0322	0.0291	0.0295	0.0321	0.0389	0.0535	0.0858
450	0.0762	0.0782	0.0727	0.0685	0.0628	0.0737	0.0768	0.0783	0.0781	0.0539	0.0566	0.0601	0.0679	0.0781	0.0881	0.0435	0.0429	0.0465	0.0545	0.0684	0.0947	0.0324	0.0294	0.0297	0.0323	0.0393	0.0538	0.0861
451	0.0764	0.0784	0.0728	0.0685	0.0629	0.0739	0.0768	0.0782	0.0782	0.0540	0.0568	0.0602	0.0679	0.0781	0.0884	0.0434	0.0431	0.0463	0.0547	0.0685	0.0949	0.0326	0.0294	0.0295	0.0325	0.0393	0.0540	0.0860
452	0.0767	0.0788	0.0731	0.0689	0.0633	0.0742	0.0772	0.0786	0.0784	0.0544	0.0571	0.0604	0.0683	0.0784	0.0885	0.0437	0.0432	0.0467	0.0549	0.0687	0.0950	0.0327	0.0297	0.0298	0.0325	0.0395	0.0541	0.0863
453	0.0771	0.0792	0.0735	0.0694	0.0637	0.0746	0.0776	0.0791	0.0788	0.0547	0.0575	0.0608	0.0687	0.0787	0.0889	0.0441	0.0433	0.0471	0.0552	0.0691	0.0952	0.0330	0.0300	0.0302	0.0326	0.0398	0.0544	0.0867
454	0.0777	0.0795	0.0739	0.0701	0.0642	0.0749	0.0780	0.0797	0.0792	0.0550	0.0579	0.0613	0.0692	0.0792	0.0896	0.0444	0.0435	0.0475	0.0555	0.0694	0.0955	0.0336	0.0302	0.0305	0.0330	0.0399	0.0548	0.0871
455	0.0778	0.0798	0.0741	0.0703	0.0645	0.0752	0.0783	0.0796	0.0798	0.0554	0.0581	0.0615	0.0694	0.0794	0.0899	0.0446	0.0439	0.0476	0.0556	0.0696	0.0958	0.0336	0.0303	0.0305	0.0332	0.0401	0.0548	0.0871
456	0.0780	0.0801	0.0743	0.0706	0.0648	0.0754	0.0785	0.0798	0.0800	0.0556	0.0582	0.0617	0.0695	0.0796	0.0901	0.0449	0.0442	0.0478	0.0558	0.0698	0.0961	0.0337	0.0303	0.0305	0.0333	0.0402	0.0549	0.0873
457	0.0783	0.0803	0.0746	0.0708	0.0649	0.0757	0.0788	0.0801	0.0800	0.0557	0.0584	0.0618	0.0695	0.0799	0.0903	0.0451	0.0444	0.0481	0.0561	0.0701	0.0965	0.0338	0.0305	0.0307	0.0334	0.0403	0.0550	0.0876
458	0.0786	0.0806	0.0752	0.0712	0.0652	0.0761	0.0792	0.0807	0.0806	0.0561	0.0588	0.0620	0.0700	0.0802	0.0907	0.0452	0.0447	0.0484	0.0563	0.0704	0.0967	0.0341	0.0307	0.0308	0.0337	0.0406	0.0551	0.0877
459	0.0790	0.0809	0.0756	0.0716	0.0655	0.0764	0.0795	0.0810	0.0810	0.0565	0.0591	0.0624	0.0703	0.0806	0.0909	0.0454	0.0449	0.0486	0.0566	0.0705	0.0969	0.0342	0.0310	0.0311	0.0338	0.0408	0.0555	0.0879
460	0.0793	0.0813	0.0758	0.0718	0.0659	0.0766	0.0798	0.0813	0.0812	0.0568	0.0594	0.0628	0.0706	0.0809	0.0910	0.0457	0.0450	0.0488	0.0569	0.0707	0.0972	0.0343	0.0312	0.0314	0.0339	0.0408	0.0559	0.0881
461	0.0796	0.0817	0.0760	0.0719	0.0662	0.0769	0.0798	0.0816	0.0815	0.0569	0.0597	0.0631	0.0707	0.0811	0.0912	0.0460	0.0452	0.0489	0.0571	0.0710	0.0973	0.0347	0.0312	0.0315	0.0342	0.0409	0.0559	0.0883
462	0.0798	0.0819	0.0763	0.0723	0.0664	0.0773	0.0802	0.0817	0.0818	0.0572	0.0599	0.0634	0.0710	0.0814	0.0916	0.0461	0.0456	0.0491	0.0574	0.0712	0.0976	0.0348	0.0313	0.0317	0.0343	0.0412	0.0560	0.0886
463	0.0800	0.0821	0.0766	0.0726	0.0666	0.0775	0.0804	0.0818	0.0821	0.0574	0.0601	0.0635	0.0712	0.0816	0.0919	0.0462	0.0458	0.0493	0.0575	0.0714	0.0979	0.0348	0.0314	0.0318	0.0344	0.0413	0.0561	0.0888
464	0.0802	0.0821	0.0767	0.0729	0.0667	0.0774	0.0805	0.0819	0.0824	0.0574	0.0602	0.0635	0.0713	0.0817	0.0922	0.0464	0.0457	0.0495	0.0576	0.0716	0.0981	0.0347	0.0315	0.0318	0.0344	0.0413	0.0561	0.0887
465	0.0804	0.0824	0.0770	0.0731	0.0670	0.0778	0.0808	0.0824	0.0825	0.0576	0.0605	0.0638	0.0716	0.0819	0.0925	0.0465	0.0459	0.0496	0.0576	0.0717	0.0980	0.0350	0.0316	0.0317	0.0345	0.0416	0.0562	0.0888
466	0.0807	0.0828	0.0773	0.0734	0.0672	0.0782	0.0811	0.0827	0.0827	0.0579	0.0607	0.0639	0.0718	0.0821	0.0927	0.0467	0.0462	0.0498	0.0579	0.0718	0.0983	0.0351	0.0318	0.0319	0.0347	0.0418	0.0564	0.0891
467	0.0811	0.0831	0.0775	0.0736	0.0675	0.0784	0.0813	0.0829	0.0830	0.0584	0.0609	0.0640	0.0720	0.0824	0.0928	0.0471	0.0464	0.0499	0.0582	0.0718	0.0987	0.0352	0.0320	0.0323	0.0350	0.0419	0.0566	0.0893
468	0.0812	0.0832	0.0778	0.0739	0.0676	0.0785	0.0815	0.0831	0.0832	0.0585	0.0610	0.0644	0.0723	0.0826	0.0930	0.0473	0.0466	0.0502	0.0583	0.0723	0.0990	0.0354	0.0322	0.0324	0.0351	0.0421	0.0568	0.0895
469	0.0814	0.0834	0.0780	0.0741	0.0679	0.0787	0.0817	0.0833	0.0834	0.0587	0.0612	0.0646	0.0725	0.0829	0.0932	0.0474	0.0467	0.0503	0.0586	0.0725	0.0991	0.0356	0.0323	0.0325	0.0351	0.0422	0.0569	0.0895
470	0.0816	0.0837	0.0782	0.0743	0.0682	0.0789	0.0819	0.0836	0.0837	0.0588	0.0615	0.0648	0.0728	0.0831	0.0935	0.0476	0.0469	0.0505	0.0588	0.0726	0.0992	0.0357	0.0324	0.0326	0.0352	0.0422	0.0571	0.0895
471	0.0820	0.0841	0.0785	0.0745	0.0686	0.0792	0.0823	0.0840	0.0841	0.0590	0.0618	0.0650	0.0730	0.0833	0.0939	0.0478	0.0473	0.0509	0.0590	0.0728	0.0996	0.0358	0.0325	0.0327	0.0354	0.0424	0.0572	0.0898
472	0.0823	0.0843	0.0788	0.0749	0.0688	0.0795	0.0825	0.0843	0.0843	0.0592	0.0620	0.0653	0.0732	0.0836	0.0941	0.0479	0.0474	0.0510	0.0590	0.0730	0.0998	0.0359	0.0326	0.0328	0.0355	0.0426	0.0573	0.0898
473	0.0825	0.0846	0.0790	0.0753	0.0689	0.0798	0.0827	0.0846	0.0845	0.0595	0.0622	0.0655	0.0735	0.0838	0.0943	0.0481	0.0475	0.0511	0.0592	0.0733	0.1001	0.0360	0.0327	0.0330	0.0357	0.0426	0.0575	0.0900
474	0.0828	0.0850	0.0794	0.0756	0.0692	0.0800	0.0830	0.0850	0.0847	0.0599	0.0625	0.0658	0.0738	0.0840	0.0948	0.0484	0.0478	0.0513	0.0594	0.0736	0.1003	0.0362	0.0329	0.0333	0.0358	0.0428	0.0577	0.0904
475	0.0832	0.0854	0.0798	0.0760	0.0696	0.0804	0.0834	0.0853	0.0852	0.0602	0.0630	0.0662	0.0741	0.0844	0.0949	0.0486	0.0479	0.0515	0.0598	0.0737	0.1005	0.0365	0.0331	0.0334	0.0360	0.0430	0.0580	0.0906
476	0.0835	0.0857	0.0801	0.0764	0.0701	0.0808	0.0838	0.0855	0.0856	0.0605	0.0632	0.0665	0.0744	0.0848	0.0952	0.0489	0.0481	0.0518	0.0601	0.0739	0.1009	0.0367	0.0334	0.0336	0.0362	0.0433	0.0582	0.0907
477	0.0838	0.0859	0.0803	0.0767	0.0704	0.0810	0.0842	0.0858	0.0860	0.0608	0.0632	0.0667	0.0747	0.0851	0.0957	0.0493	0.0485	0.0521	0.0603	0.0743	0.1012	0.0369	0.0336	0.0338	0.0364	0.0435	0.0584	0.0909
478	0.0842	0.0863	0.0808	0.0770	0.0707	0.0815	0.0845	0.0861	0.0863	0.0610	0.0637	0.0670	0.0750	0.0854	0.0959	0.0495	0.0488	0.0524	0.0607	0.0746	0.1016	0.0371	0.0337	0.0340	0.0367	0.0437	0.0585	0.0912
479	0.0846	0.0866	0.0810	0.0774	0.0709	0.0817	0.0847	0.0865	0.0866	0.0613	0.0640	0.0674	0.0754	0.0856	0.0962	0.0496	0.0490	0.0526	0.0609	0.0748	0.1018	0.0372	0.0339	0.0341	0.0367	0.0438	0.0586	0.0914
480	0.0849	0.0870	0.0812	0.0778	0.0712	0.0819	0.0849	0.0868	0.0870	0.0616	0.0642	0.0678	0.0757	0.0859	0.0965	0.0498	0.0491	0.0527	0.0609	0.0751	0.1019	0.0373	0.0341	0.0341	0.0367	0.0438	0.0588	0.0916
481	0.0853	0.0874	0.0818	0.0781	0.0717	0.0823	0.0853	0.0871	0.0873	0.0620	0.0647	0.0682	0.0759	0.0861	0.0969	0.0502	0.0495	0.0530	0.0611	0.0756	0.1022	0.0376	0.0342	0.0343	0.0371	0.0441	0.0589	0.0918
482	0.0859	0.0878	0.0823	0.0785	0.0722	0.0829	0.0857	0.0876	0.0877	0.0626	0.0651	0.0684	0.0763	0.0867	0.0974	0.0505	0.0499	0.0535	0.0615	0.0758	0.1027	0.0379	0.0345	0.0346	0.0374	0.0444	0.0592	0.0922
483	0.0863	0.0883	0.0827	0.0790	0.0728	0.0835	0.0862	0.0881	0.0882	0.0630	0.0656	0.0688	0.0767	0.0872	0.0979	0.0509	0.0502	0.0539	0.0620	0.0760	0.1030	0.0383	0.0348	0.0350	0.0376	0.0447	0.0596	0.0924
484	0.0865	0.0888	0.0831	0.0795	0.0732	0.0838	0.0866	0.0884	0.0888	0.0633	0.0659	0.0692	0.0772	0.0874	0.0982	0.0513	0.0505	0.0541	0.0626	0.0764	0.1031	0.0385	0.0349	0.0352	0.0378	0.0450	0.0598	0.0926
485	0.0872	0.0893	0.0837	0.0800	0.0736	0.0843	0.0872	0.0890	0.0893	0.0638	0.0664	0.0697	0.0775	0.0880	0.0987	0.0517	0.0508	0.0546	0.0629	0.0768	0.1037	0.0388	0.0352	0.0355	0.0380	0.0453	0.0601	0.0929
486	0.0876	0.0897	0.0842	0.0804	0.0739	0.0847	0.0877	0.0894	0.0898	0.0642	0.0668	0.0700	0.0778	0.0884	0.0991	0.0520	0.0511	0.0548	0.0631	0.0771	0.1042	0.0390	0.0354	0.0356	0.0382	0.0454	0.0603	0.0932
487	0.0879	0.0900	0.0846	0.0808	0.0743	0.0850	0.0881	0.0898	0.0902	0.0646	0.0671	0.0703	0.0783	0.0887	0.0995	0.0522	0.0514	0.0550	0.0633	0.0773	0.1045	0.0391	0.0356	0.0357	0.0383	0.0454	0.0604	0.0934
488	0.0883	0.0905	0.0850	0.0814	0.0747	0.0855	0.0885	0.0903	0.0906	0.0650	0.0675	0.0708	0.0786	0.0891	0.0999	0.0526	0.0518	0.0553	0.0636	0.0777	0.1047	0.0393	0.0358	0.0360	0.0385	0.0457	0.0607	0.0936
489	0.0890	0.0910	0.0856	0.0819	0.0753	0.0861	0.0890	0.0909	0.0912	0.0655	0.0680	0.0713	0.0792	0.0895	0.1005	0.0530	0.0522	0.0557	0.0640	0.0782	0.1052	0.0396	0.0360	0.0363	0.0390	0.0461	0.0609	0.0939
490	0.0896	0.0916	0.0863	0.0825	0.0759	0.0868	0.0895	0.0914	0.0917	0.0661	0.0685	0.0717	0.0798	0.0899	0.1012	0.0534	0.0525	0.0561	0.0644	0.0787	0.1057	0.0400	0.0363	0.0366	0.0395	0.0465	0.0613	0.0944
491	0.0901	0.0921	0.0868	0.0832	0.0766	0.0873	0.0900	0.0920	0.0923	0.0666	0.0690	0.0723	0.0802	0.0907	0.1015	0.0540	0.0532	0.0565	0.0649	0.0791	0.1060	0.0404	0.0368	0.0370	0.0397	0.0467	0.0618	0.0946
492	0.0907	0.0927	0.0874	0.0838	0.0771	0.0878	0.0905	0.0924	0.0928	0.0671	0.0696	0.0728	0.0807	0.0911	0.1020	0.0544	0.0536	0.0570	0.0654	0.0795	0.1065	0.0406	0.0370	0.0373	0.0398	0.0469	0.0620	0.0949
493	0.0913	0.0933	0.0880	0.0844	0.0776	0.0883	0.0911	0.0930	0.0934	0.0676	0.0701	0.0732	0.0812	0.0916	0.1027	0.0547	0.0540	0.0574	0.0658	0.0799	0.1070	0.0409	0.0373	0.0376	0.0401	0.0472	0.0623	0.0953
494	0.0919	0.0939	0.0885	0.0850	0.0781	0.0888	0.0918	0.0938	0.0941	0.0681	0.0707	0.0738	0.0817	0.0922	0.1032	0.0551	0.0544	0.0579	0.0663	0.0804	0.1076	0.0414	0.0377	0.0378	0.0407	0.0476	0.0625	0.0958
495	0.0925	0.0946	0.0891	0.0855	0.0787	0.0894	0.0925	0.0944	0.0948	0.0686	0.0710	0.0743	0.0823	0.0927	0.1037	0.0556	0.0546	0.0583	0.0666	0.0809	0.1080	0.0417	0.0380	0.0381	0.0408	0.0479	0.0628	0.0961
496	0.0931	0.0951	0.0897	0.0861	0.0793	0.0900	0.0930	0.0948	0.0953	0.0691	0.0715	0.0748	0.0827	0.0931	0.1042	0.0560	0.0549	0.0587	0.0670	0.0813	0.1085	0.0420	0.0383	0.0383	0.0410	0.0482	0.0631	0.0964
497	0.0935	0.0956	0.0902	0.0865	0.0799	0.0905	0.0933	0.0953	0.0958	0.0697	0.0720	0.0752	0.0831	0.0935	0.1047	0.0565	0.0554	0.0590	0.0674	0.0816	0.1090	0.0423	0.0386	0.0385	0.0414	0.0484	0.0633	0.0967
498	0.0941	0.0964	0.0909	0.0874	0.0806	0.0912	0.0941	0.0961	0.0964	0.0703	0.0727	0.0758	0.0838	0.0943	0.1054	0.0570	0.0560	0.0595	0.0680	0.0821	0.1094	0.0428	0.0389	0.0389	0.0417	0.0488	0.0638	0.0970
499	0.0949	0.0971	0.0917	0.0881	0.0813	0.0919	0.0949	0.0968	0.0972	0.0710	0.0732	0.0764	0.0844	0.0950	0.1061	0.0575	0.0566	0.0601	0.0686	0.0826	0.1099	0.0431	0.0393	0.0394	0.0420	0.0492	0.0642	0.0974
500	0.0957	0.0978	0.0924	0.0888	0.0821	0.0926	0.0955	0.0974	0.0980	0.0716	0.0737	0.0770	0.0850	0.0956	0.1067	0.0580	0.0571	0.0606	0.0691	0.0831	0.1104	0.0434	0.0397	0.0399	0.0424	0.0496	0.0645	0.0978
501	0.0963	0.0985	0.0931	0.0894	0.0827	0.0932	0.0961	0.0980	0.0985	0.0722	0.0743	0.0775	0.0857	0.0961	0.1072	0.0584	0.0575	0.0609	0.0694	0.0837	0.1111	0.0438	0.0399	0.0402	0.0428	0.0498	0.0649	0.0982
502	0.0970	0.0990	0.0936	0.0901	0.0832	0.0938	0.0967	0.0986	0.0992	0.0727	0.0749	0.0782	0.0862	0.0967	0.1077	0.0589	0.0580	0.0614	0.0698	0.0842	0.1115	0.0441	0.0402	0.0404	0.0431	0.0502	0.0653	0.0985
503	0.0977	0.0996	0.0942	0.0907	0.0838	0.0944	0.0974	0.0992	0.0998	0.0732	0.0755	0.0788	0.0868	0.0972	0.1084	0.0593	0.0584	0.0619	0.0702	0.0846	0.1119	0.0444	0.0406	0.0406	0.0433	0.0506	0.0656	0.0989
504	0.0985	0.1004	0.0949	0.0914	0.0845	0.0951	0.0980	0.0998	0.1003	0.0738	0.0761	0.0793	0.0873	0.0977	0.1091	0.0599	0.0589	0.0625	0.0709	0.0851	0.1125	0.0449	0.0410	0.0410	0.0437	0.0510	0.0660	0.0993
505	0.0990	0.1011	0.0956	0.0922	0.0852	0.0957	0.0987	0.1006	0.1011	0.0745	0.0768	0.0799	0.0880	0.0985	0.1098	0.0605	0.0594	0.0630	0.0715	0.0856	0.1131	0.0453	0.0415	0.0414	0.0441	0.0513	0.0664	0.0998
506	0.0996	0.1019	0.0964	0.0930	0.0859	0.0965	0.0994	0.1014	0.1018	0.0752	0.0774	0.0805	0.0887	0.0992	0.1104	0.0610	0.0599	0.0635	0.0720	0.0861	0.1137	0.0457	0.0418	0.0418	0.0445	0.0516	0.0667	0.1002
507	0.1003	0.1026	0.0972	0.0937	0.0867	0.0972	0.1001	0.1020	0.1025	0.0759	0.0781	0.0812	0.0892	0.0998	0.1112	0.0615	0.0604	0.0640	0.0725	0.0867	0.1143	0.0461	0.0421	0.0422	0.0449	0.0520	0.0670	0.1004
508	0.1010	0.1033	0.0979	0.0945	0.0873	0.0978	0.1007	0.1027	0.1033	0.0766	0.0787	0.0817	0.0899	0.1004	0.1117	0.0621	0.0610	0.0646	0.0730	0.0873	0.1148	0.0465	0.0425	0.0425	0.0452	0.0524	0.0674	0.1008
509	0.1017	0.1039	0.0985	0.0951	0.0879	0.0985	0.1013	0.1034	0.1041	0.0772	0.0792	0.0824	0.0905	0.1010	0.1124	0.0625	0.0615	0.0650	0.0734	0.0878	0.1153	0.0468	0.0428	0.0428	0.0455	0.0527	0.0678	0.1013
510	0.1024	0.1046	0.0991	0.0957	0.0885	0.0991	0.1018	0.1042	0.1047	0.0778	0.0797	0.0830	0.0910	0.1015	0.1131	0.0629	0.0619	0.0654	0.0739	0.0883	0.1158	0.0472	0.0431	0.0431	0.0458	0.0530	0.0681	0.1017
511	0.1032	0.1053	0.0999	0.0965	0.0893	0.1000	0.1027	0.1047	0.1054	0.0784	0.0804	0.0836	0.0916	0.1022	0.1136	0.0634	0.0624	0.0661	0.0744	0.0887	0.1165	0.0475	0.0434	0.0436	0.0462	0.0534	0.0685	0.1021
512	0.1039	0.1061	0.1005	0.0972	0.0900	0.1007	0.1035	0.1054	0.1062	0.0790	0.0811	0.0842	0.0922	0.1028	0.1143	0.0641	0.0628	0.0666	0.0749	0.0892	0.1169	0.0479	0.0439	0.0440	0.0465	0.0539	0.0689	0.1026
513	0.1046	0.1068	0.1012	0.0979	0.0906	0.1013	0.1042	0.1061	0.1069	0.0796	0.0818	0.0849	0.0928	0.1035	0.1149	0.0647	0.0633	0.0670	0.0755	0.0898	0.1174	0.0482	0.0443	0.0443	0.0469	0.0543	0.0693	0.1030
514	0.1052	0.1075	0.1021	0.0986	0.0911	0.1020	0.1049	0.1069	0.1076	0.0803	0.0824	0.0856	0.0934	0.1041	0.1155	0.0651	0.0638	0.0675	0.0760	0.0903	0.1181	0.0486	0.0445	0.0446	0.0472	0.0546	0.0696	0.1034
515	0.1061	0.1083	0.1028	0.0995	0.0920	0.1027	0.1056	0.1076	0.1084	0.0810	0.0830	0.0861	0.0941	0.1048	0.1164	0.0656	0.0645	0.0681	0.0765	0.0910	0.1188	0.0491	0.0449	0.0450	0.0477	0.0549	0.0700	0.1037
516	0.1069	0.1090	0.1036	0.1003	0.0928	0.1034	0.1063	0.1082	0.1091	0.0816	0.0837	0.0866	0.0947	0.1054	0.1171	0.0662	0.0651	0.0686	0.0771	0.0916	0.1193	0.0494	0.0453	0.0453	0.0481	0.0552	0.0704	0.1040
517	0.1075	0.1097	0.1043	0.1009	0.0935	0.1040	0.1070	0.1089	0.1098	0.0822	0.0842	0.0872	0.0952	0.1059	0.1177	0.0666	0.0655	0.0690	0.0776	0.0920	0.1197	0.0497	0.0458	0.0456	0.0483	0.0556	0.0709	0.1044
518	0.1083	0.1104	0.1051	0.1017	0.0943	0.1048	0.1078	0.1097	0.1107	0.0831	0.0851	0.0881	0.0960	0.1067	0.1184	0.0674	0.0661	0.0697	0.0781	0.0926	0.1204	0.0502	0.0463	0.0462	0.0489	0.0561	0.0713	0.1050
519	0.1091	0.1112	0.1059	0.1025	0.0951	0.1056	0.1085	0.1105	0.1114	0.0838	0.0857	0.0888	0.0967	0.1075	0.1191	0.0680	0.0667	0.0703	0.0787	0.0932	0.1210	0.0507	0.0468	0.0466	0.0493	0.0565	0.0718	0.1055
520	0.1098	0.1120	0.1067	0.1033	0.0959	0.1064	0.1092	0.1113	0.1120	0.0845	0.0863	0.0894	0.0973	0.1082	0.1198	0.0685	0.0671	0.0708	0.0793	0.0937	0.1215	0.0511	0.0471	0.0469	0.0497	0.0569	0.0722	0.1059
521	0.1106	0.1128	0.1074	0.1041	0.0965	0.1070	0.1100	0.1120	0.1128	0.0850	0.0871	0.0900	0.0981	0.1088	0.1205	0.0690	0.0677	0.0713	0.0798	0.0943	0.1221	0.0516	0.0474	0.0474	0.0500	0.0573	0.0725	0.1063
522	0.1112	0.1135	0.1081	0.1048	0.0972	0.1076	0.1107	0.1127	0.1136	0.0857	0.0876	0.0906	0.0988	0.1094	0.1211	0.0694	0.0682	0.0718	0.0803	0.0947	0.1228	0.0519	0.0477	0.0477	0.0504	0.0576	0.0728	0.1067
523	0.1119	0.1142	0.1089	0.1055	0.0979	0.1084	0.1113	0.1133	0.1143	0.0864	0.0882	0.0912	0.0994	0.1101	0.1217	0.0699	0.0688	0.0723	0.0809	0.0952	0.1234	0.0523	0.0481	0.0480	0.0507	0.0579	0.0732	0.1071
524	0.1128	0.1151	0.1096	0.1063	0.0987	0.1092	0.1120	0.1140	0.1151	0.0871	0.0889	0.0920	0.1000	0.1108	0.1224	0.0704	0.0692	0.0728	0.0814	0.0958	0.1239	0.0527	0.0484	0.0484	0.0510	0.0584	0.0737	0.1074
525	0.1135	0.1157	0.1104	0.1071	0.0994	0.1099	0.1128	0.1149	0.1158	0.0877	0.0895	0.0926	0.1007	0.1113	0.1232	0.0710	0.0698	0.0734	0.0820	0.0964	0.1245	0.0531	0.0489	0.0488	0.0515	0.0588	0.0740	0.1079
526	0.1142	0.1165	0.1113	0.1079	0.1002	0.1107	0.1136	0.1157	0.1166	0.0884	0.0902	0.0933	0.1014	0.1120	0.1239	0.0716	0.0704	0.0740	0.0825	0.0970	0.1250	0.0535	0.0493	0.0492	0.0519	0.0592	0.0744	0.1084
527	0.1150	0.1174	0.1121	0.1088	0.1010	0.1115	0.1143	0.1164	0.1174	0.0891	0.0910	0.0940	0.1020	0.1129	0.1247	0.0723	0.0709	0.0746	0.0830	0.0977	0.1257	0.0539	0.0497	0.0495	0.0523	0.0595	0.0747	0.1088
528	0.1158	0.1181	0.1127	0.1095	0.1016	0.1122	0.1150	0.1172	0.1182	0.0898	0.0916	0.0946	0.1027	0.1135	0.1253	0.0729	0.0714	0.0751	0.0837	0.0982	0.1264	0.0543	0.0501	0.0500	0.0526	0.0600	0.0751	0.1093
529	0.1166	0.1188	0.1135	0.1104	0.1024	0.1129	0.1158	0.1179	0.1190	0.0905	0.0923	0.0953	0.1034	0.1142	0.1260	0.0735	0.0720	0.0757	0.0843	0.0987	0.1270	0.0547	0.0505	0.0504	0.0531	0.0604	0.0756	0.1097
530	0.1174	0.1196	0.1144	0.1112	0.1032	0.1136	0.1165	0.1186	0.1197	0.0912	0.0930	0.0959	0.1040	0.1149	0.1268	0.0740	0.0727	0.0763	0.0848	0.0993	0.1275	0.0552	0.0509	0.0508	0.0535	0.0607	0.0760	0.1101
531	0.1183	0.1205	0.1152	0.1120	0.1040	0.1144	0.1173	0.1195	0.1205	0.0919	0.0936	0.0967	0.1048	0.1156	0.1275	0.0745	0.0733	0.0768	0.0853	0.0999	0.1281	0.0556	0.0513	0.0511	0.0539	0.0612	0.0764	0.1106
532	0.1190	0.1212	0.1159	0.1127	0.1047	0.1152	0.1181	0.1201	0.1212	0.0925	0.0943	0.0973	0.1054	0.1162	0.1281	0.0750	0.0738	0.0773	0.0859	0.1005	0.1287	0.0559	0.0517	0.0515	0.0542	0.0616	0.0768	0.1110
533	0.1197	0.1220	0.1166	0.1134	0.1054	0.1159	0.1188	0.1208	0.1219	0.0932	0.0949	0.0979	0.1061	0.1169	0.1288	0.0755	0.0743	0.0778	0.0864	0.1010	0.1292	0.0563	0.0520	0.0519	0.0545	0.0619	0.0773	0.1113
534	0.1205	0.1227	0.1174	0.1142	0.1062	0.1165	0.1195	0.1215	0.1227	0.0940	0.0956	0.0987	0.1067	0.1175	0.1295	0.0761	0.0749	0.0783	0.0870	0.1015	0.1298	0.0568	0.0524	0.0523	0.0549	0.0624	0.0776	0.1117
535	0.1213	0.1235	0.1182	0.1150	0.1070	0.1173	0.1203	0.1223	0.1235	0.0947	0.0963	0.0994	0.1074	0.1183	0.1303	0.0768	0.0753	0.0789	0.0875	0.1021	0.1304	0.0572	0.0528	0.0527	0.0553	0.0627	0.0780	0.1122
536	0.1220	0.1243	0.1189	0.1158	0.1077	0.1181	0.1211	0.1231	0.1242	0.0953	0.0970	0.1000	0.1080	0.1190	0.1310	0.0773	0.0758	0.0794	0.0880	0.1026	0.1310	0.0576	0.0532	0.0530	0.0557	0.0630	0.0784	0.1126
537	0.1228	0.1250	0.1198	0.1166	0.1084	0.1188	0.1216	0.1238	0.1250	0.0959	0.0977	0.1006	0.1087	0.1196	0.1316	0.0777	0.0764	0.0800	0.0886	0.1031	0.1316	0.0579	0.0536	0.0534	0.0560	0.0633	0.0788	0.1130
538	0.1236	0.1259	0.1205	0.1174	0.1092	0.1196	0.1225	0.1247	0.1258	0.0966	0.0983	0.1013	0.1094	0.1203	0.1323	0.0784	0.0770	0.0806	0.0893	0.1037	0.1322	0.0584	0.0540	0.0538	0.0564	0.0638	0.0792	0.1134
539	0.1243	0.1267	0.1213	0.1182	0.1100	0.1204	0.1233	0.1255	0.1265	0.0974	0.0990	0.1020	0.1102	0.1210	0.1331	0.0790	0.0776	0.0811	0.0898	0.1044	0.1327	0.0588	0.0544	0.0542	0.0569	0.0642	0.0796	0.1138
540	0.1251	0.1275	0.1221	0.1189	0.1107	0.1212	0.1240	0.1262	0.1273	0.0981	0.0997	0.1026	0.1109	0.1216	0.1337	0.0795	0.0781	0.0817	0.0903	0.1050	0.1332	0.0592	0.0549	0.0546	0.0573	0.0647	0.0800	0.1142
541	0.1259	0.1282	0.1229	0.1198	0.1115	0.1219	0.1247	0.1269	0.1281	0.0988	0.1004	0.1033	0.1115	0.1223	0.1344	0.0800	0.0786	0.0822	0.0909	0.1055	0.1339	0.0597	0.0552	0.0550	0.0577	0.0651	0.0804	0.1147
542	0.1266	0.1290	0.1236	0.1205	0.1122	0.1226	0.1254	0.1277	0.1288	0.0994	0.1010	0.1039	0.1121	0.1230	0.1351	0.0806	0.0791	0.0827	0.0914	0.1060	0.1345	0.0600	0.0556	0.0554	0.0580	0.0654	0.0807	0.1151
543	0.1273	0.1297	0.1243	0.1213	0.1129	0.1232	0.1261	0.1284	0.1295	0.1000	0.1017	0.1046	0.1127	0.1237	0.1358	0.0811	0.0797	0.0832	0.0918	0.1065	0.1350	0.0603	0.0559	0.0557	0.0583	0.0657	0.0810	0.1155
544	0.1280	0.1304	0.1251	0.1220	0.1137	0.1239	0.1268	0.1291	0.1302	0.1006	0.1023	0.1053	0.1133	0.1243	0.1364	0.0816	0.0803	0.0838	0.0924	0.1072	0.1355	0.0608	0.0564	0.0560	0.0586	0.0660	0.0814	0.1159
545	0.1288	0.1312	0.1259	0.1228	0.1144	0.1248	0.1276	0.1298	0.1310	0.1014	0.1030	0.1059	0.1140	0.1250	0.1372	0.0822	0.0807	0.0843	0.0930	0.1077	0.1361	0.0612	0.0567	0.0564	0.0591	0.0664	0.0819	0.1163
546	0.1296	0.1320	0.1267	0.1236	0.1152	0.1255	0.1283	0.1306	0.1319	0.1021	0.1037	0.1066	0.1147	0.1257	0.1379	0.0828	0.0812	0.0849	0.0936	0.1082	0.1367	0.0616	0.0571	0.0568	0.0595	0.0669	0.0824	0.1167
547	0.1304	0.1327	0.1275	0.1244	0.1159	0.1263	0.1291	0.1314	0.1327	0.1028	0.1043	0.1072	0.1155	0.1264	0.1387	0.0834	0.0819	0.0855	0.0940	0.1088	0.1374	0.0620	0.0575	0.0572	0.0599	0.0672	0.0828	0.1172
548	0.1312	0.1335	0.1282	0.1251	0.1167	0.1270	0.1298	0.1320	0.1333	0.1034	0.1050	0.1079	0.1160	0.1270	0.1392	0.0839	0.0824	0.0860	0.0946	0.1094	0.1379	0.0624	0.0579	0.0576	0.0602	0.0677	0.0831	0.1175
549	0.1319	0.1342	0.1289	0.1259	0.1174	0.1277	0.1306	0.1327	0.1340	0.1040	0.1056	0.1085	0.1167	0.1277	0.1399	0.0844	0.0829	0.0865	0.0952	0.1099	0.1384	0.0628	0.0583	0.0580	0.0606	0.0681	0.0834	0.1179
550	0.1326	0.1350	0.1297	0.1267	0.1180	0.1284	0.1313	0.1334	0.1348	0.1048	0.1063	0.1092	0.1173	0.1283	0.1405	0.0849	0.0835	0.0870	0.0957	0.1104	0.1390	0.0632	0.0586	0.0583	0.0611	0.0684	0.0838	0.1184
551	0.1333	0.1357	0.1305	0.1274	0.1188	0.1291	0.1320	0.1342	0.1356	0.1054	0.1070	0.1098	0.1179	0.1290	0.1412	0.0854	0.0840	0.0875	0.0963	0.1110	0.1395	0.0636	0.0589	0.0587	0.0614	0.0687	0.0842	0.1188
552	0.1341	0.1365	0.1312	0.1281	0.1195	0.1298	0.1328	0.1350	0.1363	0.1060	0.1076	0.1104	0.1186	0.1296	0.1419	0.0859	0.0845	0.0881	0.0968	0.1115	0.1401	0.0640	0.0593	0.0591	0.0618	0.0691	0.0846	0.1192
553	0.1349	0.1373	0.1319	0.1289	0.1202	0.1306	0.1335	0.1357	0.1370	0.1066	0.1082	0.1111	0.1192	0.1302	0.1426	0.0865	0.0851	0.0886	0.0973	0.1121	0.1407	0.0644	0.0598	0.0595	0.0622	0.0696	0.0850	0.1196
554	0.1357	0.1379	0.1327	0.1297	0.1210	0.1313	0.1342	0.1364	0.1377	0.1073	0.1089	0.1117	0.1199	0.1309	0.1433	0.0871	0.0856	0.0891	0.0978	0.1126	0.1412	0.0647	0.0602	0.0599	0.0626	0.0699	0.0854	0.1198
555	0.1364	0.1387	0.1334	0.1304	0.1216	0.1320	0.1348	0.1371	0.1384	0.1079	0.1095	0.1123	0.1204	0.1315	0.1439	0.0876	0.0860	0.0896	0.0983	0.1131	0.1418	0.0651	0.0605	0.0602	0.0629	0.0703	0.0857	0.1202
556	0.1370	0.1395	0.1341	0.1311	0.1222	0.1327	0.1355	0.1378	0.1391	0.1086	0.1101	0.1129	0.1211	0.1322	0.1445	0.0881	0.0865	0.0901	0.0989	0.1136	0.1424	0.0655	0.0609	0.0605	0.0632	0.0706	0.0861	0.1206
557	0.1377	0.1403	0.1349	0.1319	0.1230	0.1335	0.1362	0.1385	0.1399	0.1093	0.1107	0.1136	0.1218	0.1328	0.1452	0.0887	0.0872	0.0907	0.0995	0.1142	0.1429	0.0658	0.0613	0.0609	0.0637	0.0710	0.0864	0.1211
558	0.1384	0.1409	0.1357	0.1326	0.1236	0.1340	0.1369	0.1392	0.1406	0.1098	0.1113	0.1142	0.1224	0.1334	0.1459	0.0891	0.0876	0.0911	0.0999	0.1147	0.1433	0.0662	0.0616	0.0612	0.0639	0.0713	0.0867	0.1214
559	0.1392	0.1416	0.1364	0.1333	0.1243	0.1347	0.1376	0.1399	0.1413	0.1104	0.1119	0.1149	0.1230	0.1341	0.1465	0.0896	0.0881	0.0916	0.1004	0.1151	0.1438	0.0666	0.0619	0.0616	0.0642	0.0717	0.0871	0.1218
560	0.1400	0.1423	0.1371	0.1340	0.1251	0.1355	0.1383	0.1406	0.1420	0.1111	0.1126	0.1154	0.1237	0.1348	0.1471	0.0902	0.0887	0.0921	0.1009	0.1156	0.1444	0.0669	0.0622	0.0620	0.0646	0.0720	0.0876	0.1222
561	0.1406	0.1430	0.1377	0.1347	0.1258	0.1361	0.1390	0.1412	0.1427	0.1117	0.1132	0.1160	0.1243	0.1353	0.1477	0.0907	0.0891	0.0926	0.1014	0.1162	0.1449	0.0673	0.0626	0.0623	0.0649	0.0724	0.0880	0.1226
562	0.1413	0.1438	0.1384	0.1355	0.1264	0.1368	0.1397	0.1419	0.1434	0.1123	0.1138	0.1167	0.1249	0.1359	0.1484	0.0912	0.0897	0.0931	0.1019	0.1167	0.1455	0.0677	0.0630	0.0627	0.0653	0.0728	0.0883	0.1230
563	0.1420	0.1445	0.1392	0.1362	0.1271	0.1375	0.1404	0.1427	0.1442	0.1129	0.1144	0.1173	0.1255	0.1365	0.1491	0.0918	0.0902	0.0936	0.1024	0.1172	0.1460	0.0681	0.0633	0.0631	0.0657	0.0732	0.0886	0.1234
564	0.1427	0.1451	0.1398	0.1369	0.1278	0.1382	0.1410	0.1433	0.1448	0.1135	0.1151	0.1179	0.1260	0.1372	0.1497	0.0922	0.0907	0.0942	0.1030	0.1178	0.1465	0.0685	0.0637	0.0634	0.0661	0.0735	0.0889	0.1237
565	0.1434	0.1458	0.1405	0.1376	0.1285	0.1388	0.1417	0.1440	0.1455	0.1141	0.1156	0.1185	0.1267	0.1378	0.1503	0.0927	0.0912	0.0947	0.1035	0.1183	0.1470	0.0688	0.0640	0.0637	0.0664	0.0738	0.0892	0.1241
566	0.1441	0.1465	0.1412	0.1383	0.1292	0.1395	0.1424	0.1447	0.1462	0.1147	0.1162	0.1191	0.1273	0.1384	0.1509	0.0931	0.0916	0.0952	0.1040	0.1187	0.1476	0.0691	0.0643	0.0641	0.0668	0.0742	0.0896	0.1245
567	0.1447	0.1472	0.1419	0.1390	0.1298	0.1401	0.1430	0.1454	0.1469	0.1153	0.1168	0.1196	0.1278	0.1390	0.1515	0.0936	0.0921	0.0957	0.1045	0.1192	0.1481	0.0695	0.0646	0.0644	0.0671	0.0745	0.0900	0.1248
568	0.1454	0.1479	0.1426	0.1397	0.1304	0.1408	0.1437	0.1460	0.1475	0.1159	0.1174	0.1202	0.1284	0.1396	0.1521	0.0941	0.0925	0.0961	0.1049	0.1197	0.1486	0.0697	0.0650	0.0647	0.0674	0.0749	0.0904	0.1251
569	0.1461	0.1486	0.1432	0.1404	0.1311	0.1415	0.1444	0.1467	0.1481	0.1165	0.1180	0.1208	0.1291	0.1401	0.1528	0.0947	0.0930	0.0965	0.1054	0.1202	0.1491	0.0701	0.0654	0.0650	0.0677	0.0753	0.0907	0.1255
570	0.1468	0.1492	0.1439	0.1410	0.1317	0.1421	0.1450	0.1473	0.1488	0.1170	0.1185	0.1214	0.1297	0.1407	0.1534	0.0952	0.0935	0.0969	0.1059	0.1207	0.1496	0.0705	0.0657	0.0654	0.0680	0.0756	0.0910	0.1258
571	0.1474	0.1498	0.1446	0.1416	0.1324	0.1427	0.1456	0.1480	0.1494	0.1176	0.1191	0.1220	0.1302	0.1413	0.1539	0.0956	0.0939	0.0975	0.1063	0.1211	0.1501	0.0709	0.0661	0.0658	0.0684	0.0759	0.0914	0.1261
572	0.1480	0.1505	0.1452	0.1423	0.1330	0.1433	0.1462	0.1486	0.1501	0.1182	0.1196	0.1225	0.1308	0.1419	0.1545	0.0961	0.0944	0.0979	0.1068	0.1216	0.1506	0.0712	0.0664	0.0661	0.0687	0.0762	0.0917	0.1265
573	0.1487	0.1512	0.1458	0.1430	0.1336	0.1439	0.1468	0.1492	0.1508	0.1188	0.1202	0.1231	0.1314	0.1424	0.1551	0.0965	0.0949	0.0984	0.1072	0.1221	0.1511	0.0715	0.0667	0.0663	0.0690	0.0765	0.0920	0.1268
574	0.1493	0.1518	0.1465	0.1436	0.1342	0.1446	0.1474	0.1498	0.1514	0.1193	0.1207	0.1236	0.1319	0.1430	0.1557	0.0969	0.0953	0.0988	0.1077	0.1226	0.1515	0.0718	0.0670	0.0667	0.0693	0.0768	0.0923	0.1272
575	0.1500	0.1525	0.1473	0.1443	0.1348	0.1452	0.1481	0.1505	0.1521	0.1199	0.1213	0.1242	0.1325	0.1436	0.1563	0.0974	0.0958	0.0993	0.1082	0.1230	0.1520	0.0721	0.0673	0.0670	0.0697	0.0772	0.0927	0.1276
576	0.1506	0.1532	0.1479	0.1450	0.1354	0.1459	0.1487	0.1511	0.1527	0.1205	0.1219	0.1248	0.1330	0.1442	0.1569	0.0979	0.0963	0.0998	0.1086	0.1235	0.1526	0.0725	0.0676	0.0673	0.0700	0.0775	0.0930	0.1280
577	0.1513	0.1538	0.1484	0.1456	0.1361	0.1465	0.1494	0.1517	0.1533	0.1210	0.1225	0.1254	0.1336	0.1448	0.1575	0.0983	0.0967	0.1002	0.1090	0.1240	0.1531	0.0728	0.0679	0.0676	0.0703	0.0778	0.0933	0.1283
578	0.1519	0.1544	0.1491	0.1463	0.1367	0.1471	0.1500	0.1524	0.1540	0.1216	0.1230	0.1259	0.1341	0.1454	0.1580	0.0988	0.0971	0.1006	0.1095	0.1245	0.1536	0.0731	0.0683	0.0679	0.0706	0.0781	0.0937	0.1287
579	0.1525	0.1550	0.1497	0.1469	0.1373	0.1477	0.1506	0.1530	0.1546	0.1220	0.1235	0.1265	0.1347	0.1460	0.1586	0.0992	0.0975	0.1011	0.1100	0.1250	0.1540	0.0734	0.0686	0.0682	0.0709	0.0784	0.0940	0.1291
580	0.1532	0.1556	0.1503	0.1475	0.1378	0.1483	0.1512	0.1536	0.1552	0.1225	0.1240	0.1270	0.1353	0.1466	0.1592	0.0996	0.0980	0.1015	0.1104	0.1254	0.1545	0.0737	0.0689	0.0685	0.0712	0.0788	0.0943	0.1294
581	0.1538	0.1563	0.1510	0.1481	0.1385	0.1489	0.1518	0.1543	0.1559	0.1231	0.1246	0.1275	0.1358	0.1471	0.1598	0.1001	0.0984	0.1020	0.1109	0.1259	0.1551	0.0740	0.0692	0.0689	0.0715	0.0791	0.0946	0.1298
582	0.1545	0.1569	0.1517	0.1488	0.1391	0.1495	0.1525	0.1548	0.1565	0.1237	0.1252	0.1280	0.1364	0.1476	0.1605	0.1005	0.0989	0.1025	0.1114	0.1263	0.1556	0.0743	0.0695	0.0691	0.0718	0.0794	0.0949	0.1302
583	0.1551	0.1575	0.1523	0.1494	0.1397	0.1501	0.1531	0.1554	0.1571	0.1242	0.1257	0.1286	0.1369	0.1482	0.1611	0.1009	0.0993	0.1029	0.1118	0.1268	0.1561	0.0746	0.0698	0.0694	0.0722	0.0798	0.0953	0.1306
584	0.1556	0.1581	0.1528	0.1500	0.1402	0.1507	0.1536	0.1560	0.1577	0.1247	0.1262	0.1292	0.1375	0.1488	0.1617	0.1014	0.0998	0.1034	0.1123	0.1273	0.1567	0.0749	0.0701	0.0698	0.0725	0.0801	0.0957	0.1310
585	0.1562	0.1588	0.1534	0.1506	0.1408	0.1513	0.1542	0.1566	0.1584	0.1252	0.1267	0.1297	0.1380	0.1494	0.1623	0.1018	0.1002	0.1038	0.1128	0.1278	0.1573	0.0752	0.0704	0.0701	0.0728	0.0804	0.0960	0.1314
586	0.1568	0.1594	0.1541	0.1512	0.1414	0.1519	0.1548	0.1572	0.1590	0.1258	0.1273	0.1303	0.1385	0.1499	0.1629	0.1023	0.1006	0.1042	0.1132	0.1282	0.1578	0.0755	0.0707	0.0703	0.0731	0.0807	0.0963	0.1317
587	0.1574	0.1599	0.1546	0.1518	0.1420	0.1524	0.1554	0.1578	0.1595	0.1262	0.1277	0.1308	0.1391	0.1504	0.1634	0.1027	0.1010	0.1046	0.1136	0.1287	0.1582	0.0759	0.0710	0.0706	0.0734	0.0810	0.0966	0.1321
588	0.1580	0.1605	0.1552	0.1525	0.1426	0.1530	0.1559	0.1584	0.1602	0.1268	0.1283	0.1312	0.1396	0.1509	0.1640	0.1031	0.1015	0.1050	0.1141	0.1291	0.1587	0.0762	0.0714	0.0710	0.0737	0.0813	0.0969	0.1325
589	0.1586	0.1611	0.1559	0.1532	0.1432	0.1537	0.1565	0.1590	0.1608	0.1275	0.1289	0.1318	0.1402	0.1516	0.1646	0.1036	0.1020	0.1055	0.1146	0.1296	0.1593	0.0766	0.0717	0.0714	0.0740	0.0817	0.0974	0.1329
590	0.1592	0.1618	0.1565	0.1538	0.1438	0.1543	0.1572	0.1596	0.1614	0.1281	0.1295	0.1324	0.1407	0.1522	0.1651	0.1042	0.1025	0.1061	0.1151	0.1302	0.1597	0.0769	0.0721	0.0718	0.0744	0.0821	0.0978	0.1334
591	0.1598	0.1623	0.1571	0.1544	0.1444	0.1548	0.1577	0.1602	0.1620	0.1286	0.1300	0.1329	0.1413	0.1527	0.1656	0.1046	0.1029	0.1064	0.1155	0.1305	0.1601	0.0772	0.0724	0.0721	0.0748	0.0823	0.0981	0.1337
592	0.1604	0.1629	0.1577	0.1549	0.1450	0.1554	0.1583	0.1608	0.1626	0.1291	0.1305	0.1334	0.1417	0.1531	0.1661	0.1050	0.1033	0.1068	0.1159	0.1309	0.1605	0.0776	0.0727	0.0723	0.0751	0.0826	0.0983	0.1339
593	0.1609	0.1635	0.1583	0.1555	0.1454	0.1560	0.1588	0.1614	0.1630	0.1295	0.1310	0.1338	0.1421	0.1535	0.1664	0.1053	0.1036	0.1072	0.1162	0.1312	0.1608	0.0779	0.0729	0.0725	0.0753	0.0828	0.0984	0.1340
594	0.1615	0.1641	0.1589	0.1561	0.1459	0.1565	0.1593	0.1618	0.1635	0.1298	0.1313	0.1343	0.1425	0.1539	0.1667	0.1055	0.1039	0.1075	0.1164	0.1313	0.1608	0.0780	0.0730	0.0727	0.0754	0.0829	0.0984	0.1338
595	0.1620	0.1648	0.1595	0.1567	0.1464	0.1570	0.1599	0.1623	0.1641	0.1303	0.1318	0.1347	0.1430	0.1543	0.1672	0.1058	0.1042	0.1078	0.1167	0.1316	0.1610	0.0782	0.0732	0.0729	0.0756	0.0831	0.0985	0.1338
596	0.1626	0.1654	0.1601	0.1574	0.1469	0.1576	0.1605	0.1629	0.1646	0.1307	0.1323	0.1351	0.1435	0.1548	0.1677	0.1062	0.1046	0.1081	0.1171	0.1320	0.1613	0.0784	0.0735	0.0731	0.0759	0.0833	0.0988	0.1340
597	0.1632	0.1660	0.1607	0.1580	0.1476	0.1581	0.1610	0.1635	0.1652	0.1312	0.1328	0.1356	0.1440	0.1553	0.1682	0.1067	0.1050	0.1086	0.1175	0.1325	0.1617	0.0788	0.0739	0.0735	0.0762	0.0837	0.0992	0.1344
598	0.1637	0.1665	0.1613	0.1586	0.1482	0.1586	0.1616	0.1641	0.1658	0.1317	0.1333	0.1361	0.1445	0.1559	0.1688	0.1071	0.1055	0.1090	0.1180	0.1331	0.1623	0.0790	0.0741	0.0738	0.0765	0.0841	0.0997	0.1347
599	0.1643	0.1671	0.1618	0.1591	0.1486	0.1591	0.1621	0.1647	0.1664	0.1322	0.1337	0.1366	0.1450	0.1564	0.1694	0.1075	0.1059	0.1094	0.1184	0.1335	0.1628	0.0793	0.0744	0.0740	0.0767	0.0844	0.1000	0.1352
600	0.1648	0.1675	0.1623	0.1594	0.1490	0.1596	0.1626	0.1651	0.1669	0.1326	0.1342	0.1370	0.1455	0.1569	0.1699	0.1079	0.1062	0.1097	0.1188	0.1339	0.1633	0.0795	0.0747	0.0742	0.0769	0.0846	0.1003	0.1356
601	0.1653	0.1680	0.1628	0.1599	0.1495	0.1601	0.1631	0.1656	0.1673	0.1330	0.1346	0.1375	0.1458	0.1573	0.1703	0.1083	0.1065	0.1101	0.1192	0.1342	0.1637	0.0797	0.0749	0.0744	0.0772	0.0849	0.1005	0.1358
602	0.1657	0.1684	0.1631	0.1604	0.1499	0.1606	0.1635	0.1659	0.1677	0.1333	0.1350	0.1379	0.1462	0.1577	0.1706	0.1086	0.1068	0.1105	0.1195	0.1345	0.1640	0.0799	0.0751	0.0746	0.0775	0.0851	0.1007	0.1359
603	0.1661	0.1688	0.1635	0.1608	0.1504	0.1610	0.1639	0.1663	0.1682	0.1337	0.1354	0.1383	0.1467	0.1580	0.1710	0.1090	0.1071	0.1107	0.1198	0.1348	0.1642	0.0802	0.0753	0.0749	0.0778	0.0854	0.1009	0.1360
604	0.1666	0.1693	0.1640	0.1613	0.1509	0.1615	0.1645	0.1668	0.1686	0.1343	0.1358	0.1388	0.1472	0.1586	0.1715	0.1094	0.1076	0.1112	0.1204	0.1354	0.1647	0.0805	0.0757	0.0752	0.0782	0.0858	0.1015	0.1365
605	0.1670	0.1697	0.1644	0.1617	0.1513	0.1619	0.1649	0.1673	0.1691	0.1347	0.1362	0.1392	0.1477	0.1591	0.1720	0.1097	0.1080	0.1117	0.1208	0.1359	0.1651	0.0808	0.0759	0.0756	0.0784	0.0861	0.1019	0.1369
606	0.1674	0.1702	0.1649	0.1622	0.1518	0.1624	0.1654	0.1678	0.1695	0.1351	0.1366	0.1397	0.1481	0.1596	0.1726	0.1100	0.1084	0.1121	0.1212	0.1364	0.1657	0.0811	0.0762	0.0759	0.0787	0.0865	0.1023	0.1374
607	0.1680	0.1708	0.1655	0.1627	0.1524	0.1630	0.1659	0.1685	0.1701	0.1356	0.1372	0.1401	0.1487	0.1602	0.1732	0.1105	0.1088	0.1124	0.1216	0.1369	0.1663	0.0814	0.0765	0.0761	0.0790	0.0868	0.1026	0.1380
608	0.1686	0.1714	0.1661	0.1633	0.1530	0.1636	0.1665	0.1691	0.1707	0.1362	0.1377	0.1407	0.1492	0.1607	0.1736	0.1108	0.1092	0.1128	0.1220	0.1373	0.1667	0.0818	0.0768	0.0764	0.0793	0.0870	0.1029	0.1382
609	0.1691	0.1718	0.1666	0.1639	0.1535	0.1641	0.1670	0.1695	0.1712	0.1367	0.1381	0.1411	0.1496	0.1611	0.1740	0.1113	0.1095	0.1132	0.1224	0.1377	0.1669	0.0821	0.0771	0.0767	0.0796	0.0873	0.1031	0.1383
610	0.1696	0.1723	0.1671	0.1644	0.1540	0.1647	0.1675	0.1700	0.1717	0.1373	0.1386	0.1416	0.1499	0.1616	0.1743	0.1118	0.1099	0.1136	0.1228	0.1380	0.1671	0.0824	0.0774	0.0770	0.0799	0.0876	0.1033	0.1384
611	0.1701	0.1728	0.1676	0.1649	0.1546	0.1651	0.1680	0.1704	0.1721	0.1379	0.1391	0.1420	0.1503	0.1619	0.1747	0.1123	0.1104	0.1140	0.1231	0.1383	0.1674	0.0828	0.0777	0.0773	0.0802	0.0879	0.1036	0.1386
612	0.1706	0.1733	0.1682	0.1655	0.1551	0.1656	0.1685	0.1709	0.1727	0.1384	0.1396	0.1425	0.1508	0.1623	0.1751	0.1126	0.1108	0.1144	0.1235	0.1386	0.1678	0.0831	0.0780	0.0775	0.0804	0.0881	0.1038	0.1389
613	0.1711	0.1738	0.1688	0.1661	0.1556	0.1660	0.1690	0.1715	0.1733	0.1387	0.1400	0.1429	0.1512	0.1628	0.1757	0.1129	0.1111	0.1147	0.1238	0.1389	0.1683	0.0833	0.0782	0.0777	0.0806	0.0883	0.1039	0.1392
614	0.1716	0.1744	0.1693	0.1666	0.1560	0.1665	0.1694	0.1719	0.1738	0.1390	0.1403	0.1433	0.1517	0.1633	0.1764	0.1131	0.1113	0.1150	0.1242	0.1392	0.1688	0.0834	0.0784	0.0778	0.0808	0.0885	0.1041	0.1397
615	0.1722	0.1749	0.1698	0.1671	0.1565	0.1669	0.1698	0.1725	0.1744	0.1395	0.1408	0.1438	0.1522	0.1638	0.1771	0.1135	0.1117	0.1153	0.1246	0.1398	0.1697	0.0837	0.0786	0.0782	0.0810	0.0888	0.1046	0.1405
616	0.1726	0.1754	0.1703	0.1676	0.1570	0.1674	0.1703	0.1731	0.1750	0.1399	0.1412	0.1442	0.1527	0.1643	0.1777	0.1139	0.1120	0.1157	0.1249	0.1402	0.1704	0.0839	0.0789	0.0784	0.0813	0.0891	0.1049	0.1410
617	0.1730	0.1758	0.1707	0.1682	0.1574	0.1678	0.1708	0.1734	0.1754	0.1403	0.1416	0.1445	0.1529	0.1646	0.1780	0.1141	0.1123	0.1160	0.1252	0.1405	0.1704	0.0841	0.0792	0.0786	0.0815	0.0893	0.1051	0.1409
618	0.1734	0.1763	0.1712	0.1687	0.1578	0.1682	0.1712	0.1738	0.1758	0.1406	0.1420	0.1449	0.1533	0.1649	0.1782	0.1144	0.1126	0.1163	0.1254	0.1406	0.1704	0.0843	0.0793	0.0789	0.0817	0.0894	0.1052	0.1409
619	0.1739	0.1768	0.1717	0.1692	0.1582	0.1686	0.1716	0.1743	0.1763	0.1409	0.1423	0.1453	0.1537	0.1652	0.1785	0.1146	0.1129	0.1165	0.1257	0.1409	0.1706	0.0844	0.0794	0.0791	0.0819	0.0895	0.1053	0.1410
620	0.1744	0.1772	0.1723	0.1697	0.1585	0.1691	0.1721	0.1748	0.1768	0.1412	0.1426	0.1456	0.1540	0.1656	0.1789	0.1148	0.1131	0.1167	0.1259	0.1411	0.1709	0.0845	0.0795	0.0791	0.0820	0.0896	0.1054	0.1411
621	0.1749	0.1778	0.1728	0.1702	0.1590	0.1696	0.1726	0.1753	0.1773	0.1416	0.1430	0.1460	0.1545	0.1661	0.1794	0.1152	0.1134	0.1171	0.1263	0.1415	0.1713	0.0848	0.0797	0.0794	0.0822	0.0899	0.1056	0.1414
622	0.1754	0.1783	0.1732	0.1706	0.1595	0.1701	0.1731	0.1758	0.1776	0.1420	0.1434	0.1464	0.1549	0.1664	0.1797	0.1155	0.1137	0.1174	0.1265	0.1418	0.1715	0.0850	0.0799	0.0795	0.0823	0.0901	0.1057	0.1415
623	0.1759	0.1787	0.1737	0.1710	0.1599	0.1705	0.1735	0.1762	0.1780	0.1424	0.1438	0.1468	0.1552	0.1667	0.1799	0.1158	0.1139	0.1176	0.1267	0.1420	0.1716	0.0852	0.0801	0.0796	0.0825	0.0903	0.1058	0.1415
624	0.1763	0.1793	0.1742	0.1715	0.1604	0.1710	0.1739	0.1765	0.1783	0.1427	0.1442	0.1471	0.1556	0.1670	0.1801	0.1161	0.1143	0.1179	0.1271	0.1423	0.1717	0.0854	0.0803	0.0798	0.0828	0.0905	0.1060	0.1414
625	0.1768	0.1798	0.1747	0.1720	0.1609	0.1715	0.1744	0.1770	0.1788	0.1431	0.1447	0.1476	0.1560	0.1675	0.1805	0.1164	0.1147	0.1184	0.1276	0.1426	0.1719	0.0857	0.0806	0.0802	0.0831	0.0908	0.1063	0.1415
626	0.1773	0.1803	0.1751	0.1726	0.1614	0.1721	0.1749	0.1775	0.1794	0.1435	0.1451	0.1481	0.1566	0.1679	0.1809	0.1168	0.1152	0.1188	0.1280	0.1429	0.1721	0.0859	0.0808	0.0805	0.0834	0.0911	0.1066	0.1416
627	0.1779	0.1809	0.1756	0.1730	0.1618	0.1726	0.1754	0.1779	0.1798	0.1439	0.1457	0.1486	0.1570	0.1682	0.1812	0.1172	0.1156	0.1192	0.1283	0.1432	0.1723	0.0862	0.0811	0.0808	0.0837	0.0914	0.1069	0.1418
628	0.1784	0.1814	0.1761	0.1735	0.1623	0.1730	0.1759	0.1784	0.1803	0.1444	0.1462	0.1491	0.1574	0.1686	0.1816	0.1176	0.1160	0.1196	0.1288	0.1436	0.1726	0.0864	0.0814	0.0812	0.0841	0.0917	0.1072	0.1420
629	0.1789	0.1819	0.1766	0.1740	0.1629	0.1735	0.1763	0.1788	0.1807	0.1449	0.1467	0.1496	0.1578	0.1691	0.1820	0.1180	0.1164	0.1201	0.1292	0.1440	0.1729	0.0867	0.0817	0.0815	0.0844	0.0920	0.1075	0.1422
630	0.1793	0.1823	0.1770	0.1744	0.1634	0.1741	0.1768	0.1792	0.1811	0.1454	0.1471	0.1501	0.1583	0.1696	0.1824	0.1184	0.1167	0.1205	0.1295	0.1443	0.1731	0.0871	0.0819	0.0817	0.0846	0.0924	0.1077	0.1424
631	0.1799	0.1828	0.1776	0.1750	0.1638	0.1745	0.1773	0.1797	0.1816	0.1459	0.1476	0.1505	0.1588	0.1700	0.1829	0.1188	0.1171	0.1209	0.1299	0.1447	0.1734	0.0874	0.0823	0.0819	0.0850	0.0927	0.1080	0.1427
632	0.1804	0.1833	0.1781	0.1756	0.1644	0.1750	0.1778	0.1802	0.1821	0.1464	0.1481	0.1510	0.1593	0.1703	0.1834	0.1192	0.1175	0.1213	0.1303	0.1451	0.1739	0.0876	0.0826	0.0822	0.0853	0.0929	0.1083	0.1430
633	0.1809	0.1838	0.1786	0.1762	0.1649	0.1756	0.1783	0.1807	0.1826	0.1469	0.1485	0.1515	0.1598	0.1707	0.1838	0.1196	0.1179	0.1217	0.1307	0.1455	0.1743	0.0879	0.0828	0.0825	0.0855	0.0932	0.1086	0.1433
634	0.1814	0.1844	0.1792	0.1767	0.1654	0.1762	0.1789	0.1813	0.1832	0.1474	0.1490	0.1520	0.1603	0.1713	0.1844	0.1199	0.1184	0.1221	0.1312	0.1459	0.1747	0.0882	0.0831	0.0828	0.0858	0.0935	0.1089	0.1436
635	0.1819	0.1850	0.1798	0.1773	0.1660	0.1767	0.1794	0.1818	0.1838	0.1479	0.1495	0.1525	0.1607	0.1719	0.1849	0.1204	0.1188	0.1225	0.1317	0.1464	0.1752	0.0885	0.0834	0.0832	0.0861	0.0938	0.1092	0.1440
636	0.1825	0.1855	0.1804	0.1778	0.1666	0.1772	0.1799	0.1824	0.1844	0.1484	0.1500	0.1530	0.1612	0.1724	0.1854	0.1208	0.1192	0.1230	0.1321	0.1469	0.1758	0.0888	0.0837	0.0835	0.0864	0.0941	0.1095	0.1443
637	0.1830	0.1861	0.1810	0.1784	0.1671	0.1777	0.1804	0.1829	0.1850	0.1488	0.1505	0.1535	0.1616	0.1730	0.1859	0.1213	0.1196	0.1234	0.1324	0.1473	0.1763	0.0890	0.0840	0.0837	0.0867	0.0944	0.1099	0.1447
638	0.1836	0.1866	0.1815	0.1790	0.1677	0.1783	0.1810	0.1835	0.1856	0.1494	0.1510	0.1540	0.1621	0.1735	0.1865	0.1217	0.1200	0.1237	0.1328	0.1478	0.1768	0.0894	0.0843	0.0839	0.0870	0.0947	0.1102	0.1451
639	0.1842	0.1872	0.1821	0.1796	0.1683	0.1789	0.1816	0.1841	0.1862	0.1499	0.1515	0.1545	0.1627	0.1741	0.1871	0.1221	0.1204	0.1241	0.1332	0.1482	0.1773	0.0897	0.0846	0.0842	0.0873	0.0950	0.1105	0.1455
640	0.1848	0.1878	0.1827	0.1802	0.1688	0.1795	0.1822	0.1847	0.1868	0.1504	0.1520	0.1550	0.1632	0.1746	0.1877	0.1225	0.1208	0.1245	0.1337	0.1486	0.1778	0.0900	0.0848	0.0845	0.0875	0.0953	0.1108	0.1459
641	0.1855	0.1884	0.1833	0.1808	0.1694	0.1801	0.1829	0.1854	0.1874	0.1509	0.1525	0.1555	0.1638	0.1752	0.1883	0.1229	0.1212	0.1249	0.1342	0.1491	0.1783	0.0903	0.0852	0.0848	0.0879	0.0956	0.1111	0.1463
642	0.1860	0.1890	0.1839	0.1814	0.1699	0.1806	0.1834	0.1860	0.1881	0.1514	0.1530	0.1560	0.1643	0.1757	0.1889	0.1233	0.1216	0.1253	0.1346	0.1496	0.1788	0.0906	0.0855	0.0851	0.0881	0.0959	0.1114	0.1466
643	0.1866	0.1896	0.1844	0.1820	0.1705	0.1811	0.1840	0.1865	0.1887	0.1520	0.1534	0.1564	0.1648	0.1762	0.1894	0.1237	0.1220	0.1257	0.1349	0.1500	0.1793	0.0909	0.0857	0.0853	0.0883	0.0961	0.1117	0.1469
644	0.1871	0.1902	0.1851	0.1826	0.1711	0.1818	0.1846	0.1872	0.1893	0.1525	0.1540	0.1569	0.1653	0.1768	0.1900	0.1243	0.1224	0.1262	0.1354	0.1505	0.1799	0.0912	0.0861	0.0857	0.0887	0.0965	0.1120	0.1473
645	0.1877	0.1908	0.1857	0.1833	0.1717	0.1824	0.1852	0.1878	0.1898	0.1530	0.1545	0.1575	0.1658	0.1774	0.1906	0.1246	0.1228	0.1266	0.1358	0.1510	0.1804	0.0915	0.0863	0.0860	0.0890	0.0967	0.1124	0.1477
646	0.1884	0.1914	0.1863	0.1839	0.1723	0.1829	0.1858	0.1884	0.1904	0.1536	0.1551	0.1580	0.1663	0.1779	0.1911	0.1250	0.1232	0.1270	0.1363	0.1515	0.1809	0.0918	0.0866	0.0862	0.0893	0.0970	0.1127	0.1480
647	0.1890	0.1920	0.1868	0.1845	0.1729	0.1836	0.1864	0.1890	0.1910	0.1540	0.1556	0.1585	0.1669	0.1784	0.1918	0.1254	0.1236	0.1275	0.1366	0.1519	0.1813	0.0921	0.0870	0.0865	0.0896	0.0973	0.1130	0.1484
648	0.1896	0.1927	0.1875	0.1852	0.1735	0.1842	0.1870	0.1895	0.1917	0.1546	0.1561	0.1591	0.1675	0.1790	0.1924	0.1260	0.1241	0.1279	0.1371	0.1523	0.1818	0.0925	0.0873	0.0868	0.0899	0.0977	0.1134	0.1488
649	0.1902	0.1933	0.1882	0.1858	0.1740	0.1847	0.1876	0.1902	0.1923	0.1552	0.1567	0.1596	0.1681	0.1796	0.1930	0.1264	0.1245	0.1283	0.1376	0.1527	0.1824	0.0928	0.0876	0.0871	0.0902	0.0980	0.1137	0.1491
650	0.1909	0.1939	0.1888	0.1864	0.1746	0.1852	0.1882	0.1908	0.1929	0.1558	0.1572	0.1600	0.1686	0.1801	0.1935	0.1267	0.1250	0.1287	0.1380	0.1532	0.1828	0.0931	0.0879	0.0874	0.0904	0.0983	0.1139	0.1494
651	0.1915	0.1945	0.1894	0.1870	0.1752	0.1858	0.1887	0.1914	0.1935	0.1563	0.1577	0.1606	0.1691	0.1806	0.1941	0.1271	0.1254	0.1291	0.1384	0.1536	0.1832	0.0934	0.0882	0.0877	0.0907	0.0986	0.1142	0.1498
652	0.1921	0.1950	0.1900	0.1875	0.1758	0.1864	0.1892	0.1920	0.1941	0.1568	0.1581	0.1611	0.1696	0.1811	0.1946	0.1276	0.1257	0.1295	0.1388	0.1540	0.1837	0.0936	0.0885	0.0880	0.0910	0.0988	0.1145	0.1500
653	0.1926	0.1957	0.1905	0.1881	0.1763	0.1870	0.1898	0.1925	0.1947	0.1572	0.1586	0.1616	0.1701	0.1817	0.1950	0.1280	0.1261	0.1299	0.1391	0.1544	0.1842	0.0939	0.0887	0.0882	0.0913	0.0991	0.1147	0.1503
654	0.1931	0.1963	0.1911	0.1888	0.1768	0.1876	0.1904	0.1932	0.1953	0.1577	0.1592	0.1620	0.1706	0.1822	0.1956	0.1284	0.1266	0.1302	0.1396	0.1549	0.1846	0.0942	0.0890	0.0886	0.0915	0.0994	0.1150	0.1507
655	0.1937	0.1969	0.1918	0.1894	0.1774	0.1882	0.1910	0.1937	0.1959	0.1583	0.1596	0.1625	0.1711	0.1828	0.1961	0.1288	0.1270	0.1307	0.1401	0.1552	0.1850	0.0945	0.0893	0.0888	0.0918	0.0996	0.1153	0.1510
656	0.1943	0.1975	0.1924	0.1900	0.1780	0.1888	0.1915	0.1942	0.1964	0.1588	0.1601	0.1631	0.1716	0.1833	0.1966	0.1293	0.1274	0.1312	0.1405	0.1556	0.1854	0.0948	0.0896	0.0891	0.0921	0.0999	0.1157	0.1513
657	0.1949	0.1981	0.1929	0.1906	0.1786	0.1894	0.1922	0.1948	0.1971	0.1593	0.1607	0.1637	0.1721	0.1838	0.1972	0.1297	0.1278	0.1316	0.1410	0.1562	0.1859	0.0952	0.0899	0.0894	0.0924	0.1003	0.1160	0.1516
658	0.1956	0.1988	0.1937	0.1913	0.1792	0.1900	0.1928	0.1955	0.1977	0.1599	0.1612	0.1642	0.1727	0.1843	0.1978	0.1302	0.1283	0.1321	0.1414	0.1566	0.1864	0.0955	0.0902	0.0897	0.0928	0.1007	0.1163	0.1520
659	0.1962	0.1994	0.1943	0.1919	0.1799	0.1906	0.1934	0.1961	0.1983	0.1605	0.1618	0.1648	0.1733	0.1849	0.1984	0.1306	0.1287	0.1325	0.1419	0.1570	0.1868	0.0958	0.0905	0.0900	0.0932	0.1010	0.1166	0.1523
660	0.1969	0.2000	0.1949	0.1926	0.1805	0.1911	0.1940	0.1968	0.1989	0.1610	0.1624	0.1653	0.1738	0.1854	0.1989	0.1310	0.1292	0.1330	0.1423	0.1575	0.1872	0.0962	0.0908	0.0904	0.0934	0.1014	0.1169	0.1525
661	0.1974	0.2005	0.1954	0.1931	0.1810	0.1917	0.1945	0.1973	0.1995	0.1615	0.1628	0.1658	0.1743	0.1859	0.1994	0.1314	0.1295	0.1333	0.1427	0.1578	0.1876	0.0964	0.0910	0.0906	0.0937	0.1016	0.1172	0.1528
662	0.1980	0.2011	0.1960	0.1937	0.1816	0.1923	0.1951	0.1978	0.2000	0.1620	0.1633	0.1662	0.1748	0.1864	0.1999	0.1318	0.1299	0.1337	0.1431	0.1583	0.1881	0.0967	0.0913	0.0909	0.0939	0.1018	0.1175	0.1531
663	0.1986	0.2017	0.1967	0.1944	0.1821	0.1928	0.1958	0.1984	0.2007	0.1626	0.1639	0.1668	0.1753	0.1870	0.2004	0.1323	0.1304	0.1342	0.1435	0.1588	0.1885	0.0970	0.0916	0.0912	0.0942	0.1021	0.1177	0.1535
664	0.1992	0.2024	0.1973	0.1951	0.1828	0.1935	0.1964	0.1991	0.2014	0.1631	0.1645	0.1674	0.1759	0.1875	0.2011	0.1327	0.1309	0.1346	0.1441	0.1592	0.1890	0.0973	0.0920	0.0915	0.0946	0.1024	0.1181	0.1538
665	0.1999	0.2031	0.1980	0.1957	0.1834	0.1940	0.1970	0.1997	0.2020	0.1637	0.1651	0.1680	0.1764	0.1881	0.2016	0.1332	0.1313	0.1351	0.1445	0.1598	0.1895	0.0976	0.0923	0.0919	0.0949	0.1028	0.1184	0.1541
666	0.2005	0.2038	0.1986	0.1963	0.1840	0.1946	0.1975	0.2003	0.2026	0.1643	0.1656	0.1686	0.1770	0.1886	0.2022	0.1337	0.1317	0.1356	0.1450	0.1602	0.1900	0.0980	0.0926	0.0922	0.0952	0.1032	0.1188	0.1545
667	0.2011	0.2044	0.1992	0.1969	0.1846	0.1952	0.1982	0.2009	0.2031	0.1648	0.1661	0.1690	0.1775	0.1892	0.2027	0.1341	0.1322	0.1360	0.1454	0.1606	0.1903	0.0982	0.0929	0.0924	0.0956	0.1034	0.1191	0.1547
668	0.2017	0.2050	0.1998	0.1975	0.1853	0.1959	0.1988	0.2015	0.2037	0.1653	0.1667	0.1696	0.1781	0.1897	0.2033	0.1345	0.1327	0.1364	0.1458	0.1610	0.1908	0.0986	0.0932	0.0927	0.0959	0.1037	0.1194	0.1551
669	0.2024	0.2056	0.2004	0.1982	0.1859	0.1966	0.1995	0.2021	0.2044	0.1659	0.1673	0.1702	0.1786	0.1902	0.2039	0.1350	0.1331	0.1369	0.1463	0.1615	0.1913	0.0989	0.0935	0.0931	0.0962	0.1040	0.1197	0.1554
670	0.2030	0.2062	0.2011	0.1989	0.1865	0.1973	0.2001	0.2028	0.2051	0.1665	0.1679	0.1708	0.1793	0.1909	0.2046	0.1355	0.1336	0.1373	0.1468	0.1621	0.1918	0.0993	0.0939	0.0935	0.0965	0.1043	0.1200	0.1557
671	0.2036	0.2068	0.2017	0.1995	0.1871	0.1979	0.2007	0.2034	0.2057	0.1670	0.1684	0.1713	0.1798	0.1915	0.2051	0.1360	0.1340	0.1378	0.1473	0.1625	0.1923	0.0996	0.0942	0.0937	0.0968	0.1047	0.1203	0.1561
672	0.2042	0.2075	0.2023	0.2002	0.1877	0.1985	0.2013	0.2041	0.2064	0.1676	0.1690	0.1719	0.1804	0.1921	0.2057	0.1364	0.1345	0.1383	0.1477	0.1629	0.1927	0.0999	0.0945	0.0941	0.0972	0.1050	0.1206	0.1564
673	0.2049	0.2082	0.2030	0.2008	0.1884	0.1991	0.2019	0.2047	0.2070	0.1682	0.1695	0.1725	0.1810	0.1926	0.2062	0.1370	0.1349	0.1387	0.1482	0.1634	0.1932	0.1002	0.0948	0.0944	0.0975	0.1054	0.1210	0.1566
674	0.2055	0.2088	0.2036	0.2014	0.1890	0.1997	0.2025	0.2052	0.2076	0.1686	0.1700	0.1730	0.1814	0.1931	0.2067	0.1373	0.1353	0.1391	0.1485	0.1638	0.1937	0.1005	0.0951	0.0947	0.0977	0.1057	0.1213	0.1570
675	0.2061	0.2094	0.2042	0.2021	0.1895	0.2002	0.2031	0.2058	0.2081	0.1692	0.1706	0.1734	0.1819	0.1936	0.2072	0.1377	0.1357	0.1395	0.1489	0.1642	0.1940	0.1007	0.0954	0.0949	0.0980	0.1060	0.1216	0.1573
676	0.2068	0.2100	0.2049	0.2027	0.1901	0.2008	0.2036	0.2064	0.2087	0.1698	0.1711	0.1739	0.1824	0.1941	0.2078	0.1382	0.1361	0.1400	0.1494	0.1646	0.1944	0.1010	0.0957	0.0952	0.0983	0.1063	0.1219	0.1576
677	0.2074	0.2107	0.2056	0.2034	0.1909	0.2015	0.2043	0.2070	0.2094	0.1703	0.1716	0.1745	0.1830	0.1947	0.2083	0.1387	0.1366	0.1404	0.1499	0.1650	0.1949	0.1015	0.0960	0.0956	0.0987	0.1067	0.1223	0.1579
678	0.2080	0.2114	0.2062	0.2041	0.1914	0.2021	0.2049	0.2076	0.2100	0.1709	0.1722	0.1750	0.1836	0.1952	0.2089	0.1390	0.1370	0.1409	0.1504	0.1655	0.1954	0.1018	0.0964	0.0959	0.0990	0.1070	0.1226	0.1583
679	0.2087	0.2120	0.2069	0.2047	0.1920	0.2027	0.2055	0.2083	0.2106	0.1714	0.1727	0.1756	0.1841	0.1958	0.2095	0.1394	0.1375	0.1414	0.1508	0.1660	0.1959	0.1021	0.0967	0.0962	0.0993	0.1072	0.1229	0.1586
680	0.2094	0.2126	0.2075	0.2053	0.1926	0.2033	0.2061	0.2089	0.2112	0.1720	0.1732	0.1762	0.1847	0.1963	0.2100	0.1399	0.1379	0.1419	0.1512	0.1665	0.1963	0.1024	0.0970	0.0965	0.0996	0.1074	0.1233	0.1589
681	0.2099	0.2132	0.2082	0.2060	0.1932	0.2039	0.2068	0.2095	0.2119	0.1725	0.1738	0.1768	0.1852	0.1969	0.2106	0.1404	0.1384	0.1423	0.1517	0.1669	0.1968	0.1027	0.0973	0.0968	0.1000	0.1078	0.1235	0.1592
682	0.2105	0.2139	0.2088	0.2066	0.1938	0.2045	0.2074	0.2101	0.2125	0.1731	0.1744	0.1773	0.1857	0.1974	0.2111	0.1408	0.1388	0.1427	0.1522	0.1673	0.1972	0.1030	0.0976	0.0971	0.1003	0.1081	0.1238	0.1595
683	0.2111	0.2145	0.2094	0.2072	0.1944	0.2051	0.2080	0.2108	0.2131	0.1736	0.1749	0.1778	0.1863	0.1979	0.2116	0.1413	0.1393	0.1431	0.1525	0.1678	0.1976	0.1033	0.0979	0.0973	0.1005	0.1084	0.1241	0.1598
684	0.2118	0.2151	0.2101	0.2079	0.1951	0.2058	0.2086	0.2113	0.2137	0.1742	0.1755	0.1784	0.1868	0.1986	0.2123	0.1418	0.1397	0.1435	0.1530	0.1683	0.1981	0.1036	0.0983	0.0977	0.1009	0.1088	0.1244	0.1602
685	0.2125	0.2157	0.2108	0.2086	0.1957	0.2064	0.2092	0.2119	0.2144	0.1747	0.1760	0.1789	0.1874	0.1992	0.2128	0.1422	0.1402	0.1440	0.1535	0.1687	0.1986	0.1040	0.0986	0.0980	0.1012	0.1091	0.1247	0.1606
686	0.2131	0.2164	0.2114	0.2092	0.1963	0.2071	0.2099	0.2126	0.2150	0.1753	0.1766	0.1794	0.1881	0.1997	0.2134	0.1426	0.1407	0.1445	0.1540	0.1691	0.1991	0.1044	0.0989	0.0984	0.1016	0.1094	0.1251	0.1609
687	0.2138	0.2172	0.2121	0.2099	0.1970	0.2077	0.2105	0.2133	0.2158	0.1759	0.1771	0.1801	0.1887	0.2003	0.2140	0.1430	0.1411	0.1450	0.1544	0.1697	0.1996	0.1047	0.0992	0.0986	0.1019	0.1098	0.1254	0.1612
688	0.2144	0.2178	0.2127	0.2105	0.1976	0.2084	0.2111	0.2139	0.2164	0.1764	0.1777	0.1806	0.1891	0.2008	0.2145	0.1435	0.1416	0.1455	0.1549	0.1701	0.2000	0.1050	0.0995	0.0990	0.1022	0.1101	0.1257	0.1615
689	0.2150	0.2183	0.2134	0.2111	0.1982	0.2090	0.2117	0.2145	0.2170	0.1770	0.1782	0.1811	0.1896	0.2013	0.2151	0.1440	0.1420	0.1459	0.1553	0.1706	0.2004	0.1053	0.0998	0.0993	0.1025	0.1104	0.1260	0.1619
690	0.2157	0.2191	0.2141	0.2118	0.1987	0.2095	0.2124	0.2151	0.2176	0.1776	0.1788	0.1817	0.1902	0.2019	0.2157	0.1445	0.1425	0.1463	0.1557	0.1711	0.2008	0.1057	0.1001	0.0996	0.1028	0.1107	0.1263	0.1622
691	0.2163	0.2197	0.2147	0.2125	0.1995	0.2101	0.2130	0.2157	0.2182	0.1782	0.1794	0.1823	0.1907	0.2025	0.2163	0.1450	0.1429	0.1468	0.1562	0.1715	0.2014	0.1059	0.1005	0.0999	0.1031	0.1110	0.1267	0.1625
692	0.2169	0.2203	0.2153	0.2132	0.2001	0.2107	0.2136	0.2163	0.2188	0.1787	0.1799	0.1828	0.1913	0.2030	0.2168	0.1454	0.1434	0.1472	0.1567	0.1719	0.2018	0.1062	0.1007	0.1002	0.1034	0.1113	0.1270	0.1628
693	0.2176	0.2210	0.2159	0.2137	0.2007	0.2114	0.2142	0.2170	0.2195	0.1792	0.1805	0.1834	0.1919	0.2036	0.2173	0.1458	0.1438	0.1477	0.1571	0.1724	0.2023	0.1065	0.1009	0.1005	0.1037	0.1115	0.1273	0.1632
694	0.2182	0.2217	0.2166	0.2144	0.2014	0.2120	0.2149	0.2176	0.2201	0.1799	0.1811	0.1840	0.1925	0.2042	0.2179	0.1462	0.1443	0.1482	0.1576	0.1729	0.2028	0.1070	0.1014	0.1008	0.1040	0.1120	0.1277	0.1635
695	0.2189	0.2223	0.2173	0.2151	0.2020	0.2127	0.2155	0.2183	0.2208	0.1804	0.1816	0.1846	0.1931	0.2048	0.2185	0.1467	0.1447	0.1487	0.1581	0.1734	0.2033	0.1073	0.1018	0.1012	0.1044	0.1123	0.1280	0.1639
696	0.2194	0.2230	0.2180	0.2158	0.2026	0.2133	0.2161	0.2190	0.2215	0.1809	0.1821	0.1852	0.1937	0.2053	0.2190	0.1472	0.1452	0.1491	0.1586	0.1738	0.2037	0.1076	0.1021	0.1016	0.1047	0.1126	0.1283	0.1642
697	0.2201	0.2235	0.2186	0.2164	0.2031	0.2138	0.2167	0.2195	0.2220	0.1814	0.1827	0.1856	0.1942	0.2059	0.2196	0.1476	0.1455	0.1495	0.1589	0.1741	0.2042	0.1079	0.1023	0.1018	0.1050	0.1129	0.1285	0.1645
698	0.2207	0.2241	0.2192	0.2170	0.2037	0.2144	0.2173	0.2201	0.2226	0.1820	0.1832	0.1862	0.1947	0.2064	0.2202	0.1481	0.1460	0.1499	0.1594	0.1746	0.2046	0.1082	0.1026	0.1021	0.1054	0.1132	0.1289	0.1648
699	0.2214	0.2247	0.2198	0.2177	0.2043	0.2151	0.2179	0.2207	0.2232	0.1826	0.1838	0.1867	0.1953	0.2070	0.2208	0.1486	0.1465	0.1503	0.1599	0.1751	0.2051	0.1085	0.1029	0.1024	0.1057	0.1136	0.1292	0.1651
700	0.2220	0.2254	0.2204	0.2183	0.2050	0.2157	0.2185	0.2213	0.2239	0.1831	0.1843	0.1872	0.1958	0.2075	0.2213	0.1490	0.1469	0.1507	0.1603	0.1756	0.2055	0.1088	0.1032	0.1028	0.1059	0.1139	0.1295	0.1654
701	0.2227	0.2261	0.2211	0.2190	0.2056	0.2163	0.2192	0.2220	0.2245	0.1836	0.1849	0.1878	0.1963	0.2081	0.2219	0.1495	0.1474	0.1513	0.1608	0.1761	0.2060	0.1091	0.1035	0.1031	0.1063	0.1142	0.1299	0.1658
702	0.2233	0.2268	0.2217	0.2196	0.2062	0.2169	0.2198	0.2226	0.2251	0.1842	0.1855	0.1883	0.1969	0.2086	0.2224	0.1499	0.1479	0.1518	0.1612	0.1765	0.2065	0.1095	0.1039	0.1033	0.1066	0.1145	0.1302	0.1661
703	0.2239	0.2274	0.2223	0.2203	0.2068	0.2175	0.2204	0.2232	0.2257	0.1847	0.1860	0.1889	0.1974	0.2091	0.2230	0.1503	0.1483	0.1522	0.1616	0.1770	0.2069	0.1098	0.1042	0.1036	0.1069	0.1148	0.1305	0.1664
704	0.2245	0.2280	0.2229	0.2209	0.2074	0.2182	0.2210	0.2238	0.2264	0.1853	0.1865	0.1895	0.1979	0.2097	0.2236	0.1508	0.1487	0.1526	0.1621	0.1774	0.2073	0.1101	0.1045	0.1040	0.1072	0.1151	0.1308	0.1667
705	0.2251	0.2286	0.2236	0.2215	0.2080	0.2188	0.2215	0.2244	0.2270	0.1859	0.1870	0.1900	0.1985	0.2102	0.2241	0.1512	0.1491	0.1531	0.1626	0.1779	0.2077	0.1104	0.1048	0.1043	0.1075	0.1154	0.1311	0.1670
706	0.2257	0.2292	0.2243	0.2222	0.2086	0.2194	0.2221	0.2250	0.2276	0.1864	0.1876	0.1906	0.1991	0.2107	0.2246	0.1517	0.1496	0.1535	0.1631	0.1783	0.2082	0.1107	0.1050	0.1046	0.1079	0.1157	0.1314	0.1673
707	0.2264	0.2299	0.2248	0.2227	0.2093	0.2200	0.2227	0.2256	0.2281	0.1870	0.1881	0.1911	0.1996	0.2112	0.2252	0.1520	0.1500	0.1538	0.1635	0.1787	0.2086	0.1109	0.1054	0.1049	0.1082	0.1161	0.1317	0.1677
708	0.2270	0.2305	0.2254	0.2233	0.2098	0.2206	0.2234	0.2261	0.2287	0.1874	0.1887	0.1916	0.2001	0.2118	0.2257	0.1525	0.1505	0.1543	0.1639	0.1792	0.2091	0.1112	0.1056	0.1052	0.1084	0.1164	0.1320	0.1680
709	0.2276	0.2311	0.2261	0.2240	0.2104	0.2212	0.2240	0.2267	0.2293	0.1878	0.1893	0.1922	0.2007	0.2124	0.2263	0.1530	0.1509	0.1547	0.1644	0.1797	0.2096	0.1116	0.1060	0.1055	0.1087	0.1167	0.1323	0.1683
710	0.2282	0.2317	0.2268	0.2247	0.2112	0.2219	0.2246	0.2274	0.2300	0.1886	0.1898	0.1928	0.2013	0.2130	0.2269	0.1534	0.1513	0.1553	0.1648	0.1802	0.2101	0.1120	0.1063	0.1060	0.1091	0.1170	0.1327	0.1686
711	0.2288	0.2325	0.2274	0.2253	0.2117	0.2225	0.2253	0.2280	0.2307	0.1891	0.1904	0.1934	0.2018	0.2136	0.2274	0.1539	0.1518	0.1558	0.1653	0.1806	0.2105	0.1123	0.1067	0.1062	0.1094	0.1173	0.1331	0.1690
712	0.2295	0.2331	0.2280	0.2260	0.2123	0.2231	0.2259	0.2286	0.2313	0.1897	0.1909	0.1939	0.2024	0.2142	0.2280	0.1543	0.1523	0.1563	0.1657	0.1810	0.2110	0.1126	0.1071	0.1065	0.1097	0.1176	0.1334	0.1693
713	0.2301	0.2336	0.2286	0.2266	0.2129	0.2237	0.2265	0.2292	0.2319	0.1902	0.1915	0.1944	0.2029	0.2147	0.2285	0.1548	0.1527	0.1567	0.1661	0.1815	0.2114	0.1129	0.1073	0.1067	0.1100	0.1180	0.1337	0.1697
714	0.2307	0.2342	0.2291	0.2272	0.2134	0.2242	0.2271	0.2298	0.2324	0.1907	0.1920	0.1949	0.2034	0.2152	0.2291	0.1552	0.1530	0.1570	0.1665	0.1819	0.2118	0.1131	0.1075	0.1070	0.1103	0.1182	0.1339	0.1699
715	0.2313	0.2348	0.2298	0.2278	0.2140	0.2248	0.2277	0.2304	0.2329	0.1913	0.1925	0.1954	0.2039	0.2157	0.2296	0.1556	0.1534	0.1574	0.1670	0.1823	0.2123	0.1134	0.1078	0.1072	0.1106	0.1185	0.1342	0.1702
716	0.2318	0.2354	0.2305	0.2284	0.2146	0.2254	0.2283	0.2311	0.2335	0.1919	0.1930	0.1959	0.2045	0.2162	0.2301	0.1560	0.1539	0.1578	0.1674	0.1828	0.2128	0.1138	0.1081	0.1076	0.1109	0.1188	0.1345	0.1705
717	0.2325	0.2361	0.2311	0.2291	0.2152	0.2260	0.2289	0.2317	0.2342	0.1924	0.1936	0.1965	0.2051	0.2167	0.2308	0.1565	0.1544	0.1582	0.1679	0.1832	0.2132	0.1141	0.1085	0.1079	0.1113	0.1191	0.1349	0.1708
718	0.2332	0.2367	0.2317	0.2298	0.2158	0.2266	0.2295	0.2323	0.2349	0.1929	0.1941	0.1970	0.2056	0.2173	0.2313	0.1570	0.1549	0.1587	0.1684	0.1837	0.2137	0.1144	0.1088	0.1082	0.1116	0.1194	0.1352	0.1712
719	0.2338	0.2374	0.2323	0.2304	0.2164	0.2273	0.2301	0.2328	0.2355	0.1934	0.1947	0.1976	0.2061	0.2179	0.2319	0.1574	0.1553	0.1592	0.1688	0.1841	0.2141	0.1147	0.1091	0.1085	0.1118	0.1198	0.1355	0.1715
720	0.2345	0.2380	0.2329	0.2309	0.2170	0.2279	0.2307	0.2334	0.2361	0.1938	0.1952	0.1981	0.2066	0.2183	0.2324	0.1578	0.1557	0.1596	0.1692	0.1845	0.2145	0.1150	0.1094	0.1088	0.1120	0.1200	0.1358	0.1716
721	0.2351	0.2386	0.2336	0.2316	0.2176	0.2285	0.2313	0.2341	0.2366	0.1944	0.1957	0.1987	0.2072	0.2189	0.2329	0.1582	0.1561	0.1601	0.1696	0.1850	0.2150	0.1153	0.1096	0.1091	0.1124	0.1203	0.1361	0.1721
722	0.2357	0.2392	0.2342	0.2322	0.2183	0.2291	0.2319	0.2347	0.2372	0.1950	0.1963	0.1992	0.2077	0.2195	0.2334	0.1586	0.1565	0.1605	0.1700	0.1854	0.2154	0.1156	0.1099	0.1094	0.1127	0.1207	0.1364	0.1724
723	0.2362	0.2398	0.2348	0.2329	0.2189	0.2297	0.2324	0.2353	0.2378	0.1955	0.1968	0.1997	0.2082	0.2200	0.2340	0.1591	0.1569	0.1609	0.1704	0.1858	0.2159	0.1159	0.1102	0.1096	0.1129	0.1210	0.1366	0.1727
724	0.2368	0.2404	0.2354	0.2334	0.2194	0.2303	0.2330	0.2358	0.2384	0.1961	0.1973	0.2002	0.2087	0.2205	0.2345	0.1595	0.1574	0.1614	0.1709	0.1863	0.2163	0.1163	0.1105	0.1100	0.1133	0.1212	0.1369	0.1730
725	0.2374	0.2411	0.2360	0.2340	0.2200	0.2308	0.2336	0.2364	0.2390	0.1966	0.1979	0.2007	0.2092	0.2210	0.2350	0.1599	0.1578	0.1618	0.1713	0.1867	0.2167	0.1166	0.1109	0.1103	0.1136	0.1215	0.1373	0.1734
726	0.2380	0.2417	0.2367	0.2347	0.2206	0.2314	0.2342	0.2370	0.2397	0.1971	0.1984	0.2012	0.2098	0.2216	0.2356	0.1604	0.1583	0.1622	0.1718	0.1872	0.2172	0.1168	0.1111	0.1106	0.1140	0.1218	0.1377	0.1737
727	0.2387	0.2424	0.2373	0.2353	0.2212	0.2320	0.2349	0.2376	0.2403	0.1976	0.1989	0.2018	0.2104	0.2221	0.2361	0.1608	0.1587	0.1627	0.1723	0.1876	0.2176	0.1171	0.1114	0.1109	0.1142	0.1222	0.1380	0.1740
728	0.2393	0.2429	0.2379	0.2359	0.2217	0.2326	0.2354	0.2382	0.2409	0.1981	0.1994	0.2023	0.2109	0.2227	0.2366	0.1612	0.1591	0.1630	0.1727	0.1880	0.2180	0.1174	0.1117	0.1112	0.1145	0.1225	0.1382	0.1743
729	0.2398	0.2434	0.2384	0.2365	0.2223	0.2332	0.2360	0.2387	0.2414	0.1985	0.1999	0.2028	0.2114	0.2232	0.2372	0.1616	0.1595	0.1634	0.1730	0.1883	0.2184	0.1177	0.1119	0.1114	0.1147	0.1228	0.1384	0.1746
730	0.2404	0.2440	0.2390	0.2370	0.2229	0.2337	0.2365	0.2392	0.2419	0.1990	0.2004	0.2032	0.2118	0.2237	0.2377	0.1620	0.1599	0.1638	0.1734	0.1888	0.2189	0.1179	0.1122	0.1117	0.1151	0.1230	0.1386	0.1748
731	0.2410	0.2447	0.2396	0.2376	0.2234	0.2343	0.2371	0.2398	0.2425	0.1996	0.2009	0.2037	0.2123	0.2242	0.2382	0.1624	0.1603	0.1643	0.1739	0.1892	0.2194	0.1183	0.1125	0.1120	0.1153	0.1233	0.1390	0.1751
732	0.2415	0.2452	0.2402	0.2382	0.2240	0.2349	0.2376	0.2404	0.2431	0.2002	0.2014	0.2043	0.2128	0.2247	0.2387	0.1629	0.1607	0.1647	0.1743	0.1896	0.2198	0.1186	0.1129	0.1123	0.1156	0.1236	0.1393	0.1754
733	0.2422	0.2458	0.2408	0.2388	0.2246	0.2355	0.2382	0.2410	0.2437	0.2007	0.2019	0.2049	0.2133	0.2251	0.2391	0.1633	0.1611	0.1651	0.1747	0.1900	0.2202	0.1188	0.1132	0.1126	0.1160	0.1239	0.1395	0.1757
734	0.2428	0.2464	0.2414	0.2395	0.2251	0.2360	0.2388	0.2416	0.2442	0.2011	0.2024	0.2054	0.2139	0.2257	0.2397	0.1637	0.1616	0.1655	0.1751	0.1905	0.2206	0.1191	0.1135	0.1129	0.1162	0.1242	0.1398	0.1760
735	0.2433	0.2470	0.2420	0.2400	0.2257	0.2366	0.2394	0.2422	0.2448	0.2016	0.2029	0.2059	0.2144	0.2262	0.2402	0.1641	0.1620	0.1659	0.1755	0.1909	0.2211	0.1194	0.1137	0.1132	0.1165	0.1245	0.1402	0.1762
736	0.2439	0.2476	0.2426	0.2405	0.2263	0.2372	0.2399	0.2427	0.2454	0.2021	0.2034	0.2063	0.2149	0.2267	0.2407	0.1645	0.1624	0.1663	0.1759	0.1913	0.2215	0.1196	0.1139	0.1135	0.1168	0.1248	0.1405	0.1765
737	0.2445	0.2482	0.2431	0.2411	0.2268	0.2377	0.2405	0.2432	0.2459	0.2026	0.2039	0.2069	0.2154	0.2272	0.2413	0.1649	0.1628	0.1667	0.1763	0.1917	0.2218	0.1200	0.1142	0.1138	0.1171	0.1250	0.1407	0.1769
738	0.2450	0.2488	0.2437	0.2417	0.2274	0.2383	0.2410	0.2438	0.2465	0.2031	0.2044	0.2074	0.2159	0.2277	0.2418	0.1653	0.1632	0.1672	0.1768	0.1921	0.2222	0.1203	0.1145	0.1140	0.1173	0.1252	0.1410	0.1772
739	0.2456	0.2494	0.2442	0.2422	0.2280	0.2388	0.2416	0.2444	0.2471	0.2036	0.2050	0.2079	0.2163	0.2282	0.2422	0.1657	0.1636	0.1676	0.1772	0.1925	0.2227	0.1205	0.1148	0.1143	0.1176	0.1255	0.1413	0.1774
740	0.2461	0.2499	0.2448	0.2428	0.2285	0.2394	0.2421	0.2449	0.2477	0.2041	0.2054	0.2084	0.2168	0.2287	0.2427	0.1660	0.1640	0.1680	0.1776	0.1929	0.2231	0.1208	0.1150	0.1146	0.1178	0.1259	0.1416	0.1776
741	0.2467	0.2505	0.2453	0.2433	0.2290	0.2399	0.2427	0.2454	0.2482	0.2046	0.2059	0.2088	0.2174	0.2292	0.2432	0.1665	0.1644	0.1683	0.1780	0.1933	0.2234	0.1211	0.1153	0.1148	0.1181	0.1262	0.1419	0.1780
742	0.2474	0.2511	0.2460	0.2440	0.2296	0.2405	0.2433	0.2460	0.2487	0.2051	0.2064	0.2093	0.2179	0.2297	0.2437	0.1669	0.1648	0.1687	0.1784	0.1938	0.2238	0.1214	0.1157	0.1151	0.1185	0.1265	0.1421	0.1783
743	0.2480	0.2517	0.2467	0.2447	0.2302	0.2411	0.2440	0.2467	0.2494	0.2056	0.2070	0.2098	0.2185	0.2302	0.2443	0.1674	0.1652	0.1692	0.1789	0.1942	0.2243	0.1218	0.1161	0.1154	0.1188	0.1268	0.1425	0.1787
744	0.2485	0.2523	0.2471	0.2453	0.2307	0.2416	0.2444	0.2472	0.2499	0.2061	0.2075	0.2103	0.2189	0.2307	0.2448	0.1677	0.1656	0.1695	0.1792	0.1946	0.2248	0.1220	0.1163	0.1156	0.1190	0.1270	0.1427	0.1789
745	0.2490	0.2528	0.2477	0.2458	0.2313	0.2422	0.2449	0.2477	0.2504	0.2065	0.2080	0.2108	0.2194	0.2312	0.2452	0.1681	0.1660	0.1699	0.1796	0.1950	0.2251	0.1222	0.1165	0.1159	0.1193	0.1273	0.1430	0.1791
746	0.2496	0.2534	0.2483	0.2463	0.2318	0.2427	0.2455	0.2482	0.2509	0.2070	0.2085	0.2113	0.2199	0.2316	0.2457	0.1686	0.1664	0.1703	0.1800	0.1954	0.2255	0.1225	0.1168	0.1162	0.1196	0.1276	0.1433	0.1794
747	0.2501	0.2540	0.2489	0.2468	0.2322	0.2432	0.2460	0.2487	0.2514	0.2075	0.2089	0.2118	0.2203	0.2320	0.2461	0.1689	0.1668	0.1707	0.1803	0.1957	0.2258	0.1228	0.1170	0.1165	0.1198	0.1279	0.1435	0.1796
748	0.2507	0.2545	0.2495	0.2473	0.2327	0.2437	0.2465	0.2493	0.2519	0.2080	0.2093	0.2123	0.2208	0.2325	0.2466	0.1693	0.1672	0.1711	0.1807	0.1960	0.2262	0.1230	0.1172	0.1167	0.1200	0.1281	0.1437	0.1799
749	0.2512	0.2550	0.2500	0.2479	0.2333	0.2443	0.2471	0.2498	0.2525	0.2085	0.2097	0.2128	0.2213	0.2331	0.2471	0.1697	0.1675	0.1715	0.1811	0.1964	0.2266	0.1233	0.1175	0.1169	0.1203	0.1284	0.1440	0.1801
750	0.2517	0.2556	0.2506	0.2486	0.2340	0.2450	0.2477	0.2504	0.2531	0.2089	0.2103	0.2133	0.2218	0.2337	0.2476	0.1701	0.1680	0.1719	0.1815	0.1969	0.2271	0.1236	0.1178	0.1172	0.1206	0.1288	0.1444	0.1805
751	0.2524	0.2562	0.2512	0.2492	0.2345	0.2455	0.2483	0.2510	0.2537	0.2094	0.2108	0.2138	0.2223	0.2342	0.2481	0.1705	0.1684	0.1724	0.1819	0.1973	0.2275	0.1239	0.1181	0.1176	0.1209	0.1290	0.1447	0.1808
752	0.2529	0.2568	0.2517	0.2497	0.2349	0.2460	0.2488	0.2516	0.2542	0.2099	0.2113	0.2143	0.2228	0.2346	0.2486	0.1709	0.1687	0.1727	0.1823	0.1977	0.2278	0.1242	0.1184	0.1179	0.1212	0.1292	0.1449	0.1811
753	0.2535	0.2573	0.2522	0.2502	0.2354	0.2465	0.2492	0.2520	0.2546	0.2103	0.2118	0.2147	0.2232	0.2349	0.2490	0.1712	0.1690	0.1729	0.1826	0.1980	0.2281	0.1244	0.1186	0.1180	0.1214	0.1293	0.1450	0.1814
754	0.2539	0.2578	0.2526	0.2507	0.2360	0.2470	0.2497	0.2525	0.2552	0.2108	0.2122	0.2151	0.2237	0.2354	0.2495	0.1716	0.1694	0.1734	0.1830	0.1984	0.2285	0.1247	0.1188	0.1183	0.1217	0.1297	0.1454	0.1816
755	0.2544	0.2584	0.2531	0.2513	0.2366	0.2476	0.2503	0.2530	0.2557	0.2112	0.2127	0.2156	0.2241	0.2359	0.2500	0.1719	0.1698	0.1739	0.1835	0.1989	0.2290	0.1249	0.1191	0.1186	0.1219	0.1300	0.1457	0.1818
756	0.2551	0.2590	0.2537	0.2518	0.2372	0.2481	0.2509	0.2536	0.2563	0.2117	0.2132	0.2161	0.2246	0.2365	0.2505	0.1723	0.1703	0.1743	0.1839	0.1993	0.2294	0.1252	0.1195	0.1188	0.1223	0.1303	0.1460	0.1821
757	0.2557	0.2596	0.2544	0.2524	0.2376	0.2487	0.2515	0.2541	0.2568	0.2122	0.2136	0.2166	0.2252	0.2370	0.2510	0.1728	0.1706	0.1746	0.1843	0.1997	0.2297	0.1254	0.1197	0.1191	0.1225	0.1306	0.1463	0.1824
758	0.2562	0.2601	0.2549	0.2530	0.2381	0.2493	0.2519	0.2546	0.2573	0.2128	0.2141	0.2170	0.2256	0.2375	0.2515	0.1732	0.1710	0.1750	0.1846	0.2000	0.2301	0.1257	0.1200	0.1194	0.1228	0.1308	0.1466	0.1827
759	0.2568	0.2606	0.2554	0.2534	0.2386	0.2498	0.2524	0.2552	0.2578	0.2132	0.2145	0.2175	0.2260	0.2379	0.2519	0.1735	0.1713	0.1754	0.1850	0.2003	0.2305	0.1260	0.1202	0.1197	0.1231	0.1310	0.1468	0.1830
760	0.2572	0.2611	0.2560	0.2539	0.2390	0.2502	0.2528	0.2556	0.2584	0.2136	0.2150	0.2180	0.2264	0.2383	0.2523	0.1739	0.1717	0.1757	0.1854	0.2007	0.2308	0.1263	0.1204	0.1200	0.1234	0.1313	0.1470	0.1832
761	0.2577	0.2616	0.2565	0.2544	0.2395	0.2506	0.2533	0.2561	0.2588	0.2140	0.2155	0.2184	0.2269	0.2387	0.2527	0.1742	0.1720	0.1760	0.1857	0.2010	0.2312	0.1264	0.1206	0.1202	0.1236	0.1315	0.1472	0.1834
762	0.2581	0.2621	0.2569	0.2549	0.2401	0.2511	0.2538	0.2566	0.2593	0.2144	0.2159	0.2188	0.2273	0.2391	0.2532	0.1745	0.1724	0.1764	0.1860	0.2013	0.2315	0.1266	0.1209	0.1204	0.1238	0.1318	0.1475	0.1836
763	0.2586	0.2626	0.2574	0.2554	0.2406	0.2516	0.2543	0.2570	0.2597	0.2149	0.2163	0.2192	0.2278	0.2396	0.2536	0.1749	0.1727	0.1768	0.1864	0.2017	0.2319	0.1270	0.1211	0.1206	0.1241	0.1320	0.1477	0.1838
764	0.2591	0.2632	0.2580	0.2560	0.2411	0.2522	0.2549	0.2576	0.2602	0.2153	0.2168	0.2197	0.2283	0.2401	0.2540	0.1752	0.1731	0.1771	0.1867	0.2022	0.2323	0.1272	0.1215	0.1209	0.1243	0.1323	0.1480	0.1842
765	0.2597	0.2637	0.2585	0.2565	0.2415	0.2527	0.2554	0.2581	0.2607	0.2158	0.2173	0.2201	0.2287	0.2406	0.2545	0.1756	0.1735	0.1775	0.1871	0.2025	0.2327	0.1275	0.1217	0.1211	0.1245	0.1325	0.1482	0.1845
766	0.2602	0.2642	0.2590	0.2569	0.2420	0.2531	0.2559	0.2587	0.2613	0.2162	0.2177	0.2206	0.2292	0.2410	0.2550	0.1760	0.1739	0.1778	0.1875	0.2028	0.2330	0.1278	0.1219	0.1214	0.1248	0.1327	0.1485	0.1847
767	0.2607	0.2647	0.2595	0.2574	0.2424	0.2536	0.2562	0.2591	0.2617	0.2165	0.2181	0.2210	0.2296	0.2413	0.2554	0.1763	0.1742	0.1782	0.1879	0.2031	0.2333	0.1280	0.1222	0.1216	0.1251	0.1330	0.1487	0.1850
768	0.2611	0.2652	0.2600	0.2579	0.2429	0.2541	0.2567	0.2595	0.2622	0.2169	0.2185	0.2214	0.2300	0.2417	0.2558	0.1767	0.1745	0.1785	0.1882	0.2035	0.2337	0.1282	0.1224	0.1219	0.1253	0.1333	0.1489	0.1852
769	0.2615	0.2656	0.2605	0.2584	0.2434	0.2545	0.2572	0.2599	0.2626	0.2173	0.2189	0.2218	0.2304	0.2422	0.2562	0.1770	0.1748	0.1789	0.1886	0.2039	0.2341	0.1284	0.1226	0.1221	0.1255	0.1336	0.1492	0.1855
770	0.2620	0.2660	0.2609	0.2588	0.2439	0.2550	0.2576	0.2604	0.2630	0.2178	0.2193	0.2223	0.2308	0.2426	0.2565	0.1773	0.1751	0.1792	0.1889	0.2042	0.2344	0.1287	0.1227	0.1223	0.1258	0.1338	0.1494	0.1856
771	0.2625	0.2665	0.2613	0.2593	0.2443	0.2554	0.2581	0.2609	0.2635	0.2182	0.2197	0.2226	0.2311	0.2430	0.2570	0.1776	0.1755	0.1795	0.1891	0.2045	0.2347	0.1288	0.1229	0.1224	0.1259	0.1339	0.1497	0.1859
772	0.2630	0.2670	0.2618	0.2597	0.2447	0.2559	0.2586	0.2613	0.2640	0.2185	0.2201	0.2230	0.2316	0.2434	0.2575	0.1779	0.1758	0.1798	0.1895	0.2048	0.2350	0.1291	0.1232	0.1227	0.1262	0.1341	0.1499	0.1861
773	0.2634	0.2675	0.2623	0.2602	0.2452	0.2563	0.2591	0.2619	0.2645	0.2189	0.2205	0.2234	0.2322	0.2438	0.2578	0.1783	0.1761	0.1801	0.1899	0.2052	0.2354	0.1293	0.1236	0.1230	0.1264	0.1344	0.1502	0.1864
774	0.2639	0.2679	0.2628	0.2607	0.2456	0.2568	0.2595	0.2623	0.2650	0.2193	0.2210	0.2238	0.2325	0.2442	0.2583	0.1786	0.1765	0.1805	0.1902	0.2055	0.2357	0.1295	0.1238	0.1232	0.1266	0.1346	0.1504	0.1867
775	0.2643	0.2684	0.2632	0.2612	0.2460	0.2572	0.2599	0.2627	0.2654	0.2197	0.2214	0.2242	0.2329	0.2446	0.2587	0.1789	0.1768	0.1808	0.1905	0.2058	0.2361	0.1297	0.1240	0.1234	0.1269	0.1349	0.1507	0.1869
776	0.2648	0.2689	0.2636	0.2616	0.2465	0.2577	0.2604	0.2631	0.2657	0.2201	0.2217	0.2246	0.2333	0.2449	0.2591	0.1792	0.1771	0.1812	0.1909	0.2061	0.2364	0.1300	0.1241	0.1235	0.1271	0.1351	0.1509	0.1871
777	0.2652	0.2693	0.2642	0.2620	0.2469	0.2581	0.2608	0.2635	0.2662	0.2206	0.2221	0.2251	0.2336	0.2453	0.2594	0.1795	0.1774	0.1815	0.1912	0.2065	0.2367	0.1302	0.1244	0.1238	0.1273	0.1353	0.1510	0.1873
778	0.2657	0.2698	0.2646	0.2625	0.2473	0.2585	0.2613	0.2640	0.2666	0.2210	0.2225	0.2255	0.2339	0.2457	0.2597	0.1799	0.1777	0.1818	0.1915	0.2068	0.2370	0.1305	0.1246	0.1240	0.1275	0.1355	0.1513	0.1874
779	0.2661	0.2702	0.2651	0.2629	0.2478	0.2590	0.2617	0.2644	0.2670	0.2214	0.2229	0.2258	0.2343	0.2461	0.2602	0.1802	0.1780	0.1820	0.1917	0.2071	0.2373	0.1307	0.1248	0.1242	0.1277	0.1358	0.1515	0.1876
780	0.2666	0.2707	0.2655	0.2634	0.2482	0.2594	0.2621	0.2649	0.2674	0.2217	0.2232	0.2261	0.2347	0.2465	0.2605	0.1804	0.1783	0.1824	0.1920	0.2075	0.2377	0.1309	0.1249	0.1244	0.1280	0.1360	0.1517	0.1878
781	0.2669	0.2711	0.2658	0.2638	0.2485	0.2598	0.2625	0.2653	0.2679	0.2220	0.2236	0.2265	0.2351	0.2468	0.2609	0.1807	0.1786	0.1826	0.1923	0.2077	0.2379	0.1311	0.1251	0.1247	0.1282	0.1363	0.1518	0.1881
782	0.2673	0.2715	0.2662	0.2642	0.2489	0.2602	0.2629	0.2657	0.2683	0.2223	0.2239	0.2268	0.2354	0.2472	0.2613	0.1810	0.1789	0.1829	0.1926	0.2080	0.2381	0.1313	0.1253	0.1249	0.1284	0.1365	0.1520	0.1883
783	0.2678	0.2719	0.2668	0.2646	0.2494	0.2606	0.2633	0.2661	0.2687	0.2227	0.2243	0.2272	0.2359	0.2476	0.2618	0.1814	0.1792	0.1832	0.1931	0.2083	0.2385	0.1315	0.1257	0.1251	0.1286	0.1366	0.1523	0.1885
784	0.2682	0.2723	0.2672	0.2650	0.2499	0.2610	0.2637	0.2665	0.2692	0.2231	0.2247	0.2276	0.2362	0.2480	0.2621	0.1816	0.1795	0.1835	0.1933	0.2086	0.2388	0.1317	0.1258	0.1254	0.1288	0.1369	0.1525	0.1888
785	0.2686	0.2726	0.2676	0.2655	0.2503	0.2614	0.2641	0.2669	0.2696	0.2235	0.2250	0.2280	0.2366	0.2483	0.2624	0.1819	0.1798	0.1838	0.1935	0.2089	0.2391	0.1318	0.1260	0.1256	0.1290	0.1371	0.1527	0.1890
786	0.2689	0.2730	0.2680	0.2659	0.2506	0.2618	0.2644	0.2672	0.2699	0.2238	0.2254	0.2283	0.2369	0.2486	0.2627	0.1821	0.1800	0.1840	0.1938	0.2091	0.2392	0.1320	0.1262	0.1256	0.1291	0.1372	0.1529	0.1891
787	0.2693	0.2736	0.2684	0.2663	0.2510	0.2622	0.2649	0.2676	0.2703	0.2241	0.2257	0.2286	0.2372	0.2490	0.2630	0.1825	0.1804	0.1844	0.1940	0.2095	0.2396	0.1322	0.1265	0.1258	0.1294	0.1374	0.1531	0.1894
788	0.2697	0.2740	0.2688	0.2667	0.2513	0.2626	0.2653	0.2681	0.2707	0.2244	0.2261	0.2290	0.2375	0.2493	0.2634	0.1828	0.1806	0.1847	0.1943	0.2098	0.2399	0.1324	0.1266	0.1260	0.1296	0.1376	0.1533	0.1896
789	0.2701	0.2743	0.2691	0.2671	0.2516	0.2629	0.2656	0.2685	0.2710	0.2247	0.2264	0.2293	0.2379	0.2497	0.2638	0.1830	0.1809	0.1850	0.1946	0.2100	0.2402	0.1327	0.1267	0.1262	0.1297	0.1378	0.1535	0.1898
790	0.2705	0.2746	0.2695	0.2674	0.2521	0.2633	0.2661	0.2688	0.2713	0.2250	0.2267	0.2297	0.2382	0.2500	0.2641	0.1832	0.1811	0.1852	0.1948	0.2102	0.2404	0.1328	0.1269	0.1264	0.1299	0.1380	0.1538	0.1901
791	0.2708	0.2751	0.2699	0.2678	0.2525	0.2637	0.2664	0.2691	0.2717	0.2254	0.2270	0.2300	0.2386	0.2503	0.2645	0.1835	0.1814	0.1855	0.1952	0.2105	0.2407	0.1330	0.1272	0.1265	0.1301	0.1382	0.1539	0.1902
792	0.2712	0.2755	0.2703	0.2682	0.2530	0.2641	0.2668	0.2695	0.2722	0.2258	0.2274	0.2303	0.2389	0.2507	0.2648	0.1838	0.1816	0.1858	0.1955	0.2109	0.2410	0.1331	0.1274	0.1267	0.1303	0.1384	0.1541	0.1904
793	0.2716	0.2758	0.2708	0.2686	0.2533	0.2644	0.2671	0.2699	0.2726	0.2262	0.2277	0.2307	0.2392	0.2509	0.2651	0.1841	0.1820	0.1860	0.1957	0.2111	0.2413	0.1333	0.1275	0.1270	0.1305	0.1385	0.1543	0.1905
794	0.2720	0.2762	0.2711	0.2690	0.2536	0.2648	0.2675	0.2702	0.2729	0.2265	0.2280	0.2310	0.2395	0.2514	0.2654	0.1844	0.1822	0.1863	0.1960	0.2114	0.2416	0.1335	0.1277	0.1271	0.1307	0.1388	0.1545	0.1907
795	0.2724	0.2766	0.2714	0.2694	0.2539	0.2651	0.2679	0.2705	0.2732	0.2268	0.2284	0.2313	0.2398	0.2517	0.2657	0.1846	0.1825	0.1866	0.1963	0.2116	0.2419	0.1337	0.1279	0.1273	0.1309	0.1390	0.1547	0.1909
796	0.2727	0.2770	0.2718	0.2698	0.2542	0.2655	0.2683	0.2709	0.2736	0.2271	0.2288	0.2316	0.2401	0.2520	0.2661	0.1849	0.1827	0.1868	0.1965	0.2119	0.2421	0.1339	0.1280	0.1275	0.1310	0.1392	0.1548	0.1911
797	0.2731	0.2773	0.2720	0.2701	0.2546	0.2658	0.2685	0.2713	0.2739	0.2274	0.2291	0.2320	0.2404	0.2524	0.2665	0.1851	0.1830	0.1870	0.1968	0.2121	0.2423	0.1340	0.1282	0.1277	0.1312	0.1393	0.1549	0.1913
798	0.2735	0.2777	0.2724	0.2704	0.2549	0.2662	0.2689	0.2716	0.2743	0.2277	0.2293	0.2323	0.2407	0.2527	0.2667	0.1854	0.1832	0.1873	0.1970	0.2124	0.2426	0.1343	0.1284	0.1279	0.1314	0.1395	0.1550	0.1915
799	0.2738	0.2780	0.2729	0.2707	0.2552	0.2665	0.2693	0.2720	0.2747	0.2279	0.2296	0.2326	0.2411	0.2529	0.2670	0.1857	0.1835	0.1876	0.1973	0.2126	0.2428	0.1345	0.1286	0.1280	0.1316	0.1397	0.1553	0.1917
800	0.2742	0.2783	0.2732	0.2711	0.2557	0.2669	0.2696	0.2724	0.2751	0.2282	0.2299	0.2329	0.2414	0.2532	0.2674	0.1859	0.1837	0.1878	0.1975	0.2128	0.2431	0.1345	0.1287	0.1282	0.1317	0.1398	0.1555	0.1918
801	0.2745	0.2787	0.2735	0.2715	0.2560	0.2672	0.2698	0.2727	0.2754	0.2285	0.2302	0.2331	0.2417	0.2535	0.2676	0.1861	0.1840	0.1880	0.1978	0.2131	0.2434	0.1347	0.1289	0.1283	0.1319	0.1400	0.1557	0.1920
802	0.2748	0.2791	0.2739	0.2718	0.2563	0.2675	0.2701	0.2729	0.2756	0.2287	0.2305	0.2334	0.2419	0.2538	0.2678	0.1864	0.1842	0.1883	0.1980	0.2133	0.2436	0.1349	0.1291	0.1285	0.1321	0.1402	0.1558	0.1921
803	0.2751	0.2794	0.2742	0.2722	0.2565	0.2679	0.2705	0.2731	0.2758	0.2290	0.2308	0.2336	0.2422	0.2541	0.2682	0.1866	0.1844	0.1884	0.1982	0.2136	0.2437	0.1351	0.1292	0.1287	0.1322	0.1403	0.1560	0.1922
804	0.2755	0.2797	0.2746	0.2725	0.2569	0.2681	0.2709	0.2736	0.2763	0.2294	0.2311	0.2340	0.2425	0.2543	0.2685	0.1869	0.1847	0.1887	0.1985	0.2138	0.2440	0.1353	0.1294	0.1289	0.1324	0.1405	0.1562	0.1925
805	0.2758	0.2801	0.2750	0.2729	0.2573	0.2685	0.2713	0.2740	0.2767	0.2297	0.2315	0.2344	0.2429	0.2547	0.2689	0.1871	0.1850	0.1891	0.1988	0.2141	0.2443	0.1355	0.1297	0.1291	0.1326	0.1407	0.1564	0.1927
806	0.2761	0.2804	0.2753	0.2733	0.2576	0.2690	0.2716	0.2743	0.2771	0.2300	0.2318	0.2347	0.2433	0.2551	0.2693	0.1874	0.1852	0.1893	0.1991	0.2144	0.2446	0.1357	0.1299	0.1294	0.1328	0.1410	0.1566	0.1928
807	0.2764	0.2807	0.2755	0.2735	0.2579	0.2691	0.2719	0.2745	0.2773	0.2302	0.2319	0.2348	0.2434	0.2553	0.2693	0.1876	0.1853	0.1894	0.1991	0.2145	0.2447	0.1356	0.1299	0.1293	0.1329	0.1410	0.1567	0.1929
808	0.2767	0.2809	0.2758	0.2738	0.2582	0.2694	0.2721	0.2748	0.2776	0.2304	0.2321	0.2351	0.2437	0.2555	0.2696	0.1877	0.1855	0.1896	0.1993	0.2147	0.2449	0.1357	0.1300	0.1294	0.1330	0.1411	0.1568	0.1930
809	0.2770	0.2812	0.2760	0.2741	0.2584	0.2698	0.2723	0.2752	0.2779	0.2306	0.2324	0.2355	0.2439	0.2557	0.2699	0.1879	0.1857	0.1898	0.1995	0.2150	0.2452	0.1359	0.1301	0.1295	0.1333	0.1413	0.1569	0.1931
810	0.2773	0.2816	0.2764	0.2744	0.2587	0.2699	0.2727	0.2755	0.2782	0.2309	0.2327	0.2357	0.2443	0.2561	0.2701	0.1881	0.1860	0.1901	0.1998	0.2152	0.2454	0.1361	0.1303	0.1296	0.1334	0.1414	0.1570	0.1933
811	0.2777	0.2820	0.2768	0.2748	0.2591	0.2703	0.2730	0.2758	0.2786	0.2313	0.2330	0.2360	0.2446	0.2564	0.2705	0.1884	0.1863	0.1904	0.2001	0.2154	0.2456	0.1363	0.1304	0.1299	0.1336	0.1416	0.1573	0.1935
812	0.2781	0.2823	0.2772	0.2752	0.2594	0.2707	0.2734	0.2761	0.2790	0.2316	0.2334	0.2363	0.2448	0.2567	0.2709	0.1887	0.1866	0.1906	0.2003	0.2157	0.2459	0.1365	0.1306	0.1301	0.1337	0.1418	0.1575	0.1937
813	0.2783	0.2826	0.2776	0.2755	0.2598	0.2710	0.2735	0.2765	0.2792	0.2318	0.2336	0.2365	0.2451	0.2569	0.2712	0.1890	0.1868	0.1908	0.2005	0.2159	0.2461	0.1367	0.1308	0.1303	0.1338	0.1419	0.1576	0.1939
814	0.2786	0.2829	0.2779	0.2759	0.2601	0.2713	0.2739	0.2767	0.2794	0.2321	0.2339	0.2368	0.2453	0.2572	0.2714	0.1891	0.1870	0.1910	0.2007	0.2162	0.2463	0.1369	0.1310	0.1304	0.1340	0.1421	0.1578	0.1941
815	0.2789	0.2832	0.2781	0.2761	0.2603	0.2716	0.2743	0.2770	0.2797	0.2324	0.2342	0.2370	0.2456	0.2574	0.2716	0.1893	0.1872	0.1913	0.2009	0.2165	0.2464	0.1370	0.1311	0.1306	0.1341	0.1423	0.1579	0.1942
816	0.2792	0.2836	0.2784	0.2763	0.2605	0.2718	0.2746	0.2774	0.2800	0.2326	0.2344	0.2373	0.2458	0.2576	0.2718	0.1895	0.1874	0.1915	0.2011	0.2166	0.2466	0.1371	0.1312	0.1308	0.1343	0.1425	0.1580	0.1942
817	0.2795	0.2839	0.2786	0.2766	0.2608	0.2722	0.2748	0.2776	0.2804	0.2329	0.2345	0.2376	0.2461	0.2579	0.2719	0.1897	0.1876	0.1917	0.2014	0.2168	0.2469	0.1371	0.1313	0.1308	0.1344	0.1425	0.1581	0.1944
818	0.2798	0.2841	0.2789	0.2769	0.2611	0.2724	0.2751	0.2778	0.2807	0.2332	0.2348	0.2378	0.2465	0.2582	0.2722	0.1898	0.1877	0.1918	0.2015	0.2170	0.2472	0.1373	0.1315	0.1309	0.1346	0.1427	0.1583	0.1946
819	0.2801	0.2844	0.2792	0.2772	0.2615	0.2727	0.2754	0.2780	0.2810	0.2334	0.2351	0.2380	0.2467	0.2584	0.2725	0.1900	0.1879	0.1920	0.2016	0.2172	0.2474	0.1375	0.1317	0.1311	0.1347	0.1428	0.1584	0.1947
820	0.2804	0.2847	0.2797	0.2774	0.2617	0.2730	0.2757	0.2784	0.2812	0.2335	0.2353	0.2382	0.2470	0.2586	0.2728	0.1904	0.1880	0.1922	0.2020	0.2174	0.2475	0.1376	0.1318	0.1313	0.1348	0.1429	0.1586	0.1949
821	0.2806	0.2849	0.2799	0.2778	0.2619	0.2732	0.2760	0.2787	0.2814	0.2338	0.2356	0.2385	0.2471	0.2589	0.2730	0.1905	0.1882	0.1923	0.2022	0.2175	0.2476	0.1378	0.1319	0.1314	0.1349	0.1430	0.1587	0.1950
822	0.2809	0.2851	0.2801	0.2781	0.2622	0.2734	0.2762	0.2789	0.2816	0.2341	0.2358	0.2387	0.2474	0.2592	0.2733	0.1907	0.1885	0.1925	0.2024	0.2177	0.2478	0.1379	0.1321	0.1315	0.1351	0.1432	0.1588	0.1951
823	0.2812	0.2855	0.2805	0.2784	0.2625	0.2736	0.2764	0.2792	0.2819	0.2343	0.2360	0.2390	0.2476	0.2593	0.2736	0.1908	0.1887	0.1928	0.2026	0.2180	0.2480	0.1379	0.1321	0.1317	0.1352	0.1435	0.1590	0.1952
824	0.2815	0.2859	0.2806	0.2786	0.2628	0.2740	0.2767	0.2795	0.2822	0.2345	0.2363	0.2393	0.2478	0.2595	0.2738	0.1911	0.1888	0.1930	0.2028	0.2182	0.2483	0.1381	0.1323	0.1318	0.1354	0.1435	0.1592	0.1954
825	0.2818	0.2862	0.2809	0.2789	0.2630	0.2744	0.2770	0.2798	0.2825	0.2348	0.2366	0.2395	0.2481	0.2598	0.2740	0.1913	0.1891	0.1932	0.2030	0.2184	0.2486	0.1383	0.1324	0.1319	0.1356	0.1436	0.1594	0.1956
826	0.2821	0.2864	0.2813	0.2792	0.2632	0.2746	0.2774	0.2801	0.2829	0.2351	0.2369	0.2397	0.2484	0.2601	0.2743	0.1916	0.1894	0.1934	0.2032	0.2186	0.2487	0.1385	0.1325	0.1321	0.1358	0.1438	0.1595	0.1957
827	0.2823	0.2867	0.2815	0.2794	0.2635	0.2749	0.2776	0.2804	0.2830	0.2353	0.2370	0.2400	0.2485	0.2603	0.2745	0.1918	0.1894	0.1935	0.2033	0.2188	0.2489	0.1387	0.1328	0.1323	0.1359	0.1439	0.1596	0.1958
828	0.2825	0.2869	0.2817	0.2797	0.2638	0.2752	0.2777	0.2806	0.2832	0.2355	0.2372	0.2401	0.2487	0.2606	0.2747	0.1918	0.1896	0.1937	0.2035	0.2190	0.2490	0.1387	0.1330	0.1324	0.1359	0.1440	0.1597	0.1959
829	0.2827	0.2870	0.2820	0.2799	0.2640	0.2754	0.2779	0.2808	0.2835	0.2357	0.2375	0.2403	0.2490	0.2608	0.2749	0.1919	0.1898	0.1939	0.2036	0.2192	0.2491	0.1388	0.1330	0.1324	0.1360	0.1442	0.1599	0.1960
830	0.2830	0.2872	0.2821	0.2801	0.2641	0.2755	0.2781	0.2810	0.2837	0.2358	0.2375	0.2405	0.2490	0.2609	0.2751	0.1921	0.1900	0.1941	0.2037	0.2193	0.2492	0.1389	0.1330	0.1325	0.1362	0.1443	0.1599	0.1961
831	0.2833	0.2875	0.2824	0.2804	0.2645	0.2758	0.2784	0.2812	0.2839	0.2361	0.2377	0.2407	0.2492	0.2612	0.2753	0.1923	0.1901	0.1943	0.2039	0.2195	0.2495	0.1390	0.1331	0.1326	0.1362	0.1444	0.1599	0.1962
832	0.2836	0.2878	0.2828	0.2806	0.2648	0.2761	0.2787	0.2815	0.2841	0.2364	0.2380	0.2409	0.2495	0.2615	0.2756	0.1925	0.1903	0.1944	0.2042	0.2196	0.2498	0.1391	0.1333	0.1327	0.1364	0.1446	0.1600	0.1963
833	0.2839	0.2880	0.2830	0.2809	0.2650	0.2764	0.2789	0.2817	0.2845	0.2366	0.2383	0.2413	0.2498	0.2616	0.2759	0.1926	0.1906	0.1945	0.2044	0.2198	0.2500	0.1393	0.1334	0.1330	0.1366	0.1447	0.1603	0.1966
834	0.2841	0.2883	0.2833	0.2812	0.2652	0.2766	0.2791	0.2819	0.2848	0.2368	0.2385	0.2415	0.2500	0.2619	0.2760	0.1928	0.1907	0.1948	0.2046	0.2199	0.2501	0.1394	0.1335	0.1330	0.1367	0.1448	0.1604	0.1968
835	0.2843	0.2885	0.2835	0.2814	0.2654	0.2768	0.2793	0.2821	0.2850	0.2369	0.2387	0.2416	0.2502	0.2621	0.2762	0.1930	0.1908	0.1950	0.2048	0.2201	0.2502	0.1394	0.1336	0.1331	0.1368	0.1448	0.1605	0.1968
836	0.2845	0.2887	0.2837	0.2815	0.2656	0.2769	0.2795	0.2823	0.2852	0.2370	0.2389	0.2417	0.2504	0.2622	0.2764	0.1930	0.1909	0.1950	0.2050	0.2203	0.2502	0.1394	0.1337	0.1331	0.1369	0.1449	0.1606	0.1968
837	0.2847	0.2890	0.2840	0.2818	0.2658	0.2773	0.2799	0.2827	0.2854	0.2373	0.2392	0.2421	0.2506	0.2624	0.2766	0.1934	0.1911	0.1953	0.2051	0.2204	0.2505	0.1396	0.1338	0.1333	0.1369	0.1452	0.1608	0.1970
838	0.2849	0.2892	0.2841	0.2821	0.2660	0.2775	0.2801	0.2829	0.2856	0.2375	0.2393	0.2423	0.2508	0.2626	0.2769	0.1936	0.1913	0.1955	0.2053	0.2206	0.2507	0.1398	0.1340	0.1335	0.1371	0.1454	0.1609	0.1972
839	0.2851	0.2895	0.2843	0.2824	0.2663	0.2777	0.2803	0.2830	0.2858	0.2377	0.2395	0.2425	0.2510	0.2628	0.2771	0.1937	0.1915	0.1956	0.2055	0.2208	0.2509	0.1400	0.1341	0.1337	0.1372	0.1454	0.1611	0.1972
840	0.2854	0.2898	0.2847	0.2826	0.2666	0.2779	0.2807	0.2832	0.2861	0.2379	0.2397	0.2428	0.2513	0.2632	0.2772	0.1938	0.1917	0.1957	0.2057	0.2210	0.2512	0.1401	0.1342	0.1338	0.1374	0.1455	0.1611	0.1973
841	0.2856	0.2899	0.2849	0.2828	0.2668	0.2782	0.2808	0.2835	0.2863	0.2381	0.2398	0.2429	0.2515	0.2634	0.2774	0.1940	0.1919	0.1959	0.2058	0.2211	0.2513	0.1402	0.1342	0.1339	0.1375	0.1455	0.1612	0.1974
842	0.2858	0.2901	0.2851	0.2830	0.2670	0.2784	0.2810	0.2838	0.2865	0.2382	0.2400	0.2430	0.2516	0.2636	0.2776	0.1941	0.1920	0.1961	0.2059	0.2213	0.2514	0.1403	0.1344	0.1339	0.1376	0.1456	0.1613	0.1975
843	0.2861	0.2904	0.2854	0.2832	0.2673	0.2786	0.2813	0.2841	0.2868	0.2384	0.2405	0.2432	0.2520	0.2637	0.2778	0.1944	0.1921	0.1962	0.2060	0.2216	0.2515	0.1405	0.1346	0.1340	0.1378	0.1459	0.1614	0.1977
844	0.2864	0.2905	0.2856	0.2835	0.2674	0.2787	0.2814	0.2843	0.2870	0.2387	0.2406	0.2434	0.2521	0.2640	0.2780	0.1945	0.1923	0.1963	0.2062	0.2217	0.2517	0.1405	0.1347	0.1341	0.1378	0.1460	0.1615	0.1978
845	0.2867	0.2908	0.2858	0.2837	0.2677	0.2790	0.2816	0.2845	0.2872	0.2389	0.2407	0.2436	0.2523	0.2642	0.2782	0.1947	0.1925	0.1965	0.2064	0.2218	0.2519	0.1406	0.1348	0.1342	0.1379	0.1461	0.1617	0.1979
846	0.2868	0.2912	0.2859	0.2840	0.2680	0.2794	0.2818	0.2847	0.2874	0.2392	0.2409	0.2439	0.2524	0.2643	0.2785	0.1949	0.1926	0.1968	0.2067	0.2219	0.2521	0.1406	0.1350	0.1344	0.1381	0.1462	0.1619	0.1980
847	0.2871	0.2914	0.2862	0.2842	0.2682	0.2795	0.2820	0.2848	0.2876	0.2394	0.2411	0.2440	0.2526	0.2645	0.2786	0.1950	0.1928	0.1969	0.2068	0.2222	0.2523	0.1408	0.1349	0.1345	0.1381	0.1463	0.1619	0.1981
848	0.2873	0.2916	0.2865	0.2844	0.2684	0.2797	0.2823	0.2851	0.2879	0.2396	0.2413	0.2442	0.2528	0.2647	0.2788	0.1952	0.1930	0.1971	0.2069	0.2223	0.2524	0.1409	0.1351	0.1346	0.1382	0.1464	0.1621	0.1982
849	0.2875	0.2918	0.2867	0.2847	0.2685	0.2799	0.2825	0.2854	0.2882	0.2397	0.2415	0.2444	0.2530	0.2650	0.2791	0.1953	0.1932	0.1974	0.2070	0.2224	0.2525	0.1410	0.1353	0.1346	0.1383	0.1465	0.1622	0.1983
850	0.2875	0.2920	0.2869	0.2848	0.2687	0.2801	0.2827	0.2855	0.2882	0.2398	0.2417	0.2445	0.2531	0.2653	0.2791	0.1955	0.1934	0.1974	0.2071	0.2225	0.2525	0.1412	0.1354	0.1348	0.1384	0.1466	0.1623	0.1984
851	0.2877	0.2921	0.2871	0.2850	0.2689	0.2802	0.2829	0.2856	0.2884	0.2399	0.2417	0.2446	0.2532	0.2653	0.2792	0.1956	0.1934	0.1974	0.2073	0.2226	0.2526	0.1412	0.1355	0.1348	0.1385	0.1467	0.1623	0.1984
852	0.2879	0.2922	0.2872	0.2852	0.2691	0.2803	0.2831	0.2857	0.2886	0.2400	0.2419	0.2448	0.2534	0.2653	0.2793	0.1956	0.1935	0.1975	0.2074	0.2228	0.2527	0.1412	0.1355	0.1348	0.1386	0.1468	0.1623	0.1984
853	0.2881	0.2925	0.2874	0.2854	0.2692	0.2805	0.2833	0.2860	0.2887	0.2403	0.2421	0.2451	0.2536	0.2654	0.2797	0.1958	0.1937	0.1977	0.2075	0.2228	0.2528	0.1414	0.1356	0.1351	0.1387	0.1469	0.1626	0.1987
854	0.2884	0.2927	0.2877	0.2856	0.2694	0.2808	0.2835	0.2862	0.2890	0.2405	0.2424	0.2452	0.2539	0.2657	0.2799	0.1960	0.1939	0.1980	0.2077	0.2231	0.2532	0.1415	0.1359	0.1352	0.1389	0.1470	0.1626	0.1988
855	0.2886	0.2930	0.2879	0.2857	0.2697	0.2811	0.2838	0.2865	0.2892	0.2407	0.2426	0.2454	0.2541	0.2660	0.2801	0.1962	0.1940	0.1982	0.2079	0.2233	0.2535	0.1416	0.1360	0.1353	0.1390	0.1471	0.1628	0.1990
856	0.2888	0.2932	0.2882	0.2859	0.2700	0.2813	0.2840	0.2867	0.2894	0.2409	0.2427	0.2457	0.2544	0.2662	0.2803	0.1965	0.1942	0.1982	0.2081	0.2234	0.2535	0.1417	0.1360	0.1354	0.1390	0.1473	0.1629	0.1991
857	0.2891	0.2934	0.2883	0.2863	0.2701	0.2815	0.2841	0.2868	0.2896	0.2411	0.2428	0.2458	0.2544	0.2663	0.2804	0.1965	0.1943	0.1985	0.2081	0.2236	0.2535	0.1417	0.1360	0.1355	0.1392	0.1474	0.1629	0.1992
858	0.2893	0.2935	0.2884	0.2865	0.2703	0.2816	0.2841	0.2870	0.2898	0.2411	0.2430	0.2460	0.2546	0.2665	0.2805	0.1965	0.1943	0.1986	0.2082	0.2237	0.2536	0.1417	0.1360	0.1356	0.1392	0.1474	0.1630	0.1992
859	0.2894	0.2937	0.2886	0.2866	0.2704	0.2818	0.2843	0.2872	0.2900	0.2412	0.2433	0.2462	0.2547	0.2666	0.2807	0.1967	0.1943	0.1986	0.2083	0.2238	0.2538	0.1419	0.1361	0.1357	0.1393	0.1474	0.1630	0.1993
860	0.2897	0.2939	0.2890	0.2869	0.2706	0.2820	0.2847	0.2874	0.2902	0.2415	0.2436	0.2465	0.2549	0.2666	0.2810	0.1969	0.1947	0.1988	0.2086	0.2240	0.2541	0.1423	0.1363	0.1358	0.1395	0.1476	0.1632	0.1994
861	0.2898	0.2941	0.2891	0.2871	0.2708	0.2822	0.2848	0.2875	0.2903	0.2417	0.2436	0.2465	0.2551	0.2668	0.2811	0.1970	0.1949	0.1989	0.2087	0.2241	0.2542	0.1423	0.1365	0.1358	0.1395	0.1476	0.1633	0.1994
862	0.2899	0.2942	0.2892	0.2872	0.2710	0.2823	0.2850	0.2876	0.2904	0.2418	0.2437	0.2465	0.2553	0.2670	0.2812	0.1971	0.1949	0.1989	0.2088	0.2243	0.2543	0.1422	0.1366	0.1359	0.1396	0.1477	0.1633	0.1995
863	0.2901	0.2943	0.2894	0.2875	0.2711	0.2825	0.2852	0.2879	0.2908	0.2420	0.2439	0.2467	0.2553	0.2671	0.2813	0.1972	0.1952	0.1991	0.2090	0.2245	0.2543	0.1423	0.1366	0.1361	0.1398	0.1478	0.1635	0.1997
864	0.2904	0.2946	0.2896	0.2876	0.2715	0.2828	0.2854	0.2881	0.2909	0.2422	0.2440	0.2469	0.2556	0.2674	0.2815	0.1974	0.1951	0.1990	0.2090	0.2246	0.2544	0.1424	0.1366	0.1361	0.1399	0.1480	0.1636	0.1997
865	0.2906	0.2948	0.2897	0.2877	0.2717	0.2829	0.2856	0.2883	0.2911	0.2423	0.2441	0.2471	0.2558	0.2676	0.2817	0.1975	0.1951	0.1992	0.2092	0.2247	0.2546	0.1425	0.1367	0.1361	0.1400	0.1481	0.1638	0.1998
866	0.2909	0.2950	0.2899	0.2879	0.2717	0.2830	0.2858	0.2885	0.2913	0.2425	0.2442	0.2472	0.2559	0.2679	0.2818	0.1975	0.1954	0.1997	0.2094	0.2249	0.2548	0.1428	0.1368	0.1362	0.1400	0.1483	0.1639	0.1998
867	0.2910	0.2952	0.2900	0.2880	0.2719	0.2832	0.2857	0.2886	0.2914	0.2427	0.2445	0.2474	0.2559	0.2678	0.2819	0.1976	0.1955	0.1996	0.2093	0.2249	0.2548	0.1427	0.1368	0.1363	0.1399	0.1482	0.1638	0.1999
868	0.2911	0.2954	0.2902	0.2882	0.2721	0.2834	0.2860	0.2888	0.2916	0.2428	0.2447	0.2475	0.2561	0.2680	0.2822	0.1978	0.1957	0.1998	0.2094	0.2250	0.2549	0.1428	0.1370	0.1364	0.1400	0.1483	0.1639	0.2001
869	0.2913	0.2956	0.2905	0.2885	0.2723	0.2837	0.2864	0.2891	0.2918	0.2429	0.2450	0.2477	0.2565	0.2682	0.2825	0.1981	0.1959	0.2001	0.2097	0.2251	0.2552	0.1430	0.1372	0.1366	0.1403	0.1484	0.1641	0.2004
870	0.2914	0.2958	0.2908	0.2888	0.2725	0.2839	0.2865	0.2892	0.2922	0.2432	0.2453	0.2480	0.2566	0.2684	0.2826	0.1983	0.1960	0.2003	0.2100	0.2254	0.2553	0.1431	0.1374	0.1368	0.1405	0.1485	0.1642	0.2004
871	0.2917	0.2961	0.2911	0.2890	0.2727	0.2841	0.2866	0.2894	0.2923	0.2434	0.2453	0.2481	0.2568	0.2687	0.2827	0.1985	0.1961	0.2004	0.2102	0.2256	0.2554	0.1432	0.1374	0.1369	0.1406	0.1487	0.1643	0.2004
872	0.2920	0.2963	0.2913	0.2892	0.2729	0.2843	0.2868	0.2895	0.2923	0.2435	0.2454	0.2482	0.2570	0.2689	0.2828	0.1986	0.1962	0.2004	0.2104	0.2257	0.2555	0.1433	0.1375	0.1369	0.1407	0.1488	0.1644	0.2006
873	0.2922	0.2963	0.2912	0.2893	0.2732	0.2844	0.2870	0.2897	0.2924	0.2437	0.2455	0.2483	0.2572	0.2690	0.2828	0.1987	0.1963	0.2006	0.2104	0.2258	0.2556	0.1434	0.1375	0.1368	0.1406	0.1488	0.1646	0.2007
874	0.2922	0.2965	0.2914	0.2895	0.2732	0.2845	0.2872	0.2898	0.2926	0.2438	0.2457	0.2486	0.2572	0.2690	0.2830	0.1986	0.1964	0.2006	0.2104	0.2259	0.2558	0.1434	0.1376	0.1370	0.1407	0.1489	0.1646	0.2007
875	0.2922	0.2967	0.2917	0.2896	0.2733	0.2846	0.2874	0.2900	0.2928	0.2439	0.2459	0.2488	0.2573	0.2691	0.2833	0.1987	0.1965	0.2007	0.2105	0.2261	0.2560	0.1435	0.1378	0.1371	0.1408	0.1489	0.1647	0.2008
876	0.2925	0.2968	0.2921	0.2898	0.2735	0.2848	0.2876	0.2902	0.2930	0.2440	0.2460	0.2488	0.2576	0.2694	0.2836	0.1990	0.1967	0.2008	0.2106	0.2263	0.2562	0.1437	0.1380	0.1372	0.1410	0.1490	0.1647	0.2010
877	0.2926	0.2972	0.2921	0.2900	0.2738	0.2851	0.2877	0.2905	0.2932	0.2442	0.2462	0.2492	0.2578	0.2697	0.2838	0.1992	0.1968	0.2010	0.2109	0.2264	0.2563	0.1437	0.1378	0.1373	0.1410	0.1491	0.1648	0.2009
878	0.2928	0.2973	0.2922	0.2903	0.2739	0.2853	0.2879	0.2907	0.2935	0.2444	0.2463	0.2494	0.2580	0.2698	0.2839	0.1993	0.1970	0.2012	0.2111	0.2265	0.2564	0.1438	0.1378	0.1374	0.1412	0.1494	0.1648	0.2011
879	0.2931	0.2974	0.2924	0.2904	0.2740	0.2854	0.2881	0.2908	0.2937	0.2446	0.2465	0.2495	0.2582	0.2698	0.2839	0.1994	0.1972	0.2013	0.2112	0.2266	0.2565	0.1439	0.1380	0.1374	0.1413	0.1496	0.1649	0.2014
880	0.2932	0.2977	0.2925	0.2904	0.2743	0.2856	0.2880	0.2910	0.2937	0.2447	0.2466	0.2495	0.2582	0.2698	0.2841	0.1996	0.1972	0.2014	0.2112	0.2266	0.2564	0.1438	0.1380	0.1375	0.1411	0.1495	0.1650	0.2013
881	0.2933	0.2977	0.2927	0.2904	0.2744	0.2856	0.2882	0.2911	0.2938	0.2449	0.2467	0.2497	0.2583	0.2700	0.2841	0.1997	0.1972	0.2015	0.2113	0.2267	0.2565	0.1439	0.1381	0.1376	0.1413	0.1494	0.1651	0.2013
882	0.2934	0.2978	0.2928	0.2906	0.2745	0.2857	0.2885	0.2912	0.2939	0.2451	0.2469	0.2499	0.2584	0.2702	0.2843	0.1998	0.1973	0.2016	0.2115	0.2268	0.2568	0.1440	0.1382	0.1378	0.1415	0.1495	0.1652	0.2012
883	0.2936	0.2981	0.2930	0.2912	0.2748	0.2860	0.2887	0.2915	0.2941	0.2452	0.2470	0.2500	0.2586	0.2706	0.2847	0.1998	0.1975	0.2018	0.2116	0.2270	0.2570	0.1440	0.1385	0.1380	0.1414	0.1498	0.1653	0.2015
884	0.2939	0.2983	0.2931	0.2914	0.2749	0.2862	0.2889	0.2916	0.2943	0.2454	0.2472	0.2502	0.2587	0.2706	0.2848	0.1999	0.1976	0.2018	0.2118	0.2272	0.2572	0.1443	0.1386	0.1379	0.1415	0.1499	0.1655	0.2016
885	0.2942	0.2986	0.2934	0.2916	0.2751	0.2864	0.2891	0.2917	0.2945	0.2456	0.2474	0.2504	0.2589	0.2708	0.2849	0.2001	0.1978	0.2019	0.2120	0.2274	0.2574	0.1444	0.1387	0.1379	0.1417	0.1500	0.1656	0.2017
886	0.2944	0.2988	0.2938	0.2920	0.2754	0.2867	0.2894	0.2919	0.2950	0.2457	0.2477	0.2507	0.2592	0.2712	0.2851	0.2005	0.1979	0.2021	0.2120	0.2274	0.2576	0.1443	0.1388	0.1381	0.1418	0.1502	0.1657	0.2017
887	0.2944	0.2990	0.2939	0.2920	0.2754	0.2868	0.2895	0.2922	0.2951	0.2459	0.2478	0.2507	0.2594	0.2711	0.2852	0.2006	0.1982	0.2023	0.2122	0.2275	0.2576	0.1446	0.1389	0.1382	0.1421	0.1503	0.1657	0.2019
888	0.2946	0.2990	0.2940	0.2920	0.2755	0.2870	0.2896	0.2924	0.2952	0.2461	0.2478	0.2507	0.2594	0.2712	0.2853	0.2007	0.1982	0.2024	0.2123	0.2276	0.2576	0.1448	0.1389	0.1383	0.1421	0.1502	0.1657	0.2020
889	0.2947	0.2989	0.2940	0.2919	0.2756	0.2871	0.2898	0.2926	0.2953	0.2461	0.2479	0.2508	0.2593	0.2712	0.2855	0.2008	0.1982	0.2024	0.2124	0.2277	0.2576	0.1449	0.1389	0.1382	0.1420	0.1501	0.1658	0.2021
890	0.2949	0.2993	0.2941	0.2920	0.2759	0.2870	0.2899	0.2925	0.2953	0.2462	0.2481	0.2510	0.2595	0.2714	0.2856	0.2008	0.1983	0.2024	0.2124	0.2279	0.2577	0.1447	0.1390	0.1383	0.1421	0.1502	0.1659	0.2022
891	0.2951	0.2996	0.2944	0.2923	0.2762	0.2874	0.2900	0.2927	0.2954	0.2463	0.2483	0.2511	0.2597	0.2716	0.2858	0.2009	0.1983	0.2026	0.2124	0.2280	0.2579	0.1446	0.1389	0.1384	0.1421	0.1503	0.1660	0.2022
892	0.2954	0.2998	0.2947	0.2926	0.2763	0.2877	0.2902	0.2929	0.2956	0.2465	0.2485	0.2513	0.2598	0.2718	0.2860	0.2010	0.1984	0.2027	0.2125	0.2282	0.2582	0.1448	0.1388	0.1385	0.1422	0.1505	0.1661	0.2022
893	0.2953	0.2997	0.2949	0.2929	0.2764	0.2876	0.2904	0.2932	0.2959	0.2468	0.2485	0.2516	0.2600	0.2718	0.2862	0.2011	0.1989	0.2030	0.2126	0.2283	0.2585	0.1450	0.1391	0.1387	0.1425	0.1508	0.1663	0.2024
894	0.2955	0.2998	0.2951	0.2930	0.2765	0.2879	0.2905	0.2934	0.2961	0.2467	0.2486	0.2517	0.2601	0.2719	0.2861	0.2013	0.1990	0.2030	0.2128	0.2283	0.2585	0.1452	0.1393	0.1388	0.1424	0.1508	0.1662	0.2025
895	0.2958	0.3000	0.2952	0.2931	0.2766	0.2882	0.2905	0.2936	0.2963	0.2467	0.2488	0.2518	0.2603	0.2722	0.2862	0.2013	0.1992	0.2031	0.2129	0.2284	0.2586	0.1453	0.1394	0.1388	0.1425	0.1507	0.1663	0.2025
896	0.2960	0.3004	0.2953	0.2934	0.2769	0.2882	0.2905	0.2937	0.2964	0.2468	0.2489	0.2518	0.2605	0.2725	0.2866	0.2014	0.1993	0.2032	0.2131	0.2288	0.2588	0.1452	0.1395	0.1389	0.1428	0.1507	0.1664	0.2026
897	0.2961	0.3006	0.2954	0.2934	0.2770	0.2884	0.2909	0.2937	0.2965	0.2472	0.2491	0.2520	0.2606	0.2726	0.2868	0.2016	0.1993	0.2033	0.2134	0.2287	0.2587	0.1453	0.1397	0.1391	0.1427	0.1509	0.1665	0.2029
898	0.2962	0.3007	0.2955	0.2936	0.2771	0.2885	0.2912	0.2938	0.2966	0.2473	0.2493	0.2521	0.2608	0.2727	0.2868	0.2017	0.1994	0.2034	0.2135	0.2287	0.2587	0.1453	0.1398	0.1390	0.1427	0.1510	0.1665	0.2029
899	0.2965	0.3005	0.2956	0.2938	0.2773	0.2887	0.2913	0.2940	0.2967	0.2474	0.2495	0.2522	0.2610	0.2727	0.2867	0.2017	0.1994	0.2035	0.2134	0.2288	0.2587	0.1453	0.1398	0.1389	0.1427	0.1510	0.1665	0.2028
900	0.2966	0.3007	0.2959	0.2939	0.2773	0.2887	0.2913	0.2941	0.2970	0.2475	0.2496	0.2525	0.2611	0.2728	0.2870	0.2018	0.1995	0.2035	0.2135	0.2290	0.2588	0.1455	0.1399	0.1390	0.1428	0.1513	0.1668	0.2029
901	0.2969	0.3010	0.2962	0.2940	0.2776	0.2889	0.2916	0.2944	0.2973	0.2478	0.2498	0.2526	0.2613	0.2731	0.2872	0.2020	0.1996	0.2037	0.2138	0.2292	0.2590	0.1456	0.1399	0.1391	0.1430	0.1514	0.1669	0.2031
902	0.2971	0.3014	0.2964	0.2941	0.2779	0.2891	0.2919	0.2947	0.2975	0.2480	0.2499	0.2527	0.2614	0.2735	0.2873	0.2022	0.1998	0.2040	0.2140	0.2294	0.2592	0.1458	0.1399	0.1392	0.1431	0.1514	0.1670	0.2032
903	0.2972	0.3013	0.2965	0.2944	0.2780	0.2894	0.2919	0.2948	0.2976	0.2481	0.2499	0.2528	0.2615	0.2736	0.2875	0.2023	0.1997	0.2042	0.2138	0.2294	0.2592	0.1456	0.1398	0.1392	0.1431	0.1513	0.1671	0.2032
904	0.2974	0.3017	0.2967	0.2945	0.2782	0.2894	0.2920	0.2949	0.2977	0.2483	0.2501	0.2530	0.2616	0.2737	0.2876	0.2025	0.2000	0.2042	0.2140	0.2296	0.2595	0.1458	0.1401	0.1394	0.1431	0.1515	0.1672	0.2033
905	0.2976	0.3019	0.2969	0.2946	0.2784	0.2896	0.2922	0.2950	0.2979	0.2483	0.2503	0.2531	0.2618	0.2737	0.2877	0.2026	0.2002	0.2043	0.2143	0.2298	0.2598	0.1460	0.1403	0.1396	0.1433	0.1517	0.1672	0.2034
906	0.2975	0.3019	0.2971	0.2949	0.2786	0.2899	0.2923	0.2952	0.2981	0.2482	0.2503	0.2534	0.2621	0.2738	0.2878	0.2028	0.2003	0.2043	0.2144	0.2298	0.2599	0.1460	0.1403	0.1397	0.1436	0.1517	0.1673	0.2035
907	0.2977	0.3023	0.2970	0.2951	0.2786	0.2898	0.2925	0.2953	0.2982	0.2485	0.2505	0.2534	0.2621	0.2739	0.2881	0.2027	0.2003	0.2044	0.2143	0.2300	0.2599	0.1463	0.1403	0.1398	0.1436	0.1518	0.1673	0.2035
908	0.2980	0.3024	0.2972	0.2952	0.2788	0.2900	0.2928	0.2954	0.2983	0.2487	0.2508	0.2536	0.2622	0.2742	0.2883	0.2029	0.2005	0.2046	0.2144	0.2302	0.2600	0.1464	0.1404	0.1399	0.1437	0.1519	0.1675	0.2037
909	0.2983	0.3024	0.2976	0.2954	0.2789	0.2904	0.2932	0.2957	0.2985	0.2489	0.2512	0.2538	0.2623	0.2744	0.2883	0.2032	0.2011	0.2048	0.2148	0.2303	0.2601	0.1465	0.1406	0.1402	0.1438	0.1520	0.1678	0.2041
910	0.2981	0.3026	0.2978	0.2954	0.2791	0.2904	0.2930	0.2958	0.2988	0.2490	0.2511	0.2539	0.2626	0.2744	0.2886	0.2032	0.2010	0.2047	0.2146	0.2303	0.2600	0.1464	0.1405	0.1399	0.1437	0.1520	0.1677	0.2037
911	0.2983	0.3027	0.2978	0.2955	0.2792	0.2904	0.2931	0.2958	0.2989	0.2492	0.2511	0.2539	0.2625	0.2745	0.2886	0.2032	0.2008	0.2048	0.2146	0.2304	0.2601	0.1465	0.1405	0.1397	0.1436	0.1521	0.1676	0.2038
912	0.2986	0.3029	0.2978	0.2957	0.2794	0.2904	0.2933	0.2960	0.2990	0.2494	0.2511	0.2540	0.2623	0.2747	0.2886	0.2033	0.2007	0.2049	0.2148	0.2305	0.2603	0.1465	0.1405	0.1396	0.1436	0.1522	0.1676	0.2040
913	0.2988	0.3031	0.2980	0.2961	0.2795	0.2909	0.2935	0.2963	0.2993	0.2494	0.2513	0.2541	0.2629	0.2750	0.2890	0.2034	0.2008	0.2052	0.2152	0.2308	0.2604	0.1466	0.1407	0.1401	0.1439	0.1523	0.1676	0.2041
914	0.2989	0.3032	0.2981	0.2962	0.2796	0.2911	0.2936	0.2966	0.2993	0.2494	0.2514	0.2543	0.2630	0.2750	0.2891	0.2034	0.2009	0.2052	0.2152	0.2308	0.2605	0.1467	0.1408	0.1402	0.1441	0.1524	0.1678	0.2043
915	0.2989	0.3033	0.2983	0.2963	0.2797	0.2913	0.2937	0.2967	0.2993	0.2494	0.2514	0.2544	0.2631	0.2749	0.2891	0.2035	0.2011	0.2052	0.2152	0.2308	0.2605	0.1468	0.1409	0.1403	0.1442	0.1525	0.1679	0.2043
916	0.2989	0.3036	0.2984	0.2962	0.2798	0.2916	0.2935	0.2966	0.2993	0.2495	0.2515	0.2546	0.2633	0.2746	0.2893	0.2036	0.2014	0.2054	0.2152	0.2308	0.2605	0.1467	0.1410	0.1406	0.1442	0.1524	0.1679	0.2040
917	0.2991	0.3036	0.2987	0.2964	0.2799	0.2914	0.2939	0.2968	0.2996	0.2499	0.2517	0.2547	0.2634	0.2751	0.2894	0.2037	0.2013	0.2053	0.2152	0.2311	0.2608	0.1466	0.1410	0.1405	0.1442	0.1525	0.1681	0.2041
918	0.2995	0.3038	0.2989	0.2966	0.2802	0.2915	0.2942	0.2969	0.2998	0.2501	0.2519	0.2547	0.2634	0.2755	0.2895	0.2039	0.2014	0.2055	0.2153	0.2313	0.2610	0.1468	0.1411	0.1404	0.1442	0.1527	0.1684	0.2043
919	0.3000	0.3040	0.2990	0.2968	0.2806	0.2918	0.2944	0.2971	0.2999	0.2500	0.2521	0.2548	0.2635	0.2758	0.2897	0.2041	0.2015	0.2059	0.2156	0.2316	0.2613	0.1470	0.1412	0.1403	0.1443	0.1530	0.1688	0.2045
920	0.3001	0.3043	0.2995	0.2973	0.2807	0.2920	0.2949	0.2972	0.3003	0.2505	0.2523	0.2549	0.2639	0.2758	0.2899	0.2042	0.2018	0.2060	0.2156	0.2315	0.2612	0.1470	0.1414	0.1404	0.1445	0.1529	0.1685	0.2046
921	0.3001	0.3046	0.2994	0.2974	0.2810	0.2921	0.2951	0.2974	0.3004	0.2506	0.2525	0.2552	0.2642	0.2759	0.2900	0.2043	0.2019	0.2061	0.2158	0.2317	0.2612	0.1470	0.1414	0.1407	0.1446	0.1530	0.1685	0.2046
922	0.3002	0.3047	0.2992	0.2973	0.2811	0.2921	0.2950	0.2976	0.3004	0.2506	0.2527	0.2555	0.2643	0.2760	0.2901	0.2043	0.2020	0.2061	0.2160	0.2319	0.2613	0.1471	0.1415	0.1410	0.1447	0.1531	0.1686	0.2046
923	0.3003	0.3044	0.2996	0.2974	0.2810	0.2922	0.2947	0.2976	0.3002	0.2508	0.2525	0.2555	0.2641	0.2760	0.2899	0.2043	0.2020	0.2061	0.2161	0.2314	0.2616	0.1472	0.1415	0.1408	0.1448	0.1530	0.1683	0.2047
924	0.3004	0.3046	0.2998	0.2976	0.2810	0.2922	0.2949	0.2977	0.3004	0.2508	0.2527	0.2558	0.2642	0.2762	0.2901	0.2044	0.2021	0.2062	0.2162	0.2316	0.2618	0.1474	0.1416	0.1411	0.1449	0.1531	0.1683	0.2048
925	0.3005	0.3049	0.3000	0.2979	0.2812	0.2924	0.2952	0.2980	0.3007	0.2509	0.2529	0.2560	0.2645	0.2764	0.2903	0.2047	0.2023	0.2064	0.2163	0.2319	0.2620	0.1475	0.1418	0.1412	0.1450	0.1532	0.1685	0.2050
926	0.3008	0.3051	0.3003	0.2982	0.2816	0.2928	0.2955	0.2986	0.3012	0.2511	0.2530	0.2562	0.2646	0.2767	0.2906	0.2050	0.2023	0.2066	0.2164	0.2322	0.2623	0.1477	0.1421	0.1410	0.1454	0.1533	0.1688	0.2053
927	0.3006	0.3053	0.3003	0.2981	0.2819	0.2929	0.2956	0.2984	0.3013	0.2514	0.2533	0.2560	0.2648	0.2765	0.2908	0.2049	0.2026	0.2066	0.2167	0.2325	0.2623	0.1478	0.1420	0.1409	0.1448	0.1536	0.1690	0.2052
928	0.3007	0.3053	0.3001	0.2981	0.2820	0.2930	0.2956	0.2982	0.3013	0.2515	0.2533	0.2560	0.2648	0.2765	0.2908	0.2050	0.2027	0.2066	0.2168	0.2325	0.2622	0.1478	0.1419	0.1411	0.1447	0.1535	0.1689	0.2052
929	0.3011	0.3051	0.3000	0.2983	0.2817	0.2930	0.2954	0.2982	0.3014	0.2513	0.2532	0.2563	0.2648	0.2768	0.2908	0.2051	0.2028	0.2068	0.2168	0.2322	0.2620	0.1477	0.1419	0.1414	0.1451	0.1532	0.1687	0.2051
930	0.3012	0.3055	0.3003	0.2987	0.2820	0.2934	0.2957	0.2986	0.3015	0.2515	0.2536	0.2568	0.2650	0.2772	0.2911	0.2053	0.2029	0.2071	0.2169	0.2325	0.2622	0.1477	0.1421	0.1416	0.1452	0.1534	0.1691	0.2054
931	0.3015	0.3056	0.3004	0.2987	0.2822	0.2934	0.2957	0.2985	0.3015	0.2517	0.2536	0.2566	0.2651	0.2771	0.2911	0.2052	0.2027	0.2071	0.2169	0.2324	0.2624	0.1478	0.1421	0.1416	0.1453	0.1535	0.1691	0.2054
932	0.3017	0.3056	0.3005	0.2985	0.2823	0.2934	0.2957	0.2984	0.3015	0.2518	0.2535	0.2562	0.2652	0.2770	0.2910	0.2050	0.2025	0.2070	0.2169	0.2323	0.2625	0.1480	0.1420	0.1414	0.1453	0.1536	0.1689	0.2053
933	0.3017	0.3059	0.3009	0.2989	0.2827	0.2938	0.2959	0.2989	0.3015	0.2517	0.2538	0.2569	0.2655	0.2773	0.2913	0.2054	0.2027	0.2073	0.2169	0.2327	0.2627	0.1479	0.1420	0.1413	0.1450	0.1536	0.1689	0.2054
934	0.3015	0.3059	0.3009	0.2989	0.2825	0.2934	0.2963	0.2989	0.3015	0.2517	0.2538	0.2570	0.2652	0.2773	0.2914	0.2054	0.2028	0.2069	0.2170	0.2328	0.2624	0.1479	0.1417	0.1414	0.1450	0.1534	0.1691	0.2054
935	0.3016	0.3060	0.3008	0.2990	0.2824	0.2932	0.2965	0.2990	0.3017	0.2519	0.2538	0.2570	0.2651	0.2772	0.2913	0.2053	0.2028	0.2068	0.2171	0.2326	0.2622	0.1480	0.1417	0.1416	0.1451	0.1535	0.1693	0.2055
936	0.3020	0.3063	0.3010	0.2993	0.2826	0.2935	0.2964	0.2996	0.3023	0.2521	0.2541	0.2573	0.2656	0.2774	0.2913	0.2054	0.2031	0.2071	0.2171	0.2324	0.2625	0.1482	0.1425	0.1421	0.1452	0.1541	0.1695	0.2057
937	0.3021	0.3066	0.3015	0.2996	0.2828	0.2941	0.2969	0.2996	0.3024	0.2526	0.2543	0.2576	0.2660	0.2777	0.2919	0.2058	0.2034	0.2077	0.2173	0.2331	0.2629	0.1483	0.1427	0.1418	0.1458	0.1542	0.1695	0.2060
938	0.3022	0.3066	0.3018	0.2997	0.2829	0.2943	0.2971	0.2996	0.3024	0.2526	0.2544	0.2575	0.2661	0.2779	0.2922	0.2060	0.2034	0.2078	0.2174	0.2333	0.2629	0.1482	0.1428	0.1417	0.1460	0.1540	0.1695	0.2059
939	0.3024	0.3064	0.3018	0.2995	0.2829	0.2942	0.2968	0.2996	0.3022	0.2523	0.2544	0.2572	0.2660	0.2780	0.2919	0.2060	0.2031	0.2075	0.2175	0.2329	0.2626	0.1480	0.1427	0.1418	0.1456	0.1538	0.1694	0.2055
940	0.3026	0.3067	0.3020	0.2997	0.2835	0.2943	0.2968	0.2996	0.3027	0.2526	0.2543	0.2572	0.2661	0.2781	0.2919	0.2059	0.2031	0.2077	0.2178	0.2331	0.2629	0.1480	0.1427	0.1419	0.1457	0.1538	0.1697	0.2055
941	0.3028	0.3070	0.3020	0.3000	0.2835	0.2946	0.2970	0.2999	0.3028	0.2528	0.2544	0.2574	0.2663	0.2783	0.2919	0.2060	0.2033	0.2078	0.2181	0.2333	0.2633	0.1482	0.1427	0.1419	0.1457	0.1539	0.1698	0.2058
942	0.3027	0.3071	0.3020	0.3001	0.2833	0.2948	0.2972	0.3001	0.3027	0.2527	0.2546	0.2577	0.2664	0.2783	0.2920	0.2061	0.2037	0.2077	0.2182	0.2334	0.2636	0.1485	0.1426	0.1420	0.1457	0.1540	0.1697	0.2061
943	0.3022	0.3069	0.3020	0.2999	0.2836	0.2946	0.2971	0.2999	0.3027	0.2527	0.2548	0.2574	0.2658	0.2779	0.2922	0.2059	0.2039	0.2076	0.2176	0.2332	0.2633	0.1484	0.1425	0.1419	0.1457	0.1539	0.1692	0.2058
944	0.3024	0.3070	0.3022	0.3003	0.2836	0.2945	0.2974	0.3003	0.3032	0.2529	0.2553	0.2576	0.2660	0.2781	0.2925	0.2060	0.2039	0.2080	0.2176	0.2334	0.2633	0.1484	0.1427	0.1421	0.1458	0.1541	0.1693	0.2057
945	0.3028	0.3071	0.3024	0.3005	0.2837	0.2946	0.2978	0.3006	0.3035	0.2532	0.2556	0.2579	0.2664	0.2783	0.2926	0.2063	0.2039	0.2083	0.2178	0.2338	0.2635	0.1485	0.1429	0.1421	0.1459	0.1543	0.1696	0.2059
946	0.3031	0.3072	0.3025	0.3000	0.2837	0.2949	0.2977	0.3000	0.3034	0.2535	0.2550	0.2579	0.2667	0.2784	0.2923	0.2067	0.2039	0.2081	0.2179	0.2341	0.2638	0.1485	0.1427	0.1420	0.1461	0.1546	0.1696	0.2062
947	0.3033	0.3071	0.3024	0.3002	0.2842	0.2951	0.2977	0.2999	0.3033	0.2533	0.2549	0.2582	0.2665	0.2784	0.2929	0.2064	0.2040	0.2081	0.2183	0.2340	0.2634	0.1486	0.1431	0.1422	0.1461	0.1546	0.1697	0.2061
948	0.3034	0.3073	0.3023	0.3004	0.2843	0.2950	0.2976	0.3000	0.3035	0.2533	0.2551	0.2581	0.2664	0.2785	0.2930	0.2063	0.2040	0.2080	0.2183	0.2339	0.2632	0.1487	0.1432	0.1420	0.1460	0.1545	0.1698	0.2060
949	0.3034	0.3076	0.3022	0.3007	0.2842	0.2946	0.2976	0.3002	0.3039	0.2533	0.2552	0.2576	0.2665	0.2787	0.2927	0.2063	0.2041	0.2079	0.2180	0.2337	0.2632	0.1487	0.1427	0.1414	0.1457	0.1543	0.1698	0.2059
950	0.3034	0.3075	0.3022	0.3006	0.2842	0.2951	0.2978	0.3003	0.3033	0.2532	0.2551	0.2578	0.2667	0.2787	0.2926	0.2064	0.2042	0.2080	0.2183	0.2334	0.2635	0.1486	0.1425	0.1420	0.1461	0.1538	0.1698	0.2060
951	0.3035	0.3079	0.3026	0.3009	0.2844	0.2954	0.2979	0.3006	0.3033	0.2533	0.2553	0.2580	0.2668	0.2790	0.2928	0.2068	0.2044	0.2083	0.2185	0.2337	0.2637	0.1488	0.1426	0.1425	0.1464	0.1540	0.1701	0.2062
952	0.3037	0.3085	0.3032	0.3014	0.2846	0.2956	0.2981	0.3011	0.3035	0.2536	0.2555	0.2583	0.2670	0.2792	0.2932	0.2072	0.2046	0.2086	0.2186	0.2343	0.2639	0.1491	0.1429	0.1427	0.1465	0.1546	0.1704	0.2065
953	0.3041	0.3082	0.3033	0.3009	0.2847	0.2958	0.2982	0.3012	0.3036	0.2538	0.2555	0.2585	0.2674	0.2792	0.2934	0.2068	0.2047	0.2086	0.2185	0.2344	0.2642	0.1492	0.1431	0.1424	0.1465	0.1550	0.1699	0.2065
954	0.3039	0.3081	0.3036	0.3010	0.2847	0.2958	0.2982	0.3010	0.3040	0.2540	0.2559	0.2587	0.2673	0.2792	0.2932	0.2070	0.2046	0.2089	0.2185	0.2345	0.2641	0.1492	0.1435	0.1427	0.1463	0.1551	0.1701	0.2068
955	0.3038	0.3082	0.3037	0.3013	0.2846	0.2958	0.2982	0.3008	0.3041	0.2540	0.2562	0.2587	0.2672	0.2791	0.2930	0.2071	0.2045	0.2089	0.2185	0.2344	0.2639	0.1492	0.1436	0.1428	0.1461	0.1550	0.1702	0.2069
956	0.3038	0.3083	0.3033	0.3015	0.2843	0.2955	0.2981	0.3009	0.3038	0.2539	0.2561	0.2584	0.2673	0.2790	0.2928	0.2067	0.2044	0.2081	0.2182	0.2340	0.2640	0.1490	0.1431	0.1422	0.1463	0.1546	0.1697	0.2063
957	0.3038	0.3083	0.3031	0.3014	0.2847	0.2958	0.2982	0.3011	0.3040	0.2542	0.2562	0.2586	0.2674	0.2795	0.2930	0.2071	0.2046	0.2086	0.2185	0.2341	0.2638	0.1490	0.1434	0.1426	0.1467	0.1543	0.1701	0.2065
958	0.3037	0.3082	0.3030	0.3014	0.2851	0.2959	0.2982	0.3012	0.3042	0.2541	0.2559	0.2586	0.2674	0.2795	0.2932	0.2074	0.2046	0.2089	0.2185	0.2341	0.2639	0.1490	0.1434	0.1429	0.1465	0.1543	0.1702	0.2066
959	0.3034	0.3079	0.3029	0.3014	0.2852	0.2959	0.2981	0.3010	0.3042	0.2536	0.2553	0.2586	0.2673	0.2790	0.2935	0.2075	0.2045	0.2089	0.2184	0.2340	0.2642	0.1490	0.1429	0.1428	0.1459	0.1548	0.1700	0.2065
960	0.3039	0.3080	0.3032	0.3011	0.2847	0.2957	0.2982	0.3012	0.3042	0.2538	0.2556	0.2589	0.2674	0.2792	0.2933	0.2071	0.2045	0.2086	0.2184	0.2342	0.2640	0.1491	0.1430	0.1426	0.1466	0.1550	0.1704	0.2067
961	0.3044	0.3085	0.3035	0.3013	0.2848	0.2957	0.2984	0.3013	0.3040	0.2540	0.2560	0.2588	0.2676	0.2792	0.2932	0.2071	0.2045	0.2089	0.2185	0.2342	0.2639	0.1493	0.1434	0.1428	0.1467	0.1553	0.1704	0.2068
962	0.3046	0.3090	0.3038	0.3017	0.2853	0.2959	0.2988	0.3014	0.3038	0.2539	0.2562	0.2587	0.2678	0.2792	0.2932	0.2071	0.2046	0.2094	0.2186	0.2341	0.2640	0.1493	0.1438	0.1431	0.1465	0.1554	0.1701	0.2069
963	0.3042	0.3085	0.3035	0.3012	0.2851	0.2958	0.2988	0.3016	0.3039	0.2536	0.2558	0.2590	0.2676	0.2793	0.2934	0.2070	0.2050	0.2092	0.2186	0.2344	0.2641	0.1489	0.1435	0.1424	0.1464	0.1551	0.1698	0.2065
964	0.3041	0.3086	0.3032	0.3013	0.2848	0.2959	0.2985	0.3012	0.3041	0.2540	0.2560	0.2591	0.2676	0.2792	0.2935	0.2072	0.2049	0.2091	0.2189	0.2344	0.2638	0.1490	0.1436	0.1422	0.1466	0.1549	0.1699	0.2062
965	0.3042	0.3087	0.3031	0.3016	0.2848	0.2960	0.2984	0.3010	0.3041	0.2545	0.2562	0.2591	0.2676	0.2792	0.2934	0.2075	0.2048	0.2089	0.2192	0.2344	0.2636	0.1492	0.1437	0.1423	0.1467	0.1548	0.1702	0.2062
966	0.3042	0.3087	0.3034	0.3020	0.2851	0.2961	0.2990	0.3013	0.3040	0.2548	0.2560	0.2592	0.2677	0.2798	0.2933	0.2075	0.2049	0.2087	0.2188	0.2342	0.2643	0.1493	0.1434	0.1428	0.1470	0.1546	0.1707	0.2067
967	0.3045	0.3090	0.3037	0.3019	0.2854	0.2961	0.2989	0.3014	0.3044	0.2548	0.2564	0.2594	0.2682	0.2799	0.2939	0.2073	0.2051	0.2091	0.2188	0.2346	0.2644	0.1496	0.1435	0.1431	0.1468	0.1546	0.1703	0.2069
968	0.3048	0.3091	0.3039	0.3017	0.2856	0.2965	0.2989	0.3014	0.3047	0.2548	0.2567	0.2594	0.2684	0.2799	0.2942	0.2073	0.2051	0.2093	0.2188	0.2347	0.2644	0.1497	0.1436	0.1431	0.1466	0.1547	0.1701	0.2070
969	0.3050	0.3090	0.3039	0.3016	0.2858	0.2971	0.2991	0.3014	0.3048	0.2549	0.2568	0.2592	0.2679	0.2801	0.2942	0.2076	0.2049	0.2090	0.2189	0.2344	0.2645	0.1494	0.1437	0.1427	0.1463	0.1549	0.1702	0.2070
970	0.3051	0.3089	0.3042	0.3019	0.2854	0.2968	0.2994	0.3015	0.3047	0.2546	0.2571	0.2593	0.2678	0.2802	0.2943	0.2073	0.2051	0.2093	0.2189	0.2348	0.2647	0.1495	0.1439	0.1430	0.1466	0.1550	0.1700	0.2069
971	0.3051	0.3092	0.3045	0.3023	0.2857	0.2970	0.2996	0.3019	0.3047	0.2547	0.2572	0.2598	0.2680	0.2805	0.2945	0.2076	0.2054	0.2099	0.2189	0.2351	0.2650	0.1496	0.1441	0.1432	0.1469	0.1555	0.1702	0.2069
972	0.3051	0.3096	0.3049	0.3025	0.2863	0.2973	0.2997	0.3025	0.3049	0.2550	0.2570	0.2604	0.2683	0.2807	0.2946	0.2082	0.2056	0.2103	0.2190	0.2354	0.2653	0.1496	0.1443	0.1434	0.1472	0.1560	0.1707	0.2070
973	0.3052	0.3094	0.3046	0.3020	0.2861	0.2970	0.2998	0.3026	0.3053	0.2552	0.2567	0.2598	0.2684	0.2807	0.2937	0.2080	0.2057	0.2097	0.2195	0.2351	0.2648	0.1491	0.1441	0.1428	0.1468	0.1555	0.1707	0.2073
974	0.3053	0.3098	0.3049	0.3027	0.2861	0.2976	0.3002	0.3028	0.3055	0.2555	0.2572	0.2600	0.2689	0.2806	0.2944	0.2083	0.2057	0.2096	0.2198	0.2350	0.2655	0.1498	0.1438	0.1433	0.1472	0.1557	0.1710	0.2077
975	0.3054	0.3103	0.3050	0.3034	0.2862	0.2981	0.3005	0.3029	0.3058	0.2555	0.2577	0.2604	0.2691	0.2807	0.2952	0.2085	0.2058	0.2097	0.2199	0.2352	0.2660	0.1505	0.1438	0.1438	0.1476	0.1559	0.1711	0.2079
976	0.3070	0.3115	0.3073	0.3057	0.2885	0.2966	0.2995	0.3025	0.3066	0.2569	0.2567	0.2583	0.2675	0.2802	0.2957	0.2076	0.2036	0.2080	0.2184	0.2344	0.2662	0.1499	0.1434	0.1425	0.1455	0.1529	0.1700	0.2066
977	0.3071	0.3118	0.3073	0.3058	0.2888	0.2969	0.2995	0.3025	0.3067	0.2570	0.2568	0.2583	0.2673	0.2801	0.2958	0.2076	0.2033	0.2083	0.2181	0.2344	0.2663	0.1498	0.1433	0.1427	0.1455	0.1532	0.1701	0.2064
978	0.3070	0.3118	0.3067	0.3056	0.2882	0.2969	0.2998	0.3024	0.3072	0.2568	0.2569	0.2585	0.2670	0.2802	0.2956	0.2079	0.2036	0.2086	0.2177	0.2342	0.2661	0.1499	0.1432	0.1428	0.1460	0.1539	0.1698	0.2063
979	0.3071	0.3117	0.3064	0.3055	0.2878	0.2970	0.3000	0.3023	0.3077	0.2566	0.2570	0.2587	0.2668	0.2804	0.2957	0.2081	0.2039	0.2088	0.2176	0.2342	0.2659	0.1501	0.1431	0.1427	0.1464	0.1544	0.1696	0.2064
980	0.3074	0.3114	0.3068	0.3062	0.2882	0.2970	0.3000	0.3031	0.3079	0.2569	0.2574	0.2592	0.2673	0.2809	0.2961	0.2085	0.2046	0.2089	0.2181	0.2343	0.2667	0.1506	0.1435	0.1423	0.1465	0.1544	0.1697	0.2070
981	0.3077	0.3112	0.3073	0.3067	0.2886	0.2971	0.3000	0.3039	0.3080	0.2571	0.2578	0.2596	0.2677	0.2813	0.2966	0.2090	0.2053	0.2089	0.2186	0.2345	0.2676	0.1511	0.1439	0.1422	0.1465	0.1542	0.1699	0.2074
982	0.3081	0.3113	0.3077	0.3068	0.2886	0.2973	0.3001	0.3042	0.3084	0.2574	0.2577	0.2597	0.2681	0.2809	0.2966	0.2087	0.2054	0.2088	0.2193	0.2345	0.2675	0.1513	0.1443	0.1424	0.1463	0.1545	0.1703	0.2070
983	0.3085	0.3114	0.3080	0.3069	0.2885	0.2975	0.3003	0.3044	0.3089	0.2576	0.2576	0.2598	0.2685	0.2806	0.2967	0.2084	0.2054	0.2087	0.2198	0.2345	0.2675	0.1515	0.1446	0.1426	0.1460	0.1547	0.1708	0.2067
984	0.3085	0.3120	0.3075	0.3070	0.2885	0.2976	0.3010	0.3042	0.3089	0.2574	0.2577	0.2600	0.2686	0.2807	0.2972	0.2085	0.2049	0.2090	0.2200	0.2349	0.2675	0.1512	0.1444	0.1429	0.1459	0.1547	0.1705	0.2070
985	0.3086	0.3127	0.3070	0.3071	0.2884	0.2978	0.3016	0.3040	0.3089	0.2572	0.2579	0.2602	0.2687	0.2807	0.2978	0.2087	0.2044	0.2094	0.2200	0.2353	0.2675	0.1510	0.1442	0.1432	0.1458	0.1545	0.1701	0.2073
986	0.3085	0.3132	0.3073	0.3071	0.2887	0.2978	0.3016	0.3041	0.3090	0.2571	0.2583	0.2606	0.2686	0.2808	0.2978	0.2088	0.2047	0.2095	0.2197	0.2357	0.2680	0.1511	0.1444	0.1432	0.1464	0.1543	0.1703	0.2075
987	0.3084	0.3135	0.3075	0.3071	0.2890	0.2977	0.3014	0.3044	0.3089	0.2571	0.2587	0.2609	0.2685	0.2811	0.2978	0.2088	0.2050	0.2097	0.2193	0.2359	0.2685	0.1514	0.1448	0.1432	0.1470	0.1541	0.1708	0.2077
988	0.3081	0.3133	0.3078	0.3071	0.2892	0.2979	0.3013	0.3047	0.3089	0.2572	0.2586	0.2606	0.2685	0.2812	0.2979	0.2091	0.2052	0.2097	0.2195	0.2357	0.2684	0.1513	0.1448	0.1430	0.1470	0.1544	0.1712	0.2076
989	0.3080	0.3130	0.3083	0.3071	0.2893	0.2982	0.3014	0.3050	0.3091	0.2572	0.2585	0.2602	0.2687	0.2811	0.2982	0.2094	0.2055	0.2096	0.2197	0.2355	0.2681	0.1511	0.1448	0.1429	0.1468	0.1548	0.1714	0.2076
990	0.3084	0.3128	0.3086	0.3072	0.2895	0.2984	0.3018	0.3053	0.3096	0.2575	0.2585	0.2602	0.2689	0.2815	0.2985	0.2095	0.2056	0.2097	0.2198	0.2358	0.2682	0.1512	0.1448	0.1428	0.1466	0.1547	0.1715	0.2078
991	0.3089	0.3128	0.3087	0.3072	0.2896	0.2984	0.3022	0.3054	0.3104	0.2581	0.2586	0.2606	0.2689	0.2822	0.2989	0.2094	0.2056	0.2102	0.2199	0.2364	0.2688	0.1516	0.1449	0.1426	0.1465	0.1545	0.1717	0.2083
992	0.3090	0.3129	0.3085	0.3073	0.2897	0.2985	0.3023	0.3056	0.3108	0.2585	0.2587	0.2608	0.2692	0.2825	0.2994	0.2095	0.2057	0.2105	0.2199	0.2367	0.2691	0.1518	0.1450	0.1428	0.1465	0.1546	0.1719	0.2085
993	0.3090	0.3128	0.3083	0.3076	0.2898	0.2987	0.3024	0.3059	0.3104	0.2587	0.2585	0.2608	0.2699	0.2827	0.2996	0.2097	0.2061	0.2105	0.2198	0.2370	0.2690	0.1517	0.1452	0.1430	0.1470	0.1547	0.1716	0.2084
994	0.3090	0.3129	0.3086	0.3081	0.2898	0.2991	0.3027	0.3063	0.3101	0.2589	0.2584	0.2610	0.2704	0.2828	0.2997	0.2098	0.2062	0.2106	0.2200	0.2372	0.2692	0.1516	0.1452	0.1432	0.1473	0.1548	0.1714	0.2085
995	0.3091	0.3134	0.3094	0.3085	0.2900	0.2992	0.3027	0.3066	0.3105	0.2589	0.2588	0.2616	0.2701	0.2830	0.2998	0.2097	0.2060	0.2107	0.2206	0.2374	0.2693	0.1516	0.1453	0.1435	0.1473	0.1553	0.1717	0.2089
996	0.3091	0.3139	0.3098	0.3088	0.2903	0.2994	0.3027	0.3069	0.3108	0.2587	0.2591	0.2620	0.2699	0.2831	0.2998	0.2096	0.2061	0.2108	0.2209	0.2374	0.2693	0.1516	0.1454	0.1437	0.1473	0.1558	0.1719	0.2093
997	0.3090	0.3141	0.3097	0.3087	0.2907	0.2998	0.3025	0.3072	0.3106	0.2591	0.2595	0.2621	0.2701	0.2831	0.2997	0.2095	0.2061	0.2111	0.2205	0.2375	0.2695	0.1519	0.1453	0.1436	0.1473	0.1559	0.1720	0.2092
998	0.3088	0.3143	0.3097	0.3085	0.2910	0.3000	0.3024	0.3075	0.3106	0.2594	0.2600	0.2622	0.2703	0.2832	0.2995	0.2096	0.2062	0.2114	0.2203	0.2376	0.2697	0.1520	0.1451	0.1435	0.1473	0.1560	0.1720	0.2091
999	0.3090	0.3143	0.3097	0.3087	0.2910	0.3001	0.3026	0.3077	0.3110	0.2594	0.2603	0.2623	0.2703	0.2834	0.2996	0.2101	0.2064	0.2111	0.2207	0.2380	0.2698	0.1516	0.1454	0.1437	0.1473	0.1558	0.1725	0.2092
1000	0.3091	0.3143	0.3096	0.3090	0.2909	0.3002	0.3028	0.3078	0.3113	0.2594	0.2606	0.2622	0.2703	0.2837	0.2998	0.2106	0.2068	0.2109	0.2212	0.2383	0.2699	0.1513	0.1457	0.1439	0.1473	0.1556	0.1730	0.2093
1001	0.3093	0.3143	0.3098	0.3091	0.2907	0.3001	0.3028	0.3079	0.3115	0.2598	0.2607	0.2621	0.2703	0.2839	0.3001	0.2110	0.2072	0.2109	0.2215	0.2383	0.2699	0.1516	0.1458	0.1438	0.1473	0.1556	0.1730	0.2093
1002	0.3096	0.3143	0.3100	0.3093	0.2905	0.2996	0.3025	0.3080	0.3116	0.2602	0.2606	0.2621	0.2705	0.2842	0.3004	0.2113	0.2077	0.2110	0.2217	0.2384	0.2700	0.1519	0.1459	0.1436	0.1474	0.1557	0.1728	0.2093
1003	0.3096	0.3143	0.3100	0.3093	0.2907	0.2997	0.3025	0.3078	0.3118	0.2600	0.2603	0.2621	0.2709	0.2843	0.3008	0.2113	0.2078	0.2112	0.2216	0.2386	0.2706	0.1519	0.1462	0.1437	0.1475	0.1558	0.1725	0.2096
1004	0.3095	0.3142	0.3099	0.3093	0.2908	0.2999	0.3028	0.3074	0.3119	0.2597	0.2602	0.2620	0.2713	0.2843	0.3012	0.2111	0.2078	0.2114	0.2216	0.2386	0.2711	0.1519	0.1462	0.1438	0.1475	0.1559	0.1722	0.2099
1005	0.3094	0.3145	0.3105	0.3091	0.2909	0.3002	0.3031	0.3075	0.3121	0.2597	0.2604	0.2620	0.2714	0.2846	0.3014	0.2113	0.2081	0.2116	0.2216	0.2385	0.2712	0.1522	0.1463	0.1438	0.1477	0.1563	0.1725	0.2104
1006	0.3093	0.3150	0.3112	0.3090	0.2910	0.3007	0.3033	0.3083	0.3124	0.2598	0.2607	0.2624	0.2716	0.2847	0.3015	0.2114	0.2086	0.2117	0.2217	0.2387	0.2714	0.1527	0.1464	0.1441	0.1478	0.1567	0.1728	0.2107
1007	0.3094	0.3155	0.3115	0.3092	0.2914	0.3011	0.3032	0.3088	0.3125	0.2601	0.2607	0.2626	0.2719	0.2846	0.3015	0.2116	0.2091	0.2118	0.2216	0.2388	0.2714	0.1528	0.1464	0.1444	0.1480	0.1567	0.1729	0.2109
1008	0.3096	0.3158	0.3114	0.3095	0.2917	0.3015	0.3030	0.3087	0.3128	0.2604	0.2605	0.2626	0.2719	0.2847	0.3016	0.2119	0.2092	0.2117	0.2217	0.2390	0.2709	0.1526	0.1462	0.1443	0.1484	0.1566	0.1729	0.2111
1009	0.3098	0.3160	0.3116	0.3098	0.2917	0.3017	0.3030	0.3088	0.3131	0.2605	0.2605	0.2628	0.2717	0.2849	0.3017	0.2118	0.2090	0.2119	0.2218	0.2390	0.2710	0.1525	0.1459	0.1441	0.1484	0.1565	0.1731	0.2114
1010	0.3099	0.3161	0.3120	0.3098	0.2917	0.3017	0.3034	0.3088	0.3130	0.2606	0.2606	0.2628	0.2717	0.2849	0.3017	0.2115	0.2087	0.2123	0.2217	0.2388	0.2716	0.1526	0.1454	0.1440	0.1480	0.1565	0.1730	0.2115
1011	0.3100	0.3162	0.3122	0.3097	0.2920	0.3016	0.3038	0.3090	0.3130	0.2606	0.2607	0.2629	0.2718	0.2851	0.3017	0.2114	0.2085	0.2126	0.2218	0.2389	0.2721	0.1527	0.1451	0.1440	0.1480	0.1568	0.1729	0.2116
1012	0.3102	0.3161	0.3122	0.3098	0.2923	0.3018	0.3042	0.3096	0.3131	0.2606	0.2613	0.2632	0.2722	0.2852	0.3018	0.2117	0.2086	0.2128	0.2223	0.2392	0.2725	0.1527	0.1452	0.1441	0.1483	0.1572	0.1731	0.2118
1013	0.3103	0.3160	0.3123	0.3100	0.2926	0.3019	0.3045	0.3100	0.3132	0.2607	0.2617	0.2634	0.2725	0.2853	0.3020	0.2121	0.2088	0.2129	0.2228	0.2395	0.2728	0.1526	0.1454	0.1442	0.1485	0.1575	0.1734	0.2120
1014	0.3102	0.3163	0.3124	0.3104	0.2926	0.3021	0.3048	0.3102	0.3133	0.2610	0.2615	0.2636	0.2725	0.2857	0.3021	0.2123	0.2090	0.2130	0.2229	0.2395	0.2729	0.1529	0.1453	0.1444	0.1482	0.1577	0.1737	0.2119
1015	0.3101	0.3166	0.3125	0.3107	0.2925	0.3023	0.3050	0.3104	0.3135	0.2613	0.2614	0.2638	0.2724	0.2861	0.3021	0.2123	0.2093	0.2130	0.2229	0.2395	0.2729	0.1532	0.1453	0.1446	0.1478	0.1578	0.1739	0.2117
1016	0.3102	0.3166	0.3128	0.3109	0.2925	0.3024	0.3051	0.3105	0.3138	0.2614	0.2616	0.2642	0.2726	0.2864	0.3022	0.2120	0.2097	0.2133	0.2228	0.2397	0.2730	0.1531	0.1460	0.1449	0.1481	0.1577	0.1744	0.2115
1017	0.3105	0.3165	0.3131	0.3110	0.2927	0.3026	0.3054	0.3105	0.3142	0.2616	0.2620	0.2645	0.2729	0.2867	0.3023	0.2117	0.2101	0.2135	0.2228	0.2400	0.2730	0.1530	0.1469	0.1452	0.1488	0.1576	0.1750	0.2115
1018	0.3109	0.3166	0.3131	0.3114	0.2929	0.3029	0.3056	0.3105	0.3146	0.2617	0.2622	0.2647	0.2730	0.2869	0.3026	0.2120	0.2100	0.2136	0.2227	0.2402	0.2730	0.1532	0.1471	0.1454	0.1491	0.1578	0.1752	0.2119
1019	0.3111	0.3170	0.3130	0.3118	0.2929	0.3033	0.3055	0.3103	0.3151	0.2618	0.2625	0.2648	0.2729	0.2871	0.3031	0.2123	0.2098	0.2137	0.2228	0.2403	0.2731	0.1533	0.1470	0.1454	0.1491	0.1578	0.1750	0.2123
1020	0.3113	0.3174	0.3131	0.3120	0.2931	0.3037	0.3054	0.3105	0.3153	0.2620	0.2625	0.2647	0.2728	0.2873	0.3034	0.2121	0.2097	0.2136	0.2232	0.2403	0.2733	0.1533	0.1470	0.1454	0.1491	0.1576	0.1749	0.2123
1021	0.3117	0.3175	0.3132	0.3120	0.2933	0.3039	0.3054	0.3106	0.3152	0.2624	0.2626	0.2648	0.2730	0.2873	0.3034	0.2119	0.2097	0.2133	0.2234	0.2403	0.2735	0.1535	0.1469	0.1454	0.1491	0.1575	0.1749	0.2120
1022	0.3120	0.3175	0.3131	0.3121	0.2935	0.3040	0.3056	0.3108	0.3151	0.2626	0.2627	0.2647	0.2734	0.2872	0.3035	0.2122	0.2099	0.2133	0.2235	0.2404	0.2738	0.1535	0.1469	0.1453	0.1492	0.1576	0.1747	0.2120
1023	0.3123	0.3176	0.3131	0.3121	0.2937	0.3040	0.3058	0.3114	0.3152	0.2626	0.2630	0.2644	0.2736	0.2872	0.3038	0.2127	0.2101	0.2135	0.2237	0.2406	0.2739	0.1532	0.1470	0.1451	0.1493	0.1578	0.1746	0.2125
1024	0.3125	0.3180	0.3134	0.3122	0.2939	0.3041	0.3060	0.3119	0.3154	0.2627	0.2632	0.2646	0.2737	0.2875	0.3042	0.2130	0.2104	0.2137	0.2238	0.2408	0.2740	0.1531	0.1472	0.1450	0.1494	0.1581	0.1747	0.2131
1025	0.3125	0.3184	0.3137	0.3124	0.2940	0.3042	0.3062	0.3121	0.3156	0.2628	0.2632	0.2654	0.2738	0.2879	0.3041	0.2133	0.2103	0.2141	0.2238	0.2411	0.2738	0.1532	0.1474	0.1451	0.1496	0.1583	0.1749	0.2130
1026	0.3124	0.3187	0.3140	0.3126	0.2941	0.3043	0.3063	0.3121	0.3157	0.2627	0.2634	0.2659	0.2740	0.2882	0.3041	0.2134	0.2100	0.2143	0.2239	0.2413	0.2737	0.1534	0.1475	0.1454	0.1497	0.1583	0.1749	0.2130
1027	0.3125	0.3189	0.3142	0.3128	0.2944	0.3042	0.3063	0.3117	0.3161	0.2628	0.2635	0.2659	0.2743	0.2881	0.3044	0.2135	0.2101	0.2142	0.2240	0.2416	0.2739	0.1537	0.1474	0.1456	0.1496	0.1582	0.1749	0.2131
1028	0.3125	0.3190	0.3143	0.3132	0.2946	0.3041	0.3065	0.3115	0.3163	0.2630	0.2636	0.2661	0.2746	0.2880	0.3046	0.2137	0.2104	0.2142	0.2242	0.2419	0.2742	0.1540	0.1473	0.1456	0.1495	0.1583	0.1752	0.2130
1029	0.3128	0.3191	0.3145	0.3134	0.2948	0.3043	0.3067	0.3119	0.3166	0.2629	0.2639	0.2663	0.2750	0.2882	0.3049	0.2139	0.2108	0.2143	0.2246	0.2419	0.2744	0.1541	0.1472	0.1456	0.1494	0.1586	0.1757	0.2129
1030	0.3131	0.3192	0.3145	0.3136	0.2949	0.3046	0.3068	0.3122	0.3168	0.2628	0.2640	0.2662	0.2753	0.2884	0.3050	0.2139	0.2112	0.2144	0.2249	0.2419	0.2746	0.1542	0.1471	0.1457	0.1493	0.1588	0.1759	0.2130
1031	0.3135	0.3192	0.3146	0.3139	0.2950	0.3050	0.3071	0.3125	0.3169	0.2630	0.2640	0.2662	0.2754	0.2887	0.3049	0.2139	0.2114	0.2143	0.2251	0.2420	0.2749	0.1542	0.1473	0.1457	0.1495	0.1589	0.1758	0.2134
1032	0.3137	0.3192	0.3147	0.3143	0.2952	0.3053	0.3075	0.3127	0.3168	0.2635	0.2639	0.2663	0.2756	0.2889	0.3049	0.2140	0.2115	0.2144	0.2253	0.2421	0.2752	0.1543	0.1474	0.1457	0.1498	0.1591	0.1758	0.2137
1033	0.3139	0.3194	0.3153	0.3146	0.2954	0.3055	0.3077	0.3128	0.3170	0.2638	0.2638	0.2666	0.2757	0.2890	0.3052	0.2142	0.2116	0.2147	0.2255	0.2423	0.2753	0.1544	0.1475	0.1459	0.1500	0.1591	0.1760	0.2140
1034	0.3140	0.3197	0.3158	0.3147	0.2956	0.3054	0.3077	0.3128	0.3172	0.2642	0.2638	0.2667	0.2758	0.2892	0.3056	0.2143	0.2116	0.2149	0.2256	0.2426	0.2754	0.1544	0.1476	0.1463	0.1501	0.1589	0.1761	0.2142
1035	0.3141	0.3200	0.3161	0.3149	0.2958	0.3057	0.3079	0.3129	0.3175	0.2644	0.2641	0.2668	0.2759	0.2895	0.3059	0.2142	0.2112	0.2151	0.2257	0.2428	0.2756	0.1547	0.1479	0.1465	0.1501	0.1587	0.1761	0.2142
1036	0.3141	0.3203	0.3161	0.3151	0.2959	0.3060	0.3082	0.3132	0.3179	0.2644	0.2644	0.2668	0.2760	0.2898	0.3060	0.2142	0.2109	0.2151	0.2259	0.2429	0.2757	0.1552	0.1481	0.1467	0.1502	0.1588	0.1762	0.2141
1037	0.3144	0.3204	0.3161	0.3150	0.2958	0.3060	0.3085	0.3135	0.3182	0.2643	0.2646	0.2668	0.2760	0.2898	0.3061	0.2142	0.2112	0.2152	0.2259	0.2430	0.2760	0.1554	0.1482	0.1466	0.1503	0.1591	0.1764	0.2142
1038	0.3146	0.3206	0.3163	0.3148	0.2957	0.3061	0.3087	0.3138	0.3186	0.2643	0.2648	0.2670	0.2761	0.2897	0.3062	0.2142	0.2115	0.2154	0.2259	0.2432	0.2765	0.1553	0.1482	0.1464	0.1505	0.1594	0.1767	0.2146
1039	0.3149	0.3208	0.3165	0.3151	0.2960	0.3063	0.3088	0.3137	0.3189	0.2645	0.2652	0.2672	0.2763	0.2897	0.3063	0.2145	0.2116	0.2154	0.2260	0.2432	0.2766	0.1549	0.1480	0.1466	0.1507	0.1595	0.1768	0.2151
1040	0.3152	0.3210	0.3164	0.3159	0.2962	0.3064	0.3091	0.3136	0.3188	0.2648	0.2654	0.2673	0.2765	0.2896	0.3063	0.2147	0.2117	0.2154	0.2261	0.2432	0.2764	0.1548	0.1480	0.1468	0.1506	0.1595	0.1767	0.2152
1041	0.3155	0.3211	0.3164	0.3164	0.2962	0.3064	0.3093	0.3136	0.3185	0.2647	0.2652	0.2672	0.2766	0.2898	0.3065	0.2148	0.2117	0.2154	0.2261	0.2432	0.2764	0.1549	0.1481	0.1469	0.1505	0.1595	0.1766	0.2150
1042	0.3158	0.3212	0.3165	0.3165	0.2963	0.3065	0.3092	0.3138	0.3184	0.2645	0.2653	0.2673	0.2765	0.2901	0.3068	0.2149	0.2117	0.2153	0.2261	0.2432	0.2765	0.1550	0.1482	0.1469	0.1505	0.1593	0.1766	0.2150
1043	0.3160	0.3214	0.3167	0.3166	0.2966	0.3066	0.3092	0.3140	0.3186	0.2646	0.2655	0.2674	0.2766	0.2903	0.3071	0.2152	0.2116	0.2152	0.2263	0.2433	0.2765	0.1551	0.1484	0.1468	0.1505	0.1594	0.1767	0.2151
1044	0.3161	0.3217	0.3170	0.3166	0.2971	0.3069	0.3094	0.3141	0.3188	0.2647	0.2656	0.2677	0.2766	0.2906	0.3071	0.2154	0.2118	0.2153	0.2266	0.2435	0.2764	0.1554	0.1484	0.1469	0.1503	0.1598	0.1768	0.2154
1045	0.3161	0.3218	0.3175	0.3166	0.2976	0.3070	0.3098	0.3141	0.3190	0.2648	0.2657	0.2680	0.2766	0.2909	0.3071	0.2155	0.2120	0.2155	0.2266	0.2437	0.2763	0.1557	0.1486	0.1470	0.1504	0.1601	0.1769	0.2155
1046	0.3164	0.3219	0.3177	0.3168	0.2981	0.3070	0.3102	0.3142	0.3190	0.2650	0.2658	0.2682	0.2769	0.2911	0.3072	0.2156	0.2122	0.2159	0.2267	0.2439	0.2766	0.1558	0.1487	0.1471	0.1506	0.1602	0.1769	0.2155
1047	0.3167	0.3219	0.3179	0.3169	0.2984	0.3069	0.3103	0.3143	0.3191	0.2653	0.2659	0.2683	0.2772	0.2913	0.3073	0.2157	0.2123	0.2161	0.2269	0.2441	0.2769	0.1557	0.1486	0.1472	0.1507	0.1600	0.1769	0.2155
1048	0.3171	0.3219	0.3180	0.3169	0.2984	0.3070	0.3105	0.3144	0.3193	0.2654	0.2661	0.2683	0.2774	0.2914	0.3076	0.2158	0.2122	0.2163	0.2272	0.2441	0.2771	0.1555	0.1485	0.1472	0.1507	0.1598	0.1769	0.2155
1049	0.3174	0.3219	0.3182	0.3170	0.2984	0.3072	0.3105	0.3144	0.3194	0.2657	0.2662	0.2683	0.2775	0.2915	0.3079	0.2159	0.2120	0.2163	0.2274	0.2441	0.2772	0.1553	0.1485	0.1472	0.1507	0.1598	0.1770	0.2154
1050	0.3177	0.3220	0.3183	0.3172	0.2985	0.3074	0.3105	0.3147	0.3197	0.2661	0.2663	0.2684	0.2775	0.2915	0.3081	0.2158	0.2118	0.2162	0.2274	0.2442	0.2773	0.1555	0.1485	0.1474	0.1508	0.1600	0.1774	0.2154
1051	0.3179	0.3222	0.3183	0.3174	0.2985	0.3075	0.3105	0.3148	0.3200	0.2662	0.2664	0.2684	0.2775	0.2914	0.3082	0.2157	0.2117	0.2161	0.2274	0.2443	0.2774	0.1558	0.1485	0.1475	0.1512	0.1601	0.1776	0.2154
1052	0.3180	0.3225	0.3185	0.3177	0.2986	0.3074	0.3107	0.3149	0.3202	0.2661	0.2665	0.2684	0.2776	0.2914	0.3082	0.2156	0.2117	0.2162	0.2276	0.2443	0.2775	0.1560	0.1487	0.1477	0.1516	0.1603	0.1776	0.2153
1053	0.3181	0.3227	0.3186	0.3180	0.2987	0.3074	0.3110	0.3151	0.3204	0.2661	0.2664	0.2684	0.2777	0.2915	0.3082	0.2157	0.2118	0.2163	0.2277	0.2443	0.2777	0.1562	0.1489	0.1478	0.1516	0.1603	0.1775	0.2153
1054	0.3183	0.3227	0.3187	0.3182	0.2989	0.3076	0.3114	0.3153	0.3206	0.2662	0.2663	0.2688	0.2779	0.2916	0.3085	0.2157	0.2120	0.2166	0.2276	0.2445	0.2780	0.1563	0.1490	0.1481	0.1517	0.1604	0.1776	0.2155
1055	0.3185	0.3229	0.3189	0.3181	0.2991	0.3078	0.3117	0.3154	0.3208	0.2663	0.2665	0.2693	0.2783	0.2918	0.3089	0.2157	0.2122	0.2169	0.2276	0.2447	0.2783	0.1562	0.1492	0.1484	0.1520	0.1606	0.1779	0.2158
1056	0.3188	0.3231	0.3191	0.3182	0.2992	0.3079	0.3120	0.3155	0.3211	0.2664	0.2667	0.2697	0.2786	0.2919	0.3091	0.2158	0.2122	0.2170	0.2277	0.2448	0.2784	0.1561	0.1493	0.1485	0.1521	0.1607	0.1781	0.2157
1057	0.3189	0.3232	0.3192	0.3183	0.2991	0.3080	0.3120	0.3156	0.3211	0.2665	0.2667	0.2696	0.2786	0.2921	0.3093	0.2158	0.2124	0.2172	0.2280	0.2449	0.2784	0.1560	0.1492	0.1483	0.1521	0.1606	0.1782	0.2157
1058	0.3189	0.3235	0.3193	0.3184	0.2990	0.3081	0.3120	0.3157	0.3210	0.2666	0.2668	0.2695	0.2787	0.2923	0.3095	0.2159	0.2126	0.2172	0.2280	0.2451	0.2785	0.1560	0.1492	0.1482	0.1521	0.1606	0.1781	0.2157
1059	0.3189	0.3239	0.3192	0.3186	0.2991	0.3083	0.3120	0.3160	0.3212	0.2668	0.2670	0.2695	0.2788	0.2924	0.3096	0.2161	0.2129	0.2171	0.2281	0.2453	0.2787	0.1561	0.1493	0.1482	0.1521	0.1605	0.1779	0.2159
1060	0.3191	0.3240	0.3191	0.3190	0.2992	0.3086	0.3120	0.3163	0.3214	0.2670	0.2672	0.2697	0.2788	0.2925	0.3098	0.2164	0.2130	0.2172	0.2283	0.2455	0.2789	0.1564	0.1495	0.1482	0.1521	0.1604	0.1780	0.2163
1061	0.3193	0.3240	0.3192	0.3192	0.2993	0.3089	0.3122	0.3165	0.3215	0.2671	0.2674	0.2700	0.2789	0.2927	0.3099	0.2166	0.2131	0.2174	0.2284	0.2455	0.2792	0.1566	0.1497	0.1481	0.1521	0.1605	0.1780	0.2167
1062	0.3195	0.3241	0.3195	0.3192	0.2995	0.3090	0.3122	0.3164	0.3215	0.2671	0.2676	0.2703	0.2790	0.2928	0.3099	0.2168	0.2130	0.2175	0.2284	0.2456	0.2792	0.1567	0.1497	0.1481	0.1521	0.1609	0.1781	0.2168
1063	0.3197	0.3243	0.3198	0.3192	0.2998	0.3091	0.3123	0.3163	0.3216	0.2671	0.2678	0.2704	0.2791	0.2930	0.3098	0.2169	0.2129	0.2176	0.2282	0.2459	0.2792	0.1568	0.1496	0.1482	0.1522	0.1611	0.1780	0.2169
1064	0.3201	0.3245	0.3200	0.3193	0.3003	0.3093	0.3124	0.3164	0.3218	0.2672	0.2680	0.2704	0.2792	0.2933	0.3100	0.2170	0.2128	0.2178	0.2281	0.2462	0.2794	0.1570	0.1496	0.1483	0.1523	0.1613	0.1780	0.2171
1065	0.3203	0.3246	0.3202	0.3194	0.3009	0.3094	0.3126	0.3167	0.3220	0.2675	0.2683	0.2705	0.2793	0.2935	0.3103	0.2173	0.2128	0.2179	0.2282	0.2462	0.2797	0.1571	0.1497	0.1482	0.1524	0.1614	0.1780	0.2173
1066	0.3203	0.3246	0.3204	0.3196	0.3011	0.3094	0.3128	0.3170	0.3222	0.2677	0.2685	0.2706	0.2795	0.2937	0.3105	0.2175	0.2129	0.2180	0.2283	0.2462	0.2798	0.1572	0.1498	0.1482	0.1525	0.1613	0.1781	0.2173
1067	0.3203	0.3247	0.3204	0.3198	0.3009	0.3096	0.3129	0.3171	0.3225	0.2680	0.2686	0.2706	0.2796	0.2937	0.3107	0.2175	0.2132	0.2180	0.2284	0.2462	0.2799	0.1573	0.1499	0.1482	0.1524	0.1612	0.1782	0.2172
1068	0.3204	0.3248	0.3204	0.3200	0.3009	0.3098	0.3130	0.3171	0.3227	0.2684	0.2686	0.2707	0.2798	0.2937	0.3107	0.2176	0.2134	0.2180	0.2285	0.2463	0.2801	0.1572	0.1500	0.1483	0.1524	0.1610	0.1784	0.2173
1069	0.3205	0.3250	0.3204	0.3202	0.3010	0.3100	0.3133	0.3173	0.3227	0.2687	0.2686	0.2709	0.2801	0.2938	0.3108	0.2178	0.2135	0.2180	0.2287	0.2464	0.2802	0.1572	0.1499	0.1486	0.1525	0.1610	0.1786	0.2175
1070	0.3207	0.3252	0.3206	0.3205	0.3013	0.3102	0.3133	0.3175	0.3227	0.2687	0.2686	0.2709	0.2802	0.2939	0.3111	0.2177	0.2136	0.2184	0.2290	0.2467	0.2802	0.1573	0.1499	0.1487	0.1526	0.1611	0.1788	0.2176
1071	0.3208	0.3254	0.3209	0.3205	0.3014	0.3104	0.3133	0.3176	0.3228	0.2686	0.2686	0.2710	0.2803	0.2939	0.3113	0.2176	0.2136	0.2187	0.2292	0.2469	0.2804	0.1573	0.1501	0.1489	0.1529	0.1614	0.1788	0.2175
1072	0.3209	0.3256	0.3211	0.3207	0.3014	0.3106	0.3135	0.3177	0.3232	0.2686	0.2686	0.2711	0.2804	0.2940	0.3112	0.2176	0.2135	0.2187	0.2294	0.2470	0.2805	0.1574	0.1503	0.1491	0.1531	0.1616	0.1789	0.2175
1073	0.3209	0.3257	0.3212	0.3210	0.3014	0.3107	0.3138	0.3178	0.3233	0.2687	0.2687	0.2711	0.2806	0.2943	0.3112	0.2175	0.2135	0.2187	0.2296	0.2470	0.2807	0.1574	0.1503	0.1490	0.1533	0.1618	0.1791	0.2177
1074	0.3210	0.3258	0.3213	0.3211	0.3014	0.3106	0.3140	0.3179	0.3233	0.2688	0.2688	0.2711	0.2807	0.2946	0.3115	0.2176	0.2136	0.2188	0.2296	0.2470	0.2808	0.1575	0.1503	0.1489	0.1534	0.1619	0.1792	0.2180
1075	0.3212	0.3259	0.3214	0.3213	0.3017	0.3107	0.3142	0.3181	0.3234	0.2687	0.2688	0.2713	0.2809	0.2949	0.3119	0.2177	0.2137	0.2189	0.2295	0.2472	0.2810	0.1575	0.1504	0.1490	0.1535	0.1619	0.1794	0.2182
1076	0.3213	0.3259	0.3215	0.3215	0.3020	0.3107	0.3144	0.3183	0.3235	0.2688	0.2688	0.2714	0.2811	0.2951	0.3122	0.2179	0.2139	0.2192	0.2296	0.2475	0.2811	0.1575	0.1504	0.1492	0.1535	0.1619	0.1795	0.2182
1077	0.3213	0.3259	0.3216	0.3214	0.3020	0.3107	0.3145	0.3184	0.3236	0.2688	0.2689	0.2715	0.2811	0.2951	0.3122	0.2181	0.2140	0.2194	0.2296	0.2476	0.2812	0.1577	0.1504	0.1492	0.1535	0.1621	0.1795	0.2182
1078	0.3213	0.3260	0.3218	0.3215	0.3019	0.3108	0.3145	0.3187	0.3236	0.2689	0.2690	0.2718	0.2812	0.2950	0.3123	0.2183	0.2140	0.2194	0.2297	0.2476	0.2814	0.1578	0.1504	0.1492	0.1535	0.1624	0.1795	0.2183
1079	0.3214	0.3262	0.3218	0.3216	0.3018	0.3110	0.3145	0.3188	0.3237	0.2690	0.2693	0.2719	0.2812	0.2950	0.3125	0.2184	0.2140	0.2192	0.2298	0.2477	0.2817	0.1579	0.1505	0.1493	0.1535	0.1626	0.1795	0.2184
1080	0.3215	0.3263	0.3219	0.3217	0.3021	0.3113	0.3145	0.3187	0.3238	0.2692	0.2695	0.2719	0.2814	0.2950	0.3127	0.2184	0.2141	0.2191	0.2299	0.2477	0.2818	0.1579	0.1506	0.1495	0.1535	0.1627	0.1797	0.2185
1081	0.3218	0.3265	0.3220	0.3218	0.3024	0.3115	0.3146	0.3186	0.3241	0.2695	0.2698	0.2720	0.2815	0.2951	0.3128	0.2184	0.2142	0.2192	0.2300	0.2477	0.2818	0.1577	0.1507	0.1496	0.1536	0.1628	0.1799	0.2186
1082	0.3220	0.3266	0.3221	0.3220	0.3025	0.3117	0.3147	0.3187	0.3243	0.2697	0.2701	0.2721	0.2816	0.2954	0.3129	0.2185	0.2143	0.2194	0.2301	0.2477	0.2819	0.1576	0.1508	0.1498	0.1536	0.1628	0.1801	0.2188
1083	0.3221	0.3265	0.3223	0.3222	0.3024	0.3117	0.3147	0.3189	0.3245	0.2697	0.2702	0.2721	0.2817	0.2956	0.3131	0.2186	0.2144	0.2196	0.2303	0.2479	0.2822	0.1578	0.1509	0.1497	0.1536	0.1627	0.1802	0.2191
1084	0.3222	0.3265	0.3224	0.3222	0.3025	0.3117	0.3149	0.3193	0.3246	0.2697	0.2702	0.2721	0.2820	0.2956	0.3131	0.2188	0.2145	0.2198	0.2304	0.2481	0.2824	0.1579	0.1511	0.1496	0.1535	0.1627	0.1803	0.2193
1085	0.3223	0.3266	0.3225	0.3223	0.3026	0.3116	0.3151	0.3195	0.3247	0.2697	0.2702	0.2722	0.2821	0.2956	0.3132	0.2189	0.2147	0.2198	0.2306	0.2482	0.2826	0.1580	0.1511	0.1496	0.1536	0.1628	0.1805	0.2195
1086	0.3222	0.3265	0.3227	0.3223	0.3026	0.3116	0.3152	0.3196	0.3250	0.2698	0.2702	0.2723	0.2821	0.2957	0.3133	0.2190	0.2148	0.2199	0.2307	0.2483	0.2828	0.1580	0.1511	0.1498	0.1537	0.1627	0.1806	0.2197
1087	0.3222	0.3264	0.3229	0.3223	0.3026	0.3118	0.3152	0.3197	0.3252	0.2698	0.2702	0.2725	0.2823	0.2959	0.3135	0.2189	0.2149	0.2201	0.2307	0.2486	0.2829	0.1581	0.1512	0.1499	0.1537	0.1629	0.1806	0.2199
1088	0.3224	0.3265	0.3231	0.3224	0.3027	0.3120	0.3153	0.3200	0.3254	0.2700	0.2702	0.2726	0.2823	0.2961	0.3137	0.2190	0.2150	0.2203	0.2307	0.2488	0.2831	0.1582	0.1511	0.1498	0.1538	0.1631	0.1805	0.2201
1089	0.3225	0.3268	0.3231	0.3225	0.3029	0.3119	0.3154	0.3201	0.3255	0.2701	0.2703	0.2727	0.2824	0.2962	0.3138	0.2191	0.2151	0.2204	0.2307	0.2490	0.2831	0.1581	0.1510	0.1498	0.1539	0.1631	0.1804	0.2203
1090	0.3224	0.3270	0.3231	0.3226	0.3031	0.3119	0.3154	0.3201	0.3254	0.2702	0.2704	0.2727	0.2825	0.2962	0.3138	0.2190	0.2150	0.2203	0.2307	0.2491	0.2832	0.1581	0.1511	0.1498	0.1539	0.1632	0.1805	0.2203
1091	0.3225	0.3271	0.3231	0.3226	0.3032	0.3118	0.3155	0.3202	0.3254	0.2703	0.2705	0.2728	0.2825	0.2963	0.3140	0.2190	0.2151	0.2202	0.2307	0.2492	0.2833	0.1583	0.1511	0.1498	0.1539	0.1633	0.1805	0.2202
1092	0.3225	0.3272	0.3230	0.3228	0.3032	0.3119	0.3157	0.3203	0.3254	0.2705	0.2706	0.2730	0.2826	0.2964	0.3141	0.2192	0.2152	0.2202	0.2308	0.2492	0.2834	0.1584	0.1511	0.1497	0.1541	0.1634	0.1805	0.2202
1093	0.3226	0.3273	0.3230	0.3230	0.3032	0.3120	0.3159	0.3205	0.3254	0.2707	0.2708	0.2731	0.2827	0.2964	0.3143	0.2193	0.2153	0.2203	0.2311	0.2493	0.2834	0.1584	0.1512	0.1497	0.1542	0.1634	0.1807	0.2204
1094	0.3227	0.3274	0.3231	0.3232	0.3033	0.3123	0.3160	0.3207	0.3254	0.2708	0.2709	0.2733	0.2829	0.2965	0.3144	0.2195	0.2155	0.2203	0.2314	0.2495	0.2834	0.1585	0.1515	0.1497	0.1543	0.1634	0.1809	0.2205
1095	0.3228	0.3275	0.3232	0.3234	0.3033	0.3126	0.3160	0.3209	0.3256	0.2708	0.2707	0.2735	0.2830	0.2968	0.3146	0.2195	0.2155	0.2204	0.2315	0.2496	0.2836	0.1585	0.1517	0.1499	0.1544	0.1634	0.1812	0.2207
1096	0.3227	0.3278	0.3233	0.3234	0.3032	0.3129	0.3160	0.3211	0.3258	0.2707	0.2707	0.2735	0.2831	0.2970	0.3148	0.2195	0.2156	0.2205	0.2314	0.2498	0.2839	0.1584	0.1517	0.1500	0.1544	0.1634	0.1813	0.2208
1097	0.3227	0.3279	0.3236	0.3233	0.3031	0.3130	0.3161	0.3212	0.3259	0.2708	0.2708	0.2735	0.2832	0.2972	0.3148	0.2196	0.2157	0.2207	0.2315	0.2499	0.2842	0.1584	0.1516	0.1502	0.1544	0.1635	0.1814	0.2209
1098	0.3229	0.3279	0.3238	0.3233	0.3032	0.3130	0.3163	0.3214	0.3259	0.2711	0.2709	0.2736	0.2833	0.2973	0.3150	0.2198	0.2157	0.2209	0.2315	0.2500	0.2844	0.1585	0.1516	0.1503	0.1545	0.1636	0.1814	0.2211
1099	0.3230	0.3279	0.3239	0.3233	0.3033	0.3130	0.3165	0.3215	0.3259	0.2713	0.2710	0.2737	0.2833	0.2974	0.3152	0.2200	0.2158	0.2209	0.2316	0.2499	0.2845	0.1584	0.1516	0.1504	0.1546	0.1638	0.1815	0.2212
1100	0.3231	0.3279	0.3240	0.3234	0.3034	0.3130	0.3166	0.3215	0.3260	0.2713	0.2711	0.2737	0.2835	0.2975	0.3154	0.2201	0.2159	0.2209	0.2315	0.2500	0.2845	0.1584	0.1516	0.1504	0.1547	0.1638	0.1818	0.2212
1101	0.3231	0.3279	0.3242	0.3235	0.3036	0.3131	0.3166	0.3215	0.3263	0.2713	0.2712	0.2737	0.2837	0.2975	0.3154	0.2200	0.2159	0.2210	0.2316	0.2501	0.2846	0.1585	0.1516	0.1504	0.1547	0.1638	0.1820	0.2211
1102	0.3231	0.3279	0.3242	0.3234	0.3037	0.3132	0.3167	0.3214	0.3265	0.2712	0.2712	0.2738	0.2838	0.2975	0.3154	0.2199	0.2160	0.2210	0.2317	0.2503	0.2847	0.1586	0.1517	0.1503	0.1547	0.1639	0.1820	0.2212
1103	0.3230	0.3279	0.3241	0.3234	0.3038	0.3133	0.3168	0.3213	0.3266	0.2712	0.2713	0.2738	0.2839	0.2976	0.3154	0.2198	0.2162	0.2209	0.2318	0.2504	0.2848	0.1585	0.1517	0.1502	0.1546	0.1641	0.1820	0.2215
1104	0.3230	0.3278	0.3242	0.3234	0.3038	0.3134	0.3168	0.3215	0.3267	0.2713	0.2714	0.2739	0.2838	0.2979	0.3156	0.2198	0.2164	0.2210	0.2318	0.2504	0.2849	0.1584	0.1517	0.1502	0.1547	0.1642	0.1822	0.2217
1105	0.3233	0.3279	0.3243	0.3236	0.3038	0.3135	0.3170	0.3218	0.3269	0.2714	0.2716	0.2741	0.2837	0.2981	0.3159	0.2198	0.2167	0.2212	0.2319	0.2505	0.2851	0.1585	0.1516	0.1503	0.1548	0.1643	0.1822	0.2220
1106	0.3235	0.3281	0.3246	0.3238	0.3039	0.3137	0.3173	0.3220	0.3271	0.2715	0.2716	0.2742	0.2838	0.2982	0.3162	0.2199	0.2170	0.2214	0.2321	0.2505	0.2854	0.1586	0.1514	0.1503	0.1548	0.1643	0.1822	0.2222
1107	0.3237	0.3283	0.3248	0.3240	0.3041	0.3139	0.3173	0.3220	0.3274	0.2717	0.2717	0.2743	0.2841	0.2983	0.3163	0.2201	0.2171	0.2215	0.2323	0.2505	0.2856	0.1587	0.1514	0.1504	0.1548	0.1643	0.1823	0.2223
1108	0.3237	0.3284	0.3249	0.3240	0.3042	0.3139	0.3174	0.3222	0.3276	0.2717	0.2719	0.2743	0.2842	0.2983	0.3163	0.2203	0.2172	0.2215	0.2325	0.2507	0.2857	0.1588	0.1515	0.1504	0.1548	0.1643	0.1823	0.2225
1109	0.3237	0.3283	0.3250	0.3240	0.3043	0.3140	0.3176	0.3225	0.3276	0.2718	0.2719	0.2743	0.2842	0.2984	0.3164	0.2203	0.2172	0.2215	0.2326	0.2509	0.2857	0.1588	0.1517	0.1502	0.1548	0.1645	0.1824	0.2228
1110	0.3238	0.3284	0.3250	0.3241	0.3045	0.3140	0.3176	0.3227	0.3277	0.2719	0.2719	0.2744	0.2843	0.2985	0.3166	0.2204	0.2173	0.2215	0.2325	0.2510	0.2859	0.1589	0.1517	0.1502	0.1547	0.1645	0.1824	0.2229
1111	0.3236	0.3287	0.3249	0.3243	0.3045	0.3141	0.3175	0.3229	0.3279	0.2720	0.2721	0.2747	0.2844	0.2987	0.3167	0.2204	0.2173	0.2216	0.2325	0.2511	0.2861	0.1590	0.1517	0.1503	0.1548	0.1644	0.1825	0.2229
1112	0.3234	0.3289	0.3249	0.3245	0.3045	0.3141	0.3173	0.3229	0.3280	0.2720	0.2722	0.2749	0.2844	0.2988	0.3167	0.2204	0.2174	0.2218	0.2326	0.2511	0.2862	0.1591	0.1517	0.1503	0.1549	0.1643	0.1826	0.2229
1113	0.3234	0.3290	0.3251	0.3246	0.3045	0.3141	0.3173	0.3229	0.3280	0.2721	0.2723	0.2749	0.2844	0.2989	0.3167	0.2204	0.2174	0.2218	0.2325	0.2510	0.2861	0.1592	0.1518	0.1503	0.1548	0.1643	0.1827	0.2230
1114	0.3235	0.3291	0.3252	0.3246	0.3045	0.3140	0.3173	0.3230	0.3281	0.2723	0.2723	0.2748	0.2845	0.2990	0.3169	0.2206	0.2174	0.2219	0.2326	0.2511	0.2862	0.1593	0.1519	0.1503	0.1547	0.1644	0.1828	0.2230
1115	0.3235	0.3292	0.3252	0.3247	0.3046	0.3142	0.3174	0.3232	0.3281	0.2724	0.2725	0.2748	0.2848	0.2992	0.3170	0.2208	0.2177	0.2221	0.2327	0.2513	0.2864	0.1594	0.1519	0.1503	0.1547	0.1645	0.1828	0.2231
1116	0.3235	0.3292	0.3253	0.3247	0.3048	0.3145	0.3175	0.3233	0.3282	0.2724	0.2726	0.2749	0.2850	0.2993	0.3171	0.2208	0.2179	0.2221	0.2328	0.2515	0.2866	0.1594	0.1518	0.1503	0.1548	0.1646	0.1828	0.2232
1117	0.3235	0.3293	0.3255	0.3248	0.3049	0.3147	0.3176	0.3236	0.3283	0.2724	0.2726	0.2751	0.2850	0.2993	0.3173	0.2207	0.2180	0.2221	0.2330	0.2515	0.2868	0.1593	0.1518	0.1504	0.1550	0.1646	0.1828	0.2233
1118	0.3236	0.3295	0.3256	0.3249	0.3050	0.3147	0.3177	0.3239	0.3283	0.2723	0.2725	0.2752	0.2849	0.2994	0.3175	0.2207	0.2180	0.2220	0.2331	0.2517	0.2870	0.1592	0.1519	0.1505	0.1551	0.1646	0.1829	0.2233
1119	0.3238	0.3297	0.3257	0.3248	0.3051	0.3147	0.3177	0.3239	0.3284	0.2723	0.2725	0.2752	0.2849	0.2995	0.3176	0.2208	0.2178	0.2220	0.2332	0.2519	0.2871	0.1592	0.1519	0.1508	0.1553	0.1646	0.1830	0.2234
1120	0.3240	0.3298	0.3257	0.3247	0.3051	0.3147	0.3177	0.3238	0.3284	0.2722	0.2725	0.2750	0.2848	0.2995	0.3176	0.2209	0.2177	0.2222	0.2333	0.2520	0.2871	0.1590	0.1519	0.1510	0.1556	0.1647	0.1831	0.2235
1121	0.3240	0.3297	0.3256	0.3247	0.3052	0.3147	0.3176	0.3237	0.3285	0.2722	0.2725	0.2749	0.2849	0.2995	0.3176	0.2210	0.2177	0.2222	0.2334	0.2522	0.2871	0.1589	0.1520	0.1511	0.1555	0.1647	0.1831	0.2235
1122	0.3239	0.3297	0.3256	0.3247	0.3052	0.3148	0.3175	0.3238	0.3287	0.2722	0.2725	0.2749	0.2850	0.2995	0.3177	0.2212	0.2177	0.2222	0.2333	0.2523	0.2872	0.1589	0.1521	0.1510	0.1553	0.1648	0.1831	0.2236
1123	0.3238	0.3297	0.3257	0.3249	0.3052	0.3148	0.3176	0.3238	0.3288	0.2722	0.2726	0.2751	0.2852	0.2996	0.3177	0.2213	0.2178	0.2222	0.2334	0.2523	0.2872	0.1590	0.1521	0.1511	0.1553	0.1649	0.1832	0.2239
1124	0.3239	0.3298	0.3257	0.3251	0.3052	0.3147	0.3179	0.3238	0.3289	0.2723	0.2727	0.2752	0.2852	0.2997	0.3177	0.2212	0.2179	0.2223	0.2334	0.2522	0.2871	0.1592	0.1521	0.1511	0.1554	0.1648	0.1833	0.2241
1125	0.3240	0.3298	0.3259	0.3252	0.3053	0.3148	0.3181	0.3239	0.3290	0.2724	0.2727	0.2754	0.2851	0.2998	0.3177	0.2212	0.2180	0.2223	0.2335	0.2523	0.2871	0.1592	0.1522	0.1511	0.1554	0.1648	0.1833	0.2241
1126	0.3239	0.3298	0.3260	0.3253	0.3054	0.3149	0.3180	0.3241	0.3289	0.2725	0.2726	0.2753	0.2851	0.2998	0.3177	0.2211	0.2180	0.2222	0.2334	0.2521	0.2872	0.1591	0.1522	0.1511	0.1555	0.1647	0.1833	0.2239
1127	0.3237	0.3298	0.3262	0.3253	0.3054	0.3150	0.3181	0.3241	0.3288	0.2726	0.2727	0.2752	0.2851	0.2996	0.3178	0.2210	0.2179	0.2221	0.2335	0.2519	0.2872	0.1590	0.1522	0.1509	0.1555	0.1647	0.1834	0.2238
1128	0.3237	0.3298	0.3262	0.3253	0.3052	0.3151	0.3182	0.3242	0.3287	0.2728	0.2728	0.2753	0.2851	0.2997	0.3179	0.2210	0.2181	0.2221	0.2335	0.2520	0.2872	0.1590	0.1522	0.1509	0.1554	0.1647	0.1834	0.2240
1129	0.3237	0.3298	0.3262	0.3254	0.3052	0.3151	0.3182	0.3244	0.3287	0.2728	0.2728	0.2755	0.2851	0.2998	0.3180	0.2211	0.2183	0.2221	0.2335	0.2522	0.2873	0.1590	0.1523	0.1510	0.1552	0.1648	0.1833	0.2241
1130	0.3237	0.3297	0.3262	0.3254	0.3050	0.3150	0.3183	0.3244	0.3286	0.2727	0.2728	0.2755	0.2852	0.2998	0.3181	0.2211	0.2182	0.2222	0.2334	0.2522	0.2873	0.1590	0.1525	0.1510	0.1550	0.1648	0.1833	0.2237
1131	0.3238	0.3297	0.3261	0.3254	0.3049	0.3149	0.3183	0.3243	0.3287	0.2725	0.2728	0.2755	0.2852	0.2997	0.3180	0.2210	0.2182	0.2222	0.2332	0.2521	0.2874	0.1591	0.1525	0.1510	0.1549	0.1648	0.1834	0.2234
1132	0.3237	0.3296	0.3260	0.3253	0.3049	0.3149	0.3183	0.3242	0.3287	0.2724	0.2727	0.2755	0.2852	0.2997	0.3178	0.2209	0.2181	0.2220	0.2330	0.2519	0.2874	0.1592	0.1524	0.1509	0.1549	0.1647	0.1833	0.2236
1133	0.3236	0.3295	0.3259	0.3252	0.3049	0.3150	0.3182	0.3240	0.3286	0.2724	0.2726	0.2755	0.2851	0.2996	0.3177	0.2209	0.2181	0.2218	0.2330	0.2517	0.2874	0.1593	0.1524	0.1508	0.1548	0.1646	0.1833	0.2237
1134	0.3235	0.3293	0.3259	0.3250	0.3049	0.3149	0.3180	0.3239	0.3285	0.2723	0.2726	0.2753	0.2849	0.2996	0.3175	0.2208	0.2181	0.2218	0.2330	0.2516	0.2872	0.1591	0.1523	0.1508	0.1547	0.1646	0.1832	0.2236
1135	0.3233	0.3292	0.3258	0.3248	0.3050	0.3147	0.3177	0.3239	0.3283	0.2723	0.2726	0.2752	0.2846	0.2995	0.3173	0.2207	0.2181	0.2218	0.2330	0.2515	0.2871	0.1590	0.1522	0.1508	0.1546	0.1646	0.1832	0.2236
1136	0.3232	0.3291	0.3256	0.3248	0.3051	0.3146	0.3176	0.3238	0.3281	0.2722	0.2726	0.2751	0.2844	0.2995	0.3172	0.2206	0.2181	0.2217	0.2329	0.2516	0.2869	0.1591	0.1522	0.1506	0.1546	0.1645	0.1832	0.2236
1137	0.3232	0.3289	0.3253	0.3248	0.3050	0.3145	0.3175	0.3237	0.3280	0.2722	0.2727	0.2750	0.2843	0.2994	0.3172	0.2205	0.2180	0.2216	0.2328	0.2516	0.2868	0.1591	0.1522	0.1505	0.1547	0.1643	0.1832	0.2235
1138	0.3233	0.3288	0.3252	0.3247	0.3049	0.3143	0.3172	0.3235	0.3280	0.2720	0.2725	0.2748	0.2843	0.2992	0.3172	0.2205	0.2178	0.2214	0.2327	0.2515	0.2868	0.1591	0.1520	0.1505	0.1546	0.1640	0.1831	0.2234
1139	0.3232	0.3288	0.3250	0.3245	0.3048	0.3142	0.3169	0.3232	0.3279	0.2717	0.2723	0.2746	0.2843	0.2991	0.3171	0.2204	0.2174	0.2212	0.2326	0.2513	0.2867	0.1590	0.1518	0.1505	0.1546	0.1637	0.1830	0.2233
1140	0.3231	0.3287	0.3249	0.3242	0.3046	0.3140	0.3168	0.3230	0.3278	0.2716	0.2721	0.2744	0.2842	0.2989	0.3169	0.2203	0.2173	0.2211	0.2325	0.2512	0.2866	0.1589	0.1517	0.1504	0.1545	0.1636	0.1828	0.2233
1141	0.3229	0.3285	0.3248	0.3240	0.3043	0.3139	0.3166	0.3230	0.3277	0.2716	0.2718	0.2743	0.2840	0.2988	0.3167	0.2202	0.2173	0.2211	0.2324	0.2511	0.2865	0.1588	0.1516	0.1502	0.1544	0.1636	0.1826	0.2234
1142	0.3226	0.3283	0.3246	0.3238	0.3039	0.3137	0.3165	0.3228	0.3277	0.2715	0.2716	0.2741	0.2838	0.2989	0.3166	0.2200	0.2172	0.2209	0.2323	0.2511	0.2864	0.1587	0.1515	0.1501	0.1542	0.1635	0.1825	0.2235
1143	0.3223	0.3283	0.3245	0.3237	0.3036	0.3135	0.3164	0.3225	0.3277	0.2714	0.2714	0.2739	0.2836	0.2989	0.3165	0.2198	0.2172	0.2207	0.2323	0.2509	0.2863	0.1587	0.1515	0.1501	0.1541	0.1633	0.1824	0.2234
1144	0.3221	0.3281	0.3242	0.3236	0.3035	0.3134	0.3162	0.3223	0.3275	0.2712	0.2713	0.2738	0.2833	0.2988	0.3164	0.2197	0.2170	0.2205	0.2323	0.2506	0.2862	0.1586	0.1515	0.1500	0.1540	0.1633	0.1822	0.2232
1145	0.3222	0.3278	0.3238	0.3234	0.3034	0.3133	0.3161	0.3222	0.3272	0.2711	0.2712	0.2737	0.2831	0.2986	0.3161	0.2196	0.2169	0.2204	0.2322	0.2504	0.2861	0.1585	0.1513	0.1498	0.1540	0.1632	0.1820	0.2231
1146	0.3223	0.3275	0.3236	0.3232	0.3033	0.3133	0.3160	0.3220	0.3270	0.2710	0.2711	0.2736	0.2830	0.2984	0.3159	0.2196	0.2168	0.2204	0.2321	0.2503	0.2860	0.1585	0.1512	0.1496	0.1539	0.1631	0.1819	0.2230
1147	0.3223	0.3272	0.3236	0.3231	0.3030	0.3132	0.3159	0.3218	0.3269	0.2709	0.2709	0.2734	0.2827	0.2983	0.3156	0.2196	0.2165	0.2203	0.2318	0.2502	0.2858	0.1583	0.1511	0.1496	0.1537	0.1631	0.1818	0.2228
1148	0.3222	0.3270	0.3235	0.3229	0.3029	0.3131	0.3157	0.3215	0.3268	0.2707	0.2707	0.2731	0.2825	0.2981	0.3153	0.2195	0.2163	0.2202	0.2317	0.2501	0.2856	0.1582	0.1509	0.1496	0.1535	0.1630	0.1817	0.2225
1149	0.3220	0.3268	0.3234	0.3228	0.3029	0.3129	0.3156	0.3214	0.3266	0.2706	0.2705	0.2730	0.2824	0.2978	0.3152	0.2194	0.2162	0.2201	0.2316	0.2499	0.2855	0.1582	0.1508	0.1495	0.1535	0.1629	0.1817	0.2225
1150	0.3218	0.3267	0.3233	0.3227	0.3029	0.3127	0.3155	0.3213	0.3265	0.2704	0.2704	0.2729	0.2824	0.2976	0.3150	0.2192	0.2162	0.2200	0.2314	0.2497	0.2853	0.1581	0.1507	0.1494	0.1534	0.1629	0.1818	0.2224
1151	0.3218	0.3267	0.3232	0.3227	0.3028	0.3125	0.3154	0.3213	0.3263	0.2703	0.2704	0.2728	0.2824	0.2974	0.3150	0.2192	0.2161	0.2198	0.2313	0.2496	0.2852	0.1581	0.1506	0.1493	0.1532	0.1629	0.1818	0.2225
1152	0.3218	0.3267	0.3232	0.3226	0.3027	0.3123	0.3152	0.3213	0.3263	0.2703	0.2704	0.2727	0.2824	0.2973	0.3150	0.2193	0.2160	0.2196	0.2313	0.2496	0.2852	0.1581	0.1505	0.1492	0.1530	0.1630	0.1818	0.2225
1153	0.3217	0.3267	0.3232	0.3225	0.3027	0.3122	0.3152	0.3212	0.3262	0.2703	0.2704	0.2726	0.2824	0.2972	0.3150	0.2194	0.2160	0.2195	0.2312	0.2497	0.2851	0.1580	0.1505	0.1492	0.1530	0.1631	0.1816	0.2224
1154	0.3217	0.3268	0.3232	0.3224	0.3026	0.3121	0.3153	0.3211	0.3260	0.2703	0.2703	0.2724	0.2823	0.2972	0.3149	0.2193	0.2160	0.2194	0.2312	0.2497	0.2850	0.1579	0.1506	0.1492	0.1531	0.1631	0.1815	0.2223
1155	0.3217	0.3266	0.3231	0.3222	0.3025	0.3120	0.3153	0.3212	0.3258	0.2702	0.2703	0.2724	0.2823	0.2973	0.3148	0.2193	0.2158	0.2193	0.2311	0.2495	0.2850	0.1579	0.1506	0.1493	0.1531	0.1630	0.1814	0.2221
1156	0.3218	0.3264	0.3228	0.3221	0.3024	0.3118	0.3153	0.3212	0.3256	0.2700	0.2704	0.2723	0.2823	0.2973	0.3148	0.2192	0.2156	0.2193	0.2310	0.2493	0.2851	0.1579	0.1506	0.1495	0.1530	0.1629	0.1814	0.2220
1157	0.3218	0.3262	0.3227	0.3221	0.3025	0.3117	0.3152	0.3211	0.3255	0.2700	0.2703	0.2724	0.2823	0.2973	0.3147	0.2192	0.2155	0.2193	0.2309	0.2493	0.2850	0.1580	0.1505	0.1496	0.1529	0.1628	0.1814	0.2219
1158	0.3218	0.3260	0.3227	0.3221	0.3025	0.3116	0.3151	0.3210	0.3254	0.2700	0.2702	0.2725	0.2824	0.2973	0.3146	0.2192	0.2155	0.2193	0.2310	0.2492	0.2850	0.1580	0.1505	0.1497	0.1529	0.1627	0.1814	0.2219
1159	0.3216	0.3260	0.3227	0.3222	0.3025	0.3116	0.3151	0.3209	0.3254	0.2700	0.2702	0.2726	0.2824	0.2974	0.3147	0.2191	0.2156	0.2193	0.2309	0.2492	0.2850	0.1581	0.1505	0.1496	0.1529	0.1627	0.1814	0.2219
1160	0.3215	0.3260	0.3228	0.3222	0.3026	0.3117	0.3150	0.3208	0.3253	0.2700	0.2701	0.2726	0.2823	0.2974	0.3147	0.2191	0.2156	0.2194	0.2307	0.2492	0.2850	0.1581	0.1505	0.1495	0.1529	0.1627	0.1814	0.2218
1161	0.3215	0.3261	0.3228	0.3222	0.3026	0.3117	0.3149	0.3208	0.3253	0.2700	0.2700	0.2725	0.2822	0.2973	0.3147	0.2191	0.2156	0.2195	0.2307	0.2493	0.2849	0.1581	0.1506	0.1495	0.1529	0.1627	0.1815	0.2217
1162	0.3215	0.3263	0.3228	0.3221	0.3026	0.3116	0.3149	0.3209	0.3254	0.2700	0.2700	0.2725	0.2820	0.2970	0.3146	0.2192	0.2155	0.2196	0.2307	0.2494	0.2848	0.1580	0.1505	0.1496	0.1531	0.1627	0.1815	0.2217
1163	0.3216	0.3265	0.3228	0.3222	0.3026	0.3116	0.3149	0.3208	0.3255	0.2700	0.2701	0.2723	0.2819	0.2970	0.3146	0.2192	0.2155	0.2196	0.2307	0.2495	0.2847	0.1580	0.1506	0.1496	0.1532	0.1627	0.1815	0.2217
1164	0.3217	0.3265	0.3229	0.3223	0.3025	0.3117	0.3149	0.3207	0.3255	0.2700	0.2703	0.2721	0.2818	0.2972	0.3147	0.2192	0.2156	0.2197	0.2307	0.2496	0.2846	0.1581	0.1508	0.1494	0.1531	0.1628	0.1814	0.2217
1165	0.3218	0.3264	0.3229	0.3222	0.3025	0.3118	0.3149	0.3206	0.3256	0.2700	0.2703	0.2721	0.2818	0.2973	0.3147	0.2193	0.2157	0.2198	0.2306	0.2495	0.2845	0.1581	0.1509	0.1493	0.1530	0.1628	0.1814	0.2216
1166	0.3218	0.3264	0.3229	0.3222	0.3026	0.3118	0.3151	0.3205	0.3257	0.2702	0.2703	0.2723	0.2817	0.2972	0.3147	0.2192	0.2158	0.2197	0.2306	0.2495	0.2844	0.1580	0.1509	0.1492	0.1530	0.1627	0.1816	0.2218
1167	0.3220	0.3264	0.3230	0.3222	0.3027	0.3118	0.3153	0.3204	0.3259	0.2703	0.2704	0.2725	0.2818	0.2971	0.3147	0.2192	0.2158	0.2197	0.2306	0.2495	0.2844	0.1579	0.1510	0.1492	0.1530	0.1626	0.1816	0.2218
1168	0.3221	0.3264	0.3230	0.3223	0.3027	0.3118	0.3154	0.3204	0.3260	0.2703	0.2706	0.2726	0.2820	0.2973	0.3149	0.2191	0.2156	0.2199	0.2307	0.2496	0.2844	0.1580	0.1511	0.1493	0.1530	0.1624	0.1816	0.2217
1169	0.3221	0.3264	0.3230	0.3223	0.3027	0.3118	0.3155	0.3205	0.3261	0.2703	0.2707	0.2727	0.2820	0.2974	0.3150	0.2190	0.2155	0.2200	0.2307	0.2495	0.2844	0.1580	0.1512	0.1493	0.1530	0.1623	0.1815	0.2216
1170	0.3223	0.3264	0.3229	0.3224	0.3028	0.3119	0.3153	0.3207	0.3261	0.2702	0.2706	0.2727	0.2822	0.2973	0.3148	0.2191	0.2155	0.2199	0.2308	0.2496	0.2846	0.1581	0.1511	0.1494	0.1531	0.1625	0.1814	0.2217
1171	0.3225	0.3264	0.3229	0.3226	0.3030	0.3119	0.3151	0.3208	0.3261	0.2701	0.2706	0.2726	0.2823	0.2971	0.3146	0.2192	0.2155	0.2199	0.2308	0.2497	0.2847	0.1582	0.1510	0.1495	0.1532	0.1627	0.1813	0.2218
1172	0.3226	0.3266	0.3230	0.3228	0.3031	0.3121	0.3152	0.3208	0.3260	0.2703	0.2706	0.2727	0.2824	0.2972	0.3146	0.2192	0.2155	0.2198	0.2308	0.2497	0.2848	0.1584	0.1509	0.1495	0.1532	0.1627	0.1812	0.2218
1173	0.3226	0.3267	0.3231	0.3230	0.3032	0.3122	0.3154	0.3208	0.3260	0.2706	0.2707	0.2728	0.2824	0.2972	0.3146	0.2192	0.2155	0.2198	0.2308	0.2497	0.2848	0.1586	0.1509	0.1496	0.1533	0.1627	0.1812	0.2218
1174	0.3226	0.3268	0.3232	0.3230	0.3032	0.3122	0.3155	0.3208	0.3261	0.2706	0.2708	0.2728	0.2825	0.2972	0.3148	0.2193	0.2156	0.2197	0.2309	0.2497	0.2848	0.1585	0.1509	0.1495	0.1534	0.1627	0.1813	0.2218
1175	0.3226	0.3269	0.3233	0.3231	0.3033	0.3122	0.3155	0.3209	0.3262	0.2706	0.2709	0.2727	0.2826	0.2972	0.3150	0.2195	0.2157	0.2197	0.2310	0.2497	0.2849	0.1583	0.1509	0.1495	0.1535	0.1626	0.1814	0.2218
1176	0.3226	0.3270	0.3234	0.3231	0.3035	0.3123	0.3155	0.3209	0.3262	0.2707	0.2709	0.2728	0.2825	0.2972	0.3150	0.2193	0.2156	0.2196	0.2309	0.2498	0.2849	0.1583	0.1509	0.1494	0.1535	0.1627	0.1814	0.2218
1177	0.3225	0.3272	0.3235	0.3232	0.3037	0.3123	0.3155	0.3208	0.3262	0.2709	0.2709	0.2728	0.2823	0.2972	0.3149	0.2192	0.2156	0.2195	0.2309	0.2498	0.2850	0.1582	0.1509	0.1494	0.1535	0.1629	0.1813	0.2218
1178	0.3227	0.3272	0.3235	0.3231	0.3037	0.3124	0.3155	0.3209	0.3262	0.2710	0.2710	0.2729	0.2824	0.2973	0.3150	0.2192	0.2156	0.2197	0.2310	0.2499	0.2851	0.1583	0.1510	0.1495	0.1535	0.1629	0.1813	0.2218
1179	0.3229	0.3272	0.3235	0.3231	0.3037	0.3125	0.3156	0.3209	0.3262	0.2710	0.2711	0.2731	0.2825	0.2974	0.3150	0.2193	0.2156	0.2198	0.2310	0.2500	0.2851	0.1586	0.1511	0.1497	0.1536	0.1629	0.1813	0.2217
1180	0.3230	0.3272	0.3235	0.3232	0.3037	0.3125	0.3158	0.3209	0.3262	0.2711	0.2711	0.2731	0.2826	0.2975	0.3152	0.2194	0.2157	0.2200	0.2312	0.2501	0.2851	0.1587	0.1511	0.1498	0.1537	0.1628	0.1813	0.2217
1181	0.3232	0.3272	0.3234	0.3233	0.3038	0.3126	0.3159	0.3210	0.3263	0.2712	0.2710	0.2731	0.2827	0.2975	0.3154	0.2196	0.2159	0.2202	0.2314	0.2502	0.2852	0.1588	0.1510	0.1498	0.1538	0.1628	0.1813	0.2218
1182	0.3233	0.3273	0.3235	0.3233	0.3038	0.3127	0.3160	0.3210	0.3263	0.2713	0.2710	0.2731	0.2828	0.2975	0.3154	0.2197	0.2159	0.2203	0.2314	0.2501	0.2852	0.1587	0.1512	0.1498	0.1538	0.1629	0.1813	0.2218
1183	0.3235	0.3274	0.3235	0.3232	0.3039	0.3128	0.3160	0.3209	0.3263	0.2714	0.2711	0.2730	0.2828	0.2975	0.3153	0.2197	0.2159	0.2202	0.2313	0.2500	0.2851	0.1585	0.1513	0.1497	0.1538	0.1629	0.1813	0.2218
1184	0.3236	0.3275	0.3236	0.3232	0.3040	0.3129	0.3160	0.3210	0.3264	0.2714	0.2711	0.2731	0.2828	0.2975	0.3154	0.2198	0.2159	0.2202	0.2313	0.2499	0.2851	0.1584	0.1514	0.1497	0.1539	0.1629	0.1813	0.2218
1185	0.3236	0.3275	0.3237	0.3233	0.3039	0.3129	0.3161	0.3211	0.3265	0.2714	0.2711	0.2732	0.2828	0.2974	0.3155	0.2198	0.2160	0.2202	0.2312	0.2499	0.2853	0.1584	0.1514	0.1496	0.1539	0.1629	0.1813	0.2218
1186	0.3237	0.3275	0.3238	0.3234	0.3038	0.3129	0.3161	0.3212	0.3266	0.2714	0.2711	0.2733	0.2828	0.2974	0.3155	0.2199	0.2160	0.2202	0.2311	0.2499	0.2854	0.1584	0.1514	0.1496	0.1539	0.1629	0.1813	0.2218
1187	0.3238	0.3275	0.3237	0.3234	0.3039	0.3130	0.3161	0.3213	0.3267	0.2714	0.2711	0.2732	0.2829	0.2975	0.3155	0.2198	0.2160	0.2202	0.2311	0.2500	0.2855	0.1584	0.1514	0.1496	0.1538	0.1629	0.1812	0.2217
1188	0.3238	0.3276	0.3237	0.3234	0.3041	0.3131	0.3162	0.3213	0.3269	0.2713	0.2711	0.2732	0.2831	0.2977	0.3155	0.2198	0.2160	0.2202	0.2312	0.2500	0.2856	0.1584	0.1514	0.1497	0.1537	0.1629	0.1813	0.2216
1189	0.3239	0.3277	0.3237	0.3236	0.3043	0.3131	0.3161	0.3212	0.3268	0.2714	0.2711	0.2734	0.2831	0.2977	0.3154	0.2199	0.2158	0.2203	0.2312	0.2501	0.2853	0.1584	0.1515	0.1498	0.1538	0.1629	0.1814	0.2218
1190	0.3239	0.3278	0.3237	0.3237	0.3045	0.3131	0.3161	0.3212	0.3268	0.2714	0.2711	0.2735	0.2830	0.2977	0.3154	0.2200	0.2157	0.2204	0.2313	0.2501	0.2852	0.1583	0.1517	0.1499	0.1539	0.1629	0.1814	0.2219
1191	0.3241	0.3278	0.3238	0.3238	0.3045	0.3131	0.3161	0.3212	0.3267	0.2713	0.2711	0.2735	0.2830	0.2976	0.3155	0.2200	0.2157	0.2205	0.2313	0.2500	0.2851	0.1584	0.1517	0.1498	0.1538	0.1630	0.1814	0.2218
1192	0.3243	0.3278	0.3239	0.3238	0.3044	0.3130	0.3161	0.3213	0.3267	0.2713	0.2711	0.2735	0.2830	0.2974	0.3155	0.2199	0.2157	0.2206	0.2312	0.2499	0.2850	0.1584	0.1517	0.1497	0.1537	0.1631	0.1814	0.2216
1193	0.3242	0.3279	0.3240	0.3240	0.3045	0.3132	0.3162	0.3214	0.3268	0.2713	0.2713	0.2735	0.2830	0.2976	0.3155	0.2198	0.2158	0.2206	0.2313	0.2500	0.2850	0.1585	0.1516	0.1497	0.1537	0.1631	0.1814	0.2215
1194	0.3242	0.3280	0.3241	0.3242	0.3046	0.3133	0.3163	0.3215	0.3270	0.2713	0.2716	0.2735	0.2831	0.2978	0.3155	0.2197	0.2158	0.2207	0.2313	0.2501	0.2851	0.1586	0.1515	0.1498	0.1538	0.1631	0.1814	0.2213
1195	0.3242	0.3282	0.3242	0.3242	0.3047	0.3133	0.3163	0.3214	0.3269	0.2714	0.2717	0.2735	0.2833	0.2977	0.3156	0.2198	0.2159	0.2208	0.2314	0.2501	0.2852	0.1586	0.1515	0.1498	0.1538	0.1631	0.1814	0.2214
1196	0.3242	0.3283	0.3243	0.3242	0.3047	0.3132	0.3164	0.3213	0.3267	0.2715	0.2719	0.2735	0.2835	0.2976	0.3157	0.2199	0.2159	0.2208	0.2315	0.2501	0.2852	0.1586	0.1515	0.1499	0.1537	0.1632	0.1814	0.2216
1197	0.3243	0.3283	0.3244	0.3242	0.3050	0.3133	0.3165	0.3214	0.3268	0.2716	0.2720	0.2736	0.2834	0.2976	0.3157	0.2200	0.2160	0.2209	0.2316	0.2502	0.2853	0.1587	0.1516	0.1500	0.1539	0.1631	0.1813	0.2215
1198	0.3245	0.3283	0.3246	0.3242	0.3053	0.3134	0.3167	0.3214	0.3269	0.2718	0.2720	0.2736	0.2832	0.2977	0.3156	0.2201	0.2162	0.2210	0.2318	0.2502	0.2853	0.1587	0.1517	0.1501	0.1541	0.1631	0.1812	0.2214
1199	0.3245	0.3284	0.3246	0.3243	0.3053	0.3135	0.3168	0.3215	0.3270	0.2719	0.2719	0.2738	0.2833	0.2978	0.3156	0.2201	0.2162	0.2210	0.2318	0.2502	0.2854	0.1587	0.1518	0.1501	0.1541	0.1631	0.1813	0.2215
1200	0.3246	0.3285	0.3245	0.3245	0.3052	0.3136	0.3169	0.3216	0.3271	0.2720	0.2718	0.2740	0.2834	0.2978	0.3155	0.2202	0.2162	0.2209	0.2318	0.2502	0.2854	0.1588	0.1519	0.1500	0.1541	0.1631	0.1814	0.2215
1201	0.3248	0.3286	0.3245	0.3245	0.3053	0.3137	0.3170	0.3216	0.3273	0.2722	0.2718	0.2741	0.2835	0.2979	0.3156	0.2203	0.2162	0.2209	0.2317	0.2502	0.2854	0.1588	0.1520	0.1500	0.1541	0.1632	0.1815	0.2216
1202	0.3250	0.3287	0.3246	0.3246	0.3054	0.3137	0.3171	0.3216	0.3275	0.2723	0.2718	0.2741	0.2836	0.2980	0.3159	0.2203	0.2162	0.2210	0.2317	0.2502	0.2853	0.1588	0.1520	0.1500	0.1540	0.1633	0.1814	0.2216
1203	0.3251	0.3289	0.3248	0.3247	0.3054	0.3138	0.3171	0.3217	0.3276	0.2723	0.2720	0.2742	0.2837	0.2980	0.3161	0.2204	0.2163	0.2210	0.2317	0.2503	0.2854	0.1588	0.1520	0.1500	0.1541	0.1633	0.1815	0.2216
1204	0.3252	0.3290	0.3249	0.3247	0.3055	0.3140	0.3172	0.3217	0.3276	0.2724	0.2722	0.2744	0.2839	0.2981	0.3162	0.2206	0.2162	0.2211	0.2317	0.2504	0.2854	0.1590	0.1519	0.1501	0.1541	0.1633	0.1816	0.2215
1205	0.3253	0.3291	0.3251	0.3248	0.3055	0.3140	0.3172	0.3219	0.3276	0.2725	0.2723	0.2744	0.2839	0.2981	0.3162	0.2207	0.2163	0.2211	0.2316	0.2505	0.2855	0.1591	0.1518	0.1501	0.1542	0.1632	0.1816	0.2215
1206	0.3254	0.3290	0.3251	0.3248	0.3056	0.3140	0.3174	0.3221	0.3276	0.2726	0.2723	0.2744	0.2839	0.2981	0.3161	0.2208	0.2163	0.2211	0.2317	0.2505	0.2855	0.1590	0.1518	0.1501	0.1542	0.1631	0.1815	0.2216
1207	0.3254	0.3290	0.3251	0.3249	0.3057	0.3140	0.3174	0.3223	0.3277	0.2727	0.2723	0.2744	0.2839	0.2981	0.3161	0.2208	0.2164	0.2211	0.2317	0.2505	0.2856	0.1590	0.1518	0.1501	0.1542	0.1631	0.1814	0.2218
1208	0.3254	0.3291	0.3250	0.3250	0.3056	0.3141	0.3174	0.3221	0.3277	0.2728	0.2723	0.2744	0.2840	0.2982	0.3162	0.2207	0.2163	0.2210	0.2318	0.2506	0.2858	0.1591	0.1517	0.1501	0.1542	0.1631	0.1815	0.2218
1209	0.3254	0.3292	0.3250	0.3251	0.3056	0.3142	0.3175	0.3221	0.3277	0.2728	0.2723	0.2745	0.2841	0.2984	0.3162	0.2208	0.2163	0.2210	0.2318	0.2507	0.2859	0.1591	0.1517	0.1501	0.1541	0.1632	0.1816	0.2218
1210	0.3257	0.3293	0.3252	0.3252	0.3058	0.3144	0.3175	0.3222	0.3276	0.2728	0.2724	0.2746	0.2842	0.2984	0.3163	0.2208	0.2163	0.2212	0.2319	0.2507	0.2858	0.1591	0.1519	0.1501	0.1542	0.1634	0.1816	0.2216
1211	0.3259	0.3294	0.3253	0.3253	0.3060	0.3145	0.3175	0.3223	0.3276	0.2728	0.2724	0.2747	0.2843	0.2985	0.3164	0.2208	0.2163	0.2213	0.2321	0.2506	0.2857	0.1591	0.1521	0.1501	0.1542	0.1636	0.1817	0.2214
1212	0.3259	0.3295	0.3253	0.3254	0.3061	0.3146	0.3178	0.3224	0.3279	0.2729	0.2725	0.2747	0.2844	0.2984	0.3165	0.2209	0.2165	0.2214	0.2322	0.2508	0.2858	0.1591	0.1521	0.1502	0.1543	0.1637	0.1818	0.2216
1213	0.3259	0.3295	0.3253	0.3254	0.3062	0.3146	0.3180	0.3225	0.3281	0.2729	0.2726	0.2748	0.2845	0.2984	0.3167	0.2210	0.2167	0.2215	0.2323	0.2510	0.2858	0.1592	0.1521	0.1504	0.1544	0.1638	0.1820	0.2217
1214	0.3260	0.3296	0.3255	0.3256	0.3065	0.3148	0.3182	0.3226	0.3281	0.2729	0.2726	0.2749	0.2845	0.2986	0.3168	0.2212	0.2167	0.2217	0.2323	0.2510	0.2858	0.1592	0.1522	0.1506	0.1544	0.1638	0.1820	0.2218
1215	0.3261	0.3297	0.3257	0.3257	0.3068	0.3149	0.3184	0.3226	0.3282	0.2729	0.2727	0.2751	0.2846	0.2987	0.3169	0.2214	0.2167	0.2219	0.2324	0.2509	0.2858	0.1592	0.1522	0.1507	0.1545	0.1638	0.1820	0.2218
1216	0.3262	0.3298	0.3257	0.3259	0.3068	0.3149	0.3184	0.3226	0.3283	0.2730	0.2728	0.2753	0.2847	0.2988	0.3170	0.2215	0.2168	0.2219	0.2324	0.2508	0.2859	0.1593	0.1522	0.1507	0.1546	0.1638	0.1820	0.2218
1217	0.3263	0.3298	0.3256	0.3261	0.3068	0.3149	0.3185	0.3226	0.3285	0.2731	0.2729	0.2754	0.2848	0.2988	0.3171	0.2214	0.2169	0.2220	0.2324	0.2508	0.2859	0.1593	0.1521	0.1507	0.1548	0.1637	0.1820	0.2218
1218	0.3264	0.3298	0.3257	0.3262	0.3068	0.3150	0.3186	0.3227	0.3286	0.2733	0.2731	0.2754	0.2848	0.2989	0.3171	0.2214	0.2170	0.2220	0.2326	0.2509	0.2859	0.1594	0.1521	0.1507	0.1548	0.1637	0.1821	0.2219
1219	0.3265	0.3300	0.3258	0.3263	0.3068	0.3151	0.3187	0.3229	0.3287	0.2735	0.2732	0.2753	0.2848	0.2989	0.3172	0.2213	0.2171	0.2221	0.2327	0.2510	0.2859	0.1594	0.1522	0.1507	0.1547	0.1638	0.1821	0.2220
1220	0.3266	0.3300	0.3259	0.3264	0.3069	0.3152	0.3187	0.3231	0.3288	0.2736	0.2732	0.2753	0.2848	0.2990	0.3172	0.2214	0.2172	0.2221	0.2327	0.2511	0.2859	0.1594	0.1522	0.1508	0.1547	0.1639	0.1821	0.2221
1221	0.3267	0.3302	0.3261	0.3264	0.3070	0.3153	0.3187	0.3232	0.3288	0.2736	0.2733	0.2753	0.2849	0.2991	0.3172	0.2215	0.2172	0.2222	0.2327	0.2512	0.2861	0.1595	0.1523	0.1509	0.1546	0.1639	0.1820	0.2221
1222	0.3269	0.3303	0.3262	0.3265	0.3071	0.3154	0.3188	0.3233	0.3289	0.2736	0.2734	0.2754	0.2850	0.2992	0.3172	0.2216	0.2173	0.2223	0.2328	0.2514	0.2862	0.1595	0.1525	0.1510	0.1547	0.1639	0.1820	0.2221
1223	0.3270	0.3304	0.3264	0.3265	0.3071	0.3155	0.3188	0.3235	0.3292	0.2737	0.2734	0.2755	0.2851	0.2993	0.3173	0.2216	0.2174	0.2224	0.2328	0.2514	0.2864	0.1596	0.1526	0.1510	0.1549	0.1640	0.1820	0.2221
1224	0.3271	0.3306	0.3265	0.3265	0.3071	0.3156	0.3189	0.3237	0.3293	0.2738	0.2735	0.2757	0.2852	0.2995	0.3174	0.2217	0.2175	0.2224	0.2329	0.2515	0.2864	0.1595	0.1527	0.1511	0.1551	0.1640	0.1820	0.2222
1225	0.3271	0.3308	0.3266	0.3267	0.3073	0.3158	0.3189	0.3238	0.3293	0.2738	0.2735	0.2758	0.2853	0.2996	0.3174	0.2217	0.2175	0.2224	0.2329	0.2515	0.2864	0.1595	0.1528	0.1511	0.1551	0.1639	0.1820	0.2222
1226	0.3271	0.3309	0.3267	0.3268	0.3074	0.3159	0.3190	0.3239	0.3294	0.2740	0.2737	0.2759	0.2854	0.2997	0.3175	0.2218	0.2176	0.2224	0.2330	0.2516	0.2864	0.1595	0.1529	0.1512	0.1551	0.1640	0.1821	0.2223
1227	0.3272	0.3309	0.3268	0.3269	0.3075	0.3160	0.3191	0.3240	0.3295	0.2741	0.2739	0.2761	0.2854	0.2999	0.3175	0.2219	0.2176	0.2225	0.2332	0.2519	0.2864	0.1597	0.1530	0.1513	0.1551	0.1642	0.1823	0.2224
1228	0.3272	0.3310	0.3269	0.3270	0.3075	0.3161	0.3191	0.3241	0.3296	0.2742	0.2740	0.2761	0.2856	0.3000	0.3176	0.2220	0.2177	0.2226	0.2333	0.2519	0.2864	0.1598	0.1531	0.1513	0.1550	0.1643	0.1824	0.2225
1229	0.3272	0.3311	0.3270	0.3270	0.3077	0.3162	0.3192	0.3242	0.3296	0.2742	0.2741	0.2761	0.2858	0.3000	0.3176	0.2220	0.2179	0.2224	0.2333	0.2517	0.2866	0.1601	0.1532	0.1513	0.1549	0.1643	0.1823	0.2225
1230	0.3272	0.3312	0.3270	0.3270	0.3078	0.3163	0.3192	0.3243	0.3296	0.2742	0.2742	0.2762	0.2860	0.2999	0.3176	0.2221	0.2180	0.2224	0.2334	0.2516	0.2867	0.1602	0.1532	0.1513	0.1549	0.1643	0.1823	0.2225
1231	0.3273	0.3313	0.3271	0.3272	0.3079	0.3165	0.3194	0.3244	0.3297	0.2743	0.2742	0.2762	0.2860	0.3000	0.3177	0.2221	0.2181	0.2226	0.2335	0.2517	0.2867	0.1602	0.1532	0.1513	0.1549	0.1644	0.1825	0.2224
1232	0.3274	0.3314	0.3273	0.3274	0.3080	0.3166	0.3195	0.3245	0.3298	0.2743	0.2742	0.2763	0.2860	0.3001	0.3178	0.2222	0.2181	0.2227	0.2336	0.2519	0.2866	0.1603	0.1532	0.1513	0.1550	0.1646	0.1826	0.2223
1233	0.3274	0.3316	0.3274	0.3274	0.3080	0.3167	0.3197	0.3246	0.3300	0.2745	0.2743	0.2764	0.2861	0.3001	0.3179	0.2223	0.2182	0.2227	0.2337	0.2520	0.2867	0.1603	0.1533	0.1514	0.1552	0.1647	0.1826	0.2222
1234	0.3274	0.3318	0.3276	0.3274	0.3080	0.3167	0.3199	0.3247	0.3302	0.2746	0.2744	0.2766	0.2861	0.3001	0.3180	0.2224	0.2184	0.2227	0.2338	0.2521	0.2867	0.1603	0.1533	0.1514	0.1555	0.1647	0.1826	0.2220
1235	0.3275	0.3320	0.3276	0.3276	0.3081	0.3168	0.3198	0.3247	0.3302	0.2747	0.2745	0.2767	0.2861	0.3002	0.3181	0.2225	0.2185	0.2229	0.2338	0.2521	0.2867	0.1603	0.1533	0.1515	0.1555	0.1648	0.1827	0.2221
1236	0.3276	0.3322	0.3276	0.3278	0.3081	0.3169	0.3198	0.3248	0.3303	0.2748	0.2745	0.2768	0.2861	0.3003	0.3183	0.2226	0.2185	0.2231	0.2338	0.2521	0.2867	0.1603	0.1533	0.1515	0.1555	0.1648	0.1828	0.2222
1237	0.3277	0.3323	0.3278	0.3279	0.3082	0.3169	0.3199	0.3248	0.3303	0.2749	0.2746	0.2770	0.2863	0.3003	0.3183	0.2227	0.2186	0.2232	0.2338	0.2522	0.2868	0.1603	0.1534	0.1515	0.1555	0.1648	0.1828	0.2223
1238	0.3278	0.3323	0.3279	0.3281	0.3084	0.3169	0.3199	0.3248	0.3304	0.2751	0.2747	0.2771	0.2865	0.3003	0.3184	0.2228	0.2186	0.2233	0.2338	0.2523	0.2869	0.1603	0.1534	0.1515	0.1556	0.1648	0.1829	0.2223
1239	0.3279	0.3323	0.3280	0.3282	0.3085	0.3170	0.3201	0.3249	0.3305	0.2752	0.2749	0.2772	0.2867	0.3004	0.3184	0.2228	0.2186	0.2234	0.2338	0.2523	0.2869	0.1602	0.1534	0.1516	0.1557	0.1649	0.1829	0.2223
1240	0.3280	0.3322	0.3280	0.3282	0.3087	0.3171	0.3203	0.3251	0.3305	0.2752	0.2750	0.2772	0.2868	0.3006	0.3185	0.2228	0.2186	0.2235	0.2338	0.2523	0.2869	0.1602	0.1533	0.1516	0.1558	0.1649	0.1828	0.2222
1241	0.3281	0.3323	0.3281	0.3282	0.3088	0.3173	0.3204	0.3251	0.3306	0.2752	0.2750	0.2773	0.2867	0.3006	0.3186	0.2229	0.2187	0.2235	0.2339	0.2525	0.2870	0.1603	0.1533	0.1517	0.1558	0.1650	0.1828	0.2223
1242	0.3281	0.3323	0.3282	0.3281	0.3089	0.3174	0.3205	0.3251	0.3307	0.2752	0.2750	0.2773	0.2867	0.3007	0.3187	0.2230	0.2188	0.2235	0.2341	0.2526	0.2870	0.1606	0.1533	0.1517	0.1558	0.1651	0.1828	0.2224
1243	0.3282	0.3324	0.3283	0.3283	0.3090	0.3176	0.3205	0.3252	0.3307	0.2752	0.2751	0.2774	0.2867	0.3008	0.3188	0.2231	0.2190	0.2235	0.2341	0.2527	0.2870	0.1607	0.1534	0.1517	0.1559	0.1651	0.1828	0.2224
1244	0.3282	0.3326	0.3285	0.3284	0.3090	0.3178	0.3205	0.3255	0.3308	0.2753	0.2753	0.2775	0.2868	0.3009	0.3189	0.2232	0.2191	0.2235	0.2342	0.2527	0.2870	0.1607	0.1535	0.1518	0.1560	0.1652	0.1828	0.2225
1245	0.3284	0.3327	0.3287	0.3286	0.3091	0.3180	0.3206	0.3256	0.3309	0.2754	0.2754	0.2776	0.2869	0.3010	0.3189	0.2233	0.2192	0.2235	0.2343	0.2528	0.2870	0.1607	0.1536	0.1518	0.1561	0.1652	0.1828	0.2225
1246	0.3286	0.3329	0.3290	0.3287	0.3091	0.3180	0.3207	0.3257	0.3310	0.2755	0.2756	0.2778	0.2871	0.3011	0.3190	0.2234	0.2193	0.2235	0.2343	0.2530	0.2870	0.1607	0.1536	0.1519	0.1562	0.1653	0.1829	0.2225
1247	0.3287	0.3330	0.3292	0.3288	0.3091	0.3181	0.3208	0.3258	0.3312	0.2756	0.2757	0.2779	0.2872	0.3012	0.3191	0.2235	0.2194	0.2236	0.2343	0.2530	0.2870	0.1607	0.1537	0.1519	0.1562	0.1653	0.1829	0.2225
1248	0.3288	0.3330	0.3292	0.3289	0.3092	0.3183	0.3209	0.3261	0.3314	0.2758	0.2758	0.2779	0.2873	0.3013	0.3192	0.2237	0.2195	0.2237	0.2343	0.2530	0.2871	0.1609	0.1537	0.1521	0.1563	0.1652	0.1829	0.2226
1249	0.3289	0.3330	0.3292	0.3289	0.3093	0.3183	0.3211	0.3263	0.3316	0.2760	0.2759	0.2780	0.2874	0.3014	0.3193	0.2238	0.2196	0.2238	0.2344	0.2530	0.2872	0.1610	0.1537	0.1521	0.1563	0.1652	0.1829	0.2227
1250	0.3289	0.3332	0.3294	0.3290	0.3094	0.3184	0.3213	0.3265	0.3317	0.2761	0.2762	0.2781	0.2874	0.3015	0.3194	0.2238	0.2197	0.2239	0.2345	0.2531	0.2873	0.1610	0.1537	0.1521	0.1563	0.1652	0.1831	0.2228
1251	0.3290	0.3333	0.3295	0.3291	0.3095	0.3184	0.3215	0.3266	0.3319	0.2762	0.2763	0.2782	0.2874	0.3016	0.3194	0.2238	0.2198	0.2240	0.2347	0.2532	0.2873	0.1610	0.1537	0.1521	0.1563	0.1653	0.1832	0.2229
1252	0.3290	0.3334	0.3296	0.3290	0.3095	0.3185	0.3214	0.3267	0.3320	0.2761	0.2763	0.2781	0.2874	0.3017	0.3195	0.2238	0.2198	0.2241	0.2348	0.2532	0.2874	0.1610	0.1537	0.1522	0.1564	0.1654	0.1832	0.2229
1253	0.3291	0.3334	0.3297	0.3290	0.3095	0.3185	0.3214	0.3267	0.3321	0.2762	0.2763	0.2781	0.2875	0.3018	0.3195	0.2239	0.2199	0.2241	0.2349	0.2532	0.2874	0.1610	0.1537	0.1523	0.1564	0.1654	0.1832	0.2228
1254	0.3290	0.3335	0.3296	0.3292	0.3097	0.3187	0.3215	0.3268	0.3322	0.2763	0.2763	0.2782	0.2875	0.3019	0.3195	0.2239	0.2200	0.2242	0.2350	0.2533	0.2874	0.1612	0.1539	0.1524	0.1563	0.1656	0.1832	0.2228
1255	0.3290	0.3336	0.3296	0.3293	0.3099	0.3188	0.3216	0.3268	0.3322	0.2764	0.2763	0.2783	0.2876	0.3020	0.3195	0.2239	0.2200	0.2243	0.2352	0.2534	0.2875	0.1613	0.1541	0.1525	0.1562	0.1658	0.1832	0.2228
1256	0.3290	0.3336	0.3296	0.3294	0.3099	0.3188	0.3217	0.3268	0.3322	0.2764	0.2763	0.2783	0.2877	0.3020	0.3195	0.2239	0.2200	0.2243	0.2351	0.2534	0.2874	0.1613	0.1541	0.1525	0.1561	0.1657	0.1833	0.2228
1257	0.3291	0.3335	0.3297	0.3294	0.3099	0.3188	0.3217	0.3267	0.3321	0.2765	0.2763	0.2784	0.2878	0.3021	0.3196	0.2240	0.2199	0.2242	0.2351	0.2534	0.2874	0.1612	0.1542	0.1525	0.1561	0.1656	0.1833	0.2229
1258	0.3291	0.3337	0.3298	0.3296	0.3099	0.3189	0.3217	0.3268	0.3323	0.2765	0.2765	0.2785	0.2878	0.3021	0.3196	0.2241	0.2200	0.2244	0.2352	0.2535	0.2875	0.1613	0.1541	0.1525	0.1562	0.1658	0.1834	0.2230
1259	0.3291	0.3338	0.3299	0.3298	0.3098	0.3190	0.3216	0.3269	0.3324	0.2766	0.2766	0.2786	0.2878	0.3021	0.3197	0.2242	0.2201	0.2246	0.2353	0.2536	0.2875	0.1614	0.1541	0.1525	0.1562	0.1659	0.1834	0.2231
1260	0.3291	0.3340	0.3300	0.3298	0.3099	0.3191	0.3217	0.3271	0.3324	0.2766	0.2767	0.2786	0.2878	0.3022	0.3197	0.2244	0.2202	0.2245	0.2354	0.2536	0.2876	0.1613	0.1542	0.1526	0.1562	0.1659	0.1834	0.2231
1261	0.3292	0.3340	0.3300	0.3299	0.3099	0.3192	0.3217	0.3273	0.3325	0.2767	0.2768	0.2787	0.2878	0.3023	0.3198	0.2245	0.2202	0.2245	0.2355	0.2537	0.2876	0.1613	0.1543	0.1527	0.1562	0.1658	0.1834	0.2231
1262	0.3292	0.3342	0.3301	0.3298	0.3100	0.3192	0.3217	0.3273	0.3325	0.2768	0.2767	0.2787	0.2877	0.3024	0.3198	0.2245	0.2203	0.2245	0.2354	0.2537	0.2877	0.1614	0.1542	0.1527	0.1564	0.1659	0.1834	0.2231
1263	0.3291	0.3343	0.3302	0.3298	0.3100	0.3193	0.3218	0.3273	0.3326	0.2768	0.2765	0.2786	0.2877	0.3024	0.3198	0.2244	0.2204	0.2245	0.2354	0.2537	0.2877	0.1614	0.1540	0.1527	0.1565	0.1659	0.1834	0.2230
1264	0.3291	0.3342	0.3303	0.3298	0.3101	0.3193	0.3218	0.3274	0.3327	0.2768	0.2766	0.2786	0.2878	0.3025	0.3199	0.2245	0.2205	0.2245	0.2353	0.2536	0.2877	0.1615	0.1541	0.1527	0.1567	0.1660	0.1835	0.2231
1265	0.3291	0.3342	0.3304	0.3298	0.3101	0.3194	0.3220	0.3276	0.3327	0.2768	0.2768	0.2786	0.2878	0.3025	0.3200	0.2245	0.2207	0.2245	0.2351	0.2536	0.2877	0.1615	0.1542	0.1528	0.1568	0.1660	0.1835	0.2231
1266	0.3292	0.3342	0.3304	0.3299	0.3102	0.3195	0.3221	0.3276	0.3327	0.2768	0.2769	0.2787	0.2879	0.3025	0.3200	0.2246	0.2207	0.2246	0.2351	0.2536	0.2876	0.1615	0.1542	0.1529	0.1569	0.1660	0.1836	0.2232
1267	0.3294	0.3342	0.3305	0.3300	0.3103	0.3195	0.3223	0.3277	0.3327	0.2767	0.2769	0.2788	0.2879	0.3026	0.3201	0.2247	0.2208	0.2247	0.2351	0.2537	0.2876	0.1616	0.1542	0.1529	0.1568	0.1659	0.1838	0.2233
1268	0.3295	0.3342	0.3306	0.3300	0.3103	0.3195	0.3223	0.3277	0.3327	0.2768	0.2769	0.2789	0.2880	0.3027	0.3201	0.2247	0.2209	0.2247	0.2352	0.2538	0.2876	0.1616	0.1542	0.1529	0.1567	0.1658	0.1838	0.2233
1269	0.3294	0.3343	0.3306	0.3299	0.3103	0.3195	0.3222	0.3277	0.3328	0.2768	0.2769	0.2790	0.2880	0.3027	0.3201	0.2247	0.2210	0.2246	0.2353	0.2537	0.2875	0.1616	0.1543	0.1529	0.1567	0.1659	0.1838	0.2231
1270	0.3295	0.3344	0.3306	0.3298	0.3104	0.3195	0.3222	0.3277	0.3329	0.2769	0.2770	0.2790	0.2881	0.3028	0.3202	0.2246	0.2211	0.2246	0.2354	0.2537	0.2875	0.1617	0.1542	0.1529	0.1566	0.1659	0.1838	0.2231
1271	0.3295	0.3346	0.3307	0.3299	0.3105	0.3195	0.3222	0.3277	0.3330	0.2769	0.2770	0.2790	0.2882	0.3028	0.3202	0.2246	0.2211	0.2248	0.2355	0.2536	0.2876	0.1618	0.1541	0.1529	0.1566	0.1658	0.1839	0.2231
1272	0.3296	0.3347	0.3308	0.3300	0.3106	0.3196	0.3223	0.3277	0.3330	0.2769	0.2771	0.2791	0.2883	0.3029	0.3201	0.2246	0.2211	0.2249	0.2356	0.2536	0.2876	0.1618	0.1541	0.1529	0.1566	0.1659	0.1839	0.2232
1273	0.3296	0.3346	0.3308	0.3300	0.3106	0.3196	0.3222	0.3277	0.3329	0.2770	0.2773	0.2792	0.2882	0.3029	0.3200	0.2246	0.2212	0.2250	0.2357	0.2538	0.2876	0.1618	0.1543	0.1529	0.1565	0.1660	0.1838	0.2232
1274	0.3297	0.3346	0.3308	0.3300	0.3106	0.3196	0.3222	0.3278	0.3329	0.2770	0.2774	0.2792	0.2882	0.3029	0.3200	0.2246	0.2212	0.2250	0.2358	0.2540	0.2876	0.1617	0.1544	0.1530	0.1565	0.1661	0.1838	0.2233
1275	0.3297	0.3346	0.3309	0.3301	0.3106	0.3197	0.3223	0.3278	0.3329	0.2769	0.2774	0.2792	0.2881	0.3029	0.3200	0.2247	0.2213	0.2251	0.2357	0.2540	0.2877	0.1617	0.1543	0.1530	0.1566	0.1661	0.1839	0.2233
1276	0.3297	0.3346	0.3310	0.3302	0.3105	0.3198	0.3223	0.3279	0.3329	0.2768	0.2774	0.2792	0.2881	0.3029	0.3200	0.2247	0.2213	0.2251	0.2356	0.2539	0.2878	0.1616	0.1543	0.1530	0.1567	0.1660	0.1839	0.2233
1277	0.3298	0.3346	0.3309	0.3303	0.3106	0.3199	0.3224	0.3279	0.3329	0.2768	0.2774	0.2792	0.2882	0.3029	0.3200	0.2248	0.2212	0.2249	0.2357	0.2538	0.2878	0.1616	0.1543	0.1529	0.1567	0.1659	0.1838	0.2232
1278	0.3298	0.3346	0.3309	0.3303	0.3106	0.3199	0.3224	0.3279	0.3330	0.2769	0.2775	0.2793	0.2883	0.3028	0.3200	0.2249	0.2212	0.2248	0.2358	0.2537	0.2879	0.1616	0.1542	0.1528	0.1567	0.1659	0.1837	0.2232
1279	0.3297	0.3346	0.3309	0.3303	0.3106	0.3200	0.3224	0.3279	0.3330	0.2769	0.2775	0.2793	0.2883	0.3028	0.3198	0.2248	0.2213	0.2249	0.2358	0.2537	0.2878	0.1616	0.1543	0.1529	0.1567	0.1658	0.1837	0.2231
1280	0.3296	0.3345	0.3308	0.3303	0.3107	0.3200	0.3225	0.3279	0.3329	0.2769	0.2774	0.2794	0.2882	0.3029	0.3197	0.2247	0.2214	0.2249	0.2359	0.2538	0.2878	0.1616	0.1544	0.1530	0.1567	0.1658	0.1837	0.2230
1281	0.3295	0.3346	0.3309	0.3303	0.3107	0.3200	0.3225	0.3280	0.3330	0.2770	0.2774	0.2793	0.2882	0.3029	0.3198	0.2247	0.2213	0.2250	0.2359	0.2538	0.2878	0.1615	0.1543	0.1530	0.1567	0.1659	0.1837	0.2229
1282	0.3295	0.3346	0.3309	0.3302	0.3108	0.3200	0.3226	0.3281	0.3331	0.2772	0.2773	0.2793	0.2882	0.3030	0.3199	0.2247	0.2212	0.2251	0.2360	0.2538	0.2878	0.1615	0.1542	0.1530	0.1568	0.1660	0.1837	0.2229
1283	0.3294	0.3348	0.3308	0.3303	0.3108	0.3199	0.3226	0.3281	0.3330	0.2772	0.2774	0.2793	0.2883	0.3030	0.3198	0.2248	0.2212	0.2250	0.2358	0.2538	0.2878	0.1615	0.1542	0.1529	0.1568	0.1660	0.1836	0.2230
1284	0.3294	0.3350	0.3307	0.3304	0.3108	0.3199	0.3225	0.3280	0.3330	0.2772	0.2774	0.2793	0.2884	0.3031	0.3198	0.2249	0.2212	0.2249	0.2356	0.2538	0.2877	0.1616	0.1542	0.1529	0.1567	0.1659	0.1836	0.2231
1285	0.3293	0.3348	0.3307	0.3303	0.3107	0.3199	0.3226	0.3279	0.3329	0.2772	0.2774	0.2794	0.2884	0.3030	0.3198	0.2249	0.2214	0.2249	0.2356	0.2538	0.2876	0.1616	0.1544	0.1529	0.1568	0.1658	0.1835	0.2231
1286	0.3292	0.3345	0.3308	0.3302	0.3105	0.3199	0.3227	0.3279	0.3328	0.2772	0.2774	0.2794	0.2883	0.3029	0.3199	0.2250	0.2215	0.2249	0.2357	0.2538	0.2876	0.1616	0.1545	0.1528	0.1568	0.1657	0.1835	0.2231
1287	0.3292	0.3344	0.3307	0.3301	0.3105	0.3198	0.3226	0.3279	0.3328	0.2772	0.2774	0.2794	0.2882	0.3028	0.3198	0.2249	0.2215	0.2248	0.2356	0.2537	0.2875	0.1617	0.1545	0.1528	0.1567	0.1657	0.1835	0.2231
1288	0.3292	0.3344	0.3307	0.3299	0.3105	0.3195	0.3225	0.3279	0.3328	0.2772	0.2773	0.2793	0.2882	0.3028	0.3198	0.2248	0.2215	0.2248	0.2355	0.2537	0.2875	0.1617	0.1545	0.1527	0.1566	0.1657	0.1834	0.2230
1289	0.3293	0.3344	0.3306	0.3298	0.3105	0.3195	0.3224	0.3279	0.3327	0.2771	0.2772	0.2793	0.2883	0.3028	0.3197	0.2248	0.2215	0.2248	0.2354	0.2536	0.2874	0.1617	0.1544	0.1527	0.1566	0.1656	0.1835	0.2230
1290	0.3293	0.3345	0.3305	0.3297	0.3104	0.3195	0.3224	0.3279	0.3326	0.2771	0.2772	0.2793	0.2885	0.3028	0.3196	0.2249	0.2215	0.2247	0.2353	0.2536	0.2873	0.1616	0.1544	0.1528	0.1566	0.1656	0.1835	0.2230
1291	0.3293	0.3345	0.3305	0.3297	0.3103	0.3195	0.3223	0.3278	0.3326	0.2770	0.2772	0.2793	0.2885	0.3027	0.3195	0.2249	0.2215	0.2247	0.2352	0.2536	0.2873	0.1615	0.1544	0.1528	0.1566	0.1656	0.1836	0.2230
1292	0.3292	0.3344	0.3305	0.3296	0.3102	0.3195	0.3222	0.3277	0.3325	0.2769	0.2771	0.2793	0.2885	0.3026	0.3195	0.2248	0.2215	0.2247	0.2352	0.2536	0.2873	0.1614	0.1545	0.1528	0.1566	0.1657	0.1835	0.2230
1293	0.3290	0.3344	0.3306	0.3296	0.3101	0.3194	0.3221	0.3276	0.3325	0.2768	0.2771	0.2792	0.2884	0.3025	0.3195	0.2248	0.2215	0.2247	0.2351	0.2536	0.2873	0.1613	0.1546	0.1527	0.1566	0.1658	0.1835	0.2229
1294	0.3289	0.3343	0.3306	0.3296	0.3100	0.3193	0.3220	0.3276	0.3324	0.2768	0.2770	0.2791	0.2881	0.3024	0.3195	0.2247	0.2214	0.2246	0.2349	0.2535	0.2872	0.1611	0.1545	0.1527	0.1566	0.1658	0.1834	0.2229
1295	0.3288	0.3342	0.3306	0.3296	0.3100	0.3192	0.3220	0.3276	0.3324	0.2767	0.2770	0.2790	0.2879	0.3023	0.3195	0.2246	0.2214	0.2246	0.2349	0.2535	0.2872	0.1611	0.1545	0.1527	0.1566	0.1657	0.1833	0.2229
1296	0.3288	0.3342	0.3304	0.3296	0.3098	0.3191	0.3220	0.3275	0.3323	0.2767	0.2770	0.2789	0.2877	0.3022	0.3196	0.2246	0.2213	0.2246	0.2349	0.2533	0.2872	0.1611	0.1546	0.1527	0.1564	0.1656	0.1833	0.2229
1297	0.3288	0.3341	0.3303	0.3295	0.3097	0.3190	0.3219	0.3274	0.3323	0.2766	0.2770	0.2788	0.2876	0.3022	0.3195	0.2245	0.2211	0.2246	0.2349	0.2532	0.2873	0.1611	0.1546	0.1526	0.1563	0.1655	0.1833	0.2230
1298	0.3288	0.3340	0.3301	0.3294	0.3096	0.3190	0.3217	0.3274	0.3323	0.2764	0.2767	0.2788	0.2876	0.3021	0.3193	0.2244	0.2209	0.2245	0.2349	0.2532	0.2873	0.1610	0.1545	0.1526	0.1562	0.1654	0.1833	0.2230
1299	0.3287	0.3338	0.3299	0.3293	0.3096	0.3190	0.3215	0.3273	0.3323	0.2762	0.2764	0.2787	0.2876	0.3020	0.3192	0.2243	0.2207	0.2245	0.2348	0.2533	0.2873	0.1609	0.1544	0.1526	0.1562	0.1654	0.1833	0.2229
1300	0.3287	0.3338	0.3299	0.3293	0.3095	0.3189	0.3215	0.3272	0.3321	0.2761	0.2763	0.2785	0.2876	0.3019	0.3192	0.2242	0.2208	0.2245	0.2348	0.2532	0.2873	0.1610	0.1545	0.1525	0.1561	0.1654	0.1832	0.2228
1301	0.3286	0.3336	0.3298	0.3292	0.3095	0.3189	0.3215	0.3270	0.3320	0.2760	0.2762	0.2783	0.2876	0.3018	0.3192	0.2241	0.2208	0.2245	0.2348	0.2532	0.2873	0.1611	0.1545	0.1524	0.1560	0.1654	0.1831	0.2227
1302	0.3284	0.3334	0.3296	0.3290	0.3093	0.3187	0.3213	0.3267	0.3318	0.2760	0.2761	0.2782	0.2875	0.3018	0.3191	0.2239	0.2207	0.2243	0.2347	0.2530	0.2872	0.1610	0.1543	0.1523	0.1558	0.1653	0.1832	0.2226
1303	0.3282	0.3333	0.3293	0.3288	0.3091	0.3186	0.3211	0.3265	0.3316	0.2759	0.2759	0.2781	0.2874	0.3018	0.3190	0.2237	0.2206	0.2241	0.2346	0.2529	0.2872	0.1609	0.1541	0.1522	0.1557	0.1652	0.1833	0.2226
1304	0.3280	0.3331	0.3291	0.3287	0.3090	0.3184	0.3210	0.3263	0.3316	0.2757	0.2758	0.2779	0.2873	0.3016	0.3190	0.2237	0.2205	0.2240	0.2345	0.2528	0.2873	0.1608	0.1539	0.1520	0.1557	0.1651	0.1832	0.2227
1305	0.3279	0.3330	0.3289	0.3286	0.3089	0.3183	0.3208	0.3262	0.3316	0.2756	0.2757	0.2777	0.2871	0.3014	0.3190	0.2236	0.2205	0.2240	0.2344	0.2527	0.2873	0.1608	0.1538	0.1518	0.1558	0.1651	0.1831	0.2228
1306	0.3277	0.3329	0.3288	0.3284	0.3088	0.3181	0.3207	0.3262	0.3314	0.2755	0.2757	0.2777	0.2870	0.3014	0.3190	0.2235	0.2203	0.2238	0.2344	0.2527	0.2873	0.1607	0.1536	0.1518	0.1558	0.1651	0.1832	0.2229
1307	0.3276	0.3329	0.3286	0.3283	0.3087	0.3178	0.3205	0.3261	0.3313	0.2754	0.2757	0.2777	0.2869	0.3014	0.3189	0.2234	0.2202	0.2237	0.2343	0.2527	0.2873	0.1605	0.1535	0.1518	0.1558	0.1651	0.1832	0.2230
1308	0.3275	0.3328	0.3285	0.3281	0.3086	0.3178	0.3205	0.3260	0.3312	0.2754	0.2755	0.2777	0.2868	0.3013	0.3188	0.2233	0.2201	0.2236	0.2344	0.2527	0.2872	0.1605	0.1534	0.1518	0.1558	0.1652	0.1833	0.2231
1309	0.3274	0.3328	0.3284	0.3280	0.3085	0.3177	0.3204	0.3259	0.3311	0.2753	0.2753	0.2777	0.2866	0.3013	0.3187	0.2231	0.2200	0.2236	0.2344	0.2528	0.2872	0.1605	0.1533	0.1519	0.1557	0.1653	0.1834	0.2234
1310	0.3273	0.3325	0.3282	0.3279	0.3084	0.3176	0.3202	0.3258	0.3309	0.2752	0.2751	0.2775	0.2865	0.3013	0.3185	0.2232	0.2198	0.2234	0.2343	0.2527	0.2872	0.1604	0.1533	0.1517	0.1556	0.1652	0.1834	0.2234
1311	0.3272	0.3322	0.3281	0.3277	0.3083	0.3176	0.3200	0.3257	0.3307	0.2750	0.2750	0.2773	0.2865	0.3013	0.3184	0.2234	0.2197	0.2232	0.2342	0.2527	0.2872	0.1604	0.1533	0.1516	0.1555	0.1651	0.1834	0.2233
1312	0.3270	0.3320	0.3280	0.3275	0.3081	0.3173	0.3198	0.3254	0.3305	0.2748	0.2749	0.2771	0.2863	0.3012	0.3183	0.2232	0.2195	0.2231	0.2340	0.2525	0.2872	0.1603	0.1532	0.1515	0.1555	0.1649	0.1833	0.2232
1313	0.3267	0.3318	0.3278	0.3273	0.3078	0.3170	0.3196	0.3251	0.3304	0.2746	0.2748	0.2769	0.2860	0.3011	0.3183	0.2229	0.2193	0.2230	0.2337	0.2524	0.2873	0.1602	0.1531	0.1514	0.1555	0.1647	0.1833	0.2231
1314	0.3264	0.3315	0.3276	0.3270	0.3076	0.3168	0.3195	0.3248	0.3302	0.2744	0.2745	0.2767	0.2859	0.3010	0.3182	0.2226	0.2191	0.2228	0.2336	0.2523	0.2872	0.1601	0.1530	0.1514	0.1553	0.1646	0.1832	0.2231
1315	0.3262	0.3312	0.3273	0.3269	0.3074	0.3166	0.3194	0.3245	0.3300	0.2742	0.2743	0.2765	0.2858	0.3009	0.3181	0.2224	0.2189	0.2227	0.2335	0.2522	0.2870	0.1600	0.1529	0.1514	0.1552	0.1646	0.1831	0.2231
1316	0.3260	0.3309	0.3271	0.3267	0.3072	0.3165	0.3192	0.3243	0.3299	0.2740	0.2741	0.2763	0.2856	0.3007	0.3179	0.2223	0.2187	0.2225	0.2334	0.2521	0.2870	0.1598	0.1529	0.1512	0.1551	0.1646	0.1831	0.2231
1317	0.3258	0.3306	0.3270	0.3265	0.3069	0.3162	0.3189	0.3241	0.3298	0.2738	0.2740	0.2761	0.2854	0.3005	0.3178	0.2221	0.2185	0.2222	0.2334	0.2521	0.2870	0.1596	0.1528	0.1510	0.1551	0.1646	0.1832	0.2231
1318	0.3256	0.3304	0.3267	0.3263	0.3066	0.3160	0.3187	0.3240	0.3297	0.2735	0.2738	0.2759	0.2851	0.3003	0.3176	0.2219	0.2184	0.2220	0.2333	0.2519	0.2869	0.1595	0.1527	0.1509	0.1550	0.1646	0.1832	0.2231
1319	0.3254	0.3302	0.3265	0.3262	0.3063	0.3158	0.3186	0.3238	0.3294	0.2733	0.2736	0.2756	0.2849	0.3001	0.3175	0.2217	0.2182	0.2219	0.2331	0.2517	0.2867	0.1595	0.1525	0.1509	0.1548	0.1645	0.1831	0.2230
1320	0.3252	0.3299	0.3262	0.3259	0.3060	0.3155	0.3184	0.3236	0.3291	0.2731	0.2733	0.2753	0.2847	0.2999	0.3174	0.2215	0.2179	0.2217	0.2328	0.2516	0.2866	0.1593	0.1524	0.1509	0.1547	0.1644	0.1831	0.2231
1321	0.3250	0.3297	0.3261	0.3256	0.3059	0.3153	0.3182	0.3232	0.3287	0.2729	0.2730	0.2750	0.2846	0.2996	0.3173	0.2213	0.2177	0.2217	0.2326	0.2514	0.2864	0.1592	0.1522	0.1508	0.1545	0.1642	0.1829	0.2232
1322	0.3248	0.3295	0.3259	0.3253	0.3057	0.3150	0.3180	0.3230	0.3284	0.2727	0.2727	0.2748	0.2844	0.2993	0.3171	0.2211	0.2175	0.2216	0.2325	0.2512	0.2863	0.1591	0.1520	0.1507	0.1544	0.1641	0.1827	0.2232
1323	0.3246	0.3293	0.3256	0.3250	0.3055	0.3147	0.3178	0.3227	0.3283	0.2724	0.2726	0.2747	0.2842	0.2992	0.3168	0.2210	0.2174	0.2214	0.2325	0.2510	0.2862	0.1590	0.1519	0.1504	0.1543	0.1640	0.1826	0.2231
1324	0.3244	0.3290	0.3254	0.3247	0.3053	0.3145	0.3176	0.3225	0.3281	0.2722	0.2724	0.2746	0.2839	0.2990	0.3165	0.2208	0.2173	0.2211	0.2324	0.2509	0.2861	0.1588	0.1518	0.1503	0.1542	0.1639	0.1825	0.2230
1325	0.3242	0.3287	0.3251	0.3243	0.3050	0.3142	0.3173	0.3224	0.3278	0.2719	0.2722	0.2742	0.2837	0.2989	0.3164	0.2205	0.2170	0.2209	0.2321	0.2508	0.2859	0.1586	0.1517	0.1502	0.1540	0.1639	0.1824	0.2229
1326	0.3240	0.3284	0.3247	0.3240	0.3047	0.3139	0.3170	0.3222	0.3274	0.2717	0.2720	0.2739	0.2834	0.2987	0.3162	0.2202	0.2168	0.2207	0.2319	0.2507	0.2858	0.1585	0.1516	0.1501	0.1539	0.1638	0.1823	0.2228
1327	0.3237	0.3282	0.3244	0.3238	0.3045	0.3136	0.3166	0.3221	0.3271	0.2715	0.2717	0.2736	0.2832	0.2984	0.3160	0.2199	0.2165	0.2206	0.2317	0.2506	0.2858	0.1584	0.1515	0.1500	0.1536	0.1635	0.1822	0.2228
1328	0.3235	0.3280	0.3240	0.3237	0.3042	0.3132	0.3162	0.3219	0.3268	0.2713	0.2713	0.2733	0.2830	0.2982	0.3158	0.2197	0.2163	0.2204	0.2315	0.2505	0.2857	0.1583	0.1514	0.1498	0.1533	0.1633	0.1821	0.2227
1329	0.3233	0.3277	0.3238	0.3234	0.3040	0.3130	0.3161	0.3216	0.3265	0.2710	0.2711	0.2731	0.2828	0.2978	0.3154	0.2195	0.2160	0.2203	0.2312	0.2503	0.2856	0.1582	0.1512	0.1495	0.1531	0.1632	0.1821	0.2226
1330	0.3231	0.3273	0.3235	0.3231	0.3038	0.3128	0.3160	0.3213	0.3262	0.2707	0.2710	0.2730	0.2826	0.2976	0.3150	0.2193	0.2158	0.2201	0.2309	0.2501	0.2854	0.1580	0.1510	0.1492	0.1529	0.1631	0.1820	0.2224
1331	0.3227	0.3270	0.3231	0.3227	0.3035	0.3125	0.3156	0.3210	0.3259	0.2704	0.2707	0.2728	0.2823	0.2973	0.3148	0.2192	0.2156	0.2199	0.2308	0.2499	0.2851	0.1577	0.1510	0.1491	0.1528	0.1630	0.1818	0.2224
1332	0.3224	0.3266	0.3226	0.3222	0.3033	0.3122	0.3152	0.3207	0.3256	0.2702	0.2705	0.2725	0.2819	0.2970	0.3146	0.2191	0.2154	0.2197	0.2307	0.2497	0.2849	0.1574	0.1509	0.1491	0.1528	0.1628	0.1817	0.2223
1333	0.3221	0.3263	0.3224	0.3219	0.3028	0.3119	0.3148	0.3203	0.3253	0.2699	0.2702	0.2723	0.2817	0.2967	0.3143	0.2188	0.2152	0.2195	0.2304	0.2495	0.2848	0.1573	0.1508	0.1490	0.1526	0.1626	0.1815	0.2222
1334	0.3218	0.3259	0.3222	0.3216	0.3024	0.3117	0.3143	0.3198	0.3249	0.2696	0.2698	0.2721	0.2815	0.2965	0.3140	0.2185	0.2149	0.2192	0.2301	0.2492	0.2848	0.1573	0.1506	0.1489	0.1524	0.1625	0.1814	0.2220
1335	0.3216	0.3256	0.3218	0.3214	0.3021	0.3112	0.3140	0.3195	0.3246	0.2693	0.2694	0.2719	0.2812	0.2961	0.3136	0.2182	0.2146	0.2190	0.2299	0.2491	0.2845	0.1570	0.1504	0.1488	0.1522	0.1622	0.1814	0.2219
1336	0.3213	0.3253	0.3213	0.3213	0.3020	0.3106	0.3137	0.3191	0.3244	0.2690	0.2690	0.2718	0.2809	0.2957	0.3133	0.2180	0.2143	0.2188	0.2297	0.2490	0.2841	0.1568	0.1502	0.1487	0.1520	0.1620	0.1813	0.2218
1337	0.3210	0.3250	0.3211	0.3210	0.3017	0.3103	0.3134	0.3188	0.3240	0.2687	0.2688	0.2714	0.2807	0.2955	0.3130	0.2177	0.2141	0.2186	0.2295	0.2488	0.2839	0.1567	0.1500	0.1484	0.1521	0.1618	0.1812	0.2216
1338	0.3207	0.3246	0.3209	0.3207	0.3013	0.3099	0.3132	0.3184	0.3237	0.2683	0.2686	0.2710	0.2805	0.2953	0.3127	0.2174	0.2139	0.2183	0.2292	0.2485	0.2837	0.1567	0.1499	0.1482	0.1522	0.1616	0.1810	0.2214
1339	0.3204	0.3242	0.3205	0.3204	0.3010	0.3096	0.3128	0.3181	0.3234	0.2680	0.2683	0.2706	0.2802	0.2950	0.3125	0.2173	0.2137	0.2180	0.2291	0.2482	0.2835	0.1566	0.1497	0.1480	0.1520	0.1615	0.1808	0.2212
1340	0.3200	0.3238	0.3199	0.3202	0.3007	0.3093	0.3124	0.3177	0.3231	0.2677	0.2681	0.2703	0.2799	0.2947	0.3123	0.2171	0.2135	0.2177	0.2291	0.2479	0.2833	0.1564	0.1496	0.1478	0.1518	0.1613	0.1806	0.2209
1341	0.3197	0.3235	0.3196	0.3199	0.3004	0.3090	0.3120	0.3174	0.3227	0.2675	0.2676	0.2699	0.2795	0.2943	0.3121	0.2168	0.2132	0.2174	0.2288	0.2475	0.2830	0.1563	0.1493	0.1477	0.1516	0.1611	0.1803	0.2207
1342	0.3193	0.3231	0.3193	0.3196	0.3001	0.3088	0.3117	0.3170	0.3224	0.2672	0.2672	0.2695	0.2792	0.2939	0.3119	0.2165	0.2130	0.2172	0.2284	0.2472	0.2826	0.1562	0.1491	0.1475	0.1513	0.1609	0.1801	0.2205
1343	0.3191	0.3228	0.3190	0.3193	0.2998	0.3084	0.3114	0.3167	0.3221	0.2669	0.2669	0.2691	0.2789	0.2936	0.3117	0.2162	0.2127	0.2169	0.2281	0.2470	0.2823	0.1560	0.1489	0.1473	0.1511	0.1608	0.1799	0.2202
1344	0.3188	0.3227	0.3186	0.3190	0.2995	0.3080	0.3111	0.3163	0.3218	0.2667	0.2666	0.2688	0.2787	0.2932	0.3114	0.2160	0.2123	0.2166	0.2278	0.2468	0.2821	0.1558	0.1486	0.1470	0.1509	0.1608	0.1796	0.2200
1345	0.3184	0.3224	0.3183	0.3186	0.2991	0.3077	0.3108	0.3159	0.3215	0.2664	0.2663	0.2684	0.2784	0.2929	0.3110	0.2158	0.2120	0.2163	0.2274	0.2465	0.2817	0.1555	0.1484	0.1468	0.1508	0.1605	0.1794	0.2196
1346	0.3180	0.3220	0.3180	0.3182	0.2988	0.3074	0.3103	0.3155	0.3212	0.2660	0.2660	0.2679	0.2781	0.2928	0.3105	0.2155	0.2116	0.2159	0.2269	0.2462	0.2813	0.1551	0.1481	0.1466	0.1507	0.1602	0.1791	0.2191
1347	0.3176	0.3216	0.3177	0.3178	0.2985	0.3072	0.3100	0.3151	0.3209	0.2657	0.2657	0.2675	0.2777	0.2924	0.3101	0.2153	0.2112	0.2156	0.2265	0.2459	0.2809	0.1548	0.1479	0.1464	0.1505	0.1599	0.1788	0.2188
1348	0.3174	0.3212	0.3174	0.3175	0.2983	0.3070	0.3099	0.3149	0.3207	0.2654	0.2654	0.2672	0.2774	0.2919	0.3097	0.2151	0.2108	0.2153	0.2263	0.2456	0.2804	0.1546	0.1479	0.1461	0.1503	0.1595	0.1786	0.2186
1349	0.3172	0.3208	0.3170	0.3171	0.2980	0.3067	0.3096	0.3146	0.3204	0.2651	0.2650	0.2670	0.2770	0.2915	0.3093	0.2148	0.2104	0.2151	0.2259	0.2453	0.2800	0.1544	0.1477	0.1458	0.1501	0.1592	0.1784	0.2183
1350	0.3169	0.3204	0.3166	0.3167	0.2977	0.3062	0.3092	0.3143	0.3200	0.2647	0.2646	0.2667	0.2765	0.2911	0.3088	0.2144	0.2103	0.2147	0.2256	0.2450	0.2795	0.1542	0.1475	0.1455	0.1500	0.1589	0.1781	0.2179
1351	0.3166	0.3200	0.3163	0.3164	0.2973	0.3058	0.3088	0.3139	0.3196	0.2644	0.2643	0.2664	0.2760	0.2907	0.3083	0.2140	0.2100	0.2144	0.2252	0.2446	0.2790	0.1539	0.1472	0.1453	0.1498	0.1587	0.1778	0.2176
1352	0.3163	0.3197	0.3159	0.3159	0.2969	0.3055	0.3083	0.3136	0.3191	0.2640	0.2640	0.2658	0.2757	0.2902	0.3078	0.2136	0.2096	0.2140	0.2247	0.2441	0.2785	0.1536	0.1469	0.1451	0.1494	0.1583	0.1774	0.2173
1353	0.3160	0.3194	0.3156	0.3156	0.2966	0.3051	0.3079	0.3132	0.3186	0.2638	0.2636	0.2653	0.2753	0.2897	0.3074	0.2133	0.2092	0.2137	0.2243	0.2436	0.2780	0.1533	0.1465	0.1449	0.1490	0.1580	0.1770	0.2169
1354	0.3157	0.3191	0.3152	0.3153	0.2962	0.3047	0.3076	0.3129	0.3182	0.2634	0.2632	0.2650	0.2749	0.2893	0.3068	0.2131	0.2089	0.2132	0.2239	0.2430	0.2776	0.1529	0.1462	0.1446	0.1486	0.1577	0.1766	0.2165
1355	0.3154	0.3188	0.3149	0.3151	0.2959	0.3043	0.3073	0.3126	0.3179	0.2631	0.2628	0.2647	0.2744	0.2889	0.3063	0.2128	0.2086	0.2127	0.2234	0.2425	0.2772	0.1526	0.1458	0.1442	0.1483	0.1574	0.1762	0.2161
1356	0.3150	0.3186	0.3146	0.3146	0.2956	0.3040	0.3071	0.3122	0.3176	0.2628	0.2625	0.2644	0.2739	0.2884	0.3058	0.2124	0.2081	0.2123	0.2230	0.2422	0.2767	0.1523	0.1455	0.1438	0.1480	0.1571	0.1758	0.2157
1357	0.3147	0.3183	0.3142	0.3141	0.2953	0.3037	0.3068	0.3118	0.3172	0.2625	0.2621	0.2640	0.2734	0.2878	0.3053	0.2121	0.2076	0.2120	0.2226	0.2419	0.2763	0.1520	0.1451	0.1434	0.1478	0.1568	0.1754	0.2152
1358	0.3143	0.3179	0.3138	0.3139	0.2951	0.3033	0.3063	0.3112	0.3168	0.2620	0.2619	0.2636	0.2730	0.2875	0.3048	0.2118	0.2073	0.2117	0.2222	0.2415	0.2758	0.1518	0.1449	0.1431	0.1474	0.1564	0.1751	0.2146
1359	0.3139	0.3175	0.3134	0.3137	0.2949	0.3028	0.3057	0.3107	0.3163	0.2615	0.2616	0.2632	0.2725	0.2871	0.3043	0.2116	0.2069	0.2115	0.2219	0.2411	0.2753	0.1515	0.1445	0.1427	0.1471	0.1561	0.1748	0.2141
1360	0.3136	0.3171	0.3131	0.3134	0.2945	0.3025	0.3054	0.3103	0.3159	0.2611	0.2612	0.2628	0.2722	0.2867	0.3038	0.2113	0.2066	0.2112	0.2215	0.2408	0.2747	0.1514	0.1444	0.1427	0.1467	0.1559	0.1745	0.2138
1361	0.3133	0.3168	0.3128	0.3131	0.2941	0.3021	0.3050	0.3100	0.3154	0.2607	0.2607	0.2625	0.2718	0.2863	0.3033	0.2109	0.2063	0.2109	0.2211	0.2405	0.2741	0.1512	0.1442	0.1426	0.1463	0.1557	0.1742	0.2135
1362	0.3129	0.3163	0.3124	0.3127	0.2937	0.3018	0.3046	0.3096	0.3150	0.2605	0.2604	0.2620	0.2715	0.2859	0.3028	0.2105	0.2060	0.2104	0.2207	0.2400	0.2736	0.1510	0.1440	0.1422	0.1460	0.1555	0.1740	0.2131
1363	0.3125	0.3157	0.3120	0.3123	0.2934	0.3013	0.3042	0.3092	0.3145	0.2602	0.2600	0.2615	0.2711	0.2854	0.3024	0.2102	0.2057	0.2100	0.2203	0.2394	0.2731	0.1508	0.1437	0.1418	0.1457	0.1552	0.1737	0.2126
1364	0.3121	0.3153	0.3114	0.3117	0.2929	0.3008	0.3038	0.3086	0.3140	0.2597	0.2596	0.2610	0.2707	0.2848	0.3018	0.2098	0.2054	0.2096	0.2199	0.2390	0.2726	0.1506	0.1435	0.1416	0.1454	0.1549	0.1734	0.2123
1365	0.3117	0.3149	0.3107	0.3111	0.2924	0.3002	0.3033	0.3081	0.3135	0.2592	0.2591	0.2606	0.2703	0.2843	0.3012	0.2095	0.2051	0.2092	0.2194	0.2385	0.2722	0.1503	0.1433	0.1414	0.1452	0.1545	0.1731	0.2120
1366	0.3112	0.3142	0.3102	0.3105	0.2919	0.2998	0.3028	0.3075	0.3129	0.2587	0.2586	0.2600	0.2698	0.2838	0.3006	0.2092	0.2047	0.2088	0.2190	0.2382	0.2717	0.1500	0.1430	0.1412	0.1450	0.1542	0.1728	0.2118
1367	0.3107	0.3135	0.3096	0.3098	0.2915	0.2994	0.3022	0.3070	0.3123	0.2582	0.2581	0.2595	0.2693	0.2833	0.3000	0.2089	0.2042	0.2084	0.2187	0.2378	0.2712	0.1496	0.1428	0.1410	0.1449	0.1539	0.1724	0.2115
1368	0.3101	0.3129	0.3090	0.3092	0.2908	0.2988	0.3016	0.3063	0.3117	0.2578	0.2577	0.2590	0.2689	0.2827	0.2995	0.2084	0.2038	0.2080	0.2182	0.2373	0.2707	0.1494	0.1426	0.1408	0.1446	0.1536	0.1720	0.2111
1369	0.3094	0.3124	0.3084	0.3086	0.2900	0.2981	0.3010	0.3056	0.3111	0.2573	0.2573	0.2585	0.2685	0.2820	0.2990	0.2079	0.2034	0.2076	0.2178	0.2367	0.2703	0.1493	0.1425	0.1406	0.1444	0.1534	0.1717	0.2108
1370	0.3087	0.3117	0.3076	0.3077	0.2893	0.2974	0.3003	0.3049	0.3104	0.2567	0.2568	0.2579	0.2678	0.2813	0.2984	0.2074	0.2029	0.2072	0.2174	0.2363	0.2697	0.1490	0.1423	0.1404	0.1441	0.1531	0.1713	0.2105
1371	0.3078	0.3109	0.3068	0.3069	0.2885	0.2966	0.2996	0.3041	0.3095	0.2561	0.2562	0.2572	0.2671	0.2806	0.2977	0.2069	0.2025	0.2068	0.2170	0.2358	0.2691	0.1486	0.1421	0.1401	0.1437	0.1527	0.1710	0.2101
1372	0.3070	0.3099	0.3059	0.3059	0.2877	0.2958	0.2987	0.3032	0.3086	0.2554	0.2555	0.2564	0.2663	0.2799	0.2969	0.2063	0.2019	0.2061	0.2164	0.2353	0.2685	0.1482	0.1417	0.1399	0.1433	0.1523	0.1704	0.2096
1373	0.3061	0.3089	0.3049	0.3049	0.2869	0.2950	0.2978	0.3023	0.3077	0.2547	0.2546	0.2557	0.2655	0.2792	0.2960	0.2057	0.2011	0.2052	0.2157	0.2347	0.2678	0.1477	0.1412	0.1398	0.1429	0.1519	0.1698	0.2090
1374	0.3051	0.3079	0.3038	0.3039	0.2859	0.2939	0.2968	0.3013	0.3067	0.2539	0.2536	0.2549	0.2646	0.2783	0.2951	0.2050	0.2004	0.2046	0.2151	0.2340	0.2670	0.1473	0.1408	0.1394	0.1424	0.1514	0.1693	0.2084
1375	0.3041	0.3068	0.3026	0.3028	0.2848	0.2928	0.2957	0.3003	0.3056	0.2529	0.2526	0.2541	0.2636	0.2772	0.2941	0.2043	0.1995	0.2039	0.2144	0.2332	0.2662	0.1469	0.1403	0.1389	0.1418	0.1508	0.1688	0.2079
1376	0.3029	0.3056	0.3013	0.3016	0.2836	0.2916	0.2944	0.2991	0.3045	0.2518	0.2515	0.2530	0.2625	0.2761	0.2930	0.2035	0.1987	0.2032	0.2135	0.2322	0.2652	0.1463	0.1397	0.1382	0.1412	0.1502	0.1682	0.2073
1377	0.3016	0.3043	0.2998	0.3002	0.2824	0.2903	0.2930	0.2978	0.3032	0.2507	0.2503	0.2518	0.2612	0.2749	0.2918	0.2026	0.1979	0.2023	0.2124	0.2310	0.2641	0.1454	0.1389	0.1374	0.1406	0.1496	0.1674	0.2065
1378	0.3002	0.3028	0.2983	0.2987	0.2810	0.2888	0.2915	0.2964	0.3018	0.2495	0.2491	0.2505	0.2599	0.2736	0.2905	0.2016	0.1970	0.2013	0.2113	0.2298	0.2629	0.1447	0.1381	0.1366	0.1399	0.1489	0.1666	0.2056
1379	0.2985	0.3013	0.2969	0.2971	0.2795	0.2874	0.2901	0.2950	0.3002	0.2481	0.2478	0.2492	0.2585	0.2722	0.2891	0.2005	0.1958	0.2002	0.2103	0.2286	0.2616	0.1440	0.1372	0.1359	0.1392	0.1480	0.1658	0.2045
1380	0.2968	0.2996	0.2952	0.2954	0.2779	0.2858	0.2886	0.2934	0.2984	0.2466	0.2464	0.2477	0.2570	0.2708	0.2875	0.1993	0.1947	0.1991	0.2090	0.2273	0.2603	0.1431	0.1364	0.1351	0.1383	0.1471	0.1649	0.2034
1381	0.2948	0.2976	0.2932	0.2936	0.2761	0.2840	0.2868	0.2915	0.2965	0.2449	0.2448	0.2461	0.2551	0.2691	0.2856	0.1979	0.1934	0.1978	0.2077	0.2260	0.2589	0.1422	0.1355	0.1342	0.1372	0.1460	0.1638	0.2022
1382	0.2928	0.2957	0.2912	0.2917	0.2742	0.2821	0.2849	0.2895	0.2944	0.2432	0.2431	0.2444	0.2533	0.2673	0.2837	0.1966	0.1921	0.1963	0.2064	0.2245	0.2574	0.1413	0.1346	0.1332	0.1361	0.1449	0.1628	0.2010
1383	0.2906	0.2937	0.2891	0.2896	0.2721	0.2800	0.2827	0.2874	0.2922	0.2415	0.2414	0.2426	0.2515	0.2654	0.2820	0.1951	0.1905	0.1947	0.2049	0.2230	0.2558	0.1404	0.1334	0.1321	0.1351	0.1439	0.1618	0.1999
1384	0.2884	0.2915	0.2870	0.2874	0.2700	0.2779	0.2806	0.2852	0.2900	0.2397	0.2396	0.2407	0.2497	0.2634	0.2801	0.1935	0.1889	0.1931	0.2033	0.2214	0.2542	0.1394	0.1323	0.1309	0.1341	0.1427	0.1608	0.1988
1385	0.2860	0.2890	0.2847	0.2850	0.2677	0.2756	0.2784	0.2828	0.2878	0.2376	0.2377	0.2387	0.2477	0.2613	0.2781	0.1920	0.1873	0.1914	0.2016	0.2197	0.2524	0.1383	0.1312	0.1298	0.1331	0.1416	0.1596	0.1976
1386	0.2836	0.2866	0.2823	0.2825	0.2655	0.2732	0.2760	0.2804	0.2855	0.2356	0.2356	0.2367	0.2457	0.2592	0.2760	0.1905	0.1857	0.1898	0.2000	0.2179	0.2506	0.1373	0.1300	0.1287	0.1321	0.1405	0.1583	0.1964
1387	0.2812	0.2841	0.2798	0.2799	0.2632	0.2708	0.2735	0.2779	0.2830	0.2335	0.2333	0.2345	0.2435	0.2570	0.2738	0.1887	0.1841	0.1881	0.1983	0.2161	0.2489	0.1362	0.1289	0.1275	0.1309	0.1393	0.1570	0.1952
1388	0.2788	0.2815	0.2772	0.2772	0.2608	0.2684	0.2709	0.2754	0.2805	0.2314	0.2311	0.2323	0.2414	0.2548	0.2715	0.1870	0.1825	0.1864	0.1965	0.2143	0.2472	0.1351	0.1278	0.1264	0.1297	0.1382	0.1558	0.1940
1389	0.2760	0.2787	0.2743	0.2745	0.2581	0.2657	0.2681	0.2729	0.2779	0.2292	0.2289	0.2301	0.2391	0.2526	0.2690	0.1851	0.1806	0.1846	0.1946	0.2125	0.2452	0.1338	0.1267	0.1253	0.1286	0.1369	0.1545	0.1927
1390	0.2733	0.2759	0.2715	0.2717	0.2555	0.2632	0.2654	0.2704	0.2753	0.2269	0.2267	0.2278	0.2369	0.2504	0.2665	0.1833	0.1787	0.1828	0.1927	0.2106	0.2433	0.1325	0.1255	0.1241	0.1274	0.1356	0.1532	0.1915
1391	0.2705	0.2730	0.2686	0.2690	0.2529	0.2605	0.2628	0.2675	0.2727	0.2246	0.2242	0.2254	0.2346	0.2479	0.2642	0.1815	0.1770	0.1810	0.1908	0.2088	0.2413	0.1312	0.1243	0.1228	0.1261	0.1344	0.1519	0.1902
1392	0.2677	0.2702	0.2659	0.2663	0.2503	0.2579	0.2602	0.2646	0.2700	0.2223	0.2217	0.2230	0.2322	0.2454	0.2618	0.1797	0.1752	0.1793	0.1889	0.2070	0.2394	0.1299	0.1231	0.1215	0.1247	0.1331	0.1507	0.1888
1393	0.2646	0.2672	0.2630	0.2635	0.2474	0.2550	0.2573	0.2617	0.2670	0.2196	0.2193	0.2206	0.2296	0.2428	0.2593	0.1777	0.1733	0.1773	0.1869	0.2048	0.2373	0.1284	0.1217	0.1203	0.1233	0.1317	0.1493	0.1873
1394	0.2615	0.2643	0.2602	0.2606	0.2446	0.2522	0.2545	0.2589	0.2640	0.2171	0.2168	0.2181	0.2269	0.2403	0.2568	0.1756	0.1713	0.1753	0.1849	0.2027	0.2351	0.1269	0.1203	0.1191	0.1219	0.1303	0.1479	0.1857
1395	0.2585	0.2613	0.2571	0.2575	0.2418	0.2493	0.2517	0.2561	0.2611	0.2145	0.2142	0.2156	0.2244	0.2377	0.2542	0.1735	0.1693	0.1732	0.1828	0.2006	0.2330	0.1255	0.1190	0.1178	0.1206	0.1290	0.1466	0.1842
1396	0.2556	0.2584	0.2540	0.2543	0.2389	0.2464	0.2488	0.2533	0.2582	0.2120	0.2116	0.2131	0.2218	0.2352	0.2517	0.1714	0.1674	0.1712	0.1808	0.1985	0.2308	0.1242	0.1176	0.1164	0.1193	0.1276	0.1452	0.1827
1397	0.2525	0.2553	0.2511	0.2513	0.2360	0.2435	0.2460	0.2503	0.2554	0.2094	0.2091	0.2107	0.2193	0.2325	0.2490	0.1694	0.1653	0.1692	0.1788	0.1964	0.2286	0.1227	0.1163	0.1149	0.1180	0.1261	0.1437	0.1811
1398	0.2495	0.2523	0.2482	0.2483	0.2332	0.2406	0.2431	0.2473	0.2526	0.2070	0.2066	0.2083	0.2168	0.2299	0.2463	0.1674	0.1634	0.1671	0.1769	0.1944	0.2265	0.1213	0.1150	0.1134	0.1167	0.1247	0.1422	0.1795
1399	0.2467	0.2494	0.2453	0.2454	0.2303	0.2376	0.2402	0.2445	0.2498	0.2045	0.2041	0.2059	0.2144	0.2273	0.2438	0.1655	0.1615	0.1651	0.1748	0.1923	0.2243	0.1199	0.1138	0.1120	0.1153	0.1232	0.1408	0.1781
1400	0.2439	0.2465	0.2425	0.2425	0.2275	0.2346	0.2373	0.2418	0.2470	0.2021	0.2017	0.2035	0.2120	0.2249	0.2414	0.1637	0.1597	0.1631	0.1728	0.1902	0.2221	0.1186	0.1126	0.1108	0.1138	0.1218	0.1394	0.1767
1401	0.2410	0.2437	0.2396	0.2396	0.2247	0.2319	0.2346	0.2390	0.2443	0.1999	0.1993	0.2010	0.2096	0.2226	0.2390	0.1617	0.1579	0.1612	0.1707	0.1883	0.2202	0.1174	0.1113	0.1095	0.1125	0.1205	0.1381	0.1755
1402	0.2383	0.2409	0.2368	0.2368	0.2221	0.2294	0.2319	0.2362	0.2416	0.1976	0.1970	0.1985	0.2072	0.2203	0.2365	0.1596	0.1561	0.1594	0.1688	0.1864	0.2183	0.1161	0.1100	0.1083	0.1112	0.1194	0.1368	0.1743
1403	0.2356	0.2383	0.2342	0.2342	0.2195	0.2270	0.2293	0.2336	0.2390	0.1954	0.1948	0.1962	0.2050	0.2181	0.2343	0.1579	0.1543	0.1577	0.1670	0.1846	0.2164	0.1148	0.1087	0.1070	0.1100	0.1183	0.1355	0.1730
1404	0.2329	0.2358	0.2316	0.2316	0.2170	0.2246	0.2268	0.2311	0.2364	0.1932	0.1926	0.1939	0.2029	0.2158	0.2321	0.1562	0.1525	0.1560	0.1653	0.1828	0.2144	0.1135	0.1075	0.1058	0.1088	0.1172	0.1343	0.1716
1405	0.2304	0.2333	0.2291	0.2291	0.2145	0.2223	0.2243	0.2288	0.2341	0.1910	0.1904	0.1918	0.2008	0.2137	0.2300	0.1544	0.1508	0.1543	0.1635	0.1810	0.2127	0.1122	0.1064	0.1047	0.1076	0.1161	0.1331	0.1704
1406	0.2280	0.2308	0.2267	0.2266	0.2121	0.2200	0.2220	0.2266	0.2318	0.1887	0.1883	0.1899	0.1987	0.2115	0.2279	0.1526	0.1492	0.1526	0.1619	0.1793	0.2110	0.1110	0.1053	0.1036	0.1065	0.1151	0.1319	0.1692
1407	0.2258	0.2285	0.2243	0.2243	0.2099	0.2178	0.2198	0.2245	0.2295	0.1867	0.1865	0.1879	0.1968	0.2096	0.2259	0.1510	0.1477	0.1512	0.1604	0.1777	0.2094	0.1100	0.1042	0.1026	0.1055	0.1140	0.1309	0.1680
1408	0.2236	0.2263	0.2219	0.2220	0.2079	0.2157	0.2178	0.2223	0.2273	0.1849	0.1847	0.1860	0.1950	0.2077	0.2240	0.1496	0.1463	0.1498	0.1589	0.1761	0.2078	0.1090	0.1031	0.1016	0.1045	0.1129	0.1300	0.1669
1409	0.2214	0.2242	0.2198	0.2199	0.2059	0.2137	0.2158	0.2204	0.2252	0.1831	0.1830	0.1843	0.1933	0.2058	0.2222	0.1483	0.1449	0.1484	0.1575	0.1746	0.2063	0.1081	0.1021	0.1006	0.1035	0.1119	0.1291	0.1658
1410	0.2194	0.2223	0.2178	0.2179	0.2040	0.2117	0.2140	0.2186	0.2233	0.1815	0.1814	0.1826	0.1915	0.2041	0.2204	0.1471	0.1436	0.1470	0.1562	0.1732	0.2049	0.1071	0.1012	0.0996	0.1025	0.1109	0.1282	0.1648
1411	0.2176	0.2205	0.2160	0.2161	0.2022	0.2100	0.2123	0.2169	0.2215	0.1799	0.1799	0.1811	0.1900	0.2026	0.2188	0.1459	0.1424	0.1457	0.1549	0.1719	0.2037	0.1063	0.1004	0.0987	0.1016	0.1101	0.1273	0.1638
1412	0.2160	0.2188	0.2143	0.2145	0.2006	0.2084	0.2107	0.2153	0.2199	0.1784	0.1784	0.1798	0.1886	0.2012	0.2172	0.1448	0.1413	0.1445	0.1537	0.1708	0.2026	0.1055	0.0996	0.0979	0.1008	0.1094	0.1264	0.1630
1413	0.2144	0.2172	0.2128	0.2129	0.1991	0.2068	0.2092	0.2137	0.2184	0.1770	0.1772	0.1784	0.1873	0.1997	0.2157	0.1437	0.1403	0.1434	0.1527	0.1697	0.2015	0.1049	0.0989	0.0972	0.1000	0.1087	0.1256	0.1622
1414	0.2130	0.2157	0.2114	0.2114	0.1976	0.2054	0.2077	0.2122	0.2170	0.1758	0.1761	0.1772	0.1859	0.1983	0.2144	0.1426	0.1393	0.1424	0.1517	0.1687	0.2004	0.1042	0.0982	0.0966	0.0994	0.1081	0.1250	0.1616
1415	0.2117	0.2144	0.2100	0.2100	0.1962	0.2042	0.2064	0.2108	0.2157	0.1747	0.1750	0.1760	0.1847	0.1971	0.2132	0.1417	0.1384	0.1415	0.1508	0.1677	0.1994	0.1036	0.0975	0.0960	0.0988	0.1074	0.1243	0.1609
1416	0.2106	0.2131	0.2089	0.2087	0.1950	0.2031	0.2053	0.2097	0.2145	0.1736	0.1739	0.1750	0.1837	0.1962	0.2122	0.1408	0.1375	0.1408	0.1500	0.1669	0.1986	0.1031	0.0969	0.0955	0.0984	0.1067	0.1237	0.1603
1417	0.2094	0.2120	0.2079	0.2076	0.1939	0.2020	0.2042	0.2086	0.2133	0.1726	0.1729	0.1742	0.1828	0.1954	0.2112	0.1401	0.1367	0.1401	0.1492	0.1661	0.1979	0.1025	0.0964	0.0951	0.0979	0.1061	0.1232	0.1597
1418	0.2083	0.2110	0.2069	0.2064	0.1929	0.2010	0.2032	0.2076	0.2122	0.1717	0.1719	0.1733	0.1819	0.1945	0.2103	0.1395	0.1361	0.1396	0.1485	0.1654	0.1972	0.1020	0.0960	0.0947	0.0975	0.1056	0.1226	0.1591
1419	0.2072	0.2100	0.2060	0.2054	0.1921	0.2000	0.2023	0.2066	0.2113	0.1709	0.1710	0.1725	0.1811	0.1936	0.2094	0.1389	0.1356	0.1391	0.1479	0.1648	0.1965	0.1015	0.0956	0.0943	0.0970	0.1051	0.1221	0.1586
1420	0.2063	0.2091	0.2052	0.2044	0.1913	0.1993	0.2016	0.2058	0.2104	0.1703	0.1703	0.1717	0.1804	0.1928	0.2086	0.1384	0.1351	0.1384	0.1473	0.1642	0.1959	0.1011	0.0952	0.0939	0.0966	0.1047	0.1217	0.1581
1421	0.2055	0.2082	0.2044	0.2036	0.1906	0.1985	0.2008	0.2049	0.2096	0.1696	0.1697	0.1711	0.1796	0.1920	0.2080	0.1379	0.1345	0.1377	0.1467	0.1636	0.1953	0.1008	0.0948	0.0935	0.0963	0.1044	0.1213	0.1577
1422	0.2047	0.2074	0.2036	0.2029	0.1897	0.1978	0.2000	0.2042	0.2089	0.1690	0.1690	0.1706	0.1790	0.1914	0.2074	0.1374	0.1340	0.1370	0.1462	0.1630	0.1947	0.1004	0.0945	0.0931	0.0959	0.1040	0.1208	0.1573
1423	0.2039	0.2067	0.2027	0.2021	0.1889	0.1971	0.1993	0.2035	0.2082	0.1684	0.1683	0.1700	0.1783	0.1908	0.2068	0.1369	0.1335	0.1365	0.1457	0.1624	0.1940	0.1001	0.0941	0.0928	0.0956	0.1037	0.1204	0.1570
1424	0.2032	0.2060	0.2019	0.2014	0.1883	0.1964	0.1986	0.2028	0.2076	0.1680	0.1676	0.1694	0.1776	0.1903	0.2062	0.1364	0.1330	0.1360	0.1454	0.1618	0.1935	0.0998	0.0938	0.0926	0.0953	0.1035	0.1202	0.1566
1425	0.2024	0.2053	0.2011	0.2007	0.1876	0.1957	0.1979	0.2021	0.2069	0.1675	0.1670	0.1688	0.1769	0.1898	0.2056	0.1360	0.1325	0.1355	0.1449	0.1613	0.1929	0.0995	0.0936	0.0923	0.0950	0.1032	0.1199	0.1562
1426	0.2017	0.2047	0.2005	0.2001	0.1870	0.1950	0.1973	0.2014	0.2062	0.1668	0.1665	0.1682	0.1764	0.1892	0.2050	0.1356	0.1322	0.1352	0.1444	0.1608	0.1924	0.0992	0.0933	0.0919	0.0947	0.1028	0.1195	0.1559
1427	0.2010	0.2042	0.1998	0.1995	0.1863	0.1943	0.1966	0.2008	0.2055	0.1662	0.1660	0.1676	0.1759	0.1887	0.2043	0.1352	0.1318	0.1348	0.1439	0.1603	0.1918	0.0988	0.0931	0.0916	0.0944	0.1024	0.1191	0.1557
1428	0.2005	0.2036	0.1993	0.1988	0.1858	0.1938	0.1960	0.2002	0.2050	0.1657	0.1656	0.1672	0.1754	0.1881	0.2037	0.1347	0.1313	0.1345	0.1435	0.1600	0.1914	0.0986	0.0928	0.0913	0.0942	0.1022	0.1189	0.1554
1429	0.1999	0.2029	0.1988	0.1982	0.1853	0.1932	0.1955	0.1996	0.2044	0.1652	0.1651	0.1667	0.1749	0.1876	0.2031	0.1342	0.1309	0.1341	0.1431	0.1597	0.1909	0.0983	0.0926	0.0910	0.0939	0.1019	0.1187	0.1551
1430	0.1992	0.2023	0.1981	0.1976	0.1848	0.1927	0.1949	0.1990	0.2038	0.1647	0.1645	0.1663	0.1744	0.1871	0.2025	0.1339	0.1305	0.1338	0.1427	0.1591	0.1904	0.0980	0.0923	0.0908	0.0936	0.1016	0.1183	0.1547
1431	0.1986	0.2017	0.1975	0.1970	0.1843	0.1921	0.1944	0.1984	0.2032	0.1641	0.1640	0.1660	0.1740	0.1866	0.2020	0.1335	0.1302	0.1334	0.1423	0.1586	0.1898	0.0976	0.0921	0.0906	0.0934	0.1013	0.1180	0.1543
1432	0.1981	0.2013	0.1970	0.1965	0.1838	0.1917	0.1939	0.1979	0.2027	0.1637	0.1636	0.1655	0.1735	0.1861	0.2016	0.1331	0.1299	0.1330	0.1420	0.1583	0.1894	0.0975	0.0918	0.0904	0.0931	0.1012	0.1177	0.1540
1433	0.1976	0.2008	0.1964	0.1960	0.1832	0.1912	0.1935	0.1975	0.2022	0.1633	0.1632	0.1650	0.1731	0.1857	0.2011	0.1327	0.1296	0.1326	0.1418	0.1581	0.1890	0.0973	0.0916	0.0902	0.0927	0.1011	0.1175	0.1537
1434	0.1971	0.2003	0.1959	0.1955	0.1827	0.1908	0.1930	0.1970	0.2016	0.1629	0.1628	0.1645	0.1727	0.1853	0.2007	0.1323	0.1293	0.1323	0.1415	0.1577	0.1887	0.0971	0.0913	0.0900	0.0926	0.1008	0.1172	0.1534
1435	0.1966	0.1999	0.1955	0.1950	0.1822	0.1903	0.1926	0.1965	0.2012	0.1625	0.1624	0.1640	0.1723	0.1848	0.2002	0.1320	0.1290	0.1319	0.1411	0.1573	0.1884	0.0968	0.0910	0.0898	0.0924	0.1006	0.1169	0.1532
1436	0.1961	0.1994	0.1951	0.1946	0.1818	0.1898	0.1922	0.1962	0.2008	0.1621	0.1621	0.1637	0.1720	0.1845	0.1999	0.1317	0.1287	0.1317	0.1408	0.1570	0.1881	0.0967	0.0909	0.0897	0.0923	0.1003	0.1166	0.1529
1437	0.1956	0.1990	0.1948	0.1941	0.1814	0.1893	0.1917	0.1959	0.2004	0.1617	0.1619	0.1635	0.1716	0.1841	0.1996	0.1314	0.1285	0.1314	0.1405	0.1566	0.1878	0.0965	0.0908	0.0896	0.0921	0.1001	0.1164	0.1526
1438	0.1952	0.1986	0.1943	0.1937	0.1810	0.1889	0.1914	0.1956	0.2001	0.1615	0.1616	0.1632	0.1713	0.1838	0.1993	0.1312	0.1283	0.1312	0.1403	0.1563	0.1875	0.0963	0.0907	0.0895	0.0918	0.1000	0.1163	0.1524
1439	0.1947	0.1982	0.1937	0.1934	0.1806	0.1886	0.1910	0.1952	0.1997	0.1612	0.1612	0.1630	0.1710	0.1834	0.1989	0.1310	0.1281	0.1311	0.1402	0.1561	0.1872	0.0961	0.0905	0.0893	0.0915	0.0998	0.1161	0.1521
1440	0.1944	0.1979	0.1934	0.1931	0.1802	0.1883	0.1906	0.1949	0.1994	0.1610	0.1610	0.1627	0.1708	0.1831	0.1986	0.1308	0.1279	0.1309	0.1400	0.1559	0.1869	0.0959	0.0903	0.0891	0.0913	0.0997	0.1160	0.1518
1441	0.1942	0.1976	0.1930	0.1928	0.1799	0.1880	0.1901	0.1945	0.1991	0.1608	0.1608	0.1624	0.1705	0.1828	0.1984	0.1306	0.1278	0.1307	0.1398	0.1557	0.1866	0.0958	0.0901	0.0889	0.0912	0.0995	0.1159	0.1516
1442	0.1939	0.1973	0.1928	0.1925	0.1797	0.1878	0.1899	0.1942	0.1988	0.1605	0.1605	0.1622	0.1703	0.1826	0.1982	0.1305	0.1276	0.1305	0.1396	0.1555	0.1863	0.0956	0.0900	0.0888	0.0911	0.0994	0.1158	0.1515
1443	0.1937	0.1969	0.1926	0.1923	0.1796	0.1876	0.1897	0.1940	0.1986	0.1603	0.1603	0.1620	0.1701	0.1825	0.1979	0.1304	0.1275	0.1303	0.1393	0.1554	0.1861	0.0954	0.0900	0.0887	0.0910	0.0993	0.1156	0.1514
1444	0.1935	0.1967	0.1924	0.1920	0.1794	0.1873	0.1895	0.1937	0.1983	0.1601	0.1601	0.1618	0.1699	0.1823	0.1976	0.1302	0.1273	0.1301	0.1391	0.1552	0.1859	0.0953	0.0898	0.0886	0.0909	0.0992	0.1155	0.1513
1445	0.1933	0.1965	0.1923	0.1917	0.1791	0.1871	0.1893	0.1934	0.1981	0.1600	0.1599	0.1616	0.1697	0.1821	0.1974	0.1301	0.1272	0.1300	0.1389	0.1550	0.1858	0.0952	0.0896	0.0885	0.0909	0.0992	0.1155	0.1511
1446	0.1931	0.1963	0.1921	0.1915	0.1789	0.1869	0.1891	0.1933	0.1978	0.1598	0.1597	0.1615	0.1695	0.1819	0.1972	0.1299	0.1271	0.1299	0.1388	0.1549	0.1857	0.0952	0.0896	0.0884	0.0909	0.0992	0.1153	0.1510
1447	0.1929	0.1961	0.1919	0.1913	0.1787	0.1868	0.1890	0.1932	0.1976	0.1597	0.1597	0.1615	0.1693	0.1817	0.1970	0.1298	0.1270	0.1298	0.1387	0.1548	0.1856	0.0952	0.0896	0.0884	0.0908	0.0991	0.1152	0.1509
1448	0.1927	0.1960	0.1918	0.1912	0.1786	0.1866	0.1888	0.1930	0.1975	0.1595	0.1596	0.1614	0.1692	0.1815	0.1969	0.1297	0.1269	0.1296	0.1387	0.1547	0.1854	0.0952	0.0896	0.0883	0.0908	0.0990	0.1150	0.1508
1449	0.1925	0.1959	0.1916	0.1910	0.1785	0.1865	0.1886	0.1928	0.1974	0.1594	0.1596	0.1612	0.1691	0.1813	0.1967	0.1297	0.1268	0.1296	0.1387	0.1547	0.1852	0.0950	0.0895	0.0882	0.0907	0.0989	0.1148	0.1507
1450	0.1924	0.1958	0.1915	0.1908	0.1784	0.1863	0.1885	0.1927	0.1972	0.1593	0.1595	0.1611	0.1690	0.1812	0.1966	0.1297	0.1267	0.1296	0.1386	0.1546	0.1851	0.0949	0.0895	0.0881	0.0907	0.0988	0.1147	0.1505
1451	0.1923	0.1957	0.1915	0.1908	0.1784	0.1862	0.1884	0.1926	0.1971	0.1592	0.1594	0.1609	0.1689	0.1811	0.1966	0.1296	0.1267	0.1296	0.1385	0.1545	0.1849	0.0949	0.0894	0.0881	0.0907	0.0987	0.1148	0.1504
1452	0.1922	0.1956	0.1914	0.1907	0.1783	0.1861	0.1883	0.1925	0.1970	0.1592	0.1593	0.1608	0.1688	0.1810	0.1965	0.1296	0.1268	0.1295	0.1384	0.1544	0.1848	0.0949	0.0894	0.0881	0.0908	0.0986	0.1148	0.1503
1453	0.1922	0.1955	0.1912	0.1906	0.1782	0.1861	0.1883	0.1925	0.1969	0.1592	0.1593	0.1607	0.1687	0.1809	0.1964	0.1296	0.1268	0.1296	0.1384	0.1543	0.1847	0.0950	0.0894	0.0880	0.0909	0.0986	0.1147	0.1503
1454	0.1922	0.1955	0.1912	0.1906	0.1781	0.1861	0.1883	0.1926	0.1969	0.1593	0.1593	0.1607	0.1686	0.1808	0.1964	0.1297	0.1267	0.1296	0.1384	0.1543	0.1847	0.0950	0.0894	0.0880	0.0910	0.0985	0.1146	0.1503
1455	0.1922	0.1956	0.1911	0.1906	0.1782	0.1861	0.1884	0.1926	0.1969	0.1593	0.1593	0.1608	0.1687	0.1809	0.1964	0.1296	0.1266	0.1296	0.1383	0.1544	0.1847	0.0951	0.0894	0.0880	0.0909	0.0985	0.1146	0.1503
1456	0.1922	0.1956	0.1911	0.1907	0.1782	0.1862	0.1884	0.1926	0.1969	0.1594	0.1593	0.1609	0.1687	0.1810	0.1964	0.1296	0.1266	0.1297	0.1382	0.1544	0.1846	0.0951	0.0894	0.0880	0.0909	0.0985	0.1146	0.1502
1457	0.1922	0.1956	0.1911	0.1907	0.1782	0.1863	0.1883	0.1926	0.1969	0.1593	0.1593	0.1609	0.1687	0.1810	0.1964	0.1297	0.1265	0.1296	0.1381	0.1544	0.1846	0.0951	0.0895	0.0880	0.0909	0.0985	0.1146	0.1501
1458	0.1922	0.1956	0.1912	0.1908	0.1783	0.1864	0.1884	0.1926	0.1970	0.1593	0.1593	0.1610	0.1688	0.1811	0.1965	0.1298	0.1266	0.1297	0.1381	0.1545	0.1845	0.0951	0.0895	0.0881	0.0909	0.0986	0.1147	0.1501
1459	0.1924	0.1957	0.1913	0.1909	0.1784	0.1866	0.1885	0.1926	0.1972	0.1592	0.1594	0.1611	0.1688	0.1812	0.1965	0.1299	0.1267	0.1298	0.1382	0.1545	0.1845	0.0952	0.0894	0.0881	0.0910	0.0987	0.1147	0.1500
1460	0.1925	0.1958	0.1915	0.1910	0.1785	0.1867	0.1887	0.1927	0.1974	0.1592	0.1596	0.1612	0.1689	0.1813	0.1966	0.1300	0.1268	0.1298	0.1384	0.1546	0.1845	0.0953	0.0895	0.0882	0.0911	0.0988	0.1147	0.1501
1461	0.1927	0.1960	0.1917	0.1911	0.1786	0.1869	0.1888	0.1929	0.1976	0.1594	0.1597	0.1613	0.1690	0.1814	0.1967	0.1301	0.1270	0.1298	0.1385	0.1547	0.1846	0.0953	0.0896	0.0884	0.0912	0.0989	0.1148	0.1501
1462	0.1929	0.1961	0.1919	0.1913	0.1788	0.1870	0.1889	0.1931	0.1977	0.1596	0.1599	0.1615	0.1692	0.1816	0.1968	0.1302	0.1272	0.1299	0.1388	0.1548	0.1847	0.0954	0.0897	0.0885	0.0913	0.0990	0.1148	0.1502
1463	0.1932	0.1964	0.1921	0.1916	0.1791	0.1872	0.1893	0.1933	0.1979	0.1599	0.1601	0.1616	0.1695	0.1818	0.1969	0.1304	0.1274	0.1301	0.1390	0.1548	0.1848	0.0955	0.0898	0.0885	0.0914	0.0992	0.1149	0.1502
1464	0.1935	0.1968	0.1924	0.1919	0.1794	0.1874	0.1896	0.1935	0.1981	0.1602	0.1604	0.1618	0.1697	0.1820	0.1971	0.1306	0.1275	0.1303	0.1391	0.1549	0.1849	0.0957	0.0900	0.0885	0.0915	0.0993	0.1150	0.1503
1465	0.1938	0.1971	0.1927	0.1922	0.1796	0.1878	0.1899	0.1938	0.1983	0.1605	0.1607	0.1621	0.1699	0.1822	0.1973	0.1308	0.1278	0.1305	0.1393	0.1551	0.1851	0.0959	0.0901	0.0887	0.0916	0.0994	0.1152	0.1504
1466	0.1941	0.1975	0.1930	0.1925	0.1799	0.1881	0.1902	0.1942	0.1986	0.1608	0.1610	0.1624	0.1702	0.1825	0.1975	0.1310	0.1280	0.1308	0.1395	0.1554	0.1854	0.0962	0.0903	0.0889	0.0918	0.0995	0.1154	0.1505
1467	0.1945	0.1979	0.1935	0.1930	0.1803	0.1885	0.1906	0.1946	0.1990	0.1611	0.1613	0.1628	0.1706	0.1828	0.1978	0.1314	0.1283	0.1310	0.1397	0.1557	0.1857	0.0964	0.0905	0.0890	0.0920	0.0998	0.1157	0.1506
1468	0.1949	0.1983	0.1939	0.1934	0.1807	0.1890	0.1909	0.1950	0.1994	0.1614	0.1616	0.1631	0.1710	0.1831	0.1981	0.1317	0.1285	0.1313	0.1399	0.1560	0.1860	0.0965	0.0908	0.0892	0.0922	0.1001	0.1159	0.1508
1469	0.1953	0.1987	0.1944	0.1939	0.1810	0.1894	0.1915	0.1954	0.1999	0.1619	0.1619	0.1636	0.1714	0.1835	0.1984	0.1321	0.1289	0.1316	0.1402	0.1563	0.1862	0.0968	0.0910	0.0896	0.0924	0.1001	0.1161	0.1510
1470	0.1958	0.1992	0.1948	0.1944	0.1814	0.1899	0.1920	0.1958	0.2004	0.1623	0.1623	0.1640	0.1717	0.1838	0.1988	0.1325	0.1292	0.1319	0.1405	0.1566	0.1864	0.0970	0.0912	0.0899	0.0926	0.1002	0.1163	0.1512
1471	0.1963	0.1997	0.1954	0.1948	0.1821	0.1904	0.1924	0.1963	0.2011	0.1628	0.1629	0.1644	0.1722	0.1843	0.1993	0.1329	0.1296	0.1323	0.1409	0.1569	0.1868	0.0972	0.0914	0.0900	0.0928	0.1004	0.1165	0.1515
1472	0.1969	0.2002	0.1960	0.1953	0.1827	0.1910	0.1928	0.1969	0.2017	0.1633	0.1635	0.1649	0.1726	0.1849	0.1998	0.1333	0.1300	0.1327	0.1414	0.1573	0.1871	0.0974	0.0916	0.0901	0.0930	0.1007	0.1167	0.1517
1473	0.1975	0.2008	0.1966	0.1959	0.1833	0.1914	0.1933	0.1974	0.2022	0.1638	0.1640	0.1654	0.1732	0.1854	0.2003	0.1337	0.1304	0.1330	0.1418	0.1578	0.1875	0.0978	0.0920	0.0904	0.0933	0.1010	0.1169	0.1519
1474	0.1980	0.2014	0.1971	0.1965	0.1839	0.1919	0.1939	0.1980	0.2027	0.1644	0.1645	0.1658	0.1737	0.1859	0.2008	0.1341	0.1309	0.1334	0.1422	0.1582	0.1878	0.0981	0.0923	0.0908	0.0936	0.1013	0.1171	0.1521
1475	0.1987	0.2021	0.1977	0.1971	0.1844	0.1925	0.1946	0.1986	0.2033	0.1650	0.1650	0.1663	0.1742	0.1863	0.2013	0.1346	0.1314	0.1339	0.1426	0.1586	0.1882	0.0983	0.0927	0.0912	0.0939	0.1015	0.1173	0.1524
1476	0.1994	0.2028	0.1984	0.1977	0.1849	0.1931	0.1952	0.1993	0.2039	0.1655	0.1656	0.1668	0.1746	0.1869	0.2019	0.1351	0.1319	0.1344	0.1430	0.1590	0.1886	0.0986	0.0930	0.0917	0.0942	0.1018	0.1176	0.1526
1477	0.2000	0.2034	0.1990	0.1984	0.1856	0.1937	0.1960	0.1998	0.2045	0.1660	0.1663	0.1675	0.1752	0.1874	0.2024	0.1355	0.1324	0.1348	0.1435	0.1594	0.1890	0.0990	0.0934	0.0920	0.0945	0.1022	0.1179	0.1530
1478	0.2006	0.2040	0.1997	0.1990	0.1863	0.1944	0.1967	0.2004	0.2052	0.1665	0.1668	0.1681	0.1757	0.1879	0.2030	0.1359	0.1328	0.1353	0.1440	0.1598	0.1894	0.0994	0.0938	0.0924	0.0947	0.1025	0.1182	0.1534
1479	0.2014	0.2047	0.2004	0.1998	0.1870	0.1952	0.1973	0.2010	0.2060	0.1672	0.1675	0.1688	0.1763	0.1885	0.2036	0.1364	0.1332	0.1358	0.1446	0.1603	0.1899	0.0996	0.0941	0.0929	0.0951	0.1028	0.1186	0.1536
1480	0.2022	0.2054	0.2012	0.2006	0.1877	0.1961	0.1980	0.2017	0.2068	0.1679	0.1681	0.1694	0.1769	0.1891	0.2042	0.1369	0.1336	0.1363	0.1451	0.1608	0.1904	0.0999	0.0944	0.0933	0.0954	0.1031	0.1190	0.1538
1481	0.2029	0.2061	0.2019	0.2013	0.1884	0.1968	0.1987	0.2024	0.2074	0.1685	0.1688	0.1700	0.1776	0.1898	0.2049	0.1374	0.1341	0.1368	0.1455	0.1613	0.1909	0.1003	0.0948	0.0937	0.0958	0.1034	0.1193	0.1541
1482	0.2037	0.2067	0.2026	0.2021	0.1892	0.1974	0.1994	0.2032	0.2081	0.1691	0.1695	0.1707	0.1782	0.1905	0.2056	0.1379	0.1345	0.1374	0.1459	0.1618	0.1914	0.1007	0.0952	0.0940	0.0962	0.1038	0.1196	0.1544
1483	0.2045	0.2076	0.2034	0.2029	0.1900	0.1982	0.2002	0.2040	0.2088	0.1698	0.1701	0.1713	0.1789	0.1911	0.2062	0.1385	0.1350	0.1379	0.1464	0.1623	0.1919	0.1011	0.0956	0.0944	0.0966	0.1042	0.1200	0.1548
1484	0.2053	0.2085	0.2043	0.2037	0.1907	0.1989	0.2011	0.2047	0.2094	0.1704	0.1707	0.1719	0.1795	0.1918	0.2069	0.1391	0.1356	0.1385	0.1470	0.1629	0.1924	0.1015	0.0959	0.0948	0.0969	0.1045	0.1204	0.1552
1485	0.2062	0.2093	0.2051	0.2045	0.1915	0.1997	0.2018	0.2055	0.2101	0.1711	0.1713	0.1726	0.1803	0.1924	0.2075	0.1397	0.1360	0.1390	0.1475	0.1634	0.1929	0.1019	0.0963	0.0951	0.0972	0.1049	0.1207	0.1555
1486	0.2070	0.2102	0.2059	0.2053	0.1923	0.2005	0.2025	0.2062	0.2108	0.1718	0.1720	0.1733	0.1809	0.1931	0.2081	0.1402	0.1365	0.1395	0.1481	0.1640	0.1935	0.1024	0.0966	0.0955	0.0975	0.1053	0.1210	0.1557
1487	0.2078	0.2109	0.2067	0.2060	0.1931	0.2013	0.2033	0.2070	0.2116	0.1725	0.1727	0.1740	0.1815	0.1937	0.2088	0.1407	0.1371	0.1401	0.1486	0.1645	0.1941	0.1027	0.0970	0.0957	0.0979	0.1057	0.1214	0.1562
1488	0.2087	0.2117	0.2075	0.2068	0.1939	0.2021	0.2042	0.2078	0.2124	0.1733	0.1735	0.1748	0.1822	0.1944	0.2095	0.1412	0.1377	0.1406	0.1492	0.1650	0.1946	0.1031	0.0975	0.0960	0.0984	0.1061	0.1218	0.1566
1489	0.2095	0.2125	0.2084	0.2077	0.1947	0.2028	0.2048	0.2087	0.2132	0.1741	0.1742	0.1755	0.1829	0.1951	0.2103	0.1418	0.1383	0.1412	0.1498	0.1655	0.1951	0.1035	0.0978	0.0964	0.0988	0.1065	0.1221	0.1570
1490	0.2102	0.2133	0.2092	0.2086	0.1955	0.2036	0.2055	0.2095	0.2140	0.1748	0.1748	0.1761	0.1836	0.1957	0.2111	0.1423	0.1389	0.1418	0.1504	0.1661	0.1957	0.1040	0.0981	0.0968	0.0993	0.1069	0.1225	0.1574
1491	0.2111	0.2142	0.2100	0.2095	0.1963	0.2045	0.2064	0.2103	0.2147	0.1756	0.1755	0.1768	0.1845	0.1964	0.2117	0.1429	0.1394	0.1424	0.1511	0.1667	0.1963	0.1046	0.0985	0.0972	0.0997	0.1073	0.1229	0.1577
1492	0.2120	0.2151	0.2109	0.2104	0.1971	0.2054	0.2072	0.2111	0.2156	0.1763	0.1762	0.1775	0.1853	0.1971	0.2123	0.1436	0.1400	0.1430	0.1517	0.1673	0.1968	0.1051	0.0989	0.0976	0.1001	0.1076	0.1232	0.1581
1493	0.2128	0.2159	0.2116	0.2114	0.1978	0.2061	0.2080	0.2118	0.2164	0.1770	0.1769	0.1782	0.1860	0.1978	0.2130	0.1442	0.1405	0.1435	0.1523	0.1678	0.1974	0.1055	0.0992	0.0980	0.1005	0.1080	0.1236	0.1585
1494	0.2136	0.2168	0.2124	0.2123	0.1987	0.2068	0.2088	0.2126	0.2172	0.1777	0.1775	0.1790	0.1867	0.1985	0.2137	0.1450	0.1410	0.1441	0.1529	0.1683	0.1980	0.1059	0.0995	0.0984	0.1009	0.1084	0.1240	0.1589
1495	0.2144	0.2178	0.2133	0.2133	0.1996	0.2076	0.2096	0.2135	0.2180	0.1784	0.1783	0.1796	0.1874	0.1993	0.2145	0.1455	0.1416	0.1446	0.1534	0.1689	0.1986	0.1064	0.0999	0.0988	0.1013	0.1089	0.1244	0.1593
1496	0.2151	0.2188	0.2142	0.2142	0.2004	0.2084	0.2104	0.2144	0.2188	0.1790	0.1792	0.1803	0.1881	0.2002	0.2152	0.1461	0.1422	0.1451	0.1541	0.1695	0.1991	0.1069	0.1004	0.0992	0.1017	0.1094	0.1248	0.1596
1497	0.2161	0.2196	0.2151	0.2151	0.2013	0.2093	0.2113	0.2153	0.2196	0.1798	0.1800	0.1810	0.1888	0.2010	0.2159	0.1466	0.1428	0.1457	0.1547	0.1701	0.1996	0.1073	0.1009	0.0996	0.1021	0.1098	0.1252	0.1599
1498	0.2170	0.2204	0.2160	0.2160	0.2020	0.2101	0.2122	0.2161	0.2203	0.1806	0.1808	0.1818	0.1895	0.2016	0.2166	0.1472	0.1435	0.1464	0.1552	0.1707	0.2001	0.1078	0.1013	0.1001	0.1026	0.1101	0.1255	0.1602
1499	0.2179	0.2213	0.2169	0.2168	0.2029	0.2110	0.2130	0.2169	0.2212	0.1814	0.1816	0.1826	0.1903	0.2024	0.2173	0.1477	0.1441	0.1471	0.1557	0.1713	0.2006	0.1082	0.1017	0.1005	0.1031	0.1104	0.1259	0.1606
1500	0.2189	0.2222	0.2178	0.2176	0.2039	0.2119	0.2138	0.2177	0.2221	0.1821	0.1823	0.1833	0.1910	0.2032	0.2180	0.1484	0.1447	0.1478	0.1562	0.1719	0.2012	0.1086	0.1021	0.1009	0.1035	0.1108	0.1263	0.1610
1501	0.2198	0.2231	0.2186	0.2185	0.2048	0.2128	0.2147	0.2184	0.2231	0.1829	0.1831	0.1841	0.1918	0.2040	0.2189	0.1491	0.1453	0.1484	0.1568	0.1725	0.2018	0.1091	0.1026	0.1014	0.1038	0.1112	0.1266	0.1614
1502	0.2207	0.2240	0.2195	0.2194	0.2056	0.2137	0.2156	0.2193	0.2240	0.1838	0.1837	0.1848	0.1925	0.2048	0.2197	0.1498	0.1458	0.1491	0.1574	0.1730	0.2024	0.1096	0.1032	0.1018	0.1042	0.1116	0.1269	0.1618
1503	0.2216	0.2249	0.2204	0.2203	0.2065	0.2145	0.2165	0.2201	0.2248	0.1847	0.1845	0.1856	0.1933	0.2055	0.2204	0.1504	0.1465	0.1496	0.1580	0.1736	0.2030	0.1100	0.1036	0.1022	0.1047	0.1120	0.1273	0.1621
1504	0.2225	0.2258	0.2214	0.2212	0.2074	0.2153	0.2173	0.2209	0.2256	0.1855	0.1853	0.1864	0.1940	0.2061	0.2211	0.1510	0.1472	0.1501	0.1586	0.1741	0.2037	0.1102	0.1041	0.1026	0.1051	0.1125	0.1278	0.1625
1505	0.2234	0.2266	0.2223	0.2221	0.2082	0.2162	0.2181	0.2217	0.2265	0.1862	0.1860	0.1872	0.1947	0.2068	0.2218	0.1516	0.1479	0.1507	0.1592	0.1747	0.2042	0.1106	0.1045	0.1030	0.1055	0.1129	0.1283	0.1629
1506	0.2244	0.2275	0.2231	0.2228	0.2091	0.2171	0.2189	0.2225	0.2273	0.1869	0.1868	0.1879	0.1953	0.2075	0.2225	0.1523	0.1485	0.1513	0.1599	0.1753	0.2046	0.1110	0.1050	0.1035	0.1059	0.1133	0.1288	0.1632
1507	0.2253	0.2284	0.2239	0.2237	0.2099	0.2179	0.2197	0.2234	0.2281	0.1876	0.1875	0.1887	0.1961	0.2082	0.2233	0.1529	0.1492	0.1519	0.1604	0.1759	0.2051	0.1114	0.1055	0.1038	0.1063	0.1137	0.1292	0.1636
1508	0.2261	0.2293	0.2248	0.2246	0.2107	0.2187	0.2206	0.2243	0.2289	0.1883	0.1883	0.1894	0.1969	0.2090	0.2242	0.1534	0.1497	0.1525	0.1610	0.1765	0.2056	0.1119	0.1060	0.1042	0.1068	0.1141	0.1297	0.1640
1509	0.2269	0.2301	0.2257	0.2256	0.2115	0.2195	0.2215	0.2252	0.2298	0.1891	0.1890	0.1902	0.1977	0.2097	0.2250	0.1540	0.1502	0.1531	0.1616	0.1771	0.2062	0.1123	0.1064	0.1046	0.1072	0.1146	0.1302	0.1644
1510	0.2278	0.2309	0.2267	0.2265	0.2123	0.2204	0.2223	0.2261	0.2306	0.1898	0.1898	0.1909	0.1985	0.2104	0.2256	0.1546	0.1508	0.1537	0.1622	0.1777	0.2068	0.1128	0.1068	0.1050	0.1077	0.1151	0.1307	0.1647
1511	0.2287	0.2317	0.2275	0.2274	0.2132	0.2213	0.2231	0.2270	0.2314	0.1905	0.1905	0.1915	0.1992	0.2111	0.2263	0.1552	0.1514	0.1544	0.1628	0.1783	0.2073	0.1132	0.1072	0.1054	0.1080	0.1155	0.1312	0.1650
1512	0.2297	0.2325	0.2284	0.2282	0.2141	0.2223	0.2240	0.2279	0.2322	0.1912	0.1913	0.1922	0.2000	0.2118	0.2270	0.1559	0.1521	0.1550	0.1633	0.1789	0.2079	0.1136	0.1076	0.1058	0.1084	0.1159	0.1317	0.1653
1513	0.2307	0.2334	0.2293	0.2291	0.2150	0.2231	0.2248	0.2287	0.2330	0.1919	0.1921	0.1929	0.2007	0.2126	0.2278	0.1565	0.1527	0.1557	0.1638	0.1795	0.2085	0.1139	0.1081	0.1061	0.1087	0.1163	0.1321	0.1657
1514	0.2315	0.2344	0.2302	0.2300	0.2159	0.2239	0.2256	0.2295	0.2339	0.1927	0.1928	0.1938	0.2013	0.2133	0.2286	0.1572	0.1534	0.1563	0.1645	0.1800	0.2091	0.1143	0.1086	0.1066	0.1090	0.1168	0.1324	0.1660
1515	0.2323	0.2353	0.2310	0.2309	0.2168	0.2247	0.2264	0.2303	0.2347	0.1935	0.1936	0.1947	0.2020	0.2141	0.2293	0.1579	0.1540	0.1569	0.1650	0.1806	0.2097	0.1148	0.1090	0.1070	0.1095	0.1172	0.1328	0.1663
1516	0.2331	0.2362	0.2319	0.2318	0.2176	0.2255	0.2272	0.2311	0.2356	0.1943	0.1943	0.1954	0.2028	0.2148	0.2299	0.1584	0.1545	0.1575	0.1656	0.1811	0.2104	0.1152	0.1094	0.1075	0.1100	0.1177	0.1332	0.1668
1517	0.2340	0.2371	0.2327	0.2327	0.2184	0.2263	0.2280	0.2319	0.2364	0.1951	0.1950	0.1962	0.2037	0.2155	0.2306	0.1589	0.1550	0.1580	0.1662	0.1817	0.2109	0.1157	0.1098	0.1079	0.1105	0.1181	0.1336	0.1672
1518	0.2349	0.2380	0.2335	0.2336	0.2192	0.2272	0.2289	0.2327	0.2372	0.1959	0.1958	0.1969	0.2044	0.2162	0.2312	0.1596	0.1555	0.1586	0.1668	0.1822	0.2114	0.1161	0.1102	0.1083	0.1109	0.1184	0.1339	0.1677
1519	0.2358	0.2390	0.2343	0.2343	0.2199	0.2280	0.2298	0.2335	0.2380	0.1967	0.1965	0.1975	0.2051	0.2168	0.2319	0.1602	0.1561	0.1592	0.1673	0.1827	0.2119	0.1165	0.1106	0.1087	0.1113	0.1188	0.1342	0.1681
1520	0.2365	0.2399	0.2351	0.2351	0.2208	0.2287	0.2306	0.2343	0.2388	0.1974	0.1972	0.1982	0.2059	0.2176	0.2327	0.1607	0.1568	0.1597	0.1679	0.1832	0.2125	0.1169	0.1110	0.1091	0.1116	0.1191	0.1345	0.1684
1521	0.2373	0.2407	0.2359	0.2359	0.2216	0.2295	0.2314	0.2351	0.2395	0.1981	0.1979	0.1988	0.2066	0.2183	0.2334	0.1612	0.1574	0.1603	0.1685	0.1838	0.2130	0.1173	0.1113	0.1094	0.1119	0.1195	0.1349	0.1687
1522	0.2382	0.2415	0.2367	0.2367	0.2224	0.2303	0.2322	0.2359	0.2402	0.1987	0.1986	0.1994	0.2073	0.2190	0.2341	0.1618	0.1579	0.1608	0.1691	0.1843	0.2135	0.1177	0.1116	0.1098	0.1122	0.1198	0.1352	0.1690
1523	0.2390	0.2423	0.2375	0.2375	0.2231	0.2311	0.2330	0.2367	0.2409	0.1994	0.1993	0.2001	0.2079	0.2197	0.2347	0.1624	0.1584	0.1614	0.1696	0.1849	0.2140	0.1180	0.1120	0.1102	0.1126	0.1202	0.1356	0.1693
1524	0.2399	0.2431	0.2383	0.2383	0.2239	0.2319	0.2338	0.2375	0.2417	0.2001	0.2000	0.2008	0.2085	0.2204	0.2353	0.1629	0.1588	0.1619	0.1703	0.1855	0.2146	0.1184	0.1125	0.1105	0.1131	0.1206	0.1360	0.1696
1525	0.2407	0.2439	0.2391	0.2391	0.2247	0.2326	0.2345	0.2382	0.2424	0.2009	0.2007	0.2015	0.2092	0.2211	0.2360	0.1635	0.1593	0.1625	0.1709	0.1861	0.2152	0.1188	0.1129	0.1109	0.1135	0.1210	0.1364	0.1699
1526	0.2415	0.2446	0.2400	0.2399	0.2255	0.2334	0.2353	0.2390	0.2432	0.2015	0.2013	0.2022	0.2097	0.2217	0.2366	0.1640	0.1600	0.1630	0.1713	0.1866	0.2158	0.1192	0.1131	0.1112	0.1139	0.1213	0.1367	0.1703
1527	0.2423	0.2454	0.2408	0.2406	0.2263	0.2341	0.2361	0.2398	0.2440	0.2022	0.2019	0.2030	0.2103	0.2223	0.2372	0.1646	0.1606	0.1634	0.1717	0.1871	0.2164	0.1195	0.1134	0.1116	0.1142	0.1217	0.1370	0.1707
1528	0.2431	0.2463	0.2415	0.2415	0.2269	0.2349	0.2368	0.2406	0.2448	0.2028	0.2025	0.2037	0.2111	0.2230	0.2379	0.1651	0.1611	0.1640	0.1723	0.1876	0.2169	0.1200	0.1139	0.1119	0.1145	0.1221	0.1374	0.1709
1529	0.2439	0.2471	0.2423	0.2424	0.2276	0.2357	0.2375	0.2413	0.2455	0.2035	0.2032	0.2044	0.2118	0.2236	0.2385	0.1657	0.1616	0.1645	0.1729	0.1880	0.2174	0.1205	0.1143	0.1123	0.1148	0.1224	0.1377	0.1711
1530	0.2447	0.2478	0.2431	0.2433	0.2284	0.2365	0.2382	0.2420	0.2463	0.2043	0.2039	0.2051	0.2126	0.2243	0.2392	0.1662	0.1621	0.1649	0.1734	0.1885	0.2179	0.1208	0.1146	0.1127	0.1152	0.1227	0.1381	0.1714
1531	0.2454	0.2485	0.2439	0.2441	0.2292	0.2372	0.2389	0.2427	0.2471	0.2049	0.2045	0.2057	0.2133	0.2250	0.2399	0.1667	0.1626	0.1654	0.1740	0.1891	0.2183	0.1211	0.1150	0.1131	0.1156	0.1230	0.1384	0.1718
1532	0.2461	0.2493	0.2448	0.2449	0.2299	0.2379	0.2397	0.2434	0.2479	0.2056	0.2052	0.2063	0.2140	0.2256	0.2406	0.1672	0.1632	0.1661	0.1744	0.1897	0.2188	0.1215	0.1153	0.1135	0.1160	0.1232	0.1388	0.1722
1533	0.2468	0.2501	0.2456	0.2456	0.2307	0.2387	0.2405	0.2441	0.2487	0.2063	0.2058	0.2070	0.2146	0.2263	0.2412	0.1677	0.1637	0.1667	0.1749	0.1903	0.2192	0.1219	0.1156	0.1139	0.1164	0.1235	0.1391	0.1726
1534	0.2475	0.2508	0.2464	0.2463	0.2315	0.2394	0.2412	0.2448	0.2495	0.2069	0.2066	0.2077	0.2153	0.2268	0.2418	0.1683	0.1643	0.1671	0.1754	0.1908	0.2197	0.1223	0.1160	0.1143	0.1167	0.1239	0.1395	0.1730
1535	0.2483	0.2516	0.2472	0.2470	0.2323	0.2402	0.2419	0.2455	0.2502	0.2075	0.2073	0.2084	0.2160	0.2274	0.2423	0.1689	0.1648	0.1676	0.1759	0.1913	0.2202	0.1227	0.1164	0.1146	0.1170	0.1243	0.1398	0.1733
1536	0.2490	0.2524	0.2478	0.2477	0.2331	0.2409	0.2426	0.2462	0.2508	0.2081	0.2080	0.2089	0.2166	0.2281	0.2428	0.1694	0.1653	0.1681	0.1764	0.1918	0.2208	0.1231	0.1167	0.1150	0.1174	0.1246	0.1401	0.1735
1537	0.2497	0.2531	0.2485	0.2485	0.2339	0.2416	0.2433	0.2470	0.2515	0.2087	0.2086	0.2094	0.2173	0.2288	0.2434	0.1699	0.1659	0.1686	0.1768	0.1923	0.2212	0.1234	0.1170	0.1153	0.1177	0.1250	0.1403	0.1737
1538	0.2505	0.2537	0.2492	0.2493	0.2344	0.2423	0.2440	0.2476	0.2521	0.2092	0.2092	0.2101	0.2179	0.2294	0.2440	0.1703	0.1662	0.1691	0.1773	0.1928	0.2216	0.1238	0.1174	0.1157	0.1181	0.1252	0.1407	0.1740
1539	0.2513	0.2543	0.2499	0.2501	0.2350	0.2430	0.2447	0.2482	0.2528	0.2098	0.2098	0.2107	0.2185	0.2299	0.2447	0.1708	0.1666	0.1695	0.1778	0.1932	0.2219	0.1242	0.1178	0.1161	0.1184	0.1254	0.1410	0.1743
1540	0.2521	0.2550	0.2507	0.2507	0.2357	0.2436	0.2454	0.2489	0.2534	0.2105	0.2104	0.2114	0.2189	0.2304	0.2453	0.1713	0.1670	0.1700	0.1784	0.1937	0.2223	0.1246	0.1182	0.1166	0.1186	0.1258	0.1413	0.1747
1541	0.2529	0.2557	0.2514	0.2514	0.2365	0.2442	0.2461	0.2496	0.2541	0.2111	0.2110	0.2120	0.2195	0.2309	0.2460	0.1719	0.1674	0.1705	0.1789	0.1941	0.2227	0.1249	0.1186	0.1170	0.1188	0.1261	0.1416	0.1751
1542	0.2536	0.2565	0.2521	0.2521	0.2372	0.2450	0.2467	0.2504	0.2547	0.2117	0.2116	0.2125	0.2201	0.2315	0.2465	0.1723	0.1679	0.1709	0.1795	0.1946	0.2231	0.1253	0.1189	0.1173	0.1192	0.1264	0.1418	0.1754
1543	0.2543	0.2573	0.2528	0.2528	0.2379	0.2458	0.2474	0.2512	0.2554	0.2124	0.2121	0.2131	0.2206	0.2322	0.2470	0.1728	0.1684	0.1714	0.1800	0.1951	0.2236	0.1257	0.1192	0.1175	0.1196	0.1267	0.1420	0.1757
1544	0.2551	0.2580	0.2534	0.2534	0.2386	0.2464	0.2481	0.2518	0.2560	0.2130	0.2127	0.2137	0.2213	0.2328	0.2476	0.1733	0.1689	0.1719	0.1803	0.1956	0.2241	0.1260	0.1195	0.1178	0.1199	0.1271	0.1424	0.1760
1545	0.2558	0.2588	0.2540	0.2541	0.2393	0.2471	0.2488	0.2524	0.2566	0.2136	0.2132	0.2143	0.2219	0.2335	0.2483	0.1739	0.1694	0.1723	0.1807	0.1960	0.2246	0.1263	0.1198	0.1181	0.1202	0.1274	0.1428	0.1762
1546	0.2563	0.2594	0.2547	0.2548	0.2399	0.2478	0.2495	0.2531	0.2573	0.2141	0.2140	0.2149	0.2225	0.2339	0.2487	0.1742	0.1699	0.1727	0.1812	0.1964	0.2250	0.1266	0.1202	0.1184	0.1205	0.1278	0.1432	0.1765
1547	0.2569	0.2600	0.2553	0.2555	0.2405	0.2484	0.2502	0.2537	0.2579	0.2146	0.2147	0.2155	0.2231	0.2343	0.2492	0.1745	0.1704	0.1731	0.1816	0.1968	0.2254	0.1268	0.1205	0.1186	0.1208	0.1281	0.1436	0.1767
1548	0.2576	0.2606	0.2559	0.2563	0.2411	0.2490	0.2508	0.2544	0.2586	0.2152	0.2153	0.2160	0.2237	0.2350	0.2498	0.1750	0.1709	0.1736	0.1821	0.1972	0.2258	0.1272	0.1208	0.1190	0.1211	0.1285	0.1440	0.1768
1549	0.2584	0.2613	0.2565	0.2571	0.2417	0.2496	0.2515	0.2550	0.2592	0.2158	0.2159	0.2165	0.2242	0.2356	0.2504	0.1755	0.1714	0.1741	0.1825	0.1976	0.2263	0.1275	0.1211	0.1194	0.1213	0.1290	0.1444	0.1770
1550	0.2589	0.2620	0.2572	0.2577	0.2423	0.2503	0.2521	0.2557	0.2598	0.2163	0.2165	0.2171	0.2248	0.2363	0.2510	0.1759	0.1717	0.1746	0.1829	0.1980	0.2267	0.1278	0.1214	0.1197	0.1217	0.1293	0.1446	0.1773
1551	0.2595	0.2628	0.2578	0.2583	0.2429	0.2510	0.2527	0.2563	0.2605	0.2168	0.2171	0.2177	0.2253	0.2369	0.2515	0.1763	0.1722	0.1751	0.1834	0.1985	0.2272	0.1282	0.1218	0.1200	0.1221	0.1296	0.1448	0.1776
1552	0.2602	0.2634	0.2585	0.2589	0.2436	0.2515	0.2532	0.2568	0.2611	0.2174	0.2175	0.2183	0.2258	0.2374	0.2521	0.1767	0.1726	0.1756	0.1838	0.1989	0.2276	0.1285	0.1222	0.1203	0.1224	0.1300	0.1451	0.1779
1553	0.2609	0.2640	0.2591	0.2595	0.2442	0.2520	0.2538	0.2574	0.2616	0.2180	0.2180	0.2188	0.2264	0.2380	0.2527	0.1772	0.1729	0.1761	0.1842	0.1993	0.2280	0.1288	0.1225	0.1206	0.1227	0.1303	0.1454	0.1782
1554	0.2614	0.2646	0.2598	0.2601	0.2448	0.2527	0.2544	0.2579	0.2622	0.2185	0.2185	0.2194	0.2269	0.2385	0.2532	0.1776	0.1734	0.1764	0.1846	0.1998	0.2284	0.1291	0.1228	0.1209	0.1230	0.1306	0.1457	0.1786
1555	0.2620	0.2652	0.2605	0.2606	0.2454	0.2533	0.2549	0.2585	0.2629	0.2190	0.2190	0.2199	0.2275	0.2390	0.2537	0.1780	0.1739	0.1768	0.1849	0.2003	0.2288	0.1295	0.1231	0.1212	0.1233	0.1309	0.1459	0.1789
1556	0.2626	0.2658	0.2612	0.2613	0.2460	0.2539	0.2555	0.2592	0.2634	0.2196	0.2196	0.2204	0.2279	0.2395	0.2543	0.1784	0.1743	0.1774	0.1853	0.2007	0.2292	0.1298	0.1233	0.1215	0.1237	0.1312	0.1461	0.1791
1557	0.2631	0.2665	0.2618	0.2619	0.2466	0.2545	0.2561	0.2598	0.2640	0.2201	0.2202	0.2209	0.2284	0.2399	0.2548	0.1788	0.1747	0.1780	0.1857	0.2012	0.2296	0.1301	0.1235	0.1217	0.1241	0.1315	0.1463	0.1793
1558	0.2636	0.2672	0.2624	0.2625	0.2472	0.2551	0.2567	0.2603	0.2646	0.2206	0.2207	0.2214	0.2289	0.2404	0.2552	0.1793	0.1752	0.1784	0.1862	0.2016	0.2299	0.1304	0.1238	0.1219	0.1244	0.1318	0.1467	0.1796
1559	0.2642	0.2678	0.2629	0.2631	0.2477	0.2557	0.2573	0.2609	0.2652	0.2211	0.2211	0.2220	0.2294	0.2408	0.2556	0.1797	0.1756	0.1788	0.1868	0.2020	0.2303	0.1306	0.1241	0.1222	0.1247	0.1320	0.1470	0.1798
1560	0.2648	0.2683	0.2636	0.2637	0.2482	0.2562	0.2578	0.2615	0.2657	0.2217	0.2216	0.2224	0.2299	0.2413	0.2561	0.1801	0.1761	0.1792	0.1872	0.2024	0.2307	0.1310	0.1244	0.1224	0.1250	0.1322	0.1473	0.1801
1561	0.2655	0.2689	0.2643	0.2643	0.2486	0.2567	0.2584	0.2622	0.2663	0.2222	0.2220	0.2229	0.2304	0.2418	0.2565	0.1805	0.1765	0.1796	0.1876	0.2028	0.2311	0.1313	0.1248	0.1226	0.1253	0.1323	0.1475	0.1804
1562	0.2660	0.2694	0.2648	0.2648	0.2491	0.2571	0.2589	0.2627	0.2667	0.2226	0.2224	0.2233	0.2309	0.2423	0.2569	0.1809	0.1769	0.1799	0.1879	0.2032	0.2313	0.1315	0.1250	0.1229	0.1255	0.1325	0.1478	0.1805
1563	0.2665	0.2698	0.2654	0.2654	0.2496	0.2575	0.2594	0.2631	0.2672	0.2230	0.2228	0.2237	0.2313	0.2428	0.2572	0.1813	0.1773	0.1802	0.1882	0.2035	0.2316	0.1318	0.1253	0.1232	0.1257	0.1328	0.1480	0.1807
1564	0.2670	0.2704	0.2659	0.2658	0.2501	0.2581	0.2599	0.2637	0.2676	0.2234	0.2233	0.2241	0.2317	0.2431	0.2576	0.1817	0.1776	0.1806	0.1886	0.2039	0.2319	0.1321	0.1255	0.1236	0.1261	0.1330	0.1482	0.1809
1565	0.2676	0.2710	0.2665	0.2663	0.2507	0.2587	0.2604	0.2642	0.2680	0.2238	0.2239	0.2244	0.2322	0.2434	0.2581	0.1820	0.1779	0.1809	0.1891	0.2042	0.2323	0.1324	0.1258	0.1239	0.1264	0.1332	0.1484	0.1811
1566	0.2681	0.2715	0.2670	0.2668	0.2512	0.2593	0.2609	0.2646	0.2685	0.2241	0.2243	0.2250	0.2327	0.2439	0.2585	0.1825	0.1783	0.1812	0.1894	0.2045	0.2326	0.1327	0.1261	0.1241	0.1267	0.1335	0.1487	0.1814
1567	0.2686	0.2721	0.2676	0.2673	0.2517	0.2598	0.2614	0.2650	0.2690	0.2244	0.2247	0.2255	0.2331	0.2445	0.2589	0.1829	0.1787	0.1815	0.1898	0.2048	0.2330	0.1330	0.1263	0.1242	0.1269	0.1337	0.1489	0.1817
1568	0.2691	0.2726	0.2681	0.2678	0.2522	0.2603	0.2619	0.2655	0.2694	0.2249	0.2252	0.2260	0.2336	0.2450	0.2594	0.1832	0.1790	0.1819	0.1902	0.2052	0.2333	0.1332	0.1266	0.1245	0.1272	0.1340	0.1491	0.1818
1569	0.2697	0.2731	0.2686	0.2683	0.2527	0.2608	0.2624	0.2660	0.2699	0.2254	0.2257	0.2264	0.2340	0.2455	0.2599	0.1836	0.1793	0.1823	0.1905	0.2057	0.2337	0.1334	0.1268	0.1248	0.1274	0.1342	0.1494	0.1820
1570	0.2701	0.2736	0.2691	0.2688	0.2532	0.2613	0.2629	0.2664	0.2703	0.2258	0.2262	0.2269	0.2344	0.2459	0.2603	0.1840	0.1798	0.1826	0.1908	0.2061	0.2340	0.1336	0.1271	0.1250	0.1276	0.1346	0.1496	0.1823
1571	0.2706	0.2742	0.2695	0.2693	0.2537	0.2618	0.2633	0.2669	0.2708	0.2262	0.2266	0.2273	0.2347	0.2462	0.2607	0.1844	0.1802	0.1828	0.1912	0.2065	0.2342	0.1337	0.1273	0.1252	0.1278	0.1349	0.1498	0.1826
1572	0.2710	0.2747	0.2700	0.2697	0.2542	0.2623	0.2638	0.2673	0.2713	0.2266	0.2270	0.2277	0.2351	0.2466	0.2611	0.1848	0.1806	0.1832	0.1915	0.2068	0.2345	0.1339	0.1275	0.1254	0.1280	0.1352	0.1501	0.1828
1573	0.2714	0.2752	0.2704	0.2700	0.2546	0.2628	0.2643	0.2677	0.2718	0.2269	0.2274	0.2281	0.2355	0.2470	0.2615	0.1851	0.1809	0.1835	0.1918	0.2071	0.2349	0.1341	0.1277	0.1256	0.1281	0.1354	0.1504	0.1830
1574	0.2719	0.2757	0.2709	0.2705	0.2550	0.2632	0.2647	0.2682	0.2722	0.2274	0.2278	0.2285	0.2359	0.2475	0.2619	0.1854	0.1812	0.1838	0.1920	0.2075	0.2352	0.1344	0.1279	0.1258	0.1283	0.1356	0.1506	0.1831
1575	0.2723	0.2762	0.2713	0.2710	0.2554	0.2637	0.2652	0.2686	0.2727	0.2279	0.2282	0.2289	0.2364	0.2479	0.2622	0.1857	0.1814	0.1841	0.1923	0.2079	0.2355	0.1347	0.1282	0.1260	0.1284	0.1359	0.1508	0.1833
1576	0.2728	0.2767	0.2719	0.2715	0.2558	0.2641	0.2656	0.2690	0.2732	0.2284	0.2286	0.2293	0.2367	0.2483	0.2625	0.1861	0.1818	0.1844	0.1926	0.2081	0.2357	0.1348	0.1284	0.1263	0.1286	0.1361	0.1509	0.1835
1577	0.2733	0.2772	0.2724	0.2719	0.2562	0.2645	0.2660	0.2693	0.2737	0.2289	0.2289	0.2298	0.2371	0.2488	0.2629	0.1865	0.1823	0.1847	0.1929	0.2083	0.2359	0.1350	0.1287	0.1264	0.1288	0.1363	0.1511	0.1836
1578	0.2738	0.2776	0.2728	0.2723	0.2565	0.2649	0.2664	0.2697	0.2740	0.2293	0.2293	0.2301	0.2375	0.2490	0.2632	0.1868	0.1826	0.1851	0.1932	0.2085	0.2362	0.1352	0.1289	0.1268	0.1291	0.1365	0.1513	0.1838
1579	0.2742	0.2779	0.2732	0.2728	0.2570	0.2653	0.2668	0.2702	0.2744	0.2297	0.2297	0.2304	0.2378	0.2491	0.2635	0.1871	0.1829	0.1854	0.1935	0.2087	0.2365	0.1353	0.1291	0.1271	0.1293	0.1366	0.1515	0.1840
1580	0.2747	0.2783	0.2736	0.2731	0.2575	0.2657	0.2671	0.2706	0.2748	0.2301	0.2301	0.2308	0.2383	0.2495	0.2639	0.1874	0.1832	0.1858	0.1939	0.2090	0.2368	0.1356	0.1293	0.1274	0.1296	0.1368	0.1517	0.1843
1581	0.2752	0.2787	0.2740	0.2735	0.2580	0.2661	0.2674	0.2710	0.2753	0.2305	0.2304	0.2312	0.2388	0.2500	0.2644	0.1877	0.1835	0.1861	0.1943	0.2092	0.2371	0.1359	0.1296	0.1276	0.1298	0.1370	0.1519	0.1845
1582	0.2757	0.2791	0.2744	0.2739	0.2584	0.2665	0.2677	0.2714	0.2757	0.2308	0.2309	0.2316	0.2391	0.2504	0.2647	0.1880	0.1837	0.1863	0.1945	0.2096	0.2372	0.1360	0.1299	0.1278	0.1300	0.1373	0.1521	0.1847
1583	0.2760	0.2795	0.2748	0.2743	0.2588	0.2669	0.2681	0.2717	0.2761	0.2311	0.2313	0.2321	0.2394	0.2507	0.2650	0.1883	0.1840	0.1865	0.1948	0.2099	0.2374	0.1361	0.1302	0.1280	0.1300	0.1375	0.1523	0.1848
1584	0.2763	0.2800	0.2752	0.2748	0.2591	0.2673	0.2686	0.2721	0.2765	0.2314	0.2317	0.2323	0.2398	0.2511	0.2653	0.1886	0.1843	0.1867	0.1951	0.2102	0.2377	0.1363	0.1303	0.1283	0.1302	0.1377	0.1525	0.1850
1585	0.2767	0.2804	0.2756	0.2753	0.2595	0.2677	0.2690	0.2725	0.2769	0.2318	0.2321	0.2325	0.2401	0.2514	0.2657	0.1889	0.1846	0.1870	0.1954	0.2104	0.2381	0.1366	0.1304	0.1285	0.1304	0.1379	0.1527	0.1853
1586	0.2770	0.2808	0.2760	0.2756	0.2599	0.2681	0.2694	0.2728	0.2773	0.2320	0.2324	0.2329	0.2404	0.2518	0.2660	0.1892	0.1849	0.1873	0.1957	0.2107	0.2384	0.1367	0.1305	0.1288	0.1306	0.1381	0.1529	0.1854
1587	0.2772	0.2812	0.2764	0.2759	0.2603	0.2684	0.2699	0.2731	0.2777	0.2322	0.2328	0.2332	0.2407	0.2522	0.2663	0.1895	0.1852	0.1876	0.1960	0.2111	0.2387	0.1368	0.1307	0.1291	0.1308	0.1384	0.1532	0.1856
1588	0.2776	0.2815	0.2767	0.2762	0.2607	0.2688	0.2701	0.2735	0.2780	0.2325	0.2331	0.2336	0.2410	0.2525	0.2666	0.1898	0.1854	0.1880	0.1963	0.2113	0.2389	0.1370	0.1308	0.1293	0.1311	0.1385	0.1533	0.1857
1589	0.2780	0.2818	0.2771	0.2766	0.2611	0.2691	0.2704	0.2740	0.2783	0.2328	0.2333	0.2339	0.2413	0.2527	0.2669	0.1900	0.1857	0.1884	0.1966	0.2115	0.2390	0.1371	0.1309	0.1294	0.1313	0.1387	0.1534	0.1858
1590	0.2783	0.2822	0.2775	0.2770	0.2614	0.2696	0.2708	0.2744	0.2786	0.2331	0.2336	0.2342	0.2417	0.2530	0.2672	0.1901	0.1859	0.1887	0.1969	0.2117	0.2392	0.1372	0.1311	0.1296	0.1316	0.1388	0.1536	0.1860
1591	0.2787	0.2826	0.2779	0.2774	0.2618	0.2700	0.2713	0.2747	0.2789	0.2334	0.2340	0.2345	0.2420	0.2533	0.2675	0.1903	0.1861	0.1889	0.1972	0.2119	0.2393	0.1375	0.1313	0.1298	0.1318	0.1390	0.1539	0.1861
1592	0.2790	0.2829	0.2783	0.2777	0.2622	0.2703	0.2716	0.2749	0.2792	0.2337	0.2343	0.2349	0.2423	0.2535	0.2678	0.1906	0.1863	0.1892	0.1973	0.2121	0.2394	0.1378	0.1315	0.1300	0.1319	0.1391	0.1541	0.1863
1593	0.2793	0.2833	0.2786	0.2780	0.2626	0.2706	0.2718	0.2752	0.2795	0.2340	0.2346	0.2352	0.2426	0.2537	0.2682	0.1909	0.1864	0.1894	0.1975	0.2123	0.2395	0.1381	0.1317	0.1302	0.1320	0.1392	0.1544	0.1864
1594	0.2797	0.2836	0.2789	0.2782	0.2628	0.2709	0.2722	0.2755	0.2798	0.2343	0.2349	0.2356	0.2429	0.2541	0.2685	0.1911	0.1867	0.1896	0.1977	0.2124	0.2398	0.1383	0.1319	0.1302	0.1322	0.1394	0.1546	0.1866
1595	0.2801	0.2838	0.2792	0.2784	0.2629	0.2711	0.2725	0.2759	0.2801	0.2346	0.2352	0.2359	0.2432	0.2544	0.2687	0.1914	0.1870	0.1899	0.1979	0.2125	0.2402	0.1385	0.1321	0.1303	0.1323	0.1397	0.1548	0.1867
1596	0.2804	0.2841	0.2795	0.2787	0.2633	0.2715	0.2729	0.2763	0.2805	0.2349	0.2355	0.2362	0.2435	0.2547	0.2690	0.1916	0.1873	0.1901	0.1982	0.2128	0.2404	0.1386	0.1323	0.1305	0.1326	0.1399	0.1548	0.1869
1597	0.2808	0.2844	0.2799	0.2791	0.2637	0.2719	0.2732	0.2768	0.2808	0.2353	0.2358	0.2366	0.2438	0.2550	0.2693	0.1918	0.1876	0.1904	0.1984	0.2131	0.2407	0.1388	0.1324	0.1308	0.1328	0.1401	0.1548	0.1870
1598	0.2811	0.2848	0.2802	0.2795	0.2640	0.2722	0.2736	0.2771	0.2812	0.2356	0.2360	0.2368	0.2441	0.2553	0.2694	0.1919	0.1878	0.1906	0.1986	0.2134	0.2409	0.1390	0.1326	0.1309	0.1330	0.1403	0.1548	0.1872
1599	0.2815	0.2851	0.2804	0.2800	0.2642	0.2725	0.2740	0.2774	0.2815	0.2359	0.2363	0.2370	0.2444	0.2555	0.2696	0.1920	0.1881	0.1908	0.1989	0.2137	0.2411	0.1392	0.1327	0.1309	0.1332	0.1405	0.1548	0.1873
1600	0.2818	0.2855	0.2807	0.2803	0.2645	0.2729	0.2742	0.2777	0.2817	0.2362	0.2366	0.2372	0.2447	0.2558	0.2697	0.1923	0.1884	0.1909	0.1991	0.2139	0.2413	0.1393	0.1327	0.1310	0.1334	0.1406	0.1549	0.1874
1601	0.2821	0.2859	0.2811	0.2806	0.2647	0.2734	0.2744	0.2779	0.2819	0.2365	0.2368	0.2376	0.2449	0.2559	0.2699	0.1927	0.1886	0.1910	0.1994	0.2142	0.2416	0.1394	0.1327	0.1311	0.1336	0.1407	0.1552	0.1875
1602	0.2824	0.2863	0.2814	0.2809	0.2650	0.2737	0.2747	0.2782	0.2822	0.2366	0.2371	0.2379	0.2452	0.2562	0.2702	0.1929	0.1888	0.1912	0.1996	0.2144	0.2417	0.1396	0.1328	0.1313	0.1337	0.1409	0.1554	0.1876
1603	0.2826	0.2867	0.2817	0.2813	0.2653	0.2739	0.2751	0.2784	0.2825	0.2368	0.2373	0.2382	0.2455	0.2565	0.2705	0.1932	0.1890	0.1914	0.1999	0.2146	0.2419	0.1399	0.1330	0.1314	0.1338	0.1410	0.1556	0.1878
1604	0.2827	0.2870	0.2820	0.2815	0.2656	0.2741	0.2753	0.2786	0.2827	0.2370	0.2377	0.2384	0.2456	0.2567	0.2707	0.1935	0.1892	0.1916	0.2000	0.2149	0.2422	0.1401	0.1331	0.1316	0.1340	0.1412	0.1557	0.1879
1605	0.2829	0.2873	0.2823	0.2817	0.2659	0.2742	0.2756	0.2788	0.2830	0.2373	0.2380	0.2387	0.2458	0.2570	0.2709	0.1937	0.1894	0.1919	0.2002	0.2151	0.2424	0.1401	0.1332	0.1317	0.1342	0.1413	0.1559	0.1881
1606	0.2832	0.2875	0.2826	0.2819	0.2662	0.2745	0.2759	0.2789	0.2832	0.2375	0.2383	0.2389	0.2460	0.2572	0.2711	0.1940	0.1897	0.1922	0.2004	0.2154	0.2426	0.1403	0.1333	0.1318	0.1343	0.1415	0.1560	0.1882
1607	0.2836	0.2877	0.2829	0.2822	0.2665	0.2748	0.2762	0.2791	0.2834	0.2377	0.2386	0.2391	0.2463	0.2574	0.2713	0.1942	0.1901	0.1925	0.2008	0.2157	0.2427	0.1404	0.1334	0.1319	0.1345	0.1416	0.1562	0.1883
1608	0.2838	0.2880	0.2831	0.2824	0.2668	0.2751	0.2764	0.2794	0.2836	0.2380	0.2388	0.2393	0.2465	0.2576	0.2716	0.1945	0.1903	0.1928	0.2010	0.2159	0.2429	0.1406	0.1336	0.1321	0.1346	0.1418	0.1563	0.1883
1609	0.2841	0.2883	0.2833	0.2825	0.2670	0.2753	0.2767	0.2797	0.2838	0.2382	0.2390	0.2395	0.2468	0.2578	0.2720	0.1947	0.1906	0.1930	0.2012	0.2160	0.2430	0.1407	0.1339	0.1323	0.1347	0.1420	0.1564	0.1882
1610	0.2842	0.2884	0.2836	0.2829	0.2672	0.2756	0.2769	0.2799	0.2841	0.2383	0.2392	0.2398	0.2470	0.2582	0.2722	0.1949	0.1909	0.1932	0.2014	0.2161	0.2432	0.1408	0.1342	0.1325	0.1349	0.1421	0.1565	0.1884
1611	0.2844	0.2886	0.2839	0.2832	0.2673	0.2758	0.2771	0.2801	0.2844	0.2385	0.2394	0.2401	0.2472	0.2585	0.2724	0.1951	0.1912	0.1934	0.2016	0.2163	0.2433	0.1408	0.1345	0.1327	0.1351	0.1423	0.1567	0.1886
1612	0.2846	0.2889	0.2841	0.2835	0.2676	0.2761	0.2773	0.2803	0.2845	0.2388	0.2396	0.2403	0.2475	0.2587	0.2726	0.1953	0.1913	0.1935	0.2017	0.2163	0.2435	0.1409	0.1346	0.1328	0.1352	0.1423	0.1568	0.1887
1613	0.2849	0.2893	0.2844	0.2838	0.2678	0.2763	0.2774	0.2805	0.2847	0.2391	0.2399	0.2406	0.2477	0.2589	0.2728	0.1955	0.1914	0.1937	0.2018	0.2163	0.2437	0.1410	0.1348	0.1328	0.1352	0.1423	0.1569	0.1888
1614	0.2851	0.2895	0.2848	0.2841	0.2682	0.2766	0.2776	0.2807	0.2849	0.2394	0.2401	0.2409	0.2480	0.2591	0.2731	0.1956	0.1916	0.1939	0.2019	0.2165	0.2438	0.1410	0.1350	0.1330	0.1354	0.1424	0.1570	0.1888
1615	0.2854	0.2897	0.2851	0.2844	0.2685	0.2769	0.2779	0.2809	0.2852	0.2395	0.2402	0.2411	0.2482	0.2592	0.2733	0.1957	0.1917	0.1941	0.2020	0.2167	0.2439	0.1411	0.1353	0.1333	0.1356	0.1426	0.1572	0.1889
1616	0.2856	0.2900	0.2853	0.2846	0.2686	0.2772	0.2781	0.2811	0.2855	0.2398	0.2404	0.2413	0.2483	0.2594	0.2735	0.1958	0.1918	0.1943	0.2023	0.2168	0.2439	0.1413	0.1354	0.1334	0.1356	0.1427	0.1574	0.1890
1617	0.2858	0.2904	0.2855	0.2847	0.2687	0.2774	0.2782	0.2813	0.2858	0.2401	0.2405	0.2414	0.2485	0.2596	0.2737	0.1960	0.1919	0.1946	0.2025	0.2170	0.2439	0.1414	0.1355	0.1336	0.1355	0.1429	0.1576	0.1892
1618	0.2860	0.2906	0.2857	0.2848	0.2688	0.2777	0.2784	0.2816	0.2861	0.2403	0.2408	0.2415	0.2486	0.2598	0.2739	0.1962	0.1922	0.1946	0.2026	0.2172	0.2441	0.1416	0.1355	0.1337	0.1356	0.1430	0.1577	0.1892
1619	0.2863	0.2908	0.2860	0.2849	0.2690	0.2779	0.2787	0.2819	0.2863	0.2405	0.2410	0.2416	0.2488	0.2601	0.2740	0.1965	0.1925	0.1945	0.2026	0.2175	0.2444	0.1418	0.1356	0.1338	0.1358	0.1431	0.1577	0.1892
1620	0.2866	0.2911	0.2862	0.2852	0.2692	0.2782	0.2789	0.2821	0.2864	0.2407	0.2412	0.2418	0.2490	0.2603	0.2742	0.1966	0.1927	0.1948	0.2028	0.2176	0.2446	0.1420	0.1358	0.1339	0.1360	0.1433	0.1578	0.1894
1621	0.2869	0.2915	0.2863	0.2854	0.2695	0.2785	0.2792	0.2824	0.2866	0.2410	0.2414	0.2421	0.2493	0.2605	0.2743	0.1967	0.1929	0.1950	0.2030	0.2177	0.2449	0.1421	0.1360	0.1340	0.1362	0.1435	0.1580	0.1896
1622	0.2872	0.2918	0.2866	0.2856	0.2698	0.2787	0.2794	0.2826	0.2868	0.2411	0.2416	0.2422	0.2496	0.2607	0.2746	0.1969	0.1931	0.1952	0.2032	0.2179	0.2451	0.1421	0.1360	0.1341	0.1363	0.1436	0.1581	0.1897
1623	0.2875	0.2922	0.2868	0.2858	0.2701	0.2789	0.2797	0.2827	0.2869	0.2413	0.2418	0.2423	0.2499	0.2609	0.2748	0.1971	0.1934	0.1953	0.2034	0.2180	0.2453	0.1421	0.1360	0.1342	0.1364	0.1435	0.1583	0.1898
1624	0.2877	0.2924	0.2871	0.2861	0.2702	0.2790	0.2800	0.2831	0.2872	0.2414	0.2420	0.2426	0.2500	0.2611	0.2749	0.1972	0.1934	0.1955	0.2036	0.2182	0.2454	0.1421	0.1361	0.1343	0.1365	0.1437	0.1584	0.1898
1625	0.2879	0.2926	0.2875	0.2864	0.2704	0.2791	0.2803	0.2834	0.2875	0.2416	0.2422	0.2429	0.2501	0.2613	0.2749	0.1973	0.1935	0.1957	0.2038	0.2183	0.2455	0.1422	0.1363	0.1344	0.1367	0.1439	0.1585	0.1899
1626	0.2880	0.2927	0.2876	0.2865	0.2705	0.2794	0.2806	0.2837	0.2877	0.2418	0.2423	0.2431	0.2501	0.2614	0.2751	0.1974	0.1936	0.1959	0.2040	0.2184	0.2457	0.1424	0.1364	0.1345	0.1368	0.1439	0.1586	0.1900
1627	0.2882	0.2929	0.2876	0.2867	0.2707	0.2796	0.2808	0.2840	0.2878	0.2420	0.2425	0.2433	0.2501	0.2615	0.2753	0.1975	0.1937	0.1960	0.2042	0.2185	0.2459	0.1426	0.1364	0.1347	0.1369	0.1440	0.1588	0.1901
1628	0.2883	0.2930	0.2878	0.2868	0.2709	0.2798	0.2810	0.2840	0.2880	0.2420	0.2428	0.2434	0.2503	0.2617	0.2755	0.1977	0.1938	0.1962	0.2044	0.2186	0.2460	0.1427	0.1365	0.1347	0.1370	0.1441	0.1588	0.1903
1629	0.2885	0.2932	0.2881	0.2870	0.2712	0.2799	0.2812	0.2841	0.2882	0.2421	0.2430	0.2434	0.2504	0.2618	0.2757	0.1978	0.1939	0.1963	0.2046	0.2187	0.2461	0.1427	0.1366	0.1347	0.1372	0.1441	0.1588	0.1905
1630	0.2886	0.2933	0.2883	0.2872	0.2714	0.2801	0.2814	0.2842	0.2884	0.2422	0.2432	0.2436	0.2507	0.2619	0.2759	0.1979	0.1941	0.1965	0.2047	0.2188	0.2462	0.1428	0.1366	0.1347	0.1373	0.1443	0.1588	0.1907
1631	0.2887	0.2934	0.2885	0.2874	0.2716	0.2802	0.2817	0.2842	0.2886	0.2424	0.2434	0.2438	0.2509	0.2620	0.2760	0.1980	0.1942	0.1966	0.2048	0.2189	0.2462	0.1430	0.1366	0.1347	0.1374	0.1445	0.1588	0.1908
1632	0.2888	0.2936	0.2886	0.2875	0.2718	0.2803	0.2818	0.2843	0.2888	0.2425	0.2434	0.2440	0.2512	0.2621	0.2761	0.1982	0.1943	0.1966	0.2049	0.2191	0.2463	0.1430	0.1367	0.1348	0.1375	0.1446	0.1589	0.1908
1633	0.2889	0.2937	0.2888	0.2877	0.2720	0.2804	0.2820	0.2844	0.2890	0.2426	0.2435	0.2441	0.2516	0.2622	0.2761	0.1984	0.1943	0.1967	0.2049	0.2193	0.2464	0.1430	0.1369	0.1350	0.1376	0.1446	0.1589	0.1909
1634	0.2891	0.2939	0.2889	0.2878	0.2721	0.2806	0.2821	0.2845	0.2891	0.2428	0.2437	0.2443	0.2517	0.2623	0.2762	0.1986	0.1944	0.1967	0.2051	0.2194	0.2465	0.1431	0.1369	0.1351	0.1376	0.1447	0.1591	0.1908
1635	0.2893	0.2941	0.2890	0.2879	0.2723	0.2808	0.2824	0.2846	0.2892	0.2429	0.2439	0.2445	0.2518	0.2625	0.2763	0.1988	0.1946	0.1967	0.2052	0.2196	0.2465	0.1433	0.1370	0.1351	0.1377	0.1447	0.1593	0.1907
1636	0.2895	0.2943	0.2892	0.2882	0.2724	0.2809	0.2825	0.2849	0.2894	0.2430	0.2439	0.2446	0.2519	0.2627	0.2764	0.1989	0.1947	0.1969	0.2053	0.2196	0.2467	0.1434	0.1371	0.1353	0.1377	0.1449	0.1594	0.1909
1637	0.2898	0.2945	0.2894	0.2884	0.2725	0.2811	0.2827	0.2851	0.2895	0.2431	0.2440	0.2447	0.2520	0.2628	0.2765	0.1989	0.1949	0.1972	0.2053	0.2196	0.2469	0.1435	0.1371	0.1354	0.1377	0.1450	0.1595	0.1911
1638	0.2899	0.2947	0.2896	0.2886	0.2727	0.2813	0.2826	0.2853	0.2896	0.2432	0.2442	0.2449	0.2521	0.2630	0.2766	0.1988	0.1950	0.1972	0.2055	0.2198	0.2470	0.1435	0.1372	0.1355	0.1378	0.1450	0.1595	0.1911
1639	0.2899	0.2948	0.2898	0.2888	0.2729	0.2814	0.2826	0.2855	0.2898	0.2434	0.2444	0.2452	0.2522	0.2631	0.2768	0.1988	0.1951	0.1972	0.2056	0.2199	0.2471	0.1436	0.1373	0.1354	0.1378	0.1450	0.1595	0.1910
1640	0.2900	0.2949	0.2900	0.2889	0.2731	0.2817	0.2828	0.2855	0.2899	0.2437	0.2446	0.2454	0.2524	0.2633	0.2769	0.1990	0.1953	0.1973	0.2057	0.2201	0.2472	0.1437	0.1374	0.1355	0.1378	0.1449	0.1596	0.1912
1641	0.2900	0.2951	0.2903	0.2891	0.2733	0.2820	0.2829	0.2856	0.2900	0.2439	0.2448	0.2456	0.2525	0.2635	0.2771	0.1993	0.1954	0.1973	0.2058	0.2203	0.2473	0.1439	0.1375	0.1356	0.1378	0.1448	0.1598	0.1913
1642	0.2902	0.2952	0.2904	0.2893	0.2734	0.2821	0.2831	0.2857	0.2902	0.2440	0.2450	0.2457	0.2527	0.2636	0.2773	0.1995	0.1955	0.1974	0.2061	0.2203	0.2474	0.1439	0.1375	0.1357	0.1379	0.1448	0.1598	0.1913
1643	0.2905	0.2953	0.2904	0.2894	0.2734	0.2821	0.2832	0.2858	0.2904	0.2442	0.2452	0.2457	0.2529	0.2636	0.2774	0.1997	0.1956	0.1976	0.2063	0.2204	0.2475	0.1439	0.1375	0.1359	0.1380	0.1449	0.1598	0.1914
1644	0.2907	0.2954	0.2905	0.2896	0.2736	0.2823	0.2833	0.2859	0.2905	0.2443	0.2452	0.2458	0.2529	0.2637	0.2776	0.1998	0.1958	0.1977	0.2063	0.2204	0.2475	0.1439	0.1377	0.1359	0.1382	0.1450	0.1598	0.1915
1645	0.2910	0.2955	0.2906	0.2897	0.2738	0.2825	0.2834	0.2861	0.2906	0.2444	0.2453	0.2459	0.2529	0.2637	0.2778	0.1999	0.1960	0.1979	0.2062	0.2205	0.2475	0.1440	0.1378	0.1359	0.1383	0.1452	0.1598	0.1917
1646	0.2910	0.2957	0.2908	0.2898	0.2741	0.2825	0.2836	0.2862	0.2906	0.2446	0.2454	0.2460	0.2530	0.2638	0.2779	0.1999	0.1960	0.1979	0.2063	0.2206	0.2476	0.1442	0.1379	0.1359	0.1383	0.1453	0.1599	0.1918
1647	0.2911	0.2958	0.2909	0.2900	0.2742	0.2826	0.2838	0.2863	0.2907	0.2448	0.2455	0.2462	0.2532	0.2640	0.2779	0.1998	0.1960	0.1979	0.2064	0.2207	0.2478	0.1443	0.1380	0.1360	0.1383	0.1454	0.1600	0.1918
1648	0.2912	0.2960	0.2910	0.2901	0.2743	0.2828	0.2840	0.2866	0.2908	0.2448	0.2456	0.2463	0.2533	0.2642	0.2780	0.1999	0.1961	0.1981	0.2064	0.2209	0.2479	0.1444	0.1380	0.1362	0.1384	0.1456	0.1601	0.1918
1649	0.2913	0.2961	0.2912	0.2902	0.2743	0.2830	0.2842	0.2868	0.2910	0.2449	0.2457	0.2465	0.2534	0.2644	0.2782	0.1999	0.1962	0.1982	0.2064	0.2210	0.2481	0.1444	0.1381	0.1363	0.1385	0.1457	0.1603	0.1918
1650	0.2915	0.2962	0.2913	0.2904	0.2745	0.2832	0.2842	0.2869	0.2912	0.2449	0.2459	0.2466	0.2535	0.2644	0.2782	0.2001	0.1963	0.1984	0.2066	0.2210	0.2480	0.1444	0.1383	0.1364	0.1386	0.1459	0.1603	0.1918
1651	0.2917	0.2964	0.2914	0.2906	0.2747	0.2834	0.2843	0.2869	0.2913	0.2450	0.2460	0.2468	0.2536	0.2645	0.2783	0.2004	0.1964	0.1985	0.2068	0.2210	0.2478	0.1445	0.1384	0.1364	0.1388	0.1461	0.1604	0.1919
1652	0.2919	0.2964	0.2916	0.2906	0.2749	0.2833	0.2844	0.2872	0.2914	0.2452	0.2461	0.2469	0.2537	0.2646	0.2783	0.2004	0.1964	0.1986	0.2070	0.2211	0.2479	0.1445	0.1385	0.1364	0.1389	0.1462	0.1604	0.1919
1653	0.2920	0.2965	0.2918	0.2907	0.2751	0.2832	0.2845	0.2876	0.2915	0.2453	0.2462	0.2470	0.2538	0.2648	0.2783	0.2005	0.1965	0.1987	0.2071	0.2211	0.2480	0.1446	0.1387	0.1364	0.1390	0.1462	0.1605	0.1920
1654	0.2923	0.2966	0.2918	0.2908	0.2751	0.2834	0.2846	0.2877	0.2916	0.2454	0.2463	0.2470	0.2540	0.2649	0.2785	0.2005	0.1965	0.1988	0.2071	0.2212	0.2481	0.1447	0.1388	0.1365	0.1389	0.1463	0.1605	0.1920
1655	0.2925	0.2967	0.2919	0.2908	0.2752	0.2836	0.2847	0.2878	0.2916	0.2456	0.2464	0.2471	0.2541	0.2650	0.2787	0.2006	0.1966	0.1989	0.2070	0.2213	0.2481	0.1447	0.1389	0.1366	0.1388	0.1463	0.1605	0.1920
1656	0.2927	0.2968	0.2920	0.2910	0.2754	0.2838	0.2849	0.2879	0.2918	0.2457	0.2465	0.2471	0.2540	0.2650	0.2787	0.2006	0.1967	0.1992	0.2072	0.2214	0.2481	0.1448	0.1389	0.1366	0.1388	0.1464	0.1605	0.1920
1657	0.2928	0.2968	0.2920	0.2911	0.2756	0.2839	0.2850	0.2879	0.2919	0.2458	0.2466	0.2472	0.2540	0.2650	0.2786	0.2007	0.1968	0.1994	0.2073	0.2215	0.2481	0.1449	0.1390	0.1367	0.1388	0.1464	0.1605	0.1919
1658	0.2929	0.2970	0.2921	0.2912	0.2755	0.2839	0.2850	0.2880	0.2920	0.2460	0.2467	0.2472	0.2541	0.2651	0.2787	0.2008	0.1969	0.1994	0.2073	0.2215	0.2482	0.1449	0.1389	0.1369	0.1390	0.1464	0.1606	0.1919
1659	0.2930	0.2972	0.2921	0.2913	0.2755	0.2840	0.2849	0.2881	0.2921	0.2461	0.2467	0.2473	0.2542	0.2652	0.2788	0.2010	0.1969	0.1994	0.2074	0.2215	0.2483	0.1449	0.1389	0.1370	0.1391	0.1465	0.1606	0.1919
1660	0.2930	0.2973	0.2923	0.2914	0.2757	0.2841	0.2850	0.2882	0.2923	0.2462	0.2467	0.2473	0.2543	0.2651	0.2789	0.2010	0.1970	0.1993	0.2073	0.2215	0.2484	0.1450	0.1389	0.1370	0.1392	0.1466	0.1607	0.1919
1661	0.2930	0.2975	0.2924	0.2916	0.2758	0.2841	0.2851	0.2882	0.2925	0.2462	0.2467	0.2473	0.2544	0.2651	0.2791	0.2010	0.1970	0.1993	0.2072	0.2215	0.2484	0.1451	0.1389	0.1371	0.1393	0.1467	0.1607	0.1919
1662	0.2930	0.2976	0.2925	0.2917	0.2759	0.2842	0.2853	0.2884	0.2927	0.2463	0.2468	0.2474	0.2545	0.2653	0.2791	0.2011	0.1971	0.1994	0.2074	0.2216	0.2485	0.1451	0.1390	0.1371	0.1394	0.1467	0.1607	0.1918
1663	0.2930	0.2977	0.2926	0.2919	0.2760	0.2843	0.2854	0.2886	0.2928	0.2464	0.2468	0.2475	0.2545	0.2654	0.2792	0.2011	0.1973	0.1994	0.2076	0.2217	0.2486	0.1451	0.1390	0.1372	0.1395	0.1467	0.1608	0.1918
1664	0.2932	0.2977	0.2925	0.2921	0.2761	0.2844	0.2854	0.2884	0.2928	0.2464	0.2468	0.2476	0.2547	0.2654	0.2793	0.2012	0.1973	0.1995	0.2077	0.2216	0.2485	0.1453	0.1389	0.1372	0.1395	0.1466	0.1607	0.1917
1665	0.2933	0.2976	0.2925	0.2922	0.2762	0.2844	0.2854	0.2883	0.2928	0.2464	0.2469	0.2477	0.2548	0.2653	0.2794	0.2012	0.1973	0.1995	0.2079	0.2216	0.2485	0.1454	0.1389	0.1371	0.1396	0.1466	0.1605	0.1917
1666	0.2933	0.2976	0.2927	0.2923	0.2763	0.2846	0.2854	0.2884	0.2929	0.2464	0.2470	0.2479	0.2547	0.2653	0.2792	0.2013	0.1973	0.1995	0.2079	0.2217	0.2486	0.1453	0.1390	0.1371	0.1394	0.1467	0.1605	0.1918
1667	0.2933	0.2976	0.2929	0.2923	0.2764	0.2847	0.2853	0.2884	0.2929	0.2464	0.2472	0.2481	0.2546	0.2653	0.2790	0.2013	0.1973	0.1995	0.2079	0.2217	0.2486	0.1452	0.1390	0.1372	0.1393	0.1467	0.1605	0.1919
1668	0.2934	0.2976	0.2929	0.2923	0.2763	0.2849	0.2854	0.2884	0.2929	0.2465	0.2472	0.2482	0.2546	0.2655	0.2792	0.2013	0.1972	0.1996	0.2079	0.2218	0.2486	0.1452	0.1390	0.1372	0.1394	0.1467	0.1606	0.1917
1669	0.2934	0.2977	0.2930	0.2923	0.2763	0.2851	0.2855	0.2884	0.2929	0.2466	0.2473	0.2482	0.2546	0.2656	0.2793	0.2013	0.1972	0.1997	0.2079	0.2219	0.2486	0.1452	0.1390	0.1372	0.1395	0.1466	0.1607	0.1916
1670	0.2935	0.2977	0.2930	0.2924	0.2764	0.2850	0.2854	0.2886	0.2931	0.2466	0.2473	0.2481	0.2548	0.2657	0.2794	0.2013	0.1973	0.1998	0.2079	0.2218	0.2485	0.1452	0.1389	0.1372	0.1395	0.1466	0.1607	0.1916
1671	0.2935	0.2977	0.2931	0.2925	0.2765	0.2849	0.2854	0.2887	0.2932	0.2467	0.2473	0.2480	0.2549	0.2657	0.2794	0.2013	0.1974	0.1998	0.2079	0.2218	0.2483	0.1453	0.1389	0.1372	0.1396	0.1467	0.1608	0.1915
1672	0.2935	0.2978	0.2932	0.2925	0.2766	0.2850	0.2855	0.2888	0.2931	0.2467	0.2474	0.2480	0.2549	0.2657	0.2795	0.2014	0.1973	0.1998	0.2078	0.2219	0.2483	0.1454	0.1389	0.1373	0.1395	0.1466	0.1608	0.1915
1673	0.2935	0.2979	0.2933	0.2926	0.2767	0.2850	0.2856	0.2889	0.2931	0.2468	0.2474	0.2480	0.2548	0.2657	0.2795	0.2014	0.1972	0.1998	0.2078	0.2219	0.2483	0.1454	0.1389	0.1374	0.1395	0.1465	0.1608	0.1916
1674	0.2936	0.2979	0.2932	0.2927	0.2768	0.2850	0.2858	0.2890	0.2931	0.2470	0.2475	0.2479	0.2550	0.2658	0.2793	0.2015	0.1972	0.1999	0.2079	0.2219	0.2482	0.1453	0.1391	0.1373	0.1394	0.1465	0.1607	0.1915
1675	0.2937	0.2979	0.2931	0.2928	0.2769	0.2851	0.2859	0.2891	0.2931	0.2471	0.2477	0.2479	0.2550	0.2658	0.2792	0.2015	0.1972	0.1999	0.2080	0.2220	0.2481	0.1452	0.1391	0.1371	0.1394	0.1464	0.1607	0.1915
1676	0.2939	0.2979	0.2932	0.2928	0.2769	0.2852	0.2859	0.2892	0.2931	0.2470	0.2478	0.2480	0.2549	0.2657	0.2793	0.2013	0.1971	0.2001	0.2079	0.2219	0.2481	0.1452	0.1391	0.1370	0.1395	0.1465	0.1608	0.1915
1677	0.2940	0.2979	0.2933	0.2928	0.2770	0.2853	0.2859	0.2893	0.2931	0.2470	0.2478	0.2481	0.2548	0.2656	0.2794	0.2012	0.1971	0.2001	0.2079	0.2218	0.2481	0.1453	0.1390	0.1370	0.1395	0.1465	0.1608	0.1915
1678	0.2941	0.2980	0.2933	0.2929	0.2770	0.2853	0.2859	0.2893	0.2931	0.2471	0.2479	0.2481	0.2549	0.2655	0.2793	0.2014	0.1972	0.2000	0.2077	0.2217	0.2481	0.1452	0.1390	0.1372	0.1394	0.1465	0.1608	0.1915
1679	0.2942	0.2980	0.2933	0.2929	0.2770	0.2853	0.2860	0.2894	0.2932	0.2472	0.2479	0.2482	0.2549	0.2655	0.2792	0.2015	0.1973	0.2000	0.2076	0.2216	0.2481	0.1452	0.1391	0.1373	0.1394	0.1465	0.1608	0.1914
1680	0.2942	0.2982	0.2932	0.2930	0.2770	0.2851	0.2861	0.2894	0.2933	0.2472	0.2479	0.2482	0.2550	0.2655	0.2792	0.2016	0.1974	0.2000	0.2076	0.2216	0.2481	0.1452	0.1391	0.1374	0.1395	0.1464	0.1608	0.1913
1681	0.2942	0.2983	0.2931	0.2931	0.2771	0.2850	0.2861	0.2894	0.2933	0.2472	0.2479	0.2482	0.2550	0.2655	0.2792	0.2017	0.1974	0.2000	0.2075	0.2217	0.2480	0.1452	0.1392	0.1374	0.1396	0.1463	0.1608	0.1913
1682	0.2942	0.2982	0.2932	0.2930	0.2770	0.2850	0.2860	0.2895	0.2932	0.2471	0.2479	0.2481	0.2549	0.2655	0.2792	0.2017	0.1974	0.2000	0.2075	0.2217	0.2480	0.1450	0.1392	0.1374	0.1395	0.1463	0.1608	0.1913
1683	0.2942	0.2982	0.2932	0.2930	0.2770	0.2850	0.2860	0.2895	0.2932	0.2472	0.2478	0.2480	0.2549	0.2655	0.2792	0.2017	0.1974	0.2000	0.2075	0.2218	0.2480	0.1449	0.1392	0.1374	0.1395	0.1463	0.1608	0.1913
1684	0.2943	0.2981	0.2932	0.2932	0.2770	0.2850	0.2861	0.2895	0.2933	0.2472	0.2478	0.2481	0.2550	0.2655	0.2791	0.2017	0.1973	0.2000	0.2075	0.2218	0.2480	0.1450	0.1391	0.1375	0.1396	0.1464	0.1607	0.1912
1685	0.2943	0.2981	0.2932	0.2933	0.2770	0.2851	0.2861	0.2895	0.2933	0.2473	0.2478	0.2482	0.2552	0.2655	0.2791	0.2017	0.1973	0.2000	0.2075	0.2217	0.2481	0.1450	0.1390	0.1375	0.1397	0.1464	0.1605	0.1911
1686	0.2942	0.2979	0.2932	0.2933	0.2771	0.2851	0.2861	0.2893	0.2934	0.2473	0.2477	0.2480	0.2551	0.2655	0.2792	0.2017	0.1973	0.1999	0.2077	0.2217	0.2481	0.1448	0.1390	0.1375	0.1397	0.1465	0.1605	0.1911
1687	0.2942	0.2978	0.2932	0.2932	0.2771	0.2851	0.2860	0.2893	0.2934	0.2473	0.2477	0.2480	0.2550	0.2655	0.2792	0.2018	0.1974	0.1998	0.2078	0.2217	0.2480	0.1447	0.1390	0.1375	0.1397	0.1465	0.1604	0.1910
1688	0.2943	0.2978	0.2933	0.2932	0.2772	0.2852	0.2859	0.2894	0.2935	0.2474	0.2478	0.2480	0.2549	0.2654	0.2791	0.2018	0.1974	0.1997	0.2080	0.2217	0.2479	0.1448	0.1390	0.1375	0.1397	0.1466	0.1604	0.1910
1689	0.2944	0.2978	0.2932	0.2932	0.2772	0.2852	0.2859	0.2895	0.2936	0.2474	0.2479	0.2480	0.2548	0.2653	0.2791	0.2018	0.1974	0.1996	0.2081	0.2217	0.2478	0.1448	0.1390	0.1374	0.1398	0.1466	0.1604	0.1910
1690	0.2944	0.2978	0.2931	0.2934	0.2771	0.2852	0.2859	0.2894	0.2935	0.2473	0.2480	0.2481	0.2549	0.2653	0.2791	0.2017	0.1973	0.1997	0.2081	0.2217	0.2477	0.1449	0.1391	0.1374	0.1398	0.1466	0.1605	0.1911
1691	0.2944	0.2978	0.2930	0.2934	0.2772	0.2851	0.2859	0.2894	0.2935	0.2473	0.2480	0.2481	0.2549	0.2653	0.2790	0.2016	0.1972	0.1999	0.2080	0.2218	0.2476	0.1450	0.1392	0.1373	0.1398	0.1466	0.1605	0.1911
1692	0.2943	0.2977	0.2930	0.2934	0.2772	0.2850	0.2859	0.2893	0.2934	0.2473	0.2480	0.2481	0.2549	0.2653	0.2789	0.2016	0.1972	0.2000	0.2079	0.2217	0.2474	0.1451	0.1391	0.1373	0.1397	0.1465	0.1604	0.1910
1693	0.2944	0.2977	0.2930	0.2935	0.2773	0.2850	0.2858	0.2893	0.2934	0.2473	0.2480	0.2482	0.2549	0.2653	0.2788	0.2016	0.1972	0.2000	0.2078	0.2216	0.2474	0.1452	0.1391	0.1373	0.1396	0.1465	0.1604	0.1908
1694	0.2944	0.2977	0.2931	0.2935	0.2772	0.2850	0.2857	0.2893	0.2935	0.2472	0.2480	0.2483	0.2549	0.2655	0.2788	0.2016	0.1972	0.1999	0.2078	0.2216	0.2475	0.1454	0.1392	0.1375	0.1396	0.1464	0.1605	0.1906
1695	0.2944	0.2977	0.2931	0.2934	0.2771	0.2850	0.2856	0.2892	0.2935	0.2472	0.2480	0.2483	0.2549	0.2655	0.2787	0.2016	0.1972	0.1999	0.2078	0.2215	0.2475	0.1454	0.1392	0.1376	0.1395	0.1463	0.1605	0.1905
1696	0.2944	0.2978	0.2930	0.2932	0.2770	0.2850	0.2854	0.2891	0.2934	0.2471	0.2480	0.2482	0.2547	0.2654	0.2786	0.2015	0.1971	0.1998	0.2078	0.2214	0.2475	0.1454	0.1391	0.1375	0.1393	0.1463	0.1603	0.1905
1697	0.2944	0.2977	0.2930	0.2930	0.2769	0.2850	0.2854	0.2891	0.2933	0.2470	0.2480	0.2481	0.2546	0.2654	0.2785	0.2014	0.1970	0.1998	0.2078	0.2213	0.2473	0.1453	0.1389	0.1374	0.1392	0.1462	0.1602	0.1904
1698	0.2944	0.2975	0.2930	0.2929	0.2768	0.2849	0.2854	0.2892	0.2932	0.2470	0.2479	0.2481	0.2546	0.2653	0.2784	0.2014	0.1971	0.1999	0.2077	0.2211	0.2472	0.1453	0.1388	0.1372	0.1393	0.1461	0.1600	0.1904
1699	0.2943	0.2974	0.2930	0.2930	0.2767	0.2849	0.2854	0.2891	0.2931	0.2469	0.2479	0.2480	0.2545	0.2652	0.2784	0.2014	0.1972	0.1999	0.2076	0.2211	0.2471	0.1453	0.1387	0.1370	0.1394	0.1461	0.1599	0.1903
1700	0.2942	0.2973	0.2930	0.2931	0.2767	0.2850	0.2853	0.2890	0.2930	0.2469	0.2479	0.2479	0.2545	0.2650	0.2784	0.2013	0.1972	0.1998	0.2075	0.2210	0.2471	0.1453	0.1387	0.1369	0.1394	0.1461	0.1600	0.1901
1701	0.2941	0.2973	0.2928	0.2931	0.2767	0.2849	0.2852	0.2890	0.2929	0.2469	0.2479	0.2477	0.2545	0.2649	0.2783	0.2013	0.1971	0.1997	0.2074	0.2209	0.2470	0.1453	0.1387	0.1369	0.1394	0.1462	0.1600	0.1901
1702	0.2940	0.2973	0.2926	0.2932	0.2766	0.2849	0.2850	0.2890	0.2928	0.2470	0.2477	0.2475	0.2545	0.2649	0.2781	0.2011	0.1969	0.1996	0.2074	0.2208	0.2469	0.1453	0.1386	0.1368	0.1393	0.1462	0.1601	0.1901
1703	0.2939	0.2973	0.2925	0.2931	0.2766	0.2848	0.2849	0.2890	0.2927	0.2469	0.2476	0.2474	0.2544	0.2649	0.2780	0.2011	0.1968	0.1994	0.2073	0.2207	0.2468	0.1453	0.1386	0.1369	0.1392	0.1461	0.1600	0.1900
1704	0.2938	0.2972	0.2925	0.2930	0.2767	0.2848	0.2849	0.2889	0.2927	0.2467	0.2475	0.2473	0.2543	0.2648	0.2779	0.2011	0.1968	0.1993	0.2071	0.2207	0.2467	0.1453	0.1386	0.1370	0.1393	0.1461	0.1599	0.1900
1705	0.2935	0.2971	0.2925	0.2928	0.2766	0.2847	0.2848	0.2887	0.2926	0.2465	0.2474	0.2472	0.2541	0.2647	0.2779	0.2010	0.1967	0.1992	0.2070	0.2207	0.2466	0.1452	0.1385	0.1370	0.1392	0.1459	0.1599	0.1899
1706	0.2933	0.2971	0.2924	0.2927	0.2764	0.2847	0.2848	0.2885	0.2925	0.2464	0.2473	0.2471	0.2540	0.2647	0.2780	0.2010	0.1967	0.1993	0.2070	0.2206	0.2465	0.1450	0.1384	0.1370	0.1391	0.1457	0.1599	0.1897
1707	0.2932	0.2969	0.2923	0.2926	0.2763	0.2845	0.2848	0.2884	0.2923	0.2463	0.2472	0.2471	0.2540	0.2645	0.2779	0.2009	0.1966	0.1993	0.2069	0.2206	0.2463	0.1449	0.1384	0.1369	0.1391	0.1456	0.1598	0.1897
1708	0.2933	0.2967	0.2922	0.2925	0.2762	0.2843	0.2848	0.2884	0.2921	0.2462	0.2471	0.2471	0.2541	0.2643	0.2777	0.2008	0.1964	0.1992	0.2069	0.2206	0.2461	0.1448	0.1385	0.1368	0.1391	0.1456	0.1597	0.1897
1709	0.2932	0.2966	0.2921	0.2924	0.2761	0.2842	0.2847	0.2884	0.2920	0.2461	0.2470	0.2471	0.2540	0.2641	0.2776	0.2008	0.1964	0.1992	0.2068	0.2205	0.2459	0.1447	0.1384	0.1368	0.1391	0.1456	0.1596	0.1895
1710	0.2931	0.2964	0.2919	0.2924	0.2758	0.2840	0.2846	0.2883	0.2920	0.2459	0.2469	0.2471	0.2540	0.2639	0.2775	0.2009	0.1965	0.1991	0.2065	0.2203	0.2456	0.1445	0.1383	0.1367	0.1391	0.1456	0.1596	0.1894
1711	0.2930	0.2963	0.2918	0.2923	0.2758	0.2839	0.2845	0.2883	0.2919	0.2457	0.2467	0.2469	0.2537	0.2638	0.2774	0.2008	0.1964	0.1990	0.2063	0.2201	0.2456	0.1443	0.1383	0.1367	0.1389	0.1456	0.1595	0.1892
1712	0.2929	0.2961	0.2917	0.2922	0.2757	0.2837	0.2845	0.2882	0.2919	0.2456	0.2465	0.2466	0.2534	0.2637	0.2773	0.2005	0.1963	0.1988	0.2061	0.2199	0.2456	0.1441	0.1382	0.1367	0.1388	0.1455	0.1594	0.1890
1713	0.2927	0.2960	0.2915	0.2921	0.2756	0.2836	0.2843	0.2880	0.2917	0.2456	0.2463	0.2465	0.2532	0.2636	0.2772	0.2005	0.1962	0.1988	0.2061	0.2198	0.2455	0.1441	0.1381	0.1365	0.1387	0.1454	0.1593	0.1889
1714	0.2926	0.2958	0.2914	0.2919	0.2755	0.2835	0.2841	0.2877	0.2915	0.2455	0.2461	0.2463	0.2530	0.2635	0.2771	0.2004	0.1960	0.1989	0.2060	0.2198	0.2453	0.1441	0.1380	0.1364	0.1385	0.1453	0.1591	0.1888
1715	0.2925	0.2958	0.2912	0.2918	0.2754	0.2833	0.2838	0.2875	0.2913	0.2454	0.2459	0.2462	0.2528	0.2633	0.2769	0.2004	0.1960	0.1989	0.2059	0.2197	0.2451	0.1441	0.1380	0.1363	0.1385	0.1452	0.1590	0.1886
1716	0.2924	0.2959	0.2909	0.2916	0.2754	0.2832	0.2835	0.2874	0.2912	0.2453	0.2457	0.2461	0.2526	0.2630	0.2768	0.2003	0.1960	0.1988	0.2058	0.2195	0.2450	0.1441	0.1380	0.1363	0.1384	0.1451	0.1589	0.1884
1717	0.2922	0.2958	0.2907	0.2914	0.2752	0.2830	0.2834	0.2871	0.2910	0.2453	0.2457	0.2459	0.2525	0.2629	0.2766	0.2001	0.1958	0.1987	0.2057	0.2194	0.2448	0.1441	0.1380	0.1362	0.1384	0.1451	0.1589	0.1884
1718	0.2919	0.2956	0.2905	0.2912	0.2750	0.2828	0.2833	0.2868	0.2908	0.2454	0.2458	0.2458	0.2523	0.2628	0.2764	0.1999	0.1956	0.1986	0.2056	0.2192	0.2447	0.1441	0.1379	0.1361	0.1384	0.1451	0.1588	0.1885
1719	0.2917	0.2954	0.2903	0.2910	0.2747	0.2826	0.2831	0.2867	0.2905	0.2452	0.2457	0.2457	0.2522	0.2626	0.2762	0.1998	0.1955	0.1985	0.2055	0.2190	0.2446	0.1439	0.1377	0.1359	0.1383	0.1450	0.1586	0.1882
1720	0.2915	0.2951	0.2901	0.2908	0.2745	0.2824	0.2830	0.2866	0.2902	0.2451	0.2456	0.2455	0.2521	0.2624	0.2760	0.1997	0.1954	0.1983	0.2054	0.2188	0.2445	0.1436	0.1376	0.1358	0.1381	0.1450	0.1583	0.1880
1721	0.2913	0.2949	0.2900	0.2905	0.2744	0.2823	0.2828	0.2864	0.2899	0.2450	0.2455	0.2453	0.2520	0.2623	0.2758	0.1996	0.1953	0.1981	0.2053	0.2187	0.2443	0.1436	0.1374	0.1359	0.1380	0.1448	0.1583	0.1879
1722	0.2911	0.2946	0.2899	0.2903	0.2743	0.2822	0.2826	0.2862	0.2896	0.2448	0.2454	0.2451	0.2519	0.2622	0.2755	0.1995	0.1951	0.1978	0.2053	0.2187	0.2442	0.1436	0.1372	0.1359	0.1378	0.1447	0.1583	0.1877
1723	0.2908	0.2944	0.2896	0.2900	0.2742	0.2820	0.2824	0.2859	0.2895	0.2445	0.2453	0.2450	0.2518	0.2618	0.2753	0.1993	0.1949	0.1977	0.2051	0.2183	0.2441	0.1435	0.1371	0.1358	0.1377	0.1445	0.1582	0.1876
1724	0.2906	0.2941	0.2893	0.2898	0.2741	0.2817	0.2822	0.2855	0.2894	0.2442	0.2451	0.2449	0.2517	0.2615	0.2751	0.1991	0.1948	0.1976	0.2049	0.2179	0.2440	0.1434	0.1370	0.1357	0.1376	0.1443	0.1580	0.1874
1725	0.2904	0.2941	0.2891	0.2895	0.2738	0.2814	0.2821	0.2854	0.2892	0.2440	0.2449	0.2447	0.2513	0.2614	0.2748	0.1989	0.1947	0.1974	0.2046	0.2178	0.2438	0.1433	0.1370	0.1356	0.1375	0.1440	0.1581	0.1873
1726	0.2902	0.2940	0.2889	0.2893	0.2734	0.2811	0.2820	0.2852	0.2890	0.2438	0.2447	0.2445	0.2509	0.2613	0.2745	0.1986	0.1946	0.1971	0.2044	0.2178	0.2436	0.1431	0.1370	0.1354	0.1373	0.1436	0.1581	0.1872
1727	0.2900	0.2937	0.2887	0.2891	0.2732	0.2809	0.2817	0.2850	0.2889	0.2437	0.2444	0.2443	0.2510	0.2612	0.2741	0.1985	0.1944	0.1970	0.2045	0.2176	0.2434	0.1432	0.1369	0.1354	0.1373	0.1436	0.1579	0.1872
1728	0.2898	0.2933	0.2886	0.2889	0.2730	0.2807	0.2813	0.2848	0.2887	0.2436	0.2442	0.2440	0.2510	0.2610	0.2739	0.1984	0.1942	0.1969	0.2045	0.2175	0.2432	0.1432	0.1368	0.1353	0.1373	0.1435	0.1576	0.1871
1729	0.2894	0.2931	0.2883	0.2886	0.2728	0.2806	0.2812	0.2844	0.2883	0.2434	0.2440	0.2439	0.2507	0.2606	0.2737	0.1984	0.1942	0.1968	0.2044	0.2173	0.2431	0.1432	0.1367	0.1352	0.1373	0.1435	0.1575	0.1871
1730	0.2891	0.2928	0.2881	0.2884	0.2726	0.2805	0.2810	0.2841	0.2880	0.2432	0.2437	0.2437	0.2505	0.2603	0.2735	0.1983	0.1941	0.1966	0.2042	0.2171	0.2429	0.1432	0.1366	0.1350	0.1372	0.1435	0.1573	0.1870
1731	0.2890	0.2926	0.2879	0.2882	0.2723	0.2804	0.2806	0.2838	0.2878	0.2428	0.2435	0.2436	0.2502	0.2600	0.2733	0.1982	0.1938	0.1963	0.2039	0.2169	0.2426	0.1429	0.1364	0.1348	0.1371	0.1434	0.1573	0.1870
1732	0.2888	0.2923	0.2877	0.2880	0.2719	0.2802	0.2802	0.2834	0.2875	0.2425	0.2433	0.2434	0.2499	0.2597	0.2731	0.1980	0.1936	0.1960	0.2036	0.2167	0.2424	0.1426	0.1363	0.1346	0.1369	0.1434	0.1571	0.1869
1733	0.2886	0.2920	0.2874	0.2876	0.2717	0.2798	0.2801	0.2831	0.2872	0.2423	0.2430	0.2432	0.2497	0.2595	0.2729	0.1980	0.1933	0.1958	0.2035	0.2165	0.2421	0.1425	0.1363	0.1345	0.1367	0.1433	0.1568	0.1866
1734	0.2885	0.2918	0.2871	0.2872	0.2715	0.2795	0.2799	0.2827	0.2869	0.2421	0.2428	0.2429	0.2495	0.2593	0.2726	0.1978	0.1931	0.1956	0.2034	0.2164	0.2418	0.1424	0.1363	0.1345	0.1365	0.1432	0.1566	0.1864
1735	0.2882	0.2915	0.2867	0.2870	0.2713	0.2792	0.2797	0.2823	0.2865	0.2419	0.2426	0.2427	0.2491	0.2591	0.2723	0.1974	0.1930	0.1954	0.2031	0.2161	0.2414	0.1421	0.1362	0.1345	0.1364	0.1432	0.1566	0.1863
1736	0.2880	0.2913	0.2863	0.2867	0.2710	0.2789	0.2795	0.2819	0.2863	0.2416	0.2423	0.2424	0.2488	0.2589	0.2721	0.1971	0.1928	0.1952	0.2028	0.2159	0.2411	0.1419	0.1361	0.1345	0.1362	0.1431	0.1565	0.1862
1737	0.2877	0.2911	0.2862	0.2862	0.2706	0.2786	0.2790	0.2816	0.2861	0.2412	0.2420	0.2422	0.2487	0.2586	0.2719	0.1970	0.1926	0.1950	0.2025	0.2158	0.2409	0.1419	0.1360	0.1344	0.1360	0.1429	0.1563	0.1859
1738	0.2873	0.2908	0.2860	0.2858	0.2702	0.2783	0.2786	0.2813	0.2859	0.2409	0.2418	0.2420	0.2485	0.2583	0.2718	0.1968	0.1924	0.1949	0.2022	0.2156	0.2408	0.1419	0.1359	0.1342	0.1359	0.1427	0.1562	0.1858
1739	0.2870	0.2904	0.2858	0.2855	0.2700	0.2782	0.2783	0.2812	0.2856	0.2406	0.2418	0.2417	0.2481	0.2580	0.2715	0.1965	0.1922	0.1949	0.2021	0.2154	0.2407	0.1418	0.1357	0.1341	0.1358	0.1425	0.1562	0.1857
1740	0.2867	0.2900	0.2855	0.2852	0.2698	0.2779	0.2780	0.2810	0.2853	0.2404	0.2416	0.2415	0.2479	0.2577	0.2712	0.1963	0.1921	0.1948	0.2019	0.2152	0.2406	0.1417	0.1356	0.1340	0.1357	0.1424	0.1562	0.1855
1741	0.2865	0.2897	0.2852	0.2848	0.2696	0.2776	0.2776	0.2807	0.2849	0.2403	0.2412	0.2413	0.2477	0.2574	0.2709	0.1960	0.1920	0.1946	0.2016	0.2150	0.2405	0.1414	0.1355	0.1338	0.1355	0.1424	0.1561	0.1853
1742	0.2862	0.2895	0.2849	0.2845	0.2694	0.2773	0.2773	0.2803	0.2844	0.2401	0.2409	0.2410	0.2475	0.2571	0.2706	0.1957	0.1918	0.1943	0.2014	0.2148	0.2402	0.1411	0.1353	0.1337	0.1354	0.1423	0.1559	0.1851
1743	0.2858	0.2894	0.2845	0.2843	0.2690	0.2771	0.2770	0.2799	0.2839	0.2399	0.2406	0.2406	0.2472	0.2569	0.2703	0.1956	0.1916	0.1940	0.2013	0.2146	0.2398	0.1409	0.1352	0.1336	0.1354	0.1421	0.1557	0.1850
1744	0.2853	0.2891	0.2842	0.2839	0.2686	0.2767	0.2768	0.2795	0.2835	0.2396	0.2403	0.2403	0.2470	0.2566	0.2700	0.1954	0.1914	0.1938	0.2011	0.2144	0.2395	0.1409	0.1350	0.1335	0.1353	0.1419	0.1555	0.1849
1745	0.2849	0.2887	0.2838	0.2834	0.2682	0.2762	0.2765	0.2791	0.2833	0.2393	0.2398	0.2399	0.2467	0.2564	0.2696	0.1952	0.1912	0.1937	0.2009	0.2141	0.2391	0.1409	0.1348	0.1334	0.1352	0.1418	0.1553	0.1848
1746	0.2845	0.2883	0.2834	0.2830	0.2678	0.2758	0.2761	0.2788	0.2830	0.2389	0.2395	0.2396	0.2464	0.2561	0.2692	0.1950	0.1909	0.1936	0.2006	0.2138	0.2389	0.1408	0.1346	0.1332	0.1351	0.1416	0.1552	0.1846
1747	0.2839	0.2878	0.2830	0.2829	0.2675	0.2755	0.2756	0.2784	0.2826	0.2386	0.2393	0.2394	0.2458	0.2557	0.2688	0.1946	0.1906	0.1934	0.2004	0.2136	0.2388	0.1406	0.1344	0.1329	0.1348	0.1415	0.1551	0.1845
1748	0.2835	0.2874	0.2827	0.2825	0.2671	0.2751	0.2752	0.2781	0.2823	0.2383	0.2390	0.2391	0.2454	0.2554	0.2685	0.1944	0.1903	0.1931	0.2000	0.2133	0.2386	0.1404	0.1343	0.1327	0.1348	0.1414	0.1550	0.1843
1749	0.2832	0.2872	0.2823	0.2820	0.2667	0.2747	0.2750	0.2778	0.2820	0.2380	0.2385	0.2388	0.2452	0.2550	0.2683	0.1942	0.1901	0.1927	0.1997	0.2130	0.2383	0.1403	0.1341	0.1324	0.1348	0.1412	0.1548	0.1840
1750	0.2828	0.2869	0.2820	0.2815	0.2664	0.2743	0.2747	0.2774	0.2817	0.2377	0.2382	0.2385	0.2449	0.2548	0.2680	0.1940	0.1899	0.1924	0.1994	0.2127	0.2380	0.1401	0.1340	0.1322	0.1346	0.1410	0.1546	0.1838
1751	0.2825	0.2866	0.2816	0.2811	0.2660	0.2738	0.2743	0.2769	0.2812	0.2373	0.2379	0.2380	0.2446	0.2546	0.2678	0.1937	0.1897	0.1921	0.1992	0.2125	0.2377	0.1399	0.1340	0.1320	0.1342	0.1407	0.1543	0.1835
1752	0.2821	0.2862	0.2812	0.2808	0.2656	0.2735	0.2740	0.2764	0.2808	0.2370	0.2377	0.2378	0.2443	0.2541	0.2674	0.1934	0.1894	0.1918	0.1989	0.2123	0.2374	0.1397	0.1339	0.1318	0.1339	0.1407	0.1542	0.1833
1753	0.2817	0.2858	0.2807	0.2806	0.2652	0.2733	0.2737	0.2759	0.2804	0.2366	0.2374	0.2377	0.2441	0.2535	0.2669	0.1931	0.1891	0.1915	0.1987	0.2120	0.2370	0.1394	0.1338	0.1315	0.1337	0.1407	0.1541	0.1831
1754	0.2813	0.2854	0.2803	0.2802	0.2649	0.2730	0.2733	0.2755	0.2798	0.2363	0.2369	0.2374	0.2439	0.2531	0.2666	0.1928	0.1888	0.1912	0.1985	0.2118	0.2367	0.1392	0.1336	0.1313	0.1337	0.1405	0.1540	0.1829
1755	0.2809	0.2852	0.2800	0.2798	0.2646	0.2727	0.2729	0.2751	0.2792	0.2361	0.2364	0.2370	0.2437	0.2529	0.2663	0.1925	0.1886	0.1910	0.1982	0.2116	0.2364	0.1392	0.1333	0.1311	0.1336	0.1403	0.1538	0.1827
1756	0.2805	0.2848	0.2796	0.2793	0.2642	0.2722	0.2724	0.2748	0.2788	0.2358	0.2362	0.2367	0.2432	0.2525	0.2660	0.1924	0.1884	0.1907	0.1979	0.2113	0.2361	0.1391	0.1330	0.1309	0.1334	0.1400	0.1535	0.1824
1757	0.2802	0.2843	0.2793	0.2789	0.2637	0.2716	0.2719	0.2744	0.2785	0.2355	0.2361	0.2362	0.2427	0.2521	0.2655	0.1924	0.1882	0.1904	0.1975	0.2110	0.2357	0.1390	0.1328	0.1308	0.1331	0.1396	0.1532	0.1821
1758	0.2798	0.2839	0.2789	0.2783	0.2635	0.2712	0.2718	0.2741	0.2781	0.2350	0.2359	0.2359	0.2424	0.2517	0.2651	0.1922	0.1882	0.1901	0.1972	0.2105	0.2354	0.1386	0.1326	0.1307	0.1329	0.1395	0.1530	0.1819
1759	0.2794	0.2835	0.2786	0.2777	0.2633	0.2709	0.2717	0.2738	0.2778	0.2346	0.2356	0.2357	0.2421	0.2514	0.2646	0.1919	0.1881	0.1898	0.1969	0.2100	0.2351	0.1382	0.1324	0.1306	0.1329	0.1395	0.1528	0.1817
1760	0.2791	0.2831	0.2783	0.2772	0.2628	0.2706	0.2713	0.2735	0.2776	0.2343	0.2353	0.2353	0.2417	0.2512	0.2643	0.1916	0.1880	0.1896	0.1968	0.2099	0.2349	0.1379	0.1322	0.1304	0.1327	0.1393	0.1526	0.1816
1761	0.2788	0.2828	0.2779	0.2767	0.2623	0.2703	0.2709	0.2731	0.2773	0.2339	0.2350	0.2350	0.2413	0.2509	0.2639	0.1912	0.1878	0.1894	0.1966	0.2099	0.2346	0.1377	0.1320	0.1302	0.1326	0.1392	0.1524	0.1816
1762	0.2784	0.2825	0.2774	0.2764	0.2619	0.2699	0.2705	0.2728	0.2770	0.2337	0.2345	0.2347	0.2410	0.2505	0.2637	0.1909	0.1875	0.1891	0.1964	0.2097	0.2343	0.1377	0.1318	0.1300	0.1324	0.1390	0.1523	0.1813
1763	0.2779	0.2821	0.2769	0.2761	0.2616	0.2695	0.2701	0.2724	0.2767	0.2335	0.2341	0.2344	0.2406	0.2502	0.2634	0.1907	0.1872	0.1889	0.1962	0.2095	0.2341	0.1376	0.1317	0.1298	0.1322	0.1388	0.1522	0.1810
1764	0.2774	0.2818	0.2767	0.2757	0.2612	0.2691	0.2696	0.2722	0.2762	0.2330	0.2338	0.2342	0.2403	0.2499	0.2630	0.1904	0.1868	0.1887	0.1959	0.2093	0.2338	0.1373	0.1315	0.1297	0.1320	0.1385	0.1519	0.1807
1765	0.2769	0.2815	0.2764	0.2753	0.2609	0.2687	0.2691	0.2718	0.2758	0.2326	0.2336	0.2340	0.2400	0.2496	0.2626	0.1901	0.1865	0.1886	0.1956	0.2090	0.2335	0.1371	0.1312	0.1296	0.1318	0.1382	0.1516	0.1803
1766	0.2766	0.2811	0.2761	0.2751	0.2605	0.2685	0.2687	0.2714	0.2754	0.2323	0.2332	0.2338	0.2398	0.2493	0.2624	0.1901	0.1863	0.1883	0.1954	0.2088	0.2333	0.1372	0.1311	0.1296	0.1317	0.1382	0.1514	0.1802
1767	0.2763	0.2807	0.2757	0.2750	0.2602	0.2682	0.2683	0.2710	0.2751	0.2320	0.2329	0.2336	0.2396	0.2491	0.2621	0.1901	0.1860	0.1880	0.1953	0.2086	0.2330	0.1372	0.1310	0.1295	0.1316	0.1382	0.1512	0.1802
1768	0.2761	0.2804	0.2754	0.2746	0.2599	0.2680	0.2681	0.2706	0.2749	0.2319	0.2326	0.2332	0.2393	0.2488	0.2617	0.1899	0.1859	0.1877	0.1952	0.2083	0.2328	0.1370	0.1310	0.1294	0.1313	0.1380	0.1510	0.1800
1769	0.2759	0.2802	0.2751	0.2742	0.2597	0.2677	0.2678	0.2703	0.2746	0.2318	0.2324	0.2328	0.2389	0.2485	0.2613	0.1897	0.1857	0.1875	0.1950	0.2081	0.2326	0.1368	0.1309	0.1294	0.1311	0.1378	0.1508	0.1797
1770	0.2755	0.2799	0.2748	0.2740	0.2594	0.2674	0.2676	0.2701	0.2742	0.2315	0.2321	0.2325	0.2385	0.2483	0.2611	0.1896	0.1853	0.1874	0.1947	0.2077	0.2324	0.1367	0.1306	0.1292	0.1311	0.1375	0.1509	0.1795
1771	0.2752	0.2795	0.2744	0.2738	0.2591	0.2670	0.2673	0.2698	0.2739	0.2313	0.2319	0.2322	0.2382	0.2482	0.2609	0.1895	0.1850	0.1873	0.1945	0.2074	0.2322	0.1366	0.1304	0.1291	0.1311	0.1373	0.1510	0.1794
1772	0.2750	0.2794	0.2741	0.2734	0.2588	0.2667	0.2670	0.2695	0.2736	0.2312	0.2317	0.2321	0.2381	0.2481	0.2607	0.1892	0.1849	0.1871	0.1943	0.2071	0.2320	0.1365	0.1302	0.1291	0.1310	0.1374	0.1509	0.1794
1773	0.2747	0.2792	0.2739	0.2731	0.2585	0.2665	0.2668	0.2692	0.2734	0.2311	0.2316	0.2320	0.2380	0.2479	0.2605	0.1889	0.1848	0.1869	0.1941	0.2068	0.2318	0.1364	0.1300	0.1291	0.1310	0.1375	0.1508	0.1793
1774	0.2745	0.2789	0.2737	0.2729	0.2583	0.2663	0.2666	0.2689	0.2731	0.2309	0.2314	0.2316	0.2379	0.2477	0.2602	0.1887	0.1846	0.1865	0.1938	0.2068	0.2313	0.1364	0.1300	0.1288	0.1308	0.1373	0.1503	0.1791
1775	0.2743	0.2786	0.2735	0.2727	0.2582	0.2661	0.2664	0.2687	0.2729	0.2307	0.2313	0.2313	0.2378	0.2475	0.2600	0.1885	0.1843	0.1863	0.1935	0.2067	0.2310	0.1363	0.1299	0.1287	0.1307	0.1372	0.1499	0.1788
1776	0.2740	0.2784	0.2733	0.2725	0.2580	0.2660	0.2662	0.2686	0.2729	0.2305	0.2312	0.2310	0.2375	0.2471	0.2599	0.1883	0.1841	0.1863	0.1935	0.2066	0.2309	0.1361	0.1301	0.1287	0.1306	0.1372	0.1497	0.1785
1777	0.2737	0.2781	0.2731	0.2723	0.2577	0.2659	0.2661	0.2684	0.2728	0.2302	0.2310	0.2308	0.2373	0.2467	0.2598	0.1881	0.1839	0.1861	0.1933	0.2066	0.2308	0.1359	0.1301	0.1286	0.1304	0.1371	0.1496	0.1784
1778	0.2735	0.2780	0.2729	0.2723	0.2576	0.2658	0.2660	0.2683	0.2724	0.2298	0.2307	0.2307	0.2373	0.2465	0.2595	0.1880	0.1839	0.1858	0.1932	0.2066	0.2308	0.1359	0.1300	0.1284	0.1302	0.1370	0.1497	0.1784
1779	0.2733	0.2778	0.2727	0.2721	0.2574	0.2656	0.2657	0.2681	0.2721	0.2295	0.2304	0.2308	0.2372	0.2463	0.2592	0.1878	0.1838	0.1857	0.1932	0.2064	0.2307	0.1359	0.1299	0.1283	0.1301	0.1369	0.1498	0.1783
1780	0.2731	0.2776	0.2726	0.2718	0.2572	0.2654	0.2653	0.2679	0.2719	0.2296	0.2302	0.2309	0.2370	0.2461	0.2591	0.1876	0.1836	0.1856	0.1932	0.2061	0.2305	0.1357	0.1297	0.1280	0.1303	0.1367	0.1499	0.1782
1781	0.2729	0.2774	0.2726	0.2716	0.2571	0.2652	0.2651	0.2677	0.2718	0.2295	0.2302	0.2307	0.2368	0.2461	0.2591	0.1876	0.1835	0.1855	0.1931	0.2060	0.2303	0.1355	0.1296	0.1278	0.1302	0.1365	0.1498	0.1780
1782	0.2728	0.2773	0.2725	0.2715	0.2569	0.2649	0.2652	0.2675	0.2717	0.2292	0.2302	0.2305	0.2366	0.2462	0.2591	0.1876	0.1835	0.1855	0.1931	0.2060	0.2303	0.1355	0.1296	0.1277	0.1301	0.1364	0.1496	0.1780
1783	0.2727	0.2772	0.2724	0.2713	0.2567	0.2647	0.2651	0.2674	0.2715	0.2291	0.2301	0.2304	0.2364	0.2462	0.2590	0.1876	0.1835	0.1854	0.1929	0.2061	0.2303	0.1356	0.1294	0.1277	0.1300	0.1363	0.1495	0.1780
1784	0.2727	0.2772	0.2723	0.2711	0.2565	0.2646	0.2649	0.2673	0.2713	0.2293	0.2299	0.2304	0.2363	0.2461	0.2589	0.1876	0.1835	0.1853	0.1927	0.2061	0.2303	0.1357	0.1293	0.1278	0.1299	0.1363	0.1494	0.1779
1785	0.2726	0.2770	0.2722	0.2710	0.2564	0.2645	0.2650	0.2673	0.2713	0.2293	0.2299	0.2303	0.2363	0.2461	0.2589	0.1876	0.1835	0.1853	0.1927	0.2060	0.2301	0.1357	0.1295	0.1279	0.1299	0.1362	0.1493	0.1778
1786	0.2726	0.2768	0.2720	0.2709	0.2564	0.2644	0.2651	0.2673	0.2712	0.2294	0.2299	0.2301	0.2364	0.2462	0.2588	0.1876	0.1834	0.1852	0.1926	0.2059	0.2301	0.1355	0.1297	0.1278	0.1300	0.1361	0.1492	0.1778
1787	0.2726	0.2767	0.2719	0.2709	0.2564	0.2644	0.2651	0.2672	0.2711	0.2294	0.2299	0.2300	0.2364	0.2460	0.2589	0.1877	0.1833	0.1852	0.1929	0.2058	0.2300	0.1355	0.1298	0.1279	0.1299	0.1361	0.1493	0.1779
1788	0.2726	0.2768	0.2718	0.2708	0.2564	0.2644	0.2650	0.2671	0.2712	0.2294	0.2299	0.2300	0.2364	0.2458	0.2589	0.1878	0.1832	0.1851	0.1932	0.2055	0.2300	0.1355	0.1297	0.1278	0.1298	0.1361	0.1494	0.1779
1789	0.2726	0.2766	0.2718	0.2708	0.2564	0.2645	0.2649	0.2671	0.2711	0.2292	0.2299	0.2298	0.2362	0.2458	0.2587	0.1877	0.1833	0.1852	0.1932	0.2057	0.2300	0.1354	0.1296	0.1277	0.1298	0.1361	0.1495	0.1777
1790	0.2725	0.2764	0.2717	0.2708	0.2564	0.2646	0.2649	0.2672	0.2710	0.2291	0.2298	0.2297	0.2360	0.2459	0.2584	0.1875	0.1833	0.1852	0.1931	0.2059	0.2300	0.1353	0.1295	0.1276	0.1299	0.1361	0.1495	0.1776
1791	0.2725	0.2764	0.2717	0.2708	0.2563	0.2644	0.2650	0.2671	0.2709	0.2290	0.2299	0.2297	0.2359	0.2457	0.2583	0.1873	0.1831	0.1850	0.1930	0.2057	0.2299	0.1351	0.1295	0.1278	0.1297	0.1360	0.1494	0.1778
1792	0.2726	0.2765	0.2716	0.2706	0.2561	0.2643	0.2651	0.2670	0.2709	0.2289	0.2299	0.2298	0.2358	0.2455	0.2582	0.1872	0.1829	0.1849	0.1929	0.2054	0.2299	0.1349	0.1296	0.1280	0.1294	0.1358	0.1492	0.1779
1793	0.2726	0.2765	0.2716	0.2706	0.2561	0.2644	0.2649	0.2671	0.2709	0.2289	0.2298	0.2297	0.2358	0.2456	0.2582	0.1871	0.1828	0.1850	0.1928	0.2054	0.2299	0.1348	0.1294	0.1278	0.1294	0.1358	0.1491	0.1778
1794	0.2727	0.2766	0.2715	0.2706	0.2561	0.2645	0.2646	0.2672	0.2710	0.2290	0.2298	0.2297	0.2357	0.2458	0.2582	0.1871	0.1828	0.1852	0.1928	0.2053	0.2300	0.1349	0.1292	0.1276	0.1293	0.1357	0.1491	0.1776
1795	0.2726	0.2767	0.2716	0.2708	0.2562	0.2643	0.2645	0.2671	0.2711	0.2290	0.2298	0.2298	0.2356	0.2459	0.2583	0.1873	0.1828	0.1853	0.1927	0.2053	0.2301	0.1351	0.1293	0.1276	0.1293	0.1356	0.1492	0.1775
1796	0.2725	0.2767	0.2717	0.2709	0.2563	0.2641	0.2645	0.2671	0.2711	0.2291	0.2299	0.2298	0.2356	0.2460	0.2584	0.1874	0.1827	0.1853	0.1927	0.2053	0.2302	0.1353	0.1294	0.1276	0.1294	0.1355	0.1493	0.1774
1797	0.2724	0.2768	0.2718	0.2711	0.2566	0.2641	0.2644	0.2671	0.2712	0.2292	0.2299	0.2300	0.2358	0.2459	0.2585	0.1874	0.1828	0.1852	0.1928	0.2053	0.2300	0.1352	0.1293	0.1275	0.1295	0.1357	0.1494	0.1776
1798	0.2724	0.2769	0.2718	0.2712	0.2568	0.2643	0.2644	0.2671	0.2714	0.2293	0.2298	0.2301	0.2359	0.2459	0.2587	0.1874	0.1830	0.1851	0.1929	0.2053	0.2299	0.1351	0.1291	0.1274	0.1295	0.1358	0.1494	0.1777
1799	0.2724	0.2767	0.2717	0.2712	0.2569	0.2644	0.2647	0.2672	0.2715	0.2292	0.2297	0.2301	0.2360	0.2458	0.2586	0.1872	0.1831	0.1849	0.1928	0.2055	0.2297	0.1351	0.1291	0.1275	0.1294	0.1357	0.1491	0.1776
1800	0.2724	0.2766	0.2716	0.2713	0.2570	0.2646	0.2649	0.2674	0.2717	0.2292	0.2296	0.2301	0.2360	0.2457	0.2583	0.1869	0.1832	0.1849	0.1925	0.2055	0.2296	0.1351	0.1291	0.1276	0.1294	0.1357	0.1489	0.1776
1801	0.2765	0.2804	0.2738	0.2740	0.2586	0.2674	0.2711	0.2732	0.2765	0.2315	0.2302	0.2316	0.2411	0.2550	0.2684	0.1870	0.1836	0.1869	0.1964	0.2146	0.2454	0.1348	0.1297	0.1278	0.1308	0.1380	0.1572	0.1946
1802	0.2765	0.2803	0.2737	0.2743	0.2592	0.2673	0.2706	0.2735	0.2769	0.2314	0.2301	0.2311	0.2406	0.2552	0.2684	0.1867	0.1838	0.1870	0.1960	0.2144	0.2451	0.1351	0.1285	0.1273	0.1307	0.1378	0.1573	0.1945
1803	0.2767	0.2800	0.2733	0.2742	0.2599	0.2672	0.2699	0.2733	0.2773	0.2312	0.2304	0.2312	0.2407	0.2554	0.2689	0.1863	0.1838	0.1873	0.1959	0.2139	0.2453	0.1351	0.1280	0.1271	0.1306	0.1377	0.1568	0.1944
1804	0.2772	0.2796	0.2729	0.2741	0.2602	0.2670	0.2698	0.2729	0.2773	0.2309	0.2311	0.2314	0.2407	0.2549	0.2691	0.1862	0.1837	0.1877	0.1956	0.2137	0.2456	0.1349	0.1282	0.1274	0.1306	0.1378	0.1565	0.1946
1805	0.2777	0.2795	0.2731	0.2741	0.2605	0.2671	0.2701	0.2728	0.2772	0.2306	0.2314	0.2318	0.2408	0.2544	0.2689	0.1865	0.1839	0.1875	0.1958	0.2138	0.2452	0.1353	0.1284	0.1280	0.1308	0.1375	0.1565	0.1945
1806	0.2781	0.2796	0.2732	0.2741	0.2602	0.2675	0.2705	0.2731	0.2772	0.2310	0.2310	0.2316	0.2410	0.2541	0.2685	0.1866	0.1840	0.1872	0.1962	0.2137	0.2455	0.1354	0.1288	0.1279	0.1310	0.1377	0.1562	0.1935
1807	0.2783	0.2798	0.2731	0.2739	0.2598	0.2679	0.2707	0.2735	0.2771	0.2314	0.2308	0.2314	0.2410	0.2540	0.2680	0.1867	0.1841	0.1870	0.1964	0.2137	0.2458	0.1354	0.1291	0.1274	0.1310	0.1381	0.1561	0.1928
1808	0.2781	0.2797	0.2730	0.2735	0.2601	0.2678	0.2701	0.2740	0.2768	0.2313	0.2309	0.2316	0.2408	0.2542	0.2673	0.1866	0.1840	0.1864	0.1965	0.2138	0.2457	0.1356	0.1289	0.1270	0.1308	0.1382	0.1562	0.1929
1809	0.2777	0.2795	0.2732	0.2732	0.2604	0.2676	0.2694	0.2743	0.2763	0.2309	0.2312	0.2318	0.2404	0.2544	0.2666	0.1865	0.1836	0.1858	0.1966	0.2139	0.2453	0.1356	0.1286	0.1268	0.1306	0.1380	0.1560	0.1931
1810	0.2771	0.2795	0.2737	0.2732	0.2603	0.2677	0.2690	0.2743	0.2758	0.2306	0.2314	0.2317	0.2402	0.2542	0.2665	0.1863	0.1833	0.1855	0.1966	0.2139	0.2451	0.1355	0.1284	0.1271	0.1301	0.1379	0.1558	0.1931
1811	0.2766	0.2796	0.2742	0.2733	0.2600	0.2677	0.2688	0.2741	0.2755	0.2304	0.2314	0.2317	0.2405	0.2538	0.2668	0.1863	0.1834	0.1859	0.1966	0.2141	0.2454	0.1353	0.1284	0.1278	0.1295	0.1376	0.1558	0.1930
1812	0.2764	0.2796	0.2741	0.2733	0.2600	0.2677	0.2686	0.2737	0.2758	0.2305	0.2314	0.2318	0.2406	0.2536	0.2675	0.1865	0.1836	0.1865	0.1968	0.2142	0.2457	0.1350	0.1286	0.1284	0.1294	0.1369	0.1562	0.1931
1813	0.2765	0.2795	0.2742	0.2733	0.2603	0.2679	0.2687	0.2734	0.2764	0.2308	0.2312	0.2321	0.2404	0.2538	0.2677	0.1867	0.1831	0.1867	0.1972	0.2140	0.2457	0.1350	0.1288	0.1283	0.1296	0.1364	0.1564	0.1933
1814	0.2765	0.2799	0.2739	0.2735	0.2601	0.2677	0.2699	0.2734	0.2769	0.2312	0.2306	0.2326	0.2408	0.2539	0.2679	0.1871	0.1827	0.1864	0.1975	0.2143	0.2456	0.1355	0.1290	0.1280	0.1303	0.1367	0.1563	0.1936
1815	0.2766	0.2803	0.2734	0.2740	0.2593	0.2672	0.2706	0.2735	0.2767	0.2314	0.2305	0.2327	0.2412	0.2538	0.2687	0.1875	0.1828	0.1859	0.1971	0.2144	0.2459	0.1356	0.1290	0.1280	0.1307	0.1376	0.1564	0.1937
1816	0.2767	0.2802	0.2731	0.2742	0.2585	0.2670	0.2706	0.2734	0.2763	0.2315	0.2304	0.2324	0.2410	0.2537	0.2692	0.1876	0.1826	0.1855	0.1963	0.2142	0.2461	0.1356	0.1288	0.1277	0.1306	0.1383	0.1565	0.1935
1817	0.2769	0.2798	0.2730	0.2736	0.2583	0.2675	0.2707	0.2730	0.2763	0.2314	0.2299	0.2319	0.2406	0.2539	0.2689	0.1881	0.1825	0.1859	0.1960	0.2138	0.2459	0.1355	0.1283	0.1274	0.1303	0.1385	0.1567	0.1929
1818	0.2771	0.2796	0.2734	0.2733	0.2584	0.2680	0.2709	0.2728	0.2765	0.2311	0.2296	0.2316	0.2404	0.2542	0.2685	0.1884	0.1824	0.1865	0.1960	0.2135	0.2458	0.1355	0.1279	0.1272	0.1300	0.1386	0.1570	0.1925
1819	0.2771	0.2797	0.2740	0.2737	0.2588	0.2681	0.2708	0.2732	0.2768	0.2308	0.2298	0.2313	0.2400	0.2545	0.2682	0.1881	0.1824	0.1868	0.1957	0.2134	0.2457	0.1353	0.1280	0.1271	0.1300	0.1388	0.1570	0.1927
1820	0.2770	0.2800	0.2744	0.2741	0.2593	0.2679	0.2706	0.2735	0.2771	0.2307	0.2302	0.2310	0.2395	0.2548	0.2679	0.1874	0.1824	0.1869	0.1953	0.2135	0.2453	0.1351	0.1285	0.1271	0.1302	0.1390	0.1567	0.1932
1821	0.2768	0.2803	0.2742	0.2734	0.2597	0.2676	0.2704	0.2738	0.2768	0.2307	0.2304	0.2311	0.2397	0.2552	0.2676	0.1869	0.1821	0.1866	0.1954	0.2134	0.2448	0.1349	0.1291	0.1270	0.1310	0.1385	0.1560	0.1935
1822	0.2770	0.2805	0.2746	0.2726	0.2595	0.2673	0.2703	0.2739	0.2761	0.2305	0.2309	0.2314	0.2406	0.2558	0.2676	0.1863	0.1818	0.1863	0.1955	0.2133	0.2445	0.1346	0.1297	0.1269	0.1319	0.1379	0.1554	0.1938
1823	0.2774	0.2805	0.2751	0.2723	0.2592	0.2672	0.2702	0.2733	0.2763	0.2307	0.2311	0.2312	0.2413	0.2558	0.2675	0.1861	0.1817	0.1858	0.1955	0.2132	0.2440	0.1340	0.1297	0.1268	0.1319	0.1378	0.1552	0.1934
1824	0.2775	0.2806	0.2750	0.2723	0.2591	0.2673	0.2701	0.2723	0.2766	0.2313	0.2307	0.2309	0.2412	0.2554	0.2669	0.1863	0.1821	0.1856	0.1954	0.2132	0.2435	0.1338	0.1292	0.1265	0.1321	0.1376	0.1550	0.1926
1825	0.2774	0.2805	0.2747	0.2728	0.2586	0.2673	0.2701	0.2719	0.2761	0.2315	0.2305	0.2307	0.2410	0.2551	0.2665	0.1861	0.1826	0.1855	0.1950	0.2132	0.2431	0.1338	0.1288	0.1264	0.1322	0.1376	0.1548	0.1921
1826	0.2770	0.2799	0.2742	0.2732	0.2575	0.2673	0.2699	0.2720	0.2754	0.2309	0.2302	0.2307	0.2407	0.2547	0.2666	0.1862	0.1824	0.1851	0.1945	0.2127	0.2429	0.1335	0.1287	0.1260	0.1315	0.1378	0.1547	0.1918
1827	0.2764	0.2794	0.2738	0.2733	0.2567	0.2673	0.2696	0.2720	0.2750	0.2303	0.2300	0.2305	0.2405	0.2542	0.2668	0.1863	0.1821	0.1846	0.1939	0.2121	0.2425	0.1332	0.1286	0.1256	0.1307	0.1377	0.1547	0.1913
1828	0.2758	0.2786	0.2732	0.2731	0.2567	0.2672	0.2696	0.2720	0.2750	0.2293	0.2298	0.2301	0.2399	0.2534	0.2669	0.1862	0.1818	0.1842	0.1932	0.2115	0.2424	0.1326	0.1283	0.1256	0.1302	0.1373	0.1545	0.1906
1829	0.2752	0.2776	0.2723	0.2730	0.2569	0.2670	0.2696	0.2720	0.2749	0.2284	0.2295	0.2298	0.2392	0.2526	0.2668	0.1860	0.1816	0.1839	0.1926	0.2108	0.2425	0.1320	0.1279	0.1257	0.1298	0.1370	0.1544	0.1900
1830	0.2749	0.2769	0.2719	0.2729	0.2568	0.2667	0.2692	0.2719	0.2747	0.2280	0.2290	0.2296	0.2386	0.2522	0.2662	0.1856	0.1811	0.1840	0.1925	0.2105	0.2429	0.1317	0.1273	0.1258	0.1294	0.1368	0.1539	0.1900
1831	0.2748	0.2767	0.2720	0.2727	0.2565	0.2666	0.2688	0.2712	0.2744	0.2280	0.2286	0.2293	0.2383	0.2521	0.2654	0.1850	0.1807	0.1843	0.1927	0.2107	0.2431	0.1319	0.1271	0.1260	0.1291	0.1366	0.1536	0.1903
1832	0.2746	0.2769	0.2718	0.2723	0.2559	0.2660	0.2683	0.2705	0.2743	0.2280	0.2281	0.2291	0.2378	0.2522	0.2647	0.1849	0.1806	0.1843	0.1934	0.2108	0.2426	0.1321	0.1274	0.1261	0.1282	0.1365	0.1535	0.1905
1833	0.2743	0.2769	0.2711	0.2720	0.2558	0.2651	0.2678	0.2702	0.2740	0.2282	0.2273	0.2291	0.2375	0.2522	0.2645	0.1850	0.1813	0.1839	0.1940	0.2104	0.2422	0.1323	0.1273	0.1260	0.1271	0.1366	0.1530	0.1905
1834	0.2743	0.2764	0.2706	0.2716	0.2559	0.2647	0.2669	0.2700	0.2738	0.2285	0.2265	0.2288	0.2373	0.2523	0.2641	0.1850	0.1818	0.1839	0.1936	0.2101	0.2419	0.1322	0.1271	0.1258	0.1269	0.1365	0.1524	0.1906
1835	0.2742	0.2761	0.2703	0.2707	0.2558	0.2646	0.2663	0.2702	0.2729	0.2280	0.2265	0.2285	0.2369	0.2519	0.2636	0.1848	0.1817	0.1839	0.1930	0.2095	0.2420	0.1319	0.1268	0.1255	0.1271	0.1362	0.1526	0.1903
1836	0.2739	0.2757	0.2700	0.2699	0.2557	0.2643	0.2658	0.2702	0.2720	0.2275	0.2265	0.2285	0.2367	0.2512	0.2632	0.1845	0.1813	0.1838	0.1925	0.2091	0.2419	0.1315	0.1267	0.1254	0.1273	0.1359	0.1527	0.1900
1837	0.2729	0.2752	0.2698	0.2690	0.2556	0.2637	0.2654	0.2694	0.2715	0.2271	0.2265	0.2285	0.2366	0.2502	0.2628	0.1841	0.1805	0.1836	0.1922	0.2093	0.2416	0.1310	0.1267	0.1255	0.1280	0.1356	0.1525	0.1900
1838	0.2717	0.2748	0.2697	0.2680	0.2553	0.2631	0.2650	0.2686	0.2712	0.2267	0.2265	0.2283	0.2362	0.2493	0.2625	0.1839	0.1797	0.1834	0.1919	0.2094	0.2415	0.1306	0.1266	0.1256	0.1286	0.1355	0.1523	0.1901
1839	0.2707	0.2743	0.2699	0.2673	0.2543	0.2620	0.2648	0.2681	0.2712	0.2262	0.2265	0.2275	0.2351	0.2489	0.2625	0.1839	0.1789	0.1833	0.1916	0.2088	0.2416	0.1306	0.1262	0.1251	0.1285	0.1353	0.1522	0.1896
1840	0.2700	0.2736	0.2699	0.2668	0.2531	0.2609	0.2645	0.2678	0.2712	0.2259	0.2261	0.2266	0.2339	0.2486	0.2625	0.1838	0.1780	0.1831	0.1913	0.2082	0.2416	0.1307	0.1258	0.1243	0.1280	0.1351	0.1519	0.1887
1841	0.2695	0.2730	0.2686	0.2666	0.2520	0.2607	0.2636	0.2674	0.2704	0.2253	0.2255	0.2259	0.2340	0.2482	0.2619	0.1835	0.1772	0.1829	0.1910	0.2080	0.2409	0.1305	0.1254	0.1239	0.1276	0.1349	0.1518	0.1885
1842	0.2689	0.2726	0.2672	0.2664	0.2509	0.2607	0.2629	0.2665	0.2694	0.2244	0.2247	0.2250	0.2346	0.2480	0.2612	0.1828	0.1766	0.1827	0.1908	0.2080	0.2401	0.1305	0.1252	0.1235	0.1272	0.1347	0.1519	0.1883
1843	0.2681	0.2720	0.2664	0.2660	0.2500	0.2603	0.2623	0.2656	0.2683	0.2234	0.2237	0.2242	0.2344	0.2476	0.2604	0.1820	0.1760	0.1823	0.1901	0.2080	0.2397	0.1303	0.1248	0.1227	0.1269	0.1342	0.1515	0.1878
1844	0.2673	0.2711	0.2653	0.2652	0.2493	0.2592	0.2618	0.2654	0.2674	0.2223	0.2228	0.2237	0.2340	0.2470	0.2593	0.1811	0.1755	0.1815	0.1891	0.2075	0.2391	0.1295	0.1243	0.1221	0.1271	0.1339	0.1507	0.1876
1845	0.2666	0.2701	0.2643	0.2643	0.2486	0.2581	0.2614	0.2648	0.2669	0.2214	0.2218	0.2232	0.2334	0.2462	0.2586	0.1800	0.1749	0.1804	0.1883	0.2068	0.2386	0.1289	0.1239	0.1216	0.1267	0.1337	0.1499	0.1872
1846	0.2661	0.2690	0.2635	0.2630	0.2479	0.2572	0.2605	0.2635	0.2664	0.2209	0.2207	0.2222	0.2324	0.2447	0.2586	0.1785	0.1745	0.1792	0.1881	0.2057	0.2378	0.1286	0.1233	0.1211	0.1260	0.1332	0.1496	0.1863
1847	0.2654	0.2681	0.2626	0.2617	0.2471	0.2563	0.2594	0.2620	0.2657	0.2203	0.2197	0.2211	0.2314	0.2434	0.2584	0.1771	0.1740	0.1781	0.1878	0.2045	0.2369	0.1283	0.1228	0.1207	0.1253	0.1326	0.1495	0.1856
1848	0.2643	0.2669	0.2612	0.2604	0.2462	0.2553	0.2579	0.2606	0.2644	0.2196	0.2187	0.2200	0.2303	0.2423	0.2575	0.1765	0.1738	0.1771	0.1872	0.2033	0.2361	0.1275	0.1224	0.1207	0.1244	0.1321	0.1496	0.1859
1849	0.2630	0.2655	0.2599	0.2590	0.2453	0.2544	0.2565	0.2593	0.2628	0.2188	0.2178	0.2191	0.2291	0.2414	0.2564	0.1762	0.1737	0.1761	0.1864	0.2024	0.2354	0.1266	0.1219	0.1207	0.1233	0.1315	0.1497	0.1862
1850	0.2618	0.2641	0.2584	0.2575	0.2440	0.2531	0.2549	0.2583	0.2608	0.2173	0.2163	0.2181	0.2280	0.2404	0.2555	0.1759	0.1734	0.1756	0.1853	0.2019	0.2344	0.1261	0.1213	0.1203	0.1225	0.1307	0.1490	0.1856
1851	0.2606	0.2629	0.2570	0.2563	0.2423	0.2521	0.2533	0.2571	0.2591	0.2154	0.2150	0.2168	0.2270	0.2393	0.2547	0.1755	0.1731	0.1752	0.1842	0.2013	0.2332	0.1259	0.1209	0.1197	0.1219	0.1299	0.1479	0.1849
1852	0.2589	0.2615	0.2558	0.2545	0.2409	0.2507	0.2520	0.2557	0.2581	0.2141	0.2139	0.2156	0.2258	0.2379	0.2537	0.1747	0.1722	0.1742	0.1829	0.2004	0.2321	0.1256	0.1205	0.1188	0.1215	0.1288	0.1469	0.1841
1853	0.2571	0.2595	0.2546	0.2526	0.2396	0.2490	0.2509	0.2541	0.2571	0.2131	0.2128	0.2143	0.2241	0.2367	0.2523	0.1737	0.1710	0.1729	0.1819	0.1993	0.2310	0.1253	0.1197	0.1177	0.1208	0.1282	0.1460	0.1830
1854	0.2554	0.2577	0.2533	0.2511	0.2381	0.2470	0.2496	0.2523	0.2557	0.2121	0.2115	0.2130	0.2223	0.2356	0.2506	0.1724	0.1699	0.1717	0.1810	0.1982	0.2301	0.1247	0.1186	0.1167	0.1204	0.1277	0.1454	0.1822
1855	0.2532	0.2567	0.2516	0.2495	0.2368	0.2445	0.2477	0.2504	0.2539	0.2104	0.2099	0.2116	0.2209	0.2343	0.2484	0.1708	0.1687	0.1703	0.1797	0.1969	0.2284	0.1237	0.1176	0.1160	0.1197	0.1267	0.1449	0.1816
1856	0.2511	0.2556	0.2500	0.2479	0.2355	0.2422	0.2458	0.2487	0.2521	0.2087	0.2083	0.2100	0.2193	0.2328	0.2463	0.1694	0.1673	0.1690	0.1783	0.1956	0.2267	0.1227	0.1166	0.1151	0.1187	0.1259	0.1441	0.1808
1857	0.2492	0.2536	0.2479	0.2466	0.2334	0.2408	0.2438	0.2473	0.2501	0.2075	0.2065	0.2081	0.2175	0.2312	0.2444	0.1681	0.1654	0.1676	0.1768	0.1945	0.2255	0.1221	0.1158	0.1140	0.1177	0.1247	0.1428	0.1796
1858	0.2473	0.2514	0.2456	0.2452	0.2309	0.2395	0.2417	0.2458	0.2482	0.2062	0.2046	0.2061	0.2156	0.2295	0.2426	0.1667	0.1636	0.1662	0.1753	0.1932	0.2243	0.1214	0.1150	0.1129	0.1167	0.1233	0.1414	0.1782
1859	0.2448	0.2490	0.2429	0.2428	0.2287	0.2374	0.2394	0.2439	0.2461	0.2043	0.2025	0.2041	0.2135	0.2273	0.2404	0.1649	0.1617	0.1647	0.1738	0.1913	0.2227	0.1202	0.1141	0.1114	0.1155	0.1216	0.1397	0.1770
1860	0.2425	0.2466	0.2403	0.2401	0.2268	0.2350	0.2370	0.2418	0.2439	0.2022	0.2003	0.2021	0.2114	0.2249	0.2381	0.1629	0.1599	0.1631	0.1723	0.1894	0.2212	0.1189	0.1129	0.1099	0.1141	0.1199	0.1380	0.1758
1861	0.2402	0.2440	0.2380	0.2371	0.2245	0.2326	0.2347	0.2395	0.2416	0.1997	0.1981	0.2001	0.2092	0.2223	0.2363	0.1609	0.1578	0.1609	0.1701	0.1877	0.2194	0.1169	0.1114	0.1090	0.1127	0.1185	0.1367	0.1745
1862	0.2376	0.2410	0.2358	0.2339	0.2219	0.2299	0.2323	0.2368	0.2393	0.1971	0.1958	0.1982	0.2067	0.2195	0.2344	0.1590	0.1555	0.1586	0.1678	0.1857	0.2174	0.1149	0.1100	0.1081	0.1111	0.1176	0.1355	0.1733
1863	0.2346	0.2381	0.2330	0.2307	0.2188	0.2271	0.2298	0.2337	0.2367	0.1942	0.1934	0.1959	0.2042	0.2167	0.2317	0.1571	0.1534	0.1564	0.1657	0.1836	0.2154	0.1133	0.1082	0.1068	0.1095	0.1165	0.1341	0.1718
1864	0.2312	0.2351	0.2295	0.2275	0.2149	0.2241	0.2263	0.2304	0.2336	0.1909	0.1910	0.1925	0.2014	0.2137	0.2282	0.1548	0.1514	0.1543	0.1634	0.1815	0.2130	0.1119	0.1065	0.1053	0.1080	0.1148	0.1327	0.1701
1865	0.2279	0.2318	0.2260	0.2241	0.2111	0.2208	0.2227	0.2270	0.2304	0.1879	0.1884	0.1890	0.1987	0.2106	0.2249	0.1524	0.1494	0.1521	0.1611	0.1792	0.2107	0.1104	0.1049	0.1037	0.1067	0.1130	0.1312	0.1686
1866	0.2246	0.2282	0.2221	0.2207	0.2077	0.2171	0.2194	0.2234	0.2270	0.1855	0.1855	0.1859	0.1962	0.2076	0.2219	0.1501	0.1474	0.1495	0.1591	0.1771	0.2082	0.1089	0.1029	0.1021	0.1051	0.1111	0.1298	0.1667
1867	0.2211	0.2246	0.2182	0.2172	0.2043	0.2133	0.2161	0.2199	0.2237	0.1828	0.1824	0.1829	0.1935	0.2047	0.2188	0.1478	0.1453	0.1470	0.1568	0.1749	0.2057	0.1074	0.1010	0.1005	0.1033	0.1092	0.1283	0.1646
1868	0.2171	0.2206	0.2144	0.2133	0.2010	0.2095	0.2123	0.2166	0.2202	0.1793	0.1790	0.1799	0.1902	0.2016	0.2151	0.1453	0.1421	0.1443	0.1538	0.1722	0.2029	0.1054	0.0994	0.0990	0.1012	0.1073	0.1266	0.1625
1869	0.2131	0.2165	0.2106	0.2094	0.1976	0.2056	0.2085	0.2133	0.2165	0.1759	0.1754	0.1769	0.1867	0.1985	0.2114	0.1429	0.1388	0.1416	0.1509	0.1693	0.2002	0.1034	0.0977	0.0974	0.0992	0.1054	0.1248	0.1605
1870	0.2092	0.2125	0.2067	0.2053	0.1938	0.2018	0.2048	0.2094	0.2123	0.1725	0.1719	0.1734	0.1830	0.1949	0.2085	0.1402	0.1360	0.1390	0.1482	0.1661	0.1976	0.1011	0.0960	0.0956	0.0973	0.1040	0.1226	0.1585
1871	0.2052	0.2083	0.2027	0.2014	0.1898	0.1982	0.2013	0.2055	0.2082	0.1687	0.1684	0.1699	0.1795	0.1911	0.2057	0.1373	0.1334	0.1364	0.1453	0.1629	0.1952	0.0987	0.0943	0.0935	0.0951	0.1028	0.1203	0.1568
1872	0.2006	0.2040	0.1984	0.1974	0.1854	0.1945	0.1973	0.2015	0.2043	0.1652	0.1650	0.1665	0.1760	0.1877	0.2023	0.1342	0.1308	0.1342	0.1425	0.1600	0.1922	0.0965	0.0922	0.0915	0.0929	0.1010	0.1186	0.1553
1873	0.1959	0.2001	0.1939	0.1931	0.1809	0.1905	0.1932	0.1976	0.2004	0.1618	0.1618	0.1632	0.1724	0.1843	0.1986	0.1312	0.1279	0.1319	0.1397	0.1574	0.1890	0.0944	0.0901	0.0891	0.0907	0.0989	0.1173	0.1536
1874	0.1913	0.1962	0.1897	0.1886	0.1768	0.1865	0.1895	0.1936	0.1963	0.1584	0.1584	0.1598	0.1690	0.1806	0.1949	0.1282	0.1249	0.1293	0.1372	0.1547	0.1857	0.0924	0.0884	0.0867	0.0885	0.0970	0.1158	0.1519
1875	0.1871	0.1916	0.1854	0.1841	0.1726	0.1820	0.1855	0.1895	0.1914	0.1548	0.1547	0.1562	0.1657	0.1768	0.1914	0.1251	0.1224	0.1259	0.1346	0.1514	0.1824	0.0908	0.0865	0.0850	0.0866	0.0949	0.1138	0.1497
1876	0.1828	0.1872	0.1810	0.1796	0.1685	0.1776	0.1814	0.1852	0.1867	0.1511	0.1509	0.1526	0.1621	0.1730	0.1879	0.1221	0.1199	0.1227	0.1319	0.1483	0.1792	0.0890	0.0844	0.0833	0.0848	0.0927	0.1117	0.1476
1877	0.1784	0.1826	0.1763	0.1753	0.1644	0.1733	0.1769	0.1802	0.1823	0.1468	0.1470	0.1487	0.1579	0.1694	0.1838	0.1187	0.1168	0.1196	0.1288	0.1458	0.1759	0.0868	0.0820	0.0815	0.0831	0.0906	0.1094	0.1453
1878	0.1740	0.1781	0.1717	0.1710	0.1604	0.1691	0.1725	0.1753	0.1779	0.1427	0.1433	0.1448	0.1538	0.1660	0.1796	0.1154	0.1137	0.1165	0.1256	0.1432	0.1727	0.0846	0.0795	0.0798	0.0813	0.0884	0.1072	0.1430
1879	0.1697	0.1738	0.1669	0.1663	0.1562	0.1645	0.1681	0.1710	0.1735	0.1391	0.1398	0.1408	0.1498	0.1623	0.1759	0.1123	0.1105	0.1133	0.1227	0.1403	0.1694	0.0826	0.0773	0.0777	0.0792	0.0864	0.1054	0.1407
1880	0.1655	0.1697	0.1621	0.1616	0.1521	0.1597	0.1637	0.1668	0.1691	0.1356	0.1364	0.1369	0.1458	0.1585	0.1725	0.1092	0.1073	0.1101	0.1199	0.1372	0.1661	0.0805	0.0753	0.0753	0.0769	0.0844	0.1037	0.1385
1881	0.1611	0.1650	0.1578	0.1572	0.1478	0.1555	0.1594	0.1630	0.1651	0.1317	0.1319	0.1335	0.1421	0.1547	0.1688	0.1059	0.1045	0.1068	0.1166	0.1338	0.1629	0.0783	0.0734	0.0729	0.0744	0.0824	0.1012	0.1361
1882	0.1564	0.1602	0.1539	0.1528	0.1435	0.1514	0.1553	0.1592	0.1611	0.1279	0.1274	0.1297	0.1384	0.1508	0.1649	0.1027	0.1018	0.1033	0.1132	0.1305	0.1598	0.0761	0.0715	0.0707	0.0719	0.0806	0.0985	0.1336
1883	0.1522	0.1559	0.1499	0.1486	0.1395	0.1472	0.1509	0.1551	0.1570	0.1240	0.1232	0.1257	0.1348	0.1471	0.1612	0.0999	0.0986	0.1003	0.1100	0.1271	0.1566	0.0741	0.0694	0.0686	0.0698	0.0785	0.0958	0.1315
1884	0.1484	0.1522	0.1458	0.1445	0.1355	0.1431	0.1467	0.1508	0.1530	0.1199	0.1193	0.1217	0.1312	0.1438	0.1574	0.0975	0.0951	0.0976	0.1067	0.1239	0.1534	0.0721	0.0674	0.0668	0.0685	0.0761	0.0933	0.1294
1885	0.1448	0.1485	0.1418	0.1404	0.1315	0.1392	0.1425	0.1463	0.1489	0.1159	0.1155	0.1180	0.1276	0.1405	0.1535	0.0950	0.0919	0.0950	0.1035	0.1209	0.1504	0.0699	0.0655	0.0651	0.0671	0.0739	0.0908	0.1272
1886	0.1412	0.1444	0.1379	0.1365	0.1275	0.1358	0.1386	0.1415	0.1442	0.1124	0.1122	0.1151	0.1239	0.1372	0.1500	0.0922	0.0891	0.0928	0.1004	0.1183	0.1477	0.0676	0.0635	0.0632	0.0654	0.0717	0.0887	0.1251
1887	0.1377	0.1403	0.1342	0.1326	0.1236	0.1324	0.1349	0.1371	0.1397	0.1089	0.1090	0.1122	0.1204	0.1339	0.1466	0.0893	0.0863	0.0904	0.0975	0.1157	0.1450	0.0654	0.0615	0.0612	0.0638	0.0696	0.0868	0.1231
1888	0.1340	0.1361	0.1307	0.1288	0.1199	0.1284	0.1317	0.1335	0.1360	0.1056	0.1061	0.1093	0.1175	0.1307	0.1429	0.0863	0.0838	0.0882	0.0953	0.1127	0.1424	0.0633	0.0599	0.0596	0.0621	0.0680	0.0852	0.1212
1889	0.1304	0.1319	0.1272	0.1249	0.1163	0.1245	0.1284	0.1299	0.1323	0.1023	0.1033	0.1064	0.1146	0.1274	0.1392	0.0834	0.0813	0.0860	0.0933	0.1096	0.1398	0.0614	0.0584	0.0580	0.0604	0.0665	0.0837	0.1192
1890	0.1272	0.1286	0.1236	0.1213	0.1132	0.1211	0.1249	0.1266	0.1290	0.0992	0.1004	0.1036	0.1119	0.1239	0.1361	0.0808	0.0792	0.0835	0.0912	0.1067	0.1373	0.0594	0.0568	0.0557	0.0584	0.0649	0.0818	0.1172
1891	0.1241	0.1254	0.1200	0.1179	0.1101	0.1176	0.1214	0.1237	0.1259	0.0963	0.0975	0.1006	0.1093	0.1205	0.1332	0.0782	0.0771	0.0809	0.0891	0.1039	0.1347	0.0574	0.0552	0.0534	0.0562	0.0632	0.0799	0.1152
1892	0.1211	0.1222	0.1168	0.1149	0.1068	0.1148	0.1184	0.1209	0.1229	0.0935	0.0949	0.0975	0.1067	0.1175	0.1303	0.0756	0.0746	0.0784	0.0872	0.1019	0.1320	0.0557	0.0535	0.0519	0.0543	0.0614	0.0783	0.1133
1893	0.1182	0.1192	0.1138	0.1122	0.1036	0.1123	0.1157	0.1178	0.1200	0.0906	0.0926	0.0946	0.1038	0.1147	0.1274	0.0734	0.0720	0.0760	0.0852	0.1000	0.1295	0.0544	0.0517	0.0506	0.0531	0.0598	0.0769	0.1116
1894	0.1152	0.1166	0.1109	0.1096	0.1007	0.1098	0.1131	0.1152	0.1172	0.0883	0.0902	0.0921	0.1013	0.1121	0.1247	0.0713	0.0699	0.0738	0.0831	0.0978	0.1271	0.0530	0.0502	0.0493	0.0517	0.0584	0.0756	0.1101
1895	0.1121	0.1143	0.1077	0.1068	0.0983	0.1075	0.1108	0.1131	0.1145	0.0866	0.0879	0.0899	0.0993	0.1097	0.1226	0.0695	0.0680	0.0721	0.0811	0.0954	0.1250	0.0517	0.0491	0.0481	0.0500	0.0575	0.0742	0.1086
1896	0.1093	0.1123	0.1047	0.1042	0.0961	0.1054	0.1087	0.1111	0.1120	0.0848	0.0858	0.0880	0.0972	0.1073	0.1206	0.0679	0.0664	0.0706	0.0790	0.0933	0.1232	0.0505	0.0481	0.0469	0.0486	0.0566	0.0727	0.1071
1897	0.1071	0.1104	0.1024	0.1023	0.0940	0.1038	0.1069	0.1092	0.1100	0.0831	0.0846	0.0862	0.0951	0.1052	0.1184	0.0668	0.0652	0.0689	0.0774	0.0921	0.1219	0.0498	0.0471	0.0459	0.0477	0.0553	0.0712	0.1059
1898	0.1049	0.1083	0.1001	0.1003	0.0921	0.1021	0.1051	0.1073	0.1081	0.0814	0.0833	0.0842	0.0930	0.1032	0.1162	0.0658	0.0641	0.0672	0.0759	0.0908	0.1205	0.0490	0.0460	0.0448	0.0469	0.0541	0.0699	0.1046
1899	0.1037	0.1060	0.0983	0.0981	0.0908	0.1002	0.1033	0.1052	0.1062	0.0792	0.0813	0.0822	0.0914	0.1023	0.1148	0.0646	0.0633	0.0659	0.0743	0.0896	0.1189	0.0474	0.0448	0.0435	0.0462	0.0531	0.0694	0.1036
1900	0.1026	0.1037	0.0966	0.0959	0.0895	0.0984	0.1014	0.1031	0.1043	0.0770	0.0791	0.0802	0.0898	0.1015	0.1134	0.0633	0.0625	0.0646	0.0725	0.0885	0.1174	0.0457	0.0435	0.0422	0.0456	0.0520	0.0688	0.1026
1901	0.1008	0.1022	0.0957	0.0941	0.0882	0.0967	0.0998	0.1015	0.1028	0.0762	0.0774	0.0790	0.0885	0.0999	0.1119	0.0619	0.0614	0.0630	0.0710	0.0876	0.1166	0.0447	0.0425	0.0414	0.0447	0.0514	0.0681	0.1020
1902	0.0989	0.1008	0.0949	0.0926	0.0869	0.0950	0.0982	0.1002	0.1014	0.0756	0.0758	0.0778	0.0872	0.0982	0.1105	0.0606	0.0601	0.0617	0.0697	0.0866	0.1158	0.0440	0.0417	0.0408	0.0437	0.0508	0.0673	0.1015
1903	0.0979	0.0991	0.0938	0.0915	0.0855	0.0937	0.0968	0.0991	0.1003	0.0743	0.0748	0.0770	0.0860	0.0973	0.1092	0.0596	0.0590	0.0611	0.0686	0.0854	0.1149	0.0432	0.0412	0.0403	0.0429	0.0505	0.0666	0.1009
1904	0.0969	0.0976	0.0926	0.0903	0.0843	0.0924	0.0956	0.0982	0.0993	0.0729	0.0742	0.0764	0.0850	0.0964	0.1080	0.0589	0.0581	0.0605	0.0678	0.0841	0.1140	0.0425	0.0408	0.0396	0.0423	0.0502	0.0659	0.1002
1905	0.0958	0.0964	0.0914	0.0891	0.0830	0.0916	0.0944	0.0973	0.0981	0.0719	0.0736	0.0753	0.0842	0.0956	0.1069	0.0581	0.0575	0.0598	0.0670	0.0831	0.1130	0.0422	0.0403	0.0390	0.0419	0.0497	0.0655	0.0999
1906	0.0948	0.0955	0.0906	0.0881	0.0815	0.0913	0.0933	0.0962	0.0969	0.0708	0.0729	0.0741	0.0833	0.0948	0.1057	0.0574	0.0568	0.0590	0.0665	0.0827	0.1123	0.0421	0.0399	0.0388	0.0416	0.0492	0.0649	0.0996
1907	0.0938	0.0949	0.0898	0.0871	0.0801	0.0907	0.0923	0.0951	0.0958	0.0698	0.0723	0.0732	0.0824	0.0941	0.1047	0.0566	0.0560	0.0584	0.0659	0.0825	0.1115	0.0420	0.0396	0.0387	0.0412	0.0488	0.0642	0.0992
1908	0.0927	0.0945	0.0890	0.0861	0.0795	0.0898	0.0918	0.0946	0.0951	0.0692	0.0715	0.0726	0.0816	0.0934	0.1040	0.0557	0.0553	0.0583	0.0654	0.0821	0.1102	0.0415	0.0389	0.0387	0.0405	0.0484	0.0636	0.0990
1909	0.0916	0.0941	0.0883	0.0852	0.0789	0.0890	0.0914	0.0941	0.0944	0.0684	0.0707	0.0721	0.0808	0.0927	0.1034	0.0547	0.0545	0.0580	0.0649	0.0816	0.1088	0.0409	0.0382	0.0386	0.0399	0.0480	0.0631	0.0987
1910	0.0908	0.0935	0.0879	0.0845	0.0781	0.0884	0.0907	0.0936	0.0941	0.0677	0.0701	0.0715	0.0798	0.0921	0.1029	0.0541	0.0540	0.0579	0.0645	0.0810	0.1079	0.0403	0.0381	0.0383	0.0398	0.0477	0.0630	0.0981
1911	0.0901	0.0929	0.0876	0.0839	0.0772	0.0878	0.0900	0.0930	0.0937	0.0670	0.0696	0.0709	0.0787	0.0914	0.1025	0.0537	0.0535	0.0578	0.0641	0.0804	0.1070	0.0398	0.0382	0.0381	0.0397	0.0473	0.0629	0.0975
1912	0.0896	0.0923	0.0873	0.0837	0.0769	0.0871	0.0893	0.0921	0.0933	0.0666	0.0691	0.0705	0.0782	0.0905	0.1020	0.0530	0.0532	0.0572	0.0640	0.0798	0.1066	0.0397	0.0379	0.0376	0.0393	0.0467	0.0625	0.0968
1913	0.0892	0.0917	0.0870	0.0836	0.0766	0.0866	0.0888	0.0911	0.0928	0.0664	0.0688	0.0702	0.0779	0.0896	0.1015	0.0524	0.0530	0.0564	0.0640	0.0791	0.1064	0.0396	0.0373	0.0369	0.0391	0.0460	0.0619	0.0961
1914	0.0890	0.0910	0.0862	0.0829	0.0762	0.0857	0.0882	0.0903	0.0925	0.0661	0.0682	0.0701	0.0777	0.0891	0.1011	0.0526	0.0528	0.0556	0.0639	0.0785	0.1064	0.0396	0.0369	0.0363	0.0388	0.0455	0.0617	0.0957
1915	0.0888	0.0904	0.0852	0.0821	0.0754	0.0847	0.0874	0.0895	0.0923	0.0656	0.0673	0.0699	0.0775	0.0889	0.1006	0.0529	0.0526	0.0552	0.0639	0.0779	0.1064	0.0396	0.0365	0.0360	0.0384	0.0451	0.0616	0.0955
1916	0.0887	0.0899	0.0844	0.0817	0.0747	0.0840	0.0867	0.0887	0.0919	0.0654	0.0666	0.0695	0.0772	0.0887	0.1002	0.0530	0.0525	0.0547	0.0639	0.0774	0.1062	0.0394	0.0362	0.0356	0.0382	0.0449	0.0616	0.0951
1917	0.0885	0.0894	0.0840	0.0815	0.0741	0.0840	0.0861	0.0881	0.0913	0.0653	0.0661	0.0689	0.0767	0.0881	0.0994	0.0526	0.0523	0.0546	0.0637	0.0772	0.1062	0.0389	0.0360	0.0349	0.0381	0.0450	0.0614	0.0945
1918	0.0882	0.0889	0.0833	0.0813	0.0737	0.0840	0.0856	0.0879	0.0907	0.0652	0.0658	0.0684	0.0764	0.0877	0.0987	0.0523	0.0519	0.0546	0.0635	0.0770	0.1063	0.0386	0.0357	0.0343	0.0379	0.0451	0.0610	0.0941
1919	0.0877	0.0889	0.0827	0.0814	0.0732	0.0837	0.0854	0.0877	0.0902	0.0652	0.0660	0.0680	0.0761	0.0876	0.0981	0.0522	0.0513	0.0547	0.0631	0.0767	0.1063	0.0389	0.0357	0.0340	0.0379	0.0449	0.0605	0.0945
1920	0.0872	0.0888	0.0821	0.0814	0.0728	0.0834	0.0853	0.0875	0.0898	0.0651	0.0661	0.0676	0.0759	0.0874	0.0978	0.0522	0.0508	0.0548	0.0628	0.0765	0.1062	0.0391	0.0357	0.0338	0.0380	0.0447	0.0602	0.0949
1921	0.0873	0.0887	0.0823	0.0810	0.0727	0.0832	0.0857	0.0873	0.0898	0.0647	0.0658	0.0676	0.0757	0.0874	0.0981	0.0519	0.0510	0.0545	0.0626	0.0766	0.1055	0.0390	0.0357	0.0340	0.0386	0.0445	0.0600	0.0948
1922	0.0874	0.0885	0.0824	0.0807	0.0727	0.0831	0.0860	0.0871	0.0898	0.0642	0.0655	0.0676	0.0755	0.0873	0.0985	0.0516	0.0512	0.0542	0.0624	0.0767	0.1048	0.0388	0.0356	0.0342	0.0391	0.0443	0.0598	0.0947
1923	0.0874	0.0885	0.0820	0.0805	0.0729	0.0832	0.0860	0.0873	0.0895	0.0642	0.0651	0.0680	0.0756	0.0876	0.0982	0.0518	0.0512	0.0539	0.0622	0.0769	0.1046	0.0386	0.0355	0.0345	0.0391	0.0445	0.0598	0.0946
1924	0.0873	0.0886	0.0815	0.0803	0.0731	0.0833	0.0858	0.0877	0.0892	0.0642	0.0648	0.0683	0.0758	0.0880	0.0979	0.0521	0.0512	0.0537	0.0621	0.0771	0.1047	0.0384	0.0353	0.0348	0.0390	0.0446	0.0599	0.0944
1925	0.0868	0.0887	0.0813	0.0803	0.0731	0.0834	0.0856	0.0877	0.0893	0.0640	0.0648	0.0683	0.0760	0.0879	0.0979	0.0522	0.0509	0.0536	0.0619	0.0770	0.1049	0.0383	0.0352	0.0347	0.0385	0.0447	0.0599	0.0943
1926	0.0863	0.0887	0.0813	0.0802	0.0728	0.0834	0.0857	0.0874	0.0893	0.0640	0.0651	0.0683	0.0760	0.0875	0.0982	0.0522	0.0507	0.0536	0.0616	0.0768	0.1052	0.0381	0.0351	0.0346	0.0378	0.0447	0.0599	0.0943
1927	0.0861	0.0885	0.0814	0.0801	0.0727	0.0831	0.0859	0.0875	0.0893	0.0639	0.0656	0.0683	0.0760	0.0874	0.0982	0.0524	0.0505	0.0536	0.0614	0.0769	0.1052	0.0379	0.0351	0.0348	0.0375	0.0448	0.0599	0.0942
1928	0.0863	0.0882	0.0813	0.0800	0.0727	0.0827	0.0864	0.0881	0.0892	0.0638	0.0661	0.0684	0.0762	0.0878	0.0981	0.0523	0.0503	0.0536	0.0614	0.0773	0.1050	0.0379	0.0353	0.0351	0.0377	0.0447	0.0598	0.0940
1929	0.0863	0.0879	0.0813	0.0798	0.0728	0.0826	0.0868	0.0884	0.0891	0.0638	0.0664	0.0686	0.0763	0.0880	0.0979	0.0520	0.0502	0.0539	0.0614	0.0774	0.1049	0.0380	0.0354	0.0353	0.0381	0.0445	0.0598	0.0940
1930	0.0862	0.0879	0.0817	0.0796	0.0731	0.0828	0.0869	0.0883	0.0892	0.0641	0.0662	0.0685	0.0766	0.0878	0.0977	0.0516	0.0504	0.0545	0.0615	0.0773	0.1050	0.0382	0.0357	0.0353	0.0385	0.0443	0.0602	0.0944
1931	0.0862	0.0879	0.0821	0.0794	0.0734	0.0831	0.0869	0.0883	0.0891	0.0643	0.0663	0.0686	0.0769	0.0876	0.0976	0.0512	0.0506	0.0550	0.0616	0.0772	0.1051	0.0385	0.0359	0.0354	0.0388	0.0443	0.0605	0.0948
1932	0.0863	0.0878	0.0822	0.0797	0.0733	0.0837	0.0867	0.0884	0.0888	0.0639	0.0663	0.0684	0.0766	0.0876	0.0981	0.0513	0.0508	0.0547	0.0616	0.0773	0.1052	0.0385	0.0360	0.0351	0.0389	0.0446	0.0609	0.0947
1933	0.0863	0.0877	0.0823	0.0801	0.0733	0.0842	0.0865	0.0886	0.0885	0.0634	0.0663	0.0683	0.0764	0.0876	0.0986	0.0514	0.0510	0.0545	0.0617	0.0775	0.1053	0.0386	0.0362	0.0347	0.0389	0.0449	0.0613	0.0946
1934	0.0863	0.0882	0.0825	0.0805	0.0734	0.0841	0.0866	0.0892	0.0888	0.0635	0.0660	0.0684	0.0763	0.0881	0.0990	0.0513	0.0514	0.0543	0.0621	0.0778	0.1056	0.0386	0.0363	0.0347	0.0388	0.0449	0.0616	0.0949
1935	0.0864	0.0888	0.0828	0.0808	0.0737	0.0840	0.0868	0.0897	0.0891	0.0636	0.0659	0.0687	0.0763	0.0887	0.0994	0.0513	0.0518	0.0542	0.0624	0.0780	0.1061	0.0387	0.0365	0.0349	0.0387	0.0448	0.0618	0.0952
1936	0.0867	0.0893	0.0832	0.0812	0.0740	0.0839	0.0869	0.0898	0.0896	0.0644	0.0665	0.0692	0.0765	0.0891	0.0999	0.0518	0.0518	0.0544	0.0624	0.0781	0.1065	0.0388	0.0366	0.0350	0.0390	0.0448	0.0621	0.0954
1937	0.0870	0.0896	0.0836	0.0817	0.0742	0.0840	0.0869	0.0900	0.0901	0.0654	0.0674	0.0700	0.0767	0.0895	0.1004	0.0524	0.0516	0.0550	0.0623	0.0783	0.1069	0.0388	0.0365	0.0349	0.0394	0.0447	0.0625	0.0954
1938	0.0873	0.0899	0.0840	0.0819	0.0744	0.0842	0.0872	0.0899	0.0906	0.0660	0.0679	0.0702	0.0769	0.0898	0.1006	0.0529	0.0518	0.0555	0.0622	0.0783	0.1074	0.0391	0.0366	0.0350	0.0397	0.0445	0.0629	0.0953
1939	0.0874	0.0902	0.0843	0.0820	0.0748	0.0847	0.0875	0.0898	0.0910	0.0664	0.0679	0.0699	0.0771	0.0900	0.1007	0.0535	0.0522	0.0559	0.0623	0.0782	0.1079	0.0395	0.0367	0.0350	0.0398	0.0444	0.0633	0.0954
1940	0.0876	0.0905	0.0845	0.0821	0.0754	0.0850	0.0878	0.0898	0.0914	0.0668	0.0680	0.0698	0.0774	0.0901	0.1008	0.0540	0.0525	0.0563	0.0627	0.0783	0.1082	0.0396	0.0369	0.0351	0.0398	0.0446	0.0634	0.0957
1941	0.0879	0.0905	0.0848	0.0827	0.0761	0.0849	0.0880	0.0901	0.0917	0.0672	0.0683	0.0700	0.0778	0.0900	0.1009	0.0541	0.0529	0.0565	0.0632	0.0788	0.1081	0.0395	0.0371	0.0354	0.0397	0.0453	0.0632	0.0961
1942	0.0883	0.0904	0.0850	0.0832	0.0768	0.0850	0.0884	0.0904	0.0918	0.0676	0.0685	0.0703	0.0780	0.0901	0.1009	0.0542	0.0533	0.0565	0.0636	0.0792	0.1082	0.0396	0.0373	0.0357	0.0397	0.0460	0.0629	0.0965
1943	0.0886	0.0910	0.0853	0.0834	0.0768	0.0851	0.0887	0.0909	0.0918	0.0676	0.0683	0.0709	0.0784	0.0902	0.1013	0.0543	0.0535	0.0564	0.0642	0.0796	0.1086	0.0396	0.0376	0.0359	0.0401	0.0466	0.0627	0.0969
1944	0.0888	0.0915	0.0856	0.0835	0.0767	0.0853	0.0890	0.0913	0.0919	0.0675	0.0681	0.0715	0.0789	0.0904	0.1016	0.0545	0.0537	0.0564	0.0648	0.0800	0.1091	0.0397	0.0379	0.0361	0.0405	0.0472	0.0625	0.0974
1945	0.0891	0.0916	0.0861	0.0839	0.0773	0.0859	0.0891	0.0917	0.0921	0.0677	0.0689	0.0719	0.0796	0.0908	0.1022	0.0551	0.0538	0.0568	0.0652	0.0801	0.1093	0.0394	0.0383	0.0364	0.0402	0.0471	0.0627	0.0977
1946	0.0893	0.0915	0.0866	0.0842	0.0780	0.0866	0.0894	0.0921	0.0923	0.0678	0.0697	0.0722	0.0804	0.0913	0.1028	0.0558	0.0539	0.0573	0.0655	0.0802	0.1095	0.0391	0.0387	0.0366	0.0400	0.0469	0.0629	0.0979
1947	0.0896	0.0918	0.0869	0.0845	0.0783	0.0871	0.0902	0.0923	0.0931	0.0684	0.0698	0.0720	0.0810	0.0918	0.1035	0.0560	0.0544	0.0572	0.0658	0.0807	0.1093	0.0391	0.0389	0.0369	0.0397	0.0470	0.0630	0.0977
1948	0.0899	0.0922	0.0872	0.0848	0.0784	0.0877	0.0911	0.0925	0.0939	0.0691	0.0698	0.0717	0.0814	0.0924	0.1041	0.0561	0.0550	0.0570	0.0659	0.0812	0.1092	0.0393	0.0389	0.0373	0.0395	0.0471	0.0632	0.0975
1949	0.0900	0.0927	0.0875	0.0854	0.0785	0.0883	0.0916	0.0930	0.0944	0.0694	0.0701	0.0722	0.0817	0.0928	0.1045	0.0562	0.0552	0.0570	0.0662	0.0817	0.1094	0.0396	0.0389	0.0377	0.0394	0.0475	0.0633	0.0975
1950	0.0903	0.0932	0.0877	0.0861	0.0788	0.0886	0.0920	0.0934	0.0949	0.0694	0.0707	0.0730	0.0820	0.0931	0.1048	0.0564	0.0552	0.0572	0.0667	0.0823	0.1097	0.0401	0.0389	0.0381	0.0394	0.0480	0.0634	0.0975
1951	0.0907	0.0939	0.0881	0.0865	0.0793	0.0889	0.0923	0.0939	0.0952	0.0695	0.0713	0.0737	0.0822	0.0934	0.1052	0.0568	0.0552	0.0577	0.0670	0.0828	0.1101	0.0408	0.0392	0.0386	0.0398	0.0484	0.0638	0.0976
1952	0.0914	0.0950	0.0887	0.0867	0.0797	0.0893	0.0925	0.0948	0.0955	0.0698	0.0719	0.0742	0.0826	0.0936	0.1058	0.0574	0.0552	0.0586	0.0672	0.0828	0.1106	0.0415	0.0396	0.0391	0.0407	0.0487	0.0644	0.0980
1953	0.0922	0.0960	0.0893	0.0869	0.0803	0.0898	0.0928	0.0955	0.0959	0.0702	0.0725	0.0747	0.0831	0.0937	0.1065	0.0579	0.0554	0.0595	0.0675	0.0829	0.1112	0.0421	0.0400	0.0394	0.0415	0.0489	0.0649	0.0984
1954	0.0932	0.0968	0.0894	0.0873	0.0809	0.0907	0.0934	0.0956	0.0965	0.0705	0.0728	0.0751	0.0834	0.0939	0.1074	0.0584	0.0559	0.0602	0.0681	0.0828	0.1118	0.0426	0.0401	0.0392	0.0422	0.0492	0.0653	0.0985
1955	0.0941	0.0976	0.0895	0.0877	0.0816	0.0916	0.0941	0.0957	0.0972	0.0710	0.0731	0.0755	0.0837	0.0940	0.1082	0.0590	0.0565	0.0609	0.0687	0.0827	0.1125	0.0431	0.0401	0.0390	0.0428	0.0494	0.0656	0.0987
1956	0.0944	0.0976	0.0903	0.0885	0.0827	0.0919	0.0950	0.0964	0.0977	0.0715	0.0732	0.0758	0.0841	0.0948	0.1086	0.0594	0.0569	0.0608	0.0686	0.0830	0.1132	0.0434	0.0400	0.0394	0.0423	0.0495	0.0661	0.0992
1957	0.0946	0.0976	0.0911	0.0893	0.0838	0.0922	0.0958	0.0971	0.0982	0.0720	0.0733	0.0761	0.0845	0.0956	0.1090	0.0599	0.0573	0.0606	0.0685	0.0834	0.1140	0.0436	0.0400	0.0399	0.0418	0.0496	0.0666	0.0998
1958	0.0954	0.0982	0.0917	0.0901	0.0840	0.0928	0.0962	0.0978	0.0990	0.0725	0.0738	0.0766	0.0850	0.0964	0.1095	0.0602	0.0578	0.0608	0.0692	0.0840	0.1142	0.0442	0.0405	0.0401	0.0419	0.0499	0.0668	0.1005
1959	0.0963	0.0988	0.0922	0.0909	0.0842	0.0935	0.0964	0.0985	0.1000	0.0730	0.0743	0.0772	0.0855	0.0973	0.1100	0.0605	0.0584	0.0611	0.0700	0.0847	0.1143	0.0448	0.0411	0.0403	0.0421	0.0502	0.0670	0.1013
1960	0.0969	0.0995	0.0927	0.0913	0.0849	0.0939	0.0968	0.0994	0.1004	0.0737	0.0750	0.0777	0.0860	0.0978	0.1105	0.0607	0.0592	0.0614	0.0705	0.0851	0.1145	0.0452	0.0414	0.0408	0.0427	0.0502	0.0672	0.1016
1961	0.0974	0.1001	0.0932	0.0916	0.0857	0.0943	0.0973	0.1002	0.1006	0.0744	0.0758	0.0783	0.0864	0.0980	0.1110	0.0608	0.0601	0.0618	0.0708	0.0853	0.1149	0.0455	0.0417	0.0414	0.0435	0.0502	0.0674	0.1017
1962	0.0981	0.1005	0.0937	0.0921	0.0863	0.0949	0.0978	0.1007	0.1009	0.0752	0.0765	0.0789	0.0869	0.0984	0.1114	0.0610	0.0606	0.0622	0.0712	0.0857	0.1152	0.0457	0.0420	0.0417	0.0441	0.0506	0.0677	0.1022
1963	0.0990	0.1006	0.0941	0.0926	0.0867	0.0958	0.0982	0.1008	0.1015	0.0760	0.0772	0.0795	0.0876	0.0992	0.1118	0.0615	0.0606	0.0626	0.0715	0.0862	0.1155	0.0458	0.0424	0.0418	0.0443	0.0514	0.0680	0.1031
1964	0.0998	0.1008	0.0945	0.0933	0.0870	0.0965	0.0987	0.1011	0.1022	0.0767	0.0779	0.0799	0.0884	0.0999	0.1123	0.0621	0.0608	0.0630	0.0719	0.0867	0.1161	0.0459	0.0428	0.0421	0.0446	0.0521	0.0685	0.1038
1965	0.1004	0.1012	0.0947	0.0941	0.0874	0.0969	0.0994	0.1016	0.1029	0.0768	0.0785	0.0801	0.0894	0.1002	0.1131	0.0627	0.0612	0.0635	0.0725	0.0873	0.1171	0.0461	0.0434	0.0425	0.0453	0.0525	0.0690	0.1041
1966	0.1010	0.1017	0.0951	0.0949	0.0878	0.0973	0.1001	0.1021	0.1036	0.0769	0.0790	0.0803	0.0903	0.1006	0.1137	0.0633	0.0617	0.0640	0.0730	0.0878	0.1180	0.0462	0.0440	0.0429	0.0458	0.0529	0.0695	0.1043
1967	0.1010	0.1028	0.0957	0.0951	0.0882	0.0974	0.1009	0.1029	0.1042	0.0768	0.0797	0.0809	0.0906	0.1015	0.1141	0.0638	0.0621	0.0645	0.0732	0.0884	0.1183	0.0469	0.0446	0.0432	0.0460	0.0529	0.0699	0.1044
1968	0.1011	0.1038	0.0963	0.0952	0.0887	0.0976	0.1016	0.1037	0.1047	0.0768	0.0804	0.0814	0.0908	0.1024	0.1145	0.0643	0.0626	0.0650	0.0734	0.0889	0.1187	0.0475	0.0451	0.0434	0.0463	0.0528	0.0704	0.1046
1969	0.1015	0.1045	0.0972	0.0963	0.0896	0.0983	0.1019	0.1045	0.1054	0.0775	0.0813	0.0822	0.0911	0.1030	0.1151	0.0646	0.0627	0.0660	0.0740	0.0895	0.1187	0.0477	0.0454	0.0435	0.0469	0.0532	0.0708	0.1050
1970	0.1020	0.1052	0.0982	0.0973	0.0906	0.0990	0.1022	0.1052	0.1060	0.0782	0.0821	0.0830	0.0913	0.1036	0.1157	0.0650	0.0627	0.0669	0.0745	0.0900	0.1187	0.0479	0.0458	0.0437	0.0476	0.0536	0.0712	0.1054
1971	0.1026	0.1058	0.0990	0.0980	0.0910	0.0997	0.1029	0.1058	0.1068	0.0793	0.0826	0.0838	0.0915	0.1042	0.1165	0.0653	0.0628	0.0675	0.0749	0.0904	0.1193	0.0481	0.0457	0.0443	0.0484	0.0539	0.0717	0.1060
1972	0.1032	0.1063	0.0997	0.0985	0.0912	0.1005	0.1038	0.1062	0.1077	0.0805	0.0830	0.0847	0.0918	0.1047	0.1173	0.0657	0.0630	0.0680	0.0752	0.0908	0.1202	0.0484	0.0455	0.0450	0.0492	0.0543	0.0723	0.1065
1973	0.1042	0.1070	0.1005	0.0991	0.0914	0.1012	0.1042	0.1070	0.1083	0.0815	0.0834	0.0855	0.0925	0.1054	0.1179	0.0659	0.0636	0.0684	0.0758	0.0916	0.1210	0.0487	0.0455	0.0455	0.0494	0.0550	0.0725	0.1069
1974	0.1054	0.1076	0.1012	0.0997	0.0917	0.1020	0.1045	0.1079	0.1087	0.0824	0.0840	0.0862	0.0937	0.1061	0.1184	0.0660	0.0647	0.0687	0.0765	0.0926	0.1217	0.0491	0.0456	0.0457	0.0492	0.0561	0.0727	0.1072
1975	0.1065	0.1083	0.1020	0.1004	0.0924	0.1026	0.1051	0.1088	0.1095	0.0832	0.0845	0.0867	0.0946	0.1066	0.1190	0.0662	0.0656	0.0690	0.0772	0.0935	0.1222	0.0496	0.0459	0.0460	0.0492	0.0567	0.0729	0.1077
1976	0.1074	0.1091	0.1029	0.1012	0.0936	0.1032	0.1060	0.1095	0.1106	0.0835	0.0851	0.0868	0.0953	0.1070	0.1198	0.0668	0.0662	0.0696	0.0779	0.0943	0.1228	0.0502	0.0462	0.0464	0.0496	0.0569	0.0731	0.1084
1977	0.1081	0.1100	0.1037	0.1020	0.0947	0.1040	0.1069	0.1102	0.1118	0.0840	0.0857	0.0870	0.0959	0.1074	0.1205	0.0673	0.0668	0.0700	0.0786	0.0950	0.1234	0.0507	0.0466	0.0466	0.0499	0.0572	0.0734	0.1091
1978	0.1086	0.1111	0.1047	0.1027	0.0958	0.1050	0.1074	0.1106	0.1128	0.0846	0.0864	0.0876	0.0963	0.1078	0.1211	0.0681	0.0671	0.0702	0.0794	0.0958	0.1241	0.0510	0.0473	0.0462	0.0500	0.0578	0.0739	0.1097
1979	0.1092	0.1122	0.1056	0.1033	0.0969	0.1061	0.1079	0.1110	0.1137	0.0852	0.0870	0.0882	0.0967	0.1084	0.1217	0.0688	0.0674	0.0705	0.0801	0.0966	0.1247	0.0513	0.0479	0.0458	0.0501	0.0584	0.0744	0.1102
1980	0.1099	0.1125	0.1058	0.1042	0.0971	0.1063	0.1085	0.1116	0.1141	0.0860	0.0872	0.0892	0.0974	0.1091	0.1223	0.0693	0.0681	0.0711	0.0807	0.0965	0.1255	0.0512	0.0488	0.0459	0.0505	0.0585	0.0752	0.1100
1981	0.1107	0.1129	0.1061	0.1051	0.0974	0.1065	0.1091	0.1122	0.1144	0.0867	0.0875	0.0902	0.0981	0.1098	0.1228	0.0698	0.0688	0.0718	0.0813	0.0965	0.1262	0.0511	0.0496	0.0460	0.0510	0.0586	0.0760	0.1098
1982	0.1113	0.1138	0.1067	0.1064	0.0983	0.1070	0.1103	0.1129	0.1153	0.0875	0.0881	0.0912	0.0986	0.1108	0.1232	0.0705	0.0693	0.0722	0.0819	0.0973	0.1270	0.0518	0.0497	0.0468	0.0514	0.0592	0.0764	0.1099
1983	0.1118	0.1148	0.1075	0.1077	0.0993	0.1076	0.1115	0.1136	0.1163	0.0883	0.0886	0.0922	0.0990	0.1118	0.1236	0.0711	0.0698	0.0727	0.0824	0.0981	0.1278	0.0526	0.0497	0.0477	0.0518	0.0598	0.0767	0.1100
1984	0.1125	0.1155	0.1083	0.1085	0.1002	0.1087	0.1124	0.1143	0.1165	0.0888	0.0891	0.0927	0.0998	0.1124	0.1242	0.0717	0.0703	0.0735	0.0830	0.0986	0.1282	0.0529	0.0498	0.0483	0.0524	0.0602	0.0767	0.1108
1985	0.1133	0.1161	0.1090	0.1092	0.1011	0.1099	0.1131	0.1151	0.1166	0.0892	0.0895	0.0929	0.1007	0.1128	0.1249	0.0722	0.0707	0.0743	0.0835	0.0990	0.1285	0.0532	0.0499	0.0488	0.0531	0.0605	0.0765	0.1117
1986	0.1140	0.1169	0.1097	0.1096	0.1018	0.1106	0.1137	0.1158	0.1171	0.0896	0.0901	0.0934	0.1016	0.1134	0.1255	0.0728	0.0713	0.0748	0.0840	0.0993	0.1288	0.0534	0.0501	0.0493	0.0536	0.0607	0.0768	0.1122
1987	0.1148	0.1177	0.1104	0.1098	0.1025	0.1108	0.1142	0.1165	0.1180	0.0901	0.0908	0.0940	0.1024	0.1139	0.1262	0.0735	0.0720	0.0749	0.0844	0.0994	0.1292	0.0535	0.0504	0.0499	0.0541	0.0610	0.0774	0.1125
1988	0.1157	0.1184	0.1112	0.1102	0.1032	0.1112	0.1148	0.1173	0.1189	0.0905	0.0915	0.0945	0.1030	0.1145	0.1268	0.0742	0.0727	0.0751	0.0849	0.0995	0.1298	0.0536	0.0509	0.0504	0.0543	0.0614	0.0779	0.1127
1989	0.1166	0.1188	0.1122	0.1111	0.1040	0.1119	0.1156	0.1182	0.1198	0.0909	0.0922	0.0947	0.1033	0.1151	0.1276	0.0749	0.0733	0.0754	0.0856	0.0996	0.1306	0.0537	0.0515	0.0506	0.0543	0.0620	0.0785	0.1129
1990	0.1175	0.1193	0.1131	0.1120	0.1048	0.1128	0.1164	0.1189	0.1208	0.0916	0.0929	0.0951	0.1036	0.1156	0.1283	0.0756	0.0738	0.0757	0.0861	0.0998	0.1314	0.0541	0.0522	0.0509	0.0544	0.0625	0.0789	0.1131
1991	0.1178	0.1201	0.1142	0.1128	0.1056	0.1139	0.1172	0.1193	0.1219	0.0930	0.0938	0.0960	0.1044	0.1161	0.1290	0.0765	0.0740	0.0763	0.0863	0.1006	0.1319	0.0552	0.0530	0.0511	0.0549	0.0626	0.0792	0.1133
1992	0.1181	0.1210	0.1153	0.1136	0.1063	0.1150	0.1180	0.1198	0.1230	0.0944	0.0948	0.0968	0.1052	0.1168	0.1298	0.0774	0.0743	0.0769	0.0864	0.1014	0.1325	0.0563	0.0537	0.0514	0.0554	0.0627	0.0795	0.1136
1993	0.1185	0.1212	0.1164	0.1144	0.1073	0.1155	0.1185	0.1207	0.1237	0.0951	0.0955	0.0975	0.1059	0.1181	0.1303	0.0775	0.0749	0.0775	0.0866	0.1025	0.1334	0.0567	0.0535	0.0516	0.0558	0.0624	0.0800	0.1141
1994	0.1188	0.1214	0.1176	0.1153	0.1082	0.1159	0.1190	0.1215	0.1245	0.0958	0.0962	0.0982	0.1067	0.1194	0.1308	0.0777	0.0755	0.0780	0.0868	0.1036	0.1343	0.0570	0.0532	0.0518	0.0562	0.0620	0.0805	0.1146
1995	0.1197	0.1226	0.1187	0.1160	0.1087	0.1168	0.1198	0.1224	0.1252	0.0964	0.0965	0.0986	0.1075	0.1199	0.1317	0.0778	0.0760	0.0789	0.0876	0.1039	0.1348	0.0575	0.0533	0.0525	0.0566	0.0624	0.0804	0.1150
1996	0.1207	0.1239	0.1197	0.1166	0.1093	0.1178	0.1206	0.1232	0.1259	0.0971	0.0968	0.0990	0.1083	0.1203	0.1325	0.0779	0.0764	0.0799	0.0884	0.1040	0.1352	0.0579	0.0535	0.0532	0.0569	0.0629	0.0803	0.1154
1997	0.1221	0.1252	0.1203	0.1173	0.1095	0.1183	0.1217	0.1241	0.1267	0.0976	0.0973	0.0995	0.1090	0.1212	0.1335	0.0786	0.0769	0.0806	0.0892	0.1046	0.1357	0.0584	0.0536	0.0535	0.0577	0.0634	0.0807	0.1157
1998	0.1236	0.1264	0.1208	0.1179	0.1096	0.1187	0.1230	0.1251	0.1276	0.0980	0.0978	0.1000	0.1097	0.1224	0.1344	0.0796	0.0773	0.0814	0.0900	0.1054	0.1362	0.0590	0.0537	0.0537	0.0586	0.0640	0.0812	0.1160
1999	0.1248	0.1273	0.1212	0.1185	0.1102	0.1193	0.1240	0.1260	0.1283	0.0988	0.0987	0.1007	0.1101	0.1234	0.1354	0.0802	0.0779	0.0820	0.0907	0.1060	0.1370	0.0594	0.0542	0.0541	0.0592	0.0646	0.0818	0.1165
2000	0.1258	0.1281	0.1216	0.1190	0.1110	0.1200	0.1250	0.1268	0.1288	0.0998	0.0999	0.1015	0.1103	0.1243	0.1364	0.0806	0.0785	0.0827	0.0913	0.1065	0.1380	0.0597	0.0550	0.0548	0.0596	0.0651	0.0825	0.1172
2001	0.1266	0.1287	0.1221	0.1197	0.1119	0.1206	0.1258	0.1274	0.1295	0.1007	0.1009	0.1024	0.1108	0.1251	0.1375	0.0810	0.0792	0.0833	0.0919	0.1070	0.1387	0.0601	0.0554	0.0555	0.0598	0.0656	0.0831	0.1178
2002	0.1270	0.1292	0.1230	0.1208	0.1128	0.1211	0.1265	0.1277	0.1302	0.1015	0.1017	0.1035	0.1116	0.1257	0.1384	0.0815	0.0802	0.0838	0.0925	0.1075	0.1391	0.0609	0.0553	0.0561	0.0597	0.0660	0.0835	0.1181
2003	0.1275	0.1297	0.1238	0.1219	0.1138	0.1217	0.1272	0.1282	0.1310	0.1022	0.1024	0.1045	0.1126	0.1265	0.1394	0.0821	0.0810	0.0843	0.0931	0.1079	0.1396	0.0616	0.0554	0.0567	0.0596	0.0665	0.0840	0.1187
2004	0.1281	0.1304	0.1247	0.1232	0.1148	0.1227	0.1279	0.1293	0.1317	0.1025	0.1032	0.1053	0.1138	0.1272	0.1405	0.0825	0.0812	0.0846	0.0936	0.1083	0.1403	0.0620	0.0560	0.0571	0.0595	0.0671	0.0843	0.1197
2005	0.1288	0.1311	0.1255	0.1244	0.1158	0.1236	0.1285	0.1303	0.1323	0.1028	0.1040	0.1060	0.1149	0.1280	0.1414	0.0830	0.0815	0.0849	0.0940	0.1086	0.1409	0.0624	0.0566	0.0576	0.0595	0.0677	0.0847	0.1206
2006	0.1300	0.1320	0.1262	0.1252	0.1169	0.1243	0.1289	0.1308	0.1329	0.1035	0.1044	0.1068	0.1151	0.1284	0.1419	0.0837	0.0816	0.0854	0.0943	0.1093	0.1411	0.0628	0.0570	0.0581	0.0598	0.0682	0.0851	0.1205
2007	0.1313	0.1329	0.1268	0.1259	0.1180	0.1250	0.1294	0.1313	0.1334	0.1042	0.1049	0.1076	0.1153	0.1288	0.1423	0.0844	0.0817	0.0860	0.0946	0.1101	0.1412	0.0631	0.0575	0.0585	0.0601	0.0687	0.0855	0.1204
2008	0.1320	0.1338	0.1279	0.1267	0.1189	0.1262	0.1301	0.1320	0.1339	0.1051	0.1060	0.1082	0.1158	0.1290	0.1432	0.0854	0.0825	0.0871	0.0952	0.1110	0.1422	0.0633	0.0580	0.0590	0.0606	0.0691	0.0857	0.1211
2009	0.1328	0.1346	0.1291	0.1274	0.1199	0.1274	0.1309	0.1328	0.1345	0.1061	0.1070	0.1088	0.1163	0.1291	0.1441	0.0864	0.0834	0.0883	0.0958	0.1120	0.1434	0.0634	0.0586	0.0595	0.0610	0.0695	0.0860	0.1219
2010	0.1336	0.1357	0.1300	0.1283	0.1203	0.1282	0.1317	0.1333	0.1356	0.1066	0.1079	0.1093	0.1171	0.1297	0.1448	0.0867	0.0839	0.0886	0.0966	0.1127	0.1440	0.0635	0.0596	0.0596	0.0613	0.0700	0.0863	0.1225
2011	0.1344	0.1369	0.1308	0.1293	0.1205	0.1288	0.1324	0.1337	0.1370	0.1070	0.1086	0.1097	0.1180	0.1304	0.1454	0.0868	0.0843	0.0886	0.0973	0.1133	0.1445	0.0635	0.0607	0.0596	0.0615	0.0704	0.0868	0.1231
2012	0.1350	0.1375	0.1313	0.1301	0.1206	0.1295	0.1331	0.1345	0.1382	0.1075	0.1093	0.1103	0.1191	0.1313	0.1459	0.0874	0.0849	0.0888	0.0981	0.1144	0.1448	0.0641	0.0615	0.0599	0.0619	0.0706	0.0871	0.1237
2013	0.1356	0.1378	0.1318	0.1308	0.1206	0.1300	0.1336	0.1354	0.1393	0.1080	0.1099	0.1110	0.1203	0.1324	0.1463	0.0884	0.0856	0.0892	0.0990	0.1158	0.1450	0.0651	0.0622	0.0605	0.0625	0.0707	0.0874	0.1243
2014	0.1363	0.1383	0.1323	0.1315	0.1210	0.1308	0.1343	0.1364	0.1401	0.1087	0.1106	0.1115	0.1213	0.1335	0.1467	0.0892	0.0864	0.0897	0.0997	0.1168	0.1454	0.0660	0.0626	0.0610	0.0632	0.0709	0.0877	0.1247
2015	0.1370	0.1390	0.1330	0.1323	0.1219	0.1319	0.1351	0.1375	0.1407	0.1096	0.1111	0.1117	0.1220	0.1344	0.1471	0.0901	0.0873	0.0903	0.1002	0.1173	0.1461	0.0668	0.0629	0.0613	0.0640	0.0714	0.0878	0.1250
2016	0.1377	0.1398	0.1338	0.1331	0.1229	0.1328	0.1360	0.1385	0.1414	0.1104	0.1117	0.1121	0.1226	0.1352	0.1476	0.0907	0.0881	0.0909	0.1008	0.1177	0.1466	0.0676	0.0632	0.0620	0.0646	0.0718	0.0880	0.1253
2017	0.1385	0.1406	0.1346	0.1339	0.1242	0.1337	0.1372	0.1395	0.1424	0.1112	0.1124	0.1133	0.1229	0.1357	0.1482	0.0909	0.0886	0.0913	0.1013	0.1177	0.1471	0.0682	0.0634	0.0631	0.0650	0.0720	0.0886	0.1255
2018	0.1394	0.1413	0.1354	0.1347	0.1254	0.1345	0.1384	0.1405	0.1434	0.1119	0.1131	0.1144	0.1232	0.1362	0.1489	0.0910	0.0889	0.0917	0.1019	0.1177	0.1475	0.0687	0.0637	0.0641	0.0654	0.0722	0.0891	0.1259
2019	0.1405	0.1422	0.1357	0.1357	0.1266	0.1354	0.1393	0.1416	0.1441	0.1124	0.1137	0.1154	0.1244	0.1367	0.1502	0.0916	0.0891	0.0919	0.1020	0.1179	0.1480	0.0689	0.0643	0.0641	0.0658	0.0722	0.0896	0.1268
2020	0.1416	0.1430	0.1360	0.1368	0.1277	0.1362	0.1402	0.1427	0.1447	0.1129	0.1143	0.1164	0.1256	0.1372	0.1514	0.0921	0.0893	0.0921	0.1022	0.1182	0.1485	0.0690	0.0648	0.0640	0.0662	0.0721	0.0901	0.1278
2021	0.1419	0.1437	0.1372	0.1372	0.1279	0.1371	0.1409	0.1436	0.1452	0.1136	0.1149	0.1169	0.1263	0.1375	0.1522	0.0924	0.0897	0.0928	0.1028	0.1187	0.1493	0.0688	0.0645	0.0642	0.0666	0.0727	0.0905	0.1282
2022	0.1422	0.1444	0.1385	0.1376	0.1282	0.1379	0.1416	0.1445	0.1457	0.1144	0.1155	0.1174	0.1271	0.1378	0.1530	0.0927	0.0902	0.0935	0.1034	0.1192	0.1501	0.0685	0.0642	0.0644	0.0671	0.0732	0.0909	0.1286
2023	0.1427	0.1452	0.1398	0.1384	0.1288	0.1387	0.1425	0.1446	0.1467	0.1152	0.1163	0.1181	0.1280	0.1386	0.1535	0.0935	0.0907	0.0941	0.1041	0.1200	0.1508	0.0691	0.0641	0.0648	0.0673	0.0742	0.0913	0.1286
2024	0.1431	0.1462	0.1411	0.1393	0.1295	0.1395	0.1434	0.1446	0.1480	0.1160	0.1171	0.1188	0.1289	0.1395	0.1538	0.0944	0.0912	0.0946	0.1048	0.1208	0.1515	0.0699	0.0641	0.0653	0.0674	0.0752	0.0918	0.1285
2025	0.1437	0.1467	0.1419	0.1403	0.1305	0.1403	0.1443	0.1453	0.1488	0.1167	0.1180	0.1192	0.1294	0.1405	0.1545	0.0950	0.0915	0.0953	0.1055	0.1217	0.1521	0.0704	0.0643	0.0657	0.0678	0.0761	0.0922	0.1288
2026	0.1443	0.1471	0.1424	0.1414	0.1317	0.1409	0.1452	0.1464	0.1493	0.1173	0.1189	0.1196	0.1298	0.1416	0.1555	0.0956	0.0917	0.0961	0.1062	0.1226	0.1525	0.0708	0.0648	0.0661	0.0682	0.0769	0.0926	0.1294
2027	0.1450	0.1478	0.1429	0.1424	0.1328	0.1416	0.1460	0.1474	0.1498	0.1179	0.1197	0.1201	0.1301	0.1425	0.1562	0.0962	0.0922	0.0967	0.1066	0.1232	0.1531	0.0712	0.0653	0.0666	0.0687	0.0772	0.0930	0.1298
2028	0.1457	0.1490	0.1432	0.1433	0.1338	0.1423	0.1465	0.1485	0.1503	0.1185	0.1205	0.1209	0.1303	0.1431	0.1567	0.0969	0.0929	0.0972	0.1067	0.1235	0.1538	0.0716	0.0660	0.0672	0.0691	0.0770	0.0932	0.1301
2029	0.1465	0.1501	0.1437	0.1442	0.1347	0.1430	0.1470	0.1494	0.1509	0.1193	0.1210	0.1216	0.1307	0.1439	0.1573	0.0977	0.0938	0.0979	0.1071	0.1238	0.1547	0.0720	0.0667	0.0678	0.0693	0.0769	0.0935	0.1305
2030	0.1476	0.1511	0.1445	0.1452	0.1355	0.1439	0.1472	0.1501	0.1517	0.1203	0.1210	0.1224	0.1317	0.1449	0.1581	0.0984	0.0952	0.0989	0.1077	0.1241	0.1558	0.0725	0.0673	0.0681	0.0691	0.0772	0.0941	0.1309
2031	0.1486	0.1521	0.1453	0.1461	0.1362	0.1448	0.1476	0.1509	0.1526	0.1213	0.1211	0.1232	0.1326	0.1457	0.1589	0.0990	0.0964	0.0999	0.1082	0.1243	0.1567	0.0730	0.0679	0.0683	0.0690	0.0775	0.0945	0.1313
2032	0.1494	0.1530	0.1462	0.1469	0.1363	0.1458	0.1485	0.1516	0.1537	0.1222	0.1218	0.1239	0.1331	0.1462	0.1594	0.0997	0.0973	0.1005	0.1085	0.1248	0.1571	0.0735	0.0682	0.0683	0.0694	0.0778	0.0948	0.1317
2033	0.1503	0.1540	0.1472	0.1477	0.1364	0.1467	0.1493	0.1522	0.1547	0.1230	0.1226	0.1245	0.1337	0.1466	0.1599	0.1005	0.0981	0.1012	0.1089	0.1253	0.1575	0.0740	0.0685	0.0683	0.0698	0.0782	0.0952	0.1321
2034	0.1513	0.1549	0.1484	0.1481	0.1375	0.1471	0.1502	0.1528	0.1557	0.1232	0.1237	0.1255	0.1342	0.1472	0.1610	0.1014	0.0985	0.1018	0.1096	0.1263	0.1581	0.0743	0.0691	0.0691	0.0705	0.0790	0.0962	0.1324
2035	0.1524	0.1557	0.1496	0.1486	0.1385	0.1474	0.1511	0.1533	0.1567	0.1234	0.1248	0.1265	0.1348	0.1479	0.1621	0.1023	0.0990	0.1023	0.1103	0.1274	0.1587	0.0745	0.0697	0.0699	0.0712	0.0799	0.0973	0.1327
2036	0.1526	0.1565	0.1508	0.1494	0.1392	0.1481	0.1516	0.1542	0.1573	0.1241	0.1250	0.1265	0.1353	0.1483	0.1631	0.1028	0.0996	0.1029	0.1111	0.1279	0.1589	0.0752	0.0702	0.0703	0.0720	0.0803	0.0977	0.1326
2037	0.1528	0.1572	0.1521	0.1503	0.1397	0.1488	0.1522	0.1552	0.1578	0.1249	0.1252	0.1263	0.1359	0.1487	0.1640	0.1032	0.1002	0.1035	0.1119	0.1283	0.1590	0.0760	0.0707	0.0707	0.0728	0.0808	0.0982	0.1324
2038	0.1535	0.1579	0.1527	0.1512	0.1404	0.1496	0.1529	0.1559	0.1585	0.1256	0.1258	0.1270	0.1369	0.1495	0.1648	0.1034	0.1008	0.1042	0.1124	0.1291	0.1597	0.0767	0.0712	0.0711	0.0734	0.0813	0.0984	0.1335
2039	0.1542	0.1586	0.1531	0.1522	0.1412	0.1504	0.1538	0.1567	0.1592	0.1263	0.1265	0.1281	0.1379	0.1503	0.1654	0.1035	0.1013	0.1050	0.1129	0.1299	0.1605	0.0772	0.0717	0.0714	0.0740	0.0819	0.0985	0.1350
2040	0.1555	0.1594	0.1537	0.1529	0.1420	0.1513	0.1544	0.1574	0.1600	0.1268	0.1275	0.1290	0.1385	0.1514	0.1661	0.1039	0.1019	0.1056	0.1135	0.1308	0.1615	0.0778	0.0721	0.0717	0.0745	0.0823	0.0987	0.1359
2041	0.1571	0.1603	0.1544	0.1533	0.1428	0.1521	0.1547	0.1580	0.1608	0.1271	0.1286	0.1299	0.1389	0.1526	0.1667	0.1045	0.1025	0.1062	0.1141	0.1316	0.1627	0.0785	0.0725	0.0720	0.0750	0.0827	0.0989	0.1366
2042	0.1583	0.1612	0.1550	0.1538	0.1437	0.1530	0.1554	0.1587	0.1617	0.1278	0.1293	0.1306	0.1392	0.1535	0.1672	0.1051	0.1032	0.1070	0.1147	0.1322	0.1636	0.0790	0.0729	0.0723	0.0753	0.0830	0.0991	0.1372
2043	0.1590	0.1623	0.1558	0.1545	0.1448	0.1538	0.1565	0.1594	0.1626	0.1289	0.1297	0.1311	0.1393	0.1540	0.1675	0.1057	0.1039	0.1080	0.1154	0.1326	0.1641	0.0793	0.0732	0.0727	0.0754	0.0832	0.0993	0.1378
2044	0.1597	0.1632	0.1566	0.1551	0.1458	0.1546	0.1574	0.1603	0.1634	0.1301	0.1301	0.1315	0.1396	0.1546	0.1680	0.1061	0.1046	0.1088	0.1159	0.1329	0.1645	0.0795	0.0735	0.0731	0.0755	0.0833	0.0997	0.1382
2045	0.1603	0.1640	0.1573	0.1559	0.1463	0.1550	0.1581	0.1614	0.1638	0.1312	0.1306	0.1317	0.1403	0.1555	0.1690	0.1063	0.1050	0.1087	0.1163	0.1332	0.1648	0.0796	0.0739	0.0734	0.0757	0.0831	0.1001	0.1382
2046	0.1610	0.1646	0.1580	0.1567	0.1469	0.1554	0.1588	0.1624	0.1643	0.1322	0.1311	0.1321	0.1411	0.1564	0.1700	0.1065	0.1054	0.1087	0.1168	0.1334	0.1651	0.0795	0.0743	0.0736	0.0759	0.0832	0.1006	0.1382
2047	0.1619	0.1652	0.1589	0.1574	0.1480	0.1562	0.1592	0.1631	0.1650	0.1330	0.1319	0.1331	0.1424	0.1574	0.1707	0.1072	0.1055	0.1093	0.1176	0.1339	0.1655	0.0792	0.0750	0.0737	0.0765	0.0841	0.1010	0.1387
2048	0.1628	0.1658	0.1597	0.1581	0.1491	0.1570	0.1596	0.1637	0.1657	0.1337	0.1327	0.1342	0.1437	0.1584	0.1714	0.1079	0.1057	0.1100	0.1183	0.1344	0.1660	0.0788	0.0756	0.0738	0.0770	0.0849	0.1014	0.1391
2049	0.1637	0.1664	0.1602	0.1591	0.1496	0.1580	0.1599	0.1644	0.1663	0.1344	0.1333	0.1354	0.1447	0.1590	0.1717	0.1087	0.1066	0.1104	0.1184	0.1351	0.1663	0.0793	0.0757	0.0739	0.0776	0.0854	0.1023	0.1392
2050	0.1646	0.1669	0.1607	0.1602	0.1502	0.1589	0.1603	0.1650	0.1669	0.1351	0.1340	0.1367	0.1457	0.1596	0.1719	0.1095	0.1075	0.1107	0.1184	0.1359	0.1665	0.0797	0.0756	0.0741	0.0783	0.0858	0.1033	0.1393
2051	0.1653	0.1680	0.1611	0.1607	0.1507	0.1597	0.1612	0.1656	0.1675	0.1359	0.1344	0.1374	0.1463	0.1599	0.1721	0.1097	0.1075	0.1107	0.1195	0.1364	0.1674	0.0802	0.0760	0.0747	0.0785	0.0861	0.1039	0.1397
2052	0.1658	0.1691	0.1615	0.1612	0.1511	0.1604	0.1623	0.1662	0.1681	0.1368	0.1350	0.1379	0.1468	0.1601	0.1725	0.1098	0.1073	0.1106	0.1206	0.1369	0.1683	0.0808	0.0764	0.0754	0.0788	0.0863	0.1043	0.1401
2053	0.1664	0.1699	0.1621	0.1619	0.1519	0.1613	0.1633	0.1666	0.1689	0.1373	0.1358	0.1381	0.1474	0.1606	0.1735	0.1101	0.1075	0.1112	0.1215	0.1375	0.1693	0.0807	0.0767	0.0758	0.0785	0.0860	0.1044	0.1404
2054	0.1669	0.1705	0.1630	0.1626	0.1529	0.1624	0.1642	0.1669	0.1697	0.1377	0.1366	0.1382	0.1480	0.1613	0.1746	0.1106	0.1078	0.1119	0.1223	0.1381	0.1706	0.0805	0.0768	0.0762	0.0781	0.0855	0.1043	0.1406
2055	0.1674	0.1709	0.1640	0.1634	0.1539	0.1633	0.1650	0.1675	0.1707	0.1384	0.1374	0.1387	0.1488	0.1620	0.1755	0.1113	0.1085	0.1122	0.1230	0.1386	0.1718	0.0804	0.0770	0.0768	0.0782	0.0855	0.1044	0.1409
2056	0.1678	0.1711	0.1651	0.1643	0.1547	0.1640	0.1658	0.1683	0.1718	0.1392	0.1381	0.1396	0.1496	0.1626	0.1761	0.1122	0.1097	0.1125	0.1237	0.1389	0.1727	0.0805	0.0773	0.0773	0.0785	0.0859	0.1047	0.1412
2057	0.1684	0.1716	0.1660	0.1649	0.1554	0.1649	0.1665	0.1690	0.1729	0.1400	0.1389	0.1403	0.1500	0.1630	0.1769	0.1129	0.1106	0.1131	0.1242	0.1396	0.1733	0.0811	0.0778	0.0776	0.0789	0.0865	0.1049	0.1416
2058	0.1691	0.1726	0.1666	0.1651	0.1561	0.1657	0.1672	0.1698	0.1738	0.1411	0.1398	0.1406	0.1500	0.1634	0.1777	0.1136	0.1112	0.1142	0.1247	0.1407	0.1732	0.0823	0.0787	0.0777	0.0794	0.0871	0.1049	0.1420
2059	0.1699	0.1736	0.1673	0.1655	0.1569	0.1665	0.1679	0.1707	0.1747	0.1420	0.1405	0.1411	0.1502	0.1639	0.1784	0.1142	0.1119	0.1151	0.1249	0.1415	0.1734	0.0834	0.0794	0.0780	0.0800	0.0877	0.1052	0.1425
2060	0.1711	0.1747	0.1680	0.1662	0.1581	0.1672	0.1688	0.1718	0.1755	0.1425	0.1409	0.1416	0.1506	0.1647	0.1788	0.1143	0.1126	0.1156	0.1249	0.1418	0.1739	0.0842	0.0797	0.0785	0.0806	0.0880	0.1060	0.1430
2061	0.1722	0.1757	0.1688	0.1669	0.1593	0.1679	0.1696	0.1729	0.1763	0.1428	0.1414	0.1421	0.1511	0.1653	0.1793	0.1145	0.1133	0.1162	0.1248	0.1421	0.1744	0.0850	0.0800	0.0790	0.0810	0.0882	0.1067	0.1435
2062	0.1730	0.1764	0.1696	0.1683	0.1600	0.1681	0.1703	0.1740	0.1769	0.1432	0.1423	0.1427	0.1519	0.1659	0.1800	0.1151	0.1137	0.1167	0.1251	0.1428	0.1750	0.0851	0.0802	0.0792	0.0813	0.0887	0.1075	0.1441
2063	0.1738	0.1770	0.1705	0.1697	0.1605	0.1684	0.1710	0.1751	0.1776	0.1436	0.1433	0.1432	0.1528	0.1664	0.1807	0.1157	0.1140	0.1172	0.1254	0.1435	0.1756	0.0852	0.0803	0.0794	0.0816	0.0892	0.1082	0.1447
2064	0.1743	0.1774	0.1714	0.1716	0.1609	0.1691	0.1716	0.1761	0.1783	0.1443	0.1438	0.1438	0.1540	0.1670	0.1813	0.1164	0.1138	0.1180	0.1263	0.1438	0.1759	0.0860	0.0805	0.0793	0.0821	0.0893	0.1085	0.1449
2065	0.1748	0.1779	0.1724	0.1734	0.1613	0.1698	0.1723	0.1770	0.1790	0.1451	0.1443	0.1444	0.1552	0.1676	0.1819	0.1172	0.1137	0.1188	0.1273	0.1441	0.1762	0.0868	0.0808	0.0791	0.0825	0.0894	0.1088	0.1451
2066	0.1753	0.1788	0.1733	0.1736	0.1617	0.1704	0.1731	0.1773	0.1795	0.1456	0.1447	0.1453	0.1559	0.1685	0.1821	0.1178	0.1141	0.1193	0.1279	0.1447	0.1766	0.0869	0.0817	0.0795	0.0826	0.0898	0.1089	0.1456
2067	0.1759	0.1797	0.1742	0.1736	0.1621	0.1710	0.1739	0.1772	0.1801	0.1460	0.1451	0.1462	0.1567	0.1693	0.1822	0.1185	0.1145	0.1198	0.1284	0.1452	0.1769	0.0869	0.0827	0.0798	0.0828	0.0902	0.1090	0.1462
2068	0.1766	0.1805	0.1751	0.1735	0.1625	0.1717	0.1748	0.1780	0.1806	0.1467	0.1456	0.1468	0.1572	0.1697	0.1828	0.1190	0.1153	0.1198	0.1290	0.1455	0.1773	0.0874	0.0830	0.0806	0.0832	0.0912	0.1095	0.1469
2069	0.1773	0.1814	0.1760	0.1735	0.1631	0.1726	0.1756	0.1791	0.1813	0.1474	0.1461	0.1472	0.1578	0.1701	0.1836	0.1196	0.1162	0.1198	0.1296	0.1459	0.1777	0.0881	0.0830	0.0814	0.0836	0.0922	0.1101	0.1476
2070	0.1784	0.1821	0.1770	0.1741	0.1642	0.1736	0.1766	0.1799	0.1822	0.1483	0.1468	0.1476	0.1584	0.1706	0.1848	0.1202	0.1168	0.1200	0.1300	0.1462	0.1778	0.0886	0.0831	0.0820	0.0840	0.0932	0.1106	0.1478
2071	0.1797	0.1827	0.1782	0.1750	0.1656	0.1747	0.1774	0.1808	0.1832	0.1492	0.1477	0.1481	0.1590	0.1712	0.1864	0.1207	0.1172	0.1202	0.1305	0.1465	0.1777	0.0890	0.0833	0.0824	0.0846	0.0941	0.1110	0.1475
2072	0.1808	0.1830	0.1792	0.1757	0.1662	0.1756	0.1782	0.1815	0.1842	0.1498	0.1485	0.1485	0.1595	0.1718	0.1877	0.1210	0.1177	0.1208	0.1309	0.1469	0.1780	0.0889	0.0835	0.0829	0.0851	0.0946	0.1114	0.1476
2073	0.1816	0.1832	0.1800	0.1760	0.1662	0.1765	0.1789	0.1818	0.1851	0.1502	0.1492	0.1489	0.1601	0.1724	0.1885	0.1213	0.1182	0.1215	0.1314	0.1477	0.1786	0.0882	0.0841	0.0835	0.0854	0.0947	0.1119	0.1482
2074	0.1823	0.1835	0.1807	0.1765	0.1663	0.1773	0.1795	0.1826	0.1859	0.1508	0.1499	0.1495	0.1606	0.1731	0.1892	0.1215	0.1188	0.1222	0.1319	0.1485	0.1792	0.0879	0.0849	0.0841	0.0857	0.0949	0.1121	0.1487
2075	0.1830	0.1843	0.1810	0.1775	0.1668	0.1779	0.1799	0.1835	0.1866	0.1517	0.1505	0.1506	0.1611	0.1742	0.1896	0.1219	0.1195	0.1228	0.1322	0.1490	0.1801	0.0880	0.0856	0.0847	0.0862	0.0954	0.1119	0.1488
2076	0.1837	0.1852	0.1812	0.1784	0.1674	0.1785	0.1803	0.1843	0.1873	0.1524	0.1511	0.1517	0.1617	0.1751	0.1901	0.1224	0.1201	0.1234	0.1325	0.1495	0.1810	0.0884	0.0863	0.0851	0.0867	0.0958	0.1117	0.1489
2077	0.1841	0.1862	0.1816	0.1790	0.1683	0.1791	0.1810	0.1849	0.1878	0.1529	0.1516	0.1529	0.1624	0.1758	0.1904	0.1230	0.1204	0.1239	0.1330	0.1500	0.1815	0.0891	0.0867	0.0851	0.0869	0.0959	0.1120	0.1492
2078	0.1845	0.1872	0.1820	0.1796	0.1693	0.1795	0.1818	0.1855	0.1884	0.1534	0.1521	0.1540	0.1631	0.1765	0.1908	0.1237	0.1207	0.1244	0.1336	0.1505	0.1822	0.0897	0.0871	0.0851	0.0872	0.0961	0.1123	0.1494
2079	0.1853	0.1879	0.1827	0.1806	0.1702	0.1800	0.1825	0.1857	0.1893	0.1539	0.1527	0.1543	0.1638	0.1772	0.1915	0.1246	0.1209	0.1246	0.1340	0.1506	0.1829	0.0901	0.0870	0.0850	0.0874	0.0965	0.1129	0.1499
2080	0.1861	0.1886	0.1833	0.1816	0.1712	0.1805	0.1832	0.1859	0.1902	0.1544	0.1534	0.1547	0.1645	0.1780	0.1922	0.1255	0.1212	0.1248	0.1346	0.1506	0.1837	0.0906	0.0870	0.0848	0.0876	0.0969	0.1136	0.1505
2081	0.1869	0.1897	0.1838	0.1827	0.1724	0.1812	0.1842	0.1865	0.1908	0.1546	0.1541	0.1554	0.1649	0.1786	0.1926	0.1259	0.1218	0.1258	0.1355	0.1511	0.1840	0.0911	0.0871	0.0852	0.0877	0.0971	0.1143	0.1511
2082	0.1876	0.1909	0.1843	0.1837	0.1735	0.1819	0.1851	0.1872	0.1914	0.1547	0.1548	0.1561	0.1653	0.1791	0.1931	0.1264	0.1224	0.1269	0.1363	0.1517	0.1842	0.0915	0.0873	0.0856	0.0879	0.0973	0.1150	0.1516
2083	0.1890	0.1919	0.1851	0.1845	0.1741	0.1828	0.1861	0.1882	0.1919	0.1553	0.1553	0.1569	0.1662	0.1795	0.1933	0.1270	0.1226	0.1275	0.1362	0.1523	0.1848	0.0922	0.0879	0.0861	0.0884	0.0976	0.1158	0.1518
2084	0.1904	0.1929	0.1861	0.1852	0.1746	0.1838	0.1870	0.1893	0.1923	0.1562	0.1558	0.1579	0.1671	0.1798	0.1935	0.1275	0.1228	0.1279	0.1361	0.1527	0.1857	0.0929	0.0887	0.0868	0.0890	0.0977	0.1166	0.1519
2085	0.1910	0.1939	0.1871	0.1859	0.1753	0.1845	0.1873	0.1904	0.1930	0.1570	0.1565	0.1586	0.1680	0.1805	0.1939	0.1281	0.1235	0.1282	0.1365	0.1533	0.1866	0.0936	0.0892	0.0872	0.0898	0.0982	0.1172	0.1523
2086	0.1913	0.1948	0.1880	0.1869	0.1762	0.1852	0.1875	0.1914	0.1938	0.1576	0.1574	0.1591	0.1686	0.1813	0.1944	0.1287	0.1243	0.1284	0.1372	0.1542	0.1872	0.0943	0.0897	0.0874	0.0908	0.0989	0.1177	0.1529
2087	0.1917	0.1957	0.1890	0.1876	0.1770	0.1860	0.1881	0.1918	0.1948	0.1583	0.1580	0.1596	0.1694	0.1821	0.1949	0.1296	0.1254	0.1287	0.1379	0.1551	0.1877	0.0949	0.0901	0.0876	0.0915	0.0996	0.1179	0.1538
2088	0.1922	0.1963	0.1901	0.1881	0.1779	0.1865	0.1889	0.1921	0.1957	0.1589	0.1583	0.1601	0.1704	0.1829	0.1954	0.1305	0.1265	0.1293	0.1385	0.1562	0.1883	0.0953	0.0906	0.0879	0.0917	0.1003	0.1178	0.1547
2089	0.1927	0.1967	0.1908	0.1888	0.1787	0.1868	0.1898	0.1926	0.1965	0.1595	0.1588	0.1608	0.1712	0.1834	0.1958	0.1311	0.1273	0.1297	0.1387	0.1569	0.1887	0.0955	0.0910	0.0880	0.0920	0.1007	0.1177	0.1550
2090	0.1930	0.1969	0.1912	0.1899	0.1792	0.1871	0.1907	0.1931	0.1972	0.1604	0.1595	0.1618	0.1714	0.1838	0.1964	0.1315	0.1275	0.1301	0.1388	0.1573	0.1888	0.0954	0.0912	0.0882	0.0925	0.1012	0.1176	0.1547
2091	0.1936	0.1972	0.1918	0.1909	0.1798	0.1873	0.1914	0.1934	0.1979	0.1611	0.1601	0.1627	0.1718	0.1844	0.1973	0.1319	0.1277	0.1306	0.1391	0.1576	0.1890	0.0954	0.0913	0.0887	0.0927	0.1016	0.1177	0.1546
2092	0.1950	0.1978	0.1932	0.1922	0.1802	0.1880	0.1914	0.1936	0.1987	0.1617	0.1608	0.1633	0.1723	0.1852	0.1988	0.1324	0.1280	0.1310	0.1397	0.1576	0.1896	0.0958	0.0914	0.0897	0.0926	0.1014	0.1185	0.1549
2093	0.1963	0.1985	0.1945	0.1936	0.1807	0.1887	0.1916	0.1940	0.1994	0.1622	0.1615	0.1638	0.1728	0.1858	0.2003	0.1329	0.1283	0.1315	0.1404	0.1579	0.1903	0.0962	0.0915	0.0906	0.0925	0.1014	0.1191	0.1553
2094	0.1966	0.1993	0.1950	0.1939	0.1817	0.1892	0.1923	0.1957	0.1994	0.1628	0.1624	0.1638	0.1732	0.1863	0.2011	0.1336	0.1289	0.1324	0.1411	0.1589	0.1911	0.0969	0.0916	0.0911	0.0929	0.1016	0.1191	0.1563
2095	0.1970	0.2003	0.1956	0.1942	0.1826	0.1897	0.1929	0.1973	0.1995	0.1635	0.1634	0.1639	0.1735	0.1869	0.2018	0.1343	0.1297	0.1333	0.1418	0.1600	0.1920	0.0976	0.0918	0.0915	0.0933	0.1018	0.1191	0.1573
2096	0.1978	0.2012	0.1962	0.1947	0.1830	0.1908	0.1936	0.1979	0.2004	0.1644	0.1642	0.1647	0.1739	0.1877	0.2023	0.1348	0.1305	0.1343	0.1424	0.1608	0.1926	0.0982	0.0920	0.0913	0.0936	0.1025	0.1189	0.1577
2097	0.1986	0.2020	0.1968	0.1951	0.1833	0.1920	0.1945	0.1983	0.2014	0.1652	0.1650	0.1655	0.1742	0.1884	0.2028	0.1352	0.1311	0.1353	0.1430	0.1617	0.1932	0.0987	0.0921	0.0910	0.0938	0.1032	0.1187	0.1580
2098	0.1994	0.2029	0.1970	0.1959	0.1836	0.1930	0.1955	0.1985	0.2025	0.1660	0.1657	0.1660	0.1748	0.1888	0.2036	0.1357	0.1311	0.1362	0.1436	0.1619	0.1935	0.0991	0.0928	0.0911	0.0939	0.1030	0.1190	0.1579
2099	0.2003	0.2039	0.1973	0.1968	0.1837	0.1940	0.1964	0.1987	0.2036	0.1667	0.1663	0.1665	0.1752	0.1892	0.2043	0.1362	0.1310	0.1371	0.1442	0.1620	0.1938	0.0997	0.0938	0.0914	0.0938	0.1027	0.1193	0.1577
2100	0.2011	0.2045	0.1976	0.1973	0.1843	0.1952	0.1971	0.1993	0.2045	0.1671	0.1671	0.1668	0.1758	0.1890	0.2048	0.1361	0.1313	0.1373	0.1446	0.1620	0.1943	0.1003	0.0942	0.0917	0.0939	0.1029	0.1197	0.1578
2101	0.2019	0.2049	0.1978	0.1978	0.1851	0.1966	0.1976	0.2000	0.2054	0.1675	0.1680	0.1672	0.1766	0.1887	0.2051	0.1360	0.1318	0.1376	0.1449	0.1621	0.1949	0.1010	0.0946	0.0921	0.0940	0.1032	0.1201	0.1581
2102	0.2030	0.2056	0.1985	0.1985	0.1859	0.1977	0.1982	0.2011	0.2060	0.1682	0.1683	0.1678	0.1775	0.1893	0.2059	0.1362	0.1323	0.1373	0.1457	0.1626	0.1956	0.1012	0.0951	0.0924	0.0943	0.1033	0.1202	0.1584
2103	0.2040	0.2064	0.1993	0.1994	0.1867	0.1985	0.1991	0.2024	0.2064	0.1692	0.1683	0.1685	0.1782	0.1904	0.2070	0.1365	0.1331	0.1366	0.1467	0.1631	0.1964	0.1009	0.0957	0.0928	0.0946	0.1034	0.1202	0.1587
2104	0.2046	0.2071	0.2002	0.2004	0.1875	0.1991	0.1999	0.2031	0.2065	0.1701	0.1688	0.1694	0.1792	0.1913	0.2079	0.1371	0.1341	0.1366	0.1471	0.1637	0.1969	0.1009	0.0959	0.0931	0.0952	0.1034	0.1202	0.1590
2105	0.2052	0.2077	0.2010	0.2014	0.1885	0.1994	0.2006	0.2031	0.2065	0.1709	0.1697	0.1704	0.1801	0.1921	0.2086	0.1377	0.1351	0.1367	0.1471	0.1649	0.1971	0.1010	0.0961	0.0931	0.0959	0.1034	0.1202	0.1592
2106	0.2060	0.2085	0.2019	0.2022	0.1895	0.2000	0.2011	0.2034	0.2067	0.1715	0.1707	0.1713	0.1806	0.1929	0.2091	0.1383	0.1360	0.1372	0.1470	0.1659	0.1975	0.1009	0.0965	0.0933	0.0966	0.1037	0.1207	0.1595
2107	0.2072	0.2097	0.2027	0.2030	0.1907	0.2003	0.2016	0.2042	0.2075	0.1721	0.1716	0.1722	0.1806	0.1938	0.2091	0.1388	0.1365	0.1383	0.1471	0.1661	0.1979	0.1009	0.0967	0.0941	0.0975	0.1043	0.1220	0.1599
2108	0.2082	0.2108	0.2035	0.2038	0.1919	0.2007	0.2022	0.2051	0.2084	0.1725	0.1722	0.1726	0.1806	0.1946	0.2091	0.1394	0.1368	0.1395	0.1474	0.1664	0.1984	0.1010	0.0971	0.0949	0.0982	0.1047	0.1230	0.1603
2109	0.2088	0.2118	0.2038	0.2046	0.1927	0.2013	0.2031	0.2060	0.2092	0.1727	0.1730	0.1724	0.1813	0.1953	0.2092	0.1400	0.1370	0.1402	0.1476	0.1669	0.1991	0.1012	0.0982	0.0956	0.0988	0.1051	0.1233	0.1609
2110	0.2092	0.2127	0.2040	0.2053	0.1935	0.2020	0.2039	0.2068	0.2099	0.1729	0.1738	0.1724	0.1821	0.1962	0.2094	0.1406	0.1372	0.1406	0.1482	0.1673	0.1998	0.1015	0.0991	0.0962	0.0994	0.1056	0.1236	0.1615
2111	0.2093	0.2129	0.2045	0.2057	0.1942	0.2030	0.2043	0.2077	0.2106	0.1732	0.1733	0.1726	0.1830	0.1970	0.2106	0.1413	0.1378	0.1411	0.1492	0.1673	0.2003	0.1022	0.0992	0.0965	0.0995	0.1060	0.1237	0.1618
2112	0.2095	0.2132	0.2051	0.2060	0.1949	0.2039	0.2048	0.2086	0.2114	0.1735	0.1730	0.1729	0.1839	0.1978	0.2118	0.1419	0.1382	0.1415	0.1500	0.1674	0.2006	0.1030	0.0992	0.0967	0.0996	0.1065	0.1239	0.1622
2113	0.2103	0.2134	0.2059	0.2060	0.1959	0.2037	0.2055	0.2093	0.2122	0.1740	0.1730	0.1739	0.1845	0.1979	0.2121	0.1422	0.1383	0.1416	0.1500	0.1675	0.2009	0.1037	0.0986	0.0966	0.0998	0.1067	0.1241	0.1621
2114	0.2111	0.2135	0.2067	0.2059	0.1969	0.2036	0.2062	0.2099	0.2130	0.1746	0.1729	0.1750	0.1850	0.1979	0.2123	0.1426	0.1383	0.1416	0.1501	0.1676	0.2012	0.1043	0.0981	0.0966	0.1002	0.1069	0.1242	0.1622
2115	0.2113	0.2136	0.2073	0.2060	0.1971	0.2038	0.2070	0.2104	0.2142	0.1753	0.1732	0.1760	0.1857	0.1987	0.2126	0.1430	0.1384	0.1423	0.1507	0.1678	0.2014	0.1047	0.0980	0.0968	0.1009	0.1069	0.1245	0.1625
2116	0.2114	0.2137	0.2080	0.2062	0.1972	0.2039	0.2079	0.2108	0.2154	0.1761	0.1736	0.1770	0.1864	0.1997	0.2131	0.1435	0.1384	0.1429	0.1514	0.1681	0.2017	0.1051	0.0978	0.0969	0.1017	0.1070	0.1249	0.1628
2117	0.2122	0.2143	0.2086	0.2073	0.1978	0.2046	0.2084	0.2112	0.2160	0.1768	0.1744	0.1777	0.1865	0.2011	0.2137	0.1442	0.1390	0.1433	0.1521	0.1695	0.2022	0.1050	0.0981	0.0971	0.1022	0.1076	0.1257	0.1629
2118	0.2132	0.2151	0.2093	0.2084	0.1986	0.2054	0.2090	0.2115	0.2164	0.1774	0.1752	0.1785	0.1866	0.2024	0.2144	0.1447	0.1396	0.1438	0.1527	0.1710	0.2025	0.1051	0.0986	0.0974	0.1024	0.1081	0.1266	0.1630
2119	0.2140	0.2158	0.2099	0.2096	0.1994	0.2066	0.2099	0.2118	0.2164	0.1780	0.1763	0.1789	0.1872	0.2027	0.2154	0.1450	0.1398	0.1443	0.1533	0.1717	0.2027	0.1049	0.0991	0.0978	0.1023	0.1086	0.1269	0.1637
2120	0.2147	0.2164	0.2107	0.2107	0.2001	0.2081	0.2106	0.2124	0.2162	0.1786	0.1775	0.1792	0.1878	0.2027	0.2164	0.1452	0.1397	0.1448	0.1539	0.1722	0.2031	0.1046	0.0998	0.0983	0.1023	0.1091	0.1271	0.1646
2121	0.2155	0.2170	0.2116	0.2115	0.2003	0.2088	0.2112	0.2128	0.2160	0.1793	0.1786	0.1797	0.1881	0.2031	0.2174	0.1453	0.1397	0.1453	0.1547	0.1721	0.2034	0.1046	0.1004	0.0988	0.1029	0.1097	0.1271	0.1653
2122	0.2163	0.2177	0.2126	0.2121	0.2001	0.2089	0.2118	0.2131	0.2159	0.1798	0.1794	0.1799	0.1882	0.2038	0.2181	0.1458	0.1399	0.1457	0.1555	0.1715	0.2038	0.1050	0.1009	0.0992	0.1037	0.1103	0.1271	0.1661
2123	0.2169	0.2184	0.2134	0.2125	0.2005	0.2093	0.2121	0.2136	0.2164	0.1798	0.1798	0.1801	0.1884	0.2040	0.2186	0.1461	0.1403	0.1461	0.1556	0.1715	0.2044	0.1056	0.1013	0.0998	0.1039	0.1108	0.1274	0.1667
2124	0.2173	0.2194	0.2140	0.2130	0.2015	0.2098	0.2123	0.2140	0.2175	0.1800	0.1803	0.1808	0.1889	0.2038	0.2191	0.1462	0.1409	0.1463	0.1555	0.1721	0.2051	0.1059	0.1019	0.1007	0.1035	0.1111	0.1278	0.1668
2125	0.2176	0.2203	0.2146	0.2134	0.2024	0.2103	0.2127	0.2148	0.2187	0.1803	0.1810	0.1815	0.1896	0.2038	0.2195	0.1465	0.1415	0.1468	0.1558	0.1730	0.2060	0.1062	0.1025	0.1015	0.1033	0.1114	0.1280	0.1670
2126	0.2177	0.2208	0.2154	0.2141	0.2034	0.2108	0.2129	0.2163	0.2199	0.1809	0.1814	0.1821	0.1905	0.2044	0.2195	0.1466	0.1422	0.1475	0.1563	0.1737	0.2066	0.1070	0.1028	0.1017	0.1030	0.1113	0.1280	0.1674
2127	0.2181	0.2213	0.2163	0.2148	0.2042	0.2113	0.2131	0.2175	0.2208	0.1818	0.1818	0.1827	0.1913	0.2051	0.2196	0.1465	0.1427	0.1481	0.1566	0.1743	0.2070	0.1077	0.1031	0.1020	0.1029	0.1114	0.1279	0.1678
2128	0.2186	0.2219	0.2170	0.2153	0.2043	0.2121	0.2139	0.2180	0.2209	0.1832	0.1819	0.1830	0.1915	0.2053	0.2204	0.1466	0.1432	0.1489	0.1569	0.1752	0.2075	0.1080	0.1035	0.1024	0.1028	0.1119	0.1279	0.1682
2129	0.2191	0.2225	0.2175	0.2157	0.2045	0.2128	0.2146	0.2183	0.2208	0.1843	0.1820	0.1834	0.1918	0.2053	0.2211	0.1469	0.1435	0.1496	0.1572	0.1759	0.2078	0.1085	0.1039	0.1027	0.1028	0.1124	0.1280	0.1688
2130	0.2194	0.2221	0.2173	0.2158	0.2046	0.2126	0.2148	0.2183	0.2205	0.1841	0.1821	0.1834	0.1923	0.2051	0.2217	0.1478	0.1436	0.1493	0.1572	0.1758	0.2076	0.1090	0.1036	0.1023	0.1032	0.1128	0.1283	0.1688
2131	0.2196	0.2218	0.2171	0.2159	0.2047	0.2124	0.2151	0.2184	0.2202	0.1839	0.1821	0.1834	0.1929	0.2050	0.2221	0.1486	0.1437	0.1489	0.1572	0.1756	0.2074	0.1094	0.1033	0.1020	0.1035	0.1132	0.1287	0.1687
2132	0.2195	0.2221	0.2170	0.2164	0.2051	0.2127	0.2154	0.2189	0.2208	0.1842	0.1823	0.1831	0.1933	0.2052	0.2219	0.1492	0.1437	0.1484	0.1577	0.1758	0.2075	0.1097	0.1034	0.1018	0.1038	0.1131	0.1293	0.1681
2133	0.2195	0.2226	0.2170	0.2168	0.2054	0.2130	0.2158	0.2194	0.2215	0.1847	0.1826	0.1829	0.1934	0.2054	0.2217	0.1498	0.1437	0.1480	0.1583	0.1760	0.2076	0.1100	0.1035	0.1016	0.1040	0.1130	0.1299	0.1675
2134	0.2203	0.2230	0.2173	0.2170	0.2055	0.2137	0.2160	0.2197	0.2218	0.1850	0.1827	0.1830	0.1937	0.2060	0.2221	0.1502	0.1443	0.1481	0.1586	0.1766	0.2077	0.1103	0.1035	0.1015	0.1044	0.1132	0.1303	0.1673
2135	0.2212	0.2236	0.2177	0.2171	0.2057	0.2145	0.2160	0.2201	0.2219	0.1853	0.1829	0.1833	0.1942	0.2066	0.2225	0.1504	0.1450	0.1482	0.1587	0.1773	0.2078	0.1105	0.1036	0.1016	0.1048	0.1136	0.1307	0.1674
2136	0.2215	0.2243	0.2185	0.2176	0.2061	0.2152	0.2164	0.2201	0.2222	0.1851	0.1837	0.1836	0.1943	0.2075	0.2227	0.1502	0.1452	0.1483	0.1587	0.1774	0.2078	0.1101	0.1038	0.1018	0.1047	0.1134	0.1303	0.1680
2137	0.2217	0.2250	0.2193	0.2182	0.2063	0.2160	0.2172	0.2202	0.2225	0.1850	0.1845	0.1838	0.1943	0.2083	0.2225	0.1502	0.1452	0.1480	0.1585	0.1774	0.2078	0.1095	0.1039	0.1020	0.1045	0.1129	0.1298	0.1685
2138	0.2221	0.2254	0.2194	0.2182	0.2062	0.2164	0.2179	0.2206	0.2226	0.1850	0.1847	0.1845	0.1950	0.2087	0.2223	0.1505	0.1454	0.1481	0.1583	0.1776	0.2081	0.1092	0.1039	0.1020	0.1045	0.1130	0.1292	0.1688
2139	0.2225	0.2255	0.2192	0.2180	0.2063	0.2166	0.2185	0.2209	0.2226	0.1852	0.1850	0.1858	0.1959	0.2091	0.2221	0.1507	0.1455	0.1485	0.1583	0.1778	0.2085	0.1090	0.1037	0.1020	0.1049	0.1132	0.1289	0.1688
2140	0.2226	0.2254	0.2191	0.2180	0.2063	0.2166	0.2187	0.2209	0.2227	0.1852	0.1854	0.1864	0.1964	0.2088	0.2222	0.1509	0.1456	0.1491	0.1586	0.1781	0.2090	0.1091	0.1039	0.1022	0.1052	0.1133	0.1295	0.1687
2141	0.2226	0.2256	0.2190	0.2185	0.2063	0.2163	0.2189	0.2207	0.2231	0.1852	0.1858	0.1866	0.1966	0.2082	0.2225	0.1510	0.1460	0.1499	0.1594	0.1783	0.2094	0.1091	0.1041	0.1023	0.1053	0.1134	0.1305	0.1692
2142	0.2226	0.2258	0.2190	0.2187	0.2067	0.2160	0.2186	0.2204	0.2236	0.1853	0.1861	0.1867	0.1966	0.2083	0.2229	0.1509	0.1462	0.1503	0.1598	0.1786	0.2099	0.1092	0.1045	0.1027	0.1051	0.1138	0.1312	0.1696
2143	0.2229	0.2259	0.2191	0.2188	0.2073	0.2160	0.2187	0.2202	0.2239	0.1857	0.1856	0.1868	0.1968	0.2086	0.2231	0.1507	0.1460	0.1504	0.1599	0.1787	0.2100	0.1097	0.1046	0.1032	0.1048	0.1142	0.1316	0.1695
2144	0.2232	0.2264	0.2192	0.2190	0.2080	0.2160	0.2190	0.2201	0.2242	0.1859	0.1851	0.1868	0.1971	0.2091	0.2233	0.1505	0.1461	0.1505	0.1600	0.1789	0.2100	0.1102	0.1047	0.1035	0.1047	0.1142	0.1315	0.1696
2145	0.2235	0.2270	0.2191	0.2194	0.2086	0.2159	0.2191	0.2205	0.2248	0.1864	0.1853	0.1869	0.1972	0.2097	0.2239	0.1510	0.1468	0.1507	0.1597	0.1791	0.2100	0.1111	0.1048	0.1036	0.1049	0.1133	0.1308	0.1696
2146	0.2239	0.2275	0.2193	0.2199	0.2090	0.2157	0.2190	0.2210	0.2253	0.1872	0.1858	0.1870	0.1972	0.2103	0.2243	0.1514	0.1475	0.1508	0.1594	0.1792	0.2098	0.1119	0.1050	0.1035	0.1054	0.1125	0.1302	0.1697
2147	0.2241	0.2272	0.2196	0.2202	0.2088	0.2159	0.2187	0.2213	0.2257	0.1874	0.1866	0.1866	0.1971	0.2106	0.2238	0.1508	0.1480	0.1512	0.1591	0.1785	0.2098	0.1119	0.1054	0.1032	0.1059	0.1128	0.1296	0.1696
2148	0.2242	0.2269	0.2196	0.2204	0.2086	0.2163	0.2183	0.2214	0.2260	0.1875	0.1874	0.1864	0.1972	0.2107	0.2234	0.1504	0.1482	0.1514	0.1588	0.1778	0.2098	0.1118	0.1057	0.1028	0.1064	0.1131	0.1289	0.1694
2149	0.2244	0.2269	0.2195	0.2203	0.2091	0.2171	0.2181	0.2216	0.2256	0.1877	0.1878	0.1867	0.1966	0.2100	0.2232	0.1506	0.1484	0.1511	0.1590	0.1775	0.2099	0.1117	0.1060	0.1032	0.1063	0.1134	0.1291	0.1689
2150	0.2246	0.2269	0.2195	0.2203	0.2097	0.2178	0.2181	0.2218	0.2251	0.1878	0.1879	0.1870	0.1960	0.2091	0.2231	0.1508	0.1487	0.1509	0.1593	0.1772	0.2100	0.1115	0.1062	0.1036	0.1065	0.1136	0.1295	0.1684
2151	0.2243	0.2269	0.2192	0.2209	0.2098	0.2183	0.2182	0.2223	0.2248	0.1875	0.1873	0.1872	0.1958	0.2086	0.2232	0.1507	0.1487	0.1511	0.1598	0.1771	0.2106	0.1119	0.1063	0.1037	0.1068	0.1133	0.1297	0.1681
2152	0.2239	0.2271	0.2189	0.2216	0.2099	0.2187	0.2184	0.2228	0.2245	0.1871	0.1867	0.1875	0.1958	0.2083	0.2234	0.1506	0.1485	0.1512	0.1602	0.1772	0.2112	0.1122	0.1065	0.1038	0.1070	0.1129	0.1299	0.1678
2153	0.2234	0.2271	0.2193	0.2218	0.2096	0.2187	0.2188	0.2230	0.2243	0.1867	0.1863	0.1881	0.1957	0.2084	0.2233	0.1504	0.1483	0.1515	0.1601	0.1775	0.2109	0.1120	0.1061	0.1034	0.1064	0.1128	0.1301	0.1677
2154	0.2229	0.2271	0.2200	0.2217	0.2092	0.2186	0.2194	0.2230	0.2242	0.1862	0.1857	0.1885	0.1956	0.2083	0.2230	0.1502	0.1482	0.1518	0.1599	0.1778	0.2105	0.1118	0.1056	0.1029	0.1058	0.1127	0.1303	0.1677
2155	0.2226	0.2276	0.2205	0.2217	0.2090	0.2180	0.2201	0.2232	0.2239	0.1863	0.1852	0.1889	0.1961	0.2083	0.2231	0.1497	0.1487	0.1513	0.1602	0.1780	0.2099	0.1111	0.1056	0.1030	0.1054	0.1134	0.1305	0.1682
2156	0.2223	0.2281	0.2209	0.2216	0.2092	0.2173	0.2203	0.2232	0.2237	0.1864	0.1848	0.1894	0.1966	0.2083	0.2235	0.1492	0.1493	0.1510	0.1604	0.1781	0.2094	0.1105	0.1054	0.1034	0.1050	0.1143	0.1308	0.1687
2157	0.2225	0.2277	0.2211	0.2211	0.2089	0.2167	0.2200	0.2227	0.2244	0.1870	0.1851	0.1893	0.1967	0.2087	0.2234	0.1491	0.1491	0.1513	0.1601	0.1781	0.2090	0.1104	0.1056	0.1034	0.1054	0.1142	0.1305	0.1685
2158	0.2229	0.2273	0.2213	0.2207	0.2082	0.2161	0.2196	0.2222	0.2253	0.1875	0.1857	0.1889	0.1965	0.2090	0.2230	0.1489	0.1483	0.1515	0.1598	0.1779	0.2088	0.1105	0.1057	0.1033	0.1059	0.1136	0.1304	0.1682
2159	0.2231	0.2272	0.2214	0.2206	0.2077	0.2159	0.2194	0.2220	0.2254	0.1874	0.1855	0.1880	0.1963	0.2096	0.2228	0.1491	0.1473	0.1514	0.1599	0.1780	0.2090	0.1105	0.1054	0.1033	0.1059	0.1133	0.1303	0.1678
2160	0.2233	0.2272	0.2218	0.2203	0.2072	0.2159	0.2195	0.2216	0.2253	0.1871	0.1850	0.1870	0.1961	0.2102	0.2230	0.1496	0.1463	0.1513	0.1602	0.1782	0.2091	0.1103	0.1053	0.1031	0.1057	0.1131	0.1301	0.1671
2161	0.2232	0.2272	0.2221	0.2200	0.2070	0.2159	0.2195	0.2214	0.2248	0.1870	0.1849	0.1864	0.1957	0.2106	0.2232	0.1502	0.1458	0.1508	0.1600	0.1781	0.2090	0.1103	0.1052	0.1028	0.1057	0.1129	0.1303	0.1668
2162	0.2230	0.2275	0.2219	0.2198	0.2073	0.2163	0.2195	0.2214	0.2240	0.1872	0.1850	0.1863	0.1954	0.2108	0.2236	0.1506	0.1459	0.1504	0.1595	0.1778	0.2089	0.1109	0.1052	0.1028	0.1061	0.1129	0.1304	0.1674
2163	0.2233	0.2276	0.2216	0.2194	0.2076	0.2170	0.2194	0.2213	0.2239	0.1876	0.1854	0.1866	0.1954	0.2104	0.2238	0.1509	0.1463	0.1502	0.1594	0.1774	0.2091	0.1112	0.1055	0.1027	0.1062	0.1129	0.1302	0.1679
2164	0.2237	0.2272	0.2211	0.2191	0.2079	0.2174	0.2192	0.2211	0.2248	0.1877	0.1861	0.1874	0.1959	0.2097	0.2236	0.1511	0.1469	0.1502	0.1593	0.1764	0.2095	0.1112	0.1055	0.1024	0.1061	0.1131	0.1300	0.1681
2165	0.2236	0.2271	0.2210	0.2192	0.2080	0.2173	0.2187	0.2212	0.2250	0.1879	0.1869	0.1879	0.1963	0.2089	0.2233	0.1513	0.1472	0.1504	0.1592	0.1758	0.2095	0.1113	0.1057	0.1022	0.1062	0.1129	0.1302	0.1683
2166	0.2232	0.2273	0.2213	0.2194	0.2075	0.2160	0.2183	0.2214	0.2241	0.1879	0.1873	0.1874	0.1969	0.2080	0.2230	0.1517	0.1474	0.1503	0.1590	0.1755	0.2093	0.1110	0.1058	0.1026	0.1067	0.1127	0.1305	0.1684
2167	0.2229	0.2272	0.2212	0.2195	0.2074	0.2149	0.2182	0.2216	0.2231	0.1873	0.1873	0.1872	0.1974	0.2075	0.2229	0.1518	0.1477	0.1504	0.1588	0.1750	0.2091	0.1109	0.1057	0.1027	0.1071	0.1129	0.1306	0.1683
2168	0.2229	0.2263	0.2209	0.2190	0.2076	0.2151	0.2186	0.2217	0.2223	0.1863	0.1870	0.1864	0.1972	0.2074	0.2221	0.1510	0.1474	0.1507	0.1589	0.1754	0.2093	0.1104	0.1055	0.1025	0.1065	0.1134	0.1305	0.1679
2169	0.2227	0.2256	0.2206	0.2185	0.2076	0.2153	0.2190	0.2215	0.2218	0.1853	0.1865	0.1855	0.1972	0.2074	0.2213	0.1502	0.1470	0.1510	0.1589	0.1758	0.2095	0.1099	0.1051	0.1026	0.1060	0.1140	0.1303	0.1675
2170	0.2224	0.2255	0.2198	0.2180	0.2076	0.2153	0.2187	0.2208	0.2221	0.1846	0.1857	0.1850	0.1967	0.2070	0.2211	0.1501	0.1470	0.1514	0.1588	0.1759	0.2091	0.1094	0.1049	0.1033	0.1054	0.1144	0.1298	0.1669
2171	0.2220	0.2253	0.2192	0.2176	0.2076	0.2152	0.2181	0.2201	0.2227	0.1842	0.1851	0.1848	0.1961	0.2065	0.2209	0.1500	0.1470	0.1518	0.1588	0.1760	0.2087	0.1089	0.1048	0.1039	0.1049	0.1146	0.1292	0.1663
2172	0.2215	0.2248	0.2190	0.2180	0.2072	0.2151	0.2177	0.2198	0.2235	0.1842	0.1844	0.1849	0.1957	0.2065	0.2206	0.1502	0.1468	0.1524	0.1587	0.1758	0.2080	0.1085	0.1049	0.1038	0.1050	0.1142	0.1286	0.1657
2173	0.2210	0.2242	0.2187	0.2185	0.2069	0.2150	0.2174	0.2195	0.2240	0.1844	0.1838	0.1850	0.1953	0.2067	0.2206	0.1504	0.1466	0.1530	0.1584	0.1754	0.2074	0.1082	0.1050	0.1036	0.1050	0.1136	0.1280	0.1653
2174	0.2207	0.2241	0.2190	0.2185	0.2068	0.2158	0.2175	0.2198	0.2240	0.1842	0.1840	0.1847	0.1947	0.2070	0.2202	0.1508	0.1463	0.1528	0.1580	0.1748	0.2076	0.1080	0.1048	0.1032	0.1048	0.1130	0.1278	0.1651
2175	0.2203	0.2240	0.2192	0.2182	0.2067	0.2166	0.2176	0.2201	0.2239	0.1840	0.1842	0.1843	0.1943	0.2073	0.2195	0.1511	0.1461	0.1524	0.1577	0.1742	0.2079	0.1078	0.1045	0.1030	0.1046	0.1124	0.1276	0.1648
2176	0.2198	0.2243	0.2188	0.2174	0.2063	0.2165	0.2173	0.2199	0.2234	0.1842	0.1841	0.1845	0.1944	0.2074	0.2190	0.1508	0.1459	0.1511	0.1575	0.1742	0.2071	0.1078	0.1047	0.1024	0.1038	0.1119	0.1281	0.1648
2177	0.2196	0.2248	0.2186	0.2162	0.2057	0.2161	0.2169	0.2194	0.2228	0.1847	0.1840	0.1849	0.1944	0.2072	0.2186	0.1502	0.1458	0.1495	0.1574	0.1743	0.2061	0.1078	0.1048	0.1018	0.1028	0.1114	0.1289	0.1648
2178	0.2196	0.2245	0.2189	0.2152	0.2049	0.2158	0.2169	0.2188	0.2226	0.1849	0.1837	0.1844	0.1943	0.2069	0.2189	0.1501	0.1456	0.1485	0.1576	0.1745	0.2049	0.1082	0.1046	0.1017	0.1025	0.1110	0.1287	0.1649
2179	0.2194	0.2238	0.2195	0.2144	0.2040	0.2155	0.2164	0.2184	0.2224	0.1847	0.1836	0.1838	0.1942	0.2067	0.2192	0.1502	0.1454	0.1476	0.1577	0.1749	0.2038	0.1088	0.1046	0.1019	0.1020	0.1103	0.1283	0.1655
2180	0.2197	0.2229	0.2198	0.2141	0.2037	0.2155	0.2157	0.2177	0.2223	0.1840	0.1834	0.1832	0.1937	0.2067	0.2194	0.1498	0.1457	0.1473	0.1580	0.1746	0.2040	0.1089	0.1042	0.1019	0.1018	0.1102	0.1282	0.1655
2181	0.2202	0.2218	0.2199	0.2142	0.2042	0.2153	0.2149	0.2168	0.2222	0.1833	0.1833	0.1829	0.1933	0.2067	0.2194	0.1491	0.1464	0.1474	0.1585	0.1738	0.2046	0.1088	0.1034	0.1014	0.1020	0.1104	0.1281	0.1652
2182	0.2200	0.2215	0.2194	0.2145	0.2044	0.2152	0.2138	0.2166	0.2218	0.1833	0.1832	0.1827	0.1933	0.2065	0.2194	0.1488	0.1461	0.1474	0.1588	0.1731	0.2051	0.1086	0.1030	0.1011	0.1025	0.1104	0.1281	0.1650
2183	0.2194	0.2218	0.2184	0.2147	0.2043	0.2153	0.2128	0.2165	0.2214	0.1834	0.1832	0.1824	0.1936	0.2062	0.2195	0.1483	0.1451	0.1476	0.1586	0.1725	0.2057	0.1084	0.1027	0.1010	0.1031	0.1103	0.1281	0.1649
2184	0.2193	0.2218	0.2176	0.2145	0.2044	0.2150	0.2121	0.2167	0.2213	0.1833	0.1831	0.1823	0.1935	0.2060	0.2197	0.1478	0.1445	0.1477	0.1579	0.1723	0.2058	0.1081	0.1022	0.1011	0.1033	0.1105	0.1281	0.1650
2185	0.2194	0.2219	0.2173	0.2139	0.2045	0.2141	0.2119	0.2171	0.2215	0.1831	0.1826	0.1822	0.1935	0.2060	0.2197	0.1480	0.1448	0.1477	0.1570	0.1727	0.2050	0.1080	0.1020	0.1011	0.1034	0.1108	0.1280	0.1652
2186	0.2192	0.2220	0.2171	0.2132	0.2044	0.2132	0.2119	0.2171	0.2215	0.1831	0.1823	0.1824	0.1935	0.2062	0.2193	0.1484	0.1451	0.1479	0.1563	0.1729	0.2045	0.1079	0.1018	0.1014	0.1036	0.1103	0.1280	0.1654
2187	0.2193	0.2224	0.2170	0.2125	0.2043	0.2127	0.2124	0.2171	0.2210	0.1832	0.1824	0.1828	0.1930	0.2065	0.2183	0.1488	0.1450	0.1484	0.1560	0.1725	0.2042	0.1074	0.1023	0.1013	0.1039	0.1092	0.1283	0.1651
2188	0.2193	0.2230	0.2168	0.2119	0.2041	0.2118	0.2128	0.2170	0.2204	0.1834	0.1823	0.1831	0.1923	0.2065	0.2173	0.1490	0.1446	0.1484	0.1560	0.1724	0.2036	0.1072	0.1026	0.1008	0.1039	0.1084	0.1284	0.1646
2189	0.2184	0.2231	0.2158	0.2120	0.2031	0.2110	0.2127	0.2167	0.2197	0.1835	0.1814	0.1832	0.1918	0.2057	0.2165	0.1491	0.1444	0.1476	0.1561	0.1730	0.2035	0.1075	0.1021	0.1004	0.1032	0.1086	0.1280	0.1646
2190	0.2177	0.2228	0.2146	0.2123	0.2018	0.2105	0.2127	0.2165	0.2195	0.1837	0.1809	0.1833	0.1913	0.2049	0.2162	0.1488	0.1441	0.1469	0.1560	0.1736	0.2038	0.1077	0.1017	0.1000	0.1026	0.1088	0.1275	0.1647
2191	0.2176	0.2225	0.2140	0.2131	0.2013	0.2106	0.2126	0.2162	0.2196	0.1834	0.1809	0.1830	0.1910	0.2041	0.2160	0.1481	0.1439	0.1466	0.1554	0.1735	0.2039	0.1077	0.1010	0.1003	0.1023	0.1090	0.1267	0.1649
2192	0.2175	0.2224	0.2136	0.2139	0.2012	0.2106	0.2127	0.2158	0.2196	0.1831	0.1809	0.1828	0.1908	0.2032	0.2159	0.1476	0.1440	0.1465	0.1550	0.1733	0.2039	0.1076	0.1006	0.1003	0.1021	0.1094	0.1258	0.1650
2193	0.2180	0.2228	0.2139	0.2140	0.2021	0.2103	0.2131	0.2162	0.2198	0.1830	0.1811	0.1833	0.1909	0.2019	0.2163	0.1471	0.1447	0.1464	0.1555	0.1721	0.2037	0.1074	0.1010	0.0997	0.1021	0.1094	0.1256	0.1648
2194	0.2186	0.2232	0.2142	0.2142	0.2028	0.2099	0.2134	0.2167	0.2200	0.1830	0.1813	0.1836	0.1909	0.2007	0.2168	0.1466	0.1453	0.1465	0.1561	0.1709	0.2034	0.1072	0.1015	0.0993	0.1020	0.1094	0.1256	0.1645
2195	0.2186	0.2225	0.2137	0.2139	0.2027	0.2094	0.2135	0.2169	0.2197	0.1826	0.1806	0.1827	0.1909	0.2001	0.2174	0.1462	0.1454	0.1470	0.1563	0.1707	0.2034	0.1071	0.1019	0.0993	0.1016	0.1094	0.1262	0.1642
2196	0.2185	0.2214	0.2131	0.2135	0.2027	0.2091	0.2135	0.2171	0.2194	0.1820	0.1797	0.1818	0.1908	0.1996	0.2180	0.1459	0.1452	0.1474	0.1563	0.1706	0.2033	0.1067	0.1022	0.0992	0.1013	0.1092	0.1268	0.1638
2197	0.2186	0.2206	0.2128	0.2134	0.2027	0.2089	0.2122	0.2168	0.2185	0.1814	0.1794	0.1817	0.1903	0.1995	0.2174	0.1459	0.1446	0.1470	0.1561	0.1704	0.2027	0.1063	0.1022	0.0992	0.1014	0.1085	0.1264	0.1638
2198	0.2188	0.2200	0.2125	0.2132	0.2025	0.2086	0.2108	0.2159	0.2174	0.1810	0.1793	0.1816	0.1899	0.1996	0.2169	0.1459	0.1443	0.1465	0.1558	0.1701	0.2022	0.1060	0.1025	0.0992	0.1017	0.1080	0.1257	0.1640
2199	0.2187	0.2198	0.2124	0.2124	0.2024	0.2085	0.2104	0.2150	0.2170	0.1812	0.1794	0.1815	0.1902	0.1999	0.2164	0.1456	0.1441	0.1467	0.1555	0.1701	0.2025	0.1056	0.1024	0.0995	0.1019	0.1079	0.1254	0.1638
2200	0.2184	0.2198	0.2125	0.2114	0.2025	0.2086	0.2099	0.2145	0.2170	0.1812	0.1794	0.1813	0.1907	0.2001	0.2158	0.1454	0.1437	0.1473	0.1550	0.1703	0.2029	0.1054	0.1021	0.1001	0.1021	0.1081	0.1254	0.1634
2201	0.2177	0.2193	0.2125	0.2108	0.2025	0.2091	0.2099	0.2145	0.2169	0.1816	0.1796	0.1812	0.1911	0.2004	0.2159	0.1451	0.1437	0.1471	0.1549	0.1703	0.2033	0.1054	0.1021	0.1010	0.1027	0.1086	0.1257	0.1635
2202	0.2164	0.2189	0.2126	0.2108	0.2024	0.2096	0.2103	0.2146	0.2169	0.1819	0.1798	0.1810	0.1915	0.2007	0.2158	0.1449	0.1435	0.1468	0.1548	0.1703	0.2038	0.1052	0.1021	0.1019	0.1031	0.1089	0.1257	0.1638
2203	0.2161	0.2187	0.2132	0.2111	0.2023	0.2103	0.2110	0.2143	0.2166	0.1817	0.1799	0.1805	0.1918	0.2009	0.2165	0.1451	0.1434	0.1462	0.1546	0.1708	0.2041	0.1052	0.1021	0.1019	0.1035	0.1095	0.1256	0.1636
2204	0.2165	0.2182	0.2145	0.2117	0.2021	0.2103	0.2119	0.2141	0.2162	0.1815	0.1800	0.1801	0.1920	0.2013	0.2177	0.1456	0.1440	0.1454	0.1544	0.1714	0.2044	0.1052	0.1019	0.1015	0.1037	0.1101	0.1258	0.1634
2205	0.2165	0.2190	0.2158	0.2123	0.2023	0.2109	0.2127	0.2143	0.2164	0.1812	0.1799	0.1802	0.1922	0.2018	0.2180	0.1461	0.1445	0.1457	0.1547	0.1720	0.2048	0.1051	0.1011	0.1008	0.1040	0.1105	0.1254	0.1635
2206	0.2168	0.2206	0.2166	0.2125	0.2028	0.2122	0.2133	0.2147	0.2166	0.1811	0.1798	0.1810	0.1926	0.2022	0.2177	0.1463	0.1446	0.1468	0.1556	0.1728	0.2054	0.1052	0.1011	0.1003	0.1048	0.1106	0.1245	0.1630
2207	0.2170	0.2215	0.2171	0.2132	0.2032	0.2127	0.2135	0.2152	0.2168	0.1815	0.1802	0.1823	0.1926	0.2028	0.2175	0.1464	0.1449	0.1474	0.1564	0.1730	0.2060	0.1054	0.1015	0.1002	0.1053	0.1108	0.1244	0.1626
2208	0.2178	0.2219	0.2172	0.2142	0.2032	0.2123	0.2132	0.2155	0.2175	0.1820	0.1809	0.1836	0.1925	0.2039	0.2172	0.1468	0.1455	0.1470	0.1572	0.1727	0.2065	0.1055	0.1018	0.1001	0.1058	0.1114	0.1256	0.1631
2209	0.2182	0.2225	0.2168	0.2151	0.2031	0.2122	0.2132	0.2157	0.2184	0.1826	0.1821	0.1847	0.1925	0.2046	0.2172	0.1468	0.1454	0.1469	0.1577	0.1729	0.2066	0.1063	0.1025	0.0998	0.1057	0.1118	0.1268	0.1632
2210	0.2179	0.2234	0.2164	0.2164	0.2033	0.2126	0.2139	0.2159	0.2192	0.1832	0.1834	0.1854	0.1922	0.2044	0.2173	0.1464	0.1447	0.1473	0.1579	0.1736	0.2058	0.1074	0.1032	0.0996	0.1052	0.1122	0.1275	0.1632
2211	0.2180	0.2243	0.2169	0.2174	0.2039	0.2128	0.2142	0.2165	0.2200	0.1837	0.1837	0.1855	0.1920	0.2048	0.2178	0.1471	0.1446	0.1476	0.1577	0.1742	0.2052	0.1080	0.1035	0.0995	0.1051	0.1126	0.1279	0.1634
2212	0.2186	0.2246	0.2184	0.2178	0.2048	0.2134	0.2148	0.2176	0.2208	0.1838	0.1833	0.1856	0.1917	0.2054	0.2191	0.1490	0.1447	0.1479	0.1571	0.1738	0.2054	0.1083	0.1034	0.1005	0.1053	0.1122	0.1275	0.1633
2213	0.2195	0.2251	0.2197	0.2186	0.2055	0.2143	0.2158	0.2185	0.2213	0.1842	0.1833	0.1859	0.1915	0.2060	0.2205	0.1508	0.1446	0.1484	0.1565	0.1736	0.2053	0.1087	0.1031	0.1017	0.1055	0.1121	0.1276	0.1633
2214	0.2201	0.2253	0.2204	0.2192	0.2058	0.2151	0.2167	0.2190	0.2220	0.1852	0.1839	0.1861	0.1920	0.2064	0.2212	0.1519	0.1448	0.1490	0.1566	0.1744	0.2058	0.1095	0.1028	0.1020	0.1058	0.1123	0.1280	0.1636
2215	0.2206	0.2250	0.2206	0.2199	0.2064	0.2158	0.2175	0.2196	0.2225	0.1860	0.1846	0.1863	0.1926	0.2068	0.2215	0.1526	0.1449	0.1495	0.1568	0.1750	0.2062	0.1102	0.1028	0.1026	0.1062	0.1122	0.1285	0.1639
2216	0.2218	0.2251	0.2204	0.2206	0.2072	0.2158	0.2180	0.2208	0.2227	0.1867	0.1857	0.1866	0.1939	0.2077	0.2210	0.1526	0.1458	0.1493	0.1566	0.1750	0.2058	0.1105	0.1030	0.1035	0.1074	0.1116	0.1299	0.1643
2217	0.2229	0.2255	0.2201	0.2210	0.2078	0.2159	0.2183	0.2217	0.2229	0.1874	0.1866	0.1870	0.1951	0.2085	0.2207	0.1526	0.1468	0.1489	0.1568	0.1750	0.2057	0.1107	0.1032	0.1041	0.1083	0.1112	0.1311	0.1647
2218	0.2238	0.2264	0.2191	0.2209	0.2083	0.2162	0.2185	0.2218	0.2225	0.1880	0.1863	0.1867	0.1955	0.2083	0.2212	0.1520	0.1476	0.1491	0.1581	0.1749	0.2062	0.1112	0.1032	0.1049	0.1085	0.1116	0.1313	0.1649
2219	0.2248	0.2273	0.2185	0.2208	0.2088	0.2165	0.2188	0.2220	0.2220	0.1885	0.1857	0.1863	0.1956	0.2081	0.2219	0.1513	0.1482	0.1495	0.1589	0.1746	0.2067	0.1116	0.1032	0.1054	0.1085	0.1122	0.1315	0.1650
2220	0.2248	0.2276	0.2188	0.2202	0.2092	0.2170	0.2187	0.2217	0.2218	0.1885	0.1852	0.1859	0.1946	0.2078	0.2224	0.1514	0.1478	0.1502	0.1590	0.1741	0.2071	0.1113	0.1037	0.1049	0.1078	0.1125	0.1314	0.1646
2221	0.2243	0.2278	0.2192	0.2197	0.2096	0.2175	0.2184	0.2215	0.2217	0.1884	0.1849	0.1855	0.1935	0.2074	0.2228	0.1516	0.1471	0.1510	0.1591	0.1739	0.2076	0.1109	0.1043	0.1042	0.1071	0.1128	0.1310	0.1643
2222	0.2237	0.2281	0.2197	0.2201	0.2097	0.2180	0.2185	0.2219	0.2220	0.1879	0.1857	0.1862	0.1932	0.2075	0.2231	0.1507	0.1466	0.1515	0.1585	0.1742	0.2080	0.1107	0.1044	0.1031	0.1069	0.1134	0.1311	0.1648
2223	0.2231	0.2281	0.2202	0.2205	0.2097	0.2181	0.2188	0.2220	0.2226	0.1871	0.1865	0.1873	0.1931	0.2078	0.2233	0.1498	0.1462	0.1517	0.1578	0.1746	0.2082	0.1106	0.1044	0.1024	0.1066	0.1138	0.1316	0.1655
2224	0.2233	0.2273	0.2210	0.2208	0.2098	0.2176	0.2185	0.2212	0.2237	0.1868	0.1873	0.1874	0.1931	0.2077	0.2231	0.1500	0.1467	0.1516	0.1574	0.1751	0.2072	0.1105	0.1041	0.1021	0.1060	0.1134	0.1318	0.1654
2225	0.2237	0.2262	0.2218	0.2211	0.2096	0.2172	0.2178	0.2206	0.2247	0.1867	0.1881	0.1872	0.1929	0.2075	0.2230	0.1505	0.1474	0.1512	0.1572	0.1757	0.2061	0.1105	0.1036	0.1018	0.1055	0.1132	0.1316	0.1651
2226	0.2238	0.2258	0.2224	0.2203	0.2087	0.2171	0.2171	0.2205	0.2251	0.1867	0.1879	0.1868	0.1935	0.2066	0.2232	0.1511	0.1480	0.1511	0.1580	0.1755	0.2054	0.1095	0.1035	0.1022	0.1055	0.1136	0.1313	0.1653
2227	0.2239	0.2255	0.2231	0.2193	0.2081	0.2174	0.2166	0.2203	0.2255	0.1869	0.1875	0.1861	0.1946	0.2058	0.2234	0.1519	0.1483	0.1515	0.1590	0.1751	0.2051	0.1084	0.1033	0.1024	0.1055	0.1143	0.1311	0.1655
2228	0.2242	0.2249	0.2232	0.2185	0.2080	0.2171	0.2171	0.2207	0.2254	0.1876	0.1872	0.1860	0.1943	0.2057	0.2233	0.1518	0.1479	0.1520	0.1592	0.1758	0.2046	0.1083	0.1029	0.1025	0.1052	0.1143	0.1303	0.1654
2229	0.2245	0.2243	0.2231	0.2179	0.2080	0.2163	0.2178	0.2215	0.2251	0.1880	0.1870	0.1863	0.1937	0.2055	0.2230	0.1516	0.1477	0.1524	0.1590	0.1765	0.2040	0.1086	0.1028	0.1028	0.1053	0.1141	0.1298	0.1652
2230	0.2240	0.2245	0.2224	0.2183	0.2080	0.2157	0.2175	0.2220	0.2252	0.1879	0.1867	0.1865	0.1943	0.2059	0.2227	0.1515	0.1485	0.1526	0.1584	0.1766	0.2039	0.1088	0.1030	0.1037	0.1059	0.1135	0.1295	0.1646
2231	0.2236	0.2252	0.2216	0.2192	0.2078	0.2152	0.2169	0.2226	0.2259	0.1878	0.1865	0.1865	0.1953	0.2066	0.2225	0.1512	0.1495	0.1529	0.1579	0.1766	0.2039	0.1091	0.1033	0.1050	0.1070	0.1127	0.1290	0.1643
2232	0.2238	0.2260	0.2216	0.2200	0.2076	0.2156	0.2165	0.2230	0.2270	0.1881	0.1863	0.1867	0.1962	0.2073	0.2223	0.1506	0.1504	0.1530	0.1578	0.1761	0.2040	0.1097	0.1038	0.1052	0.1082	0.1120	0.1289	0.1642
2233	0.2241	0.2264	0.2220	0.2202	0.2080	0.2162	0.2163	0.2226	0.2275	0.1878	0.1860	0.1867	0.1969	0.2080	0.2220	0.1500	0.1507	0.1531	0.1578	0.1755	0.2042	0.1104	0.1045	0.1048	0.1092	0.1112	0.1291	0.1642
2234	0.2245	0.2267	0.2217	0.2204	0.2076	0.2162	0.2164	0.2219	0.2272	0.1874	0.1859	0.1867	0.1977	0.2082	0.2215	0.1497	0.1505	0.1526	0.1584	0.1748	0.2046	0.1105	0.1049	0.1046	0.1093	0.1113	0.1290	0.1641
2235	0.2248	0.2268	0.2206	0.2200	0.2066	0.2159	0.2167	0.2211	0.2263	0.1879	0.1859	0.1871	0.1979	0.2080	0.2208	0.1498	0.1498	0.1513	0.1591	0.1738	0.2052	0.1100	0.1051	0.1044	0.1081	0.1121	0.1283	0.1638
2236	0.2248	0.2261	0.2193	0.2198	0.2064	0.2162	0.2174	0.2202	0.2252	0.1878	0.1859	0.1876	0.1979	0.2079	0.2201	0.1505	0.1494	0.1501	0.1592	0.1732	0.2057	0.1098	0.1051	0.1042	0.1072	0.1121	0.1278	0.1637
2237	0.2247	0.2250	0.2180	0.2201	0.2061	0.2169	0.2178	0.2193	0.2246	0.1871	0.1857	0.1879	0.1983	0.2077	0.2194	0.1517	0.1491	0.1497	0.1596	0.1731	0.2063	0.1101	0.1050	0.1040	0.1064	0.1118	0.1276	0.1631
2238	0.2249	0.2238	0.2169	0.2202	0.2060	0.2171	0.2178	0.2189	0.2239	0.1866	0.1856	0.1881	0.1979	0.2070	0.2187	0.1522	0.1486	0.1495	0.1598	0.1732	0.2063	0.1104	0.1050	0.1036	0.1056	0.1119	0.1271	0.1625
2239	0.2248	0.2234	0.2168	0.2209	0.2066	0.2170	0.2178	0.2190	0.2231	0.1860	0.1857	0.1875	0.1965	0.2055	0.2181	0.1517	0.1481	0.1495	0.1607	0.1735	0.2059	0.1104	0.1049	0.1034	0.1048	0.1113	0.1264	0.1623
2240	0.2244	0.2233	0.2171	0.2209	0.2069	0.2166	0.2181	0.2188	0.2221	0.1853	0.1856	0.1866	0.1950	0.2043	0.2173	0.1513	0.1476	0.1497	0.1615	0.1737	0.2054	0.1101	0.1045	0.1029	0.1042	0.1109	0.1260	0.1623
2241	0.2236	0.2236	0.2177	0.2197	0.2070	0.2154	0.2190	0.2186	0.2208	0.1846	0.1860	0.1861	0.1934	0.2038	0.2171	0.1508	0.1481	0.1495	0.1610	0.1739	0.2047	0.1093	0.1041	0.1025	0.1045	0.1109	0.1254	0.1626
2242	0.2229	0.2240	0.2183	0.2185	0.2072	0.2144	0.2196	0.2187	0.2199	0.1838	0.1866	0.1860	0.1923	0.2035	0.2172	0.1501	0.1485	0.1493	0.1601	0.1739	0.2045	0.1092	0.1040	0.1022	0.1045	0.1108	0.1251	0.1630
2243	0.2226	0.2241	0.2183	0.2176	0.2074	0.2147	0.2192	0.2190	0.2204	0.1835	0.1867	0.1872	0.1925	0.2034	0.2178	0.1498	0.1479	0.1489	0.1589	0.1745	0.2043	0.1101	0.1037	0.1020	0.1045	0.1114	0.1259	0.1638
2244	0.2222	0.2240	0.2179	0.2171	0.2076	0.2152	0.2187	0.2194	0.2211	0.1834	0.1868	0.1879	0.1927	0.2035	0.2183	0.1496	0.1473	0.1484	0.1582	0.1751	0.2038	0.1106	0.1035	0.1018	0.1045	0.1118	0.1264	0.1645
2245	0.2220	0.2238	0.2179	0.2174	0.2073	0.2150	0.2178	0.2200	0.2220	0.1837	0.1868	0.1873	0.1931	0.2044	0.2179	0.1493	0.1466	0.1485	0.1581	0.1752	0.2033	0.1105	0.1036	0.1014	0.1047	0.1119	0.1265	0.1649
2246	0.2218	0.2236	0.2181	0.2176	0.2067	0.2146	0.2170	0.2205	0.2228	0.1842	0.1867	0.1867	0.1933	0.2052	0.2176	0.1495	0.1462	0.1485	0.1578	0.1753	0.2029	0.1103	0.1036	0.1011	0.1048	0.1120	0.1268	0.1655
2247	0.2219	0.2234	0.2184	0.2172	0.2060	0.2140	0.2163	0.2207	0.2223	0.1845	0.1859	0.1864	0.1934	0.2052	0.2182	0.1510	0.1461	0.1482	0.1572	0.1749	0.2032	0.1091	0.1036	0.1014	0.1041	0.1122	0.1276	0.1655
2248	0.2221	0.2233	0.2187	0.2169	0.2053	0.2132	0.2158	0.2209	0.2219	0.1845	0.1851	0.1863	0.1938	0.2052	0.2189	0.1524	0.1463	0.1481	0.1566	0.1743	0.2038	0.1081	0.1037	0.1018	0.1036	0.1122	0.1283	0.1653
2249	0.2220	0.2238	0.2188	0.2169	0.2051	0.2123	0.2157	0.2205	0.2217	0.1843	0.1844	0.1864	0.1938	0.2050	0.2191	0.1525	0.1464	0.1481	0.1563	0.1736	0.2042	0.1082	0.1038	0.1022	0.1038	0.1116	0.1289	0.1648
2250	0.2217	0.2243	0.2187	0.2169	0.2052	0.2117	0.2157	0.2201	0.2215	0.1841	0.1838	0.1865	0.1937	0.2049	0.2193	0.1524	0.1463	0.1482	0.1561	0.1730	0.2044	0.1084	0.1037	0.1025	0.1040	0.1111	0.1291	0.1641
2251	0.2211	0.2241	0.2183	0.2169	0.2050	0.2124	0.2163	0.2197	0.2211	0.1839	0.1838	0.1862	0.1939	0.2053	0.2189	0.1519	0.1456	0.1485	0.1559	0.1723	0.2040	0.1090	0.1031	0.1020	0.1041	0.1110	0.1277	0.1640
2252	0.2204	0.2235	0.2178	0.2169	0.2047	0.2132	0.2169	0.2194	0.2209	0.1837	0.1838	0.1859	0.1941	0.2059	0.2183	0.1514	0.1448	0.1486	0.1557	0.1716	0.2035	0.1099	0.1025	0.1012	0.1047	0.1109	0.1260	0.1640
2253	0.2198	0.2231	0.2172	0.2172	0.2048	0.2133	0.2164	0.2189	0.2210	0.1834	0.1839	0.1849	0.1936	0.2065	0.2178	0.1516	0.1446	0.1493	0.1565	0.1718	0.2027	0.1105	0.1024	0.1007	0.1057	0.1107	0.1261	0.1639
2254	0.2193	0.2230	0.2167	0.2177	0.2050	0.2133	0.2158	0.2184	0.2212	0.1829	0.1843	0.1839	0.1930	0.2069	0.2173	0.1521	0.1449	0.1503	0.1574	0.1725	0.2020	0.1108	0.1023	0.1006	0.1065	0.1104	0.1270	0.1636
2255	0.2194	0.2221	0.2165	0.2171	0.2051	0.2139	0.2151	0.2180	0.2211	0.1826	0.1839	0.1832	0.1921	0.2065	0.2172	0.1525	0.1452	0.1500	0.1580	0.1731	0.2017	0.1107	0.1024	0.1011	0.1061	0.1108	0.1276	0.1627
2256	0.2198	0.2210	0.2162	0.2164	0.2050	0.2146	0.2142	0.2179	0.2209	0.1825	0.1833	0.1826	0.1912	0.2060	0.2171	0.1528	0.1454	0.1493	0.1587	0.1742	0.2014	0.1106	0.1028	0.1016	0.1054	0.1116	0.1278	0.1616
2257	0.2202	0.2209	0.2158	0.2162	0.2054	0.2148	0.2137	0.2178	0.2206	0.1822	0.1835	0.1829	0.1920	0.2053	0.2167	0.1525	0.1454	0.1490	0.1585	0.1745	0.2015	0.1097	0.1032	0.1017	0.1049	0.1118	0.1283	0.1610
2258	0.2205	0.2212	0.2151	0.2161	0.2056	0.2148	0.2132	0.2173	0.2203	0.1820	0.1841	0.1832	0.1938	0.2044	0.2164	0.1521	0.1453	0.1490	0.1580	0.1741	0.2016	0.1085	0.1036	0.1014	0.1043	0.1117	0.1287	0.1604
2259	0.2209	0.2214	0.2141	0.2165	0.2051	0.2144	0.2135	0.2167	0.2197	0.1823	0.1847	0.1838	0.1948	0.2038	0.2171	0.1513	0.1448	0.1486	0.1575	0.1739	0.2015	0.1083	0.1037	0.1013	0.1042	0.1114	0.1286	0.1602
2260	0.2211	0.2217	0.2136	0.2173	0.2053	0.2138	0.2139	0.2160	0.2194	0.1829	0.1853	0.1843	0.1952	0.2037	0.2182	0.1504	0.1445	0.1483	0.1570	0.1734	0.2013	0.1083	0.1037	0.1016	0.1043	0.1111	0.1287	0.1604
2261	0.2208	0.2224	0.2137	0.2166	0.2049	0.2126	0.2135	0.2154	0.2194	0.1835	0.1852	0.1840	0.1941	0.2034	0.2181	0.1509	0.1443	0.1485	0.1570	0.1727	0.2009	0.1086	0.1038	0.1018	0.1042	0.1109	0.1282	0.1608
2262	0.2203	0.2235	0.2138	0.2152	0.2044	0.2117	0.2131	0.2151	0.2192	0.1836	0.1844	0.1832	0.1922	0.2030	0.2177	0.1518	0.1442	0.1484	0.1575	0.1717	0.2004	0.1085	0.1036	0.1019	0.1039	0.1107	0.1279	0.1618
2263	0.2201	0.2236	0.2137	0.2145	0.2047	0.2115	0.2121	0.2147	0.2196	0.1830	0.1836	0.1826	0.1911	0.2027	0.2171	0.1517	0.1446	0.1482	0.1573	0.1706	0.2005	0.1078	0.1038	0.1014	0.1032	0.1107	0.1272	0.1630
2264	0.2203	0.2232	0.2137	0.2140	0.2048	0.2110	0.2105	0.2146	0.2202	0.1822	0.1832	0.1825	0.1906	0.2028	0.2168	0.1506	0.1449	0.1479	0.1567	0.1700	0.2013	0.1072	0.1045	0.1006	0.1020	0.1102	0.1261	0.1634
2265	0.2199	0.2221	0.2139	0.2139	0.2048	0.2102	0.2100	0.2150	0.2208	0.1819	0.1824	0.1825	0.1900	0.2027	0.2169	0.1493	0.1445	0.1479	0.1561	0.1697	0.2020	0.1063	0.1039	0.1001	0.1010	0.1100	0.1259	0.1634
2266	0.2188	0.2204	0.2143	0.2149	0.2045	0.2096	0.2109	0.2153	0.2212	0.1819	0.1820	0.1824	0.1892	0.2023	0.2171	0.1478	0.1442	0.1478	0.1556	0.1691	0.2024	0.1060	0.1029	0.0998	0.1017	0.1104	0.1263	0.1632
2267	0.2176	0.2198	0.2143	0.2153	0.2039	0.2092	0.2118	0.2158	0.2212	0.1819	0.1819	0.1815	0.1892	0.2019	0.2167	0.1473	0.1438	0.1474	0.1551	0.1690	0.2023	0.1063	0.1020	0.0996	0.1022	0.1107	0.1262	0.1631
2268	0.2163	0.2201	0.2137	0.2149	0.2037	0.2090	0.2116	0.2162	0.2206	0.1820	0.1813	0.1804	0.1899	0.2017	0.2161	0.1476	0.1430	0.1466	0.1549	0.1694	0.2022	0.1072	0.1009	0.0996	0.1022	0.1106	0.1261	0.1631
2269	0.2155	0.2200	0.2137	0.2142	0.2036	0.2093	0.2120	0.2166	0.2201	0.1822	0.1804	0.1799	0.1903	0.2015	0.2158	0.1473	0.1426	0.1455	0.1550	0.1701	0.2023	0.1076	0.1007	0.1000	0.1021	0.1104	0.1264	0.1624
2270	0.2155	0.2191	0.2138	0.2135	0.2036	0.2104	0.2130	0.2165	0.2193	0.1822	0.1797	0.1793	0.1899	0.2010	0.2157	0.1465	0.1426	0.1442	0.1550	0.1709	0.2028	0.1075	0.1012	0.0999	0.1012	0.1106	0.1267	0.1610
2271	0.2158	0.2183	0.2135	0.2131	0.2034	0.2114	0.2127	0.2162	0.2186	0.1820	0.1795	0.1787	0.1895	0.2008	0.2156	0.1460	0.1425	0.1431	0.1549	0.1710	0.2027	0.1070	0.1012	0.0995	0.1006	0.1101	0.1267	0.1599
2272	0.2163	0.2176	0.2129	0.2128	0.2028	0.2111	0.2111	0.2153	0.2186	0.1823	0.1794	0.1782	0.1894	0.2012	0.2149	0.1456	0.1423	0.1428	0.1550	0.1693	0.2014	0.1064	0.1012	0.0992	0.1010	0.1088	0.1257	0.1589
2273	0.2165	0.2169	0.2121	0.2121	0.2024	0.2105	0.2102	0.2141	0.2186	0.1824	0.1791	0.1781	0.1892	0.2015	0.2143	0.1451	0.1423	0.1424	0.1547	0.1678	0.2008	0.1064	0.1006	0.0990	0.1015	0.1077	0.1247	0.1582
2274	0.2164	0.2173	0.2118	0.2111	0.2017	0.2101	0.2105	0.2130	0.2186	0.1818	0.1792	0.1792	0.1883	0.2008	0.2141	0.1454	0.1423	0.1427	0.1541	0.1676	0.2003	0.1065	0.1001	0.0988	0.1017	0.1071	0.1248	0.1585
2275	0.2162	0.2176	0.2115	0.2108	0.2008	0.2095	0.2108	0.2124	0.2186	0.1812	0.1795	0.1801	0.1877	0.2004	0.2141	0.1458	0.1425	0.1432	0.1536	0.1680	0.1997	0.1067	0.1000	0.0988	0.1018	0.1067	0.1250	0.1589
2276	0.2162	0.2181	0.2112	0.2107	0.2009	0.2089	0.2109	0.2127	0.2179	0.1809	0.1791	0.1809	0.1878	0.2000	0.2141	0.1473	0.1428	0.1439	0.1532	0.1685	0.1994	0.1067	0.0997	0.0991	0.1013	0.1070	0.1244	0.1595
2277	0.2162	0.2182	0.2108	0.2100	0.2006	0.2079	0.2106	0.2129	0.2169	0.1805	0.1786	0.1814	0.1876	0.1997	0.2137	0.1482	0.1427	0.1442	0.1528	0.1685	0.1992	0.1066	0.0995	0.0991	0.1008	0.1072	0.1238	0.1599
2278	0.2157	0.2168	0.2106	0.2079	0.1998	0.2073	0.2089	0.2130	0.2156	0.1786	0.1781	0.1800	0.1873	0.2001	0.2135	0.1472	0.1419	0.1440	0.1525	0.1688	0.1995	0.1061	0.0986	0.0989	0.1003	0.1074	0.1229	0.1603
2279	0.2150	0.2158	0.2102	0.2060	0.1993	0.2070	0.2072	0.2130	0.2146	0.1772	0.1777	0.1789	0.1874	0.2002	0.2135	0.1463	0.1408	0.1441	0.1523	0.1690	0.1996	0.1056	0.0977	0.0985	0.1000	0.1076	0.1225	0.1608
2280	0.2148	0.2157	0.2097	0.2064	0.1989	0.2069	0.2068	0.2126	0.2145	0.1777	0.1777	0.1786	0.1880	0.1995	0.2133	0.1453	0.1397	0.1437	0.1525	0.1680	0.1993	0.1045	0.0982	0.0985	0.1002	0.1068	0.1225	0.1604
2281	0.2146	0.2154	0.2094	0.2072	0.1985	0.2069	0.2065	0.2122	0.2144	0.1781	0.1777	0.1781	0.1886	0.1988	0.2131	0.1441	0.1390	0.1432	0.1525	0.1670	0.1987	0.1037	0.0986	0.0988	0.1003	0.1060	0.1224	0.1599
2282	0.2142	0.2149	0.2092	0.2084	0.1981	0.2070	0.2060	0.2114	0.2138	0.1780	0.1775	0.1770	0.1889	0.1981	0.2123	0.1433	0.1394	0.1425	0.1518	0.1665	0.1979	0.1040	0.0990	0.0991	0.1000	0.1063	0.1218	0.1595
2283	0.2138	0.2144	0.2089	0.2094	0.1978	0.2070	0.2054	0.2106	0.2131	0.1776	0.1772	0.1760	0.1888	0.1974	0.2113	0.1428	0.1399	0.1415	0.1513	0.1657	0.1973	0.1045	0.0997	0.0993	0.0996	0.1066	0.1212	0.1591
2284	0.2133	0.2135	0.2092	0.2095	0.1970	0.2065	0.2048	0.2101	0.2128	0.1766	0.1766	0.1756	0.1878	0.1973	0.2103	0.1422	0.1400	0.1398	0.1510	0.1645	0.1966	0.1048	0.1006	0.0997	0.0994	0.1065	0.1218	0.1585
2285	0.2129	0.2126	0.2097	0.2095	0.1962	0.2061	0.2042	0.2094	0.2124	0.1757	0.1761	0.1755	0.1867	0.1974	0.2093	0.1417	0.1399	0.1383	0.1508	0.1634	0.1961	0.1050	0.1014	0.1001	0.0993	0.1063	0.1227	0.1580
2286	0.2131	0.2124	0.2095	0.2096	0.1966	0.2054	0.2045	0.2083	0.2120	0.1754	0.1762	0.1758	0.1865	0.1972	0.2084	0.1423	0.1398	0.1379	0.1505	0.1630	0.1969	0.1052	0.1020	0.0996	0.0997	0.1061	0.1232	0.1574
2287	0.2133	0.2122	0.2089	0.2096	0.1968	0.2046	0.2049	0.2076	0.2117	0.1751	0.1763	0.1760	0.1862	0.1967	0.2078	0.1432	0.1399	0.1378	0.1498	0.1630	0.1979	0.1054	0.1024	0.0991	0.1004	0.1057	0.1236	0.1568
2288	0.2122	0.2124	0.2081	0.2084	0.1957	0.2041	0.2050	0.2069	0.2118	0.1752	0.1763	0.1756	0.1849	0.1953	0.2079	0.1438	0.1397	0.1379	0.1498	0.1633	0.1982	0.1052	0.1017	0.0986	0.1005	0.1046	0.1232	0.1568
2289	0.2111	0.2126	0.2073	0.2069	0.1948	0.2039	0.2052	0.2061	0.2119	0.1756	0.1762	0.1753	0.1835	0.1940	0.2081	0.1443	0.1392	0.1379	0.1501	0.1635	0.1986	0.1048	0.1007	0.0979	0.1005	0.1037	0.1226	0.1567
2290	0.2108	0.2130	0.2052	0.2064	0.1944	0.2034	0.2049	0.2063	0.2116	0.1758	0.1755	0.1752	0.1825	0.1930	0.2081	0.1435	0.1387	0.1389	0.1494	0.1638	0.1981	0.1048	0.1003	0.0977	0.0998	0.1032	0.1219	0.1557
2291	0.2104	0.2134	0.2029	0.2063	0.1941	0.2030	0.2043	0.2066	0.2113	0.1759	0.1748	0.1751	0.1817	0.1921	0.2079	0.1425	0.1384	0.1403	0.1484	0.1642	0.1975	0.1047	0.1002	0.0976	0.0987	0.1025	0.1214	0.1543
2292	0.2099	0.2135	0.2020	0.2069	0.1943	0.2029	0.2038	0.2064	0.2109	0.1754	0.1746	0.1751	0.1818	0.1925	0.2082	0.1423	0.1380	0.1409	0.1475	0.1643	0.1968	0.1045	0.1000	0.0976	0.0986	0.1029	0.1209	0.1541
2293	0.2095	0.2133	0.2015	0.2076	0.1947	0.2029	0.2033	0.2061	0.2104	0.1748	0.1743	0.1750	0.1819	0.1930	0.2081	0.1422	0.1370	0.1413	0.1469	0.1645	0.1962	0.1045	0.0997	0.0978	0.0990	0.1037	0.1201	0.1546
2294	0.2097	0.2128	0.2013	0.2073	0.1940	0.2025	0.2030	0.2064	0.2093	0.1744	0.1735	0.1743	0.1813	0.1938	0.2074	0.1421	0.1367	0.1415	0.1465	0.1647	0.1959	0.1040	0.0993	0.0976	0.0999	0.1041	0.1194	0.1547
2295	0.2100	0.2122	0.2008	0.2068	0.1928	0.2018	0.2026	0.2068	0.2083	0.1743	0.1725	0.1734	0.1806	0.1947	0.2070	0.1421	0.1371	0.1416	0.1462	0.1646	0.1955	0.1032	0.0987	0.0975	0.1010	0.1043	0.1188	0.1543
2296	0.2095	0.2119	0.2005	0.2055	0.1919	0.2004	0.2021	0.2064	0.2078	0.1739	0.1713	0.1723	0.1798	0.1946	0.2061	0.1414	0.1382	0.1402	0.1460	0.1637	0.1945	0.1027	0.0978	0.0969	0.1006	0.1040	0.1195	0.1545
2297	0.2083	0.2122	0.2007	0.2040	0.1914	0.1992	0.2013	0.2056	0.2079	0.1736	0.1701	0.1712	0.1788	0.1938	0.2055	0.1406	0.1389	0.1385	0.1458	0.1627	0.1933	0.1022	0.0968	0.0965	0.0997	0.1033	0.1211	0.1542
2298	0.2077	0.2120	0.2005	0.2033	0.1911	0.1987	0.2008	0.2053	0.2086	0.1733	0.1699	0.1705	0.1781	0.1929	0.2058	0.1395	0.1386	0.1379	0.1458	0.1617	0.1925	0.1013	0.0957	0.0960	0.0981	0.1029	0.1222	0.1539
2299	0.2074	0.2111	0.2004	0.2026	0.1903	0.1982	0.2011	0.2050	0.2092	0.1726	0.1698	0.1702	0.1780	0.1916	0.2065	0.1388	0.1383	0.1377	0.1463	0.1601	0.1918	0.1004	0.0944	0.0949	0.0960	0.1027	0.1222	0.1538
2300	0.2065	0.2096	0.2006	0.2021	0.1893	0.1979	0.2018	0.2050	0.2094	0.1718	0.1700	0.1701	0.1774	0.1903	0.2065	0.1384	0.1386	0.1376	0.1463	0.1588	0.1915	0.1002	0.0945	0.0940	0.0944	0.1025	0.1221	0.1537
2301	0.2059	0.2075	0.2007	0.2019	0.1882	0.1975	0.2022	0.2053	0.2095	0.1714	0.1706	0.1699	0.1762	0.1894	0.2057	0.1377	0.1395	0.1372	0.1456	0.1585	0.1912	0.1004	0.0956	0.0937	0.0934	0.1026	0.1223	0.1540
2302	0.2052	0.2062	0.2017	0.2010	0.1876	0.1979	0.2020	0.2051	0.2092	0.1712	0.1700	0.1702	0.1754	0.1890	0.2052	0.1370	0.1401	0.1365	0.1447	0.1587	0.1911	0.1009	0.0963	0.0938	0.0927	0.1025	0.1221	0.1543
2303	0.2042	0.2062	0.2025	0.1997	0.1879	0.1986	0.2016	0.2047	0.2085	0.1715	0.1689	0.1706	0.1751	0.1889	0.2045	0.1367	0.1405	0.1360	0.1432	0.1595	0.1917	0.1008	0.0966	0.0937	0.0917	0.1018	0.1217	0.1544
2304	0.2038	0.2063	0.2015	0.1987	0.1875	0.1986	0.2008	0.2044	0.2077	0.1721	0.1680	0.1707	0.1752	0.1887	0.2038	0.1370	0.1401	0.1360	0.1425	0.1603	0.1923	0.1006	0.0965	0.0933	0.0911	0.1027	0.1216	0.1540
2305	0.2035	0.2060	0.1993	0.1979	0.1860	0.1981	0.1996	0.2041	0.2064	0.1719	0.1671	0.1699	0.1754	0.1882	0.2033	0.1374	0.1390	0.1361	0.1423	0.1608	0.1923	0.1009	0.0960	0.0924	0.0915	0.1042	0.1217	0.1534
2306	0.2030	0.2059	0.1977	0.1973	0.1850	0.1973	0.1979	0.2032	0.2049	0.1714	0.1664	0.1693	0.1755	0.1881	0.2027	0.1367	0.1374	0.1362	0.1421	0.1602	0.1923	0.1008	0.0955	0.0921	0.0923	0.1044	0.1215	0.1534
2307	0.2029	0.2057	0.1973	0.1963	0.1845	0.1964	0.1961	0.2018	0.2038	0.1707	0.1658	0.1690	0.1756	0.1876	0.2021	0.1355	0.1358	0.1364	0.1427	0.1589	0.1929	0.1012	0.0951	0.0927	0.0933	0.1043	0.1210	0.1534
2308	0.2023	0.2058	0.1974	0.1955	0.1844	0.1953	0.1953	0.2011	0.2033	0.1694	0.1646	0.1682	0.1762	0.1878	0.2020	0.1351	0.1346	0.1363	0.1432	0.1578	0.1926	0.1016	0.0954	0.0930	0.0939	0.1042	0.1199	0.1530
2309	0.2008	0.2064	0.1976	0.1950	0.1853	0.1942	0.1955	0.2015	0.2035	0.1679	0.1634	0.1670	0.1774	0.1891	0.2024	0.1348	0.1340	0.1356	0.1436	0.1571	0.1916	0.1010	0.0956	0.0936	0.0938	0.1039	0.1183	0.1533
2310	0.1997	0.2063	0.1977	0.1952	0.1860	0.1936	0.1954	0.2017	0.2037	0.1673	0.1628	0.1662	0.1780	0.1899	0.2027	0.1346	0.1336	0.1346	0.1438	0.1571	0.1908	0.1005	0.0954	0.0943	0.0937	0.1035	0.1174	0.1537
2311	0.1988	0.2057	0.1965	0.1963	0.1865	0.1935	0.1949	0.2019	0.2037	0.1670	0.1626	0.1661	0.1777	0.1902	0.2027	0.1348	0.1329	0.1337	0.1429	0.1581	0.1903	0.1000	0.0949	0.0943	0.0941	0.1035	0.1175	0.1532
2312	0.1987	0.2051	0.1954	0.1970	0.1865	0.1935	0.1943	0.2018	0.2038	0.1670	0.1627	0.1655	0.1770	0.1898	0.2023	0.1352	0.1324	0.1334	0.1423	0.1582	0.1899	0.0995	0.0938	0.0934	0.0943	0.1034	0.1178	0.1526
2313	0.1985	0.2037	0.1954	0.1968	0.1852	0.1939	0.1937	0.2004	0.2036	0.1675	0.1637	0.1646	0.1759	0.1880	0.2020	0.1361	0.1321	0.1333	0.1426	0.1574	0.1889	0.0986	0.0931	0.0913	0.0942	0.1025	0.1176	0.1520
2314	0.1979	0.2026	0.1954	0.1960	0.1845	0.1941	0.1937	0.1997	0.2032	0.1675	0.1646	0.1645	0.1748	0.1869	0.2019	0.1367	0.1315	0.1331	0.1428	0.1571	0.1875	0.0980	0.0933	0.0894	0.0946	0.1017	0.1171	0.1518
2315	0.1982	0.2018	0.1958	0.1942	0.1850	0.1930	0.1942	0.1997	0.2023	0.1680	0.1650	0.1652	0.1740	0.1880	0.2017	0.1368	0.1313	0.1331	0.1420	0.1579	0.1857	0.0977	0.0937	0.0891	0.0958	0.1008	0.1160	0.1524
2316	0.1980	0.2013	0.1962	0.1927	0.1856	0.1918	0.1942	0.1991	0.2011	0.1681	0.1655	0.1658	0.1738	0.1890	0.2017	0.1371	0.1310	0.1333	0.1414	0.1586	0.1843	0.0972	0.0939	0.0891	0.0968	0.1000	0.1154	0.1533
2317	0.1971	0.2005	0.1955	0.1925	0.1856	0.1906	0.1930	0.1987	0.1998	0.1671	0.1649	0.1665	0.1742	0.1890	0.2005	0.1370	0.1307	0.1337	0.1408	0.1584	0.1851	0.0968	0.0935	0.0894	0.0974	0.0992	0.1158	0.1539
2318	0.1969	0.1998	0.1947	0.1925	0.1853	0.1901	0.1916	0.1982	0.1983	0.1661	0.1638	0.1672	0.1747	0.1887	0.1989	0.1367	0.1306	0.1342	0.1400	0.1582	0.1861	0.0966	0.0927	0.0897	0.0972	0.0979	0.1155	0.1535
2319	0.1977	0.2002	0.1942	0.1932	0.1839	0.1906	0.1912	0.1984	0.1970	0.1655	0.1636	0.1674	0.1752	0.1875	0.1979	0.1363	0.1299	0.1341	0.1395	0.1575	0.1876	0.0972	0.0916	0.0900	0.0952	0.0976	0.1147	0.1528
2320	0.1979	0.2005	0.1934	0.1937	0.1826	0.1906	0.1911	0.1987	0.1955	0.1650	0.1636	0.1676	0.1751	0.1863	0.1971	0.1359	0.1294	0.1337	0.1393	0.1566	0.1884	0.0980	0.0910	0.0903	0.0932	0.0978	0.1139	0.1522
2321	0.1982	0.2004	0.1926	0.1931	0.1822	0.1897	0.1911	0.1980	0.1958	0.1646	0.1629	0.1662	0.1739	0.1862	0.1969	0.1356	0.1294	0.1332	0.1393	0.1559	0.1866	0.0984	0.0925	0.0906	0.0917	0.0981	0.1131	0.1517
2322	0.1983	0.2001	0.1920	0.1930	0.1813	0.1890	0.1913	0.1971	0.1967	0.1643	0.1620	0.1647	0.1723	0.1864	0.1964	0.1349	0.1294	0.1324	0.1386	0.1553	0.1852	0.0988	0.0940	0.0909	0.0903	0.0986	0.1124	0.1511
2323	0.1966	0.1993	0.1914	0.1936	0.1806	0.1887	0.1912	0.1960	0.1966	0.1634	0.1618	0.1638	0.1701	0.1857	0.1948	0.1332	0.1292	0.1316	0.1378	0.1541	0.1850	0.0993	0.0948	0.0912	0.0896	0.0982	0.1124	0.1495
2324	0.1950	0.1987	0.1909	0.1941	0.1801	0.1882	0.1911	0.1948	0.1960	0.1625	0.1618	0.1629	0.1679	0.1850	0.1935	0.1318	0.1287	0.1309	0.1375	0.1531	0.1847	0.0993	0.0949	0.0911	0.0889	0.0975	0.1128	0.1480
2325	0.1942	0.1980	0.1900	0.1939	0.1788	0.1874	0.1912	0.1936	0.1951	0.1625	0.1623	0.1612	0.1666	0.1849	0.1942	0.1311	0.1274	0.1308	0.1384	0.1529	0.1840	0.0983	0.0935	0.0902	0.0876	0.0976	0.1131	0.1475
2326	0.1935	0.1976	0.1892	0.1935	0.1778	0.1869	0.1913	0.1927	0.1947	0.1625	0.1629	0.1595	0.1658	0.1842	0.1951	0.1306	0.1262	0.1306	0.1397	0.1527	0.1833	0.0980	0.0924	0.0891	0.0863	0.0976	0.1136	0.1469
2327	0.1934	0.1982	0.1887	0.1916	0.1779	0.1878	0.1914	0.1923	0.1940	0.1621	0.1627	0.1589	0.1671	0.1825	0.1947	0.1298	0.1264	0.1298	0.1404	0.1525	0.1828	0.0989	0.0923	0.0879	0.0871	0.0974	0.1143	0.1452
2328	0.1933	0.1983	0.1882	0.1895	0.1781	0.1886	0.1912	0.1914	0.1930	0.1616	0.1624	0.1586	0.1685	0.1811	0.1939	0.1290	0.1267	0.1291	0.1407	0.1526	0.1825	0.0994	0.0923	0.0872	0.0884	0.0973	0.1149	0.1434
2329	0.1940	0.1973	0.1881	0.1890	0.1778	0.1883	0.1894	0.1894	0.1935	0.1611	0.1625	0.1586	0.1682	0.1803	0.1929	0.1288	0.1276	0.1286	0.1389	0.1525	0.1838	0.0980	0.0919	0.0870	0.0900	0.0978	0.1152	0.1430
2330	0.1947	0.1961	0.1881	0.1891	0.1773	0.1877	0.1875	0.1877	0.1941	0.1608	0.1623	0.1584	0.1676	0.1794	0.1918	0.1283	0.1284	0.1282	0.1366	0.1521	0.1848	0.0965	0.0916	0.0866	0.0913	0.0980	0.1155	0.1429
2331	0.1940	0.1949	0.1879	0.1899	0.1767	0.1863	0.1869	0.1882	0.1946	0.1593	0.1599	0.1577	0.1660	0.1797	0.1927	0.1267	0.1281	0.1279	0.1354	0.1524	0.1838	0.0955	0.0918	0.0867	0.0911	0.0966	0.1155	0.1429
2332	0.1929	0.1937	0.1876	0.1905	0.1763	0.1849	0.1864	0.1887	0.1950	0.1576	0.1575	0.1572	0.1644	0.1804	0.1939	0.1253	0.1276	0.1277	0.1344	0.1529	0.1827	0.0945	0.0917	0.0871	0.0908	0.0954	0.1152	0.1429
2333	0.1907	0.1923	0.1868	0.1894	0.1756	0.1847	0.1853	0.1882	0.1941	0.1568	0.1566	0.1568	0.1643	0.1805	0.1934	0.1257	0.1273	0.1277	0.1344	0.1529	0.1815	0.0935	0.0902	0.0875	0.0897	0.0950	0.1144	0.1429
2334	0.1883	0.1908	0.1857	0.1880	0.1748	0.1846	0.1845	0.1880	0.1931	0.1563	0.1560	0.1564	0.1643	0.1804	0.1926	0.1263	0.1270	0.1277	0.1343	0.1528	0.1803	0.0926	0.0886	0.0875	0.0885	0.0947	0.1136	0.1428
2335	0.1878	0.1903	0.1836	0.1860	0.1735	0.1844	0.1839	0.1881	0.1921	0.1565	0.1549	0.1570	0.1645	0.1798	0.1927	0.1269	0.1272	0.1283	0.1331	0.1519	0.1790	0.0924	0.0879	0.0874	0.0878	0.0946	0.1131	0.1429
2336	0.1878	0.1898	0.1816	0.1840	0.1721	0.1844	0.1832	0.1881	0.1912	0.1568	0.1536	0.1576	0.1648	0.1789	0.1927	0.1275	0.1275	0.1292	0.1321	0.1510	0.1777	0.0923	0.0872	0.0875	0.0873	0.0945	0.1125	0.1428
2337	0.1888	0.1890	0.1803	0.1829	0.1710	0.1842	0.1830	0.1886	0.1911	0.1571	0.1530	0.1565	0.1650	0.1777	0.1923	0.1282	0.1269	0.1296	0.1326	0.1502	0.1784	0.0917	0.0857	0.0874	0.0874	0.0942	0.1116	0.1428
2338	0.1899	0.1883	0.1790	0.1820	0.1698	0.1838	0.1831	0.1891	0.1908	0.1574	0.1527	0.1553	0.1650	0.1765	0.1920	0.1288	0.1262	0.1296	0.1331	0.1493	0.1796	0.0909	0.0842	0.0870	0.0875	0.0939	0.1108	0.1431
2339	0.1896	0.1875	0.1782	0.1826	0.1699	0.1833	0.1837	0.1882	0.1901	0.1574	0.1530	0.1552	0.1651	0.1758	0.1912	0.1282	0.1252	0.1285	0.1331	0.1493	0.1806	0.0914	0.0843	0.0861	0.0878	0.0930	0.1108	0.1432
2340	0.1889	0.1867	0.1781	0.1833	0.1703	0.1830	0.1843	0.1872	0.1893	0.1575	0.1533	0.1552	0.1654	0.1754	0.1903	0.1277	0.1240	0.1275	0.1328	0.1496	0.1814	0.0921	0.0847	0.0855	0.0883	0.0923	0.1113	0.1432
2341	0.1889	0.1876	0.1796	0.1825	0.1708	0.1824	0.1842	0.1866	0.1887	0.1574	0.1537	0.1553	0.1647	0.1760	0.1886	0.1274	0.1232	0.1269	0.1318	0.1482	0.1805	0.0928	0.0867	0.0862	0.0884	0.0927	0.1119	0.1435
2342	0.1894	0.1886	0.1809	0.1816	0.1713	0.1818	0.1836	0.1861	0.1881	0.1573	0.1540	0.1558	0.1634	0.1768	0.1870	0.1270	0.1225	0.1261	0.1308	0.1463	0.1794	0.0936	0.0889	0.0869	0.0883	0.0932	0.1121	0.1440
2343	0.1888	0.1893	0.1806	0.1817	0.1726	0.1809	0.1827	0.1849	0.1877	0.1560	0.1537	0.1556	0.1615	0.1762	0.1867	0.1265	0.1234	0.1256	0.1310	0.1455	0.1783	0.0938	0.0897	0.0880	0.0882	0.0936	0.1126	0.1445
2344	0.1880	0.1897	0.1802	0.1820	0.1741	0.1799	0.1820	0.1833	0.1873	0.1545	0.1533	0.1550	0.1596	0.1754	0.1862	0.1258	0.1248	0.1252	0.1320	0.1450	0.1770	0.0939	0.0904	0.0890	0.0883	0.0940	0.1134	0.1450
2345	0.1874	0.1889	0.1796	0.1813	0.1743	0.1800	0.1811	0.1824	0.1865	0.1536	0.1524	0.1534	0.1589	0.1741	0.1859	0.1253	0.1237	0.1243	0.1323	0.1444	0.1760	0.0927	0.0891	0.0892	0.0885	0.0937	0.1131	0.1444
2346	0.1867	0.1880	0.1790	0.1802	0.1741	0.1800	0.1799	0.1820	0.1855	0.1529	0.1516	0.1517	0.1585	0.1728	0.1857	0.1249	0.1220	0.1234	0.1322	0.1437	0.1752	0.0908	0.0873	0.0889	0.0887	0.0933	0.1124	0.1437
2347	0.1863	0.1867	0.1797	0.1793	0.1737	0.1795	0.1787	0.1816	0.1850	0.1521	0.1509	0.1508	0.1593	0.1718	0.1866	0.1247	0.1202	0.1227	0.1317	0.1437	0.1738	0.0895	0.0856	0.0883	0.0891	0.0931	0.1103	0.1433
2348	0.1860	0.1856	0.1805	0.1785	0.1731	0.1788	0.1778	0.1812	0.1844	0.1511	0.1497	0.1501	0.1601	0.1707	0.1880	0.1240	0.1187	0.1223	0.1311	0.1440	0.1721	0.0884	0.0838	0.0880	0.0892	0.0926	0.1083	0.1431
2349	0.1860	0.1853	0.1795	0.1782	0.1716	0.1769	0.1778	0.1816	0.1828	0.1509	0.1481	0.1509	0.1599	0.1706	0.1880	0.1234	0.1181	0.1228	0.1310	0.1453	0.1715	0.0885	0.0835	0.0863	0.0888	0.0924	0.1070	0.1429
2350	0.1863	0.1854	0.1784	0.1780	0.1698	0.1751	0.1778	0.1821	0.1812	0.1505	0.1466	0.1522	0.1594	0.1708	0.1875	0.1228	0.1176	0.1232	0.1309	0.1473	0.1710	0.0890	0.0832	0.0846	0.0883	0.0924	0.1058	0.1424
2351	0.1847	0.1852	0.1775	0.1780	0.1666	0.1742	0.1778	0.1820	0.1811	0.1516	0.1456	0.1512	0.1596	0.1712	0.1859	0.1221	0.1170	0.1240	0.1307	0.1484	0.1719	0.0882	0.0832	0.0824	0.0873	0.0921	0.1047	0.1409
2352	0.1828	0.1846	0.1764	0.1781	0.1635	0.1735	0.1777	0.1820	0.1816	0.1535	0.1452	0.1496	0.1599	0.1718	0.1840	0.1216	0.1165	0.1249	0.1304	0.1487	0.1728	0.0868	0.0839	0.0799	0.0862	0.0920	0.1037	0.1389
2353	0.1810	0.1839	0.1758	0.1779	0.1638	0.1731	0.1773	0.1814	0.1805	0.1546	0.1465	0.1488	0.1594	0.1719	0.1826	0.1217	0.1157	0.1241	0.1301	0.1471	0.1732	0.0868	0.0836	0.0794	0.0861	0.0914	0.1028	0.1383
2354	0.1792	0.1832	0.1753	0.1778	0.1650	0.1727	0.1770	0.1807	0.1791	0.1548	0.1481	0.1484	0.1586	0.1717	0.1817	0.1222	0.1150	0.1228	0.1302	0.1448	0.1737	0.0874	0.0827	0.0793	0.0869	0.0901	0.1018	0.1385
2355	0.1783	0.1828	0.1763	0.1776	0.1650	0.1717	0.1763	0.1790	0.1783	0.1535	0.1486	0.1480	0.1581	0.1703	0.1800	0.1225	0.1159	0.1227	0.1292	0.1441	0.1735	0.0885	0.0823	0.0796	0.0870	0.0899	0.1009	0.1388
2356	0.1781	0.1830	0.1778	0.1772	0.1649	0.1706	0.1754	0.1767	0.1776	0.1524	0.1484	0.1474	0.1579	0.1689	0.1779	0.1222	0.1167	0.1229	0.1282	0.1440	0.1729	0.0898	0.0821	0.0799	0.0868	0.0903	0.1003	0.1394
2357	0.1782	0.1836	0.1789	0.1784	0.1646	0.1715	0.1741	0.1747	0.1775	0.1519	0.1480	0.1470	0.1583	0.1681	0.1783	0.1218	0.1163	0.1234	0.1283	0.1441	0.1726	0.0893	0.0826	0.0796	0.0862	0.0914	0.1004	0.1402
2358	0.1783	0.1841	0.1798	0.1801	0.1644	0.1734	0.1722	0.1727	0.1779	0.1517	0.1480	0.1465	0.1588	0.1674	0.1797	0.1213	0.1155	0.1239	0.1285	0.1445	0.1727	0.0886	0.0836	0.0795	0.0857	0.0928	0.1011	0.1412
2359	0.1785	0.1833	0.1803	0.1790	0.1636	0.1735	0.1722	0.1729	0.1786	0.1502	0.1482	0.1459	0.1578	0.1679	0.1806	0.1212	0.1154	0.1225	0.1280	0.1442	0.1727	0.0881	0.0844	0.0800	0.0858	0.0926	0.1027	0.1403
2360	0.1779	0.1820	0.1804	0.1766	0.1625	0.1728	0.1729	0.1746	0.1793	0.1480	0.1490	0.1456	0.1564	0.1692	0.1808	0.1213	0.1162	0.1206	0.1266	0.1435	0.1723	0.0870	0.0850	0.0806	0.0858	0.0916	0.1042	0.1385
2361	0.1774	0.1817	0.1795	0.1745	0.1619	0.1715	0.1738	0.1752	0.1787	0.1460	0.1489	0.1459	0.1555	0.1689	0.1806	0.1211	0.1167	0.1190	0.1250	0.1433	0.1708	0.0866	0.0844	0.0817	0.0858	0.0911	0.1054	0.1383
2362	0.1774	0.1820	0.1785	0.1728	0.1616	0.1698	0.1751	0.1753	0.1773	0.1439	0.1478	0.1460	0.1547	0.1674	0.1806	0.1208	0.1169	0.1173	0.1237	0.1427	0.1693	0.0869	0.0834	0.0829	0.0855	0.0913	0.1067	0.1387
2363	0.1779	0.1812	0.1781	0.1722	0.1628	0.1684	0.1746	0.1754	0.1749	0.1437	0.1480	0.1455	0.1544	0.1656	0.1797	0.1208	0.1163	0.1171	0.1236	0.1416	0.1692	0.0865	0.0825	0.0836	0.0850	0.0912	0.1069	0.1395
2364	0.1788	0.1797	0.1776	0.1720	0.1644	0.1668	0.1730	0.1756	0.1723	0.1447	0.1485	0.1449	0.1538	0.1635	0.1787	0.1208	0.1151	0.1174	0.1243	0.1397	0.1692	0.0860	0.0820	0.0836	0.0847	0.0905	0.1063	0.1406
2365	0.1791	0.1777	0.1762	0.1716	0.1645	0.1658	0.1725	0.1752	0.1710	0.1464	0.1479	0.1443	0.1538	0.1634	0.1785	0.1209	0.1142	0.1180	0.1266	0.1389	0.1687	0.0854	0.0817	0.0835	0.0845	0.0901	0.1053	0.1409
2366	0.1786	0.1756	0.1749	0.1708	0.1633	0.1651	0.1728	0.1743	0.1705	0.1484	0.1470	0.1438	0.1544	0.1649	0.1782	0.1215	0.1137	0.1193	0.1296	0.1389	0.1684	0.0842	0.0813	0.0837	0.0843	0.0900	0.1038	0.1407
2367	0.1769	0.1747	0.1740	0.1708	0.1624	0.1648	0.1725	0.1735	0.1712	0.1488	0.1457	0.1441	0.1537	0.1661	0.1778	0.1206	0.1130	0.1188	0.1292	0.1387	0.1678	0.0828	0.0817	0.0835	0.0837	0.0891	0.1036	0.1406
2368	0.1746	0.1748	0.1730	0.1718	0.1621	0.1651	0.1721	0.1722	0.1726	0.1481	0.1444	0.1450	0.1521	0.1672	0.1777	0.1186	0.1118	0.1171	0.1264	0.1387	0.1669	0.0816	0.0822	0.0832	0.0829	0.0875	0.1042	0.1401
2369	0.1730	0.1754	0.1721	0.1725	0.1615	0.1652	0.1715	0.1711	0.1737	0.1471	0.1431	0.1444	0.1505	0.1673	0.1775	0.1169	0.1109	0.1160	0.1245	0.1388	0.1675	0.0811	0.0827	0.0834	0.0815	0.0864	0.1049	0.1393
2370	0.1719	0.1755	0.1705	0.1726	0.1604	0.1649	0.1708	0.1701	0.1742	0.1456	0.1415	0.1426	0.1486	0.1666	0.1768	0.1151	0.1102	0.1151	0.1235	0.1384	0.1693	0.0809	0.0831	0.0835	0.0794	0.0858	0.1056	0.1385
2371	0.1716	0.1760	0.1691	0.1723	0.1601	0.1646	0.1702	0.1692	0.1738	0.1445	0.1408	0.1421	0.1479	0.1653	0.1767	0.1143	0.1106	0.1143	0.1228	0.1375	0.1694	0.0804	0.0834	0.0819	0.0779	0.0857	0.1054	0.1370
2372	0.1719	0.1770	0.1681	0.1720	0.1607	0.1643	0.1694	0.1687	0.1727	0.1437	0.1411	0.1430	0.1486	0.1634	0.1771	0.1143	0.1114	0.1137	0.1227	0.1365	0.1683	0.0796	0.0834	0.0792	0.0770	0.0858	0.1045	0.1350
2373	0.1719	0.1775	0.1671	0.1712	0.1608	0.1643	0.1682	0.1675	0.1733	0.1428	0.1417	0.1433	0.1485	0.1619	0.1765	0.1141	0.1117	0.1123	0.1218	0.1355	0.1678	0.0786	0.0826	0.0768	0.0766	0.0859	0.1043	0.1347
2374	0.1710	0.1777	0.1662	0.1698	0.1608	0.1646	0.1675	0.1655	0.1755	0.1421	0.1426	0.1429	0.1474	0.1608	0.1748	0.1139	0.1111	0.1103	0.1201	0.1348	0.1673	0.0776	0.0818	0.0745	0.0768	0.0865	0.1048	0.1359
2375	0.1705	0.1774	0.1659	0.1685	0.1602	0.1638	0.1670	0.1643	0.1749	0.1423	0.1426	0.1421	0.1467	0.1598	0.1740	0.1133	0.1109	0.1097	0.1187	0.1350	0.1664	0.0775	0.0813	0.0735	0.0773	0.0869	0.1051	0.1371
2376	0.1699	0.1763	0.1666	0.1674	0.1590	0.1619	0.1662	0.1640	0.1719	0.1438	0.1413	0.1412	0.1462	0.1585	0.1743	0.1120	0.1108	0.1104	0.1177	0.1354	0.1650	0.0782	0.0817	0.0737	0.0769	0.0870	0.1053	0.1386
2377	0.1692	0.1751	0.1670	0.1665	0.1579	0.1616	0.1651	0.1646	0.1697	0.1446	0.1405	0.1408	0.1454	0.1572	0.1747	0.1113	0.1099	0.1110	0.1168	0.1352	0.1639	0.0791	0.0818	0.0751	0.0772	0.0877	0.1054	0.1386
2378	0.1686	0.1739	0.1670	0.1654	0.1572	0.1631	0.1641	0.1665	0.1683	0.1444	0.1398	0.1406	0.1442	0.1566	0.1745	0.1112	0.1091	0.1117	0.1154	0.1350	0.1632	0.0800	0.0812	0.0773	0.0795	0.0888	0.1048	0.1368
2379	0.1687	0.1729	0.1663	0.1647	0.1570	0.1635	0.1637	0.1675	0.1670	0.1439	0.1392	0.1407	0.1437	0.1568	0.1728	0.1112	0.1094	0.1123	0.1153	0.1353	0.1627	0.0808	0.0801	0.0781	0.0805	0.0900	0.1035	0.1359
2380	0.1703	0.1723	0.1644	0.1646	0.1575	0.1625	0.1640	0.1672	0.1659	0.1431	0.1384	0.1413	0.1439	0.1575	0.1703	0.1110	0.1101	0.1122	0.1167	0.1360	0.1628	0.0815	0.0786	0.0772	0.0799	0.0914	0.1024	0.1360
2381	0.1712	0.1717	0.1629	0.1639	0.1570	0.1613	0.1645	0.1664	0.1649	0.1424	0.1368	0.1420	0.1441	0.1574	0.1686	0.1112	0.1107	0.1117	0.1174	0.1369	0.1640	0.0814	0.0778	0.0765	0.0791	0.0916	0.1012	0.1358
2382	0.1710	0.1708	0.1618	0.1630	0.1553	0.1602	0.1650	0.1653	0.1638	0.1416	0.1350	0.1433	0.1441	0.1566	0.1675	0.1122	0.1109	0.1114	0.1176	0.1377	0.1664	0.0806	0.0777	0.0762	0.0780	0.0903	0.0996	0.1352
2383	0.1709	0.1698	0.1611	0.1622	0.1537	0.1599	0.1654	0.1647	0.1636	0.1415	0.1347	0.1432	0.1444	0.1559	0.1675	0.1129	0.1107	0.1111	0.1177	0.1374	0.1675	0.0796	0.0780	0.0758	0.0780	0.0881	0.0995	0.1346
2384	0.1704	0.1687	0.1609	0.1610	0.1521	0.1608	0.1657	0.1646	0.1644	0.1426	0.1361	0.1409	0.1454	0.1549	0.1686	0.1129	0.1101	0.1106	0.1180	0.1360	0.1669	0.0785	0.0788	0.0754	0.0791	0.0851	0.1013	0.1337
2385	0.1690	0.1684	0.1610	0.1599	0.1514	0.1605	0.1655	0.1654	0.1656	0.1421	0.1366	0.1388	0.1464	0.1544	0.1693	0.1116	0.1097	0.1108	0.1183	0.1337	0.1661	0.0772	0.0786	0.0752	0.0799	0.0829	0.1025	0.1328
2386	0.1663	0.1686	0.1614	0.1587	0.1518	0.1584	0.1648	0.1672	0.1676	0.1393	0.1362	0.1371	0.1473	0.1551	0.1695	0.1096	0.1095	0.1115	0.1183	0.1307	0.1649	0.0757	0.0773	0.0749	0.0804	0.0817	0.1027	0.1322
2387	0.1639	0.1687	0.1603	0.1575	0.1520	0.1573	0.1636	0.1681	0.1680	0.1367	0.1357	0.1362	0.1475	0.1553	0.1693	0.1089	0.1087	0.1114	0.1177	0.1290	0.1636	0.0748	0.0769	0.0750	0.0807	0.0810	0.1030	0.1321
2388	0.1625	0.1680	0.1577	0.1566	0.1522	0.1569	0.1622	0.1681	0.1658	0.1344	0.1352	0.1366	0.1458	0.1552	0.1685	0.1094	0.1071	0.1104	0.1163	0.1286	0.1628	0.0748	0.0773	0.0759	0.0805	0.0811	0.1033	0.1322
2389	0.1608	0.1686	0.1553	0.1567	0.1519	0.1565	0.1611	0.1672	0.1646	0.1330	0.1350	0.1361	0.1443	0.1552	0.1669	0.1094	0.1056	0.1101	0.1153	0.1287	0.1630	0.0748	0.0780	0.0760	0.0796	0.0808	0.1038	0.1315
2390	0.1588	0.1709	0.1537	0.1581	0.1506	0.1569	0.1600	0.1653	0.1649	0.1335	0.1348	0.1346	0.1435	0.1551	0.1643	0.1083	0.1042	0.1109	0.1148	0.1297	0.1646	0.0752	0.0791	0.0756	0.0780	0.0799	0.1041	0.1305
2391	0.1578	0.1725	0.1533	0.1590	0.1498	0.1572	0.1584	0.1638	0.1651	0.1339	0.1343	0.1343	0.1424	0.1549	0.1634	0.1078	0.1034	0.1115	0.1148	0.1311	0.1656	0.0754	0.0794	0.0752	0.0768	0.0788	0.1038	0.1297
2392	0.1582	0.1731	0.1544	0.1589	0.1492	0.1573	0.1563	0.1626	0.1651	0.1340	0.1336	0.1356	0.1410	0.1543	0.1651	0.1080	0.1030	0.1114	0.1152	0.1321	0.1650	0.0755	0.0784	0.0743	0.0764	0.0772	0.1021	0.1295
2393	0.1588	0.1727	0.1551	0.1581	0.1484	0.1572	0.1552	0.1615	0.1647	0.1331	0.1324	0.1361	0.1402	0.1542	0.1659	0.1078	0.1038	0.1107	0.1150	0.1326	0.1641	0.0759	0.0770	0.0733	0.0753	0.0761	0.1004	0.1306
2394	0.1595	0.1704	0.1548	0.1560	0.1477	0.1562	0.1552	0.1602	0.1636	0.1308	0.1308	0.1354	0.1404	0.1550	0.1649	0.1070	0.1063	0.1091	0.1138	0.1324	0.1629	0.0761	0.0753	0.0720	0.0734	0.0763	0.0985	0.1323
2395	0.1595	0.1684	0.1547	0.1540	0.1476	0.1557	0.1550	0.1592	0.1624	0.1284	0.1295	0.1346	0.1402	0.1550	0.1647	0.1062	0.1076	0.1077	0.1131	0.1313	0.1614	0.0765	0.0742	0.0712	0.0717	0.0776	0.0967	0.1334
2396	0.1585	0.1668	0.1547	0.1521	0.1481	0.1561	0.1546	0.1589	0.1606	0.1263	0.1288	0.1333	0.1391	0.1543	0.1661	0.1051	0.1070	0.1065	0.1132	0.1296	0.1596	0.0767	0.0742	0.0718	0.0703	0.0803	0.0956	0.1339
2397	0.1578	0.1647	0.1541	0.1507	0.1481	0.1567	0.1540	0.1579	0.1594	0.1251	0.1287	0.1320	0.1381	0.1541	0.1667	0.1040	0.1065	0.1059	0.1133	0.1281	0.1583	0.0775	0.0746	0.0719	0.0702	0.0826	0.0946	0.1342
2398	0.1570	0.1619	0.1531	0.1501	0.1475	0.1575	0.1533	0.1554	0.1594	0.1254	0.1295	0.1311	0.1377	0.1544	0.1655	0.1024	0.1060	0.1062	0.1139	0.1266	0.1578	0.0792	0.0758	0.0716	0.0718	0.0842	0.0936	0.1346
2399	0.1560	0.1603	0.1522	0.1503	0.1467	0.1574	0.1528	0.1541	0.1592	0.1257	0.1295	0.1302	0.1378	0.1540	0.1647	0.1016	0.1056	0.1071	0.1136	0.1259	0.1571	0.0797	0.0763	0.0719	0.0727	0.0854	0.0930	0.1347
2400	0.1546	0.1608	0.1517	0.1521	0.1459	0.1563	0.1525	0.1550	0.1585	0.1260	0.1281	0.1296	0.1391	0.1520	0.1645	0.1024	0.1055	0.1087	0.1122	0.1265	0.1562	0.0783	0.0753	0.0732	0.0726	0.0856	0.0933	0.1347
2401	0.1534	0.1618	0.1516	0.1529	0.1448	0.1559	0.1520	0.1549	0.1586	0.1264	0.1278	0.1294	0.1391	0.1505	0.1645	0.1029	0.1059	0.1093	0.1122	0.1266	0.1561	0.0771	0.0746	0.0735	0.0729	0.0841	0.0933	0.1341
2402	0.1529	0.1635	0.1520	0.1520	0.1431	0.1561	0.1509	0.1535	0.1600	0.1272	0.1297	0.1295	0.1365	0.1500	0.1650	0.1027	0.1071	0.1084	0.1139	0.1263	0.1568	0.0771	0.0743	0.0718	0.0739	0.0802	0.0929	0.1324
2403	0.1531	0.1643	0.1517	0.1511	0.1419	0.1556	0.1502	0.1527	0.1609	0.1281	0.1308	0.1290	0.1339	0.1494	0.1636	0.1026	0.1078	0.1071	0.1146	0.1272	0.1571	0.0778	0.0739	0.0703	0.0747	0.0777	0.0931	0.1309
2404	0.1543	0.1633	0.1503	0.1503	0.1413	0.1537	0.1505	0.1530	0.1606	0.1297	0.1303	0.1280	0.1318	0.1489	0.1595	0.1023	0.1072	0.1053	0.1140	0.1297	0.1562	0.0792	0.0737	0.0690	0.0749	0.0779	0.0944	0.1293
2405	0.1555	0.1624	0.1491	0.1499	0.1409	0.1517	0.1502	0.1532	0.1604	0.1309	0.1292	0.1273	0.1305	0.1481	0.1571	0.1023	0.1064	0.1046	0.1139	0.1308	0.1548	0.0799	0.0731	0.0686	0.0751	0.0780	0.0947	0.1282
2406	0.1569	0.1612	0.1480	0.1501	0.1412	0.1498	0.1487	0.1528	0.1598	0.1316	0.1269	0.1274	0.1305	0.1465	0.1571	0.1030	0.1054	0.1051	0.1148	0.1292	0.1527	0.0787	0.0720	0.0698	0.0754	0.0779	0.0929	0.1285
2407	0.1573	0.1605	0.1476	0.1495	0.1425	0.1482	0.1480	0.1527	0.1593	0.1318	0.1258	0.1271	0.1306	0.1446	0.1572	0.1033	0.1039	0.1048	0.1151	0.1270	0.1516	0.0775	0.0705	0.0716	0.0754	0.0780	0.0913	0.1284
2408	0.1558	0.1605	0.1485	0.1476	0.1455	0.1469	0.1483	0.1527	0.1590	0.1308	0.1269	0.1261	0.1312	0.1424	0.1576	0.1029	0.1018	0.1030	0.1144	0.1240	0.1524	0.0764	0.0681	0.0743	0.0751	0.0783	0.0899	0.1279
2409	0.1546	0.1605	0.1495	0.1458	0.1470	0.1450	0.1490	0.1528	0.1580	0.1293	0.1280	0.1246	0.1322	0.1418	0.1586	0.1028	0.1001	0.1021	0.1133	0.1215	0.1532	0.0754	0.0667	0.0760	0.0746	0.0785	0.0900	0.1274
2410	0.1537	0.1604	0.1502	0.1442	0.1458	0.1416	0.1501	0.1534	0.1554	0.1266	0.1286	0.1225	0.1341	0.1444	0.1604	0.1030	0.0991	0.1024	0.1118	0.1202	0.1538	0.0744	0.0671	0.0760	0.0739	0.0786	0.0928	0.1267
2411	0.1531	0.1597	0.1511	0.1433	0.1434	0.1393	0.1501	0.1543	0.1536	0.1243	0.1284	0.1212	0.1352	0.1459	0.1613	0.1026	0.0986	0.1025	0.1104	0.1203	0.1537	0.0735	0.0685	0.0758	0.0734	0.0789	0.0942	0.1262
2412	0.1535	0.1586	0.1518	0.1440	0.1387	0.1386	0.1480	0.1558	0.1531	0.1227	0.1265	0.1215	0.1350	0.1455	0.1601	0.1013	0.0989	0.1026	0.1090	0.1226	0.1522	0.0725	0.0716	0.0749	0.0735	0.0794	0.0934	0.1259
2413	0.1534	0.1579	0.1521	0.1451	0.1352	0.1388	0.1464	0.1560	0.1525	0.1221	0.1247	0.1224	0.1352	0.1445	0.1591	0.0996	0.0990	0.1025	0.1084	0.1245	0.1512	0.0719	0.0737	0.0743	0.0727	0.0801	0.0931	0.1250
2414	0.1523	0.1580	0.1516	0.1469	0.1339	0.1404	0.1458	0.1537	0.1517	0.1237	0.1233	0.1241	0.1358	0.1424	0.1583	0.0975	0.0983	0.1021	0.1091	0.1255	0.1511	0.0719	0.0738	0.0745	0.0704	0.0808	0.0938	0.1230
2415	0.1516	0.1582	0.1507	0.1481	0.1331	0.1419	0.1460	0.1521	0.1513	0.1255	0.1218	0.1263	0.1357	0.1412	0.1579	0.0957	0.0987	0.1017	0.1097	0.1261	0.1513	0.0716	0.0735	0.0737	0.0688	0.0802	0.0938	0.1215
2416	0.1515	0.1584	0.1490	0.1481	0.1334	0.1430	0.1477	0.1515	0.1516	0.1277	0.1198	0.1290	0.1344	0.1417	0.1585	0.0946	0.1007	0.1015	0.1100	0.1255	0.1521	0.0707	0.0722	0.0710	0.0682	0.0770	0.0926	0.1212
2417	0.1519	0.1582	0.1477	0.1476	0.1333	0.1431	0.1483	0.1512	0.1517	0.1297	0.1190	0.1303	0.1324	0.1426	0.1586	0.0937	0.1028	0.1012	0.1091	0.1248	0.1528	0.0702	0.0709	0.0691	0.0692	0.0742	0.0927	0.1215
2418	0.1531	0.1575	0.1470	0.1461	0.1325	0.1413	0.1468	0.1517	0.1514	0.1315	0.1201	0.1289	0.1296	0.1441	0.1577	0.0932	0.1049	0.1007	0.1058	0.1237	0.1537	0.0704	0.0696	0.0687	0.0727	0.0724	0.0953	0.1233
2419	0.1535	0.1567	0.1459	0.1448	0.1324	0.1397	0.1454	0.1517	0.1507	0.1313	0.1206	0.1265	0.1268	0.1449	0.1569	0.0924	0.1057	0.1003	0.1031	0.1217	0.1536	0.0708	0.0686	0.0682	0.0754	0.0717	0.0967	0.1245
2420	0.1525	0.1556	0.1441	0.1440	0.1337	0.1386	0.1441	0.1509	0.1495	0.1277	0.1198	0.1222	0.1241	0.1445	0.1560	0.0913	0.1040	0.1001	0.1013	0.1180	0.1520	0.0713	0.0684	0.0677	0.0763	0.0732	0.0964	0.1249
2421	0.1512	0.1537	0.1430	0.1436	0.1345	0.1380	0.1424	0.1508	0.1483	0.1246	0.1179	0.1192	0.1218	0.1436	0.1547	0.0911	0.1019	0.1000	0.1006	0.1163	0.1504	0.0716	0.0685	0.0676	0.0766	0.0737	0.0964	0.1248
2422	0.1496	0.1504	0.1435	0.1440	0.1345	0.1383	0.1400	0.1522	0.1473	0.1226	0.1141	0.1184	0.1201	0.1419	0.1526	0.0927	0.0992	0.0999	0.1019	0.1179	0.1488	0.0714	0.0690	0.0684	0.0756	0.0725	0.0971	0.1241
2423	0.1486	0.1470	0.1439	0.1451	0.1346	0.1386	0.1392	0.1518	0.1459	0.1218	0.1125	0.1186	0.1193	0.1402	0.1518	0.0946	0.0964	0.0994	0.1037	0.1187	0.1481	0.0707	0.0694	0.0679	0.0746	0.0725	0.0977	0.1230
2424	0.1484	0.1436	0.1439	0.1477	0.1351	0.1386	0.1414	0.1485	0.1440	0.1230	0.1147	0.1207	0.1201	0.1388	0.1529	0.0970	0.0937	0.0983	0.1061	0.1179	0.1492	0.0693	0.0696	0.0654	0.0731	0.0747	0.0983	0.1214
2425	0.1488	0.1413	0.1434	0.1484	0.1350	0.1381	0.1427	0.1459	0.1430	0.1236	0.1158	0.1216	0.1215	0.1386	0.1530	0.0980	0.0914	0.0965	0.1072	0.1173	0.1495	0.0694	0.0692	0.0638	0.0716	0.0756	0.0977	0.1203
2426	0.1501	0.1411	0.1418	0.1459	0.1337	0.1369	0.1423	0.1444	0.1436	0.1230	0.1147	0.1204	0.1236	0.1406	0.1511	0.0968	0.0894	0.0938	0.1061	0.1167	0.1484	0.0721	0.0680	0.0637	0.0700	0.0742	0.0950	0.1201
2427	0.1500	0.1421	0.1405	0.1440	0.1328	0.1367	0.1425	0.1433	0.1423	0.1217	0.1140	0.1197	0.1257	0.1407	0.1499	0.0956	0.0881	0.0925	0.1060	0.1164	0.1474	0.0734	0.0665	0.0646	0.0693	0.0734	0.0935	0.1205
2428	0.1476	0.1448	0.1395	0.1431	0.1325	0.1384	0.1438	0.1427	0.1378	0.1192	0.1141	0.1200	0.1277	0.1379	0.1502	0.0945	0.0876	0.0932	0.1080	0.1172	0.1467	0.0723	0.0648	0.0673	0.0697	0.0736	0.0943	0.1218
2429	0.1463	0.1475	0.1389	0.1416	0.1320	0.1396	0.1440	0.1419	0.1363	0.1159	0.1147	0.1195	0.1286	0.1365	0.1499	0.0933	0.0878	0.0934	0.1091	0.1168	0.1462	0.0719	0.0647	0.0680	0.0697	0.0739	0.0943	0.1221
2430	0.1469	0.1497	0.1393	0.1398	0.1309	0.1394	0.1423	0.1410	0.1401	0.1115	0.1160	0.1178	0.1278	0.1377	0.1485	0.0918	0.0894	0.0931	0.1085	0.1142	0.1460	0.0730	0.0677	0.0658	0.0692	0.0741	0.0932	0.1209
2431	0.1470	0.1498	0.1400	0.1385	0.1293	0.1397	0.1410	0.1406	0.1436	0.1082	0.1165	0.1162	0.1257	0.1373	0.1473	0.0895	0.0896	0.0935	0.1055	0.1126	0.1456	0.0734	0.0698	0.0634	0.0692	0.0732	0.0913	0.1185
2432	0.1461	0.1467	0.1408	0.1382	0.1271	0.1404	0.1404	0.1408	0.1460	0.1067	0.1158	0.1147	0.1213	0.1339	0.1465	0.0865	0.0874	0.0950	0.0985	0.1125	0.1449	0.0723	0.0705	0.0606	0.0696	0.0705	0.0880	0.1139
2433	0.1458	0.1441	0.1417	0.1381	0.1250	0.1402	0.1393	0.1416	0.1466	0.1079	0.1156	0.1140	0.1183	0.1319	0.1461	0.0858	0.0866	0.0957	0.0944	0.1112	0.1444	0.0723	0.0704	0.0577	0.0691	0.0684	0.0862	0.1112
2434	0.1463	0.1422	0.1426	0.1383	0.1233	0.1391	0.1373	0.1422	0.1448	0.1128	0.1155	0.1144	0.1173	0.1322	0.1463	0.0887	0.0879	0.0953	0.0954	0.1079	0.1437	0.0739	0.0692	0.0550	0.0672	0.0669	0.0869	0.1122
2435	0.1455	0.1401	0.1416	0.1393	0.1222	0.1376	0.1361	0.1424	0.1441	0.1157	0.1156	0.1140	0.1177	0.1323	0.1478	0.0905	0.0894	0.0946	0.0950	0.1064	0.1437	0.0746	0.0678	0.0544	0.0651	0.0655	0.0873	0.1128
2436	0.1432	0.1381	0.1382	0.1412	0.1220	0.1356	0.1362	0.1425	0.1454	0.1156	0.1162	0.1130	0.1202	0.1325	0.1508	0.0912	0.0913	0.0937	0.0921	0.1080	0.1448	0.0737	0.0660	0.0567	0.0632	0.0644	0.0870	0.1126
2437	0.1436	0.1380	0.1366	0.1415	0.1228	0.1357	0.1358	0.1410	0.1461	0.1153	0.1172	0.1104	0.1231	0.1329	0.1515	0.0900	0.0924	0.0925	0.0917	0.1092	0.1445	0.0722	0.0649	0.0599	0.0619	0.0635	0.0864	0.1122
2438	0.1472	0.1405	0.1374	0.1388	0.1254	0.1390	0.1344	0.1373	0.1461	0.1142	0.1183	0.1051	0.1261	0.1330	0.1494	0.0859	0.0927	0.0908	0.0948	0.1094	0.1421	0.0702	0.0652	0.0642	0.0612	0.0628	0.0854	0.1111
2439	0.1491	0.1419	0.1368	0.1365	0.1270	0.1403	0.1321	0.1355	0.1453	0.1126	0.1177	0.1030	0.1269	0.1329	0.1471	0.0848	0.0931	0.0893	0.0977	0.1089	0.1399	0.0680	0.0642	0.0664	0.0611	0.0641	0.0850	0.1095
2440	0.1490	0.1414	0.1347	0.1346	0.1271	0.1378	0.1288	0.1363	0.1436	0.1102	0.1150	0.1058	0.1248	0.1323	0.1440	0.0871	0.0936	0.0877	0.1003	0.1078	0.1380	0.0662	0.0614	0.0659	0.0616	0.0686	0.0862	0.1088
2441	0.1464	0.1404	0.1341	0.1334	0.1272	0.1359	0.1266	0.1380	0.1410	0.1100	0.1126	0.1074	0.1234	0.1321	0.1425	0.0898	0.0932	0.0878	0.1005	0.1066	0.1385	0.0667	0.0629	0.0659	0.0634	0.0712	0.0870	0.1100
2442	0.1406	0.1387	0.1351	0.1334	0.1269	0.1344	0.1260	0.1402	0.1365	0.1130	0.1109	0.1074	0.1230	0.1332	0.1432	0.0937	0.0902	0.0909	0.0973	0.1054	0.1427	0.0691	0.0703	0.0660	0.0662	0.0711	0.0861	0.1134
2443	0.1372	0.1381	0.1355	0.1321	0.1277	0.1332	0.1277	0.1410	0.1334	0.1148	0.1100	0.1072	0.1222	0.1335	0.1424	0.0966	0.0881	0.0930	0.0943	0.1041	0.1430	0.0695	0.0736	0.0658	0.0669	0.0713	0.0853	0.1160
2444	0.1354	0.1381	0.1352	0.1288	0.1307	0.1327	0.1316	0.1404	0.1324	0.1150	0.1089	0.1066	0.1197	0.1327	0.1406	0.0980	0.0886	0.0933	0.0914	0.1018	0.1385	0.0675	0.0708	0.0658	0.0665	0.0716	0.0854	0.1162
2445	0.1343	0.1376	0.1353	0.1263	0.1306	0.1312	0.1337	0.1394	0.1305	0.1119	0.1091	0.1064	0.1179	0.1313	0.1403	0.0980	0.0897	0.0941	0.0898	0.1002	0.1366	0.0650	0.0675	0.0640	0.0652	0.0692	0.0857	0.1158
2446	0.1344	0.1383	0.1359	0.1254	0.1264	0.1286	0.1337	0.1385	0.1288	0.1053	0.1114	0.1062	0.1180	0.1292	0.1418	0.0954	0.0917	0.0959	0.0901	0.1021	0.1384	0.0618	0.0631	0.0601	0.0618	0.0641	0.0867	0.1147
2447	0.1347	0.1382	0.1349	0.1270	0.1230	0.1276	0.1325	0.1373	0.1290	0.1020	0.1114	0.1069	0.1190	0.1278	0.1420	0.0922	0.0923	0.0961	0.0876	0.1059	0.1403	0.0614	0.0595	0.0596	0.0595	0.0595	0.0851	0.1129
2448	0.1361	0.1363	0.1325	0.1316	0.1191	0.1287	0.1310	0.1357	0.1306	0.1023	0.1098	0.1084	0.1214	0.1280	0.1410	0.0894	0.0921	0.0947	0.0823	0.1108	0.1418	0.0643	0.0575	0.0623	0.0578	0.0552	0.0804	0.1116
2449	0.1348	0.1339	0.1304	0.1345	0.1169	0.1319	0.1314	0.1331	0.1313	0.1026	0.1083	0.1091	0.1214	0.1289	0.1401	0.0886	0.0947	0.0941	0.0816	0.1129	0.1414	0.0648	0.0563	0.0651	0.0570	0.0529	0.0772	0.1127
2450	0.1313	0.1313	0.1277	0.1348	0.1160	0.1377	0.1333	0.1289	0.1313	0.1022	0.1057	0.1080	0.1168	0.1300	0.1388	0.0888	0.0974	0.0930	0.0862	0.1126	0.1388	0.0623	0.0567	0.0689	0.0589	0.0528	0.0756	0.1170
2451	0.1296	0.1315	0.1266	0.1347	0.1157	0.1380	0.1351	0.1272	0.1294	0.1049	0.1045	0.1065	0.1131	0.1325	0.1374	0.0891	0.0942	0.0910	0.0887	0.1127	0.1378	0.0577	0.0591	0.0693	0.0611	0.0517	0.0750	0.1193
2452	0.1281	0.1353	0.1277	0.1345	0.1169	0.1333	0.1360	0.1270	0.1263	0.1109	0.1045	0.1057	0.1113	0.1364	0.1359	0.0896	0.0859	0.0886	0.0881	0.1114	0.1380	0.0515	0.0619	0.0644	0.0637	0.0489	0.0763	0.1181
2453	0.1296	0.1386	0.1281	0.1341	0.1172	0.1291	0.1363	0.1285	0.1238	0.1171	0.1009	0.1019	0.1124	0.1394	0.1334	0.0890	0.0794	0.0873	0.0881	0.1104	0.1375	0.0486	0.0620	0.0619	0.0646	0.0492	0.0792	0.1175
2454	0.1336	0.1400	0.1266	0.1323	0.1164	0.1244	0.1380	0.1314	0.1201	0.1249	0.0942	0.0973	0.1165	0.1394	0.1307	0.0886	0.0768	0.0867	0.0887	0.1108	0.1361	0.0488	0.0602	0.0628	0.0637	0.0530	0.0806	0.1169
2455	0.1359	0.1425	0.1260	0.1291	0.1139	0.1230	0.1356	0.1298	0.1190	0.1265	0.0937	0.0978	0.1189	0.1363	0.1305	0.0911	0.0781	0.0864	0.0905	0.1107	0.1371	0.0505	0.0549	0.0637	0.0626	0.0557	0.0793	0.1121
2456	0.1388	0.1473	0.1269	0.1262	0.1110	0.1235	0.1269	0.1264	0.1226	0.1221	0.0984	0.1010	0.1196	0.1314	0.1307	0.0959	0.0820	0.0874	0.0942	0.1108	0.1426	0.0530	0.0467	0.0659	0.0612	0.0575	0.0776	0.1024
2457	0.1405	0.1491	0.1225	0.1218	0.1053	0.1247	0.1180	0.1235	0.1245	0.1183	0.1050	0.1045	0.1186	0.1276	0.1301	0.0960	0.0827	0.0881	0.0969	0.1107	0.1462	0.0553	0.0422	0.0661	0.0629	0.0597	0.0731	0.0956
2458	0.1394	0.1490	0.1158	0.1169	0.0951	0.1275	0.1100	0.1202	0.1254	0.1165	0.1148	0.1072	0.1164	0.1260	0.1301	0.0926	0.0803	0.0887	0.0994	0.1071	0.1453	0.0575	0.0400	0.0652	0.0664	0.0653	0.0671	0.0941
2459	0.1397	0.1478	0.1106	0.1209	0.0921	0.1295	0.1079	0.1187	0.1272	0.1198	0.1168	0.1105	0.1167	0.1233	0.1283	0.0897	0.0773	0.0844	0.0967	0.1074	0.1445	0.0600	0.0416	0.0653	0.0692	0.0675	0.0696	0.0951
2460	0.1390	0.1447	0.1042	0.1287	0.0964	0.1304	0.1125	0.1191	0.1262	0.1229	0.1134	0.1146	0.1177	0.1210	0.1264	0.0878	0.0726	0.0759	0.0915	0.1163	0.1438	0.0615	0.0453	0.0632	0.0706	0.0646	0.0787	0.0971
2461	0.1334	0.1498	0.1041	0.1289	0.1032	0.1277	0.1166	0.1241	0.1275	0.1183	0.1101	0.1109	0.1182	0.1226	0.1269	0.0847	0.0730	0.0773	0.0878	0.1205	0.1358	0.0585	0.0443	0.0623	0.0683	0.0622	0.0843	0.1025
2462	0.1266	0.1579	0.1095	0.1235	0.1113	0.1224	0.1179	0.1307	0.1308	0.1109	0.1038	0.1033	0.1183	0.1278	0.1277	0.0786	0.0791	0.0855	0.0824	0.1178	0.1249	0.0557	0.0395	0.0634	0.0660	0.0581	0.0854	0.1104
2463	0.1247	0.1489	0.1121	0.1175	0.1218	0.1208	0.1172	0.1337	0.1343	0.1041	0.1025	0.0995	0.1202	0.1272	0.1298	0.0738	0.0816	0.0934	0.0852	0.1150	0.1193	0.0573	0.0392	0.0671	0.0674	0.0571	0.0848	0.1140
2464	0.1259	0.1313	0.1127	0.1140	0.1333	0.1229	0.1144	0.1336	0.1397	0.0976	0.1089	0.0967	0.1226	0.1195	0.1329	0.0698	0.0796	0.1031	0.0923	0.1103	0.1165	0.0604	0.0438	0.0729	0.0668	0.0628	0.0862	0.1173
2465	0.1270	0.1291	0.1165	0.1152	0.1364	0.1302	0.1098	0.1266	0.1345	0.0949	0.1138	0.0934	0.1206	0.1159	0.1351	0.0726	0.0747	0.1037	0.0957	0.1058	0.1156	0.0641	0.0499	0.0777	0.0602	0.0655	0.0878	0.1202
2466	0.1262	0.1353	0.1234	0.1182	0.1387	0.1401	0.1078	0.1181	0.1218	0.0924	0.1164	0.0890	0.1162	0.1159	0.1369	0.0834	0.0677	0.0978	0.0967	0.1052	0.1140	0.0679	0.0597	0.0812	0.0529	0.0632	0.0894	0.1192
2467	0.1247	0.1386	0.1317	0.1197	0.1323	0.1459	0.1144	0.1156	0.1155	0.0885	0.1163	0.0920	0.1128	0.1199	0.1421	0.0919	0.0687	0.0892	0.0991	0.1068	0.1149	0.0611	0.0703	0.0755	0.0477	0.0612	0.0937	0.1227
2468	0.1264	0.1416	0.1414	0.1212	0.1168	0.1498	0.1257	0.1172	0.1166	0.0846	0.1077	0.1020	0.1094	0.1224	0.1510	0.0946	0.0750	0.0761	0.1049	0.1079	0.1199	0.0469	0.0787	0.0646	0.0452	0.0601	0.0961	0.1308
2469	0.1299	0.1352	0.1447	0.1223	0.1080	0.1474	0.1296	0.1240	0.1210	0.0868	0.0987	0.1038	0.1085	0.1189	0.1544	0.0893	0.0793	0.0725	0.1041	0.1050	0.1298	0.0421	0.0769	0.0551	0.0569	0.0621	0.0894	0.1261
2470	0.1344	0.1241	0.1436	0.1205	0.1063	0.1443	0.1226	0.1330	0.1272	0.0943	0.0968	0.1056	0.1090	0.1170	0.1550	0.0812	0.0854	0.0770	0.1020	0.0998	0.1399	0.0414	0.0722	0.0454	0.0750	0.0677	0.0802	0.1157
2471	0.1359	0.1219	0.1457	0.1196	0.1117	0.1376	0.1244	0.1372	0.1338	0.0994	0.0961	0.1115	0.1128	0.1164	0.1470	0.0772	0.0914	0.0878	0.0992	0.0982	0.1378	0.0438	0.0677	0.0409	0.0839	0.0696	0.0806	0.1125
2472	0.1332	0.1229	0.1462	0.1208	0.1192	0.1258	0.1352	0.1390	0.1331	0.1028	0.0924	0.1115	0.1173	0.1192	0.1332	0.0769	0.0976	0.1006	0.0929	0.0999	0.1330	0.0529	0.0577	0.0375	0.0877	0.0633	0.0863	0.1112
2473	0.1370	0.1198	0.1450	0.1137	0.1203	0.1230	0.1409	0.1326	0.1279	0.1055	0.1034	0.1072	0.1204	0.1190	0.1343	0.0749	0.0854	0.1143	0.0959	0.1044	0.1372	0.0615	0.0474	0.0378	0.0793	0.0645	0.0919	0.1052
2474	0.1403	0.1155	0.1453	0.1028	0.1150	0.1228	0.1453	0.1220	0.1218	0.1092	0.1198	0.0972	0.1286	0.1162	0.1406	0.0689	0.0604	0.1325	0.1043	0.1090	0.1468	0.0668	0.0393	0.0481	0.0665	0.0684	0.1006	0.0993
2475	0.1367	0.1247	0.1374	0.0987	0.1156	0.1243	0.1498	0.1294	0.1216	0.1109	0.1180	0.0947	0.1282	0.1343	0.1340	0.0622	0.0483	0.1253	0.1075	0.1019	0.1525	0.0623	0.0359	0.0560	0.0686	0.0666	0.1066	0.0961
2476	0.1366	0.1419	0.1229	0.0970	0.1214	0.1258	0.1568	0.1432	0.1307	0.1096	0.1155	0.1043	0.1186	0.1570	0.1195	0.0620	0.0396	0.0981	0.1074	0.0928	0.1552	0.0520	0.0358	0.0589	0.0756	0.0653	0.1049	0.0894
2477	0.1455	0.1394	0.1170	0.0957	0.1163	0.1205	0.1620	0.1448	0.1379	0.1102	0.1054	0.1079	0.1092	0.1544	0.1162	0.0670	0.0395	0.0882	0.1050	0.1006	0.1640	0.0455	0.0282	0.0450	0.0850	0.0643	0.0940	0.0886
2478	0.1530	0.1250	0.1161	0.0926	0.1013	0.1150	0.1632	0.1408	0.1382	0.1087	0.0860	0.1043	0.1043	0.1472	0.1222	0.0621	0.0441	0.0913	0.1011	0.1070	0.1705	0.0450	0.0190	0.0189	0.0964	0.0700	0.0851	0.0872
2479	0.1389	0.1174	0.1303	0.1025	0.1153	0.1162	0.1422	0.1323	0.1389	0.0927	0.0822	0.1013	0.1114	0.1392	0.1248	0.0467	0.0477	0.0896	0.0922	0.1058	0.1710	0.0482	0.0127	0.0127	0.1045	0.0751	0.0808	0.0859
2480	0.1185	0.1170	0.1476	0.1246	0.1407	0.1224	0.1147	0.1224	0.1390	0.0721	0.0894	0.0970	0.1208	0.1302	0.1285	0.0381	0.0537	0.0915	0.0797	0.1044	0.1698	0.0515	0.0043	0.0154	0.1065	0.0754	0.0712	0.0849
2481	0.1108	0.1309	0.1443	0.1447	0.1270	0.1239	0.1151	0.1052	0.1238	0.0673	0.0800	0.0982	0.1274	0.1309	0.1517	0.0431	0.0513	0.0855	0.0620	0.1019	0.1689	0.0496	0.0215	0.0278	0.0968	0.0702	0.0644	0.0841
2482	0.1080	0.1451	0.1339	0.1600	0.1079	0.1193	0.1221	0.0849	0.1153	0.0703	0.0621	0.1039	0.1304	0.1312	0.1762	0.0513	0.0455	0.0706	0.0474	0.0991	0.1699	0.0482	0.0466	0.0441	0.0907	0.0612	0.0683	0.0890
2483	0.1051	0.1367	0.1497	0.1611	0.1141	0.1032	0.1307	0.0802	0.1115	0.0683	0.0781	0.1155	0.1245	0.1263	0.1877	0.0632	0.0512	0.0768	0.0469	0.0959	0.1601	0.0463	0.0630	0.0446	0.0835	0.0570	0.0793	0.0975
2484	0.1088	0.1202	0.1784	0.1552	0.1162	0.0873	0.1456	0.0820	0.1014	0.0723	0.1041	0.1312	0.1195	0.1191	0.1937	0.0740	0.0624	0.0933	0.0474	0.0900	0.1466	0.0362	0.0761	0.0351	0.0767	0.0509	0.0879	0.1049
2485	0.1110	0.1159	0.1901	0.1504	0.1105	0.0999	0.1469	0.0792	0.0937	0.0845	0.1080	0.1277	0.0979	0.1063	0.1786	0.0721	0.0693	0.0962	0.0504	0.0794	0.1462	0.0475	0.0609	0.0112	0.0761	0.0379	0.0913	0.1115
2486	0.1023	0.1191	0.1985	0.1480	0.1126	0.1122	0.1412	0.0799	0.0891	0.0937	0.1031	0.1198	0.0671	0.0948	0.1592	0.0674	0.0718	0.0917	0.0525	0.0730	0.1490	0.0670	0.0415	0.0000	0.0686	0.0306	0.0917	0.1207
2487	0.0838	0.1181	0.1748	0.1520	0.1117	0.1146	0.1457	0.0882	0.1084	0.1008	0.0984	0.1217	0.0729	0.1007	0.1444	0.0694	0.0725	0.0915	0.0485	0.0811	0.1488	0.0818	0.0547	0.0058	0.0550	0.0296	0.0969	0.1243
2488	0.0644	0.1151	0.1403	0.1573	0.1107	0.1277	0.1486	0.0989	0.1325	0.1004	0.0963	0.1237	0.0915	0.1147	0.1280	0.0735	0.0773	0.0846	0.0448	0.0959	0.1475	0.0924	0.0716	0.0089	0.0496	0.0294	0.1006	0.1182
2489	0.0666	0.1242	0.1283	0.1618	0.1056	0.1211	0.1529	0.0923	0.1281	0.1085	0.0930	0.1340	0.1069	0.1181	0.1111	0.0833	0.0728	0.0600	0.0492	0.0882	0.1403	0.0803	0.0903	0.0114	0.0538	0.0313	0.0976	0.1047
2490	0.0756	0.1385	0.1214	0.1652	0.0914	0.1034	0.1644	0.0774	0.1251	0.1198	0.0868	0.1492	0.1241	0.1141	0.1067	0.0916	0.0620	0.0392	0.0582	0.0638	0.1322	0.0700	0.1096	0.0194	0.0558	0.0344	0.0992	0.1012
2491	0.1002	0.1455	0.1123	0.1623	0.0798	0.1159	0.1458	0.0799	0.1491	0.1058	0.0786	0.1365	0.1180	0.1029	0.1236	0.0950	0.0804	0.0319	0.0695	0.0556	0.1252	0.0749	0.1034	0.0473	0.0450	0.0523	0.0932	0.1142
2492	0.1326	0.1537	0.1075	0.1579	0.0740	0.1364	0.1137	0.0846	0.1697	0.0836	0.0727	0.1141	0.1017	0.0880	0.1370	0.0977	0.1131	0.0317	0.0889	0.0623	0.1206	0.0877	0.0915	0.0837	0.0452	0.0698	0.0870	0.1262
2493	0.1334	0.1665	0.1353	0.1489	0.0644	0.1524	0.1102	0.0635	0.1841	0.0593	0.0826	0.1213	0.1119	0.0975	0.1509	0.0927	0.1111	0.0462	0.1157	0.0759	0.1090	0.0899	0.0962	0.1184	0.0822	0.0620	0.0948	0.1063
2494	0.1197	0.1677	0.1636	0.1336	0.0538	0.1727	0.1155	0.0344	0.1975	0.0457	0.0919	0.1285	0.1384	0.1133	0.1718	0.0991	0.0935	0.0515	0.1291	0.0970	0.0934	0.0755	0.1010	0.1439	0.1062	0.0519	0.0966	0.0735
2495	0.1083	0.1519	0.1583	0.1214	0.0700	0.1736	0.1274	0.0442	0.1963	0.0677	0.0815	0.1307	0.1462	0.0932	0.1960	0.1001	0.0656	0.0448	0.1115	0.1221	0.0754	0.0761	0.0882	0.1313	0.0982	0.0503	0.1022	0.0683
2496	0.1083	0.1386	0.1466	0.1170	0.0935	0.1612	0.1444	0.0697	0.1933	0.0890	0.0741	0.1501	0.1321	0.0608	0.2098	0.0840	0.0371	0.0483	0.0913	0.1355	0.0572	0.0841	0.0851	0.1088	0.0919	0.0389	0.1056	0.0597
2497	0.1132	0.1419	0.1481	0.1260	0.0949	0.1570	0.1572	0.0927	0.1527	0.0784	0.0974	0.1685	0.1144	0.0561	0.1953	0.0776	0.0212	0.0355	0.0956	0.1398	0.0664	0.0775	0.0624	0.0805	0.0856	0.0290	0.0870	0.0450
2498	0.1162	0.1468	0.1492	0.1365	0.0840	0.1545	0.1623	0.1261	0.0908	0.0566	0.1287	0.1660	0.1133	0.0611	0.1683	0.0701	0.0179	0.0226	0.0972	0.1506	0.0895	0.0747	0.0223	0.0430	0.0777	0.0404	0.0702	0.0584
2499	0.1268	0.1293	0.1402	0.1329	0.0912	0.1535	0.1442	0.1346	0.0798	0.0361	0.1341	0.1341	0.1421	0.0336	0.1383	0.0433	0.0346	0.0473	0.0658	0.1603	0.1065	0.0629	0.0163	0.0302	0.0736	0.0427	0.0548	0.0842
2500	0.1412	0.1145	0.1385	0.1198	0.1113	0.1596	0.1298	0.1165	0.0979	0.0229	0.1310	0.1037	0.1736	0.0171	0.1249	0.0153	0.0330	0.0786	0.0369	0.1589	0.1061	0.0513	0.0271	0.0418	0.0654	0.0248	0.0431	0.1029
