Wvl	1	2	3	4	5	6	7	8	9	10	11	12	13	14	15	16	17	18	19	20	21	22	23	24	25	26	27	28
350	0.0406	0.0371	0.0368	0.0382	0.0360	0.0427	0.0356	0.0381	0.0375	0.0323	0.0347	0.0368	0.0228	0.0376	0.0293	0.0198	0.0131	0.0181	0.0261	0.0249	0.0292	0.0095	0.0098	0.0104	0.0066	0.0117	0.0103	0.0304
351	0.0351	0.0403	0.0333	0.0366	0.0321	0.0416	0.0320	0.0432	0.0369	0.0298	0.0333	0.0288	0.0275	0.0351	0.0269	0.0142	0.0123	0.0117	0.0200	0.0296	0.0381	0.0034	0.0115	0.0167	0.0081	0.0151	0.0104	0.0308
352	0.0377	0.0492	0.0436	0.0410	0.0385	0.0454	0.0429	0.0435	0.0413	0.0311	0.0353	0.0319	0.0328	0.0400	0.0395	0.0224	0.0212	0.0152	0.0245	0.0343	0.0326	0.0123	0.0191	0.0144	0.0144	0.0169	0.0170	0.0341
353	0.0388	0.0483	0.0461	0.0426	0.0427	0.0448	0.0425	0.0389	0.0404	0.0316	0.0351	0.0355	0.0338	0.0378	0.0404	0.0247	0.0179	0.0155	0.0268	0.0348	0.0317	0.0154	0.0196	0.0137	0.0173	0.0136	0.0193	0.0344
354	0.0389	0.0413	0.0437	0.0418	0.0443	0.0413	0.0349	0.0325	0.0366	0.0319	0.0330	0.0386	0.0319	0.0321	0.0336	0.0233	0.0088	0.0139	0.0273	0.0322	0.0340	0.0146	0.0153	0.0144	0.0174	0.0085	0.0185	0.0320
355	0.0399	0.0401	0.0466	0.0383	0.0408	0.0389	0.0330	0.0366	0.0397	0.0339	0.0276	0.0359	0.0300	0.0362	0.0305	0.0256	0.0199	0.0164	0.0269	0.0276	0.0347	0.0155	0.0118	0.0173	0.0155	0.0133	0.0176	0.0255
356	0.0422	0.0405	0.0419	0.0408	0.0402	0.0385	0.0369	0.0396	0.0417	0.0352	0.0264	0.0356	0.0310	0.0357	0.0325	0.0256	0.0241	0.0183	0.0261	0.0296	0.0391	0.0145	0.0114	0.0166	0.0158	0.0147	0.0192	0.0304
357	0.0429	0.0401	0.0365	0.0438	0.0394	0.0394	0.0404	0.0406	0.0417	0.0361	0.0270	0.0348	0.0323	0.0342	0.0352	0.0248	0.0239	0.0199	0.0248	0.0331	0.0418	0.0146	0.0120	0.0143	0.0155	0.0142	0.0206	0.0354
358	0.0383	0.0360	0.0372	0.0419	0.0346	0.0413	0.0367	0.0378	0.0376	0.0369	0.0276	0.0299	0.0313	0.0348	0.0346	0.0242	0.0196	0.0219	0.0226	0.0339	0.0365	0.0196	0.0122	0.0112	0.0108	0.0124	0.0190	0.0288
359	0.0402	0.0364	0.0389	0.0354	0.0343	0.0365	0.0335	0.0361	0.0367	0.0333	0.0287	0.0297	0.0289	0.0342	0.0334	0.0240	0.0182	0.0211	0.0249	0.0278	0.0356	0.0161	0.0132	0.0118	0.0114	0.0115	0.0218	0.0312
360	0.0423	0.0372	0.0393	0.0340	0.0350	0.0342	0.0328	0.0351	0.0369	0.0310	0.0311	0.0308	0.0280	0.0340	0.0332	0.0233	0.0180	0.0204	0.0259	0.0254	0.0346	0.0140	0.0135	0.0132	0.0124	0.0125	0.0228	0.0335
361	0.0426	0.0373	0.0375	0.0405	0.0361	0.0375	0.0352	0.0349	0.0377	0.0318	0.0350	0.0323	0.0294	0.0349	0.0343	0.0219	0.0186	0.0206	0.0237	0.0301	0.0324	0.0163	0.0128	0.0146	0.0124	0.0161	0.0204	0.0334
362	0.0385	0.0347	0.0382	0.0365	0.0336	0.0387	0.0318	0.0365	0.0353	0.0321	0.0307	0.0290	0.0277	0.0305	0.0340	0.0219	0.0186	0.0199	0.0220	0.0276	0.0340	0.0165	0.0134	0.0137	0.0118	0.0134	0.0187	0.0307
363	0.0364	0.0335	0.0365	0.0339	0.0316	0.0367	0.0318	0.0347	0.0346	0.0307	0.0278	0.0263	0.0265	0.0292	0.0321	0.0214	0.0191	0.0178	0.0214	0.0248	0.0327	0.0155	0.0129	0.0135	0.0122	0.0115	0.0177	0.0292
364	0.0359	0.0336	0.0333	0.0332	0.0305	0.0330	0.0342	0.0309	0.0351	0.0285	0.0265	0.0248	0.0258	0.0306	0.0297	0.0205	0.0199	0.0154	0.0215	0.0223	0.0298	0.0139	0.0117	0.0142	0.0136	0.0108	0.0174	0.0291
365	0.0350	0.0356	0.0337	0.0357	0.0338	0.0356	0.0339	0.0335	0.0343	0.0305	0.0268	0.0293	0.0270	0.0314	0.0337	0.0211	0.0199	0.0199	0.0226	0.0244	0.0329	0.0164	0.0124	0.0166	0.0162	0.0141	0.0174	0.0308
366	0.0351	0.0356	0.0357	0.0357	0.0339	0.0356	0.0328	0.0341	0.0340	0.0304	0.0264	0.0293	0.0271	0.0323	0.0345	0.0228	0.0207	0.0209	0.0220	0.0258	0.0343	0.0172	0.0142	0.0144	0.0156	0.0158	0.0181	0.0327
367	0.0356	0.0355	0.0373	0.0347	0.0330	0.0346	0.0319	0.0340	0.0337	0.0295	0.0265	0.0282	0.0274	0.0325	0.0341	0.0242	0.0212	0.0205	0.0217	0.0268	0.0345	0.0177	0.0160	0.0123	0.0145	0.0165	0.0192	0.0340
368	0.0357	0.0377	0.0355	0.0337	0.0334	0.0339	0.0323	0.0340	0.0334	0.0291	0.0291	0.0297	0.0300	0.0308	0.0350	0.0236	0.0200	0.0209	0.0246	0.0278	0.0332	0.0197	0.0164	0.0166	0.0156	0.0165	0.0207	0.0332
369	0.0351	0.0362	0.0349	0.0325	0.0335	0.0326	0.0329	0.0323	0.0333	0.0299	0.0296	0.0294	0.0285	0.0310	0.0346	0.0227	0.0195	0.0206	0.0243	0.0284	0.0342	0.0177	0.0159	0.0168	0.0162	0.0177	0.0213	0.0321
370	0.0352	0.0349	0.0346	0.0329	0.0338	0.0328	0.0332	0.0313	0.0334	0.0304	0.0302	0.0291	0.0278	0.0315	0.0343	0.0231	0.0202	0.0200	0.0240	0.0285	0.0355	0.0155	0.0154	0.0164	0.0166	0.0184	0.0222	0.0318
371	0.0365	0.0350	0.0343	0.0356	0.0341	0.0350	0.0333	0.0320	0.0337	0.0302	0.0315	0.0292	0.0298	0.0317	0.0348	0.0257	0.0225	0.0195	0.0246	0.0283	0.0365	0.0142	0.0150	0.0163	0.0171	0.0176	0.0238	0.0327
372	0.0348	0.0356	0.0333	0.0351	0.0340	0.0346	0.0333	0.0331	0.0338	0.0310	0.0298	0.0286	0.0287	0.0304	0.0325	0.0249	0.0217	0.0201	0.0237	0.0267	0.0333	0.0165	0.0154	0.0157	0.0156	0.0165	0.0215	0.0306
373	0.0354	0.0353	0.0341	0.0346	0.0343	0.0350	0.0333	0.0337	0.0341	0.0308	0.0297	0.0281	0.0278	0.0307	0.0327	0.0247	0.0211	0.0204	0.0232	0.0268	0.0333	0.0180	0.0150	0.0157	0.0154	0.0164	0.0211	0.0302
374	0.0377	0.0343	0.0362	0.0342	0.0347	0.0360	0.0334	0.0337	0.0346	0.0301	0.0310	0.0279	0.0274	0.0323	0.0350	0.0251	0.0208	0.0203	0.0230	0.0284	0.0362	0.0184	0.0142	0.0162	0.0162	0.0172	0.0225	0.0315
375	0.0375	0.0339	0.0348	0.0342	0.0319	0.0358	0.0336	0.0329	0.0345	0.0312	0.0304	0.0272	0.0294	0.0319	0.0354	0.0244	0.0211	0.0204	0.0233	0.0272	0.0359	0.0172	0.0157	0.0166	0.0153	0.0164	0.0235	0.0336
376	0.0360	0.0342	0.0339	0.0336	0.0315	0.0352	0.0342	0.0321	0.0334	0.0307	0.0294	0.0270	0.0291	0.0309	0.0340	0.0241	0.0207	0.0203	0.0236	0.0262	0.0348	0.0166	0.0159	0.0153	0.0143	0.0157	0.0227	0.0335
377	0.0348	0.0350	0.0335	0.0334	0.0327	0.0348	0.0346	0.0318	0.0324	0.0300	0.0291	0.0273	0.0281	0.0302	0.0327	0.0242	0.0206	0.0207	0.0238	0.0258	0.0337	0.0169	0.0159	0.0138	0.0138	0.0156	0.0215	0.0332
378	0.0364	0.0361	0.0343	0.0349	0.0351	0.0354	0.0337	0.0328	0.0335	0.0314	0.0309	0.0285	0.0282	0.0314	0.0350	0.0248	0.0227	0.0230	0.0238	0.0274	0.0344	0.0196	0.0179	0.0145	0.0154	0.0170	0.0219	0.0350
379	0.0360	0.0358	0.0341	0.0349	0.0353	0.0342	0.0338	0.0337	0.0339	0.0318	0.0300	0.0286	0.0289	0.0321	0.0353	0.0249	0.0218	0.0226	0.0239	0.0267	0.0340	0.0196	0.0172	0.0156	0.0168	0.0177	0.0222	0.0340
380	0.0346	0.0355	0.0339	0.0347	0.0349	0.0336	0.0337	0.0340	0.0338	0.0318	0.0287	0.0285	0.0291	0.0322	0.0353	0.0251	0.0208	0.0216	0.0237	0.0264	0.0338	0.0189	0.0162	0.0160	0.0168	0.0177	0.0221	0.0331
381	0.0322	0.0355	0.0338	0.0346	0.0345	0.0348	0.0328	0.0336	0.0329	0.0317	0.0280	0.0288	0.0281	0.0320	0.0353	0.0258	0.0205	0.0209	0.0232	0.0275	0.0340	0.0184	0.0156	0.0150	0.0144	0.0170	0.0217	0.0335
382	0.0347	0.0359	0.0344	0.0341	0.0343	0.0351	0.0336	0.0335	0.0331	0.0320	0.0283	0.0278	0.0281	0.0315	0.0355	0.0255	0.0203	0.0208	0.0227	0.0271	0.0352	0.0191	0.0170	0.0159	0.0144	0.0163	0.0217	0.0341
383	0.0359	0.0355	0.0350	0.0340	0.0338	0.0351	0.0342	0.0332	0.0337	0.0323	0.0292	0.0272	0.0287	0.0316	0.0349	0.0247	0.0207	0.0213	0.0230	0.0273	0.0352	0.0194	0.0173	0.0164	0.0147	0.0160	0.0218	0.0337
384	0.0355	0.0345	0.0354	0.0343	0.0332	0.0350	0.0344	0.0327	0.0345	0.0327	0.0305	0.0271	0.0297	0.0321	0.0335	0.0237	0.0216	0.0221	0.0241	0.0281	0.0343	0.0193	0.0167	0.0164	0.0153	0.0160	0.0220	0.0324
385	0.0359	0.0361	0.0350	0.0335	0.0354	0.0363	0.0333	0.0325	0.0350	0.0328	0.0310	0.0287	0.0292	0.0328	0.0339	0.0244	0.0226	0.0222	0.0232	0.0284	0.0340	0.0193	0.0167	0.0158	0.0165	0.0172	0.0223	0.0329
386	0.0366	0.0365	0.0345	0.0337	0.0357	0.0362	0.0332	0.0331	0.0355	0.0324	0.0303	0.0291	0.0294	0.0332	0.0344	0.0253	0.0226	0.0220	0.0240	0.0288	0.0351	0.0193	0.0166	0.0161	0.0168	0.0173	0.0226	0.0334
387	0.0370	0.0362	0.0344	0.0343	0.0350	0.0355	0.0337	0.0340	0.0359	0.0318	0.0293	0.0289	0.0297	0.0331	0.0348	0.0259	0.0224	0.0217	0.0251	0.0294	0.0366	0.0192	0.0162	0.0164	0.0165	0.0169	0.0228	0.0337
388	0.0359	0.0362	0.0352	0.0343	0.0341	0.0356	0.0340	0.0343	0.0359	0.0321	0.0292	0.0296	0.0297	0.0320	0.0347	0.0259	0.0232	0.0222	0.0242	0.0299	0.0359	0.0189	0.0148	0.0155	0.0162	0.0171	0.0229	0.0329
389	0.0373	0.0366	0.0356	0.0352	0.0351	0.0364	0.0345	0.0347	0.0354	0.0327	0.0311	0.0297	0.0310	0.0332	0.0353	0.0266	0.0236	0.0232	0.0249	0.0297	0.0362	0.0190	0.0168	0.0159	0.0166	0.0187	0.0232	0.0336
390	0.0382	0.0371	0.0357	0.0356	0.0358	0.0367	0.0348	0.0346	0.0351	0.0330	0.0324	0.0296	0.0316	0.0341	0.0358	0.0269	0.0235	0.0239	0.0254	0.0291	0.0365	0.0194	0.0182	0.0166	0.0168	0.0194	0.0235	0.0343
391	0.0371	0.0375	0.0354	0.0345	0.0349	0.0360	0.0346	0.0336	0.0354	0.0328	0.0317	0.0292	0.0307	0.0334	0.0359	0.0263	0.0223	0.0241	0.0247	0.0285	0.0362	0.0201	0.0169	0.0173	0.0166	0.0178	0.0241	0.0340
392	0.0372	0.0370	0.0350	0.0351	0.0360	0.0366	0.0352	0.0345	0.0361	0.0336	0.0317	0.0292	0.0307	0.0333	0.0365	0.0267	0.0231	0.0232	0.0247	0.0291	0.0356	0.0204	0.0173	0.0164	0.0163	0.0178	0.0238	0.0337
393	0.0378	0.0373	0.0351	0.0356	0.0366	0.0370	0.0356	0.0350	0.0366	0.0339	0.0315	0.0293	0.0309	0.0335	0.0370	0.0268	0.0236	0.0228	0.0251	0.0293	0.0360	0.0208	0.0174	0.0161	0.0161	0.0183	0.0236	0.0340
394	0.0386	0.0384	0.0357	0.0359	0.0366	0.0371	0.0357	0.0349	0.0369	0.0336	0.0313	0.0295	0.0310	0.0341	0.0373	0.0265	0.0239	0.0230	0.0258	0.0289	0.0373	0.0213	0.0173	0.0166	0.0160	0.0191	0.0237	0.0346
395	0.0383	0.0377	0.0363	0.0358	0.0366	0.0371	0.0356	0.0356	0.0363	0.0332	0.0318	0.0304	0.0312	0.0338	0.0364	0.0262	0.0240	0.0233	0.0250	0.0284	0.0367	0.0209	0.0174	0.0175	0.0169	0.0200	0.0240	0.0350
396	0.0383	0.0377	0.0363	0.0357	0.0362	0.0367	0.0353	0.0356	0.0362	0.0336	0.0318	0.0306	0.0308	0.0332	0.0360	0.0261	0.0234	0.0236	0.0249	0.0287	0.0364	0.0208	0.0179	0.0171	0.0167	0.0192	0.0235	0.0346
397	0.0385	0.0381	0.0361	0.0355	0.0357	0.0363	0.0350	0.0351	0.0360	0.0342	0.0316	0.0303	0.0301	0.0327	0.0358	0.0261	0.0227	0.0238	0.0252	0.0293	0.0364	0.0206	0.0186	0.0161	0.0160	0.0179	0.0227	0.0340
398	0.0383	0.0379	0.0356	0.0350	0.0361	0.0367	0.0351	0.0344	0.0348	0.0341	0.0317	0.0294	0.0296	0.0332	0.0353	0.0257	0.0233	0.0237	0.0249	0.0300	0.0369	0.0197	0.0186	0.0160	0.0158	0.0180	0.0233	0.0339
399	0.0383	0.0381	0.0352	0.0349	0.0368	0.0370	0.0356	0.0345	0.0356	0.0347	0.0322	0.0303	0.0302	0.0335	0.0362	0.0266	0.0236	0.0229	0.0255	0.0294	0.0370	0.0201	0.0184	0.0169	0.0166	0.0183	0.0242	0.0339
400	0.0385	0.0382	0.0355	0.0354	0.0371	0.0376	0.0358	0.0349	0.0368	0.0353	0.0328	0.0310	0.0309	0.0337	0.0371	0.0277	0.0240	0.0226	0.0261	0.0290	0.0371	0.0205	0.0181	0.0177	0.0175	0.0188	0.0244	0.0342
401	0.0391	0.0378	0.0373	0.0371	0.0367	0.0385	0.0356	0.0352	0.0376	0.0356	0.0333	0.0305	0.0311	0.0337	0.0372	0.0284	0.0248	0.0241	0.0263	0.0300	0.0372	0.0202	0.0178	0.0181	0.0178	0.0195	0.0230	0.0348
402	0.0390	0.0388	0.0374	0.0363	0.0376	0.0383	0.0361	0.0352	0.0375	0.0355	0.0330	0.0307	0.0317	0.0340	0.0370	0.0276	0.0247	0.0244	0.0264	0.0304	0.0380	0.0212	0.0180	0.0179	0.0177	0.0193	0.0237	0.0351
403	0.0390	0.0393	0.0376	0.0361	0.0382	0.0383	0.0363	0.0356	0.0373	0.0355	0.0327	0.0313	0.0321	0.0344	0.0371	0.0273	0.0249	0.0248	0.0264	0.0306	0.0385	0.0217	0.0184	0.0174	0.0177	0.0195	0.0246	0.0353
404	0.0391	0.0392	0.0380	0.0368	0.0382	0.0384	0.0360	0.0366	0.0369	0.0359	0.0327	0.0323	0.0322	0.0348	0.0377	0.0275	0.0254	0.0256	0.0264	0.0306	0.0384	0.0214	0.0190	0.0168	0.0179	0.0202	0.0254	0.0357
405	0.0395	0.0397	0.0376	0.0369	0.0380	0.0378	0.0365	0.0364	0.0376	0.0364	0.0336	0.0320	0.0315	0.0349	0.0377	0.0290	0.0250	0.0249	0.0271	0.0302	0.0383	0.0208	0.0187	0.0174	0.0182	0.0199	0.0253	0.0344
406	0.0395	0.0395	0.0372	0.0367	0.0378	0.0377	0.0362	0.0360	0.0377	0.0363	0.0333	0.0314	0.0316	0.0349	0.0377	0.0292	0.0249	0.0247	0.0268	0.0300	0.0378	0.0211	0.0189	0.0178	0.0175	0.0195	0.0247	0.0342
407	0.0393	0.0390	0.0370	0.0366	0.0379	0.0381	0.0358	0.0358	0.0376	0.0360	0.0328	0.0310	0.0321	0.0348	0.0379	0.0287	0.0251	0.0247	0.0263	0.0300	0.0373	0.0219	0.0191	0.0180	0.0166	0.0191	0.0242	0.0347
408	0.0397	0.0393	0.0375	0.0369	0.0386	0.0385	0.0374	0.0371	0.0380	0.0365	0.0344	0.0324	0.0327	0.0352	0.0391	0.0285	0.0256	0.0246	0.0277	0.0304	0.0378	0.0221	0.0185	0.0185	0.0175	0.0193	0.0253	0.0359
409	0.0401	0.0397	0.0382	0.0376	0.0390	0.0392	0.0376	0.0369	0.0385	0.0368	0.0342	0.0323	0.0326	0.0355	0.0390	0.0284	0.0255	0.0244	0.0274	0.0310	0.0381	0.0224	0.0194	0.0188	0.0179	0.0199	0.0254	0.0365
410	0.0404	0.0400	0.0385	0.0383	0.0393	0.0396	0.0375	0.0365	0.0386	0.0370	0.0336	0.0319	0.0324	0.0354	0.0386	0.0286	0.0255	0.0244	0.0269	0.0314	0.0384	0.0227	0.0202	0.0189	0.0180	0.0204	0.0251	0.0365
411	0.0406	0.0399	0.0377	0.0384	0.0395	0.0393	0.0373	0.0368	0.0378	0.0369	0.0335	0.0319	0.0324	0.0348	0.0385	0.0296	0.0261	0.0247	0.0269	0.0316	0.0388	0.0229	0.0200	0.0190	0.0176	0.0203	0.0247	0.0358
412	0.0405	0.0405	0.0382	0.0379	0.0393	0.0393	0.0378	0.0374	0.0382	0.0374	0.0341	0.0321	0.0329	0.0349	0.0388	0.0292	0.0265	0.0247	0.0274	0.0317	0.0386	0.0228	0.0195	0.0189	0.0178	0.0200	0.0252	0.0368
413	0.0406	0.0410	0.0386	0.0376	0.0393	0.0394	0.0377	0.0377	0.0384	0.0378	0.0345	0.0323	0.0333	0.0349	0.0391	0.0290	0.0264	0.0246	0.0276	0.0315	0.0387	0.0229	0.0195	0.0187	0.0180	0.0199	0.0255	0.0368
414	0.0410	0.0413	0.0385	0.0377	0.0395	0.0395	0.0369	0.0376	0.0384	0.0379	0.0346	0.0325	0.0335	0.0350	0.0391	0.0293	0.0257	0.0246	0.0276	0.0308	0.0390	0.0233	0.0201	0.0184	0.0183	0.0200	0.0254	0.0357
415	0.0417	0.0414	0.0384	0.0382	0.0404	0.0397	0.0374	0.0373	0.0387	0.0377	0.0348	0.0329	0.0335	0.0360	0.0390	0.0294	0.0259	0.0251	0.0276	0.0316	0.0390	0.0228	0.0201	0.0191	0.0184	0.0199	0.0258	0.0362
416	0.0421	0.0413	0.0390	0.0385	0.0407	0.0401	0.0382	0.0379	0.0388	0.0383	0.0352	0.0331	0.0339	0.0365	0.0393	0.0299	0.0263	0.0258	0.0279	0.0319	0.0391	0.0230	0.0203	0.0194	0.0189	0.0202	0.0263	0.0369
417	0.0421	0.0410	0.0397	0.0386	0.0406	0.0404	0.0388	0.0387	0.0387	0.0390	0.0356	0.0332	0.0343	0.0366	0.0398	0.0304	0.0267	0.0265	0.0284	0.0319	0.0394	0.0235	0.0206	0.0195	0.0195	0.0207	0.0267	0.0374
418	0.0415	0.0407	0.0398	0.0386	0.0403	0.0398	0.0378	0.0381	0.0387	0.0377	0.0353	0.0333	0.0335	0.0361	0.0396	0.0303	0.0268	0.0265	0.0278	0.0316	0.0391	0.0236	0.0203	0.0191	0.0188	0.0207	0.0262	0.0372
419	0.0415	0.0406	0.0392	0.0388	0.0402	0.0398	0.0379	0.0382	0.0390	0.0376	0.0352	0.0331	0.0335	0.0362	0.0398	0.0302	0.0267	0.0264	0.0278	0.0318	0.0392	0.0236	0.0200	0.0190	0.0187	0.0204	0.0262	0.0366
420	0.0415	0.0408	0.0388	0.0388	0.0402	0.0400	0.0383	0.0383	0.0393	0.0378	0.0353	0.0330	0.0338	0.0363	0.0400	0.0302	0.0267	0.0264	0.0279	0.0321	0.0393	0.0236	0.0198	0.0188	0.0188	0.0203	0.0265	0.0360
421	0.0415	0.0412	0.0395	0.0385	0.0402	0.0400	0.0388	0.0382	0.0391	0.0383	0.0357	0.0331	0.0339	0.0361	0.0399	0.0303	0.0269	0.0264	0.0277	0.0322	0.0398	0.0237	0.0196	0.0183	0.0188	0.0207	0.0266	0.0358
422	0.0419	0.0417	0.0395	0.0392	0.0407	0.0406	0.0390	0.0386	0.0396	0.0387	0.0359	0.0333	0.0340	0.0362	0.0396	0.0307	0.0273	0.0269	0.0279	0.0326	0.0398	0.0243	0.0202	0.0187	0.0193	0.0209	0.0267	0.0362
423	0.0421	0.0420	0.0397	0.0397	0.0412	0.0410	0.0391	0.0390	0.0399	0.0389	0.0358	0.0335	0.0341	0.0364	0.0397	0.0309	0.0275	0.0270	0.0282	0.0330	0.0400	0.0246	0.0207	0.0192	0.0194	0.0210	0.0265	0.0365
424	0.0420	0.0420	0.0403	0.0398	0.0413	0.0411	0.0394	0.0393	0.0399	0.0389	0.0357	0.0338	0.0344	0.0368	0.0402	0.0310	0.0274	0.0269	0.0284	0.0332	0.0402	0.0245	0.0210	0.0199	0.0192	0.0213	0.0262	0.0367
425	0.0424	0.0421	0.0403	0.0399	0.0416	0.0411	0.0393	0.0393	0.0400	0.0396	0.0366	0.0342	0.0346	0.0372	0.0406	0.0315	0.0278	0.0271	0.0284	0.0327	0.0405	0.0243	0.0213	0.0196	0.0194	0.0212	0.0267	0.0372
426	0.0425	0.0423	0.0402	0.0400	0.0417	0.0413	0.0393	0.0393	0.0402	0.0398	0.0366	0.0343	0.0347	0.0373	0.0408	0.0314	0.0281	0.0272	0.0285	0.0326	0.0405	0.0244	0.0212	0.0196	0.0197	0.0213	0.0267	0.0375
427	0.0426	0.0425	0.0401	0.0401	0.0416	0.0416	0.0394	0.0392	0.0404	0.0395	0.0363	0.0344	0.0347	0.0372	0.0409	0.0312	0.0282	0.0273	0.0288	0.0328	0.0402	0.0247	0.0211	0.0198	0.0198	0.0216	0.0266	0.0376
428	0.0432	0.0427	0.0403	0.0402	0.0418	0.0415	0.0396	0.0393	0.0402	0.0396	0.0363	0.0346	0.0351	0.0372	0.0407	0.0313	0.0277	0.0274	0.0290	0.0327	0.0401	0.0251	0.0217	0.0199	0.0198	0.0218	0.0269	0.0377
429	0.0432	0.0431	0.0409	0.0402	0.0420	0.0416	0.0401	0.0398	0.0405	0.0402	0.0369	0.0346	0.0354	0.0376	0.0411	0.0317	0.0282	0.0277	0.0295	0.0332	0.0403	0.0255	0.0221	0.0202	0.0201	0.0219	0.0272	0.0378
430	0.0435	0.0434	0.0413	0.0405	0.0422	0.0419	0.0406	0.0403	0.0409	0.0408	0.0376	0.0348	0.0357	0.0380	0.0416	0.0319	0.0289	0.0280	0.0298	0.0337	0.0407	0.0257	0.0223	0.0204	0.0204	0.0221	0.0276	0.0380
431	0.0445	0.0437	0.0412	0.0411	0.0429	0.0426	0.0411	0.0406	0.0411	0.0408	0.0380	0.0354	0.0364	0.0382	0.0418	0.0316	0.0291	0.0283	0.0299	0.0338	0.0413	0.0257	0.0223	0.0207	0.0205	0.0224	0.0279	0.0381
432	0.0443	0.0436	0.0414	0.0412	0.0430	0.0425	0.0408	0.0406	0.0414	0.0407	0.0376	0.0353	0.0361	0.0384	0.0417	0.0321	0.0288	0.0280	0.0297	0.0340	0.0415	0.0256	0.0222	0.0206	0.0202	0.0225	0.0277	0.0381
433	0.0443	0.0437	0.0416	0.0412	0.0431	0.0425	0.0406	0.0405	0.0417	0.0409	0.0375	0.0354	0.0359	0.0385	0.0417	0.0324	0.0288	0.0280	0.0296	0.0340	0.0416	0.0256	0.0221	0.0206	0.0203	0.0224	0.0275	0.0381
434	0.0447	0.0439	0.0419	0.0412	0.0433	0.0427	0.0408	0.0405	0.0418	0.0412	0.0378	0.0357	0.0361	0.0385	0.0418	0.0324	0.0291	0.0283	0.0297	0.0339	0.0416	0.0257	0.0222	0.0206	0.0207	0.0224	0.0274	0.0381
435	0.0447	0.0442	0.0420	0.0417	0.0437	0.0430	0.0414	0.0410	0.0419	0.0415	0.0379	0.0361	0.0366	0.0386	0.0423	0.0326	0.0293	0.0287	0.0303	0.0343	0.0417	0.0258	0.0223	0.0205	0.0207	0.0226	0.0280	0.0381
436	0.0450	0.0446	0.0423	0.0421	0.0440	0.0435	0.0417	0.0413	0.0423	0.0418	0.0383	0.0364	0.0368	0.0387	0.0425	0.0329	0.0297	0.0289	0.0305	0.0346	0.0420	0.0259	0.0224	0.0208	0.0209	0.0228	0.0283	0.0385
437	0.0453	0.0449	0.0428	0.0426	0.0442	0.0440	0.0419	0.0415	0.0428	0.0422	0.0388	0.0367	0.0370	0.0389	0.0427	0.0334	0.0302	0.0289	0.0306	0.0347	0.0423	0.0261	0.0227	0.0213	0.0212	0.0230	0.0285	0.0389
438	0.0457	0.0455	0.0431	0.0428	0.0447	0.0442	0.0423	0.0420	0.0429	0.0426	0.0392	0.0369	0.0372	0.0392	0.0431	0.0339	0.0304	0.0294	0.0310	0.0352	0.0426	0.0268	0.0232	0.0217	0.0216	0.0233	0.0290	0.0392
439	0.0456	0.0455	0.0432	0.0427	0.0446	0.0443	0.0422	0.0419	0.0429	0.0425	0.0393	0.0368	0.0372	0.0395	0.0431	0.0339	0.0304	0.0295	0.0309	0.0351	0.0427	0.0267	0.0230	0.0214	0.0213	0.0234	0.0286	0.0391
440	0.0456	0.0454	0.0432	0.0427	0.0445	0.0442	0.0420	0.0418	0.0429	0.0424	0.0393	0.0367	0.0371	0.0397	0.0430	0.0338	0.0305	0.0294	0.0308	0.0350	0.0428	0.0265	0.0227	0.0211	0.0209	0.0234	0.0282	0.0389
441	0.0460	0.0456	0.0432	0.0430	0.0445	0.0441	0.0421	0.0420	0.0433	0.0425	0.0392	0.0368	0.0372	0.0401	0.0430	0.0337	0.0306	0.0294	0.0309	0.0350	0.0428	0.0267	0.0229	0.0215	0.0212	0.0233	0.0283	0.0389
442	0.0461	0.0456	0.0432	0.0433	0.0450	0.0443	0.0424	0.0424	0.0436	0.0429	0.0394	0.0372	0.0374	0.0400	0.0435	0.0340	0.0306	0.0293	0.0310	0.0350	0.0428	0.0271	0.0233	0.0216	0.0212	0.0234	0.0286	0.0392
443	0.0463	0.0459	0.0435	0.0436	0.0454	0.0446	0.0429	0.0428	0.0438	0.0432	0.0398	0.0375	0.0377	0.0401	0.0439	0.0342	0.0308	0.0296	0.0312	0.0352	0.0430	0.0275	0.0235	0.0217	0.0214	0.0236	0.0289	0.0396
444	0.0466	0.0464	0.0441	0.0440	0.0456	0.0449	0.0436	0.0432	0.0440	0.0436	0.0404	0.0376	0.0381	0.0405	0.0442	0.0344	0.0312	0.0304	0.0318	0.0358	0.0434	0.0279	0.0236	0.0223	0.0219	0.0238	0.0291	0.0399
445	0.0470	0.0469	0.0444	0.0443	0.0459	0.0455	0.0436	0.0432	0.0443	0.0440	0.0406	0.0379	0.0383	0.0406	0.0445	0.0345	0.0314	0.0305	0.0319	0.0359	0.0436	0.0279	0.0237	0.0222	0.0220	0.0240	0.0293	0.0402
446	0.0473	0.0472	0.0446	0.0445	0.0462	0.0457	0.0438	0.0434	0.0445	0.0443	0.0408	0.0381	0.0386	0.0408	0.0447	0.0348	0.0315	0.0307	0.0321	0.0361	0.0437	0.0280	0.0239	0.0223	0.0222	0.0242	0.0295	0.0403
447	0.0474	0.0472	0.0448	0.0445	0.0465	0.0457	0.0440	0.0437	0.0447	0.0445	0.0408	0.0383	0.0389	0.0411	0.0448	0.0353	0.0317	0.0308	0.0322	0.0364	0.0439	0.0281	0.0241	0.0225	0.0224	0.0243	0.0296	0.0403
448	0.0475	0.0473	0.0449	0.0446	0.0468	0.0460	0.0440	0.0440	0.0450	0.0446	0.0411	0.0384	0.0389	0.0413	0.0448	0.0357	0.0319	0.0310	0.0323	0.0364	0.0441	0.0282	0.0242	0.0225	0.0223	0.0246	0.0298	0.0401
449	0.0478	0.0473	0.0451	0.0449	0.0468	0.0461	0.0440	0.0441	0.0452	0.0447	0.0412	0.0387	0.0390	0.0414	0.0450	0.0356	0.0320	0.0310	0.0326	0.0364	0.0442	0.0282	0.0241	0.0226	0.0223	0.0246	0.0299	0.0402
450	0.0480	0.0474	0.0454	0.0452	0.0469	0.0462	0.0440	0.0442	0.0453	0.0448	0.0412	0.0389	0.0391	0.0416	0.0451	0.0354	0.0321	0.0309	0.0328	0.0364	0.0443	0.0283	0.0241	0.0227	0.0225	0.0246	0.0300	0.0404
451	0.0482	0.0478	0.0457	0.0454	0.0472	0.0467	0.0445	0.0443	0.0457	0.0450	0.0414	0.0390	0.0396	0.0418	0.0454	0.0359	0.0322	0.0314	0.0328	0.0366	0.0446	0.0286	0.0244	0.0227	0.0228	0.0247	0.0300	0.0405
452	0.0483	0.0479	0.0458	0.0454	0.0473	0.0466	0.0446	0.0444	0.0456	0.0453	0.0416	0.0391	0.0396	0.0417	0.0454	0.0360	0.0324	0.0314	0.0328	0.0368	0.0446	0.0287	0.0244	0.0229	0.0227	0.0247	0.0300	0.0405
453	0.0485	0.0481	0.0458	0.0455	0.0475	0.0467	0.0447	0.0445	0.0457	0.0455	0.0418	0.0392	0.0397	0.0418	0.0455	0.0361	0.0326	0.0315	0.0329	0.0370	0.0445	0.0288	0.0246	0.0231	0.0227	0.0247	0.0301	0.0406
454	0.0487	0.0485	0.0460	0.0458	0.0479	0.0471	0.0450	0.0447	0.0460	0.0456	0.0420	0.0393	0.0399	0.0422	0.0458	0.0364	0.0327	0.0321	0.0333	0.0372	0.0447	0.0290	0.0250	0.0230	0.0230	0.0247	0.0304	0.0409
455	0.0491	0.0487	0.0464	0.0459	0.0479	0.0475	0.0451	0.0450	0.0460	0.0457	0.0421	0.0395	0.0399	0.0423	0.0460	0.0365	0.0329	0.0321	0.0332	0.0372	0.0449	0.0290	0.0248	0.0230	0.0229	0.0251	0.0302	0.0408
456	0.0492	0.0488	0.0465	0.0461	0.0480	0.0476	0.0453	0.0453	0.0462	0.0457	0.0422	0.0397	0.0401	0.0424	0.0462	0.0366	0.0329	0.0320	0.0333	0.0373	0.0450	0.0291	0.0248	0.0231	0.0229	0.0253	0.0302	0.0409
457	0.0491	0.0489	0.0464	0.0463	0.0482	0.0474	0.0455	0.0455	0.0464	0.0458	0.0423	0.0398	0.0404	0.0425	0.0463	0.0367	0.0330	0.0319	0.0337	0.0374	0.0451	0.0293	0.0250	0.0231	0.0230	0.0253	0.0303	0.0411
458	0.0493	0.0489	0.0466	0.0467	0.0483	0.0476	0.0456	0.0456	0.0467	0.0463	0.0426	0.0397	0.0404	0.0427	0.0465	0.0369	0.0333	0.0321	0.0336	0.0375	0.0452	0.0294	0.0250	0.0234	0.0231	0.0254	0.0305	0.0413
459	0.0495	0.0492	0.0468	0.0468	0.0485	0.0478	0.0458	0.0456	0.0468	0.0463	0.0428	0.0400	0.0405	0.0428	0.0465	0.0370	0.0334	0.0322	0.0336	0.0376	0.0454	0.0295	0.0251	0.0235	0.0234	0.0254	0.0307	0.0415
460	0.0496	0.0494	0.0470	0.0468	0.0486	0.0479	0.0459	0.0455	0.0469	0.0463	0.0429	0.0403	0.0407	0.0428	0.0465	0.0372	0.0333	0.0323	0.0336	0.0377	0.0455	0.0295	0.0253	0.0236	0.0235	0.0254	0.0307	0.0417
461	0.0495	0.0494	0.0471	0.0468	0.0486	0.0478	0.0459	0.0456	0.0468	0.0465	0.0429	0.0403	0.0407	0.0430	0.0467	0.0371	0.0332	0.0324	0.0337	0.0378	0.0454	0.0295	0.0253	0.0236	0.0233	0.0255	0.0307	0.0416
462	0.0498	0.0496	0.0472	0.0469	0.0487	0.0479	0.0461	0.0457	0.0471	0.0466	0.0430	0.0404	0.0409	0.0432	0.0469	0.0372	0.0334	0.0327	0.0340	0.0379	0.0455	0.0296	0.0253	0.0237	0.0235	0.0255	0.0307	0.0416
463	0.0500	0.0497	0.0473	0.0470	0.0488	0.0481	0.0462	0.0459	0.0472	0.0467	0.0431	0.0405	0.0410	0.0433	0.0471	0.0373	0.0335	0.0328	0.0342	0.0380	0.0457	0.0297	0.0253	0.0237	0.0238	0.0255	0.0307	0.0417
464	0.0498	0.0498	0.0474	0.0471	0.0491	0.0482	0.0461	0.0461	0.0472	0.0469	0.0431	0.0406	0.0410	0.0433	0.0470	0.0372	0.0336	0.0326	0.0341	0.0381	0.0458	0.0297	0.0254	0.0238	0.0238	0.0255	0.0308	0.0417
465	0.0502	0.0501	0.0477	0.0474	0.0493	0.0485	0.0464	0.0463	0.0474	0.0472	0.0432	0.0406	0.0412	0.0434	0.0473	0.0373	0.0338	0.0328	0.0341	0.0383	0.0461	0.0300	0.0257	0.0239	0.0238	0.0258	0.0311	0.0417
466	0.0504	0.0503	0.0480	0.0476	0.0496	0.0487	0.0466	0.0464	0.0477	0.0474	0.0434	0.0408	0.0413	0.0436	0.0474	0.0375	0.0341	0.0330	0.0343	0.0384	0.0462	0.0301	0.0258	0.0240	0.0239	0.0260	0.0312	0.0418
467	0.0505	0.0505	0.0481	0.0479	0.0498	0.0489	0.0468	0.0467	0.0479	0.0474	0.0436	0.0411	0.0414	0.0438	0.0474	0.0377	0.0343	0.0332	0.0345	0.0385	0.0463	0.0301	0.0257	0.0241	0.0239	0.0262	0.0313	0.0419
468	0.0508	0.0505	0.0479	0.0480	0.0499	0.0491	0.0468	0.0468	0.0481	0.0475	0.0438	0.0413	0.0416	0.0439	0.0476	0.0378	0.0343	0.0333	0.0346	0.0386	0.0465	0.0303	0.0258	0.0241	0.0240	0.0263	0.0315	0.0420
469	0.0508	0.0505	0.0479	0.0479	0.0498	0.0490	0.0469	0.0468	0.0481	0.0475	0.0439	0.0413	0.0416	0.0441	0.0476	0.0380	0.0343	0.0333	0.0346	0.0387	0.0465	0.0303	0.0258	0.0240	0.0239	0.0261	0.0314	0.0420
470	0.0509	0.0505	0.0481	0.0479	0.0498	0.0489	0.0470	0.0468	0.0481	0.0476	0.0440	0.0413	0.0417	0.0441	0.0476	0.0382	0.0343	0.0332	0.0347	0.0387	0.0464	0.0303	0.0259	0.0240	0.0238	0.0260	0.0314	0.0420
471	0.0511	0.0509	0.0484	0.0482	0.0501	0.0494	0.0474	0.0470	0.0481	0.0480	0.0442	0.0415	0.0418	0.0442	0.0480	0.0384	0.0344	0.0334	0.0347	0.0389	0.0467	0.0304	0.0262	0.0244	0.0240	0.0262	0.0316	0.0421
472	0.0511	0.0509	0.0484	0.0482	0.0502	0.0494	0.0475	0.0470	0.0482	0.0480	0.0442	0.0415	0.0419	0.0442	0.0481	0.0384	0.0345	0.0334	0.0348	0.0389	0.0467	0.0304	0.0262	0.0244	0.0240	0.0263	0.0316	0.0422
473	0.0512	0.0510	0.0486	0.0484	0.0503	0.0494	0.0475	0.0472	0.0484	0.0481	0.0442	0.0416	0.0420	0.0444	0.0481	0.0384	0.0346	0.0334	0.0349	0.0390	0.0467	0.0305	0.0261	0.0244	0.0241	0.0264	0.0317	0.0422
474	0.0515	0.0512	0.0491	0.0488	0.0507	0.0497	0.0476	0.0476	0.0488	0.0484	0.0445	0.0420	0.0422	0.0446	0.0484	0.0385	0.0348	0.0337	0.0350	0.0391	0.0469	0.0308	0.0261	0.0246	0.0244	0.0265	0.0318	0.0423
475	0.0516	0.0514	0.0490	0.0488	0.0506	0.0497	0.0478	0.0477	0.0488	0.0485	0.0446	0.0420	0.0424	0.0447	0.0486	0.0385	0.0348	0.0336	0.0351	0.0392	0.0470	0.0308	0.0263	0.0247	0.0245	0.0266	0.0318	0.0424
476	0.0518	0.0516	0.0490	0.0488	0.0506	0.0498	0.0479	0.0479	0.0488	0.0486	0.0448	0.0420	0.0425	0.0447	0.0486	0.0385	0.0349	0.0336	0.0352	0.0392	0.0471	0.0308	0.0263	0.0247	0.0245	0.0267	0.0318	0.0425
477	0.0519	0.0517	0.0492	0.0489	0.0509	0.0501	0.0479	0.0481	0.0489	0.0486	0.0449	0.0419	0.0425	0.0448	0.0485	0.0386	0.0350	0.0339	0.0353	0.0393	0.0472	0.0310	0.0263	0.0248	0.0244	0.0265	0.0318	0.0427
478	0.0520	0.0517	0.0493	0.0491	0.0511	0.0502	0.0480	0.0481	0.0492	0.0488	0.0450	0.0422	0.0426	0.0451	0.0486	0.0389	0.0353	0.0341	0.0355	0.0396	0.0474	0.0311	0.0266	0.0248	0.0246	0.0266	0.0320	0.0429
479	0.0522	0.0518	0.0495	0.0493	0.0512	0.0503	0.0482	0.0481	0.0493	0.0489	0.0450	0.0424	0.0428	0.0452	0.0488	0.0390	0.0353	0.0341	0.0356	0.0397	0.0475	0.0311	0.0266	0.0249	0.0247	0.0267	0.0320	0.0429
480	0.0524	0.0520	0.0497	0.0495	0.0513	0.0505	0.0484	0.0482	0.0495	0.0490	0.0451	0.0425	0.0429	0.0452	0.0490	0.0391	0.0353	0.0342	0.0357	0.0398	0.0475	0.0311	0.0266	0.0249	0.0248	0.0269	0.0321	0.0429
481	0.0525	0.0522	0.0498	0.0498	0.0517	0.0506	0.0485	0.0485	0.0498	0.0493	0.0453	0.0427	0.0432	0.0453	0.0493	0.0394	0.0356	0.0346	0.0359	0.0399	0.0477	0.0313	0.0269	0.0252	0.0250	0.0270	0.0323	0.0431
482	0.0528	0.0524	0.0500	0.0500	0.0518	0.0507	0.0488	0.0486	0.0499	0.0494	0.0455	0.0428	0.0432	0.0455	0.0494	0.0395	0.0357	0.0348	0.0360	0.0401	0.0478	0.0313	0.0269	0.0252	0.0251	0.0272	0.0324	0.0431
483	0.0529	0.0526	0.0501	0.0501	0.0519	0.0509	0.0490	0.0487	0.0500	0.0496	0.0457	0.0429	0.0432	0.0457	0.0495	0.0396	0.0357	0.0348	0.0362	0.0402	0.0479	0.0314	0.0269	0.0251	0.0252	0.0273	0.0326	0.0431
484	0.0528	0.0528	0.0503	0.0501	0.0520	0.0512	0.0490	0.0488	0.0501	0.0497	0.0458	0.0429	0.0433	0.0458	0.0495	0.0397	0.0358	0.0347	0.0363	0.0402	0.0480	0.0317	0.0269	0.0249	0.0251	0.0272	0.0326	0.0430
485	0.0533	0.0530	0.0505	0.0504	0.0524	0.0515	0.0491	0.0491	0.0504	0.0500	0.0460	0.0432	0.0436	0.0461	0.0499	0.0399	0.0360	0.0351	0.0364	0.0403	0.0482	0.0318	0.0273	0.0253	0.0253	0.0272	0.0327	0.0433
486	0.0535	0.0530	0.0506	0.0506	0.0524	0.0516	0.0492	0.0493	0.0505	0.0502	0.0462	0.0434	0.0437	0.0462	0.0499	0.0401	0.0362	0.0352	0.0364	0.0404	0.0483	0.0319	0.0274	0.0256	0.0254	0.0273	0.0327	0.0434
487	0.0535	0.0530	0.0506	0.0507	0.0522	0.0515	0.0492	0.0493	0.0504	0.0502	0.0462	0.0434	0.0438	0.0462	0.0497	0.0400	0.0363	0.0351	0.0363	0.0405	0.0482	0.0319	0.0273	0.0256	0.0253	0.0275	0.0327	0.0432
488	0.0539	0.0534	0.0512	0.0509	0.0527	0.0519	0.0497	0.0495	0.0509	0.0506	0.0467	0.0439	0.0442	0.0465	0.0502	0.0403	0.0365	0.0354	0.0367	0.0407	0.0486	0.0323	0.0276	0.0258	0.0256	0.0277	0.0330	0.0436
489	0.0541	0.0538	0.0515	0.0512	0.0531	0.0522	0.0501	0.0498	0.0512	0.0509	0.0470	0.0441	0.0445	0.0467	0.0505	0.0405	0.0367	0.0357	0.0370	0.0409	0.0488	0.0325	0.0278	0.0260	0.0258	0.0278	0.0331	0.0439
490	0.0542	0.0541	0.0516	0.0515	0.0534	0.0525	0.0502	0.0501	0.0514	0.0512	0.0471	0.0443	0.0446	0.0469	0.0506	0.0407	0.0369	0.0358	0.0371	0.0411	0.0489	0.0326	0.0280	0.0262	0.0259	0.0278	0.0331	0.0441
491	0.0543	0.0543	0.0518	0.0514	0.0536	0.0525	0.0501	0.0502	0.0516	0.0511	0.0471	0.0444	0.0446	0.0470	0.0509	0.0409	0.0369	0.0358	0.0371	0.0412	0.0490	0.0326	0.0280	0.0260	0.0260	0.0277	0.0332	0.0441
492	0.0546	0.0544	0.0519	0.0517	0.0538	0.0527	0.0505	0.0504	0.0517	0.0514	0.0474	0.0445	0.0449	0.0472	0.0509	0.0410	0.0371	0.0358	0.0372	0.0413	0.0491	0.0328	0.0281	0.0260	0.0260	0.0279	0.0332	0.0442
493	0.0548	0.0546	0.0521	0.0520	0.0540	0.0530	0.0508	0.0506	0.0519	0.0517	0.0476	0.0448	0.0451	0.0474	0.0510	0.0412	0.0374	0.0360	0.0373	0.0415	0.0493	0.0330	0.0282	0.0262	0.0260	0.0281	0.0333	0.0444
494	0.0551	0.0549	0.0525	0.0521	0.0540	0.0533	0.0508	0.0507	0.0520	0.0517	0.0476	0.0450	0.0453	0.0477	0.0513	0.0414	0.0376	0.0362	0.0374	0.0416	0.0495	0.0332	0.0283	0.0266	0.0262	0.0283	0.0334	0.0446
495	0.0552	0.0551	0.0526	0.0523	0.0542	0.0534	0.0511	0.0509	0.0524	0.0521	0.0478	0.0451	0.0455	0.0478	0.0516	0.0417	0.0376	0.0365	0.0379	0.0419	0.0497	0.0333	0.0285	0.0267	0.0264	0.0284	0.0338	0.0446
496	0.0555	0.0554	0.0528	0.0527	0.0545	0.0536	0.0515	0.0512	0.0527	0.0524	0.0481	0.0453	0.0457	0.0479	0.0518	0.0419	0.0377	0.0367	0.0382	0.0421	0.0499	0.0334	0.0287	0.0268	0.0267	0.0286	0.0340	0.0447
497	0.0559	0.0558	0.0532	0.0531	0.0549	0.0539	0.0517	0.0515	0.0529	0.0528	0.0485	0.0455	0.0460	0.0482	0.0521	0.0421	0.0380	0.0370	0.0384	0.0423	0.0501	0.0336	0.0288	0.0269	0.0269	0.0288	0.0340	0.0449
498	0.0562	0.0560	0.0534	0.0535	0.0552	0.0541	0.0519	0.0518	0.0532	0.0531	0.0487	0.0458	0.0463	0.0485	0.0524	0.0425	0.0384	0.0371	0.0385	0.0424	0.0503	0.0339	0.0290	0.0269	0.0269	0.0288	0.0342	0.0450
499	0.0564	0.0561	0.0536	0.0537	0.0555	0.0543	0.0521	0.0521	0.0534	0.0533	0.0489	0.0460	0.0464	0.0487	0.0526	0.0426	0.0386	0.0372	0.0386	0.0426	0.0505	0.0340	0.0291	0.0271	0.0270	0.0290	0.0345	0.0452
500	0.0566	0.0562	0.0539	0.0538	0.0557	0.0545	0.0524	0.0522	0.0534	0.0534	0.0491	0.0461	0.0465	0.0488	0.0528	0.0427	0.0387	0.0373	0.0387	0.0428	0.0507	0.0341	0.0293	0.0273	0.0270	0.0291	0.0346	0.0453
501	0.0570	0.0565	0.0542	0.0539	0.0559	0.0549	0.0526	0.0525	0.0538	0.0537	0.0493	0.0464	0.0467	0.0490	0.0529	0.0428	0.0388	0.0375	0.0387	0.0429	0.0508	0.0342	0.0294	0.0274	0.0271	0.0293	0.0347	0.0453
502	0.0572	0.0568	0.0545	0.0541	0.0562	0.0552	0.0528	0.0528	0.0540	0.0538	0.0496	0.0466	0.0469	0.0492	0.0531	0.0431	0.0389	0.0378	0.0390	0.0432	0.0510	0.0343	0.0295	0.0276	0.0272	0.0295	0.0348	0.0454
503	0.0574	0.0571	0.0547	0.0544	0.0564	0.0554	0.0530	0.0530	0.0542	0.0540	0.0499	0.0468	0.0471	0.0494	0.0532	0.0433	0.0391	0.0380	0.0393	0.0434	0.0512	0.0345	0.0296	0.0278	0.0274	0.0296	0.0349	0.0456
504	0.0575	0.0573	0.0549	0.0547	0.0565	0.0555	0.0533	0.0530	0.0545	0.0544	0.0499	0.0470	0.0475	0.0497	0.0532	0.0433	0.0392	0.0380	0.0394	0.0434	0.0512	0.0347	0.0297	0.0279	0.0275	0.0296	0.0349	0.0457
505	0.0578	0.0576	0.0552	0.0550	0.0568	0.0558	0.0535	0.0533	0.0548	0.0548	0.0504	0.0472	0.0476	0.0498	0.0535	0.0435	0.0395	0.0382	0.0396	0.0436	0.0514	0.0350	0.0299	0.0280	0.0276	0.0296	0.0350	0.0459
506	0.0581	0.0579	0.0555	0.0553	0.0571	0.0561	0.0537	0.0536	0.0550	0.0550	0.0507	0.0474	0.0478	0.0500	0.0539	0.0437	0.0398	0.0384	0.0398	0.0438	0.0516	0.0352	0.0302	0.0281	0.0277	0.0298	0.0351	0.0461
507	0.0584	0.0581	0.0557	0.0557	0.0575	0.0564	0.0540	0.0538	0.0551	0.0551	0.0509	0.0476	0.0481	0.0502	0.0542	0.0440	0.0401	0.0386	0.0399	0.0440	0.0519	0.0353	0.0304	0.0281	0.0279	0.0301	0.0353	0.0462
508	0.0585	0.0583	0.0557	0.0558	0.0577	0.0566	0.0542	0.0541	0.0555	0.0553	0.0510	0.0479	0.0482	0.0504	0.0544	0.0442	0.0401	0.0387	0.0401	0.0441	0.0520	0.0354	0.0304	0.0282	0.0280	0.0301	0.0354	0.0463
509	0.0588	0.0586	0.0559	0.0560	0.0580	0.0567	0.0544	0.0544	0.0557	0.0556	0.0511	0.0481	0.0483	0.0507	0.0546	0.0444	0.0403	0.0389	0.0403	0.0442	0.0521	0.0356	0.0305	0.0284	0.0282	0.0302	0.0356	0.0464
510	0.0591	0.0589	0.0563	0.0561	0.0582	0.0568	0.0547	0.0546	0.0558	0.0559	0.0512	0.0482	0.0486	0.0509	0.0548	0.0447	0.0405	0.0391	0.0405	0.0443	0.0523	0.0358	0.0307	0.0286	0.0284	0.0304	0.0358	0.0465
511	0.0593	0.0592	0.0565	0.0565	0.0584	0.0572	0.0550	0.0548	0.0560	0.0562	0.0516	0.0485	0.0488	0.0511	0.0550	0.0449	0.0406	0.0393	0.0405	0.0446	0.0525	0.0360	0.0308	0.0288	0.0285	0.0306	0.0358	0.0467
512	0.0597	0.0595	0.0568	0.0567	0.0587	0.0576	0.0552	0.0550	0.0564	0.0565	0.0520	0.0488	0.0491	0.0513	0.0553	0.0451	0.0409	0.0396	0.0408	0.0449	0.0528	0.0362	0.0310	0.0290	0.0287	0.0308	0.0360	0.0470
513	0.0600	0.0598	0.0571	0.0569	0.0590	0.0579	0.0554	0.0552	0.0567	0.0568	0.0523	0.0491	0.0493	0.0515	0.0555	0.0454	0.0411	0.0398	0.0411	0.0451	0.0530	0.0363	0.0311	0.0291	0.0288	0.0309	0.0361	0.0471
514	0.0601	0.0600	0.0573	0.0572	0.0593	0.0582	0.0556	0.0554	0.0568	0.0570	0.0525	0.0493	0.0494	0.0517	0.0557	0.0457	0.0412	0.0399	0.0411	0.0453	0.0531	0.0363	0.0311	0.0292	0.0289	0.0309	0.0363	0.0471
515	0.0604	0.0603	0.0575	0.0575	0.0596	0.0584	0.0560	0.0559	0.0572	0.0572	0.0527	0.0495	0.0497	0.0520	0.0560	0.0458	0.0414	0.0401	0.0415	0.0455	0.0535	0.0366	0.0314	0.0293	0.0290	0.0311	0.0364	0.0473
516	0.0606	0.0604	0.0578	0.0577	0.0599	0.0587	0.0562	0.0561	0.0574	0.0574	0.0529	0.0497	0.0499	0.0522	0.0562	0.0459	0.0416	0.0403	0.0417	0.0456	0.0536	0.0368	0.0316	0.0294	0.0290	0.0313	0.0365	0.0473
517	0.0608	0.0605	0.0580	0.0580	0.0600	0.0588	0.0564	0.0561	0.0576	0.0576	0.0530	0.0498	0.0501	0.0523	0.0563	0.0461	0.0418	0.0404	0.0418	0.0458	0.0536	0.0369	0.0317	0.0295	0.0291	0.0314	0.0366	0.0474
518	0.0611	0.0609	0.0583	0.0584	0.0603	0.0592	0.0567	0.0564	0.0579	0.0581	0.0533	0.0501	0.0504	0.0527	0.0566	0.0464	0.0421	0.0407	0.0420	0.0459	0.0540	0.0372	0.0318	0.0298	0.0294	0.0315	0.0369	0.0477
519	0.0614	0.0612	0.0586	0.0587	0.0606	0.0595	0.0570	0.0567	0.0583	0.0583	0.0536	0.0504	0.0506	0.0529	0.0569	0.0468	0.0423	0.0409	0.0422	0.0461	0.0542	0.0374	0.0320	0.0299	0.0296	0.0317	0.0370	0.0479
520	0.0618	0.0616	0.0590	0.0589	0.0609	0.0597	0.0573	0.0570	0.0586	0.0586	0.0538	0.0508	0.0508	0.0531	0.0571	0.0471	0.0426	0.0411	0.0423	0.0464	0.0544	0.0376	0.0322	0.0301	0.0297	0.0318	0.0372	0.0481
521	0.0621	0.0620	0.0592	0.0591	0.0612	0.0600	0.0575	0.0573	0.0587	0.0588	0.0541	0.0510	0.0510	0.0532	0.0573	0.0472	0.0428	0.0415	0.0425	0.0465	0.0547	0.0377	0.0324	0.0302	0.0298	0.0318	0.0374	0.0482
522	0.0622	0.0622	0.0596	0.0593	0.0614	0.0602	0.0577	0.0575	0.0590	0.0591	0.0544	0.0512	0.0512	0.0534	0.0575	0.0473	0.0430	0.0415	0.0426	0.0467	0.0548	0.0379	0.0326	0.0303	0.0299	0.0320	0.0374	0.0483
523	0.0624	0.0623	0.0599	0.0596	0.0617	0.0604	0.0579	0.0577	0.0593	0.0594	0.0546	0.0514	0.0514	0.0537	0.0577	0.0475	0.0432	0.0415	0.0427	0.0469	0.0549	0.0381	0.0327	0.0305	0.0300	0.0322	0.0374	0.0484
524	0.0630	0.0625	0.0600	0.0600	0.0620	0.0607	0.0581	0.0581	0.0595	0.0596	0.0549	0.0515	0.0516	0.0540	0.0580	0.0477	0.0434	0.0417	0.0430	0.0472	0.0550	0.0384	0.0328	0.0307	0.0303	0.0323	0.0376	0.0484
525	0.0632	0.0629	0.0603	0.0604	0.0623	0.0610	0.0585	0.0583	0.0596	0.0598	0.0550	0.0518	0.0519	0.0542	0.0583	0.0478	0.0436	0.0419	0.0432	0.0473	0.0553	0.0386	0.0331	0.0307	0.0305	0.0323	0.0378	0.0487
526	0.0634	0.0632	0.0606	0.0606	0.0626	0.0612	0.0588	0.0585	0.0598	0.0601	0.0553	0.0521	0.0522	0.0544	0.0584	0.0480	0.0437	0.0421	0.0434	0.0474	0.0555	0.0387	0.0332	0.0308	0.0306	0.0324	0.0380	0.0489
527	0.0636	0.0635	0.0609	0.0608	0.0628	0.0613	0.0590	0.0588	0.0601	0.0604	0.0556	0.0523	0.0524	0.0546	0.0586	0.0482	0.0440	0.0423	0.0436	0.0475	0.0557	0.0387	0.0333	0.0310	0.0306	0.0327	0.0381	0.0491
528	0.0639	0.0638	0.0611	0.0610	0.0631	0.0616	0.0592	0.0591	0.0604	0.0607	0.0559	0.0526	0.0526	0.0549	0.0589	0.0486	0.0441	0.0425	0.0438	0.0479	0.0559	0.0390	0.0335	0.0311	0.0308	0.0329	0.0383	0.0492
529	0.0642	0.0641	0.0613	0.0612	0.0634	0.0619	0.0594	0.0594	0.0607	0.0610	0.0561	0.0529	0.0528	0.0552	0.0592	0.0489	0.0443	0.0427	0.0440	0.0481	0.0562	0.0393	0.0336	0.0313	0.0310	0.0330	0.0384	0.0493
530	0.0644	0.0644	0.0615	0.0615	0.0636	0.0623	0.0596	0.0596	0.0609	0.0613	0.0564	0.0532	0.0530	0.0554	0.0595	0.0491	0.0446	0.0430	0.0442	0.0483	0.0564	0.0395	0.0338	0.0315	0.0311	0.0331	0.0385	0.0495
531	0.0647	0.0646	0.0619	0.0618	0.0639	0.0626	0.0599	0.0598	0.0612	0.0615	0.0566	0.0533	0.0533	0.0556	0.0597	0.0494	0.0448	0.0432	0.0444	0.0484	0.0565	0.0396	0.0339	0.0316	0.0312	0.0333	0.0386	0.0496
532	0.0650	0.0649	0.0623	0.0622	0.0643	0.0630	0.0603	0.0602	0.0616	0.0619	0.0569	0.0536	0.0536	0.0559	0.0599	0.0497	0.0450	0.0435	0.0447	0.0487	0.0568	0.0399	0.0340	0.0318	0.0313	0.0336	0.0389	0.0497
533	0.0653	0.0652	0.0626	0.0626	0.0646	0.0633	0.0606	0.0605	0.0619	0.0622	0.0573	0.0539	0.0538	0.0561	0.0601	0.0499	0.0452	0.0437	0.0449	0.0490	0.0570	0.0401	0.0341	0.0319	0.0314	0.0337	0.0391	0.0499
534	0.0657	0.0654	0.0627	0.0627	0.0648	0.0635	0.0609	0.0606	0.0621	0.0625	0.0574	0.0540	0.0541	0.0563	0.0603	0.0500	0.0454	0.0438	0.0450	0.0491	0.0572	0.0401	0.0343	0.0320	0.0316	0.0337	0.0393	0.0499
535	0.0660	0.0657	0.0631	0.0630	0.0651	0.0638	0.0611	0.0609	0.0623	0.0627	0.0576	0.0542	0.0543	0.0565	0.0606	0.0502	0.0457	0.0438	0.0452	0.0492	0.0574	0.0403	0.0346	0.0321	0.0317	0.0338	0.0395	0.0501
536	0.0663	0.0660	0.0635	0.0633	0.0655	0.0641	0.0614	0.0612	0.0626	0.0631	0.0579	0.0545	0.0545	0.0568	0.0609	0.0505	0.0459	0.0441	0.0455	0.0494	0.0576	0.0406	0.0348	0.0323	0.0319	0.0340	0.0396	0.0504
537	0.0666	0.0664	0.0637	0.0637	0.0658	0.0644	0.0617	0.0615	0.0630	0.0634	0.0582	0.0548	0.0547	0.0570	0.0611	0.0508	0.0462	0.0445	0.0458	0.0497	0.0578	0.0408	0.0349	0.0325	0.0320	0.0342	0.0397	0.0506
538	0.0669	0.0667	0.0641	0.0639	0.0661	0.0646	0.0620	0.0619	0.0632	0.0636	0.0585	0.0552	0.0550	0.0573	0.0615	0.0510	0.0463	0.0446	0.0459	0.0499	0.0580	0.0411	0.0350	0.0327	0.0323	0.0344	0.0398	0.0507
539	0.0672	0.0670	0.0644	0.0642	0.0664	0.0649	0.0623	0.0621	0.0635	0.0639	0.0588	0.0554	0.0553	0.0576	0.0617	0.0512	0.0465	0.0448	0.0460	0.0502	0.0583	0.0412	0.0352	0.0329	0.0324	0.0345	0.0399	0.0508
540	0.0675	0.0673	0.0647	0.0645	0.0667	0.0653	0.0626	0.0623	0.0639	0.0644	0.0591	0.0556	0.0556	0.0579	0.0619	0.0514	0.0467	0.0451	0.0463	0.0504	0.0585	0.0414	0.0355	0.0331	0.0326	0.0347	0.0401	0.0510
541	0.0679	0.0676	0.0650	0.0648	0.0670	0.0655	0.0628	0.0626	0.0641	0.0646	0.0593	0.0558	0.0559	0.0581	0.0622	0.0518	0.0468	0.0453	0.0465	0.0506	0.0587	0.0416	0.0356	0.0332	0.0327	0.0348	0.0403	0.0512
542	0.0682	0.0680	0.0653	0.0652	0.0673	0.0658	0.0631	0.0629	0.0644	0.0649	0.0596	0.0561	0.0561	0.0583	0.0625	0.0521	0.0472	0.0456	0.0467	0.0508	0.0589	0.0418	0.0358	0.0334	0.0329	0.0349	0.0404	0.0515
543	0.0685	0.0683	0.0657	0.0656	0.0677	0.0662	0.0635	0.0632	0.0648	0.0653	0.0599	0.0564	0.0564	0.0586	0.0628	0.0523	0.0475	0.0458	0.0469	0.0510	0.0591	0.0420	0.0360	0.0337	0.0330	0.0351	0.0406	0.0517
544	0.0689	0.0686	0.0660	0.0659	0.0681	0.0666	0.0638	0.0636	0.0651	0.0657	0.0604	0.0567	0.0567	0.0589	0.0632	0.0525	0.0478	0.0460	0.0471	0.0511	0.0594	0.0422	0.0361	0.0338	0.0332	0.0353	0.0408	0.0518
545	0.0691	0.0689	0.0663	0.0662	0.0684	0.0668	0.0641	0.0639	0.0654	0.0659	0.0607	0.0570	0.0569	0.0592	0.0635	0.0528	0.0480	0.0463	0.0474	0.0514	0.0596	0.0424	0.0364	0.0339	0.0334	0.0354	0.0409	0.0519
546	0.0694	0.0693	0.0666	0.0665	0.0687	0.0672	0.0644	0.0642	0.0657	0.0662	0.0609	0.0572	0.0572	0.0595	0.0637	0.0530	0.0482	0.0465	0.0476	0.0518	0.0599	0.0426	0.0366	0.0340	0.0336	0.0356	0.0411	0.0521
547	0.0698	0.0696	0.0671	0.0669	0.0691	0.0676	0.0647	0.0645	0.0660	0.0665	0.0611	0.0575	0.0575	0.0598	0.0639	0.0533	0.0485	0.0467	0.0480	0.0521	0.0602	0.0429	0.0367	0.0342	0.0337	0.0358	0.0414	0.0523
548	0.0702	0.0699	0.0674	0.0672	0.0694	0.0678	0.0651	0.0649	0.0663	0.0669	0.0614	0.0578	0.0578	0.0600	0.0643	0.0536	0.0488	0.0470	0.0481	0.0522	0.0605	0.0431	0.0369	0.0344	0.0339	0.0360	0.0416	0.0525
549	0.0706	0.0703	0.0677	0.0675	0.0697	0.0681	0.0654	0.0652	0.0666	0.0672	0.0617	0.0581	0.0580	0.0603	0.0645	0.0539	0.0490	0.0472	0.0483	0.0525	0.0607	0.0433	0.0371	0.0346	0.0340	0.0361	0.0417	0.0527
550	0.0709	0.0706	0.0679	0.0678	0.0700	0.0685	0.0657	0.0654	0.0670	0.0675	0.0620	0.0584	0.0583	0.0605	0.0648	0.0542	0.0492	0.0474	0.0485	0.0528	0.0608	0.0435	0.0373	0.0348	0.0341	0.0362	0.0418	0.0528
551	0.0712	0.0710	0.0683	0.0682	0.0705	0.0688	0.0660	0.0658	0.0673	0.0680	0.0624	0.0587	0.0586	0.0609	0.0651	0.0545	0.0495	0.0477	0.0488	0.0530	0.0611	0.0437	0.0375	0.0349	0.0344	0.0365	0.0420	0.0530
552	0.0716	0.0714	0.0686	0.0685	0.0709	0.0692	0.0664	0.0662	0.0677	0.0684	0.0628	0.0590	0.0589	0.0612	0.0654	0.0548	0.0497	0.0479	0.0491	0.0532	0.0613	0.0440	0.0377	0.0351	0.0345	0.0367	0.0422	0.0532
553	0.0720	0.0718	0.0690	0.0689	0.0713	0.0695	0.0667	0.0666	0.0680	0.0687	0.0631	0.0592	0.0592	0.0615	0.0657	0.0551	0.0500	0.0481	0.0493	0.0534	0.0616	0.0442	0.0379	0.0354	0.0347	0.0369	0.0423	0.0534
554	0.0723	0.0722	0.0694	0.0694	0.0716	0.0699	0.0671	0.0669	0.0684	0.0690	0.0635	0.0596	0.0595	0.0618	0.0661	0.0554	0.0503	0.0484	0.0496	0.0537	0.0619	0.0446	0.0383	0.0356	0.0350	0.0370	0.0426	0.0537
555	0.0727	0.0725	0.0698	0.0697	0.0719	0.0702	0.0674	0.0671	0.0688	0.0694	0.0637	0.0599	0.0598	0.0622	0.0664	0.0557	0.0506	0.0487	0.0498	0.0540	0.0622	0.0448	0.0385	0.0357	0.0352	0.0372	0.0428	0.0539
556	0.0731	0.0729	0.0702	0.0701	0.0723	0.0706	0.0677	0.0674	0.0691	0.0698	0.0640	0.0603	0.0601	0.0625	0.0667	0.0560	0.0509	0.0490	0.0501	0.0542	0.0624	0.0451	0.0387	0.0359	0.0353	0.0375	0.0430	0.0541
557	0.0735	0.0732	0.0705	0.0704	0.0727	0.0710	0.0681	0.0679	0.0695	0.0702	0.0643	0.0607	0.0606	0.0627	0.0670	0.0563	0.0512	0.0491	0.0502	0.0545	0.0627	0.0453	0.0388	0.0361	0.0356	0.0377	0.0431	0.0542
558	0.0738	0.0736	0.0708	0.0708	0.0731	0.0714	0.0685	0.0683	0.0698	0.0706	0.0647	0.0609	0.0609	0.0631	0.0674	0.0565	0.0514	0.0494	0.0505	0.0548	0.0630	0.0456	0.0391	0.0364	0.0357	0.0378	0.0433	0.0544
559	0.0742	0.0740	0.0712	0.0712	0.0735	0.0717	0.0688	0.0686	0.0702	0.0709	0.0651	0.0612	0.0611	0.0634	0.0677	0.0568	0.0517	0.0498	0.0508	0.0550	0.0633	0.0458	0.0392	0.0366	0.0359	0.0380	0.0435	0.0546
560	0.0746	0.0743	0.0717	0.0716	0.0739	0.0720	0.0692	0.0689	0.0705	0.0713	0.0654	0.0616	0.0614	0.0637	0.0680	0.0572	0.0520	0.0501	0.0512	0.0552	0.0635	0.0461	0.0394	0.0368	0.0361	0.0383	0.0437	0.0548
561	0.0749	0.0748	0.0721	0.0720	0.0743	0.0724	0.0696	0.0693	0.0709	0.0716	0.0657	0.0619	0.0619	0.0641	0.0683	0.0575	0.0522	0.0503	0.0514	0.0555	0.0639	0.0462	0.0397	0.0369	0.0363	0.0384	0.0440	0.0549
562	0.0753	0.0751	0.0724	0.0723	0.0746	0.0728	0.0699	0.0697	0.0712	0.0720	0.0660	0.0622	0.0621	0.0644	0.0687	0.0577	0.0525	0.0505	0.0517	0.0558	0.0641	0.0464	0.0399	0.0371	0.0365	0.0386	0.0442	0.0551
563	0.0757	0.0755	0.0727	0.0726	0.0750	0.0731	0.0702	0.0700	0.0716	0.0723	0.0663	0.0625	0.0623	0.0647	0.0690	0.0580	0.0529	0.0508	0.0519	0.0561	0.0644	0.0467	0.0402	0.0372	0.0367	0.0388	0.0444	0.0553
564	0.0760	0.0759	0.0731	0.0730	0.0754	0.0734	0.0705	0.0703	0.0719	0.0727	0.0667	0.0629	0.0627	0.0649	0.0692	0.0584	0.0531	0.0512	0.0521	0.0563	0.0646	0.0470	0.0404	0.0374	0.0369	0.0389	0.0445	0.0555
565	0.0764	0.0762	0.0735	0.0734	0.0758	0.0739	0.0710	0.0707	0.0723	0.0731	0.0671	0.0632	0.0630	0.0653	0.0696	0.0587	0.0534	0.0515	0.0524	0.0566	0.0649	0.0473	0.0406	0.0377	0.0370	0.0392	0.0447	0.0558
566	0.0769	0.0766	0.0739	0.0738	0.0762	0.0743	0.0714	0.0711	0.0727	0.0735	0.0674	0.0635	0.0634	0.0656	0.0699	0.0590	0.0537	0.0517	0.0527	0.0569	0.0652	0.0475	0.0408	0.0379	0.0372	0.0394	0.0449	0.0560
567	0.0772	0.0770	0.0743	0.0742	0.0765	0.0745	0.0716	0.0714	0.0730	0.0738	0.0678	0.0638	0.0637	0.0659	0.0702	0.0593	0.0540	0.0519	0.0530	0.0571	0.0655	0.0477	0.0409	0.0380	0.0374	0.0395	0.0452	0.0562
568	0.0775	0.0774	0.0747	0.0745	0.0768	0.0750	0.0719	0.0717	0.0733	0.0742	0.0681	0.0641	0.0639	0.0662	0.0705	0.0595	0.0542	0.0522	0.0531	0.0573	0.0657	0.0479	0.0411	0.0382	0.0376	0.0397	0.0453	0.0563
569	0.0779	0.0778	0.0750	0.0749	0.0772	0.0753	0.0723	0.0721	0.0736	0.0746	0.0683	0.0644	0.0642	0.0665	0.0708	0.0598	0.0544	0.0524	0.0533	0.0576	0.0659	0.0482	0.0413	0.0384	0.0378	0.0399	0.0455	0.0565
570	0.0783	0.0781	0.0754	0.0754	0.0775	0.0756	0.0727	0.0724	0.0740	0.0749	0.0687	0.0647	0.0645	0.0668	0.0711	0.0601	0.0547	0.0526	0.0536	0.0579	0.0662	0.0484	0.0415	0.0386	0.0380	0.0400	0.0456	0.0567
571	0.0786	0.0784	0.0757	0.0757	0.0779	0.0760	0.0730	0.0727	0.0744	0.0752	0.0690	0.0650	0.0648	0.0671	0.0714	0.0604	0.0549	0.0528	0.0538	0.0581	0.0664	0.0486	0.0417	0.0389	0.0381	0.0402	0.0458	0.0569
572	0.0790	0.0788	0.0760	0.0760	0.0783	0.0763	0.0733	0.0731	0.0747	0.0756	0.0694	0.0653	0.0652	0.0674	0.0718	0.0607	0.0552	0.0531	0.0541	0.0583	0.0668	0.0489	0.0420	0.0391	0.0383	0.0404	0.0460	0.0571
573	0.0794	0.0792	0.0764	0.0764	0.0787	0.0767	0.0737	0.0734	0.0750	0.0761	0.0697	0.0656	0.0655	0.0677	0.0721	0.0610	0.0555	0.0534	0.0544	0.0586	0.0671	0.0492	0.0422	0.0393	0.0385	0.0406	0.0462	0.0573
574	0.0796	0.0795	0.0767	0.0767	0.0790	0.0770	0.0739	0.0738	0.0754	0.0763	0.0700	0.0660	0.0658	0.0680	0.0724	0.0612	0.0557	0.0536	0.0546	0.0588	0.0672	0.0493	0.0423	0.0394	0.0386	0.0407	0.0463	0.0574
575	0.0799	0.0798	0.0771	0.0770	0.0793	0.0773	0.0742	0.0740	0.0757	0.0766	0.0703	0.0663	0.0660	0.0683	0.0727	0.0614	0.0560	0.0538	0.0549	0.0591	0.0674	0.0495	0.0425	0.0396	0.0388	0.0409	0.0465	0.0576
576	0.0802	0.0801	0.0774	0.0773	0.0796	0.0776	0.0745	0.0743	0.0760	0.0770	0.0706	0.0666	0.0663	0.0686	0.0730	0.0617	0.0562	0.0541	0.0551	0.0593	0.0677	0.0497	0.0427	0.0398	0.0390	0.0411	0.0466	0.0578
577	0.0805	0.0805	0.0777	0.0777	0.0799	0.0779	0.0749	0.0747	0.0764	0.0773	0.0708	0.0669	0.0666	0.0688	0.0733	0.0620	0.0565	0.0543	0.0553	0.0595	0.0679	0.0499	0.0429	0.0399	0.0392	0.0412	0.0468	0.0580
578	0.0810	0.0808	0.0781	0.0780	0.0803	0.0783	0.0751	0.0750	0.0766	0.0776	0.0712	0.0671	0.0668	0.0691	0.0735	0.0623	0.0567	0.0546	0.0556	0.0598	0.0682	0.0502	0.0431	0.0401	0.0393	0.0414	0.0470	0.0581
579	0.0813	0.0812	0.0784	0.0784	0.0806	0.0786	0.0755	0.0753	0.0770	0.0779	0.0715	0.0674	0.0671	0.0694	0.0738	0.0626	0.0570	0.0548	0.0558	0.0600	0.0684	0.0504	0.0433	0.0403	0.0395	0.0417	0.0472	0.0583
580	0.0816	0.0815	0.0787	0.0787	0.0809	0.0789	0.0759	0.0756	0.0773	0.0783	0.0718	0.0677	0.0674	0.0696	0.0741	0.0628	0.0572	0.0550	0.0560	0.0603	0.0687	0.0506	0.0435	0.0405	0.0397	0.0419	0.0474	0.0585
581	0.0819	0.0818	0.0790	0.0790	0.0813	0.0791	0.0761	0.0759	0.0776	0.0785	0.0720	0.0679	0.0677	0.0699	0.0743	0.0631	0.0574	0.0553	0.0563	0.0604	0.0689	0.0508	0.0437	0.0407	0.0399	0.0420	0.0476	0.0586
582	0.0822	0.0821	0.0793	0.0793	0.0816	0.0794	0.0763	0.0762	0.0779	0.0788	0.0723	0.0682	0.0679	0.0701	0.0746	0.0633	0.0577	0.0555	0.0565	0.0606	0.0691	0.0510	0.0439	0.0408	0.0401	0.0421	0.0477	0.0588
583	0.0825	0.0824	0.0795	0.0796	0.0819	0.0797	0.0766	0.0765	0.0782	0.0791	0.0726	0.0684	0.0681	0.0703	0.0749	0.0636	0.0579	0.0557	0.0567	0.0608	0.0693	0.0512	0.0441	0.0410	0.0402	0.0423	0.0479	0.0590
584	0.0827	0.0826	0.0799	0.0798	0.0822	0.0800	0.0769	0.0767	0.0784	0.0794	0.0728	0.0687	0.0684	0.0706	0.0751	0.0638	0.0581	0.0559	0.0568	0.0611	0.0695	0.0514	0.0442	0.0411	0.0403	0.0424	0.0480	0.0590
585	0.0829	0.0829	0.0801	0.0801	0.0824	0.0803	0.0771	0.0769	0.0786	0.0796	0.0730	0.0689	0.0686	0.0708	0.0753	0.0640	0.0583	0.0560	0.0570	0.0613	0.0697	0.0515	0.0444	0.0413	0.0405	0.0425	0.0481	0.0592
586	0.0832	0.0831	0.0803	0.0803	0.0826	0.0806	0.0773	0.0771	0.0788	0.0799	0.0733	0.0691	0.0687	0.0710	0.0755	0.0642	0.0585	0.0562	0.0571	0.0614	0.0699	0.0517	0.0445	0.0415	0.0406	0.0426	0.0483	0.0594
587	0.0835	0.0834	0.0805	0.0806	0.0828	0.0807	0.0776	0.0774	0.0791	0.0802	0.0736	0.0694	0.0690	0.0712	0.0757	0.0644	0.0587	0.0564	0.0573	0.0616	0.0700	0.0519	0.0446	0.0416	0.0407	0.0428	0.0484	0.0596
588	0.0837	0.0837	0.0808	0.0809	0.0831	0.0810	0.0778	0.0775	0.0793	0.0805	0.0738	0.0695	0.0693	0.0714	0.0760	0.0646	0.0589	0.0566	0.0576	0.0617	0.0702	0.0521	0.0448	0.0417	0.0408	0.0429	0.0485	0.0597
589	0.0840	0.0839	0.0811	0.0812	0.0834	0.0813	0.0781	0.0778	0.0796	0.0807	0.0740	0.0698	0.0695	0.0717	0.0763	0.0648	0.0591	0.0568	0.0578	0.0619	0.0704	0.0523	0.0450	0.0419	0.0410	0.0431	0.0487	0.0598
590	0.0843	0.0842	0.0814	0.0815	0.0837	0.0816	0.0785	0.0782	0.0799	0.0810	0.0743	0.0701	0.0697	0.0721	0.0765	0.0650	0.0594	0.0571	0.0581	0.0622	0.0707	0.0524	0.0452	0.0421	0.0412	0.0433	0.0488	0.0600
591	0.0846	0.0845	0.0817	0.0817	0.0840	0.0819	0.0787	0.0785	0.0802	0.0813	0.0745	0.0703	0.0700	0.0723	0.0768	0.0652	0.0595	0.0573	0.0582	0.0625	0.0709	0.0526	0.0453	0.0422	0.0413	0.0434	0.0490	0.0601
592	0.0848	0.0847	0.0820	0.0820	0.0843	0.0821	0.0790	0.0788	0.0805	0.0815	0.0748	0.0705	0.0702	0.0725	0.0771	0.0654	0.0597	0.0574	0.0584	0.0627	0.0711	0.0527	0.0454	0.0422	0.0414	0.0435	0.0491	0.0603
593	0.0850	0.0850	0.0823	0.0823	0.0845	0.0823	0.0792	0.0790	0.0808	0.0817	0.0750	0.0707	0.0703	0.0727	0.0773	0.0656	0.0598	0.0575	0.0586	0.0628	0.0713	0.0528	0.0455	0.0423	0.0415	0.0436	0.0492	0.0604
594	0.0853	0.0852	0.0825	0.0826	0.0847	0.0825	0.0793	0.0792	0.0811	0.0819	0.0750	0.0708	0.0705	0.0728	0.0774	0.0657	0.0599	0.0576	0.0585	0.0629	0.0714	0.0529	0.0455	0.0424	0.0416	0.0436	0.0493	0.0603
595	0.0854	0.0854	0.0827	0.0828	0.0848	0.0826	0.0794	0.0793	0.0812	0.0820	0.0751	0.0708	0.0705	0.0729	0.0775	0.0658	0.0600	0.0577	0.0586	0.0630	0.0714	0.0529	0.0455	0.0424	0.0415	0.0437	0.0493	0.0602
596	0.0855	0.0856	0.0828	0.0829	0.0849	0.0827	0.0795	0.0795	0.0813	0.0822	0.0753	0.0710	0.0707	0.0731	0.0776	0.0660	0.0601	0.0578	0.0588	0.0631	0.0715	0.0530	0.0456	0.0425	0.0416	0.0438	0.0494	0.0603
597	0.0858	0.0858	0.0830	0.0831	0.0852	0.0830	0.0799	0.0796	0.0815	0.0825	0.0756	0.0713	0.0710	0.0733	0.0778	0.0662	0.0603	0.0579	0.0590	0.0633	0.0717	0.0533	0.0458	0.0428	0.0418	0.0440	0.0497	0.0605
598	0.0860	0.0860	0.0832	0.0833	0.0854	0.0833	0.0801	0.0798	0.0816	0.0827	0.0759	0.0716	0.0712	0.0735	0.0779	0.0664	0.0606	0.0583	0.0592	0.0635	0.0719	0.0534	0.0460	0.0429	0.0420	0.0442	0.0498	0.0607
599	0.0862	0.0862	0.0834	0.0835	0.0856	0.0836	0.0804	0.0801	0.0819	0.0828	0.0761	0.0719	0.0715	0.0737	0.0782	0.0666	0.0609	0.0586	0.0595	0.0637	0.0721	0.0536	0.0462	0.0432	0.0423	0.0444	0.0500	0.0610
600	0.0865	0.0866	0.0837	0.0838	0.0861	0.0840	0.0808	0.0804	0.0823	0.0831	0.0763	0.0722	0.0719	0.0741	0.0787	0.0669	0.0612	0.0589	0.0599	0.0642	0.0726	0.0538	0.0464	0.0434	0.0426	0.0448	0.0503	0.0615
601	0.0868	0.0868	0.0840	0.0841	0.0862	0.0842	0.0811	0.0808	0.0825	0.0833	0.0767	0.0725	0.0722	0.0745	0.0789	0.0670	0.0613	0.0591	0.0602	0.0645	0.0729	0.0540	0.0466	0.0435	0.0427	0.0450	0.0506	0.0617
602	0.0870	0.0871	0.0842	0.0842	0.0864	0.0844	0.0813	0.0810	0.0827	0.0835	0.0768	0.0726	0.0724	0.0747	0.0791	0.0672	0.0614	0.0592	0.0603	0.0646	0.0731	0.0542	0.0468	0.0436	0.0428	0.0451	0.0507	0.0618
603	0.0872	0.0872	0.0844	0.0844	0.0866	0.0845	0.0813	0.0811	0.0829	0.0837	0.0769	0.0727	0.0725	0.0748	0.0793	0.0674	0.0615	0.0593	0.0604	0.0646	0.0731	0.0543	0.0468	0.0437	0.0429	0.0450	0.0507	0.0618
604	0.0872	0.0873	0.0845	0.0845	0.0867	0.0845	0.0814	0.0812	0.0830	0.0837	0.0770	0.0727	0.0725	0.0749	0.0793	0.0673	0.0615	0.0593	0.0603	0.0646	0.0731	0.0543	0.0468	0.0437	0.0428	0.0449	0.0507	0.0618
605	0.0874	0.0875	0.0846	0.0846	0.0868	0.0847	0.0815	0.0813	0.0831	0.0839	0.0771	0.0728	0.0725	0.0750	0.0794	0.0674	0.0616	0.0593	0.0603	0.0647	0.0731	0.0543	0.0468	0.0437	0.0428	0.0450	0.0507	0.0618
606	0.0876	0.0876	0.0848	0.0848	0.0869	0.0849	0.0817	0.0815	0.0833	0.0840	0.0772	0.0730	0.0727	0.0751	0.0796	0.0675	0.0618	0.0594	0.0604	0.0649	0.0733	0.0544	0.0469	0.0438	0.0429	0.0451	0.0508	0.0619
607	0.0877	0.0877	0.0849	0.0850	0.0871	0.0850	0.0819	0.0817	0.0835	0.0841	0.0774	0.0732	0.0729	0.0753	0.0798	0.0676	0.0620	0.0596	0.0607	0.0650	0.0736	0.0546	0.0471	0.0440	0.0432	0.0454	0.0510	0.0622
608	0.0877	0.0878	0.0850	0.0851	0.0872	0.0851	0.0819	0.0817	0.0834	0.0843	0.0775	0.0732	0.0729	0.0752	0.0799	0.0678	0.0620	0.0597	0.0607	0.0651	0.0736	0.0546	0.0472	0.0441	0.0432	0.0455	0.0510	0.0622
609	0.0877	0.0878	0.0850	0.0851	0.0872	0.0852	0.0819	0.0816	0.0834	0.0844	0.0775	0.0732	0.0729	0.0751	0.0798	0.0679	0.0620	0.0597	0.0608	0.0650	0.0735	0.0547	0.0472	0.0441	0.0432	0.0455	0.0510	0.0621
610	0.0877	0.0879	0.0851	0.0851	0.0873	0.0852	0.0819	0.0816	0.0835	0.0845	0.0775	0.0732	0.0729	0.0751	0.0796	0.0679	0.0620	0.0597	0.0608	0.0649	0.0734	0.0547	0.0472	0.0441	0.0432	0.0454	0.0509	0.0619
611	0.0879	0.0879	0.0852	0.0852	0.0875	0.0853	0.0819	0.0818	0.0836	0.0847	0.0777	0.0734	0.0730	0.0753	0.0798	0.0681	0.0622	0.0599	0.0610	0.0651	0.0735	0.0548	0.0473	0.0442	0.0434	0.0454	0.0511	0.0621
612	0.0881	0.0880	0.0854	0.0854	0.0877	0.0854	0.0821	0.0820	0.0839	0.0848	0.0778	0.0736	0.0732	0.0755	0.0801	0.0683	0.0624	0.0601	0.0611	0.0653	0.0737	0.0548	0.0474	0.0444	0.0435	0.0456	0.0513	0.0623
613	0.0883	0.0882	0.0855	0.0857	0.0879	0.0855	0.0824	0.0822	0.0841	0.0850	0.0780	0.0737	0.0734	0.0758	0.0804	0.0685	0.0625	0.0603	0.0613	0.0655	0.0740	0.0549	0.0475	0.0444	0.0437	0.0458	0.0514	0.0625
614	0.0884	0.0883	0.0856	0.0858	0.0879	0.0857	0.0825	0.0822	0.0842	0.0851	0.0781	0.0738	0.0734	0.0757	0.0805	0.0685	0.0625	0.0603	0.0612	0.0655	0.0741	0.0551	0.0476	0.0444	0.0435	0.0458	0.0513	0.0625
615	0.0885	0.0884	0.0857	0.0859	0.0881	0.0858	0.0825	0.0823	0.0843	0.0852	0.0782	0.0738	0.0735	0.0757	0.0805	0.0686	0.0626	0.0602	0.0612	0.0655	0.0741	0.0552	0.0476	0.0444	0.0435	0.0458	0.0513	0.0624
616	0.0886	0.0886	0.0858	0.0861	0.0882	0.0859	0.0826	0.0825	0.0844	0.0853	0.0783	0.0738	0.0736	0.0758	0.0806	0.0686	0.0626	0.0602	0.0612	0.0655	0.0742	0.0553	0.0476	0.0444	0.0435	0.0458	0.0513	0.0624
617	0.0887	0.0888	0.0861	0.0862	0.0882	0.0859	0.0828	0.0827	0.0846	0.0854	0.0783	0.0740	0.0737	0.0761	0.0808	0.0687	0.0627	0.0602	0.0614	0.0656	0.0742	0.0554	0.0477	0.0445	0.0435	0.0458	0.0514	0.0625
618	0.0889	0.0890	0.0863	0.0864	0.0885	0.0862	0.0830	0.0829	0.0847	0.0856	0.0785	0.0742	0.0739	0.0763	0.0811	0.0688	0.0628	0.0604	0.0616	0.0659	0.0745	0.0554	0.0478	0.0446	0.0436	0.0459	0.0516	0.0627
619	0.0891	0.0892	0.0864	0.0866	0.0887	0.0864	0.0831	0.0831	0.0850	0.0857	0.0786	0.0744	0.0740	0.0765	0.0813	0.0689	0.0630	0.0606	0.0617	0.0661	0.0748	0.0555	0.0479	0.0447	0.0437	0.0460	0.0518	0.0629
620	0.0893	0.0893	0.0866	0.0868	0.0888	0.0865	0.0832	0.0833	0.0853	0.0859	0.0787	0.0745	0.0742	0.0768	0.0815	0.0691	0.0631	0.0608	0.0618	0.0663	0.0750	0.0555	0.0479	0.0447	0.0439	0.0461	0.0519	0.0631
621	0.0894	0.0895	0.0869	0.0871	0.0889	0.0867	0.0835	0.0835	0.0855	0.0860	0.0790	0.0747	0.0744	0.0769	0.0817	0.0692	0.0631	0.0608	0.0620	0.0665	0.0751	0.0557	0.0481	0.0449	0.0440	0.0462	0.0520	0.0632
622	0.0896	0.0897	0.0871	0.0873	0.0891	0.0869	0.0837	0.0838	0.0857	0.0862	0.0792	0.0748	0.0746	0.0771	0.0819	0.0692	0.0632	0.0610	0.0621	0.0667	0.0752	0.0558	0.0482	0.0449	0.0441	0.0463	0.0521	0.0634
623	0.0898	0.0899	0.0873	0.0875	0.0893	0.0871	0.0839	0.0840	0.0859	0.0863	0.0793	0.0749	0.0748	0.0773	0.0822	0.0693	0.0634	0.0611	0.0623	0.0669	0.0755	0.0558	0.0483	0.0450	0.0442	0.0465	0.0523	0.0636
624	0.0900	0.0901	0.0875	0.0879	0.0895	0.0872	0.0841	0.0842	0.0862	0.0864	0.0794	0.0751	0.0750	0.0776	0.0825	0.0696	0.0636	0.0613	0.0625	0.0671	0.0759	0.0559	0.0483	0.0451	0.0443	0.0467	0.0525	0.0639
625	0.0902	0.0903	0.0877	0.0880	0.0897	0.0874	0.0842	0.0844	0.0864	0.0866	0.0795	0.0753	0.0751	0.0778	0.0827	0.0697	0.0637	0.0614	0.0627	0.0673	0.0761	0.0560	0.0485	0.0452	0.0444	0.0468	0.0527	0.0641
626	0.0903	0.0905	0.0878	0.0881	0.0898	0.0876	0.0844	0.0846	0.0866	0.0867	0.0796	0.0754	0.0752	0.0780	0.0830	0.0698	0.0638	0.0616	0.0628	0.0674	0.0763	0.0560	0.0486	0.0453	0.0445	0.0469	0.0528	0.0643
627	0.0905	0.0905	0.0880	0.0882	0.0899	0.0877	0.0846	0.0846	0.0868	0.0869	0.0798	0.0756	0.0753	0.0782	0.0831	0.0699	0.0639	0.0617	0.0629	0.0674	0.0764	0.0561	0.0485	0.0453	0.0445	0.0469	0.0528	0.0644
628	0.0905	0.0907	0.0881	0.0883	0.0900	0.0878	0.0847	0.0847	0.0869	0.0870	0.0799	0.0757	0.0755	0.0782	0.0832	0.0700	0.0640	0.0618	0.0631	0.0676	0.0767	0.0561	0.0486	0.0454	0.0446	0.0471	0.0529	0.0646
629	0.0906	0.0908	0.0882	0.0885	0.0902	0.0879	0.0849	0.0849	0.0870	0.0870	0.0800	0.0758	0.0757	0.0783	0.0833	0.0701	0.0641	0.0619	0.0632	0.0678	0.0768	0.0562	0.0486	0.0455	0.0447	0.0471	0.0531	0.0647
630	0.0908	0.0909	0.0884	0.0887	0.0903	0.0881	0.0851	0.0851	0.0871	0.0871	0.0802	0.0758	0.0758	0.0785	0.0834	0.0702	0.0642	0.0621	0.0633	0.0679	0.0769	0.0564	0.0487	0.0456	0.0448	0.0472	0.0533	0.0648
631	0.0909	0.0910	0.0885	0.0888	0.0904	0.0882	0.0851	0.0852	0.0873	0.0873	0.0803	0.0760	0.0759	0.0786	0.0836	0.0702	0.0642	0.0620	0.0633	0.0679	0.0769	0.0564	0.0487	0.0456	0.0449	0.0472	0.0533	0.0649
632	0.0909	0.0911	0.0886	0.0889	0.0905	0.0883	0.0851	0.0852	0.0874	0.0874	0.0804	0.0761	0.0760	0.0787	0.0837	0.0703	0.0643	0.0621	0.0634	0.0680	0.0770	0.0565	0.0488	0.0457	0.0449	0.0473	0.0534	0.0649
633	0.0910	0.0913	0.0887	0.0890	0.0906	0.0884	0.0852	0.0853	0.0875	0.0875	0.0804	0.0762	0.0761	0.0787	0.0839	0.0703	0.0645	0.0622	0.0635	0.0682	0.0772	0.0566	0.0489	0.0458	0.0449	0.0474	0.0534	0.0650
634	0.0912	0.0914	0.0888	0.0890	0.0907	0.0884	0.0853	0.0854	0.0876	0.0877	0.0805	0.0763	0.0762	0.0788	0.0839	0.0705	0.0646	0.0623	0.0635	0.0682	0.0772	0.0567	0.0490	0.0458	0.0450	0.0474	0.0534	0.0650
635	0.0913	0.0915	0.0889	0.0892	0.0908	0.0885	0.0855	0.0855	0.0877	0.0878	0.0806	0.0764	0.0763	0.0789	0.0839	0.0706	0.0647	0.0624	0.0636	0.0683	0.0773	0.0567	0.0491	0.0459	0.0451	0.0475	0.0535	0.0651
636	0.0914	0.0916	0.0890	0.0893	0.0909	0.0887	0.0855	0.0856	0.0878	0.0878	0.0807	0.0765	0.0763	0.0790	0.0839	0.0707	0.0647	0.0624	0.0637	0.0683	0.0773	0.0568	0.0492	0.0461	0.0452	0.0476	0.0536	0.0652
637	0.0915	0.0917	0.0891	0.0894	0.0909	0.0888	0.0856	0.0857	0.0878	0.0879	0.0808	0.0766	0.0764	0.0791	0.0840	0.0708	0.0648	0.0625	0.0637	0.0685	0.0773	0.0569	0.0492	0.0462	0.0452	0.0477	0.0536	0.0653
638	0.0915	0.0918	0.0891	0.0895	0.0911	0.0889	0.0857	0.0858	0.0880	0.0881	0.0809	0.0767	0.0765	0.0791	0.0841	0.0709	0.0649	0.0627	0.0638	0.0685	0.0774	0.0570	0.0493	0.0462	0.0454	0.0478	0.0536	0.0653
639	0.0916	0.0919	0.0892	0.0896	0.0913	0.0890	0.0859	0.0859	0.0880	0.0882	0.0810	0.0767	0.0766	0.0792	0.0842	0.0710	0.0650	0.0628	0.0639	0.0686	0.0775	0.0570	0.0494	0.0462	0.0454	0.0478	0.0537	0.0653
640	0.0918	0.0920	0.0894	0.0897	0.0914	0.0890	0.0860	0.0859	0.0881	0.0883	0.0811	0.0767	0.0767	0.0792	0.0844	0.0710	0.0651	0.0628	0.0641	0.0686	0.0774	0.0571	0.0494	0.0463	0.0454	0.0478	0.0538	0.0653
641	0.0919	0.0920	0.0894	0.0898	0.0915	0.0891	0.0861	0.0861	0.0882	0.0883	0.0813	0.0769	0.0768	0.0794	0.0844	0.0711	0.0652	0.0629	0.0642	0.0687	0.0776	0.0571	0.0495	0.0464	0.0455	0.0479	0.0538	0.0653
642	0.0920	0.0921	0.0895	0.0899	0.0916	0.0892	0.0861	0.0862	0.0883	0.0884	0.0814	0.0770	0.0769	0.0795	0.0845	0.0712	0.0653	0.0630	0.0642	0.0688	0.0777	0.0572	0.0496	0.0465	0.0456	0.0480	0.0539	0.0653
643	0.0921	0.0923	0.0896	0.0899	0.0917	0.0894	0.0862	0.0863	0.0885	0.0885	0.0815	0.0772	0.0770	0.0795	0.0845	0.0713	0.0654	0.0631	0.0643	0.0688	0.0778	0.0574	0.0496	0.0466	0.0458	0.0481	0.0539	0.0653
644	0.0922	0.0924	0.0898	0.0901	0.0918	0.0895	0.0863	0.0864	0.0885	0.0887	0.0816	0.0773	0.0770	0.0797	0.0846	0.0714	0.0655	0.0632	0.0643	0.0690	0.0777	0.0575	0.0497	0.0467	0.0458	0.0482	0.0540	0.0653
645	0.0922	0.0926	0.0899	0.0902	0.0920	0.0896	0.0864	0.0865	0.0887	0.0888	0.0817	0.0774	0.0771	0.0798	0.0847	0.0716	0.0656	0.0632	0.0643	0.0690	0.0778	0.0575	0.0498	0.0467	0.0459	0.0482	0.0540	0.0654
646	0.0924	0.0927	0.0900	0.0904	0.0921	0.0897	0.0866	0.0866	0.0888	0.0889	0.0818	0.0775	0.0772	0.0799	0.0848	0.0717	0.0656	0.0633	0.0645	0.0690	0.0779	0.0575	0.0499	0.0467	0.0459	0.0483	0.0541	0.0654
647	0.0926	0.0928	0.0902	0.0905	0.0922	0.0898	0.0867	0.0867	0.0890	0.0891	0.0819	0.0776	0.0774	0.0800	0.0849	0.0718	0.0657	0.0634	0.0646	0.0691	0.0780	0.0577	0.0500	0.0468	0.0459	0.0484	0.0542	0.0655
648	0.0927	0.0929	0.0903	0.0906	0.0923	0.0899	0.0868	0.0868	0.0890	0.0892	0.0820	0.0777	0.0774	0.0800	0.0850	0.0718	0.0658	0.0636	0.0647	0.0692	0.0780	0.0577	0.0500	0.0468	0.0459	0.0484	0.0542	0.0655
649	0.0928	0.0929	0.0903	0.0907	0.0924	0.0901	0.0869	0.0869	0.0890	0.0892	0.0821	0.0777	0.0775	0.0801	0.0851	0.0719	0.0659	0.0637	0.0647	0.0693	0.0780	0.0577	0.0500	0.0469	0.0460	0.0484	0.0542	0.0656
650	0.0929	0.0930	0.0903	0.0908	0.0925	0.0902	0.0870	0.0870	0.0892	0.0893	0.0822	0.0778	0.0776	0.0802	0.0852	0.0719	0.0660	0.0637	0.0648	0.0695	0.0781	0.0579	0.0502	0.0470	0.0461	0.0485	0.0543	0.0657
651	0.0930	0.0932	0.0906	0.0909	0.0927	0.0903	0.0872	0.0872	0.0895	0.0895	0.0823	0.0780	0.0778	0.0804	0.0853	0.0720	0.0661	0.0638	0.0649	0.0695	0.0782	0.0580	0.0502	0.0471	0.0463	0.0485	0.0544	0.0658
652	0.0931	0.0934	0.0907	0.0911	0.0928	0.0905	0.0873	0.0874	0.0896	0.0896	0.0825	0.0781	0.0779	0.0805	0.0855	0.0722	0.0662	0.0639	0.0651	0.0696	0.0784	0.0581	0.0503	0.0471	0.0463	0.0486	0.0545	0.0659
653	0.0933	0.0935	0.0908	0.0913	0.0929	0.0906	0.0874	0.0875	0.0896	0.0897	0.0826	0.0783	0.0780	0.0806	0.0856	0.0723	0.0662	0.0639	0.0652	0.0697	0.0786	0.0582	0.0503	0.0472	0.0464	0.0487	0.0546	0.0660
654	0.0934	0.0936	0.0909	0.0914	0.0930	0.0907	0.0875	0.0876	0.0898	0.0898	0.0826	0.0783	0.0781	0.0807	0.0857	0.0724	0.0664	0.0641	0.0653	0.0699	0.0787	0.0582	0.0504	0.0473	0.0464	0.0488	0.0546	0.0660
655	0.0935	0.0937	0.0911	0.0915	0.0931	0.0908	0.0876	0.0877	0.0899	0.0899	0.0827	0.0785	0.0782	0.0808	0.0858	0.0725	0.0665	0.0641	0.0654	0.0699	0.0787	0.0582	0.0505	0.0473	0.0465	0.0489	0.0546	0.0661
656	0.0936	0.0938	0.0913	0.0916	0.0932	0.0910	0.0877	0.0878	0.0900	0.0900	0.0828	0.0786	0.0783	0.0809	0.0860	0.0725	0.0666	0.0642	0.0655	0.0700	0.0787	0.0583	0.0505	0.0474	0.0466	0.0490	0.0547	0.0661
657	0.0937	0.0939	0.0913	0.0917	0.0932	0.0910	0.0878	0.0878	0.0900	0.0900	0.0829	0.0786	0.0784	0.0810	0.0860	0.0726	0.0666	0.0643	0.0655	0.0700	0.0788	0.0583	0.0506	0.0474	0.0466	0.0491	0.0548	0.0661
658	0.0938	0.0940	0.0914	0.0918	0.0934	0.0911	0.0879	0.0880	0.0902	0.0902	0.0830	0.0787	0.0785	0.0811	0.0861	0.0728	0.0667	0.0644	0.0656	0.0701	0.0790	0.0584	0.0507	0.0475	0.0467	0.0491	0.0549	0.0662
659	0.0939	0.0941	0.0915	0.0919	0.0936	0.0912	0.0881	0.0882	0.0904	0.0903	0.0831	0.0789	0.0786	0.0812	0.0863	0.0729	0.0668	0.0646	0.0657	0.0703	0.0792	0.0585	0.0508	0.0476	0.0468	0.0492	0.0550	0.0663
660	0.0941	0.0944	0.0916	0.0922	0.0937	0.0913	0.0882	0.0883	0.0905	0.0904	0.0833	0.0790	0.0788	0.0814	0.0864	0.0730	0.0670	0.0647	0.0658	0.0705	0.0792	0.0585	0.0508	0.0476	0.0468	0.0493	0.0551	0.0664
661	0.0943	0.0945	0.0918	0.0923	0.0938	0.0915	0.0884	0.0885	0.0907	0.0906	0.0834	0.0791	0.0789	0.0815	0.0866	0.0732	0.0671	0.0648	0.0660	0.0705	0.0794	0.0587	0.0509	0.0477	0.0469	0.0494	0.0552	0.0665
662	0.0943	0.0946	0.0920	0.0924	0.0939	0.0916	0.0885	0.0886	0.0908	0.0907	0.0835	0.0791	0.0790	0.0817	0.0867	0.0732	0.0671	0.0648	0.0661	0.0706	0.0795	0.0587	0.0510	0.0477	0.0469	0.0494	0.0552	0.0666
663	0.0944	0.0947	0.0921	0.0925	0.0939	0.0917	0.0886	0.0887	0.0908	0.0908	0.0836	0.0792	0.0792	0.0818	0.0869	0.0732	0.0672	0.0648	0.0661	0.0707	0.0796	0.0587	0.0511	0.0478	0.0470	0.0495	0.0552	0.0667
664	0.0946	0.0948	0.0923	0.0927	0.0941	0.0919	0.0888	0.0888	0.0910	0.0909	0.0838	0.0794	0.0793	0.0819	0.0870	0.0733	0.0674	0.0650	0.0663	0.0708	0.0796	0.0590	0.0512	0.0479	0.0472	0.0496	0.0554	0.0669
665	0.0947	0.0949	0.0924	0.0928	0.0943	0.0920	0.0889	0.0889	0.0912	0.0910	0.0839	0.0795	0.0794	0.0821	0.0871	0.0735	0.0675	0.0651	0.0664	0.0709	0.0798	0.0590	0.0511	0.0480	0.0472	0.0496	0.0555	0.0669
666	0.0948	0.0950	0.0925	0.0930	0.0944	0.0921	0.0890	0.0891	0.0913	0.0912	0.0840	0.0796	0.0795	0.0822	0.0871	0.0735	0.0675	0.0652	0.0664	0.0710	0.0799	0.0590	0.0511	0.0481	0.0473	0.0496	0.0555	0.0669
667	0.0950	0.0951	0.0925	0.0930	0.0945	0.0922	0.0891	0.0892	0.0914	0.0913	0.0841	0.0797	0.0796	0.0822	0.0873	0.0736	0.0676	0.0653	0.0665	0.0711	0.0800	0.0591	0.0513	0.0481	0.0474	0.0497	0.0556	0.0670
668	0.0951	0.0953	0.0927	0.0932	0.0947	0.0924	0.0892	0.0893	0.0916	0.0914	0.0842	0.0799	0.0797	0.0824	0.0875	0.0738	0.0677	0.0654	0.0667	0.0712	0.0801	0.0593	0.0514	0.0482	0.0474	0.0498	0.0557	0.0671
669	0.0952	0.0955	0.0929	0.0933	0.0948	0.0925	0.0894	0.0894	0.0917	0.0915	0.0843	0.0800	0.0798	0.0825	0.0876	0.0739	0.0678	0.0655	0.0668	0.0714	0.0803	0.0594	0.0515	0.0483	0.0474	0.0498	0.0557	0.0672
670	0.0953	0.0956	0.0929	0.0935	0.0948	0.0926	0.0894	0.0897	0.0917	0.0916	0.0844	0.0800	0.0799	0.0826	0.0877	0.0739	0.0678	0.0656	0.0667	0.0715	0.0804	0.0593	0.0515	0.0484	0.0474	0.0500	0.0558	0.0672
671	0.0954	0.0957	0.0932	0.0937	0.0951	0.0927	0.0896	0.0898	0.0920	0.0918	0.0846	0.0802	0.0801	0.0828	0.0879	0.0741	0.0680	0.0657	0.0670	0.0716	0.0805	0.0595	0.0517	0.0485	0.0476	0.0501	0.0560	0.0674
672	0.0956	0.0959	0.0934	0.0938	0.0953	0.0929	0.0898	0.0899	0.0921	0.0920	0.0848	0.0804	0.0802	0.0829	0.0880	0.0742	0.0682	0.0659	0.0671	0.0717	0.0806	0.0596	0.0518	0.0486	0.0478	0.0502	0.0561	0.0675
673	0.0957	0.0960	0.0936	0.0939	0.0954	0.0930	0.0900	0.0901	0.0923	0.0922	0.0849	0.0805	0.0804	0.0831	0.0881	0.0742	0.0683	0.0660	0.0672	0.0719	0.0807	0.0597	0.0518	0.0487	0.0479	0.0502	0.0561	0.0675
674	0.0959	0.0961	0.0936	0.0941	0.0956	0.0932	0.0900	0.0902	0.0925	0.0922	0.0849	0.0806	0.0805	0.0831	0.0882	0.0744	0.0684	0.0660	0.0673	0.0718	0.0808	0.0597	0.0519	0.0487	0.0479	0.0503	0.0562	0.0676
675	0.0960	0.0963	0.0937	0.0942	0.0956	0.0934	0.0901	0.0903	0.0926	0.0923	0.0850	0.0807	0.0806	0.0833	0.0884	0.0745	0.0685	0.0661	0.0674	0.0720	0.0810	0.0598	0.0520	0.0487	0.0480	0.0504	0.0563	0.0677
676	0.0961	0.0965	0.0938	0.0944	0.0957	0.0935	0.0902	0.0904	0.0927	0.0924	0.0852	0.0808	0.0807	0.0834	0.0885	0.0747	0.0686	0.0663	0.0675	0.0721	0.0811	0.0599	0.0521	0.0488	0.0481	0.0505	0.0564	0.0678
677	0.0963	0.0966	0.0940	0.0945	0.0959	0.0936	0.0904	0.0906	0.0929	0.0926	0.0853	0.0809	0.0808	0.0835	0.0887	0.0748	0.0687	0.0664	0.0677	0.0723	0.0812	0.0600	0.0522	0.0489	0.0481	0.0506	0.0565	0.0679
678	0.0965	0.0968	0.0942	0.0947	0.0961	0.0937	0.0905	0.0907	0.0931	0.0927	0.0854	0.0810	0.0810	0.0837	0.0888	0.0749	0.0688	0.0664	0.0678	0.0724	0.0813	0.0601	0.0523	0.0490	0.0482	0.0507	0.0566	0.0681
679	0.0966	0.0970	0.0944	0.0949	0.0962	0.0938	0.0907	0.0908	0.0932	0.0928	0.0856	0.0812	0.0811	0.0838	0.0890	0.0749	0.0689	0.0665	0.0678	0.0725	0.0814	0.0602	0.0523	0.0491	0.0483	0.0507	0.0567	0.0682
680	0.0966	0.0971	0.0945	0.0950	0.0963	0.0939	0.0908	0.0909	0.0934	0.0930	0.0857	0.0814	0.0812	0.0840	0.0890	0.0750	0.0690	0.0667	0.0679	0.0725	0.0815	0.0602	0.0523	0.0492	0.0484	0.0508	0.0567	0.0682
681	0.0968	0.0972	0.0947	0.0951	0.0965	0.0941	0.0909	0.0912	0.0935	0.0931	0.0858	0.0814	0.0813	0.0840	0.0891	0.0751	0.0690	0.0668	0.0680	0.0727	0.0817	0.0603	0.0524	0.0493	0.0485	0.0508	0.0568	0.0683
682	0.0970	0.0973	0.0948	0.0952	0.0966	0.0943	0.0911	0.0913	0.0936	0.0933	0.0859	0.0816	0.0814	0.0841	0.0893	0.0752	0.0691	0.0669	0.0681	0.0728	0.0818	0.0604	0.0525	0.0494	0.0486	0.0509	0.0569	0.0684
683	0.0972	0.0974	0.0950	0.0954	0.0968	0.0944	0.0913	0.0915	0.0937	0.0935	0.0861	0.0818	0.0816	0.0843	0.0895	0.0753	0.0692	0.0670	0.0682	0.0730	0.0820	0.0606	0.0526	0.0495	0.0487	0.0511	0.0569	0.0686
684	0.0973	0.0976	0.0951	0.0956	0.0970	0.0946	0.0914	0.0916	0.0940	0.0936	0.0862	0.0818	0.0817	0.0845	0.0897	0.0755	0.0694	0.0672	0.0684	0.0730	0.0821	0.0606	0.0527	0.0495	0.0487	0.0512	0.0570	0.0687
685	0.0973	0.0977	0.0952	0.0958	0.0971	0.0946	0.0915	0.0917	0.0940	0.0937	0.0863	0.0819	0.0818	0.0846	0.0897	0.0756	0.0695	0.0672	0.0685	0.0731	0.0821	0.0607	0.0528	0.0496	0.0487	0.0512	0.0570	0.0687
686	0.0974	0.0978	0.0953	0.0959	0.0971	0.0947	0.0916	0.0918	0.0941	0.0938	0.0864	0.0820	0.0819	0.0846	0.0898	0.0756	0.0696	0.0672	0.0685	0.0732	0.0822	0.0608	0.0529	0.0496	0.0488	0.0512	0.0571	0.0687
687	0.0977	0.0981	0.0955	0.0961	0.0973	0.0949	0.0918	0.0920	0.0944	0.0940	0.0866	0.0823	0.0822	0.0849	0.0900	0.0758	0.0697	0.0674	0.0687	0.0734	0.0824	0.0610	0.0530	0.0498	0.0489	0.0514	0.0573	0.0689
688	0.0979	0.0982	0.0956	0.0962	0.0975	0.0951	0.0920	0.0922	0.0946	0.0941	0.0868	0.0825	0.0823	0.0850	0.0902	0.0759	0.0699	0.0676	0.0688	0.0735	0.0825	0.0610	0.0531	0.0499	0.0490	0.0515	0.0574	0.0690
689	0.0980	0.0983	0.0958	0.0963	0.0977	0.0952	0.0921	0.0924	0.0947	0.0942	0.0869	0.0826	0.0824	0.0851	0.0903	0.0760	0.0700	0.0677	0.0689	0.0736	0.0826	0.0611	0.0531	0.0499	0.0491	0.0516	0.0574	0.0691
690	0.0980	0.0985	0.0959	0.0964	0.0977	0.0954	0.0922	0.0925	0.0948	0.0944	0.0870	0.0826	0.0825	0.0852	0.0904	0.0761	0.0700	0.0678	0.0691	0.0736	0.0828	0.0612	0.0532	0.0500	0.0492	0.0516	0.0575	0.0691
691	0.0982	0.0986	0.0961	0.0967	0.0979	0.0955	0.0924	0.0926	0.0950	0.0946	0.0871	0.0827	0.0827	0.0854	0.0906	0.0763	0.0702	0.0679	0.0692	0.0739	0.0829	0.0614	0.0534	0.0501	0.0493	0.0518	0.0577	0.0692
692	0.0984	0.0988	0.0963	0.0969	0.0980	0.0957	0.0925	0.0927	0.0952	0.0947	0.0873	0.0828	0.0828	0.0855	0.0908	0.0765	0.0704	0.0680	0.0693	0.0740	0.0830	0.0615	0.0535	0.0501	0.0494	0.0519	0.0578	0.0693
693	0.0985	0.0989	0.0964	0.0970	0.0982	0.0958	0.0926	0.0929	0.0952	0.0948	0.0874	0.0830	0.0829	0.0856	0.0909	0.0765	0.0705	0.0680	0.0694	0.0740	0.0831	0.0615	0.0536	0.0502	0.0494	0.0519	0.0579	0.0693
694	0.0986	0.0991	0.0965	0.0972	0.0983	0.0959	0.0927	0.0930	0.0954	0.0949	0.0875	0.0831	0.0830	0.0857	0.0910	0.0766	0.0705	0.0681	0.0694	0.0741	0.0832	0.0616	0.0536	0.0503	0.0495	0.0520	0.0580	0.0694
695	0.0988	0.0992	0.0966	0.0972	0.0984	0.0961	0.0929	0.0932	0.0955	0.0950	0.0876	0.0832	0.0831	0.0858	0.0911	0.0767	0.0705	0.0682	0.0695	0.0742	0.0833	0.0616	0.0536	0.0504	0.0495	0.0520	0.0580	0.0695
696	0.0989	0.0993	0.0968	0.0973	0.0985	0.0962	0.0931	0.0933	0.0957	0.0952	0.0878	0.0833	0.0832	0.0860	0.0912	0.0768	0.0706	0.0684	0.0696	0.0744	0.0834	0.0617	0.0537	0.0504	0.0496	0.0521	0.0581	0.0697
697	0.0990	0.0995	0.0969	0.0975	0.0987	0.0962	0.0932	0.0935	0.0959	0.0953	0.0879	0.0835	0.0834	0.0862	0.0914	0.0770	0.0709	0.0685	0.0698	0.0745	0.0835	0.0618	0.0538	0.0506	0.0497	0.0523	0.0582	0.0698
698	0.0991	0.0995	0.0971	0.0977	0.0988	0.0964	0.0933	0.0935	0.0960	0.0954	0.0880	0.0835	0.0835	0.0863	0.0915	0.0771	0.0709	0.0686	0.0698	0.0746	0.0836	0.0619	0.0538	0.0506	0.0498	0.0523	0.0582	0.0699
699	0.0993	0.0997	0.0972	0.0978	0.0990	0.0965	0.0934	0.0936	0.0961	0.0955	0.0881	0.0837	0.0836	0.0863	0.0917	0.0772	0.0710	0.0687	0.0699	0.0747	0.0838	0.0620	0.0539	0.0507	0.0499	0.0523	0.0583	0.0700
700	0.0994	0.0999	0.0973	0.0980	0.0991	0.0967	0.0935	0.0939	0.0962	0.0957	0.0882	0.0839	0.0837	0.0864	0.0918	0.0773	0.0711	0.0688	0.0700	0.0747	0.0839	0.0621	0.0541	0.0508	0.0500	0.0524	0.0584	0.0700
701	0.0995	0.1001	0.0975	0.0981	0.0993	0.0968	0.0937	0.0940	0.0964	0.0959	0.0884	0.0840	0.0838	0.0867	0.0919	0.0773	0.0712	0.0688	0.0701	0.0749	0.0840	0.0621	0.0542	0.0509	0.0500	0.0524	0.0584	0.0701
702	0.0997	0.1002	0.0976	0.0982	0.0994	0.0969	0.0938	0.0941	0.0966	0.0960	0.0885	0.0841	0.0839	0.0868	0.0921	0.0775	0.0713	0.0689	0.0703	0.0750	0.0841	0.0623	0.0543	0.0510	0.0501	0.0525	0.0585	0.0702
703	0.0999	0.1003	0.0979	0.0984	0.0996	0.0971	0.0940	0.0943	0.0967	0.0961	0.0885	0.0842	0.0841	0.0869	0.0922	0.0777	0.0715	0.0691	0.0705	0.0752	0.0842	0.0624	0.0543	0.0511	0.0502	0.0527	0.0586	0.0703
704	0.1000	0.1004	0.0980	0.0986	0.0997	0.0972	0.0941	0.0944	0.0968	0.0962	0.0886	0.0843	0.0842	0.0870	0.0923	0.0777	0.0715	0.0691	0.0705	0.0752	0.0843	0.0624	0.0543	0.0511	0.0502	0.0527	0.0587	0.0704
705	0.1001	0.1006	0.0981	0.0987	0.0998	0.0973	0.0942	0.0945	0.0970	0.0964	0.0888	0.0844	0.0844	0.0871	0.0925	0.0778	0.0716	0.0693	0.0706	0.0753	0.0845	0.0625	0.0544	0.0512	0.0504	0.0528	0.0588	0.0705
706	0.1003	0.1008	0.0982	0.0989	0.0999	0.0975	0.0944	0.0947	0.0972	0.0966	0.0890	0.0846	0.0846	0.0873	0.0927	0.0779	0.0718	0.0694	0.0708	0.0755	0.0846	0.0626	0.0545	0.0514	0.0505	0.0530	0.0589	0.0706
707	0.1004	0.1009	0.0982	0.0990	0.1001	0.0977	0.0945	0.0948	0.0973	0.0967	0.0891	0.0847	0.0846	0.0875	0.0928	0.0781	0.0720	0.0696	0.0709	0.0756	0.0847	0.0627	0.0546	0.0514	0.0505	0.0530	0.0589	0.0707
708	0.1005	0.1010	0.0984	0.0992	0.1002	0.0978	0.0946	0.0949	0.0975	0.0968	0.0892	0.0848	0.0847	0.0875	0.0929	0.0782	0.0721	0.0697	0.0710	0.0757	0.0848	0.0627	0.0546	0.0515	0.0506	0.0531	0.0590	0.0708
709	0.1007	0.1011	0.0987	0.0993	0.1003	0.0979	0.0947	0.0951	0.0976	0.0969	0.0893	0.0849	0.0848	0.0876	0.0930	0.0783	0.0722	0.0698	0.0710	0.0758	0.0850	0.0627	0.0547	0.0515	0.0507	0.0532	0.0591	0.0709
710	0.1008	0.1013	0.0989	0.0996	0.1004	0.0981	0.0949	0.0952	0.0977	0.0971	0.0894	0.0851	0.0850	0.0879	0.0932	0.0784	0.0723	0.0699	0.0712	0.0760	0.0852	0.0629	0.0550	0.0517	0.0508	0.0533	0.0592	0.0710
711	0.1009	0.1014	0.0990	0.0996	0.1007	0.0981	0.0950	0.0953	0.0979	0.0972	0.0895	0.0852	0.0850	0.0879	0.0932	0.0785	0.0723	0.0700	0.0712	0.0760	0.0852	0.0630	0.0550	0.0516	0.0508	0.0533	0.0593	0.0711
712	0.1010	0.1015	0.0991	0.0997	0.1008	0.0983	0.0951	0.0954	0.0980	0.0973	0.0896	0.0853	0.0852	0.0880	0.0933	0.0786	0.0724	0.0700	0.0713	0.0761	0.0853	0.0631	0.0550	0.0516	0.0508	0.0534	0.0593	0.0711
713	0.1012	0.1016	0.0992	0.0998	0.1009	0.0985	0.0953	0.0956	0.0981	0.0974	0.0897	0.0854	0.0854	0.0881	0.0935	0.0787	0.0724	0.0701	0.0714	0.0762	0.0854	0.0632	0.0550	0.0517	0.0509	0.0535	0.0594	0.0712
714	0.1013	0.1018	0.0994	0.1000	0.1011	0.0987	0.0954	0.0958	0.0983	0.0976	0.0899	0.0855	0.0855	0.0883	0.0936	0.0787	0.0726	0.0703	0.0715	0.0763	0.0855	0.0633	0.0551	0.0518	0.0510	0.0535	0.0595	0.0712
715	0.1014	0.1019	0.0996	0.1002	0.1012	0.0988	0.0956	0.0959	0.0985	0.0978	0.0901	0.0857	0.0856	0.0884	0.0938	0.0788	0.0727	0.0704	0.0716	0.0764	0.0856	0.0634	0.0552	0.0520	0.0512	0.0535	0.0596	0.0714
716	0.1016	0.1021	0.0998	0.1003	0.1013	0.0989	0.0958	0.0961	0.0987	0.0980	0.0902	0.0858	0.0857	0.0885	0.0939	0.0790	0.0729	0.0704	0.0717	0.0765	0.0858	0.0635	0.0553	0.0521	0.0513	0.0536	0.0597	0.0715
717	0.1017	0.1022	0.0999	0.1005	0.1014	0.0990	0.0959	0.0962	0.0988	0.0980	0.0903	0.0859	0.0858	0.0887	0.0940	0.0791	0.0730	0.0705	0.0719	0.0767	0.0859	0.0636	0.0554	0.0522	0.0513	0.0537	0.0597	0.0716
718	0.1019	0.1023	0.0999	0.1007	0.1015	0.0991	0.0960	0.0963	0.0989	0.0981	0.0904	0.0860	0.0859	0.0888	0.0941	0.0792	0.0730	0.0706	0.0720	0.0768	0.0859	0.0636	0.0555	0.0522	0.0513	0.0538	0.0598	0.0716
719	0.1020	0.1025	0.1001	0.1008	0.1018	0.0993	0.0962	0.0964	0.0991	0.0983	0.0905	0.0861	0.0860	0.0889	0.0943	0.0793	0.0731	0.0708	0.0721	0.0769	0.0861	0.0637	0.0556	0.0523	0.0514	0.0539	0.0599	0.0717
720	0.1022	0.1027	0.1002	0.1011	0.1020	0.0995	0.0964	0.0967	0.0993	0.0985	0.0907	0.0864	0.0863	0.0892	0.0946	0.0796	0.0734	0.0709	0.0722	0.0770	0.0863	0.0638	0.0557	0.0524	0.0516	0.0541	0.0601	0.0718
721	0.1023	0.1028	0.1003	0.1012	0.1021	0.0996	0.0964	0.0968	0.0994	0.0985	0.0908	0.0864	0.0864	0.0892	0.0947	0.0796	0.0733	0.0710	0.0723	0.0771	0.0863	0.0639	0.0558	0.0524	0.0516	0.0541	0.0601	0.0719
722	0.1024	0.1029	0.1005	0.1013	0.1022	0.0997	0.0966	0.0969	0.0995	0.0986	0.0909	0.0865	0.0865	0.0893	0.0948	0.0797	0.0734	0.0711	0.0725	0.0772	0.0864	0.0640	0.0559	0.0525	0.0516	0.0542	0.0602	0.0720
723	0.1026	0.1032	0.1007	0.1015	0.1023	0.0999	0.0968	0.0972	0.0997	0.0989	0.0911	0.0868	0.0867	0.0896	0.0950	0.0799	0.0737	0.0712	0.0726	0.0774	0.0866	0.0642	0.0560	0.0526	0.0519	0.0543	0.0604	0.0722
724	0.1028	0.1034	0.1009	0.1017	0.1025	0.1000	0.0969	0.0973	0.0999	0.0991	0.0913	0.0869	0.0868	0.0897	0.0951	0.0800	0.0738	0.0714	0.0727	0.0775	0.0867	0.0642	0.0560	0.0527	0.0519	0.0544	0.0605	0.0723
725	0.1029	0.1034	0.1010	0.1018	0.1026	0.1001	0.0970	0.0974	0.1000	0.0991	0.0914	0.0870	0.0868	0.0898	0.0952	0.0801	0.0739	0.0715	0.0728	0.0775	0.0868	0.0642	0.0560	0.0527	0.0519	0.0544	0.0605	0.0723
726	0.1030	0.1035	0.1012	0.1019	0.1027	0.1002	0.0971	0.0974	0.1001	0.0992	0.0915	0.0870	0.0869	0.0899	0.0953	0.0802	0.0739	0.0715	0.0729	0.0776	0.0868	0.0643	0.0561	0.0527	0.0519	0.0545	0.0605	0.0723
727	0.1031	0.1038	0.1013	0.1021	0.1029	0.1005	0.0974	0.0976	0.1003	0.0994	0.0916	0.0872	0.0872	0.0900	0.0955	0.0804	0.0740	0.0716	0.0730	0.0778	0.0870	0.0644	0.0562	0.0529	0.0520	0.0547	0.0607	0.0725
728	0.1033	0.1039	0.1014	0.1022	0.1031	0.1006	0.0975	0.0977	0.1004	0.0996	0.0918	0.0873	0.0873	0.0901	0.0956	0.0805	0.0741	0.0717	0.0731	0.0779	0.0871	0.0645	0.0563	0.0529	0.0521	0.0547	0.0608	0.0725
729	0.1035	0.1040	0.1016	0.1023	0.1033	0.1006	0.0976	0.0978	0.1006	0.0997	0.0919	0.0875	0.0874	0.0902	0.0957	0.0806	0.0742	0.0719	0.0732	0.0779	0.0873	0.0647	0.0563	0.0530	0.0522	0.0547	0.0609	0.0726
730	0.1037	0.1042	0.1018	0.1025	0.1034	0.1008	0.0978	0.0981	0.1007	0.0999	0.0920	0.0876	0.0876	0.0905	0.0959	0.0807	0.0744	0.0720	0.0734	0.0781	0.0875	0.0648	0.0565	0.0532	0.0523	0.0548	0.0610	0.0727
731	0.1038	0.1044	0.1019	0.1026	0.1035	0.1009	0.0979	0.0982	0.1009	0.0999	0.0922	0.0877	0.0876	0.0906	0.0960	0.0808	0.0745	0.0721	0.0734	0.0782	0.0875	0.0648	0.0565	0.0532	0.0524	0.0549	0.0609	0.0728
732	0.1039	0.1045	0.1020	0.1028	0.1036	0.1010	0.0979	0.0984	0.1010	0.1000	0.0923	0.0878	0.0877	0.0907	0.0961	0.0809	0.0745	0.0721	0.0735	0.0784	0.0876	0.0649	0.0566	0.0533	0.0525	0.0550	0.0610	0.0729
733	0.1041	0.1046	0.1023	0.1030	0.1037	0.1012	0.0981	0.0985	0.1012	0.1002	0.0924	0.0880	0.0880	0.0908	0.0963	0.0810	0.0747	0.0722	0.0737	0.0785	0.0878	0.0650	0.0568	0.0534	0.0525	0.0550	0.0612	0.0731
734	0.1042	0.1048	0.1024	0.1032	0.1039	0.1014	0.0983	0.0986	0.1014	0.1004	0.0926	0.0881	0.0881	0.0910	0.0964	0.0811	0.0749	0.0724	0.0738	0.0786	0.0879	0.0651	0.0569	0.0536	0.0526	0.0552	0.0612	0.0732
735	0.1043	0.1049	0.1025	0.1033	0.1041	0.1015	0.0984	0.0988	0.1015	0.1005	0.0927	0.0882	0.0882	0.0911	0.0966	0.0812	0.0749	0.0725	0.0739	0.0787	0.0880	0.0651	0.0569	0.0536	0.0527	0.0553	0.0613	0.0732
736	0.1045	0.1049	0.1025	0.1035	0.1042	0.1016	0.0985	0.0990	0.1017	0.1006	0.0929	0.0884	0.0883	0.0911	0.0967	0.0813	0.0750	0.0726	0.0740	0.0789	0.0880	0.0652	0.0570	0.0537	0.0527	0.0553	0.0613	0.0733
737	0.1046	0.1051	0.1027	0.1036	0.1044	0.1018	0.0987	0.0991	0.1017	0.1008	0.0930	0.0885	0.0884	0.0913	0.0968	0.0814	0.0751	0.0727	0.0741	0.0789	0.0882	0.0654	0.0571	0.0537	0.0528	0.0553	0.0614	0.0733
738	0.1047	0.1053	0.1029	0.1037	0.1045	0.1019	0.0988	0.0992	0.1019	0.1009	0.0931	0.0886	0.0886	0.0914	0.0970	0.0815	0.0752	0.0728	0.0742	0.0789	0.0882	0.0654	0.0571	0.0538	0.0529	0.0554	0.0614	0.0735
739	0.1049	0.1054	0.1030	0.1038	0.1046	0.1020	0.0989	0.0993	0.1021	0.1010	0.0932	0.0887	0.0887	0.0915	0.0971	0.0816	0.0753	0.0729	0.0743	0.0790	0.0883	0.0654	0.0572	0.0538	0.0530	0.0555	0.0615	0.0735
740	0.1051	0.1056	0.1032	0.1040	0.1047	0.1022	0.0991	0.0995	0.1023	0.1012	0.0934	0.0889	0.0888	0.0917	0.0972	0.0818	0.0755	0.0730	0.0744	0.0793	0.0886	0.0655	0.0573	0.0540	0.0531	0.0557	0.0616	0.0736
741	0.1052	0.1058	0.1034	0.1042	0.1050	0.1024	0.0993	0.0997	0.1024	0.1013	0.0936	0.0890	0.0890	0.0918	0.0973	0.0819	0.0756	0.0731	0.0745	0.0793	0.0887	0.0656	0.0574	0.0541	0.0532	0.0557	0.0617	0.0736
742	0.1054	0.1059	0.1035	0.1043	0.1051	0.1026	0.0994	0.0998	0.1025	0.1014	0.0937	0.0891	0.0891	0.0919	0.0974	0.0820	0.0757	0.0733	0.0746	0.0794	0.0888	0.0657	0.0575	0.0541	0.0533	0.0558	0.0618	0.0737
743	0.1056	0.1061	0.1037	0.1045	0.1052	0.1027	0.0996	0.0999	0.1026	0.1016	0.0938	0.0892	0.0892	0.0921	0.0975	0.0821	0.0758	0.0735	0.0748	0.0796	0.0889	0.0658	0.0576	0.0542	0.0533	0.0559	0.0619	0.0738
744	0.1057	0.1063	0.1039	0.1047	0.1054	0.1028	0.0997	0.1001	0.1027	0.1017	0.0939	0.0893	0.0893	0.0922	0.0977	0.0822	0.0759	0.0735	0.0749	0.0797	0.0890	0.0659	0.0576	0.0542	0.0534	0.0559	0.0621	0.0739
745	0.1058	0.1064	0.1040	0.1048	0.1055	0.1030	0.0998	0.1002	0.1029	0.1019	0.0940	0.0895	0.0895	0.0924	0.0979	0.0823	0.0760	0.0736	0.0750	0.0798	0.0891	0.0660	0.0577	0.0543	0.0534	0.0560	0.0622	0.0740
746	0.1060	0.1066	0.1042	0.1050	0.1057	0.1032	0.1000	0.1004	0.1031	0.1020	0.0942	0.0897	0.0897	0.0925	0.0981	0.0824	0.0762	0.0737	0.0751	0.0798	0.0892	0.0661	0.0578	0.0545	0.0536	0.0561	0.0622	0.0742
747	0.1061	0.1068	0.1043	0.1051	0.1058	0.1033	0.1001	0.1006	0.1032	0.1022	0.0942	0.0898	0.0898	0.0926	0.0982	0.0825	0.0762	0.0738	0.0752	0.0799	0.0893	0.0662	0.0579	0.0545	0.0536	0.0561	0.0623	0.0743
748	0.1062	0.1069	0.1044	0.1052	0.1060	0.1034	0.1003	0.1007	0.1034	0.1023	0.0944	0.0900	0.0898	0.0927	0.0983	0.0826	0.0763	0.0739	0.0753	0.0801	0.0894	0.0663	0.0579	0.0546	0.0537	0.0562	0.0623	0.0743
749	0.1064	0.1070	0.1046	0.1054	0.1061	0.1036	0.1005	0.1008	0.1035	0.1024	0.0946	0.0901	0.0900	0.0929	0.0985	0.0828	0.0764	0.0740	0.0754	0.0802	0.0896	0.0663	0.0580	0.0547	0.0538	0.0563	0.0624	0.0744
750	0.1066	0.1071	0.1048	0.1056	0.1063	0.1037	0.1006	0.1010	0.1037	0.1025	0.0947	0.0902	0.0902	0.0931	0.0986	0.0829	0.0765	0.0742	0.0755	0.0803	0.0897	0.0664	0.0581	0.0549	0.0539	0.0564	0.0625	0.0745
751	0.1068	0.1073	0.1049	0.1058	0.1064	0.1039	0.1008	0.1012	0.1038	0.1027	0.0948	0.0903	0.0903	0.0932	0.0987	0.0830	0.0766	0.0743	0.0756	0.0804	0.0898	0.0665	0.0582	0.0549	0.0540	0.0565	0.0626	0.0746
752	0.1069	0.1074	0.1050	0.1060	0.1065	0.1040	0.1009	0.1013	0.1040	0.1029	0.0949	0.0904	0.0904	0.0934	0.0988	0.0831	0.0768	0.0744	0.0757	0.0805	0.0899	0.0666	0.0583	0.0549	0.0541	0.0566	0.0626	0.0747
753	0.1070	0.1075	0.1052	0.1061	0.1067	0.1042	0.1011	0.1015	0.1041	0.1030	0.0950	0.0906	0.0905	0.0935	0.0990	0.0832	0.0769	0.0745	0.0757	0.0806	0.0901	0.0666	0.0584	0.0551	0.0541	0.0566	0.0627	0.0747
754	0.1072	0.1077	0.1054	0.1062	0.1068	0.1043	0.1011	0.1016	0.1043	0.1031	0.0953	0.0907	0.0906	0.0936	0.0991	0.0833	0.0770	0.0745	0.0759	0.0808	0.0901	0.0667	0.0585	0.0551	0.0542	0.0567	0.0628	0.0748
755	0.1073	0.1079	0.1055	0.1064	0.1070	0.1045	0.1013	0.1017	0.1044	0.1033	0.0954	0.0909	0.0907	0.0937	0.0992	0.0835	0.0771	0.0746	0.0761	0.0809	0.0903	0.0668	0.0585	0.0552	0.0543	0.0568	0.0629	0.0749
756	0.1074	0.1081	0.1057	0.1065	0.1072	0.1046	0.1015	0.1019	0.1047	0.1034	0.0955	0.0910	0.0909	0.0938	0.0994	0.0837	0.0773	0.0748	0.0762	0.0810	0.0904	0.0669	0.0586	0.0553	0.0544	0.0569	0.0630	0.0750
757	0.1076	0.1083	0.1059	0.1066	0.1072	0.1048	0.1016	0.1021	0.1048	0.1035	0.0957	0.0911	0.0911	0.0940	0.0996	0.0837	0.0773	0.0750	0.0763	0.0812	0.0906	0.0670	0.0587	0.0554	0.0544	0.0570	0.0631	0.0751
758	0.1078	0.1084	0.1060	0.1068	0.1074	0.1048	0.1018	0.1022	0.1049	0.1037	0.0958	0.0913	0.0912	0.0942	0.0997	0.0838	0.0774	0.0750	0.0764	0.0813	0.0907	0.0671	0.0588	0.0554	0.0545	0.0571	0.0632	0.0752
759	0.1079	0.1085	0.1061	0.1069	0.1076	0.1049	0.1020	0.1023	0.1050	0.1038	0.0959	0.0914	0.0913	0.0943	0.0998	0.0840	0.0776	0.0751	0.0765	0.0814	0.0907	0.0672	0.0588	0.0554	0.0546	0.0571	0.0633	0.0753
760	0.1080	0.1086	0.1063	0.1071	0.1078	0.1051	0.1021	0.1025	0.1052	0.1038	0.0960	0.0915	0.0914	0.0944	0.0999	0.0840	0.0777	0.0753	0.0766	0.0815	0.0908	0.0672	0.0589	0.0556	0.0547	0.0572	0.0634	0.0753
761	0.1082	0.1088	0.1064	0.1073	0.1079	0.1053	0.1022	0.1027	0.1053	0.1040	0.0961	0.0916	0.0916	0.0945	0.1000	0.0841	0.0778	0.0754	0.0767	0.0816	0.0909	0.0673	0.0590	0.0556	0.0548	0.0572	0.0634	0.0754
762	0.1083	0.1089	0.1066	0.1074	0.1080	0.1054	0.1023	0.1028	0.1055	0.1041	0.0962	0.0917	0.0917	0.0945	0.1001	0.0842	0.0779	0.0755	0.0767	0.0816	0.0911	0.0674	0.0591	0.0557	0.0548	0.0573	0.0635	0.0755
763	0.1084	0.1090	0.1066	0.1075	0.1081	0.1055	0.1024	0.1027	0.1055	0.1042	0.0963	0.0918	0.0917	0.0945	0.1002	0.0843	0.0779	0.0755	0.0768	0.0817	0.0911	0.0675	0.0591	0.0556	0.0548	0.0573	0.0635	0.0756
764	0.1085	0.1092	0.1068	0.1077	0.1082	0.1057	0.1026	0.1030	0.1055	0.1044	0.0965	0.0920	0.0919	0.0948	0.1004	0.0844	0.0780	0.0756	0.0770	0.0818	0.0913	0.0675	0.0592	0.0558	0.0549	0.0575	0.0636	0.0757
765	0.1087	0.1093	0.1070	0.1078	0.1084	0.1059	0.1028	0.1031	0.1057	0.1046	0.0966	0.0921	0.0921	0.0950	0.1006	0.0845	0.0782	0.0757	0.0771	0.0819	0.0914	0.0676	0.0594	0.0560	0.0551	0.0576	0.0637	0.0758
766	0.1089	0.1095	0.1071	0.1080	0.1086	0.1060	0.1030	0.1033	0.1061	0.1047	0.0968	0.0923	0.0922	0.0951	0.1007	0.0846	0.0784	0.0759	0.0773	0.0820	0.0915	0.0678	0.0595	0.0560	0.0552	0.0577	0.0638	0.0759
767	0.1090	0.1097	0.1073	0.1081	0.1087	0.1062	0.1030	0.1034	0.1062	0.1048	0.0969	0.0923	0.0924	0.0952	0.1008	0.0847	0.0783	0.0759	0.0773	0.0821	0.0917	0.0679	0.0595	0.0561	0.0552	0.0577	0.0639	0.0759
768	0.1091	0.1098	0.1074	0.1082	0.1088	0.1063	0.1031	0.1036	0.1063	0.1050	0.0970	0.0924	0.0925	0.0954	0.1010	0.0849	0.0784	0.0761	0.0774	0.0823	0.0918	0.0679	0.0596	0.0561	0.0553	0.0578	0.0639	0.0760
769	0.1092	0.1099	0.1075	0.1083	0.1090	0.1064	0.1032	0.1037	0.1065	0.1050	0.0972	0.0926	0.0926	0.0955	0.1011	0.0850	0.0786	0.0762	0.0776	0.0825	0.0918	0.0680	0.0596	0.0562	0.0554	0.0579	0.0640	0.0761
770	0.1093	0.1099	0.1075	0.1084	0.1090	0.1064	0.1033	0.1037	0.1065	0.1050	0.0972	0.0926	0.0926	0.0955	0.1011	0.0850	0.0786	0.0762	0.0776	0.0824	0.0918	0.0680	0.0596	0.0563	0.0554	0.0578	0.0641	0.0761
771	0.1094	0.1101	0.1077	0.1086	0.1091	0.1065	0.1034	0.1039	0.1067	0.1052	0.0973	0.0928	0.0927	0.0956	0.1012	0.0851	0.0788	0.0764	0.0777	0.0826	0.0919	0.0681	0.0598	0.0563	0.0555	0.0580	0.0642	0.0762
772	0.1095	0.1102	0.1078	0.1087	0.1092	0.1067	0.1036	0.1040	0.1068	0.1054	0.0974	0.0929	0.0928	0.0957	0.1014	0.0852	0.0789	0.0765	0.0778	0.0827	0.0920	0.0682	0.0598	0.0564	0.0555	0.0581	0.0643	0.0763
773	0.1095	0.1103	0.1079	0.1087	0.1093	0.1068	0.1037	0.1041	0.1068	0.1054	0.0975	0.0930	0.0928	0.0958	0.1014	0.0853	0.0789	0.0765	0.0778	0.0826	0.0922	0.0682	0.0597	0.0563	0.0555	0.0581	0.0642	0.0763
774	0.1096	0.1104	0.1079	0.1089	0.1094	0.1069	0.1038	0.1041	0.1070	0.1055	0.0976	0.0931	0.0930	0.0959	0.1016	0.0854	0.0790	0.0766	0.0778	0.0827	0.0922	0.0682	0.0598	0.0565	0.0556	0.0582	0.0643	0.0764
775	0.1098	0.1105	0.1081	0.1090	0.1095	0.1070	0.1039	0.1042	0.1071	0.1056	0.0977	0.0932	0.0932	0.0960	0.1017	0.0855	0.0791	0.0766	0.0780	0.0829	0.0923	0.0683	0.0600	0.0566	0.0557	0.0583	0.0644	0.0765
776	0.1100	0.1106	0.1082	0.1090	0.1096	0.1071	0.1040	0.1044	0.1072	0.1057	0.0978	0.0933	0.0933	0.0961	0.1018	0.0856	0.0792	0.0767	0.0781	0.0830	0.0925	0.0684	0.0601	0.0567	0.0557	0.0584	0.0645	0.0766
777	0.1101	0.1108	0.1084	0.1092	0.1097	0.1073	0.1041	0.1045	0.1073	0.1059	0.0979	0.0934	0.0934	0.0962	0.1019	0.0857	0.0793	0.0768	0.0782	0.0831	0.0926	0.0685	0.0601	0.0568	0.0558	0.0584	0.0646	0.0767
778	0.1102	0.1108	0.1084	0.1093	0.1098	0.1074	0.1042	0.1046	0.1074	0.1059	0.0979	0.0934	0.0934	0.0963	0.1019	0.0857	0.0793	0.0768	0.0781	0.0831	0.0926	0.0685	0.0601	0.0568	0.0558	0.0584	0.0646	0.0768
779	0.1102	0.1109	0.1084	0.1094	0.1099	0.1074	0.1042	0.1047	0.1074	0.1059	0.0980	0.0935	0.0935	0.0964	0.1020	0.0857	0.0793	0.0768	0.0782	0.0831	0.0925	0.0686	0.0602	0.0568	0.0558	0.0583	0.0646	0.0768
780	0.1102	0.1110	0.1085	0.1095	0.1100	0.1075	0.1043	0.1047	0.1076	0.1060	0.0981	0.0936	0.0935	0.0965	0.1020	0.0857	0.0793	0.0769	0.0783	0.0831	0.0927	0.0685	0.0602	0.0568	0.0559	0.0584	0.0646	0.0768
781	0.1104	0.1112	0.1087	0.1097	0.1101	0.1077	0.1044	0.1049	0.1077	0.1062	0.0982	0.0938	0.0937	0.0966	0.1022	0.0859	0.0795	0.0771	0.0785	0.0833	0.0929	0.0687	0.0603	0.0570	0.0561	0.0586	0.0648	0.0769
782	0.1106	0.1113	0.1088	0.1098	0.1102	0.1078	0.1046	0.1050	0.1078	0.1063	0.0984	0.0939	0.0938	0.0967	0.1023	0.0860	0.0796	0.0772	0.0786	0.0835	0.0930	0.0688	0.0604	0.0571	0.0562	0.0587	0.0649	0.0770
783	0.1107	0.1113	0.1088	0.1098	0.1103	0.1078	0.1047	0.1050	0.1078	0.1063	0.0984	0.0938	0.0939	0.0967	0.1024	0.0861	0.0796	0.0772	0.0786	0.0834	0.0930	0.0689	0.0604	0.0571	0.0561	0.0586	0.0649	0.0771
784	0.1107	0.1115	0.1089	0.1099	0.1104	0.1079	0.1047	0.1051	0.1080	0.1064	0.0985	0.0939	0.0940	0.0969	0.1025	0.0861	0.0797	0.0773	0.0787	0.0836	0.0931	0.0689	0.0604	0.0571	0.0562	0.0588	0.0649	0.0771
785	0.1108	0.1116	0.1090	0.1100	0.1105	0.1080	0.1048	0.1053	0.1081	0.1065	0.0985	0.0940	0.0940	0.0970	0.1026	0.0862	0.0798	0.0774	0.0787	0.0836	0.0931	0.0689	0.0605	0.0572	0.0562	0.0588	0.0650	0.0772
786	0.1110	0.1116	0.1092	0.1101	0.1106	0.1081	0.1049	0.1054	0.1082	0.1067	0.0986	0.0941	0.0941	0.0970	0.1027	0.0863	0.0800	0.0775	0.0787	0.0837	0.0932	0.0689	0.0606	0.0572	0.0563	0.0589	0.0651	0.0772
787	0.1109	0.1117	0.1093	0.1101	0.1106	0.1081	0.1050	0.1055	0.1083	0.1067	0.0987	0.0942	0.0941	0.0972	0.1028	0.0863	0.0800	0.0775	0.0788	0.0838	0.0933	0.0689	0.0606	0.0572	0.0562	0.0589	0.0651	0.0772
788	0.1110	0.1117	0.1094	0.1102	0.1107	0.1082	0.1050	0.1055	0.1083	0.1068	0.0988	0.0943	0.0942	0.0972	0.1028	0.0864	0.0800	0.0775	0.0789	0.0839	0.0934	0.0690	0.0607	0.0572	0.0563	0.0589	0.0651	0.0773
789	0.1110	0.1117	0.1095	0.1104	0.1108	0.1083	0.1051	0.1056	0.1084	0.1069	0.0988	0.0943	0.0943	0.0972	0.1029	0.0865	0.0801	0.0776	0.0790	0.0839	0.0935	0.0690	0.0607	0.0572	0.0564	0.0590	0.0652	0.0773
790	0.1111	0.1118	0.1096	0.1105	0.1109	0.1084	0.1052	0.1056	0.1086	0.1070	0.0990	0.0944	0.0945	0.0974	0.1029	0.0866	0.0801	0.0776	0.0791	0.0839	0.0935	0.0691	0.0607	0.0572	0.0564	0.0590	0.0653	0.0774
791	0.1112	0.1120	0.1096	0.1106	0.1110	0.1085	0.1053	0.1057	0.1087	0.1070	0.0990	0.0945	0.0946	0.0975	0.1031	0.0867	0.0801	0.0777	0.0792	0.0840	0.0936	0.0693	0.0608	0.0574	0.0565	0.0591	0.0653	0.0775
792	0.1114	0.1121	0.1097	0.1107	0.1111	0.1086	0.1054	0.1058	0.1088	0.1070	0.0991	0.0945	0.0946	0.0975	0.1032	0.0867	0.0802	0.0778	0.0793	0.0841	0.0937	0.0694	0.0609	0.0575	0.0566	0.0591	0.0653	0.0776
793	0.1114	0.1121	0.1097	0.1107	0.1111	0.1085	0.1054	0.1059	0.1089	0.1071	0.0990	0.0946	0.0945	0.0975	0.1032	0.0867	0.0802	0.0779	0.0792	0.0841	0.0937	0.0692	0.0609	0.0575	0.0567	0.0591	0.0654	0.0776
794	0.1115	0.1123	0.1098	0.1108	0.1112	0.1086	0.1055	0.1059	0.1089	0.1072	0.0992	0.0947	0.0947	0.0976	0.1033	0.0868	0.0802	0.0780	0.0793	0.0842	0.0938	0.0693	0.0609	0.0575	0.0567	0.0593	0.0654	0.0777
795	0.1116	0.1123	0.1099	0.1109	0.1112	0.1087	0.1056	0.1060	0.1090	0.1072	0.0993	0.0948	0.0947	0.0977	0.1033	0.0869	0.0803	0.0780	0.0794	0.0842	0.0938	0.0693	0.0610	0.0576	0.0567	0.0593	0.0655	0.0778
796	0.1116	0.1122	0.1099	0.1109	0.1114	0.1088	0.1057	0.1061	0.1091	0.1073	0.0994	0.0948	0.0947	0.0977	0.1034	0.0869	0.0805	0.0781	0.0795	0.0843	0.0939	0.0693	0.0611	0.0576	0.0567	0.0592	0.0655	0.0778
797	0.1117	0.1124	0.1101	0.1110	0.1115	0.1088	0.1057	0.1062	0.1091	0.1074	0.0995	0.0948	0.0949	0.0978	0.1035	0.0869	0.0805	0.0781	0.0795	0.0844	0.0939	0.0695	0.0611	0.0576	0.0568	0.0592	0.0655	0.0778
798	0.1117	0.1126	0.1102	0.1111	0.1115	0.1089	0.1058	0.1062	0.1092	0.1075	0.0996	0.0949	0.0950	0.0979	0.1036	0.0870	0.0805	0.0781	0.0796	0.0846	0.0940	0.0695	0.0611	0.0577	0.0568	0.0593	0.0656	0.0779
799	0.1118	0.1127	0.1102	0.1112	0.1115	0.1090	0.1059	0.1063	0.1093	0.1075	0.0996	0.0950	0.0951	0.0980	0.1037	0.0871	0.0806	0.0782	0.0796	0.0846	0.0942	0.0696	0.0612	0.0577	0.0569	0.0594	0.0657	0.0780
800	0.1120	0.1127	0.1103	0.1113	0.1116	0.1091	0.1059	0.1064	0.1093	0.1075	0.0997	0.0951	0.0952	0.0980	0.1038	0.0871	0.0807	0.0783	0.0796	0.0847	0.0942	0.0696	0.0611	0.0578	0.0570	0.0595	0.0657	0.0781
801	0.1120	0.1128	0.1104	0.1113	0.1117	0.1092	0.1060	0.1065	0.1093	0.1077	0.0996	0.0952	0.0952	0.0981	0.1039	0.0871	0.0807	0.0783	0.0797	0.0847	0.0943	0.0696	0.0612	0.0578	0.0570	0.0596	0.0657	0.0781
802	0.1120	0.1128	0.1104	0.1113	0.1117	0.1092	0.1061	0.1065	0.1094	0.1078	0.0997	0.0952	0.0952	0.0982	0.1040	0.0871	0.0808	0.0783	0.0798	0.0847	0.0943	0.0696	0.0613	0.0578	0.0569	0.0596	0.0658	0.0781
803	0.1120	0.1128	0.1104	0.1114	0.1118	0.1094	0.1061	0.1066	0.1095	0.1078	0.0998	0.0953	0.0953	0.0983	0.1040	0.0872	0.0809	0.0784	0.0799	0.0847	0.0944	0.0697	0.0613	0.0579	0.0571	0.0596	0.0658	0.0782
804	0.1122	0.1130	0.1105	0.1115	0.1119	0.1094	0.1062	0.1067	0.1097	0.1079	0.0998	0.0953	0.0952	0.0983	0.1040	0.0874	0.0809	0.0785	0.0800	0.0848	0.0945	0.0697	0.0613	0.0579	0.0571	0.0597	0.0658	0.0782
805	0.1122	0.1131	0.1106	0.1116	0.1120	0.1095	0.1063	0.1067	0.1098	0.1080	0.0998	0.0953	0.0953	0.0983	0.1041	0.0875	0.0810	0.0786	0.0800	0.0849	0.0945	0.0697	0.0614	0.0580	0.0571	0.0597	0.0659	0.0782
806	0.1123	0.1130	0.1108	0.1117	0.1120	0.1096	0.1063	0.1067	0.1098	0.1081	0.0999	0.0954	0.0954	0.0984	0.1042	0.0875	0.0810	0.0786	0.0800	0.0850	0.0946	0.0698	0.0614	0.0581	0.0571	0.0597	0.0660	0.0783
807	0.1123	0.1130	0.1107	0.1117	0.1120	0.1096	0.1064	0.1068	0.1098	0.1079	0.0999	0.0956	0.0955	0.0985	0.1043	0.0874	0.0809	0.0786	0.0800	0.0850	0.0946	0.0698	0.0614	0.0580	0.0571	0.0598	0.0660	0.0784
808	0.1124	0.1131	0.1108	0.1118	0.1121	0.1096	0.1065	0.1070	0.1099	0.1080	0.1000	0.0956	0.0956	0.0985	0.1043	0.0874	0.0810	0.0787	0.0801	0.0850	0.0947	0.0698	0.0614	0.0580	0.0572	0.0598	0.0661	0.0785
809	0.1126	0.1132	0.1109	0.1119	0.1121	0.1096	0.1066	0.1071	0.1100	0.1081	0.1000	0.0957	0.0956	0.0985	0.1044	0.0875	0.0811	0.0787	0.0801	0.0851	0.0948	0.0699	0.0614	0.0581	0.0573	0.0598	0.0662	0.0786
810	0.1125	0.1133	0.1111	0.1118	0.1122	0.1097	0.1066	0.1071	0.1100	0.1081	0.1001	0.0956	0.0956	0.0986	0.1043	0.0876	0.0811	0.0788	0.0801	0.0851	0.0948	0.0700	0.0614	0.0580	0.0572	0.0599	0.0661	0.0786
811	0.1125	0.1133	0.1110	0.1120	0.1122	0.1097	0.1066	0.1070	0.1100	0.1081	0.1001	0.0956	0.0956	0.0986	0.1044	0.0875	0.0811	0.0787	0.0801	0.0851	0.0948	0.0700	0.0615	0.0580	0.0572	0.0598	0.0660	0.0786
812	0.1125	0.1133	0.1109	0.1121	0.1122	0.1097	0.1067	0.1070	0.1100	0.1082	0.1001	0.0957	0.0957	0.0986	0.1044	0.0876	0.0811	0.0787	0.0801	0.0850	0.0949	0.0700	0.0616	0.0581	0.0572	0.0598	0.0660	0.0786
813	0.1127	0.1135	0.1109	0.1120	0.1123	0.1098	0.1067	0.1071	0.1101	0.1082	0.1002	0.0957	0.0958	0.0987	0.1045	0.0877	0.0812	0.0788	0.0802	0.0851	0.0949	0.0699	0.0616	0.0582	0.0573	0.0599	0.0661	0.0786
814	0.1126	0.1135	0.1111	0.1121	0.1124	0.1099	0.1067	0.1071	0.1102	0.1084	0.1002	0.0957	0.0957	0.0988	0.1046	0.0876	0.0812	0.0789	0.0803	0.0853	0.0950	0.0700	0.0617	0.0582	0.0574	0.0600	0.0663	0.0787
815	0.1126	0.1135	0.1112	0.1121	0.1125	0.1099	0.1068	0.1072	0.1102	0.1084	0.1003	0.0958	0.0958	0.0989	0.1046	0.0876	0.0812	0.0790	0.0803	0.0854	0.0951	0.0701	0.0617	0.0582	0.0574	0.0601	0.0663	0.0788
816	0.1127	0.1136	0.1112	0.1121	0.1124	0.1099	0.1068	0.1073	0.1102	0.1084	0.1002	0.0959	0.0958	0.0989	0.1046	0.0877	0.0813	0.0789	0.0803	0.0854	0.0951	0.0701	0.0617	0.0582	0.0575	0.0601	0.0662	0.0789
817	0.1127	0.1135	0.1112	0.1122	0.1124	0.1099	0.1068	0.1073	0.1103	0.1085	0.1003	0.0959	0.0958	0.0989	0.1047	0.0877	0.0814	0.0789	0.0803	0.0854	0.0951	0.0700	0.0616	0.0582	0.0575	0.0600	0.0664	0.0789
818	0.1128	0.1136	0.1113	0.1123	0.1125	0.1100	0.1068	0.1073	0.1104	0.1085	0.1004	0.0959	0.0959	0.0989	0.1048	0.0878	0.0814	0.0790	0.0804	0.0854	0.0951	0.0700	0.0617	0.0583	0.0575	0.0600	0.0664	0.0789
819	0.1128	0.1137	0.1113	0.1123	0.1126	0.1101	0.1069	0.1074	0.1104	0.1085	0.1005	0.0959	0.0959	0.0990	0.1048	0.0879	0.0814	0.0790	0.0805	0.0855	0.0952	0.0700	0.0617	0.0584	0.0575	0.0601	0.0663	0.0789
820	0.1129	0.1138	0.1114	0.1124	0.1127	0.1101	0.1069	0.1075	0.1105	0.1085	0.1005	0.0959	0.0961	0.0991	0.1049	0.0880	0.0814	0.0792	0.0806	0.0854	0.0954	0.0700	0.0618	0.0584	0.0576	0.0602	0.0664	0.0789
821	0.1129	0.1139	0.1114	0.1125	0.1127	0.1102	0.1070	0.1075	0.1105	0.1086	0.1006	0.0961	0.0961	0.0991	0.1050	0.0880	0.0815	0.0792	0.0806	0.0856	0.0954	0.0701	0.0618	0.0584	0.0575	0.0603	0.0665	0.0789
822	0.1129	0.1139	0.1114	0.1126	0.1127	0.1102	0.1071	0.1075	0.1106	0.1086	0.1006	0.0962	0.0962	0.0991	0.1051	0.0880	0.0816	0.0792	0.0805	0.0857	0.0954	0.0702	0.0618	0.0584	0.0575	0.0603	0.0666	0.0789
823	0.1129	0.1138	0.1113	0.1124	0.1127	0.1101	0.1070	0.1075	0.1106	0.1086	0.1006	0.0961	0.0962	0.0991	0.1051	0.0880	0.0815	0.0791	0.0804	0.0855	0.0954	0.0701	0.0619	0.0583	0.0575	0.0602	0.0665	0.0789
824	0.1130	0.1138	0.1115	0.1126	0.1128	0.1102	0.1072	0.1076	0.1107	0.1087	0.1007	0.0963	0.0962	0.0992	0.1050	0.0881	0.0816	0.0792	0.0806	0.0856	0.0955	0.0702	0.0619	0.0584	0.0576	0.0602	0.0665	0.0790
825	0.1131	0.1139	0.1116	0.1126	0.1128	0.1103	0.1073	0.1077	0.1108	0.1088	0.1008	0.0963	0.0962	0.0993	0.1051	0.0881	0.0817	0.0792	0.0807	0.0857	0.0956	0.0703	0.0619	0.0585	0.0577	0.0602	0.0666	0.0792
826	0.1132	0.1140	0.1116	0.1125	0.1128	0.1103	0.1073	0.1078	0.1108	0.1087	0.1008	0.0963	0.0963	0.0994	0.1051	0.0881	0.0817	0.0792	0.0807	0.0856	0.0955	0.0703	0.0619	0.0586	0.0577	0.0602	0.0667	0.0792
827	0.1132	0.1140	0.1116	0.1126	0.1128	0.1104	0.1072	0.1077	0.1109	0.1088	0.1007	0.0963	0.0963	0.0994	0.1052	0.0881	0.0816	0.0792	0.0806	0.0856	0.0955	0.0704	0.0620	0.0586	0.0576	0.0603	0.0666	0.0792
828	0.1132	0.1140	0.1116	0.1126	0.1129	0.1104	0.1073	0.1078	0.1109	0.1088	0.1007	0.0963	0.0962	0.0994	0.1053	0.0880	0.0816	0.0793	0.0806	0.0857	0.0955	0.0704	0.0619	0.0585	0.0576	0.0604	0.0666	0.0792
829	0.1132	0.1139	0.1116	0.1126	0.1130	0.1105	0.1074	0.1079	0.1109	0.1089	0.1007	0.0964	0.0962	0.0994	0.1053	0.0880	0.0817	0.0793	0.0807	0.0858	0.0956	0.0704	0.0618	0.0585	0.0577	0.0604	0.0666	0.0793
830	0.1132	0.1140	0.1117	0.1127	0.1129	0.1104	0.1073	0.1078	0.1109	0.1088	0.1008	0.0964	0.0963	0.0994	0.1053	0.0881	0.0816	0.0794	0.0808	0.0858	0.0957	0.0703	0.0619	0.0586	0.0577	0.0603	0.0667	0.0794
831	0.1133	0.1140	0.1117	0.1127	0.1130	0.1104	0.1073	0.1078	0.1109	0.1088	0.1009	0.0964	0.0964	0.0995	0.1053	0.0881	0.0817	0.0794	0.0808	0.0858	0.0957	0.0703	0.0620	0.0585	0.0577	0.0603	0.0667	0.0794
832	0.1133	0.1141	0.1118	0.1127	0.1130	0.1104	0.1074	0.1079	0.1109	0.1089	0.1009	0.0963	0.0964	0.0995	0.1053	0.0881	0.0817	0.0793	0.0808	0.0859	0.0957	0.0703	0.0620	0.0585	0.0578	0.0604	0.0667	0.0795
833	0.1133	0.1142	0.1118	0.1128	0.1130	0.1105	0.1073	0.1079	0.1110	0.1089	0.1009	0.0964	0.0963	0.0996	0.1054	0.0881	0.0817	0.0793	0.0809	0.0859	0.0956	0.0702	0.0620	0.0586	0.0578	0.0604	0.0666	0.0793
834	0.1133	0.1142	0.1118	0.1128	0.1131	0.1105	0.1075	0.1079	0.1110	0.1089	0.1009	0.0964	0.0964	0.0996	0.1054	0.0881	0.0817	0.0794	0.0810	0.0858	0.0958	0.0703	0.0620	0.0587	0.0578	0.0604	0.0667	0.0793
835	0.1133	0.1142	0.1119	0.1129	0.1131	0.1105	0.1076	0.1080	0.1110	0.1089	0.1009	0.0964	0.0964	0.0996	0.1055	0.0882	0.0817	0.0795	0.0810	0.0858	0.0959	0.0703	0.0621	0.0587	0.0578	0.0604	0.0668	0.0793
836	0.1133	0.1141	0.1119	0.1130	0.1131	0.1105	0.1076	0.1080	0.1110	0.1089	0.1008	0.0965	0.0964	0.0997	0.1055	0.0883	0.0818	0.0795	0.0809	0.0858	0.0959	0.0703	0.0620	0.0586	0.0578	0.0605	0.0668	0.0794
837	0.1134	0.1142	0.1121	0.1130	0.1132	0.1107	0.1076	0.1081	0.1111	0.1091	0.1010	0.0966	0.0966	0.0997	0.1056	0.0883	0.0820	0.0796	0.0809	0.0860	0.0960	0.0704	0.0621	0.0586	0.0579	0.0606	0.0669	0.0795
838	0.1135	0.1143	0.1121	0.1129	0.1132	0.1107	0.1076	0.1081	0.1112	0.1091	0.1010	0.0966	0.0966	0.0996	0.1056	0.0883	0.0820	0.0795	0.0808	0.0860	0.0960	0.0704	0.0621	0.0587	0.0578	0.0605	0.0670	0.0795
839	0.1134	0.1143	0.1119	0.1129	0.1131	0.1107	0.1076	0.1081	0.1112	0.1091	0.1009	0.0965	0.0966	0.0996	0.1056	0.0883	0.0819	0.0794	0.0808	0.0860	0.0960	0.0705	0.0621	0.0587	0.0577	0.0605	0.0669	0.0795
840	0.1135	0.1142	0.1118	0.1129	0.1130	0.1106	0.1074	0.1080	0.1111	0.1088	0.1009	0.0965	0.0965	0.0996	0.1055	0.0881	0.0818	0.0794	0.0809	0.0860	0.0959	0.0705	0.0620	0.0586	0.0577	0.0604	0.0668	0.0794
841	0.1134	0.1141	0.1118	0.1129	0.1130	0.1106	0.1075	0.1079	0.1111	0.1089	0.1009	0.0966	0.0965	0.0996	0.1055	0.0881	0.0818	0.0795	0.0809	0.0859	0.0959	0.0703	0.0619	0.0586	0.0578	0.0604	0.0668	0.0794
842	0.1134	0.1141	0.1119	0.1129	0.1131	0.1106	0.1076	0.1079	0.1112	0.1091	0.1009	0.0967	0.0965	0.0997	0.1056	0.0882	0.0819	0.0796	0.0810	0.0859	0.0959	0.0703	0.0619	0.0586	0.0579	0.0605	0.0668	0.0795
843	0.1136	0.1144	0.1121	0.1131	0.1132	0.1106	0.1077	0.1081	0.1112	0.1092	0.1009	0.0966	0.0965	0.0998	0.1056	0.0883	0.0820	0.0795	0.0810	0.0860	0.0959	0.0705	0.0620	0.0587	0.0579	0.0605	0.0669	0.0798
844	0.1135	0.1144	0.1122	0.1131	0.1133	0.1107	0.1077	0.1082	0.1113	0.1091	0.1010	0.0967	0.0965	0.0998	0.1058	0.0884	0.0820	0.0796	0.0811	0.0862	0.0960	0.0706	0.0622	0.0587	0.0580	0.0606	0.0669	0.0797
845	0.1136	0.1145	0.1122	0.1131	0.1133	0.1108	0.1077	0.1082	0.1114	0.1091	0.1011	0.0967	0.0966	0.0997	0.1058	0.0885	0.0820	0.0796	0.0812	0.0862	0.0961	0.0706	0.0622	0.0588	0.0580	0.0606	0.0670	0.0797
846	0.1138	0.1145	0.1122	0.1132	0.1133	0.1108	0.1078	0.1082	0.1114	0.1092	0.1010	0.0968	0.0967	0.0997	0.1058	0.0885	0.0820	0.0796	0.0811	0.0863	0.0962	0.0706	0.0623	0.0588	0.0580	0.0605	0.0670	0.0797
847	0.1137	0.1145	0.1122	0.1133	0.1132	0.1109	0.1078	0.1083	0.1115	0.1092	0.1010	0.0968	0.0968	0.0999	0.1058	0.0883	0.0819	0.0796	0.0811	0.0862	0.0961	0.0705	0.0622	0.0589	0.0580	0.0606	0.0671	0.0798
848	0.1137	0.1145	0.1121	0.1133	0.1133	0.1110	0.1077	0.1083	0.1115	0.1091	0.1011	0.0968	0.0968	0.0999	0.1059	0.0884	0.0820	0.0797	0.0811	0.0862	0.0962	0.0704	0.0622	0.0589	0.0581	0.0607	0.0671	0.0799
849	0.1137	0.1144	0.1121	0.1134	0.1134	0.1110	0.1077	0.1083	0.1115	0.1092	0.1012	0.0968	0.0969	0.0999	0.1060	0.0886	0.0822	0.0799	0.0813	0.0863	0.0964	0.0704	0.0622	0.0589	0.0581	0.0610	0.0671	0.0799
850	0.1137	0.1145	0.1121	0.1133	0.1134	0.1110	0.1078	0.1084	0.1116	0.1092	0.1013	0.0969	0.0969	0.1000	0.1060	0.0885	0.0821	0.0798	0.0814	0.0863	0.0963	0.0705	0.0622	0.0590	0.0581	0.0609	0.0671	0.0799
851	0.1136	0.1146	0.1122	0.1133	0.1134	0.1109	0.1079	0.1083	0.1116	0.1092	0.1013	0.0968	0.0969	0.1000	0.1060	0.0885	0.0821	0.0798	0.0813	0.0864	0.0963	0.0704	0.0623	0.0589	0.0581	0.0607	0.0671	0.0798
852	0.1137	0.1146	0.1122	0.1132	0.1135	0.1109	0.1079	0.1083	0.1116	0.1091	0.1013	0.0967	0.0969	0.1000	0.1060	0.0885	0.0820	0.0797	0.0813	0.0863	0.0964	0.0703	0.0623	0.0589	0.0581	0.0606	0.0672	0.0798
853	0.1138	0.1146	0.1124	0.1133	0.1134	0.1110	0.1080	0.1084	0.1116	0.1092	0.1014	0.0968	0.0967	0.1001	0.1061	0.0885	0.0820	0.0798	0.0814	0.0864	0.0964	0.0706	0.0622	0.0589	0.0581	0.0606	0.0672	0.0799
854	0.1138	0.1147	0.1124	0.1134	0.1134	0.1110	0.1080	0.1085	0.1116	0.1092	0.1014	0.0969	0.0970	0.1000	0.1062	0.0887	0.0822	0.0798	0.0815	0.0864	0.0964	0.0705	0.0623	0.0589	0.0581	0.0608	0.0673	0.0800
855	0.1138	0.1147	0.1124	0.1135	0.1134	0.1110	0.1080	0.1085	0.1116	0.1093	0.1013	0.0969	0.0970	0.1000	0.1061	0.0886	0.0822	0.0799	0.0815	0.0865	0.0965	0.0705	0.0623	0.0589	0.0581	0.0608	0.0674	0.0800
856	0.1137	0.1146	0.1122	0.1135	0.1134	0.1109	0.1079	0.1084	0.1115	0.1093	0.1013	0.0968	0.0968	0.0999	0.1059	0.0884	0.0821	0.0798	0.0813	0.0864	0.0966	0.0706	0.0621	0.0589	0.0581	0.0607	0.0673	0.0800
857	0.1138	0.1148	0.1123	0.1135	0.1136	0.1110	0.1080	0.1084	0.1117	0.1093	0.1013	0.0969	0.0970	0.1001	0.1062	0.0885	0.0821	0.0798	0.0813	0.0864	0.0965	0.0705	0.0622	0.0591	0.0581	0.0609	0.0674	0.0801
858	0.1138	0.1148	0.1124	0.1135	0.1136	0.1111	0.1081	0.1084	0.1117	0.1093	0.1014	0.0969	0.0971	0.1001	0.1062	0.0885	0.0822	0.0798	0.0813	0.0864	0.0965	0.0706	0.0623	0.0591	0.0581	0.0609	0.0674	0.0801
859	0.1138	0.1148	0.1123	0.1134	0.1135	0.1111	0.1080	0.1084	0.1116	0.1092	0.1014	0.0969	0.0970	0.1000	0.1061	0.0884	0.0822	0.0798	0.0813	0.0865	0.0965	0.0707	0.0624	0.0589	0.0580	0.0608	0.0673	0.0800
860	0.1139	0.1147	0.1123	0.1134	0.1135	0.1110	0.1080	0.1085	0.1115	0.1094	0.1013	0.0968	0.0969	0.1001	0.1061	0.0884	0.0821	0.0797	0.0812	0.0865	0.0966	0.0707	0.0623	0.0588	0.0582	0.0607	0.0673	0.0801
861	0.1139	0.1148	0.1123	0.1135	0.1135	0.1110	0.1080	0.1085	0.1117	0.1094	0.1014	0.0970	0.0970	0.1002	0.1063	0.0885	0.0822	0.0799	0.0814	0.0866	0.0966	0.0706	0.0623	0.0589	0.0582	0.0607	0.0673	0.0803
862	0.1139	0.1148	0.1124	0.1136	0.1136	0.1110	0.1080	0.1086	0.1118	0.1095	0.1013	0.0971	0.0970	0.1002	0.1063	0.0886	0.0822	0.0800	0.0815	0.0866	0.0965	0.0706	0.0623	0.0590	0.0582	0.0608	0.0673	0.0804
863	0.1137	0.1147	0.1124	0.1136	0.1135	0.1110	0.1080	0.1086	0.1117	0.1094	0.1012	0.0970	0.0968	0.1001	0.1062	0.0887	0.0822	0.0800	0.0815	0.0866	0.0965	0.0707	0.0623	0.0589	0.0581	0.0608	0.0672	0.0802
864	0.1138	0.1146	0.1123	0.1137	0.1136	0.1111	0.1080	0.1086	0.1117	0.1095	0.1013	0.0970	0.0971	0.1001	0.1063	0.0887	0.0823	0.0799	0.0815	0.0866	0.0965	0.0707	0.0624	0.0589	0.0582	0.0608	0.0673	0.0802
865	0.1139	0.1147	0.1123	0.1137	0.1137	0.1112	0.1080	0.1086	0.1117	0.1095	0.1014	0.0971	0.0972	0.1002	0.1063	0.0887	0.0823	0.0800	0.0815	0.0866	0.0966	0.0707	0.0625	0.0590	0.0582	0.0608	0.0673	0.0802
866	0.1140	0.1149	0.1124	0.1137	0.1138	0.1113	0.1081	0.1087	0.1119	0.1094	0.1015	0.0971	0.0972	0.1004	0.1063	0.0887	0.0823	0.0801	0.0814	0.0865	0.0967	0.0707	0.0624	0.0589	0.0583	0.0610	0.0674	0.0803
867	0.1139	0.1149	0.1124	0.1137	0.1138	0.1113	0.1081	0.1088	0.1119	0.1095	0.1015	0.0970	0.0971	0.1004	0.1065	0.0888	0.0825	0.0803	0.0816	0.0867	0.0970	0.0707	0.0624	0.0590	0.0583	0.0610	0.0674	0.0802
868	0.1140	0.1150	0.1125	0.1138	0.1138	0.1113	0.1082	0.1088	0.1119	0.1096	0.1016	0.0971	0.0971	0.1004	0.1065	0.0888	0.0825	0.0802	0.0817	0.0869	0.0970	0.0707	0.0625	0.0591	0.0584	0.0610	0.0675	0.0803
869	0.1143	0.1151	0.1126	0.1138	0.1138	0.1113	0.1083	0.1089	0.1120	0.1097	0.1017	0.0972	0.0973	0.1005	0.1064	0.0887	0.0824	0.0801	0.0817	0.0869	0.0969	0.0707	0.0626	0.0593	0.0585	0.0611	0.0676	0.0805
870	0.1142	0.1149	0.1127	0.1138	0.1138	0.1114	0.1083	0.1089	0.1121	0.1095	0.1017	0.0972	0.0972	0.1005	0.1063	0.0888	0.0822	0.0802	0.0816	0.0868	0.0967	0.0707	0.0625	0.0591	0.0586	0.0611	0.0676	0.0803
871	0.1141	0.1148	0.1126	0.1138	0.1138	0.1113	0.1083	0.1088	0.1121	0.1096	0.1016	0.0972	0.0971	0.1004	0.1063	0.0887	0.0822	0.0801	0.0815	0.0868	0.0967	0.0707	0.0623	0.0590	0.0585	0.0609	0.0676	0.0803
872	0.1141	0.1148	0.1126	0.1138	0.1138	0.1112	0.1083	0.1087	0.1120	0.1097	0.1015	0.0973	0.0970	0.1004	0.1064	0.0887	0.0822	0.0800	0.0815	0.0867	0.0968	0.0707	0.0623	0.0590	0.0584	0.0609	0.0675	0.0803
873	0.1142	0.1149	0.1126	0.1138	0.1138	0.1114	0.1082	0.1090	0.1122	0.1096	0.1015	0.0972	0.0972	0.1005	0.1065	0.0888	0.0825	0.0801	0.0816	0.0867	0.0968	0.0705	0.0625	0.0593	0.0584	0.0611	0.0677	0.0805
874	0.1140	0.1151	0.1128	0.1139	0.1139	0.1115	0.1083	0.1090	0.1122	0.1095	0.1015	0.0973	0.0973	0.1006	0.1066	0.0889	0.0825	0.0803	0.0817	0.0867	0.0969	0.0707	0.0624	0.0594	0.0583	0.0612	0.0676	0.0804
875	0.1140	0.1151	0.1129	0.1139	0.1139	0.1115	0.1084	0.1090	0.1121	0.1095	0.1016	0.0973	0.0973	0.1006	0.1066	0.0889	0.0825	0.0803	0.0818	0.0867	0.0969	0.0708	0.0623	0.0593	0.0583	0.0612	0.0675	0.0804
876	0.1141	0.1150	0.1128	0.1139	0.1138	0.1114	0.1084	0.1089	0.1120	0.1097	0.1018	0.0972	0.0971	0.1005	0.1066	0.0888	0.0824	0.0802	0.0817	0.0868	0.0971	0.0709	0.0623	0.0592	0.0585	0.0610	0.0675	0.0806
877	0.1143	0.1150	0.1129	0.1138	0.1137	0.1115	0.1084	0.1090	0.1122	0.1098	0.1017	0.0974	0.0973	0.1006	0.1066	0.0888	0.0825	0.0801	0.0818	0.0870	0.0971	0.0708	0.0626	0.0591	0.0585	0.0611	0.0675	0.0807
878	0.1144	0.1150	0.1130	0.1139	0.1138	0.1116	0.1084	0.1091	0.1122	0.1098	0.1017	0.0974	0.0974	0.1007	0.1067	0.0888	0.0826	0.0801	0.0818	0.0871	0.0970	0.0709	0.0628	0.0591	0.0585	0.0612	0.0676	0.0807
879	0.1143	0.1150	0.1130	0.1141	0.1140	0.1117	0.1084	0.1091	0.1121	0.1097	0.1018	0.0973	0.0974	0.1007	0.1068	0.0889	0.0825	0.0802	0.0818	0.0870	0.0970	0.0710	0.0627	0.0593	0.0585	0.0611	0.0676	0.0807
880	0.1142	0.1152	0.1128	0.1139	0.1138	0.1114	0.1084	0.1090	0.1124	0.1095	0.1017	0.0973	0.0972	0.1006	0.1068	0.0890	0.0824	0.0803	0.0817	0.0869	0.0970	0.0708	0.0625	0.0591	0.0584	0.0610	0.0675	0.0806
881	0.1142	0.1152	0.1128	0.1140	0.1138	0.1113	0.1083	0.1091	0.1123	0.1096	0.1017	0.0974	0.0973	0.1006	0.1068	0.0889	0.0825	0.0804	0.0817	0.0870	0.0970	0.0707	0.0625	0.0591	0.0584	0.0610	0.0675	0.0807
882	0.1142	0.1153	0.1129	0.1141	0.1140	0.1114	0.1083	0.1091	0.1122	0.1097	0.1017	0.0975	0.0975	0.1007	0.1068	0.0888	0.0827	0.0804	0.0818	0.0872	0.0971	0.0706	0.0625	0.0592	0.0585	0.0612	0.0675	0.0807
883	0.1145	0.1153	0.1129	0.1141	0.1141	0.1114	0.1085	0.1089	0.1125	0.1097	0.1018	0.0977	0.0975	0.1008	0.1067	0.0889	0.0825	0.0804	0.0820	0.0871	0.0972	0.0706	0.0624	0.0593	0.0585	0.0614	0.0678	0.0806
884	0.1143	0.1153	0.1131	0.1141	0.1141	0.1116	0.1086	0.1090	0.1125	0.1099	0.1019	0.0976	0.0975	0.1007	0.1068	0.0891	0.0826	0.0805	0.0819	0.0871	0.0973	0.0707	0.0624	0.0594	0.0586	0.0614	0.0679	0.0807
885	0.1143	0.1153	0.1132	0.1142	0.1141	0.1117	0.1087	0.1092	0.1125	0.1100	0.1020	0.0975	0.0975	0.1008	0.1070	0.0892	0.0826	0.0805	0.0820	0.0872	0.0974	0.0708	0.0625	0.0594	0.0586	0.0613	0.0680	0.0808
886	0.1145	0.1153	0.1133	0.1143	0.1142	0.1119	0.1087	0.1093	0.1125	0.1101	0.1022	0.0974	0.0975	0.1009	0.1070	0.0892	0.0825	0.0804	0.0822	0.0873	0.0976	0.0708	0.0625	0.0593	0.0588	0.0612	0.0680	0.0809
887	0.1146	0.1153	0.1132	0.1145	0.1141	0.1118	0.1085	0.1093	0.1124	0.1100	0.1019	0.0976	0.0976	0.1009	0.1071	0.0892	0.0826	0.0803	0.0820	0.0873	0.0974	0.0709	0.0625	0.0592	0.0588	0.0612	0.0681	0.0808
888	0.1145	0.1152	0.1131	0.1145	0.1142	0.1117	0.1085	0.1092	0.1126	0.1099	0.1018	0.0977	0.0978	0.1010	0.1071	0.0892	0.0826	0.0803	0.0820	0.0871	0.0973	0.0710	0.0627	0.0592	0.0587	0.0612	0.0680	0.0807
889	0.1144	0.1153	0.1131	0.1143	0.1142	0.1117	0.1086	0.1091	0.1127	0.1098	0.1018	0.0976	0.0979	0.1011	0.1071	0.0892	0.0826	0.0804	0.0821	0.0869	0.0973	0.0711	0.0629	0.0593	0.0587	0.0612	0.0679	0.0806
890	0.1146	0.1156	0.1132	0.1145	0.1143	0.1119	0.1089	0.1094	0.1127	0.1101	0.1019	0.0977	0.0979	0.1012	0.1071	0.0891	0.0827	0.0807	0.0821	0.0873	0.0974	0.0713	0.0630	0.0597	0.0587	0.0613	0.0680	0.0809
891	0.1146	0.1156	0.1133	0.1143	0.1143	0.1118	0.1089	0.1094	0.1126	0.1102	0.1020	0.0978	0.0978	0.1011	0.1071	0.0891	0.0827	0.0806	0.0820	0.0873	0.0975	0.0711	0.0629	0.0596	0.0586	0.0614	0.0680	0.0810
892	0.1146	0.1155	0.1133	0.1143	0.1143	0.1118	0.1088	0.1092	0.1125	0.1102	0.1021	0.0978	0.0976	0.1009	0.1071	0.0890	0.0826	0.0804	0.0819	0.0872	0.0975	0.0709	0.0628	0.0593	0.0585	0.0614	0.0679	0.0811
893	0.1145	0.1154	0.1134	0.1145	0.1142	0.1118	0.1088	0.1093	0.1124	0.1101	0.1022	0.0977	0.0974	0.1009	0.1072	0.0889	0.0825	0.0805	0.0819	0.0871	0.0977	0.0710	0.0626	0.0593	0.0585	0.0613	0.0678	0.0811
894	0.1146	0.1155	0.1134	0.1145	0.1143	0.1120	0.1088	0.1094	0.1127	0.1101	0.1023	0.0979	0.0977	0.1012	0.1073	0.0891	0.0828	0.0806	0.0821	0.0874	0.0978	0.0711	0.0628	0.0595	0.0586	0.0614	0.0679	0.0811
895	0.1148	0.1158	0.1134	0.1146	0.1145	0.1121	0.1090	0.1094	0.1130	0.1102	0.1023	0.0980	0.0981	0.1014	0.1075	0.0893	0.0830	0.0807	0.0824	0.0876	0.0977	0.0711	0.0629	0.0597	0.0588	0.0616	0.0682	0.0812
896	0.1147	0.1161	0.1134	0.1147	0.1145	0.1119	0.1091	0.1096	0.1132	0.1103	0.1024	0.0981	0.0982	0.1014	0.1076	0.0894	0.0833	0.0808	0.0827	0.0875	0.0976	0.0712	0.0630	0.0598	0.0590	0.0618	0.0683	0.0812
897	0.1146	0.1157	0.1134	0.1148	0.1146	0.1120	0.1089	0.1096	0.1130	0.1103	0.1022	0.0981	0.0980	0.1011	0.1075	0.0893	0.0830	0.0808	0.0824	0.0874	0.0977	0.0711	0.0631	0.0596	0.0589	0.0616	0.0682	0.0810
898	0.1147	0.1156	0.1134	0.1148	0.1146	0.1121	0.1090	0.1097	0.1129	0.1104	0.1021	0.0980	0.0980	0.1011	0.1075	0.0894	0.0830	0.0807	0.0823	0.0875	0.0978	0.0711	0.0631	0.0595	0.0589	0.0615	0.0681	0.0811
899	0.1151	0.1158	0.1135	0.1148	0.1145	0.1123	0.1092	0.1098	0.1128	0.1104	0.1021	0.0979	0.0981	0.1013	0.1075	0.0896	0.0831	0.0806	0.0825	0.0877	0.0979	0.0711	0.0629	0.0595	0.0589	0.0616	0.0681	0.0813
900	0.1150	0.1159	0.1137	0.1147	0.1146	0.1121	0.1092	0.1098	0.1130	0.1103	0.1022	0.0979	0.0979	0.1013	0.1076	0.0894	0.0829	0.0807	0.0823	0.0877	0.0980	0.0711	0.0629	0.0596	0.0589	0.0615	0.0681	0.0810
901	0.1151	0.1160	0.1138	0.1148	0.1148	0.1122	0.1092	0.1098	0.1132	0.1103	0.1024	0.0980	0.0980	0.1015	0.1077	0.0895	0.0831	0.0810	0.0825	0.0878	0.0980	0.0712	0.0630	0.0596	0.0589	0.0616	0.0682	0.0812
902	0.1153	0.1160	0.1138	0.1150	0.1150	0.1123	0.1092	0.1099	0.1134	0.1104	0.1025	0.0982	0.0982	0.1016	0.1079	0.0896	0.0834	0.0812	0.0827	0.0880	0.0980	0.0712	0.0631	0.0597	0.0589	0.0619	0.0684	0.0815
903	0.1153	0.1161	0.1135	0.1150	0.1149	0.1122	0.1090	0.1099	0.1133	0.1105	0.1026	0.0983	0.0983	0.1015	0.1077	0.0895	0.0835	0.0809	0.0826	0.0881	0.0978	0.0713	0.0630	0.0597	0.0591	0.0617	0.0685	0.0816
904	0.1153	0.1160	0.1135	0.1150	0.1149	0.1123	0.1091	0.1100	0.1135	0.1106	0.1027	0.0984	0.0983	0.1017	0.1079	0.0895	0.0833	0.0810	0.0827	0.0880	0.0981	0.0715	0.0632	0.0598	0.0593	0.0618	0.0684	0.0816
905	0.1154	0.1160	0.1136	0.1151	0.1149	0.1124	0.1092	0.1100	0.1136	0.1107	0.1027	0.0984	0.0984	0.1018	0.1079	0.0896	0.0831	0.0810	0.0827	0.0879	0.0982	0.0715	0.0633	0.0599	0.0593	0.0619	0.0684	0.0815
906	0.1153	0.1159	0.1138	0.1151	0.1149	0.1124	0.1093	0.1099	0.1137	0.1106	0.1027	0.0982	0.0986	0.1017	0.1078	0.0897	0.0831	0.0810	0.0826	0.0879	0.0981	0.0712	0.0633	0.0600	0.0592	0.0619	0.0686	0.0814
907	0.1152	0.1160	0.1139	0.1150	0.1147	0.1123	0.1092	0.1097	0.1134	0.1106	0.1025	0.0982	0.0985	0.1014	0.1077	0.0896	0.0828	0.0809	0.0822	0.0878	0.0980	0.0712	0.0630	0.0598	0.0590	0.0617	0.0683	0.0816
908	0.1152	0.1161	0.1141	0.1151	0.1149	0.1124	0.1094	0.1097	0.1134	0.1106	0.1025	0.0983	0.0984	0.1014	0.1077	0.0897	0.0828	0.0810	0.0824	0.0879	0.0981	0.0712	0.0632	0.0598	0.0590	0.0617	0.0683	0.0816
909	0.1153	0.1163	0.1142	0.1153	0.1152	0.1127	0.1096	0.1100	0.1136	0.1105	0.1027	0.0985	0.0984	0.1018	0.1078	0.0899	0.0829	0.0812	0.0830	0.0880	0.0985	0.0712	0.0636	0.0599	0.0591	0.0618	0.0686	0.0816
910	0.1150	0.1161	0.1140	0.1151	0.1148	0.1124	0.1094	0.1101	0.1135	0.1106	0.1028	0.0983	0.0983	0.1015	0.1078	0.0897	0.0829	0.0810	0.0828	0.0878	0.0983	0.0714	0.0630	0.0597	0.0590	0.0618	0.0685	0.0816
911	0.1153	0.1163	0.1141	0.1155	0.1149	0.1125	0.1094	0.1101	0.1136	0.1109	0.1028	0.0985	0.0984	0.1017	0.1081	0.0896	0.0833	0.0812	0.0830	0.0880	0.0985	0.0716	0.0632	0.0599	0.0592	0.0619	0.0685	0.0818
912	0.1156	0.1166	0.1142	0.1158	0.1151	0.1128	0.1096	0.1100	0.1138	0.1111	0.1028	0.0987	0.0986	0.1019	0.1084	0.0897	0.0837	0.0814	0.0832	0.0883	0.0987	0.0718	0.0635	0.0602	0.0594	0.0620	0.0685	0.0821
913	0.1155	0.1164	0.1142	0.1156	0.1151	0.1128	0.1099	0.1102	0.1139	0.1111	0.1029	0.0985	0.0986	0.1021	0.1084	0.0898	0.0838	0.0811	0.0833	0.0882	0.0986	0.0717	0.0634	0.0601	0.0593	0.0619	0.0686	0.0821
914	0.1154	0.1164	0.1143	0.1156	0.1153	0.1129	0.1099	0.1103	0.1136	0.1110	0.1027	0.0985	0.0986	0.1021	0.1083	0.0900	0.0837	0.0814	0.0829	0.0882	0.0986	0.0716	0.0632	0.0600	0.0592	0.0620	0.0687	0.0820
915	0.1154	0.1164	0.1143	0.1156	0.1154	0.1130	0.1098	0.1103	0.1135	0.1110	0.1026	0.0985	0.0986	0.1021	0.1082	0.0901	0.0834	0.0815	0.0828	0.0882	0.0986	0.0715	0.0632	0.0601	0.0592	0.0621	0.0687	0.0818
916	0.1154	0.1164	0.1142	0.1156	0.1154	0.1128	0.1100	0.1104	0.1139	0.1110	0.1026	0.0987	0.0988	0.1021	0.1081	0.0901	0.0831	0.0812	0.0831	0.0881	0.0985	0.0713	0.0632	0.0604	0.0593	0.0621	0.0687	0.0817
917	0.1156	0.1164	0.1141	0.1156	0.1155	0.1130	0.1100	0.1103	0.1140	0.1108	0.1030	0.0987	0.0987	0.1021	0.1083	0.0901	0.0835	0.0813	0.0831	0.0883	0.0987	0.0716	0.0633	0.0602	0.0593	0.0622	0.0689	0.0817
918	0.1159	0.1167	0.1142	0.1157	0.1155	0.1131	0.1099	0.1103	0.1141	0.1109	0.1031	0.0985	0.0988	0.1022	0.1084	0.0900	0.0837	0.0813	0.0830	0.0884	0.0988	0.0717	0.0633	0.0602	0.0593	0.0622	0.0690	0.0818
919	0.1162	0.1171	0.1144	0.1157	0.1155	0.1132	0.1099	0.1105	0.1140	0.1112	0.1031	0.0984	0.0991	0.1023	0.1084	0.0899	0.0838	0.0813	0.0829	0.0885	0.0988	0.0717	0.0634	0.0603	0.0592	0.0621	0.0688	0.0818
920	0.1161	0.1170	0.1146	0.1156	0.1156	0.1131	0.1100	0.1109	0.1142	0.1114	0.1033	0.0987	0.0991	0.1022	0.1084	0.0902	0.0838	0.0816	0.0831	0.0884	0.0990	0.0720	0.0635	0.0603	0.0594	0.0623	0.0688	0.0818
921	0.1160	0.1168	0.1148	0.1157	0.1156	0.1132	0.1101	0.1109	0.1142	0.1114	0.1034	0.0988	0.0989	0.1024	0.1086	0.0903	0.0838	0.0817	0.0831	0.0885	0.0990	0.0720	0.0635	0.0602	0.0594	0.0623	0.0688	0.0818
922	0.1160	0.1167	0.1148	0.1159	0.1155	0.1132	0.1102	0.1107	0.1141	0.1114	0.1034	0.0988	0.0988	0.1025	0.1086	0.0903	0.0838	0.0817	0.0831	0.0886	0.0990	0.0719	0.0634	0.0602	0.0594	0.0624	0.0689	0.0819
923	0.1160	0.1168	0.1148	0.1158	0.1156	0.1132	0.1103	0.1106	0.1142	0.1115	0.1033	0.0989	0.0992	0.1024	0.1083	0.0903	0.0838	0.0815	0.0832	0.0884	0.0989	0.0718	0.0634	0.0601	0.0594	0.0626	0.0686	0.0821
924	0.1160	0.1168	0.1147	0.1159	0.1157	0.1133	0.1104	0.1107	0.1143	0.1114	0.1034	0.0990	0.0990	0.1023	0.1086	0.0904	0.0838	0.0814	0.0832	0.0885	0.0989	0.0716	0.0635	0.0602	0.0595	0.0623	0.0688	0.0821
925	0.1161	0.1170	0.1147	0.1161	0.1158	0.1135	0.1105	0.1108	0.1145	0.1114	0.1036	0.0993	0.0990	0.1023	0.1089	0.0904	0.0839	0.0814	0.0833	0.0887	0.0991	0.0716	0.0637	0.0604	0.0597	0.0621	0.0690	0.0823
926	0.1165	0.1176	0.1150	0.1163	0.1163	0.1137	0.1106	0.1110	0.1149	0.1116	0.1038	0.0996	0.0995	0.1025	0.1091	0.0903	0.0841	0.0818	0.0836	0.0890	0.0995	0.0721	0.0639	0.0607	0.0599	0.0624	0.0691	0.0826
927	0.1164	0.1174	0.1150	0.1163	0.1157	0.1136	0.1106	0.1111	0.1147	0.1115	0.1037	0.0991	0.0993	0.1026	0.1091	0.0902	0.0841	0.0820	0.0834	0.0889	0.0992	0.0721	0.0641	0.0607	0.0597	0.0626	0.0691	0.0826
928	0.1163	0.1174	0.1150	0.1163	0.1157	0.1137	0.1107	0.1112	0.1145	0.1117	0.1036	0.0990	0.0993	0.1026	0.1091	0.0902	0.0841	0.0822	0.0835	0.0890	0.0991	0.0720	0.0642	0.0607	0.0596	0.0626	0.0692	0.0826
929	0.1164	0.1174	0.1153	0.1164	0.1163	0.1138	0.1107	0.1112	0.1146	0.1121	0.1036	0.0993	0.0996	0.1025	0.1091	0.0904	0.0840	0.0822	0.0837	0.0891	0.0993	0.0721	0.0643	0.0606	0.0597	0.0622	0.0694	0.0827
930	0.1163	0.1173	0.1152	0.1163	0.1163	0.1133	0.1107	0.1109	0.1148	0.1116	0.1036	0.0992	0.0995	0.1028	0.1091	0.0905	0.0838	0.0820	0.0839	0.0890	0.0993	0.0718	0.0639	0.0606	0.0599	0.0624	0.0695	0.0823
931	0.1164	0.1173	0.1152	0.1164	0.1163	0.1134	0.1108	0.1111	0.1149	0.1116	0.1039	0.0992	0.0994	0.1029	0.1091	0.0907	0.0840	0.0821	0.0839	0.0889	0.0994	0.0719	0.0639	0.0606	0.0599	0.0626	0.0696	0.0823
932	0.1165	0.1174	0.1153	0.1166	0.1163	0.1136	0.1109	0.1114	0.1150	0.1120	0.1042	0.0994	0.0993	0.1030	0.1092	0.0909	0.0842	0.0824	0.0839	0.0890	0.0995	0.0721	0.0640	0.0605	0.0600	0.0627	0.0696	0.0825
933	0.1166	0.1175	0.1150	0.1168	0.1163	0.1137	0.1109	0.1116	0.1151	0.1120	0.1040	0.0996	0.0993	0.1031	0.1094	0.0908	0.0840	0.0823	0.0839	0.0891	0.0996	0.0721	0.0639	0.0604	0.0601	0.0628	0.0697	0.0823
934	0.1163	0.1176	0.1151	0.1169	0.1162	0.1139	0.1110	0.1117	0.1152	0.1119	0.1043	0.0996	0.0996	0.1032	0.1094	0.0911	0.0843	0.0823	0.0841	0.0893	0.0997	0.0721	0.0641	0.0605	0.0602	0.0628	0.0695	0.0825
935	0.1164	0.1178	0.1152	0.1168	0.1162	0.1142	0.1111	0.1118	0.1152	0.1120	0.1045	0.0997	0.0997	0.1032	0.1095	0.0912	0.0844	0.0823	0.0841	0.0895	0.0996	0.0722	0.0642	0.0607	0.0602	0.0627	0.0694	0.0827
936	0.1171	0.1181	0.1152	0.1165	0.1162	0.1143	0.1108	0.1118	0.1148	0.1122	0.1042	0.0996	0.0995	0.1029	0.1096	0.0908	0.0840	0.0823	0.0837	0.0897	0.0995	0.0723	0.0640	0.0612	0.0600	0.0625	0.0695	0.0829
937	0.1171	0.1180	0.1160	0.1172	0.1168	0.1145	0.1111	0.1118	0.1152	0.1124	0.1042	0.1001	0.0999	0.1034	0.1098	0.0911	0.0842	0.0823	0.0842	0.0898	0.1000	0.0727	0.0643	0.0612	0.0599	0.0630	0.0700	0.0830
938	0.1170	0.1178	0.1162	0.1173	0.1168	0.1143	0.1112	0.1117	0.1152	0.1123	0.1041	0.1001	0.0999	0.1034	0.1098	0.0912	0.0844	0.0822	0.0841	0.0895	0.1000	0.0727	0.0644	0.0610	0.0598	0.0630	0.0700	0.0830
939	0.1168	0.1175	0.1159	0.1168	0.1163	0.1138	0.1110	0.1116	0.1149	0.1121	0.1040	0.0997	0.0994	0.1029	0.1096	0.0910	0.0845	0.0820	0.0836	0.0889	0.0996	0.0724	0.0643	0.0606	0.0598	0.0626	0.0694	0.0828
940	0.1168	0.1178	0.1159	0.1169	0.1165	0.1146	0.1108	0.1115	0.1151	0.1124	0.1039	0.0995	0.0995	0.1032	0.1096	0.0909	0.0844	0.0819	0.0839	0.0892	0.0995	0.0721	0.0641	0.0607	0.0599	0.0629	0.0693	0.0829
941	0.1170	0.1179	0.1156	0.1168	0.1164	0.1145	0.1108	0.1115	0.1152	0.1123	0.1037	0.0995	0.0997	0.1031	0.1095	0.0909	0.0843	0.0820	0.0840	0.0893	0.0996	0.0720	0.0640	0.0606	0.0600	0.0627	0.0693	0.0828
942	0.1171	0.1179	0.1153	0.1167	0.1162	0.1142	0.1110	0.1116	0.1153	0.1121	0.1037	0.0996	0.0998	0.1029	0.1096	0.0909	0.0843	0.0822	0.0840	0.0892	0.0999	0.0721	0.0640	0.0606	0.0600	0.0624	0.0694	0.0826
943	0.1174	0.1180	0.1151	0.1171	0.1166	0.1144	0.1113	0.1117	0.1153	0.1121	0.1041	0.0997	0.1002	0.1031	0.1099	0.0905	0.0844	0.0824	0.0840	0.0892	0.0999	0.0721	0.0642	0.0610	0.0601	0.0626	0.0691	0.0828
944	0.1173	0.1183	0.1157	0.1175	0.1170	0.1146	0.1114	0.1118	0.1154	0.1124	0.1044	0.1000	0.1001	0.1034	0.1101	0.0909	0.0844	0.0825	0.0843	0.0895	0.0999	0.0724	0.0644	0.0612	0.0603	0.0631	0.0695	0.0831
945	0.1173	0.1185	0.1163	0.1178	0.1173	0.1148	0.1116	0.1119	0.1156	0.1127	0.1046	0.1003	0.1001	0.1039	0.1102	0.0914	0.0844	0.0826	0.0847	0.0898	0.1000	0.0727	0.0647	0.0613	0.0604	0.0633	0.0699	0.0834
946	0.1174	0.1185	0.1163	0.1177	0.1174	0.1149	0.1119	0.1122	0.1158	0.1125	0.1048	0.1005	0.1004	0.1046	0.1103	0.0920	0.0846	0.0826	0.0847	0.0898	0.1002	0.0729	0.0651	0.0611	0.0604	0.0628	0.0698	0.0835
947	0.1172	0.1182	0.1160	0.1177	0.1168	0.1144	0.1117	0.1120	0.1156	0.1122	0.1044	0.1001	0.1002	0.1039	0.1099	0.0914	0.0847	0.0822	0.0842	0.0897	0.1002	0.0724	0.0643	0.0610	0.0606	0.0629	0.0694	0.0831
948	0.1171	0.1181	0.1159	0.1176	0.1164	0.1142	0.1115	0.1118	0.1156	0.1122	0.1042	0.0999	0.0999	0.1034	0.1098	0.0912	0.0847	0.0822	0.0840	0.0898	0.1002	0.0722	0.0641	0.0608	0.0605	0.0628	0.0694	0.0829
949	0.1172	0.1183	0.1160	0.1172	0.1165	0.1143	0.1115	0.1118	0.1159	0.1126	0.1042	0.1002	0.0997	0.1034	0.1102	0.0917	0.0848	0.0827	0.0841	0.0900	0.1003	0.0726	0.0645	0.0607	0.0602	0.0626	0.0698	0.0831
950	0.1177	0.1185	0.1164	0.1177	0.1172	0.1150	0.1115	0.1122	0.1160	0.1126	0.1045	0.1004	0.1001	0.1034	0.1101	0.0916	0.0852	0.0827	0.0844	0.0900	0.1004	0.0725	0.0645	0.0613	0.0604	0.0632	0.0701	0.0835
951	0.1179	0.1185	0.1166	0.1178	0.1172	0.1151	0.1117	0.1124	0.1160	0.1128	0.1046	0.1005	0.1004	0.1035	0.1100	0.0914	0.0849	0.0827	0.0843	0.0899	0.1002	0.0725	0.0647	0.0613	0.0606	0.0633	0.0701	0.0836
952	0.1179	0.1183	0.1167	0.1179	0.1169	0.1149	0.1119	0.1124	0.1159	0.1130	0.1046	0.1005	0.1006	0.1037	0.1099	0.0912	0.0845	0.0828	0.0841	0.0899	0.1001	0.0725	0.0649	0.0612	0.0607	0.0631	0.0700	0.0835
953	0.1177	0.1184	0.1165	0.1180	0.1171	0.1148	0.1117	0.1125	0.1161	0.1126	0.1050	0.1002	0.1005	0.1040	0.1102	0.0914	0.0850	0.0827	0.0851	0.0904	0.1006	0.0726	0.0647	0.0617	0.0606	0.0630	0.0704	0.0837
954	0.1176	0.1185	0.1165	0.1179	0.1174	0.1149	0.1115	0.1125	0.1161	0.1126	0.1051	0.1002	0.1005	0.1039	0.1104	0.0913	0.0850	0.0825	0.0848	0.0903	0.1008	0.0724	0.0648	0.0615	0.0606	0.0628	0.0701	0.0835
955	0.1175	0.1187	0.1163	0.1177	0.1175	0.1148	0.1115	0.1123	0.1160	0.1126	0.1051	0.1004	0.1005	0.1039	0.1103	0.0912	0.0849	0.0825	0.0845	0.0902	0.1009	0.0724	0.0648	0.0613	0.0605	0.0627	0.0698	0.0834
956	0.1172	0.1190	0.1159	0.1180	0.1173	0.1142	0.1116	0.1121	0.1155	0.1129	0.1047	0.1006	0.1006	0.1041	0.1099	0.0913	0.0847	0.0827	0.0845	0.0904	0.1007	0.0726	0.0646	0.0615	0.0599	0.0629	0.0700	0.0837
957	0.1176	0.1190	0.1165	0.1179	0.1176	0.1148	0.1117	0.1123	0.1163	0.1130	0.1047	0.1007	0.1006	0.1043	0.1104	0.0914	0.0849	0.0829	0.0847	0.0903	0.1006	0.0728	0.0647	0.0618	0.0606	0.0635	0.0702	0.0838
958	0.1179	0.1192	0.1168	0.1178	0.1175	0.1152	0.1117	0.1125	0.1164	0.1131	0.1048	0.1006	0.1004	0.1042	0.1106	0.0916	0.0850	0.0828	0.0847	0.0901	0.1004	0.0729	0.0648	0.0617	0.0608	0.0636	0.0701	0.0838
959	0.1178	0.1194	0.1166	0.1176	0.1170	0.1150	0.1117	0.1125	0.1157	0.1131	0.1049	0.1003	0.1002	0.1037	0.1104	0.0920	0.0848	0.0822	0.0845	0.0899	0.1001	0.0730	0.0648	0.0610	0.0605	0.0632	0.0699	0.0838
960	0.1177	0.1186	0.1164	0.1177	0.1169	0.1148	0.1118	0.1125	0.1157	0.1127	0.1051	0.1002	0.1006	0.1043	0.1104	0.0918	0.0852	0.0826	0.0850	0.0901	0.1002	0.0729	0.0644	0.0613	0.0604	0.0634	0.0698	0.0834
961	0.1178	0.1182	0.1164	0.1179	0.1172	0.1149	0.1119	0.1126	0.1159	0.1129	0.1052	0.1001	0.1008	0.1045	0.1105	0.0919	0.0853	0.0827	0.0851	0.0903	0.1006	0.0729	0.0643	0.0611	0.0607	0.0633	0.0699	0.0834
962	0.1181	0.1182	0.1166	0.1181	0.1178	0.1151	0.1121	0.1127	0.1161	0.1132	0.1052	0.1002	0.1009	0.1045	0.1106	0.0920	0.0852	0.0827	0.0851	0.0905	0.1009	0.0730	0.0644	0.0608	0.0611	0.0631	0.0701	0.0835
963	0.1186	0.1187	0.1166	0.1181	0.1178	0.1149	0.1123	0.1129	0.1162	0.1128	0.1051	0.1006	0.1008	0.1043	0.1107	0.0913	0.0853	0.0829	0.0846	0.0905	0.1006	0.0723	0.0643	0.0612	0.0605	0.0631	0.0703	0.0833
964	0.1182	0.1189	0.1165	0.1181	0.1178	0.1153	0.1121	0.1129	0.1163	0.1128	0.1051	0.1008	0.1010	0.1041	0.1108	0.0916	0.0849	0.0829	0.0850	0.0901	0.1008	0.0724	0.0642	0.0614	0.0605	0.0630	0.0704	0.0834
965	0.1180	0.1190	0.1166	0.1182	0.1178	0.1155	0.1119	0.1128	0.1164	0.1130	0.1051	0.1010	0.1012	0.1041	0.1109	0.0921	0.0846	0.0830	0.0856	0.0900	0.1009	0.0726	0.0642	0.0615	0.0607	0.0631	0.0704	0.0835
966	0.1185	0.1192	0.1169	0.1184	0.1177	0.1151	0.1119	0.1128	0.1162	0.1132	0.1054	0.1012	0.1010	0.1044	0.1109	0.0922	0.0851	0.0834	0.0855	0.0907	0.1004	0.0725	0.0646	0.0617	0.0605	0.0637	0.0701	0.0835
967	0.1181	0.1192	0.1169	0.1182	0.1177	0.1155	0.1121	0.1127	0.1165	0.1130	0.1052	0.1008	0.1007	0.1042	0.1104	0.0919	0.0851	0.0833	0.0848	0.0905	0.1006	0.0726	0.0645	0.0614	0.0605	0.0635	0.0703	0.0836
968	0.1181	0.1191	0.1169	0.1183	0.1178	0.1158	0.1123	0.1128	0.1169	0.1132	0.1051	0.1008	0.1009	0.1045	0.1104	0.0918	0.0852	0.0831	0.0846	0.0904	0.1010	0.0729	0.0648	0.0611	0.0604	0.0633	0.0705	0.0838
969	0.1186	0.1190	0.1169	0.1189	0.1179	0.1158	0.1127	0.1132	0.1172	0.1138	0.1051	0.1011	0.1015	0.1053	0.1111	0.0921	0.0856	0.0827	0.0850	0.0908	0.1016	0.0734	0.0654	0.0609	0.0601	0.0634	0.0705	0.0842
970	0.1183	0.1196	0.1172	0.1181	0.1181	0.1151	0.1126	0.1129	0.1167	0.1133	0.1053	0.1008	0.1011	0.1047	0.1107	0.0919	0.0852	0.0827	0.0852	0.0907	0.1013	0.0732	0.0649	0.0613	0.0610	0.0633	0.0697	0.0843
971	0.1183	0.1196	0.1172	0.1181	0.1183	0.1150	0.1124	0.1130	0.1164	0.1132	0.1053	0.1008	0.1010	0.1047	0.1106	0.0917	0.0849	0.0828	0.0849	0.0907	0.1013	0.0730	0.0646	0.0620	0.0610	0.0635	0.0697	0.0842
972	0.1186	0.1194	0.1172	0.1186	0.1185	0.1154	0.1123	0.1132	0.1163	0.1133	0.1053	0.1011	0.1012	0.1050	0.1108	0.0917	0.0849	0.0829	0.0846	0.0908	0.1015	0.0729	0.0645	0.0625	0.0607	0.0638	0.0704	0.0840
973	0.1191	0.1197	0.1172	0.1194	0.1184	0.1161	0.1127	0.1137	0.1166	0.1136	0.1054	0.1015	0.1012	0.1048	0.1113	0.0920	0.0854	0.0833	0.0851	0.0906	0.1010	0.0731	0.0653	0.0617	0.0609	0.0637	0.0706	0.0844
974	0.1191	0.1196	0.1172	0.1192	0.1183	0.1158	0.1129	0.1134	0.1169	0.1137	0.1055	0.1012	0.1014	0.1046	0.1112	0.0920	0.0852	0.0833	0.0851	0.0905	0.1011	0.0733	0.0657	0.0616	0.0609	0.0635	0.0701	0.0846
975	0.1189	0.1194	0.1173	0.1189	0.1182	0.1155	0.1130	0.1132	0.1171	0.1137	0.1057	0.1008	0.1015	0.1045	0.1111	0.0919	0.0849	0.0833	0.0852	0.0906	0.1013	0.0733	0.0658	0.0617	0.0609	0.0634	0.0695	0.0846
976	0.1170	0.1175	0.1156	0.1174	0.1171	0.1148	0.1109	0.1102	0.1151	0.1144	0.1039	0.0988	0.0985	0.1012	0.1085	0.0914	0.0844	0.0820	0.0823	0.0877	0.0982	0.0739	0.0641	0.0614	0.0595	0.0619	0.0668	0.0804
977	0.1172	0.1175	0.1153	0.1173	0.1171	0.1149	0.1109	0.1102	0.1154	0.1141	0.1041	0.0989	0.0986	0.1011	0.1084	0.0916	0.0846	0.0822	0.0824	0.0879	0.0979	0.0740	0.0644	0.0610	0.0594	0.0620	0.0667	0.0806
978	0.1171	0.1181	0.1151	0.1177	0.1169	0.1143	0.1105	0.1103	0.1153	0.1137	0.1037	0.0989	0.0988	0.1015	0.1082	0.0922	0.0846	0.0824	0.0827	0.0879	0.0977	0.0738	0.0647	0.0605	0.0592	0.0618	0.0671	0.0804
979	0.1170	0.1187	0.1152	0.1179	0.1170	0.1138	0.1102	0.1105	0.1151	0.1134	0.1034	0.0990	0.0990	0.1019	0.1084	0.0927	0.0845	0.0824	0.0830	0.0878	0.0977	0.0735	0.0650	0.0604	0.0591	0.0616	0.0673	0.0803
980	0.1170	0.1190	0.1161	0.1176	0.1171	0.1136	0.1105	0.1107	0.1152	0.1138	0.1036	0.0996	0.0990	0.1018	0.1092	0.0924	0.0844	0.0825	0.0831	0.0874	0.0983	0.0736	0.0647	0.0606	0.0588	0.0613	0.0671	0.0801
981	0.1171	0.1191	0.1167	0.1174	0.1172	0.1135	0.1108	0.1108	0.1154	0.1141	0.1037	0.1001	0.0990	0.1018	0.1098	0.0920	0.0844	0.0826	0.0832	0.0871	0.0987	0.0738	0.0645	0.0608	0.0585	0.0611	0.0671	0.0799
982	0.1176	0.1183	0.1163	0.1177	0.1174	0.1136	0.1109	0.1112	0.1154	0.1143	0.1037	0.0999	0.0991	0.1018	0.1096	0.0919	0.0844	0.0824	0.0831	0.0873	0.0985	0.0736	0.0643	0.0608	0.0589	0.0615	0.0672	0.0805
983	0.1181	0.1177	0.1158	0.1179	0.1177	0.1138	0.1111	0.1115	0.1154	0.1144	0.1038	0.0996	0.0992	0.1017	0.1093	0.0919	0.0844	0.0822	0.0829	0.0876	0.0983	0.0734	0.0642	0.0608	0.0593	0.0619	0.0672	0.0811
984	0.1180	0.1176	0.1156	0.1179	0.1181	0.1141	0.1110	0.1114	0.1154	0.1145	0.1043	0.0998	0.0989	0.1018	0.1096	0.0920	0.0847	0.0821	0.0828	0.0878	0.0987	0.0736	0.0641	0.0608	0.0594	0.0617	0.0673	0.0810
985	0.1179	0.1176	0.1156	0.1179	0.1184	0.1145	0.1110	0.1112	0.1154	0.1146	0.1049	0.1001	0.0987	0.1020	0.1100	0.0921	0.0850	0.0821	0.0827	0.0880	0.0991	0.0738	0.0641	0.0609	0.0595	0.0616	0.0675	0.0807
986	0.1179	0.1181	0.1162	0.1182	0.1184	0.1147	0.1107	0.1112	0.1152	0.1147	0.1050	0.1001	0.0991	0.1020	0.1100	0.0922	0.0848	0.0823	0.0832	0.0884	0.0988	0.0738	0.0645	0.0608	0.0595	0.0616	0.0674	0.0805
987	0.1182	0.1187	0.1169	0.1186	0.1183	0.1148	0.1103	0.1114	0.1151	0.1146	0.1049	0.0999	0.0997	0.1019	0.1099	0.0923	0.0844	0.0825	0.0836	0.0889	0.0984	0.0737	0.0650	0.0607	0.0595	0.0616	0.0671	0.0804
988	0.1180	0.1191	0.1169	0.1187	0.1182	0.1144	0.1104	0.1114	0.1155	0.1143	0.1045	0.0998	0.0997	0.1021	0.1098	0.0923	0.0846	0.0826	0.0835	0.0887	0.0985	0.0738	0.0651	0.0604	0.0596	0.0616	0.0671	0.0804
989	0.1177	0.1194	0.1165	0.1186	0.1181	0.1140	0.1108	0.1113	0.1161	0.1142	0.1044	0.0996	0.0992	0.1024	0.1096	0.0920	0.0850	0.0826	0.0834	0.0883	0.0990	0.0740	0.0648	0.0602	0.0598	0.0616	0.0672	0.0803
990	0.1177	0.1193	0.1166	0.1187	0.1181	0.1144	0.1113	0.1116	0.1161	0.1142	0.1046	0.0995	0.0989	0.1025	0.1098	0.0920	0.0853	0.0824	0.0833	0.0882	0.0991	0.0741	0.0645	0.0604	0.0599	0.0614	0.0675	0.0805
991	0.1178	0.1192	0.1167	0.1188	0.1183	0.1153	0.1116	0.1124	0.1159	0.1144	0.1048	0.0996	0.0989	0.1024	0.1103	0.0922	0.0854	0.0823	0.0833	0.0878	0.0990	0.0742	0.0644	0.0608	0.0599	0.0614	0.0679	0.0808
992	0.1180	0.1190	0.1164	0.1190	0.1185	0.1154	0.1116	0.1129	0.1161	0.1145	0.1048	0.1000	0.0990	0.1024	0.1107	0.0926	0.0854	0.0822	0.0834	0.0876	0.0994	0.0743	0.0645	0.0609	0.0599	0.0615	0.0679	0.0812
993	0.1179	0.1189	0.1162	0.1192	0.1186	0.1149	0.1116	0.1129	0.1164	0.1146	0.1047	0.1006	0.0989	0.1029	0.1109	0.0929	0.0857	0.0822	0.0834	0.0878	0.0999	0.0743	0.0647	0.0608	0.0600	0.0616	0.0678	0.0816
994	0.1178	0.1189	0.1161	0.1195	0.1187	0.1147	0.1118	0.1128	0.1163	0.1149	0.1048	0.1007	0.0992	0.1029	0.1110	0.0929	0.0858	0.0824	0.0836	0.0881	0.1002	0.0742	0.0646	0.0609	0.0599	0.0618	0.0680	0.0816
995	0.1182	0.1190	0.1161	0.1197	0.1187	0.1150	0.1119	0.1126	0.1161	0.1149	0.1051	0.1004	0.0997	0.1025	0.1107	0.0927	0.0853	0.0832	0.0841	0.0885	0.1000	0.0741	0.0644	0.0612	0.0598	0.0619	0.0681	0.0813
996	0.1184	0.1190	0.1162	0.1196	0.1187	0.1151	0.1120	0.1123	0.1163	0.1148	0.1052	0.1002	0.1001	0.1021	0.1104	0.0925	0.0850	0.0838	0.0846	0.0889	0.0997	0.0739	0.0642	0.0614	0.0597	0.0619	0.0681	0.0810
997	0.1182	0.1191	0.1166	0.1191	0.1184	0.1150	0.1117	0.1122	0.1165	0.1147	0.1051	0.1003	0.1004	0.1022	0.1103	0.0925	0.0853	0.0835	0.0847	0.0891	0.0993	0.0740	0.0642	0.0615	0.0598	0.0619	0.0681	0.0810
998	0.1181	0.1192	0.1169	0.1187	0.1183	0.1150	0.1116	0.1121	0.1166	0.1145	0.1049	0.1005	0.1006	0.1024	0.1104	0.0925	0.0856	0.0832	0.0846	0.0892	0.0988	0.0742	0.0642	0.0615	0.0600	0.0618	0.0682	0.0810
999	0.1187	0.1192	0.1169	0.1191	0.1186	0.1152	0.1116	0.1121	0.1164	0.1146	0.1047	0.1005	0.1003	0.1030	0.1104	0.0926	0.0858	0.0830	0.0842	0.0888	0.0991	0.0743	0.0644	0.0614	0.0602	0.0619	0.0687	0.0812
1000	0.1194	0.1191	0.1168	0.1196	0.1187	0.1152	0.1115	0.1122	0.1164	0.1146	0.1045	0.1005	0.1000	0.1036	0.1104	0.0926	0.0860	0.0828	0.0837	0.0884	0.0995	0.0744	0.0647	0.0613	0.0603	0.0621	0.0691	0.0813
1001	0.1194	0.1194	0.1170	0.1195	0.1184	0.1152	0.1115	0.1124	0.1168	0.1147	0.1049	0.1005	0.1002	0.1035	0.1106	0.0927	0.0859	0.0828	0.0836	0.0887	0.0994	0.0744	0.0649	0.0611	0.0601	0.0626	0.0692	0.0815
1002	0.1192	0.1197	0.1171	0.1193	0.1183	0.1153	0.1114	0.1126	0.1172	0.1147	0.1056	0.1006	0.1003	0.1031	0.1108	0.0929	0.0858	0.0830	0.0835	0.0891	0.0992	0.0745	0.0650	0.0608	0.0599	0.0630	0.0692	0.0817
1003	0.1191	0.1197	0.1172	0.1194	0.1188	0.1151	0.1115	0.1129	0.1172	0.1151	0.1059	0.1006	0.1002	0.1031	0.1107	0.0929	0.0858	0.0829	0.0833	0.0893	0.0992	0.0746	0.0650	0.0610	0.0599	0.0631	0.0690	0.0816
1004	0.1191	0.1196	0.1174	0.1195	0.1194	0.1149	0.1119	0.1132	0.1172	0.1156	0.1059	0.1005	0.1003	0.1035	0.1104	0.0927	0.0857	0.0828	0.0831	0.0893	0.0993	0.0748	0.0650	0.0611	0.0599	0.0630	0.0689	0.0817
1005	0.1188	0.1194	0.1173	0.1195	0.1195	0.1149	0.1120	0.1130	0.1172	0.1158	0.1059	0.1006	0.1005	0.1036	0.1107	0.0927	0.0856	0.0831	0.0831	0.0892	0.0996	0.0753	0.0650	0.0613	0.0601	0.0629	0.0688	0.0820
1006	0.1183	0.1195	0.1174	0.1196	0.1189	0.1147	0.1118	0.1128	0.1172	0.1157	0.1058	0.1008	0.1007	0.1036	0.1109	0.0929	0.0855	0.0833	0.0833	0.0889	0.0999	0.0757	0.0651	0.0612	0.0605	0.0629	0.0686	0.0821
1007	0.1183	0.1195	0.1176	0.1199	0.1189	0.1147	0.1118	0.1126	0.1173	0.1154	0.1057	0.1010	0.1007	0.1036	0.1108	0.0927	0.0857	0.0832	0.0836	0.0888	0.0999	0.0757	0.0652	0.0612	0.0607	0.0629	0.0685	0.0820
1008	0.1186	0.1196	0.1178	0.1201	0.1195	0.1151	0.1119	0.1125	0.1177	0.1153	0.1056	0.1014	0.1004	0.1035	0.1104	0.0923	0.0862	0.0830	0.0836	0.0890	0.0999	0.0753	0.0655	0.0612	0.0608	0.0628	0.0682	0.0817
1009	0.1188	0.1198	0.1178	0.1200	0.1195	0.1152	0.1120	0.1125	0.1179	0.1152	0.1057	0.1015	0.1002	0.1033	0.1104	0.0920	0.0862	0.0830	0.0837	0.0892	0.0998	0.0749	0.0656	0.0613	0.0607	0.0626	0.0682	0.0816
1010	0.1187	0.1199	0.1174	0.1197	0.1192	0.1150	0.1123	0.1128	0.1175	0.1151	0.1061	0.1013	0.1000	0.1035	0.1109	0.0921	0.0859	0.0835	0.0837	0.0891	0.0998	0.0745	0.0650	0.0613	0.0605	0.0623	0.0687	0.0818
1011	0.1187	0.1199	0.1171	0.1198	0.1191	0.1151	0.1127	0.1130	0.1173	0.1150	0.1063	0.1011	0.0998	0.1038	0.1111	0.0925	0.0856	0.0838	0.0837	0.0891	0.0999	0.0744	0.0646	0.0612	0.0605	0.0620	0.0692	0.0820
1012	0.1190	0.1195	0.1173	0.1201	0.1193	0.1156	0.1129	0.1129	0.1176	0.1150	0.1060	0.1011	0.1000	0.1037	0.1112	0.0930	0.0855	0.0840	0.0840	0.0892	0.1002	0.0744	0.0647	0.0613	0.0605	0.0622	0.0698	0.0820
1013	0.1192	0.1193	0.1175	0.1204	0.1192	0.1160	0.1130	0.1129	0.1179	0.1150	0.1058	0.1011	0.1003	0.1035	0.1114	0.0933	0.0854	0.0840	0.0844	0.0892	0.1004	0.0744	0.0648	0.0612	0.0604	0.0623	0.0702	0.0820
1014	0.1192	0.1193	0.1176	0.1205	0.1189	0.1159	0.1125	0.1129	0.1179	0.1150	0.1057	0.1010	0.1004	0.1035	0.1117	0.0933	0.0852	0.0838	0.0844	0.0888	0.1004	0.0743	0.0646	0.0609	0.0603	0.0626	0.0699	0.0819
1015	0.1192	0.1191	0.1178	0.1206	0.1186	0.1158	0.1120	0.1130	0.1178	0.1150	0.1057	0.1009	0.1005	0.1035	0.1117	0.0932	0.0850	0.0834	0.0842	0.0886	0.1004	0.0743	0.0646	0.0607	0.0603	0.0628	0.0693	0.0819
1016	0.1192	0.1191	0.1180	0.1206	0.1189	0.1158	0.1121	0.1132	0.1179	0.1153	0.1055	0.1013	0.1004	0.1037	0.1115	0.0931	0.0852	0.0833	0.0841	0.0890	0.1004	0.0743	0.0650	0.0607	0.0602	0.0630	0.0689	0.0821
1017	0.1192	0.1193	0.1183	0.1207	0.1192	0.1157	0.1125	0.1135	0.1180	0.1157	0.1054	0.1016	0.1004	0.1041	0.1113	0.0932	0.0855	0.0833	0.0840	0.0896	0.1004	0.0744	0.0653	0.0608	0.0601	0.0631	0.0688	0.0823
1018	0.1194	0.1195	0.1184	0.1209	0.1197	0.1156	0.1128	0.1136	0.1179	0.1157	0.1056	0.1014	0.1007	0.1043	0.1118	0.0933	0.0857	0.0834	0.0841	0.0898	0.1005	0.0747	0.0653	0.0608	0.0602	0.0632	0.0688	0.0823
1019	0.1196	0.1197	0.1182	0.1210	0.1200	0.1157	0.1130	0.1136	0.1178	0.1157	0.1058	0.1012	0.1010	0.1043	0.1124	0.0934	0.0861	0.0835	0.0842	0.0899	0.1004	0.0751	0.0651	0.0609	0.0603	0.0632	0.0686	0.0822
1020	0.1198	0.1198	0.1181	0.1209	0.1200	0.1156	0.1129	0.1134	0.1178	0.1158	0.1060	0.1013	0.1011	0.1040	0.1123	0.0931	0.0864	0.0835	0.0844	0.0898	0.1004	0.0753	0.0652	0.0612	0.0605	0.0629	0.0689	0.0823
1021	0.1199	0.1198	0.1182	0.1209	0.1201	0.1156	0.1125	0.1134	0.1179	0.1159	0.1062	0.1013	0.1012	0.1038	0.1121	0.0931	0.0864	0.0834	0.0847	0.0895	0.1005	0.0754	0.0656	0.0616	0.0609	0.0626	0.0695	0.0824
1022	0.1198	0.1197	0.1182	0.1207	0.1197	0.1157	0.1121	0.1134	0.1179	0.1160	0.1064	0.1013	0.1011	0.1037	0.1120	0.0932	0.0865	0.0832	0.0849	0.0894	0.1007	0.0754	0.0659	0.0617	0.0612	0.0626	0.0699	0.0826
1023	0.1196	0.1198	0.1180	0.1205	0.1192	0.1159	0.1122	0.1134	0.1179	0.1160	0.1065	0.1014	0.1011	0.1037	0.1118	0.0931	0.0867	0.0832	0.0850	0.0894	0.1004	0.0752	0.0658	0.0617	0.0614	0.0628	0.0700	0.0830
1024	0.1196	0.1200	0.1182	0.1208	0.1194	0.1160	0.1123	0.1136	0.1181	0.1159	0.1065	0.1014	0.1011	0.1038	0.1117	0.0932	0.0869	0.0835	0.0851	0.0893	0.1004	0.0750	0.0658	0.0618	0.0614	0.0631	0.0700	0.0829
1025	0.1196	0.1206	0.1183	0.1210	0.1195	0.1159	0.1125	0.1138	0.1182	0.1157	0.1062	0.1014	0.1012	0.1040	0.1119	0.0935	0.0868	0.0837	0.0850	0.0895	0.1008	0.0749	0.0658	0.0617	0.0610	0.0632	0.0700	0.0827
1026	0.1196	0.1209	0.1182	0.1208	0.1196	0.1159	0.1128	0.1138	0.1181	0.1156	0.1059	0.1015	0.1014	0.1043	0.1120	0.0937	0.0866	0.0839	0.0851	0.0897	0.1010	0.0749	0.0658	0.0615	0.0608	0.0632	0.0701	0.0828
1027	0.1196	0.1209	0.1183	0.1205	0.1196	0.1161	0.1131	0.1138	0.1184	0.1157	0.1060	0.1018	0.1016	0.1046	0.1119	0.0936	0.0864	0.0838	0.0853	0.0897	0.1011	0.0749	0.0658	0.0614	0.0606	0.0634	0.0702	0.0828
1028	0.1196	0.1206	0.1183	0.1206	0.1196	0.1162	0.1133	0.1139	0.1186	0.1158	0.1062	0.1021	0.1017	0.1047	0.1119	0.0935	0.0863	0.0836	0.0853	0.0898	0.1014	0.0750	0.0659	0.0614	0.0605	0.0637	0.0701	0.0827
1029	0.1196	0.1200	0.1183	0.1210	0.1197	0.1164	0.1133	0.1141	0.1185	0.1161	0.1064	0.1020	0.1018	0.1047	0.1120	0.0935	0.0865	0.0836	0.0853	0.0899	0.1014	0.0752	0.0659	0.0614	0.0606	0.0637	0.0699	0.0826
1030	0.1197	0.1198	0.1184	0.1214	0.1199	0.1166	0.1131	0.1143	0.1184	0.1164	0.1065	0.1020	0.1017	0.1047	0.1120	0.0936	0.0867	0.0839	0.0853	0.0900	0.1014	0.0754	0.0657	0.0615	0.0609	0.0638	0.0698	0.0827
1031	0.1199	0.1202	0.1187	0.1215	0.1199	0.1166	0.1130	0.1143	0.1187	0.1164	0.1065	0.1017	0.1015	0.1046	0.1121	0.0936	0.0865	0.0841	0.0855	0.0900	0.1016	0.0752	0.0655	0.0616	0.0613	0.0637	0.0698	0.0828
1032	0.1199	0.1205	0.1190	0.1215	0.1199	0.1166	0.1130	0.1144	0.1189	0.1163	0.1066	0.1015	0.1014	0.1046	0.1124	0.0936	0.0862	0.0842	0.0858	0.0899	0.1019	0.0750	0.0655	0.0615	0.0615	0.0637	0.0699	0.0830
1033	0.1196	0.1204	0.1190	0.1213	0.1200	0.1167	0.1130	0.1144	0.1189	0.1162	0.1066	0.1015	0.1013	0.1046	0.1126	0.0937	0.0861	0.0842	0.0858	0.0899	0.1018	0.0750	0.0656	0.0614	0.0613	0.0638	0.0701	0.0831
1034	0.1194	0.1202	0.1189	0.1212	0.1203	0.1170	0.1130	0.1143	0.1187	0.1163	0.1066	0.1014	0.1012	0.1045	0.1126	0.0936	0.0862	0.0842	0.0855	0.0899	0.1018	0.0749	0.0657	0.0615	0.0611	0.0640	0.0703	0.0833
1035	0.1194	0.1206	0.1190	0.1212	0.1208	0.1173	0.1133	0.1142	0.1187	0.1164	0.1067	0.1015	0.1013	0.1044	0.1126	0.0936	0.0863	0.0841	0.0853	0.0901	0.1019	0.0750	0.0658	0.0616	0.0609	0.0642	0.0701	0.0835
1036	0.1194	0.1210	0.1192	0.1211	0.1210	0.1173	0.1136	0.1141	0.1188	0.1164	0.1067	0.1016	0.1014	0.1043	0.1125	0.0937	0.0865	0.0839	0.0853	0.0903	0.1020	0.0754	0.0661	0.0616	0.0607	0.0641	0.0698	0.0834
1037	0.1195	0.1210	0.1194	0.1209	0.1208	0.1172	0.1136	0.1140	0.1187	0.1163	0.1069	0.1016	0.1016	0.1042	0.1125	0.0937	0.0863	0.0839	0.0853	0.0905	0.1019	0.0752	0.0663	0.0618	0.0610	0.0639	0.0696	0.0832
1038	0.1197	0.1211	0.1194	0.1210	0.1205	0.1171	0.1135	0.1138	0.1187	0.1161	0.1072	0.1016	0.1019	0.1041	0.1125	0.0935	0.0861	0.0842	0.0851	0.0909	0.1017	0.0749	0.0663	0.0620	0.0613	0.0639	0.0697	0.0831
1039	0.1198	0.1212	0.1195	0.1212	0.1204	0.1170	0.1133	0.1137	0.1187	0.1160	0.1072	0.1018	0.1020	0.1042	0.1125	0.0937	0.0863	0.0842	0.0849	0.0909	0.1016	0.0748	0.0662	0.0620	0.0614	0.0637	0.0700	0.0833
1040	0.1199	0.1212	0.1194	0.1214	0.1203	0.1167	0.1133	0.1140	0.1190	0.1164	0.1071	0.1019	0.1019	0.1044	0.1126	0.0938	0.0867	0.0842	0.0849	0.0906	0.1017	0.0750	0.0659	0.0620	0.0615	0.0637	0.0704	0.0834
1041	0.1199	0.1212	0.1192	0.1216	0.1201	0.1168	0.1135	0.1142	0.1194	0.1167	0.1070	0.1019	0.1017	0.1046	0.1128	0.0937	0.0869	0.0843	0.0851	0.0905	0.1017	0.0753	0.0658	0.0621	0.0615	0.0640	0.0706	0.0835
1042	0.1198	0.1212	0.1191	0.1216	0.1201	0.1169	0.1134	0.1143	0.1193	0.1167	0.1070	0.1018	0.1015	0.1048	0.1127	0.0937	0.0869	0.0839	0.0853	0.0905	0.1016	0.0753	0.0657	0.0621	0.0612	0.0641	0.0705	0.0834
1043	0.1199	0.1210	0.1191	0.1216	0.1203	0.1168	0.1133	0.1145	0.1191	0.1166	0.1070	0.1019	0.1013	0.1049	0.1126	0.0935	0.0866	0.0835	0.0855	0.0906	0.1017	0.0754	0.0654	0.0621	0.0611	0.0640	0.0705	0.0833
1044	0.1201	0.1209	0.1193	0.1216	0.1202	0.1169	0.1135	0.1146	0.1191	0.1165	0.1071	0.1019	0.1014	0.1050	0.1128	0.0934	0.0864	0.0836	0.0856	0.0905	0.1022	0.0755	0.0655	0.0621	0.0611	0.0641	0.0704	0.0835
1045	0.1205	0.1209	0.1194	0.1215	0.1203	0.1170	0.1138	0.1146	0.1191	0.1164	0.1071	0.1018	0.1015	0.1051	0.1131	0.0934	0.0864	0.0838	0.0855	0.0905	0.1026	0.0756	0.0658	0.0622	0.0611	0.0643	0.0703	0.0838
1046	0.1207	0.1210	0.1194	0.1216	0.1205	0.1170	0.1137	0.1147	0.1192	0.1163	0.1070	0.1018	0.1017	0.1053	0.1133	0.0934	0.0867	0.0841	0.0856	0.0906	0.1026	0.0755	0.0659	0.0623	0.0611	0.0643	0.0703	0.0839
1047	0.1208	0.1210	0.1195	0.1217	0.1205	0.1169	0.1136	0.1148	0.1192	0.1165	0.1070	0.1019	0.1018	0.1055	0.1133	0.0935	0.0868	0.0845	0.0857	0.0906	0.1025	0.0754	0.0659	0.0623	0.0611	0.0642	0.0703	0.0839
1048	0.1208	0.1212	0.1194	0.1218	0.1204	0.1169	0.1138	0.1147	0.1193	0.1168	0.1070	0.1021	0.1020	0.1053	0.1131	0.0937	0.0869	0.0846	0.0858	0.0906	0.1026	0.0754	0.0659	0.0624	0.0612	0.0642	0.0703	0.0838
1049	0.1209	0.1213	0.1192	0.1219	0.1204	0.1169	0.1141	0.1145	0.1193	0.1170	0.1070	0.1021	0.1022	0.1051	0.1130	0.0939	0.0871	0.0845	0.0859	0.0906	0.1027	0.0754	0.0657	0.0625	0.0614	0.0642	0.0704	0.0837
1050	0.1209	0.1214	0.1192	0.1221	0.1204	0.1170	0.1143	0.1145	0.1193	0.1168	0.1069	0.1021	0.1022	0.1052	0.1131	0.0939	0.0870	0.0844	0.0860	0.0905	0.1027	0.0753	0.0656	0.0625	0.0617	0.0641	0.0704	0.0836
1051	0.1208	0.1215	0.1192	0.1222	0.1206	0.1172	0.1143	0.1145	0.1193	0.1165	0.1069	0.1020	0.1022	0.1054	0.1132	0.0938	0.0869	0.0845	0.0861	0.0906	0.1027	0.0751	0.0655	0.0625	0.0618	0.0640	0.0706	0.0836
1052	0.1207	0.1216	0.1192	0.1222	0.1209	0.1173	0.1141	0.1143	0.1192	0.1165	0.1070	0.1021	0.1023	0.1054	0.1132	0.0940	0.0867	0.0847	0.0860	0.0907	0.1029	0.0750	0.0656	0.0625	0.0617	0.0641	0.0706	0.0834
1053	0.1208	0.1215	0.1193	0.1220	0.1209	0.1173	0.1138	0.1144	0.1193	0.1165	0.1070	0.1024	0.1024	0.1053	0.1133	0.0942	0.0867	0.0846	0.0860	0.0906	0.1029	0.0750	0.0658	0.0627	0.0615	0.0642	0.0705	0.0834
1054	0.1208	0.1213	0.1194	0.1220	0.1208	0.1174	0.1138	0.1146	0.1192	0.1166	0.1069	0.1026	0.1024	0.1054	0.1133	0.0943	0.0868	0.0845	0.0859	0.0906	0.1026	0.0752	0.0659	0.0624	0.0613	0.0642	0.0706	0.0839
1055	0.1208	0.1213	0.1193	0.1219	0.1208	0.1174	0.1138	0.1147	0.1192	0.1167	0.1067	0.1025	0.1023	0.1057	0.1132	0.0943	0.0870	0.0845	0.0861	0.0907	0.1026	0.0756	0.0659	0.0622	0.0615	0.0641	0.0707	0.0842
1056	0.1209	0.1214	0.1194	0.1216	0.1208	0.1172	0.1139	0.1147	0.1194	0.1167	0.1067	0.1023	0.1024	0.1057	0.1130	0.0942	0.0872	0.0846	0.0863	0.0909	0.1025	0.0756	0.0658	0.0623	0.0616	0.0640	0.0706	0.0841
1057	0.1210	0.1215	0.1195	0.1216	0.1209	0.1174	0.1141	0.1149	0.1195	0.1167	0.1068	0.1023	0.1026	0.1058	0.1130	0.0943	0.0875	0.0846	0.0862	0.0912	0.1027	0.0756	0.0660	0.0623	0.0618	0.0641	0.0705	0.0839
1058	0.1209	0.1215	0.1195	0.1218	0.1210	0.1176	0.1144	0.1151	0.1195	0.1167	0.1070	0.1023	0.1026	0.1059	0.1132	0.0944	0.0875	0.0846	0.0863	0.0914	0.1027	0.0757	0.0661	0.0624	0.0619	0.0641	0.0704	0.0839
1059	0.1209	0.1214	0.1196	0.1221	0.1210	0.1175	0.1145	0.1152	0.1197	0.1167	0.1073	0.1024	0.1025	0.1058	0.1134	0.0942	0.0874	0.0847	0.0863	0.0916	0.1026	0.0757	0.0660	0.0625	0.0619	0.0641	0.0705	0.0839
1060	0.1209	0.1217	0.1199	0.1223	0.1210	0.1174	0.1143	0.1150	0.1199	0.1170	0.1073	0.1023	0.1026	0.1056	0.1134	0.0940	0.0875	0.0846	0.0862	0.0916	0.1027	0.0757	0.0660	0.0625	0.0617	0.0642	0.0706	0.0840
1061	0.1210	0.1218	0.1202	0.1222	0.1210	0.1174	0.1142	0.1149	0.1201	0.1172	0.1071	0.1024	0.1027	0.1057	0.1134	0.0940	0.0875	0.0846	0.0861	0.0915	0.1028	0.0758	0.0662	0.0624	0.0618	0.0643	0.0707	0.0842
1062	0.1211	0.1219	0.1203	0.1222	0.1210	0.1173	0.1141	0.1148	0.1203	0.1171	0.1071	0.1025	0.1027	0.1060	0.1135	0.0942	0.0875	0.0847	0.0860	0.0915	0.1027	0.0759	0.0663	0.0626	0.0620	0.0644	0.0707	0.0843
1063	0.1213	0.1219	0.1201	0.1223	0.1211	0.1173	0.1141	0.1149	0.1204	0.1169	0.1073	0.1026	0.1026	0.1060	0.1137	0.0942	0.0874	0.0848	0.0859	0.0915	0.1028	0.0761	0.0664	0.0629	0.0619	0.0646	0.0706	0.0845
1064	0.1214	0.1218	0.1200	0.1224	0.1213	0.1174	0.1140	0.1151	0.1204	0.1170	0.1074	0.1027	0.1026	0.1059	0.1139	0.0943	0.0873	0.0848	0.0861	0.0915	0.1029	0.0762	0.0663	0.0630	0.0617	0.0646	0.0708	0.0845
1065	0.1214	0.1217	0.1200	0.1224	0.1216	0.1175	0.1140	0.1152	0.1203	0.1170	0.1074	0.1029	0.1026	0.1059	0.1139	0.0943	0.0872	0.0849	0.0863	0.0914	0.1029	0.0761	0.0662	0.0629	0.0616	0.0644	0.0710	0.0845
1066	0.1215	0.1217	0.1199	0.1226	0.1218	0.1177	0.1141	0.1153	0.1202	0.1170	0.1074	0.1031	0.1027	0.1061	0.1139	0.0944	0.0872	0.0851	0.0864	0.0913	0.1029	0.0759	0.0662	0.0627	0.0618	0.0643	0.0712	0.0846
1067	0.1214	0.1216	0.1199	0.1227	0.1218	0.1179	0.1143	0.1153	0.1201	0.1171	0.1075	0.1032	0.1027	0.1063	0.1139	0.0945	0.0871	0.0852	0.0863	0.0912	0.1030	0.0757	0.0662	0.0626	0.0619	0.0645	0.0712	0.0847
1068	0.1214	0.1215	0.1200	0.1226	0.1217	0.1180	0.1142	0.1153	0.1201	0.1171	0.1076	0.1032	0.1027	0.1062	0.1140	0.0947	0.0871	0.0852	0.0863	0.0913	0.1031	0.0755	0.0664	0.0626	0.0618	0.0646	0.0712	0.0847
1069	0.1215	0.1215	0.1199	0.1225	0.1216	0.1179	0.1141	0.1153	0.1201	0.1172	0.1077	0.1032	0.1027	0.1060	0.1140	0.0947	0.0872	0.0853	0.0864	0.0916	0.1032	0.0755	0.0665	0.0627	0.0619	0.0647	0.0711	0.0847
1070	0.1217	0.1217	0.1199	0.1224	0.1215	0.1180	0.1141	0.1154	0.1201	0.1174	0.1079	0.1031	0.1028	0.1059	0.1139	0.0945	0.0875	0.0854	0.0864	0.0917	0.1035	0.0755	0.0664	0.0628	0.0620	0.0648	0.0709	0.0845
1071	0.1218	0.1220	0.1199	0.1227	0.1213	0.1180	0.1140	0.1155	0.1201	0.1175	0.1081	0.1032	0.1030	0.1060	0.1139	0.0945	0.0876	0.0854	0.0865	0.0919	0.1036	0.0756	0.0663	0.0628	0.0621	0.0648	0.0711	0.0846
1072	0.1216	0.1222	0.1199	0.1229	0.1212	0.1179	0.1141	0.1157	0.1203	0.1175	0.1082	0.1034	0.1032	0.1059	0.1140	0.0946	0.0876	0.0852	0.0866	0.0921	0.1036	0.0758	0.0664	0.0628	0.0622	0.0646	0.0714	0.0848
1073	0.1215	0.1224	0.1199	0.1229	0.1212	0.1179	0.1143	0.1159	0.1206	0.1175	0.1082	0.1034	0.1033	0.1060	0.1143	0.0946	0.0876	0.0850	0.0868	0.0922	0.1037	0.0759	0.0664	0.0630	0.0623	0.0646	0.0715	0.0848
1074	0.1214	0.1226	0.1201	0.1230	0.1211	0.1179	0.1145	0.1160	0.1207	0.1176	0.1080	0.1033	0.1035	0.1060	0.1143	0.0946	0.0875	0.0850	0.0869	0.0920	0.1038	0.0760	0.0664	0.0633	0.0623	0.0648	0.0713	0.0848
1075	0.1213	0.1227	0.1201	0.1230	0.1211	0.1180	0.1147	0.1160	0.1207	0.1177	0.1079	0.1032	0.1036	0.1062	0.1143	0.0946	0.0875	0.0851	0.0868	0.0920	0.1040	0.0761	0.0663	0.0633	0.0623	0.0650	0.0713	0.0849
1076	0.1213	0.1227	0.1201	0.1229	0.1213	0.1180	0.1149	0.1160	0.1207	0.1178	0.1080	0.1032	0.1037	0.1065	0.1142	0.0946	0.0877	0.0853	0.0867	0.0919	0.1040	0.0763	0.0663	0.0631	0.0621	0.0652	0.0713	0.0850
1077	0.1215	0.1226	0.1203	0.1229	0.1216	0.1180	0.1150	0.1160	0.1206	0.1178	0.1082	0.1033	0.1037	0.1066	0.1143	0.0946	0.0879	0.0853	0.0866	0.0920	0.1040	0.0762	0.0664	0.0630	0.0621	0.0652	0.0713	0.0852
1078	0.1215	0.1224	0.1204	0.1230	0.1217	0.1179	0.1150	0.1159	0.1205	0.1178	0.1082	0.1035	0.1036	0.1066	0.1144	0.0948	0.0879	0.0853	0.0866	0.0921	0.1040	0.0761	0.0664	0.0631	0.0621	0.0652	0.0711	0.0853
1079	0.1214	0.1222	0.1204	0.1231	0.1216	0.1179	0.1149	0.1160	0.1204	0.1179	0.1082	0.1036	0.1035	0.1066	0.1146	0.0949	0.0879	0.0855	0.0866	0.0923	0.1039	0.0762	0.0663	0.0632	0.0620	0.0652	0.0711	0.0853
1080	0.1214	0.1221	0.1204	0.1231	0.1215	0.1181	0.1148	0.1161	0.1203	0.1180	0.1081	0.1037	0.1035	0.1066	0.1148	0.0948	0.0878	0.0856	0.0868	0.0926	0.1037	0.0764	0.0662	0.0632	0.0621	0.0651	0.0712	0.0853
1081	0.1214	0.1221	0.1204	0.1233	0.1215	0.1182	0.1148	0.1162	0.1205	0.1180	0.1081	0.1037	0.1033	0.1066	0.1150	0.0947	0.0878	0.0856	0.0869	0.0927	0.1035	0.0765	0.0661	0.0632	0.0622	0.0649	0.0714	0.0855
1082	0.1216	0.1221	0.1206	0.1234	0.1216	0.1183	0.1150	0.1163	0.1208	0.1181	0.1082	0.1038	0.1033	0.1066	0.1151	0.0946	0.0879	0.0856	0.0869	0.0926	0.1035	0.0765	0.0663	0.0633	0.0622	0.0647	0.0716	0.0855
1083	0.1217	0.1221	0.1208	0.1234	0.1217	0.1183	0.1152	0.1162	0.1211	0.1181	0.1083	0.1039	0.1034	0.1066	0.1152	0.0946	0.0880	0.0855	0.0868	0.0925	0.1036	0.0765	0.0665	0.0634	0.0622	0.0648	0.0718	0.0856
1084	0.1216	0.1222	0.1208	0.1234	0.1218	0.1184	0.1152	0.1161	0.1212	0.1180	0.1083	0.1038	0.1036	0.1066	0.1151	0.0946	0.0880	0.0855	0.0869	0.0923	0.1038	0.0766	0.0667	0.0633	0.0622	0.0650	0.0719	0.0856
1085	0.1216	0.1221	0.1207	0.1236	0.1219	0.1184	0.1153	0.1161	0.1213	0.1179	0.1083	0.1037	0.1036	0.1066	0.1150	0.0947	0.0879	0.0854	0.0870	0.0922	0.1041	0.0766	0.0668	0.0633	0.0623	0.0651	0.0720	0.0857
1086	0.1216	0.1221	0.1205	0.1238	0.1219	0.1184	0.1153	0.1163	0.1213	0.1178	0.1084	0.1036	0.1036	0.1066	0.1152	0.0947	0.0880	0.0854	0.0872	0.0923	0.1041	0.0764	0.0667	0.0633	0.0623	0.0651	0.0722	0.0858
1087	0.1217	0.1221	0.1206	0.1239	0.1219	0.1184	0.1153	0.1164	0.1215	0.1179	0.1084	0.1037	0.1037	0.1066	0.1152	0.0948	0.0881	0.0854	0.0872	0.0925	0.1042	0.0764	0.0666	0.0634	0.0623	0.0652	0.0723	0.0860
1088	0.1217	0.1222	0.1208	0.1237	0.1218	0.1184	0.1155	0.1166	0.1216	0.1179	0.1084	0.1039	0.1037	0.1068	0.1151	0.0948	0.0882	0.0855	0.0873	0.0927	0.1043	0.0765	0.0666	0.0636	0.0623	0.0653	0.0722	0.0861
1089	0.1218	0.1224	0.1208	0.1236	0.1218	0.1185	0.1154	0.1167	0.1216	0.1178	0.1082	0.1039	0.1037	0.1069	0.1151	0.0948	0.0883	0.0856	0.0873	0.0927	0.1046	0.0765	0.0667	0.0636	0.0625	0.0653	0.0723	0.0862
1090	0.1219	0.1225	0.1206	0.1235	0.1218	0.1186	0.1153	0.1167	0.1215	0.1180	0.1083	0.1038	0.1037	0.1069	0.1150	0.0948	0.0883	0.0857	0.0872	0.0925	0.1049	0.0764	0.0668	0.0634	0.0626	0.0654	0.0723	0.0861
1091	0.1219	0.1228	0.1206	0.1235	0.1219	0.1186	0.1153	0.1167	0.1215	0.1181	0.1084	0.1039	0.1038	0.1069	0.1150	0.0949	0.0883	0.0859	0.0872	0.0925	0.1049	0.0764	0.0669	0.0634	0.0625	0.0654	0.0723	0.0861
1092	0.1220	0.1229	0.1207	0.1236	0.1220	0.1186	0.1154	0.1166	0.1216	0.1182	0.1085	0.1039	0.1039	0.1069	0.1152	0.0951	0.0883	0.0858	0.0875	0.0926	0.1050	0.0765	0.0669	0.0634	0.0624	0.0654	0.0722	0.0861
1093	0.1221	0.1227	0.1208	0.1237	0.1222	0.1185	0.1154	0.1165	0.1215	0.1183	0.1085	0.1039	0.1039	0.1070	0.1152	0.0952	0.0882	0.0858	0.0876	0.0927	0.1050	0.0766	0.0667	0.0633	0.0623	0.0654	0.0721	0.0861
1094	0.1221	0.1228	0.1210	0.1238	0.1223	0.1185	0.1155	0.1164	0.1215	0.1185	0.1086	0.1040	0.1038	0.1072	0.1153	0.0952	0.0883	0.0858	0.0875	0.0929	0.1050	0.0765	0.0667	0.0632	0.0622	0.0654	0.0723	0.0861
1095	0.1221	0.1231	0.1211	0.1238	0.1223	0.1185	0.1157	0.1164	0.1215	0.1186	0.1085	0.1039	0.1038	0.1074	0.1155	0.0953	0.0884	0.0859	0.0874	0.0930	0.1051	0.0766	0.0667	0.0632	0.0622	0.0653	0.0724	0.0861
1096	0.1220	0.1231	0.1211	0.1239	0.1224	0.1186	0.1157	0.1165	0.1216	0.1185	0.1085	0.1038	0.1039	0.1076	0.1156	0.0954	0.0884	0.0861	0.0875	0.0931	0.1051	0.0767	0.0667	0.0632	0.0622	0.0653	0.0723	0.0861
1097	0.1220	0.1230	0.1211	0.1239	0.1224	0.1187	0.1158	0.1167	0.1217	0.1184	0.1085	0.1037	0.1040	0.1077	0.1156	0.0954	0.0884	0.0861	0.0877	0.0932	0.1051	0.0769	0.0668	0.0632	0.0622	0.0654	0.0723	0.0862
1098	0.1219	0.1230	0.1212	0.1240	0.1223	0.1186	0.1157	0.1168	0.1216	0.1183	0.1085	0.1039	0.1040	0.1079	0.1156	0.0954	0.0884	0.0860	0.0879	0.0934	0.1052	0.0771	0.0669	0.0631	0.0622	0.0655	0.0723	0.0863
1099	0.1219	0.1230	0.1213	0.1240	0.1223	0.1186	0.1156	0.1169	0.1216	0.1182	0.1085	0.1041	0.1039	0.1080	0.1156	0.0954	0.0883	0.0860	0.0880	0.0935	0.1054	0.0771	0.0670	0.0631	0.0624	0.0656	0.0725	0.0863
1100	0.1221	0.1230	0.1213	0.1241	0.1224	0.1187	0.1156	0.1170	0.1219	0.1181	0.1085	0.1040	0.1041	0.1079	0.1158	0.0955	0.0881	0.0860	0.0877	0.0935	0.1055	0.0768	0.0670	0.0633	0.0626	0.0656	0.0727	0.0863
1101	0.1223	0.1232	0.1214	0.1243	0.1225	0.1187	0.1156	0.1169	0.1221	0.1181	0.1085	0.1039	0.1042	0.1079	0.1159	0.0956	0.0882	0.0861	0.0875	0.0937	0.1054	0.0766	0.0670	0.0636	0.0628	0.0658	0.0728	0.0862
1102	0.1224	0.1233	0.1214	0.1244	0.1224	0.1188	0.1155	0.1169	0.1222	0.1182	0.1085	0.1040	0.1042	0.1079	0.1160	0.0956	0.0885	0.0863	0.0876	0.0937	0.1052	0.0765	0.0670	0.0637	0.0630	0.0659	0.0728	0.0862
1103	0.1225	0.1233	0.1214	0.1243	0.1225	0.1190	0.1157	0.1168	0.1224	0.1184	0.1086	0.1041	0.1042	0.1078	0.1161	0.0956	0.0887	0.0863	0.0878	0.0937	0.1052	0.0765	0.0669	0.0636	0.0630	0.0659	0.0729	0.0864
1104	0.1224	0.1231	0.1216	0.1243	0.1225	0.1189	0.1158	0.1169	0.1226	0.1186	0.1088	0.1042	0.1043	0.1078	0.1161	0.0955	0.0887	0.0863	0.0880	0.0937	0.1053	0.0766	0.0670	0.0635	0.0629	0.0658	0.0729	0.0865
1105	0.1223	0.1230	0.1218	0.1244	0.1224	0.1188	0.1159	0.1169	0.1226	0.1187	0.1090	0.1043	0.1043	0.1078	0.1161	0.0954	0.0886	0.0863	0.0879	0.0936	0.1053	0.0767	0.0670	0.0635	0.0629	0.0657	0.0728	0.0866
1106	0.1223	0.1231	0.1218	0.1245	0.1224	0.1187	0.1160	0.1170	0.1225	0.1188	0.1090	0.1044	0.1044	0.1080	0.1161	0.0952	0.0886	0.0864	0.0878	0.0937	0.1054	0.0767	0.0669	0.0635	0.0631	0.0658	0.0726	0.0866
1107	0.1224	0.1232	0.1219	0.1245	0.1223	0.1186	0.1160	0.1171	0.1226	0.1188	0.1090	0.1045	0.1045	0.1081	0.1162	0.0951	0.0886	0.0864	0.0878	0.0938	0.1056	0.0767	0.0669	0.0635	0.0631	0.0660	0.0726	0.0867
1108	0.1225	0.1233	0.1218	0.1246	0.1222	0.1187	0.1161	0.1173	0.1226	0.1188	0.1090	0.1045	0.1045	0.1080	0.1163	0.0952	0.0885	0.0864	0.0879	0.0939	0.1056	0.0768	0.0670	0.0633	0.0631	0.0660	0.0729	0.0867
1109	0.1226	0.1232	0.1216	0.1247	0.1223	0.1188	0.1161	0.1173	0.1225	0.1188	0.1090	0.1044	0.1045	0.1079	0.1164	0.0953	0.0886	0.0864	0.0879	0.0939	0.1056	0.0767	0.0671	0.0633	0.0630	0.0659	0.0730	0.0867
1110	0.1225	0.1231	0.1217	0.1248	0.1224	0.1188	0.1161	0.1173	0.1225	0.1189	0.1089	0.1043	0.1045	0.1080	0.1167	0.0952	0.0886	0.0866	0.0879	0.0939	0.1057	0.0767	0.0671	0.0634	0.0630	0.0658	0.0730	0.0869
1111	0.1227	0.1233	0.1220	0.1248	0.1224	0.1190	0.1162	0.1173	0.1227	0.1191	0.1087	0.1044	0.1046	0.1081	0.1168	0.0953	0.0886	0.0866	0.0881	0.0939	0.1058	0.0768	0.0671	0.0635	0.0629	0.0659	0.0729	0.0872
1112	0.1229	0.1235	0.1221	0.1247	0.1225	0.1193	0.1162	0.1173	0.1228	0.1192	0.1087	0.1045	0.1048	0.1082	0.1168	0.0954	0.0887	0.0865	0.0882	0.0939	0.1058	0.0768	0.0671	0.0637	0.0629	0.0661	0.0729	0.0874
1113	0.1229	0.1235	0.1219	0.1247	0.1228	0.1193	0.1162	0.1173	0.1228	0.1190	0.1089	0.1045	0.1051	0.1082	0.1168	0.0955	0.0887	0.0865	0.0883	0.0938	0.1059	0.0768	0.0671	0.0635	0.0630	0.0661	0.0730	0.0874
1114	0.1227	0.1236	0.1217	0.1247	0.1229	0.1193	0.1161	0.1172	0.1227	0.1189	0.1091	0.1045	0.1052	0.1082	0.1169	0.0956	0.0888	0.0866	0.0882	0.0938	0.1061	0.0769	0.0672	0.0633	0.0630	0.0660	0.0730	0.0873
1115	0.1227	0.1238	0.1218	0.1247	0.1228	0.1194	0.1161	0.1171	0.1228	0.1189	0.1092	0.1045	0.1051	0.1084	0.1170	0.0957	0.0888	0.0865	0.0881	0.0940	0.1061	0.0769	0.0674	0.0634	0.0630	0.0660	0.0730	0.0874
1116	0.1228	0.1238	0.1219	0.1247	0.1226	0.1195	0.1162	0.1173	0.1228	0.1188	0.1093	0.1047	0.1050	0.1085	0.1171	0.0958	0.0888	0.0865	0.0882	0.0941	0.1061	0.0769	0.0676	0.0635	0.0631	0.0660	0.0731	0.0876
1117	0.1227	0.1238	0.1220	0.1249	0.1227	0.1194	0.1162	0.1174	0.1229	0.1188	0.1094	0.1047	0.1050	0.1085	0.1172	0.0959	0.0887	0.0865	0.0882	0.0942	0.1062	0.0769	0.0676	0.0633	0.0631	0.0661	0.0731	0.0876
1118	0.1227	0.1238	0.1221	0.1253	0.1227	0.1192	0.1162	0.1174	0.1229	0.1188	0.1095	0.1047	0.1050	0.1084	0.1173	0.0960	0.0887	0.0865	0.0883	0.0943	0.1065	0.0769	0.0676	0.0632	0.0632	0.0663	0.0731	0.0876
1119	0.1228	0.1237	0.1221	0.1252	0.1227	0.1191	0.1162	0.1175	0.1230	0.1188	0.1096	0.1047	0.1048	0.1085	0.1172	0.0961	0.0887	0.0866	0.0884	0.0943	0.1066	0.0769	0.0676	0.0633	0.0633	0.0664	0.0732	0.0875
1120	0.1228	0.1237	0.1221	0.1250	0.1227	0.1191	0.1161	0.1177	0.1231	0.1187	0.1097	0.1047	0.1047	0.1086	0.1171	0.0961	0.0887	0.0866	0.0885	0.0943	0.1067	0.0770	0.0677	0.0635	0.0635	0.0664	0.0732	0.0874
1121	0.1229	0.1238	0.1222	0.1250	0.1229	0.1193	0.1162	0.1178	0.1232	0.1187	0.1095	0.1047	0.1048	0.1086	0.1170	0.0960	0.0887	0.0866	0.0885	0.0941	0.1066	0.0769	0.0675	0.0635	0.0635	0.0664	0.0733	0.0873
1122	0.1229	0.1239	0.1222	0.1253	0.1231	0.1196	0.1164	0.1179	0.1233	0.1188	0.1093	0.1047	0.1048	0.1086	0.1171	0.0960	0.0887	0.0866	0.0885	0.0939	0.1066	0.0769	0.0674	0.0635	0.0635	0.0663	0.0733	0.0874
1123	0.1229	0.1241	0.1223	0.1253	0.1233	0.1198	0.1166	0.1179	0.1232	0.1189	0.1092	0.1047	0.1047	0.1086	0.1173	0.0962	0.0888	0.0866	0.0885	0.0940	0.1067	0.0771	0.0674	0.0634	0.0635	0.0663	0.0733	0.0876
1124	0.1227	0.1242	0.1225	0.1253	0.1233	0.1199	0.1167	0.1180	0.1230	0.1189	0.1092	0.1046	0.1047	0.1085	0.1172	0.0964	0.0888	0.0865	0.0885	0.0942	0.1068	0.0772	0.0674	0.0634	0.0635	0.0664	0.0733	0.0877
1125	0.1227	0.1242	0.1224	0.1253	0.1233	0.1200	0.1167	0.1180	0.1230	0.1188	0.1092	0.1046	0.1047	0.1084	0.1174	0.0963	0.0888	0.0867	0.0885	0.0943	0.1068	0.0772	0.0674	0.0634	0.0634	0.0666	0.0733	0.0879
1126	0.1228	0.1240	0.1222	0.1254	0.1233	0.1200	0.1167	0.1179	0.1230	0.1189	0.1094	0.1047	0.1046	0.1086	0.1176	0.0961	0.0889	0.0868	0.0884	0.0944	0.1067	0.0770	0.0673	0.0634	0.0633	0.0666	0.0733	0.0880
1127	0.1228	0.1238	0.1222	0.1254	0.1232	0.1199	0.1166	0.1178	0.1230	0.1191	0.1096	0.1048	0.1045	0.1088	0.1176	0.0959	0.0890	0.0868	0.0884	0.0946	0.1067	0.0769	0.0674	0.0634	0.0632	0.0665	0.0734	0.0878
1128	0.1228	0.1238	0.1222	0.1252	0.1231	0.1198	0.1165	0.1178	0.1231	0.1190	0.1095	0.1048	0.1046	0.1088	0.1177	0.0961	0.0891	0.0868	0.0884	0.0945	0.1067	0.0769	0.0674	0.0635	0.0634	0.0665	0.0734	0.0875
1129	0.1227	0.1237	0.1222	0.1251	0.1230	0.1198	0.1165	0.1178	0.1232	0.1190	0.1094	0.1047	0.1046	0.1089	0.1178	0.0962	0.0893	0.0869	0.0885	0.0944	0.1068	0.0770	0.0675	0.0635	0.0635	0.0665	0.0735	0.0874
1130	0.1229	0.1238	0.1222	0.1251	0.1232	0.1197	0.1165	0.1177	0.1232	0.1191	0.1094	0.1047	0.1048	0.1090	0.1178	0.0960	0.0892	0.0868	0.0885	0.0944	0.1067	0.0771	0.0677	0.0634	0.0633	0.0665	0.0736	0.0875
1131	0.1230	0.1238	0.1222	0.1250	0.1234	0.1198	0.1165	0.1176	0.1232	0.1192	0.1095	0.1047	0.1049	0.1090	0.1178	0.0959	0.0891	0.0868	0.0884	0.0943	0.1065	0.0772	0.0678	0.0634	0.0632	0.0665	0.0736	0.0877
1132	0.1230	0.1238	0.1222	0.1249	0.1234	0.1198	0.1165	0.1177	0.1232	0.1191	0.1096	0.1047	0.1049	0.1087	0.1177	0.0960	0.0891	0.0867	0.0883	0.0943	0.1065	0.0773	0.0678	0.0634	0.0631	0.0665	0.0736	0.0878
1133	0.1230	0.1238	0.1222	0.1249	0.1234	0.1198	0.1165	0.1178	0.1233	0.1190	0.1096	0.1047	0.1050	0.1085	0.1176	0.0961	0.0893	0.0867	0.0882	0.0943	0.1066	0.0773	0.0677	0.0634	0.0632	0.0664	0.0736	0.0880
1134	0.1230	0.1238	0.1221	0.1250	0.1236	0.1199	0.1165	0.1178	0.1234	0.1190	0.1097	0.1047	0.1050	0.1084	0.1176	0.0961	0.0892	0.0868	0.0882	0.0944	0.1067	0.0773	0.0677	0.0633	0.0633	0.0665	0.0735	0.0880
1135	0.1229	0.1238	0.1220	0.1251	0.1236	0.1199	0.1164	0.1177	0.1234	0.1189	0.1098	0.1047	0.1050	0.1085	0.1176	0.0960	0.0891	0.0869	0.0883	0.0944	0.1067	0.0772	0.0676	0.0632	0.0634	0.0666	0.0734	0.0880
1136	0.1230	0.1239	0.1220	0.1253	0.1235	0.1199	0.1164	0.1177	0.1235	0.1188	0.1097	0.1047	0.1049	0.1085	0.1177	0.0961	0.0889	0.0868	0.0884	0.0944	0.1068	0.0770	0.0676	0.0633	0.0635	0.0666	0.0734	0.0880
1137	0.1231	0.1239	0.1221	0.1254	0.1233	0.1198	0.1164	0.1178	0.1236	0.1187	0.1096	0.1047	0.1049	0.1086	0.1178	0.0962	0.0888	0.0867	0.0886	0.0944	0.1069	0.0769	0.0676	0.0633	0.0635	0.0666	0.0734	0.0878
1138	0.1231	0.1238	0.1220	0.1255	0.1232	0.1197	0.1165	0.1177	0.1237	0.1188	0.1094	0.1047	0.1049	0.1085	0.1177	0.0961	0.0889	0.0867	0.0887	0.0944	0.1068	0.0770	0.0676	0.0633	0.0633	0.0665	0.0733	0.0878
1139	0.1231	0.1237	0.1219	0.1255	0.1232	0.1195	0.1167	0.1177	0.1235	0.1189	0.1092	0.1047	0.1050	0.1085	0.1176	0.0960	0.0889	0.0867	0.0887	0.0945	0.1068	0.0769	0.0677	0.0633	0.0631	0.0663	0.0733	0.0878
1140	0.1231	0.1237	0.1221	0.1254	0.1230	0.1195	0.1165	0.1176	0.1235	0.1189	0.1091	0.1046	0.1050	0.1086	0.1175	0.0959	0.0888	0.0868	0.0885	0.0943	0.1069	0.0769	0.0677	0.0633	0.0631	0.0663	0.0733	0.0878
1141	0.1232	0.1238	0.1222	0.1252	0.1228	0.1195	0.1163	0.1175	0.1234	0.1187	0.1090	0.1046	0.1049	0.1087	0.1175	0.0959	0.0886	0.0869	0.0884	0.0941	0.1069	0.0769	0.0677	0.0634	0.0632	0.0662	0.0734	0.0877
1142	0.1232	0.1238	0.1222	0.1251	0.1228	0.1196	0.1162	0.1175	0.1234	0.1186	0.1090	0.1045	0.1049	0.1088	0.1174	0.0960	0.0886	0.0869	0.0884	0.0941	0.1070	0.0768	0.0677	0.0634	0.0632	0.0660	0.0734	0.0876
1143	0.1231	0.1236	0.1221	0.1250	0.1227	0.1195	0.1161	0.1174	0.1235	0.1186	0.1091	0.1044	0.1049	0.1089	0.1172	0.0959	0.0885	0.0869	0.0886	0.0940	0.1070	0.0767	0.0677	0.0633	0.0631	0.0659	0.0733	0.0875
1144	0.1231	0.1235	0.1220	0.1251	0.1227	0.1195	0.1160	0.1174	0.1234	0.1186	0.1090	0.1044	0.1048	0.1089	0.1170	0.0957	0.0884	0.0869	0.0886	0.0939	0.1069	0.0766	0.0676	0.0633	0.0630	0.0659	0.0733	0.0875
1145	0.1231	0.1235	0.1220	0.1251	0.1227	0.1196	0.1161	0.1175	0.1233	0.1187	0.1090	0.1045	0.1048	0.1087	0.1168	0.0957	0.0884	0.0870	0.0884	0.0936	0.1068	0.0766	0.0677	0.0633	0.0631	0.0659	0.0734	0.0877
1146	0.1232	0.1234	0.1219	0.1250	0.1227	0.1197	0.1163	0.1175	0.1232	0.1187	0.1091	0.1046	0.1049	0.1086	0.1166	0.0957	0.0885	0.0870	0.0883	0.0936	0.1067	0.0767	0.0676	0.0633	0.0633	0.0660	0.0734	0.0877
1147	0.1233	0.1234	0.1218	0.1249	0.1228	0.1196	0.1163	0.1175	0.1230	0.1187	0.1092	0.1046	0.1049	0.1088	0.1166	0.0957	0.0887	0.0871	0.0883	0.0938	0.1067	0.0768	0.0676	0.0632	0.0634	0.0660	0.0735	0.0876
1148	0.1235	0.1234	0.1217	0.1248	0.1229	0.1196	0.1164	0.1174	0.1229	0.1187	0.1093	0.1045	0.1048	0.1090	0.1167	0.0957	0.0887	0.0870	0.0883	0.0939	0.1067	0.0769	0.0675	0.0632	0.0634	0.0660	0.0734	0.0875
1149	0.1235	0.1236	0.1218	0.1247	0.1229	0.1195	0.1163	0.1175	0.1231	0.1188	0.1093	0.1046	0.1048	0.1089	0.1168	0.0957	0.0885	0.0869	0.0882	0.0940	0.1067	0.0768	0.0675	0.0632	0.0634	0.0660	0.0733	0.0876
1150	0.1235	0.1237	0.1218	0.1247	0.1229	0.1194	0.1162	0.1175	0.1232	0.1188	0.1093	0.1045	0.1048	0.1087	0.1168	0.0958	0.0884	0.0868	0.0881	0.0941	0.1066	0.0768	0.0675	0.0631	0.0633	0.0660	0.0731	0.0877
1151	0.1235	0.1237	0.1219	0.1248	0.1229	0.1194	0.1161	0.1175	0.1232	0.1189	0.1093	0.1044	0.1047	0.1086	0.1169	0.0958	0.0885	0.0867	0.0881	0.0941	0.1066	0.0767	0.0675	0.0631	0.0632	0.0660	0.0732	0.0876
1152	0.1234	0.1237	0.1218	0.1249	0.1229	0.1193	0.1160	0.1175	0.1231	0.1190	0.1093	0.1043	0.1047	0.1085	0.1169	0.0958	0.0885	0.0867	0.0882	0.0940	0.1066	0.0766	0.0676	0.0631	0.0631	0.0659	0.0733	0.0875
1153	0.1234	0.1237	0.1218	0.1250	0.1230	0.1194	0.1159	0.1174	0.1229	0.1191	0.1093	0.1042	0.1047	0.1084	0.1170	0.0960	0.0884	0.0866	0.0881	0.0941	0.1066	0.0765	0.0677	0.0631	0.0630	0.0659	0.0733	0.0876
1154	0.1234	0.1239	0.1218	0.1250	0.1231	0.1195	0.1159	0.1173	0.1228	0.1190	0.1092	0.1042	0.1047	0.1083	0.1171	0.0961	0.0883	0.0865	0.0882	0.0941	0.1067	0.0765	0.0677	0.0632	0.0631	0.0659	0.0731	0.0877
1155	0.1234	0.1238	0.1218	0.1248	0.1231	0.1195	0.1159	0.1174	0.1228	0.1189	0.1094	0.1043	0.1047	0.1083	0.1173	0.0960	0.0884	0.0865	0.0882	0.0942	0.1067	0.0766	0.0677	0.0631	0.0632	0.0659	0.0730	0.0877
1156	0.1235	0.1238	0.1217	0.1247	0.1231	0.1195	0.1159	0.1174	0.1230	0.1187	0.1095	0.1043	0.1047	0.1083	0.1175	0.0959	0.0884	0.0865	0.0882	0.0943	0.1067	0.0768	0.0676	0.0631	0.0633	0.0659	0.0729	0.0876
1157	0.1235	0.1237	0.1218	0.1247	0.1231	0.1195	0.1160	0.1172	0.1231	0.1188	0.1094	0.1043	0.1047	0.1084	0.1176	0.0959	0.0884	0.0867	0.0882	0.0943	0.1067	0.0767	0.0675	0.0630	0.0632	0.0660	0.0728	0.0876
1158	0.1235	0.1236	0.1219	0.1247	0.1233	0.1194	0.1161	0.1172	0.1233	0.1189	0.1094	0.1043	0.1048	0.1085	0.1177	0.0957	0.0884	0.0868	0.0882	0.0942	0.1067	0.0766	0.0675	0.0630	0.0632	0.0661	0.0727	0.0876
1159	0.1234	0.1235	0.1220	0.1248	0.1234	0.1194	0.1161	0.1172	0.1233	0.1191	0.1096	0.1043	0.1048	0.1084	0.1177	0.0956	0.0884	0.0867	0.0881	0.0941	0.1067	0.0767	0.0675	0.0630	0.0632	0.0660	0.0727	0.0875
1160	0.1234	0.1235	0.1221	0.1248	0.1234	0.1193	0.1161	0.1173	0.1232	0.1192	0.1098	0.1045	0.1047	0.1084	0.1176	0.0955	0.0884	0.0867	0.0879	0.0940	0.1066	0.0768	0.0675	0.0630	0.0633	0.0660	0.0728	0.0875
1161	0.1234	0.1236	0.1221	0.1248	0.1234	0.1193	0.1161	0.1173	0.1232	0.1193	0.1097	0.1047	0.1046	0.1084	0.1175	0.0955	0.0885	0.0868	0.0879	0.0939	0.1067	0.0768	0.0674	0.0632	0.0633	0.0660	0.0729	0.0875
1162	0.1234	0.1237	0.1222	0.1247	0.1233	0.1194	0.1161	0.1174	0.1231	0.1193	0.1095	0.1049	0.1047	0.1085	0.1173	0.0956	0.0886	0.0869	0.0881	0.0938	0.1067	0.0769	0.0674	0.0633	0.0632	0.0662	0.0730	0.0875
1163	0.1235	0.1238	0.1223	0.1248	0.1231	0.1193	0.1162	0.1175	0.1232	0.1192	0.1093	0.1049	0.1046	0.1084	0.1174	0.0957	0.0887	0.0868	0.0881	0.0938	0.1067	0.0769	0.0675	0.0634	0.0633	0.0663	0.0731	0.0875
1164	0.1235	0.1238	0.1223	0.1250	0.1229	0.1192	0.1165	0.1175	0.1234	0.1192	0.1093	0.1050	0.1045	0.1083	0.1176	0.0958	0.0887	0.0868	0.0880	0.0937	0.1066	0.0769	0.0676	0.0633	0.0633	0.0662	0.0732	0.0876
1165	0.1236	0.1238	0.1222	0.1251	0.1229	0.1192	0.1167	0.1175	0.1234	0.1191	0.1094	0.1050	0.1046	0.1084	0.1177	0.0960	0.0888	0.0867	0.0881	0.0937	0.1066	0.0768	0.0677	0.0634	0.0632	0.0662	0.0733	0.0876
1166	0.1236	0.1237	0.1222	0.1251	0.1230	0.1193	0.1165	0.1176	0.1234	0.1191	0.1095	0.1048	0.1047	0.1086	0.1175	0.0961	0.0889	0.0868	0.0882	0.0938	0.1065	0.0767	0.0679	0.0635	0.0632	0.0662	0.0732	0.0876
1167	0.1236	0.1237	0.1223	0.1252	0.1230	0.1195	0.1164	0.1177	0.1233	0.1191	0.1094	0.1047	0.1047	0.1087	0.1174	0.0961	0.0890	0.0868	0.0882	0.0939	0.1065	0.0766	0.0680	0.0635	0.0633	0.0661	0.0730	0.0876
1168	0.1237	0.1236	0.1223	0.1254	0.1229	0.1197	0.1163	0.1175	0.1233	0.1191	0.1094	0.1047	0.1048	0.1088	0.1173	0.0961	0.0889	0.0868	0.0882	0.0938	0.1067	0.0766	0.0678	0.0636	0.0632	0.0660	0.0731	0.0875
1169	0.1238	0.1235	0.1223	0.1255	0.1229	0.1198	0.1162	0.1174	0.1234	0.1191	0.1094	0.1047	0.1049	0.1089	0.1173	0.0962	0.0888	0.0868	0.0883	0.0936	0.1068	0.0766	0.0676	0.0636	0.0632	0.0659	0.0731	0.0874
1170	0.1238	0.1236	0.1222	0.1254	0.1229	0.1199	0.1162	0.1174	0.1237	0.1192	0.1092	0.1047	0.1050	0.1089	0.1174	0.0963	0.0888	0.0869	0.0884	0.0936	0.1067	0.0767	0.0674	0.0635	0.0633	0.0658	0.0732	0.0875
1171	0.1237	0.1237	0.1222	0.1253	0.1230	0.1199	0.1162	0.1174	0.1238	0.1192	0.1090	0.1047	0.1051	0.1089	0.1175	0.0963	0.0888	0.0869	0.0884	0.0937	0.1067	0.0767	0.0672	0.0634	0.0633	0.0658	0.0732	0.0876
1172	0.1237	0.1238	0.1223	0.1255	0.1233	0.1199	0.1162	0.1174	0.1238	0.1192	0.1092	0.1047	0.1051	0.1089	0.1175	0.0961	0.0888	0.0869	0.0883	0.0937	0.1067	0.0768	0.0672	0.0634	0.0633	0.0660	0.0732	0.0876
1173	0.1237	0.1238	0.1224	0.1257	0.1235	0.1199	0.1162	0.1175	0.1237	0.1192	0.1093	0.1048	0.1050	0.1090	0.1174	0.0959	0.0889	0.0870	0.0883	0.0937	0.1067	0.0768	0.0673	0.0634	0.0632	0.0662	0.0733	0.0875
1174	0.1237	0.1238	0.1223	0.1257	0.1234	0.1199	0.1163	0.1174	0.1237	0.1193	0.1094	0.1049	0.1050	0.1089	0.1174	0.0960	0.0891	0.0869	0.0883	0.0938	0.1066	0.0767	0.0674	0.0635	0.0631	0.0663	0.0733	0.0875
1175	0.1238	0.1239	0.1223	0.1256	0.1234	0.1199	0.1163	0.1173	0.1238	0.1193	0.1095	0.1049	0.1050	0.1089	0.1175	0.0960	0.0894	0.0869	0.0884	0.0940	0.1065	0.0767	0.0675	0.0636	0.0630	0.0663	0.0734	0.0875
1176	0.1239	0.1239	0.1224	0.1256	0.1234	0.1199	0.1164	0.1176	0.1237	0.1193	0.1096	0.1049	0.1050	0.1089	0.1176	0.0961	0.0893	0.0869	0.0885	0.0941	0.1066	0.0769	0.0676	0.0637	0.0631	0.0663	0.0734	0.0876
1177	0.1240	0.1240	0.1225	0.1257	0.1235	0.1200	0.1165	0.1179	0.1236	0.1193	0.1097	0.1049	0.1050	0.1090	0.1177	0.0962	0.0893	0.0869	0.0887	0.0941	0.1067	0.0771	0.0676	0.0638	0.0631	0.0663	0.0733	0.0876
1178	0.1239	0.1242	0.1225	0.1257	0.1236	0.1200	0.1165	0.1180	0.1236	0.1193	0.1097	0.1048	0.1051	0.1089	0.1176	0.0963	0.0892	0.0869	0.0887	0.0942	0.1068	0.0772	0.0675	0.0638	0.0631	0.0663	0.0731	0.0876
1179	0.1238	0.1243	0.1225	0.1257	0.1238	0.1200	0.1165	0.1181	0.1235	0.1193	0.1097	0.1048	0.1052	0.1089	0.1175	0.0963	0.0890	0.0868	0.0886	0.0942	0.1070	0.0772	0.0675	0.0638	0.0631	0.0663	0.0730	0.0875
1180	0.1238	0.1243	0.1226	0.1257	0.1240	0.1200	0.1165	0.1181	0.1235	0.1194	0.1097	0.1049	0.1053	0.1089	0.1175	0.0964	0.0891	0.0868	0.0886	0.0943	0.1072	0.0773	0.0675	0.0638	0.0632	0.0662	0.0731	0.0875
1181	0.1238	0.1242	0.1227	0.1258	0.1240	0.1200	0.1166	0.1181	0.1235	0.1196	0.1097	0.1051	0.1053	0.1088	0.1176	0.0964	0.0892	0.0869	0.0886	0.0942	0.1074	0.0774	0.0675	0.0639	0.0633	0.0661	0.0733	0.0875
1182	0.1238	0.1242	0.1227	0.1258	0.1241	0.1200	0.1168	0.1182	0.1235	0.1196	0.1098	0.1051	0.1053	0.1088	0.1177	0.0963	0.0892	0.0870	0.0887	0.0943	0.1073	0.0774	0.0675	0.0640	0.0633	0.0662	0.0733	0.0875
1183	0.1239	0.1242	0.1227	0.1257	0.1242	0.1200	0.1169	0.1183	0.1236	0.1196	0.1100	0.1051	0.1052	0.1089	0.1177	0.0962	0.0891	0.0872	0.0888	0.0943	0.1071	0.0772	0.0673	0.0639	0.0633	0.0663	0.0731	0.0874
1184	0.1238	0.1243	0.1227	0.1258	0.1243	0.1200	0.1168	0.1184	0.1236	0.1195	0.1101	0.1051	0.1052	0.1088	0.1178	0.0962	0.0891	0.0872	0.0888	0.0944	0.1070	0.0772	0.0674	0.0638	0.0633	0.0663	0.0730	0.0874
1185	0.1238	0.1243	0.1228	0.1258	0.1242	0.1201	0.1168	0.1183	0.1234	0.1196	0.1101	0.1052	0.1053	0.1089	0.1177	0.0961	0.0890	0.0872	0.0886	0.0945	0.1070	0.0772	0.0675	0.0638	0.0631	0.0662	0.0731	0.0874
1186	0.1238	0.1245	0.1229	0.1258	0.1242	0.1201	0.1168	0.1182	0.1234	0.1197	0.1101	0.1052	0.1053	0.1089	0.1177	0.0961	0.0890	0.0872	0.0885	0.0946	0.1070	0.0772	0.0676	0.0639	0.0630	0.0662	0.0731	0.0875
1187	0.1242	0.1247	0.1229	0.1257	0.1241	0.1202	0.1168	0.1182	0.1235	0.1198	0.1101	0.1052	0.1054	0.1089	0.1179	0.0962	0.0890	0.0872	0.0883	0.0946	0.1070	0.0773	0.0677	0.0640	0.0630	0.0663	0.0731	0.0877
1188	0.1244	0.1249	0.1229	0.1257	0.1241	0.1202	0.1168	0.1182	0.1237	0.1198	0.1101	0.1052	0.1055	0.1089	0.1179	0.0964	0.0891	0.0872	0.0882	0.0946	0.1070	0.0774	0.0676	0.0641	0.0631	0.0663	0.0730	0.0878
1189	0.1243	0.1249	0.1231	0.1258	0.1242	0.1202	0.1169	0.1181	0.1239	0.1199	0.1101	0.1052	0.1055	0.1089	0.1177	0.0964	0.0891	0.0871	0.0884	0.0946	0.1071	0.0773	0.0676	0.0641	0.0632	0.0663	0.0731	0.0876
1190	0.1241	0.1250	0.1233	0.1260	0.1242	0.1202	0.1169	0.1181	0.1240	0.1201	0.1101	0.1053	0.1054	0.1089	0.1176	0.0964	0.0891	0.0870	0.0886	0.0946	0.1072	0.0773	0.0675	0.0641	0.0633	0.0663	0.0731	0.0874
1191	0.1242	0.1249	0.1231	0.1260	0.1243	0.1203	0.1170	0.1182	0.1239	0.1202	0.1102	0.1054	0.1054	0.1089	0.1177	0.0963	0.0893	0.0869	0.0886	0.0944	0.1073	0.0774	0.0676	0.0642	0.0634	0.0663	0.0732	0.0875
1192	0.1243	0.1249	0.1230	0.1260	0.1243	0.1204	0.1171	0.1184	0.1239	0.1203	0.1102	0.1055	0.1054	0.1089	0.1178	0.0962	0.0894	0.0869	0.0887	0.0943	0.1074	0.0775	0.0677	0.0642	0.0635	0.0662	0.0732	0.0875
1193	0.1243	0.1249	0.1231	0.1261	0.1242	0.1205	0.1171	0.1185	0.1240	0.1202	0.1102	0.1054	0.1055	0.1090	0.1178	0.0963	0.0894	0.0870	0.0887	0.0943	0.1073	0.0775	0.0676	0.0642	0.0635	0.0662	0.0733	0.0875
1194	0.1244	0.1249	0.1231	0.1261	0.1241	0.1206	0.1172	0.1186	0.1240	0.1202	0.1101	0.1052	0.1056	0.1091	0.1178	0.0963	0.0894	0.0871	0.0887	0.0943	0.1071	0.0775	0.0676	0.0643	0.0634	0.0662	0.0733	0.0875
1195	0.1245	0.1250	0.1232	0.1262	0.1240	0.1206	0.1171	0.1188	0.1240	0.1200	0.1102	0.1052	0.1056	0.1091	0.1178	0.0963	0.0894	0.0871	0.0887	0.0942	0.1070	0.0776	0.0674	0.0644	0.0634	0.0661	0.0733	0.0874
1196	0.1245	0.1251	0.1232	0.1263	0.1240	0.1205	0.1171	0.1189	0.1239	0.1198	0.1102	0.1052	0.1055	0.1091	0.1179	0.0962	0.0894	0.0870	0.0887	0.0941	0.1069	0.0777	0.0673	0.0645	0.0634	0.0661	0.0733	0.0874
1197	0.1244	0.1251	0.1231	0.1263	0.1240	0.1205	0.1173	0.1189	0.1240	0.1199	0.1103	0.1053	0.1054	0.1092	0.1180	0.0962	0.0895	0.0871	0.0887	0.0942	0.1070	0.0777	0.0673	0.0645	0.0636	0.0662	0.0733	0.0874
1198	0.1242	0.1250	0.1230	0.1263	0.1241	0.1205	0.1175	0.1188	0.1240	0.1200	0.1104	0.1054	0.1054	0.1093	0.1180	0.0963	0.0896	0.0872	0.0886	0.0943	0.1071	0.0777	0.0673	0.0645	0.0637	0.0663	0.0733	0.0873
1199	0.1242	0.1250	0.1231	0.1263	0.1243	0.1205	0.1176	0.1187	0.1241	0.1201	0.1105	0.1054	0.1054	0.1094	0.1181	0.0964	0.0897	0.0872	0.0886	0.0943	0.1072	0.0776	0.0674	0.0645	0.0637	0.0664	0.0734	0.0874
1200	0.1242	0.1250	0.1232	0.1264	0.1247	0.1204	0.1176	0.1187	0.1243	0.1201	0.1105	0.1054	0.1054	0.1095	0.1182	0.0965	0.0898	0.0871	0.0887	0.0943	0.1073	0.0776	0.0675	0.0645	0.0636	0.0665	0.0734	0.0874
1201	0.1242	0.1250	0.1233	0.1264	0.1247	0.1205	0.1177	0.1187	0.1244	0.1202	0.1105	0.1054	0.1054	0.1095	0.1182	0.0966	0.0898	0.0871	0.0888	0.0944	0.1073	0.0776	0.0677	0.0645	0.0636	0.0665	0.0733	0.0876
1202	0.1243	0.1250	0.1234	0.1264	0.1246	0.1207	0.1177	0.1186	0.1244	0.1203	0.1106	0.1053	0.1054	0.1094	0.1183	0.0966	0.0899	0.0870	0.0889	0.0945	0.1073	0.0777	0.0678	0.0646	0.0638	0.0665	0.0731	0.0878
1203	0.1244	0.1251	0.1234	0.1264	0.1246	0.1207	0.1178	0.1187	0.1244	0.1203	0.1106	0.1054	0.1054	0.1094	0.1183	0.0967	0.0900	0.0870	0.0889	0.0946	0.1073	0.0777	0.0678	0.0646	0.0639	0.0665	0.0731	0.0878
1204	0.1245	0.1253	0.1233	0.1263	0.1246	0.1207	0.1178	0.1188	0.1245	0.1203	0.1105	0.1056	0.1055	0.1096	0.1184	0.0969	0.0899	0.0871	0.0889	0.0945	0.1074	0.0775	0.0678	0.0647	0.0638	0.0664	0.0731	0.0876
1205	0.1245	0.1253	0.1233	0.1263	0.1246	0.1208	0.1178	0.1190	0.1245	0.1203	0.1105	0.1057	0.1056	0.1097	0.1184	0.0970	0.0899	0.0873	0.0889	0.0945	0.1075	0.0774	0.0677	0.0648	0.0637	0.0664	0.0730	0.0875
1206	0.1246	0.1253	0.1236	0.1264	0.1247	0.1209	0.1177	0.1191	0.1246	0.1204	0.1106	0.1058	0.1058	0.1098	0.1183	0.0970	0.0898	0.0875	0.0889	0.0946	0.1075	0.0774	0.0677	0.0649	0.0638	0.0666	0.0730	0.0875
1207	0.1247	0.1252	0.1238	0.1265	0.1248	0.1210	0.1178	0.1191	0.1247	0.1205	0.1107	0.1058	0.1059	0.1098	0.1182	0.0970	0.0899	0.0877	0.0890	0.0947	0.1075	0.0774	0.0677	0.0649	0.0638	0.0668	0.0730	0.0875
1208	0.1248	0.1253	0.1238	0.1266	0.1248	0.1210	0.1180	0.1191	0.1249	0.1206	0.1108	0.1060	0.1060	0.1098	0.1182	0.0971	0.0900	0.0879	0.0890	0.0947	0.1075	0.0775	0.0679	0.0649	0.0637	0.0668	0.0730	0.0876
1209	0.1249	0.1254	0.1238	0.1267	0.1248	0.1210	0.1182	0.1190	0.1251	0.1207	0.1108	0.1061	0.1060	0.1097	0.1182	0.0971	0.0901	0.0880	0.0891	0.0947	0.1074	0.0775	0.0681	0.0649	0.0637	0.0668	0.0730	0.0876
1210	0.1248	0.1255	0.1237	0.1267	0.1248	0.1210	0.1181	0.1191	0.1250	0.1207	0.1107	0.1062	0.1059	0.1097	0.1183	0.0970	0.0900	0.0880	0.0892	0.0948	0.1074	0.0776	0.0680	0.0649	0.0636	0.0669	0.0730	0.0876
1211	0.1248	0.1256	0.1237	0.1268	0.1249	0.1211	0.1181	0.1193	0.1250	0.1207	0.1107	0.1063	0.1059	0.1097	0.1183	0.0970	0.0898	0.0879	0.0893	0.0948	0.1074	0.0777	0.0679	0.0649	0.0636	0.0669	0.0731	0.0877
1212	0.1249	0.1257	0.1237	0.1269	0.1250	0.1213	0.1182	0.1193	0.1249	0.1208	0.1108	0.1063	0.1060	0.1097	0.1182	0.0971	0.0899	0.0880	0.0894	0.0949	0.1074	0.0777	0.0678	0.0648	0.0635	0.0668	0.0732	0.0876
1213	0.1251	0.1259	0.1238	0.1270	0.1251	0.1215	0.1183	0.1193	0.1249	0.1208	0.1108	0.1063	0.1061	0.1097	0.1180	0.0971	0.0899	0.0880	0.0894	0.0950	0.1074	0.0778	0.0677	0.0648	0.0635	0.0667	0.0732	0.0876
1214	0.1251	0.1259	0.1238	0.1271	0.1252	0.1215	0.1184	0.1193	0.1250	0.1209	0.1108	0.1063	0.1061	0.1097	0.1181	0.0971	0.0900	0.0880	0.0894	0.0949	0.1074	0.0777	0.0679	0.0648	0.0636	0.0668	0.0732	0.0876
1215	0.1251	0.1259	0.1238	0.1271	0.1252	0.1216	0.1184	0.1193	0.1251	0.1209	0.1108	0.1062	0.1061	0.1097	0.1182	0.0971	0.0901	0.0881	0.0893	0.0948	0.1074	0.0776	0.0681	0.0649	0.0637	0.0669	0.0732	0.0876
1216	0.1252	0.1258	0.1238	0.1272	0.1252	0.1218	0.1184	0.1193	0.1251	0.1209	0.1110	0.1063	0.1062	0.1097	0.1183	0.0971	0.0900	0.0880	0.0893	0.0949	0.1072	0.0776	0.0680	0.0650	0.0637	0.0669	0.0733	0.0877
1217	0.1252	0.1257	0.1239	0.1272	0.1253	0.1219	0.1185	0.1193	0.1250	0.1210	0.1112	0.1063	0.1063	0.1098	0.1185	0.0971	0.0899	0.0880	0.0894	0.0950	0.1070	0.0777	0.0679	0.0651	0.0637	0.0668	0.0734	0.0879
1218	0.1253	0.1258	0.1239	0.1272	0.1253	0.1220	0.1184	0.1193	0.1250	0.1210	0.1112	0.1063	0.1063	0.1098	0.1187	0.0973	0.0899	0.0880	0.0892	0.0952	0.1070	0.0777	0.0679	0.0652	0.0637	0.0667	0.0734	0.0878
1219	0.1253	0.1259	0.1239	0.1272	0.1254	0.1220	0.1183	0.1193	0.1250	0.1210	0.1112	0.1063	0.1063	0.1098	0.1189	0.0975	0.0901	0.0880	0.0891	0.0953	0.1072	0.0778	0.0680	0.0652	0.0638	0.0667	0.0733	0.0877
1220	0.1253	0.1260	0.1240	0.1273	0.1254	0.1219	0.1183	0.1195	0.1249	0.1210	0.1112	0.1063	0.1064	0.1098	0.1188	0.0975	0.0901	0.0880	0.0892	0.0953	0.1073	0.0779	0.0681	0.0652	0.0639	0.0667	0.0733	0.0877
1221	0.1253	0.1261	0.1242	0.1274	0.1254	0.1218	0.1184	0.1197	0.1249	0.1210	0.1113	0.1064	0.1065	0.1100	0.1187	0.0974	0.0902	0.0880	0.0893	0.0953	0.1074	0.0780	0.0682	0.0652	0.0640	0.0667	0.0733	0.0877
1222	0.1253	0.1262	0.1243	0.1275	0.1254	0.1218	0.1186	0.1198	0.1249	0.1210	0.1113	0.1065	0.1066	0.1101	0.1186	0.0974	0.0903	0.0880	0.0894	0.0952	0.1075	0.0781	0.0682	0.0652	0.0640	0.0667	0.0734	0.0877
1223	0.1253	0.1262	0.1244	0.1276	0.1254	0.1219	0.1187	0.1199	0.1251	0.1210	0.1113	0.1066	0.1067	0.1101	0.1187	0.0975	0.0905	0.0880	0.0895	0.0952	0.1076	0.0782	0.0682	0.0653	0.0640	0.0667	0.0735	0.0877
1224	0.1254	0.1263	0.1245	0.1276	0.1254	0.1219	0.1188	0.1200	0.1252	0.1211	0.1113	0.1066	0.1068	0.1101	0.1188	0.0975	0.0905	0.0880	0.0895	0.0952	0.1077	0.0782	0.0682	0.0652	0.0640	0.0667	0.0735	0.0877
1225	0.1254	0.1263	0.1247	0.1276	0.1255	0.1220	0.1188	0.1201	0.1252	0.1213	0.1114	0.1066	0.1067	0.1101	0.1189	0.0975	0.0905	0.0880	0.0894	0.0953	0.1078	0.0781	0.0682	0.0651	0.0640	0.0667	0.0735	0.0879
1226	0.1255	0.1263	0.1248	0.1276	0.1256	0.1220	0.1188	0.1201	0.1252	0.1214	0.1114	0.1066	0.1067	0.1101	0.1190	0.0975	0.0905	0.0880	0.0894	0.0954	0.1078	0.0781	0.0682	0.0650	0.0640	0.0668	0.0735	0.0880
1227	0.1258	0.1264	0.1248	0.1277	0.1256	0.1220	0.1188	0.1199	0.1253	0.1214	0.1114	0.1066	0.1066	0.1102	0.1191	0.0976	0.0905	0.0879	0.0894	0.0953	0.1077	0.0781	0.0682	0.0651	0.0641	0.0668	0.0735	0.0879
1228	0.1259	0.1265	0.1248	0.1277	0.1257	0.1220	0.1188	0.1199	0.1253	0.1214	0.1115	0.1066	0.1066	0.1104	0.1192	0.0977	0.0905	0.0878	0.0895	0.0953	0.1077	0.0782	0.0683	0.0652	0.0641	0.0668	0.0735	0.0879
1229	0.1260	0.1267	0.1249	0.1278	0.1257	0.1222	0.1189	0.1201	0.1254	0.1213	0.1116	0.1067	0.1067	0.1104	0.1191	0.0978	0.0906	0.0877	0.0895	0.0953	0.1078	0.0784	0.0683	0.0653	0.0641	0.0668	0.0734	0.0880
1230	0.1260	0.1268	0.1249	0.1279	0.1258	0.1223	0.1190	0.1202	0.1255	0.1213	0.1117	0.1067	0.1068	0.1105	0.1191	0.0979	0.0906	0.0877	0.0896	0.0954	0.1079	0.0784	0.0684	0.0653	0.0641	0.0668	0.0734	0.0881
1231	0.1260	0.1268	0.1248	0.1279	0.1258	0.1223	0.1189	0.1201	0.1257	0.1214	0.1116	0.1067	0.1067	0.1106	0.1191	0.0980	0.0907	0.0879	0.0898	0.0954	0.1079	0.0783	0.0685	0.0653	0.0642	0.0668	0.0734	0.0880
1232	0.1260	0.1269	0.1248	0.1279	0.1258	0.1223	0.1188	0.1201	0.1259	0.1215	0.1115	0.1067	0.1067	0.1106	0.1192	0.0980	0.0908	0.0881	0.0900	0.0955	0.1080	0.0783	0.0685	0.0653	0.0642	0.0669	0.0734	0.0880
1233	0.1260	0.1270	0.1249	0.1280	0.1260	0.1222	0.1188	0.1202	0.1259	0.1215	0.1116	0.1069	0.1068	0.1106	0.1193	0.0980	0.0909	0.0882	0.0901	0.0955	0.1080	0.0783	0.0686	0.0653	0.0642	0.0669	0.0735	0.0880
1234	0.1260	0.1271	0.1249	0.1281	0.1261	0.1221	0.1188	0.1203	0.1260	0.1215	0.1116	0.1071	0.1069	0.1106	0.1194	0.0980	0.0910	0.0882	0.0902	0.0954	0.1080	0.0784	0.0687	0.0653	0.0642	0.0669	0.0735	0.0881
1235	0.1260	0.1270	0.1251	0.1283	0.1261	0.1222	0.1189	0.1204	0.1260	0.1217	0.1118	0.1072	0.1071	0.1106	0.1194	0.0980	0.0911	0.0882	0.0901	0.0954	0.1081	0.0785	0.0688	0.0653	0.0643	0.0669	0.0737	0.0881
1236	0.1259	0.1269	0.1253	0.1285	0.1262	0.1223	0.1189	0.1205	0.1260	0.1219	0.1120	0.1073	0.1073	0.1106	0.1194	0.0980	0.0911	0.0883	0.0900	0.0954	0.1081	0.0787	0.0688	0.0653	0.0643	0.0670	0.0739	0.0881
1237	0.1260	0.1270	0.1253	0.1285	0.1263	0.1225	0.1190	0.1205	0.1260	0.1220	0.1120	0.1073	0.1073	0.1107	0.1194	0.0981	0.0910	0.0883	0.0901	0.0956	0.1082	0.0787	0.0688	0.0652	0.0643	0.0670	0.0739	0.0881
1238	0.1261	0.1271	0.1252	0.1285	0.1264	0.1227	0.1190	0.1205	0.1261	0.1221	0.1119	0.1073	0.1073	0.1107	0.1195	0.0981	0.0908	0.0884	0.0902	0.0957	0.1083	0.0787	0.0688	0.0651	0.0642	0.0670	0.0740	0.0882
1239	0.1264	0.1272	0.1253	0.1285	0.1264	0.1227	0.1191	0.1205	0.1261	0.1221	0.1121	0.1073	0.1073	0.1108	0.1196	0.0981	0.0909	0.0885	0.0901	0.0957	0.1083	0.0786	0.0687	0.0652	0.0643	0.0671	0.0740	0.0881
1240	0.1268	0.1273	0.1254	0.1285	0.1264	0.1226	0.1193	0.1205	0.1262	0.1220	0.1123	0.1072	0.1073	0.1109	0.1197	0.0981	0.0910	0.0886	0.0901	0.0957	0.1082	0.0785	0.0686	0.0652	0.0645	0.0671	0.0740	0.0881
1241	0.1268	0.1273	0.1254	0.1285	0.1264	0.1227	0.1194	0.1206	0.1263	0.1221	0.1123	0.1073	0.1073	0.1109	0.1198	0.0981	0.0911	0.0888	0.0900	0.0957	0.1082	0.0785	0.0686	0.0653	0.0646	0.0672	0.0740	0.0881
1242	0.1268	0.1273	0.1255	0.1285	0.1264	0.1228	0.1194	0.1207	0.1265	0.1223	0.1123	0.1074	0.1073	0.1110	0.1198	0.0982	0.0912	0.0889	0.0900	0.0958	0.1083	0.0786	0.0686	0.0654	0.0645	0.0673	0.0739	0.0882
1243	0.1268	0.1273	0.1256	0.1286	0.1264	0.1228	0.1195	0.1207	0.1266	0.1223	0.1123	0.1074	0.1073	0.1110	0.1198	0.0983	0.0912	0.0889	0.0900	0.0959	0.1083	0.0786	0.0687	0.0654	0.0645	0.0673	0.0740	0.0882
1244	0.1269	0.1273	0.1256	0.1287	0.1265	0.1227	0.1197	0.1207	0.1266	0.1223	0.1123	0.1075	0.1074	0.1110	0.1197	0.0984	0.0912	0.0888	0.0900	0.0959	0.1084	0.0786	0.0688	0.0653	0.0645	0.0672	0.0740	0.0882
1245	0.1269	0.1274	0.1257	0.1288	0.1266	0.1228	0.1198	0.1208	0.1267	0.1224	0.1123	0.1076	0.1075	0.1111	0.1198	0.0984	0.0912	0.0888	0.0901	0.0960	0.1084	0.0786	0.0689	0.0652	0.0646	0.0672	0.0740	0.0882
1246	0.1268	0.1274	0.1258	0.1289	0.1268	0.1229	0.1197	0.1209	0.1267	0.1224	0.1124	0.1076	0.1076	0.1111	0.1200	0.0984	0.0912	0.0888	0.0902	0.0961	0.1084	0.0787	0.0689	0.0652	0.0647	0.0672	0.0739	0.0883
1247	0.1268	0.1274	0.1259	0.1288	0.1269	0.1231	0.1197	0.1210	0.1267	0.1225	0.1124	0.1076	0.1077	0.1112	0.1201	0.0985	0.0912	0.0888	0.0903	0.0961	0.1085	0.0787	0.0689	0.0652	0.0647	0.0672	0.0740	0.0883
1248	0.1269	0.1274	0.1260	0.1287	0.1269	0.1232	0.1198	0.1211	0.1267	0.1226	0.1124	0.1077	0.1077	0.1112	0.1200	0.0985	0.0912	0.0888	0.0904	0.0960	0.1086	0.0788	0.0690	0.0652	0.0647	0.0672	0.0741	0.0882
1249	0.1270	0.1275	0.1261	0.1287	0.1269	0.1232	0.1198	0.1212	0.1267	0.1226	0.1124	0.1078	0.1078	0.1112	0.1201	0.0985	0.0913	0.0888	0.0904	0.0960	0.1087	0.0788	0.0690	0.0652	0.0648	0.0672	0.0742	0.0882
1250	0.1270	0.1275	0.1260	0.1287	0.1268	0.1231	0.1198	0.1211	0.1267	0.1227	0.1125	0.1078	0.1078	0.1112	0.1202	0.0986	0.0913	0.0889	0.0903	0.0961	0.1088	0.0787	0.0689	0.0653	0.0649	0.0673	0.0743	0.0882
1251	0.1270	0.1275	0.1259	0.1287	0.1268	0.1230	0.1198	0.1211	0.1268	0.1227	0.1126	0.1078	0.1078	0.1113	0.1203	0.0986	0.0914	0.0890	0.0903	0.0962	0.1088	0.0787	0.0689	0.0654	0.0650	0.0674	0.0744	0.0882
1252	0.1272	0.1275	0.1260	0.1289	0.1268	0.1232	0.1199	0.1210	0.1268	0.1228	0.1126	0.1078	0.1078	0.1112	0.1203	0.0985	0.0914	0.0890	0.0904	0.0961	0.1088	0.0788	0.0690	0.0654	0.0649	0.0675	0.0744	0.0883
1253	0.1273	0.1275	0.1260	0.1291	0.1268	0.1233	0.1200	0.1210	0.1268	0.1229	0.1127	0.1078	0.1078	0.1112	0.1203	0.0985	0.0914	0.0890	0.0905	0.0961	0.1087	0.0789	0.0691	0.0654	0.0648	0.0675	0.0744	0.0885
1254	0.1273	0.1277	0.1260	0.1292	0.1269	0.1233	0.1201	0.1211	0.1268	0.1228	0.1128	0.1077	0.1079	0.1113	0.1204	0.0985	0.0914	0.0891	0.0906	0.0961	0.1086	0.0789	0.0692	0.0654	0.0649	0.0674	0.0743	0.0885
1255	0.1273	0.1279	0.1260	0.1294	0.1270	0.1233	0.1201	0.1211	0.1269	0.1228	0.1128	0.1077	0.1080	0.1113	0.1205	0.0985	0.0915	0.0892	0.0906	0.0962	0.1085	0.0790	0.0693	0.0653	0.0649	0.0673	0.0741	0.0886
1256	0.1274	0.1279	0.1262	0.1294	0.1272	0.1234	0.1201	0.1212	0.1270	0.1229	0.1128	0.1080	0.1080	0.1114	0.1205	0.0986	0.0915	0.0893	0.0906	0.0962	0.1085	0.0790	0.0694	0.0651	0.0649	0.0674	0.0741	0.0886
1257	0.1276	0.1279	0.1263	0.1294	0.1274	0.1235	0.1200	0.1212	0.1272	0.1229	0.1129	0.1082	0.1079	0.1114	0.1206	0.0986	0.0916	0.0894	0.0906	0.0962	0.1084	0.0790	0.0694	0.0649	0.0649	0.0675	0.0740	0.0887
1258	0.1276	0.1280	0.1264	0.1296	0.1275	0.1236	0.1202	0.1214	0.1273	0.1230	0.1128	0.1082	0.1079	0.1115	0.1207	0.0987	0.0916	0.0893	0.0906	0.0962	0.1085	0.0790	0.0695	0.0650	0.0649	0.0675	0.0740	0.0887
1259	0.1276	0.1281	0.1265	0.1297	0.1276	0.1237	0.1204	0.1215	0.1273	0.1232	0.1127	0.1081	0.1080	0.1116	0.1209	0.0988	0.0916	0.0893	0.0905	0.0963	0.1087	0.0790	0.0695	0.0652	0.0650	0.0675	0.0740	0.0886
1260	0.1277	0.1281	0.1266	0.1298	0.1276	0.1237	0.1205	0.1215	0.1273	0.1231	0.1129	0.1083	0.1079	0.1117	0.1209	0.0988	0.0916	0.0893	0.0906	0.0963	0.1087	0.0791	0.0695	0.0653	0.0650	0.0674	0.0741	0.0885
1261	0.1278	0.1281	0.1266	0.1298	0.1276	0.1236	0.1205	0.1215	0.1274	0.1230	0.1130	0.1085	0.1079	0.1118	0.1209	0.0988	0.0917	0.0894	0.0907	0.0963	0.1088	0.0792	0.0695	0.0654	0.0650	0.0674	0.0742	0.0884
1262	0.1278	0.1280	0.1267	0.1299	0.1276	0.1237	0.1206	0.1215	0.1273	0.1231	0.1131	0.1085	0.1079	0.1118	0.1208	0.0989	0.0918	0.0894	0.0908	0.0963	0.1088	0.0793	0.0695	0.0653	0.0649	0.0674	0.0743	0.0883
1263	0.1278	0.1279	0.1267	0.1299	0.1277	0.1237	0.1206	0.1216	0.1272	0.1232	0.1132	0.1085	0.1079	0.1117	0.1206	0.0990	0.0919	0.0895	0.0908	0.0963	0.1088	0.0793	0.0696	0.0652	0.0649	0.0675	0.0744	0.0883
1264	0.1279	0.1280	0.1267	0.1299	0.1277	0.1238	0.1207	0.1217	0.1272	0.1232	0.1132	0.1084	0.1080	0.1118	0.1207	0.0991	0.0919	0.0895	0.0909	0.0963	0.1089	0.0793	0.0697	0.0652	0.0649	0.0676	0.0745	0.0884
1265	0.1279	0.1282	0.1267	0.1299	0.1277	0.1239	0.1207	0.1217	0.1273	0.1231	0.1132	0.1083	0.1080	0.1118	0.1208	0.0991	0.0920	0.0895	0.0909	0.0963	0.1089	0.0794	0.0698	0.0652	0.0649	0.0677	0.0745	0.0885
1266	0.1280	0.1283	0.1267	0.1299	0.1277	0.1240	0.1206	0.1217	0.1273	0.1232	0.1133	0.1083	0.1081	0.1119	0.1209	0.0990	0.0920	0.0896	0.0910	0.0964	0.1090	0.0793	0.0697	0.0651	0.0650	0.0677	0.0745	0.0885
1267	0.1281	0.1283	0.1268	0.1299	0.1278	0.1240	0.1206	0.1218	0.1273	0.1234	0.1133	0.1085	0.1081	0.1119	0.1210	0.0989	0.0921	0.0898	0.0911	0.0965	0.1092	0.0792	0.0696	0.0651	0.0651	0.0677	0.0744	0.0886
1268	0.1281	0.1283	0.1268	0.1298	0.1278	0.1240	0.1205	0.1218	0.1274	0.1236	0.1133	0.1086	0.1082	0.1119	0.1210	0.0989	0.0921	0.0899	0.0911	0.0965	0.1092	0.0792	0.0696	0.0651	0.0651	0.0677	0.0743	0.0887
1269	0.1281	0.1283	0.1270	0.1299	0.1279	0.1241	0.1205	0.1218	0.1275	0.1237	0.1134	0.1086	0.1084	0.1119	0.1210	0.0991	0.0921	0.0900	0.0911	0.0965	0.1090	0.0792	0.0697	0.0652	0.0651	0.0677	0.0742	0.0887
1270	0.1282	0.1284	0.1270	0.1299	0.1279	0.1241	0.1206	0.1218	0.1275	0.1237	0.1134	0.1087	0.1085	0.1120	0.1210	0.0993	0.0921	0.0900	0.0911	0.0965	0.1089	0.0793	0.0699	0.0653	0.0651	0.0677	0.0743	0.0888
1271	0.1283	0.1286	0.1270	0.1300	0.1280	0.1239	0.1206	0.1217	0.1276	0.1236	0.1134	0.1088	0.1085	0.1120	0.1211	0.0995	0.0920	0.0899	0.0912	0.0966	0.1089	0.0793	0.0699	0.0653	0.0651	0.0677	0.0746	0.0887
1272	0.1284	0.1287	0.1270	0.1301	0.1280	0.1239	0.1206	0.1217	0.1276	0.1236	0.1134	0.1089	0.1086	0.1120	0.1211	0.0995	0.0920	0.0899	0.0912	0.0966	0.1089	0.0793	0.0700	0.0654	0.0651	0.0677	0.0748	0.0886
1273	0.1284	0.1287	0.1271	0.1301	0.1279	0.1241	0.1207	0.1219	0.1277	0.1236	0.1135	0.1090	0.1086	0.1120	0.1210	0.0993	0.0920	0.0899	0.0913	0.0965	0.1089	0.0792	0.0699	0.0655	0.0652	0.0677	0.0746	0.0885
1274	0.1285	0.1287	0.1271	0.1301	0.1279	0.1242	0.1208	0.1220	0.1278	0.1236	0.1136	0.1090	0.1087	0.1119	0.1210	0.0992	0.0920	0.0900	0.0913	0.0965	0.1090	0.0791	0.0699	0.0656	0.0652	0.0677	0.0745	0.0885
1275	0.1284	0.1288	0.1271	0.1302	0.1279	0.1242	0.1207	0.1220	0.1278	0.1236	0.1136	0.1089	0.1087	0.1120	0.1211	0.0992	0.0921	0.0900	0.0912	0.0965	0.1091	0.0792	0.0700	0.0655	0.0652	0.0677	0.0746	0.0886
1276	0.1285	0.1289	0.1271	0.1302	0.1279	0.1243	0.1207	0.1219	0.1279	0.1236	0.1137	0.1088	0.1087	0.1121	0.1211	0.0992	0.0922	0.0900	0.0912	0.0965	0.1092	0.0793	0.0701	0.0654	0.0652	0.0677	0.0746	0.0886
1277	0.1286	0.1290	0.1271	0.1303	0.1280	0.1243	0.1208	0.1220	0.1278	0.1237	0.1137	0.1089	0.1087	0.1121	0.1212	0.0993	0.0922	0.0899	0.0913	0.0965	0.1092	0.0794	0.0700	0.0654	0.0652	0.0677	0.0745	0.0886
1278	0.1286	0.1290	0.1271	0.1303	0.1280	0.1243	0.1208	0.1221	0.1278	0.1237	0.1137	0.1090	0.1087	0.1122	0.1212	0.0994	0.0923	0.0898	0.0913	0.0965	0.1093	0.0794	0.0700	0.0654	0.0651	0.0677	0.0744	0.0885
1279	0.1286	0.1289	0.1272	0.1303	0.1281	0.1245	0.1209	0.1222	0.1279	0.1239	0.1137	0.1091	0.1088	0.1122	0.1211	0.0995	0.0922	0.0898	0.0914	0.0965	0.1093	0.0795	0.0700	0.0653	0.0652	0.0677	0.0743	0.0885
1280	0.1285	0.1287	0.1273	0.1303	0.1283	0.1246	0.1209	0.1223	0.1281	0.1240	0.1137	0.1092	0.1088	0.1122	0.1211	0.0996	0.0921	0.0899	0.0914	0.0965	0.1093	0.0795	0.0699	0.0653	0.0653	0.0677	0.0743	0.0885
1281	0.1286	0.1289	0.1273	0.1303	0.1284	0.1246	0.1209	0.1222	0.1280	0.1240	0.1137	0.1090	0.1088	0.1122	0.1211	0.0995	0.0920	0.0899	0.0913	0.0966	0.1093	0.0795	0.0700	0.0652	0.0654	0.0677	0.0744	0.0886
1282	0.1287	0.1291	0.1273	0.1303	0.1284	0.1246	0.1209	0.1221	0.1280	0.1239	0.1138	0.1089	0.1089	0.1122	0.1212	0.0994	0.0920	0.0899	0.0912	0.0967	0.1092	0.0794	0.0701	0.0651	0.0654	0.0678	0.0745	0.0887
1283	0.1286	0.1291	0.1273	0.1303	0.1285	0.1246	0.1210	0.1221	0.1279	0.1239	0.1139	0.1088	0.1088	0.1123	0.1213	0.0993	0.0920	0.0899	0.0912	0.0968	0.1092	0.0795	0.0701	0.0651	0.0654	0.0678	0.0745	0.0886
1284	0.1285	0.1291	0.1273	0.1304	0.1286	0.1245	0.1211	0.1220	0.1279	0.1238	0.1140	0.1088	0.1087	0.1123	0.1213	0.0992	0.0921	0.0899	0.0912	0.0968	0.1091	0.0796	0.0701	0.0651	0.0653	0.0678	0.0745	0.0886
1285	0.1285	0.1291	0.1273	0.1306	0.1287	0.1245	0.1211	0.1221	0.1279	0.1238	0.1139	0.1089	0.1087	0.1123	0.1213	0.0992	0.0922	0.0900	0.0912	0.0967	0.1092	0.0797	0.0701	0.0652	0.0653	0.0679	0.0746	0.0884
1286	0.1286	0.1290	0.1274	0.1308	0.1288	0.1245	0.1211	0.1221	0.1280	0.1237	0.1137	0.1090	0.1087	0.1124	0.1214	0.0991	0.0922	0.0901	0.0912	0.0967	0.1093	0.0797	0.0700	0.0653	0.0653	0.0679	0.0747	0.0883
1287	0.1286	0.1291	0.1273	0.1307	0.1288	0.1246	0.1211	0.1222	0.1280	0.1238	0.1137	0.1090	0.1087	0.1123	0.1214	0.0992	0.0923	0.0901	0.0912	0.0968	0.1093	0.0796	0.0700	0.0654	0.0654	0.0678	0.0747	0.0883
1288	0.1286	0.1292	0.1273	0.1306	0.1288	0.1247	0.1210	0.1223	0.1280	0.1239	0.1137	0.1090	0.1088	0.1123	0.1214	0.0994	0.0924	0.0901	0.0913	0.0969	0.1093	0.0796	0.0701	0.0654	0.0655	0.0677	0.0748	0.0883
1289	0.1287	0.1291	0.1273	0.1307	0.1287	0.1248	0.1211	0.1223	0.1280	0.1240	0.1138	0.1090	0.1088	0.1122	0.1214	0.0995	0.0925	0.0901	0.0914	0.0969	0.1092	0.0796	0.0701	0.0655	0.0655	0.0676	0.0747	0.0883
1290	0.1287	0.1290	0.1274	0.1309	0.1286	0.1248	0.1213	0.1223	0.1280	0.1240	0.1139	0.1091	0.1089	0.1121	0.1214	0.0996	0.0925	0.0900	0.0915	0.0968	0.1092	0.0797	0.0700	0.0655	0.0655	0.0676	0.0746	0.0883
1291	0.1287	0.1289	0.1274	0.1309	0.1285	0.1248	0.1214	0.1223	0.1281	0.1240	0.1140	0.1090	0.1089	0.1121	0.1214	0.0996	0.0925	0.0901	0.0915	0.0968	0.1091	0.0797	0.0699	0.0655	0.0654	0.0677	0.0745	0.0883
1292	0.1287	0.1288	0.1274	0.1308	0.1284	0.1249	0.1215	0.1222	0.1281	0.1241	0.1141	0.1091	0.1089	0.1122	0.1215	0.0996	0.0926	0.0901	0.0915	0.0967	0.1090	0.0796	0.0698	0.0654	0.0653	0.0677	0.0746	0.0884
1293	0.1288	0.1289	0.1274	0.1308	0.1284	0.1249	0.1216	0.1223	0.1281	0.1241	0.1140	0.1090	0.1088	0.1123	0.1215	0.0996	0.0925	0.0901	0.0915	0.0967	0.1090	0.0796	0.0698	0.0654	0.0653	0.0677	0.0745	0.0885
1294	0.1288	0.1290	0.1274	0.1307	0.1284	0.1249	0.1215	0.1223	0.1282	0.1240	0.1139	0.1089	0.1088	0.1123	0.1216	0.0996	0.0925	0.0900	0.0915	0.0966	0.1092	0.0797	0.0699	0.0654	0.0653	0.0678	0.0744	0.0887
1295	0.1289	0.1291	0.1274	0.1307	0.1284	0.1249	0.1215	0.1224	0.1282	0.1240	0.1139	0.1089	0.1088	0.1123	0.1217	0.0995	0.0924	0.0900	0.0915	0.0966	0.1093	0.0797	0.0700	0.0655	0.0654	0.0679	0.0744	0.0888
1296	0.1290	0.1291	0.1273	0.1306	0.1284	0.1249	0.1214	0.1225	0.1281	0.1240	0.1139	0.1089	0.1088	0.1124	0.1217	0.0996	0.0924	0.0900	0.0915	0.0967	0.1094	0.0797	0.0700	0.0655	0.0653	0.0680	0.0744	0.0888
1297	0.1291	0.1291	0.1274	0.1306	0.1283	0.1249	0.1214	0.1225	0.1281	0.1240	0.1138	0.1089	0.1088	0.1125	0.1217	0.0996	0.0924	0.0900	0.0915	0.0967	0.1095	0.0797	0.0701	0.0655	0.0653	0.0681	0.0744	0.0887
1298	0.1292	0.1292	0.1276	0.1307	0.1283	0.1249	0.1214	0.1225	0.1282	0.1240	0.1137	0.1088	0.1089	0.1126	0.1218	0.0996	0.0924	0.0901	0.0915	0.0968	0.1095	0.0797	0.0701	0.0655	0.0654	0.0681	0.0745	0.0887
1299	0.1293	0.1293	0.1277	0.1308	0.1283	0.1248	0.1214	0.1226	0.1282	0.1240	0.1137	0.1087	0.1090	0.1127	0.1219	0.0997	0.0923	0.0902	0.0914	0.0969	0.1095	0.0798	0.0701	0.0655	0.0654	0.0681	0.0745	0.0886
1300	0.1292	0.1293	0.1277	0.1308	0.1284	0.1248	0.1213	0.1227	0.1281	0.1240	0.1138	0.1088	0.1090	0.1127	0.1219	0.0997	0.0924	0.0902	0.0913	0.0968	0.1095	0.0798	0.0700	0.0654	0.0654	0.0682	0.0745	0.0886
1301	0.1291	0.1294	0.1277	0.1309	0.1285	0.1247	0.1212	0.1229	0.1280	0.1241	0.1138	0.1089	0.1090	0.1127	0.1220	0.0998	0.0924	0.0902	0.0912	0.0967	0.1096	0.0798	0.0699	0.0654	0.0653	0.0682	0.0746	0.0887
1302	0.1291	0.1295	0.1276	0.1309	0.1285	0.1248	0.1212	0.1227	0.1281	0.1242	0.1140	0.1089	0.1091	0.1127	0.1221	0.0998	0.0924	0.0902	0.0912	0.0968	0.1097	0.0798	0.0700	0.0654	0.0652	0.0681	0.0747	0.0886
1303	0.1291	0.1296	0.1275	0.1309	0.1285	0.1248	0.1213	0.1225	0.1282	0.1242	0.1141	0.1090	0.1092	0.1128	0.1221	0.0998	0.0924	0.0902	0.0913	0.0968	0.1097	0.0797	0.0700	0.0654	0.0651	0.0680	0.0747	0.0886
1304	0.1290	0.1295	0.1275	0.1310	0.1285	0.1249	0.1212	0.1225	0.1283	0.1242	0.1141	0.1091	0.1092	0.1128	0.1219	0.0998	0.0924	0.0901	0.0913	0.0969	0.1097	0.0797	0.0700	0.0655	0.0652	0.0680	0.0747	0.0886
1305	0.1289	0.1294	0.1276	0.1310	0.1284	0.1249	0.1211	0.1225	0.1284	0.1241	0.1141	0.1091	0.1092	0.1128	0.1218	0.0998	0.0925	0.0899	0.0914	0.0969	0.1096	0.0796	0.0700	0.0655	0.0652	0.0679	0.0746	0.0886
1306	0.1289	0.1294	0.1275	0.1310	0.1285	0.1249	0.1211	0.1225	0.1284	0.1241	0.1141	0.1092	0.1090	0.1128	0.1218	0.0997	0.0924	0.0900	0.0914	0.0969	0.1097	0.0796	0.0700	0.0655	0.0653	0.0681	0.0746	0.0887
1307	0.1290	0.1295	0.1274	0.1309	0.1285	0.1249	0.1211	0.1225	0.1284	0.1241	0.1141	0.1093	0.1089	0.1127	0.1218	0.0997	0.0924	0.0900	0.0915	0.0968	0.1097	0.0796	0.0701	0.0656	0.0653	0.0682	0.0745	0.0887
1308	0.1289	0.1296	0.1274	0.1309	0.1285	0.1249	0.1211	0.1225	0.1286	0.1242	0.1140	0.1093	0.1088	0.1127	0.1220	0.0996	0.0924	0.0900	0.0914	0.0969	0.1098	0.0796	0.0701	0.0656	0.0653	0.0684	0.0744	0.0888
1309	0.1289	0.1297	0.1274	0.1309	0.1285	0.1249	0.1211	0.1225	0.1287	0.1243	0.1139	0.1093	0.1088	0.1126	0.1222	0.0996	0.0924	0.0899	0.0913	0.0971	0.1099	0.0795	0.0701	0.0655	0.0652	0.0685	0.0743	0.0889
1310	0.1289	0.1296	0.1275	0.1308	0.1285	0.1249	0.1212	0.1225	0.1287	0.1242	0.1140	0.1092	0.1088	0.1127	0.1222	0.0995	0.0924	0.0900	0.0913	0.0971	0.1099	0.0795	0.0701	0.0655	0.0653	0.0684	0.0745	0.0890
1311	0.1290	0.1295	0.1276	0.1307	0.1285	0.1249	0.1214	0.1225	0.1287	0.1241	0.1142	0.1092	0.1088	0.1127	0.1222	0.0995	0.0923	0.0901	0.0914	0.0970	0.1099	0.0795	0.0700	0.0654	0.0653	0.0682	0.0747	0.0891
1312	0.1289	0.1295	0.1275	0.1307	0.1285	0.1248	0.1215	0.1225	0.1286	0.1240	0.1142	0.1091	0.1089	0.1127	0.1222	0.0994	0.0923	0.0902	0.0915	0.0971	0.1100	0.0794	0.0700	0.0654	0.0653	0.0682	0.0747	0.0891
1313	0.1288	0.1295	0.1274	0.1307	0.1286	0.1246	0.1216	0.1225	0.1286	0.1240	0.1142	0.1091	0.1090	0.1127	0.1222	0.0994	0.0923	0.0902	0.0915	0.0971	0.1100	0.0795	0.0700	0.0654	0.0653	0.0682	0.0746	0.0890
1314	0.1288	0.1295	0.1275	0.1307	0.1286	0.1246	0.1217	0.1227	0.1285	0.1240	0.1141	0.1091	0.1090	0.1127	0.1222	0.0995	0.0923	0.0902	0.0915	0.0972	0.1100	0.0795	0.0699	0.0655	0.0653	0.0682	0.0747	0.0891
1315	0.1289	0.1294	0.1277	0.1306	0.1285	0.1246	0.1216	0.1228	0.1285	0.1239	0.1139	0.1092	0.1089	0.1127	0.1222	0.0996	0.0923	0.0903	0.0915	0.0972	0.1101	0.0796	0.0699	0.0657	0.0653	0.0681	0.0747	0.0892
1316	0.1290	0.1294	0.1277	0.1306	0.1285	0.1247	0.1216	0.1228	0.1285	0.1239	0.1139	0.1092	0.1089	0.1127	0.1222	0.0996	0.0923	0.0903	0.0915	0.0972	0.1102	0.0796	0.0699	0.0659	0.0652	0.0681	0.0747	0.0893
1317	0.1290	0.1295	0.1276	0.1306	0.1285	0.1247	0.1214	0.1226	0.1284	0.1239	0.1138	0.1092	0.1090	0.1126	0.1222	0.0996	0.0923	0.0902	0.0914	0.0973	0.1102	0.0796	0.0698	0.0660	0.0651	0.0680	0.0748	0.0894
1318	0.1290	0.1295	0.1276	0.1307	0.1285	0.1247	0.1215	0.1225	0.1284	0.1239	0.1138	0.1091	0.1090	0.1126	0.1221	0.0995	0.0923	0.0902	0.0914	0.0973	0.1102	0.0796	0.0698	0.0660	0.0651	0.0680	0.0747	0.0895
1319	0.1288	0.1295	0.1276	0.1307	0.1285	0.1247	0.1216	0.1225	0.1285	0.1238	0.1137	0.1090	0.1091	0.1126	0.1219	0.0994	0.0924	0.0901	0.0914	0.0973	0.1103	0.0794	0.0697	0.0661	0.0652	0.0681	0.0745	0.0895
1320	0.1288	0.1294	0.1275	0.1307	0.1285	0.1247	0.1216	0.1225	0.1285	0.1238	0.1137	0.1089	0.1091	0.1126	0.1219	0.0995	0.0924	0.0901	0.0913	0.0973	0.1104	0.0794	0.0697	0.0660	0.0653	0.0681	0.0745	0.0895
1321	0.1288	0.1292	0.1274	0.1307	0.1284	0.1247	0.1216	0.1226	0.1284	0.1239	0.1137	0.1089	0.1089	0.1127	0.1220	0.0996	0.0924	0.0900	0.0913	0.0972	0.1103	0.0794	0.0698	0.0659	0.0653	0.0680	0.0746	0.0896
1322	0.1288	0.1291	0.1272	0.1306	0.1284	0.1247	0.1215	0.1226	0.1283	0.1239	0.1136	0.1089	0.1088	0.1127	0.1220	0.0996	0.0923	0.0899	0.0912	0.0972	0.1103	0.0794	0.0698	0.0659	0.0654	0.0679	0.0747	0.0896
1323	0.1288	0.1291	0.1272	0.1305	0.1283	0.1247	0.1214	0.1225	0.1281	0.1237	0.1135	0.1088	0.1087	0.1127	0.1219	0.0997	0.0924	0.0899	0.0911	0.0973	0.1104	0.0795	0.0698	0.0660	0.0653	0.0680	0.0747	0.0896
1324	0.1287	0.1291	0.1272	0.1305	0.1282	0.1247	0.1212	0.1224	0.1280	0.1236	0.1134	0.1088	0.1086	0.1126	0.1218	0.0997	0.0923	0.0898	0.0911	0.0974	0.1104	0.0795	0.0699	0.0660	0.0652	0.0680	0.0748	0.0896
1325	0.1288	0.1290	0.1273	0.1306	0.1282	0.1246	0.1211	0.1224	0.1282	0.1237	0.1135	0.1088	0.1086	0.1125	0.1218	0.0997	0.0922	0.0899	0.0911	0.0973	0.1104	0.0794	0.0699	0.0659	0.0650	0.0679	0.0748	0.0895
1326	0.1288	0.1289	0.1272	0.1307	0.1282	0.1245	0.1210	0.1224	0.1284	0.1237	0.1135	0.1087	0.1086	0.1125	0.1218	0.0997	0.0921	0.0899	0.0912	0.0973	0.1104	0.0793	0.0698	0.0658	0.0648	0.0679	0.0747	0.0894
1327	0.1287	0.1289	0.1272	0.1308	0.1284	0.1244	0.1211	0.1224	0.1284	0.1236	0.1136	0.1086	0.1086	0.1125	0.1219	0.0997	0.0921	0.0898	0.0912	0.0973	0.1103	0.0793	0.0698	0.0657	0.0649	0.0679	0.0747	0.0895
1328	0.1287	0.1289	0.1272	0.1309	0.1285	0.1244	0.1212	0.1223	0.1284	0.1235	0.1136	0.1084	0.1086	0.1125	0.1220	0.0996	0.0922	0.0897	0.0912	0.0973	0.1103	0.0793	0.0698	0.0657	0.0649	0.0680	0.0746	0.0897
1329	0.1286	0.1289	0.1271	0.1307	0.1284	0.1243	0.1211	0.1222	0.1284	0.1235	0.1135	0.1084	0.1085	0.1125	0.1222	0.0995	0.0921	0.0896	0.0911	0.0971	0.1104	0.0792	0.0698	0.0657	0.0649	0.0679	0.0745	0.0896
1330	0.1286	0.1289	0.1270	0.1305	0.1282	0.1243	0.1210	0.1222	0.1284	0.1235	0.1134	0.1084	0.1084	0.1125	0.1223	0.0993	0.0921	0.0895	0.0910	0.0970	0.1105	0.0791	0.0697	0.0657	0.0649	0.0677	0.0745	0.0895
1331	0.1285	0.1288	0.1270	0.1304	0.1280	0.1243	0.1209	0.1221	0.1281	0.1235	0.1133	0.1085	0.1085	0.1125	0.1222	0.0993	0.0921	0.0896	0.0911	0.0969	0.1104	0.0790	0.0696	0.0658	0.0648	0.0678	0.0745	0.0895
1332	0.1284	0.1287	0.1270	0.1303	0.1278	0.1243	0.1208	0.1220	0.1279	0.1234	0.1131	0.1086	0.1085	0.1124	0.1222	0.0993	0.0920	0.0896	0.0911	0.0968	0.1103	0.0790	0.0695	0.0660	0.0646	0.0678	0.0745	0.0895
1333	0.1283	0.1287	0.1269	0.1303	0.1278	0.1242	0.1208	0.1219	0.1279	0.1234	0.1132	0.1085	0.1083	0.1124	0.1220	0.0992	0.0919	0.0896	0.0911	0.0968	0.1104	0.0790	0.0695	0.0659	0.0647	0.0678	0.0746	0.0895
1334	0.1282	0.1287	0.1268	0.1303	0.1278	0.1241	0.1207	0.1218	0.1279	0.1234	0.1132	0.1084	0.1082	0.1123	0.1219	0.0991	0.0918	0.0897	0.0911	0.0968	0.1104	0.0791	0.0694	0.0659	0.0647	0.0678	0.0747	0.0895
1335	0.1282	0.1286	0.1267	0.1303	0.1276	0.1240	0.1206	0.1218	0.1280	0.1234	0.1133	0.1084	0.1082	0.1123	0.1219	0.0992	0.0918	0.0897	0.0910	0.0969	0.1103	0.0790	0.0695	0.0658	0.0648	0.0679	0.0747	0.0894
1336	0.1282	0.1285	0.1266	0.1302	0.1274	0.1238	0.1205	0.1218	0.1280	0.1233	0.1134	0.1084	0.1082	0.1123	0.1218	0.0992	0.0919	0.0897	0.0909	0.0969	0.1101	0.0789	0.0696	0.0657	0.0649	0.0679	0.0746	0.0894
1337	0.1281	0.1284	0.1266	0.1302	0.1274	0.1238	0.1204	0.1216	0.1280	0.1233	0.1132	0.1083	0.1083	0.1123	0.1218	0.0992	0.0919	0.0897	0.0908	0.0967	0.1101	0.0789	0.0695	0.0656	0.0648	0.0680	0.0746	0.0894
1338	0.1280	0.1283	0.1266	0.1303	0.1275	0.1238	0.1202	0.1215	0.1280	0.1233	0.1131	0.1082	0.1083	0.1123	0.1218	0.0991	0.0918	0.0897	0.0907	0.0966	0.1101	0.0788	0.0695	0.0655	0.0646	0.0680	0.0746	0.0894
1339	0.1279	0.1282	0.1266	0.1302	0.1275	0.1238	0.1202	0.1214	0.1279	0.1234	0.1130	0.1081	0.1084	0.1122	0.1217	0.0989	0.0917	0.0896	0.0908	0.0965	0.1100	0.0788	0.0694	0.0656	0.0648	0.0679	0.0745	0.0894
1340	0.1277	0.1282	0.1265	0.1301	0.1274	0.1237	0.1203	0.1213	0.1278	0.1234	0.1130	0.1080	0.1085	0.1120	0.1216	0.0987	0.0916	0.0896	0.0908	0.0965	0.1099	0.0790	0.0694	0.0657	0.0650	0.0677	0.0745	0.0893
1341	0.1277	0.1282	0.1265	0.1300	0.1274	0.1237	0.1203	0.1213	0.1277	0.1233	0.1130	0.1080	0.1084	0.1119	0.1215	0.0986	0.0915	0.0894	0.0907	0.0965	0.1098	0.0790	0.0693	0.0656	0.0650	0.0676	0.0744	0.0893
1342	0.1277	0.1283	0.1265	0.1300	0.1275	0.1236	0.1204	0.1213	0.1277	0.1231	0.1130	0.1080	0.1082	0.1118	0.1214	0.0986	0.0914	0.0892	0.0907	0.0966	0.1097	0.0789	0.0693	0.0656	0.0650	0.0676	0.0742	0.0892
1343	0.1276	0.1284	0.1264	0.1299	0.1275	0.1236	0.1203	0.1214	0.1278	0.1230	0.1129	0.1080	0.1082	0.1118	0.1213	0.0986	0.0913	0.0892	0.0906	0.0965	0.1096	0.0789	0.0692	0.0656	0.0649	0.0676	0.0742	0.0891
1344	0.1275	0.1283	0.1263	0.1297	0.1275	0.1234	0.1203	0.1214	0.1279	0.1230	0.1127	0.1080	0.1081	0.1118	0.1213	0.0987	0.0913	0.0892	0.0905	0.0963	0.1095	0.0791	0.0691	0.0656	0.0648	0.0675	0.0742	0.0889
1345	0.1275	0.1282	0.1262	0.1296	0.1275	0.1234	0.1201	0.1214	0.1278	0.1230	0.1126	0.1080	0.1081	0.1117	0.1213	0.0988	0.0913	0.0892	0.0905	0.0963	0.1094	0.0792	0.0691	0.0655	0.0647	0.0674	0.0742	0.0888
1346	0.1275	0.1281	0.1262	0.1295	0.1274	0.1233	0.1199	0.1213	0.1276	0.1229	0.1125	0.1079	0.1079	0.1116	0.1213	0.0988	0.0913	0.0890	0.0904	0.0963	0.1094	0.0791	0.0690	0.0653	0.0645	0.0674	0.0741	0.0888
1347	0.1275	0.1281	0.1263	0.1294	0.1274	0.1233	0.1199	0.1213	0.1275	0.1228	0.1126	0.1078	0.1079	0.1115	0.1213	0.0987	0.0913	0.0889	0.0903	0.0963	0.1093	0.0791	0.0689	0.0652	0.0644	0.0674	0.0741	0.0889
1348	0.1276	0.1281	0.1262	0.1295	0.1273	0.1234	0.1199	0.1214	0.1275	0.1227	0.1126	0.1078	0.1079	0.1115	0.1211	0.0986	0.0912	0.0890	0.0903	0.0962	0.1094	0.0789	0.0689	0.0653	0.0645	0.0674	0.0740	0.0890
1349	0.1277	0.1279	0.1261	0.1295	0.1272	0.1234	0.1199	0.1213	0.1274	0.1227	0.1127	0.1077	0.1079	0.1114	0.1210	0.0985	0.0911	0.0889	0.0903	0.0962	0.1094	0.0788	0.0689	0.0653	0.0645	0.0674	0.0740	0.0891
1350	0.1276	0.1277	0.1259	0.1294	0.1271	0.1232	0.1198	0.1211	0.1273	0.1226	0.1126	0.1077	0.1079	0.1114	0.1211	0.0984	0.0911	0.0888	0.0903	0.0963	0.1095	0.0788	0.0689	0.0654	0.0645	0.0674	0.0740	0.0890
1351	0.1274	0.1275	0.1258	0.1292	0.1270	0.1232	0.1197	0.1210	0.1272	0.1225	0.1125	0.1076	0.1078	0.1114	0.1211	0.0983	0.0911	0.0887	0.0904	0.0963	0.1094	0.0787	0.0689	0.0654	0.0645	0.0673	0.0740	0.0889
1352	0.1273	0.1274	0.1257	0.1292	0.1269	0.1231	0.1196	0.1210	0.1272	0.1226	0.1124	0.1076	0.1077	0.1113	0.1210	0.0984	0.0912	0.0888	0.0903	0.0963	0.1093	0.0787	0.0689	0.0654	0.0645	0.0673	0.0739	0.0887
1353	0.1272	0.1274	0.1257	0.1292	0.1268	0.1231	0.1196	0.1210	0.1272	0.1225	0.1124	0.1076	0.1076	0.1112	0.1210	0.0985	0.0913	0.0888	0.0903	0.0963	0.1092	0.0787	0.0689	0.0654	0.0644	0.0673	0.0738	0.0886
1354	0.1272	0.1274	0.1256	0.1291	0.1267	0.1230	0.1196	0.1209	0.1271	0.1224	0.1122	0.1076	0.1075	0.1111	0.1209	0.0984	0.0911	0.0889	0.0901	0.0962	0.1092	0.0787	0.0688	0.0653	0.0644	0.0673	0.0737	0.0886
1355	0.1272	0.1274	0.1255	0.1290	0.1266	0.1230	0.1195	0.1208	0.1270	0.1224	0.1121	0.1075	0.1074	0.1110	0.1208	0.0984	0.0910	0.0889	0.0900	0.0961	0.1092	0.0786	0.0688	0.0652	0.0644	0.0673	0.0737	0.0885
1356	0.1272	0.1273	0.1254	0.1291	0.1266	0.1229	0.1195	0.1207	0.1269	0.1223	0.1120	0.1075	0.1075	0.1110	0.1208	0.0984	0.0909	0.0889	0.0899	0.0960	0.1092	0.0786	0.0687	0.0652	0.0643	0.0671	0.0737	0.0885
1357	0.1273	0.1272	0.1254	0.1291	0.1266	0.1229	0.1195	0.1207	0.1268	0.1222	0.1119	0.1075	0.1075	0.1110	0.1208	0.0984	0.0907	0.0888	0.0899	0.0959	0.1092	0.0786	0.0686	0.0651	0.0643	0.0669	0.0736	0.0884
1358	0.1273	0.1272	0.1254	0.1291	0.1265	0.1230	0.1196	0.1207	0.1268	0.1222	0.1119	0.1076	0.1073	0.1107	0.1207	0.0983	0.0908	0.0888	0.0899	0.0960	0.1092	0.0785	0.0686	0.0652	0.0643	0.0669	0.0736	0.0883
1359	0.1273	0.1272	0.1253	0.1292	0.1265	0.1231	0.1196	0.1207	0.1267	0.1221	0.1118	0.1076	0.1072	0.1105	0.1205	0.0982	0.0908	0.0887	0.0898	0.0960	0.1092	0.0784	0.0686	0.0653	0.0642	0.0669	0.0736	0.0883
1360	0.1272	0.1272	0.1253	0.1291	0.1264	0.1230	0.1194	0.1206	0.1266	0.1221	0.1118	0.1073	0.1071	0.1106	0.1204	0.0981	0.0909	0.0886	0.0898	0.0959	0.1090	0.0784	0.0685	0.0653	0.0641	0.0669	0.0737	0.0883
1361	0.1270	0.1271	0.1253	0.1290	0.1263	0.1229	0.1193	0.1204	0.1265	0.1221	0.1118	0.1069	0.1071	0.1106	0.1202	0.0980	0.0909	0.0885	0.0898	0.0959	0.1087	0.0783	0.0685	0.0654	0.0640	0.0670	0.0737	0.0883
1362	0.1269	0.1268	0.1252	0.1289	0.1262	0.1228	0.1192	0.1203	0.1264	0.1220	0.1119	0.1069	0.1071	0.1107	0.1202	0.0981	0.0908	0.0884	0.0898	0.0957	0.1085	0.0783	0.0685	0.0653	0.0641	0.0670	0.0735	0.0883
1363	0.1267	0.1266	0.1251	0.1288	0.1262	0.1228	0.1191	0.1202	0.1263	0.1219	0.1120	0.1068	0.1071	0.1107	0.1202	0.0982	0.0906	0.0883	0.0897	0.0956	0.1083	0.0782	0.0685	0.0652	0.0642	0.0669	0.0732	0.0883
1364	0.1266	0.1265	0.1249	0.1287	0.1261	0.1226	0.1190	0.1201	0.1263	0.1218	0.1120	0.1067	0.1069	0.1105	0.1199	0.0981	0.0905	0.0883	0.0896	0.0955	0.1082	0.0781	0.0685	0.0651	0.0641	0.0668	0.0730	0.0881
1365	0.1265	0.1265	0.1248	0.1285	0.1261	0.1224	0.1188	0.1200	0.1263	0.1217	0.1120	0.1066	0.1067	0.1103	0.1196	0.0979	0.0904	0.0882	0.0896	0.0954	0.1082	0.0780	0.0685	0.0649	0.0639	0.0667	0.0729	0.0879
1366	0.1264	0.1264	0.1248	0.1283	0.1260	0.1222	0.1188	0.1198	0.1260	0.1216	0.1118	0.1066	0.1066	0.1102	0.1194	0.0978	0.0904	0.0881	0.0896	0.0952	0.1079	0.0780	0.0684	0.0650	0.0640	0.0667	0.0728	0.0878
1367	0.1264	0.1262	0.1247	0.1281	0.1259	0.1221	0.1187	0.1197	0.1257	0.1214	0.1117	0.1067	0.1066	0.1101	0.1192	0.0977	0.0904	0.0881	0.0896	0.0950	0.1077	0.0779	0.0683	0.0651	0.0641	0.0667	0.0726	0.0877
1368	0.1264	0.1261	0.1247	0.1279	0.1259	0.1219	0.1185	0.1196	0.1255	0.1214	0.1115	0.1067	0.1066	0.1099	0.1191	0.0977	0.0903	0.0881	0.0895	0.0948	0.1076	0.0778	0.0682	0.0649	0.0640	0.0666	0.0727	0.0875
1369	0.1264	0.1259	0.1246	0.1278	0.1258	0.1217	0.1184	0.1195	0.1255	0.1214	0.1114	0.1066	0.1065	0.1098	0.1190	0.0977	0.0902	0.0881	0.0894	0.0946	0.1075	0.0777	0.0682	0.0647	0.0639	0.0664	0.0728	0.0873
1370	0.1263	0.1258	0.1244	0.1277	0.1256	0.1215	0.1181	0.1193	0.1254	0.1212	0.1112	0.1065	0.1062	0.1097	0.1188	0.0974	0.0902	0.0879	0.0893	0.0943	0.1074	0.0776	0.0681	0.0646	0.0638	0.0663	0.0726	0.0872
1371	0.1260	0.1256	0.1242	0.1276	0.1252	0.1214	0.1178	0.1192	0.1254	0.1211	0.1110	0.1063	0.1060	0.1095	0.1186	0.0972	0.0901	0.0877	0.0892	0.0941	0.1072	0.0775	0.0680	0.0647	0.0637	0.0661	0.0723	0.0871
1372	0.1258	0.1254	0.1240	0.1274	0.1251	0.1211	0.1176	0.1190	0.1251	0.1209	0.1108	0.1061	0.1058	0.1094	0.1183	0.0970	0.0901	0.0875	0.0890	0.0939	0.1070	0.0775	0.0679	0.0646	0.0635	0.0660	0.0721	0.0869
1373	0.1257	0.1253	0.1239	0.1271	0.1250	0.1209	0.1175	0.1188	0.1249	0.1207	0.1107	0.1058	0.1055	0.1093	0.1180	0.0968	0.0901	0.0874	0.0888	0.0937	0.1067	0.0775	0.0678	0.0644	0.0634	0.0658	0.0720	0.0867
1374	0.1256	0.1252	0.1236	0.1269	0.1247	0.1207	0.1174	0.1186	0.1245	0.1205	0.1105	0.1057	0.1053	0.1091	0.1177	0.0967	0.0898	0.0872	0.0885	0.0936	0.1064	0.0774	0.0676	0.0642	0.0633	0.0656	0.0719	0.0864
1375	0.1254	0.1250	0.1233	0.1266	0.1244	0.1205	0.1173	0.1182	0.1242	0.1204	0.1103	0.1056	0.1050	0.1088	0.1174	0.0966	0.0894	0.0870	0.0881	0.0935	0.1062	0.0772	0.0674	0.0641	0.0632	0.0653	0.0718	0.0860
1376	0.1250	0.1247	0.1230	0.1263	0.1241	0.1203	0.1172	0.1179	0.1238	0.1202	0.1101	0.1054	0.1048	0.1085	0.1172	0.0965	0.0891	0.0868	0.0878	0.0933	0.1059	0.0771	0.0672	0.0640	0.0630	0.0652	0.0717	0.0858
1377	0.1246	0.1244	0.1228	0.1260	0.1239	0.1201	0.1169	0.1177	0.1233	0.1199	0.1098	0.1051	0.1046	0.1083	0.1170	0.0963	0.0890	0.0866	0.0876	0.0931	0.1055	0.0770	0.0671	0.0639	0.0628	0.0651	0.0715	0.0857
1378	0.1241	0.1241	0.1224	0.1257	0.1237	0.1197	0.1166	0.1175	0.1230	0.1196	0.1095	0.1048	0.1043	0.1080	0.1168	0.0961	0.0888	0.0864	0.0873	0.0929	0.1053	0.0768	0.0671	0.0637	0.0626	0.0649	0.0713	0.0854
1379	0.1238	0.1237	0.1219	0.1254	0.1233	0.1193	0.1161	0.1172	0.1227	0.1193	0.1091	0.1046	0.1040	0.1077	0.1165	0.0957	0.0887	0.0860	0.0871	0.0927	0.1052	0.0765	0.0670	0.0634	0.0624	0.0647	0.0710	0.0850
1380	0.1234	0.1233	0.1214	0.1249	0.1229	0.1189	0.1157	0.1168	0.1224	0.1190	0.1089	0.1043	0.1037	0.1073	0.1161	0.0954	0.0884	0.0858	0.0869	0.0924	0.1048	0.0762	0.0668	0.0632	0.0622	0.0645	0.0708	0.0847
1381	0.1231	0.1229	0.1209	0.1244	0.1225	0.1184	0.1153	0.1164	0.1219	0.1185	0.1086	0.1039	0.1033	0.1067	0.1155	0.0949	0.0880	0.0855	0.0867	0.0919	0.1043	0.0760	0.0664	0.0629	0.0620	0.0643	0.0705	0.0846
1382	0.1227	0.1226	0.1203	0.1239	0.1220	0.1180	0.1149	0.1160	0.1213	0.1181	0.1083	0.1035	0.1029	0.1062	0.1149	0.0945	0.0876	0.0852	0.0863	0.0915	0.1038	0.0758	0.0661	0.0627	0.0617	0.0640	0.0703	0.0843
1383	0.1222	0.1221	0.1197	0.1234	0.1216	0.1176	0.1145	0.1155	0.1207	0.1175	0.1078	0.1029	0.1025	0.1058	0.1146	0.0942	0.0872	0.0849	0.0858	0.0912	0.1035	0.0754	0.0659	0.0625	0.0615	0.0636	0.0701	0.0840
1384	0.1217	0.1216	0.1192	0.1228	0.1211	0.1172	0.1140	0.1149	0.1201	0.1170	0.1073	0.1024	0.1020	0.1053	0.1142	0.0937	0.0867	0.0845	0.0853	0.0907	0.1030	0.0751	0.0657	0.0622	0.0612	0.0633	0.0698	0.0837
1385	0.1211	0.1211	0.1187	0.1221	0.1205	0.1168	0.1135	0.1141	0.1196	0.1164	0.1068	0.1019	0.1015	0.1047	0.1137	0.0932	0.0862	0.0841	0.0849	0.0902	0.1024	0.0747	0.0655	0.0619	0.0608	0.0628	0.0694	0.0834
1386	0.1205	0.1205	0.1182	0.1214	0.1199	0.1163	0.1129	0.1133	0.1190	0.1158	0.1062	0.1013	0.1009	0.1041	0.1131	0.0927	0.0856	0.0836	0.0844	0.0897	0.1018	0.0743	0.0651	0.0616	0.0605	0.0625	0.0690	0.0831
1387	0.1199	0.1199	0.1177	0.1208	0.1193	0.1156	0.1122	0.1128	0.1184	0.1153	0.1056	0.1008	0.1002	0.1035	0.1124	0.0923	0.0852	0.0831	0.0840	0.0892	0.1014	0.0740	0.0647	0.0612	0.0602	0.0622	0.0685	0.0828
1388	0.1193	0.1193	0.1171	0.1202	0.1186	0.1148	0.1115	0.1121	0.1177	0.1147	0.1050	0.1002	0.0996	0.1029	0.1116	0.0919	0.0847	0.0825	0.0835	0.0887	0.1009	0.0737	0.0643	0.0609	0.0600	0.0619	0.0681	0.0825
1389	0.1186	0.1186	0.1164	0.1194	0.1178	0.1142	0.1107	0.1115	0.1170	0.1140	0.1043	0.0995	0.0989	0.1023	0.1110	0.0914	0.0843	0.0818	0.0829	0.0881	0.1002	0.0733	0.0639	0.0606	0.0596	0.0615	0.0677	0.0820
1390	0.1180	0.1178	0.1157	0.1186	0.1170	0.1135	0.1099	0.1108	0.1162	0.1132	0.1037	0.0989	0.0982	0.1017	0.1104	0.0909	0.0840	0.0812	0.0823	0.0876	0.0995	0.0729	0.0634	0.0603	0.0592	0.0611	0.0673	0.0816
1391	0.1172	0.1170	0.1146	0.1177	0.1162	0.1126	0.1091	0.1100	0.1155	0.1124	0.1031	0.0982	0.0976	0.1010	0.1097	0.0902	0.0835	0.0807	0.0819	0.0869	0.0988	0.0723	0.0630	0.0600	0.0586	0.0607	0.0668	0.0810
1392	0.1164	0.1161	0.1136	0.1168	0.1154	0.1118	0.1083	0.1091	0.1149	0.1116	0.1025	0.0974	0.0970	0.1004	0.1088	0.0895	0.0829	0.0803	0.0814	0.0862	0.0982	0.0718	0.0626	0.0596	0.0581	0.0602	0.0663	0.0804
1393	0.1154	0.1152	0.1129	0.1160	0.1146	0.1111	0.1075	0.1084	0.1139	0.1108	0.1016	0.0967	0.0963	0.0996	0.1081	0.0889	0.0823	0.0796	0.0807	0.0856	0.0975	0.0713	0.0621	0.0592	0.0577	0.0597	0.0659	0.0798
1394	0.1145	0.1142	0.1122	0.1152	0.1137	0.1103	0.1068	0.1077	0.1129	0.1100	0.1008	0.0959	0.0956	0.0987	0.1073	0.0884	0.0817	0.0790	0.0801	0.0850	0.0968	0.0709	0.0616	0.0587	0.0573	0.0592	0.0655	0.0793
1395	0.1136	0.1133	0.1113	0.1143	0.1129	0.1096	0.1059	0.1069	0.1121	0.1091	0.0999	0.0954	0.0949	0.0979	0.1065	0.0878	0.0809	0.0785	0.0796	0.0844	0.0961	0.0704	0.0611	0.0583	0.0569	0.0589	0.0651	0.0788
1396	0.1127	0.1125	0.1103	0.1134	0.1120	0.1089	0.1050	0.1060	0.1113	0.1083	0.0991	0.0948	0.0942	0.0971	0.1057	0.0872	0.0802	0.0780	0.0791	0.0839	0.0955	0.0699	0.0606	0.0578	0.0565	0.0587	0.0647	0.0784
1397	0.1118	0.1117	0.1095	0.1125	0.1111	0.1079	0.1041	0.1051	0.1103	0.1075	0.0984	0.0940	0.0934	0.0964	0.1048	0.0865	0.0796	0.0772	0.0785	0.0832	0.0949	0.0693	0.0602	0.0571	0.0562	0.0582	0.0642	0.0778
1398	0.1110	0.1109	0.1087	0.1116	0.1102	0.1069	0.1033	0.1042	0.1093	0.1067	0.0977	0.0933	0.0925	0.0957	0.1040	0.0857	0.0791	0.0764	0.0778	0.0826	0.0944	0.0686	0.0597	0.0564	0.0558	0.0577	0.0638	0.0772
1399	0.1101	0.1100	0.1078	0.1107	0.1094	0.1061	0.1026	0.1035	0.1084	0.1059	0.0969	0.0924	0.0919	0.0949	0.1033	0.0851	0.0784	0.0759	0.0773	0.0819	0.0937	0.0682	0.0593	0.0560	0.0553	0.0573	0.0633	0.0767
1400	0.1093	0.1091	0.1069	0.1098	0.1086	0.1054	0.1018	0.1027	0.1075	0.1051	0.0961	0.0915	0.0912	0.0942	0.1026	0.0845	0.0778	0.0754	0.0768	0.0812	0.0929	0.0677	0.0589	0.0557	0.0548	0.0570	0.0629	0.0763
1401	0.1083	0.1082	0.1061	0.1089	0.1078	0.1045	0.1010	0.1018	0.1067	0.1042	0.0953	0.0908	0.0905	0.0934	0.1018	0.0839	0.0772	0.0749	0.0761	0.0807	0.0923	0.0672	0.0585	0.0552	0.0544	0.0566	0.0624	0.0758
1402	0.1074	0.1074	0.1052	0.1082	0.1068	0.1036	0.1002	0.1009	0.1059	0.1033	0.0944	0.0902	0.0899	0.0925	0.1010	0.0833	0.0765	0.0745	0.0754	0.0802	0.0917	0.0667	0.0580	0.0548	0.0540	0.0562	0.0620	0.0753
1403	0.1067	0.1066	0.1045	0.1073	0.1061	0.1029	0.0995	0.1001	0.1051	0.1025	0.0938	0.0895	0.0891	0.0918	0.1002	0.0827	0.0760	0.0739	0.0747	0.0796	0.0911	0.0661	0.0576	0.0544	0.0536	0.0558	0.0616	0.0748
1404	0.1060	0.1059	0.1038	0.1064	0.1053	0.1022	0.0987	0.0994	0.1042	0.1017	0.0932	0.0887	0.0884	0.0911	0.0994	0.0821	0.0754	0.0733	0.0741	0.0789	0.0905	0.0656	0.0572	0.0540	0.0533	0.0555	0.0612	0.0742
1405	0.1053	0.1050	0.1031	0.1056	0.1046	0.1014	0.0981	0.0986	0.1035	0.1010	0.0925	0.0880	0.0877	0.0905	0.0987	0.0814	0.0748	0.0727	0.0736	0.0783	0.0898	0.0652	0.0568	0.0535	0.0529	0.0550	0.0607	0.0737
1406	0.1046	0.1042	0.1024	0.1047	0.1039	0.1005	0.0975	0.0979	0.1027	0.1004	0.0919	0.0874	0.0871	0.0899	0.0981	0.0807	0.0741	0.0720	0.0730	0.0777	0.0892	0.0648	0.0564	0.0531	0.0525	0.0546	0.0601	0.0733
1407	0.1040	0.1034	0.1017	0.1040	0.1032	0.0998	0.0967	0.0972	0.1020	0.0998	0.0914	0.0868	0.0865	0.0892	0.0975	0.0801	0.0736	0.0715	0.0725	0.0771	0.0887	0.0644	0.0560	0.0527	0.0521	0.0542	0.0597	0.0730
1408	0.1033	0.1028	0.1010	0.1033	0.1025	0.0992	0.0960	0.0965	0.1014	0.0992	0.0908	0.0862	0.0860	0.0885	0.0968	0.0796	0.0731	0.0710	0.0720	0.0767	0.0882	0.0640	0.0557	0.0523	0.0518	0.0538	0.0593	0.0726
1409	0.1026	0.1022	0.1003	0.1026	0.1018	0.0987	0.0953	0.0959	0.1008	0.0985	0.0902	0.0857	0.0855	0.0880	0.0962	0.0792	0.0726	0.0705	0.0716	0.0762	0.0877	0.0636	0.0552	0.0519	0.0513	0.0534	0.0590	0.0723
1410	0.1019	0.1016	0.0996	0.1020	0.1012	0.0981	0.0946	0.0952	0.1002	0.0979	0.0896	0.0853	0.0850	0.0876	0.0957	0.0787	0.0721	0.0701	0.0712	0.0758	0.0872	0.0632	0.0548	0.0515	0.0509	0.0530	0.0587	0.0719
1411	0.1013	0.1011	0.0989	0.1014	0.1006	0.0976	0.0940	0.0947	0.0996	0.0975	0.0890	0.0848	0.0846	0.0871	0.0951	0.0782	0.0717	0.0698	0.0708	0.0754	0.0867	0.0629	0.0544	0.0513	0.0506	0.0527	0.0584	0.0715
1412	0.1007	0.1005	0.0983	0.1010	0.1001	0.0971	0.0935	0.0943	0.0990	0.0970	0.0885	0.0843	0.0841	0.0866	0.0946	0.0777	0.0715	0.0695	0.0703	0.0750	0.0862	0.0625	0.0542	0.0510	0.0505	0.0525	0.0581	0.0711
1413	0.1002	0.1000	0.0978	0.1005	0.0997	0.0965	0.0930	0.0939	0.0984	0.0965	0.0880	0.0838	0.0836	0.0861	0.0941	0.0774	0.0712	0.0692	0.0699	0.0746	0.0857	0.0623	0.0539	0.0508	0.0502	0.0522	0.0577	0.0708
1414	0.0998	0.0995	0.0974	0.1000	0.0992	0.0960	0.0925	0.0934	0.0980	0.0960	0.0875	0.0834	0.0831	0.0857	0.0936	0.0770	0.0709	0.0689	0.0696	0.0742	0.0854	0.0621	0.0536	0.0505	0.0499	0.0520	0.0574	0.0705
1415	0.0993	0.0991	0.0969	0.0995	0.0988	0.0956	0.0922	0.0929	0.0975	0.0956	0.0872	0.0830	0.0826	0.0852	0.0931	0.0767	0.0706	0.0686	0.0693	0.0738	0.0851	0.0618	0.0534	0.0502	0.0496	0.0518	0.0571	0.0703
1416	0.0989	0.0988	0.0965	0.0990	0.0985	0.0953	0.0919	0.0925	0.0971	0.0952	0.0870	0.0827	0.0823	0.0849	0.0927	0.0764	0.0703	0.0684	0.0691	0.0736	0.0849	0.0616	0.0534	0.0501	0.0495	0.0514	0.0569	0.0700
1417	0.0985	0.0985	0.0960	0.0986	0.0982	0.0950	0.0916	0.0921	0.0967	0.0949	0.0867	0.0824	0.0820	0.0846	0.0923	0.0761	0.0700	0.0682	0.0687	0.0734	0.0846	0.0613	0.0533	0.0500	0.0493	0.0512	0.0568	0.0698
1418	0.0981	0.0982	0.0957	0.0983	0.0978	0.0947	0.0912	0.0917	0.0963	0.0945	0.0864	0.0822	0.0817	0.0844	0.0920	0.0758	0.0697	0.0679	0.0684	0.0732	0.0842	0.0610	0.0531	0.0499	0.0491	0.0510	0.0567	0.0697
1419	0.0978	0.0980	0.0954	0.0979	0.0974	0.0944	0.0910	0.0913	0.0960	0.0942	0.0861	0.0819	0.0815	0.0841	0.0916	0.0756	0.0695	0.0675	0.0681	0.0730	0.0839	0.0608	0.0529	0.0498	0.0489	0.0509	0.0566	0.0695
1420	0.0976	0.0977	0.0954	0.0975	0.0970	0.0941	0.0907	0.0911	0.0957	0.0939	0.0859	0.0817	0.0812	0.0839	0.0914	0.0754	0.0693	0.0672	0.0679	0.0727	0.0837	0.0607	0.0528	0.0496	0.0487	0.0508	0.0565	0.0692
1421	0.0974	0.0974	0.0952	0.0972	0.0967	0.0938	0.0905	0.0909	0.0954	0.0937	0.0858	0.0815	0.0809	0.0837	0.0911	0.0753	0.0692	0.0670	0.0678	0.0724	0.0834	0.0605	0.0527	0.0494	0.0486	0.0507	0.0563	0.0691
1422	0.0972	0.0972	0.0949	0.0970	0.0965	0.0935	0.0904	0.0906	0.0952	0.0935	0.0856	0.0813	0.0807	0.0837	0.0909	0.0752	0.0690	0.0668	0.0677	0.0723	0.0833	0.0604	0.0525	0.0493	0.0486	0.0505	0.0562	0.0689
1423	0.0970	0.0970	0.0946	0.0969	0.0962	0.0932	0.0902	0.0904	0.0949	0.0933	0.0853	0.0811	0.0805	0.0836	0.0908	0.0751	0.0688	0.0667	0.0675	0.0721	0.0831	0.0603	0.0524	0.0492	0.0485	0.0504	0.0560	0.0688
1424	0.0968	0.0969	0.0943	0.0967	0.0961	0.0931	0.0899	0.0903	0.0947	0.0931	0.0850	0.0809	0.0802	0.0832	0.0906	0.0749	0.0686	0.0665	0.0673	0.0719	0.0829	0.0601	0.0522	0.0492	0.0484	0.0503	0.0560	0.0687
1425	0.0967	0.0967	0.0940	0.0965	0.0961	0.0929	0.0897	0.0901	0.0945	0.0928	0.0847	0.0808	0.0800	0.0829	0.0905	0.0747	0.0684	0.0664	0.0671	0.0717	0.0828	0.0600	0.0521	0.0491	0.0484	0.0503	0.0559	0.0686
1426	0.0965	0.0964	0.0939	0.0962	0.0960	0.0927	0.0895	0.0899	0.0943	0.0926	0.0847	0.0806	0.0798	0.0826	0.0903	0.0745	0.0684	0.0664	0.0670	0.0716	0.0826	0.0598	0.0520	0.0490	0.0483	0.0502	0.0557	0.0684
1427	0.0963	0.0961	0.0937	0.0960	0.0958	0.0925	0.0893	0.0897	0.0941	0.0925	0.0847	0.0804	0.0796	0.0824	0.0901	0.0743	0.0683	0.0663	0.0668	0.0715	0.0825	0.0597	0.0519	0.0489	0.0482	0.0501	0.0555	0.0682
1428	0.0960	0.0961	0.0936	0.0958	0.0956	0.0924	0.0891	0.0896	0.0940	0.0923	0.0845	0.0803	0.0795	0.0823	0.0899	0.0741	0.0680	0.0661	0.0667	0.0714	0.0823	0.0596	0.0518	0.0488	0.0480	0.0499	0.0553	0.0681
1429	0.0957	0.0960	0.0934	0.0957	0.0953	0.0924	0.0889	0.0895	0.0939	0.0921	0.0842	0.0802	0.0795	0.0822	0.0898	0.0739	0.0678	0.0660	0.0666	0.0713	0.0821	0.0595	0.0518	0.0487	0.0479	0.0498	0.0552	0.0679
1430	0.0956	0.0958	0.0932	0.0956	0.0951	0.0922	0.0887	0.0893	0.0938	0.0919	0.0841	0.0800	0.0795	0.0821	0.0896	0.0738	0.0678	0.0658	0.0665	0.0711	0.0820	0.0594	0.0517	0.0487	0.0478	0.0498	0.0550	0.0677
1431	0.0955	0.0957	0.0930	0.0954	0.0949	0.0921	0.0887	0.0890	0.0937	0.0916	0.0840	0.0798	0.0795	0.0821	0.0895	0.0737	0.0678	0.0657	0.0664	0.0709	0.0818	0.0592	0.0517	0.0486	0.0476	0.0497	0.0549	0.0676
1432	0.0953	0.0956	0.0929	0.0953	0.0947	0.0919	0.0886	0.0889	0.0935	0.0915	0.0839	0.0796	0.0793	0.0820	0.0894	0.0736	0.0677	0.0657	0.0663	0.0708	0.0817	0.0591	0.0516	0.0485	0.0475	0.0497	0.0548	0.0675
1433	0.0952	0.0954	0.0928	0.0951	0.0946	0.0917	0.0885	0.0887	0.0934	0.0915	0.0837	0.0794	0.0792	0.0819	0.0893	0.0734	0.0675	0.0656	0.0662	0.0707	0.0815	0.0590	0.0515	0.0484	0.0474	0.0497	0.0548	0.0674
1434	0.0951	0.0952	0.0926	0.0949	0.0945	0.0916	0.0883	0.0886	0.0933	0.0914	0.0836	0.0794	0.0791	0.0817	0.0890	0.0733	0.0674	0.0655	0.0661	0.0705	0.0813	0.0590	0.0515	0.0483	0.0475	0.0497	0.0547	0.0672
1435	0.0950	0.0950	0.0924	0.0948	0.0945	0.0914	0.0882	0.0885	0.0932	0.0914	0.0835	0.0794	0.0790	0.0816	0.0887	0.0732	0.0673	0.0655	0.0659	0.0704	0.0812	0.0590	0.0515	0.0482	0.0475	0.0497	0.0545	0.0670
1436	0.0950	0.0949	0.0923	0.0946	0.0944	0.0914	0.0881	0.0884	0.0930	0.0912	0.0834	0.0792	0.0788	0.0815	0.0886	0.0733	0.0673	0.0654	0.0658	0.0704	0.0811	0.0589	0.0515	0.0480	0.0475	0.0495	0.0545	0.0669
1437	0.0949	0.0948	0.0922	0.0945	0.0943	0.0914	0.0881	0.0884	0.0928	0.0911	0.0834	0.0791	0.0787	0.0814	0.0885	0.0734	0.0672	0.0653	0.0657	0.0704	0.0810	0.0588	0.0514	0.0477	0.0475	0.0493	0.0544	0.0669
1438	0.0947	0.0947	0.0921	0.0944	0.0942	0.0913	0.0880	0.0882	0.0926	0.0910	0.0833	0.0791	0.0785	0.0813	0.0884	0.0733	0.0671	0.0652	0.0657	0.0703	0.0810	0.0587	0.0513	0.0478	0.0474	0.0492	0.0544	0.0668
1439	0.0944	0.0946	0.0920	0.0944	0.0942	0.0911	0.0879	0.0881	0.0925	0.0909	0.0832	0.0790	0.0784	0.0811	0.0883	0.0731	0.0670	0.0651	0.0659	0.0702	0.0809	0.0586	0.0512	0.0479	0.0473	0.0492	0.0544	0.0667
1440	0.0944	0.0945	0.0919	0.0944	0.0941	0.0909	0.0878	0.0880	0.0925	0.0908	0.0831	0.0790	0.0783	0.0811	0.0882	0.0731	0.0670	0.0650	0.0658	0.0702	0.0808	0.0586	0.0511	0.0479	0.0473	0.0491	0.0543	0.0667
1441	0.0943	0.0945	0.0919	0.0942	0.0941	0.0907	0.0877	0.0878	0.0925	0.0907	0.0830	0.0788	0.0782	0.0810	0.0882	0.0731	0.0671	0.0650	0.0657	0.0702	0.0807	0.0586	0.0511	0.0478	0.0473	0.0491	0.0541	0.0667
1442	0.0942	0.0944	0.0918	0.0942	0.0940	0.0907	0.0877	0.0878	0.0925	0.0907	0.0830	0.0788	0.0782	0.0810	0.0882	0.0731	0.0670	0.0650	0.0657	0.0702	0.0806	0.0585	0.0510	0.0479	0.0472	0.0492	0.0540	0.0667
1443	0.0942	0.0943	0.0918	0.0941	0.0938	0.0906	0.0876	0.0878	0.0924	0.0907	0.0830	0.0787	0.0782	0.0809	0.0881	0.0730	0.0669	0.0649	0.0656	0.0702	0.0806	0.0584	0.0510	0.0480	0.0471	0.0492	0.0539	0.0667
1444	0.0941	0.0942	0.0917	0.0941	0.0937	0.0906	0.0876	0.0878	0.0923	0.0906	0.0829	0.0787	0.0782	0.0808	0.0881	0.0729	0.0668	0.0650	0.0655	0.0700	0.0805	0.0585	0.0510	0.0479	0.0471	0.0491	0.0539	0.0666
1445	0.0941	0.0942	0.0917	0.0940	0.0936	0.0907	0.0876	0.0877	0.0922	0.0906	0.0828	0.0787	0.0781	0.0806	0.0880	0.0728	0.0668	0.0650	0.0654	0.0699	0.0804	0.0586	0.0510	0.0477	0.0471	0.0490	0.0540	0.0666
1446	0.0941	0.0941	0.0916	0.0939	0.0936	0.0907	0.0875	0.0877	0.0920	0.0906	0.0828	0.0787	0.0781	0.0805	0.0879	0.0728	0.0668	0.0649	0.0654	0.0698	0.0804	0.0586	0.0509	0.0477	0.0471	0.0489	0.0540	0.0665
1447	0.0941	0.0939	0.0914	0.0938	0.0935	0.0907	0.0875	0.0876	0.0920	0.0906	0.0827	0.0785	0.0781	0.0805	0.0879	0.0727	0.0669	0.0649	0.0653	0.0697	0.0805	0.0587	0.0508	0.0477	0.0471	0.0488	0.0540	0.0663
1448	0.0941	0.0939	0.0914	0.0938	0.0934	0.0908	0.0874	0.0876	0.0919	0.0906	0.0827	0.0785	0.0780	0.0804	0.0879	0.0727	0.0668	0.0648	0.0653	0.0697	0.0804	0.0586	0.0508	0.0476	0.0471	0.0488	0.0541	0.0663
1449	0.0941	0.0939	0.0914	0.0939	0.0934	0.0908	0.0874	0.0876	0.0918	0.0906	0.0826	0.0785	0.0779	0.0804	0.0879	0.0727	0.0668	0.0647	0.0654	0.0697	0.0803	0.0586	0.0508	0.0475	0.0471	0.0489	0.0541	0.0662
1450	0.0941	0.0939	0.0914	0.0939	0.0934	0.0908	0.0874	0.0876	0.0918	0.0905	0.0827	0.0784	0.0779	0.0803	0.0878	0.0728	0.0668	0.0646	0.0654	0.0697	0.0803	0.0586	0.0508	0.0474	0.0471	0.0489	0.0542	0.0662
1451	0.0941	0.0940	0.0915	0.0938	0.0934	0.0907	0.0874	0.0876	0.0918	0.0905	0.0828	0.0783	0.0779	0.0802	0.0877	0.0728	0.0668	0.0646	0.0655	0.0697	0.0804	0.0586	0.0510	0.0474	0.0470	0.0490	0.0542	0.0661
1452	0.0941	0.0940	0.0914	0.0937	0.0934	0.0906	0.0873	0.0876	0.0918	0.0904	0.0828	0.0784	0.0779	0.0802	0.0877	0.0728	0.0667	0.0646	0.0655	0.0697	0.0803	0.0586	0.0510	0.0474	0.0471	0.0490	0.0543	0.0662
1453	0.0941	0.0940	0.0913	0.0937	0.0934	0.0906	0.0871	0.0876	0.0919	0.0905	0.0828	0.0784	0.0780	0.0804	0.0877	0.0727	0.0667	0.0646	0.0654	0.0697	0.0801	0.0585	0.0510	0.0474	0.0472	0.0489	0.0543	0.0662
1454	0.0941	0.0940	0.0913	0.0936	0.0934	0.0907	0.0871	0.0876	0.0920	0.0905	0.0828	0.0784	0.0780	0.0804	0.0877	0.0727	0.0666	0.0646	0.0653	0.0697	0.0800	0.0585	0.0510	0.0474	0.0472	0.0489	0.0542	0.0662
1455	0.0941	0.0941	0.0914	0.0936	0.0935	0.0908	0.0873	0.0876	0.0921	0.0905	0.0828	0.0783	0.0781	0.0804	0.0878	0.0728	0.0666	0.0647	0.0654	0.0697	0.0801	0.0585	0.0510	0.0473	0.0471	0.0490	0.0542	0.0662
1456	0.0941	0.0941	0.0915	0.0936	0.0935	0.0908	0.0873	0.0876	0.0921	0.0906	0.0828	0.0783	0.0781	0.0803	0.0878	0.0728	0.0666	0.0648	0.0655	0.0697	0.0801	0.0585	0.0510	0.0473	0.0470	0.0489	0.0543	0.0663
1457	0.0942	0.0940	0.0917	0.0937	0.0936	0.0908	0.0874	0.0876	0.0920	0.0907	0.0829	0.0783	0.0780	0.0804	0.0879	0.0728	0.0666	0.0648	0.0656	0.0696	0.0801	0.0587	0.0511	0.0474	0.0470	0.0488	0.0543	0.0663
1458	0.0942	0.0940	0.0918	0.0938	0.0936	0.0908	0.0874	0.0876	0.0920	0.0908	0.0829	0.0784	0.0780	0.0805	0.0880	0.0728	0.0666	0.0648	0.0657	0.0697	0.0802	0.0587	0.0511	0.0475	0.0470	0.0488	0.0543	0.0663
1459	0.0943	0.0940	0.0920	0.0939	0.0937	0.0908	0.0875	0.0877	0.0921	0.0908	0.0829	0.0785	0.0780	0.0806	0.0880	0.0728	0.0667	0.0649	0.0656	0.0698	0.0803	0.0587	0.0512	0.0475	0.0470	0.0490	0.0544	0.0662
1460	0.0944	0.0940	0.0921	0.0939	0.0937	0.0908	0.0875	0.0878	0.0922	0.0908	0.0830	0.0787	0.0781	0.0808	0.0880	0.0729	0.0668	0.0650	0.0656	0.0699	0.0804	0.0587	0.0513	0.0475	0.0470	0.0491	0.0544	0.0662
1461	0.0944	0.0942	0.0921	0.0941	0.0938	0.0908	0.0876	0.0879	0.0923	0.0908	0.0831	0.0789	0.0783	0.0808	0.0881	0.0730	0.0669	0.0650	0.0657	0.0699	0.0805	0.0588	0.0513	0.0475	0.0470	0.0491	0.0544	0.0662
1462	0.0945	0.0943	0.0922	0.0943	0.0939	0.0909	0.0877	0.0880	0.0923	0.0908	0.0832	0.0790	0.0784	0.0809	0.0882	0.0731	0.0670	0.0651	0.0657	0.0700	0.0806	0.0588	0.0514	0.0476	0.0470	0.0491	0.0544	0.0663
1463	0.0946	0.0944	0.0923	0.0944	0.0940	0.0910	0.0878	0.0880	0.0924	0.0910	0.0833	0.0790	0.0784	0.0809	0.0884	0.0732	0.0671	0.0651	0.0658	0.0702	0.0806	0.0589	0.0514	0.0476	0.0471	0.0491	0.0544	0.0663
1464	0.0947	0.0946	0.0925	0.0945	0.0941	0.0911	0.0879	0.0880	0.0925	0.0911	0.0834	0.0791	0.0784	0.0810	0.0885	0.0733	0.0672	0.0651	0.0660	0.0703	0.0806	0.0589	0.0515	0.0477	0.0472	0.0491	0.0544	0.0663
1465	0.0948	0.0948	0.0926	0.0946	0.0942	0.0913	0.0879	0.0882	0.0926	0.0912	0.0835	0.0792	0.0785	0.0812	0.0886	0.0735	0.0673	0.0651	0.0661	0.0704	0.0806	0.0589	0.0515	0.0478	0.0472	0.0492	0.0544	0.0664
1466	0.0949	0.0949	0.0927	0.0947	0.0943	0.0914	0.0880	0.0884	0.0927	0.0914	0.0836	0.0793	0.0786	0.0813	0.0888	0.0737	0.0674	0.0652	0.0661	0.0705	0.0807	0.0591	0.0515	0.0479	0.0473	0.0493	0.0545	0.0665
1467	0.0951	0.0951	0.0928	0.0950	0.0945	0.0916	0.0882	0.0886	0.0929	0.0916	0.0837	0.0794	0.0788	0.0813	0.0889	0.0738	0.0676	0.0653	0.0662	0.0705	0.0808	0.0592	0.0516	0.0481	0.0474	0.0494	0.0546	0.0665
1468	0.0953	0.0952	0.0929	0.0953	0.0946	0.0917	0.0885	0.0888	0.0930	0.0917	0.0839	0.0795	0.0790	0.0814	0.0889	0.0740	0.0677	0.0654	0.0662	0.0705	0.0810	0.0594	0.0516	0.0482	0.0476	0.0495	0.0548	0.0666
1469	0.0954	0.0953	0.0932	0.0954	0.0948	0.0919	0.0886	0.0890	0.0932	0.0918	0.0841	0.0797	0.0791	0.0816	0.0890	0.0740	0.0679	0.0656	0.0663	0.0705	0.0811	0.0594	0.0518	0.0482	0.0478	0.0496	0.0548	0.0666
1470	0.0956	0.0954	0.0934	0.0955	0.0950	0.0921	0.0888	0.0891	0.0933	0.0920	0.0842	0.0799	0.0792	0.0817	0.0891	0.0741	0.0680	0.0657	0.0663	0.0706	0.0813	0.0594	0.0519	0.0483	0.0481	0.0497	0.0548	0.0667
1471	0.0958	0.0956	0.0935	0.0956	0.0952	0.0923	0.0890	0.0892	0.0936	0.0922	0.0843	0.0801	0.0795	0.0820	0.0893	0.0743	0.0682	0.0659	0.0665	0.0708	0.0813	0.0595	0.0519	0.0483	0.0482	0.0498	0.0549	0.0668
1472	0.0961	0.0958	0.0937	0.0958	0.0955	0.0925	0.0892	0.0894	0.0940	0.0923	0.0844	0.0802	0.0797	0.0822	0.0895	0.0744	0.0683	0.0660	0.0667	0.0709	0.0814	0.0596	0.0520	0.0484	0.0483	0.0499	0.0550	0.0669
1473	0.0964	0.0960	0.0939	0.0960	0.0957	0.0927	0.0894	0.0896	0.0942	0.0925	0.0846	0.0804	0.0798	0.0825	0.0897	0.0744	0.0685	0.0662	0.0668	0.0711	0.0816	0.0597	0.0522	0.0486	0.0484	0.0499	0.0552	0.0671
1474	0.0966	0.0962	0.0942	0.0963	0.0958	0.0929	0.0895	0.0899	0.0943	0.0926	0.0848	0.0806	0.0799	0.0827	0.0899	0.0744	0.0686	0.0664	0.0668	0.0712	0.0818	0.0598	0.0524	0.0487	0.0485	0.0500	0.0554	0.0673
1475	0.0968	0.0965	0.0944	0.0965	0.0961	0.0932	0.0897	0.0901	0.0945	0.0929	0.0851	0.0807	0.0800	0.0828	0.0900	0.0747	0.0688	0.0666	0.0670	0.0714	0.0818	0.0601	0.0525	0.0489	0.0486	0.0500	0.0554	0.0674
1476	0.0969	0.0967	0.0946	0.0968	0.0963	0.0934	0.0899	0.0903	0.0947	0.0932	0.0853	0.0809	0.0801	0.0829	0.0900	0.0750	0.0690	0.0668	0.0672	0.0716	0.0819	0.0603	0.0525	0.0490	0.0487	0.0500	0.0555	0.0675
1477	0.0971	0.0970	0.0949	0.0970	0.0966	0.0936	0.0902	0.0906	0.0950	0.0935	0.0855	0.0812	0.0804	0.0830	0.0902	0.0752	0.0692	0.0670	0.0674	0.0718	0.0821	0.0605	0.0526	0.0491	0.0488	0.0501	0.0554	0.0676
1478	0.0973	0.0972	0.0951	0.0973	0.0969	0.0938	0.0905	0.0909	0.0953	0.0938	0.0857	0.0814	0.0808	0.0831	0.0904	0.0754	0.0693	0.0673	0.0677	0.0720	0.0823	0.0607	0.0527	0.0492	0.0490	0.0503	0.0554	0.0676
1479	0.0977	0.0974	0.0954	0.0976	0.0971	0.0940	0.0908	0.0911	0.0955	0.0940	0.0860	0.0816	0.0810	0.0834	0.0907	0.0756	0.0696	0.0675	0.0678	0.0721	0.0825	0.0608	0.0528	0.0493	0.0491	0.0504	0.0556	0.0677
1480	0.0981	0.0976	0.0958	0.0979	0.0973	0.0943	0.0911	0.0914	0.0957	0.0943	0.0863	0.0818	0.0812	0.0837	0.0911	0.0758	0.0698	0.0677	0.0679	0.0723	0.0827	0.0609	0.0530	0.0495	0.0493	0.0506	0.0558	0.0677
1481	0.0985	0.0979	0.0960	0.0982	0.0976	0.0946	0.0913	0.0916	0.0960	0.0945	0.0866	0.0821	0.0815	0.0839	0.0913	0.0759	0.0699	0.0678	0.0682	0.0726	0.0829	0.0611	0.0532	0.0496	0.0494	0.0508	0.0559	0.0679
1482	0.0988	0.0983	0.0961	0.0986	0.0980	0.0949	0.0915	0.0919	0.0963	0.0947	0.0869	0.0823	0.0819	0.0842	0.0915	0.0761	0.0699	0.0680	0.0684	0.0728	0.0831	0.0612	0.0533	0.0497	0.0496	0.0510	0.0560	0.0680
1483	0.0991	0.0986	0.0963	0.0988	0.0983	0.0951	0.0917	0.0922	0.0965	0.0950	0.0871	0.0826	0.0822	0.0844	0.0918	0.0763	0.0701	0.0682	0.0686	0.0729	0.0833	0.0614	0.0535	0.0499	0.0497	0.0511	0.0561	0.0682
1484	0.0994	0.0989	0.0965	0.0990	0.0985	0.0954	0.0920	0.0924	0.0968	0.0954	0.0873	0.0828	0.0824	0.0846	0.0920	0.0765	0.0704	0.0683	0.0688	0.0730	0.0834	0.0616	0.0536	0.0500	0.0498	0.0513	0.0562	0.0684
1485	0.0996	0.0992	0.0969	0.0993	0.0987	0.0957	0.0922	0.0926	0.0970	0.0956	0.0875	0.0830	0.0826	0.0849	0.0922	0.0767	0.0705	0.0685	0.0690	0.0732	0.0836	0.0617	0.0537	0.0500	0.0499	0.0514	0.0564	0.0685
1486	0.0998	0.0995	0.0972	0.0996	0.0988	0.0960	0.0925	0.0929	0.0973	0.0959	0.0877	0.0832	0.0828	0.0852	0.0924	0.0770	0.0707	0.0687	0.0691	0.0734	0.0839	0.0619	0.0539	0.0501	0.0499	0.0515	0.0566	0.0686
1487	0.1001	0.0997	0.0975	0.0998	0.0992	0.0962	0.0928	0.0931	0.0976	0.0962	0.0880	0.0836	0.0830	0.0855	0.0928	0.0772	0.0710	0.0689	0.0693	0.0736	0.0841	0.0621	0.0540	0.0503	0.0500	0.0516	0.0567	0.0687
1488	0.1004	0.0999	0.0978	0.1001	0.0996	0.0965	0.0931	0.0933	0.0980	0.0965	0.0883	0.0840	0.0832	0.0857	0.0932	0.0775	0.0712	0.0691	0.0695	0.0738	0.0844	0.0623	0.0541	0.0505	0.0501	0.0517	0.0568	0.0688
1489	0.1006	0.1002	0.0981	0.1004	0.0999	0.0968	0.0934	0.0937	0.0983	0.0968	0.0885	0.0843	0.0834	0.0860	0.0934	0.0776	0.0715	0.0693	0.0696	0.0741	0.0845	0.0624	0.0543	0.0507	0.0503	0.0519	0.0570	0.0690
1490	0.1008	0.1006	0.0986	0.1008	0.1003	0.0971	0.0937	0.0941	0.0986	0.0971	0.0887	0.0845	0.0837	0.0863	0.0936	0.0778	0.0717	0.0695	0.0698	0.0743	0.0847	0.0625	0.0545	0.0508	0.0506	0.0521	0.0572	0.0692
1491	0.1010	0.1009	0.0989	0.1010	0.1006	0.0974	0.0940	0.0943	0.0988	0.0974	0.0890	0.0848	0.0840	0.0865	0.0938	0.0781	0.0719	0.0697	0.0700	0.0745	0.0848	0.0626	0.0547	0.0511	0.0508	0.0521	0.0574	0.0694
1492	0.1013	0.1012	0.0992	0.1013	0.1009	0.0978	0.0944	0.0945	0.0991	0.0977	0.0893	0.0851	0.0843	0.0867	0.0941	0.0783	0.0721	0.0700	0.0702	0.0747	0.0850	0.0627	0.0549	0.0513	0.0510	0.0522	0.0576	0.0694
1493	0.1016	0.1016	0.0995	0.1015	0.1011	0.0980	0.0946	0.0949	0.0994	0.0979	0.0896	0.0853	0.0846	0.0869	0.0944	0.0785	0.0723	0.0701	0.0704	0.0749	0.0852	0.0629	0.0551	0.0515	0.0511	0.0522	0.0578	0.0696
1494	0.1018	0.1020	0.0998	0.1019	0.1013	0.0983	0.0948	0.0952	0.0996	0.0981	0.0900	0.0854	0.0849	0.0871	0.0946	0.0787	0.0725	0.0703	0.0706	0.0751	0.0853	0.0631	0.0552	0.0516	0.0513	0.0523	0.0579	0.0699
1495	0.1022	0.1024	0.1001	0.1022	0.1016	0.0985	0.0951	0.0955	0.1000	0.0983	0.0902	0.0856	0.0851	0.0874	0.0949	0.0790	0.0727	0.0706	0.0708	0.0753	0.0856	0.0633	0.0554	0.0518	0.0514	0.0525	0.0580	0.0701
1496	0.1026	0.1027	0.1003	0.1026	0.1020	0.0988	0.0953	0.0959	0.1004	0.0987	0.0904	0.0858	0.0852	0.0877	0.0952	0.0792	0.0730	0.0708	0.0709	0.0755	0.0860	0.0635	0.0556	0.0521	0.0514	0.0527	0.0582	0.0703
1497	0.1029	0.1030	0.1006	0.1029	0.1023	0.0991	0.0955	0.0962	0.1006	0.0990	0.0907	0.0861	0.0855	0.0880	0.0954	0.0795	0.0731	0.0710	0.0712	0.0757	0.0863	0.0637	0.0558	0.0522	0.0516	0.0528	0.0583	0.0704
1498	0.1032	0.1033	0.1010	0.1032	0.1026	0.0994	0.0958	0.0966	0.1009	0.0993	0.0910	0.0864	0.0857	0.0882	0.0957	0.0797	0.0733	0.0711	0.0715	0.0759	0.0866	0.0638	0.0560	0.0523	0.0517	0.0529	0.0584	0.0705
1499	0.1035	0.1036	0.1013	0.1034	0.1028	0.0997	0.0961	0.0969	0.1011	0.0996	0.0912	0.0867	0.0860	0.0884	0.0959	0.0800	0.0736	0.0712	0.0718	0.0761	0.0868	0.0641	0.0562	0.0525	0.0518	0.0531	0.0585	0.0707
1500	0.1038	0.1038	0.1016	0.1037	0.1030	0.1000	0.0964	0.0972	0.1014	0.1000	0.0915	0.0870	0.0861	0.0887	0.0961	0.0803	0.0739	0.0714	0.0721	0.0763	0.0870	0.0644	0.0564	0.0527	0.0520	0.0533	0.0587	0.0709
1501	0.1040	0.1041	0.1019	0.1040	0.1034	0.1003	0.0967	0.0974	0.1016	0.1002	0.0917	0.0872	0.0863	0.0890	0.0963	0.0805	0.0741	0.0716	0.0723	0.0765	0.0872	0.0646	0.0565	0.0529	0.0521	0.0536	0.0588	0.0711
1502	0.1043	0.1043	0.1021	0.1042	0.1038	0.1007	0.0970	0.0977	0.1019	0.1003	0.0920	0.0875	0.0864	0.0892	0.0966	0.0807	0.0743	0.0719	0.0724	0.0768	0.0874	0.0647	0.0566	0.0530	0.0521	0.0538	0.0589	0.0711
1503	0.1046	0.1045	0.1024	0.1046	0.1041	0.1010	0.0973	0.0979	0.1023	0.1005	0.0922	0.0877	0.0866	0.0894	0.0969	0.0809	0.0746	0.0721	0.0726	0.0770	0.0876	0.0649	0.0568	0.0531	0.0522	0.0539	0.0590	0.0713
1504	0.1049	0.1048	0.1026	0.1049	0.1044	0.1013	0.0975	0.0982	0.1026	0.1008	0.0924	0.0880	0.0869	0.0898	0.0972	0.0810	0.0748	0.0723	0.0729	0.0772	0.0877	0.0651	0.0570	0.0533	0.0524	0.0541	0.0591	0.0714
1505	0.1053	0.1051	0.1029	0.1052	0.1047	0.1016	0.0978	0.0984	0.1029	0.1012	0.0926	0.0883	0.0872	0.0900	0.0975	0.0812	0.0749	0.0725	0.0732	0.0774	0.0879	0.0653	0.0572	0.0535	0.0526	0.0542	0.0593	0.0715
1506	0.1056	0.1054	0.1033	0.1055	0.1050	0.1020	0.0981	0.0985	0.1033	0.1016	0.0929	0.0886	0.0875	0.0901	0.0978	0.0816	0.0751	0.0727	0.0734	0.0776	0.0880	0.0654	0.0573	0.0537	0.0528	0.0543	0.0595	0.0716
1507	0.1058	0.1056	0.1037	0.1058	0.1053	0.1022	0.0985	0.0988	0.1036	0.1019	0.0932	0.0888	0.0878	0.0904	0.0980	0.0819	0.0753	0.0729	0.0736	0.0777	0.0883	0.0656	0.0574	0.0539	0.0530	0.0544	0.0597	0.0718
1508	0.1061	0.1059	0.1039	0.1063	0.1055	0.1025	0.0988	0.0991	0.1038	0.1022	0.0936	0.0889	0.0880	0.0908	0.0984	0.0821	0.0756	0.0731	0.0738	0.0778	0.0887	0.0659	0.0575	0.0541	0.0532	0.0546	0.0599	0.0719
1509	0.1064	0.1061	0.1042	0.1066	0.1059	0.1026	0.0991	0.0994	0.1040	0.1025	0.0939	0.0891	0.0882	0.0910	0.0986	0.0823	0.0758	0.0734	0.0740	0.0780	0.0889	0.0660	0.0576	0.0542	0.0533	0.0547	0.0601	0.0721
1510	0.1066	0.1063	0.1044	0.1069	0.1062	0.1028	0.0993	0.0997	0.1042	0.1028	0.0941	0.0893	0.0885	0.0912	0.0987	0.0825	0.0761	0.0736	0.0742	0.0782	0.0891	0.0662	0.0578	0.0545	0.0534	0.0548	0.0601	0.0723
1511	0.1069	0.1066	0.1047	0.1072	0.1065	0.1031	0.0996	0.1000	0.1044	0.1030	0.0944	0.0895	0.0888	0.0914	0.0989	0.0827	0.0763	0.0738	0.0743	0.0785	0.0892	0.0664	0.0579	0.0547	0.0536	0.0550	0.0602	0.0724
1512	0.1073	0.1068	0.1049	0.1076	0.1068	0.1034	0.0999	0.1003	0.1047	0.1033	0.0946	0.0898	0.0890	0.0917	0.0991	0.0829	0.0765	0.0740	0.0745	0.0787	0.0894	0.0667	0.0580	0.0548	0.0537	0.0552	0.0605	0.0725
1513	0.1076	0.1071	0.1052	0.1079	0.1070	0.1037	0.1002	0.1006	0.1051	0.1036	0.0949	0.0900	0.0892	0.0919	0.0994	0.0832	0.0768	0.0741	0.0746	0.0789	0.0896	0.0669	0.0582	0.0549	0.0539	0.0553	0.0606	0.0726
1514	0.1079	0.1075	0.1055	0.1082	0.1073	0.1040	0.1005	0.1009	0.1054	0.1038	0.0953	0.0903	0.0894	0.0921	0.0995	0.0834	0.0769	0.0742	0.0747	0.0791	0.0898	0.0670	0.0584	0.0551	0.0540	0.0554	0.0607	0.0726
1515	0.1082	0.1079	0.1059	0.1085	0.1076	0.1043	0.1008	0.1012	0.1057	0.1041	0.0955	0.0906	0.0896	0.0924	0.0998	0.0836	0.0771	0.0744	0.0749	0.0793	0.0901	0.0670	0.0585	0.0552	0.0541	0.0556	0.0608	0.0727
1516	0.1085	0.1082	0.1061	0.1088	0.1080	0.1047	0.1011	0.1014	0.1059	0.1043	0.0956	0.0908	0.0899	0.0927	0.1001	0.0838	0.0773	0.0747	0.0752	0.0796	0.0902	0.0671	0.0588	0.0554	0.0541	0.0558	0.0610	0.0728
1517	0.1086	0.1085	0.1064	0.1091	0.1083	0.1049	0.1014	0.1017	0.1062	0.1045	0.0958	0.0910	0.0901	0.0930	0.1003	0.0840	0.0775	0.0750	0.0754	0.0798	0.0903	0.0673	0.0589	0.0555	0.0542	0.0560	0.0612	0.0730
1518	0.1089	0.1089	0.1066	0.1093	0.1086	0.1052	0.1016	0.1020	0.1064	0.1048	0.0961	0.0913	0.0904	0.0932	0.1006	0.0843	0.0777	0.0751	0.0756	0.0800	0.0905	0.0674	0.0590	0.0555	0.0543	0.0561	0.0613	0.0732
1519	0.1092	0.1092	0.1069	0.1095	0.1088	0.1054	0.1018	0.1023	0.1067	0.1051	0.0964	0.0915	0.0907	0.0934	0.1008	0.0845	0.0778	0.0752	0.0758	0.0802	0.0907	0.0676	0.0591	0.0556	0.0545	0.0562	0.0614	0.0734
1520	0.1095	0.1095	0.1072	0.1097	0.1092	0.1057	0.1021	0.1026	0.1070	0.1053	0.0966	0.0918	0.0910	0.0937	0.1011	0.0847	0.0780	0.0753	0.0760	0.0804	0.0909	0.0678	0.0591	0.0557	0.0547	0.0563	0.0614	0.0736
1521	0.1099	0.1098	0.1076	0.1100	0.1095	0.1059	0.1024	0.1029	0.1073	0.1056	0.0968	0.0921	0.0912	0.0940	0.1013	0.0849	0.0782	0.0755	0.0761	0.0806	0.0911	0.0680	0.0592	0.0558	0.0548	0.0564	0.0615	0.0737
1522	0.1101	0.1102	0.1079	0.1105	0.1098	0.1062	0.1026	0.1033	0.1076	0.1058	0.0971	0.0924	0.0914	0.0943	0.1015	0.0851	0.0784	0.0758	0.0763	0.0808	0.0913	0.0682	0.0594	0.0560	0.0549	0.0565	0.0617	0.0739
1523	0.1103	0.1105	0.1082	0.1108	0.1100	0.1064	0.1028	0.1036	0.1080	0.1061	0.0973	0.0926	0.0916	0.0945	0.1017	0.0853	0.0786	0.0761	0.0765	0.0810	0.0915	0.0684	0.0596	0.0561	0.0550	0.0567	0.0619	0.0740
1524	0.1106	0.1107	0.1084	0.1110	0.1102	0.1067	0.1031	0.1038	0.1082	0.1064	0.0975	0.0929	0.0918	0.0946	0.1021	0.0855	0.0788	0.0762	0.0768	0.0813	0.0918	0.0686	0.0598	0.0563	0.0552	0.0569	0.0620	0.0741
1525	0.1109	0.1109	0.1087	0.1112	0.1104	0.1069	0.1033	0.1040	0.1084	0.1067	0.0977	0.0931	0.0920	0.0948	0.1024	0.0857	0.0791	0.0763	0.0771	0.0815	0.0920	0.0687	0.0600	0.0565	0.0554	0.0571	0.0621	0.0743
1526	0.1111	0.1113	0.1090	0.1114	0.1106	0.1073	0.1036	0.1042	0.1086	0.1069	0.0979	0.0933	0.0923	0.0951	0.1026	0.0858	0.0792	0.0765	0.0772	0.0816	0.0922	0.0687	0.0601	0.0567	0.0554	0.0572	0.0623	0.0744
1527	0.1113	0.1117	0.1093	0.1116	0.1108	0.1076	0.1038	0.1044	0.1088	0.1071	0.0981	0.0936	0.0925	0.0953	0.1027	0.0860	0.0794	0.0767	0.0772	0.0817	0.0923	0.0688	0.0602	0.0569	0.0555	0.0573	0.0625	0.0745
1528	0.1116	0.1120	0.1095	0.1118	0.1111	0.1079	0.1040	0.1046	0.1091	0.1073	0.0983	0.0938	0.0926	0.0954	0.1029	0.0863	0.0796	0.0768	0.0774	0.0819	0.0924	0.0689	0.0604	0.0570	0.0557	0.0574	0.0627	0.0746
1529	0.1120	0.1123	0.1097	0.1121	0.1113	0.1081	0.1042	0.1048	0.1093	0.1076	0.0985	0.0940	0.0928	0.0957	0.1030	0.0866	0.0797	0.0769	0.0776	0.0821	0.0926	0.0690	0.0605	0.0572	0.0558	0.0575	0.0629	0.0747
1530	0.1123	0.1125	0.1100	0.1123	0.1115	0.1083	0.1044	0.1051	0.1095	0.1076	0.0988	0.0942	0.0930	0.0960	0.1034	0.0868	0.0799	0.0771	0.0778	0.0823	0.0928	0.0691	0.0607	0.0573	0.0559	0.0577	0.0629	0.0748
1531	0.1126	0.1127	0.1103	0.1126	0.1117	0.1085	0.1046	0.1053	0.1098	0.1077	0.0990	0.0943	0.0932	0.0963	0.1037	0.0870	0.0800	0.0772	0.0780	0.0825	0.0931	0.0693	0.0608	0.0574	0.0560	0.0578	0.0629	0.0750
1532	0.1128	0.1129	0.1106	0.1130	0.1121	0.1087	0.1049	0.1055	0.1101	0.1081	0.0992	0.0945	0.0934	0.0965	0.1040	0.0872	0.0802	0.0775	0.0781	0.0827	0.0933	0.0695	0.0610	0.0575	0.0561	0.0579	0.0630	0.0751
1533	0.1131	0.1132	0.1109	0.1133	0.1124	0.1090	0.1052	0.1057	0.1104	0.1083	0.0995	0.0947	0.0937	0.0967	0.1043	0.0874	0.0804	0.0777	0.0783	0.0829	0.0935	0.0697	0.0611	0.0576	0.0562	0.0580	0.0631	0.0753
1534	0.1134	0.1135	0.1111	0.1135	0.1129	0.1093	0.1054	0.1060	0.1107	0.1086	0.0997	0.0949	0.0939	0.0969	0.1044	0.0877	0.0805	0.0780	0.0784	0.0830	0.0936	0.0698	0.0612	0.0577	0.0562	0.0582	0.0632	0.0754
1535	0.1138	0.1138	0.1113	0.1136	0.1133	0.1096	0.1057	0.1062	0.1110	0.1088	0.0999	0.0952	0.0942	0.0971	0.1046	0.0879	0.0806	0.0783	0.0786	0.0831	0.0937	0.0700	0.0614	0.0578	0.0564	0.0584	0.0633	0.0756
1536	0.1140	0.1140	0.1115	0.1139	0.1135	0.1098	0.1060	0.1065	0.1113	0.1092	0.1002	0.0954	0.0943	0.0973	0.1048	0.0879	0.0808	0.0785	0.0788	0.0832	0.0938	0.0701	0.0614	0.0580	0.0566	0.0584	0.0634	0.0757
1537	0.1141	0.1142	0.1117	0.1142	0.1137	0.1100	0.1062	0.1068	0.1115	0.1095	0.1005	0.0957	0.0945	0.0975	0.1049	0.0880	0.0810	0.0787	0.0789	0.0833	0.0939	0.0701	0.0615	0.0582	0.0567	0.0584	0.0634	0.0759
1538	0.1143	0.1145	0.1119	0.1145	0.1139	0.1101	0.1065	0.1071	0.1117	0.1098	0.1007	0.0958	0.0948	0.0976	0.1051	0.0881	0.0811	0.0789	0.0791	0.0836	0.0941	0.0703	0.0616	0.0583	0.0569	0.0586	0.0636	0.0759
1539	0.1145	0.1147	0.1122	0.1148	0.1140	0.1103	0.1067	0.1074	0.1119	0.1101	0.1009	0.0960	0.0950	0.0977	0.1053	0.0883	0.0813	0.0791	0.0793	0.0838	0.0943	0.0704	0.0617	0.0585	0.0570	0.0587	0.0637	0.0760
1540	0.1146	0.1149	0.1123	0.1150	0.1142	0.1105	0.1070	0.1076	0.1122	0.1102	0.1012	0.0962	0.0952	0.0980	0.1055	0.0884	0.0814	0.0792	0.0794	0.0841	0.0945	0.0705	0.0618	0.0587	0.0572	0.0588	0.0638	0.0761
1541	0.1148	0.1151	0.1125	0.1153	0.1144	0.1108	0.1073	0.1077	0.1123	0.1103	0.1014	0.0965	0.0955	0.0982	0.1057	0.0886	0.0815	0.0793	0.0796	0.0844	0.0947	0.0707	0.0618	0.0588	0.0573	0.0589	0.0639	0.0762
1542	0.1150	0.1153	0.1127	0.1154	0.1145	0.1110	0.1075	0.1079	0.1125	0.1105	0.1015	0.0966	0.0957	0.0984	0.1058	0.0887	0.0817	0.0795	0.0797	0.0845	0.0948	0.0708	0.0620	0.0589	0.0574	0.0590	0.0639	0.0763
1543	0.1153	0.1155	0.1128	0.1156	0.1147	0.1113	0.1077	0.1080	0.1127	0.1106	0.1017	0.0966	0.0959	0.0985	0.1060	0.0888	0.0819	0.0796	0.0798	0.0847	0.0950	0.0709	0.0621	0.0589	0.0574	0.0591	0.0640	0.0763
1544	0.1155	0.1158	0.1131	0.1158	0.1150	0.1115	0.1080	0.1082	0.1128	0.1107	0.1020	0.0968	0.0962	0.0987	0.1062	0.0890	0.0821	0.0797	0.0800	0.0848	0.0951	0.0711	0.0623	0.0591	0.0575	0.0592	0.0642	0.0764
1545	0.1157	0.1160	0.1133	0.1160	0.1153	0.1117	0.1082	0.1084	0.1130	0.1109	0.1022	0.0970	0.0964	0.0988	0.1064	0.0892	0.0823	0.0798	0.0801	0.0850	0.0953	0.0713	0.0625	0.0593	0.0576	0.0594	0.0644	0.0764
1546	0.1160	0.1162	0.1135	0.1163	0.1155	0.1118	0.1083	0.1086	0.1132	0.1112	0.1023	0.0972	0.0965	0.0990	0.1066	0.0894	0.0825	0.0799	0.0802	0.0851	0.0956	0.0714	0.0626	0.0593	0.0578	0.0595	0.0645	0.0764
1547	0.1162	0.1164	0.1137	0.1166	0.1157	0.1120	0.1084	0.1089	0.1134	0.1116	0.1024	0.0973	0.0965	0.0992	0.1068	0.0897	0.0827	0.0801	0.0804	0.0852	0.0958	0.0715	0.0628	0.0594	0.0579	0.0597	0.0647	0.0765
1548	0.1165	0.1165	0.1140	0.1168	0.1160	0.1121	0.1086	0.1091	0.1136	0.1119	0.1025	0.0976	0.0967	0.0994	0.1069	0.0898	0.0829	0.0802	0.0806	0.0853	0.0959	0.0717	0.0629	0.0595	0.0580	0.0597	0.0648	0.0767
1549	0.1167	0.1166	0.1142	0.1169	0.1162	0.1123	0.1088	0.1093	0.1138	0.1121	0.1027	0.0978	0.0968	0.0996	0.1071	0.0899	0.0830	0.0803	0.0808	0.0855	0.0959	0.0718	0.0630	0.0596	0.0581	0.0598	0.0648	0.0770
1550	0.1169	0.1169	0.1144	0.1171	0.1164	0.1126	0.1090	0.1095	0.1140	0.1123	0.1029	0.0978	0.0970	0.0999	0.1073	0.0900	0.0832	0.0805	0.0808	0.0857	0.0961	0.0719	0.0630	0.0597	0.0583	0.0600	0.0649	0.0771
1551	0.1170	0.1172	0.1146	0.1173	0.1166	0.1129	0.1091	0.1096	0.1141	0.1124	0.1030	0.0979	0.0972	0.1002	0.1076	0.0901	0.0834	0.0806	0.0809	0.0859	0.0963	0.0720	0.0631	0.0598	0.0584	0.0601	0.0650	0.0773
1552	0.1172	0.1173	0.1149	0.1175	0.1167	0.1131	0.1094	0.1097	0.1144	0.1127	0.1031	0.0982	0.0974	0.1002	0.1078	0.0904	0.0836	0.0807	0.0811	0.0860	0.0965	0.0722	0.0632	0.0599	0.0585	0.0602	0.0651	0.0775
1553	0.1174	0.1175	0.1152	0.1178	0.1169	0.1133	0.1097	0.1098	0.1147	0.1129	0.1032	0.0984	0.0976	0.1002	0.1079	0.0906	0.0838	0.0808	0.0813	0.0861	0.0966	0.0724	0.0634	0.0601	0.0586	0.0602	0.0652	0.0776
1554	0.1175	0.1178	0.1153	0.1180	0.1171	0.1135	0.1099	0.1100	0.1150	0.1130	0.1033	0.0986	0.0977	0.1003	0.1081	0.0907	0.0840	0.0809	0.0815	0.0862	0.0967	0.0726	0.0634	0.0602	0.0587	0.0603	0.0653	0.0777
1555	0.1176	0.1180	0.1155	0.1181	0.1173	0.1136	0.1102	0.1103	0.1153	0.1131	0.1033	0.0987	0.0978	0.1005	0.1083	0.0909	0.0840	0.0810	0.0816	0.0863	0.0968	0.0727	0.0634	0.0603	0.0588	0.0604	0.0655	0.0777
1556	0.1178	0.1182	0.1157	0.1182	0.1174	0.1138	0.1103	0.1105	0.1155	0.1132	0.1036	0.0990	0.0980	0.1007	0.1084	0.0910	0.0841	0.0812	0.0818	0.0863	0.0969	0.0727	0.0636	0.0603	0.0588	0.0605	0.0656	0.0777
1557	0.1180	0.1184	0.1159	0.1184	0.1176	0.1139	0.1104	0.1106	0.1157	0.1133	0.1039	0.0992	0.0982	0.1010	0.1085	0.0912	0.0842	0.0814	0.0820	0.0863	0.0971	0.0727	0.0638	0.0603	0.0589	0.0606	0.0656	0.0778
1558	0.1182	0.1186	0.1161	0.1187	0.1179	0.1141	0.1106	0.1108	0.1158	0.1135	0.1041	0.0994	0.0983	0.1011	0.1086	0.0914	0.0844	0.0815	0.0822	0.0865	0.0972	0.0728	0.0639	0.0604	0.0590	0.0607	0.0658	0.0779
1559	0.1185	0.1188	0.1164	0.1190	0.1181	0.1143	0.1108	0.1110	0.1159	0.1137	0.1042	0.0996	0.0985	0.1013	0.1088	0.0915	0.0847	0.0817	0.0824	0.0867	0.0974	0.0729	0.0640	0.0604	0.0591	0.0608	0.0659	0.0781
1560	0.1187	0.1189	0.1165	0.1192	0.1183	0.1145	0.1110	0.1112	0.1161	0.1139	0.1044	0.0997	0.0986	0.1015	0.1090	0.0916	0.0847	0.0818	0.0824	0.0868	0.0974	0.0731	0.0641	0.0605	0.0592	0.0609	0.0659	0.0782
1561	0.1188	0.1189	0.1166	0.1194	0.1184	0.1147	0.1112	0.1115	0.1163	0.1141	0.1046	0.0998	0.0988	0.1016	0.1092	0.0917	0.0848	0.0819	0.0824	0.0869	0.0975	0.0733	0.0642	0.0606	0.0593	0.0610	0.0660	0.0783
1562	0.1190	0.1191	0.1167	0.1195	0.1186	0.1149	0.1113	0.1116	0.1164	0.1143	0.1048	0.0999	0.0990	0.1017	0.1094	0.0919	0.0849	0.0821	0.0826	0.0870	0.0977	0.0734	0.0643	0.0606	0.0593	0.0611	0.0661	0.0784
1563	0.1191	0.1192	0.1168	0.1197	0.1188	0.1151	0.1113	0.1118	0.1165	0.1145	0.1051	0.1001	0.0991	0.1018	0.1096	0.0921	0.0850	0.0823	0.0827	0.0871	0.0978	0.0735	0.0644	0.0606	0.0593	0.0612	0.0663	0.0785
1564	0.1193	0.1194	0.1171	0.1198	0.1189	0.1152	0.1115	0.1120	0.1167	0.1148	0.1054	0.1003	0.0992	0.1020	0.1098	0.0922	0.0851	0.0824	0.0828	0.0872	0.0979	0.0737	0.0646	0.0607	0.0594	0.0611	0.0663	0.0785
1565	0.1195	0.1196	0.1173	0.1200	0.1191	0.1153	0.1116	0.1123	0.1168	0.1150	0.1056	0.1004	0.0994	0.1021	0.1099	0.0923	0.0852	0.0826	0.0828	0.0873	0.0980	0.0738	0.0647	0.0609	0.0595	0.0610	0.0663	0.0786
1566	0.1197	0.1198	0.1175	0.1203	0.1194	0.1155	0.1118	0.1124	0.1170	0.1151	0.1057	0.1005	0.0997	0.1023	0.1101	0.0925	0.0854	0.0827	0.0830	0.0874	0.0980	0.0738	0.0648	0.0609	0.0596	0.0611	0.0664	0.0786
1567	0.1199	0.1201	0.1178	0.1206	0.1197	0.1157	0.1120	0.1125	0.1172	0.1153	0.1057	0.1006	0.0999	0.1024	0.1103	0.0927	0.0856	0.0829	0.0831	0.0876	0.0980	0.0738	0.0649	0.0609	0.0597	0.0612	0.0664	0.0786
1568	0.1201	0.1203	0.1179	0.1207	0.1199	0.1159	0.1122	0.1127	0.1173	0.1154	0.1059	0.1009	0.1000	0.1024	0.1105	0.0928	0.0856	0.0829	0.0832	0.0877	0.0982	0.0739	0.0650	0.0610	0.0599	0.0613	0.0664	0.0787
1569	0.1202	0.1205	0.1180	0.1208	0.1200	0.1160	0.1124	0.1130	0.1175	0.1156	0.1061	0.1012	0.1001	0.1024	0.1107	0.0929	0.0857	0.0830	0.0833	0.0879	0.0984	0.0740	0.0650	0.0611	0.0600	0.0614	0.0664	0.0788
1570	0.1204	0.1206	0.1181	0.1210	0.1201	0.1162	0.1124	0.1130	0.1176	0.1158	0.1063	0.1013	0.1003	0.1025	0.1109	0.0929	0.0858	0.0831	0.0834	0.0879	0.0986	0.0741	0.0650	0.0612	0.0601	0.0616	0.0666	0.0789
1571	0.1206	0.1206	0.1183	0.1211	0.1203	0.1165	0.1125	0.1130	0.1177	0.1160	0.1064	0.1015	0.1004	0.1027	0.1111	0.0930	0.0858	0.0833	0.0835	0.0880	0.0988	0.0743	0.0650	0.0614	0.0601	0.0617	0.0667	0.0790
1572	0.1208	0.1208	0.1184	0.1213	0.1204	0.1166	0.1127	0.1132	0.1179	0.1161	0.1065	0.1015	0.1005	0.1029	0.1111	0.0931	0.0859	0.0834	0.0836	0.0882	0.0989	0.0744	0.0651	0.0615	0.0602	0.0619	0.0667	0.0791
1573	0.1209	0.1210	0.1186	0.1215	0.1205	0.1168	0.1129	0.1133	0.1180	0.1161	0.1066	0.1016	0.1006	0.1031	0.1112	0.0933	0.0860	0.0835	0.0838	0.0883	0.0990	0.0745	0.0652	0.0616	0.0602	0.0620	0.0667	0.0792
1574	0.1211	0.1212	0.1187	0.1216	0.1206	0.1169	0.1130	0.1135	0.1183	0.1162	0.1067	0.1017	0.1008	0.1032	0.1113	0.0934	0.0861	0.0835	0.0840	0.0884	0.0991	0.0745	0.0653	0.0617	0.0602	0.0620	0.0669	0.0792
1575	0.1213	0.1213	0.1189	0.1216	0.1207	0.1170	0.1132	0.1137	0.1185	0.1163	0.1068	0.1017	0.1009	0.1033	0.1115	0.0936	0.0862	0.0836	0.0841	0.0884	0.0992	0.0744	0.0654	0.0617	0.0602	0.0620	0.0671	0.0793
1576	0.1214	0.1215	0.1191	0.1218	0.1208	0.1171	0.1133	0.1139	0.1187	0.1164	0.1070	0.1019	0.1011	0.1036	0.1116	0.0937	0.0864	0.0837	0.0842	0.0885	0.0993	0.0745	0.0655	0.0617	0.0603	0.0621	0.0671	0.0794
1577	0.1215	0.1217	0.1194	0.1219	0.1210	0.1172	0.1133	0.1142	0.1188	0.1166	0.1072	0.1022	0.1014	0.1038	0.1117	0.0939	0.0867	0.0838	0.0842	0.0886	0.0994	0.0746	0.0656	0.0618	0.0605	0.0622	0.0671	0.0795
1578	0.1217	0.1218	0.1195	0.1220	0.1212	0.1173	0.1135	0.1143	0.1190	0.1167	0.1073	0.1022	0.1014	0.1039	0.1119	0.0940	0.0868	0.0838	0.0843	0.0888	0.0995	0.0748	0.0656	0.0618	0.0606	0.0622	0.0672	0.0795
1579	0.1218	0.1218	0.1197	0.1221	0.1214	0.1175	0.1136	0.1144	0.1192	0.1167	0.1074	0.1023	0.1015	0.1041	0.1120	0.0940	0.0869	0.0839	0.0843	0.0889	0.0997	0.0749	0.0656	0.0618	0.0608	0.0622	0.0672	0.0796
1580	0.1221	0.1220	0.1199	0.1223	0.1214	0.1177	0.1137	0.1145	0.1193	0.1168	0.1075	0.1024	0.1016	0.1042	0.1120	0.0941	0.0870	0.0841	0.0845	0.0890	0.0998	0.0749	0.0657	0.0619	0.0609	0.0623	0.0674	0.0796
1581	0.1223	0.1222	0.1202	0.1224	0.1215	0.1179	0.1138	0.1147	0.1194	0.1170	0.1077	0.1023	0.1016	0.1043	0.1121	0.0942	0.0871	0.0843	0.0847	0.0890	0.0998	0.0750	0.0657	0.0620	0.0609	0.0624	0.0675	0.0796
1582	0.1224	0.1223	0.1204	0.1225	0.1216	0.1180	0.1139	0.1148	0.1196	0.1171	0.1078	0.1025	0.1018	0.1044	0.1122	0.0944	0.0872	0.0844	0.0848	0.0892	0.0999	0.0750	0.0658	0.0621	0.0609	0.0625	0.0675	0.0798
1583	0.1227	0.1224	0.1205	0.1225	0.1217	0.1181	0.1141	0.1149	0.1197	0.1173	0.1079	0.1027	0.1020	0.1045	0.1123	0.0946	0.0873	0.0845	0.0848	0.0894	0.0999	0.0750	0.0659	0.0621	0.0609	0.0626	0.0675	0.0800
1584	0.1228	0.1226	0.1206	0.1227	0.1218	0.1182	0.1143	0.1149	0.1197	0.1174	0.1079	0.1028	0.1020	0.1046	0.1124	0.0947	0.0873	0.0846	0.0849	0.0895	0.1000	0.0751	0.0661	0.0621	0.0611	0.0626	0.0676	0.0800
1585	0.1230	0.1227	0.1206	0.1229	0.1218	0.1183	0.1145	0.1149	0.1197	0.1176	0.1080	0.1028	0.1020	0.1047	0.1124	0.0948	0.0873	0.0848	0.0850	0.0895	0.1001	0.0752	0.0663	0.0621	0.0612	0.0626	0.0678	0.0801
1586	0.1231	0.1228	0.1207	0.1231	0.1220	0.1186	0.1146	0.1150	0.1199	0.1177	0.1081	0.1030	0.1021	0.1049	0.1126	0.0949	0.0874	0.0848	0.0851	0.0895	0.1002	0.0754	0.0663	0.0622	0.0613	0.0626	0.0678	0.0800
1587	0.1232	0.1230	0.1208	0.1232	0.1223	0.1188	0.1147	0.1151	0.1201	0.1178	0.1082	0.1031	0.1022	0.1051	0.1128	0.0950	0.0875	0.0848	0.0851	0.0895	0.1002	0.0756	0.0662	0.0623	0.0614	0.0627	0.0679	0.0799
1588	0.1233	0.1231	0.1208	0.1234	0.1224	0.1189	0.1149	0.1154	0.1203	0.1179	0.1083	0.1032	0.1024	0.1053	0.1129	0.0950	0.0877	0.0848	0.0852	0.0896	0.1002	0.0757	0.0663	0.0624	0.0614	0.0628	0.0680	0.0800
1589	0.1235	0.1232	0.1209	0.1236	0.1225	0.1189	0.1150	0.1156	0.1204	0.1179	0.1084	0.1034	0.1025	0.1055	0.1129	0.0950	0.0879	0.0849	0.0853	0.0897	0.1003	0.0759	0.0664	0.0625	0.0615	0.0628	0.0681	0.0801
1590	0.1236	0.1234	0.1210	0.1237	0.1226	0.1191	0.1152	0.1157	0.1206	0.1181	0.1086	0.1035	0.1026	0.1055	0.1130	0.0950	0.0880	0.0850	0.0854	0.0898	0.1004	0.0759	0.0665	0.0625	0.0615	0.0629	0.0683	0.0802
1591	0.1237	0.1236	0.1210	0.1238	0.1228	0.1193	0.1154	0.1158	0.1208	0.1182	0.1088	0.1036	0.1027	0.1055	0.1130	0.0950	0.0880	0.0851	0.0856	0.0899	0.1005	0.0758	0.0667	0.0624	0.0615	0.0629	0.0684	0.0803
1592	0.1237	0.1236	0.1212	0.1240	0.1229	0.1193	0.1154	0.1158	0.1208	0.1184	0.1090	0.1037	0.1029	0.1055	0.1131	0.0952	0.0880	0.0853	0.0857	0.0901	0.1006	0.0758	0.0666	0.0625	0.0615	0.0630	0.0685	0.0803
1593	0.1238	0.1237	0.1214	0.1240	0.1231	0.1192	0.1154	0.1158	0.1208	0.1185	0.1091	0.1038	0.1030	0.1056	0.1133	0.0954	0.0881	0.0854	0.0857	0.0903	0.1006	0.0758	0.0666	0.0625	0.0615	0.0631	0.0684	0.0803
1594	0.1238	0.1237	0.1216	0.1242	0.1232	0.1193	0.1154	0.1160	0.1209	0.1187	0.1092	0.1040	0.1031	0.1057	0.1134	0.0955	0.0882	0.0854	0.0858	0.0903	0.1007	0.0759	0.0666	0.0626	0.0615	0.0631	0.0684	0.0805
1595	0.1239	0.1238	0.1218	0.1245	0.1233	0.1195	0.1155	0.1161	0.1210	0.1190	0.1092	0.1041	0.1031	0.1058	0.1135	0.0956	0.0883	0.0854	0.0859	0.0903	0.1008	0.0760	0.0668	0.0626	0.0616	0.0631	0.0684	0.0807
1596	0.1240	0.1240	0.1219	0.1246	0.1234	0.1195	0.1156	0.1162	0.1211	0.1190	0.1093	0.1042	0.1032	0.1060	0.1136	0.0958	0.0884	0.0855	0.0859	0.0904	0.1010	0.0762	0.0669	0.0626	0.0617	0.0632	0.0684	0.0807
1597	0.1241	0.1241	0.1220	0.1247	0.1234	0.1195	0.1158	0.1162	0.1213	0.1192	0.1094	0.1042	0.1034	0.1061	0.1137	0.0959	0.0885	0.0855	0.0859	0.0904	0.1012	0.0763	0.0670	0.0627	0.0618	0.0633	0.0684	0.0807
1598	0.1242	0.1243	0.1222	0.1248	0.1236	0.1196	0.1159	0.1164	0.1213	0.1192	0.1095	0.1043	0.1034	0.1061	0.1139	0.0959	0.0887	0.0857	0.0860	0.0905	0.1012	0.0764	0.0672	0.0628	0.0619	0.0633	0.0685	0.0807
1599	0.1243	0.1244	0.1224	0.1250	0.1238	0.1198	0.1160	0.1166	0.1214	0.1193	0.1096	0.1045	0.1034	0.1061	0.1141	0.0960	0.0888	0.0858	0.0860	0.0905	0.1012	0.0764	0.0673	0.0628	0.0619	0.0633	0.0686	0.0808
1600	0.1244	0.1246	0.1224	0.1250	0.1239	0.1199	0.1160	0.1167	0.1214	0.1194	0.1096	0.1045	0.1034	0.1062	0.1142	0.0959	0.0888	0.0860	0.0860	0.0906	0.1013	0.0765	0.0673	0.0629	0.0619	0.0633	0.0687	0.0809
1601	0.1245	0.1247	0.1224	0.1251	0.1240	0.1200	0.1161	0.1169	0.1214	0.1194	0.1096	0.1044	0.1035	0.1062	0.1144	0.0959	0.0889	0.0861	0.0861	0.0908	0.1014	0.0765	0.0674	0.0630	0.0619	0.0634	0.0687	0.0811
1602	0.1245	0.1248	0.1224	0.1251	0.1241	0.1202	0.1162	0.1170	0.1216	0.1196	0.1097	0.1045	0.1036	0.1063	0.1145	0.0959	0.0889	0.0861	0.0861	0.0909	0.1016	0.0765	0.0674	0.0630	0.0620	0.0635	0.0688	0.0812
1603	0.1246	0.1250	0.1225	0.1251	0.1243	0.1205	0.1163	0.1172	0.1218	0.1199	0.1098	0.1046	0.1037	0.1064	0.1146	0.0960	0.0889	0.0861	0.0862	0.0911	0.1018	0.0765	0.0675	0.0630	0.0621	0.0636	0.0690	0.0813
1604	0.1247	0.1252	0.1226	0.1252	0.1244	0.1206	0.1164	0.1173	0.1220	0.1199	0.1100	0.1047	0.1039	0.1065	0.1148	0.0962	0.0888	0.0862	0.0862	0.0911	0.1018	0.0765	0.0676	0.0631	0.0622	0.0636	0.0690	0.0813
1605	0.1249	0.1254	0.1227	0.1253	0.1244	0.1206	0.1164	0.1174	0.1222	0.1200	0.1101	0.1049	0.1041	0.1067	0.1149	0.0963	0.0888	0.0862	0.0863	0.0910	0.1018	0.0766	0.0677	0.0631	0.0623	0.0635	0.0689	0.0813
1606	0.1251	0.1254	0.1228	0.1255	0.1245	0.1207	0.1165	0.1174	0.1224	0.1201	0.1101	0.1049	0.1041	0.1068	0.1150	0.0963	0.0890	0.0863	0.0864	0.0910	0.1018	0.0767	0.0675	0.0632	0.0623	0.0636	0.0690	0.0814
1607	0.1252	0.1254	0.1230	0.1256	0.1246	0.1209	0.1166	0.1173	0.1226	0.1202	0.1102	0.1049	0.1042	0.1070	0.1150	0.0964	0.0892	0.0862	0.0865	0.0911	0.1019	0.0769	0.0674	0.0633	0.0624	0.0636	0.0690	0.0815
1608	0.1254	0.1255	0.1231	0.1258	0.1246	0.1210	0.1167	0.1175	0.1226	0.1203	0.1102	0.1050	0.1042	0.1070	0.1151	0.0964	0.0893	0.0863	0.0866	0.0911	0.1021	0.0770	0.0674	0.0633	0.0623	0.0637	0.0691	0.0814
1609	0.1256	0.1256	0.1231	0.1259	0.1246	0.1210	0.1169	0.1176	0.1226	0.1205	0.1103	0.1051	0.1042	0.1070	0.1152	0.0965	0.0894	0.0864	0.0867	0.0911	0.1022	0.0770	0.0674	0.0633	0.0621	0.0638	0.0691	0.0813
1610	0.1257	0.1256	0.1232	0.1261	0.1246	0.1211	0.1171	0.1177	0.1227	0.1205	0.1104	0.1054	0.1044	0.1070	0.1152	0.0967	0.0893	0.0865	0.0868	0.0911	0.1022	0.0770	0.0675	0.0634	0.0622	0.0639	0.0691	0.0813
1611	0.1257	0.1257	0.1232	0.1263	0.1247	0.1212	0.1172	0.1178	0.1228	0.1205	0.1105	0.1056	0.1047	0.1070	0.1151	0.0969	0.0893	0.0865	0.0870	0.0911	0.1022	0.0769	0.0676	0.0634	0.0623	0.0640	0.0690	0.0813
1612	0.1258	0.1257	0.1234	0.1264	0.1247	0.1212	0.1173	0.1179	0.1230	0.1206	0.1107	0.1057	0.1046	0.1073	0.1152	0.0970	0.0894	0.0866	0.0871	0.0911	0.1023	0.0770	0.0677	0.0634	0.0624	0.0641	0.0692	0.0814
1613	0.1259	0.1257	0.1236	0.1265	0.1248	0.1213	0.1174	0.1179	0.1232	0.1207	0.1109	0.1057	0.1044	0.1075	0.1154	0.0970	0.0895	0.0868	0.0871	0.0911	0.1025	0.0771	0.0678	0.0633	0.0625	0.0641	0.0694	0.0816
1614	0.1259	0.1258	0.1236	0.1266	0.1249	0.1214	0.1175	0.1180	0.1232	0.1208	0.1109	0.1058	0.1045	0.1076	0.1154	0.0970	0.0895	0.0868	0.0871	0.0912	0.1026	0.0772	0.0679	0.0634	0.0626	0.0641	0.0695	0.0818
1615	0.1259	0.1259	0.1236	0.1267	0.1250	0.1216	0.1175	0.1180	0.1231	0.1210	0.1109	0.1059	0.1047	0.1075	0.1154	0.0970	0.0894	0.0868	0.0871	0.0914	0.1026	0.0773	0.0680	0.0635	0.0627	0.0641	0.0695	0.0819
1616	0.1261	0.1260	0.1237	0.1267	0.1252	0.1216	0.1176	0.1180	0.1232	0.1210	0.1109	0.1059	0.1049	0.1076	0.1154	0.0972	0.0895	0.0869	0.0872	0.0914	0.1027	0.0772	0.0680	0.0635	0.0627	0.0641	0.0695	0.0819
1617	0.1263	0.1261	0.1238	0.1268	0.1253	0.1217	0.1178	0.1181	0.1233	0.1211	0.1111	0.1059	0.1050	0.1078	0.1155	0.0973	0.0895	0.0870	0.0874	0.0915	0.1028	0.0771	0.0680	0.0635	0.0627	0.0640	0.0695	0.0819
1618	0.1263	0.1261	0.1239	0.1269	0.1254	0.1217	0.1178	0.1181	0.1234	0.1211	0.1111	0.1059	0.1051	0.1079	0.1157	0.0973	0.0897	0.0870	0.0875	0.0916	0.1027	0.0772	0.0680	0.0636	0.0628	0.0642	0.0695	0.0818
1619	0.1264	0.1262	0.1239	0.1271	0.1254	0.1216	0.1178	0.1182	0.1234	0.1211	0.1112	0.1058	0.1051	0.1080	0.1159	0.0973	0.0899	0.0871	0.0876	0.0917	0.1027	0.0773	0.0681	0.0637	0.0629	0.0643	0.0695	0.0817
1620	0.1265	0.1263	0.1240	0.1271	0.1255	0.1217	0.1178	0.1184	0.1234	0.1213	0.1113	0.1060	0.1052	0.1079	0.1159	0.0973	0.0900	0.0871	0.0876	0.0918	0.1027	0.0773	0.0683	0.0637	0.0629	0.0644	0.0696	0.0816
1621	0.1267	0.1264	0.1242	0.1271	0.1256	0.1217	0.1178	0.1185	0.1235	0.1215	0.1114	0.1061	0.1053	0.1079	0.1159	0.0973	0.0900	0.0870	0.0875	0.0920	0.1027	0.0774	0.0684	0.0637	0.0629	0.0644	0.0696	0.0816
1622	0.1267	0.1266	0.1243	0.1272	0.1258	0.1218	0.1179	0.1185	0.1236	0.1215	0.1114	0.1062	0.1054	0.1079	0.1159	0.0974	0.0901	0.0870	0.0875	0.0921	0.1028	0.0773	0.0684	0.0637	0.0629	0.0644	0.0695	0.0817
1623	0.1267	0.1268	0.1245	0.1273	0.1260	0.1218	0.1180	0.1184	0.1236	0.1214	0.1115	0.1062	0.1055	0.1079	0.1160	0.0975	0.0902	0.0870	0.0874	0.0922	0.1028	0.0772	0.0682	0.0637	0.0629	0.0645	0.0694	0.0818
1624	0.1268	0.1268	0.1245	0.1273	0.1261	0.1219	0.1180	0.1186	0.1236	0.1215	0.1115	0.1064	0.1054	0.1080	0.1160	0.0976	0.0902	0.0870	0.0876	0.0922	0.1030	0.0772	0.0682	0.0637	0.0629	0.0645	0.0694	0.0818
1625	0.1268	0.1268	0.1246	0.1273	0.1262	0.1220	0.1180	0.1187	0.1237	0.1216	0.1115	0.1066	0.1053	0.1080	0.1159	0.0976	0.0902	0.0871	0.0877	0.0922	0.1033	0.0772	0.0682	0.0637	0.0628	0.0646	0.0695	0.0819
1626	0.1269	0.1269	0.1245	0.1274	0.1262	0.1222	0.1181	0.1188	0.1238	0.1216	0.1116	0.1066	0.1054	0.1082	0.1160	0.0977	0.0902	0.0873	0.0878	0.0923	0.1033	0.0774	0.0683	0.0637	0.0628	0.0645	0.0697	0.0818
1627	0.1270	0.1270	0.1245	0.1274	0.1262	0.1224	0.1183	0.1188	0.1239	0.1216	0.1117	0.1066	0.1056	0.1083	0.1161	0.0978	0.0902	0.0876	0.0879	0.0924	0.1033	0.0775	0.0684	0.0636	0.0629	0.0645	0.0699	0.0818
1628	0.1272	0.1271	0.1246	0.1274	0.1263	0.1225	0.1184	0.1189	0.1240	0.1217	0.1118	0.1065	0.1056	0.1084	0.1164	0.0979	0.0902	0.0877	0.0878	0.0924	0.1034	0.0776	0.0684	0.0636	0.0629	0.0645	0.0698	0.0819
1629	0.1274	0.1273	0.1247	0.1275	0.1264	0.1226	0.1185	0.1190	0.1240	0.1217	0.1118	0.1064	0.1056	0.1084	0.1166	0.0979	0.0902	0.0878	0.0878	0.0923	0.1035	0.0777	0.0684	0.0635	0.0629	0.0644	0.0697	0.0820
1630	0.1274	0.1273	0.1248	0.1276	0.1265	0.1226	0.1186	0.1190	0.1241	0.1218	0.1119	0.1065	0.1057	0.1085	0.1167	0.0979	0.0902	0.0877	0.0879	0.0924	0.1035	0.0778	0.0686	0.0636	0.0630	0.0646	0.0697	0.0821
1631	0.1274	0.1274	0.1248	0.1277	0.1265	0.1226	0.1187	0.1191	0.1242	0.1219	0.1120	0.1066	0.1057	0.1085	0.1167	0.0979	0.0902	0.0876	0.0880	0.0925	0.1034	0.0779	0.0687	0.0637	0.0631	0.0648	0.0696	0.0822
1632	0.1274	0.1273	0.1249	0.1277	0.1267	0.1227	0.1187	0.1191	0.1243	0.1219	0.1121	0.1068	0.1057	0.1086	0.1167	0.0979	0.0902	0.0875	0.0881	0.0926	0.1034	0.0779	0.0688	0.0637	0.0632	0.0648	0.0698	0.0823
1633	0.1274	0.1273	0.1251	0.1278	0.1270	0.1228	0.1186	0.1191	0.1243	0.1218	0.1122	0.1069	0.1056	0.1086	0.1166	0.0979	0.0903	0.0875	0.0881	0.0926	0.1034	0.0777	0.0688	0.0639	0.0634	0.0649	0.0699	0.0824
1634	0.1274	0.1274	0.1253	0.1278	0.1271	0.1229	0.1186	0.1193	0.1244	0.1219	0.1122	0.1070	0.1058	0.1087	0.1167	0.0979	0.0904	0.0875	0.0881	0.0928	0.1034	0.0779	0.0689	0.0639	0.0634	0.0648	0.0701	0.0824
1635	0.1274	0.1275	0.1255	0.1278	0.1272	0.1230	0.1187	0.1194	0.1245	0.1221	0.1122	0.1070	0.1060	0.1089	0.1167	0.0979	0.0905	0.0876	0.0882	0.0930	0.1033	0.0780	0.0690	0.0639	0.0635	0.0647	0.0702	0.0825
1636	0.1275	0.1276	0.1255	0.1279	0.1272	0.1230	0.1189	0.1195	0.1246	0.1221	0.1123	0.1070	0.1061	0.1088	0.1168	0.0982	0.0906	0.0877	0.0883	0.0929	0.1034	0.0780	0.0690	0.0640	0.0634	0.0648	0.0702	0.0825
1637	0.1277	0.1277	0.1256	0.1280	0.1271	0.1230	0.1192	0.1195	0.1246	0.1222	0.1124	0.1069	0.1062	0.1088	0.1168	0.0984	0.0907	0.0878	0.0883	0.0929	0.1036	0.0779	0.0690	0.0641	0.0633	0.0648	0.0702	0.0824
1638	0.1278	0.1279	0.1255	0.1282	0.1271	0.1231	0.1192	0.1196	0.1247	0.1222	0.1124	0.1070	0.1062	0.1089	0.1169	0.0984	0.0907	0.0878	0.0883	0.0928	0.1036	0.0778	0.0689	0.0640	0.0633	0.0648	0.0702	0.0826
1639	0.1279	0.1281	0.1254	0.1284	0.1270	0.1231	0.1193	0.1196	0.1248	0.1222	0.1124	0.1071	0.1063	0.1090	0.1170	0.0984	0.0908	0.0879	0.0883	0.0928	0.1036	0.0778	0.0689	0.0639	0.0633	0.0648	0.0702	0.0827
1640	0.1279	0.1281	0.1254	0.1285	0.1270	0.1232	0.1193	0.1196	0.1249	0.1224	0.1125	0.1072	0.1064	0.1093	0.1171	0.0985	0.0909	0.0879	0.0884	0.0928	0.1037	0.0779	0.0689	0.0641	0.0634	0.0648	0.0702	0.0827
1641	0.1280	0.1281	0.1255	0.1285	0.1270	0.1232	0.1193	0.1196	0.1251	0.1225	0.1125	0.1073	0.1065	0.1095	0.1171	0.0985	0.0910	0.0880	0.0884	0.0929	0.1038	0.0779	0.0690	0.0643	0.0635	0.0647	0.0703	0.0826
1642	0.1280	0.1283	0.1256	0.1285	0.1272	0.1233	0.1193	0.1198	0.1252	0.1226	0.1126	0.1074	0.1065	0.1094	0.1171	0.0985	0.0911	0.0881	0.0884	0.0931	0.1040	0.0779	0.0690	0.0644	0.0636	0.0647	0.0701	0.0826
1643	0.1281	0.1284	0.1258	0.1285	0.1274	0.1234	0.1194	0.1200	0.1252	0.1227	0.1127	0.1075	0.1065	0.1094	0.1171	0.0985	0.0912	0.0882	0.0883	0.0932	0.1042	0.0778	0.0690	0.0645	0.0636	0.0647	0.0699	0.0827
1644	0.1281	0.1285	0.1257	0.1286	0.1274	0.1235	0.1195	0.1199	0.1253	0.1227	0.1128	0.1076	0.1065	0.1094	0.1171	0.0985	0.0913	0.0883	0.0883	0.0933	0.1042	0.0779	0.0690	0.0646	0.0636	0.0649	0.0700	0.0828
1645	0.1280	0.1286	0.1257	0.1287	0.1273	0.1236	0.1195	0.1199	0.1254	0.1226	0.1129	0.1077	0.1064	0.1095	0.1170	0.0984	0.0913	0.0883	0.0884	0.0934	0.1042	0.0779	0.0690	0.0647	0.0636	0.0650	0.0700	0.0829
1646	0.1280	0.1285	0.1258	0.1289	0.1273	0.1236	0.1196	0.1200	0.1254	0.1226	0.1130	0.1077	0.1065	0.1095	0.1171	0.0985	0.0913	0.0884	0.0884	0.0933	0.1042	0.0780	0.0690	0.0647	0.0637	0.0651	0.0701	0.0829
1647	0.1280	0.1284	0.1260	0.1290	0.1273	0.1237	0.1197	0.1201	0.1254	0.1226	0.1130	0.1078	0.1066	0.1094	0.1171	0.0985	0.0913	0.0884	0.0885	0.0931	0.1043	0.0782	0.0690	0.0648	0.0637	0.0651	0.0701	0.0829
1648	0.1281	0.1285	0.1261	0.1290	0.1274	0.1238	0.1197	0.1204	0.1255	0.1227	0.1131	0.1078	0.1066	0.1094	0.1173	0.0987	0.0913	0.0883	0.0886	0.0934	0.1043	0.0781	0.0690	0.0647	0.0636	0.0652	0.0702	0.0829
1649	0.1282	0.1285	0.1262	0.1290	0.1275	0.1238	0.1198	0.1206	0.1256	0.1228	0.1132	0.1079	0.1067	0.1094	0.1175	0.0989	0.0913	0.0882	0.0888	0.0937	0.1044	0.0780	0.0690	0.0647	0.0636	0.0653	0.0703	0.0829
1650	0.1283	0.1286	0.1262	0.1290	0.1277	0.1239	0.1198	0.1205	0.1255	0.1229	0.1132	0.1079	0.1068	0.1095	0.1175	0.0989	0.0914	0.0883	0.0888	0.0936	0.1045	0.0781	0.0691	0.0648	0.0637	0.0653	0.0705	0.0830
1651	0.1283	0.1286	0.1261	0.1291	0.1278	0.1239	0.1199	0.1205	0.1255	0.1230	0.1133	0.1078	0.1069	0.1096	0.1176	0.0988	0.0914	0.0884	0.0888	0.0936	0.1045	0.0782	0.0692	0.0649	0.0637	0.0654	0.0706	0.0830
1652	0.1285	0.1286	0.1262	0.1292	0.1280	0.1240	0.1199	0.1206	0.1256	0.1231	0.1132	0.1078	0.1068	0.1097	0.1177	0.0989	0.0914	0.0884	0.0889	0.0936	0.1048	0.0783	0.0691	0.0649	0.0637	0.0653	0.0707	0.0831
1653	0.1287	0.1285	0.1263	0.1292	0.1281	0.1242	0.1200	0.1206	0.1257	0.1233	0.1131	0.1078	0.1068	0.1098	0.1178	0.0990	0.0914	0.0884	0.0890	0.0937	0.1050	0.0785	0.0691	0.0650	0.0636	0.0652	0.0707	0.0831
1654	0.1288	0.1286	0.1264	0.1294	0.1281	0.1243	0.1201	0.1206	0.1257	0.1233	0.1132	0.1079	0.1068	0.1098	0.1178	0.0990	0.0915	0.0884	0.0890	0.0937	0.1049	0.0785	0.0691	0.0649	0.0636	0.0653	0.0707	0.0833
1655	0.1288	0.1286	0.1265	0.1296	0.1282	0.1245	0.1203	0.1206	0.1257	0.1233	0.1133	0.1080	0.1069	0.1098	0.1179	0.0990	0.0915	0.0884	0.0890	0.0938	0.1049	0.0786	0.0691	0.0648	0.0636	0.0654	0.0708	0.0834
1656	0.1289	0.1288	0.1265	0.1295	0.1282	0.1245	0.1202	0.1207	0.1258	0.1232	0.1135	0.1081	0.1069	0.1098	0.1179	0.0991	0.0916	0.0885	0.0889	0.0939	0.1049	0.0787	0.0692	0.0649	0.0637	0.0655	0.0708	0.0835
1657	0.1290	0.1290	0.1266	0.1294	0.1281	0.1245	0.1201	0.1208	0.1258	0.1231	0.1136	0.1081	0.1069	0.1098	0.1179	0.0992	0.0918	0.0887	0.0889	0.0940	0.1049	0.0787	0.0694	0.0650	0.0638	0.0655	0.0709	0.0835
1658	0.1291	0.1289	0.1267	0.1295	0.1282	0.1245	0.1202	0.1209	0.1257	0.1233	0.1136	0.1081	0.1071	0.1098	0.1179	0.0993	0.0919	0.0887	0.0890	0.0939	0.1049	0.0787	0.0694	0.0651	0.0639	0.0655	0.0709	0.0835
1659	0.1291	0.1289	0.1267	0.1296	0.1282	0.1244	0.1204	0.1209	0.1257	0.1234	0.1135	0.1081	0.1073	0.1099	0.1179	0.0993	0.0919	0.0888	0.0892	0.0939	0.1048	0.0787	0.0695	0.0653	0.0640	0.0656	0.0709	0.0835
1660	0.1292	0.1289	0.1267	0.1297	0.1283	0.1244	0.1204	0.1209	0.1257	0.1234	0.1135	0.1081	0.1073	0.1101	0.1181	0.0992	0.0919	0.0888	0.0892	0.0939	0.1047	0.0788	0.0695	0.0652	0.0639	0.0656	0.0710	0.0835
1661	0.1292	0.1289	0.1267	0.1298	0.1285	0.1243	0.1205	0.1209	0.1258	0.1234	0.1134	0.1082	0.1074	0.1102	0.1183	0.0991	0.0919	0.0888	0.0892	0.0940	0.1047	0.0789	0.0695	0.0651	0.0639	0.0657	0.0711	0.0835
1662	0.1292	0.1290	0.1269	0.1297	0.1285	0.1245	0.1205	0.1209	0.1259	0.1235	0.1136	0.1082	0.1074	0.1102	0.1183	0.0991	0.0918	0.0889	0.0893	0.0940	0.1049	0.0788	0.0695	0.0652	0.0639	0.0657	0.0711	0.0834
1663	0.1292	0.1290	0.1271	0.1297	0.1285	0.1246	0.1204	0.1210	0.1260	0.1235	0.1137	0.1083	0.1075	0.1102	0.1183	0.0991	0.0918	0.0891	0.0893	0.0940	0.1052	0.0787	0.0695	0.0652	0.0640	0.0657	0.0712	0.0834
1664	0.1293	0.1291	0.1271	0.1298	0.1285	0.1246	0.1203	0.1210	0.1261	0.1234	0.1137	0.1085	0.1075	0.1101	0.1183	0.0991	0.0918	0.0892	0.0893	0.0941	0.1053	0.0787	0.0696	0.0653	0.0640	0.0657	0.0712	0.0834
1665	0.1294	0.1292	0.1271	0.1299	0.1285	0.1245	0.1203	0.1210	0.1262	0.1234	0.1138	0.1086	0.1076	0.1100	0.1183	0.0992	0.0918	0.0894	0.0893	0.0941	0.1054	0.0786	0.0696	0.0654	0.0641	0.0657	0.0713	0.0835
1666	0.1293	0.1291	0.1270	0.1300	0.1286	0.1245	0.1205	0.1211	0.1261	0.1235	0.1138	0.1086	0.1074	0.1100	0.1184	0.0993	0.0918	0.0894	0.0894	0.0941	0.1053	0.0786	0.0697	0.0654	0.0642	0.0657	0.0712	0.0835
1667	0.1293	0.1291	0.1269	0.1301	0.1287	0.1244	0.1206	0.1212	0.1261	0.1237	0.1138	0.1086	0.1072	0.1100	0.1185	0.0994	0.0919	0.0894	0.0895	0.0941	0.1053	0.0786	0.0698	0.0654	0.0643	0.0657	0.0712	0.0835
1668	0.1294	0.1292	0.1269	0.1299	0.1288	0.1245	0.1206	0.1212	0.1262	0.1237	0.1138	0.1086	0.1075	0.1102	0.1185	0.0995	0.0919	0.0895	0.0896	0.0940	0.1053	0.0786	0.0698	0.0654	0.0644	0.0657	0.0711	0.0836
1669	0.1295	0.1293	0.1269	0.1298	0.1288	0.1246	0.1207	0.1213	0.1262	0.1237	0.1138	0.1087	0.1077	0.1104	0.1186	0.0995	0.0919	0.0896	0.0897	0.0940	0.1053	0.0787	0.0697	0.0654	0.0644	0.0656	0.0711	0.0836
1670	0.1295	0.1294	0.1270	0.1299	0.1289	0.1246	0.1208	0.1212	0.1263	0.1235	0.1138	0.1088	0.1076	0.1104	0.1187	0.0994	0.0920	0.0895	0.0897	0.0941	0.1053	0.0789	0.0698	0.0655	0.0644	0.0657	0.0711	0.0835
1671	0.1296	0.1294	0.1271	0.1299	0.1289	0.1246	0.1208	0.1212	0.1264	0.1233	0.1139	0.1089	0.1077	0.1104	0.1188	0.0994	0.0921	0.0895	0.0897	0.0941	0.1053	0.0790	0.0699	0.0655	0.0644	0.0657	0.0712	0.0834
1672	0.1297	0.1294	0.1271	0.1299	0.1287	0.1247	0.1207	0.1212	0.1264	0.1236	0.1139	0.1089	0.1078	0.1105	0.1188	0.0994	0.0921	0.0895	0.0896	0.0941	0.1053	0.0789	0.0698	0.0655	0.0643	0.0659	0.0713	0.0836
1673	0.1298	0.1294	0.1272	0.1299	0.1285	0.1247	0.1206	0.1212	0.1265	0.1237	0.1140	0.1089	0.1079	0.1105	0.1189	0.0995	0.0921	0.0896	0.0896	0.0941	0.1053	0.0788	0.0697	0.0655	0.0642	0.0660	0.0714	0.0837
1674	0.1297	0.1294	0.1273	0.1299	0.1286	0.1247	0.1208	0.1212	0.1264	0.1237	0.1140	0.1090	0.1080	0.1105	0.1188	0.0995	0.0922	0.0895	0.0897	0.0943	0.1053	0.0788	0.0697	0.0655	0.0642	0.0660	0.0714	0.0838
1675	0.1296	0.1294	0.1273	0.1300	0.1286	0.1247	0.1210	0.1212	0.1264	0.1237	0.1141	0.1090	0.1080	0.1105	0.1188	0.0996	0.0923	0.0895	0.0898	0.0944	0.1054	0.0787	0.0697	0.0656	0.0642	0.0660	0.0714	0.0839
1676	0.1296	0.1292	0.1273	0.1301	0.1286	0.1247	0.1209	0.1214	0.1265	0.1239	0.1141	0.1090	0.1081	0.1105	0.1188	0.0997	0.0922	0.0896	0.0898	0.0945	0.1055	0.0787	0.0699	0.0656	0.0643	0.0662	0.0714	0.0839
1677	0.1296	0.1291	0.1273	0.1302	0.1287	0.1247	0.1208	0.1215	0.1267	0.1240	0.1141	0.1090	0.1082	0.1105	0.1188	0.0998	0.0922	0.0896	0.0898	0.0945	0.1055	0.0787	0.0700	0.0656	0.0644	0.0663	0.0714	0.0839
1678	0.1297	0.1292	0.1273	0.1303	0.1289	0.1248	0.1208	0.1216	0.1268	0.1241	0.1140	0.1090	0.1082	0.1106	0.1190	0.0999	0.0923	0.0897	0.0897	0.0946	0.1055	0.0789	0.0700	0.0656	0.0644	0.0661	0.0714	0.0838
1679	0.1297	0.1294	0.1274	0.1304	0.1290	0.1248	0.1208	0.1217	0.1268	0.1241	0.1140	0.1091	0.1081	0.1107	0.1190	0.0999	0.0924	0.0897	0.0897	0.0946	0.1056	0.0789	0.0701	0.0656	0.0643	0.0660	0.0714	0.0838
1680	0.1297	0.1295	0.1274	0.1305	0.1290	0.1249	0.1209	0.1217	0.1266	0.1240	0.1141	0.1091	0.1081	0.1107	0.1190	0.0999	0.0924	0.0895	0.0898	0.0946	0.1056	0.0789	0.0699	0.0656	0.0643	0.0661	0.0714	0.0839
1681	0.1298	0.1296	0.1274	0.1305	0.1290	0.1250	0.1209	0.1217	0.1265	0.1240	0.1141	0.1091	0.1081	0.1107	0.1189	0.0999	0.0923	0.0894	0.0898	0.0945	0.1056	0.0789	0.0698	0.0657	0.0644	0.0661	0.0714	0.0839
1682	0.1299	0.1296	0.1275	0.1304	0.1290	0.1250	0.1210	0.1217	0.1267	0.1240	0.1141	0.1091	0.1081	0.1108	0.1190	0.0999	0.0924	0.0894	0.0898	0.0946	0.1058	0.0789	0.0698	0.0657	0.0645	0.0662	0.0717	0.0839
1683	0.1301	0.1296	0.1275	0.1303	0.1290	0.1250	0.1211	0.1218	0.1268	0.1240	0.1141	0.1092	0.1082	0.1109	0.1190	0.0998	0.0924	0.0894	0.0898	0.0946	0.1059	0.0789	0.0698	0.0657	0.0645	0.0662	0.0718	0.0839
1684	0.1301	0.1297	0.1276	0.1304	0.1290	0.1252	0.1211	0.1219	0.1269	0.1239	0.1142	0.1091	0.1082	0.1110	0.1191	0.0998	0.0924	0.0895	0.0899	0.0946	0.1057	0.0789	0.0699	0.0657	0.0645	0.0663	0.0717	0.0840
1685	0.1301	0.1297	0.1277	0.1305	0.1291	0.1253	0.1211	0.1220	0.1269	0.1240	0.1144	0.1090	0.1082	0.1111	0.1191	0.0998	0.0924	0.0896	0.0900	0.0946	0.1057	0.0790	0.0699	0.0658	0.0645	0.0663	0.0717	0.0841
1686	0.1302	0.1298	0.1277	0.1305	0.1290	0.1252	0.1212	0.1219	0.1269	0.1241	0.1144	0.1090	0.1082	0.1111	0.1191	0.0998	0.0924	0.0896	0.0900	0.0947	0.1058	0.0791	0.0698	0.0660	0.0647	0.0662	0.0716	0.0842
1687	0.1303	0.1298	0.1277	0.1305	0.1290	0.1253	0.1212	0.1219	0.1269	0.1242	0.1144	0.1091	0.1082	0.1111	0.1191	0.0998	0.0924	0.0897	0.0901	0.0947	0.1060	0.0791	0.0698	0.0660	0.0648	0.0661	0.0716	0.0843
1688	0.1303	0.1300	0.1278	0.1306	0.1292	0.1253	0.1213	0.1221	0.1269	0.1242	0.1144	0.1091	0.1082	0.1110	0.1192	0.0999	0.0924	0.0897	0.0900	0.0947	0.1061	0.0791	0.0699	0.0658	0.0649	0.0660	0.0717	0.0843
1689	0.1303	0.1301	0.1278	0.1307	0.1293	0.1253	0.1213	0.1222	0.1269	0.1242	0.1144	0.1092	0.1082	0.1111	0.1193	0.1000	0.0924	0.0897	0.0900	0.0947	0.1062	0.0791	0.0700	0.0657	0.0649	0.0660	0.0718	0.0843
1690	0.1303	0.1302	0.1277	0.1308	0.1293	0.1252	0.1214	0.1222	0.1270	0.1243	0.1144	0.1094	0.1082	0.1112	0.1193	0.0999	0.0926	0.0898	0.0901	0.0948	0.1062	0.0791	0.0700	0.0659	0.0649	0.0661	0.0718	0.0842
1691	0.1302	0.1302	0.1276	0.1309	0.1293	0.1252	0.1214	0.1222	0.1271	0.1244	0.1145	0.1095	0.1082	0.1112	0.1193	0.0999	0.0927	0.0898	0.0901	0.0949	0.1062	0.0791	0.0701	0.0661	0.0649	0.0662	0.0718	0.0842
1692	0.1302	0.1302	0.1276	0.1311	0.1293	0.1253	0.1213	0.1222	0.1271	0.1245	0.1146	0.1096	0.1082	0.1113	0.1192	0.0999	0.0928	0.0899	0.0902	0.0948	0.1063	0.0792	0.0700	0.0661	0.0650	0.0663	0.0719	0.0841
1693	0.1301	0.1302	0.1276	0.1311	0.1293	0.1253	0.1212	0.1221	0.1272	0.1245	0.1146	0.1095	0.1083	0.1114	0.1191	0.0999	0.0928	0.0899	0.0902	0.0948	0.1064	0.0793	0.0700	0.0662	0.0650	0.0664	0.0720	0.0841
1694	0.1301	0.1302	0.1276	0.1310	0.1293	0.1254	0.1213	0.1221	0.1272	0.1244	0.1145	0.1095	0.1083	0.1114	0.1193	0.0999	0.0927	0.0898	0.0902	0.0950	0.1065	0.0792	0.0701	0.0662	0.0649	0.0664	0.0719	0.0843
1695	0.1301	0.1302	0.1276	0.1309	0.1294	0.1254	0.1213	0.1221	0.1273	0.1243	0.1144	0.1095	0.1082	0.1114	0.1193	0.1000	0.0927	0.0898	0.0902	0.0950	0.1066	0.0791	0.0702	0.0663	0.0650	0.0664	0.0720	0.0844
1696	0.1302	0.1301	0.1278	0.1308	0.1295	0.1254	0.1212	0.1223	0.1274	0.1242	0.1145	0.1095	0.1081	0.1113	0.1192	0.1001	0.0926	0.0899	0.0903	0.0951	0.1065	0.0791	0.0701	0.0664	0.0651	0.0664	0.0720	0.0846
1697	0.1301	0.1301	0.1278	0.1307	0.1295	0.1253	0.1212	0.1223	0.1274	0.1243	0.1145	0.1095	0.1082	0.1112	0.1192	0.1002	0.0926	0.0900	0.0903	0.0951	0.1065	0.0792	0.0701	0.0665	0.0652	0.0664	0.0721	0.0848
1698	0.1300	0.1301	0.1279	0.1306	0.1295	0.1252	0.1212	0.1223	0.1275	0.1244	0.1146	0.1094	0.1083	0.1112	0.1193	0.1003	0.0925	0.0901	0.0903	0.0951	0.1065	0.0792	0.0700	0.0665	0.0652	0.0664	0.0720	0.0848
1699	0.1301	0.1300	0.1280	0.1306	0.1294	0.1252	0.1212	0.1222	0.1275	0.1244	0.1146	0.1095	0.1084	0.1111	0.1193	0.1003	0.0926	0.0901	0.0902	0.0951	0.1064	0.0792	0.0701	0.0665	0.0651	0.0664	0.0721	0.0849
1700	0.1303	0.1300	0.1280	0.1307	0.1294	0.1253	0.1213	0.1222	0.1276	0.1243	0.1146	0.1095	0.1084	0.1111	0.1194	0.1003	0.0928	0.0901	0.0903	0.0952	0.1064	0.0792	0.0702	0.0665	0.0650	0.0664	0.0721	0.0848
1701	0.1303	0.1299	0.1280	0.1307	0.1294	0.1253	0.1213	0.1221	0.1276	0.1243	0.1145	0.1095	0.1084	0.1112	0.1195	0.1002	0.0928	0.0901	0.0903	0.0952	0.1064	0.0792	0.0702	0.0664	0.0650	0.0665	0.0723	0.0849
1702	0.1303	0.1298	0.1280	0.1306	0.1295	0.1252	0.1213	0.1221	0.1276	0.1243	0.1144	0.1095	0.1083	0.1113	0.1197	0.1002	0.0929	0.0900	0.0904	0.0953	0.1063	0.0793	0.0702	0.0663	0.0651	0.0665	0.0724	0.0850
1703	0.1302	0.1298	0.1279	0.1307	0.1295	0.1253	0.1214	0.1222	0.1276	0.1244	0.1145	0.1095	0.1084	0.1114	0.1197	0.1002	0.0929	0.0900	0.0904	0.0953	0.1063	0.0794	0.0702	0.0663	0.0651	0.0665	0.0724	0.0851
1704	0.1301	0.1297	0.1278	0.1308	0.1294	0.1254	0.1215	0.1223	0.1276	0.1245	0.1146	0.1094	0.1086	0.1116	0.1197	0.1003	0.0930	0.0900	0.0904	0.0952	0.1064	0.0795	0.0702	0.0662	0.0651	0.0665	0.0722	0.0851
1705	0.1301	0.1298	0.1278	0.1308	0.1294	0.1254	0.1215	0.1222	0.1277	0.1245	0.1147	0.1094	0.1087	0.1117	0.1198	0.1003	0.0929	0.0900	0.0904	0.0952	0.1065	0.0795	0.0700	0.0663	0.0651	0.0665	0.0721	0.0851
1706	0.1301	0.1298	0.1279	0.1306	0.1293	0.1253	0.1215	0.1222	0.1277	0.1245	0.1147	0.1093	0.1087	0.1117	0.1198	0.1003	0.0928	0.0901	0.0905	0.0953	0.1066	0.0794	0.0698	0.0665	0.0652	0.0666	0.0721	0.0850
1707	0.1301	0.1297	0.1279	0.1306	0.1292	0.1253	0.1214	0.1222	0.1278	0.1245	0.1147	0.1093	0.1086	0.1116	0.1198	0.1003	0.0929	0.0901	0.0906	0.0953	0.1067	0.0794	0.0699	0.0665	0.0651	0.0668	0.0722	0.0849
1708	0.1299	0.1295	0.1280	0.1307	0.1292	0.1253	0.1213	0.1223	0.1280	0.1244	0.1148	0.1094	0.1085	0.1115	0.1198	0.1003	0.0931	0.0900	0.0906	0.0953	0.1066	0.0793	0.0701	0.0665	0.0649	0.0669	0.0722	0.0849
1709	0.1298	0.1295	0.1279	0.1306	0.1292	0.1254	0.1212	0.1223	0.1278	0.1245	0.1148	0.1095	0.1085	0.1115	0.1197	0.1004	0.0931	0.0901	0.0907	0.0952	0.1067	0.0794	0.0702	0.0664	0.0649	0.0670	0.0724	0.0851
1710	0.1297	0.1295	0.1277	0.1305	0.1293	0.1254	0.1211	0.1223	0.1275	0.1246	0.1148	0.1096	0.1085	0.1116	0.1197	0.1006	0.0930	0.0903	0.0906	0.0952	0.1068	0.0796	0.0702	0.0664	0.0650	0.0670	0.0725	0.0852
1711	0.1298	0.1297	0.1276	0.1305	0.1294	0.1255	0.1211	0.1222	0.1275	0.1246	0.1148	0.1096	0.1086	0.1116	0.1197	0.1006	0.0929	0.0902	0.0906	0.0952	0.1068	0.0797	0.0702	0.0663	0.0649	0.0670	0.0725	0.0853
1712	0.1299	0.1299	0.1277	0.1306	0.1296	0.1256	0.1212	0.1221	0.1275	0.1245	0.1148	0.1094	0.1087	0.1116	0.1197	0.1006	0.0929	0.0900	0.0906	0.0952	0.1066	0.0796	0.0701	0.0663	0.0648	0.0671	0.0724	0.0853
1713	0.1299	0.1299	0.1277	0.1306	0.1296	0.1254	0.1212	0.1221	0.1275	0.1246	0.1149	0.1094	0.1087	0.1116	0.1199	0.1005	0.0929	0.0900	0.0905	0.0953	0.1066	0.0797	0.0701	0.0665	0.0648	0.0669	0.0724	0.0852
1714	0.1299	0.1298	0.1277	0.1306	0.1296	0.1252	0.1211	0.1221	0.1275	0.1247	0.1150	0.1095	0.1087	0.1114	0.1200	0.1003	0.0929	0.0900	0.0905	0.0954	0.1066	0.0798	0.0701	0.0667	0.0648	0.0668	0.0724	0.0851
1715	0.1299	0.1297	0.1278	0.1307	0.1296	0.1253	0.1212	0.1221	0.1275	0.1247	0.1149	0.1096	0.1088	0.1114	0.1200	0.1003	0.0930	0.0902	0.0906	0.0953	0.1066	0.0798	0.0702	0.0667	0.0649	0.0668	0.0725	0.0852
1716	0.1299	0.1297	0.1279	0.1309	0.1295	0.1255	0.1213	0.1221	0.1275	0.1247	0.1148	0.1096	0.1089	0.1113	0.1198	0.1003	0.0930	0.0905	0.0908	0.0953	0.1066	0.0797	0.0702	0.0666	0.0651	0.0668	0.0725	0.0853
1717	0.1299	0.1297	0.1278	0.1308	0.1294	0.1254	0.1213	0.1221	0.1274	0.1246	0.1147	0.1096	0.1088	0.1114	0.1199	0.1004	0.0928	0.0903	0.0906	0.0953	0.1067	0.0797	0.0701	0.0665	0.0651	0.0669	0.0725	0.0854
1718	0.1300	0.1298	0.1277	0.1307	0.1294	0.1254	0.1212	0.1220	0.1274	0.1245	0.1145	0.1095	0.1088	0.1114	0.1200	0.1006	0.0926	0.0902	0.0905	0.0953	0.1067	0.0796	0.0700	0.0665	0.0650	0.0671	0.0726	0.0855
1719	0.1301	0.1298	0.1276	0.1306	0.1293	0.1255	0.1212	0.1220	0.1275	0.1245	0.1145	0.1093	0.1087	0.1114	0.1200	0.1003	0.0926	0.0900	0.0905	0.0954	0.1068	0.0795	0.0700	0.0664	0.0650	0.0670	0.0726	0.0854
1720	0.1302	0.1298	0.1275	0.1306	0.1293	0.1256	0.1211	0.1220	0.1275	0.1245	0.1145	0.1091	0.1086	0.1113	0.1199	0.1001	0.0926	0.0899	0.0905	0.0955	0.1068	0.0794	0.0700	0.0664	0.0651	0.0669	0.0727	0.0853
1721	0.1300	0.1297	0.1276	0.1305	0.1292	0.1255	0.1212	0.1221	0.1275	0.1244	0.1145	0.1091	0.1085	0.1114	0.1198	0.1001	0.0927	0.0900	0.0905	0.0954	0.1068	0.0793	0.0700	0.0665	0.0651	0.0669	0.0727	0.0855
1722	0.1299	0.1296	0.1277	0.1304	0.1291	0.1253	0.1214	0.1222	0.1274	0.1244	0.1146	0.1092	0.1085	0.1115	0.1198	0.1002	0.0928	0.0901	0.0905	0.0953	0.1068	0.0791	0.0701	0.0665	0.0652	0.0669	0.0726	0.0858
1723	0.1298	0.1296	0.1276	0.1305	0.1292	0.1254	0.1213	0.1222	0.1274	0.1244	0.1146	0.1092	0.1083	0.1116	0.1196	0.1003	0.0929	0.0903	0.0906	0.0954	0.1068	0.0792	0.0703	0.0666	0.0650	0.0669	0.0726	0.0858
1724	0.1297	0.1297	0.1275	0.1305	0.1293	0.1254	0.1212	0.1222	0.1274	0.1244	0.1147	0.1092	0.1082	0.1117	0.1195	0.1004	0.0929	0.0904	0.0907	0.0955	0.1067	0.0793	0.0705	0.0667	0.0649	0.0669	0.0725	0.0859
1725	0.1297	0.1296	0.1274	0.1303	0.1292	0.1253	0.1212	0.1220	0.1273	0.1244	0.1145	0.1093	0.1081	0.1117	0.1195	0.1003	0.0929	0.0903	0.0908	0.0954	0.1067	0.0791	0.0703	0.0666	0.0649	0.0669	0.0725	0.0858
1726	0.1297	0.1295	0.1272	0.1300	0.1291	0.1252	0.1211	0.1219	0.1273	0.1244	0.1144	0.1094	0.1081	0.1116	0.1195	0.1003	0.0930	0.0902	0.0908	0.0953	0.1068	0.0790	0.0702	0.0665	0.0649	0.0669	0.0725	0.0856
1727	0.1298	0.1296	0.1272	0.1302	0.1291	0.1250	0.1210	0.1219	0.1272	0.1243	0.1143	0.1095	0.1081	0.1115	0.1196	0.1003	0.0930	0.0901	0.0908	0.0954	0.1068	0.0792	0.0703	0.0665	0.0651	0.0670	0.0725	0.0855
1728	0.1299	0.1297	0.1271	0.1303	0.1291	0.1249	0.1208	0.1219	0.1272	0.1243	0.1142	0.1096	0.1082	0.1115	0.1197	0.1002	0.0930	0.0901	0.0908	0.0954	0.1069	0.0794	0.0703	0.0666	0.0652	0.0671	0.0725	0.0854
1729	0.1298	0.1297	0.1271	0.1302	0.1290	0.1250	0.1210	0.1218	0.1272	0.1243	0.1142	0.1095	0.1083	0.1114	0.1195	0.1000	0.0928	0.0900	0.0907	0.0954	0.1070	0.0794	0.0704	0.0665	0.0652	0.0671	0.0725	0.0853
1730	0.1297	0.1296	0.1271	0.1302	0.1290	0.1250	0.1211	0.1217	0.1271	0.1243	0.1143	0.1094	0.1083	0.1113	0.1194	0.0999	0.0926	0.0900	0.0907	0.0955	0.1070	0.0794	0.0704	0.0664	0.0651	0.0672	0.0725	0.0852
1731	0.1297	0.1296	0.1269	0.1302	0.1291	0.1250	0.1210	0.1216	0.1272	0.1242	0.1144	0.1095	0.1083	0.1113	0.1194	0.0999	0.0927	0.0902	0.0907	0.0956	0.1070	0.0794	0.0703	0.0664	0.0651	0.0672	0.0725	0.0854
1732	0.1296	0.1296	0.1267	0.1301	0.1291	0.1249	0.1209	0.1215	0.1271	0.1241	0.1145	0.1095	0.1082	0.1112	0.1195	0.0999	0.0927	0.0903	0.0907	0.0957	0.1070	0.0794	0.0702	0.0664	0.0650	0.0672	0.0725	0.0856
1733	0.1295	0.1293	0.1265	0.1300	0.1291	0.1248	0.1207	0.1217	0.1270	0.1242	0.1145	0.1093	0.1081	0.1111	0.1196	0.0997	0.0927	0.0902	0.0907	0.0958	0.1069	0.0794	0.0702	0.0666	0.0651	0.0671	0.0726	0.0857
1734	0.1294	0.1291	0.1264	0.1298	0.1290	0.1247	0.1206	0.1218	0.1268	0.1242	0.1145	0.1092	0.1080	0.1110	0.1197	0.0997	0.0927	0.0901	0.0906	0.0958	0.1069	0.0793	0.0701	0.0667	0.0651	0.0669	0.0727	0.0857
1735	0.1293	0.1290	0.1265	0.1297	0.1289	0.1247	0.1206	0.1219	0.1265	0.1240	0.1144	0.1091	0.1081	0.1111	0.1196	0.0997	0.0926	0.0901	0.0904	0.0959	0.1070	0.0792	0.0702	0.0665	0.0649	0.0669	0.0728	0.0857
1736	0.1293	0.1289	0.1266	0.1295	0.1287	0.1247	0.1206	0.1219	0.1263	0.1238	0.1143	0.1091	0.1081	0.1112	0.1194	0.0997	0.0925	0.0901	0.0903	0.0959	0.1070	0.0792	0.0703	0.0664	0.0647	0.0668	0.0728	0.0857
1737	0.1291	0.1289	0.1265	0.1293	0.1286	0.1247	0.1206	0.1216	0.1264	0.1238	0.1142	0.1090	0.1080	0.1112	0.1193	0.0996	0.0925	0.0900	0.0903	0.0958	0.1069	0.0791	0.0702	0.0664	0.0649	0.0668	0.0725	0.0857
1738	0.1290	0.1289	0.1265	0.1292	0.1286	0.1247	0.1206	0.1214	0.1264	0.1237	0.1142	0.1089	0.1079	0.1112	0.1193	0.0996	0.0925	0.0900	0.0903	0.0956	0.1069	0.0792	0.0702	0.0664	0.0651	0.0669	0.0724	0.0857
1739	0.1290	0.1287	0.1265	0.1290	0.1286	0.1245	0.1204	0.1213	0.1263	0.1236	0.1143	0.1089	0.1078	0.1111	0.1193	0.0997	0.0926	0.0898	0.0902	0.0955	0.1070	0.0793	0.0703	0.0664	0.0650	0.0669	0.0725	0.0857
1740	0.1290	0.1285	0.1266	0.1290	0.1285	0.1243	0.1203	0.1212	0.1262	0.1235	0.1142	0.1087	0.1078	0.1111	0.1193	0.0998	0.0926	0.0898	0.0902	0.0953	0.1070	0.0794	0.0704	0.0664	0.0650	0.0669	0.0725	0.0856
1741	0.1287	0.1283	0.1265	0.1294	0.1285	0.1243	0.1203	0.1212	0.1262	0.1235	0.1139	0.1086	0.1078	0.1111	0.1192	0.0998	0.0925	0.0897	0.0902	0.0951	0.1069	0.0794	0.0703	0.0662	0.0649	0.0669	0.0725	0.0857
1742	0.1285	0.1283	0.1265	0.1295	0.1285	0.1243	0.1203	0.1211	0.1262	0.1234	0.1138	0.1085	0.1078	0.1111	0.1191	0.0997	0.0924	0.0897	0.0902	0.0949	0.1067	0.0793	0.0702	0.0662	0.0648	0.0668	0.0724	0.0857
1743	0.1283	0.1285	0.1266	0.1293	0.1284	0.1244	0.1202	0.1210	0.1263	0.1232	0.1137	0.1085	0.1078	0.1110	0.1189	0.0997	0.0924	0.0896	0.0902	0.0948	0.1067	0.0791	0.0700	0.0662	0.0646	0.0668	0.0725	0.0859
1744	0.1282	0.1285	0.1265	0.1291	0.1283	0.1244	0.1202	0.1208	0.1263	0.1231	0.1136	0.1084	0.1077	0.1109	0.1188	0.0996	0.0924	0.0895	0.0902	0.0947	0.1066	0.0790	0.0700	0.0663	0.0646	0.0668	0.0726	0.0859
1745	0.1283	0.1284	0.1264	0.1290	0.1282	0.1243	0.1201	0.1207	0.1262	0.1232	0.1135	0.1084	0.1076	0.1110	0.1187	0.0995	0.0924	0.0894	0.0902	0.0947	0.1066	0.0792	0.0700	0.0663	0.0647	0.0668	0.0726	0.0859
1746	0.1282	0.1283	0.1263	0.1289	0.1281	0.1241	0.1201	0.1206	0.1262	0.1232	0.1135	0.1083	0.1076	0.1110	0.1187	0.0994	0.0925	0.0894	0.0902	0.0948	0.1065	0.0791	0.0699	0.0662	0.0649	0.0668	0.0727	0.0859
1747	0.1280	0.1281	0.1261	0.1287	0.1279	0.1238	0.1200	0.1206	0.1262	0.1231	0.1135	0.1081	0.1076	0.1109	0.1185	0.0992	0.0925	0.0893	0.0901	0.0949	0.1063	0.0788	0.0699	0.0659	0.0649	0.0667	0.0727	0.0859
1748	0.1279	0.1280	0.1259	0.1286	0.1277	0.1237	0.1200	0.1206	0.1262	0.1231	0.1134	0.1080	0.1076	0.1108	0.1186	0.0993	0.0924	0.0893	0.0900	0.0949	0.1062	0.0786	0.0698	0.0658	0.0649	0.0667	0.0727	0.0858
1749	0.1279	0.1280	0.1257	0.1284	0.1277	0.1237	0.1200	0.1205	0.1260	0.1230	0.1131	0.1080	0.1076	0.1107	0.1188	0.0994	0.0923	0.0895	0.0899	0.0948	0.1062	0.0786	0.0698	0.0658	0.0649	0.0668	0.0727	0.0858
1750	0.1279	0.1279	0.1256	0.1283	0.1276	0.1236	0.1200	0.1205	0.1259	0.1230	0.1130	0.1080	0.1076	0.1106	0.1188	0.0993	0.0922	0.0895	0.0899	0.0947	0.1062	0.0785	0.0698	0.0658	0.0649	0.0668	0.0726	0.0858
1751	0.1279	0.1277	0.1254	0.1285	0.1276	0.1235	0.1199	0.1204	0.1258	0.1230	0.1130	0.1080	0.1076	0.1103	0.1188	0.0991	0.0922	0.0894	0.0899	0.0946	0.1062	0.0784	0.0697	0.0656	0.0648	0.0667	0.0726	0.0856
1752	0.1278	0.1276	0.1253	0.1283	0.1275	0.1234	0.1199	0.1202	0.1256	0.1229	0.1130	0.1080	0.1076	0.1102	0.1186	0.0990	0.0923	0.0894	0.0898	0.0945	0.1063	0.0785	0.0696	0.0656	0.0649	0.0667	0.0725	0.0855
1753	0.1277	0.1276	0.1253	0.1280	0.1274	0.1233	0.1198	0.1199	0.1255	0.1229	0.1130	0.1079	0.1074	0.1102	0.1185	0.0989	0.0923	0.0894	0.0897	0.0946	0.1063	0.0786	0.0695	0.0656	0.0650	0.0666	0.0724	0.0855
1754	0.1276	0.1275	0.1253	0.1279	0.1274	0.1232	0.1197	0.1198	0.1253	0.1227	0.1130	0.1078	0.1074	0.1101	0.1183	0.0988	0.0921	0.0893	0.0896	0.0945	0.1062	0.0785	0.0694	0.0657	0.0650	0.0667	0.0724	0.0855
1755	0.1273	0.1273	0.1252	0.1279	0.1275	0.1232	0.1196	0.1197	0.1251	0.1226	0.1130	0.1078	0.1074	0.1099	0.1182	0.0987	0.0919	0.0891	0.0895	0.0945	0.1059	0.0784	0.0694	0.0658	0.0649	0.0667	0.0725	0.0856
1756	0.1272	0.1271	0.1251	0.1278	0.1273	0.1231	0.1193	0.1196	0.1251	0.1227	0.1130	0.1078	0.1072	0.1098	0.1182	0.0987	0.0918	0.0893	0.0895	0.0944	0.1058	0.0783	0.0693	0.0656	0.0649	0.0666	0.0724	0.0855
1757	0.1271	0.1267	0.1250	0.1277	0.1270	0.1229	0.1190	0.1197	0.1250	0.1228	0.1130	0.1078	0.1069	0.1098	0.1182	0.0986	0.0916	0.0895	0.0896	0.0943	0.1058	0.0782	0.0692	0.0654	0.0649	0.0666	0.0723	0.0854
1758	0.1270	0.1266	0.1250	0.1278	0.1270	0.1229	0.1189	0.1197	0.1250	0.1227	0.1128	0.1076	0.1067	0.1098	0.1182	0.0985	0.0915	0.0894	0.0897	0.0943	0.1059	0.0783	0.0692	0.0653	0.0648	0.0664	0.0722	0.0853
1759	0.1269	0.1266	0.1251	0.1279	0.1270	0.1228	0.1187	0.1198	0.1249	0.1226	0.1127	0.1074	0.1066	0.1098	0.1183	0.0984	0.0914	0.0893	0.0898	0.0944	0.1061	0.0783	0.0693	0.0651	0.0647	0.0663	0.0722	0.0853
1760	0.1269	0.1266	0.1250	0.1277	0.1268	0.1227	0.1187	0.1196	0.1247	0.1226	0.1126	0.1073	0.1068	0.1097	0.1183	0.0984	0.0914	0.0889	0.0896	0.0945	0.1063	0.0783	0.0694	0.0652	0.0646	0.0664	0.0721	0.0851
1761	0.1269	0.1266	0.1248	0.1274	0.1266	0.1224	0.1187	0.1195	0.1245	0.1226	0.1125	0.1072	0.1071	0.1097	0.1183	0.0984	0.0914	0.0886	0.0895	0.0946	0.1066	0.0782	0.0695	0.0654	0.0645	0.0666	0.0720	0.0850
1762	0.1270	0.1266	0.1248	0.1272	0.1264	0.1225	0.1187	0.1194	0.1246	0.1225	0.1123	0.1072	0.1070	0.1099	0.1181	0.0985	0.0914	0.0886	0.0896	0.0946	0.1064	0.0781	0.0694	0.0652	0.0644	0.0665	0.0721	0.0851
1763	0.1270	0.1265	0.1247	0.1270	0.1263	0.1225	0.1187	0.1193	0.1247	0.1225	0.1122	0.1072	0.1068	0.1100	0.1178	0.0986	0.0914	0.0887	0.0896	0.0946	0.1061	0.0780	0.0693	0.0649	0.0643	0.0664	0.0722	0.0853
1764	0.1267	0.1264	0.1246	0.1269	0.1263	0.1222	0.1185	0.1193	0.1245	0.1223	0.1121	0.1069	0.1067	0.1098	0.1178	0.0984	0.0914	0.0885	0.0895	0.0945	0.1060	0.0781	0.0693	0.0649	0.0643	0.0662	0.0722	0.0853
1765	0.1263	0.1262	0.1245	0.1268	0.1265	0.1220	0.1184	0.1192	0.1245	0.1221	0.1121	0.1066	0.1067	0.1096	0.1178	0.0982	0.0913	0.0883	0.0893	0.0943	0.1060	0.0781	0.0693	0.0649	0.0644	0.0659	0.0722	0.0854
1766	0.1263	0.1262	0.1243	0.1268	0.1265	0.1220	0.1185	0.1191	0.1245	0.1218	0.1121	0.1067	0.1065	0.1094	0.1178	0.0981	0.0912	0.0884	0.0893	0.0942	0.1060	0.0780	0.0693	0.0650	0.0644	0.0659	0.0723	0.0855
1767	0.1263	0.1262	0.1242	0.1268	0.1265	0.1220	0.1185	0.1190	0.1244	0.1216	0.1121	0.1068	0.1062	0.1092	0.1178	0.0981	0.0911	0.0885	0.0893	0.0940	0.1059	0.0779	0.0693	0.0651	0.0643	0.0659	0.0724	0.0856
1768	0.1262	0.1261	0.1241	0.1267	0.1264	0.1219	0.1184	0.1189	0.1241	0.1214	0.1119	0.1069	0.1063	0.1092	0.1177	0.0981	0.0911	0.0884	0.0890	0.0940	0.1058	0.0781	0.0692	0.0650	0.0644	0.0658	0.0723	0.0857
1769	0.1262	0.1260	0.1240	0.1266	0.1262	0.1218	0.1183	0.1189	0.1239	0.1212	0.1116	0.1069	0.1063	0.1092	0.1175	0.0982	0.0911	0.0883	0.0888	0.0939	0.1058	0.0781	0.0692	0.0650	0.0645	0.0658	0.0721	0.0858
1770	0.1262	0.1258	0.1239	0.1264	0.1261	0.1216	0.1181	0.1188	0.1240	0.1212	0.1116	0.1068	0.1063	0.1092	0.1172	0.0980	0.0910	0.0883	0.0888	0.0940	0.1057	0.0780	0.0692	0.0650	0.0641	0.0659	0.0720	0.0858
1771	0.1261	0.1258	0.1239	0.1263	0.1261	0.1214	0.1179	0.1188	0.1240	0.1212	0.1116	0.1068	0.1063	0.1091	0.1170	0.0978	0.0909	0.0882	0.0888	0.0940	0.1056	0.0779	0.0692	0.0650	0.0639	0.0661	0.0720	0.0858
1772	0.1261	0.1258	0.1238	0.1262	0.1262	0.1216	0.1179	0.1189	0.1240	0.1212	0.1116	0.1067	0.1062	0.1091	0.1170	0.0980	0.0906	0.0882	0.0888	0.0939	0.1054	0.0780	0.0691	0.0649	0.0639	0.0662	0.0722	0.0857
1773	0.1261	0.1257	0.1237	0.1262	0.1262	0.1217	0.1179	0.1189	0.1240	0.1212	0.1116	0.1067	0.1061	0.1090	0.1170	0.0980	0.0904	0.0882	0.0888	0.0938	0.1054	0.0780	0.0690	0.0648	0.0640	0.0662	0.0723	0.0856
1774	0.1261	0.1255	0.1236	0.1263	0.1260	0.1219	0.1179	0.1187	0.1241	0.1211	0.1117	0.1067	0.1060	0.1090	0.1169	0.0978	0.0903	0.0883	0.0887	0.0937	0.1054	0.0780	0.0692	0.0649	0.0641	0.0661	0.0724	0.0856
1775	0.1261	0.1254	0.1234	0.1264	0.1259	0.1219	0.1180	0.1185	0.1241	0.1210	0.1116	0.1067	0.1059	0.1090	0.1168	0.0976	0.0903	0.0884	0.0888	0.0937	0.1053	0.0779	0.0693	0.0650	0.0642	0.0660	0.0724	0.0855
1776	0.1259	0.1254	0.1233	0.1264	0.1258	0.1219	0.1180	0.1185	0.1239	0.1211	0.1115	0.1066	0.1059	0.1091	0.1171	0.0976	0.0903	0.0883	0.0889	0.0937	0.1052	0.0779	0.0690	0.0650	0.0643	0.0660	0.0723	0.0854
1777	0.1259	0.1255	0.1232	0.1264	0.1257	0.1219	0.1179	0.1184	0.1238	0.1211	0.1115	0.1066	0.1059	0.1092	0.1171	0.0977	0.0903	0.0883	0.0890	0.0937	0.1053	0.0777	0.0688	0.0649	0.0644	0.0659	0.0722	0.0853
1778	0.1259	0.1255	0.1232	0.1262	0.1255	0.1217	0.1176	0.1183	0.1237	0.1209	0.1115	0.1065	0.1057	0.1091	0.1170	0.0978	0.0905	0.0883	0.0888	0.0937	0.1053	0.0777	0.0688	0.0649	0.0644	0.0658	0.0723	0.0850
1779	0.1258	0.1255	0.1233	0.1260	0.1254	0.1215	0.1174	0.1182	0.1237	0.1208	0.1114	0.1063	0.1057	0.1091	0.1170	0.0978	0.0906	0.0882	0.0887	0.0937	0.1053	0.0776	0.0688	0.0650	0.0644	0.0657	0.0722	0.0850
1780	0.1255	0.1255	0.1233	0.1259	0.1254	0.1214	0.1175	0.1181	0.1236	0.1209	0.1114	0.1062	0.1057	0.1089	0.1172	0.0977	0.0906	0.0880	0.0887	0.0936	0.1053	0.0776	0.0690	0.0650	0.0643	0.0658	0.0720	0.0851
1781	0.1255	0.1255	0.1234	0.1259	0.1254	0.1213	0.1175	0.1181	0.1236	0.1208	0.1114	0.1062	0.1056	0.1087	0.1171	0.0977	0.0906	0.0879	0.0887	0.0935	0.1053	0.0775	0.0690	0.0650	0.0641	0.0659	0.0718	0.0852
1782	0.1257	0.1254	0.1237	0.1260	0.1255	0.1213	0.1174	0.1180	0.1236	0.1207	0.1113	0.1063	0.1057	0.1085	0.1169	0.0977	0.0905	0.0880	0.0888	0.0936	0.1054	0.0775	0.0689	0.0649	0.0641	0.0658	0.0718	0.0853
1783	0.1258	0.1253	0.1237	0.1261	0.1257	0.1214	0.1173	0.1181	0.1237	0.1207	0.1114	0.1064	0.1056	0.1085	0.1169	0.0977	0.0905	0.0880	0.0888	0.0937	0.1054	0.0775	0.0690	0.0649	0.0642	0.0658	0.0718	0.0854
1784	0.1259	0.1252	0.1235	0.1261	0.1259	0.1215	0.1174	0.1182	0.1239	0.1208	0.1115	0.1063	0.1055	0.1086	0.1169	0.0976	0.0907	0.0879	0.0886	0.0936	0.1055	0.0774	0.0691	0.0648	0.0643	0.0658	0.0718	0.0856
1785	0.1260	0.1252	0.1234	0.1262	0.1259	0.1215	0.1175	0.1182	0.1239	0.1209	0.1117	0.1063	0.1054	0.1087	0.1169	0.0975	0.0907	0.0880	0.0886	0.0935	0.1053	0.0773	0.0691	0.0649	0.0643	0.0658	0.0717	0.0855
1786	0.1261	0.1252	0.1234	0.1262	0.1257	0.1215	0.1174	0.1181	0.1237	0.1209	0.1119	0.1064	0.1053	0.1088	0.1170	0.0974	0.0905	0.0879	0.0888	0.0935	0.1052	0.0773	0.0689	0.0651	0.0642	0.0659	0.0715	0.0853
1787	0.1261	0.1254	0.1234	0.1262	0.1255	0.1213	0.1173	0.1180	0.1236	0.1209	0.1119	0.1064	0.1055	0.1088	0.1170	0.0975	0.0905	0.0880	0.0888	0.0935	0.1053	0.0774	0.0688	0.0650	0.0643	0.0661	0.0716	0.0852
1788	0.1260	0.1256	0.1235	0.1262	0.1253	0.1211	0.1172	0.1180	0.1235	0.1210	0.1119	0.1063	0.1058	0.1086	0.1170	0.0976	0.0906	0.0881	0.0888	0.0934	0.1054	0.0774	0.0689	0.0648	0.0644	0.0662	0.0718	0.0853
1789	0.1262	0.1255	0.1236	0.1261	0.1252	0.1211	0.1173	0.1181	0.1233	0.1210	0.1119	0.1063	0.1058	0.1086	0.1172	0.0977	0.0906	0.0880	0.0888	0.0936	0.1053	0.0773	0.0690	0.0647	0.0644	0.0660	0.0718	0.0854
1790	0.1263	0.1253	0.1237	0.1261	0.1251	0.1211	0.1173	0.1183	0.1230	0.1210	0.1119	0.1062	0.1056	0.1085	0.1175	0.0976	0.0904	0.0879	0.0889	0.0937	0.1052	0.0772	0.0691	0.0647	0.0644	0.0658	0.0719	0.0856
1791	0.1262	0.1255	0.1235	0.1260	0.1252	0.1213	0.1174	0.1184	0.1231	0.1210	0.1117	0.1062	0.1056	0.1087	0.1173	0.0976	0.0904	0.0879	0.0889	0.0936	0.1052	0.0773	0.0691	0.0649	0.0644	0.0657	0.0720	0.0855
1792	0.1260	0.1258	0.1235	0.1259	0.1254	0.1216	0.1175	0.1184	0.1232	0.1211	0.1114	0.1063	0.1057	0.1089	0.1172	0.0976	0.0905	0.0880	0.0890	0.0935	0.1052	0.0773	0.0690	0.0650	0.0644	0.0658	0.0721	0.0852
1793	0.1260	0.1257	0.1234	0.1260	0.1256	0.1216	0.1177	0.1183	0.1232	0.1214	0.1113	0.1063	0.1059	0.1088	0.1174	0.0976	0.0906	0.0882	0.0887	0.0936	0.1052	0.0773	0.0690	0.0650	0.0643	0.0658	0.0722	0.0853
1794	0.1260	0.1257	0.1233	0.1261	0.1258	0.1216	0.1179	0.1183	0.1232	0.1218	0.1112	0.1063	0.1061	0.1087	0.1175	0.0977	0.0906	0.0883	0.0884	0.0936	0.1052	0.0773	0.0691	0.0649	0.0643	0.0659	0.0723	0.0855
1795	0.1259	0.1257	0.1234	0.1262	0.1258	0.1217	0.1180	0.1184	0.1234	0.1216	0.1112	0.1062	0.1060	0.1087	0.1174	0.0977	0.0906	0.0885	0.0886	0.0935	0.1052	0.0774	0.0692	0.0649	0.0645	0.0658	0.0722	0.0856
1796	0.1259	0.1257	0.1234	0.1263	0.1257	0.1217	0.1179	0.1184	0.1237	0.1213	0.1112	0.1061	0.1060	0.1087	0.1173	0.0976	0.0906	0.0887	0.0888	0.0935	0.1052	0.0774	0.0692	0.0649	0.0645	0.0658	0.0721	0.0857
1797	0.1260	0.1255	0.1234	0.1262	0.1258	0.1217	0.1180	0.1182	0.1239	0.1211	0.1113	0.1061	0.1060	0.1086	0.1173	0.0977	0.0908	0.0883	0.0890	0.0936	0.1052	0.0775	0.0693	0.0648	0.0644	0.0658	0.0721	0.0855
1798	0.1260	0.1253	0.1235	0.1261	0.1259	0.1218	0.1180	0.1181	0.1239	0.1211	0.1113	0.1061	0.1059	0.1086	0.1173	0.0977	0.0909	0.0882	0.0892	0.0939	0.1053	0.0776	0.0694	0.0647	0.0642	0.0659	0.0721	0.0853
1799	0.1261	0.1253	0.1237	0.1262	0.1258	0.1216	0.1182	0.1183	0.1238	0.1210	0.1114	0.1062	0.1057	0.1089	0.1173	0.0976	0.0908	0.0882	0.0894	0.0940	0.1055	0.0776	0.0692	0.0647	0.0641	0.0660	0.0720	0.0854
1800	0.1262	0.1254	0.1238	0.1263	0.1257	0.1214	0.1183	0.1184	0.1237	0.1210	0.1115	0.1063	0.1055	0.1091	0.1173	0.0976	0.0908	0.0881	0.0895	0.0941	0.1057	0.0776	0.0691	0.0647	0.0640	0.0661	0.0720	0.0855
1801	0.1258	0.1265	0.1224	0.1253	0.1251	0.1215	0.1164	0.1194	0.1216	0.1205	0.1126	0.1068	0.1072	0.1114	0.1196	0.0976	0.0919	0.0878	0.0913	0.0975	0.1079	0.0785	0.0694	0.0661	0.0668	0.0679	0.0763	0.0891
1802	0.1258	0.1264	0.1227	0.1255	0.1242	0.1213	0.1172	0.1186	0.1219	0.1205	0.1129	0.1069	0.1073	0.1120	0.1195	0.0980	0.0920	0.0874	0.0916	0.0980	0.1082	0.0784	0.0697	0.0658	0.0669	0.0679	0.0760	0.0897
1803	0.1250	0.1265	0.1231	0.1258	0.1239	0.1214	0.1182	0.1190	0.1223	0.1204	0.1135	0.1070	0.1076	0.1124	0.1189	0.0985	0.0914	0.0878	0.0915	0.0981	0.1080	0.0783	0.0699	0.0661	0.0671	0.0672	0.0753	0.0899
1804	0.1244	0.1264	0.1232	0.1259	0.1239	0.1214	0.1180	0.1197	0.1224	0.1202	0.1136	0.1073	0.1081	0.1119	0.1179	0.0986	0.0905	0.0889	0.0915	0.0976	0.1080	0.0783	0.0700	0.0664	0.0669	0.0665	0.0753	0.0899
1805	0.1242	0.1256	0.1231	0.1254	0.1234	0.1221	0.1175	0.1198	0.1223	0.1201	0.1135	0.1077	0.1074	0.1112	0.1177	0.0985	0.0902	0.0889	0.0913	0.0968	0.1083	0.0781	0.0698	0.0664	0.0662	0.0665	0.0758	0.0903
1806	0.1240	0.1246	0.1232	0.1253	0.1246	0.1227	0.1180	0.1191	0.1228	0.1203	0.1131	0.1079	0.1069	0.1112	0.1189	0.0980	0.0905	0.0883	0.0909	0.0967	0.1086	0.0780	0.0698	0.0667	0.0655	0.0668	0.0758	0.0909
1807	0.1240	0.1243	0.1233	0.1254	0.1258	0.1228	0.1182	0.1186	0.1234	0.1208	0.1127	0.1078	0.1070	0.1112	0.1198	0.0977	0.0909	0.0884	0.0905	0.0966	0.1088	0.0783	0.0697	0.0670	0.0653	0.0671	0.0754	0.0907
1808	0.1238	0.1249	0.1235	0.1252	0.1253	0.1225	0.1185	0.1188	0.1240	0.1210	0.1131	0.1080	0.1071	0.1107	0.1199	0.0982	0.0914	0.0886	0.0900	0.0964	0.1084	0.0787	0.0696	0.0669	0.0659	0.0675	0.0751	0.0900
1809	0.1239	0.1255	0.1239	0.1252	0.1244	0.1221	0.1188	0.1191	0.1243	0.1211	0.1135	0.1083	0.1071	0.1104	0.1195	0.0987	0.0916	0.0886	0.0898	0.0961	0.1078	0.0790	0.0698	0.0665	0.0665	0.0678	0.0752	0.0894
1810	0.1242	0.1256	0.1238	0.1253	0.1240	0.1218	0.1188	0.1193	0.1242	0.1211	0.1137	0.1084	0.1071	0.1106	0.1189	0.0990	0.0918	0.0884	0.0901	0.0955	0.1074	0.0793	0.0700	0.0659	0.0663	0.0680	0.0758	0.0892
1811	0.1244	0.1256	0.1231	0.1252	0.1238	0.1216	0.1185	0.1193	0.1240	0.1211	0.1137	0.1083	0.1071	0.1108	0.1185	0.0994	0.0919	0.0883	0.0904	0.0950	0.1072	0.0797	0.0702	0.0652	0.0656	0.0682	0.0764	0.0891
1812	0.1244	0.1259	0.1221	0.1251	0.1237	0.1218	0.1185	0.1192	0.1239	0.1206	0.1138	0.1077	0.1067	0.1104	0.1185	0.0995	0.0918	0.0884	0.0902	0.0951	0.1072	0.0800	0.0699	0.0651	0.0654	0.0680	0.0764	0.0894
1813	0.1246	0.1263	0.1214	0.1256	0.1240	0.1217	0.1185	0.1194	0.1239	0.1203	0.1136	0.1067	0.1064	0.1103	0.1187	0.0991	0.0915	0.0884	0.0899	0.0954	0.1074	0.0797	0.0695	0.0655	0.0657	0.0674	0.0756	0.0895
1814	0.1250	0.1263	0.1215	0.1257	0.1243	0.1212	0.1184	0.1202	0.1241	0.1203	0.1132	0.1060	0.1065	0.1106	0.1186	0.0992	0.0914	0.0884	0.0898	0.0957	0.1070	0.0794	0.0695	0.0656	0.0658	0.0676	0.0754	0.0893
1815	0.1250	0.1260	0.1220	0.1254	0.1246	0.1216	0.1184	0.1200	0.1240	0.1201	0.1130	0.1059	0.1065	0.1112	0.1185	0.0992	0.0917	0.0882	0.0900	0.0960	0.1067	0.0791	0.0696	0.0658	0.0657	0.0688	0.0754	0.0893
1816	0.1249	0.1263	0.1228	0.1254	0.1249	0.1222	0.1185	0.1196	0.1240	0.1201	0.1129	0.1061	0.1066	0.1117	0.1184	0.0992	0.0918	0.0880	0.0903	0.0963	0.1068	0.0787	0.0694	0.0661	0.0654	0.0694	0.0752	0.0892
1817	0.1253	0.1266	0.1233	0.1256	0.1249	0.1229	0.1186	0.1195	0.1240	0.1203	0.1120	0.1064	0.1068	0.1120	0.1186	0.0992	0.0918	0.0882	0.0907	0.0966	0.1069	0.0784	0.0693	0.0662	0.0655	0.0693	0.0750	0.0888
1818	0.1259	0.1267	0.1236	0.1256	0.1247	0.1233	0.1185	0.1195	0.1239	0.1204	0.1111	0.1066	0.1069	0.1119	0.1189	0.0991	0.0918	0.0888	0.0909	0.0971	0.1070	0.0783	0.0693	0.0661	0.0656	0.0693	0.0748	0.0885
1819	0.1261	0.1266	0.1237	0.1250	0.1245	0.1233	0.1187	0.1197	0.1237	0.1203	0.1111	0.1069	0.1068	0.1114	0.1192	0.0993	0.0918	0.0892	0.0909	0.0972	0.1073	0.0779	0.0694	0.0663	0.0656	0.0694	0.0748	0.0888
1820	0.1259	0.1263	0.1238	0.1243	0.1244	0.1232	0.1191	0.1198	0.1236	0.1202	0.1116	0.1072	0.1068	0.1106	0.1193	0.0998	0.0915	0.0894	0.0907	0.0969	0.1078	0.0775	0.0696	0.0665	0.0654	0.0695	0.0749	0.0892
1821	0.1257	0.1257	0.1240	0.1246	0.1241	0.1232	0.1192	0.1196	0.1239	0.1206	0.1117	0.1068	0.1067	0.1101	0.1195	0.1001	0.0913	0.0891	0.0905	0.0969	0.1081	0.0774	0.0697	0.0660	0.0656	0.0695	0.0752	0.0891
1822	0.1255	0.1252	0.1246	0.1252	0.1239	0.1230	0.1193	0.1194	0.1239	0.1211	0.1116	0.1061	0.1071	0.1101	0.1197	0.1000	0.0916	0.0891	0.0902	0.0969	0.1085	0.0775	0.0695	0.0653	0.0658	0.0691	0.0754	0.0893
1823	0.1251	0.1252	0.1248	0.1258	0.1242	0.1229	0.1195	0.1197	0.1238	0.1216	0.1117	0.1064	0.1069	0.1107	0.1197	0.0996	0.0923	0.0895	0.0903	0.0965	0.1089	0.0783	0.0692	0.0653	0.0658	0.0685	0.0758	0.0897
1824	0.1251	0.1256	0.1245	0.1261	0.1243	0.1232	0.1188	0.1199	0.1238	0.1222	0.1120	0.1070	0.1065	0.1112	0.1195	0.0988	0.0925	0.0898	0.0909	0.0965	0.1087	0.0791	0.0693	0.0655	0.0658	0.0685	0.0759	0.0898
1825	0.1252	0.1258	0.1241	0.1261	0.1247	0.1232	0.1184	0.1201	0.1236	0.1224	0.1121	0.1074	0.1064	0.1114	0.1193	0.0985	0.0923	0.0894	0.0912	0.0968	0.1087	0.0792	0.0694	0.0655	0.0658	0.0686	0.0756	0.0899
1826	0.1253	0.1258	0.1236	0.1259	0.1248	0.1231	0.1184	0.1197	0.1239	0.1224	0.1121	0.1073	0.1063	0.1115	0.1193	0.0987	0.0923	0.0887	0.0911	0.0961	0.1087	0.0791	0.0698	0.0653	0.0660	0.0686	0.0755	0.0894
1827	0.1254	0.1259	0.1233	0.1258	0.1248	0.1230	0.1185	0.1192	0.1240	0.1225	0.1121	0.1074	0.1065	0.1115	0.1193	0.0986	0.0924	0.0884	0.0911	0.0956	0.1087	0.0789	0.0700	0.0649	0.0663	0.0686	0.0757	0.0891
1828	0.1254	0.1256	0.1231	0.1256	0.1251	0.1228	0.1185	0.1189	0.1238	0.1223	0.1119	0.1072	0.1072	0.1109	0.1192	0.0982	0.0923	0.0884	0.0913	0.0956	0.1090	0.0787	0.0701	0.0644	0.0662	0.0684	0.0761	0.0888
1829	0.1252	0.1254	0.1230	0.1256	0.1257	0.1227	0.1186	0.1188	0.1235	0.1220	0.1116	0.1068	0.1076	0.1102	0.1191	0.0979	0.0921	0.0884	0.0913	0.0958	0.1095	0.0784	0.0701	0.0642	0.0657	0.0684	0.0763	0.0884
1830	0.1249	0.1256	0.1229	0.1255	0.1260	0.1224	0.1186	0.1189	0.1233	0.1218	0.1114	0.1061	0.1075	0.1101	0.1191	0.0976	0.0918	0.0884	0.0911	0.0960	0.1094	0.0785	0.0698	0.0645	0.0653	0.0685	0.0758	0.0881
1831	0.1248	0.1260	0.1230	0.1254	0.1261	0.1221	0.1187	0.1191	0.1230	0.1217	0.1112	0.1056	0.1075	0.1103	0.1190	0.0973	0.0917	0.0883	0.0913	0.0961	0.1089	0.0788	0.0694	0.0645	0.0652	0.0687	0.0753	0.0883
1832	0.1251	0.1258	0.1231	0.1253	0.1256	0.1218	0.1188	0.1187	0.1229	0.1212	0.1108	0.1055	0.1075	0.1105	0.1186	0.0973	0.0919	0.0883	0.0915	0.0956	0.1085	0.0793	0.0694	0.0640	0.0648	0.0688	0.0754	0.0886
1833	0.1248	0.1254	0.1229	0.1247	0.1249	0.1216	0.1190	0.1183	0.1232	0.1208	0.1104	0.1059	0.1075	0.1104	0.1182	0.0977	0.0924	0.0888	0.0914	0.0950	0.1086	0.0794	0.0694	0.0637	0.0644	0.0687	0.0759	0.0886
1834	0.1240	0.1253	0.1233	0.1241	0.1240	0.1217	0.1192	0.1185	0.1235	0.1205	0.1101	0.1065	0.1075	0.1100	0.1184	0.0983	0.0925	0.0885	0.0911	0.0945	0.1087	0.0796	0.0693	0.0637	0.0644	0.0682	0.0762	0.0883
1835	0.1236	0.1255	0.1235	0.1242	0.1233	0.1217	0.1187	0.1191	0.1235	0.1205	0.1110	0.1066	0.1073	0.1104	0.1190	0.0984	0.0921	0.0878	0.0913	0.0943	0.1087	0.0800	0.0693	0.0638	0.0651	0.0679	0.0760	0.0885
1836	0.1234	0.1258	0.1233	0.1246	0.1229	0.1218	0.1181	0.1194	0.1235	0.1206	0.1116	0.1062	0.1068	0.1108	0.1194	0.0983	0.0918	0.0876	0.0914	0.0943	0.1086	0.0802	0.0692	0.0637	0.0655	0.0677	0.0756	0.0892
1837	0.1237	0.1261	0.1229	0.1247	0.1230	0.1214	0.1176	0.1190	0.1235	0.1206	0.1112	0.1054	0.1058	0.1107	0.1188	0.0980	0.0915	0.0880	0.0907	0.0950	0.1083	0.0800	0.0693	0.0636	0.0651	0.0676	0.0755	0.0900
1838	0.1242	0.1263	0.1227	0.1244	0.1233	0.1209	0.1172	0.1186	0.1234	0.1205	0.1107	0.1047	0.1047	0.1105	0.1182	0.0978	0.0911	0.0884	0.0898	0.0959	0.1080	0.0796	0.0693	0.0637	0.0644	0.0673	0.0756	0.0905
1839	0.1244	0.1260	0.1226	0.1243	0.1237	0.1205	0.1171	0.1186	0.1230	0.1197	0.1109	0.1049	0.1043	0.1101	0.1178	0.0977	0.0906	0.0884	0.0897	0.0960	0.1077	0.0792	0.0690	0.0645	0.0643	0.0669	0.0756	0.0903
1840	0.1245	0.1257	0.1224	0.1244	0.1243	0.1205	0.1173	0.1186	0.1222	0.1187	0.1112	0.1054	0.1041	0.1096	0.1175	0.0977	0.0903	0.0881	0.0898	0.0956	0.1073	0.0788	0.0687	0.0655	0.0645	0.0666	0.0754	0.0901
1841	0.1242	0.1251	0.1217	0.1245	0.1244	0.1204	0.1177	0.1181	0.1217	0.1186	0.1114	0.1054	0.1044	0.1089	0.1176	0.0976	0.0903	0.0877	0.0894	0.0955	0.1067	0.0782	0.0688	0.0658	0.0647	0.0668	0.0749	0.0899
1842	0.1241	0.1242	0.1217	0.1245	0.1238	0.1202	0.1182	0.1177	0.1215	0.1184	0.1114	0.1057	0.1051	0.1086	0.1177	0.0971	0.0902	0.0875	0.0891	0.0954	0.1065	0.0773	0.0687	0.0662	0.0647	0.0668	0.0743	0.0896
1843	0.1243	0.1238	0.1218	0.1242	0.1235	0.1202	0.1181	0.1174	0.1215	0.1181	0.1110	0.1060	0.1056	0.1089	0.1176	0.0967	0.0900	0.0873	0.0892	0.0954	0.1066	0.0765	0.0683	0.0663	0.0646	0.0666	0.0742	0.0895
1844	0.1238	0.1240	0.1215	0.1234	0.1239	0.1202	0.1173	0.1172	0.1218	0.1184	0.1108	0.1057	0.1052	0.1097	0.1176	0.0967	0.0899	0.0867	0.0894	0.0955	0.1066	0.0764	0.0680	0.0656	0.0642	0.0667	0.0745	0.0895
1845	0.1233	0.1240	0.1212	0.1228	0.1237	0.1200	0.1165	0.1172	0.1220	0.1186	0.1108	0.1052	0.1048	0.1101	0.1174	0.0971	0.0899	0.0865	0.0890	0.0952	0.1068	0.0763	0.0677	0.0651	0.0639	0.0667	0.0746	0.0893
1846	0.1230	0.1235	0.1210	0.1223	0.1229	0.1197	0.1157	0.1170	0.1217	0.1189	0.1103	0.1047	0.1050	0.1101	0.1166	0.0974	0.0898	0.0869	0.0888	0.0949	0.1068	0.0766	0.0675	0.0650	0.0641	0.0667	0.0745	0.0889
1847	0.1227	0.1231	0.1208	0.1216	0.1222	0.1194	0.1151	0.1170	0.1212	0.1192	0.1097	0.1043	0.1052	0.1098	0.1159	0.0975	0.0896	0.0872	0.0888	0.0945	0.1067	0.0770	0.0673	0.0650	0.0642	0.0669	0.0744	0.0886
1848	0.1223	0.1225	0.1206	0.1213	0.1216	0.1191	0.1147	0.1172	0.1206	0.1189	0.1089	0.1043	0.1052	0.1092	0.1156	0.0974	0.0889	0.0872	0.0882	0.0939	0.1064	0.0771	0.0673	0.0650	0.0639	0.0672	0.0740	0.0884
1849	0.1220	0.1218	0.1204	0.1213	0.1213	0.1187	0.1142	0.1172	0.1201	0.1185	0.1081	0.1044	0.1050	0.1084	0.1152	0.0972	0.0882	0.0873	0.0872	0.0933	0.1062	0.0771	0.0673	0.0651	0.0637	0.0674	0.0734	0.0881
1850	0.1214	0.1212	0.1197	0.1211	0.1211	0.1183	0.1142	0.1163	0.1197	0.1181	0.1075	0.1041	0.1046	0.1079	0.1150	0.0966	0.0879	0.0871	0.0868	0.0928	0.1057	0.0770	0.0670	0.0650	0.0636	0.0668	0.0731	0.0878
1851	0.1206	0.1210	0.1188	0.1206	0.1204	0.1178	0.1144	0.1157	0.1193	0.1174	0.1071	0.1036	0.1040	0.1073	0.1147	0.0957	0.0876	0.0868	0.0870	0.0925	0.1050	0.0770	0.0670	0.0649	0.0633	0.0659	0.0729	0.0877
1852	0.1202	0.1202	0.1180	0.1199	0.1196	0.1169	0.1146	0.1151	0.1191	0.1170	0.1070	0.1026	0.1036	0.1068	0.1141	0.0952	0.0871	0.0867	0.0870	0.0923	0.1042	0.0768	0.0671	0.0645	0.0631	0.0653	0.0731	0.0876
1853	0.1198	0.1191	0.1176	0.1191	0.1191	0.1157	0.1143	0.1146	0.1188	0.1165	0.1066	0.1016	0.1034	0.1064	0.1138	0.0947	0.0865	0.0861	0.0868	0.0920	0.1036	0.0763	0.0667	0.0640	0.0629	0.0654	0.0734	0.0874
1854	0.1192	0.1183	0.1169	0.1185	0.1186	0.1148	0.1137	0.1141	0.1183	0.1160	0.1062	0.1009	0.1027	0.1052	0.1137	0.0942	0.0859	0.0853	0.0864	0.0918	0.1034	0.0758	0.0664	0.0634	0.0628	0.0656	0.0734	0.0873
1855	0.1183	0.1179	0.1162	0.1183	0.1179	0.1144	0.1127	0.1131	0.1179	0.1153	0.1066	0.1005	0.1020	0.1042	0.1129	0.0938	0.0854	0.0844	0.0859	0.0913	0.1032	0.0755	0.0661	0.0625	0.0627	0.0650	0.0729	0.0872
1856	0.1174	0.1175	0.1156	0.1180	0.1174	0.1141	0.1116	0.1121	0.1171	0.1146	0.1066	0.1000	0.1016	0.1035	0.1120	0.0931	0.0850	0.0837	0.0854	0.0908	0.1031	0.0752	0.0657	0.0621	0.0623	0.0644	0.0723	0.0871
1857	0.1169	0.1170	0.1152	0.1174	0.1170	0.1134	0.1105	0.1117	0.1163	0.1142	0.1063	0.0994	0.1011	0.1032	0.1110	0.0923	0.0849	0.0839	0.0852	0.0907	0.1030	0.0749	0.0652	0.0623	0.0618	0.0639	0.0718	0.0869
1858	0.1166	0.1165	0.1148	0.1167	0.1165	0.1127	0.1096	0.1115	0.1157	0.1138	0.1061	0.0988	0.1005	0.1029	0.1102	0.0917	0.0848	0.0840	0.0850	0.0907	0.1028	0.0746	0.0646	0.0624	0.0613	0.0635	0.0712	0.0868
1859	0.1168	0.1156	0.1143	0.1160	0.1157	0.1124	0.1088	0.1114	0.1152	0.1130	0.1052	0.0983	0.0998	0.1027	0.1097	0.0910	0.0843	0.0834	0.0845	0.0900	0.1020	0.0744	0.0643	0.0620	0.0613	0.0631	0.0709	0.0863
1860	0.1171	0.1148	0.1137	0.1154	0.1150	0.1121	0.1081	0.1110	0.1143	0.1120	0.1039	0.0978	0.0990	0.1024	0.1095	0.0902	0.0836	0.0826	0.0837	0.0889	0.1011	0.0742	0.0643	0.0617	0.0611	0.0627	0.0706	0.0857
1861	0.1165	0.1138	0.1130	0.1141	0.1141	0.1114	0.1078	0.1100	0.1133	0.1109	0.1028	0.0971	0.0981	0.1016	0.1087	0.0893	0.0828	0.0821	0.0826	0.0880	0.1002	0.0733	0.0641	0.0613	0.0606	0.0623	0.0696	0.0848
1862	0.1152	0.1127	0.1126	0.1125	0.1132	0.1105	0.1075	0.1089	0.1121	0.1096	0.1020	0.0963	0.0970	0.1005	0.1077	0.0882	0.0822	0.0817	0.0819	0.0874	0.0994	0.0723	0.0634	0.0604	0.0600	0.0616	0.0684	0.0839
1863	0.1138	0.1116	0.1116	0.1113	0.1122	0.1095	0.1066	0.1079	0.1107	0.1083	0.1011	0.0952	0.0959	0.0994	0.1070	0.0871	0.0813	0.0811	0.0808	0.0869	0.0986	0.0715	0.0626	0.0594	0.0593	0.0611	0.0675	0.0829
1864	0.1122	0.1103	0.1101	0.1104	0.1105	0.1084	0.1055	0.1072	0.1093	0.1074	0.0999	0.0940	0.0945	0.0988	0.1061	0.0863	0.0804	0.0799	0.0796	0.0864	0.0972	0.0709	0.0622	0.0589	0.0584	0.0612	0.0669	0.0826
1865	0.1107	0.1090	0.1088	0.1092	0.1092	0.1072	0.1042	0.1063	0.1078	0.1064	0.0987	0.0929	0.0930	0.0982	0.1051	0.0856	0.0796	0.0785	0.0789	0.0859	0.0956	0.0702	0.0614	0.0585	0.0578	0.0613	0.0662	0.0824
1866	0.1095	0.1082	0.1075	0.1082	0.1081	0.1057	0.1028	0.1048	0.1070	0.1054	0.0976	0.0915	0.0916	0.0974	0.1042	0.0844	0.0785	0.0771	0.0784	0.0850	0.0947	0.0692	0.0603	0.0578	0.0575	0.0613	0.0659	0.0813
1867	0.1082	0.1074	0.1061	0.1073	0.1068	0.1043	0.1015	0.1034	0.1062	0.1043	0.0964	0.0900	0.0903	0.0965	0.1032	0.0832	0.0773	0.0757	0.0779	0.0839	0.0938	0.0683	0.0592	0.0570	0.0568	0.0611	0.0655	0.0801
1868	0.1066	0.1061	0.1042	0.1060	0.1055	0.1030	0.1004	0.1019	0.1050	0.1030	0.0947	0.0887	0.0894	0.0952	0.1019	0.0823	0.0763	0.0746	0.0773	0.0830	0.0929	0.0674	0.0586	0.0563	0.0556	0.0598	0.0649	0.0790
1869	0.1050	0.1046	0.1021	0.1044	0.1042	0.1017	0.0994	0.1003	0.1036	0.1016	0.0928	0.0875	0.0887	0.0937	0.1006	0.0817	0.0754	0.0735	0.0766	0.0821	0.0919	0.0665	0.0580	0.0556	0.0545	0.0583	0.0644	0.0780
1870	0.1036	0.1031	0.1001	0.1030	0.1027	0.1008	0.0978	0.0985	0.1023	0.1000	0.0914	0.0865	0.0879	0.0919	0.0986	0.0808	0.0743	0.0726	0.0754	0.0808	0.0911	0.0654	0.0574	0.0548	0.0539	0.0573	0.0638	0.0770
1871	0.1022	0.1014	0.0985	0.1017	0.1013	0.0998	0.0960	0.0968	0.1007	0.0984	0.0903	0.0857	0.0870	0.0904	0.0962	0.0797	0.0734	0.0718	0.0740	0.0795	0.0901	0.0641	0.0568	0.0540	0.0533	0.0563	0.0629	0.0762
1872	0.1005	0.0997	0.0976	0.1000	0.0999	0.0983	0.0940	0.0953	0.0990	0.0970	0.0890	0.0845	0.0856	0.0891	0.0944	0.0786	0.0724	0.0709	0.0728	0.0784	0.0889	0.0624	0.0555	0.0533	0.0527	0.0554	0.0622	0.0752
1873	0.0987	0.0984	0.0963	0.0985	0.0980	0.0965	0.0920	0.0935	0.0972	0.0958	0.0876	0.0828	0.0842	0.0876	0.0931	0.0773	0.0713	0.0696	0.0717	0.0771	0.0874	0.0607	0.0543	0.0525	0.0516	0.0545	0.0613	0.0740
1874	0.0969	0.0971	0.0947	0.0969	0.0960	0.0946	0.0904	0.0919	0.0953	0.0943	0.0861	0.0812	0.0829	0.0863	0.0919	0.0761	0.0700	0.0684	0.0708	0.0759	0.0861	0.0594	0.0534	0.0514	0.0502	0.0532	0.0602	0.0730
1875	0.0951	0.0956	0.0932	0.0953	0.0945	0.0928	0.0890	0.0906	0.0936	0.0924	0.0841	0.0800	0.0812	0.0853	0.0904	0.0748	0.0684	0.0669	0.0698	0.0746	0.0847	0.0590	0.0526	0.0497	0.0490	0.0518	0.0592	0.0728
1876	0.0932	0.0939	0.0915	0.0936	0.0927	0.0912	0.0876	0.0891	0.0917	0.0906	0.0825	0.0788	0.0795	0.0841	0.0888	0.0734	0.0669	0.0655	0.0687	0.0731	0.0832	0.0586	0.0517	0.0483	0.0479	0.0507	0.0580	0.0724
1877	0.0909	0.0917	0.0889	0.0918	0.0908	0.0897	0.0859	0.0873	0.0895	0.0887	0.0812	0.0770	0.0775	0.0825	0.0875	0.0718	0.0659	0.0641	0.0667	0.0719	0.0816	0.0579	0.0511	0.0473	0.0471	0.0500	0.0567	0.0715
1878	0.0887	0.0896	0.0862	0.0899	0.0891	0.0881	0.0842	0.0856	0.0875	0.0869	0.0799	0.0752	0.0756	0.0808	0.0863	0.0702	0.0649	0.0627	0.0646	0.0708	0.0800	0.0573	0.0504	0.0464	0.0465	0.0493	0.0554	0.0705
1879	0.0871	0.0879	0.0846	0.0877	0.0874	0.0861	0.0823	0.0840	0.0862	0.0850	0.0779	0.0735	0.0743	0.0788	0.0846	0.0686	0.0638	0.0609	0.0630	0.0693	0.0787	0.0565	0.0488	0.0457	0.0461	0.0486	0.0544	0.0686
1880	0.0857	0.0862	0.0832	0.0854	0.0857	0.0841	0.0804	0.0823	0.0848	0.0831	0.0758	0.0720	0.0731	0.0769	0.0826	0.0670	0.0625	0.0591	0.0616	0.0677	0.0774	0.0559	0.0471	0.0450	0.0457	0.0479	0.0535	0.0664
1881	0.0841	0.0839	0.0818	0.0837	0.0839	0.0823	0.0784	0.0805	0.0829	0.0808	0.0740	0.0705	0.0710	0.0749	0.0806	0.0657	0.0611	0.0575	0.0604	0.0658	0.0761	0.0545	0.0459	0.0442	0.0449	0.0470	0.0527	0.0650
1882	0.0821	0.0816	0.0802	0.0822	0.0819	0.0803	0.0763	0.0787	0.0809	0.0786	0.0724	0.0690	0.0690	0.0726	0.0787	0.0646	0.0596	0.0560	0.0594	0.0639	0.0744	0.0527	0.0448	0.0435	0.0440	0.0461	0.0517	0.0641
1883	0.0802	0.0799	0.0784	0.0805	0.0800	0.0782	0.0748	0.0767	0.0789	0.0768	0.0707	0.0677	0.0673	0.0710	0.0768	0.0634	0.0581	0.0550	0.0586	0.0628	0.0727	0.0513	0.0439	0.0426	0.0427	0.0452	0.0508	0.0631
1884	0.0782	0.0784	0.0768	0.0788	0.0782	0.0761	0.0732	0.0747	0.0769	0.0751	0.0692	0.0666	0.0659	0.0698	0.0751	0.0621	0.0567	0.0541	0.0579	0.0619	0.0711	0.0502	0.0428	0.0415	0.0412	0.0440	0.0502	0.0622
1885	0.0761	0.0769	0.0753	0.0768	0.0766	0.0741	0.0714	0.0728	0.0747	0.0736	0.0681	0.0652	0.0643	0.0684	0.0733	0.0608	0.0552	0.0532	0.0567	0.0608	0.0698	0.0487	0.0415	0.0406	0.0399	0.0428	0.0494	0.0613
1886	0.0741	0.0748	0.0740	0.0747	0.0750	0.0723	0.0699	0.0712	0.0726	0.0720	0.0674	0.0632	0.0623	0.0666	0.0719	0.0590	0.0536	0.0520	0.0547	0.0596	0.0687	0.0473	0.0408	0.0396	0.0391	0.0417	0.0481	0.0603
1887	0.0721	0.0729	0.0726	0.0728	0.0733	0.0708	0.0685	0.0697	0.0709	0.0705	0.0664	0.0614	0.0604	0.0649	0.0705	0.0572	0.0524	0.0507	0.0530	0.0584	0.0674	0.0461	0.0403	0.0387	0.0382	0.0407	0.0470	0.0592
1888	0.0704	0.0714	0.0703	0.0713	0.0717	0.0695	0.0670	0.0681	0.0698	0.0693	0.0648	0.0604	0.0593	0.0637	0.0693	0.0557	0.0515	0.0497	0.0515	0.0571	0.0663	0.0455	0.0398	0.0381	0.0376	0.0396	0.0462	0.0580
1889	0.0688	0.0699	0.0679	0.0699	0.0703	0.0682	0.0654	0.0664	0.0686	0.0682	0.0631	0.0594	0.0582	0.0625	0.0680	0.0543	0.0506	0.0488	0.0501	0.0559	0.0652	0.0449	0.0392	0.0374	0.0369	0.0385	0.0453	0.0570
1890	0.0674	0.0682	0.0662	0.0685	0.0688	0.0669	0.0635	0.0647	0.0674	0.0668	0.0613	0.0577	0.0570	0.0612	0.0670	0.0529	0.0494	0.0478	0.0491	0.0543	0.0638	0.0441	0.0382	0.0365	0.0361	0.0376	0.0445	0.0558
1891	0.0661	0.0666	0.0647	0.0670	0.0673	0.0656	0.0615	0.0632	0.0663	0.0653	0.0598	0.0559	0.0558	0.0597	0.0660	0.0515	0.0484	0.0467	0.0482	0.0526	0.0624	0.0432	0.0370	0.0357	0.0353	0.0368	0.0436	0.0544
1892	0.0649	0.0651	0.0635	0.0654	0.0657	0.0641	0.0600	0.0621	0.0650	0.0636	0.0586	0.0548	0.0550	0.0583	0.0650	0.0508	0.0475	0.0458	0.0475	0.0513	0.0613	0.0425	0.0359	0.0345	0.0345	0.0363	0.0429	0.0535
1893	0.0638	0.0639	0.0624	0.0638	0.0641	0.0626	0.0587	0.0609	0.0638	0.0620	0.0571	0.0539	0.0543	0.0570	0.0641	0.0503	0.0463	0.0447	0.0470	0.0500	0.0605	0.0420	0.0351	0.0337	0.0336	0.0359	0.0423	0.0529
1894	0.0629	0.0625	0.0610	0.0620	0.0625	0.0609	0.0575	0.0594	0.0628	0.0607	0.0559	0.0528	0.0537	0.0557	0.0629	0.0491	0.0453	0.0438	0.0462	0.0488	0.0596	0.0411	0.0343	0.0333	0.0328	0.0355	0.0415	0.0522
1895	0.0621	0.0612	0.0593	0.0606	0.0614	0.0595	0.0564	0.0579	0.0613	0.0600	0.0551	0.0517	0.0529	0.0544	0.0617	0.0477	0.0445	0.0431	0.0453	0.0477	0.0585	0.0398	0.0337	0.0328	0.0324	0.0349	0.0406	0.0513
1896	0.0614	0.0600	0.0581	0.0593	0.0602	0.0582	0.0553	0.0562	0.0597	0.0590	0.0541	0.0506	0.0519	0.0531	0.0604	0.0464	0.0436	0.0424	0.0445	0.0468	0.0573	0.0385	0.0334	0.0321	0.0321	0.0344	0.0398	0.0506
1897	0.0601	0.0593	0.0576	0.0581	0.0587	0.0572	0.0546	0.0549	0.0585	0.0581	0.0531	0.0496	0.0512	0.0522	0.0589	0.0456	0.0423	0.0416	0.0437	0.0461	0.0557	0.0374	0.0331	0.0312	0.0319	0.0337	0.0393	0.0502
1898	0.0589	0.0587	0.0570	0.0571	0.0574	0.0562	0.0540	0.0538	0.0574	0.0572	0.0520	0.0487	0.0506	0.0513	0.0574	0.0448	0.0412	0.0410	0.0429	0.0454	0.0541	0.0364	0.0327	0.0304	0.0315	0.0329	0.0386	0.0498
1899	0.0581	0.0578	0.0559	0.0566	0.0567	0.0554	0.0536	0.0531	0.0563	0.0562	0.0510	0.0482	0.0502	0.0504	0.0565	0.0441	0.0409	0.0403	0.0422	0.0451	0.0537	0.0357	0.0317	0.0300	0.0303	0.0325	0.0379	0.0487
1900	0.0573	0.0568	0.0549	0.0561	0.0561	0.0546	0.0532	0.0524	0.0552	0.0552	0.0499	0.0476	0.0497	0.0495	0.0557	0.0434	0.0408	0.0395	0.0416	0.0448	0.0534	0.0351	0.0307	0.0297	0.0292	0.0322	0.0372	0.0475
1901	0.0565	0.0560	0.0540	0.0556	0.0559	0.0541	0.0523	0.0519	0.0540	0.0544	0.0492	0.0473	0.0487	0.0495	0.0548	0.0427	0.0403	0.0387	0.0409	0.0445	0.0530	0.0347	0.0302	0.0290	0.0285	0.0319	0.0367	0.0470
1902	0.0558	0.0553	0.0531	0.0549	0.0556	0.0535	0.0513	0.0512	0.0529	0.0537	0.0488	0.0473	0.0476	0.0494	0.0540	0.0421	0.0397	0.0380	0.0404	0.0442	0.0526	0.0345	0.0298	0.0282	0.0282	0.0315	0.0363	0.0466
1903	0.0552	0.0543	0.0522	0.0536	0.0548	0.0532	0.0505	0.0506	0.0522	0.0532	0.0485	0.0469	0.0468	0.0488	0.0534	0.0414	0.0394	0.0375	0.0399	0.0436	0.0519	0.0344	0.0297	0.0278	0.0285	0.0310	0.0361	0.0467
1904	0.0546	0.0533	0.0511	0.0521	0.0539	0.0532	0.0497	0.0501	0.0518	0.0527	0.0481	0.0462	0.0459	0.0481	0.0531	0.0407	0.0392	0.0370	0.0392	0.0427	0.0510	0.0342	0.0296	0.0275	0.0290	0.0304	0.0359	0.0470
1905	0.0538	0.0526	0.0504	0.0512	0.0529	0.0528	0.0491	0.0497	0.0513	0.0519	0.0477	0.0455	0.0454	0.0477	0.0530	0.0404	0.0387	0.0367	0.0384	0.0420	0.0501	0.0341	0.0296	0.0273	0.0290	0.0297	0.0356	0.0469
1906	0.0533	0.0521	0.0503	0.0508	0.0521	0.0525	0.0488	0.0496	0.0504	0.0511	0.0472	0.0446	0.0453	0.0475	0.0529	0.0407	0.0384	0.0364	0.0381	0.0415	0.0494	0.0341	0.0297	0.0271	0.0287	0.0295	0.0352	0.0469
1907	0.0529	0.0517	0.0503	0.0507	0.0515	0.0521	0.0488	0.0493	0.0499	0.0505	0.0467	0.0437	0.0450	0.0472	0.0528	0.0409	0.0380	0.0363	0.0377	0.0412	0.0490	0.0342	0.0295	0.0268	0.0283	0.0294	0.0348	0.0466
1908	0.0523	0.0514	0.0499	0.0512	0.0509	0.0514	0.0490	0.0489	0.0502	0.0499	0.0463	0.0431	0.0447	0.0468	0.0523	0.0409	0.0373	0.0365	0.0373	0.0412	0.0493	0.0343	0.0287	0.0268	0.0280	0.0290	0.0346	0.0463
1909	0.0518	0.0512	0.0495	0.0514	0.0505	0.0508	0.0491	0.0485	0.0505	0.0494	0.0461	0.0425	0.0444	0.0463	0.0519	0.0409	0.0365	0.0366	0.0369	0.0412	0.0494	0.0342	0.0281	0.0270	0.0276	0.0286	0.0343	0.0461
1910	0.0515	0.0507	0.0495	0.0508	0.0506	0.0506	0.0483	0.0482	0.0503	0.0491	0.0458	0.0424	0.0442	0.0459	0.0513	0.0406	0.0361	0.0362	0.0363	0.0412	0.0492	0.0337	0.0276	0.0269	0.0274	0.0281	0.0348	0.0455
1911	0.0511	0.0501	0.0496	0.0502	0.0508	0.0504	0.0475	0.0480	0.0502	0.0487	0.0454	0.0422	0.0440	0.0456	0.0507	0.0403	0.0357	0.0359	0.0358	0.0412	0.0491	0.0332	0.0272	0.0267	0.0273	0.0276	0.0354	0.0450
1912	0.0509	0.0497	0.0496	0.0495	0.0506	0.0499	0.0467	0.0475	0.0502	0.0486	0.0451	0.0418	0.0436	0.0453	0.0501	0.0400	0.0358	0.0358	0.0356	0.0407	0.0489	0.0329	0.0272	0.0266	0.0269	0.0272	0.0353	0.0445
1913	0.0507	0.0495	0.0494	0.0486	0.0504	0.0494	0.0461	0.0469	0.0502	0.0487	0.0448	0.0414	0.0430	0.0450	0.0494	0.0396	0.0359	0.0357	0.0354	0.0402	0.0484	0.0327	0.0273	0.0267	0.0265	0.0268	0.0350	0.0440
1914	0.0505	0.0495	0.0488	0.0482	0.0501	0.0493	0.0458	0.0464	0.0500	0.0487	0.0447	0.0411	0.0426	0.0450	0.0489	0.0394	0.0359	0.0358	0.0348	0.0399	0.0483	0.0323	0.0273	0.0263	0.0265	0.0267	0.0346	0.0436
1915	0.0503	0.0494	0.0482	0.0481	0.0499	0.0493	0.0457	0.0462	0.0498	0.0488	0.0447	0.0410	0.0424	0.0450	0.0486	0.0393	0.0359	0.0361	0.0342	0.0398	0.0484	0.0318	0.0274	0.0258	0.0265	0.0267	0.0342	0.0433
1916	0.0502	0.0495	0.0476	0.0480	0.0498	0.0493	0.0455	0.0460	0.0495	0.0486	0.0446	0.0410	0.0421	0.0448	0.0483	0.0393	0.0356	0.0360	0.0342	0.0398	0.0483	0.0315	0.0274	0.0255	0.0264	0.0270	0.0339	0.0432
1917	0.0506	0.0496	0.0469	0.0481	0.0499	0.0494	0.0455	0.0459	0.0494	0.0481	0.0443	0.0410	0.0419	0.0445	0.0482	0.0391	0.0352	0.0356	0.0349	0.0396	0.0481	0.0316	0.0275	0.0253	0.0261	0.0276	0.0339	0.0433
1918	0.0506	0.0497	0.0464	0.0482	0.0498	0.0495	0.0456	0.0459	0.0493	0.0476	0.0441	0.0410	0.0420	0.0444	0.0484	0.0387	0.0349	0.0351	0.0354	0.0396	0.0478	0.0316	0.0275	0.0250	0.0257	0.0278	0.0337	0.0435
1919	0.0500	0.0496	0.0466	0.0476	0.0495	0.0491	0.0463	0.0459	0.0491	0.0471	0.0440	0.0410	0.0421	0.0449	0.0487	0.0380	0.0344	0.0340	0.0355	0.0400	0.0475	0.0312	0.0277	0.0251	0.0252	0.0275	0.0334	0.0438
1920	0.0495	0.0495	0.0468	0.0471	0.0493	0.0487	0.0470	0.0459	0.0490	0.0468	0.0440	0.0410	0.0420	0.0454	0.0489	0.0376	0.0339	0.0332	0.0357	0.0402	0.0474	0.0309	0.0279	0.0254	0.0248	0.0271	0.0332	0.0440
1921	0.0496	0.0494	0.0471	0.0477	0.0495	0.0482	0.0470	0.0456	0.0492	0.0474	0.0444	0.0408	0.0414	0.0452	0.0490	0.0380	0.0337	0.0336	0.0356	0.0403	0.0477	0.0313	0.0281	0.0256	0.0251	0.0268	0.0331	0.0437
1922	0.0497	0.0493	0.0474	0.0484	0.0496	0.0477	0.0469	0.0453	0.0494	0.0481	0.0449	0.0406	0.0407	0.0448	0.0491	0.0384	0.0335	0.0341	0.0354	0.0404	0.0480	0.0316	0.0282	0.0259	0.0253	0.0265	0.0330	0.0435
1923	0.0499	0.0496	0.0473	0.0482	0.0495	0.0478	0.0467	0.0460	0.0491	0.0479	0.0446	0.0405	0.0403	0.0445	0.0490	0.0386	0.0339	0.0341	0.0355	0.0400	0.0483	0.0312	0.0278	0.0260	0.0257	0.0270	0.0327	0.0436
1924	0.0500	0.0498	0.0471	0.0477	0.0493	0.0479	0.0463	0.0467	0.0487	0.0476	0.0441	0.0406	0.0400	0.0443	0.0488	0.0388	0.0342	0.0342	0.0357	0.0396	0.0485	0.0306	0.0271	0.0260	0.0261	0.0275	0.0325	0.0436
1925	0.0502	0.0496	0.0468	0.0474	0.0492	0.0479	0.0460	0.0466	0.0485	0.0471	0.0440	0.0408	0.0399	0.0441	0.0484	0.0386	0.0343	0.0343	0.0356	0.0392	0.0485	0.0302	0.0269	0.0260	0.0261	0.0278	0.0323	0.0436
1926	0.0504	0.0494	0.0467	0.0470	0.0494	0.0479	0.0458	0.0462	0.0483	0.0464	0.0441	0.0409	0.0398	0.0440	0.0480	0.0383	0.0343	0.0342	0.0353	0.0389	0.0483	0.0298	0.0270	0.0260	0.0260	0.0279	0.0323	0.0436
1927	0.0503	0.0493	0.0468	0.0470	0.0494	0.0479	0.0458	0.0457	0.0482	0.0463	0.0440	0.0409	0.0398	0.0440	0.0478	0.0382	0.0343	0.0338	0.0353	0.0387	0.0481	0.0297	0.0270	0.0256	0.0260	0.0281	0.0324	0.0436
1928	0.0500	0.0492	0.0472	0.0472	0.0493	0.0480	0.0458	0.0454	0.0483	0.0468	0.0438	0.0409	0.0401	0.0439	0.0481	0.0379	0.0343	0.0333	0.0355	0.0385	0.0480	0.0299	0.0269	0.0247	0.0259	0.0283	0.0327	0.0436
1929	0.0499	0.0494	0.0474	0.0473	0.0494	0.0480	0.0458	0.0452	0.0485	0.0474	0.0434	0.0411	0.0404	0.0438	0.0483	0.0375	0.0343	0.0329	0.0357	0.0385	0.0480	0.0302	0.0269	0.0241	0.0258	0.0285	0.0330	0.0435
1930	0.0499	0.0498	0.0474	0.0473	0.0495	0.0479	0.0455	0.0454	0.0485	0.0481	0.0433	0.0410	0.0405	0.0440	0.0485	0.0372	0.0342	0.0329	0.0356	0.0389	0.0477	0.0308	0.0270	0.0245	0.0255	0.0285	0.0331	0.0433
1931	0.0499	0.0501	0.0475	0.0472	0.0496	0.0478	0.0453	0.0457	0.0485	0.0487	0.0433	0.0408	0.0407	0.0441	0.0486	0.0371	0.0342	0.0331	0.0355	0.0392	0.0474	0.0314	0.0270	0.0248	0.0252	0.0286	0.0333	0.0432
1932	0.0503	0.0502	0.0475	0.0475	0.0495	0.0483	0.0455	0.0463	0.0490	0.0484	0.0435	0.0413	0.0412	0.0444	0.0486	0.0376	0.0344	0.0336	0.0357	0.0397	0.0475	0.0314	0.0268	0.0251	0.0252	0.0285	0.0336	0.0431
1933	0.0506	0.0502	0.0475	0.0479	0.0495	0.0488	0.0458	0.0468	0.0495	0.0481	0.0436	0.0418	0.0417	0.0446	0.0487	0.0380	0.0345	0.0342	0.0358	0.0401	0.0477	0.0314	0.0265	0.0254	0.0253	0.0284	0.0340	0.0430
1934	0.0507	0.0499	0.0474	0.0483	0.0496	0.0493	0.0455	0.0468	0.0497	0.0481	0.0437	0.0417	0.0417	0.0444	0.0490	0.0380	0.0346	0.0346	0.0359	0.0400	0.0475	0.0311	0.0264	0.0255	0.0255	0.0282	0.0339	0.0434
1935	0.0507	0.0497	0.0473	0.0486	0.0496	0.0498	0.0452	0.0468	0.0498	0.0480	0.0440	0.0415	0.0418	0.0442	0.0492	0.0379	0.0346	0.0350	0.0360	0.0397	0.0473	0.0307	0.0264	0.0257	0.0258	0.0280	0.0337	0.0438
1936	0.0510	0.0500	0.0475	0.0485	0.0499	0.0498	0.0452	0.0467	0.0497	0.0483	0.0440	0.0417	0.0419	0.0440	0.0495	0.0377	0.0350	0.0348	0.0360	0.0400	0.0474	0.0308	0.0269	0.0259	0.0260	0.0279	0.0335	0.0437
1937	0.0513	0.0503	0.0479	0.0485	0.0502	0.0497	0.0452	0.0465	0.0497	0.0487	0.0438	0.0419	0.0421	0.0437	0.0498	0.0374	0.0355	0.0345	0.0359	0.0404	0.0476	0.0310	0.0273	0.0261	0.0262	0.0280	0.0335	0.0436
1938	0.0515	0.0505	0.0479	0.0487	0.0502	0.0496	0.0454	0.0467	0.0494	0.0489	0.0439	0.0420	0.0424	0.0439	0.0499	0.0377	0.0355	0.0344	0.0360	0.0408	0.0479	0.0313	0.0275	0.0262	0.0264	0.0281	0.0334	0.0437
1939	0.0516	0.0507	0.0476	0.0491	0.0500	0.0498	0.0458	0.0472	0.0490	0.0489	0.0441	0.0419	0.0429	0.0444	0.0501	0.0385	0.0351	0.0345	0.0361	0.0407	0.0482	0.0318	0.0276	0.0261	0.0266	0.0285	0.0332	0.0441
1940	0.0516	0.0510	0.0475	0.0494	0.0500	0.0498	0.0462	0.0475	0.0488	0.0488	0.0443	0.0418	0.0433	0.0448	0.0501	0.0394	0.0348	0.0346	0.0363	0.0407	0.0484	0.0322	0.0276	0.0260	0.0266	0.0289	0.0332	0.0444
1941	0.0513	0.0514	0.0477	0.0495	0.0499	0.0496	0.0468	0.0474	0.0490	0.0486	0.0444	0.0418	0.0434	0.0450	0.0499	0.0401	0.0348	0.0348	0.0368	0.0407	0.0484	0.0323	0.0274	0.0261	0.0265	0.0292	0.0336	0.0443
1942	0.0510	0.0518	0.0479	0.0495	0.0498	0.0495	0.0474	0.0473	0.0493	0.0487	0.0444	0.0417	0.0435	0.0452	0.0497	0.0408	0.0350	0.0350	0.0373	0.0408	0.0483	0.0325	0.0274	0.0261	0.0265	0.0295	0.0339	0.0442
1943	0.0509	0.0522	0.0482	0.0496	0.0502	0.0496	0.0475	0.0479	0.0499	0.0491	0.0446	0.0419	0.0435	0.0455	0.0501	0.0406	0.0355	0.0353	0.0375	0.0408	0.0489	0.0327	0.0274	0.0259	0.0267	0.0295	0.0339	0.0441
1944	0.0509	0.0527	0.0485	0.0498	0.0506	0.0498	0.0475	0.0484	0.0505	0.0495	0.0447	0.0421	0.0434	0.0458	0.0504	0.0405	0.0360	0.0356	0.0377	0.0409	0.0494	0.0328	0.0273	0.0257	0.0268	0.0294	0.0338	0.0441
1945	0.0512	0.0527	0.0488	0.0500	0.0510	0.0503	0.0476	0.0485	0.0509	0.0497	0.0451	0.0423	0.0434	0.0461	0.0502	0.0409	0.0361	0.0357	0.0377	0.0411	0.0499	0.0326	0.0275	0.0260	0.0271	0.0291	0.0337	0.0443
1946	0.0516	0.0527	0.0491	0.0501	0.0514	0.0509	0.0477	0.0485	0.0513	0.0501	0.0455	0.0424	0.0434	0.0464	0.0499	0.0414	0.0363	0.0357	0.0377	0.0414	0.0504	0.0323	0.0278	0.0263	0.0274	0.0290	0.0337	0.0444
1947	0.0516	0.0528	0.0494	0.0504	0.0514	0.0509	0.0478	0.0489	0.0513	0.0502	0.0456	0.0429	0.0435	0.0461	0.0502	0.0415	0.0367	0.0359	0.0381	0.0419	0.0503	0.0325	0.0282	0.0270	0.0272	0.0291	0.0338	0.0444
1948	0.0516	0.0530	0.0498	0.0508	0.0512	0.0508	0.0481	0.0493	0.0512	0.0503	0.0458	0.0433	0.0436	0.0458	0.0506	0.0418	0.0372	0.0361	0.0386	0.0425	0.0501	0.0328	0.0285	0.0278	0.0269	0.0293	0.0341	0.0444
1949	0.0517	0.0533	0.0500	0.0508	0.0517	0.0510	0.0480	0.0498	0.0513	0.0501	0.0460	0.0434	0.0441	0.0457	0.0510	0.0418	0.0375	0.0364	0.0388	0.0424	0.0502	0.0332	0.0289	0.0282	0.0270	0.0295	0.0342	0.0447
1950	0.0521	0.0537	0.0503	0.0506	0.0524	0.0514	0.0477	0.0503	0.0515	0.0498	0.0462	0.0433	0.0449	0.0457	0.0514	0.0415	0.0376	0.0367	0.0389	0.0417	0.0505	0.0336	0.0291	0.0282	0.0274	0.0298	0.0345	0.0452
1951	0.0525	0.0539	0.0506	0.0506	0.0528	0.0516	0.0475	0.0505	0.0517	0.0498	0.0463	0.0434	0.0453	0.0458	0.0522	0.0416	0.0379	0.0367	0.0389	0.0413	0.0508	0.0342	0.0291	0.0281	0.0277	0.0300	0.0348	0.0458
1952	0.0529	0.0535	0.0509	0.0510	0.0527	0.0518	0.0475	0.0505	0.0521	0.0503	0.0464	0.0435	0.0453	0.0457	0.0531	0.0421	0.0381	0.0365	0.0390	0.0412	0.0513	0.0346	0.0291	0.0280	0.0278	0.0302	0.0350	0.0465
1953	0.0532	0.0533	0.0512	0.0514	0.0528	0.0522	0.0478	0.0505	0.0524	0.0509	0.0466	0.0435	0.0454	0.0458	0.0536	0.0425	0.0383	0.0362	0.0391	0.0412	0.0518	0.0350	0.0292	0.0281	0.0281	0.0304	0.0352	0.0472
1954	0.0537	0.0537	0.0515	0.0524	0.0531	0.0526	0.0485	0.0504	0.0527	0.0516	0.0473	0.0436	0.0452	0.0465	0.0533	0.0427	0.0382	0.0365	0.0389	0.0417	0.0521	0.0349	0.0293	0.0284	0.0287	0.0302	0.0355	0.0477
1955	0.0541	0.0541	0.0518	0.0533	0.0534	0.0530	0.0492	0.0503	0.0530	0.0523	0.0478	0.0437	0.0451	0.0470	0.0529	0.0429	0.0383	0.0367	0.0386	0.0422	0.0524	0.0348	0.0295	0.0288	0.0293	0.0300	0.0357	0.0480
1956	0.0537	0.0544	0.0522	0.0535	0.0536	0.0533	0.0497	0.0503	0.0530	0.0527	0.0479	0.0439	0.0453	0.0469	0.0528	0.0426	0.0390	0.0369	0.0382	0.0425	0.0525	0.0349	0.0298	0.0289	0.0293	0.0301	0.0360	0.0479
1957	0.0533	0.0548	0.0525	0.0537	0.0538	0.0536	0.0503	0.0502	0.0529	0.0530	0.0480	0.0442	0.0456	0.0468	0.0526	0.0423	0.0398	0.0371	0.0378	0.0427	0.0527	0.0351	0.0301	0.0291	0.0294	0.0303	0.0363	0.0478
1958	0.0534	0.0553	0.0528	0.0538	0.0541	0.0537	0.0503	0.0508	0.0533	0.0531	0.0482	0.0447	0.0459	0.0475	0.0527	0.0425	0.0399	0.0374	0.0384	0.0433	0.0527	0.0355	0.0303	0.0292	0.0295	0.0306	0.0365	0.0477
1959	0.0535	0.0558	0.0531	0.0539	0.0544	0.0536	0.0504	0.0514	0.0537	0.0531	0.0485	0.0453	0.0462	0.0482	0.0526	0.0429	0.0399	0.0378	0.0391	0.0440	0.0528	0.0360	0.0306	0.0294	0.0296	0.0308	0.0367	0.0475
1960	0.0538	0.0560	0.0534	0.0546	0.0548	0.0537	0.0507	0.0522	0.0539	0.0532	0.0488	0.0458	0.0461	0.0491	0.0530	0.0429	0.0399	0.0382	0.0396	0.0445	0.0529	0.0362	0.0309	0.0293	0.0297	0.0313	0.0366	0.0472
1961	0.0542	0.0561	0.0536	0.0554	0.0553	0.0539	0.0510	0.0529	0.0539	0.0533	0.0492	0.0464	0.0458	0.0501	0.0536	0.0429	0.0398	0.0385	0.0399	0.0449	0.0531	0.0361	0.0312	0.0290	0.0298	0.0317	0.0363	0.0466
1962	0.0546	0.0564	0.0539	0.0559	0.0558	0.0542	0.0514	0.0532	0.0542	0.0536	0.0495	0.0470	0.0459	0.0506	0.0541	0.0430	0.0400	0.0387	0.0401	0.0451	0.0533	0.0360	0.0312	0.0287	0.0300	0.0322	0.0362	0.0463
1963	0.0550	0.0568	0.0542	0.0561	0.0562	0.0546	0.0517	0.0531	0.0548	0.0541	0.0498	0.0475	0.0462	0.0505	0.0546	0.0433	0.0404	0.0386	0.0402	0.0449	0.0536	0.0358	0.0310	0.0284	0.0303	0.0327	0.0364	0.0463
1964	0.0554	0.0571	0.0546	0.0562	0.0566	0.0548	0.0522	0.0530	0.0554	0.0544	0.0501	0.0480	0.0465	0.0504	0.0551	0.0435	0.0407	0.0386	0.0404	0.0449	0.0536	0.0359	0.0309	0.0283	0.0305	0.0330	0.0368	0.0467
1965	0.0558	0.0575	0.0550	0.0563	0.0573	0.0549	0.0526	0.0531	0.0559	0.0543	0.0504	0.0482	0.0469	0.0502	0.0556	0.0437	0.0410	0.0386	0.0407	0.0451	0.0537	0.0365	0.0312	0.0287	0.0306	0.0327	0.0372	0.0481
1966	0.0562	0.0578	0.0554	0.0565	0.0578	0.0552	0.0529	0.0532	0.0563	0.0543	0.0507	0.0483	0.0473	0.0500	0.0561	0.0440	0.0414	0.0388	0.0410	0.0455	0.0538	0.0370	0.0314	0.0291	0.0308	0.0325	0.0377	0.0492
1967	0.0570	0.0578	0.0555	0.0567	0.0578	0.0560	0.0533	0.0533	0.0564	0.0551	0.0509	0.0480	0.0481	0.0508	0.0564	0.0450	0.0417	0.0396	0.0412	0.0457	0.0542	0.0368	0.0315	0.0295	0.0310	0.0327	0.0383	0.0491
1968	0.0578	0.0578	0.0556	0.0569	0.0577	0.0568	0.0537	0.0534	0.0564	0.0560	0.0511	0.0478	0.0489	0.0516	0.0567	0.0461	0.0420	0.0404	0.0415	0.0460	0.0545	0.0367	0.0315	0.0299	0.0313	0.0329	0.0389	0.0491
1969	0.0584	0.0575	0.0562	0.0573	0.0576	0.0574	0.0538	0.0537	0.0565	0.0565	0.0516	0.0482	0.0496	0.0521	0.0569	0.0466	0.0421	0.0407	0.0419	0.0463	0.0553	0.0366	0.0319	0.0301	0.0314	0.0330	0.0386	0.0494
1970	0.0590	0.0573	0.0567	0.0578	0.0574	0.0579	0.0539	0.0540	0.0565	0.0570	0.0521	0.0487	0.0504	0.0527	0.0571	0.0472	0.0423	0.0410	0.0422	0.0467	0.0561	0.0365	0.0323	0.0303	0.0315	0.0329	0.0381	0.0497
1971	0.0588	0.0576	0.0570	0.0583	0.0579	0.0581	0.0541	0.0545	0.0569	0.0570	0.0528	0.0489	0.0506	0.0528	0.0574	0.0474	0.0423	0.0411	0.0426	0.0467	0.0564	0.0369	0.0326	0.0307	0.0317	0.0326	0.0383	0.0500
1972	0.0583	0.0580	0.0574	0.0587	0.0585	0.0582	0.0544	0.0550	0.0575	0.0570	0.0535	0.0490	0.0507	0.0529	0.0577	0.0476	0.0422	0.0412	0.0432	0.0467	0.0565	0.0375	0.0328	0.0312	0.0318	0.0323	0.0387	0.0502
1973	0.0581	0.0586	0.0574	0.0590	0.0590	0.0581	0.0547	0.0555	0.0580	0.0574	0.0537	0.0493	0.0507	0.0530	0.0578	0.0478	0.0426	0.0415	0.0435	0.0472	0.0570	0.0380	0.0329	0.0315	0.0319	0.0325	0.0389	0.0504
1974	0.0581	0.0592	0.0574	0.0591	0.0594	0.0580	0.0549	0.0560	0.0583	0.0581	0.0536	0.0496	0.0505	0.0532	0.0577	0.0482	0.0432	0.0418	0.0437	0.0479	0.0578	0.0383	0.0331	0.0318	0.0318	0.0331	0.0389	0.0507
1975	0.0583	0.0598	0.0575	0.0594	0.0597	0.0578	0.0552	0.0567	0.0588	0.0585	0.0535	0.0500	0.0506	0.0535	0.0580	0.0484	0.0438	0.0419	0.0439	0.0483	0.0583	0.0385	0.0332	0.0319	0.0320	0.0334	0.0392	0.0507
1976	0.0590	0.0601	0.0579	0.0598	0.0597	0.0576	0.0558	0.0574	0.0595	0.0585	0.0536	0.0504	0.0509	0.0542	0.0588	0.0486	0.0443	0.0418	0.0440	0.0482	0.0585	0.0385	0.0333	0.0319	0.0324	0.0336	0.0397	0.0505
1977	0.0597	0.0604	0.0582	0.0602	0.0598	0.0577	0.0562	0.0581	0.0602	0.0587	0.0537	0.0508	0.0514	0.0546	0.0594	0.0489	0.0448	0.0417	0.0442	0.0482	0.0587	0.0386	0.0334	0.0318	0.0328	0.0337	0.0402	0.0505
1978	0.0605	0.0606	0.0584	0.0604	0.0601	0.0588	0.0563	0.0586	0.0606	0.0591	0.0539	0.0511	0.0519	0.0547	0.0598	0.0495	0.0452	0.0418	0.0445	0.0482	0.0586	0.0391	0.0335	0.0317	0.0328	0.0340	0.0403	0.0507
1979	0.0615	0.0609	0.0586	0.0606	0.0603	0.0598	0.0565	0.0591	0.0611	0.0595	0.0541	0.0514	0.0524	0.0549	0.0601	0.0500	0.0456	0.0418	0.0448	0.0482	0.0586	0.0396	0.0336	0.0316	0.0327	0.0342	0.0404	0.0509
1980	0.0623	0.0611	0.0592	0.0605	0.0607	0.0605	0.0579	0.0589	0.0614	0.0600	0.0545	0.0522	0.0524	0.0556	0.0609	0.0502	0.0458	0.0419	0.0450	0.0488	0.0586	0.0396	0.0338	0.0321	0.0323	0.0346	0.0407	0.0515
1981	0.0631	0.0613	0.0598	0.0605	0.0611	0.0611	0.0593	0.0587	0.0618	0.0605	0.0548	0.0530	0.0524	0.0563	0.0616	0.0505	0.0461	0.0420	0.0452	0.0494	0.0587	0.0397	0.0340	0.0327	0.0319	0.0351	0.0409	0.0522
1982	0.0629	0.0618	0.0603	0.0610	0.0617	0.0614	0.0597	0.0591	0.0622	0.0613	0.0554	0.0530	0.0526	0.0564	0.0620	0.0500	0.0457	0.0430	0.0455	0.0494	0.0591	0.0396	0.0341	0.0333	0.0324	0.0355	0.0412	0.0523
1983	0.0625	0.0624	0.0608	0.0616	0.0623	0.0618	0.0600	0.0595	0.0627	0.0621	0.0559	0.0529	0.0527	0.0565	0.0622	0.0495	0.0453	0.0440	0.0458	0.0494	0.0596	0.0395	0.0343	0.0338	0.0330	0.0358	0.0415	0.0525
1984	0.0625	0.0631	0.0612	0.0615	0.0627	0.0621	0.0601	0.0593	0.0630	0.0625	0.0563	0.0533	0.0534	0.0571	0.0622	0.0498	0.0453	0.0442	0.0461	0.0499	0.0605	0.0397	0.0347	0.0339	0.0333	0.0358	0.0420	0.0529
1985	0.0625	0.0640	0.0616	0.0613	0.0630	0.0624	0.0600	0.0589	0.0632	0.0627	0.0566	0.0537	0.0541	0.0579	0.0620	0.0504	0.0453	0.0442	0.0465	0.0507	0.0614	0.0399	0.0351	0.0337	0.0337	0.0357	0.0424	0.0533
1986	0.0627	0.0644	0.0621	0.0615	0.0637	0.0622	0.0601	0.0591	0.0633	0.0627	0.0567	0.0539	0.0546	0.0583	0.0620	0.0508	0.0455	0.0444	0.0469	0.0511	0.0619	0.0404	0.0355	0.0337	0.0340	0.0356	0.0425	0.0538
1987	0.0630	0.0645	0.0628	0.0620	0.0646	0.0618	0.0603	0.0598	0.0631	0.0625	0.0567	0.0539	0.0549	0.0584	0.0622	0.0510	0.0457	0.0447	0.0473	0.0513	0.0619	0.0411	0.0358	0.0336	0.0344	0.0354	0.0422	0.0542
1988	0.0634	0.0646	0.0632	0.0625	0.0655	0.0618	0.0605	0.0606	0.0631	0.0624	0.0569	0.0543	0.0549	0.0585	0.0626	0.0514	0.0459	0.0452	0.0477	0.0518	0.0619	0.0417	0.0361	0.0336	0.0345	0.0354	0.0421	0.0546
1989	0.0642	0.0649	0.0633	0.0631	0.0663	0.0625	0.0605	0.0617	0.0634	0.0625	0.0574	0.0553	0.0547	0.0587	0.0632	0.0520	0.0462	0.0458	0.0479	0.0527	0.0620	0.0420	0.0364	0.0334	0.0343	0.0355	0.0423	0.0550
1990	0.0650	0.0652	0.0634	0.0636	0.0671	0.0633	0.0607	0.0626	0.0636	0.0627	0.0578	0.0562	0.0547	0.0587	0.0638	0.0526	0.0465	0.0464	0.0482	0.0534	0.0620	0.0422	0.0366	0.0335	0.0341	0.0359	0.0425	0.0554
1991	0.0657	0.0655	0.0637	0.0640	0.0678	0.0639	0.0616	0.0627	0.0638	0.0632	0.0579	0.0567	0.0551	0.0586	0.0643	0.0530	0.0466	0.0464	0.0488	0.0538	0.0621	0.0420	0.0369	0.0342	0.0344	0.0366	0.0428	0.0555
1992	0.0665	0.0658	0.0640	0.0644	0.0684	0.0644	0.0624	0.0629	0.0640	0.0638	0.0582	0.0571	0.0556	0.0584	0.0647	0.0533	0.0468	0.0465	0.0493	0.0542	0.0621	0.0419	0.0372	0.0349	0.0346	0.0373	0.0430	0.0557
1993	0.0674	0.0660	0.0643	0.0650	0.0686	0.0649	0.0631	0.0630	0.0642	0.0645	0.0591	0.0569	0.0557	0.0584	0.0651	0.0529	0.0470	0.0468	0.0491	0.0544	0.0624	0.0423	0.0371	0.0355	0.0351	0.0372	0.0433	0.0562
1994	0.0682	0.0662	0.0645	0.0656	0.0687	0.0654	0.0638	0.0631	0.0644	0.0651	0.0600	0.0568	0.0559	0.0585	0.0655	0.0525	0.0472	0.0470	0.0490	0.0546	0.0626	0.0426	0.0369	0.0360	0.0356	0.0371	0.0436	0.0567
1995	0.0687	0.0668	0.0650	0.0662	0.0689	0.0657	0.0640	0.0637	0.0651	0.0653	0.0603	0.0571	0.0563	0.0589	0.0653	0.0529	0.0478	0.0474	0.0488	0.0545	0.0630	0.0432	0.0366	0.0362	0.0357	0.0376	0.0439	0.0563
1996	0.0692	0.0673	0.0656	0.0667	0.0690	0.0660	0.0641	0.0642	0.0658	0.0655	0.0605	0.0575	0.0566	0.0593	0.0652	0.0533	0.0485	0.0478	0.0486	0.0543	0.0635	0.0439	0.0363	0.0364	0.0357	0.0382	0.0442	0.0558
1997	0.0693	0.0677	0.0661	0.0672	0.0691	0.0663	0.0640	0.0650	0.0662	0.0659	0.0605	0.0577	0.0571	0.0598	0.0657	0.0539	0.0494	0.0483	0.0489	0.0548	0.0639	0.0442	0.0362	0.0360	0.0359	0.0387	0.0442	0.0558
1998	0.0692	0.0680	0.0666	0.0678	0.0693	0.0665	0.0638	0.0658	0.0666	0.0663	0.0605	0.0578	0.0575	0.0603	0.0666	0.0545	0.0503	0.0487	0.0493	0.0554	0.0641	0.0443	0.0362	0.0355	0.0362	0.0392	0.0440	0.0561
1999	0.0695	0.0682	0.0672	0.0681	0.0693	0.0672	0.0641	0.0663	0.0671	0.0670	0.0610	0.0578	0.0583	0.0608	0.0672	0.0550	0.0509	0.0486	0.0497	0.0555	0.0646	0.0445	0.0366	0.0353	0.0365	0.0394	0.0440	0.0566
2000	0.0701	0.0683	0.0677	0.0683	0.0693	0.0681	0.0647	0.0665	0.0678	0.0678	0.0618	0.0579	0.0592	0.0613	0.0678	0.0554	0.0513	0.0482	0.0501	0.0554	0.0652	0.0447	0.0373	0.0354	0.0369	0.0394	0.0441	0.0575
2001	0.0704	0.0688	0.0680	0.0686	0.0693	0.0688	0.0654	0.0665	0.0684	0.0685	0.0622	0.0582	0.0600	0.0617	0.0681	0.0557	0.0514	0.0480	0.0504	0.0554	0.0656	0.0449	0.0380	0.0355	0.0370	0.0395	0.0444	0.0581
2002	0.0704	0.0699	0.0680	0.0690	0.0693	0.0690	0.0660	0.0663	0.0689	0.0688	0.0621	0.0590	0.0604	0.0619	0.0679	0.0560	0.0511	0.0480	0.0507	0.0555	0.0658	0.0453	0.0388	0.0359	0.0367	0.0399	0.0447	0.0584
2003	0.0704	0.0708	0.0680	0.0692	0.0693	0.0692	0.0665	0.0663	0.0693	0.0691	0.0620	0.0596	0.0607	0.0621	0.0679	0.0564	0.0508	0.0483	0.0509	0.0557	0.0660	0.0456	0.0394	0.0362	0.0366	0.0401	0.0450	0.0586
2004	0.0705	0.0713	0.0680	0.0691	0.0694	0.0689	0.0668	0.0670	0.0696	0.0696	0.0617	0.0598	0.0609	0.0625	0.0684	0.0571	0.0506	0.0491	0.0511	0.0557	0.0658	0.0457	0.0396	0.0364	0.0368	0.0401	0.0450	0.0584
2005	0.0707	0.0718	0.0680	0.0691	0.0696	0.0688	0.0672	0.0677	0.0698	0.0701	0.0616	0.0601	0.0610	0.0629	0.0688	0.0576	0.0504	0.0499	0.0514	0.0557	0.0656	0.0457	0.0398	0.0367	0.0371	0.0401	0.0451	0.0582
2006	0.0710	0.0721	0.0689	0.0694	0.0700	0.0695	0.0673	0.0680	0.0703	0.0700	0.0624	0.0606	0.0610	0.0635	0.0695	0.0578	0.0509	0.0508	0.0515	0.0558	0.0655	0.0460	0.0396	0.0368	0.0377	0.0403	0.0453	0.0587
2007	0.0712	0.0724	0.0697	0.0698	0.0704	0.0702	0.0675	0.0683	0.0707	0.0700	0.0632	0.0612	0.0611	0.0641	0.0701	0.0579	0.0513	0.0517	0.0517	0.0558	0.0654	0.0463	0.0395	0.0369	0.0383	0.0405	0.0455	0.0592
2008	0.0716	0.0720	0.0697	0.0705	0.0712	0.0707	0.0679	0.0688	0.0713	0.0702	0.0640	0.0615	0.0610	0.0646	0.0702	0.0583	0.0516	0.0520	0.0521	0.0562	0.0665	0.0465	0.0397	0.0369	0.0392	0.0405	0.0455	0.0593
2009	0.0719	0.0716	0.0697	0.0713	0.0720	0.0713	0.0682	0.0694	0.0718	0.0703	0.0647	0.0618	0.0608	0.0651	0.0704	0.0587	0.0520	0.0522	0.0524	0.0566	0.0676	0.0467	0.0399	0.0369	0.0401	0.0404	0.0456	0.0593
2010	0.0724	0.0718	0.0702	0.0716	0.0728	0.0718	0.0684	0.0699	0.0720	0.0708	0.0655	0.0618	0.0612	0.0655	0.0706	0.0589	0.0522	0.0523	0.0530	0.0576	0.0680	0.0473	0.0402	0.0370	0.0400	0.0405	0.0461	0.0593
2011	0.0729	0.0722	0.0710	0.0716	0.0736	0.0724	0.0684	0.0703	0.0721	0.0714	0.0663	0.0616	0.0618	0.0658	0.0708	0.0590	0.0523	0.0524	0.0537	0.0588	0.0682	0.0480	0.0405	0.0372	0.0396	0.0405	0.0467	0.0592
2012	0.0733	0.0727	0.0714	0.0718	0.0740	0.0727	0.0686	0.0706	0.0722	0.0720	0.0668	0.0615	0.0625	0.0658	0.0713	0.0592	0.0527	0.0530	0.0541	0.0594	0.0685	0.0480	0.0407	0.0376	0.0395	0.0408	0.0476	0.0595
2013	0.0738	0.0733	0.0715	0.0720	0.0740	0.0727	0.0689	0.0708	0.0724	0.0727	0.0669	0.0614	0.0632	0.0655	0.0719	0.0593	0.0532	0.0541	0.0542	0.0597	0.0689	0.0477	0.0407	0.0382	0.0395	0.0411	0.0486	0.0600
2014	0.0741	0.0741	0.0717	0.0727	0.0744	0.0728	0.0694	0.0710	0.0727	0.0730	0.0670	0.0614	0.0640	0.0656	0.0724	0.0593	0.0534	0.0547	0.0543	0.0600	0.0691	0.0476	0.0409	0.0387	0.0396	0.0415	0.0492	0.0603
2015	0.0744	0.0752	0.0722	0.0739	0.0751	0.0732	0.0701	0.0711	0.0734	0.0728	0.0669	0.0614	0.0647	0.0663	0.0730	0.0591	0.0534	0.0546	0.0542	0.0604	0.0693	0.0478	0.0413	0.0392	0.0397	0.0418	0.0494	0.0604
2016	0.0747	0.0759	0.0727	0.0751	0.0757	0.0736	0.0709	0.0712	0.0739	0.0726	0.0670	0.0616	0.0652	0.0670	0.0736	0.0591	0.0535	0.0545	0.0543	0.0606	0.0695	0.0480	0.0416	0.0396	0.0399	0.0421	0.0495	0.0607
2017	0.0753	0.0758	0.0733	0.0761	0.0762	0.0737	0.0716	0.0711	0.0744	0.0728	0.0674	0.0622	0.0649	0.0678	0.0746	0.0594	0.0542	0.0543	0.0546	0.0603	0.0698	0.0480	0.0417	0.0397	0.0402	0.0425	0.0494	0.0612
2018	0.0759	0.0757	0.0738	0.0769	0.0767	0.0739	0.0723	0.0711	0.0748	0.0732	0.0678	0.0629	0.0646	0.0687	0.0755	0.0598	0.0548	0.0543	0.0548	0.0601	0.0702	0.0481	0.0418	0.0399	0.0406	0.0429	0.0494	0.0616
2019	0.0767	0.0757	0.0739	0.0769	0.0765	0.0744	0.0726	0.0717	0.0753	0.0741	0.0679	0.0638	0.0647	0.0693	0.0756	0.0600	0.0553	0.0545	0.0548	0.0601	0.0708	0.0479	0.0423	0.0404	0.0410	0.0431	0.0497	0.0613
2020	0.0774	0.0756	0.0739	0.0770	0.0763	0.0750	0.0730	0.0724	0.0758	0.0751	0.0680	0.0646	0.0647	0.0698	0.0758	0.0602	0.0559	0.0548	0.0547	0.0602	0.0714	0.0478	0.0428	0.0409	0.0415	0.0433	0.0500	0.0610
2021	0.0771	0.0765	0.0746	0.0770	0.0766	0.0754	0.0727	0.0731	0.0762	0.0756	0.0687	0.0653	0.0650	0.0699	0.0757	0.0612	0.0564	0.0549	0.0551	0.0603	0.0717	0.0483	0.0430	0.0408	0.0418	0.0437	0.0500	0.0616
2022	0.0768	0.0774	0.0752	0.0770	0.0768	0.0758	0.0725	0.0738	0.0766	0.0761	0.0695	0.0659	0.0653	0.0700	0.0756	0.0621	0.0571	0.0551	0.0556	0.0604	0.0720	0.0489	0.0433	0.0407	0.0422	0.0440	0.0500	0.0622
2023	0.0770	0.0778	0.0756	0.0775	0.0775	0.0761	0.0732	0.0742	0.0770	0.0764	0.0699	0.0660	0.0655	0.0701	0.0759	0.0629	0.0572	0.0554	0.0561	0.0609	0.0725	0.0497	0.0436	0.0410	0.0422	0.0442	0.0505	0.0623
2024	0.0774	0.0781	0.0759	0.0781	0.0783	0.0764	0.0740	0.0746	0.0773	0.0767	0.0702	0.0659	0.0657	0.0703	0.0763	0.0636	0.0571	0.0557	0.0568	0.0615	0.0732	0.0506	0.0440	0.0414	0.0422	0.0444	0.0511	0.0624
2025	0.0778	0.0783	0.0764	0.0784	0.0789	0.0768	0.0743	0.0749	0.0777	0.0769	0.0708	0.0661	0.0658	0.0703	0.0768	0.0637	0.0573	0.0559	0.0571	0.0621	0.0737	0.0508	0.0443	0.0416	0.0420	0.0446	0.0512	0.0628
2026	0.0782	0.0785	0.0770	0.0785	0.0794	0.0772	0.0742	0.0752	0.0780	0.0771	0.0715	0.0664	0.0659	0.0701	0.0774	0.0635	0.0576	0.0559	0.0573	0.0626	0.0742	0.0506	0.0445	0.0416	0.0417	0.0449	0.0512	0.0634
2027	0.0788	0.0786	0.0775	0.0788	0.0799	0.0777	0.0745	0.0754	0.0784	0.0770	0.0719	0.0669	0.0662	0.0705	0.0779	0.0634	0.0579	0.0562	0.0577	0.0629	0.0742	0.0503	0.0450	0.0417	0.0415	0.0453	0.0513	0.0641
2028	0.0795	0.0787	0.0780	0.0793	0.0803	0.0783	0.0750	0.0755	0.0788	0.0767	0.0721	0.0676	0.0665	0.0716	0.0782	0.0636	0.0582	0.0566	0.0584	0.0631	0.0738	0.0500	0.0458	0.0420	0.0415	0.0459	0.0516	0.0647
2029	0.0802	0.0789	0.0782	0.0796	0.0808	0.0790	0.0754	0.0757	0.0790	0.0766	0.0723	0.0682	0.0670	0.0723	0.0783	0.0638	0.0584	0.0570	0.0590	0.0633	0.0737	0.0500	0.0465	0.0423	0.0417	0.0463	0.0522	0.0651
2030	0.0810	0.0791	0.0782	0.0796	0.0813	0.0797	0.0755	0.0761	0.0792	0.0770	0.0724	0.0687	0.0679	0.0725	0.0784	0.0639	0.0585	0.0573	0.0597	0.0635	0.0742	0.0506	0.0470	0.0424	0.0422	0.0463	0.0531	0.0648
2031	0.0818	0.0797	0.0783	0.0795	0.0819	0.0802	0.0757	0.0766	0.0794	0.0774	0.0726	0.0692	0.0688	0.0729	0.0785	0.0642	0.0587	0.0576	0.0603	0.0636	0.0747	0.0512	0.0472	0.0425	0.0426	0.0464	0.0537	0.0645
2032	0.0823	0.0812	0.0786	0.0794	0.0824	0.0802	0.0763	0.0775	0.0802	0.0777	0.0729	0.0694	0.0696	0.0736	0.0785	0.0650	0.0590	0.0578	0.0603	0.0637	0.0751	0.0521	0.0462	0.0425	0.0426	0.0464	0.0537	0.0641
2033	0.0827	0.0828	0.0790	0.0794	0.0829	0.0802	0.0768	0.0783	0.0811	0.0781	0.0731	0.0696	0.0705	0.0743	0.0786	0.0658	0.0594	0.0580	0.0603	0.0637	0.0754	0.0530	0.0453	0.0425	0.0425	0.0464	0.0537	0.0636
2034	0.0832	0.0828	0.0793	0.0800	0.0830	0.0806	0.0768	0.0789	0.0817	0.0788	0.0733	0.0698	0.0709	0.0749	0.0792	0.0657	0.0598	0.0583	0.0603	0.0639	0.0758	0.0533	0.0453	0.0426	0.0431	0.0468	0.0534	0.0634
2035	0.0837	0.0828	0.0797	0.0807	0.0832	0.0811	0.0768	0.0795	0.0823	0.0794	0.0734	0.0701	0.0714	0.0754	0.0799	0.0656	0.0601	0.0585	0.0603	0.0640	0.0761	0.0537	0.0452	0.0428	0.0437	0.0473	0.0531	0.0632
2036	0.0837	0.0828	0.0802	0.0815	0.0831	0.0814	0.0771	0.0794	0.0826	0.0800	0.0736	0.0706	0.0714	0.0757	0.0803	0.0654	0.0605	0.0589	0.0605	0.0650	0.0764	0.0538	0.0457	0.0430	0.0443	0.0474	0.0534	0.0635
2037	0.0836	0.0829	0.0807	0.0824	0.0831	0.0817	0.0774	0.0792	0.0830	0.0805	0.0737	0.0711	0.0714	0.0759	0.0805	0.0652	0.0609	0.0592	0.0607	0.0660	0.0766	0.0539	0.0462	0.0431	0.0449	0.0474	0.0537	0.0638
2038	0.0838	0.0830	0.0811	0.0829	0.0833	0.0819	0.0777	0.0795	0.0835	0.0806	0.0738	0.0712	0.0712	0.0759	0.0808	0.0651	0.0609	0.0595	0.0606	0.0663	0.0768	0.0542	0.0465	0.0436	0.0450	0.0476	0.0545	0.0644
2039	0.0840	0.0831	0.0814	0.0834	0.0836	0.0821	0.0779	0.0799	0.0842	0.0807	0.0739	0.0712	0.0709	0.0759	0.0810	0.0651	0.0607	0.0596	0.0603	0.0665	0.0770	0.0546	0.0466	0.0441	0.0450	0.0478	0.0553	0.0650
2040	0.0843	0.0834	0.0815	0.0836	0.0841	0.0825	0.0781	0.0801	0.0844	0.0809	0.0742	0.0711	0.0711	0.0756	0.0813	0.0655	0.0608	0.0597	0.0606	0.0665	0.0770	0.0548	0.0465	0.0446	0.0449	0.0479	0.0557	0.0657
2041	0.0846	0.0838	0.0814	0.0837	0.0849	0.0831	0.0782	0.0803	0.0843	0.0811	0.0747	0.0709	0.0715	0.0750	0.0817	0.0662	0.0612	0.0599	0.0611	0.0665	0.0768	0.0550	0.0462	0.0450	0.0446	0.0479	0.0557	0.0665
2042	0.0853	0.0841	0.0816	0.0838	0.0855	0.0835	0.0785	0.0804	0.0842	0.0814	0.0751	0.0710	0.0716	0.0748	0.0820	0.0668	0.0615	0.0601	0.0616	0.0667	0.0770	0.0551	0.0459	0.0449	0.0444	0.0477	0.0556	0.0674
2043	0.0863	0.0844	0.0823	0.0840	0.0860	0.0836	0.0788	0.0804	0.0841	0.0819	0.0754	0.0715	0.0714	0.0750	0.0825	0.0674	0.0617	0.0607	0.0620	0.0670	0.0775	0.0550	0.0456	0.0442	0.0446	0.0474	0.0555	0.0683
2044	0.0870	0.0846	0.0828	0.0844	0.0863	0.0835	0.0792	0.0806	0.0843	0.0823	0.0756	0.0720	0.0715	0.0753	0.0831	0.0679	0.0618	0.0611	0.0624	0.0673	0.0779	0.0550	0.0457	0.0439	0.0449	0.0472	0.0555	0.0688
2045	0.0869	0.0849	0.0833	0.0850	0.0861	0.0834	0.0798	0.0814	0.0848	0.0826	0.0760	0.0728	0.0719	0.0755	0.0837	0.0682	0.0622	0.0611	0.0629	0.0674	0.0778	0.0549	0.0467	0.0445	0.0453	0.0472	0.0561	0.0684
2046	0.0868	0.0854	0.0838	0.0856	0.0860	0.0833	0.0806	0.0820	0.0855	0.0829	0.0765	0.0735	0.0722	0.0757	0.0842	0.0685	0.0625	0.0610	0.0633	0.0676	0.0779	0.0548	0.0475	0.0451	0.0457	0.0474	0.0566	0.0679
2047	0.0866	0.0862	0.0839	0.0861	0.0861	0.0835	0.0814	0.0821	0.0865	0.0835	0.0774	0.0741	0.0727	0.0761	0.0843	0.0686	0.0624	0.0609	0.0635	0.0676	0.0783	0.0552	0.0481	0.0453	0.0457	0.0482	0.0565	0.0673
2048	0.0865	0.0871	0.0841	0.0867	0.0863	0.0838	0.0821	0.0821	0.0875	0.0841	0.0784	0.0747	0.0732	0.0766	0.0844	0.0686	0.0622	0.0609	0.0638	0.0675	0.0787	0.0555	0.0487	0.0455	0.0457	0.0490	0.0563	0.0667
2049	0.0873	0.0876	0.0845	0.0875	0.0868	0.0845	0.0824	0.0825	0.0873	0.0846	0.0792	0.0748	0.0733	0.0773	0.0849	0.0694	0.0623	0.0613	0.0639	0.0678	0.0791	0.0559	0.0489	0.0454	0.0462	0.0496	0.0563	0.0674
2050	0.0882	0.0880	0.0850	0.0881	0.0874	0.0851	0.0828	0.0830	0.0870	0.0851	0.0801	0.0750	0.0734	0.0780	0.0854	0.0702	0.0623	0.0617	0.0640	0.0681	0.0794	0.0563	0.0491	0.0452	0.0467	0.0502	0.0562	0.0681
2051	0.0884	0.0881	0.0853	0.0882	0.0876	0.0856	0.0830	0.0838	0.0873	0.0854	0.0800	0.0751	0.0740	0.0784	0.0862	0.0700	0.0631	0.0623	0.0642	0.0685	0.0797	0.0569	0.0492	0.0460	0.0469	0.0501	0.0563	0.0687
2052	0.0885	0.0884	0.0857	0.0882	0.0879	0.0861	0.0834	0.0848	0.0877	0.0856	0.0798	0.0753	0.0747	0.0788	0.0871	0.0696	0.0640	0.0630	0.0645	0.0689	0.0800	0.0574	0.0493	0.0468	0.0469	0.0499	0.0564	0.0692
2053	0.0885	0.0889	0.0858	0.0884	0.0885	0.0866	0.0836	0.0851	0.0880	0.0859	0.0794	0.0754	0.0753	0.0793	0.0872	0.0695	0.0645	0.0633	0.0645	0.0697	0.0804	0.0579	0.0496	0.0474	0.0474	0.0501	0.0565	0.0694
2054	0.0883	0.0895	0.0860	0.0887	0.0891	0.0871	0.0836	0.0853	0.0881	0.0861	0.0788	0.0755	0.0757	0.0798	0.0871	0.0696	0.0649	0.0634	0.0645	0.0705	0.0809	0.0584	0.0501	0.0479	0.0480	0.0505	0.0567	0.0694
2055	0.0887	0.0900	0.0862	0.0888	0.0898	0.0874	0.0838	0.0852	0.0883	0.0867	0.0789	0.0755	0.0766	0.0802	0.0871	0.0700	0.0648	0.0639	0.0644	0.0711	0.0814	0.0583	0.0501	0.0479	0.0485	0.0508	0.0569	0.0694
2056	0.0894	0.0904	0.0863	0.0889	0.0905	0.0875	0.0839	0.0849	0.0886	0.0876	0.0794	0.0755	0.0779	0.0807	0.0871	0.0708	0.0645	0.0646	0.0642	0.0716	0.0817	0.0578	0.0496	0.0474	0.0488	0.0510	0.0571	0.0694
2057	0.0899	0.0908	0.0865	0.0888	0.0909	0.0877	0.0841	0.0849	0.0888	0.0880	0.0799	0.0758	0.0788	0.0812	0.0874	0.0717	0.0647	0.0652	0.0643	0.0719	0.0817	0.0577	0.0493	0.0473	0.0490	0.0511	0.0573	0.0696
2058	0.0903	0.0912	0.0867	0.0887	0.0912	0.0878	0.0843	0.0852	0.0891	0.0879	0.0804	0.0764	0.0790	0.0817	0.0881	0.0728	0.0657	0.0654	0.0647	0.0721	0.0814	0.0578	0.0490	0.0477	0.0488	0.0510	0.0575	0.0697
2059	0.0906	0.0914	0.0872	0.0890	0.0915	0.0882	0.0845	0.0856	0.0892	0.0881	0.0807	0.0770	0.0790	0.0822	0.0888	0.0736	0.0664	0.0655	0.0651	0.0724	0.0812	0.0580	0.0490	0.0479	0.0488	0.0510	0.0576	0.0700
2060	0.0906	0.0915	0.0881	0.0898	0.0917	0.0891	0.0847	0.0861	0.0894	0.0889	0.0805	0.0770	0.0788	0.0825	0.0893	0.0737	0.0665	0.0657	0.0655	0.0725	0.0814	0.0585	0.0500	0.0482	0.0491	0.0513	0.0577	0.0704
2061	0.0908	0.0916	0.0889	0.0906	0.0919	0.0899	0.0850	0.0866	0.0896	0.0895	0.0804	0.0771	0.0787	0.0826	0.0898	0.0739	0.0666	0.0657	0.0659	0.0726	0.0816	0.0589	0.0507	0.0485	0.0494	0.0516	0.0579	0.0707
2062	0.0912	0.0918	0.0893	0.0912	0.0925	0.0899	0.0856	0.0869	0.0901	0.0900	0.0807	0.0777	0.0789	0.0823	0.0898	0.0736	0.0668	0.0652	0.0661	0.0729	0.0819	0.0591	0.0513	0.0486	0.0493	0.0516	0.0579	0.0713
2063	0.0917	0.0921	0.0896	0.0916	0.0930	0.0898	0.0862	0.0873	0.0906	0.0904	0.0811	0.0783	0.0792	0.0820	0.0899	0.0733	0.0669	0.0648	0.0664	0.0732	0.0823	0.0592	0.0517	0.0488	0.0492	0.0517	0.0580	0.0719
2064	0.0916	0.0928	0.0900	0.0919	0.0934	0.0900	0.0865	0.0877	0.0907	0.0905	0.0817	0.0782	0.0793	0.0821	0.0898	0.0736	0.0673	0.0650	0.0668	0.0734	0.0829	0.0591	0.0518	0.0491	0.0491	0.0522	0.0585	0.0719
2065	0.0914	0.0936	0.0904	0.0922	0.0938	0.0902	0.0869	0.0881	0.0907	0.0906	0.0824	0.0782	0.0793	0.0823	0.0897	0.0739	0.0677	0.0651	0.0673	0.0736	0.0836	0.0589	0.0519	0.0493	0.0490	0.0527	0.0590	0.0718
2066	0.0920	0.0938	0.0911	0.0928	0.0938	0.0910	0.0870	0.0880	0.0912	0.0908	0.0828	0.0782	0.0790	0.0820	0.0897	0.0742	0.0682	0.0652	0.0675	0.0736	0.0837	0.0588	0.0519	0.0499	0.0496	0.0528	0.0586	0.0717
2067	0.0927	0.0939	0.0919	0.0933	0.0938	0.0919	0.0872	0.0878	0.0917	0.0910	0.0831	0.0782	0.0786	0.0816	0.0897	0.0745	0.0686	0.0653	0.0677	0.0735	0.0835	0.0587	0.0518	0.0506	0.0504	0.0529	0.0583	0.0716
2068	0.0932	0.0941	0.0926	0.0935	0.0940	0.0923	0.0878	0.0880	0.0923	0.0911	0.0835	0.0784	0.0788	0.0818	0.0901	0.0745	0.0689	0.0653	0.0675	0.0732	0.0835	0.0588	0.0522	0.0507	0.0502	0.0531	0.0586	0.0719
2069	0.0938	0.0944	0.0933	0.0936	0.0943	0.0925	0.0884	0.0884	0.0928	0.0911	0.0838	0.0788	0.0793	0.0824	0.0908	0.0743	0.0692	0.0654	0.0672	0.0729	0.0836	0.0591	0.0527	0.0507	0.0499	0.0534	0.0591	0.0722
2070	0.0944	0.0945	0.0930	0.0938	0.0946	0.0929	0.0886	0.0887	0.0932	0.0915	0.0840	0.0790	0.0797	0.0832	0.0913	0.0747	0.0695	0.0658	0.0670	0.0726	0.0838	0.0598	0.0528	0.0506	0.0497	0.0534	0.0595	0.0723
2071	0.0950	0.0947	0.0920	0.0939	0.0948	0.0932	0.0885	0.0888	0.0935	0.0921	0.0841	0.0791	0.0801	0.0838	0.0918	0.0752	0.0699	0.0662	0.0669	0.0726	0.0841	0.0605	0.0527	0.0506	0.0495	0.0533	0.0597	0.0722
2072	0.0955	0.0951	0.0918	0.0939	0.0949	0.0935	0.0885	0.0893	0.0938	0.0926	0.0843	0.0793	0.0806	0.0841	0.0921	0.0754	0.0702	0.0668	0.0669	0.0726	0.0844	0.0610	0.0527	0.0505	0.0496	0.0534	0.0600	0.0723
2073	0.0958	0.0958	0.0924	0.0937	0.0948	0.0936	0.0888	0.0902	0.0942	0.0929	0.0847	0.0795	0.0811	0.0842	0.0922	0.0752	0.0703	0.0674	0.0673	0.0729	0.0846	0.0612	0.0529	0.0504	0.0498	0.0538	0.0604	0.0726
2074	0.0961	0.0963	0.0931	0.0937	0.0949	0.0935	0.0892	0.0909	0.0945	0.0932	0.0852	0.0798	0.0815	0.0843	0.0922	0.0751	0.0705	0.0675	0.0677	0.0734	0.0850	0.0612	0.0531	0.0504	0.0499	0.0540	0.0605	0.0729
2075	0.0963	0.0959	0.0935	0.0940	0.0956	0.0935	0.0897	0.0913	0.0950	0.0933	0.0858	0.0800	0.0817	0.0847	0.0923	0.0752	0.0706	0.0669	0.0683	0.0741	0.0857	0.0611	0.0533	0.0505	0.0498	0.0541	0.0600	0.0734
2076	0.0964	0.0956	0.0938	0.0943	0.0962	0.0937	0.0902	0.0917	0.0954	0.0935	0.0863	0.0802	0.0819	0.0849	0.0925	0.0755	0.0708	0.0667	0.0688	0.0749	0.0863	0.0610	0.0535	0.0507	0.0499	0.0542	0.0595	0.0737
2077	0.0968	0.0956	0.0934	0.0947	0.0968	0.0946	0.0910	0.0920	0.0956	0.0938	0.0867	0.0805	0.0823	0.0847	0.0926	0.0763	0.0705	0.0676	0.0691	0.0759	0.0868	0.0610	0.0539	0.0511	0.0501	0.0542	0.0597	0.0737
2078	0.0971	0.0957	0.0931	0.0951	0.0974	0.0954	0.0917	0.0923	0.0958	0.0941	0.0868	0.0806	0.0828	0.0847	0.0927	0.0771	0.0702	0.0685	0.0694	0.0767	0.0873	0.0610	0.0544	0.0515	0.0504	0.0542	0.0599	0.0736
2079	0.0971	0.0965	0.0935	0.0959	0.0981	0.0958	0.0914	0.0924	0.0961	0.0945	0.0869	0.0808	0.0835	0.0854	0.0931	0.0773	0.0707	0.0687	0.0696	0.0770	0.0871	0.0612	0.0544	0.0517	0.0509	0.0540	0.0602	0.0734
2080	0.0970	0.0974	0.0940	0.0966	0.0987	0.0962	0.0910	0.0925	0.0963	0.0949	0.0870	0.0809	0.0842	0.0862	0.0935	0.0775	0.0713	0.0688	0.0698	0.0772	0.0870	0.0614	0.0543	0.0518	0.0513	0.0537	0.0605	0.0732
2081	0.0973	0.0980	0.0944	0.0968	0.0992	0.0964	0.0911	0.0924	0.0963	0.0952	0.0869	0.0819	0.0843	0.0868	0.0934	0.0772	0.0719	0.0689	0.0704	0.0774	0.0869	0.0619	0.0545	0.0517	0.0516	0.0537	0.0606	0.0732
2082	0.0976	0.0985	0.0947	0.0970	0.0997	0.0965	0.0913	0.0921	0.0961	0.0956	0.0867	0.0829	0.0843	0.0874	0.0933	0.0768	0.0725	0.0690	0.0710	0.0775	0.0867	0.0624	0.0547	0.0517	0.0517	0.0538	0.0606	0.0733
2083	0.0981	0.0986	0.0950	0.0979	0.0996	0.0966	0.0919	0.0923	0.0962	0.0956	0.0870	0.0836	0.0836	0.0877	0.0934	0.0771	0.0729	0.0694	0.0716	0.0779	0.0869	0.0623	0.0553	0.0517	0.0521	0.0541	0.0603	0.0734
2084	0.0987	0.0987	0.0954	0.0988	0.0994	0.0967	0.0928	0.0927	0.0963	0.0955	0.0875	0.0842	0.0827	0.0879	0.0936	0.0776	0.0732	0.0699	0.0723	0.0781	0.0875	0.0621	0.0559	0.0516	0.0526	0.0544	0.0598	0.0734
2085	0.0990	0.0988	0.0959	0.0990	0.0997	0.0967	0.0933	0.0931	0.0968	0.0956	0.0879	0.0844	0.0827	0.0879	0.0944	0.0782	0.0729	0.0703	0.0726	0.0778	0.0876	0.0621	0.0563	0.0517	0.0526	0.0549	0.0599	0.0737
2086	0.0994	0.0991	0.0964	0.0989	0.1002	0.0967	0.0936	0.0936	0.0976	0.0958	0.0883	0.0844	0.0829	0.0879	0.0952	0.0789	0.0724	0.0708	0.0726	0.0775	0.0875	0.0621	0.0568	0.0518	0.0521	0.0552	0.0602	0.0741
2087	0.0999	0.0994	0.0969	0.0989	0.1008	0.0968	0.0940	0.0940	0.0981	0.0965	0.0889	0.0843	0.0832	0.0881	0.0961	0.0795	0.0725	0.0712	0.0728	0.0774	0.0878	0.0623	0.0572	0.0523	0.0518	0.0553	0.0610	0.0746
2088	0.1004	0.0993	0.0973	0.0991	0.1013	0.0970	0.0943	0.0941	0.0982	0.0972	0.0894	0.0843	0.0836	0.0885	0.0969	0.0801	0.0729	0.0715	0.0730	0.0775	0.0881	0.0627	0.0576	0.0528	0.0514	0.0554	0.0622	0.0752
2089	0.1007	0.0996	0.0977	0.0995	0.1014	0.0973	0.0947	0.0947	0.0985	0.0979	0.0901	0.0846	0.0841	0.0888	0.0971	0.0808	0.0731	0.0715	0.0731	0.0776	0.0885	0.0633	0.0577	0.0533	0.0516	0.0555	0.0632	0.0756
2090	0.1008	0.1004	0.0980	0.1001	0.1010	0.0977	0.0953	0.0955	0.0988	0.0985	0.0910	0.0853	0.0849	0.0892	0.0967	0.0813	0.0732	0.0710	0.0729	0.0778	0.0890	0.0639	0.0575	0.0539	0.0524	0.0558	0.0639	0.0756
2091	0.1008	0.1011	0.0982	0.1008	0.1009	0.0982	0.0957	0.0960	0.0992	0.0991	0.0915	0.0860	0.0855	0.0898	0.0965	0.0814	0.0731	0.0707	0.0728	0.0781	0.0894	0.0645	0.0573	0.0544	0.0531	0.0560	0.0644	0.0756
2092	0.1005	0.1017	0.0983	0.1016	0.1013	0.0988	0.0957	0.0959	0.0994	0.0997	0.0916	0.0864	0.0862	0.0900	0.0966	0.0807	0.0733	0.0713	0.0732	0.0785	0.0896	0.0649	0.0572	0.0544	0.0537	0.0566	0.0645	0.0755
2093	0.1001	0.1021	0.0984	0.1023	0.1017	0.0994	0.0957	0.0959	0.0996	0.1004	0.0916	0.0868	0.0869	0.0903	0.0968	0.0802	0.0735	0.0719	0.0738	0.0789	0.0898	0.0653	0.0571	0.0544	0.0543	0.0572	0.0645	0.0754
2094	0.1006	0.1022	0.0984	0.1021	0.1019	0.0994	0.0960	0.0962	0.1004	0.1007	0.0915	0.0870	0.0875	0.0909	0.0974	0.0802	0.0734	0.0725	0.0747	0.0794	0.0902	0.0655	0.0577	0.0541	0.0546	0.0569	0.0646	0.0755
2095	0.1012	0.1022	0.0984	0.1019	0.1022	0.0996	0.0963	0.0966	0.1012	0.1008	0.0914	0.0871	0.0880	0.0913	0.0979	0.0803	0.0734	0.0730	0.0755	0.0800	0.0906	0.0658	0.0582	0.0540	0.0549	0.0565	0.0646	0.0757
2096	0.1021	0.1017	0.0989	0.1018	0.1025	0.1005	0.0963	0.0966	0.1012	0.1006	0.0916	0.0872	0.0883	0.0911	0.0981	0.0809	0.0740	0.0727	0.0755	0.0805	0.0908	0.0662	0.0584	0.0544	0.0553	0.0564	0.0646	0.0761
2097	0.1029	0.1011	0.0995	0.1017	0.1027	0.1014	0.0965	0.0966	0.1011	0.1005	0.0918	0.0872	0.0886	0.0909	0.0982	0.0817	0.0747	0.0724	0.0754	0.0809	0.0911	0.0666	0.0586	0.0549	0.0556	0.0563	0.0646	0.0764
2098	0.1031	0.1014	0.1000	0.1020	0.1030	0.1013	0.0971	0.0974	0.1014	0.1002	0.0917	0.0871	0.0890	0.0908	0.0982	0.0822	0.0750	0.0724	0.0756	0.0804	0.0914	0.0667	0.0586	0.0548	0.0556	0.0566	0.0645	0.0763
2099	0.1031	0.1017	0.1004	0.1023	0.1035	0.1012	0.0976	0.0983	0.1018	0.0999	0.0916	0.0870	0.0896	0.0907	0.0981	0.0826	0.0753	0.0723	0.0758	0.0798	0.0916	0.0667	0.0585	0.0547	0.0556	0.0571	0.0644	0.0762
2100	0.1034	0.1022	0.1008	0.1031	0.1038	0.1014	0.0981	0.0993	0.1018	0.1004	0.0923	0.0870	0.0895	0.0911	0.0983	0.0827	0.0753	0.0726	0.0757	0.0800	0.0916	0.0669	0.0583	0.0545	0.0558	0.0573	0.0647	0.0763
2101	0.1039	0.1025	0.1012	0.1041	0.1040	0.1018	0.0985	0.1000	0.1017	0.1011	0.0934	0.0872	0.0894	0.0914	0.0986	0.0825	0.0752	0.0731	0.0755	0.0802	0.0916	0.0672	0.0583	0.0544	0.0559	0.0576	0.0650	0.0767
2102	0.1042	0.1030	0.1018	0.1046	0.1045	0.1023	0.0986	0.1005	0.1021	0.1021	0.0940	0.0872	0.0893	0.0916	0.0990	0.0827	0.0752	0.0734	0.0754	0.0806	0.0918	0.0672	0.0581	0.0546	0.0563	0.0576	0.0650	0.0772
2103	0.1044	0.1037	0.1023	0.1047	0.1047	0.1028	0.0988	0.1008	0.1028	0.1030	0.0943	0.0871	0.0893	0.0918	0.0995	0.0833	0.0752	0.0736	0.0754	0.0810	0.0923	0.0671	0.0579	0.0550	0.0568	0.0574	0.0649	0.0777
2104	0.1044	0.1044	0.1025	0.1048	0.1048	0.1031	0.0987	0.1008	0.1032	0.1030	0.0943	0.0874	0.0893	0.0921	0.0998	0.0835	0.0754	0.0738	0.0753	0.0814	0.0926	0.0673	0.0577	0.0554	0.0570	0.0573	0.0647	0.0780
2105	0.1044	0.1052	0.1026	0.1051	0.1053	0.1034	0.0985	0.1005	0.1032	0.1022	0.0943	0.0881	0.0892	0.0923	0.0999	0.0830	0.0757	0.0739	0.0752	0.0814	0.0925	0.0675	0.0577	0.0557	0.0571	0.0573	0.0646	0.0781
2106	0.1045	0.1059	0.1026	0.1055	0.1057	0.1037	0.0985	0.1003	0.1035	0.1017	0.0944	0.0887	0.0894	0.0928	0.1000	0.0828	0.0760	0.0741	0.0755	0.0814	0.0925	0.0676	0.0581	0.0560	0.0569	0.0575	0.0647	0.0783
2107	0.1048	0.1066	0.1023	0.1062	0.1059	0.1038	0.0986	0.1004	0.1042	0.1017	0.0948	0.0893	0.0898	0.0934	0.1006	0.0831	0.0764	0.0743	0.0759	0.0817	0.0927	0.0676	0.0588	0.0564	0.0563	0.0578	0.0649	0.0786
2108	0.1054	0.1074	0.1024	0.1069	0.1061	0.1040	0.0990	0.1006	0.1047	0.1020	0.0953	0.0898	0.0903	0.0940	0.1014	0.0835	0.0766	0.0745	0.0763	0.0820	0.0932	0.0677	0.0595	0.0568	0.0559	0.0580	0.0652	0.0789
2109	0.1062	0.1084	0.1036	0.1074	0.1066	0.1045	0.1000	0.1008	0.1052	0.1031	0.0960	0.0899	0.0911	0.0944	0.1019	0.0843	0.0766	0.0749	0.0766	0.0824	0.0938	0.0681	0.0603	0.0567	0.0554	0.0583	0.0657	0.0789
2110	0.1069	0.1090	0.1047	0.1077	0.1071	0.1050	0.1009	0.1009	0.1057	0.1040	0.0965	0.0900	0.0917	0.0948	0.1021	0.0850	0.0768	0.0753	0.0770	0.0828	0.0945	0.0684	0.0609	0.0565	0.0551	0.0587	0.0661	0.0790
2111	0.1072	0.1089	0.1051	0.1075	0.1076	0.1047	0.1018	0.1012	0.1063	0.1037	0.0962	0.0903	0.0922	0.0954	0.1019	0.0853	0.0774	0.0762	0.0771	0.0828	0.0945	0.0681	0.0610	0.0567	0.0558	0.0595	0.0666	0.0792
2112	0.1076	0.1089	0.1055	0.1074	0.1081	0.1045	0.1027	0.1015	0.1067	0.1034	0.0959	0.0906	0.0926	0.0960	0.1018	0.0855	0.0779	0.0770	0.0772	0.0829	0.0944	0.0678	0.0610	0.0569	0.0565	0.0602	0.0671	0.0794
2113	0.1081	0.1089	0.1056	0.1078	0.1086	0.1045	0.1029	0.1021	0.1063	0.1038	0.0959	0.0908	0.0921	0.0961	0.1019	0.0851	0.0784	0.0766	0.0771	0.0830	0.0944	0.0678	0.0611	0.0573	0.0572	0.0603	0.0673	0.0794
2114	0.1086	0.1090	0.1057	0.1084	0.1091	0.1047	0.1029	0.1028	0.1059	0.1043	0.0961	0.0910	0.0914	0.0961	0.1020	0.0847	0.0788	0.0761	0.0771	0.0832	0.0943	0.0678	0.0612	0.0576	0.0578	0.0602	0.0674	0.0794
2115	0.1091	0.1089	0.1059	0.1090	0.1092	0.1054	0.1023	0.1033	0.1054	0.1053	0.0964	0.0911	0.0917	0.0964	0.1027	0.0851	0.0788	0.0766	0.0776	0.0840	0.0944	0.0680	0.0611	0.0579	0.0576	0.0599	0.0675	0.0799
2116	0.1094	0.1088	0.1060	0.1098	0.1093	0.1062	0.1017	0.1039	0.1050	0.1062	0.0965	0.0912	0.0924	0.0968	0.1034	0.0856	0.0787	0.0772	0.0783	0.0848	0.0946	0.0684	0.0608	0.0583	0.0571	0.0597	0.0675	0.0807
2117	0.1095	0.1090	0.1064	0.1097	0.1090	0.1069	0.1020	0.1038	0.1057	0.1061	0.0969	0.0917	0.0926	0.0973	0.1033	0.0858	0.0789	0.0772	0.0791	0.0852	0.0950	0.0688	0.0608	0.0590	0.0568	0.0598	0.0678	0.0814
2118	0.1095	0.1092	0.1068	0.1093	0.1087	0.1075	0.1026	0.1037	0.1065	0.1060	0.0974	0.0921	0.0927	0.0977	0.1030	0.0860	0.0791	0.0772	0.0797	0.0856	0.0952	0.0691	0.0609	0.0599	0.0569	0.0599	0.0681	0.0821
2119	0.1097	0.1096	0.1068	0.1088	0.1087	0.1080	0.1030	0.1038	0.1069	0.1057	0.0979	0.0927	0.0930	0.0978	0.1030	0.0858	0.0790	0.0774	0.0801	0.0858	0.0953	0.0692	0.0613	0.0601	0.0570	0.0599	0.0682	0.0817
2120	0.1101	0.1099	0.1070	0.1084	0.1088	0.1084	0.1033	0.1038	0.1072	0.1055	0.0984	0.0937	0.0930	0.0979	0.1031	0.0857	0.0789	0.0778	0.0802	0.0858	0.0951	0.0692	0.0617	0.0599	0.0572	0.0598	0.0682	0.0810
2121	0.1102	0.1104	0.1075	0.1080	0.1088	0.1086	0.1038	0.1040	0.1072	0.1057	0.0988	0.0938	0.0936	0.0981	0.1032	0.0859	0.0789	0.0781	0.0804	0.0859	0.0951	0.0696	0.0618	0.0595	0.0575	0.0598	0.0682	0.0808
2122	0.1101	0.1108	0.1084	0.1079	0.1089	0.1090	0.1045	0.1041	0.1070	0.1060	0.0991	0.0935	0.0943	0.0980	0.1036	0.0863	0.0790	0.0782	0.0806	0.0858	0.0955	0.0701	0.0619	0.0589	0.0577	0.0598	0.0683	0.0810
2123	0.1105	0.1109	0.1090	0.1082	0.1092	0.1089	0.1046	0.1043	0.1070	0.1063	0.0992	0.0935	0.0943	0.0982	0.1040	0.0865	0.0795	0.0783	0.0805	0.0860	0.0962	0.0703	0.0617	0.0586	0.0577	0.0598	0.0683	0.0813
2124	0.1113	0.1109	0.1090	0.1086	0.1095	0.1082	0.1047	0.1044	0.1072	0.1065	0.0990	0.0938	0.0939	0.0988	0.1040	0.0865	0.0801	0.0784	0.0801	0.0861	0.0972	0.0706	0.0614	0.0582	0.0579	0.0599	0.0680	0.0818
2125	0.1121	0.1107	0.1092	0.1089	0.1100	0.1080	0.1046	0.1045	0.1075	0.1070	0.0988	0.0943	0.0932	0.0992	0.1040	0.0870	0.0807	0.0787	0.0799	0.0862	0.0980	0.0709	0.0611	0.0580	0.0580	0.0598	0.0677	0.0823
2126	0.1126	0.1105	0.1090	0.1088	0.1107	0.1079	0.1047	0.1048	0.1083	0.1076	0.0987	0.0944	0.0922	0.0990	0.1042	0.0877	0.0808	0.0787	0.0799	0.0862	0.0985	0.0715	0.0611	0.0582	0.0579	0.0595	0.0678	0.0824
2127	0.1128	0.1105	0.1090	0.1089	0.1112	0.1077	0.1049	0.1049	0.1087	0.1079	0.0987	0.0945	0.0915	0.0987	0.1044	0.0885	0.0807	0.0788	0.0802	0.0863	0.0990	0.0721	0.0612	0.0585	0.0577	0.0592	0.0680	0.0827
2128	0.1120	0.1107	0.1094	0.1102	0.1118	0.1074	0.1049	0.1056	0.1086	0.1080	0.0993	0.0948	0.0918	0.0989	0.1047	0.0890	0.0810	0.0788	0.0811	0.0864	0.0987	0.0726	0.0617	0.0587	0.0576	0.0596	0.0684	0.0831
2129	0.1113	0.1112	0.1097	0.1113	0.1123	0.1071	0.1049	0.1062	0.1086	0.1080	0.1000	0.0951	0.0922	0.0991	0.1052	0.0894	0.0812	0.0790	0.0819	0.0866	0.0983	0.0731	0.0621	0.0588	0.0577	0.0600	0.0687	0.0833
2130	0.1116	0.1119	0.1104	0.1117	0.1125	0.1079	0.1049	0.1063	0.1088	0.1085	0.1003	0.0952	0.0930	0.0990	0.1056	0.0889	0.0812	0.0793	0.0819	0.0869	0.0981	0.0738	0.0620	0.0593	0.0577	0.0604	0.0686	0.0836
2131	0.1120	0.1125	0.1112	0.1120	0.1127	0.1088	0.1050	0.1064	0.1090	0.1091	0.1007	0.0954	0.0938	0.0989	0.1061	0.0884	0.0811	0.0795	0.0817	0.0870	0.0980	0.0742	0.0620	0.0598	0.0577	0.0607	0.0685	0.0839
2132	0.1121	0.1122	0.1114	0.1117	0.1130	0.1095	0.1056	0.1065	0.1096	0.1094	0.1010	0.0959	0.0948	0.0998	0.1064	0.0882	0.0817	0.0796	0.0809	0.0871	0.0982	0.0734	0.0619	0.0595	0.0582	0.0604	0.0688	0.0841
2133	0.1121	0.1120	0.1115	0.1115	0.1131	0.1101	0.1062	0.1066	0.1102	0.1095	0.1012	0.0963	0.0958	0.1007	0.1067	0.0883	0.0823	0.0798	0.0802	0.0872	0.0983	0.0725	0.0618	0.0591	0.0586	0.0600	0.0691	0.0843
2134	0.1121	0.1119	0.1108	0.1118	0.1132	0.1105	0.1060	0.1070	0.1109	0.1092	0.1012	0.0960	0.0961	0.1010	0.1070	0.0885	0.0825	0.0798	0.0804	0.0869	0.0977	0.0720	0.0619	0.0596	0.0593	0.0602	0.0695	0.0839
2135	0.1122	0.1116	0.1100	0.1121	0.1133	0.1109	0.1055	0.1075	0.1115	0.1090	0.1012	0.0955	0.0961	0.1012	0.1072	0.0886	0.0823	0.0797	0.0808	0.0865	0.0970	0.0714	0.0621	0.0602	0.0602	0.0607	0.0699	0.0834
2136	0.1126	0.1114	0.1096	0.1122	0.1134	0.1109	0.1057	0.1076	0.1119	0.1091	0.1013	0.0952	0.0960	0.1010	0.1070	0.0886	0.0820	0.0796	0.0813	0.0867	0.0971	0.0710	0.0626	0.0601	0.0600	0.0609	0.0702	0.0832
2137	0.1129	0.1116	0.1093	0.1124	0.1134	0.1108	0.1059	0.1078	0.1125	0.1094	0.1013	0.0952	0.0959	0.1008	0.1067	0.0887	0.0818	0.0794	0.0817	0.0871	0.0973	0.0707	0.0632	0.0601	0.0597	0.0610	0.0706	0.0829
2138	0.1131	0.1117	0.1096	0.1126	0.1129	0.1108	0.1060	0.1083	0.1129	0.1100	0.1012	0.0950	0.0959	0.1007	0.1065	0.0887	0.0818	0.0792	0.0823	0.0875	0.0975	0.0707	0.0634	0.0601	0.0596	0.0608	0.0709	0.0831
2139	0.1133	0.1119	0.1100	0.1127	0.1126	0.1109	0.1060	0.1088	0.1134	0.1104	0.1016	0.0951	0.0958	0.1010	0.1063	0.0885	0.0820	0.0789	0.0832	0.0879	0.0975	0.0710	0.0637	0.0599	0.0595	0.0607	0.0709	0.0833
2140	0.1131	0.1123	0.1104	0.1126	0.1125	0.1113	0.1063	0.1089	0.1132	0.1110	0.1020	0.0960	0.0959	0.1013	0.1065	0.0884	0.0821	0.0793	0.0837	0.0883	0.0978	0.0717	0.0641	0.0601	0.0596	0.0611	0.0708	0.0831
2141	0.1128	0.1126	0.1109	0.1121	0.1124	0.1117	0.1067	0.1091	0.1128	0.1116	0.1024	0.0971	0.0963	0.1016	0.1068	0.0885	0.0825	0.0802	0.0836	0.0889	0.0982	0.0724	0.0641	0.0606	0.0597	0.0616	0.0709	0.0826
2142	0.1130	0.1130	0.1113	0.1119	0.1127	0.1120	0.1071	0.1087	0.1128	0.1118	0.1026	0.0974	0.0964	0.1017	0.1072	0.0887	0.0828	0.0809	0.0834	0.0894	0.0987	0.0727	0.0638	0.0613	0.0596	0.0624	0.0711	0.0829
2143	0.1137	0.1138	0.1114	0.1125	0.1135	0.1125	0.1073	0.1076	0.1128	0.1116	0.1024	0.0971	0.0958	0.1011	0.1076	0.0890	0.0831	0.0812	0.0835	0.0896	0.0992	0.0729	0.0634	0.0618	0.0595	0.0633	0.0716	0.0838
2144	0.1143	0.1145	0.1115	0.1129	0.1144	0.1129	0.1075	0.1068	0.1127	0.1113	0.1018	0.0968	0.0956	0.1009	0.1080	0.0894	0.0831	0.0817	0.0835	0.0895	0.0994	0.0730	0.0631	0.0622	0.0597	0.0638	0.0718	0.0845
2145	0.1145	0.1142	0.1117	0.1128	0.1152	0.1131	0.1080	0.1067	0.1124	0.1107	0.1012	0.0968	0.0960	0.1012	0.1081	0.0898	0.0829	0.0819	0.0831	0.0893	0.0992	0.0731	0.0625	0.0622	0.0597	0.0639	0.0712	0.0849
2146	0.1149	0.1138	0.1119	0.1129	0.1159	0.1134	0.1083	0.1067	0.1121	0.1102	0.1008	0.0969	0.0963	0.1013	0.1081	0.0902	0.0827	0.0818	0.0827	0.0890	0.0989	0.0731	0.0622	0.0620	0.0598	0.0637	0.0708	0.0851
2147	0.1147	0.1126	0.1121	0.1140	0.1158	0.1142	0.1080	0.1067	0.1118	0.1110	0.1013	0.0971	0.0973	0.1012	0.1081	0.0911	0.0829	0.0812	0.0826	0.0884	0.0987	0.0729	0.0624	0.0615	0.0603	0.0628	0.0709	0.0848
2148	0.1147	0.1114	0.1123	0.1151	0.1155	0.1147	0.1074	0.1065	0.1117	0.1121	0.1018	0.0973	0.0980	0.1013	0.1083	0.0920	0.0833	0.0806	0.0824	0.0880	0.0987	0.0724	0.0624	0.0611	0.0606	0.0618	0.0709	0.0844
2149	0.1148	0.1120	0.1123	0.1155	0.1156	0.1137	0.1069	0.1068	0.1116	0.1127	0.1017	0.0973	0.0981	0.1016	0.1087	0.0918	0.0836	0.0801	0.0824	0.0882	0.0993	0.0717	0.0626	0.0615	0.0610	0.0619	0.0708	0.0843
2150	0.1147	0.1127	0.1121	0.1157	0.1156	0.1126	0.1065	0.1071	0.1115	0.1130	0.1016	0.0971	0.0983	0.1017	0.1091	0.0916	0.0837	0.0797	0.0826	0.0885	0.1000	0.0711	0.0628	0.0619	0.0611	0.0622	0.0708	0.0842
2151	0.1146	0.1132	0.1116	0.1156	0.1152	0.1115	0.1067	0.1071	0.1113	0.1121	0.1017	0.0969	0.0978	0.1018	0.1092	0.0915	0.0837	0.0799	0.0825	0.0891	0.1001	0.0711	0.0631	0.0621	0.0604	0.0623	0.0705	0.0846
2152	0.1146	0.1135	0.1112	0.1155	0.1147	0.1105	0.1069	0.1071	0.1111	0.1110	0.1020	0.0967	0.0971	0.1019	0.1090	0.0914	0.0836	0.0801	0.0822	0.0896	0.0999	0.0711	0.0633	0.0623	0.0595	0.0625	0.0702	0.0849
2153	0.1147	0.1134	0.1117	0.1152	0.1147	0.1110	0.1075	0.1080	0.1113	0.1102	0.1021	0.0970	0.0976	0.1019	0.1084	0.0914	0.0837	0.0808	0.0823	0.0896	0.0996	0.0714	0.0633	0.0615	0.0589	0.0626	0.0702	0.0844
2154	0.1148	0.1134	0.1125	0.1148	0.1147	0.1119	0.1079	0.1090	0.1114	0.1094	0.1021	0.0973	0.0982	0.1019	0.1079	0.0913	0.0839	0.0816	0.0824	0.0895	0.0992	0.0715	0.0633	0.0604	0.0585	0.0629	0.0701	0.0839
2155	0.1145	0.1134	0.1131	0.1144	0.1149	0.1122	0.1083	0.1089	0.1114	0.1090	0.1023	0.0974	0.0986	0.1021	0.1077	0.0912	0.0838	0.0820	0.0826	0.0895	0.0987	0.0722	0.0630	0.0596	0.0586	0.0628	0.0697	0.0838
2156	0.1139	0.1133	0.1136	0.1141	0.1150	0.1122	0.1083	0.1087	0.1116	0.1090	0.1026	0.0974	0.0986	0.1021	0.1076	0.0911	0.0836	0.0822	0.0830	0.0896	0.0983	0.0730	0.0628	0.0590	0.0589	0.0628	0.0691	0.0839
2157	0.1139	0.1140	0.1135	0.1138	0.1150	0.1121	0.1079	0.1085	0.1117	0.1093	0.1024	0.0975	0.0983	0.1019	0.1076	0.0907	0.0833	0.0824	0.0827	0.0894	0.0980	0.0730	0.0630	0.0588	0.0599	0.0628	0.0692	0.0838
2158	0.1143	0.1146	0.1132	0.1134	0.1151	0.1120	0.1074	0.1082	0.1114	0.1094	0.1021	0.0975	0.0983	0.1014	0.1076	0.0900	0.0829	0.0828	0.0820	0.0892	0.0977	0.0735	0.0636	0.0587	0.0609	0.0626	0.0692	0.0834
2159	0.1146	0.1146	0.1131	0.1131	0.1152	0.1119	0.1071	0.1084	0.1112	0.1093	0.1019	0.0974	0.0983	0.1010	0.1074	0.0894	0.0827	0.0826	0.0816	0.0893	0.0976	0.0734	0.0640	0.0591	0.0613	0.0629	0.0692	0.0835
2160	0.1148	0.1146	0.1130	0.1130	0.1153	0.1116	0.1071	0.1087	0.1112	0.1095	0.1019	0.0973	0.0986	0.1010	0.1069	0.0893	0.0827	0.0819	0.0814	0.0899	0.0980	0.0729	0.0639	0.0598	0.0615	0.0634	0.0689	0.0839
2161	0.1150	0.1142	0.1129	0.1135	0.1152	0.1114	0.1070	0.1086	0.1112	0.1097	0.1020	0.0974	0.0986	0.1011	0.1070	0.0893	0.0826	0.0813	0.0815	0.0904	0.0985	0.0728	0.0636	0.0604	0.0615	0.0629	0.0688	0.0842
2162	0.1148	0.1137	0.1125	0.1142	0.1151	0.1112	0.1071	0.1085	0.1112	0.1097	0.1024	0.0975	0.0984	0.1014	0.1076	0.0895	0.0824	0.0807	0.0816	0.0903	0.0987	0.0728	0.0630	0.0605	0.0609	0.0618	0.0690	0.0843
2163	0.1151	0.1134	0.1120	0.1147	0.1150	0.1115	0.1070	0.1085	0.1112	0.1097	0.1025	0.0973	0.0982	0.1015	0.1079	0.0899	0.0825	0.0803	0.0817	0.0901	0.0986	0.0729	0.0627	0.0604	0.0602	0.0609	0.0689	0.0842
2164	0.1154	0.1132	0.1117	0.1148	0.1147	0.1118	0.1065	0.1083	0.1109	0.1098	0.1021	0.0969	0.0976	0.1017	0.1082	0.0905	0.0828	0.0802	0.0814	0.0898	0.0985	0.0732	0.0626	0.0603	0.0597	0.0606	0.0686	0.0837
2165	0.1152	0.1131	0.1114	0.1146	0.1144	0.1117	0.1062	0.1083	0.1108	0.1098	0.1021	0.0967	0.0972	0.1016	0.1084	0.0909	0.0828	0.0798	0.0811	0.0896	0.0983	0.0734	0.0623	0.0600	0.0592	0.0605	0.0686	0.0834
2166	0.1150	0.1132	0.1114	0.1141	0.1145	0.1114	0.1069	0.1090	0.1112	0.1100	0.1025	0.0966	0.0971	0.1009	0.1088	0.0907	0.0824	0.0792	0.0815	0.0894	0.0982	0.0728	0.0622	0.0593	0.0583	0.0611	0.0686	0.0833
2167	0.1148	0.1133	0.1116	0.1135	0.1147	0.1112	0.1074	0.1095	0.1116	0.1100	0.1030	0.0967	0.0971	0.1003	0.1094	0.0905	0.0821	0.0789	0.0818	0.0892	0.0980	0.0721	0.0624	0.0590	0.0578	0.0618	0.0686	0.0832
2168	0.1148	0.1137	0.1120	0.1131	0.1144	0.1115	0.1073	0.1088	0.1118	0.1095	0.1029	0.0972	0.0979	0.0999	0.1093	0.0907	0.0828	0.0796	0.0820	0.0890	0.0973	0.0721	0.0630	0.0594	0.0581	0.0627	0.0686	0.0832
2169	0.1149	0.1138	0.1122	0.1130	0.1142	0.1117	0.1073	0.1083	0.1119	0.1090	0.1026	0.0976	0.0984	0.0996	0.1090	0.0910	0.0836	0.0800	0.0822	0.0888	0.0969	0.0722	0.0634	0.0597	0.0583	0.0636	0.0688	0.0832
2170	0.1146	0.1133	0.1120	0.1131	0.1140	0.1121	0.1068	0.1080	0.1115	0.1089	0.1020	0.0976	0.0981	0.1000	0.1085	0.0908	0.0844	0.0801	0.0822	0.0884	0.0972	0.0727	0.0635	0.0597	0.0587	0.0642	0.0696	0.0833
2171	0.1143	0.1129	0.1118	0.1131	0.1138	0.1127	0.1062	0.1078	0.1111	0.1089	0.1013	0.0976	0.0978	0.1005	0.1081	0.0903	0.0851	0.0803	0.0822	0.0880	0.0976	0.0731	0.0637	0.0599	0.0591	0.0645	0.0702	0.0831
2172	0.1138	0.1128	0.1118	0.1134	0.1139	0.1132	0.1060	0.1079	0.1109	0.1089	0.1008	0.0976	0.0973	0.1012	0.1087	0.0895	0.0853	0.0807	0.0819	0.0879	0.0979	0.0726	0.0641	0.0601	0.0599	0.0645	0.0703	0.0828
2173	0.1134	0.1128	0.1120	0.1138	0.1140	0.1135	0.1058	0.1081	0.1109	0.1088	0.1002	0.0974	0.0970	0.1019	0.1091	0.0888	0.0854	0.0810	0.0815	0.0878	0.0983	0.0720	0.0645	0.0602	0.0608	0.0645	0.0704	0.0827
2174	0.1135	0.1131	0.1122	0.1137	0.1147	0.1132	0.1057	0.1083	0.1109	0.1084	0.0997	0.0972	0.0974	0.1019	0.1085	0.0888	0.0851	0.0808	0.0808	0.0876	0.0987	0.0717	0.0644	0.0607	0.0607	0.0641	0.0705	0.0831
2175	0.1137	0.1136	0.1121	0.1135	0.1155	0.1128	0.1055	0.1086	0.1108	0.1080	0.0995	0.0970	0.0977	0.1019	0.1082	0.0891	0.0844	0.0806	0.0803	0.0874	0.0991	0.0713	0.0642	0.0610	0.0601	0.0636	0.0706	0.0836
2176	0.1134	0.1140	0.1118	0.1133	0.1157	0.1123	0.1060	0.1092	0.1113	0.1079	0.1001	0.0969	0.0974	0.1018	0.1089	0.0894	0.0839	0.0803	0.0808	0.0879	0.0993	0.0719	0.0646	0.0613	0.0603	0.0631	0.0710	0.0833
2177	0.1129	0.1144	0.1117	0.1132	0.1158	0.1120	0.1068	0.1100	0.1121	0.1078	0.1006	0.0966	0.0970	0.1016	0.1095	0.0895	0.0838	0.0801	0.0814	0.0888	0.0995	0.0728	0.0650	0.0618	0.0608	0.0623	0.0714	0.0828
2178	0.1122	0.1141	0.1117	0.1127	0.1155	0.1118	0.1068	0.1101	0.1122	0.1078	0.1004	0.0963	0.0966	0.1009	0.1097	0.0902	0.0837	0.0801	0.0826	0.0889	0.0998	0.0731	0.0652	0.0613	0.0611	0.0617	0.0711	0.0823
2179	0.1119	0.1138	0.1117	0.1124	0.1150	0.1116	0.1064	0.1097	0.1121	0.1079	0.1005	0.0962	0.0962	0.1001	0.1099	0.0912	0.0835	0.0801	0.0839	0.0888	0.1001	0.0734	0.0657	0.0608	0.0612	0.0613	0.0707	0.0820
2180	0.1126	0.1132	0.1118	0.1126	0.1145	0.1120	0.1058	0.1088	0.1123	0.1078	0.1010	0.0964	0.0958	0.0997	0.1093	0.0916	0.0832	0.0801	0.0843	0.0882	0.1000	0.0734	0.0655	0.0602	0.0613	0.0614	0.0706	0.0814
2181	0.1137	0.1123	0.1121	0.1127	0.1139	0.1122	0.1054	0.1079	0.1126	0.1080	0.1015	0.0964	0.0955	0.0994	0.1084	0.0920	0.0826	0.0800	0.0844	0.0873	0.0998	0.0731	0.0651	0.0595	0.0612	0.0619	0.0704	0.0813
2182	0.1142	0.1120	0.1122	0.1128	0.1133	0.1118	0.1048	0.1073	0.1125	0.1081	0.1018	0.0971	0.0950	0.0995	0.1080	0.0922	0.0820	0.0796	0.0843	0.0867	0.0995	0.0724	0.0643	0.0596	0.0604	0.0625	0.0704	0.0819
2183	0.1147	0.1119	0.1119	0.1128	0.1125	0.1116	0.1046	0.1068	0.1120	0.1077	0.1017	0.0982	0.0948	0.1001	0.1080	0.0922	0.0816	0.0791	0.0839	0.0864	0.0992	0.0716	0.0633	0.0598	0.0599	0.0630	0.0704	0.0829
2184	0.1150	0.1121	0.1116	0.1126	0.1125	0.1112	0.1050	0.1069	0.1119	0.1076	0.1013	0.0988	0.0951	0.1004	0.1074	0.0921	0.0817	0.0789	0.0836	0.0861	0.0992	0.0710	0.0625	0.0601	0.0596	0.0630	0.0702	0.0835
2185	0.1146	0.1129	0.1116	0.1120	0.1134	0.1108	0.1056	0.1077	0.1121	0.1078	0.1011	0.0990	0.0956	0.1004	0.1064	0.0922	0.0821	0.0791	0.0830	0.0859	0.0994	0.0710	0.0620	0.0604	0.0589	0.0628	0.0703	0.0834
2186	0.1141	0.1139	0.1115	0.1117	0.1138	0.1106	0.1063	0.1083	0.1119	0.1081	0.1007	0.0984	0.0957	0.1004	0.1059	0.0926	0.0824	0.0793	0.0825	0.0859	0.0999	0.0714	0.0619	0.0610	0.0583	0.0623	0.0706	0.0833
2187	0.1134	0.1143	0.1115	0.1121	0.1136	0.1105	0.1070	0.1085	0.1114	0.1088	0.1006	0.0971	0.0955	0.0998	0.1063	0.0924	0.0832	0.0796	0.0822	0.0866	0.1001	0.0716	0.0622	0.0617	0.0583	0.0611	0.0707	0.0830
2188	0.1124	0.1145	0.1114	0.1123	0.1135	0.1106	0.1073	0.1084	0.1111	0.1091	0.1009	0.0964	0.0954	0.0992	0.1065	0.0920	0.0840	0.0797	0.0821	0.0872	0.1000	0.0720	0.0625	0.0622	0.0582	0.0603	0.0705	0.0826
2189	0.1114	0.1150	0.1106	0.1121	0.1133	0.1100	0.1068	0.1077	0.1108	0.1092	0.1014	0.0959	0.0948	0.0987	0.1065	0.0910	0.0842	0.0795	0.0818	0.0878	0.0994	0.0724	0.0626	0.0619	0.0580	0.0602	0.0703	0.0828
2190	0.1106	0.1152	0.1097	0.1119	0.1132	0.1093	0.1062	0.1073	0.1106	0.1092	0.1020	0.0953	0.0944	0.0982	0.1068	0.0901	0.0844	0.0794	0.0816	0.0881	0.0987	0.0725	0.0627	0.0614	0.0578	0.0603	0.0697	0.0829
2191	0.1108	0.1140	0.1096	0.1113	0.1134	0.1089	0.1055	0.1072	0.1105	0.1089	0.1024	0.0952	0.0947	0.0981	0.1072	0.0893	0.0846	0.0793	0.0812	0.0873	0.0979	0.0721	0.0627	0.0608	0.0576	0.0602	0.0685	0.0827
2192	0.1109	0.1128	0.1096	0.1107	0.1134	0.1085	0.1048	0.1071	0.1104	0.1086	0.1023	0.0950	0.0949	0.0981	0.1074	0.0885	0.0848	0.0788	0.0808	0.0866	0.0973	0.0716	0.0628	0.0604	0.0575	0.0601	0.0677	0.0822
2193	0.1118	0.1118	0.1098	0.1104	0.1130	0.1088	0.1044	0.1066	0.1105	0.1087	0.1012	0.0947	0.0947	0.0985	0.1075	0.0880	0.0852	0.0780	0.0804	0.0860	0.0978	0.0717	0.0639	0.0601	0.0585	0.0602	0.0675	0.0814
2194	0.1126	0.1108	0.1100	0.1102	0.1126	0.1092	0.1040	0.1061	0.1106	0.1089	0.1001	0.0946	0.0948	0.0990	0.1077	0.0876	0.0855	0.0774	0.0801	0.0853	0.0982	0.0721	0.0649	0.0601	0.0598	0.0604	0.0673	0.0808
2195	0.1123	0.1106	0.1101	0.1103	0.1125	0.1101	0.1037	0.1058	0.1099	0.1092	0.0999	0.0946	0.0949	0.0997	0.1077	0.0872	0.0848	0.0774	0.0809	0.0852	0.0977	0.0723	0.0651	0.0603	0.0605	0.0608	0.0668	0.0809
2196	0.1121	0.1107	0.1102	0.1105	0.1124	0.1109	0.1034	0.1054	0.1088	0.1096	0.0996	0.0945	0.0948	0.1005	0.1078	0.0867	0.0839	0.0774	0.0821	0.0852	0.0971	0.0723	0.0652	0.0602	0.0609	0.0612	0.0665	0.0810
2197	0.1124	0.1109	0.1105	0.1102	0.1119	0.1108	0.1030	0.1048	0.1082	0.1091	0.0993	0.0949	0.0943	0.1005	0.1077	0.0860	0.0829	0.0775	0.0824	0.0850	0.0970	0.0714	0.0642	0.0600	0.0606	0.0618	0.0668	0.0807
2198	0.1125	0.1108	0.1108	0.1097	0.1114	0.1105	0.1028	0.1043	0.1078	0.1083	0.0991	0.0954	0.0939	0.1002	0.1074	0.0855	0.0820	0.0777	0.0824	0.0848	0.0970	0.0704	0.0631	0.0598	0.0600	0.0623	0.0675	0.0805
2199	0.1129	0.1114	0.1099	0.1096	0.1118	0.1105	0.1036	0.1044	0.1082	0.1076	0.0995	0.0949	0.0937	0.1001	0.1072	0.0861	0.0818	0.0771	0.0817	0.0848	0.0977	0.0699	0.0633	0.0591	0.0595	0.0622	0.0678	0.0807
2200	0.1135	0.1122	0.1089	0.1096	0.1124	0.1105	0.1041	0.1047	0.1090	0.1073	0.0998	0.0945	0.0935	0.0999	0.1073	0.0868	0.0814	0.0765	0.0806	0.0846	0.0984	0.0696	0.0638	0.0583	0.0589	0.0624	0.0679	0.0808
2201	0.1143	0.1127	0.1089	0.1095	0.1126	0.1103	0.1049	0.1047	0.1093	0.1083	0.0999	0.0946	0.0940	0.0994	0.1065	0.0871	0.0811	0.0769	0.0795	0.0841	0.0978	0.0696	0.0639	0.0584	0.0593	0.0629	0.0681	0.0810
2202	0.1150	0.1131	0.1093	0.1091	0.1126	0.1105	0.1057	0.1048	0.1094	0.1094	0.1001	0.0945	0.0946	0.0989	0.1052	0.0876	0.0809	0.0776	0.0786	0.0838	0.0969	0.0696	0.0638	0.0582	0.0600	0.0633	0.0679	0.0812
2203	0.1147	0.1132	0.1093	0.1093	0.1122	0.1110	0.1053	0.1049	0.1094	0.1101	0.1002	0.0944	0.0949	0.0984	0.1048	0.0883	0.0803	0.0772	0.0786	0.0845	0.0967	0.0702	0.0635	0.0581	0.0602	0.0629	0.0674	0.0812
2204	0.1136	0.1131	0.1088	0.1098	0.1119	0.1112	0.1044	0.1047	0.1093	0.1102	0.1002	0.0943	0.0951	0.0978	0.1049	0.0886	0.0801	0.0766	0.0790	0.0850	0.0970	0.0710	0.0631	0.0585	0.0600	0.0624	0.0666	0.0816
2205	0.1125	0.1130	0.1088	0.1099	0.1123	0.1109	0.1038	0.1043	0.1089	0.1094	0.1005	0.0943	0.0951	0.0975	0.1053	0.0892	0.0798	0.0765	0.0792	0.0855	0.0970	0.0710	0.0630	0.0592	0.0596	0.0625	0.0670	0.0820
2206	0.1121	0.1130	0.1094	0.1103	0.1128	0.1107	0.1033	0.1041	0.1080	0.1084	0.1002	0.0945	0.0953	0.0976	0.1052	0.0903	0.0796	0.0770	0.0788	0.0860	0.0968	0.0708	0.0630	0.0598	0.0595	0.0623	0.0682	0.0821
2207	0.1120	0.1130	0.1095	0.1104	0.1127	0.1102	0.1029	0.1040	0.1075	0.1078	0.1002	0.0947	0.0958	0.0980	0.1053	0.0902	0.0803	0.0784	0.0789	0.0863	0.0972	0.0711	0.0632	0.0606	0.0597	0.0619	0.0690	0.0819
2208	0.1122	0.1126	0.1096	0.1101	0.1121	0.1095	0.1027	0.1040	0.1078	0.1076	0.1007	0.0944	0.0961	0.0985	0.1061	0.0890	0.0813	0.0801	0.0799	0.0866	0.0975	0.0719	0.0635	0.0608	0.0594	0.0618	0.0696	0.0812
2209	0.1123	0.1125	0.1095	0.1100	0.1117	0.1093	0.1028	0.1046	0.1081	0.1078	0.1011	0.0945	0.0962	0.0984	0.1070	0.0883	0.0818	0.0817	0.0805	0.0869	0.0977	0.0727	0.0636	0.0607	0.0588	0.0615	0.0701	0.0801
2210	0.1125	0.1128	0.1093	0.1099	0.1119	0.1095	0.1033	0.1046	0.1085	0.1088	0.1015	0.0949	0.0962	0.0980	0.1080	0.0889	0.0811	0.0826	0.0807	0.0876	0.0983	0.0733	0.0633	0.0612	0.0580	0.0616	0.0702	0.0795
2211	0.1129	0.1130	0.1096	0.1104	0.1122	0.1098	0.1038	0.1045	0.1083	0.1097	0.1017	0.0951	0.0957	0.0979	0.1082	0.0895	0.0806	0.0827	0.0807	0.0881	0.0983	0.0734	0.0631	0.0616	0.0576	0.0617	0.0698	0.0792
2212	0.1131	0.1129	0.1108	0.1115	0.1116	0.1103	0.1042	0.1045	0.1078	0.1102	0.1020	0.0961	0.0952	0.0982	0.1077	0.0898	0.0806	0.0817	0.0804	0.0885	0.0986	0.0727	0.0632	0.0612	0.0580	0.0612	0.0694	0.0793
2213	0.1126	0.1127	0.1120	0.1124	0.1109	0.1103	0.1047	0.1046	0.1078	0.1104	0.1022	0.0968	0.0952	0.0987	0.1071	0.0898	0.0804	0.0808	0.0805	0.0888	0.0992	0.0720	0.0632	0.0608	0.0585	0.0612	0.0692	0.0796
2214	0.1115	0.1120	0.1125	0.1128	0.1118	0.1099	0.1058	0.1053	0.1079	0.1100	0.1016	0.0969	0.0959	0.0988	0.1063	0.0889	0.0807	0.0804	0.0813	0.0886	0.0993	0.0711	0.0629	0.0605	0.0599	0.0617	0.0690	0.0795
2215	0.1109	0.1116	0.1129	0.1127	0.1125	0.1098	0.1067	0.1057	0.1078	0.1098	0.1011	0.0973	0.0965	0.0985	0.1058	0.0885	0.0809	0.0798	0.0817	0.0884	0.0993	0.0706	0.0629	0.0599	0.0612	0.0620	0.0693	0.0796
2216	0.1105	0.1121	0.1130	0.1124	0.1130	0.1100	0.1060	0.1057	0.1069	0.1089	0.1013	0.0972	0.0965	0.0973	0.1052	0.0889	0.0806	0.0794	0.0815	0.0881	0.0989	0.0705	0.0629	0.0590	0.0610	0.0625	0.0699	0.0808
2217	0.1106	0.1122	0.1130	0.1122	0.1135	0.1102	0.1052	0.1062	0.1062	0.1080	0.1018	0.0971	0.0961	0.0963	0.1047	0.0891	0.0805	0.0792	0.0813	0.0879	0.0985	0.0704	0.0631	0.0586	0.0605	0.0629	0.0701	0.0818
2218	0.1120	0.1115	0.1126	0.1121	0.1137	0.1110	0.1045	0.1072	0.1061	0.1081	0.1024	0.0964	0.0951	0.0958	0.1047	0.0890	0.0812	0.0791	0.0806	0.0870	0.0986	0.0708	0.0643	0.0593	0.0602	0.0629	0.0690	0.0819
2219	0.1131	0.1110	0.1123	0.1120	0.1140	0.1120	0.1040	0.1081	0.1061	0.1083	0.1029	0.0955	0.0944	0.0956	0.1049	0.0886	0.0821	0.0792	0.0800	0.0861	0.0988	0.0712	0.0656	0.0600	0.0600	0.0630	0.0676	0.0820
2220	0.1131	0.1111	0.1122	0.1117	0.1137	0.1121	0.1037	0.1085	0.1062	0.1084	0.1023	0.0956	0.0943	0.0970	0.1053	0.0880	0.0826	0.0796	0.0802	0.0858	0.0983	0.0709	0.0655	0.0605	0.0602	0.0623	0.0668	0.0814
2221	0.1133	0.1114	0.1120	0.1116	0.1132	0.1119	0.1034	0.1089	0.1065	0.1085	0.1016	0.0960	0.0943	0.0986	0.1057	0.0874	0.0829	0.0801	0.0805	0.0855	0.0977	0.0706	0.0651	0.0609	0.0601	0.0613	0.0664	0.0807
2222	0.1136	0.1116	0.1114	0.1129	0.1131	0.1119	0.1045	0.1090	0.1078	0.1087	0.1012	0.0960	0.0945	0.0990	0.1059	0.0874	0.0822	0.0801	0.0805	0.0851	0.0976	0.0703	0.0646	0.0604	0.0592	0.0607	0.0666	0.0805
2223	0.1138	0.1118	0.1110	0.1143	0.1133	0.1121	0.1060	0.1089	0.1093	0.1089	0.1010	0.0959	0.0947	0.0991	0.1063	0.0877	0.0816	0.0798	0.0806	0.0846	0.0977	0.0702	0.0642	0.0597	0.0584	0.0604	0.0670	0.0803
2224	0.1140	0.1120	0.1106	0.1144	0.1144	0.1120	0.1068	0.1082	0.1095	0.1091	0.1011	0.0956	0.0954	0.1000	0.1068	0.0885	0.0816	0.0797	0.0810	0.0847	0.0971	0.0708	0.0637	0.0593	0.0584	0.0609	0.0674	0.0798
2225	0.1141	0.1119	0.1100	0.1142	0.1156	0.1118	0.1074	0.1075	0.1092	0.1093	0.1013	0.0955	0.0964	0.1010	0.1071	0.0894	0.0819	0.0795	0.0813	0.0850	0.0964	0.0717	0.0632	0.0588	0.0584	0.0620	0.0679	0.0795
2226	0.1137	0.1115	0.1094	0.1141	0.1152	0.1114	0.1073	0.1070	0.1093	0.1099	0.1018	0.0956	0.0965	0.1011	0.1067	0.0896	0.0821	0.0793	0.0809	0.0859	0.0961	0.0723	0.0639	0.0586	0.0592	0.0628	0.0680	0.0792
2227	0.1132	0.1117	0.1092	0.1140	0.1144	0.1108	0.1069	0.1067	0.1098	0.1106	0.1023	0.0954	0.0964	0.1010	0.1061	0.0894	0.0822	0.0791	0.0805	0.0870	0.0961	0.0724	0.0646	0.0586	0.0601	0.0633	0.0680	0.0790
2228	0.1125	0.1121	0.1091	0.1137	0.1138	0.1109	0.1064	0.1067	0.1104	0.1102	0.1027	0.0947	0.0963	0.1003	0.1053	0.0897	0.0829	0.0786	0.0803	0.0876	0.0962	0.0717	0.0638	0.0586	0.0609	0.0633	0.0679	0.0794
2229	0.1127	0.1124	0.1090	0.1133	0.1132	0.1117	0.1058	0.1066	0.1113	0.1097	0.1026	0.0941	0.0960	0.0994	0.1044	0.0905	0.0839	0.0782	0.0803	0.0883	0.0965	0.0713	0.0632	0.0586	0.0615	0.0628	0.0677	0.0800
2230	0.1135	0.1130	0.1090	0.1132	0.1125	0.1127	0.1060	0.1064	0.1115	0.1097	0.1022	0.0937	0.0958	0.0992	0.1046	0.0907	0.0836	0.0783	0.0805	0.0879	0.0972	0.0710	0.0628	0.0587	0.0614	0.0625	0.0679	0.0810
2231	0.1139	0.1133	0.1091	0.1135	0.1114	0.1135	0.1069	0.1061	0.1115	0.1100	0.1018	0.0935	0.0960	0.0988	0.1053	0.0904	0.0830	0.0785	0.0810	0.0865	0.0975	0.0707	0.0626	0.0590	0.0609	0.0624	0.0685	0.0819
2232	0.1147	0.1133	0.1094	0.1133	0.1106	0.1139	0.1076	0.1060	0.1111	0.1099	0.1014	0.0932	0.0965	0.0982	0.1062	0.0893	0.0826	0.0790	0.0812	0.0862	0.0976	0.0711	0.0627	0.0595	0.0607	0.0620	0.0689	0.0818
2233	0.1154	0.1131	0.1095	0.1127	0.1103	0.1138	0.1075	0.1063	0.1101	0.1098	0.1009	0.0931	0.0968	0.0981	0.1071	0.0881	0.0821	0.0797	0.0811	0.0868	0.0978	0.0722	0.0628	0.0597	0.0606	0.0619	0.0693	0.0812
2234	0.1156	0.1126	0.1097	0.1120	0.1105	0.1134	0.1070	0.1065	0.1096	0.1100	0.1006	0.0939	0.0968	0.0987	0.1077	0.0880	0.0821	0.0798	0.0811	0.0875	0.0977	0.0726	0.0629	0.0594	0.0606	0.0619	0.0691	0.0808
2235	0.1157	0.1115	0.1097	0.1116	0.1107	0.1130	0.1064	0.1067	0.1095	0.1097	0.1006	0.0953	0.0966	0.0995	0.1084	0.0886	0.0821	0.0795	0.0812	0.0880	0.0973	0.0723	0.0632	0.0594	0.0610	0.0614	0.0683	0.0804
2236	0.1156	0.1106	0.1095	0.1115	0.1109	0.1126	0.1055	0.1071	0.1096	0.1092	0.1005	0.0958	0.0959	0.1000	0.1087	0.0893	0.0821	0.0790	0.0810	0.0882	0.0974	0.0723	0.0638	0.0593	0.0618	0.0613	0.0679	0.0796
2237	0.1152	0.1105	0.1098	0.1118	0.1117	0.1117	0.1048	0.1071	0.1099	0.1084	0.0997	0.0953	0.0952	0.1002	0.1085	0.0895	0.0823	0.0786	0.0804	0.0881	0.0983	0.0722	0.0638	0.0588	0.0626	0.0615	0.0689	0.0789
2238	0.1145	0.1106	0.1102	0.1123	0.1124	0.1109	0.1044	0.1069	0.1105	0.1078	0.0992	0.0953	0.0946	0.1003	0.1082	0.0893	0.0823	0.0790	0.0800	0.0880	0.0989	0.0721	0.0632	0.0585	0.0624	0.0617	0.0696	0.0786
2239	0.1134	0.1106	0.1106	0.1117	0.1126	0.1105	0.1040	0.1068	0.1108	0.1081	0.0990	0.0951	0.0939	0.1002	0.1080	0.0886	0.0829	0.0797	0.0805	0.0872	0.0990	0.0723	0.0626	0.0580	0.0613	0.0620	0.0696	0.0785
2240	0.1122	0.1106	0.1106	0.1114	0.1124	0.1099	0.1041	0.1066	0.1103	0.1086	0.0989	0.0948	0.0938	0.1001	0.1078	0.0883	0.0836	0.0797	0.0809	0.0863	0.0986	0.0723	0.0621	0.0579	0.0603	0.0619	0.0695	0.0782
2241	0.1113	0.1106	0.1102	0.1115	0.1127	0.1096	0.1050	0.1056	0.1102	0.1092	0.0993	0.0945	0.0946	0.0998	0.1075	0.0893	0.0835	0.0791	0.0813	0.0866	0.0978	0.0723	0.0620	0.0591	0.0589	0.0617	0.0692	0.0783
2242	0.1106	0.1108	0.1099	0.1114	0.1133	0.1099	0.1056	0.1049	0.1099	0.1099	0.0998	0.0945	0.0955	0.0996	0.1069	0.0899	0.0831	0.0789	0.0813	0.0866	0.0972	0.0724	0.0619	0.0596	0.0577	0.0620	0.0690	0.0785
2243	0.1106	0.1116	0.1105	0.1113	0.1131	0.1104	0.1056	0.1055	0.1090	0.1102	0.1000	0.0952	0.0962	0.1000	0.1059	0.0898	0.0816	0.0789	0.0805	0.0862	0.0972	0.0722	0.0616	0.0589	0.0576	0.0628	0.0685	0.0785
2244	0.1110	0.1127	0.1110	0.1114	0.1129	0.1107	0.1060	0.1061	0.1083	0.1104	0.1005	0.0960	0.0968	0.1001	0.1049	0.0895	0.0804	0.0782	0.0801	0.0861	0.0974	0.0718	0.0616	0.0582	0.0577	0.0635	0.0680	0.0783
2245	0.1118	0.1135	0.1104	0.1120	0.1132	0.1106	0.1062	0.1066	0.1088	0.1105	0.1012	0.0968	0.0972	0.1001	0.1053	0.0894	0.0815	0.0778	0.0797	0.0866	0.0978	0.0723	0.0615	0.0574	0.0575	0.0634	0.0678	0.0780
2246	0.1125	0.1139	0.1096	0.1126	0.1136	0.1104	0.1061	0.1070	0.1096	0.1106	0.1017	0.0974	0.0973	0.1000	0.1060	0.0897	0.0826	0.0780	0.0793	0.0869	0.0979	0.0725	0.0611	0.0568	0.0575	0.0629	0.0675	0.0780
2247	0.1131	0.1135	0.1097	0.1119	0.1137	0.1104	0.1053	0.1067	0.1110	0.1108	0.1018	0.0966	0.0974	0.0993	0.1061	0.0900	0.0831	0.0786	0.0800	0.0862	0.0978	0.0716	0.0611	0.0571	0.0580	0.0613	0.0671	0.0793
2248	0.1134	0.1128	0.1101	0.1109	0.1135	0.1104	0.1044	0.1063	0.1121	0.1109	0.1016	0.0957	0.0976	0.0985	0.1061	0.0899	0.0837	0.0791	0.0809	0.0855	0.0978	0.0707	0.0612	0.0578	0.0585	0.0599	0.0669	0.0807
2249	0.1131	0.1125	0.1104	0.1101	0.1124	0.1104	0.1046	0.1064	0.1116	0.1097	0.1012	0.0954	0.0971	0.0976	0.1064	0.0895	0.0841	0.0801	0.0810	0.0846	0.0970	0.0693	0.0613	0.0591	0.0588	0.0596	0.0672	0.0811
2250	0.1127	0.1124	0.1103	0.1097	0.1114	0.1106	0.1053	0.1065	0.1108	0.1086	0.1010	0.0951	0.0964	0.0967	0.1068	0.0892	0.0841	0.0813	0.0810	0.0838	0.0959	0.0677	0.0614	0.0602	0.0589	0.0594	0.0676	0.0814
2251	0.1120	0.1124	0.1096	0.1098	0.1104	0.1106	0.1060	0.1064	0.1104	0.1087	0.1004	0.0953	0.0959	0.0963	0.1070	0.0895	0.0839	0.0817	0.0806	0.0836	0.0954	0.0670	0.0614	0.0606	0.0593	0.0592	0.0683	0.0819
2252	0.1112	0.1122	0.1089	0.1100	0.1094	0.1103	0.1066	0.1062	0.1103	0.1090	0.0998	0.0957	0.0955	0.0959	0.1072	0.0900	0.0836	0.0817	0.0801	0.0838	0.0952	0.0668	0.0613	0.0610	0.0596	0.0591	0.0688	0.0824
2253	0.1108	0.1118	0.1086	0.1103	0.1093	0.1097	0.1067	0.1062	0.1108	0.1083	0.1000	0.0954	0.0960	0.0960	0.1065	0.0899	0.0835	0.0806	0.0800	0.0846	0.0951	0.0673	0.0611	0.0606	0.0592	0.0587	0.0680	0.0825
2254	0.1107	0.1110	0.1083	0.1106	0.1094	0.1092	0.1066	0.1062	0.1110	0.1074	0.1000	0.0948	0.0965	0.0965	0.1055	0.0895	0.0837	0.0792	0.0802	0.0852	0.0948	0.0680	0.0613	0.0598	0.0588	0.0581	0.0671	0.0826
2255	0.1114	0.1106	0.1084	0.1096	0.1096	0.1092	0.1062	0.1067	0.1102	0.1069	0.0997	0.0951	0.0951	0.0974	0.1051	0.0893	0.0845	0.0791	0.0800	0.0854	0.0946	0.0692	0.0615	0.0592	0.0589	0.0583	0.0664	0.0822
2256	0.1122	0.1105	0.1086	0.1083	0.1097	0.1095	0.1057	0.1073	0.1094	0.1069	0.0992	0.0955	0.0938	0.0982	0.1046	0.0892	0.0851	0.0797	0.0797	0.0857	0.0947	0.0701	0.0615	0.0590	0.0591	0.0589	0.0660	0.0817
2257	0.1126	0.1106	0.1084	0.1077	0.1100	0.1100	0.1054	0.1069	0.1088	0.1069	0.0987	0.0951	0.0936	0.0979	0.1045	0.0892	0.0852	0.0790	0.0796	0.0857	0.0952	0.0705	0.0614	0.0598	0.0591	0.0597	0.0665	0.0814
2258	0.1128	0.1106	0.1080	0.1075	0.1104	0.1105	0.1055	0.1062	0.1087	0.1064	0.0982	0.0947	0.0935	0.0974	0.1048	0.0891	0.0853	0.0779	0.0794	0.0857	0.0961	0.0706	0.0613	0.0607	0.0590	0.0605	0.0675	0.0814
2259	0.1121	0.1107	0.1083	0.1081	0.1098	0.1101	0.1055	0.1057	0.1091	0.1062	0.0978	0.0944	0.0938	0.0974	0.1052	0.0893	0.0847	0.0775	0.0791	0.0852	0.0964	0.0702	0.0611	0.0607	0.0590	0.0602	0.0680	0.0814
2260	0.1110	0.1112	0.1091	0.1089	0.1096	0.1095	0.1050	0.1050	0.1092	0.1062	0.0976	0.0940	0.0943	0.0976	0.1055	0.0894	0.0840	0.0773	0.0793	0.0843	0.0963	0.0696	0.0612	0.0605	0.0587	0.0598	0.0680	0.0812
2261	0.1102	0.1111	0.1092	0.1096	0.1094	0.1090	0.1045	0.1048	0.1084	0.1066	0.0974	0.0933	0.0941	0.0980	0.1056	0.0891	0.0832	0.0780	0.0799	0.0841	0.0962	0.0694	0.0610	0.0604	0.0585	0.0597	0.0688	0.0814
2262	0.1096	0.1109	0.1090	0.1104	0.1089	0.1088	0.1046	0.1047	0.1075	0.1073	0.0975	0.0924	0.0935	0.0983	0.1059	0.0889	0.0821	0.0792	0.0808	0.0841	0.0956	0.0700	0.0612	0.0605	0.0587	0.0598	0.0693	0.0820
2263	0.1090	0.1114	0.1080	0.1106	0.1093	0.1086	0.1050	0.1044	0.1068	0.1079	0.0973	0.0922	0.0935	0.0980	0.1060	0.0892	0.0810	0.0798	0.0822	0.0842	0.0954	0.0708	0.0616	0.0606	0.0593	0.0599	0.0695	0.0822
2264	0.1087	0.1118	0.1066	0.1107	0.1105	0.1084	0.1052	0.1044	0.1063	0.1085	0.0970	0.0921	0.0939	0.0982	0.1058	0.0894	0.0807	0.0798	0.0836	0.0849	0.0958	0.0715	0.0613	0.0606	0.0592	0.0601	0.0694	0.0823
2265	0.1093	0.1118	0.1062	0.1114	0.1113	0.1088	0.1059	0.1039	0.1063	0.1085	0.0970	0.0923	0.0939	0.0984	0.1058	0.0892	0.0801	0.0800	0.0844	0.0856	0.0959	0.0719	0.0620	0.0601	0.0586	0.0604	0.0688	0.0822
2266	0.1101	0.1113	0.1070	0.1118	0.1111	0.1087	0.1063	0.1034	0.1066	0.1084	0.0978	0.0926	0.0938	0.0983	0.1053	0.0886	0.0794	0.0805	0.0843	0.0854	0.0962	0.0722	0.0631	0.0591	0.0585	0.0605	0.0685	0.0817
2267	0.1106	0.1109	0.1081	0.1118	0.1106	0.1086	0.1061	0.1033	0.1072	0.1091	0.0989	0.0930	0.0940	0.0986	0.1050	0.0878	0.0793	0.0808	0.0836	0.0853	0.0967	0.0730	0.0628	0.0584	0.0586	0.0606	0.0681	0.0817
2268	0.1109	0.1108	0.1090	0.1118	0.1102	0.1086	0.1059	0.1029	0.1081	0.1097	0.0999	0.0938	0.0942	0.0990	0.1055	0.0876	0.0794	0.0806	0.0824	0.0853	0.0968	0.0738	0.0624	0.0583	0.0586	0.0602	0.0676	0.0825
2269	0.1111	0.1108	0.1095	0.1117	0.1099	0.1082	0.1058	0.1028	0.1083	0.1099	0.1000	0.0946	0.0941	0.0989	0.1054	0.0874	0.0793	0.0798	0.0816	0.0851	0.0965	0.0741	0.0622	0.0583	0.0585	0.0597	0.0674	0.0827
2270	0.1112	0.1110	0.1093	0.1116	0.1098	0.1086	0.1055	0.1034	0.1082	0.1097	0.0993	0.0950	0.0939	0.0986	0.1046	0.0865	0.0792	0.0785	0.0817	0.0848	0.0951	0.0734	0.0612	0.0588	0.0583	0.0594	0.0666	0.0823
2271	0.1108	0.1108	0.1088	0.1113	0.1096	0.1089	0.1049	0.1036	0.1079	0.1089	0.0988	0.0951	0.0937	0.0983	0.1039	0.0860	0.0795	0.0776	0.0815	0.0848	0.0940	0.0728	0.0607	0.0593	0.0577	0.0594	0.0661	0.0819
2272	0.1098	0.1098	0.1085	0.1108	0.1092	0.1092	0.1046	0.1031	0.1070	0.1085	0.0987	0.0950	0.0937	0.0976	0.1028	0.0858	0.0807	0.0779	0.0808	0.0845	0.0935	0.0727	0.0610	0.0598	0.0571	0.0596	0.0667	0.0809
2273	0.1090	0.1089	0.1082	0.1103	0.1091	0.1098	0.1044	0.1028	0.1063	0.1085	0.0989	0.0943	0.0938	0.0970	0.1020	0.0853	0.0819	0.0783	0.0802	0.0840	0.0927	0.0725	0.0614	0.0600	0.0566	0.0594	0.0671	0.0802
2274	0.1092	0.1081	0.1081	0.1097	0.1091	0.1094	0.1042	0.1027	0.1065	0.1083	0.0997	0.0924	0.0942	0.0965	0.1022	0.0853	0.0816	0.0789	0.0805	0.0831	0.0930	0.0720	0.0618	0.0599	0.0567	0.0585	0.0676	0.0802
2275	0.1089	0.1079	0.1074	0.1090	0.1093	0.1090	0.1040	0.1029	0.1070	0.1083	0.1001	0.0910	0.0944	0.0958	0.1022	0.0856	0.0812	0.0796	0.0809	0.0824	0.0937	0.0711	0.0621	0.0599	0.0573	0.0581	0.0678	0.0802
2276	0.1087	0.1085	0.1064	0.1083	0.1094	0.1091	0.1040	0.1035	0.1071	0.1080	0.0997	0.0901	0.0938	0.0951	0.1028	0.0861	0.0803	0.0798	0.0815	0.0835	0.0932	0.0695	0.0617	0.0592	0.0578	0.0583	0.0677	0.0800
2277	0.1089	0.1092	0.1058	0.1078	0.1096	0.1090	0.1037	0.1039	0.1075	0.1075	0.0991	0.0898	0.0929	0.0944	0.1030	0.0865	0.0792	0.0798	0.0818	0.0839	0.0929	0.0684	0.0612	0.0586	0.0578	0.0587	0.0678	0.0797
2278	0.1091	0.1103	0.1059	0.1077	0.1101	0.1079	0.1026	0.1040	0.1080	0.1067	0.0984	0.0907	0.0927	0.0941	0.1024	0.0867	0.0791	0.0796	0.0821	0.0835	0.0938	0.0689	0.0609	0.0582	0.0578	0.0603	0.0681	0.0802
2279	0.1091	0.1110	0.1055	0.1076	0.1106	0.1071	0.1019	0.1041	0.1081	0.1063	0.0979	0.0913	0.0926	0.0939	0.1018	0.0867	0.0791	0.0793	0.0825	0.0832	0.0947	0.0694	0.0606	0.0579	0.0577	0.0618	0.0684	0.0809
2280	0.1094	0.1112	0.1051	0.1085	0.1111	0.1065	0.1014	0.1038	0.1076	0.1070	0.0972	0.0914	0.0927	0.0939	0.1014	0.0870	0.0794	0.0782	0.0822	0.0824	0.0947	0.0694	0.0611	0.0583	0.0575	0.0619	0.0684	0.0810
2281	0.1095	0.1112	0.1051	0.1095	0.1117	0.1058	0.1014	0.1038	0.1071	0.1076	0.0966	0.0914	0.0929	0.0940	0.1013	0.0869	0.0800	0.0771	0.0819	0.0818	0.0947	0.0692	0.0618	0.0590	0.0572	0.0621	0.0682	0.0812
2282	0.1092	0.1106	0.1059	0.1096	0.1117	0.1068	0.1022	0.1040	0.1069	0.1073	0.0969	0.0913	0.0921	0.0946	0.1017	0.0849	0.0807	0.0770	0.0816	0.0818	0.0952	0.0693	0.0622	0.0598	0.0572	0.0622	0.0677	0.0812
2283	0.1091	0.1100	0.1067	0.1095	0.1110	0.1079	0.1029	0.1040	0.1066	0.1071	0.0972	0.0913	0.0912	0.0953	0.1019	0.0830	0.0813	0.0771	0.0811	0.0819	0.0957	0.0696	0.0625	0.0604	0.0572	0.0621	0.0670	0.0809
2284	0.1093	0.1101	0.1063	0.1083	0.1094	0.1081	0.1030	0.1034	0.1063	0.1070	0.0970	0.0913	0.0907	0.0952	0.1017	0.0833	0.0814	0.0774	0.0811	0.0828	0.0956	0.0703	0.0625	0.0596	0.0567	0.0621	0.0662	0.0797
2285	0.1090	0.1104	0.1054	0.1068	0.1083	0.1081	0.1028	0.1030	0.1061	0.1068	0.0967	0.0913	0.0904	0.0949	0.1014	0.0841	0.0812	0.0776	0.0813	0.0836	0.0951	0.0707	0.0622	0.0586	0.0563	0.0622	0.0656	0.0786
2286	0.1080	0.1101	0.1050	0.1064	0.1086	0.1080	0.1015	0.1033	0.1059	0.1072	0.0967	0.0920	0.0910	0.0950	0.1019	0.0852	0.0807	0.0771	0.0806	0.0840	0.0947	0.0694	0.0611	0.0585	0.0563	0.0618	0.0652	0.0779
2287	0.1072	0.1097	0.1048	0.1061	0.1089	0.1082	0.1001	0.1037	0.1054	0.1077	0.0967	0.0927	0.0919	0.0954	0.1026	0.0863	0.0804	0.0765	0.0796	0.0844	0.0945	0.0677	0.0602	0.0588	0.0562	0.0615	0.0646	0.0773
2288	0.1067	0.1096	0.1046	0.1056	0.1079	0.1078	0.0995	0.1033	0.1053	0.1077	0.0969	0.0929	0.0925	0.0955	0.1027	0.0866	0.0800	0.0769	0.0791	0.0842	0.0944	0.0672	0.0599	0.0596	0.0566	0.0606	0.0638	0.0780
2289	0.1064	0.1094	0.1047	0.1051	0.1068	0.1069	0.0990	0.1029	0.1053	0.1075	0.0975	0.0930	0.0931	0.0954	0.1026	0.0867	0.0795	0.0776	0.0788	0.0837	0.0942	0.0672	0.0592	0.0603	0.0570	0.0596	0.0633	0.0790
2290	0.1064	0.1086	0.1049	0.1045	0.1067	0.1060	0.0989	0.1026	0.1047	0.1068	0.0978	0.0922	0.0931	0.0951	0.1024	0.0869	0.0790	0.0782	0.0785	0.0831	0.0944	0.0674	0.0584	0.0597	0.0572	0.0598	0.0640	0.0791
2291	0.1064	0.1072	0.1047	0.1041	0.1069	0.1052	0.0988	0.1023	0.1038	0.1062	0.0976	0.0913	0.0929	0.0947	0.1022	0.0870	0.0786	0.0786	0.0784	0.0825	0.0944	0.0677	0.0578	0.0591	0.0573	0.0602	0.0647	0.0788
2292	0.1065	0.1056	0.1048	0.1049	0.1068	0.1052	0.0992	0.1017	0.1025	0.1053	0.0973	0.0912	0.0919	0.0946	0.1025	0.0864	0.0780	0.0782	0.0781	0.0818	0.0943	0.0677	0.0575	0.0583	0.0577	0.0600	0.0652	0.0784
2293	0.1067	0.1042	0.1050	0.1056	0.1066	0.1053	0.0998	0.1008	0.1012	0.1040	0.0969	0.0918	0.0907	0.0946	0.1029	0.0860	0.0776	0.0773	0.0774	0.0813	0.0941	0.0673	0.0568	0.0572	0.0581	0.0593	0.0658	0.0781
2294	0.1067	0.1043	0.1044	0.1054	0.1072	0.1049	0.0995	0.1010	0.1015	0.1034	0.0960	0.0921	0.0908	0.0941	0.1033	0.0859	0.0785	0.0767	0.0764	0.0817	0.0941	0.0668	0.0564	0.0575	0.0582	0.0588	0.0662	0.0779
2295	0.1066	0.1050	0.1040	0.1051	0.1076	0.1046	0.0990	0.1018	0.1022	0.1030	0.0953	0.0921	0.0911	0.0937	0.1039	0.0856	0.0794	0.0762	0.0755	0.0820	0.0941	0.0664	0.0564	0.0580	0.0585	0.0584	0.0664	0.0777
2296	0.1072	0.1054	0.1036	0.1050	0.1074	0.1049	0.0994	0.1018	0.1019	0.1034	0.0949	0.0916	0.0910	0.0941	0.1034	0.0851	0.0793	0.0760	0.0752	0.0817	0.0943	0.0674	0.0572	0.0588	0.0591	0.0583	0.0659	0.0776
2297	0.1079	0.1058	0.1031	0.1049	0.1072	0.1053	0.1002	0.1015	0.1014	0.1038	0.0947	0.0905	0.0909	0.0945	0.1024	0.0848	0.0791	0.0758	0.0752	0.0809	0.0948	0.0686	0.0582	0.0593	0.0594	0.0584	0.0654	0.0773
2298	0.1079	0.1064	0.1037	0.1052	0.1075	0.1050	0.1008	0.1007	0.1013	0.1041	0.0945	0.0897	0.0899	0.0940	0.1018	0.0852	0.0785	0.0755	0.0750	0.0810	0.0946	0.0691	0.0589	0.0587	0.0589	0.0587	0.0647	0.0778
2299	0.1074	0.1064	0.1041	0.1058	0.1080	0.1045	0.1013	0.0995	0.1011	0.1046	0.0943	0.0889	0.0888	0.0934	0.1015	0.0857	0.0775	0.0756	0.0751	0.0817	0.0939	0.0693	0.0595	0.0581	0.0579	0.0595	0.0643	0.0784
2300	0.1070	0.1066	0.1038	0.1057	0.1070	0.1047	0.1008	0.0997	0.1011	0.1049	0.0948	0.0881	0.0883	0.0932	0.1005	0.0857	0.0776	0.0756	0.0752	0.0822	0.0937	0.0691	0.0599	0.0583	0.0567	0.0604	0.0650	0.0780
2301	0.1071	0.1069	0.1035	0.1058	0.1054	0.1050	0.0997	0.1006	0.1013	0.1047	0.0953	0.0877	0.0879	0.0932	0.0992	0.0858	0.0780	0.0755	0.0752	0.0829	0.0940	0.0684	0.0604	0.0589	0.0556	0.0611	0.0657	0.0774
2302	0.1066	0.1070	0.1028	0.1053	0.1044	0.1050	0.0992	0.1011	0.1018	0.1044	0.0957	0.0872	0.0877	0.0936	0.0990	0.0857	0.0779	0.0753	0.0754	0.0828	0.0934	0.0680	0.0603	0.0584	0.0551	0.0603	0.0656	0.0771
2303	0.1066	0.1074	0.1013	0.1039	0.1041	0.1050	0.0990	0.1011	0.1027	0.1042	0.0963	0.0868	0.0876	0.0942	0.0993	0.0851	0.0774	0.0748	0.0759	0.0822	0.0922	0.0681	0.0596	0.0576	0.0551	0.0580	0.0650	0.0768
2304	0.1071	0.1078	0.1011	0.1028	0.1041	0.1048	0.0989	0.1009	0.1026	0.1041	0.0971	0.0871	0.0873	0.0938	0.0994	0.0848	0.0773	0.0744	0.0769	0.0825	0.0914	0.0681	0.0591	0.0575	0.0556	0.0566	0.0646	0.0764
2305	0.1070	0.1085	0.1024	0.1024	0.1046	0.1047	0.0985	0.1007	0.1019	0.1047	0.0981	0.0877	0.0871	0.0932	0.0995	0.0844	0.0774	0.0740	0.0779	0.0827	0.0912	0.0681	0.0587	0.0575	0.0559	0.0561	0.0642	0.0759
2306	0.1070	0.1085	0.1032	0.1025	0.1046	0.1044	0.0983	0.1005	0.1020	0.1048	0.0981	0.0879	0.0868	0.0928	0.0992	0.0833	0.0775	0.0740	0.0783	0.0828	0.0912	0.0674	0.0584	0.0579	0.0552	0.0567	0.0637	0.0756
2307	0.1071	0.1080	0.1035	0.1024	0.1044	0.1040	0.0991	0.1003	0.1027	0.1045	0.0968	0.0873	0.0864	0.0928	0.0980	0.0819	0.0776	0.0742	0.0784	0.0835	0.0909	0.0664	0.0580	0.0586	0.0541	0.0584	0.0639	0.0756
2308	0.1075	0.1072	0.1035	0.1029	0.1049	0.1032	0.0995	0.1002	0.1029	0.1035	0.0957	0.0867	0.0864	0.0925	0.0978	0.0810	0.0772	0.0739	0.0782	0.0835	0.0911	0.0665	0.0577	0.0587	0.0532	0.0604	0.0641	0.0753
2309	0.1081	0.1063	0.1041	0.1042	0.1053	0.1025	0.0997	0.1004	0.1023	0.1025	0.0952	0.0864	0.0863	0.0919	0.0989	0.0805	0.0763	0.0732	0.0776	0.0818	0.0916	0.0672	0.0575	0.0583	0.0526	0.0619	0.0644	0.0748
2310	0.1081	0.1057	0.1049	0.1045	0.1051	0.1022	0.0993	0.1004	0.1022	0.1017	0.0948	0.0862	0.0862	0.0920	0.0991	0.0805	0.0756	0.0726	0.0771	0.0804	0.0919	0.0676	0.0570	0.0581	0.0523	0.0618	0.0643	0.0744
2311	0.1079	0.1048	0.1052	0.1040	0.1044	0.1016	0.0981	0.0997	0.1026	0.1006	0.0950	0.0864	0.0867	0.0925	0.0989	0.0805	0.0754	0.0725	0.0759	0.0799	0.0924	0.0674	0.0563	0.0578	0.0530	0.0600	0.0631	0.0743
2312	0.1079	0.1044	0.1053	0.1035	0.1037	0.1012	0.0977	0.0989	0.1030	0.1003	0.0947	0.0866	0.0871	0.0925	0.0984	0.0808	0.0753	0.0730	0.0755	0.0800	0.0927	0.0668	0.0556	0.0570	0.0536	0.0587	0.0625	0.0741
2313	0.1075	0.1044	0.1047	0.1028	0.1035	0.1017	0.0981	0.0982	0.1035	0.1004	0.0940	0.0866	0.0871	0.0923	0.0974	0.0819	0.0758	0.0743	0.0767	0.0814	0.0926	0.0662	0.0553	0.0553	0.0536	0.0580	0.0634	0.0739
2314	0.1068	0.1044	0.1041	0.1025	0.1038	0.1019	0.0983	0.0972	0.1030	0.1004	0.0935	0.0870	0.0875	0.0926	0.0973	0.0827	0.0764	0.0752	0.0768	0.0819	0.0925	0.0662	0.0557	0.0544	0.0539	0.0574	0.0641	0.0741
2315	0.1066	0.1046	0.1046	0.1020	0.1057	0.1014	0.0976	0.0964	0.1009	0.1005	0.0933	0.0871	0.0893	0.0920	0.0976	0.0823	0.0764	0.0755	0.0758	0.0815	0.0930	0.0673	0.0569	0.0548	0.0548	0.0574	0.0643	0.0745
2316	0.1061	0.1043	0.1048	0.1018	0.1076	0.1012	0.0967	0.0959	0.0994	0.1004	0.0932	0.0871	0.0905	0.0912	0.0978	0.0823	0.0763	0.0758	0.0752	0.0811	0.0930	0.0682	0.0579	0.0550	0.0552	0.0575	0.0638	0.0749
2317	0.1048	0.1031	0.1038	0.1015	0.1086	0.1013	0.0962	0.0961	0.0989	0.1004	0.0929	0.0874	0.0912	0.0909	0.0980	0.0826	0.0762	0.0751	0.0747	0.0799	0.0913	0.0680	0.0587	0.0550	0.0546	0.0573	0.0630	0.0752
2318	0.1037	0.1024	0.1034	0.1008	0.1088	0.1011	0.0962	0.0960	0.0976	0.1002	0.0928	0.0876	0.0916	0.0903	0.0982	0.0825	0.0760	0.0741	0.0744	0.0790	0.0900	0.0673	0.0589	0.0546	0.0540	0.0566	0.0623	0.0755
2319	0.1028	0.1033	0.1038	0.1006	0.1083	0.1005	0.0971	0.0954	0.0964	0.1004	0.0919	0.0865	0.0900	0.0893	0.0986	0.0826	0.0754	0.0724	0.0737	0.0788	0.0895	0.0659	0.0570	0.0534	0.0539	0.0558	0.0615	0.0767
2320	0.1022	0.1040	0.1040	0.1004	0.1077	0.1002	0.0979	0.0950	0.0961	0.1009	0.0909	0.0856	0.0887	0.0886	0.0990	0.0820	0.0748	0.0711	0.0731	0.0787	0.0892	0.0644	0.0554	0.0527	0.0538	0.0550	0.0611	0.0776
2321	0.1026	0.1030	0.1045	0.1000	0.1062	0.1012	0.0980	0.0955	0.0972	0.1004	0.0908	0.0853	0.0887	0.0884	0.0976	0.0796	0.0747	0.0713	0.0729	0.0789	0.0888	0.0631	0.0562	0.0534	0.0535	0.0542	0.0610	0.0776
2322	0.1028	0.1021	0.1045	0.0998	0.1051	0.1023	0.0980	0.0960	0.0984	0.0997	0.0908	0.0850	0.0884	0.0879	0.0965	0.0783	0.0748	0.0716	0.0728	0.0790	0.0883	0.0620	0.0569	0.0541	0.0534	0.0537	0.0610	0.0778
2323	0.1026	0.1016	0.1035	0.1014	0.1050	0.1026	0.0976	0.0962	0.0983	0.0989	0.0916	0.0848	0.0873	0.0879	0.0957	0.0799	0.0745	0.0727	0.0727	0.0782	0.0882	0.0616	0.0566	0.0546	0.0528	0.0541	0.0623	0.0773
2324	0.1020	0.1009	0.1026	0.1027	0.1051	0.1028	0.0969	0.0959	0.0979	0.0983	0.0922	0.0844	0.0867	0.0882	0.0947	0.0813	0.0744	0.0737	0.0722	0.0771	0.0881	0.0617	0.0564	0.0549	0.0524	0.0546	0.0630	0.0765
2325	0.1018	0.1009	0.1019	0.1020	0.1059	0.1019	0.0968	0.0953	0.0978	0.0984	0.0918	0.0845	0.0869	0.0882	0.0949	0.0809	0.0748	0.0738	0.0712	0.0769	0.0873	0.0623	0.0572	0.0545	0.0539	0.0550	0.0622	0.0762
2326	0.1016	0.1011	0.1013	0.1011	0.1066	0.1010	0.0967	0.0947	0.0980	0.0985	0.0914	0.0847	0.0869	0.0882	0.0950	0.0801	0.0748	0.0736	0.0704	0.0770	0.0870	0.0627	0.0582	0.0542	0.0555	0.0554	0.0618	0.0757
2327	0.1012	0.1002	0.0999	0.0998	0.1066	0.0998	0.0958	0.0945	0.0988	0.0999	0.0907	0.0853	0.0870	0.0879	0.0949	0.0789	0.0744	0.0726	0.0707	0.0776	0.0888	0.0621	0.0583	0.0544	0.0557	0.0544	0.0628	0.0747
2328	0.1009	0.0994	0.0986	0.0988	0.1063	0.0986	0.0952	0.0945	0.0994	0.1010	0.0901	0.0860	0.0873	0.0875	0.0947	0.0778	0.0741	0.0718	0.0711	0.0785	0.0905	0.0616	0.0578	0.0544	0.0555	0.0533	0.0637	0.0740
2329	0.1007	0.0992	0.0984	0.0981	0.1055	0.0984	0.0947	0.0947	0.0992	0.1003	0.0903	0.0867	0.0877	0.0873	0.0933	0.0778	0.0740	0.0721	0.0709	0.0796	0.0898	0.0627	0.0565	0.0538	0.0543	0.0537	0.0634	0.0741
2330	0.1006	0.0986	0.0981	0.0976	0.1047	0.0982	0.0940	0.0950	0.0988	0.0997	0.0902	0.0872	0.0880	0.0871	0.0921	0.0777	0.0741	0.0725	0.0706	0.0801	0.0890	0.0639	0.0554	0.0533	0.0530	0.0542	0.0631	0.0743
2331	0.1006	0.0981	0.0982	0.0982	0.1038	0.0970	0.0944	0.0946	0.0980	0.0992	0.0894	0.0877	0.0874	0.0878	0.0923	0.0780	0.0742	0.0724	0.0710	0.0787	0.0888	0.0644	0.0555	0.0522	0.0527	0.0542	0.0635	0.0751
2332	0.1006	0.0977	0.0982	0.0987	0.1027	0.0958	0.0949	0.0941	0.0970	0.0990	0.0887	0.0882	0.0867	0.0886	0.0925	0.0783	0.0742	0.0721	0.0713	0.0775	0.0884	0.0647	0.0561	0.0511	0.0524	0.0543	0.0639	0.0757
2333	0.1001	0.0975	0.0985	0.0983	0.1011	0.0951	0.0944	0.0937	0.0960	0.0997	0.0887	0.0884	0.0859	0.0891	0.0917	0.0785	0.0735	0.0723	0.0713	0.0771	0.0882	0.0648	0.0566	0.0500	0.0528	0.0550	0.0637	0.0749
2334	0.0993	0.0975	0.0989	0.0979	0.0996	0.0946	0.0938	0.0932	0.0947	0.1001	0.0886	0.0885	0.0851	0.0897	0.0909	0.0787	0.0730	0.0728	0.0711	0.0766	0.0882	0.0648	0.0569	0.0491	0.0534	0.0557	0.0633	0.0741
2335	0.0984	0.0981	0.0993	0.0970	0.0992	0.0949	0.0927	0.0929	0.0953	0.0992	0.0880	0.0862	0.0841	0.0900	0.0917	0.0792	0.0736	0.0723	0.0708	0.0764	0.0887	0.0652	0.0571	0.0495	0.0530	0.0564	0.0630	0.0739
2336	0.0976	0.0986	0.0998	0.0962	0.0989	0.0953	0.0917	0.0929	0.0965	0.0980	0.0875	0.0834	0.0833	0.0900	0.0925	0.0797	0.0741	0.0714	0.0706	0.0765	0.0894	0.0658	0.0574	0.0501	0.0523	0.0570	0.0628	0.0737
2337	0.0973	0.0985	0.1001	0.0963	0.0995	0.0962	0.0919	0.0931	0.0977	0.0969	0.0875	0.0819	0.0821	0.0908	0.0927	0.0796	0.0734	0.0707	0.0709	0.0754	0.0885	0.0652	0.0570	0.0509	0.0518	0.0562	0.0630	0.0730
2338	0.0972	0.0985	0.1005	0.0965	0.1003	0.0971	0.0923	0.0930	0.0985	0.0962	0.0876	0.0809	0.0808	0.0914	0.0931	0.0797	0.0727	0.0704	0.0710	0.0740	0.0872	0.0645	0.0564	0.0520	0.0514	0.0554	0.0629	0.0725
2339	0.0971	0.0997	0.0993	0.0974	0.0993	0.0972	0.0931	0.0928	0.0979	0.0959	0.0878	0.0818	0.0812	0.0910	0.0935	0.0801	0.0727	0.0709	0.0712	0.0730	0.0870	0.0644	0.0551	0.0530	0.0522	0.0558	0.0627	0.0728
2340	0.0970	0.1011	0.0977	0.0985	0.0983	0.0973	0.0941	0.0927	0.0971	0.0955	0.0879	0.0829	0.0819	0.0909	0.0938	0.0804	0.0730	0.0715	0.0715	0.0719	0.0871	0.0640	0.0535	0.0538	0.0531	0.0564	0.0624	0.0731
2341	0.0971	0.1011	0.0969	0.0990	0.0985	0.0957	0.0945	0.0926	0.0961	0.0945	0.0883	0.0836	0.0821	0.0890	0.0933	0.0802	0.0736	0.0710	0.0710	0.0714	0.0877	0.0633	0.0525	0.0531	0.0523	0.0567	0.0621	0.0733
2342	0.0973	0.1004	0.0964	0.0994	0.0986	0.0940	0.0949	0.0924	0.0951	0.0933	0.0886	0.0845	0.0823	0.0862	0.0925	0.0798	0.0740	0.0700	0.0701	0.0711	0.0882	0.0627	0.0518	0.0523	0.0511	0.0568	0.0620	0.0734
2343	0.0986	0.0997	0.0948	0.0990	0.0999	0.0941	0.0943	0.0922	0.0940	0.0932	0.0885	0.0854	0.0818	0.0840	0.0920	0.0780	0.0729	0.0700	0.0706	0.0719	0.0868	0.0616	0.0520	0.0530	0.0510	0.0555	0.0622	0.0723
2344	0.0999	0.0992	0.0930	0.0985	0.1014	0.0946	0.0933	0.0923	0.0930	0.0931	0.0885	0.0861	0.0813	0.0823	0.0914	0.0758	0.0713	0.0702	0.0714	0.0729	0.0849	0.0605	0.0526	0.0543	0.0512	0.0542	0.0621	0.0711
2345	0.1007	0.0985	0.0924	0.0991	0.1020	0.0944	0.0926	0.0910	0.0929	0.0938	0.0891	0.0852	0.0807	0.0823	0.0906	0.0757	0.0706	0.0696	0.0714	0.0736	0.0846	0.0621	0.0536	0.0549	0.0513	0.0529	0.0605	0.0697
2346	0.1013	0.0981	0.0917	0.0999	0.1024	0.0942	0.0917	0.0891	0.0926	0.0948	0.0899	0.0836	0.0801	0.0828	0.0896	0.0764	0.0697	0.0691	0.0712	0.0742	0.0848	0.0644	0.0541	0.0558	0.0513	0.0516	0.0588	0.0684
2347	0.1008	0.0975	0.0927	0.1000	0.1026	0.0942	0.0908	0.0884	0.0918	0.0954	0.0892	0.0821	0.0800	0.0830	0.0900	0.0762	0.0694	0.0693	0.0707	0.0753	0.0840	0.0638	0.0544	0.0544	0.0514	0.0515	0.0581	0.0686
2348	0.1003	0.0966	0.0941	0.1003	0.1028	0.0939	0.0902	0.0879	0.0909	0.0962	0.0878	0.0811	0.0797	0.0831	0.0908	0.0758	0.0700	0.0695	0.0701	0.0765	0.0829	0.0624	0.0548	0.0521	0.0516	0.0517	0.0579	0.0692
2349	0.0996	0.0954	0.0947	0.0993	0.1022	0.0941	0.0892	0.0881	0.0911	0.0965	0.0866	0.0810	0.0804	0.0832	0.0917	0.0755	0.0703	0.0692	0.0690	0.0761	0.0822	0.0623	0.0548	0.0505	0.0528	0.0520	0.0576	0.0694
2350	0.0985	0.0938	0.0953	0.0977	0.1011	0.0945	0.0879	0.0888	0.0918	0.0965	0.0856	0.0811	0.0814	0.0834	0.0927	0.0751	0.0702	0.0688	0.0677	0.0752	0.0819	0.0624	0.0544	0.0491	0.0540	0.0522	0.0572	0.0694
2351	0.0975	0.0928	0.0949	0.0966	0.0999	0.0940	0.0868	0.0892	0.0925	0.0957	0.0846	0.0808	0.0827	0.0831	0.0938	0.0757	0.0703	0.0679	0.0671	0.0738	0.0824	0.0613	0.0540	0.0497	0.0532	0.0523	0.0568	0.0699
2352	0.0967	0.0917	0.0942	0.0951	0.0985	0.0935	0.0857	0.0891	0.0934	0.0946	0.0834	0.0802	0.0842	0.0828	0.0944	0.0766	0.0704	0.0671	0.0673	0.0723	0.0828	0.0601	0.0539	0.0511	0.0522	0.0523	0.0560	0.0704
2353	0.0951	0.0922	0.0938	0.0943	0.0983	0.0939	0.0870	0.0897	0.0937	0.0947	0.0839	0.0803	0.0844	0.0838	0.0941	0.0766	0.0703	0.0664	0.0674	0.0721	0.0829	0.0596	0.0532	0.0520	0.0518	0.0517	0.0564	0.0704
2354	0.0934	0.0938	0.0934	0.0939	0.0987	0.0940	0.0891	0.0911	0.0937	0.0952	0.0853	0.0803	0.0837	0.0848	0.0936	0.0764	0.0700	0.0653	0.0676	0.0729	0.0828	0.0597	0.0523	0.0527	0.0516	0.0511	0.0578	0.0702
2355	0.0940	0.0959	0.0930	0.0935	0.0988	0.0952	0.0908	0.0923	0.0934	0.0954	0.0873	0.0806	0.0815	0.0842	0.0917	0.0763	0.0698	0.0664	0.0688	0.0734	0.0831	0.0596	0.0522	0.0517	0.0515	0.0506	0.0585	0.0702
2356	0.0954	0.0982	0.0929	0.0935	0.0992	0.0973	0.0928	0.0932	0.0929	0.0954	0.0893	0.0810	0.0789	0.0829	0.0895	0.0762	0.0699	0.0684	0.0701	0.0736	0.0840	0.0594	0.0519	0.0500	0.0510	0.0500	0.0589	0.0700
2357	0.0964	0.0993	0.0928	0.0930	0.0983	0.0990	0.0933	0.0930	0.0924	0.0956	0.0895	0.0803	0.0787	0.0835	0.0888	0.0767	0.0698	0.0677	0.0701	0.0736	0.0843	0.0602	0.0521	0.0493	0.0515	0.0503	0.0589	0.0700
2358	0.0971	0.1000	0.0923	0.0923	0.0967	0.1001	0.0927	0.0921	0.0918	0.0960	0.0892	0.0795	0.0795	0.0850	0.0889	0.0776	0.0699	0.0658	0.0694	0.0739	0.0844	0.0612	0.0527	0.0486	0.0523	0.0508	0.0587	0.0702
2359	0.0971	0.0998	0.0918	0.0924	0.0961	0.0992	0.0921	0.0907	0.0908	0.0954	0.0886	0.0796	0.0805	0.0850	0.0898	0.0774	0.0696	0.0655	0.0688	0.0740	0.0849	0.0611	0.0535	0.0484	0.0510	0.0507	0.0589	0.0700
2360	0.0966	0.0990	0.0914	0.0932	0.0955	0.0977	0.0912	0.0890	0.0897	0.0941	0.0877	0.0798	0.0816	0.0841	0.0909	0.0765	0.0686	0.0659	0.0681	0.0741	0.0852	0.0606	0.0540	0.0488	0.0487	0.0508	0.0590	0.0696
2361	0.0960	0.0984	0.0916	0.0940	0.0948	0.0973	0.0900	0.0879	0.0896	0.0946	0.0875	0.0797	0.0822	0.0847	0.0906	0.0759	0.0673	0.0668	0.0671	0.0742	0.0844	0.0605	0.0534	0.0488	0.0477	0.0504	0.0595	0.0689
2362	0.0950	0.0982	0.0926	0.0948	0.0942	0.0978	0.0888	0.0875	0.0906	0.0962	0.0874	0.0797	0.0828	0.0865	0.0897	0.0750	0.0664	0.0681	0.0656	0.0738	0.0831	0.0607	0.0527	0.0486	0.0470	0.0501	0.0601	0.0684
2363	0.0946	0.0980	0.0928	0.0954	0.0946	0.0977	0.0893	0.0876	0.0920	0.0969	0.0870	0.0799	0.0830	0.0869	0.0896	0.0747	0.0671	0.0685	0.0643	0.0732	0.0814	0.0610	0.0521	0.0491	0.0474	0.0520	0.0606	0.0679
2364	0.0950	0.0976	0.0920	0.0960	0.0959	0.0969	0.0904	0.0876	0.0930	0.0976	0.0868	0.0802	0.0828	0.0860	0.0897	0.0746	0.0686	0.0685	0.0635	0.0728	0.0794	0.0614	0.0513	0.0501	0.0487	0.0546	0.0612	0.0671
2365	0.0953	0.0965	0.0907	0.0960	0.0959	0.0967	0.0901	0.0875	0.0926	0.0980	0.0864	0.0814	0.0824	0.0856	0.0892	0.0746	0.0691	0.0694	0.0638	0.0723	0.0777	0.0619	0.0519	0.0509	0.0496	0.0554	0.0616	0.0670
2366	0.0953	0.0951	0.0892	0.0954	0.0946	0.0966	0.0893	0.0877	0.0913	0.0976	0.0860	0.0827	0.0822	0.0853	0.0883	0.0753	0.0687	0.0705	0.0646	0.0713	0.0761	0.0632	0.0536	0.0518	0.0500	0.0550	0.0617	0.0674
2367	0.0952	0.0939	0.0887	0.0945	0.0929	0.0962	0.0878	0.0879	0.0900	0.0966	0.0856	0.0828	0.0822	0.0849	0.0872	0.0751	0.0685	0.0702	0.0656	0.0703	0.0760	0.0639	0.0542	0.0523	0.0496	0.0549	0.0610	0.0681
2368	0.0946	0.0926	0.0891	0.0943	0.0912	0.0960	0.0863	0.0884	0.0888	0.0953	0.0853	0.0816	0.0820	0.0846	0.0862	0.0743	0.0681	0.0690	0.0666	0.0699	0.0767	0.0639	0.0542	0.0524	0.0493	0.0548	0.0594	0.0693
2369	0.0937	0.0917	0.0897	0.0936	0.0906	0.0950	0.0855	0.0882	0.0887	0.0943	0.0845	0.0805	0.0813	0.0846	0.0864	0.0742	0.0685	0.0682	0.0669	0.0695	0.0782	0.0632	0.0543	0.0521	0.0478	0.0542	0.0575	0.0701
2370	0.0929	0.0914	0.0907	0.0917	0.0911	0.0934	0.0850	0.0875	0.0891	0.0935	0.0834	0.0798	0.0800	0.0851	0.0879	0.0750	0.0699	0.0682	0.0665	0.0695	0.0806	0.0622	0.0541	0.0512	0.0453	0.0533	0.0551	0.0706
2371	0.0927	0.0905	0.0916	0.0913	0.0920	0.0924	0.0847	0.0875	0.0882	0.0925	0.0823	0.0799	0.0791	0.0854	0.0894	0.0754	0.0699	0.0677	0.0667	0.0693	0.0814	0.0614	0.0539	0.0501	0.0437	0.0522	0.0531	0.0717
2372	0.0933	0.0889	0.0927	0.0922	0.0933	0.0918	0.0852	0.0883	0.0867	0.0912	0.0812	0.0812	0.0787	0.0859	0.0907	0.0759	0.0687	0.0668	0.0678	0.0685	0.0810	0.0609	0.0536	0.0483	0.0428	0.0515	0.0518	0.0728
2373	0.0939	0.0885	0.0940	0.0929	0.0940	0.0914	0.0854	0.0885	0.0857	0.0897	0.0814	0.0813	0.0780	0.0856	0.0916	0.0761	0.0677	0.0667	0.0674	0.0689	0.0806	0.0608	0.0533	0.0475	0.0435	0.0513	0.0513	0.0727
2374	0.0948	0.0887	0.0951	0.0939	0.0938	0.0909	0.0848	0.0876	0.0849	0.0875	0.0826	0.0803	0.0770	0.0844	0.0920	0.0763	0.0672	0.0665	0.0655	0.0707	0.0806	0.0608	0.0530	0.0474	0.0454	0.0514	0.0517	0.0719
2375	0.0941	0.0895	0.0953	0.0941	0.0937	0.0901	0.0834	0.0876	0.0849	0.0859	0.0828	0.0800	0.0768	0.0829	0.0919	0.0770	0.0666	0.0663	0.0644	0.0711	0.0804	0.0599	0.0527	0.0476	0.0461	0.0508	0.0537	0.0709
2376	0.0914	0.0913	0.0947	0.0940	0.0936	0.0890	0.0810	0.0885	0.0855	0.0856	0.0819	0.0802	0.0774	0.0811	0.0915	0.0778	0.0662	0.0663	0.0636	0.0701	0.0794	0.0580	0.0527	0.0479	0.0456	0.0495	0.0569	0.0700
2377	0.0897	0.0930	0.0936	0.0929	0.0930	0.0885	0.0803	0.0894	0.0864	0.0865	0.0816	0.0797	0.0779	0.0796	0.0913	0.0774	0.0661	0.0661	0.0634	0.0695	0.0788	0.0570	0.0519	0.0477	0.0460	0.0490	0.0592	0.0698
2378	0.0888	0.0943	0.0919	0.0910	0.0915	0.0889	0.0813	0.0902	0.0878	0.0886	0.0823	0.0785	0.0778	0.0788	0.0911	0.0755	0.0662	0.0660	0.0638	0.0698	0.0786	0.0564	0.0506	0.0473	0.0470	0.0492	0.0605	0.0700
2379	0.0883	0.0953	0.0906	0.0900	0.0904	0.0897	0.0814	0.0902	0.0877	0.0898	0.0826	0.0768	0.0773	0.0776	0.0897	0.0737	0.0669	0.0661	0.0642	0.0705	0.0788	0.0563	0.0500	0.0464	0.0478	0.0496	0.0606	0.0695
2380	0.0885	0.0961	0.0899	0.0893	0.0897	0.0911	0.0806	0.0892	0.0867	0.0901	0.0821	0.0750	0.0766	0.0766	0.0875	0.0711	0.0675	0.0662	0.0650	0.0714	0.0798	0.0573	0.0505	0.0443	0.0485	0.0500	0.0593	0.0679
2381	0.0885	0.0954	0.0903	0.0878	0.0889	0.0918	0.0808	0.0881	0.0850	0.0901	0.0822	0.0741	0.0762	0.0769	0.0865	0.0694	0.0669	0.0662	0.0663	0.0712	0.0807	0.0579	0.0512	0.0438	0.0491	0.0498	0.0574	0.0671
2382	0.0891	0.0926	0.0917	0.0860	0.0880	0.0921	0.0826	0.0869	0.0823	0.0894	0.0827	0.0742	0.0758	0.0783	0.0874	0.0696	0.0651	0.0660	0.0676	0.0696	0.0817	0.0584	0.0514	0.0456	0.0495	0.0488	0.0550	0.0671
2383	0.0895	0.0904	0.0917	0.0845	0.0882	0.0923	0.0840	0.0853	0.0810	0.0893	0.0829	0.0750	0.0751	0.0792	0.0878	0.0701	0.0648	0.0651	0.0684	0.0688	0.0816	0.0591	0.0505	0.0463	0.0497	0.0480	0.0542	0.0672
2384	0.0895	0.0889	0.0901	0.0832	0.0898	0.0917	0.0846	0.0834	0.0817	0.0895	0.0827	0.0759	0.0743	0.0795	0.0874	0.0711	0.0664	0.0628	0.0691	0.0692	0.0802	0.0598	0.0490	0.0459	0.0504	0.0474	0.0554	0.0679
2385	0.0894	0.0885	0.0890	0.0833	0.0910	0.0913	0.0844	0.0816	0.0822	0.0893	0.0822	0.0762	0.0747	0.0788	0.0875	0.0728	0.0671	0.0618	0.0691	0.0697	0.0796	0.0597	0.0485	0.0458	0.0507	0.0473	0.0561	0.0680
2386	0.0895	0.0896	0.0884	0.0850	0.0915	0.0912	0.0833	0.0803	0.0827	0.0890	0.0816	0.0766	0.0765	0.0769	0.0874	0.0755	0.0666	0.0626	0.0678	0.0702	0.0797	0.0583	0.0492	0.0460	0.0502	0.0480	0.0555	0.0669
2387	0.0888	0.0906	0.0875	0.0863	0.0911	0.0909	0.0823	0.0795	0.0832	0.0897	0.0806	0.0764	0.0774	0.0758	0.0870	0.0769	0.0657	0.0638	0.0668	0.0707	0.0795	0.0565	0.0499	0.0459	0.0492	0.0490	0.0551	0.0664
2388	0.0865	0.0912	0.0862	0.0871	0.0901	0.0904	0.0817	0.0792	0.0829	0.0921	0.0795	0.0756	0.0776	0.0758	0.0867	0.0763	0.0643	0.0657	0.0664	0.0712	0.0789	0.0544	0.0507	0.0455	0.0469	0.0501	0.0548	0.0671
2389	0.0859	0.0916	0.0846	0.0870	0.0895	0.0902	0.0817	0.0795	0.0835	0.0936	0.0797	0.0753	0.0782	0.0758	0.0862	0.0759	0.0634	0.0663	0.0648	0.0705	0.0780	0.0534	0.0509	0.0465	0.0456	0.0510	0.0544	0.0673
2390	0.0880	0.0920	0.0826	0.0855	0.0895	0.0902	0.0820	0.0812	0.0853	0.0938	0.0815	0.0762	0.0788	0.0753	0.0855	0.0762	0.0630	0.0650	0.0615	0.0682	0.0764	0.0542	0.0503	0.0491	0.0461	0.0519	0.0544	0.0670
2391	0.0897	0.0923	0.0812	0.0846	0.0889	0.0903	0.0819	0.0822	0.0864	0.0921	0.0822	0.0768	0.0791	0.0748	0.0846	0.0749	0.0626	0.0633	0.0592	0.0661	0.0756	0.0552	0.0499	0.0499	0.0460	0.0514	0.0545	0.0669
2392	0.0906	0.0927	0.0806	0.0849	0.0870	0.0912	0.0808	0.0823	0.0865	0.0880	0.0812	0.0762	0.0792	0.0748	0.0832	0.0716	0.0626	0.0617	0.0585	0.0647	0.0760	0.0568	0.0499	0.0482	0.0455	0.0487	0.0544	0.0669
2393	0.0906	0.0925	0.0808	0.0848	0.0849	0.0913	0.0805	0.0824	0.0860	0.0851	0.0809	0.0753	0.0789	0.0755	0.0825	0.0697	0.0631	0.0609	0.0588	0.0639	0.0759	0.0577	0.0491	0.0466	0.0452	0.0469	0.0549	0.0673
2394	0.0895	0.0915	0.0823	0.0843	0.0826	0.0899	0.0820	0.0822	0.0844	0.0838	0.0813	0.0738	0.0775	0.0778	0.0827	0.0698	0.0636	0.0612	0.0607	0.0633	0.0753	0.0573	0.0475	0.0451	0.0446	0.0468	0.0566	0.0682
2395	0.0888	0.0905	0.0837	0.0838	0.0822	0.0887	0.0832	0.0820	0.0830	0.0835	0.0820	0.0733	0.0763	0.0790	0.0823	0.0693	0.0641	0.0604	0.0617	0.0630	0.0754	0.0572	0.0464	0.0450	0.0442	0.0469	0.0573	0.0689
2396	0.0886	0.0891	0.0847	0.0835	0.0851	0.0880	0.0841	0.0822	0.0824	0.0848	0.0829	0.0744	0.0761	0.0786	0.0807	0.0676	0.0643	0.0576	0.0612	0.0631	0.0763	0.0573	0.0461	0.0476	0.0439	0.0466	0.0564	0.0689
2397	0.0887	0.0875	0.0849	0.0843	0.0870	0.0873	0.0851	0.0824	0.0821	0.0856	0.0830	0.0749	0.0758	0.0787	0.0797	0.0675	0.0647	0.0557	0.0609	0.0638	0.0767	0.0563	0.0456	0.0493	0.0443	0.0461	0.0558	0.0691
2398	0.0887	0.0855	0.0840	0.0869	0.0872	0.0869	0.0857	0.0826	0.0822	0.0855	0.0820	0.0745	0.0750	0.0792	0.0793	0.0701	0.0655	0.0553	0.0611	0.0651	0.0760	0.0535	0.0445	0.0485	0.0460	0.0452	0.0555	0.0696
2399	0.0885	0.0844	0.0825	0.0879	0.0875	0.0868	0.0853	0.0825	0.0822	0.0857	0.0812	0.0737	0.0738	0.0791	0.0795	0.0715	0.0651	0.0556	0.0609	0.0658	0.0754	0.0504	0.0437	0.0484	0.0474	0.0440	0.0541	0.0698
2400	0.0873	0.0853	0.0795	0.0862	0.0883	0.0868	0.0836	0.0817	0.0816	0.0861	0.0807	0.0724	0.0716	0.0781	0.0811	0.0709	0.0633	0.0569	0.0601	0.0654	0.0748	0.0470	0.0438	0.0498	0.0485	0.0427	0.0513	0.0696
2401	0.0863	0.0856	0.0787	0.0841	0.0887	0.0867	0.0815	0.0802	0.0815	0.0866	0.0798	0.0719	0.0706	0.0762	0.0824	0.0718	0.0621	0.0575	0.0605	0.0643	0.0740	0.0452	0.0436	0.0507	0.0481	0.0418	0.0498	0.0691
2402	0.0864	0.0841	0.0820	0.0811	0.0883	0.0863	0.0792	0.0778	0.0824	0.0872	0.0784	0.0729	0.0722	0.0730	0.0829	0.0752	0.0615	0.0571	0.0626	0.0623	0.0723	0.0462	0.0431	0.0506	0.0449	0.0420	0.0506	0.0678
2403	0.0874	0.0827	0.0843	0.0789	0.0872	0.0869	0.0775	0.0765	0.0835	0.0868	0.0770	0.0740	0.0722	0.0707	0.0825	0.0764	0.0610	0.0575	0.0641	0.0618	0.0715	0.0469	0.0427	0.0498	0.0424	0.0429	0.0515	0.0658
2404	0.0897	0.0812	0.0847	0.0782	0.0851	0.0896	0.0766	0.0766	0.0847	0.0846	0.0755	0.0752	0.0702	0.0699	0.0807	0.0737	0.0606	0.0593	0.0648	0.0635	0.0724	0.0469	0.0421	0.0480	0.0415	0.0450	0.0526	0.0628
2405	0.0909	0.0796	0.0844	0.0783	0.0841	0.0903	0.0763	0.0777	0.0850	0.0834	0.0751	0.0752	0.0691	0.0694	0.0802	0.0712	0.0607	0.0602	0.0649	0.0650	0.0735	0.0479	0.0419	0.0467	0.0414	0.0469	0.0525	0.0606
2406	0.0901	0.0781	0.0828	0.0795	0.0852	0.0871	0.0775	0.0805	0.0837	0.0845	0.0762	0.0729	0.0694	0.0694	0.0816	0.0688	0.0621	0.0594	0.0640	0.0664	0.0754	0.0506	0.0427	0.0466	0.0425	0.0484	0.0504	0.0595
2407	0.0893	0.0775	0.0806	0.0806	0.0866	0.0854	0.0790	0.0815	0.0834	0.0848	0.0776	0.0714	0.0701	0.0695	0.0828	0.0675	0.0636	0.0581	0.0630	0.0669	0.0772	0.0524	0.0435	0.0463	0.0429	0.0490	0.0494	0.0590
2408	0.0886	0.0786	0.0771	0.0818	0.0883	0.0860	0.0809	0.0795	0.0849	0.0837	0.0792	0.0712	0.0709	0.0696	0.0837	0.0683	0.0653	0.0560	0.0614	0.0657	0.0786	0.0527	0.0439	0.0457	0.0421	0.0477	0.0502	0.0597
2409	0.0884	0.0794	0.0740	0.0827	0.0891	0.0861	0.0817	0.0776	0.0848	0.0826	0.0799	0.0717	0.0719	0.0699	0.0848	0.0682	0.0654	0.0551	0.0599	0.0645	0.0788	0.0526	0.0444	0.0447	0.0415	0.0465	0.0511	0.0602
2410	0.0892	0.0798	0.0718	0.0829	0.0880	0.0851	0.0807	0.0758	0.0820	0.0818	0.0789	0.0731	0.0731	0.0707	0.0864	0.0666	0.0625	0.0562	0.0584	0.0634	0.0766	0.0521	0.0452	0.0433	0.0412	0.0459	0.0519	0.0604
2411	0.0894	0.0801	0.0707	0.0825	0.0865	0.0833	0.0805	0.0750	0.0803	0.0814	0.0782	0.0740	0.0745	0.0714	0.0869	0.0654	0.0601	0.0572	0.0573	0.0627	0.0750	0.0521	0.0457	0.0423	0.0405	0.0465	0.0520	0.0604
2412	0.0881	0.0802	0.0716	0.0805	0.0845	0.0800	0.0819	0.0759	0.0809	0.0818	0.0782	0.0741	0.0761	0.0719	0.0854	0.0649	0.0585	0.0578	0.0573	0.0625	0.0748	0.0528	0.0455	0.0421	0.0388	0.0491	0.0510	0.0605
2413	0.0879	0.0803	0.0734	0.0783	0.0829	0.0780	0.0821	0.0774	0.0813	0.0832	0.0778	0.0731	0.0768	0.0723	0.0840	0.0644	0.0578	0.0583	0.0569	0.0629	0.0745	0.0541	0.0452	0.0423	0.0382	0.0511	0.0510	0.0607
2414	0.0893	0.0805	0.0767	0.0757	0.0823	0.0788	0.0804	0.0803	0.0815	0.0863	0.0768	0.0700	0.0756	0.0725	0.0831	0.0642	0.0585	0.0587	0.0559	0.0646	0.0738	0.0561	0.0445	0.0428	0.0395	0.0518	0.0526	0.0613
2415	0.0895	0.0811	0.0796	0.0733	0.0824	0.0796	0.0789	0.0822	0.0815	0.0874	0.0761	0.0684	0.0741	0.0720	0.0824	0.0647	0.0599	0.0588	0.0546	0.0659	0.0726	0.0573	0.0445	0.0437	0.0402	0.0510	0.0537	0.0620
2416	0.0877	0.0825	0.0818	0.0717	0.0839	0.0806	0.0781	0.0823	0.0808	0.0850	0.0759	0.0699	0.0719	0.0701	0.0819	0.0667	0.0626	0.0581	0.0528	0.0663	0.0703	0.0570	0.0456	0.0453	0.0397	0.0477	0.0539	0.0631
2417	0.0863	0.0838	0.0825	0.0714	0.0847	0.0819	0.0774	0.0815	0.0801	0.0838	0.0762	0.0712	0.0703	0.0698	0.0818	0.0680	0.0640	0.0572	0.0521	0.0664	0.0689	0.0573	0.0461	0.0462	0.0398	0.0457	0.0526	0.0641
2418	0.0855	0.0848	0.0804	0.0737	0.0840	0.0839	0.0771	0.0794	0.0796	0.0852	0.0775	0.0723	0.0700	0.0720	0.0825	0.0682	0.0629	0.0558	0.0536	0.0657	0.0692	0.0587	0.0454	0.0457	0.0409	0.0463	0.0488	0.0651
2419	0.0845	0.0848	0.0789	0.0762	0.0841	0.0853	0.0763	0.0785	0.0788	0.0867	0.0784	0.0734	0.0698	0.0741	0.0823	0.0672	0.0625	0.0551	0.0548	0.0655	0.0689	0.0599	0.0450	0.0452	0.0418	0.0472	0.0464	0.0655
2420	0.0829	0.0829	0.0783	0.0791	0.0858	0.0854	0.0747	0.0796	0.0772	0.0886	0.0784	0.0748	0.0698	0.0755	0.0803	0.0644	0.0636	0.0559	0.0557	0.0662	0.0673	0.0607	0.0454	0.0448	0.0426	0.0487	0.0468	0.0646
2421	0.0820	0.0815	0.0776	0.0802	0.0862	0.0854	0.0729	0.0800	0.0767	0.0890	0.0782	0.0759	0.0695	0.0755	0.0789	0.0633	0.0639	0.0552	0.0569	0.0663	0.0661	0.0601	0.0460	0.0432	0.0432	0.0498	0.0473	0.0629
2422	0.0824	0.0812	0.0766	0.0779	0.0840	0.0851	0.0706	0.0793	0.0780	0.0868	0.0778	0.0765	0.0687	0.0729	0.0785	0.0653	0.0628	0.0517	0.0586	0.0656	0.0656	0.0570	0.0468	0.0396	0.0435	0.0501	0.0480	0.0596
2423	0.0826	0.0809	0.0757	0.0758	0.0819	0.0845	0.0693	0.0783	0.0789	0.0851	0.0769	0.0766	0.0668	0.0716	0.0792	0.0674	0.0620	0.0492	0.0585	0.0652	0.0645	0.0554	0.0473	0.0380	0.0431	0.0495	0.0483	0.0576
2424	0.0822	0.0807	0.0754	0.0743	0.0800	0.0834	0.0694	0.0765	0.0791	0.0845	0.0753	0.0758	0.0631	0.0728	0.0816	0.0699	0.0616	0.0484	0.0553	0.0655	0.0623	0.0566	0.0473	0.0399	0.0411	0.0475	0.0480	0.0578
2425	0.0812	0.0803	0.0744	0.0741	0.0788	0.0825	0.0694	0.0742	0.0799	0.0829	0.0750	0.0744	0.0598	0.0739	0.0827	0.0707	0.0604	0.0482	0.0533	0.0653	0.0632	0.0565	0.0475	0.0417	0.0394	0.0468	0.0485	0.0577
2426	0.0788	0.0795	0.0726	0.0760	0.0790	0.0816	0.0693	0.0710	0.0819	0.0794	0.0767	0.0721	0.0574	0.0746	0.0818	0.0686	0.0577	0.0492	0.0535	0.0646	0.0695	0.0541	0.0478	0.0433	0.0381	0.0484	0.0504	0.0570
2427	0.0764	0.0784	0.0725	0.0780	0.0801	0.0805	0.0699	0.0690	0.0818	0.0771	0.0774	0.0706	0.0574	0.0747	0.0797	0.0666	0.0554	0.0502	0.0533	0.0636	0.0741	0.0517	0.0487	0.0439	0.0381	0.0494	0.0517	0.0567
2428	0.0741	0.0763	0.0754	0.0801	0.0827	0.0791	0.0718	0.0689	0.0785	0.0768	0.0767	0.0707	0.0609	0.0737	0.0759	0.0650	0.0536	0.0514	0.0528	0.0622	0.0758	0.0495	0.0505	0.0422	0.0407	0.0493	0.0520	0.0574
2429	0.0735	0.0749	0.0774	0.0814	0.0845	0.0786	0.0732	0.0695	0.0754	0.0764	0.0758	0.0711	0.0643	0.0723	0.0733	0.0649	0.0528	0.0533	0.0531	0.0604	0.0769	0.0480	0.0516	0.0414	0.0422	0.0486	0.0524	0.0576
2430	0.0756	0.0747	0.0777	0.0816	0.0848	0.0796	0.0734	0.0715	0.0720	0.0761	0.0744	0.0719	0.0679	0.0708	0.0726	0.0673	0.0539	0.0558	0.0545	0.0580	0.0766	0.0481	0.0517	0.0421	0.0419	0.0468	0.0531	0.0565
2431	0.0766	0.0757	0.0781	0.0822	0.0850	0.0805	0.0730	0.0734	0.0688	0.0759	0.0735	0.0719	0.0695	0.0702	0.0732	0.0695	0.0547	0.0586	0.0549	0.0573	0.0750	0.0486	0.0512	0.0426	0.0426	0.0457	0.0528	0.0566
2432	0.0755	0.0788	0.0786	0.0832	0.0851	0.0812	0.0712	0.0754	0.0664	0.0759	0.0736	0.0712	0.0679	0.0710	0.0757	0.0713	0.0553	0.0620	0.0539	0.0587	0.0717	0.0500	0.0501	0.0433	0.0450	0.0458	0.0509	0.0585
2433	0.0751	0.0813	0.0788	0.0843	0.0850	0.0813	0.0689	0.0767	0.0661	0.0752	0.0738	0.0703	0.0665	0.0724	0.0777	0.0704	0.0559	0.0640	0.0533	0.0599	0.0694	0.0508	0.0490	0.0438	0.0461	0.0454	0.0481	0.0598
2434	0.0755	0.0825	0.0784	0.0857	0.0846	0.0799	0.0660	0.0773	0.0695	0.0734	0.0738	0.0690	0.0648	0.0747	0.0792	0.0660	0.0575	0.0638	0.0530	0.0614	0.0684	0.0506	0.0475	0.0441	0.0452	0.0438	0.0448	0.0598
2435	0.0764	0.0831	0.0792	0.0859	0.0842	0.0791	0.0639	0.0783	0.0729	0.0732	0.0745	0.0681	0.0633	0.0746	0.0803	0.0631	0.0590	0.0625	0.0545	0.0624	0.0670	0.0504	0.0459	0.0439	0.0442	0.0420	0.0422	0.0586
2436	0.0783	0.0829	0.0823	0.0839	0.0837	0.0796	0.0631	0.0803	0.0760	0.0755	0.0760	0.0675	0.0629	0.0712	0.0808	0.0620	0.0596	0.0592	0.0589	0.0626	0.0639	0.0498	0.0432	0.0426	0.0434	0.0407	0.0411	0.0559
2437	0.0803	0.0832	0.0847	0.0816	0.0828	0.0785	0.0631	0.0811	0.0769	0.0767	0.0751	0.0670	0.0619	0.0707	0.0819	0.0613	0.0598	0.0572	0.0605	0.0632	0.0631	0.0495	0.0420	0.0414	0.0437	0.0413	0.0424	0.0550
2438	0.0821	0.0842	0.0850	0.0795	0.0813	0.0754	0.0643	0.0796	0.0751	0.0760	0.0704	0.0668	0.0602	0.0737	0.0837	0.0615	0.0598	0.0573	0.0582	0.0644	0.0667	0.0503	0.0440	0.0402	0.0454	0.0445	0.0459	0.0573
2439	0.0830	0.0836	0.0840	0.0778	0.0790	0.0726	0.0647	0.0785	0.0728	0.0760	0.0686	0.0678	0.0592	0.0761	0.0833	0.0612	0.0612	0.0573	0.0579	0.0638	0.0692	0.0507	0.0446	0.0406	0.0451	0.0454	0.0471	0.0579
2440	0.0826	0.0802	0.0812	0.0763	0.0743	0.0705	0.0641	0.0780	0.0696	0.0766	0.0707	0.0703	0.0592	0.0782	0.0792	0.0604	0.0644	0.0574	0.0595	0.0606	0.0702	0.0499	0.0428	0.0438	0.0420	0.0433	0.0446	0.0553
2441	0.0817	0.0763	0.0782	0.0756	0.0706	0.0688	0.0644	0.0774	0.0669	0.0767	0.0710	0.0724	0.0606	0.0784	0.0763	0.0605	0.0688	0.0570	0.0603	0.0576	0.0704	0.0486	0.0420	0.0457	0.0405	0.0430	0.0432	0.0534
2442	0.0805	0.0726	0.0751	0.0760	0.0692	0.0678	0.0655	0.0776	0.0652	0.0764	0.0705	0.0733	0.0642	0.0759	0.0761	0.0622	0.0749	0.0555	0.0599	0.0551	0.0695	0.0475	0.0427	0.0460	0.0398	0.0446	0.0446	0.0527
2443	0.0800	0.0711	0.0727	0.0780	0.0696	0.0690	0.0681	0.0777	0.0642	0.0766	0.0698	0.0729	0.0670	0.0736	0.0750	0.0624	0.0767	0.0527	0.0574	0.0524	0.0686	0.0487	0.0403	0.0453	0.0385	0.0464	0.0458	0.0534
2444	0.0798	0.0731	0.0708	0.0829	0.0729	0.0738	0.0723	0.0768	0.0637	0.0776	0.0687	0.0707	0.0686	0.0705	0.0729	0.0605	0.0728	0.0493	0.0523	0.0508	0.0675	0.0531	0.0347	0.0421	0.0376	0.0483	0.0462	0.0559
2445	0.0764	0.0737	0.0724	0.0855	0.0763	0.0776	0.0731	0.0747	0.0630	0.0767	0.0688	0.0665	0.0682	0.0684	0.0717	0.0590	0.0686	0.0490	0.0483	0.0515	0.0670	0.0544	0.0334	0.0397	0.0376	0.0493	0.0462	0.0562
2446	0.0692	0.0710	0.0786	0.0839	0.0792	0.0795	0.0700	0.0702	0.0631	0.0738	0.0705	0.0621	0.0665	0.0696	0.0706	0.0575	0.0635	0.0527	0.0463	0.0549	0.0656	0.0515	0.0373	0.0396	0.0381	0.0495	0.0462	0.0536
2447	0.0671	0.0686	0.0825	0.0788	0.0819	0.0794	0.0684	0.0680	0.0633	0.0730	0.0702	0.0591	0.0648	0.0704	0.0696	0.0583	0.0595	0.0536	0.0495	0.0576	0.0649	0.0509	0.0423	0.0389	0.0405	0.0467	0.0466	0.0509
2448	0.0705	0.0678	0.0827	0.0706	0.0835	0.0769	0.0686	0.0698	0.0640	0.0748	0.0668	0.0564	0.0619	0.0703	0.0698	0.0606	0.0577	0.0511	0.0583	0.0592	0.0668	0.0539	0.0477	0.0372	0.0462	0.0394	0.0459	0.0486
2449	0.0727	0.0697	0.0782	0.0691	0.0831	0.0751	0.0681	0.0703	0.0664	0.0758	0.0656	0.0537	0.0618	0.0718	0.0714	0.0595	0.0557	0.0487	0.0611	0.0596	0.0688	0.0561	0.0489	0.0346	0.0499	0.0359	0.0450	0.0463
2450	0.0745	0.0733	0.0693	0.0746	0.0810	0.0742	0.0662	0.0694	0.0678	0.0747	0.0667	0.0523	0.0655	0.0746	0.0735	0.0558	0.0528	0.0442	0.0574	0.0583	0.0697	0.0566	0.0450	0.0299	0.0515	0.0395	0.0444	0.0456
2451	0.0761	0.0755	0.0642	0.0769	0.0779	0.0760	0.0647	0.0689	0.0643	0.0734	0.0648	0.0527	0.0690	0.0751	0.0724	0.0535	0.0541	0.0430	0.0539	0.0582	0.0712	0.0551	0.0425	0.0315	0.0511	0.0438	0.0421	0.0463
2452	0.0770	0.0771	0.0639	0.0775	0.0740	0.0805	0.0650	0.0674	0.0577	0.0740	0.0605	0.0532	0.0709	0.0723	0.0680	0.0513	0.0603	0.0480	0.0514	0.0582	0.0734	0.0500	0.0412	0.0410	0.0474	0.0475	0.0393	0.0491
2453	0.0765	0.0780	0.0649	0.0798	0.0730	0.0805	0.0662	0.0649	0.0594	0.0734	0.0580	0.0522	0.0689	0.0697	0.0664	0.0541	0.0631	0.0531	0.0490	0.0562	0.0745	0.0441	0.0394	0.0461	0.0441	0.0501	0.0410	0.0517
2454	0.0762	0.0801	0.0691	0.0800	0.0760	0.0753	0.0671	0.0634	0.0704	0.0710	0.0569	0.0500	0.0649	0.0692	0.0677	0.0642	0.0633	0.0565	0.0467	0.0539	0.0742	0.0404	0.0388	0.0485	0.0415	0.0489	0.0459	0.0514
2455	0.0748	0.0790	0.0755	0.0778	0.0806	0.0723	0.0706	0.0624	0.0762	0.0722	0.0580	0.0507	0.0638	0.0670	0.0687	0.0662	0.0617	0.0545	0.0455	0.0541	0.0755	0.0437	0.0407	0.0462	0.0415	0.0464	0.0474	0.0537
2456	0.0727	0.0749	0.0799	0.0739	0.0855	0.0727	0.0763	0.0593	0.0764	0.0775	0.0609	0.0546	0.0636	0.0630	0.0681	0.0621	0.0584	0.0484	0.0441	0.0548	0.0798	0.0526	0.0445	0.0377	0.0457	0.0437	0.0446	0.0599
2457	0.0694	0.0735	0.0772	0.0739	0.0853	0.0776	0.0803	0.0591	0.0729	0.0772	0.0623	0.0615	0.0627	0.0628	0.0677	0.0603	0.0567	0.0475	0.0445	0.0532	0.0802	0.0573	0.0430	0.0374	0.0499	0.0413	0.0431	0.0599
2458	0.0645	0.0734	0.0705	0.0802	0.0801	0.0845	0.0832	0.0642	0.0675	0.0693	0.0626	0.0702	0.0632	0.0647	0.0709	0.0583	0.0562	0.0503	0.0474	0.0510	0.0759	0.0580	0.0380	0.0445	0.0521	0.0385	0.0438	0.0546
2459	0.0625	0.0718	0.0673	0.0808	0.0791	0.0817	0.0844	0.0676	0.0664	0.0649	0.0598	0.0681	0.0632	0.0661	0.0728	0.0625	0.0577	0.0528	0.0446	0.0507	0.0719	0.0574	0.0391	0.0533	0.0568	0.0384	0.0467	0.0505
2460	0.0597	0.0652	0.0676	0.0790	0.0809	0.0722	0.0843	0.0678	0.0654	0.0640	0.0537	0.0591	0.0618	0.0677	0.0724	0.0681	0.0596	0.0566	0.0369	0.0518	0.0706	0.0546	0.0432	0.0614	0.0641	0.0421	0.0548	0.0461
2461	0.0581	0.0584	0.0708	0.0798	0.0801	0.0691	0.0825	0.0697	0.0670	0.0647	0.0533	0.0505	0.0612	0.0673	0.0697	0.0695	0.0561	0.0611	0.0383	0.0509	0.0715	0.0534	0.0458	0.0638	0.0665	0.0482	0.0584	0.0436
2462	0.0615	0.0560	0.0762	0.0815	0.0764	0.0716	0.0805	0.0749	0.0735	0.0675	0.0601	0.0434	0.0641	0.0666	0.0653	0.0714	0.0478	0.0642	0.0486	0.0486	0.0728	0.0543	0.0474	0.0624	0.0649	0.0578	0.0549	0.0407
2463	0.0639	0.0594	0.0824	0.0799	0.0754	0.0751	0.0749	0.0778	0.0759	0.0685	0.0594	0.0442	0.0706	0.0674	0.0628	0.0773	0.0494	0.0592	0.0559	0.0479	0.0718	0.0534	0.0465	0.0582	0.0634	0.0641	0.0463	0.0388
2464	0.0665	0.0667	0.0892	0.0710	0.0773	0.0753	0.0646	0.0789	0.0755	0.0686	0.0527	0.0477	0.0771	0.0680	0.0626	0.0834	0.0596	0.0517	0.0586	0.0476	0.0677	0.0525	0.0418	0.0549	0.0617	0.0643	0.0376	0.0408
2465	0.0703	0.0718	0.0859	0.0639	0.0730	0.0690	0.0614	0.0806	0.0733	0.0738	0.0520	0.0523	0.0809	0.0696	0.0697	0.0754	0.0627	0.0549	0.0520	0.0524	0.0630	0.0501	0.0359	0.0579	0.0576	0.0626	0.0323	0.0376
2466	0.0719	0.0739	0.0747	0.0606	0.0675	0.0605	0.0621	0.0834	0.0680	0.0804	0.0497	0.0573	0.0798	0.0709	0.0787	0.0612	0.0592	0.0653	0.0382	0.0608	0.0568	0.0440	0.0324	0.0610	0.0504	0.0620	0.0265	0.0346
2467	0.0721	0.0658	0.0717	0.0643	0.0668	0.0552	0.0705	0.0867	0.0634	0.0806	0.0468	0.0538	0.0743	0.0752	0.0787	0.0529	0.0563	0.0771	0.0355	0.0656	0.0487	0.0435	0.0317	0.0640	0.0410	0.0567	0.0337	0.0421
2468	0.0700	0.0496	0.0728	0.0699	0.0670	0.0544	0.0828	0.0898	0.0596	0.0800	0.0484	0.0478	0.0675	0.0827	0.0750	0.0477	0.0556	0.0833	0.0427	0.0668	0.0456	0.0461	0.0360	0.0715	0.0334	0.0493	0.0479	0.0520
2469	0.0685	0.0389	0.0652	0.0660	0.0689	0.0564	0.0883	0.0853	0.0657	0.0793	0.0453	0.0489	0.0696	0.0787	0.0697	0.0493	0.0497	0.0797	0.0495	0.0658	0.0493	0.0442	0.0414	0.0663	0.0330	0.0471	0.0573	0.0572
2470	0.0688	0.0354	0.0552	0.0580	0.0752	0.0602	0.0904	0.0741	0.0758	0.0792	0.0357	0.0492	0.0806	0.0640	0.0606	0.0544	0.0421	0.0756	0.0545	0.0661	0.0545	0.0444	0.0440	0.0535	0.0351	0.0491	0.0619	0.0549
2471	0.0639	0.0475	0.0554	0.0529	0.0818	0.0672	0.0856	0.0703	0.0780	0.0786	0.0336	0.0491	0.0841	0.0565	0.0521	0.0689	0.0374	0.0658	0.0531	0.0650	0.0479	0.0535	0.0466	0.0560	0.0326	0.0522	0.0596	0.0503
2472	0.0566	0.0647	0.0624	0.0491	0.0806	0.0747	0.0827	0.0732	0.0713	0.0737	0.0374	0.0528	0.0821	0.0582	0.0469	0.0891	0.0340	0.0565	0.0477	0.0573	0.0336	0.0646	0.0503	0.0629	0.0270	0.0531	0.0545	0.0487
2473	0.0486	0.0753	0.0745	0.0516	0.0769	0.0850	0.0862	0.0823	0.0669	0.0770	0.0425	0.0583	0.0782	0.0650	0.0432	0.0969	0.0359	0.0672	0.0344	0.0560	0.0293	0.0659	0.0477	0.0604	0.0279	0.0659	0.0509	0.0562
2474	0.0394	0.0814	0.0860	0.0619	0.0744	0.0927	0.0874	0.0905	0.0767	0.0855	0.0492	0.0696	0.0734	0.0690	0.0379	0.0978	0.0355	0.0805	0.0199	0.0626	0.0261	0.0657	0.0402	0.0548	0.0328	0.0837	0.0522	0.0758
2475	0.0309	0.0763	0.0893	0.0682	0.0717	0.0878	0.0872	0.0958	0.0814	0.0911	0.0597	0.0815	0.0668	0.0606	0.0393	0.0976	0.0404	0.0868	0.0366	0.0500	0.0371	0.0693	0.0329	0.0545	0.0470	0.0761	0.0410	0.0839
2476	0.0224	0.0713	0.0899	0.0703	0.0741	0.0802	0.0872	0.0957	0.0759	0.0963	0.0712	0.0868	0.0586	0.0521	0.0496	0.0984	0.0467	0.0896	0.0642	0.0327	0.0548	0.0665	0.0277	0.0551	0.0624	0.0606	0.0304	0.0806
2477	0.0349	0.0636	0.0786	0.0722	0.0745	0.0798	0.0804	0.0781	0.0765	0.0822	0.0760	0.0886	0.0606	0.0550	0.0680	0.0966	0.0529	0.0861	0.0645	0.0326	0.0604	0.0687	0.0256	0.0508	0.0583	0.0514	0.0372	0.0827
2478	0.0583	0.0514	0.0604	0.0744	0.0679	0.0833	0.0723	0.0587	0.0858	0.0597	0.0772	0.0905	0.0726	0.0654	0.0853	0.0954	0.0692	0.0810	0.0560	0.0384	0.0637	0.0769	0.0227	0.0444	0.0528	0.0444	0.0432	0.0853
2479	0.0612	0.0468	0.0665	0.0669	0.0853	0.0818	0.0639	0.0582	0.0848	0.0438	0.0869	0.0815	0.0840	0.0648	0.1014	0.0906	0.0652	0.0726	0.0527	0.0494	0.0538	0.0859	0.0197	0.0433	0.0289	0.0432	0.0586	0.0777
2480	0.0581	0.0464	0.0853	0.0534	0.1090	0.0821	0.0547	0.0676	0.0729	0.0383	0.1002	0.0667	0.0884	0.0502	0.1119	0.0867	0.0461	0.0657	0.0471	0.0513	0.0440	0.0881	0.0170	0.0457	0.0000	0.0469	0.0718	0.0682
2481	0.0737	0.0485	0.1022	0.0452	0.1090	0.0834	0.0524	0.0576	0.0613	0.0533	0.0937	0.0569	0.0788	0.0554	0.1261	0.0755	0.0442	0.0581	0.0337	0.0587	0.0446	0.0654	0.0144	0.0392	0.0000	0.0511	0.0654	0.0553
2482	0.0914	0.0553	0.1209	0.0353	0.1142	0.0809	0.0513	0.0375	0.0510	0.0697	0.0847	0.0517	0.0694	0.0694	0.1478	0.0618	0.0517	0.0491	0.0223	0.0742	0.0405	0.0469	0.0108	0.0327	0.0000	0.0531	0.0535	0.0399
2483	0.0806	0.0661	0.1223	0.0378	0.1158	0.0775	0.0607	0.0391	0.0289	0.0693	0.0739	0.0633	0.0652	0.0739	0.1413	0.0622	0.0583	0.0438	0.0303	0.0876	0.0326	0.0452	0.0086	0.0507	0.0000	0.0502	0.0556	0.0255
2484	0.0604	0.0768	0.1158	0.0456	0.1036	0.0699	0.0704	0.0486	0.0076	0.0595	0.0615	0.0749	0.0556	0.0764	0.1295	0.0578	0.0618	0.0416	0.0379	0.0998	0.0313	0.0431	0.0100	0.0794	0.0107	0.0420	0.0609	0.0149
2485	0.0624	0.0788	0.1147	0.0518	0.0880	0.0769	0.0782	0.0610	0.0263	0.0456	0.0590	0.0771	0.0495	0.0674	0.1191	0.0639	0.0671	0.0426	0.0380	0.0858	0.0357	0.0310	0.0217	0.0915	0.0329	0.0433	0.0607	0.0328
2486	0.0778	0.0791	0.1052	0.0582	0.0795	0.0889	0.0832	0.0657	0.0545	0.0367	0.0623	0.0825	0.0496	0.0606	0.1074	0.0723	0.0683	0.0377	0.0419	0.0585	0.0453	0.0176	0.0336	0.0876	0.0502	0.0511	0.0650	0.0610
2487	0.0928	0.0805	0.0941	0.0510	0.0901	0.0953	0.0836	0.0531	0.0511	0.0621	0.0766	0.0711	0.0652	0.0561	0.1148	0.0810	0.0401	0.0305	0.0520	0.0342	0.0572	0.0234	0.0392	0.0798	0.0591	0.0720	0.0770	0.0674
2488	0.0968	0.0752	0.0953	0.0370	0.1025	0.1090	0.0903	0.0460	0.0380	0.0945	0.0933	0.0579	0.0784	0.0486	0.1187	0.0883	0.0112	0.0327	0.0618	0.0218	0.0586	0.0358	0.0389	0.0738	0.0687	0.0878	0.0935	0.0535
2489	0.0756	0.0542	0.0845	0.0184	0.1139	0.0920	0.1107	0.0383	0.0484	0.0938	0.0769	0.0468	0.0697	0.0577	0.1075	0.0752	0.0101	0.0228	0.0604	0.0468	0.0468	0.0395	0.0308	0.0756	0.0677	0.0819	0.1063	0.0248
2490	0.0617	0.0401	0.0777	0.0019	0.1187	0.0587	0.1268	0.0306	0.0673	0.0793	0.0505	0.0200	0.0594	0.0661	0.1031	0.0626	0.0129	0.0027	0.0670	0.0845	0.0341	0.0396	0.0367	0.0864	0.0564	0.0737	0.1171	0.0064
2491	0.0635	0.0500	0.0968	0.0000	0.0941	0.0416	0.1131	0.0474	0.0692	0.0796	0.0478	0.0044	0.0360	0.0601	0.1020	0.0546	0.0127	0.0000	0.1057	0.1023	0.0314	0.0316	0.0612	0.0936	0.0567	0.0648	0.1049	0.0062
2492	0.0653	0.0609	0.1114	0.0006	0.0682	0.0410	0.0969	0.0689	0.0593	0.0782	0.0555	0.0111	0.0075	0.0567	0.0931	0.0547	0.0150	0.0000	0.1447	0.1042	0.0276	0.0231	0.0670	0.0943	0.0628	0.0629	0.0777	0.0053
2493	0.0857	0.0884	0.1038	0.0000	0.0755	0.0607	0.0804	0.0768	0.0591	0.0565	0.0903	0.0421	0.0225	0.0511	0.1030	0.0729	0.0055	0.0000	0.1536	0.1231	0.0323	0.0333	0.0408	0.0966	0.0566	0.0567	0.0631	0.0065
2494	0.1137	0.1135	0.0797	0.0000	0.0979	0.0778	0.0677	0.0801	0.0603	0.0410	0.1266	0.0810	0.0553	0.0317	0.1226	0.0991	0.0000	0.0000	0.1454	0.1519	0.0510	0.0368	0.0137	0.1079	0.0468	0.0587	0.0645	0.0000
2495	0.1189	0.0939	0.0646	0.0186	0.1163	0.1086	0.0866	0.0612	0.0620	0.0529	0.1335	0.0743	0.0616	0.0156	0.1181	0.1168	0.0318	0.0000	0.1126	0.1534	0.0557	0.0190	0.0000	0.1047	0.0413	0.0853	0.0846	0.0000
2496	0.1045	0.0739	0.0724	0.0446	0.1140	0.1408	0.1199	0.0423	0.0661	0.0670	0.1341	0.0475	0.0576	0.0239	0.1177	0.1162	0.0613	0.0000	0.0769	0.1428	0.0534	0.0135	0.0000	0.0848	0.0403	0.0918	0.1038	0.0000
2497	0.0754	0.0946	0.1101	0.0217	0.0878	0.1485	0.1430	0.0682	0.0574	0.0781	0.1082	0.0536	0.0445	0.0780	0.0996	0.0773	0.0653	0.0385	0.0683	0.1006	0.0575	0.0358	0.0113	0.0701	0.0315	0.0589	0.1288	0.0218
2498	0.0533	0.1125	0.1375	0.0000	0.0645	0.1495	0.1429	0.1017	0.0590	0.0906	0.0641	0.0630	0.0330	0.1383	0.0713	0.0416	0.0640	0.0771	0.0737	0.0610	0.0679	0.0632	0.0108	0.0687	0.0094	0.0247	0.1516	0.0434
2499	0.0510	0.0919	0.1073	0.0109	0.0496	0.1435	0.1167	0.1170	0.0478	0.1087	0.0155	0.0795	0.0509	0.1936	0.0869	0.0366	0.0800	0.1048	0.0599	0.0489	0.1078	0.0772	0.0000	0.0970	0.0000	0.0196	0.1492	0.0605
2500	0.0643	0.0643	0.0805	0.0317	0.0532	0.1346	0.0928	0.1332	0.0207	0.1241	0.0000	0.1067	0.0693	0.2360	0.1088	0.0325	0.1211	0.1410	0.0292	0.0402	0.1409	0.0715	0.0000	0.1205	0.0000	0.0289	0.1384	0.0773
