wave,n.sim1,n.sim2,n.sim3,n.sim4,n.sim5,n.sim6,n.sim7,n.sim8,n.sim9,n.sim10,n.sim11,n.sim12,n.sim13,n.sim14,n.sim15,n.sim16,n.sim17,n.sim18,n.sim19,n.sim20,n.sim21,n.sim22,n.sim23,n.sim24,n.sim25,n.sim26,n.sim27,n.sim28,n.sim29,n.sim30,n.sim31,n.sim32,n.sim33,n.sim34,n.sim35,n.sim36,n.sim37,n.sim38,n.sim39,n.sim40,n.sim41,n.sim42,n.sim43,n.sim44,n.sim45,n.sim46,n.sim47,n.sim48,n.sim49,n.sim50,n.sim51,n.sim52,n.sim53,n.sim54,n.sim55,n.sim56,n.sim57,n.sim58,n.sim59,n.sim60,n.sim61,n.sim62,n.sim63,n.sim64,n.sim65,n.sim66,n.sim67,n.sim68,n.sim69,n.sim70,n.sim71,n.sim72,n.sim73,n.sim74,n.sim75,n.sim76,n.sim77,n.sim78,n.sim79,n.sim80,n.sim81,n.sim82,n.sim83,n.sim84,n.sim85,n.sim86,n.sim87,n.sim88,n.sim89,n.sim90,n.sim91,n.sim92,n.sim93,n.sim94,n.sim95,n.sim96,n.sim97,n.sim98,n.sim99,n.sim100
640,0,0,0,0,0,0,0,0,0,0,0,0,0,0,0,0,0,0,0,0,0,0,0,0,0,0,0,0,0,0,0,0,0,0,0,0,0,0,0,0,0,0,0,0,0,0,0,0,0,0,0,0,0,0,0,0,0,0,0,0,0,0,0,0,0,0,0,0,0,0,0,0,0,0,0,0,0,0,0,0,0,0,0,0,0,0,0,0,0,0,0,0,0,0,0,0,0,0,0,0
641,4.98383542936171e-05,2.05807173255744e-05,1.00150032288543e-05,4.00352416600405e-05,6.81421663062962e-06,7.14297926035646e-05,1.93649353848118e-05,4.27665725849202e-05,9.68993140109084e-05,7.50831641367597e-05,2.68655006194253e-05,2.02815663459798e-05,7.77291733544433e-05,2.34318869224475e-05,4.14512517432637e-05,3.728854890198e-05,1.5993551384853e-05,2.98613428655606e-05,1.80653839515739e-05,5.58191985764508e-05,1.20236095862112e-05,1.83037982201133e-05,6.52552676160767e-05,5.09561969557257e-05,4.87326233705311e-05,6.76428290918961e-05,4.88834038617657e-05,3.0014726412453e-05,1.84030912252755e-05,5.25568629289481e-05,2.33637662565521e-05,3.10050742050882e-05,4.25420847564702e-05,7.77187610409317e-05,1.88564533426181e-05,9.36917451750329e-06,3.18361686423375e-05,4.9018783512077e-06,0.00011776607142325,7.95444457962951e-05,2.30851624992033e-05,2.67746894344815e-05,2.69798188373304e-05,1.90552130721304e-05,1.61748702020552e-05,1.11618828195818e-05,5.74407445044394e-05,7.00670299819124e-05,4.01232325086793e-05,4.61432262758719e-05,2.21768850931986e-05,3.45477009074799e-05,2.779247299751e-05,2.03679928728864e-05,6.12741268735796e-05,4.13975464766914e-05,5.01113326232191e-05,2.5988114414257e-05,1.31232528520623e-05,3.17158385758846e-05,5.9295958181719e-05,3.43484397743878e-05,2.85362084232617e-05,2.69775814837812e-05,5.55404692401024e-05,6.82418496799249e-05,4.33767191184756e-06,4.689550224345e-05,1.16221954038586e-05,5.24395995641832e-05,3.80699547305716e-05,7.37258735294651e-05,7.78281821248934e-05,3.07670642281921e-05,2.52486334370701e-05,4.25744210866675e-05,1.63255857428712e-05,5.21457446308565e-05,1.86983534615674e-05,5.79430369762221e-05,5.22280020693384e-05,2.96713598077999e-05,4.53980182659175e-05,2.31277224507936e-06,3.06089840486474e-06,1.12856222516819e-05,5.40969547296491e-05,5.89283442616802e-05,7.8596114238204e-05,0.000104000633873159,5.78635241165509e-05,4.84337164033902e-05,2.53658985374154e-05,4.01416125534783e-06,1.68972179008759e-05,8.56644220247653e-06,3.67499131728484e-05,2.08118302167557e-05,3.18103454149496e-05,2.18939516935112e-05
642,0.000100129673306983,4.178617484257e-05,2.01372143920952e-05,8.03531144963231e-05,1.36620766170875e-05,0.000142780361850836,3.91611772781413e-05,8.5683140880182e-05,0.000194116430951089,0.000149772230425529,5.39020239512482e-05,4.08463388029108e-05,0.000155728127918112,4.70212165029608e-05,8.24863671064121e-05,7.46211588954844e-05,3.21576793571007e-05,6.00697738852502e-05,3.62141203724816e-05,0.000112466541663617,2.39607560370556e-05,3.67811774390052e-05,0.00013141240901761,0.000102624105841298,9.77290885552058e-05,0.000135823796922553,9.82558629706354e-05,6.09242536325233e-05,3.70489806552084e-05,0.000106462237707341,4.68264832987954e-05,6.20065208794618e-05,8.5533488529238e-05,0.000155899536872009,3.78878624076026e-05,1.88015278043226e-05,6.38108769387737e-05,9.94647248412334e-06,0.0002361850563455,0.000159602474426799,4.65584393934384e-05,5.37115293877679e-05,5.39810622302133e-05,3.82105634383296e-05,3.2429170059106e-05,2.24670349258476e-05,0.000115754898602457,0.000141177677421334,8.08352282197802e-05,9.25172190633875e-05,4.4557428950034e-05,6.94398089023613e-05,5.5894913487192e-05,4.11010838940315e-05,0.000123697448259495,8.33492794177882e-05,0.000100912963039911,5.1906589673085e-05,2.63154928160393e-05,6.39855558025681e-05,0.00011898715209981,6.89285866180352e-05,5.72997790606895e-05,5.39435087698346e-05,0.000112307226254513,0.000137149690271617,8.84610882921826e-06,9.44173594199122e-05,2.33523277876984e-05,0.000105395177805997,7.6329082243131e-05,0.000147462919631661,0.000155983385562887,6.18115194826112e-05,5.08732143245083e-05,8.54855797287922e-05,3.26120051822526e-05,0.000104793498546759,3.77012044437133e-05,0.000116016947488893,0.000104924363088495,5.95927279127247e-05,9.12108003809402e-05,4.66962356651083e-06,6.14020132784495e-06,2.2759276061728e-05,0.00010852384779108,0.000118097627602604,0.000157086379127033,0.000209099221891605,0.000115881541683203,9.75340709775798e-05,5.09684848451891e-05,8.01222727098174e-06,3.38774219653308e-05,1.71681288820729e-05,7.36571235068185e-05,4.17630669708973e-05,6.38394628848082e-05,4.40817125060673e-05
643,0.000152507363688637,6.43271613774016e-05,3.07566899742252e-05,0.000122300863243848,2.07712741726241e-05,0.000216552866562369,6.00840250107907e-05,0.000130129359915372,0.000294798664091373,0.000226634111985338,8.19630497928082e-05,6.23790565635146e-05,0.00023642572918137,7.15515179968258e-05,0.000124592583840804,0.000113190670132781,4.90188690933106e-05,9.16225419746975e-05,5.50115669826504e-05,0.000171737593440816,3.63817758163864e-05,5.60400543646251e-05,0.000200489631290234,0.000156663580908042,0.000148594020194511,0.000206748725016578,0.00014969835699441,9.37928088484085e-05,5.65952980364489e-05,0.000163409751914247,7.11857856469886e-05,9.40329465915535e-05,0.000130444302255527,0.000236967938497189,5.77029602142228e-05,2.86237244618044e-05,9.69577961679402e-05,1.53585418741556e-05,0.00035903484600843,0.00024286087451359,7.12522479099171e-05,8.16892602901438e-05,8.18796278294707e-05,5.81031644048026e-05,4.92610043021772e-05,3.42854942070374e-05,0.0001769914345188,0.000215600912462685,0.000123418807220382,0.000140606409206034,6.79088627020644e-05,0.00010585041120416,8.52612528622974e-05,6.29709834809525e-05,0.000189242562793166,0.000127357468661072,0.000154060109170606,7.86482151200016e-05,3.99900492268604e-05,9.78177282605554e-05,0.000180940436933962,0.000104789418566662,8.72713272181198e-05,8.1823456758941e-05,0.000171951240701434,0.000209025894263893,1.36941458772664e-05,0.00014403768291988,3.55793756667178e-05,0.000160526496197573,0.000116008428573171,0.000223698206357047,0.000236933580022577,9.41387064648136e-05,7.77775158708356e-05,0.000130162022315542,4.94056689558595e-05,0.000159724930426301,5.76015695734871e-05,0.000176094805694145,0.000159790212471514,9.07542072173046e-05,0.000138962447269364,7.14104706074166e-06,9.3394496369688e-06,3.4788143736107e-05,0.000165013725990533,0.000179405514003618,0.000238102664098122,0.000318713080598658,0.000175958855124758,0.0001489296981502,7.76433049544195e-05,1.21285538811633e-05,5.15188501956984e-05,2.6085073712619e-05,0.000111884315223892,6.35477072831001e-05,9.71364208481251e-05,6.72994987062931e-05
644,0.000208604832087122,8.89144657564841e-05,4.22634864597466e-05,0.000167225732637615,2.836950351049e-05,0.00029524846555872,8.28287779135618e-05,0.000177484884720078,0.00040209332670259,0.000308235721935213,0.000111902057941445,8.55644588205127e-05,0.000322250842634582,9.78063206593283e-05,0.000169257139697799,0.000154189922766137,6.71036057700498e-05,0.000125516896049531,7.50230815020073e-05,0.000235427918087368,4.98570053880569e-05,7.66883457049227e-05,0.000274505141519583,0.000214734476407279,0.000202932042928932,0.000282623434898579,0.000204791865600889,0.000129684619248306,7.76996731156471e-05,0.000225093033128735,9.72393078213901e-05,0.000128112957909796,0.000178744616872559,0.000323349576920431,7.89104797817477e-05,3.91624290912952e-05,0.000132310597608469,2.13628459967132e-05,0.000490093331653721,0.000332006434678748,9.79990052758513e-05,0.000111586622571894,0.000111551413285925,7.93701292777542e-05,6.71684776622935e-05,4.69872985513914e-05,0.000243199324478213,0.000295605705250387,0.000169156789597563,0.000191895227547299,9.29984174808482e-05,0.000144953595032391,0.000116845422516078,8.67494020511668e-05,0.000259882069110012,0.000174924384044324,0.000211207988935835,0.000107105780098525,5.4560251419455e-05,0.000134220932530352,0.000247022667863866,0.000142979913655989,0.000119431468201389,0.000111543100351881,0.000236123482239066,0.000286172834145567,1.90506181811464e-05,0.000197228584133848,4.86923175561154e-05,0.000219493316211046,0.000158339039756186,0.000304918801756084,0.000323146735212562,0.000128753965876356,0.000106865311284573,0.000178032295236085,6.72529877014074e-05,0.000218721708948076,7.89924654779381e-05,0.000240049685748113,0.000218526679632439,0.00012414590062407,0.000190177059855486,9.79753582421911e-06,1.27601842002645e-05,4.77394075807874e-05,0.000225299636134252,0.000244749667445566,0.000324276838583109,0.00043625952653764,0.000240000266866018,0.000204249232348883,0.000106225904896205,1.64974969201542e-05,7.03997405943124e-05,3.55972903679451e-05,0.000152594172546049,8.68597481740389e-05,0.00013275028774345,9.2283526562813e-05
645,0.00027005279620561,0.000116240657206854,5.50493728161376e-05,0.00021647165802454,3.66844116494573e-05,0.000381409480089097,0.00010808203138831,0.000229139783140081,0.000519172955343373,0.00039717247513938,0.00014457326051406,0.000111083389978309,0.000415650968964385,0.000126568534138174,0.000217991050925201,0.000198818854401836,8.69365652822524e-05,0.000162746225335639,9.68103246930882e-05,0.000305289459428305,6.49665774718881e-05,9.93334016812436e-05,0.000355473096593211,0.00027849584500882,0.00026234623188251,0.000365652822231644,0.000265117927094289,0.000169644131412742,0.000101016734750455,0.000293191184443798,0.000125789341692926,0.000165282685158359,0.000231899080053643,0.000417473451459837,0.000102119179500583,5.07440818815215e-05,0.000170897415435246,2.81816656667997e-05,0.000633141216920452,0.000429712507909972,0.000127626106333725,0.000144282180116347,0.000143876482115705,0.000102645145366997,8.66506076621864e-05,6.09409993522678e-05,0.000316423316771719,0.000383458325982485,0.000219326708292178,0.000247868526679367,0.000120590781357357,0.000187921517175274,0.000151598618205407,0.000113203657568763,0.000337585357077245,0.000227549787088037,0.0002740112486247,0.000138189254249176,7.04398277461669e-05,0.000174166891828148,0.000319102200499069,0.000184551600020707,0.000154759782665382,0.000144043858246263,0.000306478993129495,0.000370888595767667,2.50785145239252e-05,0.000255447215570492,6.30801488302621e-05,0.000283956090362112,0.000204552049594719,0.000393613689335202,0.000417094160832256,0.000166666695702621,0.000139037752731335,0.000230523606821347,8.67027634397102e-05,0.000283554969380684,0.000102457420634284,0.000309755588520743,0.000282835550318268,0.00016075701041351,0.000246377474613695,1.27120607651472e-05,1.65033222847924e-05,6.19796910149123e-05,0.000291115590375395,0.000316027101871269,0.000418240694854721,0.000565152939690585,0.000309908944093098,0.000265119308382222,0.000137551413613044,2.12532647229902e-05,9.10999970376923e-05,4.59852426911299e-05,0.000196951128989815,0.000112392824119274,0.000171729352933131,0.000119768590717043
646,0.000338471217965802,0.000146925426558035,6.951296794278e-05,0.000271369337199197,4.59434568303844e-05,0.000477742881117322,0.000136495565121106,0.000286525774285952,0.000649310979723557,0.000496153793442841,0.000180833798905802,0.000139601115288039,0.000519148149642507,0.000158618589650749,0.00027240044775659,0.000248305792462229,0.000109035186398319,0.000204288480299945,0.000120920169488863,0.000382899679871531,8.23298098115733e-05,0.000124580306568517,0.000445391452606355,0.000349603533056413,0.000328433464113508,0.000458038079232789,0.000332260314324489,0.000214636669491558,0.000127189108242532,0.000369325211008119,0.000157656808535195,0.000206608353684364,0.000291350566416422,0.000521782114690093,0.000127937919245681,6.36942253707296e-05,0.000213724235408172,3.60273670577986e-05,0.000791970455037288,0.00053859870465745,0.000160940856387114,0.000180653790619012,0.000179751561296172,0.000128548195996777,0.000108210062991413,7.6509202023497e-05,0.000398691263955441,0.000481414245071528,0.000275184947660177,0.000310012846189208,0.000151440470160214,0.000235918612695836,0.000190461093141648,0.000143083498184115,0.000424308981489252,0.000286723406043551,0.000344122248000584,0.000172877328400491,8.80441026289971e-05,0.000218479915912883,0.000399053392168552,0.000230566206191395,0.000194231712661181,0.000180330124327008,0.000384689106050332,0.000465454118430067,3.19174383203207e-05,0.000320090894211224,7.91319323002192e-05,0.000355578035340734,0.000255878942959512,0.000492279514424716,0.000521260526544358,0.000208902523064304,0.000175185508205109,0.00028905781316929,0.000108313363723976,0.000355953713352748,0.000128542010920421,0.000387090221737225,0.000354421235607814,0.000201573136377954,0.000309081470218754,1.59675040387572e-05,2.06672867537422e-05,7.78733819103225e-05,0.0003641994622548,0.000395132231071448,0.000522625716550051,0.000708795953794381,0.00038758151303736,0.000333158562582662,0.000172453291693041,2.65294756278037e-05,0.000114206186899102,5.75311952022471e-05,0.000246126615249885,0.000140839119413906,0.000215118789474716,0.000150483799301565
647,0.00041547737034403,0.000181570245040173,8.60546032220311e-05,0.000333246158568077,5.63740500996514e-05,0.00058699680203587,0.000168712454869071,0.000351084990084457,0.000795806052840783,0.000607917600435795,0.000221541546831382,0.000171779005212518,0.000635283061336949,0.000194736298806859,0.000334115238921991,0.000303886161823681,0.000133915098605016,0.000251117751719636,0.00014789579186491,0.000469792421470664,0.000102575816406774,0.00015303357815507,0.000546254115456175,0.000429712585312291,0.000402789067163742,0.000561979472257509,0.000407803358777783,0.000265607777026926,0.000156856418004541,0.000455101593484303,0.000193667286972462,0.000253163712590669,0.000358536507314627,0.000638721507500029,0.000156975584263129,7.83381776845459e-05,0.000261791506183405,4.51098376826881e-05,0.000970375811630295,0.000661271199736989,0.000198745538354865,0.000221579135228442,0.000220077543669992,0.000157695838494946,0.000132350425131239,9.40530254840277e-05,0.000492026794651779,0.000591726232983692,0.000337982604911288,0.00037981514741249,0.000186299456657455,0.00029010738622581,0.000234370364899785,0.000177134279594169,0.000522006288372209,0.000353932460844916,0.00042319277519544,0.00021216587367801,0.000107788799507361,0.000267947461179181,0.000488752100631154,0.000282088010797606,0.000238821665588918,0.000221422036275866,0.000472429226283069,0.000572146054794853,3.97011466429634e-05,0.000392541978155638,9.72367476362206e-05,0.000436023058880438,0.000313551292488358,0.000603414837810915,0.000638133842002382,0.000256491132365926,0.000216196624656977,0.000355055432319631,0.000132645547490513,0.000437636409082899,0.00015778232406441,0.000473932219836565,0.000434988802912845,0.00024757897768769,0.000379805560895519,1.9649225612037e-05,2.53498768693357e-05,9.57843092520336e-05,0.000446290090660221,0.000483958818798797,0.000640063310147286,0.00087058826602463,0.00047491296469148,0.00040998363166361,0.000211764582635696,3.24596004735015e-05,0.00014030654342599,7.05178625906191e-05,0.000301293811315498,0.000172890455807922,0.000263962991349555,0.00018515683882175
648,0.000502688526316628,0.000220776583883414,0.000105074610036248,0.00040342951053767,6.82036025036385e-05,0.000711919376237214,0.000205375776389329,0.000424259562462361,0.000961956827692687,0.00073520181970844,0.00026755437800551,0.000208278430214565,0.000766596380715714,0.00023570147321631,0.000404765333151432,0.00036679538736256,0.000162091931389111,0.000304208130371895,0.000178280367796807,0.000567501526279322,0.00012633371125715,0.000185297734229227,0.000660054991039827,0.000520478046538688,0.000487008368575028,0.000679677267661301,0.000493331391940465,0.000323502997561015,0.000190658288449142,0.000552126812534956,0.000234646355628991,0.000306022510980135,0.000434894334101985,0.000770737570778475,0.000189841059799016,9.50012569485966e-05,0.0003160996764171,5.56389650544465e-05,0.00117215205232554,0.000800336167964397,0.000241842435155825,0.00026793589509319,0.000265755322079834,0.000190704630189358,0.000159575275562926,0.000113933588652808,0.000598453537483131,0.000716647060185149,0.000408970777255236,0.000458762391684883,0.000225919713617117,0.000351650342396925,0.000284263951054805,0.000216101357495869,0.000632630623752295,0.000430664171426181,0.000512874618341224,0.000257050761207274,0.000130089641820675,0.000323356984021665,0.000590074183645714,0.000340181292468889,0.000289504048848724,0.000268339731774585,0.000571374759109201,0.000693241057524111,4.85633965644837e-05,0.000474182825503329,0.0001177836745085,0.000526955068714751,0.000378800670819049,0.000729518220280083,0.000770202116859846,0.000310462208012008,0.000262959149038021,0.00042993698231209,0.000160260073675626,0.000530321524789767,0.000190714447794315,0.000572160217257768,0.000526243319645127,0.000299759233513004,0.000460066260868848,2.38425854519746e-05,3.06488918937949e-05,0.000116076302025061,0.000539126314479413,0.000584400628806013,0.00077318488212461,0.00105392957355693,0.000573798290048133,0.000497211152338474,0.000256318329940515,3.91771100989904e-05,0.000169989299865807,8.52279595455682e-05,0.000363625897175893,0.000209238655051306,0.000319306352538995,0.000224515395782972
649,0.00060173540358677,0.000265237012314793,0.00012696475735291,0.000483263328454891,8.16597610611176e-05,0.000855052924970565,0.000247172125083736,0.000507439559265447,0.0011509358408379,0.000880601866125,0.000319726504545088,0.000249780234698582,0.000915535608465438,0.000282297022526808,0.000485861746692714,0.000438233406685148,0.000194090360645537,0.00036455300548261,0.00021263555804709,0.00067777893812254,0.000154183627082524,0.000221980125012334,0.000788808236244867,0.000623558969405414,0.000582694443471408,0.000813336361107253,0.000590425952116751,0.000389366777674352,0.000229249348433988,0.000662079971253071,0.00028139630637571,0.00036622087917693,0.000521888694451804,0.000920259303843533,0.000227143104243748,0.000114009903351608,0.000377676880284144,6.78370299880775e-05,0.00140107988076209,0.000958466962327373,0.000291058941632479,0.000320602634096585,0.000317664960041826,0.000228208258389826,0.000190383631809208,0.000136519442923198,0.00072001624074052,0.000858442996873947,0.000489426997632876,0.000548339431598568,0.000271065929110171,0.000421719637997401,0.00034109304736358,0.000260752049853306,0.000758151377496723,0.000518418299307841,0.000614822423727035,0.000308441960628802,0.000155360357921282,0.000385680207656528,0.00070488799682178,0.000405897579339938,0.000347258443095485,0.000322024629520773,0.000683180746790812,0.000831037212468867,5.86671768679488e-05,0.000566470588762974,0.000141161708291429,0.000630034517359372,0.000452858211754128,0.000873078645338652,0.000919936660816166,0.000371825147987934,0.000316374233513854,0.000515129671477593,0.000191705744300131,0.000635780195741951,0.000227921910587356,0.000683648214870777,0.000629886571551658,0.000359103106134388,0.000551386406613129,2.86205544667741e-05,3.66652490941801e-05,0.000139115983648547,0.000644442145865536,0.000698354675035915,0.000924622224754751,0.00126223425637332,0.000686140656293435,0.000596467759415848,0.000306949662549996,4.6816212839306e-05,0.000203834360095071,0.000101941949910173,0.000434287306347593,0.00025057735161962,0.000382197162405386,0.000269294264826646
650,0.000714302498764986,0.000316008491548912,0.000152082564479978,0.000574157735428355,9.69711166804291e-05,0.00101811652091207,0.000294962174933077,0.000601806792015569,0.00136541116307904,0.0010461431196458,0.000378897492175781,0.000297043158835324,0.0010841755413473,0.000335318248537658,0.000578439925864753,0.000519258208317401,0.000230471247901897,0.000433222960072482,0.000251596962526124,0.000803249007911019,0.000186509771483357,0.000263699430457816,0.000934609011920436,0.000740630438212576,0.000691481357305822,0.000965180165488825,0.000700657404882545,0.000464639176100886,0.000273344244596692,0.000786930662453182,0.000334626284070189,0.000434644472390471,0.000621093101315706,0.0010896479397304,0.000269489968564999,0.000135695045334708,0.00044766199403434,8.1975886506686e-05,0.00166088375263109,0.00113860564850119,0.00034732290032186,0.000380461447061061,0.000376603203765948,0.000270908930334001,0.000225256255558683,0.000162208869586191,0.000858844131389456,0.00101943431217562,0.000580734541909569,0.000650022684771796,0.000322553652419329,0.000501526038441404,0.00040586356231054,0.000311941523699139,0.000900602114836843,0.000618744772356158,0.000730702270270566,0.000366905835643044,0.000184006695813238,0.00045662592258623,0.000835031887171735,0.000480237397566006,0.000413085122003102,0.000383103272275479,0.000809420779512347,0.000987918338235916,7.02924031781717e-05,0.00067116159807958,0.000167759507175927,0.000746908036458685,0.000536953293755142,0.00103654678737363,0.00108974198375436,0.000441508204602538,0.000377395451108224,0.000612087469311897,0.000227483533722869,0.00075599422540793,0.000270178003917369,0.000810251679269304,0.000747607217720359,0.000426617810273139,0.000655314123600885,3.40065473295038e-05,4.35123377569061e-05,0.000165281155278147,0.000763952290033374,0.000827730972191823,0.00109700867348861,0.00149897542568157,0.000813875935387253,0.000709420080085073,0.000364502051178622,5.55140670140005e-05,0.000242388310506584,0.000120931294142539,0.000514407486456265,0.00029760743089072,0.000453699291835079,0.000320256673138362
651,0.00084208775318865,0.000374239080797262,0.000180776988310533,0.000677539401507102,0.000114366496242305,0.0012026234245946,0.000349650119562869,0.000708491008153596,0.00160792474877968,0.00123370845150519,0.000445903245025442,0.000350845416737128,0.00127449780014112,0.000395563551086065,0.000683416424504243,0.000610892293515192,0.000271804501093959,0.000511307875610917,0.000295818665931233,0.000946754188326875,0.00022364737078027,0.000311077162952118,0.00109957272990607,0.000873371545167858,0.000815010923113434,0.00113743672300707,0.000825593322631673,0.000550859154612922,0.000323672628019859,0.00092872110138021,0.000395022146816659,0.000512141327051486,0.00073410828396489,0.00128124776990355,0.000317489776874763,0.000160388733402123,0.000527221579436223,9.83397819354022e-05,0.00195527406163668,0.00134376147033301,0.000411587265684637,0.00044839531154383,0.000443345970135639,0.000319525983241496,0.00026466934454142,0.000191407582407196,0.00101708755606408,0.00120195477494757,0.000684303121681806,0.000765286460079331,0.000381211148130237,0.000592289961299588,0.000479595082561999,0.000370546908333174,0.00106203244484504,0.00073320606002384,0.000862183095046656,0.000432922848465428,0.000216432408413529,0.000538087186134799,0.000982336699558675,0.000564188522807486,0.00048798953250023,0.000452123483815609,0.00095164808443884,0.00116628968662099,8.3748222830402e-05,0.000790086978007239,0.00019796564505705,0.000879218802439244,0.000632314856448389,0.00122236374349217,0.00128200589560335,0.000520419343745515,0.000446989480059408,0.000722271035601965,0.000268082459387189,0.000892998084306149,0.000318303460007348,0.000953821443477997,0.000881090635574378,0.000503315063760755,0.000773403859554171,4.00115896544479e-05,5.13066651732264e-05,0.000194952412503641,0.000899366625463116,0.000974442785167183,0.00129297794957162,0.00176764087549587,0.000958948175482898,0.000837744739630677,0.000429821051983871,6.5408568438755e-05,0.000286189408122215,0.000142465201854525,0.00060510713865486,0.000351031590968038,0.000534880507095428,0.000378172956039753
652,0.000986789108195133,0.000441076839271335,0.000213396985737657,0.000794834996740173,0.000134074726627478,0.00141008689655104,0.000412140152598629,0.000828621955120399,0.00188101855230344,0.00144518073293752,0.000521579667221929,0.000411965222516334,0.0014884840056267,0.000463831330009234,0.000801707796447876,0.000714158163534392,0.00031866002815749,0.00059989763356732,0.000345954752959738,0.00111113693205222,0.000265931651293885,0.000364734834881684,0.00128581480204132,0.00102346138247894,0.000954924953929411,0.00133233407586304,0.000966801277757958,0.000649565674982763,0.000380964149786092,0.00108949350327908,0.000463269752719352,0.000599559479590701,0.000862534971670557,0.00149740308582744,0.000371750653285033,0.00018842301805808,0.000617522198258328,0.000117212963599356,0.00228796120148302,0.00157694367167,0.00048480499218148,0.000525287205102103,0.000518669176034341,0.000374778754331925,0.000309099096487484,0.000224521295151617,0.00119689686139851,0.00140833815404721,0.000801542448546076,0.000895605066395938,0.000447866680828541,0.000695231824142607,0.000563307194784276,0.000437445333055214,0.00124449197659371,0.000863364631763591,0.00101093383513015,0.000506973461311383,0.00025304124863914,0.000631957055626264,0.00114863327884569,0.000658738730724775,0.000572977121515525,0.000529633087918071,0.00111141588873533,0.00136855650941983,9.93437831598893e-05,0.000925077853100042,0.000232168695829857,0.0010286099917276,0.000740171839460168,0.00143297061080143,0.00149911620629205,0.000609466531306563,0.000526122998605686,0.000847141030134763,0.000313991538736441,0.00104882624295506,0.000373119011080288,0.00111620834052151,0.00103202220253687,0.000590206584428737,0.000907210062195041,4.66467070558909e-05,6.01647386343942e-05,0.000228510350914811,0.00105239503063495,0.00114040337885544,0.00151516377424922,0.00207171839983043,0.00112330142473368,0.000983118363337188,0.000503752221123224,7.66376129292504e-05,0.000335775909963836,0.000166812882657993,0.000707506964096329,0.000411552529955005,0.000626808574453787,0.000443813448852452
653,0.00114994323852291,0.000517480447730685,0.000250278605680253,0.000927394161712977,0.000156299919603767,0.00164220442659924,0.000483234585969486,0.000963312258886253,0.00218705821637967,0.00168223937206405,0.000606666491062536,0.000481097642956287,0.00172809957722885,0.000540830891744801,0.000934139355087881,0.000829989451735796,0.000371546918508722,0.00069996252645974,0.000402559593577295,0.001298599640138,0.000313717189676686,0.000425227827499509,0.00149527549015376,0.00119240102831381,0.00111270983940441,0.00155189279888223,0.0011256960823275,0.000762123584752237,0.000445875145791915,0.00127111535277747,0.00053999280601704,0.000697661501416479,0.00100777788325385,0.00174021287608281,0.000432813312136703,0.000220084911736136,0.000719549118696019,0.000138884045366557,0.00266224222988592,0.00184070708567007,0.00056785703798333,0.000611923684455261,0.000603290026853714,0.00043727803579732,0.000358967058232222,0.000261901297983033,0.00140025032016892,0.00164066222380843,0.000933723002903269,0.00104229443830178,0.000523251945450948,0.000811473157762458,0.000657937506501693,0.000513452288789636,0.00144982669692226,0.00101065696956956,0.00117855054311212,0.000589648162308709,0.000294192927081308,0.000739771143381134,0.00133558201737775,0.000764830199304342,0.000668965148532065,0.000616274293326144,0.00129045144145165,0.00159686292402418,0.000117355048425792,0.00107773791516614,0.000270728346649978,0.00119655991310855,0.000861611799947558,0.00167041149383675,0.00174315555754814,0.000709502177526544,0.000615685200955749,0.000988002216116451,0.00036563557680118,0.00122530069916987,0.000435335732058518,0.00129900167480123,0.00120194048634567,0.00068820080724519,0.0010581482941986,5.39553790720224e-05,7.01870688340313e-05,0.000266332626324817,0.00122456039234555,0.00132728641835328,0.00176580903325488,0.00241440864891268,0.00130867470363647,0.00114703888672919,0.000587061551082845,8.93132931415683e-05,0.000391635978324222,0.000194221265778361,0.000822594930570016,0.000479794776521832,0.000730441559469341,0.000517871331135064
654,0.00133244175251482,0.000603651073127118,0.000291706265160505,0.00107625841915641,0.000181147326487338,0.0019014104216969,0.000563328204819006,0.00111360605953905,0.00252770413720077,0.0019457499245537,0.000701518761522323,0.000558605155524349,0.00199524512895225,0.000626915169132121,0.00108117145203861,0.000958964319899891,0.000430730987485739,0.000811994491000813,0.000465788698822886,0.00150878450711045,0.000367435963908612,0.000492846997524791,0.00172919445602322,0.00138097950468166,0.00128923027565106,0.00179730359738795,0.00130308150709551,0.000889201274541253,0.000518768691189534,0.00147475521203419,0.000625566395486657,0.000806868103847724,0.00117045769573565,0.00201079491771537,0.000500948828686265,0.000255481274587166,0.000833562434651981,0.000163659107276531,0.00307976086060792,0.00213578890273409,0.000661336376102213,0.000708705622971375,0.000697690882018298,0.000507200439719407,0.000414476173032094,0.000303681186657718,0.00162843790971954,0.00189998078047112,0.00108155834037187,0.00120603701319861,0.000607712358338393,0.000941739945836524,0.000764095708670605,0.000599136712959094,0.00167906810373822,0.00117601560560165,0.00136633773364864,0.000681977543234691,0.000340070985028285,0.000861635281705838,0.0015441614974273,0.000883222715836959,0.000776518123250625,0.000713066848648608,0.00149117807917686,0.00185230851020991,0.000137925250582901,0.00124876112502992,0.000313888737715334,0.00138388740479974,0.00099715676519077,0.00193514252684618,0.00201498591829427,0.000821156470050995,0.000716255345199935,0.00114553577042999,0.00042318252896079,0.00142339355995291,0.000505226068661726,0.00150274463622551,0.00139179681599739,0.000797793035724645,0.00122707857805213,6.21109009366538e-05,8.14101800752328e-05,0.000308785135440336,0.00141663763065746,0.00153580716957037,0.00204559327027415,0.00279776369782294,0.00151598692206248,0.0013302894862915,0.000680196779663645,0.000103444489093391,0.000454057396579778,0.000224848158895271,0.00095082807241084,0.000556070181605853,0.000846298724868608,0.000600731159394073
655,0.00153501499191484,0.000699600503960506,0.000337951473226416,0.00124239226233773,0.000208697483481441,0.0021903235180867,0.000652713912594367,0.00128053037569609,0.00290444039932494,0.00223637448296228,0.000806395351745792,0.000644767090358887,0.00229180507344657,0.000722348001610981,0.00124317319846996,0.00110157206191208,0.000496417231907084,0.000936365874951821,0.000535697865003825,0.00174069367586461,0.000427539302301468,0.000567817070543275,0.00198863621141754,0.00158980781955197,0.00148519553539749,0.00206954970932796,0.00149960856248945,0.00103129302073925,0.000599934545945076,0.0017014069125908,0.000720303456039679,0.000927514533180973,0.0013509990756868,0.00231002168488711,0.000576360868419115,0.000294673928691372,0.000959640946455731,0.000191848595911683,0.00354174747142323,0.00246247190257367,0.000765763983260428,0.000815937473180686,0.000802295389460857,0.000584614033152333,0.000475774733248837,0.000349940133330116,0.0018825775335366,0.00218709162575163,0.00124562278537475,0.00138735685419357,0.000701496766182872,0.00108665928526353,0.000882309513105376,0.000695005904610816,0.00193304407271613,0.00136024708456121,0.00157552703691203,0.000785102221778986,0.000390814921442576,0.000997297857903288,0.00177517984874868,0.00101463046993948,0.000896112367926403,0.000821124887460613,0.00171619316038481,0.0021357317133489,0.000161164438509919,0.00143861401076982,0.000361865122484422,0.00159124643737709,0.0011471873800008,0.00222722285150599,0.00231516408925189,0.000945004040876618,0.000828335205398997,0.00132026697337753,0.000486736138181865,0.00164386445960327,0.000582952809308934,0.00172771888607944,0.00160239571080333,0.000919375290518239,0.00141472205119597,7.13190218075015e-05,9.38546000634623e-05,0.000356230835191422,0.00162921467394973,0.00176644129861961,0.00235480519348062,0.00322354847785479,0.00174595196222648,0.00153347464874899,0.00078352608099522,0.000119014277642802,0.000523277853377814,0.000258829089301924,0.00109253069059011,0.000640612426711184,0.000974789632669936,0.000692700334372936
656,0.00175839329846691,0.000805340528730717,0.000389285738925992,0.00142676018452421,0.00023903092678933,0.00251156235201131,0.000751684612742746,0.00146511222597468,0.00331875108731033,0.00255477513984562,0.000921555134877443,0.000739862777598267,0.00261966382336148,0.000827393228621168,0.00142051370555182,0.00125830197165778,0.000568810648591305,0.00107344902607404,0.00061234288842743,0.00199332928929553,0.000494478533167054,0.000650362772140709,0.0022746652681046,0.00181949698089423,0.00170131489137183,0.00236961437265002,0.0017159282589368,0.00118889309973565,0.000689662470024665,0.00195206428598887,0.000824516922587579,0.00105993603571277,0.00154982668967814,0.00263876565176,0.000659253096820646,0.00033772469612896,0.00109786345443678,0.000223762957854417,0.00404943244010605,0.00282103886490043,0.00088166083618027,0.000933923687613433,0.00091752719711415,0.000669586883150245,0.000543011031244189,0.000400757310154674,0.00216378709510636,0.00250279256136633,0.0014264906623348,0.00158677802439381,0.00080485401567638,0.0012468582729422,0.00101310663162037,0.00080156716279203,0.00221258247953056,0.00156415795114959,0.00180735008307459,0.000900162815631252,0.000446564235286685,0.0011465072592764,0.00202944520109619,0.00115976765122874,0.0010282242048146,0.00094156254333731,0.00196809404354937,0.00244797097881303,0.000187182661085546,0.00164776310046429,0.000414872754415737,0.00181929098141649,0.00131208428918863,0.00254671160949243,0.00264424687114239,0.00108161952200012,0.000952426555613687,0.00151272110526123,0.000556400147430993,0.00188747303242004,0.000668678742419165,0.00197420608564813,0.0018345416900748,0.00105333959227711,0.00162179985107046,8.17854908422823e-05,0.000107540856504183,0.000409032682508128,0.00186287945060139,0.00201966447161392,0.00269373351104788,0.00369352792030178,0.00199928370634324,0.00175719886082653,0.000897417629207168,0.000136005735647883,0.000599535037365641,0.000296299584291521,0.00124802708607914,0.000733655193341937,0.00111632384489168,0.000794086256815108
657,0.00200321807539126,0.00092102480651925,0.000445991322813466,0.00163018110375884,0.000272194936385055,0.0028671417180427,0.000860495809617457,0.00166806501242317,0.00377198679105148,0.00290166285068974,0.00104721435804365,0.00084414393201109,0.00298011407038713,0.000942273150075209,0.00161369019455689,0.00142938420375147,0.000648105297081104,0.00122356597833827,0.000695753740716345,0.00226645379869287,0.000568839107069401,0.000740673185811527,0.00258799092980456,0.00207056366301641,0.00193822791350823,0.00269838686406069,0.00195261656955507,0.00136247728377708,0.000788192249290348,0.00222735777166167,0.000938487650476325,0.00120444566467476,0.00176723797314932,0.00299778740752299,0.000749788836395862,0.000384736177879134,0.00124836365758557,0.000259729878155713,0.00460385052158737,0.00321185761146479,0.00100947199501606,0.00106292787790474,0.00104368157347991,0.000762190592068842,0.000616302427829204,0.000456254163310549,0.00247308005276419,0.00284811957010458,0.00162455706804017,0.00180475402672242,0.000917964628592489,0.00142291605312897,0.00115694062993789,0.000919276652461466,0.00251841262405278,0.001788473408763,0.00206275094364998,0.00102793155127948,0.000507437481475194,0.00130911107030753,0.00230773152990276,0.00131903257256549,0.00117327659617151,0.00107514691390852,0.00224850876740115,0.00278968211679249,0.000216102215310097,0.00187667381906193,0.000473086491702693,0.00206851538220777,0.00149215801688825,0.00289398702802062,0.00300264908456559,0.00123141785673005,0.00108890179134811,0.00172334746665317,0.000632283888386909,0.00215481106302753,0.000762564260171697,0.00224244546340183,0.00208896744322886,0.00120003006834799,0.00184895621778405,9.36601111105043e-05,0.000122485850477679,0.000467440201303948,0.00211813424014503,0.00229584118193661,0.0030626680228747,0.00420930887453106,0.00227659957452516,0.00200198421478967,0.00102219683091708,0.000154417250863694,0.000683069614593582,0.000337345273923048,0.00141758283610639,0.000835378712733549,0.00127120937542542,0.000905111178465109
658,0.0022697749718132,0.00104737447873412,0.000508393491467999,0.00185289163718757,0.00030810376732586,0.00325666104406995,0.000979253411196366,0.00188884767081421,0.00426496412178834,0.00327794402270144,0.00118341876429827,0.000957751806886891,0.00337208162237561,0.00106704390777659,0.0018237123271691,0.00161401235572393,0.000734451487815819,0.00138683751055335,0.000785857094754551,0.00256287088892458,0.000651742963581433,0.000838794826684917,0.00292790166804672,0.00234314720558036,0.00219629536056502,0.00305638061530178,0.00220994931822188,0.00155244732853897,0.000895563773187852,0.00252646424060938,0.00106236817678985,0.00136126770103911,0.00200302143701532,0.00338740000147285,0.000847970037728206,0.000435974090517114,0.0014114948495362,0.000300145995740853,0.00520525397942531,0.00363563613217237,0.0011493388536502,0.00120305029210929,0.00118054026933572,0.000862510903470038,0.000695642557612191,0.000516721235075754,0.00281105208424187,0.00322506135904765,0.00183950018874006,0.00204145612336629,0.00104073582703108,0.00161521995951119,0.00131396848941206,0.00104838600222388,0.00285086950294103,0.00203359329557717,0.00234152345551717,0.00116770709040498,0.000573469438730985,0.00148535366419687,0.0026106761933157,0.00149156003978605,0.00133147906425789,0.0012212569530227,0.00255518809169788,0.00316079039675068,0.000248094390670342,0.00212580717899195,0.000536519611478383,0.00233877548389647,0.00168743860452551,0.00327070367646122,0.00339021762963472,0.00139417523362237,0.00123761579387983,0.00195229143920516,0.000714519047576908,0.00244579893735089,0.000864760169786819,0.00253250651655145,0.00236611834010564,0.00135959927286002,0.00209652780211765,0.000106868901328842,0.000138691976563508,0.000531249183426121,0.00239513872672738,0.0025948912320526,0.00346190289576071,0.0047718658622041,0.00257813113847516,0.00226802322506659,0.00115801802269457,0.000174308454633196,0.000774134160724015,0.000381852199318638,0.00160122862292893,0.000945749415046738,0.00143934804565569,0.00102565675507171
659,0.0025582606983343,0.00118525255736497,0.00057682826297498,0.00209498282673207,0.000346638418439787,0.00367911591631147,0.00110802592636348,0.00212660552035149,0.00479836619609723,0.00368457392601771,0.00133017147067702,0.00108080004014544,0.00379390056621948,0.00120172010400155,0.00205171787517522,0.001811120885835,0.000827988593958946,0.00156333408773761,0.000882553798741357,0.00288614455325324,0.000744446164528306,0.000944738567798756,0.0032933307463127,0.00263729261458641,0.00247580828850655,0.00344401509687391,0.00248812729150487,0.00175918648555393,0.00101176695705882,0.00284819717172389,0.00119627895904656,0.00153060423271309,0.00225683836105998,0.0038078045979333,0.000953758308420731,0.000491744929517119,0.0015876652225837,0.000345425188003694,0.00585369945433479,0.00409316745896761,0.00130132688939711,0.00135435033738661,0.00132775665602815,0.000970637096217298,0.000780994123650772,0.000582491341753013,0.00317819442212033,0.00363584481634982,0.00207081898304895,0.00229698501632824,0.0011730065081736,0.00182410937313388,0.00148427304530494,0.00118909570659553,0.00321018953705028,0.00229983610846268,0.00264317389689648,0.00131841970348742,0.000644673941729017,0.00167557861132406,0.00293888239516088,0.00167616898197062,0.00150298777133559,0.00137892457858301,0.00288491345645403,0.00356103845296935,0.000283342724774664,0.0023956230895537,0.000605144995610818,0.00262976750534205,0.00189788597284926,0.00367883520972376,0.00380665742634143,0.0015695081525449,0.00139829406592975,0.00219962242483892,0.000803242900240429,0.0027601891916405,0.000975414882245072,0.00284441630949307,0.00266636792065101,0.00153215186663791,0.00236477435752029,0.00012128193412576,0.00015615800271605,0.000600141987705326,0.00269396694564877,0.00291662325169724,0.00389173338823072,0.00538201532305595,0.00290401350779377,0.00255542601162618,0.00130499277359722,0.000195754289196327,0.000872984228822331,0.000429656504366209,0.00179893640506098,0.00106468028017354,0.00162054012884026,0.00115551949338475
660,0.00286887196555615,0.00133552205440143,0.000651631655419798,0.00235654571431401,0.000387679888554879,0.00413350192098562,0.0012468818640028,0.00238048388023871,0.00537287613055445,0.00412250783077557,0.00148747559421565,0.00121340226970649,0.00424390498881132,0.00134631634102631,0.00229884461036198,0.00201964425234456,0.000928855988673982,0.00175312617490942,0.000985744700876075,0.00323983878494141,0.00084820477173517,0.00105851528219092,0.00368321142808411,0.00295304489603488,0.00277705775329719,0.00386170977927769,0.00278735127597168,0.00198307800635456,0.00113679171624491,0.00319137004389709,0.00134034045476489,0.00171265734760396,0.00252835002506711,0.00425920236122807,0.00106711525607649,0.000552355190353369,0.00177728296902309,0.000395981332338091,0.00654924358703069,0.00458524462379494,0.00146550157957123,0.00151688742089627,0.00148498410490375,0.00108665844917409,0.000872319829002573,0.000653897299645049,0.00357499829898049,0.00408269683016535,0.00231801240958132,0.00257144140761109,0.0013146155692015,0.0020499236750421,0.00166793713287861,0.00134160626009267,0.00359660914723547,0.00258752034429013,0.00296720854600825,0.00147899966100644,0.000721064825144249,0.00188012948206874,0.0032929533392642,0.00187167832819941,0.00168795887966646,0.00154718170849257,0.00323446630168408,0.0039901689197302,0.000322030755231449,0.00268658146004654,0.00067893552596801,0.00294118766540396,0.00212346004260834,0.00412035528271778,0.00425167339467735,0.00175703311336545,0.00157066211021877,0.00246540982547621,0.000898592721616907,0.00309773436214673,0.001094676808527,0.00317820190662276,0.00299008972481086,0.0017177925105064,0.002653955637441,0.000136769282129724,0.000174882696889683,0.00067380097297224,0.00301469293220947,0.00326084587060587,0.00435245475880953,0.00604057369682167,0.00325438179208153,0.00286430269443728,0.00146323265268264,0.000218829696793023,0.00097987537195392,0.00048059433295368,0.00201067814101674,0.00119208428800601,0.00181458589823691,0.00129449590015407
661,0.00320177614971095,0.00149878752434449,0.000733048558699979,0.00263755140579046,0.000431145400504119,0.0046189065723526,0.00139592505930588,0.00265015133586688,0.00598875436842344,0.00459219417536435,0.00165535770901728,0.00135568853065883,0.00472092470139682,0.00150085616418113,0.00256576831646522,0.00223891912045333,0.00103716619043348,0.00195630339651747,0.00109539522152244,0.00362613857377002,0.000963855932038914,0.00118014518865987,0.00409707573014353,0.00329047461245328,0.00310035204281487,0.00430987186325879,0.00310780456511202,0.00222462002359035,0.00127061684914805,0.00355598587426588,0.00149458158788972,0.00190757537827064,0.00281726359187629,0.00474179261147739,0.00118800455332153,0.000618023597507435,0.00198073126980886,0.00045219835887324,0.00729195748837587,0.00511251999266301,0.00164196680416762,0.00169073233447545,0.00165205069378356,0.00121066770922771,0.000969582662309522,0.000731189614116316,0.0040018829231728,0.00456723228708641,0.00258089068993581,0.00286493638405355,0.00146540464240823,0.0022929803035694,0.00186510266400201,0.0015060827879834,0.00401032667763385,0.00289690678290818,0.0033132796656581,0.00164889235953756,0.000802662668362173,0.00209910536915013,0.00367358676714697,0.00207729481854045,0.00188652305695137,0.00172551140994788,0.00360181679507894,0.00444794705563112,0.000364253138912927,0.00299877356902168,0.000757881920577359,0.00327321158191112,0.00236416399001326,0.00459664221763592,0.00472505319334381,0.00195653261542318,0.00175455363907477,0.00274975376224952,0.00100067138069258,0.00345828366159472,0.00122256669648751,0.00353388515956361,0.00333809161815479,0.00191662731905276,0.00296430090211415,0.000153233395126581,0.000194866043993874,0.000752052187788,0.00335741918293189,0.00362744917741815,0.00484442171821812,0.00674828360534016,0.00362941522331147,0.00319473168536637,0.00163283505554966,0.000243600322151727,0.00109498391458964,0.000534555323201077,0.00223650667622049,0.00132790225266534,0.00202135039215755,0.00144253630693341
662,0.00355702328955337,0.00167461969174038,0.000820959349961581,0.00293749126276005,0.000477097073140252,0.00513478509683986,0.00155540065269451,0.00293736953737615,0.00664457065971613,0.00509205407118285,0.00183393821745472,0.0015078544467672,0.00522577241263416,0.00166539889101245,0.00285131682501706,0.00246989098312565,0.00115292429894627,0.00217303201473188,0.00121172906970185,0.00404171289559353,0.00109056113232337,0.00130968588904643,0.00453685068247741,0.00364975455247789,0.00344606837259177,0.00478885947054298,0.00344960048010379,0.00248477019437835,0.00141317668641141,0.00394680583294711,0.00165866514807182,0.00211529163587858,0.00312346975655018,0.0052557672919874,0.00131639813287395,0.000688617791490281,0.00219829326053341,0.000514340408679682,0.00808197014982491,0.00567508326783744,0.00183098005390403,0.00187600140867193,0.00182948332638653,0.00134277149536082,0.00107274675455078,0.000814289546778168,0.00445897940612598,0.00508861806745675,0.00286050909764778,0.00317762257183779,0.00162522630053511,0.00255350892620341,0.00207614785697168,0.00168254893854311,0.0044513881655117,0.00322802533607788,0.00368162345699306,0.0018296037000397,0.000889515029610416,0.00233162745464579,0.0040818585711122,0.00229377643701301,0.00209870899264725,0.00191520134731884,0.0039896900150352,0.00493422861653461,0.000409749009746716,0.00333081617203774,0.00084204624210382,0.00362793246857012,0.00262017401312115,0.00510669300580323,0.005226915435881,0.00216845315594264,0.00195023520325337,0.00305287723313453,0.0011094441214409,0.00384207300860867,0.00135859464147899,0.00391146706884668,0.00371291876874723,0.00212876822191455,0.00329591743891558,0.000170706231531696,0.000216112896758438,0.000835296439635578,0.00372236203922675,0.00401664909639101,0.005368226785962,0.00750559239886567,0.0040294695229465,0.00354666456387022,0.00181384068396207,0.000270094619954897,0.00121816926682219,0.000591643090156857,0.00247679840373668,0.00147218632518944,0.00224095770913066,0.00160020634449222
663,0.00393463408946874,0.00186233082364669,0.000915153278162799,0.00325573671075679,0.000525633249320964,0.00568068464891664,0.00172558911089801,0.00324442340109396,0.00733847208113154,0.00562000179788218,0.00202336097896818,0.00167011203896536,0.00575975655553466,0.00184001278212071,0.00315385597949869,0.00271390754026675,0.0012761085592302,0.00240349745115311,0.00133503452660014,0.00448185172278474,0.00122706294448409,0.00144720433095202,0.00500506206837318,0.00403108306127215,0.00381460119007368,0.00529901845310109,0.00381283484904697,0.00276460105695246,0.00156439444173844,0.00436978062830267,0.00183216239138842,0.00233568567624487,0.00344690509720721,0.00580131650186072,0.00145226999247483,0.000763917641820222,0.0024302270654486,0.000582641675563297,0.00891942503298031,0.00627288348564805,0.00203283722217883,0.0020728223587111,0.0020179836129061,0.00148307989457994,0.0011817765222898,0.000903036048303689,0.00494634683503828,0.00564540905005804,0.00315823416923675,0.00350966298198189,0.0017939358514355,0.00283171726772023,0.00230151000669103,0.00187099299079904,0.00491980157141754,0.00358084819853835,0.00407262210574544,0.00202315470956765,0.000981676211827136,0.00257657244297283,0.00451893918115829,0.0025222689786242,0.00232451988165005,0.0021179903342687,0.00440199976762587,0.00544889198261933,0.000458168620924283,0.0036809573939052,0.000931508389371739,0.004007922938057,0.00289170956545081,0.00564890930582789,0.00575746147453881,0.00239340723161973,0.00215808156311718,0.00337503395531767,0.0012248417815821,0.00424943499828754,0.00150214307572818,0.00431094342223004,0.00411755067027631,0.00235432860249184,0.00364888204200643,0.000189252126917816,0.000238629324868278,0.000924078225728406,0.00410976630372688,0.00442874301068572,0.00592452193374284,0.00831287360975631,0.00445494453482201,0.00392002120130322,0.0020062760662249,0.000298331747373494,0.00134921161014975,0.000652014743101584,0.0027320106035398,0.00162501649084538,0.00247359671273886,0.00176822546840386
664,0.00433462925384234,0.002061233187121,0.00101541959226183,0.0035916591753147,0.00057685227190394,0.0062561523830522,0.00190677090064571,0.00357359784334778,0.00806860570936873,0.00617395163511348,0.00222376985299787,0.00184267332818708,0.00632418556310962,0.00202476609810638,0.00347175162339131,0.00297231649178184,0.00140669721630317,0.00264788512738161,0.00146559987340313,0.00494184502771647,0.00137210394041665,0.00159276746197804,0.00550423567111827,0.00443465848399953,0.00420634494270637,0.00584069466290393,0.00419760350004151,0.0030651851495466,0.00172419332883258,0.00483086096869443,0.00201464457391674,0.00256863705518659,0.00378750619196582,0.0063786303402,0.00159559412986524,0.000843703018015571,0.00267679080880628,0.000657336353329965,0.00980446559944462,0.00690586968242469,0.00224783420239042,0.00228132289981838,0.0022182531635357,0.00163170299389155,0.00129663638209005,0.000997268069365962,0.00546404429710797,0.00623616011367195,0.00347543244122226,0.0038612206255039,0.00197138860296269,0.003127813052896,0.0025416264080635,0.00207140322377843,0.00541557485589993,0.00395534756502872,0.00448665779764758,0.0022315664151762,0.00107920051795049,0.00283281703854839,0.00498599902728369,0.00276391823838111,0.00256395891885574,0.00233561718446073,0.00484265985892396,0.00599181553406393,0.000509162225637093,0.00404744535943454,0.00102634826120546,0.0044157556030478,0.00317899010052102,0.00622169277631807,0.00631689266156713,0.00263200733915036,0.00237846747902879,0.00371647764598541,0.00134679519883644,0.00468070222573031,0.00165259443146183,0.00473231000747178,0.00455496681643017,0.00259342184418473,0.00402327150554788,0.000208935416857685,0.000262421398008296,0.00101894204327991,0.00451987677906509,0.00486402830346353,0.00651395913326232,0.00917050077037018,0.0049062401027734,0.00431472146901975,0.00221016773064318,0.000328330861578482,0.00148789112607049,0.000715827391315825,0.00300260055560435,0.00178647273490024,0.00271945626656478,0.00194731313424168
665,0.00475805083887561,0.00227139430609388,0.00112186639511895,0.00394570705693211,0.000630987131195291,0.00686291672413063,0.00209958593563762,0.00392700642329523,0.00883566321197699,0.0067545515715362,0.0024358346979746,0.00202612612951966,0.00692133766363954,0.00222025153977641,0.00380461412405549,0.00324673068037241,0.00154501289696192,0.00290696366458215,0.00160397473613327,0.00542022703253522,0.00152558989189715,0.00174684693307953,0.00603734335606997,0.00486175249607052,0.00462269246796206,0.00641557446554725,0.0046049623042662,0.00338782486069642,0.00189299868049258,0.00533483601181136,0.00220633339989986,0.00281467713753578,0.00414626098096565,0.00698933640788401,0.00174673740689037,0.00092804522019209,0.00293867616627064,0.000738827168257337,0.0107395178632345,0.0075757799251334,0.00247679383111119,0.00250216832232227,0.00243124566402812,0.00178916877973419,0.00141759592435057,0.00109708438316916,0.00601335777870855,0.00686112203146642,0.00381384302243404,0.00423337838563577,0.00215806188790626,0.00344271553252702,0.00279738537571691,0.0022843414031616,0.00593998100963062,0.00435238495244597,0.00492537004703043,0.00245666030833458,0.0011823872184893,0.00310079677517455,0.00548530855655805,0.00302019405964513,0.00281761369013471,0.00256974669339613,0.00531551421819687,0.00656451573596899,0.000562712499781194,0.00443029746346217,0.00112688113382585,0.00485410657781409,0.00348297639673389,0.00682509716506756,0.00690685530585243,0.00288517623475671,0.00261224233238488,0.00407836165027479,0.00147556743121646,0.00513731920204,0.00181006452303602,0.0051766922658987,0.00502780717753174,0.00284679737434852,0.00442007432779085,0.000229809261257821,0.000287570908994175,0.00112050474315304,0.00495397792962746,0.00532399247033353,0.00713916447460714,0.0100810523311086,0.00538500252474224,0.00473188429939311,0.00242607144154564,0.000360160740560371,0.0016344662755817,0.000783381802221685,0.0032895970383864,0.0019570813760331,0.00297937855095509,0.00213845481843718
666,0.00521002630803446,0.00249590273198788,0.00123587720520284,0.00432263665596461,0.000688809407294821,0.00751143117869542,0.00230611191745635,0.00430607727141472,0.00965051461990658,0.0073733844318431,0.00266232936829156,0.00222256143466464,0.00755737026648164,0.00242915956876375,0.00415703194436922,0.00353982351992493,0.00169275575511872,0.00318383448217657,0.00175175412015944,0.00592850895848207,0.00169207937022383,0.00191153320862604,0.00660914131686513,0.00531793009388375,0.00506903016341878,0.00703070628112647,0.00503980730521506,0.00373474198014456,0.00207324430589823,0.00588184871265082,0.00241005236624423,0.00307694452418416,0.00452836285243125,0.00764081231289614,0.0019076381418117,0.00101818127085532,0.00321830901915511,0.000828190976510154,0.011736138048023,0.00829150840328506,0.00272264671760953,0.00273817421696374,0.00265892310237357,0.00195767683627457,0.00154614543481265,0.00120362305304183,0.00660048086291444,0.00752732915415451,0.00417669531094263,0.00463089863446494,0.00235692113880065,0.00378019006149036,0.00307147930317674,0.00251266324124121,0.0064993531437742,0.00477637916631857,0.00539542768261942,0.00269945973816971,0.00129251545423499,0.00338718250419328,0.00602353828433612,0.00329386247919493,0.00308840934525522,0.00282174758392782,0.00582412726748956,0.00717506139312279,0.00062013181007097,0.00483660818092827,0.00123436379303988,0.00532606598300956,0.0038075945320248,0.00746578457661272,0.00753477554282749,0.00315507771276611,0.00286215398871846,0.00446543782512537,0.00161275041790398,0.00562517810233585,0.00197760269332404,0.00564973425311265,0.00553735363044308,0.00311774879615931,0.00484392582334533,0.00025188211735981,0.000314462543164724,0.00122967259080879,0.00541751286681315,0.00581488345669607,0.00781066052140417,0.011055926414546,0.00589786391509477,0.00517742486887236,0.00265665990735574,0.000394088645587862,0.00179110863767714,0.000855553375807442,0.00359631482426826,0.00213915406657111,0.00325681901331268,0.00234370008085441
667,0.00569670447660091,0.00273860227309854,0.00135915439488428,0.00472828124773214,0.00075122532775076,0.00821433052370487,0.00252878599465519,0.00471206716101487,0.010526574554958,0.00804476674973529,0.00290655371733254,0.00243444602947711,0.00823941057626232,0.00265470508690785,0.00453483807108988,0.00385453356712216,0.0018519703264647,0.00348218219915102,0.00191079437568717,0.00648144627657179,0.00187729414657549,0.00208932145634075,0.00722483182921047,0.00580982960408488,0.005551742816681,0.00769447904336193,0.00550799458946091,0.00410838814793537,0.00226786613332465,0.00647088047553727,0.00262927541802215,0.00335922962503841,0.00494005655660838,0.00834187316499593,0.00208062751699481,0.00111563962310825,0.00351854880018543,0.000926673166724929,0.0128081649298974,0.00906373833702676,0.00298885041432784,0.00299269374958685,0.00290349954212165,0.00213984464711138,0.00168408037305319,0.00131828196484359,0.00723283403197528,0.00824351172683558,0.00456759127712877,0.00505946361629271,0.00257155381311655,0.00414471352068327,0.0033670516036929,0.00275979793696304,0.00710128939961848,0.00523263833433282,0.00590475686173862,0.00296078851822297,0.00141110933354962,0.00370020390633151,0.00660845874304387,0.00358801358216345,0.00337985542496,0.00309291456074669,0.00637199355204136,0.00783315939523554,0.000683064945925384,0.00527524125679898,0.00135028840205104,0.00583482744088345,0.00415751190921244,0.00815206920467555,0.00820952446456163,0.00344418582703219,0.00313142493459662,0.0048833576554273,0.00176026831837311,0.00615128301774118,0.00215899166732852,0.00615820967828423,0.00608454852866104,0.0034102057567484,0.00530037301091104,0.000275151266739011,0.00034355670898953,0.00134742420535767,0.00591696436377454,0.00634413932039933,0.00854094395566533,0.0121087260612998,0.00645270284230338,0.00565845741492552,0.00290513507252069,0.000430431458749207,0.00196046807084966,0.000933361170202913,0.0039266401841138,0.0023354487922534,0.00355588641780449,0.00256536450221555
668,0.00622423415985699,0.00300333673772142,0.00149340033653401,0.00516847410755462,0.000819141120111335,0.00898424953611732,0.00277004531578743,0.00514623286540427,0.0114772576389319,0.00878301505891383,0.00317180759848132,0.00266424669981216,0.008974585797608,0.00290010299604816,0.00494386549097483,0.00419379937864683,0.00202470114669099,0.00380569143449164,0.00208295185292194,0.00709379445781915,0.00208695599213091,0.00228270684394684,0.00788961716881272,0.0063440893533196,0.00607721521535321,0.00841528168597399,0.00601538024357658,0.00451121500411324,0.00247980009104692,0.00710091270479517,0.00286747650030592,0.0036653228500052,0.00538758684374281,0.00910133407394293,0.00226803671480528,0.00122194873005387,0.00384225494208734,0.00103551912753817,0.013969437284945,0.00990315294650557,0.00327886247370852,0.00326908008603567,0.00316718904682192,0.00233828969584336,0.00183319619864907,0.00144245900443408,0.00791783776814075,0.00901839999460898,0.00499013289137322,0.0055247555754204,0.00280554736832463,0.00454076279100298,0.00368724569051529,0.00302917468927285,0.00775338791845127,0.00572647058417506,0.00646128374171209,0.00324147046203574,0.00153969296479527,0.00404809066231614,0.00724784046510729,0.00390573745368366,0.00369546146999176,0.00338454232854361,0.00696260761709162,0.00854851663201744,0.000753156696763401,0.00575506043604042,0.00147614712406282,0.00638358457368499,0.00453739593111549,0.00889226524297804,0.0089399731631242,0.00375497463140855,0.00342327765658647,0.00533777262607073,0.00192004529209796,0.00672263803937926,0.00235801417005209,0.00670889225058401,0.00667033422568247,0.0037280979032471,0.00579496290918774,0.000299613990970781,0.000375313814938181,0.00147473820591017,0.00645881519366404,0.0069191981192915,0.00934251145940252,0.0132530543119877,0.0070573978748405,0.00618209617502056,0.00317469888148764,0.000469506062132656,0.00214519443359216,0.00101782424353792,0.00428445938878692,0.00254872353881915,0.00388068952859749,0.00280576366324279
669,0.00679644765880191,0.00329253819751132,0.00163966753634136,0.00564691783616396,0.000893149380102252,0.00982857241179831,0.00303154166539913,0.0056097022180094,0.0125115025776262,0.00959710359815828,0.00346019386639663,0.00291352696403298,0.00976784783360916,0.00316739741618069,0.0053880464205449,0.00455965393096585,0.00221222475849866,0.00415670304916916,0.00226934347279574,0.00777461673275861,0.00232456922814827,0.00249327372033488,0.00860627332736589,0.00692490420035027,0.00664945609047456,0.00919828364437754,0.00656557257396245,0.00494492170604389,0.00271097368764679,0.00777070119600214,0.00312703925627012,0.00399754825265045,0.00587513701435528,0.00992459554674804,0.00247134542688864,0.00133808048710909,0.00419126756039902,0.00115546784608191,0.0152285346024586,0.0108165936426732,0.00359477532150638,0.00356943856378352,0.00345144314837636,0.00255462349078806,0.00199461066742188,0.0015770216252392,0.0086598904171406,0.00985711758464055,0.00544639544868764,0.0060302475307523,0.0030612431795682,0.00497104433153813,0.00403393154761623,0.00332300985646163,0.00846010125751542,0.00626101549102984,0.00706978336897691,0.00354186807423381,0.00167920318139215,0.00443598522373739,0.00794565653157837,0.00424884403481673,0.0040373351647058,0.00369729041088475,0.00759727956010648,0.00932735211475534,0.0008315351778174,0.00628201150695289,0.001612908597119,0.00697377883914215,0.00495017232182891,0.00969273809649592,0.00973162681081453,0.00408909521951134,0.00373989305228959,0.00583224532530548,0.00209332939851566,0.00734374407198132,0.00257718749373339,0.00730616478555434,0.00729463870947451,0.00407392117362575,0.00633104332088772,0.000325339076663653,0.00041002342430619,0.00161214399571392,0.00704709317353599,0.00754477618917596,0.0102227099738588,0.0144974981544978,0.00771707479624588,0.00675323701507176,0.00346734047940668,0.000511517499365618,0.00234693732236179,0.00110958575881662,0.00467212612838656,0.00278075339904081,0.0042338417166231,0.00306626468653963
670,0.00740791121730368,0.00360299177756017,0.00179640903576986,0.00615879233594013,0.000972588176159115,0.0107336810222423,0.00331178537200751,0.00610308729272829,0.0136203444128293,0.0104746374265619,0.00376902738083699,0.0031802372705352,0.0106154473812127,0.00345394933992774,0.00586370999537479,0.00495050787968278,0.0024127457326284,0.00453218287209269,0.00246812843914641,0.00851020737000336,0.0025847683762033,0.00271896315906494,0.00936787116051327,0.00754669513240608,0.00726296994682289,0.0100357763607657,0.00715318876632907,0.00540819748037855,0.00295928075293266,0.0084780993097484,0.00340598612149856,0.00435236446117709,0.00639864457006641,0.0108033996794277,0.00268862738201024,0.00146278055894652,0.00456334950190834,0.00128523270347017,0.0165729992245531,0.0117955345996998,0.00393322087672588,0.00389088320682074,0.0037546632520965,0.00278643363913835,0.00216673072017216,0.00172071555094995,0.00945130177862502,0.0107503616523621,0.00593234754260736,0.00657057559960459,0.003335998292681,0.00543118291414296,0.00440388544185773,0.00363866843420125,0.00921329963787398,0.00683073842007478,0.00772242634642235,0.00386049862378073,0.00182822771699291,0.00485668112563856,0.00869069021801311,0.00461402269033677,0.00440197676790781,0.00402927760683733,0.00826858168745931,0.0101619333410426,0.00091726180757341,0.00685036843117341,0.00175944735862449,0.00759984303689788,0.00539180009055264,0.0105520580152199,0.0105765269008519,0.00444490684400677,0.00407928566344551,0.00636198275481996,0.00227866429691529,0.00800908927471015,0.00281396719955518,0.00794484652422443,0.0079533325058855,0.00444443666921094,0.00690316518477361,0.000352681330558854,0.000447291719692766,0.00175837411456502,0.00767600629605251,0.00821470297767693,0.011168287477202,0.0158305803658004,0.00842584825032868,0.00736790231477848,0.00378019781423946,0.00055622346023214,0.00256334528547292,0.00120778529854058,0.00508586376995205,0.00302938189382412,0.00461197477987077,0.00334444086223481
671,0.00805087456494745,0.00393007086631919,0.00196142801010156,0.00669714683467508,0.001056481944895,0.0116807066578511,0.00360850140012254,0.00662687122357683,0.0147903422703269,0.0113978793082964,0.00409442600283585,0.00346142480022256,0.0115114598358297,0.00375594897806818,0.00636528458080266,0.00536386630018537,0.00262370064683085,0.00492775297415593,0.00267672652653829,0.00928116839768633,0.00285997050795111,0.00295680541486451,0.0101650552398855,0.00820143966883293,0.00790988523261073,0.010916831779026,0.0077705982262145,0.00589897907108982,0.00322160669701957,0.00922073479787733,0.0037012492296773,0.00472476374744732,0.00695198556277183,0.0117260739652497,0.00291710481821536,0.00159423805255269,0.00495524429621561,0.0014230206793125,0.0179851142065493,0.0128276081825601,0.0042894659316839,0.00422928021076694,0.00407448823164626,0.00303030177280592,0.00234728559394515,0.00187175607282358,0.0102813595157243,0.011685222735272,0.00644243109129864,0.00713816667389645,0.00362592367116941,0.00591503288886306,0.00479261021082421,0.0039723025775088,0.0100017076965451,0.00742793618398573,0.0084082321660507,0.00419541807072448,0.00198476703030834,0.0052998846739262,0.00946792734859353,0.00499668264094613,0.00478448468201604,0.00437798753434389,0.00896690185775029,0.0110410399300493,0.00100888133033087,0.0074514872136732,0.00191411442082451,0.00825445780207384,0.00585649656776291,0.0114668464603946,0.0114633490066858,0.00481994579732357,0.00443842844282824,0.00692010301966223,0.00247391754654894,0.00871065862033644,0.00306454341593622,0.00861736581399526,0.00864127177523407,0.00483497178216829,0.00750368022362061,0.000382067064430789,0.000486554038523045,0.00191171188639666,0.00833730759777762,0.00892008621037383,0.012160842206831,0.0172358076701363,0.00917508009596543,0.00801989608228634,0.00410919603465051,0.000603269796055427,0.0027910666092042,0.00131118655008568,0.00552036309975776,0.00329146965110815,0.00501022512309443,0.00363691702233841
672,0.00871758743131842,0.00426914885223956,0.00213252763461854,0.0072550305601608,0.001143855122923,0.0126507806090264,0.00391941471425422,0.00718153714457093,0.0160080552759051,0.0123490920075335,0.00443250759342669,0.0037541367339988,0.012449960592871,0.00406958654138086,0.00688719854216668,0.00579723426786136,0.00284252607885663,0.00533903542625258,0.00289255750953569,0.0100681018439404,0.00314259269504682,0.00320383074246105,0.010988470137113,0.00888111532897672,0.00858233039605062,0.0118305218430461,0.00841017035915684,0.0064152032221503,0.00349483693002257,0.00999623541223233,0.00400976071449245,0.00510973838332332,0.00752903604436714,0.0126809458974818,0.00315399997354933,0.00173064207491415,0.00536369547292113,0.00156703875321846,0.0194471626037677,0.013900446756229,0.00465877727869732,0.00458049577124172,0.00440855696068957,0.00328280952370248,0.00253400452578611,0.00202835848211735,0.0111393512915687,0.0126487913708686,0.00697108801292773,0.00772544764554704,0.00392713027853979,0.00641644860574405,0.00519560869210012,0.0043200644414014,0.0108140500705468,0.00804490559543855,0.00911622031986425,0.00454468237511302,0.00214682158004923,0.0057553021745069,0.0102623537475016,0.00539223310734714,0.00517995730944876,0.00474090381134694,0.0096826279295796,0.0119534515009453,0.00110493849038923,0.00807672385942345,0.00207526079596425,0.00893030376979174,0.00633847908393593,0.0124337248932644,0.0123807687017653,0.00521174837189049,0.00481429434321182,0.00749972422488036,0.0026769567066687,0.00944043708163089,0.00332510627129528,0.00931615100226777,0.00935331267783885,0.00524085390466343,0.0081249401602039,0.000413922590053862,0.00052724571822216,0.00207044063514206,0.00902275011527539,0.00965203361284608,0.0131819724001447,0.0186966867917465,0.00995613219203264,0.00870302232574097,0.00445026028930439,0.000652302358158686,0.00302674957983427,0.00141855320082783,0.00597031490407809,0.00356387729883196,0.00542372915104802,0.00394031799886048
673,0.00940859366652969,0.00461999647623016,0.00230986676457735,0.00783262770777147,0.00123483633248308,0.013640737679725,0.00424573563878487,0.00777137151794206,0.017274285123353,0.0133237570810682,0.00478378358437293,0.004058886003314,0.0134348264909191,0.0043950276432518,0.00742972296015988,0.0062526990753299,0.00306937702022611,0.0057666618324552,0.00311576155770911,0.0108652427299795,0.00342918650900774,0.00346035489119916,0.0118398684448639,0.00958633326828575,0.0092808437473747,0.0127773928640884,0.00907256395445531,0.00695970004720466,0.00377938132144332,0.0108100501818963,0.00433210847982893,0.00550752670415395,0.00813098741881933,0.0136685098816112,0.00339957040283955,0.00187181575415519,0.00579020742036814,0.00171722603866346,0.0209600809498996,0.0150142862071581,0.00504130001149946,0.00494480328867285,0.00475805396750766,0.00354386147417927,0.00272702096502864,0.00219065614929888,0.0120252658635682,0.0136408905973841,0.00751961100193488,0.00833237553914644,0.00423976178167746,0.00693551388541596,0.00561345500217924,0.00468248835275712,0.0116520095840565,0.00868164574087627,0.00984503295703429,0.00491013019678586,0.00231444433627374,0.00621885644883885,0.0110703189204649,0.00580167914175059,0.00558845742561563,0.0051196380724963,0.0104173591128968,0.0128998711923053,0.00120505937380178,0.00872493335756014,0.00224318002708788,0.00962847691847902,0.00683806234629339,0.0134586794152586,0.0133292441151075,0.00562190489139466,0.00520820369925806,0.00810128616954317,0.00288817018394884,0.0101997559772025,0.0035949568803299,0.0100423432158998,0.0100925572894789,0.00566245371410618,0.00876708988042654,0.000448826464459619,0.000569330025031282,0.00223500216485103,0.00973279406871095,0.0104109768977144,0.0142276763108207,0.020214420273334,0.0107702839445624,0.00941897436419137,0.00480372892468025,0.000703551010666778,0.00327006739658031,0.00153000376026269,0.00643607672198821,0.00384693756602434,0.00585288685230081,0.00425510206427861
674,0.0101576136028061,0.00499997388903054,0.00250302697513253,0.00845866234321028,0.00133397093832279,0.0147102267281248,0.00460261593758625,0.00841587411878404,0.0186468037784742,0.0143702312561885,0.005166339690358,0.00439004854180363,0.0145091401412426,0.00474833950749557,0.00801649977689479,0.0067506768841358,0.00331528211753861,0.00623130192955168,0.00335736042065377,0.0117213580493412,0.00373284152079999,0.0037398355888919,0.0127654348399558,0.0103522391866179,0.0100396030448937,0.0138038886229144,0.0097915953364537,0.00755487313858591,0.00408974757832993,0.0116989132449103,0.00468350351036708,0.00593935129923469,0.0087882924983809,0.0147379279720025,0.00366621492804189,0.00202411830295124,0.00625532796187157,0.00188045018458651,0.0225994196921189,0.0162197765077081,0.00545669242948943,0.00534010498272083,0.0051383463988511,0.0038266540083457,0.00293608521015976,0.00236645476167726,0.0129818963662517,0.0147122734559875,0.00811669585785632,0.00898902790996845,0.00458009266098357,0.0074972304308464,0.00606700837319292,0.00507763732589809,0.0125691018098887,0.00936896480181066,0.0106318028554081,0.00530873099474849,0.0024958983144295,0.00671133638058668,0.0119336270993927,0.00624840912240101,0.00602990529789189,0.00553231401927107,0.0112175400230489,0.0139286962203218,0.0013131954336372,0.00942496663387836,0.00242593578043536,0.0103837345997862,0.00737995056903888,0.0145851546885456,0.0143563635980004,0.00606822180455685,0.00563886637317992,0.00875451542880257,0.00311802977475236,0.0110273320090138,0.0038858403028526,0.0108319346995763,0.0108950913477753,0.00612031502888308,0.00946144692270299,0.000487966225708183,0.000614881940455722,0.00241447220003996,0.0105027284126539,0.0112346437257647,0.0153515522576514,0.021860993931451,0.0116584849482092,0.0102010027603,0.00518759307851568,0.000759581668911189,0.00353279291041348,0.00165107602636494,0.00694067310376635,0.00415487158607307,0.00631915255068338,0.00459706125294034
675,0.0110066616929004,0.00543083859383793,0.00272394552141309,0.00916899349976266,0.00144690849081655,0.0159346001259586,0.00500869273440246,0.00913834805040623,0.0201976257750756,0.0155500900528054,0.0056026551967953,0.00476546603364951,0.0157257855982814,0.00514956476053391,0.00867701364983883,0.00731616607305531,0.00359398843116316,0.00675863498750881,0.00363109624297108,0.0126988477886441,0.00407078180125188,0.00405901605796944,0.0138224620202435,0.0112226124199337,0.0109011959089381,0.0149679272676604,0.0106093702132569,0.00822801945829912,0.00444396786711712,0.012707380016555,0.00508281256098607,0.00643168082134771,0.00953871944737571,0.0159505291352397,0.00396936768789432,0.0021955429551155,0.00678436577948928,0.00206531097379247,0.0244593827559699,0.0175801711517163,0.00592949113348277,0.00578871027785434,0.00556834705608779,0.00414770646075073,0.00317335177195484,0.00256547808577191,0.0140627370284275,0.0159264254885812,0.0087978891565023,0.00973301244595781,0.00496843010023822,0.00813282941558738,0.00658219931618183,0.00552795654700741,0.0136318005080171,0.0101453732335207,0.011523285450002,0.00576123692779797,0.00270149904131152,0.00725974736896666,0.01290544619774,0.00676140725905135,0.00652918556664419,0.00600118336985762,0.0121408266267324,0.015100247320592,0.00143437946471803,0.010213173598338,0.00263353425304558,0.0112392495086697,0.0079949453431215,0.0158659600154785,0.0155214980572994,0.00657255959135623,0.00612933960907819,0.00949646027183118,0.00337952812286443,0.0119712282248655,0.00421261258495468,0.0117296304774393,0.0118052465058093,0.00664002495262488,0.0102471219885756,0.000532681657116819,0.000666504374816828,0.00262008494534185,0.0113765492852748,0.0121700857448241,0.0166215985757078,0.023726089401112,0.012671602344783,0.0110902473876326,0.00562425708636287,0.000823544261025059,0.00382972388524342,0.00178866261922902,0.00751279535249154,0.00450537259345567,0.00684924415384165,0.00498582103966075
676,0.0119977523895654,0.00593434809384955,0.00298455965854806,0.00999948021071403,0.0015792985403388,0.0173892102449593,0.00548260315297759,0.00996209641611802,0.0219987656469642,0.0169249089908302,0.00611520938909824,0.00520298016303344,0.0171376469164753,0.00561874602878855,0.00944074923645939,0.00797416502086467,0.00391924302146882,0.00737434027629332,0.00395071116926243,0.0138601119345068,0.00446023142119171,0.00443463952086198,0.0150682426835821,0.0122412323041932,0.0119082099598383,0.0163274269464627,0.0115679942929699,0.00900643596834937,0.00486007435423962,0.0138800059121108,0.00554890238656509,0.00701098392327515,0.0104200364301276,0.0173676423379066,0.00432446282113483,0.00239408294446114,0.00740262955527914,0.00228040818908625,0.0266341740669973,0.0191587236330203,0.00648423272429504,0.00631292859854206,0.0060669687405856,0.00452353816594334,0.00345097516118927,0.00279744988810226,0.0153212820789043,0.0173468322370683,0.00959873747368307,0.0106019368350592,0.0054250812832215,0.00887354201319094,0.00718495834218668,0.00605589120226818,0.0149065794384155,0.0110493814912852,0.0125662361758322,0.00628840015473132,0.00294156204371483,0.00789109481319504,0.0140389441289616,0.00736965776145461,0.00711118287223917,0.00654849784244234,0.0132448748906438,0.0164748452287131,0.00157364426186678,0.0111259041608988,0.00287598164195745,0.0122381943400858,0.00871384825949031,0.0173539046984105,0.0168840183998602,0.00715677873177198,0.00670268065105364,0.0103641689678017,0.00368565787207022,0.0130795076725583,0.00459012977272741,0.0127801355736305,0.0128673544166624,0.00724717058896232,0.0111632257795866,0.000584312542002795,0.000726800238435949,0.00286307460538969,0.0123982528247445,0.0132643546027198,0.018105813600061,0.0258993883173316,0.0138605032760938,0.012127848119755,0.00613612528377402,0.00089858871514153,0.00417565808497982,0.00194965615894938,0.00818113477124279,0.00491613382264966,0.00746987956942155,0.00544100689925491
677,0.01315225992274,0.00652190735395015,0.0032910111248459,0.0109686825578522,0.00173421734240837,0.0191143780653528,0.00603438517659505,0.0108984426702892,0.0240864872300012,0.0185278645867083,0.0067159898479657,0.00571169654353287,0.0187703607417516,0.00616642098458936,0.0103236991528022,0.00873808555583962,0.00429812196609328,0.00809182741968989,0.00432353288929746,0.0152385057632904,0.00491013125060345,0.00487542466204238,0.016532201276389,0.0134308786300638,0.0130824892591977,0.0179118327298727,0.0126895974979959,0.0099039672867613,0.00534813787601976,0.0152382307664047,0.00609170431122435,0.00769095569677272,0.0114535993405815,0.0190205689040768,0.00473970120981845,0.00262382273750419,0.00812248401370131,0.00252958733078687,0.0291730052319722,0.0209872773944141,0.00713402844484356,0.00692425746368715,0.00664391019221363,0.00496291235363886,0.00377531878785098,0.00306740008081915,0.0167841632196099,0.019006845713373,0.0105376471299456,0.0116151756485556,0.00596169933453888,0.00973493306159432,0.007888915842084,0.00667357724657763,0.0164285608421124,0.0121001953398182,0.0137853570890838,0.00690009052770055,0.00322133299452064,0.00862058273561371,0.0153622166908973,0.0080886852950373,0.00778845585833633,0.0071851539214423,0.0145596972893483,0.0180856762727262,0.00173368240402637,0.0121817397913226,0.0031584045066921,0.0134025734639667,0.00955261844741013,0.0190738796712732,0.0184748095211377,0.00783219618698219,0.00737159924590537,0.0113769141322832,0.00404319483320004,0.0143767519602555,0.00502609387047482,0.0140070591122272,0.0141036207927243,0.00795478598680285,0.0122294942714229,0.000643321706278271,0.000797140835782926,0.003149190569737,0.0135905034088822,0.0145421607589905,0.0198402250061598,0.0284258068515466,0.0152524543063549,0.0133342422625374,0.00673473833020575,0.000986269327174205,0.00457822853749115,0.00213770649486333,0.00896045261130024,0.00539661185542852,0.00819519051549448,0.00597316920324448
678,0.0144089976311081,0.00716351118577463,0.00362625959133288,0.0120259648169745,0.0019044479731216,0.0210102990013364,0.00663968022669546,0.0119107916715314,0.026354051568265,0.0202785373430229,0.00737501733523854,0.00626577650630771,0.0205405740859869,0.0067651074838988,0.0112878878492265,0.00957499330425397,0.00471101741174876,0.00887542745675475,0.00473123127351876,0.0167512057103256,0.00539628935609363,0.00535799201415422,0.0181322892393317,0.01473033300704,0.0143629036337125,0.0196366973781025,0.0139164066079308,0.0108806486556377,0.00588638394833034,0.0167110320924482,0.00668540793604813,0.00843419698949033,0.012595114991166,0.0208204995877821,0.00519435070926852,0.00287321173157195,0.00890451804882518,0.00279767676927005,0.0319451185825732,0.0229720356745177,0.0078462881064527,0.00759094676993072,0.00727201390484584,0.00544356783421808,0.00412958165877827,0.00336158315859903,0.0183705620449497,0.0208192838095061,0.0115644634247841,0.0127191709910822,0.00655532114209728,0.0106699020562757,0.00865850172609366,0.00735191370968947,0.0181074608843562,0.0132398017815735,0.0151171367306174,0.0075626486722776,0.00352577815095504,0.00941620965106703,0.0168030712189269,0.0088801763479202,0.0085242591817666,0.00787662715619719,0.0160047323288875,0.0198573891504495,0.00190782560662113,0.0133281881985783,0.00346641085669948,0.0146697179501483,0.0104678451894087,0.0209391023943119,0.0202108122709849,0.00856795484296068,0.0081074151512258,0.0124828657664308,0.0044340474852647,0.0157936169375704,0.0054995907153518,0.0153496266170465,0.0154477475836183,0.00872569297616068,0.0133881645363504,0.000706664146234987,0.00087397104792158,0.00346224296761922,0.0148906383741026,0.0159388499200219,0.0217329778309641,0.031171199320884,0.0167803196893928,0.014647056851067,0.00738818218073237,0.00108175786415853,0.00501640932648111,0.00234349239327978,0.00980978991674863,0.00592331666274947,0.00898896395183383,0.00655655790997759
679,0.0156861386305399,0.00781880186264539,0.00396746921221472,0.0131033923123808,0.00208020021371924,0.0229421370756005,0.00726553058425875,0.0129505686295167,0.0286589690078885,0.022068108758891,0.00805182090804312,0.00683064531191352,0.0223376865525447,0.00737781842858748,0.0122818477346696,0.010440367341881,0.00513165052241615,0.00967720178036204,0.00514906173753717,0.0182863435006853,0.00588623060342439,0.0058509375718838,0.0197585897616404,0.0160573774993232,0.015667579351352,0.0213891005737795,0.0151706726166689,0.011883062973101,0.00644507675693177,0.0182042718227992,0.00729526743136176,0.00919053508805144,0.0137838779239308,0.0226485975005437,0.00566044591812544,0.00312679055669456,0.0096963765971224,0.00306475059242568,0.0347747641317055,0.0249877916609077,0.00857699616254863,0.00827043450834836,0.00791490831085736,0.00593548731322821,0.00449117168002199,0.00366155976174974,0.0199727976224484,0.0226668308875002,0.0126118914024293,0.0138421318506125,0.00717432953462899,0.0116156821570986,0.00944584578427138,0.00805149039007151,0.0198216442114501,0.0143908831284398,0.0164760102624621,0.00823153290738941,0.00383479391633031,0.010234172697525,0.0182642429328148,0.00969235786389763,0.00926952150265376,0.00857703786227738,0.0174717750231714,0.0216874981521449,0.00208706536919576,0.0144949886514365,0.00378072906391177,0.0159557905434425,0.0114012753063295,0.0228348719593506,0.0219804814878541,0.00932265406688019,0.00887110062730571,0.0136124182177958,0.00483390747432013,0.0172372770144786,0.005982552102726,0.0167259677118413,0.0168113107982757,0.00951016033232675,0.0145620989207792,0.000770417900759581,0.000952504150064228,0.00378055711319233,0.016214663296469,0.017367426603911,0.0236602464518118,0.0339566545788931,0.0183533631014371,0.0159832163527356,0.00805367911433263,0.00117863046091041,0.00546200979961225,0.00255444984975049,0.0106742576798738,0.00646452156286573,0.00980240064863846,0.00715634787450896
680,0.0169018560369054,0.00844742165788485,0.00429180414169713,0.0141330303683709,0.00225168384544204,0.0247750563108352,0.00787897853026485,0.013969198753917,0.0308587498950043,0.0237877603334301,0.00870592962350578,0.00737172822090582,0.0240510977447889,0.00796756672052602,0.0132541112180691,0.0112896867444942,0.00553374246207632,0.0104492117833859,0.00555227969696351,0.0197320508594428,0.00634747985835792,0.00632285732991736,0.0213011860325451,0.0173297941711148,0.0169146426800853,0.0230561219995311,0.0163746465181046,0.0128577931372736,0.00699448048758446,0.0196238118900153,0.00788653696749056,0.00990979727907949,0.0149591826809255,0.0243860257538829,0.00611002143502958,0.00336909984290215,0.0104457045950647,0.00331088288814363,0.0374861918922744,0.0269093385411605,0.00928213706655752,0.00892015867001565,0.00853622184262336,0.00640865349621641,0.00483749675763301,0.00394889053057913,0.0214831890196308,0.0244321713093877,0.013612636107112,0.01491226721512,0.00778710734086628,0.0125095065239263,0.0102030778066729,0.00873289708619159,0.0214494754696972,0.0154761216923059,0.0177764128466472,0.00886220155196289,0.00412827669395875,0.0110306690129576,0.0196484670523256,0.0104734567867639,0.0099751714811216,0.00924050635525323,0.0188526203861104,0.0234735175680748,0.00226239319129498,0.015611880418668,0.00408208750026114,0.0171769539886609,0.0122946556190161,0.0246464874582131,0.0236722720101975,0.0100548932259135,0.00962362793443585,0.01469596583393,0.00521846644642227,0.0186149066009559,0.00644690982796505,0.0180542120203639,0.0181058864456282,0.010258456830592,0.0156741597711196,0.000830661008738688,0.00102795341742318,0.00408245832061229,0.0174785837520445,0.0187408953287549,0.0254982052460404,0.0366032614791233,0.0198808482187176,0.0172596452349347,0.00868845140998527,0.00127046325224575,0.00588683930454708,0.00275801485982725,0.0114989668929616,0.00698849987403049,0.0105867013761072,0.00773771395189331
681,0.0179881332363564,0.00901530839421205,0.00458030864055638,0.0150593399291622,0.00241080095171172,0.0263982283524241,0.00845254922153273,0.0149221393359226,0.0328363888403219,0.025346904424863,0.00930410391292744,0.00786056793490847,0.0255897397798015,0.00850414925912174,0.0141594909018114,0.0120862347627285,0.00589534694775381,0.0111518135624845,0.00592024636796775,0.0209992638435484,0.00675169794640834,0.00674810775796126,0.0226717001402617,0.0184800351026506,0.0180367522012846,0.0245444504229997,0.0174644613876464,0.0137586502157717,0.00750989578918152,0.0208931826226677,0.00843095275143283,0.0105511363162978,0.0160707534818798,0.0259347910274402,0.006519827064995,0.00358716112020014,0.0111102555160664,0.00351942564145602,0.0399338309834379,0.0286323291346466,0.00992486106795748,0.00950521668271204,0.00910534045649467,0.00683858421005107,0.00514981326923313,0.00420838588842565,0.0228127261510773,0.0260167314531696,0.0145124310111126,0.0158705811860634,0.00836751885003324,0.0132997820495857,0.0108906670169941,0.00936294977039543,0.0228907105916686,0.0164314648083435,0.0189474768686109,0.00941852827814628,0.00438976629936603,0.0117672716704671,0.0208754366818841,0.0111820878721623,0.0106005670239399,0.0098295251980265,0.0200597804085112,0.0251304725411883,0.00242587244548553,0.016620423854261,0.00435464650720889,0.0182646744946086,0.0131004056277946,0.0262836847072579,0.0251951403218045,0.0107288471985277,0.0103320614101512,0.015676558508171,0.00556778085435023,0.0198502236828898,0.00686912029330592,0.0192675400300644,0.0192583430206291,0.0109298003672844,0.0166608659229613,0.000884063915870489,0.00109641745418165,0.00435054559716375,0.0186134290401451,0.0199884087379845,0.0271477995803882,0.0389621294741604,0.021287953299436,0.0184081060019064,0.00925702153427778,0.0013521053982517,0.00626736280355032,0.00294363448167268,0.0122391473010082,0.00746928904122737,0.0113016871514239,0.00827205889257122
682,0.0189321946961711,0.00951358209193257,0.0048295473958509,0.015876364418644,0.00255622282467399,0.0277968553365229,0.00898069931823754,0.0157809759927964,0.0345768175128571,0.0267278768278351,0.00984202970430735,0.0082931769198186,0.0269406748295379,0.00898449893392892,0.0149779201620797,0.012824511346667,0.00621184790864792,0.0117785420294523,0.00624874616895636,0.0220901358374625,0.00708708953209764,0.00712408722580202,0.0238679097689492,0.019499232438304,0.0190246957499335,0.0258392109518877,0.0184317786267602,0.0145683579541871,0.0079867691631469,0.0220065879333797,0.00892617913687869,0.0111110068218294,0.0171100332572438,0.0272802742733336,0.00688547343853024,0.00377791951849518,0.0116882169813131,0.00368684242596391,0.0420928269493655,0.0301358547879116,0.0104969816004345,0.0100213437210323,0.00961468020472485,0.00722293776688537,0.00542477147872788,0.00443785539075011,0.0239470823195914,0.0273969057607209,0.0153091232989082,0.0167092583188422,0.00891135419332111,0.0139796105587567,0.0115024403734925,0.00993336911054035,0.024130670655006,0.0172459199048552,0.0199771236074277,0.00989804817097302,0.00461737619693127,0.0124270574836846,0.021932676464555,0.0118184171231313,0.0111387830244622,0.0103400759428245,0.0210886349887658,0.0266434316251833,0.00257385399642239,0.0175094636530741,0.00459629430433277,0.0192116321260626,0.0138136355509216,0.0277539464209822,0.0265400494878116,0.0113309929083684,0.0109878337009638,0.0165478683170017,0.00587936637777583,0.0209331205498151,0.007243738328463,0.0203593356831819,0.0202567189623191,0.01151920532288,0.0175133621686103,0.000929666695099341,0.00115753618040636,0.00458451272264607,0.0196103233530968,0.0211037119763651,0.0286090587791948,0.0410044504127362,0.0225635149296823,0.0194197133052936,0.00975311270423252,0.0014234981601004,0.00659866771729539,0.00310880002389285,0.012890503659851,0.00790398301636178,0.0119416599797117,0.00875569702852666
683,0.0197350751539094,0.00993965832074859,0.00503996520120966,0.016590542880623,0.00268831305865555,0.0289801470219808,0.00946336835639348,0.0165213264233196,0.0360904518462024,0.0279312441960975,0.0103226242998193,0.00867168508260161,0.0281104975796718,0.00941233263203856,0.0156956125685058,0.0135068206212542,0.00648296182700164,0.0123312267998677,0.00653766931889498,0.0230296245575228,0.00734599523969979,0.00745395457824622,0.0249091315017524,0.0203931883384828,0.0198837934744186,0.0269451377789128,0.0192821417184263,0.0152768682676054,0.00842558357403726,0.0229759001307881,0.00937636251419128,0.0115951888848969,0.0180788946151476,0.0284287000118,0.00720728639251753,0.0039408010676692,0.0121878851489331,0.00381287471241057,0.0439685044404795,0.0314198664792952,0.0109974778937264,0.010471934396275,0.0100624146635431,0.00756490760019367,0.00566287012159376,0.00463835837604394,0.0248906016750323,0.0285678306898849,0.0160135885830255,0.017433278282341,0.00941988496241294,0.0145532676090825,0.0120405642680654,0.0104421019483616,0.0251760680236191,0.0179217594334268,0.0208679715655809,0.0103067116686978,0.004812863263247,0.0129984792013736,0.0228246689280632,0.0123929983545585,0.0115913236226882,0.010776512389206,0.0219552810021627,0.028014974226445,0.00270376058178257,0.0182796655951833,0.00480835108073962,0.0200258104117932,0.0144401282861364,0.0290891920384175,0.0277184642186924,0.0118533827903754,0.0115884695306296,0.0173162228826915,0.00615510350309408,0.0218700330671787,0.00756984337002001,0.0213380337856529,0.0211043451957609,0.0120306351988921,0.0182364497895524,0.000967101826181147,0.00121183484513496,0.00478832716998731,0.0204754146064782,0.0220966983139959,0.0299067831562001,0.0427314367426188,0.0237122842775182,0.0203004198335898,0.0101777483244806,0.00148585582423521,0.0068804970810579,0.00325301385770464,0.0134588594780378,0.00829543987806954,0.0125095421130786,0.00919117058712946
684,0.0203978093471312,0.0102909526503623,0.00521200685026165,0.017208314358906,0.00280743524798308,0.0299573131676467,0.00990049587201472,0.0171188083262733,0.0373877077739501,0.0289575731834012,0.0107488050016372,0.00899822233022294,0.0291058027158769,0.00979136724054163,0.016298781690722,0.014135466711435,0.00670840518505793,0.0128116974893093,0.00678690603674921,0.0238426877200669,0.00752075569348872,0.00774086866010045,0.0258146819218161,0.0211677049635946,0.0206193655231262,0.0278669650967927,0.020021094145625,0.0158741330711124,0.00882682198640924,0.0238129915235296,0.00978564927373369,0.0120094625947232,0.0189792101637213,0.0293862927630766,0.00748559176383906,0.00407523179760414,0.0126175561770545,0.00389726397153931,0.0455661881072022,0.0324843151871369,0.0114253291775712,0.0108603833197388,0.0104467174091788,0.00786768714345037,0.00586460793330724,0.00481095418279857,0.0256476283672592,0.0295246426985052,0.0166367024759913,0.0180476207454445,0.00989438274899177,0.0150250287582066,0.0125072050926105,0.0108870951255943,0.0260336150614177,0.0184612558456439,0.0216226392455538,0.0106504692095755,0.00497798437490571,0.0134699895722973,0.0235558966001338,0.0129163853813313,0.0119596929586174,0.0111431883367296,0.0226758153239904,0.0292476797513585,0.00281301493924308,0.0189316954606645,0.00499213702553632,0.0207151928805708,0.0149856667311782,0.0303213409985956,0.0287418492249203,0.0122880692794886,0.012131493622905,0.0179879498275096,0.00639687271669996,0.0226673971004273,0.00784651485456066,0.0222120691434141,0.0218045526460169,0.012468053496834,0.0188349300672728,0.000996001788871809,0.00125983869740506,0.00496595641211554,0.0212148507158679,0.0229772610209758,0.0310657730251441,0.0441443009115764,0.0247390125110056,0.0210561782752884,0.0105319517996532,0.00154039267709952,0.00711259393011346,0.00337577835432498,0.0139500382641163,0.00864651770498648,0.0130082558036328,0.00958102179574945
685,0.020916817747532,0.0105633168671661,0.00534477194706955,0.0177293783107333,0.0029129810632898,0.0307298845275442,0.010287879224194,0.0175552714709767,0.0384672690149758,0.0298028808230349,0.0111191885722953,0.00927189195503045,0.0299272108988175,0.0101218197943949,0.0167730235095295,0.0147085308365899,0.0068866248997378,0.0132178365760527,0.00699476511801224,0.024540950566302,0.0076061613400728,0.00798515567616429,0.0265918155665679,0.0218214564551155,0.0212307002547588,0.0286027255440763,0.0206460603305524,0.016347840874839,0.0091873058837062,0.0245197381064966,0.010153767302815,0.0123558272288948,0.0198046208778012,0.0301521249419865,0.0077185466614894,0.0041800856447446,0.0129805264810838,0.00393963780903685,0.0468794070410196,0.0333216333711025,0.0117762124672217,0.0111867398027286,0.0107646181760063,0.00813183171911366,0.00602894415605726,0.00495514369645251,0.0262164619029581,0.0302575595378738,0.0171814654061167,0.0185524112035425,0.0103314746331829,0.0153952579556422,0.0129002998320932,0.0112628101438878,0.0267036626772188,0.0188625755979254,0.0222386190427373,0.0109311671390075,0.00511300268576278,0.0138293370491952,0.0241252834601589,0.0133926627546487,0.012242650932976,0.0114403844026652,0.0232599976453219,0.0303325627064659,0.00289873856839932,0.0194620689861088,0.00514739887918421,0.0212821544427931,0.0154510299759661,0.0314629844042933,0.0296128730659847,0.0126266747148152,0.0126104717221263,0.0185635383497595,0.00660471885509463,0.0233238153465884,0.00807127439974865,0.0229818410650182,0.0223554191390689,0.0128317537314702,0.019308558480514,0.0010161798890282,0.00130159077718839,0.00511896590738884,0.0218288752487406,0.0237469173479193,0.0320946329306082,0.0452338605065656,0.0256405044159385,0.0216862820982169,0.0108142056973269,0.00158770471590358,0.00729351034559691,0.00347603284648485,0.0143654839525895,0.00895662379192145,0.0134362860610129,0.00992425586238438
686,0.0212700637633508,0.0107463476243134,0.00543197933743094,0.0181264758470777,0.00300045448043494,0.0312686758363941,0.0106047470643386,0.017837493908901,0.0392808904292868,0.0304449856664377,0.0114151896157696,0.00947969079090174,0.0305514466891205,0.0103899079200177,0.0171014636504069,0.0152072025938434,0.00701098962667428,0.0135317379891613,0.00715322966428751,0.025082708436913,0.00760680191539792,0.00817581127120924,0.0271995387905667,0.0223246048787949,0.0216929588692821,0.0291236455426385,0.021121988452268,0.0166766265690975,0.00948921082491826,0.0250580306196047,0.010462770476528,0.0126211588184534,0.0205158411990477,0.0306966605416974,0.0078956332829126,0.00425202817178584,0.0132600935055396,0.00393916837036377,0.0478545080976729,0.0338941794161628,0.0120325959199906,0.0114376719565754,0.0110085713309814,0.008347344205577,0.00614868005888262,0.00506419399023266,0.0265712232161217,0.0307371241330773,0.017619377064852,0.018928358458045,0.0107092096488808,0.0156486727183827,0.0132008678437498,0.0115497671445474,0.0271611159594694,0.0191074611660235,0.0226928989241523,0.0111342354309824,0.00521220645872499,0.0140614529007106,0.0245095192942008,0.013800037970955,0.0124279804893962,0.0116520884751269,0.0236922389203682,0.0312143779989383,0.00295684801652011,0.0198507017341668,0.00526758958756263,0.0217066355353676,0.0158169818791375,0.0324494000132674,0.0302990196974388,0.0128591010521314,0.0130031336549503,0.0190201239518827,0.00677134415520393,0.0238065578290126,0.0082354123475675,0.0236156068694829,0.0227340101045754,0.0131073494705718,0.0196369072970458,0.00102817273691106,0.00133520528819303,0.00523931305588544,0.0222941143801552,0.024373680467502,0.0329371843405391,0.0459493536712952,0.0263817792490386,0.022163387887539,0.011012829236861,0.00162591478092523,0.00741703459208009,0.00355046451297159,0.0146891221817807,0.00921136229837529,0.0137743689249804,0.0102057299175438
687,0.0214308965369623,0.0108280777916478,0.00546600267757709,0.0183656084923452,0.00306438755158424,0.0315368228240918,0.0108261858669341,0.0179784857620556,0.0397685946621731,0.0308571566445866,0.0116139221963965,0.00960558905709686,0.0309492606224034,0.0105783493916954,0.0172666101500022,0.0156084486747558,0.00707359845617842,0.013731548520396,0.00725270135370603,0.0254129241974546,0.00752971697774441,0.00829899844999981,0.0275847959026543,0.0226401842814504,0.021975270776978,0.0293942499601856,0.0214057076290472,0.0168368616392454,0.00971105088792227,0.0253797634890254,0.0106902941669115,0.0127885525828044,0.0210653539358274,0.0309832114499633,0.00800416509766503,0.0042871728479858,0.0134345549522187,0.00389491393592409,0.0484260425739671,0.034156793188615,0.0121736454787056,0.0115965025926161,0.011169887399205,0.00850158937021771,0.00621507741753459,0.00512981368431304,0.0266799885975695,0.0309289607026511,0.0179140619594321,0.0191513171368672,0.0110009923184221,0.0157660789552916,0.0133856990778848,0.0117250009287926,0.027374518541524,0.0191735490305235,0.0229573407497274,0.0112409999666355,0.00526839023396199,0.014150564099463,0.0246797353399887,0.014110249263006,0.0125007203322366,0.0117582152599396,0.0239506129191252,0.0318263156361037,0.00298295859279268,0.0200733592240044,0.00534458864790538,0.0219629679768296,0.0160592824915097,0.0331965372470196,0.0307589769238514,0.0129748201513807,0.0132832502686145,0.0193290037123548,0.00688761520405982,0.0240750614026317,0.00832866122108069,0.0240735883784418,0.0229121378731139,0.0132767842951614,0.0197945029818951,0.00103269776888211,0.00135831422506119,0.00531655324311362,0.022581289937067,0.024817187532915,0.0335210529537249,0.0462296236886624,0.0269199098847595,0.0224534930077526,0.01111360080056,0.00165252742320919,0.00747576397999407,0.00359519749408665,0.0149004990159687,0.00939288660002187,0.0139988031928274,0.010406764072365
688,0.0213726652107411,0.0107965402390129,0.0054392156237393,0.018412777770942,0.00309931232890343,0.0314974612205327,0.0109272821064663,0.0179912571524497,0.0398704043589252,0.0310126626884582,0.0116925003785127,0.00963355697287586,0.0310914032342839,0.0106698619837131,0.0172509710449633,0.0158892357708875,0.00706655047856127,0.0137954149615175,0.00728358186439881,0.0254765607134811,0.00738194608539256,0.0083408802173005,0.0276945312116723,0.0227312287098997,0.0220467653881282,0.0293790636644239,0.0214540469791655,0.0168049175706403,0.00983134015059505,0.02543683114093,0.0108139737460043,0.0128411037413531,0.021405641896507,0.0309750895545379,0.00803145557530309,0.00428163314260239,0.0134822085229177,0.00380593278612182,0.0485285617667073,0.034064314554756,0.0121785270861944,0.0116465545221881,0.0112398769057783,0.00858193198041306,0.00621939800776444,0.00514371139886763,0.0265108343381212,0.0307986934651304,0.0180291445970919,0.0191971418679242,0.0111802271641434,0.0157282825752322,0.0134315834848024,0.0117655462978426,0.027312414056737,0.0190384756720108,0.0230038063793909,0.0112327866271023,0.00527434855164342,0.0140808976180718,0.0246070628352521,0.0142950348635576,0.012445909165856,0.0117386794629287,0.0240131934115885,0.0321015656252903,0.00297268560640424,0.0201058069747872,0.00537027555744628,0.0220254835857142,0.0161536918638996,0.033620345527052,0.0309514325497916,0.0129633038725065,0.0134245924103558,0.0194614747096516,0.0069443985886943,0.0240887629223769,0.0083407535433517,0.0243160074135289,0.022861614775262,0.0133220017862613,0.0197558720000885,0.00103047242130307,0.00136854958243506,0.00534024185458165,0.0226611237464309,0.0250370756973492,0.0337738644689538,0.0460135138415644,0.027211969197555,0.0225225948233556,0.0111022987707289,0.0016650471938002,0.00746229581976994,0.00360635593013147,0.0149791605194319,0.00948335007253504,0.0140858876618458,0.0105086784379856
689,0.0210868976649558,0.0106474760072779,0.00534867357796619,0.0182516663595876,0.00310240563542543,0.0311381816773674,0.0108943370325259,0.01789128417888,0.0395626894915179,0.0309041187798149,0.0116396165945516,0.00955617197737011,0.0309694407970685,0.0106562067931224,0.0170519304890178,0.0160381581515831,0.00698759757143133,0.013713285579732,0.00724279466448671,0.0252459047910331,0.0071723180674396,0.00829485106973878,0.0275018572778847,0.0225804518782057,0.0218949674350391,0.0290671681366912,0.0212463864961771,0.016571961182392,0.0098379110465394,0.0252072930116674,0.01082149404904,0.0127723466903028,0.0215090665379627,0.0306615149305074,0.00797220320197825,0.00423467020351207,0.0133935490114238,0.00367411524652352,0.0481394084155744,0.0336008738360761,0.0120376487689819,0.0115808750706017,0.0112173778399889,0.0085829646658429,0.00615854707083664,0.00510221927473748,0.0260557678286283,0.0303371572213527,0.0179454784098605,0.0190576809575251,0.0112311274089222,0.0155290844778513,0.0133273211446472,0.011659799108741,0.0269661123316,0.0186966734556286,0.0228218813044704,0.0111023260229302,0.0052272392877899,0.0138486900914674,0.0242833952193546,0.0143395936514439,0.0122592637806829,0.0115856012070702,0.0238731599434305,0.0320036421863734,0.0029242530239568,0.0199397795958848,0.00534094527032314,0.0218851963940903,0.0160895117346581,0.0336718713651392,0.0308607370382176,0.0128225621836261,0.0134127868934793,0.0194051777025779,0.00693859145060163,0.0238287889021734,0.0082681200728728,0.024324274412563,0.0225749632982121,0.0132359642491456,0.0195123902394638,0.00102240876620967,0.00136477613053155,0.0053051030143124,0.0225221412133794,0.0250141851768459,0.0336586764957942,0.0452811823640898,0.0272385316088191,0.0223558354882968,0.0109744581922382,0.00166236147833664,0.00737489628877768,0.00358297961555489,0.0149170072158451,0.009473368310238,0.014024062011995,0.0105014715848066
690,0.0206378367314508,0.0104074588214146,0.00521015892557573,0.0179366815442549,0.00308142337765189,0.0305443945332666,0.0107585109951234,0.0177039068472917,0.0389672093386651,0.0306015241035605,0.0114902767493354,0.00940044038919624,0.030658202529821,0.0105653182080408,0.0167263771042128,0.0160903203973237,0.00685710276158686,0.0135223145440282,0.00715335038205002,0.0248025389980955,0.00691681883625044,0.008183231471394,0.0270845596672444,0.0222492861694132,0.021580982938117,0.0285458713128523,0.0208523096747516,0.0161883406286184,0.00975586943226193,0.0247738685782963,0.0107407377640312,0.0126175725330488,0.0214275039111087,0.0301353404022867,0.00785064653022225,0.00415813589306534,0.0132078595794852,0.00351267982334582,0.0474070910317546,0.0328677631748379,0.0117863868883828,0.0114314096190602,0.0111313380478719,0.0085281915053973,0.00605200371006851,0.00502016353543173,0.0254025208600715,0.0296360291013643,0.0177128325289451,0.0187887574255555,0.0111811410777982,0.0152142655259292,0.0131097526569249,0.0114415994418274,0.0264179879651533,0.018209758284751,0.0224720455418891,0.0108879676823166,0.00514167366182587,0.013498216803825,0.0237836747381955,0.0142829670898119,0.0119792133114244,0.0113399222839445,0.0235841151630306,0.0316173563894166,0.00284631944171167,0.0196308880574817,0.0052705545682897,0.0215998492881623,0.01591021059227,0.0334425496341474,0.0305738914856452,0.0125847574855512,0.0132808843955609,0.019213128171256,0.00689121314912521,0.0233630244919203,0.00813398450985126,0.0241645542781031,0.0221275465556156,0.0130557088860935,0.0191228312791029,0.00101019741833373,0.00135078974186659,0.0052265358003872,0.0222240820557542,0.0248141684388465,0.0332802742869357,0.0441780472950935,0.0270741777277081,0.0220149363143279,0.0107646407602229,0.00164888900083162,0.007234507032143,0.0035357709613955,0.014755357466466,0.00938740578205141,0.0138503294539032,0.0104098559202846
691,0.0201079039799642,0.0101107705774203,0.00504413579770323,0.0175399117632303,0.00304676623295163,0.0298259650486563,0.0105621791193744,0.0174569311404172,0.0382420705057654,0.0301942238953842,0.0112910651157833,0.00920197574684218,0.0302533333882942,0.0104341739393522,0.0163460756296749,0.0160924546663747,0.0067010818631236,0.0132714574988404,0.00704478143515888,0.0242553698431393,0.0066332235750069,0.00803557337820848,0.0265465921971265,0.0218188436338119,0.0211843132397928,0.0279270377424032,0.0203639508848376,0.01571919939719,0.00961963951999523,0.0242454423280528,0.0106096370421851,0.0124225115497839,0.0212327087153692,0.0295153269816227,0.00769840912916192,0.00406702975223125,0.0129766204808406,0.00333767706796787,0.0465229095693098,0.0319955651684972,0.0114713598894091,0.0112398280627401,0.0110182328396493,0.00844834444026884,0.00592489049429059,0.00491699392512659,0.0246627563234636,0.0288121968175136,0.017398205010347,0.0184621879702948,0.0110685248963516,0.0148426015730297,0.0128277287509816,0.0111561484332658,0.0257731817495741,0.0176561419473101,0.0220325027399695,0.0106394658628707,0.00503662622902676,0.0130857627016307,0.0232036058393085,0.0141776572878872,0.0116548649788576,0.0110547899022826,0.0232147674944449,0.031057843517031,0.00275015211334495,0.0192507124199666,0.0051774756900037,0.0212438673676682,0.0156727986127537,0.0330589122972159,0.0302035596469794,0.0122905902872677,0.0130737915602444,0.0189546852761369,0.00682931359807074,0.02278104450051,0.00796826878992314,0.0239242005288935,0.021615437817739,0.0128292916236358,0.0186628181208987,0.000995723628081102,0.0013316190645308,0.005125108029402,0.0218444895695745,0.0245238810136428,0.0327788750058482,0.0428908416246219,0.0268169897103183,0.0215807634026517,0.0105171648323837,0.00163043131989191,0.00706773856193048,0.00347834803283928,0.0145478840919487,0.00925838917554523,0.0136138340808654,0.0102672223111397
692,0.0195795209802342,0.00979169317129247,0.004871068325484,0.0171334454548,0.00300883487869346,0.0290927584839625,0.0103477165303944,0.017178163040989,0.0375453795982174,0.0297715633909754,0.0110885659668144,0.00899639158879588,0.029850478328241,0.0102997516979405,0.0159827908045309,0.0160912931170014,0.00654555069013727,0.013009670088603,0.00694662024188343,0.0237133038346353,0.0063393074668908,0.00788142874612455,0.0259919086849062,0.0213702363216919,0.0207844596824975,0.0273225319748402,0.0198734444963836,0.0152296809759768,0.00946364552197185,0.023730898748173,0.0104661240347093,0.0122328940207012,0.0209964356501681,0.0289202356802627,0.00754711456792408,0.00397635132197882,0.0127513119692286,0.00316515753176883,0.0456781639823022,0.0311148624145097,0.011139186217073,0.0110478002968179,0.0109145375255428,0.00837415541165014,0.00580232999233341,0.00481216018799823,0.0239481371098176,0.0279825480821491,0.0170685939100677,0.0181497892900227,0.0109315355901631,0.0144728684727163,0.0125301001561633,0.0108486472192197,0.02513683447704,0.0171142362312379,0.021581456547034,0.0104065748222021,0.00493107154466797,0.0126676127313708,0.0226388929702271,0.0140761663548951,0.0113353260037594,0.0107833512708161,0.0228338253617294,0.0304402388518275,0.00264701829253274,0.0188708327437278,0.00508008087412286,0.0208916757323463,0.0154342859721276,0.0326474913174838,0.0298624052771254,0.0119807610977609,0.0128364150311735,0.0186992081776721,0.0067799427112439,0.0221724237368353,0.00780089484872447,0.023690566683678,0.0211347103548484,0.0126047683883032,0.018207973766744,0.000980872645857633,0.00131229274661485,0.00502138751795273,0.0214609070508593,0.0242301784315264,0.0322946958160015,0.0416062983427212,0.0265650497127464,0.0211341828544708,0.0102763487664216,0.00161278999412428,0.00690120139020475,0.00342432889507221,0.014348259912947,0.00911924517828946,0.0133637199861771,0.010106961624092
693,0.0191201313216612,0.00947974398514374,0.00470790612821692,0.0167761194633835,0.00297615746180413,0.028436919208932,0.0101497103658058,0.0168959033200773,0.0370060496531631,0.0294076163338099,0.0109207000574956,0.00881267754843435,0.0295288358595528,0.010192153670309,0.0156940300579739,0.0161259397354766,0.00641205657341844,0.012776948913603,0.00688272201030032,0.0232629833298712,0.00605067764603286,0.0077449694863453,0.025506425001107,0.0209699219182579,0.0204461990472637,0.0268234856174999,0.0194560211181706,0.0147730399422737,0.00931642302308708,0.0233161454574093,0.0103414788014528,0.0120858329136096,0.0207780492999988,0.0284469084228094,0.00742279172205975,0.0038982761246307,0.0125747771365026,0.00300821735498768,0.0450296884216729,0.0303330301045072,0.0108283208141887,0.010889201197853,0.0108507717843014,0.00833054797607846,0.00570499193401894,0.00472153414946277,0.0233489500323275,0.0272436391022586,0.0167791110866879,0.0179100613942564,0.0108018487228642,0.0141529376556924,0.012256858519964,0.0105565886681531,0.0245945557262598,0.0166480729517382,0.0211830035861138,0.0102286591850569,0.00484046495889958,0.012291559220855,0.0221677034197518,0.0140216371548798,0.0110607747245863,0.0105680113793411,0.0225006960621419,0.0298597421307581,0.00254666017868535,0.0185514522778803,0.00499343093439128,0.0206046995102792,0.0152410789636189,0.0323144616975234,0.0296421459747815,0.0116904630024045,0.0126064316393476,0.0185031625278844,0.00676530257579289,0.0216111379174717,0.00765697769422885,0.023534464237356,0.0207613656801063,0.0124211965390076,0.0178199415197262,0.000967263956861024,0.00129690538500079,0.00493227636790781,0.0211371416567203,0.0240038946395097,0.0319410534512666,0.0404778421137987,0.0263983029523074,0.0207409173128498,0.0100784688901904,0.00160080840397551,0.00675666773189765,0.00338484814050377,0.0142002726836788,0.00899688738441978,0.0131402597261927,0.00995676981605673
694,0.018737266672294,0.00918538234554805,0.00455754077785507,0.0164737642579323,0.00294977200744212,0.0278797080305945,0.00997159581325835,0.0166404319021028,0.036636219434719,0.0291153704985106,0.0107907340714842,0.00865332763869094,0.029301818708676,0.0101139799454392,0.0154802715794621,0.016204985820103,0.00630427291053716,0.0125774543975394,0.00685423310851235,0.0229019940814015,0.00577426905035941,0.00762884733111693,0.0251039052288468,0.0206257406483737,0.0201754098695304,0.0264380985090814,0.0191192963143096,0.0143549752310736,0.00918295309888693,0.0229951826005788,0.0102403730368308,0.0119839719467823,0.0205873537896328,0.0281045107852879,0.00732909069281685,0.00383368360792402,0.0124553104269742,0.00286813503330272,0.044596453825879,0.0296646138068255,0.0105445646147808,0.0107667255679365,0.0108336327687829,0.00831921215146974,0.00563573469313481,0.00464667595989599,0.0228699775929128,0.0266107000633879,0.0165373236091063,0.0177482375374634,0.0106848152102927,0.0138870628612197,0.0120125591624688,0.0102866325777294,0.0241538302220692,0.0162641640331033,0.0208448123790756,0.010103525044729,0.00476618500137032,0.0119714240231878,0.0217980558417519,0.0140197755711592,0.0108356739505125,0.0104082063419144,0.022237582385746,0.029331810908139,0.00245271975414985,0.0183072670264451,0.00491934098489849,0.0203923639429286,0.015097168349291,0.0320845705976398,0.0295507147138197,0.0114328593921229,0.0123925989651889,0.0183714399450831,0.006788203972236,0.021108766389728,0.00754240462375997,0.0234605365894462,0.0204911182782599,0.0122816391641858,0.0175044458877099,0.00095545398545642,0.00128581537173636,0.00486001382222559,0.0208820559886399,0.0238517772514878,0.031723662927119,0.0395256642997049,0.0263241468911908,0.0204061155883003,0.00992763341215688,0.00159549721725235,0.0066365566134101,0.00336110647043729,0.0141081698926179,0.00889417701433467,0.0129482397095029,0.0098215632047294
695,0.0184234807198439,0.00891430306519463,0.00441934933451508,0.0162189587135307,0.00292884401032383,0.0274246648653004,0.00980902007290855,0.0164425234998239,0.036418834138745,0.0288925421674871,0.0106932711745852,0.00851421196738804,0.0291663931561957,0.0100609550879317,0.0153277362485201,0.0163293944971906,0.00622140461575834,0.0124063879199638,0.00685662269462883,0.0226056576905973,0.00551484856874564,0.00753033396794639,0.024780075504392,0.0203308783718178,0.0199632461233382,0.0261538375461241,0.0188539818877442,0.0139692968667938,0.0090623281975801,0.0227390334540148,0.0101608263439005,0.0119213375261084,0.0204217631289111,0.0278802892565792,0.00726406688786749,0.00378062920094951,0.01239256912307,0.00274323465125207,0.0443629653302567,0.0291009516839763,0.0102855550506758,0.0106752731905424,0.0108638620003721,0.00833602957108458,0.00559296380446009,0.00458556785091357,0.0224946262156745,0.026078629645722,0.0163389123488007,0.0176562342853491,0.0105792048063373,0.0136685934056998,0.011792898321911,0.0100377304779121,0.0238026114758355,0.0159546414268972,0.0205604444224951,0.0100185888616487,0.00470609099660356,0.0117125363727974,0.0215204317313635,0.0140669282418701,0.0106555576083919,0.0102926300536579,0.0220573859958069,0.0288519671926273,0.00236731394700751,0.0181415961821697,0.00485631471482035,0.0202510943001003,0.0149959410084158,0.0319622082175715,0.0295750983119053,0.0112156062342285,0.0121964447764752,0.0182960385391493,0.00684660985443401,0.0206612894085958,0.00745825600697907,0.0234568851156226,0.0202996108769524,0.0121801607846558,0.0172532316797545,0.000945733390800821,0.00127844704766069,0.0048031734091369,0.0206907765091931,0.0237645522980764,0.0316213388294354,0.0387366479366513,0.0263318420528047,0.0201197830331962,0.00981990851094076,0.00159690892360157,0.00653844876401026,0.00335182111339955,0.014066313961802,0.00880796219499831,0.0127835748077577,0.00970056319800049
696,0.0181713271520218,0.00867220095677271,0.0042927088583136,0.0160042817052634,0.00291253896516565,0.0270753296294003,0.00965763034491302,0.0163329528259992,0.0363368389611011,0.0287368476231489,0.0106229145326034,0.00839120064234805,0.0291195254826968,0.0100288036623876,0.0152226449446725,0.0165001288930495,0.00616265660334686,0.0122589508604278,0.00688535992675907,0.0223492957588297,0.00527718309006676,0.00744670108434067,0.0245306619640092,0.0200785209483688,0.0198008617827279,0.0259581696251674,0.018650789641418,0.0136098148738519,0.00895364076737531,0.0225187212940507,0.010100858325719,0.0118919560574769,0.0202786913276745,0.0277614903255641,0.00722577571488379,0.0037371683327979,0.0123862105072166,0.00263184029337385,0.044313728070142,0.0286333818984714,0.0100489295537007,0.0106097438491448,0.0109422010004538,0.00837688186818361,0.00557508480277385,0.00453619205413123,0.0222063023247132,0.025642326529446,0.016179558177249,0.0176259682036189,0.0104837872648872,0.0134908786055339,0.0115935722365236,0.00980883389866471,0.0235288529989259,0.0157116370846841,0.0203234612129478,0.0099612670962466,0.0046580422691227,0.0115202255041118,0.0213253125837229,0.0141594418051492,0.0105159596250782,0.0102099764096934,0.0219730085555899,0.0284157329928803,0.00229255968533959,0.0180577589378016,0.00480285581333276,0.0201773158516005,0.0149307838202655,0.0319517647570565,0.0297022835867035,0.0110463594960338,0.0120194968409842,0.0182689564199637,0.00693848317624771,0.0202646872290668,0.00740561221354738,0.0235116111915591,0.020162486203827,0.0121108259212356,0.017058043704919,0.00093839283205123,0.00127422475361295,0.00476032865687257,0.0205584296809547,0.0237329458098911,0.0316128957440923,0.0380976760608493,0.0264106489605571,0.0198719249999108,0.00975136036516183,0.00160509601266994,0.00645992491296627,0.00335570929791736,0.0140690673132688,0.00873509105337488,0.0126421798926069,0.0095929912037605
697,0.0179741382371354,0.00846284887611474,0.00417714073484912,0.0158235324086255,0.00290017004444971,0.026830866754795,0.00951454336634626,0.0163314031305021,0.036374063226634,0.0286466189484773,0.0105750359979217,0.00828112790508773,0.0291571886403987,0.0100139861958588,0.0151542988136962,0.0167167755772876,0.00612680436476884,0.0121313664108855,0.00693654485957064,0.022114369409149,0.00506522985557319,0.00737570427317172,0.0243496847113304,0.0198631355579626,0.0196806602477728,0.0258399952238098,0.0185015181013517,0.0132726108845388,0.00885634067274128,0.0223121342636873,0.0100587381950251,0.0118907206747786,0.0201562511165654,0.0277367993667573,0.00721244025542431,0.00370183637447306,0.0124345753166834,0.00253248621402513,0.0444345794171491,0.0282546023874697,0.00983283785242345,0.0105657482138485,0.0110682558656745,0.00843813535122231,0.00558059141959411,0.00449674743017918,0.0219903587526044,0.0252963138941156,0.0160547465389938,0.0176502584499081,0.0103978256544594,0.0133481825359079,0.0114113530070116,0.00959925320320179,0.0233220376347399,0.0155278038580768,0.0201287690575638,0.00992227477656533,0.00462021140300223,0.011396149850944,0.0212045807159146,0.0142927116782952,0.0104127722565613,0.0101518342954624,0.0219916094920154,0.0280200014124081,0.00222986311479175,0.0180567594515645,0.00475771216438243,0.0201674356228379,0.0148960206055279,0.0320521756691919,0.0299206509856127,0.0109298532957878,0.0118628648343996,0.0182832027179321,0.0070618780565781,0.0199147660420737,0.00738453982172561,0.0236143064656361,0.0200600791633038,0.0120686877836462,0.0169116144073335,0.000933554825837507,0.00127267411920388,0.0047298614958504,0.0204803379178552,0.0237489577049154,0.0316830312698865,0.0375969404379442,0.0265511170691674,0.0196553752258357,0.00971839818447789,0.00161999977209195,0.00639892474044093,0.00337156738386218,0.0141113566139596,0.00867305216864122,0.0125207643739354,0.00949834106583289
698,0.0178283605658789,0.00828233185162605,0.00407274365164747,0.0156753912007545,0.00289164113172108,0.0266729387355862,0.00938275402195443,0.0164131918116669,0.0365178727761386,0.0286226514287405,0.0105480821692332,0.00818468453190125,0.0292713822680577,0.0100159070652027,0.0151243200663783,0.016973414892705,0.00611090570029526,0.0120239450129005,0.00700880113396409,0.0219068978513211,0.00487970751601615,0.00731703474877152,0.0242243397194517,0.0196843146611645,0.0196000426226772,0.0257939491438855,0.0184023126858751,0.0129628529626406,0.00877130744318685,0.0221246199725947,0.0100337336032849,0.0119159914239103,0.0200553501094327,0.0278006572972084,0.00722295428659343,0.00367508846463126,0.0125307381081131,0.00244454734683877,0.0447166856880036,0.0279627501867191,0.00963747886237834,0.0105417405012818,0.0112370909937279,0.00851809502943578,0.00560833017339481,0.00446629935574582,0.021839933965822,0.0250336129167673,0.015959181170836,0.0177255345495723,0.0103225563020832,0.0132384283071446,0.0112473161839675,0.00940973408774244,0.0231777655548058,0.015397878198883,0.0199766535056906,0.00990552120109627,0.00459202402052121,0.0113272846446464,0.0211557217328158,0.014458328395255,0.0103433210753759,0.0101213725576856,0.0220973792866239,0.0276671499341327,0.00217778725126724,0.0181303417435873,0.00472060843099946,0.0202177876616311,0.0148897229505532,0.0322405574205081,0.0302241554749635,0.0108591343554873,0.0117259860640284,0.0183358306455583,0.00721521327448696,0.0196066357823119,0.00739105024417241,0.0237605236770606,0.0199914933669096,0.0120527543372204,0.0168106267714117,0.00093066931868094,0.00127372592913064,0.00470938746523606,0.0204526074392457,0.0238096834506038,0.0318399750572953,0.0372278677513174,0.026748951558601,0.019474280988433,0.00971880330269872,0.00164111668145304,0.00635482373017554,0.00339850825648418,0.0141903655104285,0.00862189592882479,0.0124192158145679,0.00941719637177294
699,0.017731219309543,0.00812481295485519,0.00397976062171634,0.0155597587591984,0.00288700378829053,0.0265788325814262,0.00926672673340167,0.0165425448049433,0.0367565175793963,0.0286663561497787,0.0105412683318089,0.00810352543277712,0.0294531126760646,0.0100347066097277,0.015137411179758,0.0172627506253998,0.00611158898739829,0.0119380189204388,0.00710138328739825,0.0217390398167909,0.00472052507452207,0.00727086763083705,0.0241401169288346,0.0195429320386973,0.0195576594376782,0.0258160997682877,0.018350405536395,0.012687980779817,0.00869977802448089,0.0219683908971107,0.0100253618116465,0.0119669950787706,0.0199775946409266,0.0279489439196008,0.00725637925938196,0.00365785968384193,0.0126664568929911,0.00236760879526657,0.0451525454357094,0.0277573221066143,0.0094635637958409,0.0105368858147039,0.011442635357569,0.00861555058725403,0.00565723577938886,0.00444412983653407,0.0217501128393145,0.0248468692738083,0.0158873703826411,0.0178491286198974,0.0102597088494162,0.0131604537883511,0.0111036131804556,0.00924138108175686,0.0230931662626838,0.0153171174589588,0.0198687449172301,0.00991821423594293,0.00457321900350979,0.011296934315956,0.021177622061252,0.0146469312691378,0.010305289983193,0.0101246550334032,0.0222687661846113,0.0273609271358288,0.0021341843282337,0.0182679347994751,0.00469151347098475,0.0203246877714018,0.0149108993831072,0.0324885717308947,0.0306081456508196,0.0108243275480656,0.0116078797450833,0.0184249044358707,0.00739699877407625,0.0193352323204181,0.0074201411021459,0.023947305837746,0.0199605246029481,0.012063022236194,0.016752751416638,0.000929018114575674,0.001277412256862,0.00469633050638222,0.0204715404158329,0.0239134924017787,0.0320978397697161,0.0369851934137843,0.0270011465401346,0.0193356179501827,0.0097507000846721,0.00166783201832636,0.006327356316806,0.0034357239323782,0.0143038418941332,0.00858231317416574,0.0123382163155637,0.00935041314506888
700,0.0176799396394184,0.00798445525735071,0.0038984346580634,0.0154765357615053,0.00288630957546885,0.0265258353019669,0.00917092592235205,0.0166836880457807,0.037078247606189,0.0287791441974317,0.0105538097709198,0.00803930551770385,0.0296933861748099,0.0100705251687421,0.0151982746308748,0.01757748656147,0.00612548260355011,0.0118749203874665,0.00721354585733195,0.0216229540370032,0.00458759153421739,0.00723737803906529,0.0240825062799411,0.0194398614712838,0.0195521612230131,0.0259025154799095,0.0183430287943183,0.0124554340077276,0.00864298936239227,0.0218556595135729,0.0100331400812578,0.0120429584132578,0.0199245910456973,0.0281775390366182,0.0073117766247807,0.00365108511267448,0.0128334896828031,0.00230125566276032,0.0457346572132703,0.0276378149575504,0.00931180386508671,0.010550349257374,0.0116788179301532,0.00872929170910705,0.00572624295278916,0.00442952087824687,0.0217159802480303,0.0247287286416455,0.0158338224842746,0.0180183727781692,0.0102110129381157,0.0131130968486346,0.0109823954095402,0.00909529871471524,0.0230653692619343,0.0152807789901606,0.0198066736520843,0.00996756174720885,0.00456353523379815,0.01128840329561,0.0212691681280488,0.0148491596130525,0.0102963628816832,0.0101677455596557,0.0224842184311732,0.0271050815952714,0.00209690657915876,0.0184589676048331,0.00467039614213923,0.0204844517555712,0.0149585584309557,0.0327678803202406,0.0310679701092447,0.0108155577464561,0.011507565092777,0.0185484883218979,0.00760574449944798,0.0190954915270286,0.00746681001690419,0.0241716959596058,0.019970968659723,0.0120994881348028,0.0167356589624971,0.000927883017515856,0.00128376517586672,0.00468811456064151,0.0205334390183233,0.0240587539132623,0.0324707380705464,0.0368636528381601,0.0273046961250449,0.019246361773565,0.00981221289524581,0.00169953106028508,0.00631625693496825,0.00348240642813906,0.0144495336565312,0.00855499474490418,0.0122784479779826,0.00929884740920896
701,0.0176716957597836,0.00785694496754985,0.00382895294940834,0.015425407782684,0.00288959868926293,0.0264971877721104,0.00909858618371664,0.016809884837768,0.0374727590928876,0.028959582549738,0.0105848451595633,0.0079931055325536,0.0299861501450331,0.0101232332333179,0.0153095779816241,0.0179122622438367,0.00615000229129185,0.0118353558195158,0.0073446121293698,0.021566556895921,0.0044798106567759,0.00721660090060139,0.0240413249587509,0.0193753272354485,0.0195820283359706,0.0260490340636366,0.0183772593358724,0.0122697248102865,0.00860181223558709,0.0217954273011359,0.0100563902240352,0.0121432420512382,0.0198976923438594,0.028482052206526,0.00738795269780531,0.00365517655416549,0.0130246805341313,0.00224496964370222,0.0464548357051516,0.0276025659987194,0.00918270357594265,0.0105812917451851,0.0119405298950584,0.0088580795400518,0.00581417647247585,0.00442206533341058,0.0217326893569169,0.0246717324977335,0.0157949064137786,0.0182305232166767,0.0101777546191736,0.0130950135483514,0.0108852104823569,0.00897216780718326,0.0230908498389069,0.0152842747701188,0.0197905491833201,0.010057618009917,0.00456266416009353,0.0112882685804925,0.0214277034760651,0.0150582250531848,0.0103142064873989,0.0102538274102832,0.0227261754068467,0.026902301050567,0.00206408485961597,0.0186935974706457,0.00465723675767621,0.0206930068644171,0.0150316151167608,0.033056047633069,0.031598786965364,0.0108250895746012,0.0114244862568158,0.0187045177010094,0.0078398593100588,0.0188837034773297,0.00752652893291211,0.0244310963526803,0.0200253746659344,0.0121617357203447,0.0167568634837583,0.000926934872452924,0.00129273873086893,0.00468297512706535,0.0206347906439173,0.0242436937927074,0.032964231086388,0.0368572442631778,0.0276564655758743,0.0192111240423234,0.00990135139894742,0.00173556796629309,0.00632091813215501,0.00353778715369334,0.0146251470885149,0.00854043874858612,0.0122403019292643,0.00926305501225088
702,0.0177034580068681,0.00774406084144465,0.00377127938731881,0.015405199987585,0.00289686586446409,0.0264999463277571,0.00904802280539423,0.0169305479570519,0.0379355333422213,0.0291948617535289,0.0106332067216434,0.00796370956673314,0.030337116248869,0.0101916219015795,0.0154658491333255,0.018269460242714,0.00618571325344036,0.0118175282283841,0.00749418038169967,0.0215607953875787,0.00439206523806093,0.00720801037238319,0.0240236991333176,0.0193469555909236,0.0196450604420468,0.0262505709123237,0.0184495529765653,0.0121236553204253,0.00857565275432036,0.0217838517502226,0.0100936522549683,0.0122677420164478,0.0198972382973838,0.0288570120099174,0.0074826932495708,0.00366845270122036,0.0132372176839436,0.00219781879619613,0.0473021601216659,0.0276452742845021,0.00907594060844081,0.0106288574445662,0.0122265112783529,0.00900056106765302,0.00591942137199809,0.00442259944184538,0.0217956664909182,0.0246680055237161,0.0157744336219017,0.0184825324277226,0.0101594455809183,0.0131041327128546,0.0108111908023268,0.0088709743441084,0.0231634664111082,0.0153236352795612,0.0198143974366644,0.0101798229347685,0.00457010749861149,0.0112961974320744,0.0216444001122942,0.0152776284680276,0.0103564187764174,0.0103745616063259,0.022993041033533,0.0267510298811483,0.00203496451360252,0.0189648950094157,0.0046520614524585,0.0209447261356428,0.0151286104427684,0.0333542490124373,0.0321949924105489,0.0108537466604784,0.0113597871248795,0.0188904126279391,0.0080973477267842,0.0187015750647078,0.0075966670874613,0.0247243465195169,0.0201213051118689,0.0122476968123652,0.0168132528763302,0.000927400688167486,0.0013039748516142,0.00468239393550016,0.0207728235957896,0.0244659636590889,0.03354967379666,0.0369570172312406,0.0280528047602278,0.019225060025256,0.0100156664590236,0.00177517242087722,0.00633936490728632,0.00360125509229455,0.0148282220787151,0.00853837236198097,0.0122230054023694,0.00924239110053029
703,0.0177721457498894,0.00764910477191583,0.00372532203907447,0.0154145224385198,0.00290809447055974,0.0265471211700577,0.00901632124853057,0.0170641275479186,0.0384634979235086,0.0294693282478341,0.0106976500687901,0.00794932754553288,0.0307549372188011,0.010274212423415,0.0156595810721546,0.0186533988851392,0.00623396805788145,0.0118190147774351,0.00766191764065524,0.0215923741585285,0.00431823283248315,0.00721094041879672,0.0240410822172127,0.0193517232932431,0.0197388870337897,0.0265018108208179,0.0185562102667258,0.0120071001633296,0.00856355086174438,0.0218138793540725,0.010143270739815,0.0124164881825906,0.0199233153537058,0.029296676782968,0.00759352891521701,0.00368870896921168,0.0134693754143049,0.00215876776927629,0.0482650258045873,0.0277584793180765,0.00899098593616455,0.0106921863345803,0.0125364643167278,0.00915535474010243,0.00604025274857228,0.00443227029019487,0.021900406264977,0.0247095682022847,0.015778076187569,0.0187712769786129,0.0101551539210127,0.0131382013587464,0.0107588649709421,0.00879028060153365,0.0232764231788339,0.0153950456249895,0.0198707234510091,0.0103224628413836,0.00458531953244468,0.0113151296779737,0.0219088871597626,0.0155134430491501,0.0104205805396975,0.0105187286056237,0.0232872103684747,0.0266486516267799,0.00200906950722149,0.0192666591590249,0.00465490781676132,0.0212335940538077,0.0152479919061204,0.033669562526037,0.0328507921552326,0.0109044923830744,0.0113150365191413,0.0191034643217617,0.00837611318585435,0.0185521673870991,0.00767506804105008,0.0250506452607901,0.0202550758282097,0.0123548902634721,0.0169015584914063,0.000930896514397441,0.00131703743910343,0.00468866427349112,0.0209449514036085,0.0247230715842122,0.0341898696439858,0.0371532841106691,0.0284899346969761,0.0192809609124243,0.0101525942384007,0.001817542989955,0.00636928037213905,0.00367223862052792,0.0150562569151975,0.00854833002916399,0.0122254946566389,0.0092359106449523
704,0.0178746783580648,0.00757537865184413,0.00369098897195499,0.0154519851977995,0.00292326787703731,0.0266517225001626,0.0090005669742714,0.0172290737546539,0.0390535804060678,0.0297673284716833,0.0107769308126339,0.00794816939424324,0.0312482657873131,0.0103695260487122,0.0158832667842869,0.0190683964981494,0.00629611927250093,0.0118373926300327,0.00784749093257016,0.0216479978553229,0.00425219099445326,0.00722472500422801,0.0241049276240077,0.019386607097941,0.0198611376037472,0.0267974385839662,0.0186935317566822,0.0119099339641856,0.00856454650101141,0.0218784566059254,0.0102035902443335,0.0125895104233703,0.0199760099602607,0.029795304861853,0.0077179903298838,0.003713740773512,0.0137194280072798,0.00212678121197694,0.0493318280956901,0.0279347206026206,0.00892731053269725,0.0107704183942902,0.0128700912468743,0.00932107900559175,0.00617494569941483,0.00445222496510269,0.022042403294036,0.0247884410161304,0.0158115061897056,0.0190936334366535,0.0101639477371196,0.0131949665026289,0.0107267615896951,0.00872864885550196,0.0234229243423799,0.0154946909129056,0.0199520322652461,0.010473824049383,0.00460775454468573,0.0113480051458081,0.0222107937414972,0.0157717419881218,0.0105042725681977,0.0106751088660166,0.0236110784689142,0.0265925498272263,0.00198592380657598,0.0195926888573553,0.00466581344085985,0.0215535951034716,0.015388207003959,0.0340090662415593,0.0335603919098479,0.0109802901213756,0.0112918032617747,0.0193409640015522,0.00867405912349943,0.0184385415424396,0.00775957535417679,0.0254091913771741,0.0204230026456398,0.012480834926273,0.0170185116801802,0.00093903840088069,0.00133149039433757,0.00470407942858343,0.0211485875970425,0.0250125256398826,0.0348476220709891,0.0374363572697843,0.0289640764049898,0.01937161789389,0.0103095709000053,0.00186187823944401,0.00640834763849004,0.00375016611497871,0.0153067498860275,0.00856984619421048,0.0122467059514136,0.00924266861642204
705,0.0180099482950541,0.00752556245142457,0.00366816714701406,0.015517958998121,0.00294255515614252,0.0268250577464439,0.0089991724405854,0.017440785331109,0.0397079160655125,0.0300822688922072,0.010870988512208,0.00795947798402703,0.0318246165802158,0.0104774465058818,0.0161317005780101,0.0195192425251362,0.00637342895887965,0.0118719571130252,0.00805125247381728,0.0217198376403515,0.00419018764991944,0.00724947183317382,0.0242251616746017,0.0194513863102732,0.0200116259938225,0.0271357817771936,0.0188601468577125,0.0118258723788799,0.00857873040250128,0.0219731702260474,0.0102745410055721,0.0127875264051251,0.0200571114015584,0.0303513513055329,0.00785518034138289,0.00374228055828939,0.0139885580035246,0.00210112085907411,0.0504984230873397,0.0281706511951315,0.00888501604724729,0.0108637797687254,0.0132286560354038,0.00949770052534999,0.00632277500630603,0.00448345873897515,0.0222198456918445,0.0249004619148662,0.0158798233725178,0.0194488641505239,0.0101860988812832,0.0132737269291272,0.0107145891546065,0.00868551895938173,0.0236009233457158,0.0156206685254173,0.0200543429977428,0.0106268640137474,0.00463736742544107,0.0113993003796922,0.0225427659135142,0.0160583104856934,0.010606418862079,0.0108368728556174,0.0239716936250529,0.026582589899947,0.00196554133511174,0.0199410984487398,0.00468512569781634,0.0219031603455537,0.0155494114908805,0.0343855329942393,0.0343227019583747,0.0110841316151856,0.0112919570528861,0.019602795472011,0.0089905449645025,0.018364303450291,0.00784986720909761,0.0258019643656193,0.0206238018497417,0.0126247227868839,0.0171629155443987,0.000952962110236177,0.00134712175380207,0.00473055965763076,0.0213835421695972,0.02533479325523,0.035499280827837,0.0378015563886761,0.0294752351886021,0.0194924556937323,0.010485530718386,0.00190787913292544,0.00645547875038668,0.00383479521282733,0.0155795102633438,0.0086032862946498,0.012286741349369,0.00926287355656739
706,0.0181847404022868,0.00749984845010935,0.00365665910040154,0.0156198572537235,0.00296686819115433,0.0270716232461615,0.00901585809273299,0.0177024554693937,0.0404494710026356,0.0304437960889415,0.0109844985161571,0.00798662796953672,0.0324869517966293,0.0106033074374254,0.0164088820500605,0.0200126108749089,0.00646679715337876,0.0119288762072008,0.00827629524092611,0.0218219307393534,0.0041379522109798,0.00728838357057393,0.0244056023192023,0.0195570504343836,0.0201989034433405,0.0275297390982357,0.0190640004248917,0.0117639951861033,0.00861039644550416,0.0221041678428094,0.0103623959457414,0.0130140049647308,0.0201752203104085,0.0309800580641084,0.00801049064821356,0.00377680888289369,0.0142895809780617,0.00208223678831095,0.0517905098742666,0.0284793783678837,0.00886672683152296,0.0109768412667818,0.0136196695686105,0.00969057881275531,0.00648701418928181,0.00452635962726946,0.0224416955673769,0.0250567387157915,0.0159858381413358,0.0198457745943975,0.0102266942230735,0.0133799884949574,0.0107267757398111,0.00866384107584302,0.0238273706075074,0.0157787249470565,0.0201877310847683,0.0107932247308989,0.00467611549287225,0.0114796387897272,0.0229095174637885,0.016377781779341,0.0107313162583108,0.0110147510836298,0.0243947170589268,0.0266285647731823,0.00194989584564511,0.0203272639033148,0.00471443109184116,0.0222985071464131,0.0157385941512992,0.0348345146894877,0.0351554508789798,0.011219122047576,0.0113185711043146,0.0198992128803417,0.00933075408785829,0.0183352383167158,0.00795296027510015,0.0262420665081798,0.0208657915456943,0.0127924383654551,0.0173418601880228,0.00097188225660702,0.00136461609592055,0.0047685330947208,0.0216592109701277,0.0257021792886829,0.0361753808948723,0.0382642303945125,0.0300385534939963,0.0196494331721005,0.0106854004145805,0.00195725622463516,0.00651450148095841,0.00392720059363488,0.0158835912555769,0.00865233974182774,0.0123503661265186,0.00930134828990725
707,0.018407812615635,0.00749780700466496,0.00365624626204136,0.0157668540492317,0.00299730456811,0.0273942125637967,0.00905567137279751,0.0180142259711828,0.0413064190245248,0.0308906166695229,0.0111233201205289,0.00803402695129717,0.0332370955290011,0.0107538049643675,0.0167211121192862,0.0205556465726312,0.00657703338605447,0.0120160360568322,0.00852639740046533,0.0219737808939052,0.00410358446126995,0.00734543662147886,0.0246485404153446,0.0197173915241377,0.0204337055409815,0.0279958520254059,0.0193153661742442,0.0117372231952476,0.00866488929653777,0.0222802373116088,0.0104750136583427,0.0132731027316977,0.0203406401566952,0.0317008638104653,0.00819088516154694,0.00382074333547025,0.0146382207645051,0.0020708761631724,0.0532412483017926,0.0288781229469705,0.00887569791285757,0.011115259863322,0.0140522044627088,0.00990642159422318,0.00667193645294196,0.00458116383120552,0.0227196085284139,0.0252721967031275,0.0161317885667711,0.0202955560238211,0.0102920243864415,0.0135208088248582,0.0107689293139723,0.0086674429448813,0.0241239657900943,0.0159765189379609,0.0203657860420674,0.0109892193326199,0.00472645667215456,0.0116011805025111,0.0233187791132847,0.016734501115722,0.0108846048030647,0.0112238640695302,0.0249104632255304,0.0267427492528678,0.00194145104833512,0.0207708765976677,0.00475562590993171,0.0227602994487687,0.0159644520270837,0.0353972580002587,0.0360810718233767,0.0113883949624354,0.0113750195058327,0.0202430629593734,0.00970132586111438,0.0183576761694021,0.00807770584322986,0.0267453807831855,0.0211596902935758,0.0129915393156451,0.0175645074655665,0.000994533167017382,0.00138488213460117,0.00481805484324971,0.021987386311326,0.0261299479559938,0.0369200035599814,0.0388447355262305,0.0306729580528181,0.0198511427231615,0.0109156048212486,0.0020122224664727,0.00659047253560522,0.00402878619755762,0.0162303570552304,0.00872152694054419,0.0124435113622105,0.00936406921168327
708,0.0186879228709704,0.00751900847185788,0.00366671006185742,0.0159681234692704,0.00303496187304679,0.0277956192638311,0.0091236597228623,0.0183762386381513,0.0423069339382681,0.031461437241588,0.0112933126213712,0.00810608252983326,0.0340768718697785,0.0109356352077326,0.0170746917045354,0.0211554946434667,0.00670494718696297,0.0121413228061924,0.00880533711900361,0.0221948918455833,0.00409518418442552,0.00742460739093914,0.0249562668205637,0.0199462016334012,0.0207267678754258,0.0285506620370176,0.0196245178217944,0.0117584772157044,0.00874755362211984,0.022510166487843,0.0106202527368768,0.0135689763355359,0.0205636744103027,0.0325332072174894,0.0084033277925542,0.00387750150416439,0.015050201196469,0.00206778614714338,0.0548837982152392,0.0293841057584855,0.00891518431858441,0.0112846925332084,0.0145353333339133,0.0101519365961691,0.00688181500188632,0.00464810755200327,0.0230652401827362,0.0255617611610952,0.0163199127194351,0.0208093996943414,0.0103883799953388,0.0137032455435687,0.0108466578457533,0.00870015230649205,0.024512408555816,0.0162217092582685,0.0206020973853848,0.0112311609506927,0.00479084888846334,0.0117760856446419,0.0237782815829671,0.0171328137414938,0.0110719245425122,0.0114793323327949,0.0255492465798586,0.0269374181449387,0.00194267065334079,0.0212916279083857,0.0048106064390854,0.0233092011953392,0.0162356821601026,0.0361150095995069,0.0371219979432793,0.0115950839036524,0.0114646763472128,0.0206471924419352,0.0101088996518184,0.0184379470360377,0.00823295520453219,0.0273277901689667,0.0215162166534644,0.0132295832911124,0.0178400192315443,0.00101964916849142,0.00140882858375208,0.00487918000661366,0.0223798605058844,0.0266333634729158,0.037777230111051,0.0395634280227673,0.0313973755967134,0.0201061767410822,0.0111825687710501,0.00207499081033759,0.00668844861972707,0.00414095596475183,0.0166311718548079,0.00881536829559905,0.0125721081357929,0.00945701271713712
709,0.0190306119610691,0.00756263206233356,0.0036876158183981,0.0162295575699535,0.0030805871494839,0.0282755912348923,0.00922316786642743,0.0187875645039843,0.0434698961689923,0.0321816867643987,0.0114983878114353,0.00820566310935696,0.0350066171347883,0.0111533294147944,0.0174757452432693,0.0218175905219912,0.00685090543251174,0.0123098031422452,0.00911572343149277,0.0224986764859489,0.00411769107295126,0.00752849865596228,0.0253288773819791,0.0202520364084504,0.0210851138785708,0.0292051356178515,0.0199981840736437,0.0118359176092031,0.00886175296794957,0.0228024828953991,0.0108035891126895,0.0139042960335375,0.0208509856598859,0.0334906381421877,0.00865251907323466,0.00394939493222775,0.0155361081537974,0.00207330010561144,0.0567416327707423,0.0300073861265517,0.0089867661178582,0.0114888864092438,0.0150755330104075,0.0104321251622367,0.00711966942302233,0.00472707974187363,0.0234860295893892,0.0259347780628709,0.0165509725250266,0.0213950486549429,0.0105199062319199,0.0139317916638276,0.0109633388242944,0.00876415797709296,0.0250091072450793,0.0165190906213859,0.0209064813732896,0.0115301051521073,0.00487089876660168,0.0120121471466085,0.0242936297442013,0.0175753971612662,0.0112968905774672,0.0117914140043302,0.0263292361413828,0.0272201312345024,0.00195510953018266,0.0219035180312433,0.00488051616296926,0.0239600803234357,0.0165581421517756,0.0370134891914783,0.0382943595269265,0.0118408148311664,0.0115895186439969,0.0211203089619311,0.0105585658778956,0.0185795814243074,0.00842477339638043,0.027999776077486,0.0219423746960185,0.0135116065769433,0.0181743279974853,0.00104618394944548,0.00143708680184777,0.00495173673433113,0.0228445597116594,0.0272228938219607,0.038779040703113,0.0404335288071832,0.0322247874322648,0.0204199235085624,0.0114907060797364,0.0021471984658244,0.00681175604721816,0.00426475708674226,0.0170939763718637,0.00893681084407569,0.0127399654487625,0.00958425865415539
710,0.0194285521063222,0.00762629240225318,0.0037176644047096,0.0165439202933513,0.00313352527086839,0.0288216936621924,0.00935072965265987,0.0192429915304097,0.0447770126139818,0.0330236836037175,0.0117346674702876,0.00832948030882877,0.0360207165333746,0.0114027593378239,0.0179296912474008,0.0225405312804292,0.00701350438451332,0.0125152659227193,0.00945548884641718,0.0228741843065008,0.00416340445482864,0.00765421868138375,0.025757687905049,0.0206225058652036,0.0215009183551828,0.0299479392785565,0.0204289135962018,0.0119586629468236,0.00900292639645207,0.0231646727321235,0.011020968068504,0.0142757865941225,0.0211946729691828,0.0345631511780518,0.00893410601890031,0.00403431098333718,0.0160859757012544,0.0020860962115746,0.0587994783676932,0.0307293773674103,0.00908532354711943,0.0117239492559919,0.0156688971682509,0.0107451631049831,0.00738350483248811,0.00481658035699168,0.0239725496124762,0.0263782761374518,0.0168198253295951,0.0220464531283595,0.0106821665111537,0.0142006817503738,0.0111134278206446,0.00885509307879046,0.0256093049105591,0.0168620015537961,0.0212736612356497,0.0118760772446829,0.00496480772988381,0.0122996891544648,0.0248619250699553,0.0180582579114583,0.0115550182273122,0.0121509176607611,0.0272200191874817,0.0275795882233525,0.00197668718582737,0.0225977824387636,0.00496348735192881,0.0247046207487385,0.0169263318417274,0.0380563086055866,0.0395890754086601,0.012121183369119,0.0117459351148063,0.0216545637575633,0.0110492191587816,0.0187749117618826,0.00864808044145909,0.0287502136552365,0.0224303105342186,0.0138325599839348,0.0185604489029783,0.00107396864386456,0.00146917872562803,0.0050346453604097,0.0233739454671651,0.027889822052677,0.039909010959782,0.0414397175390302,0.0331443931658034,0.0207849548624346,0.0118363864954239,0.00222817967330792,0.00695679956594959,0.00439980976052767,0.0176130174241554,0.00908250815219148,0.0129424039912111,0.00974230068120454
711,0.0198711983840248,0.0077072129716569,0.00375534058246262,0.0169006935530234,0.00319277056812922,0.02941844605509,0.00950117621214332,0.0197362369111655,0.0462006967885598,0.0339464684769319,0.0119963258741979,0.00847270655089628,0.037112067498261,0.0116776318553417,0.0184417717474559,0.0233212044004172,0.00719089765113151,0.0127486805480342,0.00982139674064434,0.0233043739487227,0.00422146356690824,0.00779750210399601,0.0262318191848161,0.0210399836119898,0.0219626439532455,0.030762164536249,0.0209057100459555,0.0121110713519832,0.00916453184923391,0.0236039618643521,0.0112659522248884,0.0146786864134929,0.0215831945207017,0.0357348521026948,0.00924147226569132,0.00412903097627586,0.0166846999498343,0.00210443883993347,0.0610323747162975,0.0315243312953319,0.00920406188462999,0.0119840789959568,0.0163089236954719,0.0110875198541935,0.00767007272872941,0.00491476210452353,0.0245111565673651,0.0268737048027901,0.0171198523342774,0.0227541151307628,0.0108685788062125,0.0145015857559463,0.0112891499263297,0.00896695181011318,0.0263029532829977,0.0172409165352507,0.0216945869451576,0.0122538449714465,0.00506992590125171,0.0126246686181557,0.0254781431835983,0.0185757347864416,0.0118397978660719,0.0125437894901422,0.0281790375600107,0.0279997737924548,0.00200441428660309,0.0233599654226568,0.0050568994729792,0.02552871038152,0.0173319116291335,0.0391915527025371,0.0409907615593472,0.0124302775577027,0.0119289174040322,0.022237968968109,0.01157820516429,0.0190134709564315,0.00889501010878052,0.0295625764823443,0.022968455791625,0.0141848729543114,0.018988167744627,0.00110305374712584,0.00150434893639899,0.00512659926497927,0.0239566131560799,0.0286206349813722,0.041138615371818,0.0425595385619836,0.0341394469785969,0.0211906385280638,0.0122139687493204,0.00231669293085799,0.00711825353228667,0.00454537743447532,0.0181791183544911,0.00924754041844726,0.0131726223753791,0.00992573590939595
712,0.020348005871472,0.00780261725058486,0.00379912911332782,0.0172893592625294,0.0032573173721954,0.0300503679229433,0.00966933867546147,0.0202610178399899,0.0477133622080498,0.0349090821014294,0.0122775372994363,0.00863051425820709,0.038273567462171,0.0119716538458681,0.0190172287739603,0.0241564973635919,0.00738123884053013,0.0130010164186096,0.0102102104910417,0.023772204054098,0.00428100764604069,0.00795408356059154,0.0267403920163229,0.0214868432571378,0.0224587533207425,0.0316309029080453,0.0214175770793915,0.0122775009480994,0.00934002726790167,0.0241275761584211,0.0115321042024105,0.0151082338878504,0.0220050084969514,0.0369898466937294,0.00956800144974786,0.00423033622982694,0.0173171770105312,0.0021265923655887,0.0634153615267606,0.0323664997245869,0.00933618640865178,0.0122634735516423,0.0169891104800987,0.011455664839653,0.00797612461019197,0.00501977769163527,0.0250882067694239,0.027402513476838,0.0174444347402104,0.0235085366783242,0.0110725610902685,0.014826173633284,0.0114827302328757,0.00909372836958975,0.0270800040931371,0.0176463100455017,0.0221602084745056,0.0126481760754248,0.00518360340364739,0.0129730424876261,0.0261372597084994,0.0191221665805877,0.0121447198677711,0.0129559756805283,0.0291637331008253,0.0284646726227746,0.00203530149883801,0.0241756112746333,0.00515813199313558,0.0264182371320525,0.0177665419131697,0.0403673063430354,0.0424840339498551,0.0127621854371097,0.0121334571560656,0.0228585367328452,0.0121428695642341,0.019284791915622,0.00915769616735707,0.0304203381389351,0.0235452420917986,0.0145609749302978,0.0194472703190351,0.0011334897546065,0.00154184201546677,0.00522629182816971,0.024581158162082,0.0294018194243538,0.0424393284299812,0.0437705362197186,0.0351932030519133,0.0216263422308154,0.0126178115726338,0.00241149673654444,0.00729079230259472,0.00470072355695244,0.018783102505679,0.00942698784134389,0.0134238192135068,0.010129161449841
713,0.0208494809274012,0.00790973235565208,0.00384770363897728,0.0176996725332448,0.00332618252116714,0.0307057248625257,0.0098503458316523,0.0208116144693137,0.0492906835000759,0.0358781629868205,0.0125730154900056,0.00879852761449879,0.0394971704945606,0.0122792953426558,0.0196566165937579,0.0250420007434368,0.0075826546329863,0.0132646730451772,0.0106188217507408,0.024262528766484,0.00433345069445801,0.00812021610356111,0.027275304263108,0.0219479204559877,0.022978891064624,0.0325390823228708,0.0219547307478895,0.0124456049410749,0.0095239510907634,0.0247354194205699,0.0118133687566189,0.0155600623872575,0.0224498114735277,0.0383138631246887,0.00990798046591653,0.00433537221254641,0.0179702722686716,0.00215109136519583,0.0659258776371882,0.0332341929610255,0.00947609878926862,0.0125568600839185,0.017703735765365,0.0118457636378076,0.00829876560251585,0.00512994442994335,0.0256915889114567,0.0279504968013978,0.0177881756984924,0.0243011073376865,0.0112883804008062,0.0151670902574515,0.0116877905689608,0.00923022083457155,0.0279278440571516,0.0180696798935777,0.0226611763314712,0.0130469892621074,0.00530346550136115,0.0133325933875576,0.0268338681605138,0.0196932183312751,0.0124640007508888,0.0133761707196023,0.030140971785388,0.0289602007166168,0.00206689028341767,0.0250320293572876,0.00526481946581778,0.0273592881284845,0.018222620046747,0.0415411808623,0.0440542790907923,0.0131116677546419,0.0123547082352826,0.0235058440228905,0.0127404704865148,0.0195798607277125,0.00942941446908924,0.0313096146305982,0.0241502894193604,0.014954190245546,0.0199286657501826,0.00116514042198179,0.00158102147288367,0.00533266429331876,0.0252372114888406,0.0302210844295063,0.0437912406911498,0.045052608764797,0.0362906592896238,0.0220824335599534,0.0130428760478216,0.00251134747810544,0.00746981289548762,0.0048650489237751,0.0194165492220136,0.00961642508194049,0.0136899219783486,0.0103474359847331
714,0.0213703350363194,0.00802579994977318,0.0039004933210886,0.0181224812678101,0.00339847288182962,0.0313877668202708,0.0100405171035709,0.0213845587863373,0.050921379741466,0.0368507408116068,0.01287963206084,0.00897417784786891,0.0407710572118158,0.0125980789978867,0.0203417384189649,0.0259681174808231,0.00779316399723046,0.013537770379717,0.0110446352779287,0.0247677842392324,0.00437930577591795,0.0082942264476888,0.0278395620626929,0.0224178990519236,0.0235174296277069,0.0334789763568886,0.0225122366824006,0.0126162168667527,0.00971516374293316,0.0253981072166519,0.0121052191829846,0.0160313851772187,0.0229122535983771,0.0396991191527857,0.0102593092438697,0.00444274099208151,0.0186387282069109,0.00217755122243007,0.0685509583972873,0.0341219552768156,0.00962298626385185,0.0128610827071194,0.0184501992153243,0.012252766411746,0.0086365153401183,0.00524423804886547,0.0263153211960126,0.0285208303136717,0.0181505661600661,0.0251267668773775,0.0115137000325591,0.0155208801928153,0.0119035397118727,0.0093744427977009,0.0288235998329439,0.0185066172056145,0.0231869431641727,0.0134508070868346,0.00542823802407654,0.0136984066415782,0.0275610336254418,0.0202898600479105,0.0127947616117219,0.0138040622935596,0.0311153161235895,0.0294799993616429,0.00209884527945708,0.0259235893167515,0.00537561679006436,0.0283387473704687,0.0186954911977184,0.0427088934936025,0.0456899656517322,0.0134761760860374,0.0125884733859996,0.0241757271367289,0.0133679158913827,0.0198954762033213,0.00970800919743024,0.032227091664776,0.0247779712031734,0.015361422799417,0.0204277564715553,0.00119712254611919,0.00162172653368677,0.00544564935659546,0.025918546619988,0.0310710279710219,0.0452089069766757,0.0463950700853265,0.0374237884860133,0.0225532795603368,0.0134865326623413,0.00261499310195241,0.00765360297857349,0.00503730372055452,0.0200740618537339,0.00981340465152935,0.0139677735847139,0.0105764644805934
715,0.0219063309641761,0.00814806533243763,0.0039571162013408,0.0185489065666818,0.00347331782813921,0.0321034898300272,0.0102364695725265,0.0219769457369534,0.0525974311213488,0.0378314430465129,0.0131947980946067,0.00915534794750497,0.0420824648670554,0.012926290618475,0.0210497096980154,0.026923953608469,0.00801075897410637,0.0138198584845209,0.0114851841070563,0.025282302128069,0.00442136071955968,0.00847495972335699,0.0284389486210948,0.0228939249353406,0.0240699234117747,0.034444694998071,0.0230863729087692,0.012793465343461,0.00991360614622648,0.0260789330524236,0.0124035109119595,0.0165198104970988,0.0233882234125333,0.0411394549311534,0.0106207909719861,0.00455140878585228,0.019319256582237,0.00220585752272158,0.0712800382846651,0.0350283894357049,0.00977723246159476,0.0131735147739452,0.0192266808492354,0.0126713194712175,0.00898824708461088,0.00536179888226967,0.0269549542030765,0.0291210347747116,0.0185323190258356,0.0259813426163964,0.0117470323445725,0.0158850629260678,0.0121305831760515,0.00952521173044289,0.029741833063849,0.0189537364370249,0.0237266621558134,0.0138633030674094,0.0055569219428254,0.0140673932480526,0.0283114390815697,0.0209143879829079,0.0131348496910217,0.014242086388224,0.0321007527589279,0.0300196411668534,0.00213136192062864,0.0268464258700409,0.00548943395131861,0.0293436980755337,0.019181237487672,0.0438756879447279,0.0473803328419898,0.0138538347141439,0.012830717572518,0.0248655872046857,0.0140220261971762,0.020229890333657,0.00999246661872145,0.0331720973743744,0.0254238492331614,0.0157804713826991,0.0209410682440154,0.00122836618418424,0.0016639153516593,0.00556542757737669,0.026619972659147,0.0319454702546696,0.0467154981740289,0.0477895879783013,0.0385863071579703,0.0230342471407234,0.0139467542548999,0.00272117944416513,0.00784117288170906,0.00521637548035071,0.0207509997525654,0.010015973523961,0.014254945807926,0.010812413475025
716,0.0224532314769206,0.00827377380313493,0.00401719032141287,0.0189700695303165,0.00354984673405232,0.0328598899256434,0.0104348203198285,0.022585870267055,0.054310817828853,0.0388248971622633,0.0135159246739726,0.00933992090259447,0.0434186307133979,0.0132622160113348,0.0217576458793435,0.0278986151590927,0.00823343160445778,0.0141104874218808,0.0119380012725746,0.0258004140887192,0.00446240335452238,0.00866126106094806,0.029079247144331,0.0233731439966338,0.024631926818611,0.0354303482343903,0.0236734174528392,0.012981478989528,0.0101192192224589,0.0267411904336418,0.0127040993739954,0.0170229465862627,0.0238736094570302,0.0426287106129249,0.0109912288386446,0.00466034181127879,0.0200085691516375,0.00223589585150049,0.0741025517769288,0.0359520982014406,0.0099392210116906,0.0134915296370958,0.0200313606863569,0.0130960691259716,0.00935283409760514,0.00548176726402398,0.0276060385126338,0.0297586309455696,0.0189341471967051,0.0268606618737423,0.0119868896958922,0.0162571579439011,0.0123695264759372,0.00968134510426257,0.0306571053932018,0.0194076520432215,0.0242694864895965,0.0142881507216349,0.00568851822863959,0.0144364642053455,0.0290777675071839,0.0215690983886809,0.0134821122295396,0.0146926789894193,0.033111268334901,0.0305746987412491,0.00216463564060474,0.027796673734172,0.00560518093502377,0.0303612234612081,0.0196759410381961,0.0450468079234611,0.0491146198708799,0.0142427679218091,0.0130774057591393,0.0255728253570863,0.0146996218222335,0.0205813551099281,0.0102817729993042,0.0341439598922992,0.0260834852992479,0.0162091347861806,0.021465126828425,0.00125780139334249,0.00170754608058453,0.00569217951503934,0.0273362987099408,0.0328382314862185,0.0483341851706792,0.0492278302407156,0.0397719318223831,0.023520703209871,0.0144215136642045,0.00282865234082336,0.008031532934751,0.00540115173622369,0.0214427222702334,0.010222178673086,0.0145490104233082,0.0110514495056311
717,0.0230086775267502,0.00840106548627214,0.00408049292298168,0.0193804257011189,0.00362752577385556,0.0336607797972394,0.0106336241963709,0.0232094606302812,0.0560585124286993,0.0398379632224119,0.0138416377256356,0.00952672095616033,0.0447745156572833,0.0136049329791159,0.0224489722262979,0.0288849294145727,0.00845994675444749,0.0144097148396364,0.0124020482557528,0.0263203981546492,0.00450534146456737,0.00885272955088084,0.0297632223153512,0.0238541817428215,0.0252009355912135,0.0364328450826308,0.0242714080869655,0.0131838157073437,0.0103321252676811,0.0273594861541888,0.0130044435879654,0.0175396857412179,0.024366104441939,0.0441637594515413,0.0113700768411098,0.00476919591078715,0.0207070496468017,0.00226761730895553,0.0770137475710627,0.0368938570551649,0.0101094480373161,0.0138136586536311,0.0208634732578083,0.0135234548497574,0.00972977154786018,0.00560359509500154,0.0282660487508168,0.0304396572421971,0.0193560604220201,0.0277625606190939,0.0122325292888336,0.0166357338319465,0.0126207051705829,0.0098422136746651,0.0315511301796777,0.0198664204815804,0.0248082389660314,0.0147288080481804,0.00582248159776261,0.0148034345166287,0.029855443780136,0.0222547279337315,0.0138353220605821,0.0151584066585941,0.0341614828766871,0.031142748533467,0.00219872483146712,0.0287707756438835,0.00572231516705023,0.0313827675183407,0.0201773869954232,0.0462327583147002,0.0508866870557284,0.0146418006367496,0.0133259542328664,0.0262962475975461,0.0153989633016502,0.0209485700572648,0.0105750424828872,0.0351430034776778,0.0267546948305344,0.0166462571246855,0.0219979377841153,0.00128504085794942,0.00175259886626876,0.00582576827581482,0.0280646868246054,0.0337458005980583,0.0500778985855233,0.0507034871741705,0.0409771984333108,0.0240100627346796,0.0149099318241127,0.00293675072489036,0.00822442101340449,0.00559096255040206,0.0221465988324809,0.0104309511128427,0.0148486286150648,0.011290982734178
718,0.0235778228108533,0.00853165980592656,0.00414743804771556,0.0197877683892871,0.00370716832315636,0.03449723876002,0.0108366871313856,0.0238499783112557,0.057857456987977,0.0408864316618297,0.0141754225524166,0.00971833736656707,0.0461759752184375,0.0139566873074113,0.0231323532618847,0.0298906086534295,0.00869216059151447,0.0147196287278182,0.012882000325133,0.0268563178702874,0.00455356265194458,0.0090519801237199,0.0304815647248357,0.0243415821474128,0.0257822108374368,0.0374602906748249,0.024885421569545,0.0134017505355453,0.010553172074885,0.0279536801604506,0.0133084169264284,0.0180740564870412,0.0248706177534799,0.0457536071016763,0.0117593922121896,0.00488038542682787,0.0214297696982247,0.00230123505430984,0.0800321312415594,0.0378631323475976,0.0102888596375815,0.0141430651980508,0.0217264711421512,0.013957088772323,0.0101210422327252,0.00572798054409588,0.0289401557283464,0.0311642227001423,0.0197952558448932,0.0286929094248484,0.0124861876987915,0.017023555571591,0.0128833749974939,0.010009401333316,0.0324342276433145,0.0203338662173304,0.0253504208548509,0.0151878709691812,0.00596008174728467,0.0151697352043016,0.030650860376538,0.0229657749509143,0.0141969543876767,0.0156423582596972,0.0352685499361861,0.03172938235069,0.0022331397189349,0.0297664064048048,0.00584248383497679,0.0324172173310599,0.0206901726036627,0.0474650887117969,0.0527088791459057,0.0150525603661578,0.0135795845715082,0.0270402794228395,0.0161240716375515,0.0213320248364835,0.0108719007226475,0.0361735368945227,0.0274443078128345,0.0170948638091799,0.0225434258642937,0.00131242777112034,0.00179914182261051,0.00596478715335272,0.02881171084983,0.0346753414290615,0.0519186079631628,0.0522183390986939,0.0422099206934944,0.0245079329146176,0.0154157220490833,0.0030471859168634,0.00842248517676852,0.00578690810178866,0.0228680391611225,0.0106447580175207,0.0151568192029232,0.0115333978190846
719,0.024167699212666,0.00866817101109307,0.00421859893728068,0.0202032253469676,0.00378992455789238,0.0353571627854613,0.0110492528236895,0.0245107181023485,0.0597295859493676,0.0419883255082172,0.0145219793011669,0.00991830064601461,0.0476565885699077,0.0143205167775492,0.0238227633240244,0.0309270864033438,0.00893270210841672,0.0150428246620042,0.0133839611960754,0.0274261831578025,0.00461057447352608,0.00926238167006626,0.0312219464403974,0.0248413688005402,0.0263829550063495,0.0385235891718171,0.0255222944054855,0.013635987796832,0.0107833888112975,0.0285549456869386,0.0136214963503647,0.018631371405952,0.0253938629469108,0.0474102923183115,0.0121618829935776,0.0049970143268575,0.0221954729111027,0.00233702776154512,0.0831820225822887,0.0388715631468531,0.0104785144055807,0.014484070649214,0.0226248614298083,0.0144023761874164,0.010529250856697,0.00585593334720561,0.029635454302091,0.0319309540098527,0.0202482274568785,0.0296595875140826,0.012750846344431,0.0174244372431604,0.0131565217387887,0.0101850452559207,0.0333238697194904,0.0208152557176637,0.0259072030430938,0.0156677198876387,0.00610304211950763,0.0155377012955706,0.031473151672067,0.023695178189172,0.0145704100069065,0.0161477532323022,0.0364502564469783,0.0323421958397376,0.00226725348713652,0.0307815488402879,0.00596788156680939,0.0334778207568147,0.0212205981317684,0.048780609885216,0.0545981619987932,0.0154773752620952,0.0138429696755749,0.0278107512030308,0.01688040794882,0.0217326566423226,0.0111721012491297,0.0372408650330681,0.0281614078711396,0.0175590255746653,0.0231069956206366,0.0013429879531605,0.00184726505553139,0.00610751198815713,0.0295862975809167,0.0356366865447211,0.0538180425796262,0.0537761888389208,0.0434807317428457,0.0250219690072958,0.0159437457487256,0.00316226233412328,0.00862910102979057,0.0059905310984549,0.0236144630519907,0.0108669506014971,0.0154776904154921,0.0117823230429333
720,0.0247853386156247,0.00881321335076654,0.00429454883334324,0.0206379243263068,0.00387694465400127,0.0362284478450396,0.0112765649720992,0.0251949747959295,0.0616968337555524,0.0431616677892747,0.0148860081187381,0.0101301413067028,0.049249934884741,0.0146994591708582,0.0245351767506378,0.0320057961919962,0.00918420029791224,0.0153818982177727,0.0139140345839403,0.0280480039393635,0.00467988448618395,0.00948730308052092,0.0319720395296489,0.0253595652923359,0.0270103705470204,0.0396336447344518,0.0261888630996944,0.0138872318139027,0.0110238046441457,0.0291944559681646,0.0139491588207545,0.0192169430801695,0.0259425535774892,0.0491458538564285,0.0125802572269676,0.00512218657833261,0.0230229028906324,0.00237527410464309,0.0864877413871202,0.0399307885210458,0.0106794709344074,0.0148409963859803,0.0235631512112018,0.0148647223887856,0.0109570021242723,0.00598846324022937,0.0303590393289188,0.0327384778617758,0.0207114692495301,0.0306704741098734,0.0130294866444168,0.0178421929269809,0.0134391311765858,0.0103712826181848,0.0342375283435838,0.0213158554497724,0.0264897564177989,0.0161707352065547,0.00625308615673334,0.0159096678176421,0.0323314520424002,0.0244358763974471,0.0149590897143544,0.0166778110159829,0.0377243893426441,0.0329887846474292,0.00230043932020044,0.0318141857736848,0.00610070299055396,0.0345778256530536,0.0217749638485938,0.0502161326054227,0.0565715014717723,0.0159185734766235,0.0141207824455769,0.0286134933081844,0.0176734333543382,0.0221514026695202,0.0114753975928783,0.0383502927835482,0.0289150786304412,0.0180428131561436,0.0236940516048203,0.00137974722437518,0.00189705867095297,0.00625221862073218,0.0303973738131678,0.0366396685105304,0.0557379317109416,0.0553808392194859,0.0448002647212764,0.0255598262703251,0.0164988643326489,0.00328428439405076,0.00884764417741808,0.00620337424847218,0.0243932903009177,0.0111008800791494,0.0158153504813797,0.012041386688306
721,0.025433501616289,0.0089680864172585,0.00437519990747944,0.0210983249619862,0.0039686655839971,0.0371014419845855,0.011521153791836,0.025903177418807,0.0637687034811625,0.0444127455961249,0.0152695314544554,0.0103553463966427,0.0509724313550592,0.0150943070358768,0.0252798587357736,0.0331320634166592,0.00944761983804107,0.0157371565604761,0.0144748082958417,0.0287299383332272,0.00476287781756592,0.00972775786945978,0.0327205747880288,0.0258981452930865,0.027666964716634,0.0407942886250924,0.0268875639499965,0.0141540871176743,0.0112741807440989,0.0298925035150391,0.0142946047421661,0.0198321839113087,0.0265192082738437,0.0509634703788511,0.0130150992614423,0.00525747332257298,0.0239217904875298,0.00241595406093974,0.0899571821354639,0.0410453679979554,0.0108913285502941,0.0152154652562458,0.0245422646477033,0.015346669303851,0.0114049669497599,0.00612605018365151,0.0311129719577602,0.0335811348008396,0.0211809965657531,0.0317279909034189,0.0133229237408936,0.0182778432623867,0.0137290365294421,0.0105686825678961,0.0351851485598017,0.0218373294819687,0.0271044697077637,0.0166961735924354,0.00641083993523253,0.0162885093854497,0.0332291969853131,0.0251810494989134,0.0153639114884053,0.0172324096587386,0.0390953054520708,0.0336715171415412,0.00233236952405258,0.0328617915195324,0.00624190246487411,0.0357237504079705,0.0223556130829279,0.0517891396753934,0.0586346686390488,0.0163763708675335,0.0144151397312588,0.029449861190736,0.0185050892968593,0.0225865228707728,0.0117814493903757,0.0395014739669305,0.02971145386162,0.0185473391179767,0.0243063515985646,0.00142459537895267,0.00194837574776082,0.00639730388434171,0.0312483223477785,0.0376876601536008,0.0576445616628079,0.0570296743737213,0.0461714972198286,0.0261245274482616,0.0170823676810364,0.00341460647823598,0.00907946811749453,0.00642585464314584,0.0252072768532462,0.0113478252498969,0.0161712802020553,0.01231220999662
722,0.0260978636637122,0.00912883117614703,0.00445782005090563,0.0215722144188286,0.0040626715066995,0.0379763015473484,0.0117746955637399,0.0266242919355423,0.0659049727286273,0.0457009022735789,0.0156638609675394,0.0105872291070894,0.0527718472492823,0.0154968719899835,0.0260482378979936,0.0342867809529709,0.00971726814797137,0.016099753214565,0.0150548065059091,0.029440737242002,0.00485244987842235,0.0099753380463583,0.0334605179222772,0.0264428827936967,0.0283364640048383,0.0419810605121784,0.0276032324258839,0.0144267590719357,0.0115292062955956,0.0306258579440686,0.0146519282935199,0.0204629055785665,0.0271095659580867,0.0528308801797723,0.0134584986756408,0.00539831439635127,0.0248658155345896,0.00245785282118809,0.0935325380488902,0.0421915429440233,0.0111078495120284,0.0155983059840549,0.0255487941844811,0.0158393053947234,0.0118660810867174,0.00626705503629941,0.0318791785057946,0.0344361207898938,0.0216509101538559,0.0328127294584029,0.0136233076699255,0.0187212351247469,0.0140194607616686,0.0107715421411717,0.0361465678476673,0.0223669322870442,0.0277386030088211,0.0172307967658067,0.00657254006715131,0.016679258964835,0.034147026486976,0.0259248421136682,0.0157758620366518,0.0177980616422713,0.0405136411853749,0.0343718525736788,0.00236391289180875,0.0339198063571072,0.00638747327106422,0.0368951955327402,0.0229490614033003,0.0534398020281519,0.060748655442126,0.0168425341155346,0.0147179341793027,0.0303033106326069,0.0193632385146181,0.0230255682306103,0.0120895407018567,0.0406714581271175,0.0305448679191143,0.019061883341969,0.0249310663037626,0.00147487810661358,0.00200012125669629,0.00654164858328849,0.032120350009516,0.0387581953475179,0.0595224468596052,0.0586944036697479,0.047566784634066,0.0267005652334438,0.0176812595563678,0.00355078282510649,0.00931783791944739,0.00665388690671686,0.0260405232523597,0.0116007752533269,0.0165364506704296,0.0125883860446333
723,0.026759828920071,0.00929017393632687,0.00453901608474817,0.0220427117441916,0.00415583337750455,0.0388556349509319,0.0120261530850553,0.0273444185451351,0.0680529877323261,0.0469737452298702,0.0160576306196842,0.0108170591651091,0.0545787898549046,0.0158967204177667,0.026827033711988,0.0354447335461614,0.00998578833215334,0.0164585532942642,0.0156390374800259,0.0301392997643846,0.00493937365027922,0.0102192802444668,0.0341858933669602,0.0269755018652255,0.0289978997093969,0.043162427165668,0.0283163037897659,0.0146933532486932,0.0117823024865167,0.0313604081481587,0.0150129470973244,0.0210910195805352,0.0276951706257011,0.0547069614612271,0.0139004213555915,0.00553861681030332,0.0258196451101262,0.00249945687949542,0.0971395770345099,0.0433384751853562,0.0113213368115367,0.0159776487624885,0.0265657493376524,0.016330855757186,0.0123313464985142,0.0064093088815862,0.0326345515822635,0.0352763456462686,0.0221148321134979,0.0338998238066305,0.0139206221910564,0.0191594219484386,0.0143024742740149,0.0109725903462109,0.0370940967955324,0.0228883159389108,0.0283746342585626,0.0177582427106992,0.00673332579860465,0.0170874891093669,0.0350598816556573,0.02666164003604,0.0161834452489886,0.0183579380567083,0.0419166028479799,0.0350660229164045,0.0023962373383822,0.0349831620568701,0.00653216842107633,0.0380650320692827,0.0235378674381759,0.0550889626292334,0.062863259039332,0.0173067176070657,0.0150185023856251,0.03115282249809,0.0202322240697202,0.0234534124915208,0.012398861693494,0.0418316437387452,0.0314067053032518,0.0195727675392854,0.0255517196523508,0.00152680507096155,0.00205096314146473,0.00668425451463503,0.0329891196290403,0.0398223482274859,0.0613606587553844,0.0603403177843839,0.0489508268106827,0.027267799805156,0.0182789721916966,0.00368941763729917,0.00955399654560012,0.00688226004666015,0.0268724661911521,0.0118506468140689,0.0168992055522743,0.0128615008679387
724,0.0274008015475421,0.00944684100669276,0.00461539483013344,0.0224929359854333,0.0042450221518083,0.0397420506129398,0.0122644891530268,0.0280496574465849,0.0701600947266378,0.0481788818732321,0.0164394743725839,0.0110361062977679,0.0563238664594205,0.0162834187038151,0.0276029656524469,0.0365807059414604,0.0102458234950372,0.0168024219137986,0.0162125094840755,0.0307845249990714,0.00501442211466253,0.0104488210970356,0.0348907255566436,0.027477726578732,0.0296303031280735,0.0443068553555198,0.0290072133040518,0.0149419752199537,0.0120268905047432,0.0320620430202148,0.015369478776088,0.0216984374158074,0.0282575662721701,0.0565505924252505,0.0143308331873225,0.00567228757506499,0.026747946292454,0.00253925272996904,0.100704066999434,0.0444553265480605,0.0115240934407452,0.0163416237846279,0.0275761396233346,0.0168095454870222,0.0127917651485198,0.006550642802925,0.0333559837964084,0.0360747191872941,0.0225663845443387,0.0349644079799068,0.0142048510638302,0.0195794571678394,0.0145701474672305,0.011164556191213,0.0380000459917489,0.0233851325114803,0.0289950413945799,0.0182621494111437,0.0068883363757075,0.0175187723726142,0.0359427035996257,0.027385829060357,0.0165751650153105,0.0188952099921772,0.0432413967453095,0.0357302601422806,0.0024305107786862,0.0360467903892826,0.0066707409268625,0.0392061310595178,0.0241045898160196,0.0566574644441734,0.0649282765889944,0.0177585757285655,0.0153061809461421,0.0319773776514781,0.0210963890242709,0.0238549293959925,0.0127086025314604,0.0429534292764495,0.0322883505143601,0.0200663134210905,0.0261518355762656,0.00157658593560025,0.00209956934577146,0.00682412347544384,0.0338302940370114,0.0408511929287088,0.0631482688041963,0.0619327073944474,0.050288323596373,0.027806091342682,0.0188589378200764,0.00382711511745092,0.00977918695827618,0.00710576307045059,0.0276825423625171,0.0120883566567524,0.017247888513361,0.0131231405021291
725,0.0280081420813903,0.00959501379589214,0.00468472176742717,0.0229116770115447,0.00432816079101593,0.0406370765464816,0.012482338874475,0.0287300661756244,0.0721886081270966,0.0492835361090565,0.0168020751299927,0.0112385819897221,0.0579582490250767,0.0166500507465803,0.0283655856639492,0.0376767409600039,0.0104924461227055,0.0171241588537046,0.0167646040288781,0.031350530740748,0.00507194049288404,0.0106566657752043,0.0355720975362545,0.0279376210793202,0.030219684151622,0.0453932677328085,0.0296633620324833,0.0151654530870233,0.0122587385976353,0.032706388872981,0.0157153921356373,0.0222728519654292,0.0287843558010698,0.0583335446669251,0.0147429863349012,0.00579523831297064,0.0276247836115499,0.00257626424967804,0.104175099843947,0.045522375035872,0.0117111817106685,0.0166823194496088,0.0285678691082319,0.0172678611329385,0.0132412428558529,0.0066895664522741,0.0340280893143294,0.036813277623346,0.023001640056863,0.0359896970349253,0.0144696277861027,0.0199729759696666,0.0148176340545839,0.0113426642747211,0.0388459302853249,0.0238464924658834,0.0295872960642414,0.0187323840741916,0.00703433936175095,0.0179756589315483,0.0367791592890059,0.0280939114796574,0.0169433427348048,0.0193993171214866,0.0444475275709409,0.0363489500798198,0.00246762379528201,0.037108398488353,0.00679962361229923,0.0402993619221947,0.024637530136236,0.0580883059839098,0.0669091773831894,0.0181909754828378,0.0155737652495371,0.0327630439345367,0.0219449198948356,0.024220512513812,0.0130185349939587,0.0440183040841651,0.0331805295078143,0.0205334123344362,0.0267208521800747,0.00162138335655318,0.00214508062722781,0.00696062794155112,0.0346276327699056,0.0418254824573463,0.0648804864425233,0.063449330262112,0.0515555886371025,0.0283019607681858,0.01940986674606,0.00396126561596424,0.00998766228368164,0.00732094239438816,0.0284566936634827,0.0123078877210652,0.0175747455189777,0.0133677051196328
726,0.0285930365492329,0.00973669411158328,0.00474939701395253,0.0233104079780507,0.00440738028056923,0.0415379191466896,0.0126870265945248,0.0293915316149178,0.0741607150738561,0.0503333978313686,0.0171543115639032,0.011430464755988,0.0595153682131281,0.017003770499966,0.02911577557063,0.0387439137265522,0.0107304462277704,0.0174323025597646,0.0173021956050022,0.0318723095680573,0.00512056296539851,0.0108493936016694,0.0362393267921647,0.0283686098082738,0.030779967042756,0.0464424104730756,0.0303000142441314,0.0153755050684079,0.0124830032504711,0.0333080216985552,0.0160527607150709,0.0228250816402628,0.0292873777483476,0.0600791633535239,0.0151432780745514,0.0059113990931486,0.0284618114040419,0.00261166484753883,0.107595063441035,0.0465643633630411,0.0118887012086745,0.0170076569807861,0.0295484200613963,0.0177153350553351,0.0136853008626285,0.0068273037557725,0.03466636852956,0.0375105627369817,0.0234264733048573,0.036991230127933,0.0147231848089771,0.0203499405499982,0.0150524209994197,0.0115121215566528,0.0396500815678927,0.0242833398121266,0.0301588447540231,0.0191837307989779,0.00717461558873045,0.0184486094567505,0.0375878191413466,0.0287908555818192,0.0172955698438299,0.01988477344817,0.0455836935710662,0.0369390939813372,0.00250735764132281,0.0381767949422791,0.00692196854896073,0.0413575875833787,0.0251479618819891,0.0594131079409921,0.0688341192489864,0.0186096343381466,0.01582788585556,0.033524237098923,0.0227863770158201,0.0245626347239596,0.0133307573073124,0.0450481209830214,0.0340713340591801,0.0209832341699229,0.0272718642588709,0.00166217195952325,0.00218852899906908,0.00709462310388775,0.0353972821874635,0.0427646853033798,0.0665770730365751,0.0649178124909725,0.0527753907759227,0.0287685719753504,0.0199415815601961,0.00409240407430409,0.0101857163035529,0.00753137407007302,0.0292068828076133,0.0125154878069288,0.01788763173248,0.0136008514402189
727,0.0291726273517754,0.00987533886117717,0.00481297934627207,0.0237062728621095,0.00448586361191909,0.042440704404202,0.0128895489678772,0.0300438979838624,0.0761135708882248,0.0513937734313521,0.0175091112883681,0.0116206748691721,0.0610492193595819,0.017355249431739,0.0298572496665131,0.0398005574417714,0.0109670432044763,0.0177393261440727,0.0178365319479531,0.0324000727556311,0.00517249595244643,0.0110370524370166,0.0369047894211074,0.0287904572809215,0.0313320546571793,0.0474854856329787,0.0309394000093996,0.0155885719119128,0.0127071880080077,0.033891254908874,0.0163857092368057,0.0233717262336238,0.0297845295580438,0.0618236870453673,0.0155413919605361,0.00602670459642573,0.0292800814582204,0.00264716531542959,0.111029669656857,0.0476171504214475,0.0120655108412192,0.0173295158075694,0.0305301693024667,0.0181657610675354,0.0141323642667106,0.00696575720810436,0.0352940433924923,0.0381942427038041,0.0238492094529336,0.0379926274400652,0.0149774043218685,0.0207248948572523,0.0152850785776015,0.0116806305872697,0.0404400359917405,0.0247120769474352,0.0307221276601779,0.0196372029076583,0.00731407420581757,0.018925062242205,0.038395979436053,0.0294837461534299,0.017643255288037,0.0203723615584421,0.0467208913800312,0.037525846955098,0.00254921623760977,0.0392635637028059,0.00704260762034563,0.0424016693459643,0.0256529015073824,0.0606856465533726,0.0707469321472029,0.0190234823791205,0.0160786321167276,0.0342824598737673,0.0236341641760901,0.0248992887327138,0.0136479493098747,0.0460748236634467,0.0349481973990703,0.0214295184540378,0.0278238807803781,0.00170087936263324,0.00223141928843659,0.00722733483215835,0.0361634853552417,0.0436979488277468,0.0682639279349932,0.0663782472699793,0.0539821126551566,0.0292257496007386,0.0204691829245328,0.00422185158170104,0.010382652963509,0.00774239155793044,0.0299515777126077,0.0127204709293233,0.0181983046167398,0.0138310503204919
728,0.029764056889723,0.0100144049520848,0.00487902754094833,0.0241164156408793,0.00456679377651642,0.0433415583096567,0.0131009026492335,0.0306970095018556,0.0780843308915113,0.0525299693001906,0.0178794019174398,0.0118181326018808,0.0626137978004451,0.017715159009666,0.0305937222456224,0.0408650053063278,0.0112094564470678,0.0180577027187228,0.0183788607932362,0.0329840315781013,0.00523994587426833,0.0112296901418317,0.0375808615198154,0.029222928012592,0.0318968498505958,0.0485536952691757,0.0316037493986913,0.0158210943653435,0.0129387964150027,0.0344804019158738,0.0167183624232586,0.0239293855388281,0.0302937086741988,0.0636033543027758,0.0159470115471183,0.00614708950362885,0.0301006455623758,0.00268447644522854,0.114544630357574,0.0487165951029707,0.0122504695147587,0.0176597753593684,0.031525493651082,0.0186329329828628,0.0145908581659631,0.00710682930395385,0.0359343358535184,0.0388919856994159,0.0242781736657036,0.0390175091524575,0.0152441685141918,0.0211123828398468,0.0155261770649928,0.0118558939168333,0.0412433297091567,0.0251491062690349,0.0312895849789586,0.0201138137223888,0.00745762436218389,0.0193924555818957,0.0392309364525298,0.0301796679810772,0.0179978080130772,0.0208828640385173,0.0479301176321818,0.0381343641093677,0.00259270350494404,0.0403802887216785,0.00716637270995259,0.0434524685128459,0.0261693654665197,0.0619596980590034,0.0726914460386565,0.0194414496903885,0.0163360933855566,0.0350592149881994,0.0245016851645113,0.0252484672463533,0.0139727908399991,0.0471303558158691,0.0357985527580979,0.0218860047132682,0.0283959107123203,0.00173943318400592,0.00227525632247164,0.00735998899606749,0.0369504853387969,0.0446544203913844,0.069966950486419,0.0678707277880826,0.0552101369171275,0.0296933182809133,0.021007771501118,0.00435092922738566,0.010587776209169,0.00795932831838564,0.0307092462961645,0.0129321511032286,0.0185185216346292,0.0140667726170564
729,0.0303778324464859,0.01015652058722,0.00495005416013247,0.0245521267555671,0.00465208824777213,0.0442337317198054,0.0133285051568339,0.0313574307903187,0.0800958115813654,0.0537833635906862,0.0182737366587275,0.012028680948181,0.064243982626675,0.0180901530354389,0.0313272533848638,0.041948785955179,0.0114622129901043,0.0183951884467049,0.0189366045190981,0.0336557458454059,0.00533081290043128,0.0114340717708738,0.0382733250351592,0.0296787669582681,0.0324875459956149,0.0496665229144755,0.0323077755843136,0.0160830896319853,0.0131824621468986,0.0350940054389646,0.0170527450086505,0.0245092581508255,0.0308262394852885,0.0654390187878164,0.0163660113300102,0.00627642680420174,0.0309394963753339,0.00272467354342595,0.118177890472408,0.0498825608757478,0.0124493024386179,0.0180059563033682,0.0325414965078893,0.0191249771395526,0.0150657036377483,0.00725126065873595,0.0366018460696246,0.0396208783591015,0.0247176299965186,0.0400801133293128,0.015530753940834,0.0215216502393904,0.0157825306151706,0.0120427907886645,0.0420772927584764,0.0256047837912967,0.0318687979037623,0.0206263393529209,0.0076083698952507,0.019839220603469,0.0401106413066825,0.0308815777889617,0.0183663284914348,0.0214288971420462,0.0492569540862112,0.0387806664824622,0.00263699511241631,0.0415297760529001,0.00729632782425343,0.0445250725240199,0.0267080553717576,0.0632768458765437,0.0746939476746134,0.0198691507206833,0.0166067980743788,0.0358676472139251,0.0253963434669981,0.0256219078131701,0.014305295522041,0.0482342935120854,0.0366112188122981,0.022361503091371,0.0289998044794789,0.00177901163609754,0.00232104489931356,0.00749302701349413,0.0377736218292879,0.0456522592933836,0.0717063671698972,0.0694196239386417,0.0564806674181042,0.0301855151677813,0.0215669227756841,0.00448047540647736,0.0108070579222134,0.00818510157428987,0.0314917620747911,0.0131564835836771,0.018855583225772,0.0143136600614753
730,0.0309979208362928,0.0103009991515083,0.00502438690833012,0.0250012825035749,0.0047386024269371,0.0450989749558531,0.0135654574630774,0.0320186080787705,0.0821134741608022,0.0550996215021152,0.0186831710940656,0.0122458537879815,0.0658981879490287,0.0184708146464493,0.0320532862926702,0.0430362097604472,0.0117190704294058,0.0187406716945931,0.0195018840747498,0.0343721695087058,0.00543577219780875,0.0116438311555951,0.0389615853145582,0.0301426408315483,0.0330864985324693,0.0507965780062919,0.0330361241461871,0.0163588807370432,0.0134313394018798,0.0357275254274504,0.01738248177442,0.0251009378711023,0.0313671541575317,0.067289994569542,0.0167890295707211,0.00641034272205585,0.0317923900380615,0.0027662899749604,0.121856327182835,0.051070929512946,0.0126552000335969,0.0183581442578563,0.0335641875975688,0.0196273499754869,0.0155478056774209,0.00739514437078893,0.0372766870241746,0.0403556811568704,0.0251555980536866,0.0411571495671061,0.0158260146185694,0.0219407499702542,0.016045928892566,0.0122349072183222,0.0429184307222216,0.0260652799971749,0.0324479116165635,0.0211546070593893,0.00776219339543812,0.0202577597692214,0.0410156644604194,0.0315759200517349,0.0187386833029263,0.0219904117924221,0.0506453229982033,0.0394442388328998,0.00267995372227532,0.0426797201595066,0.0074284654616127,0.0456114733678899,0.0272544134684647,0.0646299021474807,0.0767105509681339,0.0202989373751536,0.0168830308347847,0.0366874694929519,0.0263015413576609,0.0260063273495094,0.0146348121243638,0.0493567423493663,0.0373805560193945,0.0228451062011811,0.0296187783348652,0.00181779530869835,0.00236778970109389,0.00762375249501459,0.0386126210202821,0.0466656725854502,0.0734797129860851,0.0709864124326523,0.057762192870139,0.0306942274746263,0.0221341115287013,0.00460939773765087,0.0110331417285691,0.00841296359819842,0.0322846209602296,0.0133859885859106,0.0191989617367987,0.0145660378851458
731,0.031601653756077,0.0104463253253781,0.00509930727563553,0.0254459056463536,0.00482192619722223,0.0459161632051186,0.0138012814039019,0.0326707079987539,0.084088441009178,0.0564004799953724,0.0190943863988455,0.0124601077226514,0.0675157116332137,0.0188437093140134,0.0327656099603566,0.0441047825285462,0.0119710940011071,0.0190783238798572,0.0200629950521439,0.035071605054468,0.00554119268260077,0.0118493193216212,0.0396184535555691,0.0305921967856856,0.0336683534182974,0.0519047514581896,0.0337659237661362,0.016626367161202,0.0136757125088156,0.0363706511381087,0.0176990975138099,0.0256886173027785,0.0318949118015825,0.0691002108187521,0.0172028954722094,0.00654240178971959,0.0326500235620606,0.00280722361938252,0.125479050733393,0.0522215873639902,0.0128582190233647,0.018702066078896,0.0345743032258088,0.0201198404534599,0.0160245652598337,0.00753341165918184,0.0379303499071264,0.0410605730264137,0.0255760363342548,0.0422159453453799,0.0161141989296442,0.02235243674,0.0163044054393234,0.0124230059144251,0.0437330430689609,0.0265107189867696,0.033010212296481,0.0216702068895242,0.00791317214141602,0.0206414683751117,0.0419172312121491,0.0322450111816613,0.0191004305542013,0.0225391925804741,0.0520137317485892,0.040095431849249,0.00271911374505933,0.0437890376067921,0.00755701024336816,0.0466978891699616,0.0277875671602629,0.0659994861940085,0.078679826622727,0.0207198459230522,0.01715351537818,0.0374900368098628,0.0271946808076584,0.0263821876137301,0.0149480232013327,0.0504554403063514,0.0381023102825327,0.0233209772728026,0.0302288899885481,0.00185321538593211,0.00241399538094218,0.00774868459937957,0.0394383057309487,0.0476578792574439,0.0752788500660435,0.0725168466855188,0.0590100231992301,0.0312057549300757,0.0226912873643243,0.00473612114546979,0.0112553391902249,0.00863375042509257,0.0330667244630311,0.0136098275652233,0.0195336724910914,0.0148154021944238
732,0.0321663629027718,0.0105909837892577,0.00517209675214293,0.025868018945354,0.00489764944183838,0.0466641716549206,0.0140254988152457,0.0333038971818116,0.0859718345058493,0.0576076760313525,0.0194940637484581,0.0126618993535601,0.0690358515449372,0.019195402509448,0.0334580133792377,0.0451320100658895,0.0122093489413434,0.0193923164199674,0.0206082330432327,0.0356923549691594,0.00563344327100738,0.0120408872945779,0.0402167409557486,0.0310050819739326,0.0342077566102377,0.0529519341837334,0.034474303125985,0.0168634483851466,0.0139058657965758,0.0370130718277169,0.0179941170200629,0.0262564890489745,0.0323879715280954,0.0708135967062461,0.0175944382374338,0.00666616853972135,0.0335030939588334,0.00284537235624296,0.128945171368621,0.0532744207783052,0.0130484161315902,0.0190234486225504,0.0355525796982977,0.0205822375362655,0.0164833833598396,0.00766099374298379,0.0385343259084379,0.0416997329014224,0.0259629033352704,0.0432238281436768,0.0163795552563044,0.0227394652561896,0.0165459937975873,0.0125978495855915,0.044487429267263,0.0269212248601807,0.0335389861226335,0.022144728891056,0.00805538341185424,0.0209837417170986,0.0427865668602802,0.0328711675910054,0.0194371283519093,0.0230470240970313,0.0532806877178002,0.0407045962200787,0.00275200959130659,0.0448166449600507,0.00767618679085753,0.0477705380557407,0.0282866438507738,0.0673662173383212,0.0805403453419018,0.0211209126336318,0.0174069754159703,0.0382467041492408,0.0280531637881497,0.0267299503641906,0.015231611307313,0.0514881253616799,0.0387722275048582,0.02377327953634,0.0308061971505962,0.00188270305192256,0.00245816659198799,0.00786434248533976,0.0402214987804574,0.0485920982992245,0.077095640540833,0.073956680112646,0.0601794683313757,0.0317063972627571,0.0232203998867079,0.0048590705544977,0.0114629618691691,0.00883829808995361,0.0338169740937466,0.0138171619769093,0.0198447308120323,0.0150532490956652
733,0.0326744947268331,0.0107327495247252,0.00524034448648225,0.0262541707798379,0.00496250289079193,0.0473288397815148,0.0142296055585263,0.0339078993838678,0.0877262525127471,0.0586609304181091,0.0198719003935209,0.0128436970189889,0.0704158266040404,0.0195154509306725,0.0341239971584616,0.0460983623622696,0.0124268440812955,0.0196706800865252,0.0211276001163105,0.0361912280499623,0.00570210514589737,0.0122110751499002,0.0407386352991599,0.0313642135371724,0.034685159789116,0.0539077261916209,0.0351445627122419,0.017054383583466,0.0141142969298722,0.037642582197605,0.0182618815737318,0.0267911633711249,0.032829510359602,0.0723857599104959,0.0179534254642477,0.00677650876759592,0.0343411446043296,0.00287912242781913,0.132175494493617,0.0541845919106673,0.0132180669549233,0.0193112556177771,0.0364823186166997,0.020999167871414,0.0169143563881761,0.00777405508217434,0.0390666829561142,0.0422485761318798,0.0263051172747799,0.0441552635628738,0.016610089509511,0.0230884927418677,0.0167615314856337,0.0127523370677908,0.0451558730330711,0.0272814949048832,0.0340210776522102,0.0225579710105658,0.0081842421752177,0.0212814328660702,0.0436023566696561,0.033442267209599,0.0197376248166577,0.0234937143336035,0.0543833514026033,0.0412489357237897,0.00277715550833213,0.0457330645908282,0.00778163996467554,0.0488166433040246,0.0287354751705674,0.0687084164232548,0.0822439642469064,0.0214928749396665,0.0176344447995447,0.0389352979227351,0.0288591235879428,0.0270349308602224,0.0154765647186772,0.052422525998589,0.0393873003396666,0.0241895622218683,0.0313320162748794,0.00190482855269113,0.00249907160285948,0.00796841298578537,0.0409394683752197,0.04943974853847,0.0789124203604181,0.0752640186636807,0.0612358350204449,0.0321842223820542,0.0237073514270608,0.00497693652959025,0.011647689631439,0.00901983536408527,0.0345183745124124,0.0139996925248371,0.0201206641212886,0.0152730025414594
734,0.0331289546928063,0.0108665587179571,0.00530287026142604,0.0266090120003121,0.00501778066127107,0.0479238642169059,0.0144129935970793,0.0344706668583712,0.0893601948221014,0.0595718993523313,0.0202296578855566,0.0130060160048676,0.0716845399468998,0.0198053761820195,0.0347559083785091,0.0469961661409941,0.0126243626323293,0.0199168830676588,0.0216179242450394,0.0365990583369211,0.00574960855681454,0.012361179162262,0.0412038307158923,0.0316735885668094,0.0351042375305077,0.0547765638710796,0.035784690230152,0.0172088707063658,0.0143023569167866,0.0382393987273136,0.0185079984046084,0.027288921163922,0.0332215769661439,0.0738190221406629,0.0182813783300844,0.00687349332090374,0.0351491043322899,0.00290881352729559,0.13517760615571,0.0549683661372586,0.0133683225819369,0.0195673982851124,0.0373570827665825,0.021374608845281,0.0173183624991203,0.00787369310037515,0.0395317959303477,0.0427274637329393,0.0266114352548263,0.0450132696891855,0.0168088377150835,0.0234017864820115,0.0169530719262642,0.0128879117063958,0.0457445950718264,0.0275945191578524,0.0344575649546821,0.0229225627900362,0.00830051415915147,0.0215452259926304,0.0443731257708582,0.0339684340375426,0.0200039281248857,0.0238911648844216,0.055333495765108,0.041733066498112,0.00279698509055804,0.0465552420956771,0.00787469558244481,0.0498274488067785,0.0291367096580071,0.0699952103742131,0.0837956861299462,0.0218332749280156,0.0178361979402273,0.0395595302502596,0.0296136187664421,0.027301858365048,0.0156910945998257,0.0532663327187064,0.0399495084408515,0.0245709185593458,0.0318086987904719,0.00192271838185001,0.00253653314417914,0.00806325363016469,0.0415952642706164,0.0502050481541325,0.0806734207503786,0.0764463784252382,0.0621844173317905,0.0326343709203743,0.024153855224808,0.00508947219677143,0.0118106755592664,0.009181161964081,0.0351703429770072,0.0141592769071715,0.0203640482336678,0.0154757978693318
735,0.0335377630187597,0.0109866378562795,0.00535880151828255,0.026941719075094,0.00506591771725946,0.0484699058820358,0.0145770289197196,0.0349797089831518,0.0908936367087168,0.0603702228778671,0.0205721138513143,0.0131513833340384,0.0728888157640257,0.0200696910944244,0.0353458057376942,0.0478207123087493,0.0128046314008563,0.0201382529056284,0.0220777398794234,0.0369651861807956,0.00578159601997144,0.0124946846561466,0.0416413979225414,0.0319424741418781,0.0354744701336758,0.05557159270647,0.0364088451896443,0.0173429673979555,0.0144736101012431,0.0387818433409355,0.0187408912297944,0.0277484609803728,0.0335709379296399,0.0751273836135811,0.0185827564072718,0.00695849431021163,0.0359107483409029,0.00293527371058368,0.137980787562789,0.0556572846396129,0.0135025529741849,0.0197970247179868,0.0381730002294894,0.0217173755289584,0.0176989752828336,0.00796223846211836,0.039940616449378,0.0431679931360467,0.0268955740984515,0.0458080027301607,0.016982593427556,0.0236855162770811,0.0171254725184121,0.0130081529741303,0.0462678003363445,0.0278678608434384,0.0348530844775905,0.0232593416703008,0.0084063027810957,0.0217892630423125,0.0451148592609026,0.0344653535925042,0.0202413364669898,0.0242593007443972,0.0561615468837597,0.0421684577706075,0.00281491176918318,0.0473117288774018,0.00795809970104493,0.0507952036092594,0.0294977000784043,0.0711934276372418,0.0852138002009657,0.0221413558490599,0.0180148193893257,0.0401295846787943,0.030322439200701,0.0275403156428625,0.0158877178371661,0.0540372265282575,0.0404620782124565,0.0249218277787015,0.0322438548702489,0.00194063809490908,0.00257063756206808,0.0081523896220655,0.0421983816092707,0.0509004151629821,0.0823133467551981,0.0775236280181758,0.0630405061586363,0.0330537516908808,0.0245655772464284,0.0051966963223573,0.0119554410389316,0.00932747034285669,0.0357763998949948,0.0143003120706516,0.0205809710622623,0.0156646982630412
736,0.0339089399227613,0.0110872134270187,0.00540726569836,0.0272614684725014,0.00510934902274079,0.0489876256978463,0.014723077515262,0.0354225351360396,0.0923465534473981,0.0610855410385645,0.020904045917543,0.0132823260293432,0.0740754782459284,0.0203129084988229,0.0358857479343307,0.0485672917722215,0.0129703771932883,0.0203421171426938,0.0225055814694668,0.0373389519323457,0.00580371005158063,0.0126150769560373,0.042080407635703,0.0321801373414133,0.0358053378978832,0.0563059581821522,0.037031187100648,0.0174727313023448,0.0146316208271658,0.0392482379625641,0.0189689837663918,0.0281684813734841,0.0338843598320092,0.0763248445460843,0.0188620192681383,0.00703288384608643,0.036609851828357,0.00295933103359473,0.140614319922742,0.0562828885992637,0.0136241280932213,0.0200052830098312,0.038926199086964,0.0220362829935378,0.0180597683294778,0.00804202183193615,0.0403040961314447,0.0436017617726476,0.0271712506286978,0.0465496188933484,0.0171381502014627,0.0239458519275366,0.0172835906610106,0.013116640343718,0.046739693779441,0.0281090831859913,0.0352122726684768,0.0235891450921929,0.00850371145849052,0.0220276859606495,0.0458435422368053,0.0349487113921516,0.0204551480333671,0.0246180469084419,0.0568979308370036,0.0425665787688384,0.00283434897540643,0.0480310763388064,0.00803459837735551,0.0517121567567246,0.0298257991970707,0.0722698966583864,0.0865165956699096,0.0224163609531801,0.0181728936981475,0.0406556447553192,0.0309913747677729,0.0277598854578613,0.0160789513171058,0.0547528884334678,0.0409282360585251,0.0252467691098644,0.0326450946870858,0.00196285324737823,0.00260147120264741,0.00823934616507562,0.0427583155338055,0.0515382675817895,0.0837669034193604,0.0785156360633512,0.0638193923942058,0.033439273506737,0.0249481834584011,0.00529862767266392,0.0120855074567149,0.00946395295332825,0.0363400656738393,0.0144271949620163,0.0207775205201646,0.0158427669063466
737,0.0342451042900197,0.0111635316328506,0.00544711244987165,0.0275708323216541,0.00514941814884239,0.0494847685551208,0.0148510173798326,0.0357890026676862,0.0937194939408113,0.0617367299950543,0.0212250942034596,0.0133995021676904,0.0752663275104896,0.0205361540317268,0.0363646782811649,0.049228616458625,0.0131222896006895,0.0205316373377032,0.0228974601147263,0.0377496398604894,0.00582050502462097,0.0127236592367937,0.0425343098462447,0.0323903822487578,0.0361003314275472,0.0569833143837595,0.0376549526092621,0.0176075019535946,0.0147774652071539,0.0396211580753052,0.0191950634398249,0.0285449783157809,0.0341635550357062,0.0774126171530279,0.0191203871045388,0.00709734554567404,0.0372292764569792,0.0029812926815357,0.143083442887578,0.0568636428276021,0.0137340593317646,0.0201939409357366,0.0396104304222082,0.0223355072275539,0.0184011557620987,0.00811391280541736,0.0406260725771693,0.0440462321002603,0.027444136828787,0.0472404564669523,0.0172790065776321,0.0241848608198224,0.0174291780124689,0.0132147055655758,0.0471649383487941,0.0283209713742117,0.0355345790468371,0.0239231406235045,0.00859340789147003,0.0222683813786526,0.0465625520160241,0.0354238475938997,0.0206472188590089,0.0249778844078614,0.0575661457407714,0.0429313460225921,0.00285739002489413,0.0487287230625918,0.00810536989064589,0.0525640071717221,0.0301234373678962,0.0731911810116692,0.0877082746732208,0.0226561281196394,0.0183108479728336,0.0411408133946531,0.0316208937369515,0.0279647809992251,0.0162719359525579,0.0554205824865013,0.0413457855281315,0.0255461711015565,0.033014488025355,0.00199200695551127,0.00262881202380254,0.00832526338052404,0.0432778121661926,0.0521223711528319,0.084977872222236,0.079428897044559,0.0645256244054087,0.0337843222200187,0.0253030442192186,0.00539433206051664,0.0122025243059385,0.00959352180358271,0.0368595139847517,0.0145417355050894,0.0209561213223828,0.0160100650272965
738,0.0345272696743057,0.0112149175378513,0.00547608024865081,0.0278459653948805,0.00518310309526632,0.0499174152240084,0.0149547745388017,0.0360783608200292,0.0949353016030679,0.0622996103750988,0.0215143487981515,0.0134960940422531,0.0763830673850762,0.0207270045519534,0.036759078548673,0.0497870823772852,0.0132529093527332,0.020693311115857,0.0232392935129709,0.0381463099067783,0.00583218273913653,0.0128130060747799,0.042954071642122,0.0325551609644882,0.0363389825477032,0.0575693498020169,0.0382396869062652,0.0177297464455706,0.014902266428507,0.0399001933983178,0.0193993725088094,0.0288631374578607,0.0343900190253278,0.0783407616413545,0.0193461225864367,0.00714980905243663,0.0377482297456505,0.00299938235679613,0.145297229885786,0.057365706655449,0.0138239238071933,0.0203512449974364,0.0402099373250572,0.022600667889312,0.0187109138352792,0.00817293670237764,0.040881927316702,0.044462326680693,0.0276877253226604,0.0478515820617953,0.0173954810420695,0.0243882006843192,0.0175515632691005,0.0132946895008927,0.0475100289715322,0.0284871984542018,0.0357987054199859,0.0242338163398619,0.00867031691094416,0.0224942146692439,0.0472248347977839,0.035854720914151,0.0208056363572851,0.0253115184195379,0.05816197786094,0.043236465270558,0.00288084777118265,0.0493676563510439,0.00816532140974445,0.053310253285965,0.0303733552990848,0.0739227847830181,0.0887366910533355,0.0228528737432312,0.0184204795388575,0.0415598709829691,0.0321901779464905,0.028137737156077,0.0164523087624566,0.0560059049232771,0.0416908387504731,0.0258042595776711,0.0333319431154174,0.00202425257853778,0.00265120443047607,0.00840174106070449,0.0437326215457967,0.0526218825204145,0.0859263403827446,0.0802164088973426,0.0651207804538974,0.0340681918384513,0.0256143474554271,0.00547906348477801,0.012300653508091,0.00970996712239175,0.0373115315539316,0.014635395532033,0.0211045453915877,0.0161546460310964
739,0.0347310482965307,0.0112417159214466,0.00549162977743581,0.0280564181253112,0.0052062904688583,0.0502287304444994,0.0150267870248506,0.036292206807828,0.0958973934761404,0.0627392389232431,0.0217457622831739,0.0135634150002705,0.0773223776244262,0.0208696497238963,0.0370423151217631,0.0502225065580551,0.0133527399637451,0.0208094701189438,0.0235144760115222,0.0384579659309221,0.00583785685193768,0.0128735098967362,0.0432750393855622,0.0326509625934894,0.036494833388541,0.0580202615289225,0.0387340123186059,0.0178152137620896,0.0149946594471997,0.0400891872097737,0.0195565169403834,0.0291054418698392,0.0345401930660066,0.0790465502160279,0.0195242490033221,0.00718751551641543,0.0381450056773906,0.00301130289106116,0.147140712789973,0.0577421630434828,0.0138829400680505,0.0204620613783242,0.0407065858870049,0.0228127455545603,0.0189736593364867,0.00821265777368931,0.0410399278625749,0.044796833101826,0.0278674638944391,0.0483462443693548,0.0174745970670749,0.0245374268373918,0.0176369693866951,0.0133466852885512,0.0477319185696462,0.0285866594364143,0.0359781666671926,0.02448399044385,0.00872792763051683,0.0226817958908236,0.0477707290017513,0.0361949447090551,0.0209150457861604,0.0255822101567476,0.0586742855008729,0.0434480895536508,0.00290021495227583,0.0498977506863453,0.00820779232586932,0.0539038434084574,0.0305533712874187,0.0744299471863378,0.0895356115791881,0.0229974088476314,0.0184914282765259,0.0418805172742792,0.0326730876268839,0.0282561192425254,0.0166003307922419,0.0564640350256527,0.0419340849997781,0.0260012096808946,0.0335718277991315,0.00205412103643128,0.00266688443937496,0.00845799391565192,0.0440917446913316,0.0529973060543498,0.0866014715546926,0.0808177954201829,0.06555569627501,0.0342666534086729,0.0258619854855863,0.00554712299081986,0.0123721850917029,0.00980479869369819,0.0376675583713254,0.0146970498520937,0.0212069014523661,0.0162615613672412
740,0.0348320523776059,0.0112442715630626,0.005491221718965,0.028171740946077,0.00521486687646408,0.0503618789565846,0.0150594928706606,0.036432137845842,0.0965091866020015,0.0630206723840324,0.0218932872400818,0.0135927783889819,0.077980937983278,0.0209482792119489,0.0371877543853439,0.050514706030788,0.013412284948051,0.0208624459887523,0.0237064019577022,0.0386136117926306,0.0058366410198348,0.0128955631294029,0.0434325594387927,0.032654276240646,0.0365414260802505,0.0582922466564743,0.0390865511732326,0.0178396528869687,0.0150432792192067,0.0401919827878448,0.0196411027015853,0.0292543746218321,0.0345905184228751,0.0794672550820123,0.0196397896446853,0.00720770608765167,0.0383978982352191,0.00301475711601594,0.148498923472747,0.0579460949523817,0.0139003266628794,0.0205112562617938,0.0410822421995453,0.0229527207990468,0.0191740090531883,0.00822664027022471,0.0410683417273204,0.04499653895154,0.0279488003282442,0.0486876920811085,0.0175033781249479,0.0246140945954051,0.0176716193210424,0.0133607860674336,0.0477875600651271,0.0285982493313018,0.0360464776677263,0.0246364811380535,0.00875972916379192,0.0228077351017919,0.0481405730475928,0.0363981323347613,0.0209600924035991,0.025753220832767,0.0590919269639333,0.0435323719127854,0.00291098430617752,0.0502688805506787,0.00822612203023863,0.0542977258482032,0.0306413036296805,0.0746779074355327,0.0900388030197132,0.0230805444565159,0.0185133340661454,0.0420704520225952,0.0330434830086257,0.0282972925726791,0.0166962630873535,0.056750152075486,0.0420462135502746,0.0261171965539132,0.0337085099183552,0.00207614324916528,0.00267408806720613,0.00848323665540127,0.0443241826215105,0.05320914612445,0.0869924293918866,0.0811726804115604,0.0657812076040849,0.0343554779773211,0.0260258506282558,0.00559281162401402,0.0124094090853044,0.00986952630144484,0.0378990344268798,0.0147155732745181,0.0212472982293043,0.016315862485226
741,0.0348114718065136,0.0112222024079303,0.00547303270052415,0.0281685077887929,0.00520566492270131,0.0502772109551542,0.0150466376852302,0.0364951905940449,0.0966995890383701,0.0631134541990469,0.0219370955728875,0.0135773471370709,0.0782799723394863,0.0209508800614742,0.0371785824114761,0.0506461050586142,0.0134241386841525,0.0208389107399538,0.0238029173635359,0.0385628523136683,0.0058269148186063,0.0128718562116828,0.0433793296295401,0.0325472886597892,0.0364585841279913,0.058351644854087,0.0392569877416702,0.0177853819520155,0.0150394212278237,0.0402086373623006,0.0196344370155285,0.0292967271417963,0.0345229133993051,0.0795561328792169,0.0196812538845367,0.00720794879227223,0.0384932041199668,0.0030079931767355,0.149282323564275,0.0579419058683075,0.013868089453784,0.0204872442510192,0.0413208747754585,0.0230062004028461,0.0192999924084698,0.00821021988915002,0.0409440585823684,0.0450197042335196,0.0279064841754303,0.0488471312097108,0.0174719369876748,0.0246040844212734,0.0176451953220428,0.0133294285486016,0.0476489496534085,0.0285061864935085,0.0359843111704909,0.0246649219949194,0.00876072633931842,0.0228526253146185,0.0482879518659842,0.0364305805987693,0.0209290342738404,0.0257983118736381,0.0593968328306397,0.0434633160032396,0.00290964583068011,0.0504419516018669,0.00821518101589294,0.0544564769706457,0.0306201544803405,0.074645802703894,0.0901954870710706,0.0230942035238027,0.0184778938705297,0.0421048939603646,0.0332804586574108,0.0282431020641996,0.0167247158849685,0.0568293852730977,0.0420049598039793,0.0261370317829756,0.0337223026884627,0.00208606890801428,0.00267149331703861,0.00846971539716775,0.0444043929935704,0.0532272121690691,0.087090935257443,0.0812349967340662,0.0657598145213046,0.034316277261158,0.0260904995997874,0.00561208098287278,0.0124061239084504,0.00989757600261933,0.0379840871166723,0.0146825030350832,0.02121360177385,0.016306210386558
742,0.0346728071445199,0.0111722190645016,0.00543810312758892,0.0280513865790124,0.00517930120327546,0.0500038184546989,0.0149871973828255,0.0364601594932686,0.0964994729059487,0.0630050745980077,0.0218822364754317,0.0135176824989973,0.0782388810633729,0.0208806288417124,0.0370372640208311,0.0506095568377727,0.0133892590072542,0.0207428978787508,0.0238096748998624,0.0383376961640176,0.00580412149990276,0.0128042716311283,0.0431374536475279,0.0323349772005345,0.0362512565368025,0.0582053661008427,0.0392492540737485,0.0176609956810018,0.0149850230656309,0.0401240639693014,0.0195446321296283,0.0292365242890536,0.0343412044516253,0.0793303779873319,0.0196510954349673,0.00718711916074651,0.0384492309037095,0.00299144047185427,0.14950309372496,0.0577392813793546,0.0137893835571122,0.0203926336282961,0.0414148618126715,0.0229772959633387,0.0193532893678914,0.00816581811280682,0.0406784567347406,0.0448704786146659,0.027752472056286,0.0488275970525233,0.0173827436259875,0.0245105773641079,0.0175612168160395,0.0132544237318354,0.0473482566236953,0.0283159826544447,0.0358009714029293,0.0245862080663424,0.00873198684542564,0.0228129913580511,0.048219436431637,0.0363093201139785,0.0208245806862215,0.0257332455564662,0.0595432227901306,0.0432463279377432,0.00289667856273007,0.0504219942002953,0.00817596418316258,0.0543911853669839,0.0304936614246223,0.0743683620022584,0.0900167051383223,0.0230347567243783,0.0183850329825207,0.0419891377337772,0.033384046479739,0.0280933110489605,0.0166876961892138,0.0567066634926615,0.0418162436740635,0.0260640727285806,0.0336173008188907,0.00208452278945661,0.00265954613738973,0.00842180188688766,0.0443286600188414,0.0530585339007284,0.0868989413517187,0.0810159135067316,0.0655006744862284,0.0341540256574422,0.0260591467077006,0.00560748487847019,0.0123621615447928,0.00989003894638845,0.0379275934613052,0.0146000260756864,0.0211087074448946,0.0162357042807932
743,0.0344251366209615,0.0110903053070335,0.0053881893501824,0.0278320687407731,0.00513733831166391,0.0495879789246089,0.0148814554540298,0.0363012784295592,0.0959652013411862,0.0626875105076709,0.021739978464012,0.013416195310665,0.0779016086483766,0.0207444995028732,0.0367960837212326,0.0504005217977799,0.0133106946167369,0.0205827812842282,0.0237367789022242,0.0379907529757157,0.00576297023434279,0.0126969898874546,0.0427463866479792,0.0320280168614439,0.0359306736866929,0.0578704629532403,0.0390783441638737,0.01748165794569,0.0148846828525296,0.0399193895966054,0.0193865015473751,0.0290820992807669,0.0340546950744038,0.078823169220993,0.0195552540925882,0.00714441959962958,0.0382922888763339,0.00296607371339656,0.14919884437276,0.0573592275991011,0.0136701514027725,0.0202335810957006,0.0413586839303976,0.0228747452822314,0.0193389925326319,0.00809762786983052,0.0402915366503565,0.044564484177684,0.0275080223583335,0.0486400822280847,0.0172413573103047,0.0243410796195691,0.0174266625234866,0.0131399261890947,0.0469326935386352,0.0280384728897122,0.0355129204621186,0.0244280497740796,0.00867609408538796,0.022689341014907,0.047954844230272,0.0360640649446386,0.0206530537363542,0.0255842843711223,0.0594783888086996,0.0428946644433893,0.00287355879906239,0.0502250698819896,0.00811099753420029,0.054124567684856,0.0302707459054374,0.0738942123008491,0.0895289535537555,0.0228996866633712,0.0182367337774671,0.0417359969674584,0.0333595127173106,0.0278521624623885,0.0165915601959531,0.0563968655268144,0.0414930312014873,0.0259063131947893,0.0334035443925918,0.00207334844127158,0.00263913446313896,0.00834689927767758,0.0440987245471769,0.0527194461004912,0.0864209575843803,0.0805409089126985,0.0650246093032602,0.0338795382335563,0.0259396706573067,0.00558322767502078,0.0122788623690081,0.00984992255496376,0.0377411178875118,0.0144729917647555,0.0209392679281905,0.0161110529295001
744,0.0340775384651754,0.010972444909783,0.0053250477183277,0.0275222456981131,0.00508133884134407,0.0490759698342747,0.0147296953894263,0.0359927812889631,0.0951531374805311,0.0621527388547928,0.0215215900549263,0.0132752964079782,0.0773120995879359,0.020549465995166,0.0364873260205044,0.050014460368152,0.0131914942119811,0.0203669348354713,0.0235943337061637,0.0375746323807998,0.00569817019254501,0.0125541914803767,0.0422455837861167,0.0316370826410791,0.0355080659576713,0.0573639879677785,0.0387592520064518,0.0172625326178429,0.014742998708421,0.0395757412319703,0.0191748587722592,0.0288417853340992,0.0336726887622087,0.0780676853948356,0.0193996696540107,0.00707905251547646,0.0380486883277271,0.00293286761338667,0.148407185925638,0.0568227506411247,0.0135163354206736,0.0200162433553088,0.04114682174785,0.0227072861612311,0.0192621945038701,0.00800984208885655,0.0398032987951356,0.0441173430052792,0.0271943934690948,0.0482955793549334,0.0170533373110448,0.0241030973833178,0.0172485111648383,0.0129900904923392,0.0464494729608757,0.027684492274913,0.0351366204451363,0.0242181575398878,0.00859563146247977,0.0224821820680035,0.0475139927476098,0.0357245291549993,0.0204207755198501,0.0253776908074776,0.0591496228526403,0.0424215822472707,0.00284176283641209,0.0498672401829758,0.00802280707115884,0.0536793405719,0.0299603293656973,0.0732719805698895,0.0887587286496576,0.02268647594591,0.0180349786307178,0.0413582852860334,0.0332121236118264,0.02752389923991,0.0164426641010507,0.0559148701681933,0.0410482884272105,0.0256717469856629,0.0330910734925185,0.00205438941123852,0.00261114622916573,0.00825241072265409,0.0437163274284304,0.0522262835494203,0.0856614938650945,0.0798354611351085,0.0643524407768037,0.033503630056883,0.0257399501539174,0.00554351373673907,0.0121575667557728,0.00978023425055685,0.0374362248220253,0.0143062494707182,0.0207119359094901,0.0159389650942469
745,0.0336371650057147,0.0108160664067288,0.00525002811454861,0.0271318061880448,0.00501251506815501,0.0484995435488367,0.0145325850223015,0.0355201179382507,0.0941072570011424,0.061398750039131,0.0212365629897594,0.0130970776251893,0.0765045663483619,0.0203008911789507,0.036132093660395,0.0494501297208862,0.0130342271112507,0.0201017751576656,0.0233895901954747,0.0371262553401689,0.0056066335346916,0.0123791894688021,0.0416649193978928,0.0311705946637803,0.034992459940421,0.0566992838157314,0.0383053307241883,0.0170149990352567,0.0145635242881228,0.0390800280526638,0.018921396305403,0.0285223036322149,0.0332026234397972,0.0770902680161535,0.0191889810463199,0.00699063566011991,0.0377356252347106,0.00289257615271845,0.147156948337618,0.0561462190772092,0.01333242434508,0.0197455398338948,0.040777042929577,0.0224811865220917,0.0191267365889032,0.00790561108085272,0.0392304595060707,0.0435418423056801,0.0268274501422733,0.0478028718690443,0.0168230153302662,0.0238024594789933,0.0170316429265455,0.0128081628270944,0.0459324577765369,0.0272637013973628,0.0346838978511377,0.02397577222258,0.0084926124314645,0.0221922259763659,0.0469142160863982,0.0353124723781445,0.0201332632342295,0.0251317960563535,0.0585211814033991,0.0418376903598702,0.0028023301828744,0.0493592425436871,0.00791339059070214,0.0530739564442397,0.0295694715364107,0.0725330304242565,0.0877273423614894,0.0223946016501094,0.0177817705648221,0.0408663464625969,0.0329472517253022,0.0271125882234818,0.0162456213460163,0.0552728510457378,0.0404923360728754,0.0253666286039959,0.0326877528472786,0.0020290185935168,0.00257632548273634,0.00814369143651989,0.0431840734138012,0.0515917819718746,0.0846305489504691,0.0789194699603057,0.0635007676897904,0.0330350360613062,0.0254661565385925,0.00549151066335631,0.0119996382558186,0.00968325646888049,0.037022063138519,0.0141036029533077,0.0204319733016837,0.0157248208129147
746,0.0331034649679966,0.0106243773707354,0.00516285455137168,0.0266634281994803,0.00493067799738249,0.0478323520164351,0.0142923295567549,0.0349136021670901,0.0928219857430197,0.0604475883524487,0.0208872819112449,0.0128823547899456,0.0754742932874568,0.0199976935551879,0.0357067623183513,0.0487194739979029,0.0128395451083433,0.0197858898603988,0.0231183854469568,0.0366197881301702,0.00549408437921908,0.0121718271484096,0.0409959445421776,0.030627953557001,0.0343840670683232,0.0558748536274735,0.0377233699529852,0.0167352983998635,0.0143456353861173,0.0384422879939912,0.0186253226384553,0.0281239272222844,0.0326444747526837,0.0758899093628733,0.0189226237184966,0.00688044816650341,0.0373338383218446,0.00284507038776383,0.145441839706995,0.0553274513119612,0.0131170921276803,0.0194214408570254,0.0402602633214662,0.0221928347667556,0.0189314549195018,0.00778391468611642,0.0385765986044489,0.0428394297892095,0.0264014825962972,0.0471619064761371,0.0165498127965879,0.0234382852421508,0.0167725438590468,0.0125937558331493,0.0453621121656284,0.0267810628912337,0.0341480367875911,0.023686256429194,0.00836677065306171,0.0218209989038504,0.0461629148174928,0.034817836522496,0.0197928144846463,0.0248332061123739,0.0576251790030338,0.0411430069252301,0.00275455319198549,0.048690518022187,0.00778263306753882,0.0523098107919415,0.0290977853009748,0.0716396720574409,0.0864353690374066,0.0220315187460294,0.0174791951911312,0.0402606448641198,0.0325706949010145,0.0266215918811807,0.0159980743549436,0.0544721611335984,0.0398249135828526,0.0249902553475157,0.0321927457681004,0.00199672626778619,0.00253484072066453,0.0080179048803222,0.0425080228598711,0.0508142808653957,0.0833600769848754,0.077790521587444,0.0624692967392625,0.0324741706467146,0.0251176316953861,0.00542623899667072,0.0118065331240989,0.00955837169965221,0.0364981194984254,0.0138646735374799,0.0200990789262123,0.0154686852286347
747,0.0324739611766547,0.0104020301343893,0.00506284457382412,0.0261179870343061,0.00483528831667397,0.0470335220809603,0.0140115185395892,0.0342147637458733,0.0912793620868728,0.0593273115595107,0.0204743546874037,0.0126316247282428,0.0742068327358954,0.0196371805349884,0.035176525905745,0.0478377340836037,0.0126076206159395,0.0194159092993594,0.0227737030856606,0.0360137083560128,0.00536844983412754,0.0119310803740704,0.0402206294585705,0.0300063050739731,0.0336808949854335,0.0548854906481544,0.037018518457044,0.0164158873796292,0.0140876633318033,0.0376783411807673,0.0182827252606971,0.0276453171174795,0.0319963527765717,0.0744587644055799,0.0185987322499956,0.00675018451284813,0.0368149520006241,0.00279000064376427,0.143246787668126,0.054359628208193,0.0128675590245188,0.0190426794749656,0.0396106858147402,0.021836149417212,0.018673934333555,0.00764269012727744,0.0378420117826306,0.042008718291714,0.0259053874157762,0.0463704206993677,0.0162319235702686,0.0230080166363244,0.0164656014787778,0.0123455737638588,0.0447055506316323,0.0262403649024118,0.0335176857640428,0.0233265032038237,0.00821726983947998,0.0213702306905213,0.0452650061287762,0.0342226090653101,0.0194009219781629,0.0244605956711132,0.0565106947087547,0.0403349023707823,0.00269728742864176,0.0478451835809466,0.00762989127088869,0.0513840348735576,0.0285430218308838,0.0705369523075875,0.0848781986287385,0.0216066766767162,0.0171293587681969,0.0395391750060424,0.032088357302555,0.0260540965876136,0.0156959227975719,0.0535114482422285,0.0390431150821952,0.0245401852126828,0.0316030402118674,0.0019565320601065,0.0024867165521509,0.00787016657669436,0.0416951000245678,0.0498885206708208,0.0818875209596258,0.0764406238188796,0.0612535116007902,0.0318193680794981,0.0246920101441006,0.00534568251399727,0.0115797307916224,0.00940423744609074,0.035861465010117,0.0135880369394963,0.019711560831655,0.0151692947608509
748,0.0317461764563223,0.0101536770302765,0.00494931572693316,0.0254963579944089,0.0047258067136769,0.0460621805863027,0.0136927415176072,0.0334651324449925,0.0894614244134116,0.0580659774250817,0.0199983891862566,0.0123453842660767,0.0726877370243523,0.0192166595294631,0.0345065783339477,0.0468201508623899,0.0123386260467201,0.0189884638302355,0.022348526736637,0.0352664936229056,0.00523765700741706,0.0116559250006558,0.039320944386671,0.0293027949679284,0.0328809513358075,0.0537259881229237,0.0361959250005658,0.0160492226425196,0.0137879394545795,0.0368040077378068,0.0178896916614089,0.027085134330972,0.0312563675871647,0.0727889881148583,0.0182154412202717,0.00660153917737527,0.0361505906825439,0.00272701724596124,0.140556719855372,0.0532359306287172,0.0125810452916399,0.0186079887379803,0.0388425133006214,0.0214050489954503,0.0183517596689519,0.00747987462696556,0.0370269947329761,0.0410483206490397,0.0253280611853197,0.0454261520618921,0.015867541511567,0.022509095625048,0.016105203302174,0.0120623208725778,0.0439298876780306,0.0256453955767832,0.032781493290039,0.0228734055905629,0.00804327370292793,0.0208416511764429,0.0442254072081312,0.0335087774838431,0.0189590784218416,0.0239926394281456,0.0552268075777724,0.0394107471239588,0.00262938845773962,0.0468073561824369,0.00745452196997155,0.05029375994764,0.0279029322976319,0.0691699180128407,0.0830512210868144,0.0211295248852157,0.0167343675545712,0.0386999314038049,0.0315061430935155,0.0254132887173875,0.0153350663436406,0.0523893601820811,0.0381440346959562,0.0240139761959579,0.0309156241354631,0.00190745559653757,0.00243197758639604,0.0076955920482697,0.040752229165819,0.0488092418289873,0.0802503238660327,0.0748617844569687,0.0598488959499433,0.0310689626260468,0.0241869264045385,0.00524782499265093,0.0113207106893978,0.00921951121141481,0.0351091707819665,0.0132722688756183,0.0192677270665905,0.0148253858290072
749,0.0309234901105177,0.00988422931581734,0.00482238954132872,0.0248035179431957,0.0046025906306272,0.0448961861911152,0.0133401398676066,0.0326966512929662,0.0873666124108296,0.0566913090807355,0.0194632526166776,0.0120259623306144,0.0709214558377124,0.0187372125938327,0.0336768790064533,0.0456847864055662,0.012034546699862,0.0185040072453537,0.021841365005815,0.0343549262909691,0.00510782475556929,0.0113474949128449,0.0382892903751143,0.0285198942001827,0.0319881601333607,0.0524013160072078,0.0352657925179516,0.0156318682716469,0.0134473605356479,0.0358375129886177,0.0174455823423604,0.0264461779432378,0.0304280761298761,0.070887324856278,0.0177744312717423,0.00643675846225794,0.0353256119384574,0.00265627731285243,0.13738479196589,0.0519578583524642,0.0122572855978382,0.0181194257128182,0.0379717312233288,0.0208986986413374,0.0179662817581262,0.00729489929883267,0.0361361806073709,0.03996366032461,0.0246651749550665,0.0443353289861533,0.0154577907937215,0.0219431854372741,0.0156898130506621,0.0117449068442616,0.0430135936903711,0.0250024634459873,0.031936293171397,0.0223147525441173,0.00784544320387905,0.0202430063164707,0.0430555927923372,0.0326687039584627,0.0184714001396651,0.0234184420295293,0.0538216060705608,0.0383748354173015,0.00255077678983463,0.0455768972414294,0.00725730484585393,0.049044738914616,0.0271803933108183,0.0675088569390482,0.0809655005932408,0.02060952647847,0.0162981358360766,0.0377476420445337,0.030833022641035,0.024705858614284,0.0149162438539792,0.0511132759694272,0.0371333771553705,0.0234137525093723,0.0301333063013908,0.00184952252877054,0.00237097051827897,0.00749188137684002,0.0396917981304341,0.0475805239128474,0.0784813734530247,0.07306021699454,0.0582620888057565,0.0302268911665499,0.0236047414564643,0.00513181166659085,0.0110322969723862,0.00900477973294274,0.0342449570967707,0.0129184323622672,0.018769263800708,0.0144383064975442
750,0.0300327073582983,0.00959963394776731,0.00468540349005141,0.0240608499901556,0.0044695845281147,0.0435883248131021,0.0129640622863644,0.0319029163508191,0.0850589709972561,0.0552296911252812,0.0188858495509539,0.0116830162537091,0.0689880282777,0.0182150203597577,0.0327264492952445,0.0444609875320493,0.0117046194205262,0.0179782870835932,0.0212728264226373,0.0333290077399682,0.00497783892899207,0.0110155561145487,0.0371597917086779,0.0276813745643875,0.0310301108714484,0.0509571510975403,0.0342585406243996,0.0151768180107091,0.0130770851634232,0.0348067030514803,0.0169628498552759,0.0257477993039693,0.0295368228289576,0.068818876575347,0.017291567298675,0.00626029596547712,0.0343778059766515,0.00257996513596048,0.133857071948036,0.0505601868228364,0.011906072262909,0.0175923435321632,0.0370214552390669,0.0203372499662512,0.0175339154116912,0.00709317082061899,0.0351915523958,0.0387874032921555,0.0239394976372723,0.0431381434917412,0.015015516841889,0.0213288343636277,0.0152341992656335,0.011403063090267,0.0419805625824638,0.0243279585846786,0.0310116603990172,0.0216819166616396,0.0076304282958664,0.0196061065246264,0.041793267813761,0.0317362494819832,0.017952497923297,0.0227688279232571,0.0523392162606475,0.0372591567037906,0.00246563271811904,0.044216645981898,0.00704471122698936,0.0476772112424144,0.0263987832324613,0.0656250205628695,0.0786947982507336,0.0200561992190035,0.0158318100076196,0.0367139688021002,0.0300902311264427,0.0239525124987835,0.0144595509537762,0.0497254994438076,0.0360512896164014,0.0227599032272403,0.0292821786946325,0.00178678261102178,0.00230533038539242,0.00726707288083089,0.0385480491207504,0.0462438030238146,0.0765953364999943,0.0710989576863104,0.0565443505611223,0.0293195010363942,0.0229667221194902,0.00500143359635305,0.0107226926913586,0.00876834668439133,0.033299140935025,0.0125375396165027,0.0182313696881369,0.0140198514108895
751,0.0291064898976062,0.00930609680771592,0.00454249903174454,0.0232938388062976,0.0043316296213177,0.0422101141847303,0.0125764093006528,0.0310679369377021,0.082618946398304,0.0537071735243373,0.0182863439022258,0.0113280354683853,0.0669863908002495,0.0176700381030088,0.0317090760644262,0.0431809222476591,0.0113598939403698,0.0174308743204712,0.0206690444974247,0.0322570441045793,0.00484477712657482,0.010672032639486,0.0359770034811752,0.0268163330622783,0.0300403094132858,0.0494493469007312,0.0332096431053076,0.0147011730185507,0.0126908373781237,0.0337418292433683,0.0164572197643687,0.0250134878301628,0.0286133989783705,0.066663334612558,0.0167862602583004,0.00607715710896573,0.0333581961647714,0.00250077180006426,0.130127855812966,0.0490860103993545,0.0115397120193975,0.0170454193451829,0.0360165835570363,0.0197461011994473,0.0170748414348046,0.00688158976108684,0.0342194305477734,0.0375590261529838,0.023180572609722,0.0418832784975329,0.0145564953942058,0.0206888119601521,0.0147572066934708,0.0110487264535512,0.0408660441501844,0.0236407914532647,0.0300453552600712,0.0210171664508942,0.00740637618068798,0.0189687783297226,0.0404826947536659,0.0307556497503303,0.017419606181321,0.0220850515078054,0.0508227736248235,0.0361026242415166,0.00237920148144424,0.0428051860801168,0.00682463535367808,0.046240038040839,0.0255866058626841,0.0636149012886671,0.0763285493922858,0.0194790745332366,0.0153483444913777,0.0356373070220623,0.0293020699346153,0.0231774605605415,0.0139899224593104,0.0482770656505807,0.0349465298411942,0.0220773836394467,0.02839415410579,0.00172429162313897,0.00223701431100751,0.00703178943782634,0.0373606879279871,0.0448498543954174,0.0746023245439505,0.0690552484774694,0.0547580969523977,0.0283787421847658,0.0222988616731905,0.00486164329911769,0.0104014456210385,0.008520444973577,0.032308688451649,0.0121430901555446,0.0176726215041165,0.0135844268584674
752,0.0281774994263838,0.00900982377725269,0.00439781762505139,0.0225279690626313,0.0041935671254145,0.0408330720384668,0.0121890814372438,0.030175722372766,0.0801269848395862,0.0521498062435219,0.0176848995836336,0.0109725094076674,0.0650154798612951,0.0171222210993563,0.0306785461781034,0.0418767585582157,0.0110114199910497,0.0168813399315051,0.020056152740498,0.0312073415194788,0.00470571694720693,0.0103288485213755,0.0347854807864194,0.0259538666955904,0.029052261622088,0.0479337569235909,0.0321545737460733,0.0142220344540158,0.0123023412199675,0.032673142881255,0.0159444176338519,0.0242667329388149,0.0276885958720764,0.0645003903084038,0.0162779211078489,0.00589234731465667,0.0323178058704626,0.00242138838994265,0.126351439571835,0.047578423441539,0.0111705115998491,0.0164973303010453,0.0349820143864381,0.0191506505701813,0.0166092406326242,0.00666705668899853,0.0332461355128011,0.0363180055084023,0.0224179432502007,0.0406194169224054,0.0140965021888081,0.0200458877828907,0.0142776800805565,0.0106938337770716,0.0397052881894084,0.0229598725121533,0.0290751380417304,0.0203627704196456,0.00718143406014174,0.0183688482605722,0.0391681360933157,0.0297711404594299,0.0168899593223209,0.0214083671816507,0.04931541363988,0.0349441512885696,0.00229672831866165,0.0414211012123602,0.00660497146622036,0.0447820804196935,0.0247723650016101,0.0615749915208035,0.0739561893508905,0.0188876838475896,0.0148606937095283,0.0345560520499776,0.0284928404504292,0.0224049129892132,0.0135322931868603,0.0468190096351049,0.0338678555918939,0.0213911490358765,0.0275011453254649,0.00166710534496981,0.0021679794183954,0.00679665392541038,0.0361694203433632,0.0434494532611844,0.0725124491219021,0.0670063313132064,0.0529657437159397,0.027436564560851,0.0216271533971393,0.00471739329206499,0.0100781035361491,0.00827130750831615,0.0313105658015624,0.0117485834966124,0.0171115960238866,0.0131464391297021
753,0.0272690658021029,0.00871515460010447,0.0042543313629567,0.021781458060367,0.00405876870820789,0.0395095140607788,0.0118101650347213,0.0292175741862165,0.0776423611352992,0.0505746335762515,0.0170959182167717,0.0106244645649688,0.0631432114219458,0.0165858305513941,0.0296757080661657,0.0405719398576632,0.0106671909321395,0.016343714959097,0.0194531413748474,0.0302279761699707,0.00455820369396123,0.00999448845302562,0.0336192250283967,0.0251145291669431,0.0280898158329854,0.0464501191429935,0.0311185631649366,0.0137522253224033,0.0119213583516984,0.0316212309548843,0.0154358401448043,0.0235243423634647,0.0267842643298721,0.0623874005493979,0.0157803988151992,0.00570925191026986,0.031296020392373,0.00234372427712906,0.122638600244211,0.0460689357148366,0.0108074127220191,0.015961347153512,0.0339362985478026,0.0185692243987989,0.0161515123063509,0.00645452467893174,0.0322889051860949,0.0350944447036782,0.0216737114989629,0.0393813589754537,0.0136466979898873,0.0194162097980343,0.0138093433907131,0.0103468560627995,0.0385240166284378,0.0222973755338867,0.028128760487835,0.0197487330543556,0.00696137399311832,0.017830979945765,0.0378811836279873,0.028815743215423,0.0163753734079203,0.0207681564446863,0.0478440559194517,0.0338113534517169,0.00222187023649272,0.0401205390785812,0.00639131091637747,0.0433409261655622,0.0239763353634568,0.0595791808841612,0.0716416347982365,0.0182894216082865,0.014378153130515,0.0334972868948722,0.0276796027646841,0.0216520698808739,0.0131042031407871,0.0453872051976924,0.0328484292380697,0.0207189706648878,0.0266259148110604,0.00161863362681737,0.00209959573858928,0.00656959811362352,0.0350024062106516,0.0420788573029188,0.0703324388078956,0.0650067128072019,0.0512120117642117,0.0265156191605941,0.0209701658494865,0.00457247598099683,0.00975931422931033,0.00802799366573558,0.0303316617974909,0.0113636047573645,0.0165614498165188,0.012716466263661
754,0.0263671915203553,0.00841896446854773,0.00411033487581087,0.0210434536215192,0.00392472784799864,0.0382149477541354,0.011432489678917,0.0282139627524771,0.0751396644539729,0.0489626771271361,0.0165107522570504,0.0102780756752579,0.0613134194640082,0.0160523513690091,0.0286896564216418,0.0392550110924437,0.0103229746348782,0.015809870713188,0.0188504274741395,0.029286104443871,0.00440165348664427,0.00966367976360249,0.0324700228517844,0.0242847009824901,0.0271381902687685,0.044973709416069,0.0300858693115057,0.0132874560148288,0.0115418009261636,0.0305680231450817,0.0149255684457671,0.0227763971038222,0.0258864932748962,0.0602923844061379,0.0152852943908248,0.00552477584667321,0.0302856727531613,0.00226656198017509,0.118926038883308,0.0445427186083982,0.0104458970445011,0.0154291150747214,0.0328725973069783,0.0179918613700072,0.0156929297413562,0.0062411568287255,0.0313286472456736,0.0338809540599173,0.0209402135461425,0.0381483740266455,0.0131997836658543,0.0187894396123631,0.0133454374575229,0.0100024009487637,0.0373098399252793,0.021638527539544,0.0271939401688998,0.0191560027562759,0.00674246746687894,0.0173271854129977,0.0366027464090118,0.0278776232653122,0.0158659911119006,0.0201463092024721,0.0463707566245488,0.0326866557324351,0.00215193131313908,0.0388699034734473,0.00618003350175472,0.0419090697721499,0.0231858753188198,0.0576109478857029,0.0693467277607963,0.0176831343407659,0.0138953824078462,0.0324428452196454,0.0268504517918712,0.0209080909572795,0.012693613077781,0.0439568811584712,0.0318590315789859,0.0200498836087323,0.0257546236871856,0.00157570260080639,0.00203088493367057,0.00634778934233211,0.0338416215838401,0.0407162539955234,0.0680554903241291,0.0630199582471012,0.0494708427141025,0.0256013611669731,0.020316768702684,0.00442604332620182,0.0094401255647281,0.00778486870020368,0.0293585558833845,0.0109820814572146,0.0160136586264148,0.012289773297984
755,0.0254485472362626,0.0081162624369963,0.00396295342830577,0.0202958361983038,0.00378746847571202,0.0369056785750058,0.0110450707674743,0.0271926506570258,0.072572312552721,0.0472859528285836,0.0159149918683341,0.00992405453389153,0.0594389174744636,0.0155075743889114,0.0276965475033447,0.0379057925971236,0.00997148259842133,0.0152661385706041,0.0182312848247105,0.0283286527796234,0.00423595014924602,0.00932771044136177,0.0313191072114328,0.0234422193492688,0.0261729456241432,0.0434636880700112,0.0290305069682307,0.0128191587688626,0.0111536187187359,0.029485784805443,0.0144033548021469,0.02200629647614,0.0249724311561229,0.0581610264952422,0.0147786468558473,0.00533420398052159,0.0292679579064886,0.00218790230438689,0.115106937550755,0.0429733589173009,0.010078081211099,0.0148868728414059,0.0317777245411433,0.0174015282596033,0.0152189847190548,0.00602216874203422,0.030337186815258,0.0326607706421852,0.020202344144343,0.0368858487361665,0.0127438451111748,0.0181486172428047,0.0128740823320082,0.0096516102320069,0.0360408406703656,0.0209618188623388,0.0262483861121085,0.0185532639053554,0.00651861082577745,0.0168163137897438,0.035301062801734,0.0269337317663155,0.0153465367610832,0.0195128424619847,0.0448413560530252,0.0315411854808778,0.00208262739467244,0.0376131622153049,0.00596521613141845,0.0404677324099417,0.0223801141523889,0.0556311682529111,0.0670077916037381,0.0170655315902702,0.0134033822412968,0.031363248350665,0.0259862411524049,0.0201551258466059,0.0122810889426149,0.0424881050925229,0.0308548480213306,0.0193657389081349,0.0248642827452508,0.00153349246951698,0.00196028157348277,0.006125703843859,0.0326574965694699,0.0393253132621758,0.0656714174298384,0.0609868975890407,0.0476984833586074,0.0246699468097239,0.0196484069077591,0.0042760871765903,0.00911268542450473,0.00753312433539921,0.0283677501609991,0.0105940267160151,0.0154542779918084,0.0118577970199543
756,0.0244898036049463,0.00780205755986402,0.00380931228513323,0.0195204862429365,0.00364301452227329,0.0355380119798593,0.0106369236980368,0.0261814004853407,0.0698937231886568,0.0455164766130024,0.015294227214487,0.00955311293622691,0.0574325189402931,0.0149372904478114,0.0266725375700879,0.036504104706269,0.00960542632192429,0.0146988499081711,0.0175789872128962,0.0273025476156717,0.00406097750575646,0.00897786847455912,0.0301477110621922,0.0225649214743169,0.0251696425938152,0.0418792154320141,0.0279264909175618,0.0123387658220747,0.0107467615047881,0.028346781289564,0.0138589514793505,0.0211974397966709,0.0240192264225262,0.0559390114333292,0.0142464952313884,0.0051328211684699,0.0282240708060164,0.00210574605507062,0.111074478308178,0.041334443436622,0.0096960818656162,0.0143208592302977,0.0306384941274758,0.0167811918433846,0.0147151690208613,0.00579277602251229,0.0292863490185686,0.0314171315155474,0.0194449980461681,0.0355591697642026,0.0122669682203148,0.0174767827062867,0.012383398065191,0.009285625709572,0.0346951014541299,0.0202457398354847,0.0252698073446446,0.017909200881543,0.00628370041416773,0.016257214203477,0.0339443711714985,0.0259610198756508,0.0148017346822893,0.0188377732302009,0.043201694502735,0.0303460700471986,0.00200967432716447,0.0362942831225001,0.00574093571443498,0.0389981352494226,0.0215381811488541,0.0536007177132684,0.0645611496922301,0.0164333229020419,0.0128931533306412,0.0302290176142986,0.0250678244666994,0.0193753241770292,0.0118471966800617,0.0409409445749293,0.0297910639717919,0.0186483876038206,0.0239319027766665,0.00148718343552928,0.00188622022786936,0.00589781785052701,0.0314204612740825,0.0378697050260537,0.0631700338842592,0.058848360789157,0.0458511804907214,0.0236975323185828,0.0189465254157395,0.00412059938107259,0.00876914169074258,0.00726395229500096,0.0273357467320905,0.0101894536536185,0.0148693634509334,0.0114119742168549
757,0.02347765838326,0.00747390678216333,0.00364802017495035,0.0187072008043604,0.00348909247275229,0.0340843045308514,0.0102018441690955,0.025201003936472,0.0670813047014604,0.0436433343721554,0.0146403071727195,0.00915999214009705,0.0552385163929447,0.01433332866401,0.0256027351847785,0.0350402190971886,0.00922076745738756,0.0141000821321627,0.0168841833231808,0.0261739498934008,0.0038779177115564,0.00860920673492232,0.0289442704626059,0.0216399195059724,0.024114182987009,0.0401967808927847,0.026759185605796,0.0118411057577037,0.0103154893917257,0.0271375247886007,0.0132871731217314,0.0203414492052994,0.0230138679373407,0.0535950633538061,0.0136807709731209,0.0049182234386966,0.0271426345609243,0.00201895126598521,0.106767705438818,0.0396138243239148,0.0092955624208381,0.0137232294807714,0.0294492773257508,0.0161208961209929,0.0141730915317453,0.00555044840934894,0.0281600088728035,0.0301412087029784,0.018658971113375,0.0341484160165929,0.01176235035194,0.0167641933855793,0.0118665717010715,0.00889938280217598,0.0332632206812992,0.0194774121051588,0.0242448993228608,0.0172033407706377,0.00603422618870378,0.0156217721514642,0.0325147716981078,0.0249448846979397,0.0142225004167682,0.0181017005144537,0.0414220821079941,0.0290848153190828,0.00193005420001123,0.0348757804312463,0.00550369444064788,0.0374904967360127,0.0206481153622467,0.0514956741364635,0.0619699499583956,0.0157857745813433,0.0123599334868419,0.0290231468183736,0.0240860560586565,0.0185586576892895,0.0113788427154337,0.0392929133757691,0.0286381494786143,0.0178875224892621,0.0229443798152857,0.00143333599988236,0.00180787413058547,0.00566057501993772,0.030113752998012,0.0363286038299591,0.0605559982890489,0.056569063265588,0.0439039618654486,0.0226710526157486,0.0182004821055274,0.00395873411517436,0.00840528991034903,0.00697223956282234,0.0262491234379462,0.00976261392712145,0.01425106363859,0.0109476040839501
758,0.0224389177349859,0.00713955861130105,0.00348361968227521,0.0178774433184277,0.0033302390287973,0.0325811172128818,0.00975274908253157,0.0242443691637581,0.0642084277610775,0.0417238918352258,0.0139701154736249,0.00875555125323897,0.0529271185417339,0.0137116712821719,0.0245080581267,0.0335462128181592,0.00882646826819147,0.0134848967666432,0.0161670214326398,0.0249859585659605,0.00369314624758998,0.00823183762806773,0.0277260338859891,0.0206914253577767,0.0230338330710242,0.0384621900970833,0.0255593541346175,0.0113345925416626,0.00987130381508312,0.025901514843949,0.0127030838894301,0.0194628381364377,0.0219827062208429,0.051190064457235,0.0130969752749209,0.00469725150547443,0.0260419849024661,0.00192980488470073,0.102309112112369,0.0378564151866385,0.00888637336547658,0.0131098046827687,0.0282346749261319,0.0154389939874483,0.0136088295508978,0.0053016721838727,0.0269902409690699,0.028855914059089,0.0178586636443366,0.03269243538179,0.0112436347215167,0.0160299761268224,0.0113370582555615,0.00850299142523246,0.031785860013778,0.0186784825693923,0.0231963032197857,0.0164585814818386,0.00577705255524018,0.0149340186101466,0.0310498118191954,0.0239045071274191,0.0136245143634814,0.0173275513235015,0.0395707083489668,0.027790441334342,0.0018458140759063,0.0333943540492239,0.00525969562300963,0.0359710244148721,0.0197335949239638,0.0493529239610096,0.0593046386021779,0.0151323799735172,0.0118159089656118,0.027778519696555,0.0230717930661275,0.0177263865743847,0.0108882953962012,0.0375913100451092,0.027427713156268,0.017104203368924,0.0219281508647321,0.00137403185745098,0.00172737117103284,0.00541828871080768,0.0287718378167632,0.0347432026951928,0.0578933486155507,0.0542092622844777,0.0419069790858287,0.0216205573932707,0.0174312865675251,0.00379429486088274,0.00803151628945155,0.00666765416321549,0.0251347610779797,0.00932471334259868,0.0136158995758426,0.0104754354484281
759,0.0214104149256382,0.00680930944528257,0.00332213685559114,0.0170605938177183,0.00317269344620114,0.0310810621165362,0.00930733564107373,0.0232974334341092,0.0613724536200206,0.0398325846907518,0.0133067945611427,0.00835467884586569,0.0506000131404428,0.0130943388285525,0.02341837647923,0.0320646142601998,0.00843474117056132,0.0128741013651248,0.0154550247164972,0.023800907089442,0.0035143369261922,0.00785963844308384,0.0265174529093504,0.0197529258845719,0.021966200227679,0.0367385777531833,0.0243691092695573,0.0108310364855326,0.00943001654242756,0.0246964978345651,0.0121268103215342,0.0185943428481297,0.0209619322075697,0.0488079364609669,0.0125165017652154,0.00447905725459969,0.0249478857174137,0.00184145108724004,0.0978670537201389,0.0361213949947286,0.00848191195722521,0.0125023223888736,0.02702684510138,0.0147609155616157,0.0130445774810646,0.00505518776294691,0.0258211697919528,0.027592094396399,0.0170643770465792,0.0312447679938999,0.0107295760087111,0.0153004751419984,0.0108133797375505,0.00811035511782924,0.0303161969277648,0.01787922943918,0.0221556466376169,0.0157086636301947,0.00552163753193163,0.0142310209257586,0.0296009007868526,0.0228675140057299,0.0130296481358186,0.0165488346664593,0.0377402325422794,0.0265083466683198,0.00176026726086759,0.0319052503019804,0.00501756785524997,0.0344749231060955,0.0188272077347439,0.047224555767626,0.0566624863904753,0.0144851891839266,0.0112775031338513,0.0265404924639677,0.0220658933304514,0.0169075931358768,0.0103941635503743,0.0359008793280137,0.0262066482607796,0.0163273318000186,0.020919538171072,0.00131273300156888,0.00164757790252485,0.00517723970713217,0.0274419889996337,0.0331701992626799,0.0552609676775295,0.0518531005739717,0.0399291647169102,0.0205868750356615,0.0166678613200095,0.00363224742680021,0.00766185469898267,0.00636355938066718,0.024029616191136,0.00889119624336914,0.0129864853803221,0.0100100795454588
760,0.0204289832207309,0.00649345568211332,0.00316959774338149,0.016286032334812,0.00302269498075669,0.0296367513324006,0.00888330104745068,0.0223461340144359,0.058670743530802,0.0380438486272713,0.0126734868792122,0.00797226348819021,0.0483588879428537,0.0125033518294074,0.0223635603257459,0.0306379518143295,0.00805779858072242,0.0122885034811195,0.0147757163499767,0.0226811289199362,0.00334916355969805,0.00750648646905914,0.025342979109698,0.0188579079412,0.0209488918387916,0.0350890785693581,0.0232305637761464,0.0103422479008951,0.00900743934132605,0.0235802201394052,0.0115784789571308,0.0177686995984196,0.0199877368320579,0.0465326010823527,0.0119607440724315,0.0042727925718687,0.0238861008925393,0.00175703404962598,0.0936098856534341,0.0344679427181206,0.00809557545377755,0.0119225201516698,0.0258579460242556,0.0141120909623598,0.0125025297249918,0.00481973556343494,0.0246969198260367,0.0263805965274285,0.0162964127276294,0.0298589539870286,0.0102389288931894,0.0146020346430897,0.0103140581559284,0.0077353774190541,0.0289074088994584,0.0171099309255168,0.0211545571785521,0.0149873278307551,0.00527743913693287,0.0135498464445348,0.0282194478531705,0.0218615321745126,0.0124597733471692,0.0157990595524419,0.0360233140045583,0.0252839298963593,0.00167672706091304,0.0304637155150632,0.0047859397310986,0.0330373976297779,0.0179615416953257,0.0451626581370321,0.0541407640901861,0.0138562523179343,0.0107611393584609,0.0253544213357365,0.0211092146929671,0.0161313596773279,0.00991505600596279,0.0342863659695466,0.0250218480481758,0.0155858093397583,0.0199548639803717,0.00125290142556976,0.00157136087837486,0.00494370879290647,0.026171479815921,0.0316662911733456,0.0527377382887501,0.0495847208622156,0.0380394513237416,0.0196108339274331,0.015939128881258,0.00347755762152927,0.00731033900987488,0.00607331849966421,0.0229706453163601,0.00847750697275183,0.0123854351696591,0.00956614761021148
761,0.0195225169745853,0.00619982125942145,0.003030417223756,0.0155759255000798,0.00288498649299051,0.0282897537336477,0.00849390241467118,0.021383870008956,0.0561755318576874,0.0364122995037874,0.0120877909419545,0.00761954633697898,0.0462819390504593,0.0119555374862771,0.0213677794992516,0.0292994044181332,0.0077051692222199,0.0117440797985021,0.0141497907958209,0.0216729141359344,0.00320292754691499,0.0071826477449071,0.0242223529243251,0.0180317828268306,0.0200104378078229,0.0335617635402239,0.0221758120593184,0.00987786061222077,0.00861564487606708,0.0225933598350282,0.011073111141813,0.0170102798242902,0.0190875812749791,0.0444279305024819,0.0114460088106167,0.00408524259071095,0.0228765358652541,0.00167894754798178,0.0896659062712213,0.0329411176764178,0.00773748433338933,0.01138689737981,0.024753398437703,0.0135118039740992,0.0119996572370378,0.00460193687431944,0.0236512335631869,0.0252445298023602,0.0155708209932502,0.0285757987654656,0.00978584613599879,0.0139546883051012,0.00985316238308255,0.00738863401845695,0.0276001472531789,0.0163937216101884,0.0202173816014409,0.0143207866485608,0.00505165513146792,0.0129196994096667,0.0269447042276013,0.020908647889644,0.0119315286172104,0.0151042918218745,0.0344873980748607,0.0241517315979421,0.00159793157919022,0.0291134714024696,0.00457138404948126,0.0316845426735419,0.0171613562314357,0.0432076367935062,0.0518133026831603,0.013255699848209,0.0102795006516721,0.0242549292484719,0.0202321974314246,0.0154191023007085,0.00946589089741065,0.0327969223079879,0.0239100700140109,0.0149016178274168,0.0190617083331422,0.00119718660818949,0.0015009218132789,0.00472273360970457,0.0249962620554017,0.0302745906552772,0.0503863441795879,0.0474684087731119,0.0362902942752552,0.0187231763078212,0.0152668298528605,0.00333385932344065,0.00698748040632904,0.00580713633049958,0.0219859064946352,0.00809537789846865,0.0118299518593751,0.00915454317051477
762,0.0186831548967515,0.00592634027332617,0.0029025654933301,0.0149235863350585,0.00275832526236414,0.0270374653237985,0.00813463649686416,0.0204338878711174,0.0538585454119555,0.0349132738611622,0.0115451295442183,0.00729317889521213,0.0443533959555953,0.0114469497018433,0.0204324028312563,0.0280447531954604,0.00737564704787815,0.0112374835225986,0.0135706276668486,0.0207583793055279,0.00307144063254038,0.00688394330884114,0.0231564702316639,0.0172676596179442,0.0191430581248036,0.0321444488057683,0.0211968750816169,0.00943880249553726,0.00825174939782496,0.021708321788405,0.0106053074471961,0.0163099956784803,0.0182540077015442,0.0424775987573994,0.0109682545363008,0.00391372543508878,0.0219156622755253,0.00160658375883209,0.0860031858031043,0.031529500587894,0.00740465195656483,0.0108910009062228,0.0237116733654006,0.0129547530434682,0.0115320371780099,0.00439993647306024,0.0226763255243908,0.0241760537220294,0.0148866477421507,0.0273851688142351,0.00936607282371098,0.013353227655127,0.00942694874539171,0.00706738920743626,0.0263849587057337,0.0157251615581443,0.0193393432917402,0.0137051404486215,0.00484244224903813,0.0123383316521743,0.0257672889490405,0.0200087850639445,0.0114406205907689,0.0144608246404219,0.0330990741819682,0.0231028603691026,0.00152431810736526,0.0278521412319967,0.0043722504301076,0.0304060123951214,0.0164200968687532,0.041353166035563,0.0496601740110548,0.0126859837166432,0.00983030860704005,0.0232337060247284,0.0194236115692184,0.0147615723016234,0.00904682358489739,0.0314193310544818,0.0228675286119504,0.0142690602305133,0.0182326824476734,0.00114498796977255,0.00143580306746356,0.00451437922941513,0.0239070015897671,0.0289838682852104,0.0482046727468594,0.0454890215135902,0.0346682401559188,0.0179142998349543,0.0146439771696598,0.00319945868997807,0.00668969932561941,0.00556258378669132,0.0210678637750978,0.00774169348585306,0.0113155935565539,0.00877133892483291
763,0.0178940967855864,0.00566847435956944,0.00278240157834563,0.0143151144590764,0.00263997217307282,0.0258662388889608,0.0077965599584386,0.0195268958916756,0.0516663841166387,0.0335022884107228,0.011035381551034,0.00698616525242324,0.0425339964983076,0.0109684490540726,0.0195530989028953,0.0268604298167265,0.00706534231784139,0.0107605369890977,0.0130247778633977,0.0199035976192084,0.00294814214774408,0.00660258294889964,0.0221415157704317,0.0165505718353485,0.0183298953014073,0.0308098867923216,0.0202757554449881,0.00902382493976157,0.00790913005449542,0.0208804425641091,0.0101645632514009,0.0156503944926676,0.0174708285230984,0.0406452303468886,0.010518352791634,0.00375319247659772,0.0209940933139594,0.00153858445880192,0.0825497374463459,0.030207552520491,0.00709081490437049,0.0104251394199052,0.0227245044012103,0.012429490282655,0.0110905232603281,0.00420976000923651,0.0217540282379162,0.0231595903249346,0.0142386877712765,0.0262641958885448,0.00897075212427861,0.0127861336832838,0.00902722043273242,0.0067655794278526,0.0252398638220515,0.0150916672051249,0.018508384791559,0.0131289615459386,0.00464569696621416,0.0117956319000346,0.0246656630137442,0.0191563270244706,0.0109775229189587,0.0138575080050595,0.0317997177770934,0.0221175668100131,0.00145574873423393,0.0266658236598913,0.00418483269788329,0.0291823508197777,0.0157233806579454,0.0395812373052761,0.0476380101304783,0.0121476362324349,0.00940754446345071,0.0222717082085464,0.0186618095661541,0.0141418547740857,0.00865431873503653,0.0301247825133887,0.0218803025351873,0.0136755197986282,0.0174516553367002,0.00109489241606557,0.00137488216253804,0.00431746758150555,0.0228830428111876,0.0277693092270431,0.0461744123039919,0.0436115591863373,0.0331433583540835,0.0171645160216842,0.0140564018498115,0.0030713299483535,0.00640989351828858,0.00533407330756367,0.0202000827089224,0.0074096262246414,0.01083250716617,0.00840889986428912
764,0.0171385424394471,0.0054216851538932,0.00266628450504443,0.0137366094914616,0.0025271881093118,0.0247624272152427,0.00747072946380345,0.018693602361386,0.049545647894769,0.0321348598637963,0.010548425827432,0.00669150949814588,0.0407844785186425,0.0105108961209318,0.0187255362953041,0.025732865952347,0.00677036529225384,0.0103050625336879,0.0124987922858058,0.0190746422674675,0.00282647142369591,0.00633077645312101,0.0211736742793454,0.0158655529998516,0.0175540918493071,0.0295308299262142,0.0193944557513784,0.0086316793338107,0.00758116399397421,0.0200650587267141,0.00974037393254819,0.0150140235985298,0.0167218561509874,0.0388944497707328,0.0100871751187666,0.0035985950868333,0.0201024421711626,0.00147359142451628,0.0792335743982091,0.0289497345421503,0.00678970975787274,0.00997962160985461,0.0217836251389938,0.0119245678038475,0.010665969196412,0.00402743313242736,0.0208661742320309,0.0221795616495741,0.0136217358775732,0.0251900117436027,0.00859102720565437,0.0122418873796881,0.00864578063498124,0.00647714112156657,0.0241428831670613,0.0144806549868708,0.0177124486430061,0.0125808222555138,0.0044573157595667,0.0112814888812244,0.0236182874179688,0.0183456570982788,0.0105327092528943,0.0132831919127622,0.0305307043114488,0.0211761015208461,0.001392085548592,0.0255406173424004,0.00400542467771401,0.0279941019727723,0.0150568246496795,0.0378738420447193,0.0457034430980392,0.0116411897047826,0.00900518945979017,0.021349892343966,0.0179251438820374,0.0135430348121083,0.00828484101444155,0.0288844669890688,0.0209344704769149,0.0131083797813419,0.0167024960129572,0.00104548685281517,0.00131703662011157,0.00413082059544317,0.0219037301118337,0.0266060986446731,0.0442772511644125,0.0418010218940397,0.0316857182581009,0.0164541363808629,0.0134899349114715,0.0029464473257789,0.00614096073487915,0.00511601733244088,0.0193661288472837,0.00709234860457003,0.0103708395931979,0.0080595909800066
765,0.0164014573768158,0.00518193241247427,0.00255115050666122,0.013174917030593,0.00241753187635463,0.023710765078506,0.00714957256937063,0.0179517833829536,0.0474507523902582,0.0307744673469404,0.0100751809785227,0.00640309841782011,0.0390709506681607,0.0100659247637544,0.0179428355446641,0.0246477404957527,0.0064866496057688,0.00986341149151258,0.0119808496246009,0.0182440590109035,0.00270141363922215,0.00606188814213548,0.0202471695174769,0.0151990612632514,0.0168004318005362,0.0282826893577003,0.0185367766138715,0.0082598580880533,0.0072618385896525,0.0192268072397562,0.00932361738930068,0.0143858479675178,0.0159926353708882,0.0371924291548054,0.0096664519015412,0.00344569829458562,0.0192323129626763,0.00141037612208563,0.075989559280128,0.0277323642053304,0.00649578134494712,0.00954575167066626,0.0208794082310422,0.0114298218100066,0.0102500366811677,0.00384953681106563,0.0199963479921911,0.0212216003478511,0.013029857291094,0.0241419121206673,0.00821912059604234,0.0117102564741893,0.00827521201383746,0.00619660186004514,0.0230741954627931,0.0138807803367225,0.0169404340204125,0.0120499186404147,0.00427358629830028,0.0107867576476736,0.0226056947332665,0.0175696197999434,0.0100975668588225,0.0127272157188982,0.0292442829159371,0.0202606359958285,0.00133292191890677,0.0244620374275123,0.00383070441664717,0.0268236566653478,0.0144074987915796,0.0362143877833889,0.0438172453212128,0.0111647428244946,0.00861731619098236,0.0204510103902437,0.0171949209141822,0.0129507906689427,0.00793424159588682,0.0276725450476641,0.0200168466522347,0.01255622814643,0.0159710304782834,0.000995783341507642,0.00126120006633905,0.00395284460623643,0.0209504702229979,0.0254718771839256,0.042488832665604,0.0400260463890059,0.0302683950722674,0.015765354714795,0.0129321812983591,0.0028223038208377,0.00587678339364251,0.00490343873455842,0.018551082801177,0.00678369686462673,0.00992171676212648,0.00771665730763144
766,0.0156748699966762,0.00494716837322877,0.00243624464440214,0.012619866591052,0.00230975396378802,0.0226895152136277,0.00683100039956377,0.0172674863068817,0.0453673761305367,0.0294164396476354,0.00961072456973589,0.00611834958051194,0.0373810048444813,0.00962826197734207,0.0171879250073404,0.0235877212324368,0.00620942239107599,0.00943005119553386,0.0114656397310719,0.0174102838905416,0.00257413736377486,0.00579390046694072,0.0193483813253177,0.0145432533013064,0.0160602652685658,0.0270515111327295,0.0176937106901021,0.00790081769866475,0.00694758211690313,0.0183675266626218,0.00891070160248826,0.0137605031301759,0.0152756404658049,0.035520531129338,0.00925134889056975,0.00329352175742298,0.0183792735037815,0.00134822877556209,0.0727799524102205,0.0265391850005564,0.00620630748070565,0.00911881581932762,0.0199967825633629,0.0109402248671826,0.00983761933944689,0.00367487328899887,0.0191351418326056,0.0202761815252889,0.0124541989743221,0.0231078487052009,0.00785157226465223,0.0111861556555665,0.00791121511829137,0.00592085373318074,0.0220226120596831,0.0132856546784208,0.0161850666269975,0.011527941755974,0.00409236102215498,0.010306158547123,0.0216167038323736,0.0168149043941106,0.00966713746352194,0.0121808762124067,0.0279361974402214,0.0193610253054047,0.00127677633233159,0.0234132650301806,0.0036588868502973,0.0256607928526711,0.0137682846190974,0.0345919464004721,0.0419567506109397,0.0107066598088202,0.00823836267610273,0.0195649959674992,0.0164642628099353,0.0123611732347926,0.00759591767679023,0.0264750583024431,0.0191171873638818,0.0120124717344474,0.0152509126909347,0.000946494566587828,0.00120653054555812,0.00378028357105791,0.0200129192324613,0.0243541074183359,0.0407606202412718,0.0382698160220315,0.0288764872646606,0.0150878939835958,0.0123778416564484,0.00269846751759921,0.00561518258366515,0.0046938021227966,0.0177460854208803,0.00648016224080507,0.00948018067550117,0.00737686406090133
767,0.0149525744181371,0.00471584339450768,0.00232138918646623,0.0120620336664706,0.00220290278227694,0.0216753223452389,0.00651429497080944,0.0165938262956233,0.0432890133639143,0.0280640679685923,0.00915117390658151,0.00583556325119387,0.0357076037567378,0.00919340803986298,0.0164411849947439,0.0225347231709081,0.00593373415537424,0.00899997797816842,0.010949480246698,0.0165782255175135,0.00244735701446252,0.00552595041112623,0.018461728563714,0.013891710420765,0.015326583887227,0.0258260000211753,0.0168580486488427,0.00754575568327211,0.00663543307659439,0.0174983559536594,0.00849941707348264,0.0131350422568213,0.0145650780930734,0.033863665950652,0.0088378906781566,0.00314189879010825,0.0175398825346942,0.00128656929848323,0.0695738635307756,0.0253557969028704,0.00591927422706945,0.00869509577842415,0.0191193160803925,0.0104520336321988,0.00942441877858728,0.00350280012892831,0.0182749000246718,0.0193349909008157,0.0118851783228486,0.0220779371687168,0.00748600154094516,0.0106657863523315,0.00755026996915597,0.00564737996047221,0.0209791024652686,0.0126901284333064,0.0154400287982027,0.0110072064055904,0.00391188356350477,0.00983537825126613,0.0206422051633223,0.0160666613329442,0.00923737640890421,0.0116359595406199,0.0266130654136548,0.0184690454140736,0.00122189855569138,0.0223768977571005,0.00348857113642067,0.0244971352758902,0.0131335165646412,0.0329970058625784,0.0401034331290269,0.010252871256619,0.0078628582902646,0.0186835781110686,0.0157292456541516,0.0117728265591001,0.00726265296073054,0.0252810186284561,0.0182259844364996,0.011471722104144,0.0145377535982713,0.000898758368240229,0.00115224220665207,0.00360946585262124,0.0190827955671276,0.0232427074033666,0.039038032349177,0.0365191507935339,0.0274980991193031,0.0144133594368334,0.0118233905572776,0.00257502527150419,0.00535496406174237,0.00448518253994699,0.0169437926164924,0.00617889971835001,0.00904225235538183,0.0070378564980768
768,0.0142283647603072,0.00448640783466198,0.00220640640105249,0.0114919937504806,0.00209602674248639,0.0206448311979706,0.00619873829953421,0.0158839185116312,0.0412091583387008,0.0267206435125221,0.00869264629456935,0.0055530396948384,0.0340437101140639,0.00875686322948552,0.0156829958182857,0.0214706613196751,0.00565463540586234,0.00856818817183298,0.0104286888129581,0.0157527925029512,0.00232378700839362,0.00525717495828149,0.0175716300935121,0.0132380139283758,0.0145923792903508,0.0245948607929111,0.0160225811588657,0.00718586955950244,0.00632242996959454,0.016630434071218,0.00808755430365554,0.0125065185177715,0.0138551549100295,0.0322067438750689,0.00842210185660612,0.00299066270740431,0.0167106987956304,0.0012248176043866,0.0663404023840821,0.0241677998873142,0.00563266764595963,0.00827087327054134,0.0182305767265675,0.00996150476187831,0.00900613660592674,0.00333267489355519,0.0174079668397867,0.0183897141933594,0.0113132127322642,0.021042293182728,0.00712002775438226,0.0101453499929963,0.0071888565872443,0.00537366376141835,0.019934636187087,0.0120890520227203,0.0146990028694695,0.0104800273926628,0.00373039755472361,0.00937010343179662,0.0196730891741448,0.0153100410686085,0.00880423903688075,0.0110842518508698,0.0252815043655905,0.0175764722863342,0.001166538355811,0.0213355332149672,0.00331835643277357,0.0233243086761532,0.0124975290606196,0.0314200541363176,0.0382387670372815,0.00978930776675061,0.0074853324085813,0.0177984858562877,0.0149859455316863,0.0111843946913072,0.00692723115128653,0.0240794379007532,0.0173337296947315,0.0109285908142699,0.0138271641476534,0.000853712586649344,0.00109754919850424,0.00343671981364005,0.0181518176539,0.0221275951944803,0.0372664874470808,0.0347608707039304,0.0261213349202178,0.0137333563240761,0.0112653025723844,0.0024520639379934,0.00509493358466943,0.00427565502880113,0.0161368602981119,0.00587706428250654,0.00860395282382826,0.00669727987741841
769,0.0135000178836929,0.00425823825276489,0.00209157829054579,0.0109051122715336,0.00198875722136226,0.0195851829495097,0.00588473609783808,0.0151064607366567,0.0391302392818135,0.0253923614294418,0.00823368923929193,0.00527039114960639,0.0323884601118507,0.00831671793726156,0.0149011432156036,0.0203860156679957,0.00536954104206115,0.00813241784810224,0.00990257040276517,0.0149398877653137,0.00220568824887571,0.00498787220229102,0.0166691402945733,0.0125795673240135,0.0138548036789546,0.0233538211874739,0.0151846090684144,0.00681601564460236,0.00600738855514872,0.0157751645511059,0.00767491645663249,0.0118749729749291,0.0131437434696717,0.0305437992971513,0.00800244504453144,0.00284015736458587,0.0158907799204093,0.00116274242345602,0.0630678514375704,0.0229679025937582,0.00534589086814748,0.00784476348063767,0.0173214930553283,0.00946753889760876,0.00858110996298637,0.00316441970043717,0.0165316567791925,0.0174373692724761,0.0107329709992052,0.0199970732227381,0.00675310725221609,0.00962372867751158,0.00682553252723588,0.00509871393623098,0.018885923955568,0.011480723275983,0.013959163970514,0.00994287505048961,0.0035472187046832,0.00890793426735777,0.0187056928469598,0.0145366220542464,0.00836621809169289,0.010521892703293,0.0239531320653587,0.0166800756715808,0.00110954248605748,0.0202794221902763,0.00314774311638798,0.0221403279942219,0.011858181032894,0.0298573275090813,0.0363552286803099,0.00930735394042896,0.00710303054918909,0.0169065395043657,0.0142344162474817,0.0105968971750382,0.00658526475360226,0.0228664374048226,0.0164361541525334,0.0103808707332646,0.0131180987672293,0.000812197294668556,0.00104204788346612,0.00325992102480473,0.0172168305326295,0.0210049907998902,0.0354125500848461,0.0329911597349191,0.0247416283162589,0.0130439101986709,0.0107029253840834,0.00233004203404284,0.00483503289789053,0.00406448409844847,0.0153225775555183,0.00557353789903446,0.00816374740253845,0.00635457120073446
770,0.0127812416143901,0.00403441601077878,0.00197902579407434,0.0103159143973576,0.00188305746097396,0.0185255045897667,0.00557718886051489,0.0142924812296435,0.0370904203345987,0.0240970326585929,0.00778257104667247,0.00499247774641216,0.0307656838905187,0.00788142300577708,0.0141130346292433,0.019305526128124,0.00508532353277961,0.00770136203518276,0.0093823793147663,0.0141493914523698,0.00209350758401251,0.00472298467821924,0.0157718556228194,0.0119290628800577,0.0131276515228016,0.022126700823054,0.0143594739436172,0.00644568545429675,0.0056962336260095,0.0149450092389694,0.00726935734505431,0.0112523982565379,0.0124433799076494,0.0289053631644267,0.00758713496578097,0.00269276877897507,0.0150891791172635,0.00110150775246028,0.0598211840592354,0.0217772483213862,0.00506401529980492,0.00742471544316367,0.0164124360561308,0.00897961261903654,0.0081582181280202,0.00300021488655762,0.0156631652635113,0.0164963026102327,0.0101561275244888,0.0189625969802121,0.00639204445286493,0.0091105271915837,0.00646716547927635,0.00482764160797388,0.0178526413927113,0.0108772296543337,0.0132316584081507,0.00940884183196849,0.00336595102824626,0.00845412496439194,0.0177581393002322,0.0137636947469176,0.00793195592690138,0.00996243530924272,0.0226595672421974,0.0157966004587902,0.00105214564596626,0.0192294281887254,0.00297983644139871,0.0209687689693142,0.0112274293811372,0.0283280555513885,0.0344893031339158,0.00882021038828591,0.00672406280231591,0.0160249244200062,0.0134906224868294,0.0100208555306469,0.00624368147908303,0.0216665760679047,0.015549945581111,0.00983907996832565,0.0124228858083003,0.000773861495826795,0.000986863477761977,0.00308313388871266,0.0162951856949565,0.0198963220388126,0.0335273691807434,0.0312436577933198,0.0233837304156078,0.0123587278290807,0.0101470991177959,0.00221090472276955,0.00457974770144551,0.00385569212317015,0.0145167661972137,0.0052741104557528,0.00772987861176322,0.00601633444402426
771,0.0120897265198923,0.00381894867138825,0.00187132958495217,0.00974371523050044,0.00178147366967183,0.0175054195617082,0.00528212077803187,0.0134885908688338,0.0351367996170099,0.0228553720865225,0.0073499902227169,0.00472547158935841,0.0292053850767463,0.00746201939050159,0.0133434829279772,0.0182624975930632,0.00481121973914867,0.00728645550043908,0.00888235717904233,0.0133921780192156,0.00198723834810682,0.00446861603142557,0.0149040080531874,0.0113030150620141,0.0124288778588416,0.0209443422875053,0.0135670275300733,0.00608802930393007,0.00539666723330634,0.0141526945579145,0.00688074344381567,0.0106537748824269,0.0117702662552745,0.0273310905626638,0.0071868243705119,0.0025513935084059,0.0143174484880285,0.00104262640481443,0.0566845463422135,0.0206240890342104,0.00479352941595404,0.00702101165494286,0.0155311373274348,0.00850984649037265,0.00774897591346551,0.00284280534375634,0.0148246579432098,0.015590192829324,0.00959860810997728,0.0179652249506053,0.00604548079253849,0.00861803099235796,0.00612270066737783,0.00456708348042383,0.0168602053434089,0.0102941060269915,0.0125311252834687,0.00889517571989669,0.00319127061677326,0.00801584323629122,0.0168539981865133,0.0130149776046609,0.00751263229839681,0.00942378629287689,0.0214374288653215,0.0149477853218343,0.000996179521614927,0.018214067895813,0.00281864288121629,0.0198395975402614,0.0106207554984752,0.0268572161545403,0.0326884776567022,0.00834653172330775,0.00635925540121265,0.0151759172337858,0.0127745066551084,0.00946916677266946,0.00591223784069946,0.0205115222276777,0.0146970309409825,0.0093169179363404,0.0117571971029555,0.000738056426321876,0.000933503411084284,0.00291197001593797,0.0154093612454688,0.0188293186832143,0.0316832397451449,0.0295613687672327,0.0220797216912773,0.0116959362875475,0.00961153700971972,0.00209696882882576,0.0043346996840231,0.00365449094354519,0.0137398812113806,0.00498629882099541,0.00731303327139154,0.00569096532683489
772,0.0114431631676928,0.00361584379727793,0.00177107033649333,0.00920782987350957,0.00168655205580618,0.0165645513083006,0.00500555604085632,0.0127414005324697,0.0333164752490009,0.0216880945997782,0.00694664527343112,0.00447554478254782,0.0277375672972114,0.0070695480469046,0.012617300980578,0.0172902349558163,0.00455646652229931,0.00689913301123572,0.0084167456256741,0.0126791219209471,0.00188687387546144,0.00423086990726945,0.014089829560614,0.0107179383353885,0.0117764377240242,0.0198375881686816,0.012827121573382,0.00575619750884676,0.00511639142816865,0.0134109469310471,0.00651894122781121,0.0100940833724251,0.0111406045438591,0.0258606365776313,0.00681216600888144,0.00241892811071235,0.01358714013454,0.000987611193933535,0.0537420843796409,0.0195366766962428,0.00454092169161693,0.00664393461279876,0.0147053284677,0.0080703610758281,0.0073648981317596,0.00269493596387313,0.0140383004687552,0.0147427185524447,0.00907633855753318,0.0170313176293732,0.00572205770744649,0.00815852553697964,0.00580108331555247,0.00432367625735758,0.0159340326525527,0.0097468872631753,0.0118722036975572,0.0084191246970715,0.00302785356162466,0.0076002567964477,0.0160168391583545,0.0123141890855152,0.00711942696206976,0.00892385227835321,0.0203233359039461,0.0141553689345855,0.000943475799081053,0.0172618579970371,0.00266816890925124,0.0187827796458954,0.0100536407780337,0.0254697872098375,0.031000239507272,0.00790497255848076,0.00601943457913019,0.0143817945762816,0.0121060111576974,0.00895472791564201,0.00560069035142215,0.0194329442218199,0.0138993371926661,0.00882808405419604,0.0111367044832843,0.000704133322351614,0.000883475113125501,0.00275204101705482,0.0145818352887543,0.0178317105050622,0.029952456788423,0.0279872965447582,0.0208616826162804,0.0110736626463131,0.00910995229605285,0.00199055117686375,0.00410551053431206,0.00346609240015264,0.0130123775862018,0.00471761986309615,0.00692389820131243,0.0053868595687134
773,0.0108550208578713,0.00342836495661121,0.00168020138453736,0.00872306438853553,0.00160022489102327,0.0157319855998714,0.00475211014635035,0.012086039170099,0.0316641685626978,0.0206108954330667,0.00658063523670893,0.00424740481309543,0.0263851174220066,0.00671242824287334,0.0119543708088854,0.0164136838360657,0.00432792817869864,0.00654804371747474,0.0079961414257261,0.012018866818569,0.00179237778844218,0.00401436590646826,0.013348487764434,0.0101863287211597,0.0111839302447723,0.0188298716540321,0.012154810795096,0.00546002523475808,0.00486128240592727,0.0127292129092103,0.0061912947474004,0.00958479062873922,0.0105667407433287,0.0245240357321115,0.00647122683528361,0.00229753801996178,0.0129072288306594,0.000937611084517697,0.0510581095257686,0.0185370302033188,0.00431108862601663,0.00630126451576757,0.0139561995616149,0.00767037308071662,0.00701479835408181,0.00255869639092285,0.0133210050166664,0.0139723211981074,0.00860175292529354,0.0161809618035275,0.00542831501264898,0.00774128891013308,0.00550902130565991,0.00410245343789338,0.0150930215501273,0.00924744276697584,0.0112662414674837,0.00799333716658412,0.00287925921837432,0.00721290331405354,0.0152633326223396,0.0116797664775796,0.00676086868056239,0.00847582679853682,0.0193421264000178,0.0134357499599675,0.000895411919744081,0.0163940444667826,0.00253143246711195,0.0178208505850288,0.0095378262779015,0.0241850888862163,0.0294606879327888,0.00750960981830359,0.00571271983894451,0.0136595030290873,0.0115000682792061,0.00848727713911943,0.00531640500268979,0.0184547804458093,0.0131735364729432,0.00838300454435003,0.0105731746820077,0.000671582486411648,0.000837934114452628,0.00260769540969581,0.0138296475897704,0.0169245209630451,0.0283904283089716,0.0265541386336795,0.0197538824537779,0.0105057907863869,0.00865277683127745,0.0018933317720458,0.00389641625089054,0.0032944783156386,0.0123497961391644,0.0044737520203366,0.00657052770786965,0.00511035974008005
774,0.0103218838208523,0.00325679973946661,0.00159816671502581,0.00828618867614054,0.00152196870015315,0.0149946575161921,0.00452076381945563,0.0115117080164924,0.0301650937389177,0.0196193912137326,0.00624966127799553,0.00403990070016563,0.0251424552948821,0.00638859249596597,0.0113548510470091,0.0156243527602095,0.00412297874615838,0.00623069429920824,0.00761656191419743,0.0114111331967208,0.00170359486166694,0.00381778745117129,0.0126788928615728,0.00970460846219764,0.0106475309054016,0.0179149883293876,0.0115459618205815,0.0051960870488425,0.00462991293871852,0.0121038195541959,0.0058950583548019,0.00912330908308742,0.010045596578063,0.0233128402969406,0.00616173062105973,0.0021864641751551,0.0122763800383519,0.000892319646407303,0.0486175941793057,0.017622236178566,0.00410255881518008,0.00599077237173611,0.0132787746387836,0.00730748377476287,0.0066966851865797,0.00243355527762064,0.0126686698676721,0.0132764933680954,0.00817331829649393,0.0154091494263058,0.00516238603860741,0.00736356970665891,0.00524427315094993,0.00390203570251538,0.0143299958064872,0.0087929800819702,0.0107114212742293,0.00761206321270143,0.00274457999944971,0.00685280028150115,0.0145825520011826,0.0111090223891956,0.00643488224352313,0.00807405102112234,0.0184715146864101,0.0127839670171108,0.000851548346190921,0.0156027904349796,0.00240749736919833,0.0169466230963985,0.00907009171601861,0.0229998104631536,0.0280603701346586,0.00715620967332432,0.00543640376203198,0.0130046689778653,0.0109515698211663,0.00806391728273171,0.0050571856998134,0.017570049526323,0.0125152816236476,0.00797901285154066,0.0100627540343739,0.000640450486188918,0.000796628349130807,0.00247822933972754,0.0131480845549526,0.0161019482627402,0.0269850142572713,0.0252533670205107,0.0187493456275226,0.00998923182384758,0.00823731694301291,0.00180444334157433,0.00370611007189446,0.00313871044091743,0.0117480210049732,0.00425302001078935,0.006250446043226,0.00485959581484777
775,0.00983611501964661,0.00310069174140142,0.00152378297642569,0.00788946359648973,0.00145064607132179,0.0143289644643951,0.00430908909200868,0.0109961263777262,0.0287920881706501,0.0187041789172799,0.00594882509462402,0.00385041684593515,0.0239968840030028,0.00609335163615838,0.0108139694821259,0.014905390981325,0.00393661969782641,0.00594180581902581,0.00727037956707085,0.0108534107459507,0.00162034015781666,0.00363833391888581,0.0120748906933541,0.00926518135684532,0.010159059279701,0.017079324380174,0.0109916442511584,0.00495764236864526,0.00441902994288012,0.0115278140555328,0.00562496397769917,0.00870353754956554,0.00957023771105498,0.0222089819799684,0.00587881534178795,0.00208421639152659,0.0116906818916081,0.000851066600727807,0.046385676000076,0.0167831481769351,0.00391226887933516,0.00570772689080387,0.0126615362150387,0.00697639056879428,0.00640586599414293,0.00231832602885671,0.012071939828553,0.0126474904600098,0.00778601001064451,0.0147045987425023,0.00492030249463355,0.00701960914893683,0.00500236002251979,0.00371944052704919,0.0136312605770795,0.00837704128660715,0.0102026345147534,0.00726495333998424,0.00262179158149171,0.00651733514698298,0.0139566714716302,0.0105939882587652,0.00613674144735196,0.00770815302251183,0.0176774341687282,0.0121897187141976,0.000810991296310351,0.0148729883204449,0.00229443889810816,0.0161454792787227,0.00864347647528794,0.0219049834977614,0.0267784453028477,0.00683596060560338,0.00518507219939409,0.0124075887592951,0.0104503974643405,0.00767859235112757,0.00481844582657205,0.0167640401478379,0.0119149706628762,0.00761016922607648,0.0095976837762628,0.000610922955668188,0.000758953852099716,0.00236167586007507,0.0125269942511058,0.0153514842964467,0.0257071875718246,0.0240661473114491,0.0178332853514151,0.0095166536835414,0.00785759757716293,0.00172238179316179,0.00353189954534916,0.00299662050897058,0.0111980221476372,0.00405191012247472,0.00595854494599909,0.00463064461780267
776,0.00939007741726486,0.00295958455797294,0.00145586681720406,0.00752515000974823,0.00138511959265516,0.0137113038516128,0.00411465799584602,0.010517013559877,0.0275179892508845,0.0178558555192127,0.00567322838392746,0.00367633765258074,0.0229357066335333,0.00582201649342646,0.0103269539014128,0.0142399477524892,0.00376385250685062,0.00567609933951707,0.00694996686032912,0.0103431891568065,0.00154242873957227,0.00347320468711906,0.0115303271011011,0.00886045120344565,0.0097103349414593,0.0163092659918174,0.0104829276881462,0.00473795061171164,0.00422538033474978,0.0109942436027498,0.00537574354377566,0.00831937484226943,0.00913372980529786,0.0211943924890449,0.00561761897304641,0.00198930448431054,0.0111462225244188,0.000813181668604661,0.0443274926479034,0.0160106197533766,0.00373715543870977,0.00544739678307036,0.0120929668062132,0.00667179087363825,0.00613764814166111,0.00221182204952128,0.01152145970609,0.0120775678714518,0.0074348034072555,0.0140560279969111,0.00469809609003917,0.00670364845934653,0.00477880309146678,0.00355168538732041,0.0129831210173513,0.00799316845933546,0.0097347725860154,0.00694165805299335,0.00250886964114118,0.00620389535869152,0.0133678652104289,0.0101266955246902,0.00586172008844886,0.00736776087910731,0.0169258182525774,0.0116427036594099,0.000772846987991147,0.0141895305419952,0.00219033233643922,0.0154028012307196,0.00825101993861236,0.0208916395471517,0.0255940726273227,0.00654005109720122,0.00495331100203232,0.0118585587100561,0.00998643288949123,0.00732524634895576,0.00459559876674484,0.0160220409948306,0.0113630016087261,0.007270533918266,0.0091702051435542,0.000583185528834224,0.000724306658299033,0.00225606802366348,0.0119562247450352,0.0146606209564636,0.0245279211911338,0.0229736451126915,0.0169909148393558,0.00908072429031451,0.0075076436796312,0.00164564303452062,0.00337109221927995,0.00286604025277949,0.0106907695311655,0.00386690864341303,0.0056897161548065,0.00441958297373086
777,0.00897714522941958,0.00283265847838258,0.00139334739293681,0.00718672261059534,0.00132439034141878,0.0131226989729891,0.00393532508261185,0.0100566630274199,0.0263207302838778,0.017066769211945,0.00541869123889661,0.00351538637448144,0.021947844356113,0.00557053556042988,0.00988837995370589,0.0136144870485771,0.00360064595046819,0.00542910315127199,0.00664901332313247,0.00987745834397555,0.00146980922097284,0.00331999342872562,0.0110385463998085,0.00848413143297568,0.00929435854059163,0.0155932808019586,0.0100121887440963,0.00453149617375439,0.00404612921668943,0.0104978246979671,0.00514299399001062,0.00796528257079171,0.00873001359873517,0.0202535812606314,0.00537416861460412,0.00190053960986298,0.0106399300440132,0.000778086678801774,0.0424132557316005,0.0152965736466441,0.00357458489358794,0.00520574882946785,0.011563300163186,0.00638910512094012,0.0058880309975214,0.00211300514299033,0.0110092330539927,0.0115592207832016,0.00711479136597694,0.013453687312869,0.00449235476352446,0.00641075135743052,0.00456987109143078,0.0033962078603377,0.0123754240413369,0.00763584770813199,0.00930328116519219,0.00663419472463174,0.00240408668346301,0.00591086474707565,0.0128021186759735,0.00969957765030821,0.00560578157143354,0.00704481382889009,0.0161908620384397,0.0111341663818806,0.000736475669217494,0.013540964711298,0.00209354208955095,0.014707313617704,0.00788677555104165,0.0199522910240738,0.0244896792829922,0.00626128446363587,0.00473668915403629,0.0113492391617161,0.00955127816287355,0.00699874947695303,0.00438516089244879,0.0153315769412403,0.0108511890818571,0.00695502067021076,0.00877366838252091,0.000557339930015388,0.000692178962535723,0.00215956164916946,0.0114270981677957,0.0140186892046368,0.0234243462900912,0.0219597314056797,0.0162095330310864,0.00867518835637629,0.00718234159768781,0.00157306058074952,0.00322144576694186,0.00274501602326177,0.0102187436841556,0.00369504017004817,0.00543963432058786,0.00422319942106555
778,0.00859473768263031,0.00271764056640826,0.00133560388763531,0.00687251143176708,0.00126801335143633,0.0125626766757136,0.00377007498318101,0.00961566487842475,0.0251986282189556,0.0163362730555316,0.00518390733515284,0.00336664167482546,0.0210286906702799,0.00533740798056347,0.00949021473447826,0.0130287317316539,0.0034468380222736,0.00519957445688198,0.0063664766973509,0.0094512091187007,0.00140296442148994,0.00317787099794932,0.0105908867991561,0.00813517400694881,0.00890885503151798,0.0149281622570973,0.00957703207648721,0.00433766336315621,0.00388011443515779,0.0100399510936693,0.00492577229056632,0.00763797352671183,0.00835653012911215,0.0193813686456367,0.00514804786299348,0.00181793828902692,0.0101720924505743,0.000745571890636883,0.0406334726559358,0.0146372093307022,0.00342364276447828,0.00498154209425986,0.0110697749770215,0.00612664582561694,0.00565578194410101,0.00202143070658289,0.0105326984136871,0.011085903508756,0.0068215369270184,0.0128939543278829,0.00430189137134319,0.00613927155138266,0.0043748230062221,0.00325212592784182,0.0118121835974199,0.00730334125908595,0.00890582305033022,0.00634404820117108,0.00230690252721817,0.00564061267160999,0.0122606624532516,0.00930667619869811,0.00536764773380461,0.00674049575615869,0.0154798074063046,0.0106615350945452,0.000702253708355196,0.0129304592114244,0.00200358905384931,0.0140611113713773,0.00754885300621306,0.0190853737638265,0.0234607643845329,0.00599892335425582,0.00453470817184832,0.010876746425397,0.00914341689271319,0.00669767672020823,0.00418806052915264,0.0146891176188544,0.0103770141131811,0.00666195719118418,0.0084058597810074,0.000533152244914441,0.00066244759908589,0.00207080361827628,0.0109368329074415,0.0134223762809989,0.0223982269891493,0.021019098672834,0.0154847817697118,0.0082980977433888,0.00688002328406849,0.0015048183764922,0.00308251836250855,0.00263245264307986,0.00978046739355711,0.00353548253251828,0.00520710574357096,0.00404112935282829
779,0.00824128525611836,0.00261189457947204,0.00128212799241979,0.00658206034051361,0.00121568214567104,0.0120353896949875,0.003618174848236,0.00919918336936028,0.0241550959167107,0.0156654713269373,0.0049682887439752,0.00322952106900333,0.0201752571580468,0.00512177055990587,0.00912377320086223,0.0124857193855825,0.00330323401995061,0.00498707768693881,0.00610263177803189,0.00905893251636398,0.00134251071195331,0.00304640254438128,0.0101781849824952,0.00781384051951257,0.00855273044478455,0.0143127852559481,0.00917636935402895,0.00415706146646726,0.00372659202263781,0.00962368585493198,0.00472400042890083,0.00733472329710599,0.00801159550912448,0.0185751527235811,0.00493972943893776,0.00174181838376714,0.00974383771752325,0.000715519671066184,0.0389837247746666,0.0140297954633187,0.00328384435194553,0.00477423371254269,0.0106113811738301,0.00588344852340367,0.00544036036727467,0.00193680253610377,0.010090653073528,0.0106513101447907,0.00655072067072929,0.0123747385580029,0.00412607499913757,0.00588838524655962,0.00419366538219368,0.00311897767275656,0.011300955392571,0.00699485536781467,0.00854061531969333,0.00607507019722525,0.00221707381959161,0.00539650487402558,0.0117485384088989,0.00894243475787439,0.00514673002128038,0.00645830170679089,0.0148081579310383,0.0102237839312896,0.000670811503865466,0.0123648376182961,0.00192028324850193,0.0134696319900376,0.00723637605991074,0.0182908044573458,0.0225060950315637,0.00575384525186715,0.00434785270499886,0.0104395608071089,0.00876305307272851,0.00642152925989823,0.00400632899066304,0.0140933688489227,0.00993937433617287,0.0063905246822527,0.00806567463725103,0.000510304649577743,0.000635085562092927,0.0019885635784188,0.0104841214162772,0.0128702084951292,0.0214574856451505,0.0201491447718192,0.0148143886241777,0.00794858110037728,0.00659988209287538,0.00144143797377861,0.00295431830538338,0.00252746955283237,0.00937597401090809,0.00338795186938506,0.00499171963630564,0.00387371987568774
780,0.00791521842910503,0.00251278427499594,0.00123241139841049,0.00631491320408512,0.00116709024708613,0.011544990766012,0.00347889182845934,0.00881238275669515,0.0231935462377359,0.0150554683031267,0.00477124753664273,0.00310344207240556,0.0193845554014263,0.00492276010453569,0.00878037030999012,0.0119884875942258,0.00317063924118301,0.00479117727203426,0.00585775336022289,0.00869511957234736,0.00128906446319266,0.00292515321761265,0.00979127763317663,0.00752039256481449,0.00822489081093756,0.0137460246972254,0.00880911224543167,0.00399029977023775,0.00358481801161242,0.00925209204683087,0.00453760038847219,0.00705280746905038,0.00769352585146783,0.017832331573985,0.00474968606316021,0.00167249775604841,0.00935629381828138,0.000687812387045871,0.0374595934415503,0.0134716007022608,0.00315470495655442,0.00458328081941262,0.0101871086797224,0.00565854875003527,0.00524122565291709,0.00185882442735779,0.0096818943218701,0.0102491347879818,0.00629802317745906,0.0118939495192785,0.00396427473254978,0.0056572686483181,0.00402640476569843,0.00299630117800571,0.010849295133761,0.00670959628993547,0.00820587505154539,0.00583111242740809,0.00213435720776833,0.00518190709605346,0.0112707884095512,0.0086012969158515,0.00494243987957916,0.00620172672666447,0.0141914171875074,0.00981988702600008,0.000642779454209514,0.0118509235078352,0.00184343469267644,0.0129383129719832,0.00694846846791882,0.0175684997955676,0.0216244383237035,0.00552692763927597,0.00417660740301837,0.010036162612862,0.00841039069663785,0.00616980827719988,0.00384199759078667,0.0135430364526949,0.00953716738430715,0.00613990434448275,0.00775200824948916,0.000488479320051654,0.000610065845700223,0.00191161117703192,0.0100676561466068,0.012360712156607,0.0206100446149373,0.0193472675603002,0.01419608116343,0.007625767076367,0.00634111137821062,0.00138344092463872,0.0028368538949697,0.00242918619311793,0.0090052968877465,0.00325216431921023,0.00479306521134174,0.00372131809631256
781,0.00761480372729657,0.00241828245626497,0.00118600502179649,0.00607032147914728,0.00112195272787269,0.0110944431437557,0.00335134098138432,0.0084588748535666,0.0223153416859156,0.0145052540401028,0.00459200860714986,0.00298771295756595,0.0186536433311391,0.00473940366985989,0.00845300671384021,0.011538229343715,0.00304947942070178,0.0046112424023121,0.005631865263839,0.00835509911231165,0.00124278483061377,0.00281359382997012,0.0094229428060571,0.00725429206579649,0.00792394773713928,0.0132260142350326,0.00847388556681099,0.00383770134461633,0.00345401329146776,0.00892569207107079,0.00436628493411263,0.00678980311122553,0.00740052938999304,0.0171497713562564,0.00457783250745664,0.00161003417687077,0.00900901351649313,0.000662315229059587,0.036055483994299,0.012959695705971,0.00303568200608176,0.00440795071708151,0.00979568650297325,0.00545087943179133,0.00505768837646829,0.00178712282123482,0.00930487644328101,0.00987384263512113,0.00605995451315161,0.0114493324584679,0.00381571786605868,0.00544491437579848,0.00387280852267102,0.00288354083557565,0.010461078441604,0.00644652162445519,0.00789945999875733,0.00561430403826049,0.00205842940221539,0.00499816613887989,0.0108308934949994,0.00827891005156923,0.00475401835898294,0.00597264918836591,0.0136404000629189,0.00944843040918586,0.000618536707575149,0.0113927468946245,0.00177277914727994,0.0124694494888066,0.00668398393543531,0.0169162484761928,0.0208135119729693,0.0053185602259479,0.00402096967610929,0.00966476358339323,0.00808522421822798,0.0059414224329413,0.00369616390759333,0.0130363763401113,0.00916937338624431,0.00590908307944973,0.00746349955273809,0.000467511578970194,0.000587309211539148,0.00183898449397813,0.00968575506931198,0.0118919602996505,0.0198586182669543,0.0186102513251411,0.0136271359696903,0.00732849138663762,0.00610270640688327,0.00133112201359402,0.00272987221252596,0.00233688114891889,0.00866769762793942,0.00312766670585388,0.00461051616843674,0.00358382701219834
782,0.00733765186233905,0.00232879811001586,0.00114269667904226,0.0058463669800278,0.00108007085713324,0.0106819521622585,0.00323402899194734,0.00813606169978625,0.0215136433383001,0.0140053617100204,0.00442904814035255,0.00288120502559135,0.0179797642727378,0.00457028930859879,0.00814142584377454,0.0111287592292558,0.00293866204142669,0.00444586130612415,0.00542398740826589,0.0080375511230329,0.00120200210792663,0.00271081784472262,0.00907372404201465,0.00701180226057814,0.0076473351370163,0.0127479225450285,0.00816816672390464,0.00369844439414571,0.00333325817920267,0.00863484567587309,0.00420892995615098,0.00654449321872936,0.00713038284317162,0.016522210549354,0.00442185174791293,0.00155344505337538,0.00869524873669571,0.000638824681700764,0.0347610977064445,0.0124903591355907,0.00292600143715248,0.00424675137622336,0.00943479998051486,0.00525896305712981,0.00488846387162935,0.00172101473896511,0.00895668170717878,0.00952298328346489,0.00583634268612882,0.0110379755451625,0.00367906452948977,0.00524958070327596,0.00373168729737305,0.00277976627370301,0.0101254605912865,0.00620359434393877,0.00761779061262829,0.00541988390403147,0.00198864736652818,0.00483855304151198,0.0104260913976546,0.00797573670766879,0.00458002492802828,0.00576648077131638,0.0131471666938434,0.00910644769784912,0.000597457411056575,0.0109831635478906,0.00170775534017759,0.0120527674052789,0.00644069596531367,0.01632332722398,0.0200668361409699,0.0051271816279868,0.00387898797716204,0.00932250119834612,0.00778570993155927,0.00573291030655558,0.00356619057620536,0.0125698447758749,0.00883530245138708,0.00569627059076492,0.0071977620291298,0.000447849335318032,0.000566527491192976,0.00177079533883043,0.00933523822958266,0.011460212857034,0.0191850890160545,0.0179324260700023,0.0131030256782828,0.00705441801148654,0.00588287009653019,0.00128386895513213,0.00263207546673099,0.00225046958275259,0.00835935084467046,0.00301332859436976,0.00444258415617869,0.00345937318414851
783,0.00708120959236348,0.0022453492688483,0.00110233341168114,0.00564083911046984,0.00104126745319815,0.010304533675328,0.00312531045193562,0.00783979289183429,0.020779561915231,0.0135442102640722,0.00428065514382216,0.00278268033473187,0.0173602079004829,0.00441389532280105,0.0078470568260011,0.010752047248322,0.00283671502332472,0.0042934269713742,0.00523288873775683,0.00774199338156598,0.00116458937341729,0.00261582438787463,0.00874610625343281,0.00678838671607338,0.00739219250081127,0.0123061770582609,0.00788914626985587,0.00357142090696705,0.00322159784871919,0.00836737194608822,0.00406420212629025,0.00631596226826414,0.00688075505063022,0.0159438557121243,0.00427886881168748,0.00150148770173869,0.00840667619364949,0.000617120053090282,0.0335649598354732,0.0120596716529358,0.00282483131360357,0.00409800093462771,0.00910187353144376,0.00508121950505327,0.00473211866166665,0.00165973984686396,0.00863404937919409,0.00919487743038534,0.00562784519030707,0.0106568026796619,0.00355283306150524,0.00506934231880948,0.00360161255364787,0.00268395342968705,0.00982791677163824,0.00597852876434071,0.00735692801906449,0.00524136833089709,0.00192428812758419,0.00469431990241204,0.010052059023083,0.00769344321771669,0.0044188486598154,0.00557701648164576,0.0126990885291925,0.00879058440561528,0.000578664461474591,0.0106122356755214,0.00164772774097403,0.0116748502594654,0.00621610800982125,0.0157768847704529,0.0193768816017122,0.00495074268815606,0.00374822351973901,0.00900624437209081,0.00750959459076052,0.00554021795712709,0.00344850649600824,0.0121394481133794,0.00853434718432378,0.00549948228254861,0.00695215279757521,0.000430093644667495,0.00054738028373296,0.0017074239535894,0.00901255119118605,0.011061276486171,0.0185661312886926,0.0173075082277433,0.0126187719378078,0.00680091799746557,0.00567960727749514,0.00124084269623218,0.00254190464811872,0.00217002580152009,0.00807565940345236,0.00290785023510999,0.00428756531036332,0.00334563906379342
784,0.00684292367550089,0.00216895396536198,0.00106476226124643,0.00545152727421662,0.00100536533439781,0.0099592035367716,0.00302353995313634,0.00756591802619092,0.0201042081370501,0.0131102186534511,0.00414511862513003,0.00269090094323762,0.0167922638886348,0.00426870001451533,0.0075713287867279,0.0104000633983875,0.00274216628636283,0.00415233238596608,0.00505733819656511,0.00746794366496577,0.0011284197053718,0.00252761258543066,0.00844257435269507,0.00657950899919619,0.00715565931876682,0.0118952052057772,0.00763401475780793,0.00345552287122154,0.00311807747391935,0.00811108996656666,0.00393076811623344,0.00610329473653213,0.00664931485199552,0.0154089134034136,0.00414600872593872,0.00145291943813713,0.00813497260211486,0.000596980651349023,0.0324555956388717,0.0116637139198226,0.00273133969927203,0.00396001753008411,0.00879433157485651,0.00491606865456427,0.00458721926984654,0.00160253781124667,0.00833371872495768,0.00888784577325471,0.00543511951960271,0.0103027377622658,0.00343554180076726,0.00490227391045794,0.00348115575533883,0.00259507824082698,0.00955392217148907,0.00576903920161548,0.00711293334397215,0.00507227362503338,0.00186462871226088,0.00455671882004242,0.00970447327685071,0.00743369591527947,0.00426887862744451,0.0053980513254839,0.0122835370178777,0.00849748604610973,0.000561280755649999,0.0102700254854046,0.0015920608192739,0.0113222815894314,0.00600772352122537,0.015264069847135,0.018736119129203,0.00478719424921905,0.0036262375174026,0.00871286201899748,0.00725462494996052,0.00535929144374016,0.00333954056638744,0.0117411927060186,0.00826590018964273,0.00531673355892105,0.00672402897698523,0.000414845562590913,0.000529527188230351,0.00164925058025564,0.00871413951788935,0.0106909578444749,0.0179784195113238,0.0167292142312239,0.0121693963968652,0.00656536239112653,0.00549092278012191,0.00120120418387334,0.00245780074722309,0.00209562411212247,0.00781202616979786,0.00280993187842673,0.00414375576678634,0.00324030710276346
785,0.00662018308088987,0.00210007827394979,0.00102979597364542,0.00527622695139792,0.000972129374448012,0.00964214477722122,0.00292726040321477,0.00731036412793904,0.0194781816980271,0.0126938048717736,0.00402068999111183,0.00260469625189708,0.0162717697518044,0.00413313774092004,0.00731495165566976,0.0100658092568263,0.00265361919439977,0.00402090326949396,0.00489575618102904,0.00721440987544604,0.00109187936847118,0.00244517304291695,0.00816416160147438,0.00638105358815371,0.00693484577151028,0.0115095975418401,0.00739993310446783,0.00334933959251499,0.00302166457115602,0.0078566032644624,0.00380716105218666,0.00590533072171063,0.00643360772020677,0.0149114171917221,0.00402065254712675,0.00140668651239856,0.00787307998031969,0.000578180684480827,0.0314210199758835,0.0112980410928608,0.0026446011874874,0.00383111794547615,0.00850921163069098,0.00476194921673963,0.0044522379185346,0.00154874158295717,0.00805239313853049,0.00859982365684815,0.00525806374804099,0.0099724560389007,0.00332578188677579,0.00474642182080706,0.00336888420608241,0.0025121031226122,0.00929092486563014,0.00557281976654787,0.0068822878039473,0.00490754201999854,0.00180893748023096,0.00441870324091623,0.00937906886521879,0.00719681786213497,0.00412847391323606,0.00522467768899095,0.0118892940152154,0.0082237561770009,0.000544546106395698,0.00994750685307507,0.00154011580981533,0.0109835643291021,0.00581304237777106,0.0147737447672433,0.0181369376659057,0.00463445231258036,0.00351086456906882,0.00843910727454654,0.00701826678971289,0.00518660479984252,0.00323610692800259,0.0113707784530133,0.00802756296285127,0.00514597478995449,0.00651071659146925,0.000402436631601992,0.000512657498541933,0.00159633505877922,0.00843640389564619,0.0103450237335846,0.0174030606694499,0.0161911041092488,0.0117498661575298,0.00634502963634932,0.00531476275613857,0.00116413974719193,0.00237836034261773,0.00202712210513672,0.00756415820666455,0.00271830669332123,0.00400944574943829,0.00314123398239596
786,0.00641014562169924,0.00203698043617748,0.000997110112281173,0.00511275792769005,0.000941092668606244,0.00934620913460604,0.00283576797334842,0.00706936793657224,0.0188900381881444,0.0122933830823511,0.00390547024566038,0.00252316503165209,0.0157887543660033,0.00400546707971256,0.00707575857656885,0.00974641272061169,0.00256997888686144,0.00389719626831347,0.00474516889582701,0.0069783604158563,0.00105540737297626,0.00236746228394673,0.00790609465860147,0.00619058860632589,0.00672674480120761,0.0111445971135714,0.00718394368079769,0.00325024964631173,0.0029310160265854,0.00760565313614361,0.00369137987836846,0.00571993280787713,0.00623068566145347,0.0144447086841652,0.00390120544891854,0.00136249090895647,0.00761900156036196,0.000560473960021383,0.0304472061127809,0.010956106307834,0.00256331648954943,0.00370961354406352,0.00824200362225041,0.00461737523095311,0.00432526962649317,0.00149805725095379,0.00778663252769436,0.00832720501555249,0.00509353827008276,0.0096616381380003,0.00322243566238195,0.00459971901054969,0.00326334856868766,0.00243393640329281,0.00903426447269823,0.0053874837492439,0.0066631529783452,0.00474781945887934,0.00175644812234791,0.00428003200374978,0.00907181169722748,0.00697775903290625,0.00399587363639141,0.00505717747844818,0.0115107830021428,0.00796583053212946,0.00052816799049299,0.0096393003246561,0.00149124100787037,0.0106548789958412,0.00562955016161403,0.0143016261707698,0.0175713988281087,0.00449029351420927,0.00340103281506815,0.00818127015865928,0.00679686199627062,0.00502074395633543,0.00313656068660997,0.0110226794368938,0.00780977256313284,0.00498489620952901,0.00630941728593061,0.00039212034197995,0.000496579287666612,0.001547455620908,0.00817556549915594,0.0100190815320416,0.0168388919847597,0.0156861122744033,0.0113549301357747,0.00613682776632616,0.00514883864281036,0.00112893724395298,0.00230280236503508,0.00196351050584354,0.00732897936678949,0.00263183952339127,0.00388290183508913,0.00304697330285624
787,0.00620991132210542,0.00197736673540398,0.000966345944930723,0.0049589460651559,0.000911730367515395,0.00906341552367962,0.00274854715059284,0.00683924362018682,0.0183278221713122,0.0119093664909189,0.00379752279193279,0.00244547339598285,0.0153317944475935,0.00388390266372005,0.00685086349667414,0.00944003326661676,0.00249022594706547,0.00377920076047061,0.00460225399772242,0.00675625381420495,0.00101995591554284,0.00229342831165501,0.00766214853219651,0.00600610308838586,0.00652832004040942,0.0107956100913075,0.00698305922132342,0.00315532892554072,0.0028447110688145,0.00736276532028198,0.00358128999350048,0.00554471920058417,0.00603747731523771,0.0140019564975122,0.00378632863428275,0.00132022354589579,0.00737200587780711,0.000543609185389344,0.029519616917593,0.0106308371953196,0.00248609284625045,0.00359381433419996,0.00798781057367936,0.00448087956865275,0.00420431511158379,0.00145028418872347,0.00753296092866139,0.00806599843115744,0.00493764406029773,0.00936571603362518,0.0031244582712746,0.00446007009490549,0.00316309534575675,0.00235947288930906,0.00878125349729153,0.00521062423463993,0.00645411053721093,0.0045951778121447,0.00170638566226044,0.00414216529531018,0.00877872548261189,0.00677012613042768,0.00386928692533217,0.00489712998016715,0.0111438378660018,0.00772010288937913,0.000511970800715275,0.00934093811391817,0.00144478147384457,0.0103343255028722,0.00545472888088771,0.0138451442794,0.017031482400557,0.00435245964871625,0.00329594378108467,0.00793552491236727,0.00658647148231154,0.00486082281848352,0.00303964218924,0.0106910632860177,0.00760117494058988,0.00483112301747667,0.0061173016104711,0.000382880670945382,0.000481130323388824,0.00150107009633934,0.00792780062530438,0.00970869876261305,0.016289183237989,0.0152070167352181,0.0109792827010477,0.00593757221157736,0.00499080319878677,0.00109490991407872,0.00223050133324731,0.00190356332319957,0.00710371770035458,0.00254942813088375,0.00376238468870366,0.00295625289401658
788,0.00601658020628482,0.00191894345498823,0.000937144739371089,0.00481261722585837,0.000883517621818363,0.00878578285919549,0.00266508242200361,0.00661630534687907,0.017779578211441,0.0115421683032121,0.00369491103308621,0.00237078745836954,0.0148894667129369,0.00376665912576965,0.00663738036323465,0.00914483037171474,0.00241334095832954,0.00366490612401136,0.00446368914347869,0.00654454859850041,0.000986477192826707,0.00222201912917677,0.00742609823037968,0.00582558606900675,0.00633653512166636,0.0104580426453851,0.0067942924605709,0.00306165332313091,0.00276132892645034,0.00713246555554921,0.00347475679630437,0.00537730810538427,0.00585091132106159,0.0135763292485322,0.00367468330618804,0.00127977534130144,0.00713136146822062,0.000527335068003358,0.0286237152583491,0.010315161385895,0.00241153749838275,0.00348203032423921,0.00774173550912242,0.00435099510128656,0.00408737509166799,0.00140522176975315,0.00728790237764365,0.00781221248545272,0.00478648209325562,0.0090801216998359,0.00303080485714264,0.00432537968909409,0.00306667103989186,0.00228760738710121,0.00852920444400824,0.0050398343076723,0.00625374215058955,0.00445168895026353,0.00165797512361726,0.00400656330236452,0.00849583393110712,0.00656752585753362,0.00374692290847994,0.0047461144804594,0.0107842924941346,0.00748296702663361,0.000495778929835955,0.00904795243463173,0.00140008226814346,0.0100200037634185,0.0052860605437255,0.0134017293148193,0.0165091681679955,0.00421869251071175,0.00319479899280248,0.00769804577670204,0.00638315616051347,0.00470595529155142,0.00294409178292311,0.0103700976287427,0.00739041604532485,0.00468228041362954,0.00593154011519253,0.000373701595718882,0.000466148373493008,0.00145563631477057,0.00768928557097731,0.00940944294806593,0.0157572042098736,0.0147465955002238,0.0106176182227966,0.0057440784026232,0.00483830918271733,0.00106137099749138,0.00216083176602656,0.00184605456616142,0.00688560125754174,0.00246997027804558,0.00364615497524666,0.00286780058574927
789,0.00582763675727641,0.00185991700633071,0.00090913200922546,0.00467168019750042,0.000855999737803852,0.0085073600679623,0.00258475555140568,0.00639752535751883,0.0172355435007173,0.0111912473268545,0.00359575499472937,0.00229830792865973,0.0144520530638344,0.00365215163058865,0.00643235339422475,0.00885889809859551,0.0023384119999481,0.00355260955924805,0.00432669136011775,0.0063398871589534,0.00095560535752948,0.00215231360012724,0.00719272838883147,0.00564726808385489,0.00614872653011501,0.0101278678612156,0.00661460681408698,0.0029670106568459,0.00267962866426997,0.006917474394411,0.00336994467850399,0.0052154148246411,0.00566833404936482,0.013161819096487,0.00356506970946663,0.00124096865724363,0.00689656745433801,0.000511429623295047,0.0277468170430085,0.0100030468884575,0.00233843135661011,0.00337278965583069,0.00749972005167868,0.00422615865538834,0.00397269198242676,0.0013625675359215,0.00704843270391624,0.00756256950210038,0.00463681385806653,0.00880086352183496,0.00294041419345492,0.00419380388004829,0.00297277531434865,0.00221736955207251,0.00827594686191356,0.00487302123950706,0.0060605153057025,0.00431834818833874,0.00161053615852861,0.00387431194493885,0.00821966272228621,0.00636481105845305,0.00362722274080488,0.00460476808141857,0.0104293014556268,0.00725126117221571,0.00047949688688945,0.00875695507017033,0.00135655465539994,0.00971018483904552,0.00512133372113214,0.012969248248801,0.0159974569091017,0.00408709436900994,0.00309679182692121,0.00746547627189087,0.00618355397790745,0.00455526822063788,0.00284901773879384,0.0100548328020966,0.00716887142097532,0.0045363618590729,0.00574965376288655,0.000363778335470329,0.000451489703229101,0.00140993229976776,0.00745670754936248,0.00911739603256124,0.0152447338199687,0.0142984880862144,0.0102652884615908,0.00555390510911129,0.00468929933783555,0.00102780214193381,0.00209320052520841,0.00178992723550586,0.006672170487028,0.00239248794500708,0.0035326869938747,0.00278052616356661
790,0.0056421032935694,0.00180049431299804,0.000881870251501683,0.00453437547034516,0.000829002644343808,0.0082303161250091,0.00250653740970163,0.00618250818407018,0.0166947257444328,0.0108522447770242,0.00349840119227754,0.00222737390217038,0.0140166561438423,0.00353959747050491,0.00623254789052036,0.00858006885321574,0.00226495713512285,0.00344183955555835,0.00419063515569569,0.00613964733458395,0.000926702386536011,0.00208391403004254,0.00696086215347368,0.0054703456725694,0.00596372216123592,0.0098033264845094,0.00644076842150219,0.00287203644378784,0.00259908869173052,0.00671329164450902,0.00326621400383199,0.00505714304796284,0.0054887627943376,0.0127557123706079,0.00345684425640498,0.00120335163173371,0.00666804530757506,0.000495788098747909,0.0268836503392501,0.00969262322518487,0.00226625001108218,0.00326549300380665,0.00726106022026529,0.00410442287783499,0.0038594749908189,0.00132161170267407,0.00681333490900624,0.00731664677225162,0.00448804290200209,0.0085262555293926,0.00285215957280016,0.0040645046415534,0.00288072047499668,0.00214832843547813,0.00802137847794087,0.00470934904622922,0.00587244075847661,0.00419184462000928,0.00156376693295083,0.00374500007609495,0.00794874541507407,0.00616181914299332,0.00350955568347152,0.00446995914826656,0.0100813020465384,0.00702360135620454,0.000463349645954256,0.00846887608231996,0.00131387471715632,0.00940382438468726,0.00495956323559777,0.012547315053469,0.0154934333782844,0.00395720938923968,0.00300108306420265,0.00723633703494393,0.0059866110189374,0.00440794021017805,0.0027550000244032,0.00974384997778811,0.00693883498531941,0.00439283385990502,0.00557056516710424,0.000353151077166742,0.000437084567709035,0.00136401685037196,0.00722879743885542,0.00883069764583535,0.0147475875431068,0.0138597800430384,0.00992027474248706,0.00536758445719837,0.00454287634571095,0.000994358626431366,0.00202714384488217,0.00173480029929015,0.00646221543147093,0.00231649998343234,0.00342130958051137,0.00269406723554104
791,0.00545938659251557,0.00174138242659836,0.000854906209053771,0.00439902646029578,0.000802422425955985,0.00795885001742006,0.00242929614456342,0.00597151643127073,0.0161583252761553,0.0105198474707881,0.00340125276359761,0.00215735907058584,0.0135820837819557,0.00342841446974643,0.00603465942372279,0.00830610962734879,0.00219260192303228,0.00333243242458626,0.00405543440852714,0.00594139082661438,0.000898812212776967,0.00201655358493901,0.00673033229778846,0.00529425687578256,0.00578072276309556,0.00948322617605185,0.00626949410346799,0.00277807812589354,0.00251936725445915,0.00651361192727892,0.00316322412902321,0.00490069356176881,0.00531163258110775,0.012356118942619,0.00334950240115311,0.00116640384676837,0.00644644708651757,0.000480335049858412,0.0260307962546829,0.009383060296575,0.00219464272182005,0.00315975917629507,0.00702589063275394,0.00398374437058918,0.00374717502162268,0.00128154265384814,0.00658184378750373,0.00707473532892996,0.0043402332868743,0.00825518816342098,0.00276489791754706,0.00393689541910787,0.00278997198835899,0.00208018793753625,0.00776591406349053,0.00454829593015348,0.00568741508201506,0.00406779078354806,0.00151746024130182,0.00361784228215353,0.00768211753823354,0.00595963366235641,0.00339352302419297,0.00433761386200734,0.00974405224467325,0.00679904805911828,0.000447642297369889,0.00818572510246971,0.00127178473918224,0.00910004920361969,0.00480007047248382,0.0121359804510349,0.0149952033238849,0.00382894221123354,0.00290682533642418,0.00700961798206713,0.00579185040240047,0.0042631628044412,0.00266298653140635,0.00943661303619648,0.00670533024967037,0.00425153118347738,0.0053935473540865,0.000342071249724421,0.000422881719510248,0.00131826895949293,0.00700479703415365,0.00854800183901851,0.0142600899929398,0.0134284184288074,0.00958121578166378,0.00518639191216848,0.00439843287249703,0.000961364137830049,0.00196223030220058,0.00168046171739172,0.00625483853202323,0.00224164946286889,0.00331156520527203,0.00260824336538501
792,0.00527889343146673,0.00168328839873982,0.000827786624735735,0.00426395658325545,0.000776155167158138,0.00769716073227935,0.00235189990366301,0.00576481270385811,0.0156275424294527,0.0101887422252129,0.00330271284655645,0.00208763712559042,0.01314714380717,0.00331802045254121,0.00583538356543335,0.00803478741276801,0.00212097192285487,0.00322422447797577,0.00392100299692671,0.00574267933626701,0.000870978769183014,0.00194996543083299,0.00650097159525793,0.0051184397341267,0.00559892908376045,0.00916637459662825,0.00609750068063587,0.00268648314509978,0.002440122598083,0.00631212986415638,0.00306063441081249,0.00474426715247832,0.00513637843480309,0.0119611486842443,0.00324253959786103,0.00112960488434425,0.0062324248497514,0.000464995032123023,0.0251848358969158,0.00907352800312569,0.00212325874884482,0.00305520698142387,0.00679434590701632,0.00386207973561358,0.00363524297961634,0.00124154877328099,0.00635319413399883,0.00683712620515894,0.00419344907449517,0.00798655186483228,0.00267748615006429,0.00381038965821016,0.00269999532095861,0.00201265195846504,0.00750996838996295,0.00438934009359458,0.00550333484942105,0.00394179921722801,0.00147140887799945,0.00349205314943532,0.00741881462052749,0.00575933816774428,0.00327872605068231,0.00420365840364489,0.00942131002783484,0.00657666176147514,0.000432679931475864,0.00790951176200865,0.00123002700724738,0.00879798609911881,0.00464217681715175,0.0117352951637102,0.0145008724942444,0.00370219747482408,0.00281317127536314,0.00678430902946638,0.0055987952470938,0.00412012754769661,0.00257392515145842,0.00913258585770076,0.00647338072534145,0.00411228859714148,0.00521787335007428,0.000330790282059666,0.000408829911210172,0.00127306762004046,0.00678394812995464,0.00826796266324097,0.0137765657831199,0.0130023503016332,0.00924675029529938,0.00501160293930564,0.00425536158434729,0.000929142362975852,0.00189802847431637,0.00162669944968796,0.0060491422298376,0.00216757945286424,0.00320299633827205,0.00252287411681097
793,0.00510021577042882,0.00162673971906266,0.000800192573150952,0.0041278457618723,0.000750127099031241,0.00744795149212924,0.00227357018323628,0.00556250125246555,0.0151036709742601,0.00985488717093911,0.00320157571742146,0.00201778007833416,0.012711289048546,0.00320802870124455,0.00563270619040669,0.00776441920968974,0.00204980388321909,0.00311710688388503,0.00378737502410631,0.00554208771661878,0.00084244882726795,0.00188397278711821,0.00627309005652776,0.0049425812494536,0.00541779509077548,0.00885198484240724,0.00592207211558923,0.00259816415003575,0.00236113178002264,0.00610424606012482,0.00295828017741718,0.00458660874866192,0.00496262373486931,0.0115694889520073,0.00313562773474682,0.00109255483203153,0.00602609375770844,0.000449717161282236,0.0243435697038628,0.00876370799585713,0.00205189918751242,0.00295157123684004,0.00656648436113191,0.00373799932618878,0.00352331441222277,0.00120101769414521,0.00612683895610921,0.00660418063446743,0.00404795416677058,0.00771960978854636,0.00258911161712595,0.003684580314788,0.00261045748270644,0.00194551990681382,0.00725409329176182,0.00423210407737033,0.00531867666643624,0.0038107903314204,0.00142547062524062,0.00336727197216762,0.00715821737445713,0.0055620340155027,0.00316488101964442,0.00406522370515365,0.00911505363572056,0.0063558043892973,0.000418665565170229,0.00764168218840896,0.00118842082786526,0.00849716599800209,0.00448541630933397,0.0113448656751953,0.0140091758723716,0.00357689780426752,0.00271951195654614,0.00655972824380945,0.00540719495305523,0.00397826213679446,0.00248845590569745,0.00883145295632132,0.00624703772936647,0.00397499686823904,0.00504305365564205,0.00031950378811579,0.000394900707394002,0.0012287600994204,0.00656552157709081,0.00798964652395384,0.0132934801655617,0.0125801151116995,0.0089159426677675,0.00484401724328012,0.00411325803377101,0.000897937758059313,0.0018342102327668,0.00157336610058656,0.00584452778611117,0.00209404214722618,0.00309529270259945,0.00243787584806565
794,0.00492368630002455,0.0015715456293355,0.000772342455900264,0.00399079994577431,0.00072438503890915,0.00720794246134448,0.00219494187377474,0.00536405291130869,0.0145883784259818,0.00951932569290138,0.00309820020606202,0.00194815321782983,0.0122765523354077,0.00309883433072093,0.0054297743860108,0.00749552205210217,0.00197927931055326,0.00301119023652874,0.00365506549286694,0.00534224342816503,0.000813280512878096,0.00181875908669782,0.0060489066408978,0.00476736426849309,0.00523778762959905,0.00854089175109086,0.00574276093863924,0.00251229461610021,0.00228264710487223,0.00589218505435877,0.00285670064298457,0.00442863984749505,0.0047907452780235,0.0111821370416311,0.00302914443630077,0.00105533579969439,0.005825421378205,0.000434548794052642,0.0235096754346578,0.00845532892787885,0.00198097247451802,0.00284905079826657,0.00634205911401148,0.00361252850086704,0.00341176343744335,0.00116013404695454,0.00590310411356303,0.00637654065240578,0.00390481182598202,0.00745511594551374,0.00250028336312772,0.0035597783864863,0.00252183165706485,0.00187897322445649,0.00699938885530405,0.00407678777631099,0.00513423726935618,0.00367691602488975,0.00137976321633832,0.00324483687620419,0.00690108724747722,0.00536889378255267,0.00305216406375117,0.00392425970238986,0.00882014235560249,0.00613704365062305,0.00040539392158515,0.00738142849347521,0.00114709359052491,0.00819873632125283,0.0043301736062466,0.0109625215151454,0.0135213653799434,0.00345303776151479,0.00262619223049683,0.00633650629361169,0.00521770404528538,0.00383793887890865,0.00240598733319308,0.00853378138064352,0.00602646380166161,0.00383977076407269,0.00486954866869852,0.000308184121944143,0.000381156920677963,0.00118556676302303,0.00634890445093412,0.0077137692438917,0.0128158609452309,0.0121626218774774,0.0085895599562225,0.00468253148630706,0.00397252931870045,0.000867677856649169,0.00177086062662724,0.00152057285261628,0.00564159174221878,0.00202122623680353,0.00298873303323282,0.00235355209553296
795,0.0047498228935308,0.00151733580935905,0.000744589006333875,0.00385328159133445,0.000699005950688938,0.0069723580397579,0.00211700321433381,0.00516878016049878,0.0140834257363893,0.00918437248960801,0.00299333628074802,0.00187932015255586,0.0118456114971449,0.00299102791396215,0.00523102554276698,0.00722916298243646,0.00190969090073568,0.00290663998663572,0.00352470963090686,0.00514678708325572,0.000783734790442907,0.0017545978158524,0.00583111754483143,0.00459372059919447,0.00505962676516798,0.00823433559576448,0.00555968682202901,0.00242761322538431,0.00220503968901932,0.00567987736958051,0.00275661099314445,0.0042718260883044,0.00462130821530059,0.0108006677336384,0.00292364376108124,0.00101815040277052,0.00562783838090347,0.000419561847394859,0.0226870501787396,0.00815063120282271,0.00191103888189164,0.00274796053094549,0.00612074698477358,0.00348730636951854,0.00330114881592406,0.00111928171155805,0.00568253367911601,0.00615491849502971,0.00376528515450487,0.00719419706069264,0.00241184085687068,0.00343647438137924,0.00243479257088407,0.00181328886159811,0.00674709223000986,0.00392373542374994,0.0049513934271149,0.00354363606849893,0.00133446937238456,0.00312651069530541,0.00664853087078089,0.005181107850959,0.0029408662846662,0.00378392108218022,0.0085296557366464,0.00592124869899465,0.000392557650411329,0.00712737928509504,0.00110624970545922,0.00790424861339581,0.00417704601947674,0.0105856479747044,0.0130393221733038,0.00333062989294046,0.00253379539148812,0.00611560199785028,0.00503120333002557,0.00369976623379396,0.00232562010249786,0.00824035881289396,0.00581084928786362,0.00370678105193528,0.00469805626148594,0.000296747822623087,0.000367684175686041,0.00114367625073471,0.00613351288299145,0.00744145900011001,0.0123508765653559,0.0117513720095097,0.00826879488601395,0.00452556656998782,0.00383378542342363,0.000838210961658701,0.00170816799935758,0.00146849553283617,0.00544122945957971,0.00194942953670541,0.00288374331812345,0.00227030319013105
796,0.00457914342422446,0.00146373993893403,0.000717284957801994,0.00371575315492566,0.000674066798267681,0.00673642262720237,0.0020407424439689,0.00497599548014705,0.0135905738572542,0.00885234225956732,0.00288773390974936,0.00181184449099072,0.0114211443631472,0.00288520002396,0.00504089705119657,0.0069664090431238,0.00184133134964464,0.00280362158493483,0.00339694266592435,0.00495935929424078,0.000754072624391836,0.00169176246086248,0.00562241896479205,0.00442258204950706,0.00488403256241908,0.00793355664951347,0.00537296943800166,0.00234285865997918,0.00212868064885147,0.00547125352851235,0.00265872641352662,0.00411763311041666,0.00445487769773553,0.0104266558085519,0.0028196797676466,0.000981201256697612,0.00543077543546623,0.000404828238269504,0.0218795910255471,0.00785185522432057,0.00184265868166328,0.0026486153001188,0.00590222479253679,0.00336397204201346,0.00319202930831091,0.00107884456780479,0.00546567172552392,0.00594002639839492,0.0036306372547145,0.00693797985904126,0.0023246235671559,0.003315158807541,0.00235001495101432,0.00174874376844374,0.00649844056529947,0.00377329125302054,0.00477152190864643,0.0034144102331108,0.00128977181447133,0.00301405626323161,0.00640165487556126,0.0049998666027865,0.00283127878405314,0.00364736253135143,0.00823667332801807,0.00570928868795438,0.000379849401339464,0.00687816317115611,0.00106609358290109,0.00761525441895579,0.00402663086061148,0.0102116303450161,0.0125649274087972,0.00320968674491914,0.00244290473379291,0.00589797417550243,0.00484857361351712,0.00356435266120521,0.00224645488216433,0.00795197293529926,0.00559938453360926,0.00357619849911968,0.00452927430624659,0.000285111429230982,0.000354568097042221,0.0011032772024418,0.00591876300476967,0.00717384396966421,0.0119056954691652,0.0113478669183394,0.00795484018249141,0.00437154339592376,0.0036976363322286,0.00080938537600119,0.00164632069441772,0.00141730996830526,0.00524433629961322,0.0018789498620409,0.00278074954522258,0.00218852946277813
797,0.00441204361091141,0.00141049885786561,0.000690711845541066,0.00357871935634487,0.000649629408806424,0.00649664459037052,0.00196692973978365,0.00478536483918395,0.0131108276381824,0.00852547448197328,0.00278211921520876,0.00174616254280979,0.0110054057914509,0.00278179805969444,0.00486238831441615,0.00670823189338328,0.00177443231295909,0.00270229202404151,0.00327226789971001,0.00478232236412059,0.00072460204173613,0.0016304664596194,0.00542439692727613,0.00425471324128801,0.004711575653827,0.00763953374382611,0.00518306549480669,0.00225720059883034,0.00205385603190251,0.00526936876225738,0.0025635788475304,0.00396721476904966,0.00429189775774861,0.0100612958216123,0.00271769367397292,0.000944696658418052,0.00523236344387903,0.000390403440241838,0.0210902923373584,0.00756078074445016,0.00177624753349847,0.00255126644126419,0.00568637581027213,0.00324380638636089,0.00308483682160226,0.0010391394375907,0.00525323607707014,0.00573215961939015,0.00350161181190534,0.00668733575005309,0.00223930845330654,0.00319621209612836,0.00226793592425729,0.00168555344711503,0.00625444777309513,0.00362589000085414,0.0045957840216463,0.0032917758139603,0.00124581563497611,0.00290849835013863,0.0061613588617066,0.00482574310530008,0.00272369785314264,0.00351691765502151,0.00793622921948195,0.00550184578984566,0.000367028052605795,0.00663267800123325,0.00102678717118606,0.00733284990685786,0.00387939714259305,0.00983859614476784,0.0120996860474784,0.00309029471705657,0.00235398803218935,0.005684418628734,0.00467047472064886,0.0034322119419061,0.00216777927287565,0.00766918390823339,0.00539142844637772,0.0034481446213667,0.00436375754698433,0.00027327621466081,0.000341864781876989,0.0010644369703433,0.00570437748087253,0.00691181717832035,0.0114847653505641,0.0109531905620711,0.00764861506737232,0.00421916858479819,0.00356455683351285,0.00078105082017781,0.00158550398925318,0.00136715743234509,0.00505160789161552,0.00181001940699519,0.00268006089195442,0.00210852804388918
798,0.00424843055451359,0.00135779804597673,0.000664866412332508,0.00344285396908493,0.000625695062522093,0.00625466816339421,0.00189546303107451,0.00459796816181671,0.0126421675201167,0.00820570775876269,0.00267712293476034,0.00168220142247613,0.0105989587546785,0.00268069672409818,0.0046927467859234,0.00645522165958588,0.00170898128556058,0.00260277446411766,0.00315066093042368,0.00461292535849723,0.000695819319814227,0.00157068305645771,0.00523419677891254,0.0040902100520259,0.00454222894201776,0.00735219994380225,0.00499177984471932,0.00217153270830072,0.00198051161029129,0.00507377713544195,0.00247096726963319,0.00382047778298593,0.0041323279533016,0.00970426142693267,0.00261767533570709,0.000908867630893047,0.00503353423742104,0.000376277153295698,0.0203185375678082,0.00727734490907271,0.00171164264760488,0.00245591117080203,0.00547390912636051,0.00312665730312557,0.00297949584820591,0.00100021491099915,0.00504663956414869,0.00552994549823628,0.00337687484304807,0.0064421148813627,0.00215592243673408,0.00307957437062849,0.00218804221722047,0.00162368760740007,0.0060152348153272,0.00348232841757401,0.00442447922885606,0.00317458020377074,0.00120259541141826,0.00280790947176408,0.00592771430388577,0.00465684116656507,0.00261844054143337,0.00339163573147381,0.0076311756631971,0.00529885425221654,0.000354117396628728,0.00639089859165007,0.000988322571060343,0.00705630974362832,0.00373530068378439,0.00946764180281954,0.0116435982692459,0.00297283562188325,0.0022670509834766,0.00547507909246543,0.00449668255089972,0.00330347914069593,0.00208962860383748,0.00739164180465977,0.00518701418101795,0.00332254392820895,0.00420148821474943,0.00026158238706404,0.000329512217346828,0.00102673775588875,0.00549130510829126,0.00665533104668689,0.0110816509061652,0.0105667570890568,0.00734994474784563,0.00406829163362222,0.00343448093211186,0.0007530626850413,0.00152589089725205,0.00131804098332713,0.00486294093639045,0.0017426078820578,0.00258151929363483,0.00203018326186653
799,0.00408808920148196,0.0013059341430948,0.000639674202843976,0.00330887303006265,0.000602249902895587,0.00601342154726509,0.00182602218518615,0.00441523886107177,0.0121818178418345,0.00789490547255801,0.00257335195991105,0.00161976094564977,0.0102019432540992,0.00258162754609207,0.00452778193181126,0.0062078730848905,0.00164490472213134,0.00250518360721178,0.00303196543031754,0.00444713903362322,0.000668267798546358,0.00151232544732271,0.00504785369636327,0.00392900117311715,0.00437581589715525,0.00707122687294465,0.00480125437602116,0.00208717965160762,0.00190850808728292,0.00488315742107321,0.00238050741208197,0.00367701708689915,0.00397600672374158,0.00935484605334409,0.00251950176791374,0.0008739508785885,0.0048359198796948,0.000362422634019567,0.0195628074433708,0.00700102421249531,0.00164853662182568,0.00236248317538836,0.00526574028303528,0.00301201445101115,0.00287580402688205,0.000962052520160427,0.0048474687686812,0.00533159439598717,0.00325457294803242,0.00620191208513994,0.00207432992937206,0.00296507567761115,0.0021095829564628,0.00156305451100355,0.00578069941642807,0.00334349375690141,0.00425769153177878,0.0030607483196375,0.00116006809260261,0.00270962408024103,0.00570058564546276,0.0044906472798469,0.00251582908799101,0.00326974495728301,0.00732631945192129,0.00510006134141619,0.000341207454372212,0.00615306900041736,0.000950649421372772,0.00678445322019378,0.0035941690039036,0.00910060597557453,0.011196288058709,0.00285776512516084,0.00218198376495908,0.00526993628480583,0.00432675202239617,0.0031781946433829,0.00201222513638609,0.00711876917568918,0.00498634345422135,0.00319927167762698,0.00404230541235377,0.000250454888406761,0.000317418863114722,0.000989640472840332,0.00528080121711397,0.0064041028440829,0.0106871960832582,0.0101875631952102,0.0070583809274682,0.00391904775848892,0.00330720743697058,0.000725277779032289,0.00146765136578803,0.00126992912588534,0.00467803240261882,0.00167661937679433,0.00248484987505262,0.00195327624460931
800,0.00393080449826748,0.00125520378904721,0.000615060761743126,0.00317749257619487,0.000579280073407801,0.00577583294297481,0.00175828706946324,0.00423861034997555,0.011727002942113,0.00759493100598171,0.00247141318216786,0.0015586409279907,0.00981449929098177,0.00248432205459701,0.00436330321817267,0.00596668091245605,0.00158212907735358,0.00240963415537239,0.00291602507164377,0.00428093414575106,0.000642490817852755,0.00145530682815975,0.00486140285629026,0.00377101529595818,0.00421215998940335,0.00679628615475606,0.00461363097699381,0.00200546609196835,0.00183770616614252,0.00469618839215834,0.00229181500712366,0.00353642761546301,0.00382277250841566,0.00901234312967765,0.00242304998565748,0.000840183105970318,0.00464115243430285,0.000348813139001926,0.0188215826905202,0.00673129514902505,0.00158662205400408,0.0022709161416792,0.00506278482252983,0.00289936748872129,0.00277355899639082,0.000924633797204784,0.00465731027258935,0.00513531667369674,0.0031328527267481,0.00596632219355467,0.00199439534315403,0.00285254606364609,0.00203180726854323,0.00150356241963016,0.00555073930083014,0.00321027327255757,0.0040955049319175,0.00294820507865597,0.00111819062733399,0.00261097662770254,0.00547983732980157,0.00432464793841099,0.00241618573188124,0.00314947352902378,0.00702646737841225,0.00490521432379382,0.000328388246800194,0.00591943328554591,0.000913717360972202,0.00651609962748083,0.00345582962266877,0.00873932731943613,0.0107573794004771,0.00274553889265099,0.00209867655394118,0.00506897092386428,0.00416023805326465,0.00305639883577522,0.00193579113185776,0.0068499885724324,0.00478961798267931,0.00307820312760136,0.00388604824260921,0.000240318660655062,0.000305493178843653,0.000952606034960218,0.00507412113742877,0.00615784983982744,0.0102922448291326,0.00981460557644481,0.00677347530979688,0.00377157217549135,0.00318253515703398,0.000697552910591409,0.00141095534223484,0.00122279036465368,0.00449657925898139,0.00161195798077036,0.00238977776099657,0.00187758812001667
801,0.00377641101358938,0.00120582560580361,0.000590973453638255,0.00304928611810239,0.000556764806250765,0.00554431328265519,0.00169195827742345,0.00406896295643033,0.0112757422536944,0.00730675667544999,0.00237178904453268,0.00149866904666154,0.00943666335827739,0.00238857611484039,0.00419613764175453,0.00573187942552823,0.00152059128092048,0.00231619887914011,0.00280267165279219,0.00411160758987795,0.000618791713623668,0.0013995669224432,0.00467201410985046,0.0036162145719515,0.00405112953456247,0.00652711604133562,0.00443061079839538,0.00192732711418984,0.0017680044457746,0.00451178241954466,0.00220456091590891,0.00339844097127684,0.00367250173439116,0.00867619500072366,0.0023282342061301,0.00080770827831127,0.00445072636654059,0.000335428826642773,0.0180936750823371,0.00646777766838335,0.00152564880710628,0.00218115965934857,0.00486561629514178,0.00278836551977739,0.00267261307381991,0.000887940335748423,0.00447715984238606,0.00493976661930011,0.00301040746445005,0.00573503608536787,0.00191601579519026,0.0027418569107177,0.00195416086431804,0.0014451414090929,0.00532528098497698,0.0030832736824219,0.00393785303102703,0.00283533372667557,0.00107693032303277,0.00250995490192139,0.00526537815821473,0.00415713604342915,0.00231974795223104,0.0030294302996494,0.00673587498638567,0.00471411891213754,0.000315722263735084,0.0056900028135886,0.000877493553325408,0.00625081308038523,0.00332014624139293,0.00838553042973155,0.0103265994377185,0.00263644697393441,0.00201702455527382,0.00487217354940083,0.00399678272187423,0.00293804480683646,0.00186047299964247,0.00658494741660168,0.00459700405123265,0.00295924621067736,0.00373259759549467,0.000231447643265596,0.000293666009746265,0.000915274091349847,0.00487225934065432,0.00591635952488077,0.00989016003941169,0.00944694933133206,0.00649487287280456,0.00362600027089482,0.00306031691103907,0.000669821288706272,0.00135589910346603,0.00117656468401174,0.00431841854290292,0.00154854831572519,0.002296106972212,0.00180301777929705
802,0.00362494180523998,0.00115770614390252,0.000567446922900216,0.00292425706122199,0.000534655688461023,0.00531920442299873,0.00162681930727651,0.00390496466784169,0.0108292355851812,0.0070277905325539,0.00227446419598737,0.00143978442483535,0.00906805791566487,0.00229444293727565,0.00402718232191947,0.00550266106769981,0.0014602701625691,0.0022247828230241,0.0026916894767032,0.00394176081597981,0.00059651380562941,0.00134515156376358,0.00448139600618059,0.00346469499252401,0.00389277223097913,0.00626372129916795,0.00425213204088999,0.00185213948943756,0.00169945310764121,0.00432978626544023,0.00211863651520308,0.00326333542864262,0.0035252227796163,0.00834643967510948,0.00223511745503218,0.000776299404111593,0.00426558574847497,0.000322277462588172,0.0173792205783292,0.00621066554194897,0.00146559580459055,0.00209322693014236,0.00467344028342587,0.00267929542697191,0.00257303728956695,0.000851953975351275,0.00430564998294936,0.00474537422825742,0.00288811718785393,0.00550812882570512,0.0018392192232979,0.00263304494246881,0.00187687579183297,0.00138780881163794,0.00510436615335693,0.00296197956100646,0.00378406783186911,0.00272235082456181,0.00103629592158144,0.00240716003322907,0.00505729436380901,0.00398963012769865,0.00222641418841251,0.00290974674762763,0.00645659282338903,0.00452681460499124,0.000303161870433151,0.00546385818526653,0.000842015260370862,0.00599113698967928,0.00318712728776883,0.00804048365748375,0.00990408794783778,0.00253011695386789,0.00193694308399392,0.0046795739877793,0.00383637674756442,0.00282273645815171,0.0017861137413451,0.00632419261231514,0.00440852621731996,0.00284243955765908,0.00358200150965714,0.000223511765657277,0.000281957743233842,0.000877999232467699,0.00467516686353151,0.00567970027676802,0.00948438040305417,0.00908393316907367,0.00622259169212845,0.00348246811165375,0.00294062155689122,0.000642321724552421,0.00130228424435447,0.00113107798732167,0.004143947566784,0.00148639713209279,0.00220395711327023,0.00172993516689605
803,0.00347647955327991,0.00111067393602469,0.000544537633840503,0.00280226628469444,0.000512897395786254,0.00510033095183809,0.00156267438340516,0.00374473038649102,0.0103894778391409,0.0067545495626782,0.00217929883700873,0.00138195404718781,0.00870820191450498,0.00220204006866277,0.00385835190868406,0.00527795782265039,0.00140115502704746,0.00213524910002563,0.00258285097245485,0.00377532141277725,0.000574760409610314,0.00129213311324048,0.00429239176891234,0.0033165860091087,0.00373718062263638,0.00600617332333409,0.00407769216761824,0.00177889041046663,0.00163214022884382,0.00415028028989328,0.00203398831067523,0.00313152592978796,0.00338100200975949,0.00802326407742173,0.00214379996019147,0.000745636752678385,0.00408653705386582,0.000309373714295702,0.0166786861846107,0.005960295996515,0.00140649923503817,0.00200714705882442,0.00448512037800112,0.00257260353791506,0.00247495735235705,0.000816656617059207,0.00414082238374856,0.00455301342291006,0.00276740860904063,0.00528577152628317,0.00176406627047079,0.00252618821795688,0.00180038068343109,0.00133160377361977,0.00488806528246953,0.00284559494698144,0.00363333093745724,0.00260993126193422,0.000996306523478026,0.00230384648759681,0.00485571653763969,0.00382445513192313,0.00213599811985907,0.00279093500780483,0.00619012018792774,0.00434339934733776,0.000290631901009125,0.00523984730984291,0.000807337268664962,0.00574035959010441,0.00305681737108413,0.0077053412926396,0.00949008786679853,0.00242601080112727,0.00185835248268493,0.00449121188701442,0.00367909800991734,0.00270999039446143,0.00171248050662426,0.00606849593429239,0.00422417360652922,0.00272785447391535,0.00343434981091064,0.000216029954739581,0.000270411152267327,0.000841314784111515,0.00448253388413174,0.0054480106946555,0.00908086355735237,0.00872496420152905,0.0059567431178218,0.0033411119348948,0.00282357196228785,0.000615369429852383,0.00124983868927286,0.00108612765769122,0.0039737037117692,0.0014255317124808,0.0021135266846991,0.00165882799056859
804,0.00333110693776977,0.00106455751485088,0.000522302050770609,0.0026831746676605,0.000491434603974133,0.00488751745700595,0.00149932773019214,0.00358637501465976,0.00995846391814103,0.00648355075120767,0.00208615316807359,0.00132514489839461,0.00835661430615853,0.00211148505576172,0.00369156105206488,0.00505670167405953,0.00134323517910358,0.00204746082314598,0.0024759285691252,0.00361621696899089,0.000552634841306712,0.00124058393199348,0.0041078446216774,0.00317201707313856,0.00358444725351728,0.00575454350891505,0.00390678864172073,0.00170656707003217,0.00156615388648388,0.00397334485295202,0.0019505628079944,0.00300342741694048,0.00323990579048918,0.00770685513224704,0.00205438194943574,0.000715400593318749,0.00391438675647298,0.000296732249222943,0.0159925389072957,0.00571700625887454,0.00134839528703043,0.00192294915015861,0.00429952016948654,0.00246873618021707,0.00237849897091535,0.000782030161918085,0.00398071873425296,0.00436355812559939,0.00264970844009101,0.00506813529881875,0.00169061757970279,0.00242136479623936,0.00172510417145547,0.00127656544139286,0.0046764488488143,0.00273332387901704,0.00348482395080489,0.00249874992841232,0.000956981229220552,0.00220126873099579,0.00466077527076207,0.00366393599680624,0.00204831342600412,0.00267350721502736,0.00593795637850722,0.00416397108415992,0.000278057189577737,0.00501681809658091,0.000773514364764104,0.00550176911640206,0.00292926110062652,0.00738125762514598,0.00908484213056436,0.00232359048438841,0.00178117309393027,0.00430712689512098,0.0035250243885151,0.00259932322050608,0.00163934044513854,0.00581862915725302,0.00404393534444847,0.00261556226481496,0.00328973232506921,0.000208521137421987,0.000259069009807664,0.000805754072079035,0.00429405058052646,0.00522142937770955,0.00868556713959866,0.00836944954055758,0.00569743849993788,0.00320206797774463,0.00270929099492637,0.000589279616328684,0.0011982903625939,0.00104151107822817,0.00380822435900308,0.0013659793394969,0.00202501418702645,0.00159018395806958
805,0.00318889341899414,0.00101922289409091,0.000500760274847714,0.00256687841494523,0.000470237836826404,0.0046804568714681,0.00143666989637567,0.00342867426066739,0.00953784129349989,0.00621230620133608,0.00199492122952625,0.00126934611826784,0.00801273283667688,0.00202287190614006,0.00352855617307054,0.0048382192975582,0.00128650814744717,0.00196131882129741,0.00237075563508126,0.00346709708419979,0.000529495036954121,0.0011905018408678,0.00392992478106637,0.00303109028130407,0.00343464991570106,0.00550887372609967,0.00373902898192439,0.0016344281053464,0.00150155653902519,0.00379935569687735,0.00186835795598779,0.00287924991889586,0.00310197770227793,0.00739732457875838,0.00196694069859047,0.000685363222577617,0.00374948721925463,0.000284363666658683,0.0153210960676507,0.00548082639918373,0.00129133470265046,0.00184065369732632,0.00411589069960508,0.00236795557423904,0.00228375696516993,0.000748083866081125,0.00382369710772455,0.00417770437351735,0.00253608145286132,0.00485534026563143,0.00161891459535161,0.00231863520109937,0.00165140272892543,0.00122272292685257,0.00446960284985793,0.00262443851245362,0.00333795458402065,0.00238945747379047,0.000918336129252973,0.00210068752653949,0.00447248460414693,0.00350974013638628,0.00196317328837348,0.00255797853036141,0.00570036899693854,0.00398860036800396,0.000265418381735863,0.00479428937642413,0.000740579390001003,0.00527737440754076,0.00280449447863198,0.00706877532049904,0.00868856009964079,0.00222251113998366,0.00170536855449011,0.00412731547230505,0.00337423159818999,0.00249034054766221,0.00156664778690722,0.00557514105142077,0.00386780537378788,0.00250561642275346,0.00314822466769489,0.000200613485079698,0.000247967127998798,0.000771692531254195,0.00410947490391219,0.00500004543808337,0.00830312404315651,0.00801713128801076,0.00544474569406652,0.00306546793825928,0.00259780951443192,0.000564281878608504,0.00114743833513642,0.000997114189496375,0.0036478351743383,0.0013077611989632,0.00193857501683592,0.00152431086533174
806,0.00304985557813341,0.00097468601157081,0.000479786954611755,0.00245341503411083,0.000449381010361078,0.00447831550872296,0.00137493672811597,0.00327304705698581,0.00912786771153888,0.00594230848749334,0.00190563242118101,0.00121463546716534,0.00767567043087378,0.00193620047059572,0.00337041077667773,0.00462341613658292,0.00123100435663474,0.00187687478703611,0.00226740929584589,0.00332549940141682,0.000505717414768805,0.0011415864996113,0.00375811043550552,0.00289379831132571,0.00328780739365167,0.0052690877455081,0.0035744609293014,0.00156281793145005,0.00143830817038097,0.0036298700927807,0.00178757747611519,0.00275838381072198,0.00296717018481482,0.00709448341447433,0.00188146167547206,0.000655665045951258,0.00359037436196239,0.000272262293216546,0.01466407624755,0.00525055786105101,0.00123542643798875,0.00176024674717901,0.00393503281449551,0.00226978751134577,0.00219070259986062,0.000714936406130949,0.00366938111259614,0.003995436663258,0.00242614465830938,0.00464730259145225,0.00154892196723039,0.00221798981522267,0.00157934419156515,0.00117006520405766,0.00426767536693565,0.00251848346931209,0.00319303498559348,0.00228260758856236,0.00088037527380296,0.0020033888259104,0.00429039237842696,0.0033609048580402,0.00188038889686259,0.00244487621975248,0.00547269885825547,0.00381724818166971,0.00025291936900897,0.00457446366703779,0.000708477404813646,0.00506406671939736,0.00268251907912984,0.00676599054639195,0.00830131683270103,0.00212320057487152,0.00163107567783155,0.00395160132753817,0.00322678669477506,0.00238300401385067,0.00149510508339231,0.005337688369036,0.00369579690574642,0.0023979991882332,0.00300984561334178,0.000192372146950825,0.00023711347571668,0.00073887403286571,0.00392883589798592,0.00478375003987778,0.00793286818567368,0.00766909150570857,0.00519855857794379,0.00293142535821226,0.00248879034814048,0.000540263342937627,0.0010973662635036,0.000953177161883977,0.0034920149624599,0.00125087408955976,0.00185419215493435,0.00146079686099908
807,0.00291399677659194,0.000931000286145661,0.000459220375448353,0.00234285735840382,0.000428963888650231,0.00428012802740205,0.00131445039592872,0.00312157314212499,0.00872845348733019,0.00567604530191836,0.00181834998271965,0.00116111286058135,0.00734445880825356,0.00185144706073425,0.00321803013885518,0.00441359232652162,0.00117676245518448,0.00179421812882928,0.00216602761623091,0.00318768357451332,0.000481933013462216,0.00109346302769744,0.00359120676638004,0.00276010648618147,0.00314392371992922,0.00503507981286829,0.00341324228051026,0.00149235240784093,0.00137634314582676,0.00346674069398618,0.00170847653299453,0.00264001455405477,0.00283541289259309,0.00679806745149983,0.00179790739589465,0.000626538496173774,0.00343512999354623,0.000260418387341365,0.01402104834402,0.00502469493144787,0.00118079400263764,0.00168170573498567,0.00375813481140052,0.00217357367565293,0.00209927625093025,0.000682733813757526,0.0035177107410932,0.00381656160626597,0.00231915312716838,0.00444388745161508,0.00148058514651613,0.00211940148602065,0.00150892423577505,0.00111857121260776,0.00407083000234984,0.00241507148828354,0.00305060341310743,0.00217872972339648,0.000843099703044108,0.00191066487793329,0.00411392988415036,0.00321580994247964,0.0017997709434593,0.00233473057536587,0.00524905508079742,0.00364984811552041,0.000240819854404667,0.00436021440776752,0.000677131524416335,0.00485745791207578,0.00256332786909774,0.00647038784606713,0.00792315381296024,0.00202627976366702,0.00155847457159844,0.00377976498198319,0.00308275456935349,0.00227736426362843,0.0014256019664165,0.00510570485784317,0.00352792796864522,0.00229267498878328,0.002874599726312,0.000183971516739203,0.000226509061020264,0.000706884557228488,0.00375223037956974,0.00457238486018046,0.00757280874086904,0.00732674724546309,0.00495872753484234,0.00280004924030646,0.00238180431531572,0.000517025518466491,0.00104822895074476,0.000910028723235217,0.00334003081276103,0.00119530871318111,0.00177180547818439,0.0013990501818934
808,0.0027813203757741,0.000888219136670551,0.000438898822743131,0.00223527822107068,0.00040908623576594,0.00408492908613693,0.00125553307032963,0.00297633225459491,0.008339508935946,0.00541600433685005,0.00173313715382395,0.00110887821401013,0.00701812968832054,0.00176858798816118,0.00307231953557161,0.00421004800276222,0.0011238210916146,0.00171343825514409,0.00206674866104813,0.00304990925736062,0.000458772871745804,0.00104575654459972,0.00342801895507512,0.0026299801288493,0.00300300292709383,0.00480674417390822,0.00325553083220949,0.0014236473940169,0.00131559583063815,0.0033118201538179,0.00163131029124373,0.00252332761053015,0.00270663548010598,0.00650781250193983,0.00171624037567238,0.000598216005979264,0.00328183592295613,0.000248822207477972,0.0133915812540872,0.0048017318973458,0.00112756090618948,0.00160500809601528,0.00358638498756281,0.00207865575127622,0.00200941829432161,0.00065162212065083,0.00336862598544121,0.00364088581398587,0.00221436193017151,0.00424496002145381,0.00141384958438582,0.00202284306090472,0.00144013853795554,0.0010682198921025,0.00387923035840288,0.00231381530805903,0.00291119812414656,0.00207835332896133,0.000806510457150018,0.00182380793143291,0.00394252841186531,0.0030728351704162,0.00172113012015145,0.0022280718893669,0.0050235467829038,0.00348633375991929,0.000229379540930567,0.00415441503795893,0.000646464864023375,0.00465315984567996,0.0024469138155133,0.00617945176276703,0.00755411252363355,0.00193236968098517,0.00148774534343461,0.00361158695680297,0.00294220011300851,0.00217347194155242,0.00135902806780246,0.00487862426558679,0.00336421659080543,0.00218960825193278,0.00274249157090765,0.00017558598814867,0.000216154891968502,0.00067531008465744,0.00357975516548573,0.00436579157607912,0.00722095488246145,0.00699151555908639,0.00472510294803483,0.00267144858724474,0.00227642223522133,0.000494369914345531,0.0010001811999092,0.000867997601394327,0.00319114981463482,0.00114105577172175,0.0016913548634487,0.00133847906483652
809,0.00265183867896366,0.000846412415688643,0.000418709086565165,0.00213073964773337,0.000389823927280299,0.00389219553768427,0.00119840220136035,0.00283866253709818,0.00796082264969987,0.00516412068228575,0.00165004615734977,0.00105799622623627,0.00669606963204489,0.00168760290453789,0.00293369097804455,0.0040136511021887,0.00107220100312494,0.00163460636822136,0.00196972558707825,0.00290958808674425,0.000436728822280965,0.000998212131928689,0.00326760780726535,0.00250338965192984,0.00286505549743788,0.00458398974694474,0.00310146270537107,0.0013571913984249,0.00125602436571795,0.00316610435677201,0.00155628250163797,0.0024077445030883,0.00258079626476644,0.00622351116949647,0.00163643503462974,0.000570864601612543,0.00312907699383355,0.000237466946563833,0.0127753898830279,0.00458060834896981,0.00107581195255639,0.00153013505015365,0.00342058105185401,0.00198456929136014,0.0019210918085284,0.00062169333592777,0.00322207868918293,0.00346840171492018,0.00211120043428694,0.00405042560786785,0.00134867175740078,0.00192831706654769,0.00137298852054711,0.0010189961143639,0.00369291218014895,0.0022143855864368,0.0027752971002852,0.00198178448386649,0.000770610256814142,0.00174350972142334,0.00377543938861452,0.00293079836201542,0.00164430260503959,0.00212521522104328,0.0047921338654316,0.0033266269349818,0.000218775221768285,0.00395910197339782,0.000616419785071892,0.00444780985036215,0.00233326882077359,0.00589133360929672,0.00719423378852577,0.00184187899875086,0.00141900303913372,0.00344689982475026,0.00280516908127014,0.00207140991981027,0.00129598946095498,0.00465599546033911,0.00320476220196364,0.00208877659294602,0.00261355491983546,0.000167351527628057,0.000206054445677819,0.000643851171449448,0.00341148799263429,0.00416384965646654,0.00687604390385646,0.00666453988470361,0.00449756258380756,0.00254572163427478,0.00217235490634787,0.00047212483237357,0.000953351061202257,0.000827337608825669,0.00304481149376012,0.00108810310348324,0.00161279291108845,0.00127861771406755
810,0.00252559975696203,0.000805715710495401,0.00039873197571734,0.00202926043351558,0.000371157284765463,0.00370317301130124,0.00114285635716642,0.0027069357491079,0.00759169632987078,0.00492011901925656,0.00156908514884926,0.00100839072920581,0.00637908456626011,0.00160848482174917,0.00280058341848681,0.00382354076766931,0.00102185128164199,0.00155772084539638,0.00187517191897753,0.00276873963110648,0.000415735873528875,0.000951054719843221,0.00311005662578292,0.00238032582651423,0.00273011771218277,0.00436678414065024,0.00295108731822101,0.00129296352530844,0.00119768199447814,0.00302716211203296,0.00148339125958144,0.0022936309998863,0.00245796821566643,0.00594518322426076,0.00155851340863276,0.000544389683361274,0.00297745018858583,0.00022635753550695,0.0121727731691185,0.00436204508955902,0.00102547712292977,0.00145708295575372,0.0032599583596614,0.00189162532516454,0.0018343506822479,0.000592823378413023,0.00307806810113021,0.00329984500580289,0.00200979519142271,0.00386035004401888,0.00128505224365961,0.00183594474666788,0.00130749859015059,0.00097090848010357,0.00351139978364933,0.00211668465764364,0.00264313721905883,0.00188843577848585,0.000735408544809358,0.00166805992767583,0.00361119478741883,0.00279026949525852,0.00156922652067499,0.00202561469817237,0.00455817935930797,0.00317060237983217,0.000208852050795461,0.00377296353563066,0.00058701563389031,0.00424214713646777,0.00222238052895328,0.00560685177671202,0.00684355579380042,0.0017543671781284,0.00135210245708861,0.00328574436493733,0.00267163068745569,0.00197138998111235,0.00123595798560719,0.00443782779148356,0.00304998983751821,0.00199021037802831,0.0024879403794206,0.000159250392606173,0.000196221075494521,0.000612666677829285,0.00324743027822901,0.00396658973745591,0.00653972557720641,0.00634586920569197,0.00427609374050148,0.0024229235468234,0.00206987304409346,0.000450225744942965,0.000907759573453378,0.000788002896474113,0.00290114512095848,0.00103642709239518,0.00153612311545888,0.00121950420349478
811,0.00240266062245005,0.000766281042074363,0.000379096803685991,0.00193084856591645,0.000353042741293606,0.00351954933037015,0.00108858938541932,0.00257878205428977,0.00723130995497908,0.00468317142655198,0.00149025126704861,0.000959950338155094,0.00606833525926553,0.00153123009173565,0.00267094254436,0.00363842394356833,0.000972703107773907,0.0014827618577781,0.00178331627337109,0.00263053544180378,0.000395589827900655,0.000904629200639253,0.00295570433774943,0.00226078451331627,0.00259823230228216,0.004155109636286,0.0028044324132988,0.00123081552786014,0.00114064573595795,0.00289170545995728,0.00141258324663557,0.0021815889303855,0.00233825296481763,0.00567290522792091,0.00148250943755784,0.000518631245023829,0.00282805552431182,0.000215501839707958,0.0115841760588851,0.00414720822560607,0.00097644769282078,0.00138585195578528,0.00310336167800119,0.00180032875097806,0.00174927150672827,0.000564834144358203,0.00293660532141214,0.00313613720042584,0.00191044704972186,0.00367483929463408,0.00122300264664523,0.001745877024245,0.00124369889940687,0.00092397152225549,0.00333408962771714,0.00202067277501351,0.00251489508199324,0.00179749643113438,0.000700916444428398,0.00159514771615097,0.0034481467177936,0.00265225658758063,0.00149586547572159,0.00192850921565388,0.00432689707797764,0.00301812306334685,0.000199372272063741,0.00359385102264411,0.000558291003029874,0.00403793638439059,0.00211423551954647,0.00532749142563137,0.00650211606621066,0.00166918137759194,0.00128683333384198,0.00312821340806632,0.00254153500932929,0.00187365613579969,0.00117812192307432,0.00422424572873137,0.00290040593428298,0.00189395316112019,0.00236582776439287,0.000151226413256822,0.000186670603822383,0.000582030040003697,0.00308756435956177,0.00377408024696552,0.00621437779435033,0.00603527889174176,0.0040607110994712,0.00230309872286218,0.0019693873430831,0.000428634917094459,0.000863401022648043,0.000749872699904659,0.00276045240333719,0.000986001258794198,0.00146136169441373,0.00116130257444381
812,0.00228307828810854,0.000728260431409066,0.000359932883957457,0.00183551203243512,0.0003354367299369,0.00334301231827332,0.00103529513379053,0.00245183161630952,0.00687884350354513,0.00445244998296153,0.00141354165067404,0.000912563668320502,0.00576498247936048,0.00145583506643797,0.00254271404312573,0.00345700757425009,0.00092468766212883,0.00140970957647543,0.00169438726688408,0.00249814707019262,0.000376086487807427,0.000859280466612727,0.00280488987028646,0.00214476157304975,0.00246944199868971,0.00394894851511328,0.00266152573314392,0.00117059915927263,0.00108499260919662,0.00275644644090146,0.0013438051443618,0.00207222012404721,0.00222175214423172,0.00540675374216511,0.00140845706128137,0.000493429280398584,0.00268199301811033,0.000204907724567492,0.0110100434988541,0.0039372638636036,0.000928614937740617,0.00131644219321807,0.00294963577388959,0.00171118446708938,0.0016659308732177,0.000537547530014927,0.00279770145015786,0.00297819981258089,0.00181345685732739,0.00349399932444068,0.00116253456984058,0.00165826482225876,0.00118161960095686,0.000878199773753652,0.00316037817116547,0.00192631019188034,0.0023907472906142,0.00170815566012705,0.000667145078963996,0.00152246225280933,0.00328464728925421,0.00251776765641688,0.00142418307884336,0.00183313766838756,0.00410350083488532,0.00286905195440227,0.000190098129624769,0.00341961573242482,0.00053028448504183,0.00383694227452434,0.00200882037204725,0.00505473771667323,0.00616995213250969,0.00158566875561566,0.00122298540593649,0.00297439978483937,0.00241483212465507,0.00177845239421334,0.0011216695546716,0.00401537374179372,0.00275651692907176,0.0018000484961622,0.00224739688948204,0.000143223419753808,0.000177418853065181,0.00055221469417943,0.00293187257392448,0.00358638961291364,0.00590237844712726,0.00573254431254326,0.00385142934207132,0.00218629156036275,0.0018713084979418,0.000407314613868795,0.000820269694771732,0.000712826254682302,0.00262303504800351,0.000936799123016911,0.00138852486580676,0.00110417686824021
813,0.00216687245415516,0.000691725519312853,0.000341348989451266,0.00174324287393054,0.000318303081573573,0.0031746233073076,0.000982769083515187,0.00232451230507808,0.0065336663709805,0.00422723375422225,0.00133895484153024,0.000866158038843177,0.00546995478617795,0.00138229770232832,0.00241439522023662,0.00327840516508595,0.00087776194895676,0.0013385400852602,0.0016085092000438,0.00237378312009504,0.000357046432271178,0.000815280743662853,0.00265800117104114,0.00203224501847143,0.00234378568022276,0.00374827763876372,0.00252239358063271,0.0011121500183522,0.00103077917573743,0.00261903821492094,0.00127697305774291,0.0019660229664859,0.00210852517331299,0.00514677954947977,0.00133638188204525,0.000468656345436395,0.00254022807304775,0.000194581319944572,0.0104507430598636,0.00373317052627959,0.000881890903757046,0.00124885507272395,0.00279800090640508,0.00162458973171313,0.0015843930496849,0.000510816968599599,0.00266138086225774,0.00282667213837722,0.00171911606824207,0.00331788825965429,0.0011036526231592,0.00157321976875292,0.00112128118312848,0.000833604407645226,0.00299013912241672,0.00183357313352524,0.00227073790429017,0.0016198726866772,0.00063410509351355,0.00144826641133433,0.00311966650579105,0.00238764571401356,0.00135414703074093,0.00173899425629362,0.00389183971235007,0.00272330478581293,0.000180838276233569,0.00324849034814329,0.000503025570427042,0.00364063237740651,0.00190612503594195,0.00478987163105267,0.00584709321940987,0.00150339272949636,0.00116041955184158,0.00282437955466839,0.00229147447814552,0.00168597431561808,0.00106594382763516,0.00381136075800524,0.00261862233166705,0.00170852979950209,0.00213275911956521,0.000135228145030929,0.000168472719374003,0.00052344516984098,0.00278034038339198,0.00340357381920404,0.00560508385114636,0.00543749629297118,0.00364824869724956,0.00207253366204764,0.00177596044223283,0.000386260730305673,0.000778349744525042,0.000676763537579621,0.00248913632292605,0.000888805136231445,0.00131762426591328,0.00104827156742589
814,0.00205391357095487,0.000656426425918276,0.000323371730819725,0.00165396934470094,0.000301635218306078,0.003012937665428,0.000931213250082882,0.00219844281548721,0.00619590562026161,0.00400722975386133,0.00126649499373587,0.000820815584483378,0.00518325190468558,0.00131062237400503,0.00228668985310926,0.00310335646547559,0.000831986267075114,0.00126921311855582,0.00152538910898621,0.00225580040519537,0.000338389346757362,0.000772611592101924,0.00251562226976273,0.00192319147050987,0.00222128681715349,0.00355305219035035,0.00238705649998878,0.0010552390863598,0.000977980167139807,0.00248089842086676,0.00121188078544715,0.00186308206792855,0.00199846262103612,0.00489293031554404,0.00126627615155349,0.00044431524469804,0.00240318763606065,0.000184521813531765,0.00990633280999932,0.00353505640130335,0.000836270719164181,0.00118309704578307,0.00264917930287514,0.00154051124276786,0.00150467301098085,0.000484622041187786,0.00252772103164729,0.00268106460319343,0.00162767855990766,0.00314637287244431,0.0010463334422372,0.00149069631202744,0.00106266547699774,0.000790183157430098,0.0028251551883306,0.00174250171301779,0.00215438081376042,0.00153318674359176,0.000601805220393123,0.00137311789630078,0.00295464594929471,0.00226207375186156,0.00128574140026166,0.00164659439937417,0.00369030386818826,0.00258100834614549,0.000171586999458676,0.00308023309370546,0.000476507341484842,0.00344928582414956,0.0018061529406859,0.00453335743237123,0.00553353535346026,0.00142278175182144,0.00109928121773371,0.00267816169180422,0.00217142398230657,0.00159622365497355,0.0010109063528847,0.00361245353519405,0.002486193943726,0.00161938993711633,0.00202175202010871,0.000127398933061953,0.00015980339388918,0.000495750369583837,0.00263296574917087,0.00322563907368245,0.00531976401709731,0.00515018747863794,0.00345111158432603,0.00196180544964312,0.00168332006527258,0.000365603681440627,0.000737584801469039,0.000641667490199508,0.00235876573951885,0.000842047472931922,0.00124865320469473,0.000993652919408045
815,0.00194403477640947,0.000622032891187688,0.00030600717814833,0.00156760375240433,0.000285433960042923,0.00285588426950409,0.000880931282546851,0.00207603954867385,0.0058658777312561,0.00379225198235346,0.00119616766448807,0.000776657143906141,0.00490464135118464,0.001240815060598,0.00216085333715126,0.00293300778582573,0.00078744673894316,0.00120168432344859,0.00144462971374946,0.00214159279164351,0.000320059693342299,0.000731181905845506,0.00237838621672599,0.00181754970213659,0.00210196502761777,0.00336322193335654,0.00225553359577257,0.000999621190170062,0.000926549857467234,0.00234438581728887,0.00114829154956412,0.00176337859475528,0.00189141284376839,0.00464512792683526,0.00119812378387559,0.000420441344896781,0.00227116404005315,0.000174726657480022,0.00937679344165906,0.00334284209257954,0.000791770282812723,0.00111917582557765,0.00250426868268957,0.0014588080580981,0.00142677340867705,0.000458973865819842,0.0023968127070233,0.00254060541472543,0.00153938881562564,0.00297927209646852,0.000990546669141313,0.00141060960544633,0.00100574464932767,0.000747930396721335,0.00266768632537616,0.00165315201537471,0.00204105736760692,0.00144890706657599,0.000570253713723442,0.00129814812000633,0.00279164509613082,0.00214106975626295,0.00121895434828958,0.00155670882265182,0.00349591872909061,0.00244234218790466,0.000162384995572003,0.00291498357820116,0.00045071377846418,0.00326288463600968,0.00170891088572666,0.00428545520482704,0.00522926626116912,0.00134448053400091,0.00103978699171611,0.00253573839920748,0.00205464491659251,0.00150915371616315,0.00095667340726084,0.0034189232888117,0.00235849663987444,0.00153261163738859,0.0019141447067262,0.00011993703058064,0.000151373141498354,0.000469110289281241,0.00248974975725073,0.00305257914018006,0.00504266737943994,0.00487072597034042,0.00325994597021395,0.00185407454962639,0.00159327749531569,0.000345507512308151,0.00069790836387991,0.000607541795352435,0.00223187437005728,0.000796565238443962,0.00118160041053411,0.000940367612810174
816,0.00183706920842073,0.000588214655083445,0.000289261401522579,0.00148405840469875,0.000269700126692616,0.00270139199640543,0.000832226829960327,0.00195971890577498,0.00554389918383161,0.00358211444017336,0.00112797841098399,0.000733803555776504,0.00463389064197643,0.00117288174123713,0.00203814106777022,0.00276850543654312,0.000744229487020168,0.0011359093470248,0.0013658337343717,0.00202855414558936,0.000302001934102311,0.00069090057880916,0.00224692606220573,0.00171526848632311,0.00198583992975145,0.00317873663126568,0.00212784397254452,0.0009450511566576,0.000876442520783177,0.00221185916273722,0.00108596857218342,0.0016668937133462,0.00178722419787706,0.00440329426983077,0.00113190869308105,0.000397070012745876,0.00214444961792939,0.000165193303940298,0.00886210564724052,0.0031564482040128,0.000748405493553374,0.00105709912528992,0.00236436676523811,0.0013793392355484,0.00135069689434504,0.000433883560536123,0.00226874663708255,0.00240452278066915,0.0014544913186975,0.00281640486538474,0.000936261945938284,0.00133287480237358,0.000950490866881314,0.000706840499132,0.00251999249002242,0.00156558012561275,0.00193014891441163,0.0013678428913352,0.000539458827625237,0.00122448849474863,0.002632723422665,0.00202465171351978,0.00115377403570874,0.00147010825114915,0.00330570972174785,0.00230748586359516,0.000153272960845464,0.00275288141072019,0.000425628861614006,0.00308141083424306,0.00161440567051179,0.00404642503261824,0.00493427366904469,0.00126913378744482,0.000982153461892018,0.00239710187983876,0.00194110156045763,0.00142471780307027,0.000903361267604197,0.00323104123430971,0.00223479529473822,0.00144817762870255,0.00180970629503132,0.000113043684320753,0.000143144227089166,0.000443504924806433,0.00235069349362112,0.00288438778252808,0.00477004237263407,0.00459921986887549,0.00307467982182655,0.00174930858847468,0.00150572286061684,0.000326136267942736,0.00065925393003384,0.000574390135848871,0.00210841328681675,0.000752397538093188,0.00111645461181443,0.000888462336255782
817,0.00173289454606215,0.000554756834981287,0.000273124990423558,0.00140318721076768,0.000254433108325917,0.00254803657843622,0.000785318804129357,0.00185107457769961,0.00523031487258547,0.00337684062573823,0.00106193082821928,0.000692340912753385,0.00437086695011024,0.0011068294631271,0.00191959062775112,0.00261063954477855,0.00070238985844764,0.00107186226028439,0.00128870192126682,0.00191484779571334,0.000284211966157018,0.000651696331302206,0.00212154584970502,0.00161629777785067,0.00187293051601774,0.00299955105966918,0.00200400418346055,0.000891387858891408,0.000827625402361237,0.00208512623669455,0.0010247604756524,0.00157356533516785,0.00168579008619419,0.00416736511715452,0.00106761657157645,0.000374247397056989,0.00202313195273986,0.000155919988035039,0.00836223262976832,0.00297581186637297,0.000706192455879986,0.000996870255887167,0.00223022370796876,0.00130200088677124,0.00127644987464191,0.000409367327563767,0.00214361215644852,0.00227214504885056,0.00137308497026448,0.00265764649229416,0.000883462147287902,0.00125741931391866,0.000896876622298177,0.000666908786720967,0.00238342984525128,0.00147984585472619,0.00182121694223223,0.00129053533839083,0.000509429236203546,0.0011530551320871,0.0024795159703685,0.0019126991310917,0.00109019358444918,0.00138730907721297,0.00311742548959518,0.00217658136901454,0.000144300973558678,0.00259418090003486,0.000401244509580251,0.00290487284139095,0.00152264080269968,0.00381630553820228,0.00464853664050961,0.00119716932276,0.000926527358445725,0.00226224871991312,0.00183076748960016,0.00134288289011996,0.000851124768009152,0.00304898886999622,0.00211439332809178,0.00136608120404655,0.0017082433254651,0.00010684820783269,0.000135088439856982,0.000418887930062561,0.002215796282434,0.00272105799660666,0.00449917678626656,0.00433575611363708,0.00289524640561539,0.00164751341129098,0.00142057002668732,0.000307608119739177,0.000621582906084271,0.00054221207431762,0.00198835128470358,0.000709571107202086,0.00105320649882102,0.000837979432622733
818,0.00163156663309395,0.000521906057910488,0.000257526611914704,0.00132461048589643,0.000239626575662597,0.00239698116963927,0.000740087167871256,0.00174840941444495,0.00492558335103376,0.00317729202923532,0.000998020662383644,0.000652216323471233,0.00411583607562735,0.00104266954577171,0.00180536834938843,0.00245877550465907,0.000661860099096008,0.00100959082988179,0.00121332714635169,0.00180171492081785,0.000266891426799239,0.00061357718920897,0.00200123359564016,0.00152059225873936,0.00176325327618925,0.00282564004259061,0.0018840205760585,0.00083890635471797,0.000780117632315528,0.00196379090237466,0.000964857483349315,0.00148315835203242,0.001587184097411,0.00393733178601692,0.00100524022511658,0.000352062775035388,0.00190647962812051,0.000146908076772681,0.00787706763477477,0.00280093631789054,0.000665148096859009,0.000938474919476832,0.00210119942056242,0.00122683733865091,0.00120405377656711,0.000385461705877039,0.00202149294345148,0.0021432011276159,0.00129468634282681,0.00250309780807154,0.00083218307822216,0.00118421958217282,0.000844875711723678,0.000628134375330328,0.0022557393800961,0.00139602391761955,0.00171454349702931,0.00121645306752903,0.000480175293500648,0.00108390294062818,0.00233196004113497,0.00180453760106876,0.00102822596062495,0.00130781036248691,0.00293170754304582,0.00204962047313175,0.000135556640022101,0.00243959515364741,0.000377584394596769,0.0027333846851348,0.00143360662279191,0.00359424949707381,0.00437199958664398,0.00112814734734053,0.00087277597988584,0.00213119303866337,0.00172365346469401,0.00126367063390394,0.000800272971585174,0.00287258882560568,0.00199674834030407,0.00128635791482767,0.00160971203777808,0.000101192181933396,0.000127215666228058,0.000395107591072417,0.00208505040049092,0.00256257970649168,0.00423151583043252,0.00408033699840743,0.00272160018618548,0.00154884773768151,0.00133782780806513,0.000289857744533476,0.000584968329693667,0.000510990692660811,0.00187172804914794,0.000668063201080593,0.00099185460944857,0.000788943861806339
819,0.00153318585444806,0.000490024328313712,0.000242379452455043,0.00124789014689577,0.000225272769584675,0.00225003577949199,0.000696327146756153,0.00164920355578029,0.00463019158742227,0.00298453963879435,0.000936241697465277,0.000613342150558378,0.00386916347531707,0.000980414376749595,0.001695422752354,0.00231192252705578,0.000622541679517939,0.00094916124638508,0.00113990031191893,0.00169116616223579,0.000250293388365095,0.000576571004807537,0.00188464830965574,0.001428107792819,0.00165682407436589,0.00265698341616159,0.00176789694647166,0.000787985748178142,0.000733951311970293,0.00184690604392412,0.000906535218910195,0.00139539440083852,0.00149152486668347,0.00371319947977496,0.000944774237793289,0.000330616205984743,0.00179355647785367,0.000138159720133155,0.00740648641841911,0.00263184132366119,0.000625289549200044,0.000881894415951416,0.00197630625075821,0.00115392997187969,0.00113353378220565,0.000362208318636989,0.0019024712623484,0.00201752006544145,0.00121866642672444,0.00235291602303507,0.000782473776366105,0.00111326430697278,0.000794462257179712,0.000590517329247985,0.00213375829010309,0.00131419275517492,0.00161059076423921,0.00114479662335211,0.000451707773543132,0.00101687152824007,0.00218956850196371,0.00169935423669863,0.000967889091396098,0.00123085683593884,0.0027499206092575,0.00192655738820858,0.000127136948553893,0.0022899519787426,0.000354680127294396,0.0025670867944411,0.00134729017950089,0.00337918822298678,0.00410459825544229,0.00106141116777727,0.000820696766802046,0.00200395333857677,0.00161977954265702,0.00118711636155559,0.000751153498695504,0.00270157401372917,0.00188135647689267,0.00120905387705764,0.00151410609654818,9.58452542564545e-05,0.000119545316936373,0.000371985851888698,0.00195844636275584,0.002408942068308,0.00396954407035408,0.00383294365556588,0.00255370092768015,0.00145350850587831,0.0012575287565449,0.000272773945521933,0.00054951114640175,0.000480704952598906,0.00175860098821094,0.000627838705035514,0.000932399443494089,0.000741376237956272
820,0.00143785259505642,0.000459473650633619,0.0002275966985036,0.00117258811057645,0.000211363930974175,0.00210901041747184,0.000653833966354178,0.0015509371414749,0.00434462654999675,0.00279965444254507,0.000876587717452387,0.000575630756643149,0.00363121460596869,0.000920076343639345,0.00158970235631969,0.00216908982283977,0.000584336070266096,0.000890639700362326,0.00106861232026118,0.00158521216130007,0.000234670923190706,0.000540705630375987,0.00177044900139637,0.0013388002439194,0.0015536587746476,0.00249356101651372,0.00165563709083335,0.000739005143312781,0.000689158542649776,0.00173352454548951,0.000850069305971049,0.00130999511848477,0.00139893102916758,0.00349497340178566,0.000886213193698435,0.000310007749208725,0.00168342633572168,0.000129677068096391,0.00695036473686056,0.00246854664878059,0.000586633945612693,0.000827110045203416,0.00185455654629526,0.00108336016714982,0.00106491507364258,0.000339648789004665,0.00178662937739623,0.00189493091080349,0.00114439621229735,0.0022072583475029,0.000734383279344783,0.00104454218815526,0.000745610380688173,0.000554057712761837,0.00201432377081848,0.00123443080827439,0.00150982092929823,0.00107476655046238,0.000424037450357589,0.000951800502790988,0.002051854219854,0.00159633615122896,0.00090920090392268,0.00115569322653661,0.00257342941538794,0.00180734632650682,0.000119138887472215,0.00214607918250517,0.000332563318303967,0.00240611959827636,0.00126367852153901,0.00317005302969515,0.003846268394899,0.000996304090661083,0.000770087159784023,0.00188054812214056,0.00151916578040704,0.0011132554002083,0.000704113969703383,0.00253567734695773,0.00176771388337515,0.00113421520674821,0.0014214191663533,9.05770724354487e-05,0.000112096802715907,0.000349344656564104,0.0018359746841927,0.00226013423818045,0.0037157460712534,0.00359355721749175,0.00239150839424276,0.00136169265411339,0.00117970542392127,0.000256245525900851,0.000515312301748241,0.000451333815852364,0.00164902750995371,0.00058886250437365,0.000874841500754602,0.000695297175222203
821,0.00134564681194033,0.000430499328438193,0.000213117210457903,0.00109841355356615,0.000197893964881096,0.00197518622020293,0.000612452943753367,0.00145189837814697,0.00406921695111117,0.00262328607569997,0.000819051520241119,0.000539016794689373,0.00340215276313429,0.000861663239923924,0.00148808936421664,0.00202957680611335,0.000547177691461564,0.000834070717874571,0.000999636322677399,0.00148528404111424,0.000220176481685774,0.000506003490626442,0.00165768062964455,0.00125262582020982,0.00145377203436304,0.00233535365891869,0.0015472428189639,0.000692216559548511,0.000645764173548775,0.00162290487852819,0.0007956825900577,0.00122676564010371,0.00130948680770052,0.00328266403308805,0.00082955171679984,0.000290300457363,0.00157540330991093,0.000121461807900232,0.00650859600912288,0.00231105789609599,0.000549198768341171,0.000774106170620294,0.00173526413266281,0.00101517386466521,0.000998223234207093,0.000317817382550171,0.00167404638230646,0.00177533140858247,0.00107143327107554,0.00206625288923249,0.000687936333707779,0.000978042371107682,0.000698303930685119,0.000518755585234258,0.0018949699705125,0.00115681347025492,0.00141261340556937,0.00100581327454652,0.000397174838718769,0.000888633882381542,0.00191843395398961,0.00149493873581376,0.000852179990062583,0.00108180103345404,0.00240344271541472,0.00169195066337815,0.000111626023639054,0.00200855345080545,0.000311253151007892,0.00225056882990085,0.00118276030797676,0.00296606166356108,0.00359694343261992,0.000932374143573025,0.000720805249731099,0.00176099481613068,0.00142183025153552,0.00104210342869528,0.000659385968267138,0.00237468987692559,0.00165553827190871,0.00106187813335394,0.00133164387986744,8.5210346372109e-05,0.000104886462815265,0.000327066147803697,0.00171762447552085,0.00211614251073641,0.0034720607975376,0.00336215980961183,0.00223498232228276,0.00127354972955885,0.00110438403944612,0.000240177946016739,0.000482436969601854,0.000422861906410939,0.00154305056817151,0.000551108671940595,0.000819173476605493,0.000650719626288789
822,0.00125656675047874,0.000402879861796712,0.000198982544469496,0.0010256646917601,0.000184863433027347,0.00184772883289619,0.000572229762113386,0.00135360773981038,0.00380365847955216,0.00245439876180255,0.00076362195935938,0.000503524079002848,0.00318133259741712,0.000805164482703696,0.00139020071201321,0.00189384370390355,0.000511132761499096,0.000779412166954749,0.00093307446649196,0.00139049485186439,0.000206560026554333,0.000472465300007177,0.0015469319497345,0.00116954210721729,0.00135717368375572,0.00218234607520851,0.00144270799543175,0.000647363677855024,0.000603764045344315,0.00151512786374059,0.000743386804255211,0.00114584509376365,0.00122313877584424,0.00307630296544941,0.000774784590569198,0.000271409356511227,0.00146980260622402,0.000113513775814164,0.00608114430568789,0.00215932401946094,0.000513002897768147,0.000722879409569363,0.0016189487463506,0.000949275242676356,0.000933485452205188,0.00029671893447984,0.00156478868860867,0.00165889408927538,0.0010000814993492,0.00192991134573839,0.000643060521702834,0.000913755783420394,0.000652565661263253,0.000484610986325518,0.00177601884835147,0.00108140394427301,0.00131901651812226,0.000938386745628784,0.000371129416394066,0.000827733326042021,0.00178934003229237,0.00139569049323253,0.000796847600465037,0.00100960883668893,0.00224054537059492,0.00158037042653386,0.000104528238091697,0.00187694698425603,0.000290719099794879,0.00210030143974997,0.00110453063931694,0.00276757760137959,0.00335654751465609,0.000869988238054818,0.000672951728781182,0.00164530654447768,0.00132778309632843,0.000973597532649038,0.000616736931225446,0.00221863521143957,0.001545433621209,0.000992039340100672,0.00124476874214885,7.97800350407567e-05,9.79183505415594e-05,0.000305273262921988,0.00160337923048125,0.00197694173461353,0.00323824481035372,0.00313873752954289,0.00208408233727407,0.0011890397151471,0.0010315655422003,0.000224543294816929,0.000450807237147268,0.000395296497341562,0.00144065529959634,0.000514588030737103,0.000765356848735596,0.000607625897980617
823,0.00117059022813994,0.000376277049903776,0.000185259930628425,0.000954787000870414,0.000172274561302815,0.00172527502790923,0.000533260196111808,0.00125839376732789,0.00354748856821457,0.00229153537147907,0.00071028690224302,0.000469198714224872,0.00296790659818322,0.000750564894983381,0.00129558701893705,0.00176264094646862,0.000476300448341866,0.000726600251128769,0.000869011148035578,0.00129937812550721,0.000193470898573999,0.000440086345400506,0.00143917766613833,0.00108950703480832,0.00126387234629792,0.00203452397635528,0.00134202449849234,0.000604063094587778,0.000563146746583976,0.00141047990913791,0.000693140903538452,0.00106745610576681,0.00113979909484189,0.00287592706831902,0.000721906638354173,0.000253212466069061,0.00136718970486763,0.000105832345365588,0.00566799135990191,0.00201327981048056,0.000478065563810904,0.000673429442912899,0.00150643160159849,0.000885533038945386,0.000870729317187038,0.000276350922409057,0.00145891953728694,0.00154586017978338,0.000930831374598556,0.00179821631197447,0.000599659134502226,0.000851673798234457,0.000608428052929438,0.000451623950770361,0.00165848931622571,0.00100826238594,0.0012289958199532,0.000873186794817777,0.000345910401899035,0.000769564903035125,0.00166470867486858,0.0012993882041711,0.000743225650477108,0.000939781986445035,0.00208516626900548,0.00147261480677515,9.77419904112582e-05,0.00175058086215507,0.00027091821180521,0.00195512968255291,0.00102898622642043,0.00257525075255393,0.00312500246666989,0.000809718006638361,0.000626687939381827,0.0015334953554008,0.00123703247174534,0.000907655149401941,0.000575818258712069,0.00206759509734964,0.00143822547663132,0.000924685623657057,0.00116078122635187,7.43741596838608e-05,9.1193447716528e-05,0.000284149137885852,0.00149322103857024,0.00184250389695197,0.00301350907003377,0.00292327746794918,0.00193876803695674,0.00110807520275063,0.000961244548721922,0.000209330318398958,0.000420309419898156,0.000368650523980454,0.00134181238669434,0.000479320591302718,0.000713345290412109,0.00056599063565726
824,0.00108769506239227,0.000350352691953986,0.000172016599024737,0.000886225956609229,0.00016012957559739,0.00160646157759965,0.000495640020426206,0.0011685850015623,0.00330024464999321,0.0021332387753558,0.000659034216327885,0.000436086804996739,0.00276102725479863,0.000697849299767697,0.00120379890421581,0.00163671896406681,0.000442779919953046,0.000675571173922537,0.000807530763638971,0.00121046739399944,0.000180558438522387,0.000408861913688741,0.00133539248332819,0.0010124785328494,0.00117387664546187,0.00189187307333107,0.00124518420640116,0.000561931406102231,0.000523900865815337,0.00130924742273135,0.000644903842882296,0.000991821302415446,0.00105937992593662,0.0026815732111462,0.00067091268350243,0.000235587805452157,0.00126813008604844,9.84168900819012e-05,0.0052691189051113,0.00187286006075997,0.000444405996386726,0.000625755951513181,0.00139853391264636,0.000823815991234439,0.000809982418702823,0.000256710823953211,0.00135650216932538,0.00143647090700764,0.000864173374303845,0.00167115038289457,0.000557635463278236,0.000791787788690934,0.000565923586190539,0.000419794513303532,0.00154340028602557,0.000937448950867261,0.0011425168640585,0.000810913253222118,0.000321527013749232,0.000714594682623558,0.00154467610182456,0.00120682864931535,0.000691336055445863,0.000872985832926121,0.00193773429872336,0.00136869299490319,9.1163740178849e-05,0.00162877616380075,0.000251807534179168,0.00181486581303884,0.000956123780148099,0.00238973102648733,0.00290223011432369,0.000752135081855554,0.000582175223980587,0.00142557329711926,0.00114958653474583,0.000844193716286334,0.000536281350860771,0.00192165128150578,0.00133473938353095,0.000859803780691753,0.00107966880563083,6.90807415438902e-05,8.47127361619089e-05,0.000263876908662163,0.00138713198928419,0.00171280098489191,0.00279706453690975,0.00271576671549495,0.00179899901907079,0.00103056878424193,0.000893415675549072,0.000194527762860364,0.00039082983336819,0.000342936921663838,0.00124649251193164,0.000445326364176983,0.00066309247490223,0.000525788484678289
825,0.00100786696787006,0.00032486667070809,0.000159306256706325,0.000820344368859079,0.000148428605657449,0.00149026018197129,0.000459447715873594,0.00108576836458034,0.00306153078750234,0.00197844718389302,0.000609851894018752,0.000404225227830328,0.00256009558478432,0.000647008919026931,0.00111457048933792,0.00151660541158883,0.000410638369842709,0.000626282222785123,0.000748673122013008,0.00112271541932132,0.000167567564851621,0.000378788913531465,0.00123632432633869,0.000938417393587775,0.0010871962413833,0.00175438243801814,0.00115217842431743,0.000520705125974792,0.000486019334511051,0.00121174053409663,0.000598613213051366,0.000919116655195175,0.000981817159230137,0.00249328442643371,0.000621798360217969,0.000218447355539994,0.00117310257898193,9.12670017015829e-05,0.0048845178447989,0.00173793888821717,0.000412035240595793,0.000579858959338197,0.00129583238572486,0.000764034782306852,0.000751272179239628,0.000237797434558964,0.00125759750352207,0.00133092653225529,0.000800477119143939,0.00154870255474243,0.000516923838825853,0.000734090818862158,0.000525064018773271,0.000389123152950392,0.0014316280756919,0.000869021465491576,0.00105951434662791,0.000752047515890044,0.000297988692177661,0.000663085026027154,0.00142935127970814,0.00111859189161545,0.000641201267814214,0.000809679474321834,0.00179835139119842,0.00126861201672525,8.47130549643556e-05,0.00151099142702733,0.000233354641928096,0.00167946288165832,0.000885941931261802,0.00221156545996663,0.00268815500137534,0.000697628725179814,0.000539527469326092,0.00132155167604055,0.00106544665092502,0.000783125200334263,0.00049785279648391,0.00178088797345525,0.00123562585449254,0.000797376271361377,0.00100142337952481,6.39703786731243e-05,7.84776534982891e-05,0.000244587573858838,0.00128509503981505,0.00158781226705424,0.00258836464569183,0.00251618946520916,0.00166473612738139,0.000956405213975717,0.000828075062537214,0.000180138779999816,0.000362283335208901,0.000318158686664508,0.00115468678802297,0.000412619863322632,0.000614568893251605,0.000487014700085264
826,0.000931123247871686,0.000299971203191432,0.000147128518552482,0.00075717438418415,0.000137163396655341,0.00137698225161284,0.000424692587828756,0.00100856430326446,0.00283121756223403,0.0018276801668871,0.000562728427596112,0.000373613946719857,0.00236550671828095,0.000598060570593646,0.00102836990483488,0.00140193684245537,0.00037981509370853,0.000578775020858241,0.000692299681389158,0.00103675188354722,0.000154625506711851,0.00034987074069733,0.00114181400245446,0.000867295858793815,0.00100384494085184,0.00162205458593932,0.00106299616501541,0.000480600436665655,0.000449512455844048,0.00111836425906742,0.000554121147969305,0.000849331516325203,0.000907141600258326,0.00231112839889825,0.000574562546130137,0.000201838943067348,0.00108223940891887,8.43831448074293e-05,0.00451421576299355,0.00160814771602157,0.000380931602269884,0.000535739862778797,0.00119792569502783,0.000706267874930761,0.000694625353032169,0.00021961482099809,0.00116225716993109,0.00122926345445741,0.000739628802592289,0.0014308874289213,0.000477582750430917,0.00067858271654555,0.000485778217283746,0.000359612125898782,0.00132347862736766,0.000803028439551373,0.000979799536625012,0.000696197233628256,0.000275305764287122,0.000614483462294277,0.00131873416083332,0.001034391123079,0.000592845888408463,0.000749497000765336,0.00166581165137227,0.00117237023807288,7.84019342927544e-05,0.00139723502381341,0.000215569221547591,0.00154943712174741,0.000818446990127241,0.00204088959931299,0.00248271254396466,0.000645858713850637,0.000498668739371272,0.00122143883132508,0.00098458702042016,0.000724339687376551,0.000460559939108229,0.00164539923353445,0.00114083527101825,0.000737368209774387,0.00092605455311194,5.90439763630827e-05,7.24914605416521e-05,0.000226203582647967,0.00118709661813717,0.00146754613798266,0.00238783272860274,0.00232451831957972,0.00153594518975422,0.000885357896235557,0.000765224942811257,0.00016622414442051,0.000334698951623262,0.000294279059001546,0.0010664680486773,0.000381193616395143,0.000567812307619668,0.000449746975647693
827,0.00085748910286157,0.000275916589995502,0.000135469476400345,0.000696665483319035,0.000126323597619905,0.00126727412475924,0.000391366647805917,0.000934851645701082,0.00260924218539975,0.00168185263396844,0.000517652434309383,0.000344243697530127,0.00217790431358413,0.000551027471265977,0.000945848783498975,0.00129212703471956,0.000350217412795081,0.000533112275206764,0.000638227312379045,0.000953625698775035,0.000141955070927734,0.00032211241273226,0.00105147553952262,0.000799089032618643,0.0009238375873206,0.00149489539352763,0.000977625868173146,0.000441953437855966,0.000414394875912331,0.00102954733504192,0.000511258417349506,0.000782408583208127,0.000835407783415634,0.00213517897630997,0.000529204929724618,0.00018584435623282,0.000995586150118812,7.77660021933163e-05,0.00415824941386063,0.00148305729365546,0.000351065202423674,0.000493400401331546,0.00110416800673991,0.000650635676875501,0.000640068527252072,0.000202168367873635,0.00107053047642052,0.00113147710695105,0.000681393761320985,0.00131772600812431,0.000439701727001977,0.000625265000469799,0.000447974325547926,0.00033126413262716,0.00121911528924634,0.000739516053610499,0.00090315284620686,0.000642751621183075,0.000253488778897866,0.000568033812430426,0.00121279744395557,0.000953722817977926,0.000546295055150759,0.000691866250375667,0.00153858222755943,0.00107996385978373,7.22654856777948e-05,0.00128765278467369,0.000198471487404311,0.00142544556236353,0.000753647187011084,0.0018777361182312,0.00228584087632697,0.000596302454049039,0.000459475642370131,0.00112524236032156,0.000906975052004045,0.000667721792943718,0.000424505310939063,0.00151528158477706,0.0010501429818396,0.000679740373527201,0.000853576357855114,5.42850167150955e-05,6.67578739068303e-05,0.00020859524684268,0.0010931240199205,0.00135201827370155,0.00219613459224337,0.00214072298345927,0.00141259328008007,0.00081717239778725,0.000704869072813472,0.000152859036426774,0.000308134250952105,0.000271251339630606,0.000981929557852166,0.000351034654473186,0.000522877297944305,0.00041408361481707
828,0.000786989733304115,0.000252953131711791,0.000124315222087053,0.000638767146998332,0.000115898857579979,0.00116178213964539,0.000359461907319301,0.000862509219976602,0.002395541868211,0.00154187949476745,0.000474612531407982,0.000316105216125939,0.00199793202898945,0.000505932837842056,0.000867658758122475,0.00118658976643458,0.000321752648346939,0.000489356692895568,0.000586272885594291,0.000874385777102671,0.000129779064323927,0.000295518947182175,0.000964922965390293,0.000733772019213385,0.00084718902424268,0.00137291073721606,0.000896055973468677,0.000405100229226867,0.000380681240813902,0.00094571849941831,0.000469855790905366,0.000718290553246543,0.000766670243096507,0.00196551000643904,0.000485725199487095,0.00017054538323501,0.000913188376841338,7.14162566531198e-05,0.00381665555156548,0.00136223837060112,0.000322406162071839,0.000452842314493005,0.00101391348704575,0.00059725859591041,0.000587628289070961,0.000185463459788648,0.000982466730858431,0.00103756292307327,0.000625537332002123,0.00120923929504459,0.000403370297447582,0.000574139189363597,0.000411560487391772,0.000304081873613984,0.00111870140952142,0.0006785304882328,0.000829354687530494,0.000591099893300821,0.000232548284830143,0.0005229798974411,0.00111151382783041,0.000876083450584155,0.00050157390596325,0.000636215061271868,0.00141513026807443,0.000991389082695424,6.63388166332259e-05,0.00118239054012287,0.000182081653864912,0.00130814523256413,0.000691550752180001,0.00172213769042601,0.00209747813269758,0.000548437351956034,0.000421824786576675,0.00103296986037865,0.000832578154449467,0.000613156132566284,0.000389791444181751,0.00139063155021675,0.000963324335688109,0.00062445354021624,0.000784002825217218,4.96769818304927e-05,6.1280610208656e-05,0.000191632878256111,0.00100316454083498,0.00124124435023534,0.00201393604321459,0.00196477316170045,0.00129464747224973,0.000751594285396593,0.000647011208986129,0.000140118636322933,0.000282646801536261,0.000249028829507341,0.000901164579505115,0.000322130008635427,0.000479818444163397,0.000380122921044891
829,0.00071963871495762,0.000231265281844509,0.000113655151990808,0.000583439471403838,0.000105884574441144,0.00106104977404696,0.000328965010651798,0.000790049462313823,0.00219014443410113,0.00140849602135219,0.000433595622954797,0.000289188373261324,0.00182609443453753,0.00046279395505485,0.000794219976277854,0.00108490200302896,0.000294357008297977,0.000447554288760062,0.00053629985752396,0.000799794418758133,0.000118276170038364,0.000270094315950415,0.000881856115856558,0.000671321267134632,0.000773912465529166,0.00125610587633376,0.000818273247023239,0.0003702836686216,0.000348384137058592,0.000867076763987231,0.000429803393961865,0.000656936237956152,0.000700969627163486,0.00180220291578549,0.000444123902699139,0.000156001836863892,0.0008350268020795,6.53346810291299e-05,0.00348949494515055,0.00124542238353941,0.000294931395233482,0.000414065215442475,0.000926703235257706,0.000546232801842042,0.000537332515162492,0.000169505992773225,0.000898111090142396,0.000947556553981668,0.000571880226878754,0.00110544805420141,0.000368660723301199,0.000525206673853422,0.00037647543384686,0.000278068062401408,0.00102238744795706,0.000620113910668534,0.000758260807339297,0.000540808917465707,0.000212494016470813,0.000478761960229747,0.00101485998306787,0.000801106995182525,0.00045870658255309,0.000582137685317927,0.00129437037244621,0.000906642145906006,6.06502233391717e-05,0.00108155049077589,0.000166415602612086,0.00119791235360588,0.00063216453894359,0.00157406056688515,0.00191756486667092,0.000501893592461762,0.000385629755290062,0.000944632289802933,0.000761369755167695,0.000560573342857461,0.000356500508074916,0.00127151857903579,0.00088020210572869,0.000571476587331336,0.000717346965471204,4.52154505741688e-05,5.60608266874123e-05,0.000175222509728026,0.00091720339556063,0.00113523751909308,0.00184161753543646,0.00179663899992539,0.00118207584925373,0.000688428901365384,0.000591654579242803,0.000128057236028983,0.000258284858003164,0.000227587468351324,0.000824223546567116,0.000294470291517584,0.000438677470100454,0.000347922020650154
830,0.000655403124755954,0.000210774105548741,0.000103491880654062,0.000530685014506157,9.62991416159396e-05,0.000965209063902494,0.000299841133160951,0.000718519241481127,0.00199344015539097,0.0012817189355414,0.000394581760266596,0.000263479579247228,0.00166233974724911,0.00042160437937666,0.000725026644658357,0.00098729345943286,0.000268082247339262,0.000407684308717791,0.000488358028166894,0.000729467476489847,0.000107448576462091,0.000245838308369993,0.000802318058528323,0.000611718602560818,0.000704014606923057,0.00114448360179446,0.000744257760730866,0.00033737364653178,0.000317507912803552,0.000792902238109116,0.000391228774290331,0.00059836890530507,0.000638291037351494,0.00164536944576879,0.000404405021825871,0.000142185628274944,0.000760822693760288,5.95224083572936e-05,0.00317692442316657,0.00113298351794551,0.00026864498794541,0.0003770602120902,0.000842826083199024,0.000497557512625826,0.000489214240208442,0.000154303908565648,0.000817492107287976,0.000861654522116081,0.000520464660477761,0.00100637209741841,0.000335576196595953,0.000478468332156913,0.000342780244767217,0.000253225464786378,0.000930272310600006,0.000564292434913593,0.000690028290722009,0.000492156172113515,0.000193332450473185,0.000435605931291623,0.000922828467696187,0.000728977426109509,0.000417713241767449,0.000529894029357611,0.00117700694506135,0.000825719441555153,5.52007566412538e-05,0.000985060317648625,0.000151471884592652,0.00109399991554251,0.000575489892783163,0.0014332053077281,0.00174605130927799,0.000456912475292864,0.000350952031990059,0.00086025405073261,0.000693347356123905,0.000510088144761241,0.000324633219990332,0.0011579038250107,0.000800788762859815,0.000520810791935978,0.000653617704130281,4.09443888652771e-05,5.10894430851835e-05,0.000159413058204741,0.000835217474817692,0.00103400083372255,0.00167841811210575,0.0016362924068343,0.00107485053048151,0.000627720690139434,0.00053880029738228,0.00011664557392758,0.000235059420126652,0.000206993750937808,0.000750985567862851,0.000268060441983563,0.000399444675121482,0.000317373331421877
831,0.000594238414926883,0.000191334820892289,9.38313271603308e-05,0.000480516949723099,8.71667013936462e-05,0.000874289184691294,0.000272050082972969,0.000649599034383289,0.0018059099166232,0.00116138532159147,0.000357549281473612,0.000238964379283826,0.00150647709588995,0.000382351735214623,0.000659341484737423,0.000894157037951827,0.000243009006851163,0.000369709306456838,0.000442543783399374,0.000662734191176346,9.72543482994304e-05,0.000222749668131339,0.000726437668964454,0.00055494719607584,0.000637500514625329,0.00103804608740804,0.000673987912928791,0.000306146811611122,0.000288054856617761,0.000722245305536846,0.000354318835273676,0.000542627937374514,0.000578605688863553,0.00149512891653827,0.000366573398128301,0.000129046693215019,0.000690232458544176,5.39806617219721e-05,0.00287912482904135,0.00102545664649315,0.000243557819248856,0.000341816286029162,0.000762757795820678,0.00045120770825441,0.000443307788392618,0.000139865660331245,0.000740634184340226,0.000780093567736888,0.000471388222896988,0.000912030998345367,0.000304102641989886,0.000433924914389494,0.000310566587212481,0.000229556859629535,0.000842442015067706,0.000511088161650284,0.000624889557353712,0.000445596788417917,0.000175069249057179,0.000393934163019931,0.000835415811598105,0.000660016217714484,0.000378613044238502,0.000479910413979632,0.00106419184152083,0.000748617400042951,4.99846560514687e-05,0.000892804071857175,0.000137244718069464,0.000995380100626993,0.000521526782222962,0.00129920605035727,0.00158289011090888,0.000413888078885102,0.000317890075201588,0.000779862906263775,0.000628514477921751,0.000461861280304309,0.000294169934333059,0.00104972136806658,0.000725144202413345,0.000472465530987071,0.000592822945517723,3.69198593865353e-05,4.63548197695049e-05,0.000144289161659204,0.000757181588336469,0.000937534823056195,0.00152329146373839,0.00148370573189693,0.00097294464442223,0.000569573871700552,0.000488448948674652,0.000105833500017048,0.000212972173967168,0.000187336810805963,0.000681286921190431,0.000242908980454322,0.000362097502478113,0.00028832809401658
832,0.000536100037698168,0.000172802645942958,8.46794105931284e-05,0.000432948450472472,7.85113960635442e-05,0.000788319311892647,0.000245551668214061,0.000584969317925087,0.00162803460234052,0.0010473322637588,0.000322476524706084,0.000215628318571292,0.0013583156092258,0.000345023646975874,0.000596427217988488,0.000805885640891406,0.000219217928214047,0.000333591835665284,0.000398953509097685,0.000598923803696161,8.76515502547037e-05,0.000200827138924885,0.000654343822723817,0.000500990218263594,0.00057437525483696,0.000936795506984378,0.00060744210195425,0.000276379812513337,0.000260027257070196,0.000654156350023306,0.000319260480294814,0.000489752716245704,0.000521884796902683,0.0013516006482433,0.000330633872867438,0.000116534967430967,0.000622912503091639,4.87106642075266e-05,0.00259627700620271,0.000923376641856072,0.000219680768185055,0.000308322418852339,0.00068697413807364,0.000407158368720442,0.000399647483898828,0.000126199701235347,0.000667561723344203,0.000703110431104474,0.000424748504234277,0.000822444330632064,0.000274225984141042,0.000391577170666592,0.000279926128242292,0.00020706502579152,0.000758982578977585,0.000460523191560908,0.000563077026909487,0.000401585897552587,0.000157710074442714,0.000354169007807877,0.000752618544656389,0.00059454484434683,0.000341425150598422,0.000432613159772703,0.000957076917425631,0.000675332451769483,4.49961610818126e-05,0.000804665804517655,0.000123728321305374,0.000901025091112288,0.000470275175787227,0.00117169693217511,0.0014280339219537,0.000373214481674241,0.00028654234344957,0.000703486619492524,0.000566874641164885,0.000416053491513351,0.000265091005508158,0.000946905288128538,0.00065332831972114,0.000426450181441517,0.000534970593956804,3.31979248206613e-05,4.18453171079113e-05,0.000129935458064366,0.000683070545847263,0.000845840016026453,0.00137519128085031,0.00133885132458299,0.000876331319565042,0.000514092666030551,0.000440601118390011,9.55708642957131e-05,0.00019202480558515,0.00016870578149496,0.000614963884347967,0.000219024427350816,0.000326613395421976,0.000260637549090784
833,0.000480952091921923,0.000155070048609756,7.60369970891374e-05,0.000387986612454914,7.0350834108323e-05,0.000707281589363504,0.000220321155440886,0.000525830454793201,0.00146016459624641,0.000939406106582522,0.000289340825818052,0.000193462532576247,0.00121772686426206,0.000309610381838935,0.000535739354673707,0.000722759970918444,0.000196765414262638,0.000299304138863012,0.000357666683569038,0.000537548301766183,7.86008467796439e-05,0.000180068880961354,0.000586148831937969,0.000449831270026176,0.000514639842930151,0.000840733938113812,0.000544595189207885,0.000247908218262221,0.000233427490192553,0.000587964105521163,0.000286200766818228,0.000439758307794549,0.000468105209571333,0.00121489644365078,0.000296588634356636,0.000104611937701289,0.000558612558389627,4.37133285826257e-05,0.00232851001673077,0.00082715702522958,0.000197025229620462,0.000276569345414309,0.000615817726438999,0.000365388789456777,0.000358261597638835,0.00011330670736191,0.000598296304719631,0.000630849130527433,0.000380627238504125,0.000737622364064648,0.000245933229003613,0.000351424448055629,0.000250932243387799,0.00018575146838526,0.000679963152643349,0.000412616230051554,0.000504765455169973,0.000360449273303821,0.000141260056649004,0.000316666888391332,0.000674425629754501,0.000532815795075831,0.000306165579070131,0.000388308535236622,0.00085657780293813,0.000605860604256025,4.02353899988655e-05,0.000720608267666274,0.000110918724045125,0.000810162449517157,0.000421732835163465,0.00105040827932389,0.00128142883035307,0.000335171157029954,0.000256978581819666,0.000631143055566824,0.000508431837476706,0.000372789663239,0.000237397565459496,0.000849404137795632,0.000585385847578494,0.000382773334895104,0.000480068224053393,2.98137915864557e-05,3.75523017052233e-05,0.000116418059712042,0.000612860293807432,0.000758914170432403,0.00123335562994379,0.00120169311861133,0.000784981215424156,0.000461367291050436,0.000395256133972923,8.58161952267722e-05,0.000172214951553046,0.000151167452043554,0.000551891648084458,0.000196412006369712,0.000292973693263864,0.000234187988989277
834,0.000428793262947664,0.000138178496166516,6.78847409977099e-05,0.000345614220502389,6.26764887843065e-05,0.000630970034471458,0.000196395644931919,0.000471462350801928,0.00130212827868759,0.000837490235732657,0.000258115511558782,0.000172480517831098,0.00108483223096268,0.000276112778067875,0.000477504560210097,0.000644611932144974,0.000175610913649087,0.000266857213897112,0.000318695154844355,0.000478850660456734,7.00733013156238e-05,0.000160470720532638,0.000521898755029244,0.000401455673538463,0.000458279090961995,0.000749863073508489,0.000485407888343975,0.000220803279361886,0.000208258281867387,0.000524110706782225,0.00025512736863467,0.000392562513075716,0.000417266306569676,0.00108509803599802,0.000264429259118634,9.32852949310752e-05,0.000497455652730994,3.89883263531685e-05,0.00207574579731495,0.000736725911895196,0.000175604661722426,0.00024655481361602,0.000549098583518326,0.0003258955276571,0.000319154187436222,0.000101156246469409,0.000532848222384899,0.000563082796507225,0.00033904273538764,0.000657538152974785,0.000219215707716397,0.000313460481432011,0.000223585142066195,0.000165612597532821,0.000605385417163821,0.000367372401423435,0.00044989894233804,0.000321995259908402,0.000125722196892439,0.000281520508876831,0.000600795761778712,0.000474805617850398,0.000272837778239528,0.000346822600515521,0.000762665226466298,0.000540196173508621,3.5725976087541e-05,0.000640909017019644,9.88192019610267e-05,0.000723041259423492,0.000375888694692251,0.000935455172905348,0.00114299467424955,0.000299579158057555,0.000229153681640506,0.000562810487842116,0.000453191942559589,0.000332051251627679,0.000211173856286164,0.000757224360362768,0.000521300868634434,0.000341440441499149,0.000428122091543736,2.67192410470505e-05,3.34791651154027e-05,0.00010372897616951,0.000546531325582543,0.00067674395953965,0.00109816008146641,0.00107216138469725,0.000698855115613968,0.000411431956437984,0.000352408291565868,7.65627351329221e-05,0.00015352405049132,0.000134699233488828,0.000492101054952464,0.000175063754310521,0.000261175319551206,0.000209005912809909
835,0.000379630882749255,0.000122206705728273,6.01982437213651e-05,0.000305807981729689,5.54732995412274e-05,0.000559131632961762,0.000173827695396083,0.000420664797547472,0.00115362352917156,0.000741477297161965,0.000228772906401347,0.000152701361134694,0.000959815527531243,0.000244534316698149,0.000422142288803389,0.000571161229044328,0.000155689636479899,0.000236271747446477,0.00028203386338549,0.000423256601676499,6.20425770514267e-05,0.000142027900450922,0.000461623086992665,0.000355849181293533,0.000405273760160806,0.000664184509661008,0.00042983737608021,0.00019519516668653,0.000184522445439967,0.000463316638758086,0.000225988113616465,0.000348058816938567,0.000369373100497309,0.000962279641139876,0.000234144670728517,8.25742810570645e-05,0.000439658138735071,3.45350187093613e-05,0.00183785450329695,0.000651890065655997,0.000155433038483517,0.000218278324620017,0.00048649358344331,0.000288679455955304,0.000282323257842532,8.97101092349455e-05,0.000471224948633067,0.000499491837593521,0.000299997448482584,0.000582155447830519,0.000194065832714344,0.000277677602623138,0.000197866742166182,0.000146643549608554,0.000535234186334099,0.000324793434701547,0.000398363924722115,0.000285902844215735,0.000111098964188704,0.000248756643713572,0.000531680068615993,0.000420421875339349,0.00024144205428326,0.000307861363664619,0.000675073690979499,0.000478333052654504,3.14974313873366e-05,0.000565924309214475,8.74348422072778e-05,0.000640165984678968,0.000332729481877421,0.000827048882761064,0.00101264472933623,0.000266144932796267,0.000202993820801459,0.000498457291725711,0.000401161303135653,0.00029378385564976,0.000186524897626059,0.000670386871798811,0.000461042303001418,0.000302456166043852,0.000379138122446677,2.38451983016604e-05,2.9632305129697e-05,9.18416913229111e-05,0.000484065271265216,0.00059931328548043,0.000970264581852056,0.000950177977805189,0.000617911334773921,0.000364306869810166,0.000312050629485798,6.78124048017335e-05,0.000135929491532445,0.000119256192367446,0.000435661860455435,0.00015496841124846,0.00023121909389059,0.000185152871338799
836,0.000333472283300562,0.000107233394410066,5.29531066626223e-05,0.000268544603251607,4.87262058288186e-05,0.000491513370579667,0.000152669865542305,0.000372237586626033,0.00101434822720585,0.000651259936823204,0.000201285334818819,0.000134144149285888,0.000842860572171343,0.000214878478765213,0.000370071994659315,0.000502127566089837,0.000136936792861581,0.000207568426189999,0.000247677749654292,0.000371191847334158,5.44823371758356e-05,0.000124735663528391,0.000405351322823258,0.000312997545784463,0.000355604611754902,0.000583699843063973,0.000377840829134278,0.000171214051110347,0.000162222794255565,0.000406302386400338,0.000198730829635935,0.00030614070423246,0.000324430603953833,0.000846515474931237,0.000205723792761368,7.24981380159948e-05,0.000385436369021188,3.03527668414107e-05,0.0016147062900185,0.000572456250315065,0.000136524333896307,0.000191739379588844,0.000427679600345638,0.000253741446985282,0.000247766813409303,7.89300863356225e-05,0.000413433955757191,0.000439756662335993,0.000263493831386716,0.000511437999099892,0.000170476016432401,0.000244068143456414,0.000173758961576461,0.00012883946098681,0.000469494273949284,0.000284881058910887,0.000350046838630626,0.000251851013075223,9.73928275534841e-05,0.000218402067350757,0.000467029678153315,0.0003695721302115,0.000211978713377972,0.000271130832739132,0.000593537699447098,0.00042026513482091,2.75792679377495e-05,0.000496010400887478,7.67707319380776e-05,0.000562041089131264,0.000292241924222816,0.000725400678732627,0.00089029227130617,0.000234574929285313,0.000178425177191896,0.000438051842624921,0.000352346265927017,0.000257933074275614,0.000163555709117081,0.000588912588072627,0.000404579070791905,0.000265825173319415,0.000333122242781057,2.11225884495e-05,2.60181195393536e-05,8.0729689058389e-05,0.000425443760948072,0.000526606050386982,0.000850329077534649,0.000835664752899575,0.000542108187543458,0.000320012238783953,0.000274176186049668,5.9567125020777e-05,0.00011940866380889,0.000104793395216075,0.000382643820096819,0.000136114717258751,0.000203105835888605,0.000162690415362065
837,0.000290322955322525,9.33174473252233e-05,4.61323351776803e-05,0.000233799643891636,4.24225315713809e-05,0.000427937953563208,0.000132959264412042,0.000325304744138231,0.000884045007884782,0.000566768248542225,0.000175624539705914,0.000116821969751757,0.000734071339549341,0.000187147735499489,0.000321630824218021,0.000437301033055587,0.000119305849859586,0.000180761616289478,0.000215618493369011,0.000322972882537432,4.73756121783077e-05,0.000108588987965266,0.000353078236184731,0.000272888451088118,0.000309253065886392,0.000508410530332987,0.000329372171512174,0.000148956447802558,0.00014136114326551,0.000353614630519184,0.000173303725317806,0.000266733907938933,0.000282440931764226,0.000737881649522146,0.00017915664068659,6.30738637064173e-05,0.000334961220440489,2.64409909687433e-05,0.00140618271852364,0.000498263569457661,0.000118886739651959,0.00016693678077627,0.000372411181011991,0.000221079766370005,0.000215483377101849,6.87883598327504e-05,0.000359480070461042,0.000383624723844842,0.000229519815240402,0.000445352967318906,0.000148438626346044,0.000212625584045708,0.000151245600434453,0.000112195879786075,0.000408150469791001,0.000247635337399686,0.000304853923243796,0.000219602908198357,8.46056778755923e-05,0.000190442893023084,0.000406791586956166,0.000322163732859007,0.000184447711251697,0.000236413293778276,0.000517784625510664,0.000365985781856098,2.39904839556049e-05,0.000431409484720691,6.68290134534718e-05,0.00048907737405261,0.00025441344902553,0.000630673668543529,0.000775860994306804,0.000204653821620638,0.000155391470147721,0.000381566618105374,0.000306749034148306,0.0002244532453319,0.000142334597842344,0.000512812619947809,0.000351884141536048,0.000231551672638252,0.000290079770932828,1.84988035340893e-05,2.26417985930482e-05,7.0367720606864e-05,0.00037064880591463,0.000458608771261807,0.000738863653506995,0.000728550819237587,0.000471405286180022,0.000278566860965651,0.000238777858379567,5.18311293724142e-05,0.000103944810804399,9.12734735497935e-05,0.00033310226814831,0.000118493149165007,0.00017683522806156,0.000141670004934402
838,0.000250181024524396,8.04384215802452e-05,3.97485504374546e-05,0.000201544069308066,3.65591385914881e-05,0.000368530970121547,0.000114671202376885,0.000280287234202344,0.000762635528649969,0.000488082117637258,0.000151759937643934,0.000100723912672283,0.0006332324301827,0.000161340518911262,0.000276826692857303,0.000376753260918673,0.000102823302375158,0.00015584040183833,0.000185834731273482,0.000278479245190194,4.07429017509966e-05,9.35817935139111e-05,0.000304659715415539,0.000235517307616532,0.000266203178352562,0.000438317468575673,0.000284372316373121,0.000128384249112479,0.000121935313845369,0.000305104835359261,0.000149656532296416,0.000229893153568229,0.000243394607654979,0.000636461862243342,0.000154437597550863,5.43094798741335e-05,0.000288221666771363,2.27993474276656e-05,0.00121221097266563,0.00042928048579778,0.000102505318236011,0.000143866534800962,0.000320753562849,0.000190682251688756,0.000185473545540569,5.92986773244723e-05,0.000309357537091233,0.00033111165347239,0.00019800524135441,0.000383881153295382,0.000127945850092845,0.000183347997650768,0.000130317987872441,9.67100011013748e-05,0.000351187467586977,0.000213049670809119,0.000262770629229026,0.000189258290744963,7.27370935363592e-05,0.00016470258910725,0.000350896266304107,0.000278103184567373,0.000158847601838013,0.000203796144757248,0.00044751332550058,0.000315486230492442,2.07080223670391e-05,0.000371907497577456,5.76000496368901e-05,0.000421310990413455,0.000219234282755684,0.000542838311444879,0.000669316266302973,0.000176479188125083,0.000133906584790979,0.000328990504365961,0.000264355236984162,0.000193333662070413,0.000122783020665841,0.000442058857366857,0.00030294668243478,0.000199638051401632,0.000250013594756381,1.59871033761683e-05,1.95037023691704e-05,6.0735606578368e-05,0.000319663942212008,0.000395318424588469,0.000635778948997521,0.000628794303247416,0.000405767433413056,0.000239983893918906,0.000205847978818121,4.46179026181705e-05,8.95445934077971e-05,7.86893187973309e-05,0.000287034853954577,0.000102101130784415,0.000152402404564632,0.000122102737184813
839,0.0002130427753625,6.85560422799235e-05,3.38217775665404e-05,0.000171747696867886,3.1135273186282e-05,0.000313493728956625,9.77655401409589e-05,0.000237930255441066,0.00065008620252984,0.000415318877299626,0.000129660363635824,8.58330688556743e-05,0.00054004860105166,0.000137454251205784,0.000235585208189372,0.000320626265956943,8.75339022684863e-05,0.000132787546412879,0.000158301839367938,0.000237481236395352,3.46140728867301e-05,7.97077353147277e-05,0.000259916927522819,0.000200881457365525,0.000226439663864495,0.000373421415022656,0.000242778924164647,0.000109425691684452,0.000103942128976768,0.000260450661023816,0.000127739362958505,0.000195705414762771,0.000207279257577963,0.000542341706720737,0.000131562138295186,4.62107642267579e-05,0.000245161206024014,1.94275515837044e-05,0.00103272964200005,0.000365507801831601,8.73593498325956e-05,0.00012252394937281,0.00027284965591829,0.000162534133509895,0.000157738433759636,5.04851777931393e-05,0.000263057954405091,0.000282300127131487,0.000168865428582113,0.000327006767905097,0.000108989830350906,0.000156234605817812,0.000110969335271428,8.23794317718715e-05,0.000298589937051465,0.000181115794103595,0.00022380221012551,0.000161001076736952,6.17860747902443e-05,0.00014096396276545,0.000299270056155212,0.00023729677434544,0.000135176588621884,0.000173443061635246,0.000382415526419432,0.000268757186183338,1.76983122755162e-05,0.000317176312366442,4.90712585176085e-05,0.000358684426608803,0.000186695351676653,0.000461816904569685,0.000570633873713872,0.00015022683317821,0.000114001947690247,0.00028031648976389,0.000225146360111735,0.000164572356599239,0.000104785721896782,0.000376613385067,0.000257759910106726,0.00017008624153304,0.000212925994473214,1.3617214740782e-05,1.6602983403538e-05,5.1814434927711e-05,0.000272473087078224,0.000336734601720796,0.00054083574179356,0.000536360585650006,0.000345160729590005,0.000204275085196697,0.000175378738513094,3.79432423143621e-05,7.62205268591827e-05,6.7041387365831e-05,0.000244424805628535,8.69378226825561e-05,0.000129801362462721,0.000103989618510879
840,0.000178904492293167,5.763003452905e-05,2.83720416895324e-05,0.000144380343938084,2.61501816529045e-05,0.000263027538770384,8.22021384083863e-05,0.000198979006477094,0.000546363442552825,0.000348595860720654,0.000109294652684529,7.21325291101389e-05,0.000454224609136461,0.000115486354588308,0.000197831977826438,0.000269062064448247,7.34824013997623e-05,0.00011158581358945,0.000132995193652612,0.000199749157255817,2.90189925783357e-05,6.69604685081167e-05,0.00021867103951371,0.000168978242330921,0.000189947237133271,0.000313723126904561,0.000204529655334283,9.20090121628185e-05,8.73784116413346e-05,0.000219329767616096,0.000107502329690812,0.000164257665164981,0.000174082507485047,0.000455606776580241,0.000110525737860558,3.87834944719047e-05,0.000205723336208645,1.63253188023864e-05,0.000867677316082493,0.0003069463200553,7.34281146258425e-05,0.000102904332201705,0.000228842370281483,0.000136620642401785,0.000132279156793223,4.23720002211024e-05,0.000220572921159942,0.000237272820734981,0.000142015695776882,0.000274714022023829,9.15627097983237e-05,0.000131284630093056,9.31928540124172e-05,6.92017786367264e-05,0.000250342547898716,0.000151825442247523,0.000187953919472444,0.000135015182196237,5.1751621891707e-05,0.000119009821159879,0.000251839296467559,0.000199650791202049,0.000113432875088274,0.000145517720371465,0.00032218295526981,0.000225789354382184,1.49277827845006e-05,0.000266887801996318,4.1230058124903e-05,0.000301140171033658,0.000156787582051813,0.000387531745050961,0.000479789602958695,0.000126072561159581,9.5708985414103e-05,0.000235537562656371,0.000189103889208171,0.000138167361026461,8.82274458443773e-05,0.000316438287785465,0.000216317041170513,0.000142898174955959,0.000178819250304827,1.14188643929756e-05,1.39387942319688e-05,4.35852936097028e-05,0.000229060157751293,0.000282856894012614,0.000453794809682445,0.0004512150471663,0.000289551275058312,0.000171452182352006,0.000147362328612245,3.18229460173051e-05,6.39851263986535e-05,5.6330135662437e-05,0.000205255351283098,7.30023854250127e-05,0.000109026098820722,8.73316553101793e-05
841,0.000147762255390497,4.76290239938204e-05,2.34148778639719e-05,0.000119415006690768,2.16030431539701e-05,0.00021727687651482,6.79506742315709e-05,0.000164009276613484,0.000451453982519961,0.000287989572697394,9.06382346415415e-05,5.96093969823742e-05,0.000375538054421909,9.54344311314066e-05,0.00016349712994841,0.000222166833247244,6.07024528918914e-05,9.22214674195852e-05,0.000109894419033812,0.000165107030768151,2.39777520217779e-05,5.53340960561414e-05,0.000180789222436186,0.000139806780403796,0.000156710609357122,0.000259223224241481,0.000169570786922103,7.60769746097396e-05,7.22421221637548e-05,0.000181494602298463,8.89112678837377e-05,0.000135617752448883,0.000143793580601398,0.000376333760210223,9.13244944395916e-05,3.20307510204038e-05,0.000169854213337955,1.34924380327676e-05,0.0007170028457118,0.000253590338975373,6.06953504491443e-05,8.50034158700184e-05,0.000188839967618487,0.000112931361248235,0.000109094799093889,3.49783756434418e-05,0.00018189219606325,0.000196101054483046,0.000117393366079742,0.000226989130947867,7.5657757645028e-05,0.000108497833096285,7.69820765946735e-05,5.71749230685981e-05,0.000206428247565064,0.000125169104204731,0.000155230623545265,0.000111442611405828,4.26315219252202e-05,9.86774929640173e-05,0.000208539462031287,0.000165099164191361,9.36140194505522e-05,0.000120147090292884,0.000266598186616963,0.000186574343121745,1.23703844100561e-05,0.00022078311156997,3.40664855195499e-05,0.000248631335306688,0.000129502803440334,0.000319909400903456,0.000396766285266142,0.000104152066505575,7.90510106993727e-05,0.000194648320699102,0.000156212236441578,0.000114114273564201,7.30185427605728e-05,0.000261502222322858,0.000178606385112384,0.000118075546544901,0.000147694965330517,9.41627014930528e-06,1.15102815021542e-05,3.60349512663585e-05,0.000189411728997323,0.000233684428865291,0.000374457603746042,0.000373333996620286,0.000238906702234819,0.000141523782119937,0.000121791746059082,2.62681207348736e-05,5.28468071913767e-05,4.65555909285293e-05,0.000169512542019214,6.02935475207958e-05,9.00711332657439e-05,7.21296113724189e-05
842,0.000119611327199692,3.85572385860442e-05,1.8947860879184e-05,9.68373965185137e-05,1.74927683139839e-05,0.000176158892142138,5.50200900560349e-05,0.000132919217874752,0.000365425839322706,0.000233413204449808,7.36929187525386e-05,4.82668269730351e-05,0.000304057908911069,7.72968023769354e-05,0.000132528875005996,0.000179903391515838,4.9183314918641e-05,7.46947738557081e-05,8.89961360421392e-05,0.000133593767503531,1.94713392255677e-05,4.48245122075142e-05,0.000146322663501575,0.00011337329305624,0.000126714477682877,0.000209921778211374,0.000137883062338362,6.1630452758659e-05,5.8535770240959e-05,0.000146996760469751,7.19949049423174e-05,0.000109777020414908,0.000116408089245363,0.000304563725048878,7.39569992313584e-05,2.59448250959475e-05,0.000137510625434628,1.09289925580216e-05,0.000580696126659891,0.00020540814113958,4.91626257329372e-05,6.88186324500377e-05,0.000152812116082353,9.14732821948583e-05,8.81763227877365e-05,2.83039033061531e-05,0.000146998177623035,0.000158810725725141,9.50237797823265e-05,0.000183826327655542,6.12727492282653e-05,8.78761417415552e-05,6.23318199905193e-05,4.62978445741337e-05,0.000166823094375162,0.000101132284936728,0.000125635639564375,9.02577216931393e-05,3.44187092953109e-05,8.00223928964754e-05,0.000169342566964798,0.000133686382548808,7.57149988357006e-05,9.73113141976079e-05,0.000215807185276796,0.000151107370752236,1.00301533186468e-05,0.000178880474967158,2.7581053888328e-05,0.000201153523941222,0.000104836458584553,0.000258893523668875,0.000321574931102918,8.44406038798322e-05,6.40188809558653e-05,0.000157649798741744,0.000126467519943902,9.23989568407429e-05,5.91717866682572e-05,0.000211800133733302,0.000144596622889051,9.56191029784808e-05,0.000119552034060773,7.61161403237215e-06,9.31656830928008e-06,2.91728992885131e-05,0.000153525005694776,0.00018921447787035,0.000302788268244367,0.000302737455248138,0.000193200771813955,0.000114485877964094,9.86632109800854e-05,2.12711112811728e-05,4.27975841027983e-05,3.77160637424361e-05,0.000137193720889968,4.88083092526377e-05,7.29330756737319e-05,5.83832800557955e-05
843,9.44467658837269e-05,3.04278067789349e-05,1.496407545744e-05,7.6636403619016e-05,1.38182006229237e-05,0.000139533903854594,4.34291446755801e-05,0.000105437572965774,0.000288367350625128,0.000184739118803587,5.84671091117433e-05,3.81119863212656e-05,0.000239925987611574,6.10719697340713e-05,0.0001048799440176,0.000142198718992746,3.89031469164936e-05,5.90094993254611e-05,7.03012141142713e-05,0.000105301999926787,1.54709664013527e-05,3.54280590326101e-05,0.000115368553962041,8.96857776555999e-05,9.99435357445154e-05,0.000165818722781666,0.000109455841585864,4.86848477608405e-05,4.62630029129381e-05,0.00011596262458791,5.67976912752461e-05,8.67076868950862e-05,9.19232430085895e-05,0.000240328833296858,5.84224666865439e-05,2.05153106254433e-05,0.000108652018523843,8.63513924485119e-06,0.00045875731594195,0.000162361505105998,3.88359665569185e-05,5.43478388865307e-05,0.000120693835444417,7.22577497027145e-05,6.95126594192553e-05,2.23432745079613e-05,0.000115871424297453,0.000125416376098048,7.49542814639246e-05,0.000145221849545697,4.84065864171121e-05,6.94220240164907e-05,4.92372222905406e-05,3.65697971934774e-05,0.000131501424375747,7.96992434044392e-05,9.91718974864182e-05,7.13929586466847e-05,2.71049052365193e-05,6.3154457187148e-05,0.000134229760218555,0.000105484575555144,5.97301450991061e-05,7.69538282515249e-05,0.000170046763627877,0.000119384558203243,7.9186470893362e-06,0.000141267398261859,2.17768954495164e-05,0.000158712964674252,8.27848935225998e-05,0.000204432035770662,0.00025423359574523,6.68733180028071e-05,5.05953397616368e-05,0.000124544640932449,9.98687843380488e-05,7.3004839588409e-05,4.67255575330547e-05,0.000167333539134298,0.000114251528324843,7.55293538863434e-05,9.43886738638823e-05,6.00156911628834e-06,7.3567718604057e-06,2.30143097542064e-05,0.0001213998502502,0.000149443848666856,0.000238791620731968,0.000239456372389073,0.000152408776559546,9.03313125302056e-05,7.79737492974833e-05,1.68195719218654e-05,3.38253719234339e-05,2.98094355167227e-05,0.000108299053936476,3.8543238846701e-05,5.76090584828411e-05,4.60922121106303e-05
844,7.2263629605577e-05,2.32538570457058e-05,1.14566063210113e-05,5.88009181899693e-05,1.05781835707673e-05,0.000107262229854445,3.31965968840084e-05,8.12930845914277e-05,0.00022036685409129,0.000141839678584422,4.49692098133784e-05,2.915204226621e-05,0.000183284105531056,4.67584346119909e-05,8.05030680016286e-05,0.000108979795416682,2.98401083219319e-05,4.5169410256487e-05,5.3810522686885e-05,8.03243605027492e-05,1.19478457607807e-05,2.71410786018039e-05,8.80240850697492e-05,6.87522315692191e-05,7.63824771760163e-05,0.000126913991919782,8.42784846674097e-05,3.72555607675478e-05,3.54274672196828e-05,8.85185771108895e-05,4.33640772912186e-05,6.63819697214508e-05,7.03362514827217e-05,0.000183661247154816,4.47201112558339e-05,1.5731801535799e-05,8.32378386307802e-05,6.61103495995916e-06,0.000351186570573163,0.000124412209432704,2.97213990007856e-05,4.15888921242649e-05,9.24201454760137e-05,5.52961082328647e-05,5.30927405329345e-05,1.7091180547591e-05,8.84924945446606e-05,9.59325472385479e-05,5.72322157038233e-05,0.000111171934017175,3.70581710806446e-05,5.31379479087153e-05,3.76934215853235e-05,2.79900349667734e-05,0.000100437573613554,6.08542385687919e-05,7.584232726804e-05,5.47807678549783e-05,2.06818309833859e-05,4.81836220659298e-05,0.000103182190743024,8.05658724911205e-05,4.56537900961555e-05,5.90180686205229e-05,0.000129553734048775,9.14020264043459e-05,6.0474233011881e-06,0.000108031387528051,1.66571424213944e-05,0.000121315885242772,6.33444542926062e-05,0.000156472859632259,0.000194760334469289,5.13853535949551e-05,3.87631306947434e-05,9.5335491419368e-05,7.64150742469249e-05,5.59153505395219e-05,3.57182353205896e-05,0.00012810395564335,8.75348752440886e-05,5.78068088981317e-05,7.22031021081313e-05,4.58280847516605e-06,5.63000936259041e-06,1.75743547414785e-05,9.30361250701483e-05,0.000114369348893871,0.000182472478763395,0.000183521697382312,0.000116506009235418,6.90529284639989e-05,5.97203869335014e-05,1.29011569226144e-05,2.59180854437993e-05,2.28335876639543e-05,8.28287071998584e-05,2.94949045291482e-05,4.40962141312269e-05,3.52559582872447e-05
845,5.30570174046633e-05,1.70467377472894e-05,8.41943620558003e-06,4.33191946680447e-05,7.77157407439783e-06,7.92155546939392e-05,2.43392422054658e-05,6.02483773205186e-05,0.000161508623230739,0.000104595412296858,3.3206305981958e-05,2.13933594993145e-05,0.000134259509076233,3.43546624464069e-05,5.93500738629476e-05,8.0180768411e-05,2.19745783188956e-05,3.31775729813844e-05,3.95240814154424e-05,5.87427373175161e-05,8.87514467487196e-06,1.99598234211379e-05,6.43772472686963e-05,5.05802969853921e-05,5.60159963139289e-05,9.32075470352554e-05,6.23386282672924e-05,2.73550874464806e-05,2.60325827325719e-05,6.47760430848167e-05,3.1735368798198e-05,4.8775911919713e-05,5.16440048047458e-05,0.000134594909870912,3.28490227395913e-05,1.15844312132792e-05,6.12270001801214e-05,4.8568218533425e-06,0.00025798199532006,9.15233334757105e-05,2.18240576143836e-05,3.05395641335122e-05,6.79329956248223e-05,4.05988317832801e-05,3.8905903789586e-05,1.25432943132211e-05,6.48423148327883e-05,7.03760519259589e-05,4.19005262237796e-05,8.16724175847164e-05,2.72261797815732e-05,3.90262731911393e-05,2.76954917418013e-05,2.05577570274664e-05,7.36062225909e-05,4.4581778590829e-05,5.56499363186359e-05,4.03619772543141e-05,1.51414504044482e-05,3.52089194604588e-05,7.61791805222567e-05,5.89968746284255e-05,3.34803947365545e-05,4.34548127969333e-05,9.45467394055265e-05,6.71557157692558e-05,4.42653525074622e-06,7.92460944008654e-05,1.2224403215941e-05,8.89663887390424e-05,4.65113062735438e-05,0.000114963063500763,0.0001431717935894,3.79198773653684e-05,2.85066200995917e-05,7.00246724909542e-05,5.61048489952436e-05,4.11144052055965e-05,2.61830788079389e-05,9.4111585965281e-05,6.44114188975926e-05,4.24520250532839e-05,5.29936715902473e-05,3.35310697281522e-06,4.13539920051884e-06,1.28670701909285e-05,6.84331610555523e-05,8.39878789809504e-05,0.000133827525234291,0.000134962193946462,8.54674561915186e-05,5.06441985747775e-05,4.38999886512176e-05,9.50445865877109e-06,1.90644594693961e-05,1.67864874298489e-05,6.0782282123625e-05,2.16599609374559e-05,3.23915705446026e-05,2.58741178575354e-05
846,3.68221918261863e-05,1.18106767954957e-05,5.85013990047141e-06,3.0176944445819e-05,5.39728275832044e-06,5.53110283252799e-05,1.68660230854744e-05,4.22016031775601e-05,0.000111860674934933,7.29195111608584e-05,2.31802068631587e-05,1.48390925212339e-05,9.29211702501728e-05,2.38589747791751e-05,4.13691720522634e-05,5.57644571376047e-05,1.5295815081152e-05,2.30342534525761e-05,2.74385108305463e-05,4.05960409422644e-05,6.2338511521375e-06,1.38801877393247e-05,4.44792277702093e-05,3.51761953762102e-05,3.88287903050829e-05,6.46994593060438e-05,4.36170157957685e-05,1.89843015310823e-05,1.80808591485354e-05,4.47866179085242e-05,2.194029320122e-05,3.38808572903033e-05,3.58421152930112e-05,9.31708888833413e-05,2.28077923368872e-05,8.06549088157601e-06,4.25762911945498e-05,3.37258320817469e-06,0.000179133485954559,6.36631597827792e-05,1.51455108281487e-05,2.11972869865606e-05,4.72020540438931e-05,2.81729124995715e-05,2.69431113153131e-05,8.69921505084757e-06,4.49032836698543e-05,4.87727875097405e-05,2.89845533154285e-05,5.67175332266522e-05,1.89083878571445e-05,2.70889267778188e-05,1.92382497322959e-05,1.42719428822036e-05,5.09834296324414e-05,3.08673684320577e-05,3.85980418586087e-05,2.81109441721055e-05,1.04766979042332e-05,2.42857640893465e-05,5.31927436746523e-05,4.0822071202493e-05,2.32049361472862e-05,3.02442035788622e-05,6.51717445140351e-05,4.66408446481909e-05,3.06001910447435e-06,5.49297527600629e-05,8.47919101993501e-06,6.16600796763915e-05,3.22808922077504e-05,7.9846298917878e-05,9.94789835722715e-05,2.64521439776868e-05,1.98166653859915e-05,4.86132189968689e-05,3.89342267149512e-05,2.85878662149154e-05,1.81328620179912e-05,6.53513751542154e-05,4.4849840242067e-05,2.94657490304169e-05,3.67592768207192e-05,2.31464663183686e-06,2.87206446937675e-06,8.90194749339125e-06,4.75881630848739e-05,5.82967105196187e-05,9.28209044046695e-05,9.37978833176962e-05,5.92668781222769e-05,3.51011163261449e-05,3.05087745771143e-05,6.62182194444068e-06,1.32565088656702e-05,1.16664453927347e-05,4.21571217608602e-05,1.50354083543564e-05,2.24917375989138e-05,1.79464841797004e-05
847,2.35544562917922e-05,7.54812198985348e-06,3.74719020842152e-06,1.93592431548456e-05,3.45423367394573e-06,3.54771670506616e-05,1.07839186999006e-05,2.70847960509933e-05,7.14869619408123e-05,4.67333320752404e-05,1.48914027329483e-05,9.49159328492502e-06,5.93234924550286e-05,1.52696571786874e-05,2.65076689067426e-05,3.5700848643038e-05,9.79529652992517e-06,1.47390175274412e-05,1.75495816815848e-05,2.591243756944e-05,4.00690836046102e-06,8.89797624074438e-06,2.83720129774473e-05,2.25457930347138e-05,2.48055569988779e-05,4.13898273522132e-05,2.80926673445854e-05,1.21411712712322e-05,1.15745786958912e-05,2.85869395690212e-05,1.40044333045887e-05,2.16919748273316e-05,2.2925875811208e-05,5.94320326778085e-05,1.45948865964699e-05,5.16781122373845e-06,2.72419680962501e-05,2.15838759092334e-06,0.000114628885999925,4.08012716996068e-05,9.68643554266491e-06,1.35594077812025e-05,3.0203918562619e-05,1.802447206426e-05,1.71957313525417e-05,5.55952359592031e-06,2.86581675738494e-05,3.1150922481888e-05,1.85052364128743e-05,3.63011130372123e-05,1.21023453382396e-05,1.73277273680963e-05,1.23164483054767e-05,9.13151713093256e-06,3.25455975184162e-05,1.96967622541011e-05,2.46900385611129e-05,1.8010408283546e-05,6.68075052126499e-06,1.54586663689477e-05,3.41930673521982e-05,2.6080423439693e-05,1.48225205096527e-05,1.9373725090859e-05,4.15565446776734e-05,2.9852450875497e-05,1.95040674631631e-06,3.50867420465585e-05,5.42149521385485e-06,3.93904379234145e-05,2.0648474178406e-05,5.10653632489614e-05,6.36915059227076e-05,1.69654300841872e-05,1.26857467301032e-05,3.11018439270749e-05,2.4898740239802e-05,1.83220829749535e-05,1.1575237785088e-05,4.18169538515994e-05,2.88198016607e-05,1.88487749179421e-05,2.34989477384766e-05,1.47071126452973e-06,1.83912944197518e-06,5.68734190226081e-06,3.04978045309571e-05,3.7293207891892e-05,5.94086258756363e-05,6.00466011115791e-05,3.78777293082428e-05,2.24203053452796e-05,1.95428036785248e-05,4.2465297034167e-06,8.48706851305375e-06,7.47185796409267e-06,2.69500045670415e-05,9.61833347389609e-06,1.43932206576642e-05,1.14728991335127e-05
848,1.32491142231266e-05,4.26152112989194e-06,2.1090599321664e-06,1.08511664266778e-05,1.94135087268427e-06,1.96424871722785e-05,6.09990822461038e-06,1.48299898292591e-05,4.04514369853142e-05,2.59582319388216e-05,8.3403838672942e-06,5.3532137433449e-06,3.35208790929539e-05,8.58499521333539e-06,1.4712870763552e-05,1.99599299738423e-05,5.46450058643943e-06,8.29143106335833e-06,9.85306471794598e-06,1.47200933914887e-05,2.17725946772619e-06,5.00899360977699e-06,1.60975892935695e-05,1.26949562539434e-05,1.39309942447136e-05,2.32787497938292e-05,1.57446030054904e-05,6.82366491680941e-06,6.51602360295732e-06,1.62136460533171e-05,7.95337191260793e-06,1.22044335249079e-05,1.28905792230263e-05,3.34211897400174e-05,8.20877206708789e-06,2.88422292281556e-06,1.51802873074069e-05,1.21430356805607e-06,6.44560389794218e-05,2.29072525718903e-05,5.44750865851642e-06,7.62327361523013e-06,1.69151870103933e-05,1.01596321598666e-05,9.65513214369762e-06,3.12480078388937e-06,1.60897330627647e-05,1.75386253343968e-05,1.04835149502215e-05,2.04169891106264e-05,6.80560225573926e-06,9.74449366131443e-06,6.92484021001294e-06,5.13540437360097e-06,1.8269129029063e-05,1.10557142185827e-05,1.3929321099303e-05,1.00431092638291e-05,3.74678529406776e-06,8.77213671561718e-06,1.91503387068814e-05,1.48108925663955e-05,8.32825400495624e-06,1.08308614574733e-05,2.38289351998136e-05,1.67855722855197e-05,1.10023006021589e-06,1.97214417012679e-05,3.05130517817911e-06,2.21509433487067e-05,1.16093142686899e-05,2.85630538593701e-05,3.58189621455145e-05,9.44301233714615e-06,7.10634430808745e-06,1.74912602715349e-05,1.39939224035502e-05,1.03034048931857e-05,6.51785894357067e-06,2.35019526988801e-05,1.62909655366798e-05,1.06018968042711e-05,1.32117142824485e-05,8.24584683192598e-07,1.03571839112518e-06,3.23160867093115e-06,1.71587587666457e-05,2.09747354797863e-05,3.35466992482977e-05,3.37261829436737e-05,2.12734640299661e-05,1.25983892593603e-05,1.09981349227828e-05,2.37186485949269e-06,4.74897329197875e-06,4.20112155540357e-06,1.51577089976461e-05,5.40582299012116e-06,8.09252508435753e-06,6.4532045987457e-06
849,,,,,,,,,,,,,,,,,,,,,,,,,,,,,,,,,,,,,,,,,,,,,,,,,,,,,,,,,,,,,,,,,,,,,,,,,,,,,,,,,,,,,,,,,,,,,,,,,,,,
850,,,,,,,,,,,,,,,,,,,,,,,,,,,,,,,,,,,,,,,,,,,,,,,,,,,,,,,,,,,,,,,,,,,,,,,,,,,,,,,,,,,,,,,,,,,,,,,,,,,,
