Wvl	1	2	3	4	5	6	7	8	9	10	11	12	13	14	15	16	17	18	19	20	21	22	23	24	25	26	27	28
350	0.0334	0.0375	0.0347	0.0262	0.0344	0.0373	0.0273	0.0239	0.0184	0.0152	0.0301	0.0252	0.0246	0.0303	0.0346	0.0191	0.0147	0.0201	0.0164	0.0244	0.0206	0.0151	0.0000	0.0075	0.0091	0.0066	0.0171	0.0273
351	0.0359	0.0303	0.0329	0.0230	0.0374	0.0352	0.0291	0.0198	0.0239	0.0098	0.0295	0.0179	0.0231	0.0241	0.0297	0.0154	0.0061	0.0212	0.0100	0.0197	0.0265	0.0112	0.0000	0.0021	0.0047	0.0032	0.0133	0.0174
352	0.0249	0.0269	0.0208	0.0231	0.0317	0.0348	0.0237	0.0255	0.0263	0.0162	0.0220	0.0203	0.0193	0.0256	0.0291	0.0160	0.0024	0.0132	0.0087	0.0157	0.0310	0.0000	0.0029	0.0047	0.0024	0.0138	0.0114	0.0176
353	0.0246	0.0286	0.0169	0.0266	0.0315	0.0307	0.0225	0.0272	0.0274	0.0221	0.0212	0.0232	0.0225	0.0288	0.0316	0.0151	0.0055	0.0168	0.0109	0.0196	0.0262	0.0018	0.0076	0.0076	0.0043	0.0150	0.0144	0.0212
354	0.0313	0.0331	0.0196	0.0320	0.0342	0.0254	0.0243	0.0261	0.0276	0.0269	0.0248	0.0262	0.0292	0.0319	0.0355	0.0141	0.0134	0.0265	0.0155	0.0279	0.0180	0.0173	0.0124	0.0098	0.0084	0.0100	0.0197	0.0268
355	0.0344	0.0343	0.0277	0.0351	0.0307	0.0292	0.0255	0.0262	0.0287	0.0282	0.0253	0.0282	0.0268	0.0277	0.0347	0.0189	0.0242	0.0212	0.0215	0.0289	0.0310	0.0152	0.0154	0.0068	0.0101	0.0085	0.0198	0.0310
356	0.0372	0.0369	0.0299	0.0363	0.0329	0.0335	0.0278	0.0274	0.0289	0.0250	0.0288	0.0290	0.0277	0.0302	0.0347	0.0203	0.0263	0.0181	0.0262	0.0313	0.0347	0.0189	0.0168	0.0069	0.0115	0.0126	0.0217	0.0337
357	0.0381	0.0383	0.0301	0.0361	0.0359	0.0366	0.0287	0.0283	0.0289	0.0217	0.0314	0.0291	0.0295	0.0329	0.0350	0.0200	0.0240	0.0173	0.0280	0.0327	0.0345	0.0221	0.0161	0.0081	0.0119	0.0159	0.0239	0.0345
358	0.0336	0.0351	0.0316	0.0343	0.0349	0.0363	0.0247	0.0270	0.0294	0.0230	0.0286	0.0288	0.0306	0.0293	0.0351	0.0187	0.0195	0.0197	0.0237	0.0300	0.0348	0.0177	0.0110	0.0089	0.0094	0.0110	0.0255	0.0318
359	0.0320	0.0358	0.0353	0.0319	0.0325	0.0378	0.0335	0.0315	0.0325	0.0287	0.0265	0.0291	0.0310	0.0322	0.0357	0.0185	0.0205	0.0220	0.0239	0.0271	0.0357	0.0172	0.0127	0.0121	0.0141	0.0161	0.0275	0.0338
360	0.0326	0.0366	0.0351	0.0304	0.0320	0.0369	0.0374	0.0342	0.0336	0.0318	0.0269	0.0278	0.0297	0.0331	0.0366	0.0184	0.0210	0.0238	0.0238	0.0253	0.0355	0.0174	0.0143	0.0148	0.0159	0.0196	0.0273	0.0354
361	0.0353	0.0362	0.0292	0.0303	0.0343	0.0321	0.0313	0.0330	0.0314	0.0305	0.0303	0.0242	0.0264	0.0296	0.0379	0.0182	0.0191	0.0252	0.0220	0.0248	0.0333	0.0174	0.0141	0.0162	0.0117	0.0182	0.0243	0.0352
362	0.0372	0.0348	0.0301	0.0324	0.0360	0.0326	0.0311	0.0324	0.0344	0.0309	0.0294	0.0267	0.0274	0.0301	0.0374	0.0216	0.0222	0.0229	0.0211	0.0291	0.0340	0.0188	0.0138	0.0136	0.0171	0.0176	0.0245	0.0359
363	0.0364	0.0345	0.0324	0.0335	0.0347	0.0333	0.0317	0.0324	0.0343	0.0296	0.0282	0.0291	0.0281	0.0312	0.0365	0.0247	0.0220	0.0214	0.0222	0.0298	0.0356	0.0190	0.0149	0.0151	0.0191	0.0181	0.0252	0.0365
364	0.0339	0.0347	0.0352	0.0334	0.0315	0.0340	0.0324	0.0325	0.0319	0.0272	0.0271	0.0306	0.0283	0.0322	0.0357	0.0267	0.0194	0.0205	0.0246	0.0280	0.0374	0.0183	0.0168	0.0190	0.0180	0.0188	0.0258	0.0364
365	0.0352	0.0318	0.0345	0.0304	0.0327	0.0334	0.0311	0.0292	0.0317	0.0281	0.0278	0.0267	0.0263	0.0301	0.0369	0.0231	0.0183	0.0201	0.0232	0.0290	0.0353	0.0192	0.0142	0.0142	0.0146	0.0142	0.0226	0.0317
366	0.0353	0.0326	0.0331	0.0302	0.0335	0.0321	0.0313	0.0297	0.0321	0.0290	0.0286	0.0263	0.0274	0.0302	0.0371	0.0217	0.0201	0.0227	0.0236	0.0293	0.0350	0.0191	0.0139	0.0133	0.0143	0.0150	0.0234	0.0321
367	0.0354	0.0346	0.0319	0.0310	0.0336	0.0316	0.0320	0.0314	0.0325	0.0302	0.0290	0.0273	0.0291	0.0313	0.0367	0.0218	0.0224	0.0248	0.0247	0.0294	0.0359	0.0186	0.0142	0.0145	0.0155	0.0174	0.0245	0.0343
368	0.0373	0.0357	0.0322	0.0309	0.0326	0.0345	0.0321	0.0320	0.0328	0.0320	0.0280	0.0277	0.0288	0.0320	0.0356	0.0231	0.0220	0.0214	0.0257	0.0296	0.0378	0.0188	0.0135	0.0173	0.0171	0.0177	0.0214	0.0354
369	0.0384	0.0370	0.0326	0.0336	0.0342	0.0348	0.0316	0.0328	0.0331	0.0316	0.0279	0.0274	0.0287	0.0318	0.0362	0.0235	0.0205	0.0217	0.0246	0.0301	0.0378	0.0182	0.0145	0.0152	0.0162	0.0202	0.0230	0.0357
370	0.0378	0.0377	0.0337	0.0359	0.0360	0.0354	0.0318	0.0334	0.0340	0.0312	0.0281	0.0277	0.0293	0.0322	0.0370	0.0242	0.0205	0.0230	0.0242	0.0310	0.0382	0.0182	0.0158	0.0144	0.0156	0.0213	0.0254	0.0361
371	0.0347	0.0374	0.0360	0.0370	0.0369	0.0373	0.0333	0.0339	0.0356	0.0315	0.0288	0.0288	0.0310	0.0337	0.0376	0.0258	0.0232	0.0242	0.0256	0.0325	0.0396	0.0194	0.0166	0.0170	0.0162	0.0198	0.0276	0.0371
372	0.0343	0.0350	0.0356	0.0348	0.0352	0.0362	0.0337	0.0329	0.0335	0.0318	0.0300	0.0283	0.0310	0.0336	0.0388	0.0254	0.0232	0.0240	0.0242	0.0302	0.0380	0.0195	0.0169	0.0162	0.0176	0.0191	0.0261	0.0376
373	0.0349	0.0337	0.0350	0.0339	0.0344	0.0351	0.0340	0.0326	0.0344	0.0318	0.0306	0.0285	0.0310	0.0334	0.0388	0.0245	0.0226	0.0237	0.0253	0.0298	0.0376	0.0198	0.0170	0.0160	0.0175	0.0188	0.0258	0.0377
374	0.0360	0.0335	0.0345	0.0342	0.0344	0.0343	0.0343	0.0328	0.0377	0.0315	0.0308	0.0293	0.0308	0.0332	0.0377	0.0233	0.0218	0.0233	0.0282	0.0311	0.0383	0.0203	0.0168	0.0164	0.0162	0.0188	0.0269	0.0375
375	0.0363	0.0357	0.0350	0.0329	0.0340	0.0345	0.0354	0.0340	0.0365	0.0317	0.0306	0.0293	0.0297	0.0324	0.0382	0.0244	0.0228	0.0226	0.0259	0.0315	0.0379	0.0198	0.0154	0.0153	0.0162	0.0202	0.0280	0.0372
376	0.0375	0.0367	0.0359	0.0341	0.0348	0.0345	0.0352	0.0341	0.0371	0.0325	0.0308	0.0298	0.0306	0.0334	0.0392	0.0247	0.0245	0.0243	0.0259	0.0320	0.0392	0.0212	0.0159	0.0161	0.0176	0.0201	0.0279	0.0386
377	0.0387	0.0373	0.0364	0.0359	0.0358	0.0345	0.0347	0.0339	0.0380	0.0333	0.0311	0.0298	0.0321	0.0346	0.0399	0.0247	0.0254	0.0262	0.0266	0.0325	0.0407	0.0225	0.0167	0.0172	0.0191	0.0199	0.0273	0.0400
378	0.0384	0.0384	0.0348	0.0354	0.0358	0.0353	0.0351	0.0340	0.0371	0.0334	0.0311	0.0283	0.0327	0.0334	0.0386	0.0248	0.0230	0.0248	0.0257	0.0330	0.0404	0.0208	0.0156	0.0161	0.0191	0.0212	0.0267	0.0384
379	0.0373	0.0373	0.0354	0.0353	0.0354	0.0354	0.0343	0.0334	0.0359	0.0334	0.0307	0.0293	0.0318	0.0334	0.0393	0.0251	0.0226	0.0239	0.0261	0.0317	0.0391	0.0202	0.0160	0.0154	0.0180	0.0202	0.0267	0.0379
380	0.0369	0.0367	0.0362	0.0357	0.0352	0.0358	0.0337	0.0334	0.0353	0.0332	0.0307	0.0300	0.0311	0.0337	0.0397	0.0257	0.0229	0.0236	0.0263	0.0307	0.0384	0.0204	0.0168	0.0156	0.0178	0.0195	0.0271	0.0383
381	0.0382	0.0378	0.0363	0.0369	0.0355	0.0370	0.0340	0.0350	0.0362	0.0330	0.0315	0.0290	0.0310	0.0342	0.0387	0.0265	0.0232	0.0240	0.0257	0.0309	0.0391	0.0216	0.0177	0.0174	0.0198	0.0203	0.0276	0.0394
382	0.0395	0.0379	0.0360	0.0375	0.0370	0.0376	0.0343	0.0362	0.0375	0.0335	0.0320	0.0305	0.0316	0.0364	0.0404	0.0279	0.0246	0.0250	0.0271	0.0320	0.0412	0.0218	0.0180	0.0183	0.0183	0.0224	0.0276	0.0386
383	0.0397	0.0381	0.0359	0.0373	0.0371	0.0370	0.0347	0.0364	0.0380	0.0341	0.0323	0.0317	0.0320	0.0367	0.0409	0.0277	0.0248	0.0261	0.0276	0.0326	0.0420	0.0220	0.0184	0.0179	0.0176	0.0233	0.0281	0.0390
384	0.0389	0.0383	0.0359	0.0364	0.0361	0.0358	0.0351	0.0357	0.0378	0.0345	0.0324	0.0321	0.0320	0.0352	0.0404	0.0262	0.0240	0.0269	0.0271	0.0328	0.0414	0.0223	0.0189	0.0165	0.0177	0.0228	0.0290	0.0403
385	0.0380	0.0370	0.0363	0.0356	0.0358	0.0381	0.0351	0.0362	0.0381	0.0346	0.0322	0.0310	0.0330	0.0360	0.0401	0.0268	0.0251	0.0262	0.0270	0.0330	0.0417	0.0222	0.0184	0.0176	0.0178	0.0219	0.0290	0.0393
386	0.0378	0.0368	0.0368	0.0360	0.0362	0.0382	0.0355	0.0355	0.0385	0.0351	0.0322	0.0308	0.0328	0.0365	0.0400	0.0265	0.0249	0.0258	0.0271	0.0332	0.0406	0.0222	0.0178	0.0178	0.0180	0.0216	0.0286	0.0397
387	0.0380	0.0373	0.0373	0.0369	0.0370	0.0374	0.0362	0.0349	0.0389	0.0356	0.0324	0.0311	0.0324	0.0367	0.0402	0.0262	0.0244	0.0258	0.0273	0.0334	0.0395	0.0225	0.0176	0.0177	0.0183	0.0217	0.0283	0.0406
388	0.0381	0.0378	0.0373	0.0376	0.0382	0.0379	0.0368	0.0370	0.0393	0.0349	0.0329	0.0318	0.0333	0.0364	0.0408	0.0270	0.0248	0.0265	0.0277	0.0342	0.0407	0.0236	0.0186	0.0182	0.0192	0.0220	0.0292	0.0402
389	0.0393	0.0392	0.0374	0.0380	0.0389	0.0379	0.0367	0.0372	0.0389	0.0354	0.0328	0.0319	0.0335	0.0366	0.0412	0.0275	0.0256	0.0262	0.0286	0.0347	0.0415	0.0227	0.0187	0.0185	0.0192	0.0217	0.0289	0.0402
390	0.0402	0.0400	0.0377	0.0381	0.0389	0.0378	0.0363	0.0372	0.0388	0.0359	0.0328	0.0316	0.0335	0.0365	0.0412	0.0274	0.0263	0.0260	0.0286	0.0346	0.0418	0.0219	0.0185	0.0186	0.0190	0.0212	0.0286	0.0399
391	0.0399	0.0393	0.0384	0.0378	0.0379	0.0379	0.0362	0.0377	0.0395	0.0355	0.0332	0.0308	0.0335	0.0356	0.0407	0.0264	0.0265	0.0261	0.0273	0.0334	0.0416	0.0221	0.0181	0.0183	0.0191	0.0206	0.0289	0.0386
392	0.0406	0.0387	0.0384	0.0377	0.0387	0.0384	0.0370	0.0375	0.0393	0.0360	0.0338	0.0323	0.0339	0.0371	0.0423	0.0269	0.0264	0.0260	0.0284	0.0338	0.0430	0.0231	0.0194	0.0189	0.0196	0.0217	0.0286	0.0397
393	0.0410	0.0391	0.0381	0.0383	0.0393	0.0388	0.0378	0.0380	0.0398	0.0367	0.0344	0.0331	0.0342	0.0381	0.0428	0.0280	0.0264	0.0264	0.0290	0.0344	0.0438	0.0240	0.0197	0.0194	0.0203	0.0231	0.0290	0.0405
394	0.0408	0.0404	0.0377	0.0395	0.0396	0.0391	0.0385	0.0392	0.0409	0.0375	0.0349	0.0330	0.0345	0.0383	0.0420	0.0295	0.0267	0.0272	0.0287	0.0350	0.0438	0.0246	0.0190	0.0198	0.0210	0.0244	0.0302	0.0409
395	0.0405	0.0405	0.0384	0.0393	0.0395	0.0391	0.0389	0.0393	0.0405	0.0368	0.0344	0.0331	0.0343	0.0376	0.0412	0.0292	0.0267	0.0269	0.0293	0.0350	0.0429	0.0242	0.0193	0.0188	0.0202	0.0238	0.0300	0.0410
396	0.0407	0.0409	0.0392	0.0396	0.0397	0.0389	0.0385	0.0391	0.0402	0.0369	0.0343	0.0337	0.0346	0.0377	0.0420	0.0289	0.0271	0.0272	0.0298	0.0351	0.0434	0.0239	0.0195	0.0189	0.0201	0.0238	0.0296	0.0412
397	0.0411	0.0411	0.0398	0.0400	0.0401	0.0389	0.0377	0.0389	0.0402	0.0374	0.0344	0.0344	0.0351	0.0382	0.0432	0.0287	0.0276	0.0275	0.0300	0.0353	0.0444	0.0237	0.0195	0.0194	0.0200	0.0240	0.0295	0.0414
398	0.0409	0.0405	0.0402	0.0398	0.0396	0.0396	0.0373	0.0387	0.0409	0.0374	0.0349	0.0340	0.0353	0.0377	0.0423	0.0292	0.0268	0.0268	0.0290	0.0357	0.0445	0.0242	0.0195	0.0194	0.0190	0.0234	0.0309	0.0415
399	0.0412	0.0408	0.0403	0.0397	0.0394	0.0394	0.0381	0.0391	0.0407	0.0379	0.0355	0.0336	0.0349	0.0376	0.0428	0.0287	0.0269	0.0277	0.0293	0.0354	0.0441	0.0237	0.0203	0.0197	0.0198	0.0238	0.0309	0.0419
400	0.0416	0.0413	0.0401	0.0399	0.0396	0.0396	0.0388	0.0393	0.0405	0.0382	0.0358	0.0336	0.0348	0.0382	0.0435	0.0285	0.0271	0.0285	0.0297	0.0354	0.0439	0.0233	0.0209	0.0202	0.0206	0.0239	0.0308	0.0422
401	0.0419	0.0416	0.0395	0.0406	0.0404	0.0407	0.0388	0.0386	0.0405	0.0379	0.0353	0.0346	0.0354	0.0398	0.0439	0.0295	0.0271	0.0281	0.0297	0.0361	0.0442	0.0241	0.0211	0.0207	0.0203	0.0228	0.0311	0.0416
402	0.0421	0.0419	0.0400	0.0407	0.0407	0.0409	0.0388	0.0390	0.0412	0.0382	0.0350	0.0344	0.0362	0.0392	0.0436	0.0302	0.0271	0.0281	0.0299	0.0366	0.0446	0.0248	0.0209	0.0196	0.0205	0.0234	0.0308	0.0422
403	0.0419	0.0419	0.0403	0.0408	0.0409	0.0408	0.0388	0.0392	0.0418	0.0384	0.0353	0.0343	0.0361	0.0388	0.0437	0.0303	0.0271	0.0278	0.0299	0.0366	0.0448	0.0249	0.0205	0.0187	0.0209	0.0238	0.0306	0.0420
404	0.0414	0.0416	0.0404	0.0412	0.0411	0.0403	0.0389	0.0391	0.0420	0.0386	0.0361	0.0343	0.0351	0.0388	0.0443	0.0300	0.0272	0.0272	0.0295	0.0361	0.0450	0.0244	0.0198	0.0182	0.0214	0.0239	0.0309	0.0412
405	0.0425	0.0416	0.0409	0.0414	0.0412	0.0409	0.0402	0.0397	0.0422	0.0388	0.0363	0.0345	0.0357	0.0396	0.0446	0.0302	0.0278	0.0282	0.0304	0.0364	0.0455	0.0245	0.0211	0.0197	0.0211	0.0244	0.0315	0.0418
406	0.0431	0.0419	0.0409	0.0413	0.0414	0.0413	0.0406	0.0401	0.0428	0.0393	0.0367	0.0347	0.0360	0.0398	0.0450	0.0301	0.0281	0.0287	0.0307	0.0364	0.0458	0.0248	0.0215	0.0202	0.0212	0.0250	0.0315	0.0429
407	0.0434	0.0422	0.0408	0.0412	0.0416	0.0416	0.0404	0.0404	0.0433	0.0398	0.0372	0.0349	0.0362	0.0398	0.0454	0.0298	0.0282	0.0291	0.0307	0.0362	0.0460	0.0251	0.0215	0.0202	0.0216	0.0255	0.0312	0.0438
408	0.0436	0.0431	0.0409	0.0419	0.0420	0.0420	0.0402	0.0406	0.0432	0.0394	0.0369	0.0354	0.0373	0.0403	0.0456	0.0297	0.0282	0.0297	0.0310	0.0364	0.0457	0.0254	0.0217	0.0205	0.0217	0.0249	0.0318	0.0432
409	0.0439	0.0440	0.0413	0.0423	0.0424	0.0426	0.0407	0.0412	0.0438	0.0405	0.0374	0.0358	0.0381	0.0409	0.0461	0.0307	0.0286	0.0302	0.0315	0.0371	0.0467	0.0258	0.0219	0.0209	0.0222	0.0255	0.0325	0.0440
410	0.0443	0.0443	0.0415	0.0423	0.0426	0.0428	0.0412	0.0416	0.0443	0.0413	0.0379	0.0360	0.0383	0.0411	0.0464	0.0316	0.0289	0.0302	0.0317	0.0377	0.0473	0.0257	0.0218	0.0209	0.0223	0.0258	0.0329	0.0445
411	0.0446	0.0432	0.0415	0.0417	0.0425	0.0422	0.0414	0.0416	0.0441	0.0404	0.0378	0.0357	0.0372	0.0403	0.0458	0.0313	0.0286	0.0295	0.0313	0.0378	0.0463	0.0249	0.0213	0.0202	0.0214	0.0248	0.0324	0.0433
412	0.0445	0.0437	0.0423	0.0425	0.0427	0.0422	0.0415	0.0422	0.0437	0.0403	0.0382	0.0362	0.0377	0.0409	0.0464	0.0315	0.0286	0.0295	0.0320	0.0384	0.0465	0.0255	0.0217	0.0208	0.0215	0.0255	0.0322	0.0438
413	0.0443	0.0442	0.0431	0.0431	0.0431	0.0423	0.0415	0.0427	0.0441	0.0406	0.0381	0.0365	0.0380	0.0415	0.0468	0.0318	0.0288	0.0294	0.0325	0.0388	0.0470	0.0261	0.0221	0.0214	0.0219	0.0260	0.0324	0.0445
414	0.0443	0.0446	0.0436	0.0431	0.0435	0.0422	0.0415	0.0432	0.0452	0.0413	0.0376	0.0365	0.0380	0.0419	0.0470	0.0319	0.0294	0.0288	0.0328	0.0389	0.0475	0.0264	0.0225	0.0217	0.0225	0.0259	0.0328	0.0451
415	0.0445	0.0449	0.0435	0.0434	0.0442	0.0431	0.0419	0.0427	0.0452	0.0418	0.0384	0.0369	0.0380	0.0416	0.0470	0.0317	0.0301	0.0306	0.0323	0.0386	0.0471	0.0267	0.0228	0.0218	0.0225	0.0252	0.0329	0.0449
416	0.0452	0.0447	0.0432	0.0434	0.0440	0.0435	0.0424	0.0426	0.0449	0.0418	0.0387	0.0369	0.0383	0.0417	0.0470	0.0317	0.0300	0.0310	0.0325	0.0383	0.0475	0.0269	0.0226	0.0215	0.0223	0.0253	0.0328	0.0449
417	0.0462	0.0444	0.0430	0.0434	0.0436	0.0437	0.0430	0.0427	0.0448	0.0419	0.0389	0.0369	0.0387	0.0422	0.0470	0.0322	0.0296	0.0307	0.0330	0.0383	0.0482	0.0271	0.0222	0.0212	0.0223	0.0259	0.0329	0.0450
418	0.0466	0.0455	0.0443	0.0442	0.0445	0.0447	0.0429	0.0436	0.0460	0.0432	0.0398	0.0378	0.0392	0.0430	0.0476	0.0335	0.0303	0.0310	0.0333	0.0394	0.0485	0.0272	0.0227	0.0217	0.0231	0.0264	0.0339	0.0456
419	0.0466	0.0460	0.0442	0.0447	0.0450	0.0449	0.0429	0.0440	0.0464	0.0432	0.0397	0.0381	0.0393	0.0427	0.0480	0.0335	0.0306	0.0314	0.0333	0.0398	0.0489	0.0273	0.0230	0.0221	0.0230	0.0269	0.0339	0.0462
420	0.0465	0.0461	0.0441	0.0450	0.0452	0.0448	0.0430	0.0441	0.0465	0.0429	0.0396	0.0382	0.0394	0.0425	0.0484	0.0334	0.0308	0.0315	0.0333	0.0399	0.0491	0.0275	0.0232	0.0224	0.0228	0.0272	0.0339	0.0465
421	0.0466	0.0460	0.0449	0.0452	0.0452	0.0449	0.0435	0.0441	0.0464	0.0432	0.0402	0.0384	0.0399	0.0432	0.0491	0.0336	0.0312	0.0312	0.0335	0.0399	0.0489	0.0278	0.0235	0.0223	0.0232	0.0270	0.0343	0.0463
422	0.0463	0.0465	0.0450	0.0450	0.0456	0.0449	0.0438	0.0442	0.0468	0.0433	0.0404	0.0386	0.0399	0.0434	0.0490	0.0332	0.0308	0.0316	0.0335	0.0401	0.0494	0.0282	0.0234	0.0223	0.0235	0.0271	0.0344	0.0467
423	0.0464	0.0469	0.0449	0.0451	0.0459	0.0450	0.0440	0.0445	0.0471	0.0435	0.0404	0.0386	0.0401	0.0435	0.0491	0.0331	0.0307	0.0319	0.0338	0.0403	0.0496	0.0285	0.0235	0.0226	0.0237	0.0272	0.0343	0.0469
424	0.0471	0.0468	0.0447	0.0456	0.0461	0.0452	0.0440	0.0450	0.0474	0.0439	0.0402	0.0384	0.0404	0.0438	0.0493	0.0335	0.0311	0.0322	0.0343	0.0405	0.0493	0.0285	0.0240	0.0232	0.0238	0.0274	0.0341	0.0467
425	0.0479	0.0471	0.0459	0.0464	0.0468	0.0458	0.0449	0.0456	0.0475	0.0445	0.0412	0.0391	0.0408	0.0444	0.0501	0.0345	0.0319	0.0325	0.0343	0.0414	0.0501	0.0289	0.0244	0.0228	0.0241	0.0280	0.0351	0.0470
426	0.0480	0.0474	0.0464	0.0470	0.0469	0.0463	0.0451	0.0459	0.0477	0.0448	0.0417	0.0396	0.0412	0.0449	0.0504	0.0349	0.0323	0.0330	0.0346	0.0417	0.0506	0.0290	0.0245	0.0230	0.0242	0.0282	0.0353	0.0473
427	0.0478	0.0476	0.0464	0.0471	0.0467	0.0464	0.0449	0.0461	0.0480	0.0450	0.0418	0.0400	0.0413	0.0453	0.0503	0.0350	0.0325	0.0333	0.0350	0.0417	0.0509	0.0291	0.0243	0.0235	0.0242	0.0282	0.0351	0.0477
428	0.0486	0.0477	0.0467	0.0466	0.0468	0.0461	0.0450	0.0461	0.0481	0.0450	0.0417	0.0396	0.0411	0.0450	0.0504	0.0350	0.0325	0.0327	0.0348	0.0419	0.0508	0.0288	0.0246	0.0236	0.0243	0.0282	0.0351	0.0478
429	0.0489	0.0480	0.0470	0.0469	0.0472	0.0466	0.0454	0.0463	0.0486	0.0454	0.0419	0.0399	0.0416	0.0452	0.0507	0.0352	0.0326	0.0330	0.0350	0.0418	0.0510	0.0291	0.0248	0.0239	0.0246	0.0282	0.0355	0.0479
430	0.0490	0.0482	0.0471	0.0472	0.0476	0.0472	0.0459	0.0464	0.0492	0.0458	0.0422	0.0404	0.0422	0.0455	0.0511	0.0354	0.0328	0.0335	0.0355	0.0418	0.0512	0.0295	0.0250	0.0242	0.0249	0.0284	0.0358	0.0481
431	0.0490	0.0486	0.0470	0.0474	0.0480	0.0472	0.0461	0.0463	0.0498	0.0460	0.0423	0.0406	0.0422	0.0458	0.0513	0.0358	0.0330	0.0334	0.0360	0.0418	0.0515	0.0295	0.0249	0.0243	0.0252	0.0287	0.0356	0.0487
432	0.0494	0.0489	0.0471	0.0478	0.0481	0.0474	0.0463	0.0469	0.0497	0.0463	0.0426	0.0407	0.0422	0.0461	0.0515	0.0358	0.0329	0.0336	0.0358	0.0421	0.0517	0.0295	0.0251	0.0240	0.0251	0.0287	0.0361	0.0486
433	0.0497	0.0492	0.0474	0.0483	0.0481	0.0476	0.0464	0.0473	0.0497	0.0465	0.0429	0.0408	0.0423	0.0462	0.0517	0.0358	0.0331	0.0338	0.0358	0.0426	0.0521	0.0296	0.0252	0.0241	0.0251	0.0288	0.0364	0.0486
434	0.0499	0.0494	0.0480	0.0487	0.0481	0.0480	0.0464	0.0472	0.0500	0.0465	0.0431	0.0407	0.0427	0.0461	0.0521	0.0356	0.0337	0.0338	0.0364	0.0431	0.0525	0.0298	0.0251	0.0247	0.0254	0.0290	0.0365	0.0488
435	0.0503	0.0498	0.0483	0.0491	0.0485	0.0485	0.0469	0.0479	0.0503	0.0468	0.0434	0.0414	0.0431	0.0467	0.0526	0.0362	0.0341	0.0343	0.0365	0.0435	0.0526	0.0303	0.0257	0.0246	0.0254	0.0294	0.0366	0.0490
436	0.0506	0.0501	0.0487	0.0495	0.0490	0.0488	0.0472	0.0483	0.0505	0.0473	0.0435	0.0418	0.0433	0.0471	0.0528	0.0368	0.0343	0.0345	0.0367	0.0437	0.0529	0.0305	0.0260	0.0247	0.0256	0.0297	0.0369	0.0494
437	0.0509	0.0504	0.0490	0.0499	0.0495	0.0490	0.0474	0.0486	0.0508	0.0479	0.0435	0.0420	0.0435	0.0475	0.0529	0.0374	0.0344	0.0346	0.0368	0.0439	0.0533	0.0306	0.0263	0.0249	0.0259	0.0298	0.0373	0.0499
438	0.0513	0.0509	0.0495	0.0501	0.0500	0.0492	0.0481	0.0490	0.0515	0.0481	0.0443	0.0425	0.0440	0.0478	0.0533	0.0376	0.0345	0.0353	0.0371	0.0442	0.0536	0.0312	0.0264	0.0252	0.0262	0.0298	0.0375	0.0499
439	0.0515	0.0511	0.0497	0.0502	0.0502	0.0494	0.0483	0.0491	0.0519	0.0483	0.0445	0.0425	0.0441	0.0481	0.0537	0.0377	0.0346	0.0353	0.0373	0.0442	0.0537	0.0312	0.0262	0.0251	0.0263	0.0300	0.0375	0.0502
440	0.0518	0.0512	0.0499	0.0504	0.0503	0.0496	0.0484	0.0492	0.0522	0.0485	0.0447	0.0425	0.0442	0.0483	0.0541	0.0378	0.0348	0.0353	0.0375	0.0443	0.0539	0.0311	0.0261	0.0251	0.0265	0.0302	0.0376	0.0504
441	0.0524	0.0518	0.0504	0.0509	0.0506	0.0500	0.0487	0.0498	0.0527	0.0489	0.0451	0.0431	0.0446	0.0487	0.0544	0.0380	0.0352	0.0361	0.0379	0.0448	0.0543	0.0315	0.0265	0.0257	0.0268	0.0304	0.0380	0.0505
442	0.0525	0.0519	0.0505	0.0513	0.0509	0.0504	0.0490	0.0500	0.0530	0.0494	0.0454	0.0434	0.0447	0.0489	0.0547	0.0382	0.0354	0.0361	0.0380	0.0451	0.0544	0.0317	0.0267	0.0259	0.0270	0.0305	0.0383	0.0507
443	0.0526	0.0521	0.0506	0.0516	0.0512	0.0506	0.0492	0.0503	0.0530	0.0496	0.0456	0.0437	0.0449	0.0491	0.0550	0.0383	0.0356	0.0360	0.0383	0.0454	0.0547	0.0320	0.0270	0.0261	0.0270	0.0307	0.0384	0.0509
444	0.0529	0.0526	0.0509	0.0517	0.0515	0.0509	0.0495	0.0507	0.0529	0.0497	0.0455	0.0442	0.0453	0.0493	0.0554	0.0385	0.0359	0.0360	0.0388	0.0454	0.0551	0.0321	0.0274	0.0263	0.0268	0.0309	0.0385	0.0512
445	0.0533	0.0531	0.0514	0.0521	0.0519	0.0514	0.0498	0.0509	0.0536	0.0501	0.0459	0.0442	0.0458	0.0498	0.0557	0.0390	0.0362	0.0364	0.0391	0.0458	0.0556	0.0323	0.0275	0.0264	0.0273	0.0313	0.0387	0.0516
446	0.0536	0.0531	0.0518	0.0525	0.0522	0.0516	0.0503	0.0512	0.0539	0.0504	0.0463	0.0443	0.0460	0.0501	0.0559	0.0392	0.0364	0.0368	0.0391	0.0460	0.0557	0.0326	0.0274	0.0265	0.0273	0.0314	0.0388	0.0518
447	0.0537	0.0531	0.0522	0.0527	0.0524	0.0516	0.0506	0.0516	0.0541	0.0507	0.0467	0.0444	0.0459	0.0503	0.0560	0.0393	0.0364	0.0371	0.0390	0.0461	0.0556	0.0328	0.0273	0.0265	0.0271	0.0313	0.0389	0.0520
448	0.0540	0.0538	0.0523	0.0530	0.0527	0.0519	0.0507	0.0519	0.0546	0.0512	0.0470	0.0448	0.0463	0.0506	0.0564	0.0397	0.0369	0.0370	0.0396	0.0467	0.0563	0.0329	0.0279	0.0265	0.0277	0.0318	0.0395	0.0524
449	0.0544	0.0542	0.0526	0.0533	0.0530	0.0522	0.0510	0.0521	0.0550	0.0514	0.0471	0.0450	0.0467	0.0508	0.0567	0.0398	0.0372	0.0373	0.0399	0.0470	0.0566	0.0331	0.0281	0.0268	0.0279	0.0319	0.0396	0.0525
450	0.0547	0.0544	0.0528	0.0536	0.0533	0.0525	0.0513	0.0523	0.0553	0.0516	0.0473	0.0453	0.0470	0.0510	0.0569	0.0398	0.0373	0.0377	0.0400	0.0471	0.0568	0.0332	0.0281	0.0272	0.0280	0.0319	0.0396	0.0526
451	0.0549	0.0547	0.0530	0.0540	0.0537	0.0527	0.0514	0.0525	0.0554	0.0517	0.0477	0.0456	0.0471	0.0512	0.0572	0.0399	0.0374	0.0379	0.0401	0.0471	0.0571	0.0333	0.0283	0.0272	0.0281	0.0319	0.0398	0.0528
452	0.0552	0.0550	0.0535	0.0544	0.0541	0.0531	0.0519	0.0528	0.0558	0.0522	0.0479	0.0460	0.0475	0.0515	0.0577	0.0403	0.0377	0.0382	0.0404	0.0475	0.0574	0.0338	0.0287	0.0274	0.0284	0.0322	0.0401	0.0532
453	0.0555	0.0552	0.0538	0.0547	0.0544	0.0535	0.0522	0.0531	0.0562	0.0525	0.0481	0.0462	0.0478	0.0519	0.0581	0.0407	0.0379	0.0383	0.0406	0.0477	0.0577	0.0341	0.0290	0.0277	0.0287	0.0325	0.0404	0.0534
454	0.0559	0.0553	0.0540	0.0549	0.0544	0.0538	0.0523	0.0534	0.0565	0.0524	0.0484	0.0461	0.0478	0.0523	0.0582	0.0408	0.0379	0.0385	0.0406	0.0477	0.0578	0.0341	0.0290	0.0278	0.0287	0.0326	0.0405	0.0532
455	0.0564	0.0558	0.0542	0.0552	0.0549	0.0543	0.0528	0.0541	0.0568	0.0531	0.0487	0.0466	0.0483	0.0527	0.0586	0.0413	0.0384	0.0388	0.0409	0.0480	0.0583	0.0342	0.0291	0.0281	0.0289	0.0327	0.0408	0.0537
456	0.0567	0.0563	0.0546	0.0556	0.0552	0.0546	0.0531	0.0545	0.0572	0.0535	0.0491	0.0469	0.0486	0.0529	0.0589	0.0416	0.0386	0.0390	0.0413	0.0483	0.0586	0.0345	0.0294	0.0281	0.0292	0.0331	0.0409	0.0540
457	0.0570	0.0567	0.0551	0.0559	0.0555	0.0548	0.0533	0.0547	0.0575	0.0536	0.0495	0.0472	0.0488	0.0531	0.0592	0.0417	0.0386	0.0391	0.0417	0.0487	0.0588	0.0348	0.0297	0.0281	0.0295	0.0335	0.0410	0.0542
458	0.0573	0.0569	0.0553	0.0562	0.0560	0.0551	0.0537	0.0549	0.0578	0.0539	0.0494	0.0474	0.0492	0.0536	0.0595	0.0419	0.0391	0.0394	0.0420	0.0490	0.0591	0.0350	0.0296	0.0283	0.0296	0.0337	0.0414	0.0546
459	0.0575	0.0572	0.0557	0.0565	0.0562	0.0553	0.0541	0.0552	0.0581	0.0543	0.0497	0.0477	0.0496	0.0539	0.0599	0.0421	0.0394	0.0398	0.0422	0.0493	0.0595	0.0352	0.0298	0.0286	0.0297	0.0338	0.0416	0.0548
460	0.0578	0.0576	0.0562	0.0568	0.0564	0.0555	0.0545	0.0555	0.0584	0.0547	0.0501	0.0479	0.0499	0.0541	0.0603	0.0424	0.0396	0.0400	0.0424	0.0496	0.0598	0.0353	0.0301	0.0289	0.0298	0.0338	0.0417	0.0549
461	0.0579	0.0578	0.0562	0.0571	0.0566	0.0559	0.0545	0.0556	0.0587	0.0548	0.0504	0.0481	0.0499	0.0541	0.0605	0.0425	0.0397	0.0399	0.0425	0.0497	0.0600	0.0352	0.0303	0.0290	0.0299	0.0338	0.0418	0.0550
462	0.0583	0.0580	0.0566	0.0573	0.0567	0.0561	0.0548	0.0560	0.0590	0.0551	0.0507	0.0484	0.0502	0.0545	0.0609	0.0428	0.0399	0.0402	0.0427	0.0499	0.0602	0.0354	0.0305	0.0291	0.0302	0.0340	0.0422	0.0553
463	0.0587	0.0581	0.0569	0.0575	0.0570	0.0563	0.0550	0.0562	0.0594	0.0553	0.0509	0.0488	0.0504	0.0548	0.0611	0.0431	0.0401	0.0404	0.0429	0.0501	0.0604	0.0356	0.0306	0.0292	0.0303	0.0342	0.0424	0.0555
464	0.0588	0.0584	0.0571	0.0578	0.0575	0.0564	0.0550	0.0563	0.0598	0.0554	0.0510	0.0491	0.0505	0.0549	0.0613	0.0433	0.0403	0.0405	0.0430	0.0502	0.0605	0.0358	0.0305	0.0294	0.0302	0.0344	0.0423	0.0556
465	0.0591	0.0588	0.0572	0.0581	0.0578	0.0567	0.0554	0.0566	0.0599	0.0557	0.0513	0.0491	0.0507	0.0551	0.0614	0.0435	0.0405	0.0408	0.0431	0.0505	0.0609	0.0360	0.0307	0.0293	0.0304	0.0347	0.0425	0.0557
466	0.0594	0.0590	0.0574	0.0583	0.0580	0.0570	0.0556	0.0568	0.0599	0.0559	0.0514	0.0493	0.0509	0.0554	0.0617	0.0436	0.0406	0.0410	0.0433	0.0508	0.0611	0.0361	0.0308	0.0295	0.0306	0.0347	0.0427	0.0560
467	0.0597	0.0592	0.0577	0.0585	0.0581	0.0572	0.0558	0.0569	0.0600	0.0561	0.0514	0.0496	0.0511	0.0556	0.0620	0.0436	0.0408	0.0411	0.0436	0.0510	0.0611	0.0362	0.0308	0.0298	0.0307	0.0346	0.0429	0.0564
468	0.0600	0.0595	0.0580	0.0588	0.0585	0.0577	0.0562	0.0574	0.0606	0.0566	0.0520	0.0498	0.0515	0.0559	0.0624	0.0437	0.0410	0.0413	0.0439	0.0512	0.0616	0.0365	0.0312	0.0301	0.0309	0.0349	0.0430	0.0565
469	0.0603	0.0598	0.0584	0.0592	0.0587	0.0579	0.0565	0.0578	0.0609	0.0568	0.0523	0.0500	0.0518	0.0561	0.0627	0.0441	0.0412	0.0414	0.0441	0.0514	0.0619	0.0367	0.0314	0.0301	0.0311	0.0350	0.0432	0.0566
470	0.0605	0.0601	0.0586	0.0595	0.0589	0.0581	0.0567	0.0581	0.0611	0.0570	0.0524	0.0501	0.0520	0.0563	0.0628	0.0446	0.0414	0.0416	0.0442	0.0516	0.0621	0.0368	0.0314	0.0302	0.0312	0.0352	0.0434	0.0568
471	0.0608	0.0604	0.0587	0.0597	0.0593	0.0582	0.0570	0.0584	0.0613	0.0575	0.0527	0.0503	0.0521	0.0566	0.0629	0.0447	0.0417	0.0420	0.0445	0.0519	0.0622	0.0369	0.0316	0.0305	0.0314	0.0356	0.0436	0.0571
472	0.0610	0.0606	0.0590	0.0600	0.0595	0.0585	0.0574	0.0587	0.0617	0.0576	0.0530	0.0507	0.0524	0.0569	0.0633	0.0449	0.0419	0.0422	0.0446	0.0521	0.0624	0.0371	0.0318	0.0306	0.0315	0.0357	0.0437	0.0573
473	0.0611	0.0609	0.0594	0.0603	0.0596	0.0588	0.0577	0.0589	0.0621	0.0577	0.0531	0.0511	0.0527	0.0572	0.0636	0.0450	0.0421	0.0422	0.0447	0.0523	0.0627	0.0373	0.0319	0.0306	0.0316	0.0358	0.0438	0.0575
474	0.0614	0.0611	0.0597	0.0604	0.0598	0.0589	0.0578	0.0590	0.0622	0.0581	0.0531	0.0510	0.0529	0.0573	0.0637	0.0453	0.0422	0.0422	0.0448	0.0525	0.0631	0.0375	0.0319	0.0308	0.0318	0.0359	0.0439	0.0576
475	0.0617	0.0614	0.0599	0.0607	0.0602	0.0591	0.0579	0.0591	0.0624	0.0583	0.0535	0.0513	0.0531	0.0576	0.0640	0.0453	0.0423	0.0424	0.0451	0.0525	0.0632	0.0377	0.0321	0.0308	0.0318	0.0361	0.0441	0.0577
476	0.0620	0.0617	0.0602	0.0610	0.0605	0.0594	0.0582	0.0594	0.0627	0.0585	0.0538	0.0517	0.0533	0.0579	0.0644	0.0454	0.0425	0.0427	0.0454	0.0528	0.0635	0.0378	0.0324	0.0310	0.0319	0.0361	0.0443	0.0580
477	0.0623	0.0619	0.0605	0.0613	0.0607	0.0598	0.0586	0.0598	0.0631	0.0589	0.0539	0.0521	0.0535	0.0582	0.0647	0.0457	0.0430	0.0432	0.0457	0.0531	0.0638	0.0379	0.0326	0.0314	0.0321	0.0361	0.0445	0.0583
478	0.0625	0.0621	0.0607	0.0616	0.0610	0.0601	0.0588	0.0601	0.0634	0.0591	0.0544	0.0521	0.0537	0.0584	0.0649	0.0461	0.0431	0.0434	0.0459	0.0534	0.0640	0.0382	0.0327	0.0314	0.0325	0.0366	0.0448	0.0584
479	0.0627	0.0623	0.0610	0.0619	0.0613	0.0604	0.0590	0.0604	0.0636	0.0593	0.0546	0.0522	0.0539	0.0585	0.0651	0.0463	0.0431	0.0435	0.0460	0.0534	0.0643	0.0383	0.0327	0.0315	0.0326	0.0368	0.0449	0.0585
480	0.0630	0.0626	0.0612	0.0622	0.0615	0.0605	0.0592	0.0606	0.0639	0.0596	0.0548	0.0525	0.0542	0.0586	0.0654	0.0463	0.0431	0.0436	0.0462	0.0535	0.0644	0.0384	0.0328	0.0316	0.0326	0.0370	0.0449	0.0586
481	0.0632	0.0629	0.0613	0.0624	0.0617	0.0607	0.0594	0.0608	0.0641	0.0598	0.0550	0.0527	0.0543	0.0591	0.0658	0.0465	0.0434	0.0438	0.0464	0.0537	0.0645	0.0387	0.0328	0.0318	0.0327	0.0370	0.0452	0.0590
482	0.0635	0.0633	0.0617	0.0627	0.0621	0.0611	0.0599	0.0610	0.0644	0.0601	0.0553	0.0531	0.0547	0.0594	0.0661	0.0468	0.0436	0.0440	0.0466	0.0541	0.0648	0.0390	0.0330	0.0320	0.0329	0.0372	0.0453	0.0592
483	0.0638	0.0635	0.0621	0.0629	0.0623	0.0614	0.0602	0.0612	0.0646	0.0604	0.0555	0.0534	0.0550	0.0596	0.0663	0.0470	0.0439	0.0441	0.0467	0.0545	0.0650	0.0391	0.0332	0.0322	0.0332	0.0372	0.0455	0.0594
484	0.0641	0.0636	0.0624	0.0631	0.0624	0.0616	0.0601	0.0615	0.0649	0.0606	0.0557	0.0535	0.0552	0.0596	0.0665	0.0471	0.0440	0.0442	0.0469	0.0547	0.0652	0.0391	0.0332	0.0323	0.0331	0.0372	0.0455	0.0593
485	0.0644	0.0640	0.0626	0.0634	0.0626	0.0618	0.0605	0.0618	0.0651	0.0607	0.0558	0.0536	0.0554	0.0600	0.0667	0.0472	0.0442	0.0445	0.0472	0.0548	0.0656	0.0393	0.0334	0.0323	0.0333	0.0374	0.0458	0.0596
486	0.0646	0.0644	0.0628	0.0638	0.0630	0.0621	0.0608	0.0621	0.0654	0.0609	0.0561	0.0539	0.0556	0.0603	0.0671	0.0474	0.0444	0.0449	0.0474	0.0550	0.0658	0.0394	0.0336	0.0324	0.0334	0.0377	0.0460	0.0599
487	0.0649	0.0646	0.0632	0.0642	0.0636	0.0624	0.0611	0.0622	0.0659	0.0613	0.0566	0.0542	0.0559	0.0605	0.0675	0.0478	0.0446	0.0451	0.0475	0.0553	0.0659	0.0395	0.0337	0.0326	0.0335	0.0379	0.0462	0.0601
488	0.0653	0.0650	0.0634	0.0646	0.0637	0.0629	0.0613	0.0627	0.0663	0.0617	0.0569	0.0545	0.0561	0.0609	0.0680	0.0482	0.0450	0.0454	0.0478	0.0555	0.0663	0.0400	0.0340	0.0328	0.0339	0.0382	0.0465	0.0603
489	0.0657	0.0654	0.0638	0.0649	0.0640	0.0631	0.0617	0.0630	0.0666	0.0622	0.0571	0.0548	0.0565	0.0612	0.0681	0.0485	0.0453	0.0457	0.0481	0.0558	0.0666	0.0403	0.0343	0.0331	0.0342	0.0384	0.0467	0.0606
490	0.0660	0.0657	0.0642	0.0651	0.0644	0.0634	0.0620	0.0634	0.0669	0.0626	0.0573	0.0552	0.0569	0.0615	0.0682	0.0487	0.0455	0.0460	0.0485	0.0561	0.0669	0.0404	0.0346	0.0333	0.0343	0.0385	0.0469	0.0609
491	0.0661	0.0660	0.0644	0.0654	0.0647	0.0637	0.0621	0.0638	0.0672	0.0627	0.0576	0.0554	0.0570	0.0617	0.0685	0.0488	0.0458	0.0461	0.0486	0.0562	0.0674	0.0403	0.0349	0.0334	0.0343	0.0386	0.0469	0.0609
492	0.0665	0.0663	0.0647	0.0658	0.0651	0.0640	0.0625	0.0640	0.0674	0.0629	0.0579	0.0556	0.0573	0.0620	0.0689	0.0492	0.0460	0.0462	0.0488	0.0565	0.0675	0.0407	0.0349	0.0336	0.0345	0.0388	0.0472	0.0612
493	0.0668	0.0666	0.0650	0.0662	0.0654	0.0642	0.0629	0.0642	0.0676	0.0632	0.0582	0.0559	0.0576	0.0622	0.0693	0.0495	0.0462	0.0464	0.0490	0.0568	0.0676	0.0410	0.0349	0.0337	0.0348	0.0390	0.0474	0.0614
494	0.0669	0.0668	0.0653	0.0664	0.0656	0.0644	0.0631	0.0646	0.0680	0.0635	0.0584	0.0562	0.0579	0.0625	0.0696	0.0495	0.0464	0.0465	0.0491	0.0568	0.0679	0.0411	0.0350	0.0338	0.0348	0.0392	0.0476	0.0616
495	0.0673	0.0672	0.0657	0.0668	0.0659	0.0648	0.0637	0.0650	0.0684	0.0639	0.0588	0.0563	0.0582	0.0629	0.0699	0.0498	0.0467	0.0469	0.0496	0.0572	0.0683	0.0413	0.0352	0.0339	0.0350	0.0393	0.0477	0.0619
496	0.0678	0.0676	0.0662	0.0672	0.0662	0.0652	0.0641	0.0653	0.0688	0.0643	0.0591	0.0566	0.0585	0.0632	0.0702	0.0501	0.0470	0.0472	0.0499	0.0576	0.0686	0.0415	0.0355	0.0342	0.0352	0.0395	0.0479	0.0622
497	0.0682	0.0679	0.0665	0.0675	0.0666	0.0657	0.0642	0.0656	0.0693	0.0647	0.0593	0.0570	0.0587	0.0636	0.0705	0.0504	0.0471	0.0474	0.0502	0.0579	0.0690	0.0417	0.0358	0.0345	0.0355	0.0397	0.0483	0.0625
498	0.0685	0.0682	0.0668	0.0678	0.0668	0.0657	0.0644	0.0659	0.0695	0.0649	0.0597	0.0573	0.0591	0.0637	0.0709	0.0506	0.0474	0.0476	0.0503	0.0581	0.0691	0.0419	0.0359	0.0346	0.0356	0.0400	0.0485	0.0623
499	0.0688	0.0685	0.0671	0.0682	0.0673	0.0660	0.0647	0.0662	0.0699	0.0651	0.0601	0.0577	0.0594	0.0640	0.0712	0.0509	0.0477	0.0478	0.0504	0.0584	0.0695	0.0421	0.0360	0.0348	0.0358	0.0401	0.0487	0.0625
500	0.0691	0.0688	0.0674	0.0686	0.0678	0.0665	0.0651	0.0664	0.0702	0.0654	0.0604	0.0580	0.0597	0.0643	0.0714	0.0512	0.0479	0.0481	0.0507	0.0587	0.0699	0.0423	0.0361	0.0351	0.0359	0.0403	0.0488	0.0629
501	0.0694	0.0691	0.0676	0.0689	0.0680	0.0669	0.0653	0.0668	0.0705	0.0658	0.0606	0.0583	0.0601	0.0645	0.0717	0.0512	0.0481	0.0485	0.0510	0.0588	0.0701	0.0425	0.0362	0.0351	0.0361	0.0405	0.0490	0.0631
502	0.0697	0.0695	0.0681	0.0692	0.0683	0.0672	0.0657	0.0671	0.0708	0.0662	0.0608	0.0586	0.0603	0.0650	0.0721	0.0515	0.0482	0.0487	0.0513	0.0591	0.0702	0.0427	0.0365	0.0352	0.0363	0.0407	0.0492	0.0633
503	0.0701	0.0699	0.0685	0.0696	0.0686	0.0675	0.0662	0.0675	0.0712	0.0666	0.0612	0.0589	0.0606	0.0655	0.0725	0.0518	0.0485	0.0489	0.0516	0.0594	0.0704	0.0429	0.0368	0.0354	0.0366	0.0409	0.0495	0.0636
504	0.0707	0.0703	0.0689	0.0700	0.0692	0.0680	0.0667	0.0678	0.0717	0.0671	0.0615	0.0592	0.0610	0.0659	0.0730	0.0522	0.0489	0.0492	0.0519	0.0599	0.0711	0.0432	0.0371	0.0357	0.0368	0.0409	0.0497	0.0641
505	0.0711	0.0707	0.0693	0.0704	0.0694	0.0683	0.0668	0.0683	0.0720	0.0674	0.0619	0.0595	0.0613	0.0661	0.0733	0.0525	0.0492	0.0493	0.0522	0.0601	0.0714	0.0435	0.0373	0.0359	0.0369	0.0411	0.0499	0.0642
506	0.0714	0.0711	0.0696	0.0707	0.0698	0.0686	0.0671	0.0688	0.0724	0.0677	0.0623	0.0598	0.0616	0.0664	0.0736	0.0528	0.0496	0.0496	0.0525	0.0603	0.0718	0.0438	0.0375	0.0361	0.0371	0.0414	0.0502	0.0644
507	0.0717	0.0715	0.0700	0.0712	0.0702	0.0689	0.0675	0.0692	0.0727	0.0680	0.0626	0.0602	0.0619	0.0668	0.0740	0.0532	0.0498	0.0501	0.0528	0.0606	0.0721	0.0441	0.0377	0.0364	0.0375	0.0418	0.0504	0.0647
508	0.0721	0.0717	0.0704	0.0715	0.0706	0.0694	0.0678	0.0694	0.0731	0.0684	0.0630	0.0604	0.0621	0.0671	0.0742	0.0534	0.0500	0.0503	0.0531	0.0610	0.0723	0.0442	0.0379	0.0365	0.0377	0.0419	0.0505	0.0650
509	0.0724	0.0721	0.0707	0.0718	0.0709	0.0698	0.0682	0.0697	0.0734	0.0686	0.0633	0.0608	0.0625	0.0675	0.0745	0.0536	0.0503	0.0505	0.0533	0.0612	0.0725	0.0444	0.0380	0.0367	0.0378	0.0421	0.0507	0.0652
510	0.0726	0.0725	0.0710	0.0721	0.0713	0.0703	0.0685	0.0701	0.0738	0.0689	0.0635	0.0612	0.0629	0.0679	0.0750	0.0538	0.0505	0.0508	0.0535	0.0615	0.0728	0.0446	0.0381	0.0369	0.0378	0.0423	0.0510	0.0655
511	0.0731	0.0729	0.0713	0.0725	0.0716	0.0704	0.0690	0.0704	0.0742	0.0694	0.0636	0.0615	0.0632	0.0681	0.0754	0.0542	0.0509	0.0511	0.0538	0.0616	0.0732	0.0449	0.0385	0.0371	0.0381	0.0426	0.0512	0.0658
512	0.0736	0.0733	0.0717	0.0730	0.0720	0.0707	0.0693	0.0708	0.0746	0.0698	0.0641	0.0618	0.0634	0.0684	0.0758	0.0544	0.0511	0.0513	0.0541	0.0620	0.0736	0.0450	0.0388	0.0373	0.0384	0.0428	0.0514	0.0660
513	0.0739	0.0737	0.0721	0.0734	0.0724	0.0711	0.0696	0.0711	0.0750	0.0701	0.0646	0.0621	0.0637	0.0688	0.0762	0.0547	0.0514	0.0515	0.0545	0.0624	0.0740	0.0453	0.0390	0.0375	0.0385	0.0430	0.0517	0.0662
514	0.0743	0.0741	0.0726	0.0739	0.0728	0.0714	0.0698	0.0714	0.0753	0.0705	0.0650	0.0622	0.0641	0.0691	0.0765	0.0551	0.0516	0.0518	0.0547	0.0626	0.0743	0.0457	0.0390	0.0377	0.0386	0.0433	0.0519	0.0666
515	0.0747	0.0744	0.0730	0.0742	0.0731	0.0718	0.0703	0.0718	0.0756	0.0708	0.0653	0.0626	0.0644	0.0693	0.0768	0.0553	0.0517	0.0521	0.0549	0.0629	0.0744	0.0458	0.0392	0.0379	0.0388	0.0433	0.0522	0.0667
516	0.0750	0.0748	0.0733	0.0745	0.0734	0.0721	0.0707	0.0722	0.0760	0.0712	0.0656	0.0630	0.0648	0.0697	0.0771	0.0556	0.0520	0.0524	0.0552	0.0632	0.0747	0.0460	0.0394	0.0381	0.0391	0.0435	0.0524	0.0670
517	0.0753	0.0752	0.0736	0.0748	0.0738	0.0725	0.0711	0.0727	0.0765	0.0717	0.0659	0.0634	0.0652	0.0701	0.0776	0.0560	0.0524	0.0527	0.0555	0.0634	0.0750	0.0463	0.0397	0.0385	0.0394	0.0438	0.0526	0.0673
518	0.0757	0.0755	0.0741	0.0753	0.0742	0.0730	0.0714	0.0730	0.0769	0.0721	0.0662	0.0638	0.0655	0.0705	0.0779	0.0562	0.0527	0.0530	0.0557	0.0638	0.0753	0.0466	0.0399	0.0384	0.0397	0.0440	0.0529	0.0676
519	0.0762	0.0759	0.0744	0.0758	0.0746	0.0734	0.0718	0.0734	0.0774	0.0724	0.0666	0.0641	0.0659	0.0708	0.0783	0.0564	0.0530	0.0533	0.0560	0.0642	0.0757	0.0468	0.0402	0.0386	0.0399	0.0442	0.0532	0.0679
520	0.0766	0.0763	0.0748	0.0762	0.0751	0.0737	0.0721	0.0739	0.0777	0.0728	0.0670	0.0644	0.0661	0.0711	0.0787	0.0567	0.0533	0.0535	0.0563	0.0645	0.0761	0.0470	0.0405	0.0388	0.0401	0.0444	0.0534	0.0682
521	0.0769	0.0767	0.0753	0.0765	0.0754	0.0741	0.0725	0.0741	0.0780	0.0731	0.0671	0.0648	0.0663	0.0714	0.0790	0.0571	0.0535	0.0537	0.0566	0.0648	0.0763	0.0472	0.0406	0.0391	0.0402	0.0446	0.0534	0.0684
522	0.0773	0.0771	0.0756	0.0769	0.0757	0.0744	0.0729	0.0744	0.0784	0.0735	0.0675	0.0650	0.0667	0.0717	0.0793	0.0573	0.0538	0.0540	0.0568	0.0651	0.0767	0.0474	0.0408	0.0394	0.0404	0.0448	0.0537	0.0686
523	0.0776	0.0775	0.0760	0.0774	0.0761	0.0747	0.0732	0.0748	0.0789	0.0739	0.0679	0.0653	0.0672	0.0721	0.0796	0.0576	0.0541	0.0543	0.0571	0.0654	0.0771	0.0477	0.0409	0.0396	0.0406	0.0451	0.0540	0.0688
524	0.0779	0.0778	0.0763	0.0777	0.0765	0.0752	0.0736	0.0751	0.0792	0.0743	0.0682	0.0657	0.0676	0.0725	0.0801	0.0579	0.0544	0.0545	0.0574	0.0656	0.0772	0.0480	0.0411	0.0396	0.0407	0.0453	0.0541	0.0690
525	0.0784	0.0782	0.0768	0.0781	0.0768	0.0754	0.0740	0.0755	0.0796	0.0746	0.0686	0.0661	0.0679	0.0729	0.0805	0.0583	0.0546	0.0548	0.0576	0.0659	0.0776	0.0481	0.0413	0.0399	0.0409	0.0455	0.0543	0.0694
526	0.0788	0.0786	0.0772	0.0786	0.0772	0.0758	0.0743	0.0760	0.0800	0.0750	0.0689	0.0664	0.0682	0.0733	0.0809	0.0586	0.0549	0.0551	0.0580	0.0662	0.0781	0.0483	0.0415	0.0402	0.0411	0.0457	0.0546	0.0697
527	0.0791	0.0790	0.0775	0.0790	0.0776	0.0763	0.0746	0.0764	0.0804	0.0754	0.0693	0.0667	0.0685	0.0736	0.0813	0.0588	0.0552	0.0554	0.0583	0.0665	0.0785	0.0487	0.0418	0.0403	0.0414	0.0460	0.0550	0.0699
528	0.0796	0.0794	0.0780	0.0794	0.0781	0.0767	0.0752	0.0770	0.0809	0.0758	0.0698	0.0671	0.0688	0.0739	0.0818	0.0590	0.0556	0.0558	0.0586	0.0669	0.0789	0.0488	0.0420	0.0405	0.0416	0.0462	0.0553	0.0702
529	0.0801	0.0798	0.0785	0.0798	0.0785	0.0771	0.0756	0.0774	0.0813	0.0762	0.0702	0.0675	0.0692	0.0743	0.0821	0.0594	0.0559	0.0561	0.0589	0.0673	0.0792	0.0492	0.0424	0.0408	0.0419	0.0464	0.0555	0.0705
530	0.0805	0.0803	0.0789	0.0802	0.0790	0.0776	0.0760	0.0777	0.0817	0.0766	0.0705	0.0679	0.0696	0.0748	0.0825	0.0599	0.0562	0.0564	0.0592	0.0676	0.0795	0.0495	0.0427	0.0411	0.0422	0.0467	0.0558	0.0708
531	0.0809	0.0807	0.0794	0.0807	0.0794	0.0780	0.0764	0.0780	0.0821	0.0772	0.0709	0.0683	0.0701	0.0751	0.0829	0.0603	0.0566	0.0566	0.0595	0.0679	0.0798	0.0498	0.0429	0.0412	0.0424	0.0469	0.0560	0.0710
532	0.0814	0.0811	0.0798	0.0811	0.0798	0.0784	0.0768	0.0784	0.0826	0.0776	0.0712	0.0686	0.0704	0.0755	0.0833	0.0606	0.0569	0.0569	0.0599	0.0682	0.0800	0.0500	0.0430	0.0415	0.0425	0.0471	0.0562	0.0713
533	0.0818	0.0815	0.0801	0.0815	0.0802	0.0787	0.0772	0.0788	0.0832	0.0779	0.0716	0.0689	0.0707	0.0758	0.0837	0.0609	0.0572	0.0573	0.0602	0.0685	0.0803	0.0503	0.0432	0.0417	0.0427	0.0473	0.0564	0.0716
534	0.0822	0.0820	0.0805	0.0820	0.0806	0.0791	0.0776	0.0791	0.0834	0.0783	0.0719	0.0693	0.0711	0.0763	0.0842	0.0612	0.0574	0.0577	0.0604	0.0689	0.0808	0.0505	0.0435	0.0419	0.0430	0.0475	0.0566	0.0718
535	0.0826	0.0825	0.0810	0.0825	0.0810	0.0795	0.0780	0.0797	0.0839	0.0787	0.0724	0.0697	0.0714	0.0766	0.0847	0.0614	0.0577	0.0579	0.0607	0.0691	0.0811	0.0508	0.0437	0.0422	0.0432	0.0478	0.0569	0.0721
536	0.0831	0.0830	0.0814	0.0829	0.0815	0.0800	0.0784	0.0802	0.0843	0.0791	0.0728	0.0701	0.0718	0.0770	0.0850	0.0617	0.0581	0.0581	0.0611	0.0694	0.0815	0.0510	0.0439	0.0424	0.0435	0.0481	0.0571	0.0724
537	0.0837	0.0834	0.0818	0.0834	0.0821	0.0806	0.0790	0.0806	0.0848	0.0795	0.0732	0.0705	0.0724	0.0775	0.0854	0.0622	0.0585	0.0584	0.0614	0.0698	0.0820	0.0514	0.0442	0.0426	0.0438	0.0484	0.0575	0.0727
538	0.0840	0.0839	0.0823	0.0838	0.0824	0.0809	0.0793	0.0811	0.0852	0.0799	0.0736	0.0710	0.0727	0.0779	0.0859	0.0625	0.0588	0.0588	0.0617	0.0702	0.0824	0.0516	0.0445	0.0429	0.0440	0.0485	0.0578	0.0729
539	0.0844	0.0843	0.0828	0.0843	0.0828	0.0813	0.0798	0.0815	0.0857	0.0804	0.0740	0.0713	0.0731	0.0783	0.0862	0.0629	0.0591	0.0592	0.0621	0.0705	0.0827	0.0519	0.0447	0.0432	0.0442	0.0488	0.0580	0.0732
540	0.0849	0.0847	0.0832	0.0848	0.0833	0.0817	0.0803	0.0820	0.0862	0.0809	0.0744	0.0717	0.0736	0.0787	0.0866	0.0632	0.0595	0.0595	0.0624	0.0709	0.0831	0.0522	0.0449	0.0434	0.0445	0.0490	0.0582	0.0736
541	0.0853	0.0852	0.0836	0.0853	0.0838	0.0822	0.0807	0.0824	0.0867	0.0814	0.0748	0.0721	0.0739	0.0791	0.0871	0.0635	0.0597	0.0598	0.0629	0.0713	0.0834	0.0525	0.0452	0.0436	0.0447	0.0492	0.0584	0.0738
542	0.0858	0.0857	0.0842	0.0858	0.0843	0.0826	0.0811	0.0828	0.0871	0.0818	0.0752	0.0725	0.0743	0.0795	0.0876	0.0639	0.0601	0.0601	0.0632	0.0716	0.0838	0.0528	0.0454	0.0439	0.0450	0.0495	0.0588	0.0741
543	0.0863	0.0862	0.0847	0.0863	0.0847	0.0831	0.0815	0.0833	0.0875	0.0823	0.0756	0.0729	0.0747	0.0800	0.0881	0.0643	0.0605	0.0605	0.0634	0.0720	0.0842	0.0531	0.0457	0.0442	0.0452	0.0498	0.0591	0.0744
544	0.0868	0.0867	0.0852	0.0868	0.0852	0.0836	0.0820	0.0838	0.0882	0.0828	0.0761	0.0734	0.0751	0.0804	0.0885	0.0648	0.0608	0.0610	0.0638	0.0724	0.0846	0.0534	0.0460	0.0445	0.0455	0.0501	0.0593	0.0747
545	0.0872	0.0872	0.0857	0.0872	0.0858	0.0841	0.0825	0.0843	0.0887	0.0832	0.0765	0.0738	0.0754	0.0809	0.0890	0.0650	0.0612	0.0613	0.0642	0.0728	0.0851	0.0537	0.0463	0.0447	0.0457	0.0504	0.0597	0.0751
546	0.0877	0.0876	0.0862	0.0876	0.0863	0.0846	0.0829	0.0848	0.0891	0.0837	0.0769	0.0742	0.0758	0.0813	0.0894	0.0653	0.0615	0.0616	0.0645	0.0732	0.0855	0.0539	0.0466	0.0449	0.0459	0.0506	0.0600	0.0754
547	0.0882	0.0880	0.0867	0.0881	0.0867	0.0850	0.0833	0.0851	0.0896	0.0842	0.0773	0.0746	0.0763	0.0817	0.0898	0.0657	0.0617	0.0619	0.0648	0.0735	0.0857	0.0542	0.0467	0.0450	0.0462	0.0509	0.0601	0.0756
548	0.0888	0.0887	0.0873	0.0887	0.0873	0.0855	0.0840	0.0857	0.0901	0.0848	0.0779	0.0751	0.0769	0.0822	0.0904	0.0662	0.0622	0.0623	0.0653	0.0739	0.0863	0.0546	0.0471	0.0454	0.0465	0.0512	0.0604	0.0761
549	0.0893	0.0893	0.0878	0.0893	0.0878	0.0861	0.0845	0.0863	0.0906	0.0853	0.0784	0.0755	0.0773	0.0827	0.0909	0.0666	0.0625	0.0627	0.0657	0.0743	0.0867	0.0549	0.0475	0.0457	0.0468	0.0515	0.0608	0.0765
550	0.0898	0.0898	0.0883	0.0899	0.0883	0.0866	0.0850	0.0868	0.0911	0.0858	0.0789	0.0759	0.0777	0.0833	0.0913	0.0670	0.0629	0.0631	0.0661	0.0747	0.0872	0.0553	0.0478	0.0460	0.0471	0.0518	0.0611	0.0767
551	0.0903	0.0903	0.0889	0.0904	0.0888	0.0870	0.0853	0.0872	0.0917	0.0862	0.0793	0.0765	0.0782	0.0836	0.0917	0.0673	0.0634	0.0635	0.0664	0.0751	0.0874	0.0556	0.0480	0.0463	0.0474	0.0520	0.0615	0.0770
552	0.0910	0.0909	0.0894	0.0909	0.0894	0.0875	0.0859	0.0878	0.0922	0.0867	0.0798	0.0769	0.0786	0.0841	0.0923	0.0678	0.0638	0.0638	0.0668	0.0755	0.0880	0.0559	0.0483	0.0466	0.0476	0.0523	0.0618	0.0773
553	0.0916	0.0914	0.0899	0.0915	0.0899	0.0881	0.0865	0.0883	0.0927	0.0872	0.0803	0.0773	0.0791	0.0846	0.0929	0.0683	0.0642	0.0642	0.0672	0.0759	0.0885	0.0562	0.0486	0.0469	0.0479	0.0526	0.0621	0.0777
554	0.0920	0.0919	0.0904	0.0921	0.0904	0.0886	0.0870	0.0887	0.0932	0.0877	0.0807	0.0778	0.0796	0.0850	0.0933	0.0686	0.0645	0.0646	0.0676	0.0763	0.0888	0.0565	0.0489	0.0471	0.0482	0.0530	0.0623	0.0779
555	0.0926	0.0925	0.0910	0.0926	0.0910	0.0892	0.0875	0.0893	0.0939	0.0883	0.0812	0.0784	0.0801	0.0855	0.0939	0.0691	0.0650	0.0650	0.0680	0.0768	0.0892	0.0569	0.0492	0.0474	0.0485	0.0532	0.0627	0.0784
556	0.0932	0.0930	0.0916	0.0932	0.0916	0.0898	0.0880	0.0899	0.0945	0.0889	0.0817	0.0789	0.0806	0.0861	0.0944	0.0696	0.0653	0.0655	0.0684	0.0772	0.0897	0.0573	0.0495	0.0478	0.0488	0.0535	0.0630	0.0788
557	0.0937	0.0936	0.0922	0.0937	0.0921	0.0903	0.0886	0.0905	0.0950	0.0895	0.0822	0.0793	0.0811	0.0868	0.0949	0.0699	0.0657	0.0659	0.0689	0.0777	0.0902	0.0576	0.0498	0.0480	0.0491	0.0538	0.0634	0.0791
558	0.0944	0.0942	0.0928	0.0943	0.0927	0.0907	0.0891	0.0910	0.0956	0.0900	0.0827	0.0798	0.0816	0.0872	0.0954	0.0704	0.0662	0.0663	0.0693	0.0781	0.0908	0.0580	0.0501	0.0483	0.0494	0.0541	0.0637	0.0795
559	0.0949	0.0948	0.0934	0.0949	0.0933	0.0913	0.0897	0.0916	0.0962	0.0906	0.0833	0.0803	0.0821	0.0877	0.0960	0.0708	0.0667	0.0667	0.0698	0.0785	0.0912	0.0584	0.0504	0.0486	0.0497	0.0545	0.0640	0.0799
560	0.0955	0.0953	0.0939	0.0956	0.0938	0.0920	0.0903	0.0922	0.0967	0.0912	0.0839	0.0809	0.0825	0.0882	0.0965	0.0713	0.0671	0.0671	0.0702	0.0789	0.0916	0.0587	0.0508	0.0490	0.0500	0.0549	0.0644	0.0802
561	0.0961	0.0960	0.0945	0.0962	0.0944	0.0926	0.0908	0.0927	0.0973	0.0917	0.0844	0.0814	0.0831	0.0887	0.0971	0.0718	0.0675	0.0675	0.0705	0.0795	0.0921	0.0590	0.0510	0.0493	0.0503	0.0552	0.0647	0.0806
562	0.0966	0.0966	0.0951	0.0967	0.0950	0.0932	0.0914	0.0933	0.0979	0.0922	0.0849	0.0819	0.0836	0.0892	0.0977	0.0722	0.0679	0.0679	0.0710	0.0799	0.0926	0.0594	0.0513	0.0495	0.0506	0.0554	0.0650	0.0809
563	0.0971	0.0971	0.0957	0.0973	0.0956	0.0937	0.0919	0.0939	0.0985	0.0928	0.0854	0.0824	0.0842	0.0897	0.0983	0.0726	0.0683	0.0683	0.0714	0.0803	0.0930	0.0598	0.0516	0.0498	0.0510	0.0557	0.0653	0.0813
564	0.0978	0.0977	0.0963	0.0979	0.0962	0.0942	0.0925	0.0945	0.0992	0.0934	0.0859	0.0829	0.0847	0.0903	0.0988	0.0731	0.0688	0.0687	0.0718	0.0808	0.0936	0.0601	0.0521	0.0503	0.0513	0.0560	0.0657	0.0817
565	0.0984	0.0984	0.0969	0.0985	0.0968	0.0948	0.0931	0.0951	0.0998	0.0940	0.0864	0.0834	0.0852	0.0909	0.0993	0.0735	0.0692	0.0692	0.0722	0.0812	0.0940	0.0605	0.0524	0.0506	0.0516	0.0564	0.0661	0.0820
566	0.0990	0.0990	0.0975	0.0992	0.0974	0.0955	0.0937	0.0957	0.1004	0.0946	0.0870	0.0840	0.0857	0.0914	0.0999	0.0740	0.0697	0.0696	0.0727	0.0817	0.0945	0.0609	0.0527	0.0508	0.0519	0.0567	0.0664	0.0824
567	0.0996	0.0996	0.0981	0.0998	0.0980	0.0960	0.0943	0.0963	0.1009	0.0951	0.0875	0.0845	0.0862	0.0919	0.1005	0.0745	0.0702	0.0701	0.0731	0.0821	0.0949	0.0613	0.0530	0.0511	0.0522	0.0571	0.0667	0.0829
568	0.1002	0.1002	0.0987	0.1004	0.0986	0.0966	0.0948	0.0968	0.1014	0.0957	0.0881	0.0850	0.0867	0.0924	0.1010	0.0749	0.0705	0.0704	0.0735	0.0826	0.0954	0.0615	0.0534	0.0514	0.0525	0.0574	0.0671	0.0832
569	0.1008	0.1007	0.0993	0.1010	0.0992	0.0971	0.0954	0.0973	0.1020	0.0962	0.0886	0.0855	0.0872	0.0929	0.1015	0.0753	0.0709	0.0709	0.0740	0.0830	0.0959	0.0619	0.0537	0.0518	0.0527	0.0576	0.0674	0.0835
570	0.1014	0.1013	0.0999	0.1015	0.0997	0.0976	0.0959	0.0980	0.1026	0.0968	0.0891	0.0860	0.0878	0.0935	0.1020	0.0757	0.0713	0.0713	0.0744	0.0834	0.0964	0.0623	0.0540	0.0522	0.0531	0.0579	0.0678	0.0838
571	0.1019	0.1019	0.1005	0.1022	0.1002	0.0983	0.0965	0.0985	0.1031	0.0974	0.0897	0.0865	0.0883	0.0940	0.1026	0.0762	0.0718	0.0718	0.0748	0.0838	0.0969	0.0627	0.0543	0.0525	0.0534	0.0583	0.0680	0.0842
572	0.1025	0.1025	0.1010	0.1027	0.1008	0.0988	0.0970	0.0991	0.1037	0.0979	0.0902	0.0870	0.0887	0.0945	0.1031	0.0767	0.0722	0.0721	0.0752	0.0842	0.0973	0.0630	0.0546	0.0527	0.0537	0.0586	0.0683	0.0845
573	0.1031	0.1031	0.1016	0.1033	0.1014	0.0994	0.0976	0.0996	0.1044	0.0985	0.0906	0.0875	0.0892	0.0951	0.1037	0.0771	0.0726	0.0725	0.0756	0.0847	0.0977	0.0633	0.0550	0.0530	0.0540	0.0589	0.0686	0.0848
574	0.1036	0.1036	0.1022	0.1040	0.1020	0.0999	0.0981	0.1002	0.1050	0.0991	0.0911	0.0880	0.0897	0.0955	0.1042	0.0776	0.0730	0.0730	0.0760	0.0852	0.0981	0.0636	0.0552	0.0533	0.0543	0.0592	0.0690	0.0852
575	0.1042	0.1042	0.1028	0.1046	0.1026	0.1005	0.0987	0.1008	0.1055	0.0996	0.0917	0.0885	0.0902	0.0961	0.1049	0.0780	0.0735	0.0734	0.0764	0.0856	0.0986	0.0640	0.0556	0.0536	0.0546	0.0596	0.0694	0.0857
576	0.1049	0.1049	0.1034	0.1052	0.1032	0.1011	0.0993	0.1014	0.1061	0.1002	0.0923	0.0890	0.0908	0.0966	0.1054	0.0785	0.0739	0.0738	0.0769	0.0861	0.0991	0.0644	0.0559	0.0539	0.0550	0.0599	0.0697	0.0861
577	0.1055	0.1055	0.1040	0.1058	0.1038	0.1017	0.0998	0.1019	0.1067	0.1007	0.0928	0.0895	0.0913	0.0971	0.1059	0.0789	0.0744	0.0742	0.0773	0.0866	0.0996	0.0648	0.0563	0.0543	0.0554	0.0602	0.0701	0.0864
578	0.1060	0.1060	0.1046	0.1064	0.1044	0.1023	0.1004	0.1025	0.1073	0.1013	0.0933	0.0901	0.0918	0.0976	0.1064	0.0794	0.0748	0.0747	0.0778	0.0869	0.1001	0.0651	0.0566	0.0546	0.0556	0.0605	0.0703	0.0867
579	0.1066	0.1065	0.1052	0.1070	0.1049	0.1028	0.1010	0.1030	0.1079	0.1018	0.0938	0.0906	0.0923	0.0982	0.1069	0.0798	0.0752	0.0751	0.0782	0.0874	0.1006	0.0655	0.0569	0.0549	0.0559	0.0608	0.0706	0.0871
580	0.1071	0.1071	0.1058	0.1075	0.1055	0.1033	0.1015	0.1036	0.1084	0.1023	0.0943	0.0911	0.0928	0.0987	0.1075	0.0802	0.0756	0.0755	0.0786	0.0878	0.1010	0.0658	0.0572	0.0552	0.0562	0.0611	0.0710	0.0874
581	0.1077	0.1077	0.1063	0.1081	0.1060	0.1038	0.1020	0.1042	0.1090	0.1028	0.0948	0.0915	0.0933	0.0992	0.1080	0.0807	0.0760	0.0759	0.0790	0.0883	0.1015	0.0661	0.0575	0.0555	0.0565	0.0614	0.0713	0.0878
582	0.1083	0.1083	0.1069	0.1087	0.1066	0.1044	0.1026	0.1047	0.1096	0.1034	0.0953	0.0920	0.0937	0.0997	0.1086	0.0811	0.0765	0.0763	0.0794	0.0887	0.1020	0.0665	0.0578	0.0558	0.0568	0.0617	0.0717	0.0882
583	0.1089	0.1089	0.1074	0.1093	0.1071	0.1049	0.1031	0.1052	0.1102	0.1039	0.0958	0.0925	0.0942	0.1002	0.1091	0.0815	0.0769	0.0767	0.0798	0.0891	0.1024	0.0668	0.0582	0.0561	0.0572	0.0620	0.0720	0.0886
584	0.1093	0.1094	0.1080	0.1098	0.1076	0.1055	0.1036	0.1058	0.1107	0.1044	0.0963	0.0930	0.0947	0.1007	0.1096	0.0819	0.0772	0.0771	0.0802	0.0896	0.1029	0.0671	0.0584	0.0563	0.0574	0.0622	0.0723	0.0889
585	0.1099	0.1099	0.1086	0.1104	0.1082	0.1060	0.1042	0.1063	0.1113	0.1049	0.0967	0.0935	0.0952	0.1012	0.1101	0.0823	0.0776	0.0775	0.0805	0.0900	0.1034	0.0673	0.0587	0.0566	0.0576	0.0625	0.0726	0.0893
586	0.1104	0.1105	0.1091	0.1110	0.1087	0.1065	0.1047	0.1068	0.1118	0.1054	0.0972	0.0940	0.0956	0.1017	0.1107	0.0827	0.0781	0.0779	0.0809	0.0904	0.1038	0.0677	0.0590	0.0569	0.0579	0.0628	0.0730	0.0897
587	0.1109	0.1110	0.1097	0.1115	0.1093	0.1070	0.1052	0.1074	0.1124	0.1059	0.0977	0.0945	0.0962	0.1021	0.1112	0.0831	0.0784	0.0783	0.0814	0.0908	0.1043	0.0680	0.0593	0.0572	0.0582	0.0632	0.0733	0.0901
588	0.1114	0.1116	0.1102	0.1120	0.1097	0.1075	0.1057	0.1079	0.1130	0.1064	0.0982	0.0949	0.0966	0.1027	0.1117	0.0835	0.0787	0.0786	0.0818	0.0912	0.1048	0.0683	0.0596	0.0575	0.0585	0.0635	0.0736	0.0905
589	0.1120	0.1121	0.1108	0.1126	0.1102	0.1080	0.1062	0.1085	0.1135	0.1069	0.0986	0.0953	0.0971	0.1032	0.1122	0.0839	0.0791	0.0790	0.0822	0.0916	0.1052	0.0686	0.0598	0.0578	0.0588	0.0637	0.0739	0.0908
590	0.1125	0.1126	0.1113	0.1131	0.1107	0.1086	0.1067	0.1090	0.1139	0.1074	0.0990	0.0958	0.0976	0.1037	0.1127	0.0842	0.0795	0.0794	0.0825	0.0920	0.1057	0.0689	0.0601	0.0580	0.0591	0.0640	0.0741	0.0911
591	0.1130	0.1131	0.1118	0.1136	0.1111	0.1091	0.1072	0.1094	0.1144	0.1080	0.0995	0.0963	0.0981	0.1042	0.1131	0.0846	0.0799	0.0798	0.0829	0.0925	0.1060	0.0692	0.0603	0.0583	0.0594	0.0644	0.0745	0.0914
592	0.1136	0.1138	0.1124	0.1142	0.1118	0.1096	0.1078	0.1100	0.1149	0.1085	0.1001	0.0968	0.0986	0.1046	0.1136	0.0850	0.0803	0.0802	0.0834	0.0930	0.1064	0.0696	0.0606	0.0586	0.0597	0.0648	0.0748	0.0916
593	0.1143	0.1144	0.1130	0.1148	0.1124	0.1103	0.1084	0.1106	0.1154	0.1091	0.1007	0.0974	0.0992	0.1051	0.1141	0.0855	0.0808	0.0807	0.0839	0.0934	0.1067	0.0699	0.0610	0.0590	0.0600	0.0651	0.0752	0.0917
594	0.1151	0.1152	0.1137	0.1154	0.1132	0.1110	0.1091	0.1113	0.1161	0.1096	0.1014	0.0979	0.0997	0.1058	0.1145	0.0862	0.0813	0.0812	0.0844	0.0938	0.1070	0.0704	0.0616	0.0594	0.0604	0.0655	0.0755	0.0919
595	0.1155	0.1157	0.1143	0.1160	0.1138	0.1115	0.1096	0.1118	0.1166	0.1101	0.1018	0.0984	0.1001	0.1062	0.1150	0.0866	0.0817	0.0815	0.0847	0.0942	0.1073	0.0707	0.0619	0.0596	0.0606	0.0657	0.0757	0.0921
596	0.1159	0.1161	0.1147	0.1164	0.1142	0.1119	0.1099	0.1122	0.1171	0.1105	0.1022	0.0987	0.1005	0.1065	0.1154	0.0870	0.0820	0.0817	0.0850	0.0945	0.1076	0.0709	0.0621	0.0599	0.0608	0.0659	0.0759	0.0923
597	0.1163	0.1165	0.1150	0.1169	0.1145	0.1122	0.1103	0.1126	0.1174	0.1108	0.1025	0.0990	0.1008	0.1068	0.1159	0.0872	0.0823	0.0821	0.0852	0.0947	0.1080	0.0712	0.0623	0.0601	0.0611	0.0660	0.0761	0.0925
598	0.1166	0.1167	0.1153	0.1172	0.1149	0.1125	0.1106	0.1128	0.1178	0.1112	0.1028	0.0993	0.1010	0.1071	0.1162	0.0875	0.0826	0.0823	0.0854	0.0949	0.1083	0.0714	0.0625	0.0602	0.0613	0.0662	0.0761	0.0928
599	0.1168	0.1170	0.1156	0.1175	0.1152	0.1128	0.1109	0.1131	0.1182	0.1117	0.1030	0.0996	0.1014	0.1074	0.1166	0.0877	0.0828	0.0826	0.0857	0.0952	0.1087	0.0717	0.0627	0.0604	0.0615	0.0665	0.0764	0.0931
600	0.1171	0.1173	0.1159	0.1179	0.1156	0.1131	0.1113	0.1134	0.1187	0.1121	0.1033	0.0999	0.1017	0.1078	0.1170	0.0880	0.0831	0.0829	0.0861	0.0956	0.1092	0.0720	0.0628	0.0606	0.0618	0.0667	0.0769	0.0936
601	0.1174	0.1177	0.1163	0.1183	0.1159	0.1134	0.1116	0.1138	0.1191	0.1125	0.1036	0.1002	0.1020	0.1082	0.1175	0.0882	0.0833	0.0832	0.0864	0.0959	0.1096	0.0722	0.0629	0.0608	0.0619	0.0670	0.0771	0.0941
602	0.1178	0.1181	0.1167	0.1188	0.1163	0.1138	0.1120	0.1143	0.1195	0.1129	0.1039	0.1005	0.1024	0.1086	0.1180	0.0885	0.0835	0.0834	0.0867	0.0962	0.1101	0.0724	0.0631	0.0610	0.0621	0.0672	0.0773	0.0945
603	0.1182	0.1185	0.1172	0.1193	0.1167	0.1143	0.1124	0.1147	0.1200	0.1132	0.1043	0.1009	0.1028	0.1090	0.1185	0.0889	0.0838	0.0836	0.0869	0.0966	0.1105	0.0726	0.0634	0.0612	0.0623	0.0673	0.0776	0.0949
604	0.1187	0.1190	0.1176	0.1197	0.1171	0.1146	0.1128	0.1150	0.1205	0.1135	0.1046	0.1012	0.1031	0.1093	0.1188	0.0891	0.0841	0.0840	0.0872	0.0969	0.1109	0.0728	0.0636	0.0614	0.0623	0.0675	0.0778	0.0951
605	0.1192	0.1193	0.1181	0.1203	0.1174	0.1150	0.1132	0.1155	0.1210	0.1138	0.1050	0.1016	0.1035	0.1096	0.1193	0.0894	0.0844	0.0843	0.0875	0.0972	0.1113	0.0730	0.0638	0.0615	0.0626	0.0678	0.0781	0.0955
606	0.1196	0.1198	0.1185	0.1207	0.1178	0.1154	0.1136	0.1159	0.1215	0.1141	0.1054	0.1020	0.1038	0.1100	0.1198	0.0897	0.0847	0.0847	0.0878	0.0975	0.1118	0.0731	0.0640	0.0618	0.0629	0.0680	0.0784	0.0959
607	0.1198	0.1202	0.1188	0.1210	0.1181	0.1158	0.1138	0.1163	0.1218	0.1143	0.1057	0.1024	0.1042	0.1104	0.1202	0.0899	0.0850	0.0848	0.0881	0.0979	0.1123	0.0733	0.0642	0.0620	0.0631	0.0682	0.0785	0.0962
608	0.1203	0.1206	0.1193	0.1215	0.1185	0.1163	0.1143	0.1167	0.1222	0.1148	0.1062	0.1028	0.1045	0.1108	0.1206	0.0903	0.0854	0.0851	0.0884	0.0981	0.1125	0.0736	0.0644	0.0623	0.0632	0.0683	0.0786	0.0963
609	0.1209	0.1210	0.1198	0.1219	0.1190	0.1168	0.1148	0.1171	0.1227	0.1153	0.1066	0.1032	0.1049	0.1112	0.1210	0.0907	0.0858	0.0854	0.0887	0.0984	0.1128	0.0739	0.0647	0.0625	0.0635	0.0685	0.0788	0.0965
610	0.1213	0.1215	0.1203	0.1224	0.1196	0.1173	0.1153	0.1176	0.1231	0.1156	0.1072	0.1037	0.1054	0.1117	0.1213	0.0912	0.0862	0.0858	0.0891	0.0988	0.1129	0.0742	0.0651	0.0629	0.0637	0.0687	0.0791	0.0967
611	0.1218	0.1220	0.1208	0.1228	0.1200	0.1177	0.1157	0.1181	0.1235	0.1161	0.1075	0.1041	0.1058	0.1121	0.1216	0.0916	0.0865	0.0863	0.0894	0.0992	0.1132	0.0746	0.0655	0.0631	0.0641	0.0691	0.0795	0.0968
612	0.1222	0.1224	0.1212	0.1231	0.1205	0.1181	0.1162	0.1185	0.1238	0.1166	0.1079	0.1045	0.1063	0.1125	0.1220	0.0919	0.0868	0.0866	0.0899	0.0996	0.1136	0.0750	0.0658	0.0634	0.0644	0.0695	0.0799	0.0972
613	0.1226	0.1227	0.1216	0.1235	0.1209	0.1184	0.1166	0.1189	0.1242	0.1171	0.1082	0.1048	0.1067	0.1129	0.1223	0.0922	0.0871	0.0869	0.0903	0.1000	0.1140	0.0753	0.0660	0.0636	0.0646	0.0698	0.0803	0.0976
614	0.1229	0.1232	0.1219	0.1239	0.1213	0.1188	0.1169	0.1193	0.1245	0.1175	0.1085	0.1051	0.1071	0.1132	0.1227	0.0924	0.0873	0.0872	0.0905	0.1003	0.1142	0.0755	0.0661	0.0636	0.0648	0.0700	0.0805	0.0978
615	0.1233	0.1236	0.1223	0.1242	0.1216	0.1192	0.1173	0.1196	0.1249	0.1178	0.1088	0.1054	0.1074	0.1136	0.1230	0.0927	0.0875	0.0874	0.0908	0.1006	0.1144	0.0757	0.0662	0.0639	0.0649	0.0702	0.0806	0.0978
616	0.1237	0.1239	0.1226	0.1245	0.1219	0.1195	0.1177	0.1200	0.1252	0.1182	0.1092	0.1057	0.1077	0.1139	0.1232	0.0929	0.0878	0.0876	0.0910	0.1008	0.1145	0.0759	0.0664	0.0641	0.0651	0.0704	0.0807	0.0978
617	0.1240	0.1242	0.1229	0.1249	0.1223	0.1198	0.1180	0.1202	0.1255	0.1185	0.1095	0.1059	0.1080	0.1141	0.1234	0.0932	0.0881	0.0879	0.0913	0.1011	0.1147	0.0761	0.0665	0.0642	0.0653	0.0706	0.0809	0.0979
618	0.1243	0.1246	0.1233	0.1252	0.1226	0.1201	0.1184	0.1207	0.1258	0.1188	0.1098	0.1063	0.1083	0.1145	0.1237	0.0934	0.0883	0.0881	0.0916	0.1014	0.1150	0.0761	0.0667	0.0645	0.0655	0.0709	0.0811	0.0981
619	0.1246	0.1250	0.1237	0.1256	0.1229	0.1205	0.1187	0.1211	0.1261	0.1190	0.1100	0.1066	0.1085	0.1149	0.1240	0.0936	0.0885	0.0884	0.0919	0.1016	0.1153	0.0763	0.0668	0.0646	0.0657	0.0711	0.0814	0.0983
620	0.1251	0.1254	0.1241	0.1259	0.1232	0.1208	0.1190	0.1214	0.1265	0.1192	0.1102	0.1069	0.1088	0.1152	0.1244	0.0938	0.0887	0.0887	0.0921	0.1018	0.1155	0.0764	0.0670	0.0647	0.0659	0.0712	0.0816	0.0984
621	0.1252	0.1257	0.1243	0.1263	0.1235	0.1210	0.1193	0.1217	0.1268	0.1195	0.1104	0.1071	0.1091	0.1154	0.1246	0.0939	0.0888	0.0888	0.0923	0.1021	0.1157	0.0765	0.0670	0.0647	0.0659	0.0713	0.0818	0.0986
622	0.1254	0.1260	0.1246	0.1266	0.1237	0.1213	0.1195	0.1219	0.1271	0.1197	0.1107	0.1073	0.1093	0.1156	0.1248	0.0941	0.0890	0.0890	0.0924	0.1023	0.1159	0.0767	0.0670	0.0648	0.0661	0.0715	0.0819	0.0987
623	0.1257	0.1262	0.1249	0.1269	0.1240	0.1216	0.1197	0.1222	0.1274	0.1201	0.1109	0.1076	0.1096	0.1159	0.1251	0.0943	0.0892	0.0892	0.0926	0.1025	0.1161	0.0769	0.0671	0.0650	0.0662	0.0716	0.0820	0.0988
624	0.1260	0.1266	0.1253	0.1273	0.1244	0.1219	0.1201	0.1226	0.1276	0.1205	0.1113	0.1079	0.1100	0.1162	0.1255	0.0945	0.0895	0.0894	0.0929	0.1027	0.1164	0.0771	0.0672	0.0652	0.0664	0.0718	0.0822	0.0991
625	0.1264	0.1269	0.1255	0.1276	0.1247	0.1222	0.1204	0.1229	0.1280	0.1208	0.1116	0.1081	0.1102	0.1165	0.1258	0.0947	0.0897	0.0896	0.0931	0.1030	0.1166	0.0773	0.0675	0.0653	0.0666	0.0720	0.0824	0.0993
626	0.1268	0.1272	0.1259	0.1279	0.1250	0.1225	0.1208	0.1232	0.1283	0.1211	0.1119	0.1084	0.1105	0.1167	0.1261	0.0950	0.0899	0.0898	0.0933	0.1033	0.1169	0.0775	0.0677	0.0655	0.0668	0.0722	0.0826	0.0996
627	0.1271	0.1276	0.1263	0.1282	0.1254	0.1229	0.1211	0.1235	0.1287	0.1215	0.1122	0.1087	0.1109	0.1171	0.1265	0.0953	0.0902	0.0902	0.0937	0.1035	0.1172	0.0778	0.0681	0.0657	0.0670	0.0724	0.0829	0.0997
628	0.1275	0.1280	0.1267	0.1286	0.1257	0.1233	0.1215	0.1239	0.1291	0.1218	0.1125	0.1091	0.1112	0.1175	0.1268	0.0955	0.0905	0.0905	0.0940	0.1039	0.1176	0.0780	0.0682	0.0659	0.0672	0.0727	0.0832	0.0999
629	0.1278	0.1284	0.1270	0.1290	0.1260	0.1237	0.1219	0.1242	0.1294	0.1221	0.1128	0.1094	0.1115	0.1179	0.1271	0.0958	0.0907	0.0907	0.0943	0.1042	0.1179	0.0783	0.0683	0.0661	0.0674	0.0729	0.0834	0.1002
630	0.1281	0.1286	0.1273	0.1294	0.1263	0.1240	0.1222	0.1245	0.1298	0.1225	0.1131	0.1097	0.1117	0.1182	0.1274	0.0961	0.0910	0.0910	0.0944	0.1044	0.1181	0.0784	0.0685	0.0663	0.0676	0.0731	0.0836	0.1004
631	0.1285	0.1291	0.1277	0.1297	0.1268	0.1244	0.1226	0.1250	0.1302	0.1229	0.1135	0.1101	0.1121	0.1185	0.1278	0.0964	0.0913	0.0912	0.0948	0.1048	0.1186	0.0787	0.0688	0.0666	0.0678	0.0733	0.0838	0.1008
632	0.1289	0.1295	0.1281	0.1300	0.1272	0.1248	0.1229	0.1254	0.1305	0.1232	0.1139	0.1104	0.1126	0.1189	0.1282	0.0966	0.0916	0.0915	0.0951	0.1052	0.1189	0.0790	0.0690	0.0668	0.0680	0.0735	0.0841	0.1011
633	0.1292	0.1298	0.1284	0.1303	0.1275	0.1252	0.1233	0.1257	0.1308	0.1235	0.1142	0.1108	0.1130	0.1192	0.1286	0.0969	0.0919	0.0918	0.0954	0.1054	0.1192	0.0792	0.0692	0.0670	0.0682	0.0737	0.0843	0.1013
634	0.1295	0.1301	0.1287	0.1307	0.1278	0.1254	0.1237	0.1261	0.1313	0.1239	0.1144	0.1110	0.1131	0.1196	0.1290	0.0973	0.0922	0.0921	0.0957	0.1058	0.1195	0.0794	0.0694	0.0671	0.0684	0.0739	0.0846	0.1016
635	0.1299	0.1306	0.1292	0.1312	0.1282	0.1258	0.1241	0.1265	0.1317	0.1243	0.1148	0.1114	0.1135	0.1199	0.1294	0.0976	0.0925	0.0925	0.0961	0.1061	0.1199	0.0796	0.0697	0.0674	0.0686	0.0742	0.0848	0.1019
636	0.1304	0.1310	0.1296	0.1316	0.1286	0.1262	0.1244	0.1269	0.1321	0.1247	0.1151	0.1118	0.1139	0.1203	0.1298	0.0980	0.0927	0.0927	0.0964	0.1064	0.1203	0.0798	0.0700	0.0677	0.0689	0.0744	0.0851	0.1023
637	0.1307	0.1313	0.1299	0.1320	0.1290	0.1265	0.1247	0.1272	0.1325	0.1251	0.1155	0.1120	0.1141	0.1206	0.1301	0.0982	0.0930	0.0929	0.0965	0.1066	0.1205	0.0801	0.0702	0.0679	0.0691	0.0746	0.0853	0.1025
638	0.1311	0.1317	0.1303	0.1324	0.1293	0.1268	0.1250	0.1276	0.1329	0.1254	0.1157	0.1123	0.1144	0.1210	0.1304	0.0985	0.0933	0.0932	0.0968	0.1069	0.1208	0.0802	0.0703	0.0681	0.0692	0.0748	0.0854	0.1027
639	0.1315	0.1321	0.1307	0.1328	0.1297	0.1272	0.1254	0.1280	0.1333	0.1257	0.1161	0.1127	0.1148	0.1213	0.1308	0.0987	0.0935	0.0934	0.0971	0.1072	0.1212	0.0804	0.0705	0.0683	0.0695	0.0749	0.0856	0.1030
640	0.1318	0.1325	0.1312	0.1332	0.1301	0.1276	0.1258	0.1283	0.1337	0.1260	0.1166	0.1130	0.1152	0.1216	0.1313	0.0990	0.0938	0.0937	0.0974	0.1075	0.1215	0.0807	0.0708	0.0685	0.0698	0.0752	0.0859	0.1033
641	0.1321	0.1328	0.1315	0.1336	0.1303	0.1280	0.1261	0.1286	0.1341	0.1263	0.1169	0.1134	0.1154	0.1219	0.1315	0.0993	0.0941	0.0940	0.0976	0.1077	0.1219	0.0808	0.0709	0.0687	0.0699	0.0753	0.0861	0.1035
642	0.1325	0.1332	0.1319	0.1340	0.1308	0.1283	0.1265	0.1290	0.1345	0.1266	0.1172	0.1137	0.1158	0.1223	0.1319	0.0996	0.0944	0.0943	0.0979	0.1080	0.1222	0.0811	0.0711	0.0689	0.0700	0.0755	0.0863	0.1037
643	0.1330	0.1336	0.1323	0.1344	0.1312	0.1287	0.1269	0.1295	0.1349	0.1269	0.1175	0.1140	0.1162	0.1227	0.1323	0.0999	0.0948	0.0946	0.0983	0.1083	0.1225	0.0813	0.0714	0.0691	0.0702	0.0757	0.0865	0.1039
644	0.1334	0.1340	0.1326	0.1348	0.1316	0.1290	0.1273	0.1298	0.1353	0.1273	0.1179	0.1143	0.1165	0.1230	0.1326	0.1002	0.0950	0.0948	0.0985	0.1085	0.1228	0.0815	0.0716	0.0693	0.0705	0.0759	0.0867	0.1041
645	0.1337	0.1343	0.1330	0.1351	0.1319	0.1294	0.1276	0.1302	0.1356	0.1276	0.1181	0.1146	0.1168	0.1233	0.1330	0.1005	0.0952	0.0950	0.0987	0.1088	0.1231	0.0816	0.0718	0.0694	0.0706	0.0762	0.0869	0.1044
646	0.1340	0.1347	0.1334	0.1355	0.1322	0.1297	0.1279	0.1305	0.1360	0.1279	0.1184	0.1149	0.1171	0.1237	0.1334	0.1007	0.0955	0.0953	0.0990	0.1091	0.1234	0.0818	0.0720	0.0696	0.0708	0.0763	0.0871	0.1046
647	0.1345	0.1352	0.1339	0.1359	0.1326	0.1301	0.1283	0.1309	0.1364	0.1282	0.1189	0.1153	0.1174	0.1241	0.1337	0.1010	0.0957	0.0956	0.0993	0.1094	0.1238	0.0821	0.0722	0.0699	0.0711	0.0765	0.0873	0.1049
648	0.1348	0.1355	0.1343	0.1363	0.1330	0.1305	0.1287	0.1313	0.1368	0.1286	0.1192	0.1157	0.1177	0.1244	0.1341	0.1013	0.0960	0.0959	0.0995	0.1098	0.1240	0.0822	0.0724	0.0701	0.0713	0.0767	0.0876	0.1051
649	0.1352	0.1359	0.1346	0.1367	0.1333	0.1308	0.1291	0.1316	0.1371	0.1289	0.1194	0.1160	0.1181	0.1247	0.1344	0.1016	0.0963	0.0962	0.0998	0.1101	0.1243	0.0824	0.0726	0.0702	0.0714	0.0770	0.0878	0.1054
650	0.1356	0.1362	0.1350	0.1371	0.1336	0.1311	0.1294	0.1320	0.1375	0.1292	0.1198	0.1163	0.1184	0.1251	0.1347	0.1018	0.0964	0.0964	0.1001	0.1103	0.1246	0.0827	0.0727	0.0704	0.0716	0.0772	0.0880	0.1056
651	0.1359	0.1367	0.1354	0.1375	0.1341	0.1315	0.1299	0.1324	0.1379	0.1296	0.1202	0.1166	0.1188	0.1255	0.1351	0.1021	0.0968	0.0967	0.1004	0.1106	0.1249	0.0830	0.0730	0.0706	0.0719	0.0774	0.0882	0.1059
652	0.1362	0.1370	0.1357	0.1379	0.1345	0.1319	0.1302	0.1328	0.1383	0.1299	0.1205	0.1169	0.1191	0.1258	0.1355	0.1023	0.0971	0.0970	0.1006	0.1109	0.1253	0.0831	0.0732	0.0708	0.0721	0.0776	0.0884	0.1062
653	0.1366	0.1373	0.1361	0.1383	0.1347	0.1322	0.1305	0.1332	0.1387	0.1302	0.1208	0.1173	0.1194	0.1261	0.1359	0.1026	0.0973	0.0973	0.1008	0.1112	0.1255	0.0833	0.0733	0.0710	0.0722	0.0777	0.0886	0.1063
654	0.1370	0.1376	0.1365	0.1386	0.1350	0.1325	0.1308	0.1334	0.1390	0.1305	0.1211	0.1176	0.1197	0.1264	0.1363	0.1028	0.0975	0.0975	0.1011	0.1114	0.1258	0.0835	0.0735	0.0712	0.0723	0.0779	0.0888	0.1065
655	0.1373	0.1381	0.1369	0.1390	0.1354	0.1329	0.1311	0.1338	0.1393	0.1309	0.1213	0.1179	0.1200	0.1267	0.1365	0.1031	0.0978	0.0977	0.1014	0.1117	0.1260	0.0837	0.0737	0.0713	0.0725	0.0781	0.0890	0.1067
656	0.1377	0.1385	0.1372	0.1393	0.1358	0.1333	0.1315	0.1342	0.1397	0.1312	0.1216	0.1182	0.1203	0.1270	0.1369	0.1034	0.0980	0.0979	0.1017	0.1120	0.1264	0.0839	0.0738	0.0715	0.0728	0.0784	0.0892	0.1069
657	0.1380	0.1388	0.1376	0.1397	0.1360	0.1337	0.1318	0.1345	0.1401	0.1315	0.1220	0.1185	0.1207	0.1273	0.1372	0.1037	0.0983	0.0982	0.1020	0.1122	0.1267	0.0841	0.0740	0.0717	0.0730	0.0785	0.0894	0.1072
658	0.1384	0.1392	0.1380	0.1401	0.1365	0.1340	0.1322	0.1349	0.1405	0.1319	0.1223	0.1189	0.1211	0.1277	0.1376	0.1040	0.0986	0.0985	0.1023	0.1126	0.1271	0.0843	0.0742	0.0719	0.0732	0.0788	0.0897	0.1075
659	0.1388	0.1397	0.1384	0.1405	0.1370	0.1344	0.1326	0.1353	0.1409	0.1323	0.1227	0.1192	0.1214	0.1281	0.1379	0.1042	0.0989	0.0988	0.1026	0.1129	0.1274	0.0845	0.0745	0.0722	0.0734	0.0790	0.0899	0.1077
660	0.1391	0.1400	0.1387	0.1409	0.1373	0.1347	0.1329	0.1356	0.1413	0.1326	0.1231	0.1195	0.1217	0.1285	0.1384	0.1044	0.0992	0.0991	0.1028	0.1131	0.1276	0.0848	0.0747	0.0724	0.0736	0.0792	0.0900	0.1079
661	0.1395	0.1404	0.1390	0.1413	0.1376	0.1351	0.1334	0.1360	0.1416	0.1330	0.1234	0.1198	0.1220	0.1288	0.1387	0.1048	0.0995	0.0994	0.1031	0.1134	0.1280	0.0849	0.0749	0.0726	0.0738	0.0794	0.0903	0.1081
662	0.1399	0.1407	0.1395	0.1416	0.1380	0.1355	0.1337	0.1364	0.1420	0.1333	0.1237	0.1202	0.1224	0.1292	0.1391	0.1051	0.0998	0.0996	0.1034	0.1138	0.1283	0.0851	0.0751	0.0728	0.0740	0.0797	0.0906	0.1083
663	0.1403	0.1411	0.1399	0.1421	0.1383	0.1358	0.1341	0.1368	0.1425	0.1337	0.1241	0.1205	0.1227	0.1295	0.1394	0.1054	0.1000	0.0999	0.1036	0.1141	0.1285	0.0854	0.0753	0.0730	0.0742	0.0799	0.0909	0.1086
664	0.1406	0.1414	0.1401	0.1423	0.1386	0.1361	0.1344	0.1371	0.1427	0.1339	0.1243	0.1207	0.1230	0.1298	0.1396	0.1056	0.1002	0.1001	0.1039	0.1143	0.1287	0.0855	0.0754	0.0732	0.0743	0.0800	0.0910	0.1088
665	0.1409	0.1418	0.1405	0.1427	0.1390	0.1365	0.1348	0.1375	0.1431	0.1343	0.1246	0.1211	0.1234	0.1301	0.1400	0.1058	0.1005	0.1004	0.1042	0.1146	0.1290	0.0857	0.0756	0.0734	0.0745	0.0802	0.0912	0.1091
666	0.1413	0.1422	0.1410	0.1431	0.1394	0.1370	0.1352	0.1379	0.1435	0.1346	0.1249	0.1214	0.1237	0.1305	0.1403	0.1061	0.1008	0.1007	0.1046	0.1149	0.1294	0.0860	0.0758	0.0736	0.0748	0.0805	0.0914	0.1093
667	0.1417	0.1426	0.1413	0.1435	0.1397	0.1372	0.1355	0.1382	0.1438	0.1349	0.1253	0.1217	0.1240	0.1308	0.1406	0.1064	0.1010	0.1009	0.1048	0.1151	0.1297	0.0862	0.0760	0.0737	0.0750	0.0807	0.0916	0.1095
668	0.1420	0.1428	0.1416	0.1438	0.1400	0.1375	0.1358	0.1386	0.1442	0.1353	0.1256	0.1220	0.1243	0.1312	0.1410	0.1067	0.1012	0.1012	0.1050	0.1154	0.1300	0.0865	0.0762	0.0739	0.0752	0.0808	0.0918	0.1097
669	0.1423	0.1432	0.1420	0.1442	0.1404	0.1379	0.1361	0.1389	0.1446	0.1356	0.1259	0.1223	0.1246	0.1315	0.1414	0.1069	0.1015	0.1015	0.1053	0.1157	0.1303	0.0867	0.0764	0.0741	0.0754	0.0810	0.0920	0.1099
670	0.1427	0.1436	0.1423	0.1446	0.1407	0.1383	0.1365	0.1392	0.1450	0.1361	0.1262	0.1227	0.1250	0.1319	0.1418	0.1072	0.1018	0.1018	0.1056	0.1160	0.1306	0.0868	0.0766	0.0743	0.0755	0.0812	0.0923	0.1102
671	0.1431	0.1440	0.1428	0.1450	0.1411	0.1386	0.1369	0.1397	0.1453	0.1364	0.1266	0.1231	0.1253	0.1321	0.1422	0.1075	0.1021	0.1020	0.1059	0.1163	0.1309	0.0871	0.0768	0.0745	0.0757	0.0815	0.0925	0.1104
672	0.1434	0.1444	0.1432	0.1453	0.1415	0.1390	0.1373	0.1400	0.1456	0.1367	0.1269	0.1234	0.1257	0.1324	0.1425	0.1078	0.1023	0.1023	0.1062	0.1166	0.1312	0.0873	0.0770	0.0746	0.0759	0.0817	0.0927	0.1107
673	0.1437	0.1447	0.1435	0.1457	0.1418	0.1393	0.1376	0.1403	0.1460	0.1370	0.1271	0.1237	0.1261	0.1327	0.1428	0.1080	0.1026	0.1025	0.1064	0.1169	0.1314	0.0874	0.0772	0.0749	0.0762	0.0819	0.0929	0.1109
674	0.1441	0.1450	0.1438	0.1460	0.1422	0.1396	0.1380	0.1407	0.1464	0.1373	0.1274	0.1239	0.1264	0.1331	0.1431	0.1082	0.1028	0.1028	0.1066	0.1171	0.1318	0.0876	0.0773	0.0750	0.0763	0.0821	0.0931	0.1111
675	0.1444	0.1454	0.1442	0.1464	0.1425	0.1399	0.1383	0.1410	0.1467	0.1376	0.1277	0.1241	0.1266	0.1334	0.1435	0.1084	0.1031	0.1030	0.1068	0.1174	0.1321	0.0878	0.0775	0.0752	0.0764	0.0822	0.0933	0.1113
676	0.1447	0.1458	0.1445	0.1467	0.1427	0.1403	0.1385	0.1413	0.1470	0.1378	0.1280	0.1244	0.1268	0.1337	0.1438	0.1087	0.1032	0.1032	0.1071	0.1176	0.1323	0.0881	0.0778	0.0754	0.0765	0.0823	0.0935	0.1114
677	0.1451	0.1461	0.1449	0.1471	0.1431	0.1406	0.1389	0.1415	0.1474	0.1381	0.1283	0.1248	0.1272	0.1341	0.1441	0.1090	0.1035	0.1035	0.1074	0.1179	0.1326	0.0883	0.0779	0.0756	0.0768	0.0826	0.0938	0.1117
678	0.1454	0.1464	0.1452	0.1474	0.1434	0.1409	0.1392	0.1419	0.1477	0.1385	0.1286	0.1250	0.1274	0.1343	0.1443	0.1092	0.1038	0.1037	0.1076	0.1181	0.1328	0.0884	0.0781	0.0758	0.0769	0.0827	0.0939	0.1119
679	0.1457	0.1467	0.1455	0.1478	0.1437	0.1412	0.1396	0.1423	0.1480	0.1388	0.1289	0.1253	0.1277	0.1345	0.1446	0.1094	0.1040	0.1039	0.1078	0.1183	0.1330	0.0886	0.0783	0.0759	0.0771	0.0829	0.0941	0.1121
680	0.1461	0.1470	0.1459	0.1482	0.1441	0.1416	0.1400	0.1427	0.1484	0.1392	0.1293	0.1257	0.1280	0.1349	0.1450	0.1098	0.1042	0.1042	0.1083	0.1187	0.1333	0.0888	0.0785	0.0762	0.0773	0.0832	0.0943	0.1123
681	0.1464	0.1474	0.1463	0.1485	0.1445	0.1420	0.1402	0.1431	0.1488	0.1394	0.1296	0.1261	0.1284	0.1353	0.1453	0.1101	0.1045	0.1045	0.1085	0.1190	0.1336	0.0890	0.0787	0.0763	0.0775	0.0834	0.0945	0.1126
682	0.1468	0.1478	0.1466	0.1488	0.1448	0.1423	0.1405	0.1434	0.1491	0.1397	0.1298	0.1263	0.1287	0.1356	0.1456	0.1103	0.1048	0.1048	0.1087	0.1192	0.1339	0.0892	0.0789	0.0765	0.0777	0.0835	0.0947	0.1128
683	0.1471	0.1481	0.1469	0.1491	0.1451	0.1425	0.1408	0.1437	0.1494	0.1401	0.1301	0.1266	0.1289	0.1359	0.1460	0.1105	0.1050	0.1050	0.1089	0.1194	0.1342	0.0894	0.0790	0.0766	0.0778	0.0837	0.0949	0.1129
684	0.1474	0.1485	0.1472	0.1495	0.1454	0.1429	0.1412	0.1440	0.1498	0.1403	0.1305	0.1268	0.1293	0.1362	0.1463	0.1107	0.1053	0.1052	0.1092	0.1197	0.1345	0.0896	0.0791	0.0767	0.0781	0.0839	0.0951	0.1131
685	0.1478	0.1488	0.1476	0.1498	0.1457	0.1432	0.1416	0.1444	0.1501	0.1407	0.1308	0.1272	0.1296	0.1365	0.1467	0.1110	0.1055	0.1054	0.1095	0.1200	0.1348	0.0897	0.0793	0.0769	0.0783	0.0841	0.0953	0.1134
686	0.1481	0.1491	0.1481	0.1502	0.1461	0.1436	0.1419	0.1447	0.1505	0.1410	0.1311	0.1275	0.1299	0.1368	0.1471	0.1112	0.1058	0.1057	0.1097	0.1203	0.1350	0.0899	0.0795	0.0772	0.0784	0.0843	0.0956	0.1136
687	0.1485	0.1495	0.1484	0.1506	0.1465	0.1439	0.1423	0.1451	0.1508	0.1414	0.1314	0.1278	0.1302	0.1372	0.1473	0.1114	0.1061	0.1059	0.1100	0.1206	0.1353	0.0902	0.0797	0.0774	0.0787	0.0846	0.0957	0.1139
688	0.1488	0.1498	0.1487	0.1509	0.1469	0.1442	0.1426	0.1454	0.1511	0.1416	0.1317	0.1280	0.1305	0.1375	0.1476	0.1117	0.1063	0.1063	0.1102	0.1208	0.1356	0.0904	0.0799	0.0776	0.0789	0.0848	0.0959	0.1140
689	0.1491	0.1501	0.1490	0.1513	0.1472	0.1446	0.1429	0.1457	0.1515	0.1419	0.1320	0.1283	0.1308	0.1377	0.1479	0.1120	0.1065	0.1065	0.1104	0.1211	0.1359	0.0905	0.0801	0.0777	0.0790	0.0849	0.0961	0.1142
690	0.1495	0.1505	0.1493	0.1517	0.1474	0.1449	0.1432	0.1459	0.1518	0.1422	0.1321	0.1286	0.1311	0.1380	0.1481	0.1122	0.1066	0.1067	0.1107	0.1214	0.1362	0.0906	0.0802	0.0778	0.0790	0.0851	0.0962	0.1144
691	0.1497	0.1508	0.1496	0.1520	0.1477	0.1451	0.1435	0.1463	0.1521	0.1425	0.1324	0.1289	0.1313	0.1383	0.1485	0.1124	0.1069	0.1069	0.1108	0.1215	0.1365	0.0909	0.0804	0.0779	0.0792	0.0852	0.0964	0.1146
692	0.1500	0.1511	0.1499	0.1523	0.1480	0.1453	0.1438	0.1466	0.1524	0.1428	0.1327	0.1291	0.1316	0.1386	0.1488	0.1127	0.1072	0.1071	0.1110	0.1217	0.1367	0.0911	0.0806	0.0781	0.0794	0.0853	0.0966	0.1148
693	0.1503	0.1513	0.1503	0.1526	0.1483	0.1457	0.1441	0.1469	0.1527	0.1430	0.1331	0.1294	0.1319	0.1388	0.1491	0.1130	0.1075	0.1073	0.1113	0.1221	0.1369	0.0912	0.0808	0.0783	0.0796	0.0856	0.0968	0.1151
694	0.1507	0.1518	0.1507	0.1529	0.1487	0.1460	0.1445	0.1473	0.1531	0.1434	0.1334	0.1298	0.1322	0.1392	0.1495	0.1132	0.1077	0.1075	0.1116	0.1223	0.1372	0.0914	0.0810	0.0785	0.0798	0.0857	0.0970	0.1153
695	0.1510	0.1521	0.1510	0.1532	0.1490	0.1464	0.1448	0.1476	0.1534	0.1437	0.1337	0.1300	0.1325	0.1395	0.1497	0.1134	0.1080	0.1078	0.1118	0.1225	0.1375	0.0916	0.0811	0.0787	0.0799	0.0859	0.0972	0.1154
696	0.1513	0.1524	0.1512	0.1536	0.1493	0.1467	0.1451	0.1479	0.1537	0.1440	0.1339	0.1303	0.1327	0.1397	0.1499	0.1136	0.1081	0.1080	0.1120	0.1227	0.1377	0.0918	0.0813	0.0789	0.0801	0.0861	0.0974	0.1156
697	0.1516	0.1527	0.1516	0.1539	0.1496	0.1469	0.1453	0.1482	0.1541	0.1442	0.1341	0.1306	0.1330	0.1401	0.1502	0.1138	0.1083	0.1082	0.1122	0.1230	0.1380	0.0920	0.0815	0.0791	0.0803	0.0862	0.0975	0.1158
698	0.1518	0.1530	0.1518	0.1542	0.1498	0.1472	0.1456	0.1485	0.1544	0.1446	0.1344	0.1308	0.1333	0.1404	0.1505	0.1141	0.1085	0.1084	0.1125	0.1232	0.1382	0.0922	0.0816	0.0792	0.0804	0.0864	0.0977	0.1160
699	0.1521	0.1534	0.1521	0.1545	0.1501	0.1475	0.1459	0.1487	0.1547	0.1449	0.1347	0.1310	0.1335	0.1407	0.1508	0.1143	0.1088	0.1087	0.1128	0.1234	0.1384	0.0923	0.0817	0.0793	0.0806	0.0866	0.0979	0.1162
700	0.1526	0.1536	0.1525	0.1547	0.1505	0.1478	0.1462	0.1491	0.1550	0.1451	0.1350	0.1313	0.1338	0.1410	0.1511	0.1145	0.1090	0.1089	0.1130	0.1237	0.1386	0.0924	0.0819	0.0795	0.0807	0.0868	0.0981	0.1164
701	0.1529	0.1540	0.1528	0.1552	0.1508	0.1482	0.1466	0.1495	0.1553	0.1453	0.1353	0.1317	0.1341	0.1412	0.1515	0.1147	0.1093	0.1091	0.1132	0.1240	0.1390	0.0926	0.0821	0.0797	0.0810	0.0870	0.0983	0.1167
702	0.1532	0.1543	0.1532	0.1555	0.1511	0.1485	0.1469	0.1498	0.1556	0.1456	0.1356	0.1320	0.1344	0.1415	0.1519	0.1150	0.1095	0.1093	0.1134	0.1243	0.1392	0.0928	0.0822	0.0798	0.0811	0.0871	0.0985	0.1169
703	0.1534	0.1545	0.1535	0.1558	0.1515	0.1487	0.1472	0.1500	0.1559	0.1460	0.1358	0.1322	0.1347	0.1418	0.1521	0.1153	0.1097	0.1095	0.1136	0.1245	0.1394	0.0930	0.0824	0.0800	0.0812	0.0872	0.0987	0.1170
704	0.1537	0.1548	0.1538	0.1561	0.1517	0.1490	0.1475	0.1504	0.1562	0.1462	0.1361	0.1325	0.1350	0.1421	0.1523	0.1155	0.1100	0.1098	0.1139	0.1248	0.1397	0.0932	0.0826	0.0802	0.0814	0.0875	0.0989	0.1172
705	0.1540	0.1551	0.1541	0.1564	0.1519	0.1493	0.1477	0.1507	0.1565	0.1465	0.1364	0.1327	0.1352	0.1423	0.1526	0.1157	0.1101	0.1100	0.1141	0.1249	0.1399	0.0933	0.0828	0.0803	0.0816	0.0877	0.0990	0.1174
706	0.1543	0.1554	0.1543	0.1567	0.1522	0.1495	0.1479	0.1510	0.1569	0.1468	0.1366	0.1329	0.1354	0.1425	0.1529	0.1159	0.1103	0.1101	0.1143	0.1251	0.1402	0.0934	0.0829	0.0804	0.0817	0.0878	0.0991	0.1175
707	0.1545	0.1557	0.1547	0.1570	0.1525	0.1499	0.1483	0.1512	0.1571	0.1471	0.1369	0.1332	0.1357	0.1429	0.1532	0.1161	0.1104	0.1104	0.1145	0.1254	0.1405	0.0936	0.0830	0.0806	0.0819	0.0879	0.0993	0.1177
708	0.1548	0.1561	0.1549	0.1573	0.1529	0.1503	0.1486	0.1515	0.1575	0.1474	0.1371	0.1335	0.1360	0.1431	0.1535	0.1163	0.1106	0.1106	0.1147	0.1257	0.1407	0.0938	0.0832	0.0807	0.0820	0.0881	0.0995	0.1179
709	0.1552	0.1564	0.1552	0.1576	0.1532	0.1506	0.1489	0.1518	0.1578	0.1477	0.1374	0.1338	0.1363	0.1434	0.1538	0.1166	0.1109	0.1109	0.1150	0.1260	0.1409	0.0940	0.0834	0.0809	0.0822	0.0883	0.0997	0.1181
710	0.1556	0.1567	0.1556	0.1579	0.1534	0.1508	0.1492	0.1522	0.1580	0.1479	0.1377	0.1341	0.1366	0.1437	0.1541	0.1169	0.1112	0.1111	0.1153	0.1262	0.1411	0.0942	0.0837	0.0812	0.0824	0.0884	0.0999	0.1183
711	0.1558	0.1569	0.1559	0.1582	0.1537	0.1511	0.1495	0.1524	0.1584	0.1482	0.1379	0.1343	0.1368	0.1440	0.1543	0.1170	0.1114	0.1113	0.1155	0.1264	0.1414	0.0944	0.0837	0.0813	0.0826	0.0886	0.1001	0.1185
712	0.1561	0.1572	0.1562	0.1586	0.1540	0.1514	0.1498	0.1527	0.1587	0.1484	0.1382	0.1345	0.1371	0.1443	0.1545	0.1172	0.1116	0.1115	0.1157	0.1266	0.1416	0.0945	0.0838	0.0814	0.0828	0.0888	0.1002	0.1187
713	0.1564	0.1576	0.1565	0.1589	0.1543	0.1516	0.1500	0.1530	0.1589	0.1488	0.1384	0.1348	0.1374	0.1445	0.1549	0.1175	0.1118	0.1117	0.1158	0.1269	0.1419	0.0947	0.0840	0.0815	0.0829	0.0890	0.1004	0.1189
714	0.1567	0.1579	0.1568	0.1593	0.1546	0.1519	0.1504	0.1534	0.1593	0.1490	0.1387	0.1350	0.1376	0.1448	0.1551	0.1177	0.1120	0.1119	0.1161	0.1271	0.1422	0.0949	0.0842	0.0817	0.0831	0.0892	0.1005	0.1191
715	0.1570	0.1582	0.1571	0.1595	0.1549	0.1522	0.1506	0.1536	0.1596	0.1493	0.1389	0.1353	0.1379	0.1451	0.1554	0.1179	0.1122	0.1122	0.1164	0.1273	0.1424	0.0950	0.0843	0.0819	0.0832	0.0893	0.1007	0.1192
716	0.1572	0.1585	0.1574	0.1598	0.1552	0.1525	0.1509	0.1539	0.1598	0.1495	0.1392	0.1356	0.1381	0.1453	0.1557	0.1182	0.1124	0.1124	0.1165	0.1275	0.1426	0.0951	0.0845	0.0820	0.0832	0.0894	0.1009	0.1194
717	0.1575	0.1589	0.1577	0.1601	0.1555	0.1528	0.1512	0.1543	0.1602	0.1498	0.1395	0.1359	0.1385	0.1457	0.1560	0.1183	0.1127	0.1125	0.1168	0.1278	0.1429	0.0952	0.0847	0.0822	0.0834	0.0896	0.1011	0.1196
718	0.1578	0.1591	0.1580	0.1604	0.1558	0.1531	0.1515	0.1546	0.1606	0.1501	0.1398	0.1362	0.1387	0.1460	0.1563	0.1185	0.1129	0.1128	0.1170	0.1280	0.1431	0.0955	0.0849	0.0823	0.0836	0.0897	0.1013	0.1198
719	0.1582	0.1594	0.1583	0.1606	0.1560	0.1534	0.1518	0.1548	0.1608	0.1504	0.1401	0.1364	0.1390	0.1462	0.1565	0.1187	0.1131	0.1131	0.1172	0.1282	0.1433	0.0957	0.0850	0.0824	0.0838	0.0899	0.1015	0.1200
720	0.1585	0.1596	0.1585	0.1610	0.1563	0.1537	0.1521	0.1549	0.1611	0.1506	0.1403	0.1366	0.1392	0.1464	0.1568	0.1190	0.1132	0.1133	0.1174	0.1285	0.1435	0.0958	0.0851	0.0825	0.0839	0.0901	0.1015	0.1201
721	0.1587	0.1600	0.1589	0.1613	0.1566	0.1540	0.1524	0.1553	0.1614	0.1509	0.1406	0.1368	0.1395	0.1467	0.1571	0.1192	0.1135	0.1135	0.1176	0.1287	0.1437	0.0960	0.0853	0.0828	0.0841	0.0902	0.1017	0.1204
722	0.1590	0.1603	0.1592	0.1616	0.1569	0.1542	0.1527	0.1556	0.1616	0.1511	0.1408	0.1371	0.1397	0.1470	0.1574	0.1194	0.1137	0.1137	0.1178	0.1289	0.1440	0.0961	0.0854	0.0830	0.0842	0.0903	0.1019	0.1206
723	0.1593	0.1605	0.1595	0.1619	0.1572	0.1544	0.1528	0.1559	0.1619	0.1514	0.1410	0.1373	0.1399	0.1473	0.1577	0.1196	0.1139	0.1137	0.1180	0.1291	0.1442	0.0963	0.0856	0.0830	0.0843	0.0904	0.1021	0.1207
724	0.1596	0.1609	0.1598	0.1621	0.1575	0.1548	0.1532	0.1562	0.1622	0.1516	0.1412	0.1376	0.1402	0.1475	0.1579	0.1199	0.1141	0.1140	0.1183	0.1293	0.1444	0.0965	0.0857	0.0832	0.0845	0.0907	0.1022	0.1208
725	0.1598	0.1612	0.1601	0.1625	0.1577	0.1551	0.1534	0.1565	0.1625	0.1519	0.1414	0.1378	0.1405	0.1478	0.1582	0.1201	0.1143	0.1142	0.1185	0.1295	0.1447	0.0967	0.0859	0.0834	0.0847	0.0908	0.1024	0.1210
726	0.1600	0.1614	0.1604	0.1628	0.1580	0.1553	0.1537	0.1568	0.1628	0.1522	0.1417	0.1381	0.1408	0.1480	0.1586	0.1203	0.1145	0.1145	0.1187	0.1297	0.1449	0.0968	0.0861	0.0836	0.0848	0.0909	0.1026	0.1212
727	0.1604	0.1617	0.1606	0.1631	0.1583	0.1556	0.1540	0.1571	0.1631	0.1525	0.1420	0.1384	0.1410	0.1483	0.1587	0.1205	0.1148	0.1146	0.1190	0.1300	0.1451	0.0969	0.0862	0.0837	0.0850	0.0911	0.1027	0.1214
728	0.1607	0.1620	0.1609	0.1634	0.1585	0.1559	0.1543	0.1574	0.1634	0.1527	0.1423	0.1386	0.1413	0.1486	0.1590	0.1207	0.1150	0.1149	0.1192	0.1302	0.1453	0.0971	0.0863	0.0839	0.0852	0.0913	0.1029	0.1215
729	0.1609	0.1622	0.1613	0.1637	0.1588	0.1561	0.1546	0.1576	0.1637	0.1529	0.1426	0.1388	0.1416	0.1488	0.1593	0.1208	0.1152	0.1151	0.1193	0.1304	0.1456	0.0972	0.0865	0.0840	0.0853	0.0915	0.1031	0.1217
730	0.1612	0.1625	0.1615	0.1639	0.1591	0.1564	0.1549	0.1578	0.1639	0.1531	0.1428	0.1390	0.1417	0.1490	0.1595	0.1210	0.1153	0.1153	0.1194	0.1306	0.1458	0.0974	0.0866	0.0842	0.0854	0.0916	0.1032	0.1218
731	0.1615	0.1629	0.1618	0.1642	0.1594	0.1566	0.1551	0.1581	0.1642	0.1534	0.1431	0.1393	0.1419	0.1492	0.1598	0.1213	0.1156	0.1155	0.1196	0.1308	0.1460	0.0976	0.0868	0.0842	0.0855	0.0917	0.1033	0.1220
732	0.1618	0.1632	0.1621	0.1645	0.1596	0.1569	0.1553	0.1584	0.1645	0.1537	0.1433	0.1396	0.1422	0.1495	0.1600	0.1215	0.1158	0.1157	0.1199	0.1310	0.1463	0.0978	0.0869	0.0843	0.0857	0.0919	0.1035	0.1222
733	0.1620	0.1634	0.1624	0.1647	0.1599	0.1572	0.1556	0.1587	0.1647	0.1539	0.1434	0.1399	0.1425	0.1499	0.1602	0.1217	0.1160	0.1159	0.1201	0.1313	0.1465	0.0979	0.0871	0.0846	0.0858	0.0922	0.1037	0.1224
734	0.1623	0.1637	0.1626	0.1651	0.1602	0.1574	0.1559	0.1590	0.1650	0.1542	0.1437	0.1401	0.1428	0.1501	0.1605	0.1220	0.1162	0.1161	0.1204	0.1315	0.1467	0.0980	0.0872	0.0847	0.0860	0.0923	0.1038	0.1225
735	0.1625	0.1639	0.1629	0.1654	0.1604	0.1577	0.1561	0.1593	0.1653	0.1545	0.1440	0.1403	0.1430	0.1503	0.1608	0.1222	0.1164	0.1162	0.1206	0.1317	0.1470	0.0982	0.0873	0.0848	0.0861	0.0924	0.1040	0.1227
736	0.1628	0.1643	0.1632	0.1656	0.1607	0.1580	0.1564	0.1595	0.1656	0.1547	0.1442	0.1405	0.1432	0.1506	0.1611	0.1223	0.1166	0.1164	0.1208	0.1319	0.1473	0.0983	0.0874	0.0850	0.0862	0.0926	0.1042	0.1229
737	0.1632	0.1645	0.1635	0.1659	0.1610	0.1583	0.1567	0.1598	0.1659	0.1549	0.1444	0.1407	0.1435	0.1509	0.1614	0.1225	0.1168	0.1167	0.1210	0.1322	0.1475	0.0985	0.0877	0.0852	0.0864	0.0927	0.1044	0.1231
738	0.1634	0.1648	0.1638	0.1662	0.1613	0.1586	0.1569	0.1601	0.1661	0.1552	0.1447	0.1410	0.1437	0.1511	0.1616	0.1227	0.1170	0.1169	0.1212	0.1324	0.1476	0.0986	0.0878	0.0853	0.0865	0.0928	0.1045	0.1232
739	0.1637	0.1651	0.1640	0.1665	0.1615	0.1588	0.1572	0.1604	0.1663	0.1554	0.1450	0.1413	0.1438	0.1513	0.1619	0.1228	0.1171	0.1170	0.1214	0.1325	0.1478	0.0988	0.0880	0.0854	0.0867	0.0930	0.1046	0.1233
740	0.1640	0.1654	0.1642	0.1668	0.1617	0.1590	0.1575	0.1606	0.1666	0.1556	0.1452	0.1415	0.1442	0.1516	0.1620	0.1230	0.1173	0.1172	0.1216	0.1327	0.1480	0.0990	0.0881	0.0856	0.0868	0.0931	0.1048	0.1235
741	0.1642	0.1657	0.1645	0.1670	0.1620	0.1593	0.1578	0.1609	0.1669	0.1560	0.1454	0.1417	0.1444	0.1518	0.1623	0.1233	0.1175	0.1173	0.1218	0.1329	0.1482	0.0991	0.0882	0.0857	0.0869	0.0933	0.1049	0.1237
742	0.1644	0.1659	0.1648	0.1673	0.1622	0.1596	0.1580	0.1612	0.1672	0.1562	0.1456	0.1420	0.1446	0.1520	0.1625	0.1235	0.1177	0.1175	0.1220	0.1331	0.1484	0.0992	0.0884	0.0858	0.0871	0.0934	0.1050	0.1238
743	0.1647	0.1661	0.1651	0.1676	0.1625	0.1599	0.1583	0.1614	0.1674	0.1563	0.1458	0.1422	0.1448	0.1522	0.1627	0.1236	0.1179	0.1177	0.1222	0.1333	0.1486	0.0994	0.0885	0.0860	0.0872	0.0936	0.1053	0.1240
744	0.1649	0.1664	0.1653	0.1677	0.1628	0.1601	0.1585	0.1617	0.1677	0.1566	0.1461	0.1424	0.1451	0.1525	0.1630	0.1239	0.1181	0.1180	0.1223	0.1336	0.1488	0.0995	0.0886	0.0860	0.0873	0.0938	0.1054	0.1241
745	0.1652	0.1667	0.1656	0.1679	0.1630	0.1603	0.1587	0.1619	0.1680	0.1568	0.1463	0.1426	0.1453	0.1527	0.1633	0.1240	0.1183	0.1182	0.1225	0.1339	0.1490	0.0997	0.0888	0.0862	0.0874	0.0939	0.1056	0.1243
746	0.1654	0.1670	0.1659	0.1682	0.1632	0.1606	0.1590	0.1621	0.1682	0.1571	0.1466	0.1429	0.1456	0.1529	0.1635	0.1242	0.1185	0.1184	0.1227	0.1340	0.1492	0.0998	0.0889	0.0864	0.0876	0.0940	0.1057	0.1244
747	0.1657	0.1671	0.1661	0.1685	0.1634	0.1607	0.1592	0.1623	0.1684	0.1573	0.1467	0.1430	0.1458	0.1532	0.1637	0.1244	0.1186	0.1185	0.1228	0.1341	0.1494	0.0999	0.0889	0.0864	0.0877	0.0940	0.1058	0.1246
748	0.1660	0.1674	0.1663	0.1688	0.1637	0.1610	0.1594	0.1626	0.1687	0.1575	0.1469	0.1432	0.1460	0.1534	0.1640	0.1246	0.1188	0.1187	0.1231	0.1343	0.1496	0.1000	0.0891	0.0866	0.0879	0.0942	0.1059	0.1247
749	0.1662	0.1676	0.1666	0.1691	0.1640	0.1614	0.1596	0.1629	0.1689	0.1577	0.1471	0.1435	0.1462	0.1537	0.1642	0.1248	0.1190	0.1189	0.1233	0.1345	0.1498	0.1001	0.0893	0.0868	0.0880	0.0943	0.1060	0.1249
750	0.1664	0.1680	0.1669	0.1692	0.1643	0.1615	0.1599	0.1632	0.1692	0.1579	0.1473	0.1437	0.1465	0.1539	0.1645	0.1249	0.1191	0.1190	0.1235	0.1347	0.1499	0.1002	0.0894	0.0869	0.0881	0.0945	0.1061	0.1250
751	0.1667	0.1681	0.1672	0.1695	0.1645	0.1618	0.1602	0.1634	0.1694	0.1582	0.1477	0.1439	0.1467	0.1541	0.1647	0.1252	0.1194	0.1192	0.1237	0.1349	0.1502	0.1004	0.0895	0.0870	0.0883	0.0946	0.1064	0.1251
752	0.1670	0.1684	0.1675	0.1698	0.1648	0.1621	0.1605	0.1636	0.1696	0.1585	0.1479	0.1442	0.1469	0.1543	0.1650	0.1254	0.1196	0.1194	0.1239	0.1351	0.1504	0.1006	0.0897	0.0871	0.0884	0.0948	0.1066	0.1253
753	0.1673	0.1687	0.1676	0.1701	0.1650	0.1624	0.1607	0.1639	0.1699	0.1587	0.1482	0.1444	0.1472	0.1546	0.1652	0.1255	0.1198	0.1196	0.1240	0.1353	0.1506	0.1007	0.0899	0.0873	0.0886	0.0949	0.1066	0.1255
754	0.1675	0.1690	0.1679	0.1703	0.1652	0.1626	0.1609	0.1642	0.1702	0.1589	0.1483	0.1446	0.1474	0.1548	0.1655	0.1257	0.1199	0.1197	0.1241	0.1354	0.1508	0.1008	0.0900	0.0874	0.0886	0.0951	0.1068	0.1256
755	0.1677	0.1693	0.1682	0.1705	0.1655	0.1628	0.1612	0.1644	0.1705	0.1591	0.1486	0.1448	0.1476	0.1551	0.1657	0.1260	0.1200	0.1199	0.1243	0.1356	0.1510	0.1010	0.0901	0.0876	0.0887	0.0952	0.1070	0.1258
756	0.1680	0.1695	0.1684	0.1708	0.1657	0.1630	0.1615	0.1646	0.1708	0.1593	0.1488	0.1451	0.1479	0.1554	0.1659	0.1262	0.1203	0.1201	0.1246	0.1359	0.1513	0.1012	0.0902	0.0877	0.0890	0.0953	0.1072	0.1260
757	0.1682	0.1698	0.1686	0.1710	0.1660	0.1633	0.1617	0.1649	0.1710	0.1595	0.1490	0.1452	0.1480	0.1556	0.1660	0.1263	0.1204	0.1203	0.1248	0.1361	0.1514	0.1013	0.0903	0.0878	0.0892	0.0955	0.1073	0.1261
758	0.1684	0.1700	0.1689	0.1712	0.1662	0.1635	0.1619	0.1651	0.1712	0.1597	0.1491	0.1454	0.1482	0.1557	0.1662	0.1264	0.1205	0.1205	0.1250	0.1362	0.1515	0.1014	0.0904	0.0878	0.0893	0.0956	0.1073	0.1262
759	0.1686	0.1702	0.1691	0.1715	0.1663	0.1637	0.1621	0.1653	0.1714	0.1598	0.1493	0.1457	0.1484	0.1558	0.1664	0.1265	0.1207	0.1206	0.1251	0.1363	0.1517	0.1015	0.0905	0.0879	0.0893	0.0956	0.1073	0.1263
760	0.1688	0.1704	0.1694	0.1717	0.1666	0.1639	0.1624	0.1655	0.1716	0.1601	0.1495	0.1458	0.1487	0.1560	0.1667	0.1267	0.1209	0.1208	0.1252	0.1365	0.1520	0.1016	0.0907	0.0880	0.0894	0.0958	0.1076	0.1265
761	0.1691	0.1706	0.1696	0.1719	0.1668	0.1641	0.1626	0.1657	0.1719	0.1603	0.1498	0.1461	0.1489	0.1564	0.1669	0.1269	0.1211	0.1210	0.1254	0.1366	0.1521	0.1017	0.0909	0.0882	0.0895	0.0960	0.1077	0.1266
762	0.1693	0.1708	0.1698	0.1721	0.1670	0.1644	0.1628	0.1660	0.1721	0.1605	0.1500	0.1463	0.1491	0.1566	0.1671	0.1271	0.1212	0.1211	0.1256	0.1368	0.1523	0.1018	0.0910	0.0884	0.0896	0.0961	0.1078	0.1267
763	0.1694	0.1711	0.1699	0.1724	0.1673	0.1645	0.1630	0.1662	0.1722	0.1607	0.1501	0.1465	0.1493	0.1567	0.1672	0.1272	0.1214	0.1213	0.1257	0.1369	0.1525	0.1019	0.0910	0.0885	0.0896	0.0962	0.1079	0.1268
764	0.1697	0.1713	0.1702	0.1727	0.1675	0.1648	0.1633	0.1665	0.1725	0.1610	0.1503	0.1467	0.1495	0.1570	0.1675	0.1274	0.1216	0.1216	0.1259	0.1372	0.1526	0.1020	0.0912	0.0887	0.0899	0.0964	0.1081	0.1270
765	0.1700	0.1716	0.1704	0.1729	0.1677	0.1650	0.1636	0.1667	0.1728	0.1611	0.1505	0.1469	0.1497	0.1572	0.1677	0.1276	0.1218	0.1217	0.1261	0.1374	0.1528	0.1022	0.0914	0.0888	0.0900	0.0965	0.1083	0.1271
766	0.1701	0.1717	0.1706	0.1731	0.1680	0.1652	0.1637	0.1669	0.1730	0.1613	0.1507	0.1471	0.1499	0.1574	0.1679	0.1277	0.1219	0.1218	0.1263	0.1376	0.1531	0.1025	0.0915	0.0888	0.0901	0.0966	0.1084	0.1272
767	0.1703	0.1719	0.1708	0.1733	0.1682	0.1654	0.1639	0.1671	0.1732	0.1615	0.1509	0.1473	0.1501	0.1576	0.1681	0.1278	0.1220	0.1220	0.1265	0.1378	0.1532	0.1025	0.0915	0.0890	0.0902	0.0968	0.1085	0.1274
768	0.1705	0.1721	0.1710	0.1735	0.1683	0.1656	0.1641	0.1673	0.1734	0.1617	0.1511	0.1474	0.1502	0.1577	0.1683	0.1279	0.1221	0.1221	0.1266	0.1379	0.1534	0.1025	0.0916	0.0891	0.0904	0.0969	0.1086	0.1275
769	0.1707	0.1723	0.1712	0.1737	0.1685	0.1658	0.1643	0.1674	0.1735	0.1619	0.1512	0.1476	0.1504	0.1579	0.1685	0.1280	0.1222	0.1222	0.1268	0.1381	0.1535	0.1026	0.0917	0.0891	0.0905	0.0969	0.1087	0.1276
770	0.1707	0.1725	0.1713	0.1738	0.1685	0.1659	0.1644	0.1675	0.1736	0.1620	0.1513	0.1477	0.1505	0.1580	0.1686	0.1281	0.1224	0.1223	0.1268	0.1382	0.1536	0.1027	0.0918	0.0891	0.0904	0.0969	0.1087	0.1277
771	0.1710	0.1727	0.1716	0.1740	0.1687	0.1661	0.1647	0.1677	0.1739	0.1622	0.1516	0.1479	0.1508	0.1582	0.1688	0.1284	0.1226	0.1225	0.1271	0.1383	0.1538	0.1029	0.0919	0.0893	0.0906	0.0970	0.1089	0.1279
772	0.1712	0.1730	0.1718	0.1742	0.1689	0.1663	0.1649	0.1679	0.1741	0.1623	0.1518	0.1481	0.1510	0.1584	0.1690	0.1286	0.1227	0.1227	0.1273	0.1385	0.1539	0.1029	0.0920	0.0894	0.0908	0.0972	0.1090	0.1280
773	0.1714	0.1731	0.1721	0.1744	0.1690	0.1664	0.1649	0.1682	0.1741	0.1623	0.1519	0.1482	0.1511	0.1586	0.1691	0.1286	0.1229	0.1227	0.1273	0.1387	0.1541	0.1029	0.0921	0.0895	0.0908	0.0974	0.1091	0.1280
774	0.1716	0.1733	0.1722	0.1746	0.1692	0.1666	0.1651	0.1684	0.1743	0.1625	0.1520	0.1483	0.1512	0.1587	0.1693	0.1287	0.1229	0.1228	0.1273	0.1387	0.1542	0.1030	0.0922	0.0895	0.0909	0.0974	0.1093	0.1281
775	0.1718	0.1734	0.1724	0.1747	0.1694	0.1668	0.1653	0.1685	0.1746	0.1627	0.1522	0.1485	0.1513	0.1589	0.1695	0.1288	0.1230	0.1230	0.1275	0.1388	0.1543	0.1031	0.0923	0.0896	0.0910	0.0975	0.1094	0.1282
776	0.1719	0.1736	0.1726	0.1750	0.1696	0.1670	0.1655	0.1685	0.1748	0.1629	0.1523	0.1486	0.1516	0.1590	0.1697	0.1290	0.1231	0.1231	0.1276	0.1389	0.1545	0.1033	0.0924	0.0897	0.0911	0.0975	0.1095	0.1284
777	0.1721	0.1738	0.1727	0.1751	0.1698	0.1672	0.1656	0.1688	0.1750	0.1631	0.1525	0.1488	0.1516	0.1592	0.1699	0.1292	0.1233	0.1232	0.1278	0.1390	0.1546	0.1034	0.0925	0.0898	0.0911	0.0977	0.1096	0.1286
778	0.1722	0.1740	0.1727	0.1752	0.1699	0.1672	0.1658	0.1690	0.1752	0.1632	0.1526	0.1489	0.1518	0.1594	0.1700	0.1293	0.1234	0.1233	0.1279	0.1392	0.1547	0.1035	0.0926	0.0899	0.0912	0.0977	0.1096	0.1286
779	0.1723	0.1741	0.1729	0.1754	0.1701	0.1673	0.1659	0.1692	0.1753	0.1633	0.1527	0.1491	0.1519	0.1595	0.1701	0.1293	0.1234	0.1234	0.1280	0.1394	0.1549	0.1035	0.0926	0.0900	0.0912	0.0979	0.1097	0.1287
780	0.1725	0.1743	0.1731	0.1757	0.1702	0.1676	0.1661	0.1693	0.1755	0.1635	0.1529	0.1493	0.1521	0.1597	0.1703	0.1294	0.1237	0.1236	0.1282	0.1395	0.1550	0.1037	0.0926	0.0901	0.0914	0.0980	0.1099	0.1289
781	0.1727	0.1744	0.1733	0.1758	0.1703	0.1678	0.1663	0.1695	0.1757	0.1636	0.1530	0.1495	0.1523	0.1598	0.1705	0.1295	0.1237	0.1238	0.1284	0.1396	0.1552	0.1037	0.0928	0.0903	0.0915	0.0981	0.1100	0.1290
782	0.1729	0.1746	0.1735	0.1759	0.1704	0.1679	0.1664	0.1697	0.1758	0.1637	0.1532	0.1496	0.1524	0.1599	0.1706	0.1297	0.1238	0.1238	0.1285	0.1397	0.1553	0.1038	0.0929	0.0903	0.0916	0.0982	0.1100	0.1291
783	0.1730	0.1747	0.1736	0.1760	0.1706	0.1680	0.1665	0.1697	0.1759	0.1638	0.1533	0.1496	0.1525	0.1600	0.1707	0.1297	0.1240	0.1239	0.1284	0.1398	0.1554	0.1039	0.0929	0.0902	0.0916	0.0982	0.1101	0.1291
784	0.1731	0.1749	0.1737	0.1762	0.1707	0.1682	0.1667	0.1700	0.1760	0.1640	0.1534	0.1498	0.1526	0.1602	0.1709	0.1299	0.1240	0.1240	0.1286	0.1400	0.1555	0.1039	0.0930	0.0904	0.0917	0.0983	0.1102	0.1293
785	0.1732	0.1751	0.1738	0.1763	0.1709	0.1683	0.1668	0.1701	0.1762	0.1641	0.1535	0.1499	0.1528	0.1604	0.1710	0.1301	0.1241	0.1241	0.1287	0.1402	0.1557	0.1040	0.0931	0.0905	0.0918	0.0984	0.1103	0.1294
786	0.1734	0.1752	0.1740	0.1764	0.1711	0.1685	0.1669	0.1702	0.1763	0.1643	0.1537	0.1499	0.1530	0.1605	0.1712	0.1301	0.1243	0.1242	0.1288	0.1403	0.1559	0.1042	0.0931	0.0906	0.0919	0.0985	0.1103	0.1295
787	0.1735	0.1753	0.1742	0.1767	0.1712	0.1686	0.1671	0.1703	0.1765	0.1644	0.1538	0.1502	0.1531	0.1606	0.1713	0.1302	0.1244	0.1243	0.1289	0.1404	0.1559	0.1041	0.0932	0.0906	0.0919	0.0986	0.1105	0.1296
788	0.1736	0.1754	0.1743	0.1768	0.1713	0.1687	0.1673	0.1704	0.1767	0.1645	0.1539	0.1503	0.1532	0.1607	0.1714	0.1303	0.1245	0.1244	0.1291	0.1405	0.1560	0.1042	0.0933	0.0907	0.0920	0.0986	0.1106	0.1296
789	0.1737	0.1755	0.1744	0.1769	0.1714	0.1688	0.1674	0.1706	0.1768	0.1646	0.1540	0.1504	0.1534	0.1607	0.1715	0.1304	0.1245	0.1245	0.1292	0.1406	0.1561	0.1043	0.0934	0.0908	0.0921	0.0987	0.1107	0.1297
790	0.1738	0.1757	0.1746	0.1771	0.1716	0.1690	0.1674	0.1708	0.1769	0.1647	0.1541	0.1505	0.1535	0.1608	0.1717	0.1305	0.1246	0.1246	0.1292	0.1406	0.1562	0.1044	0.0934	0.0908	0.0921	0.0989	0.1107	0.1298
791	0.1740	0.1758	0.1747	0.1772	0.1718	0.1691	0.1676	0.1708	0.1770	0.1649	0.1542	0.1506	0.1535	0.1611	0.1718	0.1306	0.1247	0.1248	0.1294	0.1408	0.1563	0.1045	0.0935	0.0909	0.0922	0.0989	0.1108	0.1299
792	0.1742	0.1759	0.1748	0.1773	0.1719	0.1692	0.1677	0.1709	0.1771	0.1650	0.1543	0.1507	0.1536	0.1613	0.1720	0.1307	0.1249	0.1249	0.1295	0.1409	0.1564	0.1046	0.0936	0.0910	0.0923	0.0989	0.1109	0.1300
793	0.1743	0.1760	0.1748	0.1774	0.1719	0.1692	0.1679	0.1712	0.1773	0.1651	0.1544	0.1508	0.1537	0.1613	0.1721	0.1308	0.1250	0.1249	0.1296	0.1409	0.1565	0.1046	0.0936	0.0911	0.0925	0.0989	0.1110	0.1301
794	0.1744	0.1761	0.1750	0.1775	0.1720	0.1694	0.1680	0.1713	0.1774	0.1651	0.1545	0.1508	0.1538	0.1614	0.1721	0.1309	0.1251	0.1249	0.1296	0.1410	0.1566	0.1046	0.0936	0.0911	0.0925	0.0990	0.1110	0.1301
795	0.1745	0.1762	0.1751	0.1777	0.1721	0.1695	0.1680	0.1714	0.1775	0.1652	0.1546	0.1509	0.1540	0.1615	0.1722	0.1310	0.1252	0.1250	0.1297	0.1411	0.1568	0.1046	0.0937	0.0911	0.0925	0.0991	0.1111	0.1302
796	0.1746	0.1763	0.1752	0.1778	0.1721	0.1695	0.1681	0.1714	0.1776	0.1653	0.1546	0.1511	0.1541	0.1616	0.1724	0.1310	0.1252	0.1250	0.1298	0.1412	0.1569	0.1047	0.0938	0.0911	0.0925	0.0991	0.1111	0.1303
797	0.1746	0.1764	0.1754	0.1778	0.1723	0.1697	0.1684	0.1715	0.1778	0.1654	0.1548	0.1512	0.1542	0.1616	0.1724	0.1311	0.1253	0.1252	0.1299	0.1414	0.1570	0.1049	0.0938	0.0912	0.0926	0.0992	0.1112	0.1304
798	0.1747	0.1766	0.1755	0.1780	0.1724	0.1699	0.1685	0.1716	0.1778	0.1655	0.1549	0.1513	0.1543	0.1618	0.1725	0.1312	0.1254	0.1253	0.1300	0.1415	0.1570	0.1049	0.0938	0.0913	0.0927	0.0993	0.1113	0.1305
799	0.1749	0.1767	0.1756	0.1781	0.1725	0.1700	0.1685	0.1718	0.1779	0.1657	0.1549	0.1514	0.1543	0.1620	0.1727	0.1313	0.1255	0.1254	0.1301	0.1416	0.1570	0.1050	0.0938	0.0914	0.0927	0.0994	0.1114	0.1305
800	0.1750	0.1768	0.1758	0.1783	0.1726	0.1701	0.1687	0.1719	0.1780	0.1657	0.1551	0.1515	0.1544	0.1621	0.1728	0.1315	0.1255	0.1255	0.1302	0.1416	0.1574	0.1050	0.0940	0.0914	0.0929	0.0995	0.1114	0.1306
801	0.1750	0.1769	0.1759	0.1784	0.1727	0.1702	0.1688	0.1721	0.1781	0.1658	0.1551	0.1516	0.1546	0.1622	0.1729	0.1315	0.1255	0.1255	0.1303	0.1417	0.1574	0.1051	0.0941	0.0915	0.0929	0.0995	0.1115	0.1306
802	0.1751	0.1770	0.1759	0.1785	0.1728	0.1702	0.1689	0.1721	0.1783	0.1658	0.1552	0.1517	0.1547	0.1623	0.1730	0.1315	0.1256	0.1255	0.1303	0.1418	0.1575	0.1051	0.0942	0.0916	0.0929	0.0996	0.1115	0.1307
803	0.1752	0.1771	0.1761	0.1785	0.1729	0.1704	0.1690	0.1721	0.1785	0.1658	0.1552	0.1518	0.1547	0.1624	0.1732	0.1316	0.1257	0.1256	0.1303	0.1419	0.1576	0.1051	0.0942	0.0916	0.0930	0.0997	0.1116	0.1309
804	0.1754	0.1772	0.1761	0.1786	0.1730	0.1705	0.1691	0.1722	0.1786	0.1660	0.1554	0.1519	0.1548	0.1625	0.1733	0.1316	0.1258	0.1257	0.1305	0.1420	0.1577	0.1052	0.0943	0.0916	0.0930	0.0998	0.1117	0.1309
805	0.1755	0.1773	0.1762	0.1787	0.1731	0.1705	0.1691	0.1723	0.1787	0.1661	0.1555	0.1520	0.1548	0.1626	0.1734	0.1317	0.1258	0.1259	0.1306	0.1421	0.1577	0.1053	0.0943	0.0917	0.0930	0.0998	0.1118	0.1310
806	0.1755	0.1773	0.1763	0.1787	0.1731	0.1706	0.1691	0.1723	0.1787	0.1662	0.1555	0.1520	0.1550	0.1626	0.1735	0.1318	0.1259	0.1260	0.1306	0.1421	0.1578	0.1054	0.0944	0.0918	0.0931	0.0998	0.1118	0.1310
807	0.1756	0.1774	0.1764	0.1788	0.1732	0.1706	0.1693	0.1725	0.1787	0.1662	0.1555	0.1520	0.1551	0.1627	0.1735	0.1319	0.1260	0.1259	0.1307	0.1421	0.1579	0.1053	0.0944	0.0918	0.0932	0.0999	0.1118	0.1310
808	0.1757	0.1775	0.1765	0.1789	0.1734	0.1707	0.1694	0.1727	0.1788	0.1663	0.1557	0.1521	0.1552	0.1628	0.1736	0.1319	0.1260	0.1259	0.1308	0.1422	0.1580	0.1053	0.0944	0.0918	0.0932	0.1000	0.1119	0.1310
809	0.1757	0.1776	0.1766	0.1791	0.1735	0.1708	0.1695	0.1728	0.1789	0.1665	0.1558	0.1521	0.1552	0.1629	0.1736	0.1319	0.1260	0.1260	0.1309	0.1423	0.1580	0.1053	0.0944	0.0919	0.0932	0.1000	0.1119	0.1311
810	0.1757	0.1777	0.1765	0.1790	0.1735	0.1709	0.1695	0.1728	0.1790	0.1664	0.1559	0.1522	0.1553	0.1630	0.1738	0.1319	0.1261	0.1261	0.1310	0.1424	0.1581	0.1053	0.0944	0.0919	0.0932	0.1000	0.1120	0.1312
811	0.1758	0.1778	0.1766	0.1792	0.1735	0.1709	0.1696	0.1729	0.1791	0.1665	0.1559	0.1523	0.1554	0.1630	0.1739	0.1320	0.1262	0.1261	0.1310	0.1425	0.1582	0.1054	0.0945	0.0919	0.0932	0.1000	0.1120	0.1312
812	0.1760	0.1778	0.1767	0.1793	0.1735	0.1710	0.1697	0.1730	0.1791	0.1666	0.1560	0.1524	0.1555	0.1631	0.1740	0.1320	0.1263	0.1262	0.1311	0.1426	0.1583	0.1055	0.0946	0.0919	0.0933	0.1001	0.1121	0.1313
813	0.1760	0.1779	0.1768	0.1793	0.1735	0.1711	0.1697	0.1731	0.1792	0.1666	0.1561	0.1524	0.1555	0.1631	0.1741	0.1321	0.1262	0.1264	0.1310	0.1426	0.1585	0.1056	0.0945	0.0920	0.0934	0.1002	0.1122	0.1313
814	0.1761	0.1780	0.1769	0.1794	0.1737	0.1712	0.1698	0.1731	0.1793	0.1667	0.1561	0.1525	0.1556	0.1633	0.1741	0.1321	0.1264	0.1264	0.1311	0.1426	0.1584	0.1056	0.0947	0.0921	0.0934	0.1002	0.1122	0.1314
815	0.1762	0.1781	0.1770	0.1795	0.1738	0.1712	0.1699	0.1732	0.1794	0.1668	0.1562	0.1526	0.1557	0.1634	0.1741	0.1323	0.1265	0.1265	0.1311	0.1427	0.1585	0.1057	0.0948	0.0922	0.0935	0.1003	0.1122	0.1314
816	0.1762	0.1781	0.1770	0.1797	0.1739	0.1712	0.1699	0.1733	0.1796	0.1670	0.1563	0.1526	0.1558	0.1635	0.1742	0.1324	0.1265	0.1266	0.1312	0.1429	0.1586	0.1057	0.0948	0.0922	0.0936	0.1003	0.1122	0.1316
817	0.1763	0.1782	0.1772	0.1796	0.1739	0.1714	0.1700	0.1734	0.1796	0.1670	0.1563	0.1527	0.1558	0.1635	0.1742	0.1323	0.1264	0.1265	0.1312	0.1428	0.1586	0.1057	0.0948	0.0922	0.0934	0.1002	0.1123	0.1316
818	0.1763	0.1783	0.1772	0.1796	0.1740	0.1714	0.1701	0.1734	0.1797	0.1670	0.1562	0.1528	0.1558	0.1635	0.1743	0.1324	0.1265	0.1265	0.1313	0.1429	0.1587	0.1056	0.0948	0.0922	0.0935	0.1003	0.1123	0.1316
819	0.1763	0.1784	0.1772	0.1797	0.1740	0.1715	0.1702	0.1735	0.1798	0.1669	0.1563	0.1528	0.1559	0.1635	0.1744	0.1325	0.1265	0.1265	0.1314	0.1430	0.1588	0.1057	0.0948	0.0922	0.0936	0.1004	0.1123	0.1317
820	0.1765	0.1786	0.1773	0.1799	0.1740	0.1715	0.1703	0.1736	0.1798	0.1671	0.1564	0.1528	0.1560	0.1636	0.1745	0.1325	0.1266	0.1267	0.1314	0.1431	0.1589	0.1058	0.0948	0.0924	0.0938	0.1006	0.1125	0.1318
821	0.1766	0.1786	0.1774	0.1800	0.1742	0.1716	0.1703	0.1736	0.1799	0.1672	0.1566	0.1529	0.1561	0.1637	0.1746	0.1326	0.1267	0.1267	0.1316	0.1432	0.1589	0.1059	0.0949	0.0924	0.0938	0.1006	0.1126	0.1318
822	0.1766	0.1786	0.1775	0.1800	0.1743	0.1717	0.1703	0.1736	0.1800	0.1673	0.1566	0.1530	0.1561	0.1638	0.1747	0.1327	0.1268	0.1268	0.1317	0.1433	0.1589	0.1060	0.0950	0.0924	0.0938	0.1006	0.1126	0.1318
823	0.1767	0.1785	0.1775	0.1799	0.1743	0.1717	0.1704	0.1737	0.1800	0.1673	0.1566	0.1530	0.1560	0.1638	0.1746	0.1326	0.1267	0.1268	0.1317	0.1432	0.1590	0.1059	0.0950	0.0923	0.0938	0.1005	0.1125	0.1318
824	0.1767	0.1785	0.1775	0.1800	0.1743	0.1718	0.1705	0.1738	0.1800	0.1673	0.1566	0.1531	0.1561	0.1638	0.1747	0.1326	0.1267	0.1268	0.1317	0.1432	0.1590	0.1058	0.0949	0.0924	0.0937	0.1006	0.1126	0.1319
825	0.1767	0.1787	0.1776	0.1801	0.1744	0.1719	0.1705	0.1738	0.1801	0.1673	0.1566	0.1531	0.1562	0.1639	0.1748	0.1327	0.1268	0.1268	0.1317	0.1433	0.1590	0.1059	0.0949	0.0924	0.0937	0.1006	0.1127	0.1320
826	0.1768	0.1788	0.1777	0.1802	0.1745	0.1720	0.1706	0.1739	0.1802	0.1673	0.1567	0.1532	0.1564	0.1641	0.1749	0.1329	0.1269	0.1270	0.1318	0.1434	0.1591	0.1060	0.0951	0.0924	0.0939	0.1007	0.1128	0.1321
827	0.1769	0.1789	0.1777	0.1802	0.1745	0.1721	0.1707	0.1739	0.1802	0.1674	0.1568	0.1532	0.1564	0.1641	0.1751	0.1329	0.1268	0.1271	0.1317	0.1435	0.1591	0.1060	0.0951	0.0924	0.0939	0.1007	0.1128	0.1321
828	0.1769	0.1790	0.1777	0.1803	0.1746	0.1721	0.1707	0.1740	0.1803	0.1675	0.1568	0.1533	0.1564	0.1641	0.1751	0.1328	0.1269	0.1271	0.1318	0.1436	0.1591	0.1061	0.0952	0.0925	0.0940	0.1007	0.1128	0.1322
829	0.1771	0.1790	0.1779	0.1803	0.1746	0.1721	0.1707	0.1741	0.1804	0.1676	0.1569	0.1535	0.1565	0.1641	0.1751	0.1329	0.1271	0.1271	0.1320	0.1436	0.1592	0.1062	0.0952	0.0926	0.0940	0.1008	0.1128	0.1323
830	0.1772	0.1790	0.1779	0.1805	0.1747	0.1721	0.1709	0.1741	0.1804	0.1676	0.1570	0.1535	0.1566	0.1643	0.1753	0.1329	0.1272	0.1271	0.1321	0.1435	0.1594	0.1062	0.0953	0.0926	0.0940	0.1008	0.1130	0.1322
831	0.1771	0.1790	0.1779	0.1804	0.1747	0.1721	0.1708	0.1742	0.1804	0.1676	0.1570	0.1534	0.1566	0.1643	0.1752	0.1329	0.1271	0.1271	0.1320	0.1435	0.1595	0.1061	0.0952	0.0926	0.0939	0.1008	0.1129	0.1322
832	0.1770	0.1790	0.1780	0.1804	0.1746	0.1721	0.1709	0.1742	0.1803	0.1676	0.1569	0.1534	0.1566	0.1643	0.1751	0.1329	0.1270	0.1271	0.1320	0.1436	0.1595	0.1061	0.0951	0.0926	0.0938	0.1008	0.1128	0.1323
833	0.1769	0.1791	0.1780	0.1805	0.1746	0.1722	0.1710	0.1742	0.1803	0.1676	0.1570	0.1534	0.1565	0.1642	0.1752	0.1329	0.1270	0.1272	0.1321	0.1436	0.1595	0.1059	0.0951	0.0926	0.0939	0.1008	0.1128	0.1323
834	0.1771	0.1792	0.1780	0.1806	0.1747	0.1723	0.1710	0.1742	0.1805	0.1676	0.1570	0.1535	0.1567	0.1643	0.1753	0.1331	0.1271	0.1273	0.1322	0.1437	0.1595	0.1062	0.0952	0.0926	0.0940	0.1009	0.1130	0.1324
835	0.1772	0.1792	0.1781	0.1807	0.1749	0.1724	0.1710	0.1743	0.1806	0.1677	0.1572	0.1536	0.1568	0.1644	0.1754	0.1331	0.1272	0.1273	0.1322	0.1438	0.1596	0.1063	0.0953	0.0927	0.0941	0.1010	0.1131	0.1326
836	0.1772	0.1792	0.1782	0.1806	0.1750	0.1724	0.1710	0.1745	0.1807	0.1678	0.1573	0.1538	0.1568	0.1646	0.1756	0.1330	0.1272	0.1272	0.1322	0.1439	0.1597	0.1063	0.0953	0.0928	0.0941	0.1010	0.1131	0.1327
837	0.1772	0.1792	0.1782	0.1806	0.1749	0.1723	0.1711	0.1744	0.1806	0.1679	0.1572	0.1538	0.1567	0.1645	0.1754	0.1331	0.1273	0.1273	0.1322	0.1438	0.1596	0.1063	0.0953	0.0927	0.0940	0.1010	0.1131	0.1324
838	0.1772	0.1792	0.1782	0.1806	0.1749	0.1724	0.1712	0.1745	0.1807	0.1679	0.1572	0.1538	0.1568	0.1645	0.1754	0.1331	0.1273	0.1273	0.1322	0.1438	0.1596	0.1062	0.0953	0.0927	0.0941	0.1010	0.1130	0.1324
839	0.1772	0.1792	0.1781	0.1807	0.1749	0.1724	0.1711	0.1746	0.1808	0.1679	0.1572	0.1537	0.1570	0.1645	0.1754	0.1331	0.1272	0.1273	0.1322	0.1439	0.1597	0.1062	0.0953	0.0926	0.0942	0.1010	0.1130	0.1325
840	0.1772	0.1793	0.1782	0.1807	0.1749	0.1724	0.1712	0.1745	0.1808	0.1678	0.1572	0.1536	0.1569	0.1646	0.1755	0.1331	0.1272	0.1272	0.1322	0.1439	0.1597	0.1062	0.0952	0.0926	0.0941	0.1011	0.1131	0.1325
841	0.1773	0.1794	0.1782	0.1808	0.1749	0.1724	0.1712	0.1746	0.1808	0.1678	0.1571	0.1537	0.1570	0.1646	0.1755	0.1331	0.1272	0.1273	0.1323	0.1439	0.1597	0.1062	0.0953	0.0927	0.0940	0.1011	0.1131	0.1325
842	0.1774	0.1794	0.1783	0.1808	0.1750	0.1725	0.1712	0.1747	0.1808	0.1679	0.1572	0.1538	0.1570	0.1647	0.1755	0.1331	0.1273	0.1275	0.1323	0.1440	0.1598	0.1062	0.0954	0.0928	0.0941	0.1010	0.1132	0.1326
843	0.1775	0.1796	0.1784	0.1809	0.1752	0.1726	0.1714	0.1747	0.1808	0.1679	0.1574	0.1538	0.1569	0.1648	0.1756	0.1333	0.1274	0.1275	0.1323	0.1441	0.1600	0.1065	0.0955	0.0929	0.0942	0.1011	0.1133	0.1327
844	0.1775	0.1797	0.1785	0.1810	0.1752	0.1726	0.1715	0.1747	0.1810	0.1680	0.1574	0.1540	0.1571	0.1649	0.1757	0.1333	0.1274	0.1276	0.1324	0.1441	0.1600	0.1064	0.0955	0.0929	0.0942	0.1012	0.1133	0.1328
845	0.1775	0.1797	0.1785	0.1811	0.1751	0.1727	0.1715	0.1747	0.1811	0.1681	0.1574	0.1540	0.1572	0.1649	0.1757	0.1333	0.1274	0.1275	0.1324	0.1440	0.1599	0.1063	0.0954	0.0929	0.0942	0.1013	0.1134	0.1328
846	0.1776	0.1796	0.1783	0.1811	0.1750	0.1727	0.1715	0.1748	0.1811	0.1681	0.1573	0.1539	0.1572	0.1649	0.1756	0.1334	0.1272	0.1274	0.1325	0.1439	0.1600	0.1064	0.0954	0.0929	0.0942	0.1013	0.1134	0.1328
847	0.1775	0.1796	0.1785	0.1811	0.1752	0.1726	0.1716	0.1748	0.1811	0.1681	0.1575	0.1539	0.1572	0.1648	0.1757	0.1333	0.1274	0.1275	0.1325	0.1441	0.1600	0.1064	0.0954	0.0929	0.0942	0.1014	0.1132	0.1329
848	0.1776	0.1796	0.1785	0.1811	0.1753	0.1727	0.1715	0.1748	0.1811	0.1681	0.1575	0.1540	0.1572	0.1649	0.1758	0.1333	0.1275	0.1276	0.1326	0.1442	0.1601	0.1064	0.0954	0.0930	0.0942	0.1013	0.1133	0.1330
849	0.1776	0.1796	0.1786	0.1812	0.1753	0.1728	0.1715	0.1749	0.1811	0.1681	0.1575	0.1541	0.1571	0.1650	0.1758	0.1335	0.1275	0.1277	0.1327	0.1443	0.1601	0.1063	0.0955	0.0931	0.0942	0.1012	0.1134	0.1331
850	0.1774	0.1798	0.1787	0.1812	0.1753	0.1729	0.1716	0.1749	0.1812	0.1680	0.1576	0.1540	0.1573	0.1650	0.1759	0.1334	0.1276	0.1275	0.1325	0.1444	0.1601	0.1064	0.0955	0.0930	0.0942	0.1014	0.1134	0.1330
851	0.1776	0.1797	0.1787	0.1811	0.1753	0.1729	0.1716	0.1749	0.1812	0.1681	0.1576	0.1540	0.1573	0.1651	0.1759	0.1334	0.1275	0.1277	0.1325	0.1443	0.1601	0.1064	0.0956	0.0930	0.0943	0.1014	0.1134	0.1330
852	0.1778	0.1797	0.1787	0.1811	0.1753	0.1729	0.1715	0.1750	0.1812	0.1682	0.1576	0.1541	0.1572	0.1651	0.1759	0.1334	0.1274	0.1279	0.1325	0.1443	0.1602	0.1064	0.0956	0.0930	0.0944	0.1013	0.1134	0.1330
853	0.1778	0.1797	0.1787	0.1811	0.1754	0.1728	0.1715	0.1749	0.1811	0.1683	0.1576	0.1542	0.1572	0.1652	0.1760	0.1333	0.1275	0.1277	0.1326	0.1443	0.1601	0.1064	0.0955	0.0930	0.0944	0.1012	0.1137	0.1329
854	0.1778	0.1799	0.1787	0.1812	0.1754	0.1727	0.1717	0.1748	0.1812	0.1682	0.1576	0.1541	0.1573	0.1651	0.1760	0.1334	0.1275	0.1276	0.1326	0.1443	0.1602	0.1065	0.0956	0.0929	0.0944	0.1014	0.1136	0.1330
855	0.1778	0.1800	0.1787	0.1812	0.1754	0.1728	0.1717	0.1749	0.1812	0.1682	0.1575	0.1541	0.1574	0.1651	0.1760	0.1335	0.1276	0.1276	0.1327	0.1443	0.1603	0.1065	0.0956	0.0929	0.0944	0.1015	0.1135	0.1330
856	0.1779	0.1799	0.1787	0.1813	0.1753	0.1730	0.1716	0.1750	0.1813	0.1680	0.1576	0.1541	0.1574	0.1653	0.1761	0.1335	0.1276	0.1276	0.1328	0.1445	0.1604	0.1065	0.0955	0.0930	0.0945	0.1014	0.1136	0.1329
857	0.1778	0.1800	0.1788	0.1813	0.1754	0.1731	0.1717	0.1750	0.1813	0.1682	0.1576	0.1542	0.1573	0.1653	0.1761	0.1336	0.1277	0.1276	0.1328	0.1443	0.1604	0.1064	0.0956	0.0931	0.0945	0.1015	0.1136	0.1330
858	0.1777	0.1800	0.1788	0.1812	0.1754	0.1730	0.1718	0.1751	0.1813	0.1683	0.1576	0.1542	0.1574	0.1652	0.1761	0.1336	0.1276	0.1277	0.1328	0.1444	0.1603	0.1064	0.0956	0.0931	0.0944	0.1014	0.1136	0.1330
859	0.1776	0.1799	0.1788	0.1811	0.1754	0.1729	0.1719	0.1752	0.1813	0.1683	0.1576	0.1542	0.1574	0.1652	0.1762	0.1335	0.1276	0.1278	0.1327	0.1446	0.1603	0.1065	0.0957	0.0929	0.0944	0.1014	0.1136	0.1331
860	0.1778	0.1800	0.1789	0.1811	0.1756	0.1730	0.1719	0.1752	0.1814	0.1683	0.1578	0.1540	0.1575	0.1654	0.1764	0.1335	0.1276	0.1278	0.1329	0.1447	0.1605	0.1065	0.0957	0.0930	0.0946	0.1014	0.1136	0.1331
861	0.1778	0.1800	0.1790	0.1813	0.1756	0.1730	0.1719	0.1751	0.1814	0.1683	0.1578	0.1542	0.1576	0.1654	0.1764	0.1335	0.1277	0.1279	0.1329	0.1446	0.1605	0.1066	0.0957	0.0931	0.0946	0.1015	0.1136	0.1332
862	0.1777	0.1801	0.1790	0.1814	0.1756	0.1730	0.1719	0.1751	0.1815	0.1683	0.1577	0.1544	0.1576	0.1654	0.1763	0.1336	0.1276	0.1280	0.1328	0.1445	0.1605	0.1065	0.0957	0.0931	0.0945	0.1016	0.1136	0.1332
863	0.1777	0.1801	0.1790	0.1813	0.1755	0.1731	0.1719	0.1753	0.1814	0.1683	0.1578	0.1544	0.1575	0.1655	0.1765	0.1336	0.1276	0.1278	0.1328	0.1446	0.1606	0.1064	0.0957	0.0931	0.0946	0.1016	0.1136	0.1333
864	0.1777	0.1801	0.1789	0.1815	0.1755	0.1730	0.1718	0.1753	0.1814	0.1683	0.1578	0.1543	0.1576	0.1654	0.1764	0.1337	0.1275	0.1279	0.1330	0.1447	0.1606	0.1064	0.0959	0.0931	0.0946	0.1016	0.1137	0.1333
865	0.1778	0.1800	0.1789	0.1815	0.1755	0.1730	0.1717	0.1752	0.1815	0.1682	0.1578	0.1543	0.1577	0.1654	0.1763	0.1338	0.1276	0.1280	0.1330	0.1447	0.1606	0.1064	0.0958	0.0931	0.0946	0.1016	0.1138	0.1334
866	0.1778	0.1799	0.1789	0.1815	0.1755	0.1731	0.1718	0.1751	0.1816	0.1682	0.1578	0.1544	0.1577	0.1654	0.1763	0.1338	0.1278	0.1280	0.1327	0.1445	0.1605	0.1065	0.0956	0.0932	0.0946	0.1015	0.1137	0.1333
867	0.1778	0.1801	0.1791	0.1815	0.1756	0.1731	0.1719	0.1753	0.1817	0.1685	0.1579	0.1545	0.1578	0.1654	0.1764	0.1338	0.1278	0.1280	0.1329	0.1447	0.1606	0.1066	0.0956	0.0931	0.0946	0.1017	0.1138	0.1333
868	0.1778	0.1801	0.1792	0.1815	0.1756	0.1731	0.1719	0.1753	0.1816	0.1685	0.1579	0.1545	0.1577	0.1654	0.1764	0.1338	0.1278	0.1280	0.1329	0.1447	0.1606	0.1066	0.0956	0.0931	0.0946	0.1017	0.1138	0.1333
869	0.1778	0.1800	0.1791	0.1815	0.1756	0.1732	0.1720	0.1753	0.1815	0.1685	0.1578	0.1544	0.1576	0.1654	0.1764	0.1338	0.1278	0.1279	0.1329	0.1447	0.1606	0.1066	0.0957	0.0931	0.0946	0.1015	0.1137	0.1333
870	0.1779	0.1802	0.1791	0.1816	0.1756	0.1731	0.1720	0.1753	0.1816	0.1684	0.1578	0.1543	0.1577	0.1656	0.1766	0.1335	0.1278	0.1280	0.1330	0.1447	0.1605	0.1066	0.0957	0.0932	0.0947	0.1016	0.1136	0.1334
871	0.1780	0.1803	0.1791	0.1816	0.1757	0.1732	0.1720	0.1755	0.1817	0.1685	0.1578	0.1544	0.1577	0.1657	0.1766	0.1337	0.1279	0.1280	0.1331	0.1448	0.1607	0.1066	0.0958	0.0933	0.0948	0.1017	0.1137	0.1335
872	0.1780	0.1802	0.1791	0.1815	0.1757	0.1733	0.1720	0.1756	0.1817	0.1685	0.1578	0.1545	0.1577	0.1657	0.1765	0.1339	0.1279	0.1280	0.1331	0.1449	0.1608	0.1065	0.0958	0.0933	0.0949	0.1017	0.1139	0.1336
873	0.1779	0.1801	0.1791	0.1815	0.1757	0.1732	0.1721	0.1754	0.1819	0.1684	0.1578	0.1546	0.1577	0.1656	0.1765	0.1337	0.1278	0.1278	0.1330	0.1448	0.1609	0.1066	0.0958	0.0933	0.0947	0.1017	0.1140	0.1334
874	0.1780	0.1801	0.1792	0.1815	0.1757	0.1732	0.1720	0.1755	0.1818	0.1685	0.1578	0.1545	0.1579	0.1655	0.1765	0.1338	0.1279	0.1280	0.1330	0.1448	0.1608	0.1067	0.0958	0.0931	0.0946	0.1018	0.1140	0.1334
875	0.1781	0.1802	0.1792	0.1815	0.1756	0.1732	0.1720	0.1755	0.1817	0.1685	0.1579	0.1545	0.1579	0.1655	0.1765	0.1338	0.1279	0.1281	0.1330	0.1448	0.1608	0.1067	0.0958	0.0931	0.0946	0.1018	0.1139	0.1333
876	0.1780	0.1802	0.1792	0.1816	0.1755	0.1731	0.1719	0.1753	0.1816	0.1686	0.1579	0.1546	0.1577	0.1656	0.1763	0.1337	0.1278	0.1280	0.1331	0.1447	0.1609	0.1066	0.0957	0.0932	0.0945	0.1017	0.1138	0.1333
877	0.1779	0.1802	0.1792	0.1816	0.1757	0.1731	0.1718	0.1754	0.1816	0.1686	0.1578	0.1545	0.1577	0.1656	0.1764	0.1337	0.1277	0.1279	0.1330	0.1447	0.1608	0.1065	0.0957	0.0931	0.0944	0.1017	0.1137	0.1334
878	0.1780	0.1802	0.1792	0.1816	0.1757	0.1732	0.1719	0.1755	0.1816	0.1686	0.1579	0.1545	0.1577	0.1656	0.1765	0.1338	0.1277	0.1279	0.1330	0.1448	0.1608	0.1065	0.0957	0.0932	0.0945	0.1017	0.1138	0.1335
879	0.1781	0.1803	0.1791	0.1816	0.1756	0.1733	0.1721	0.1754	0.1817	0.1685	0.1580	0.1546	0.1578	0.1656	0.1767	0.1338	0.1277	0.1280	0.1331	0.1448	0.1610	0.1066	0.0957	0.0932	0.0948	0.1018	0.1139	0.1335
880	0.1780	0.1802	0.1792	0.1816	0.1756	0.1733	0.1720	0.1754	0.1818	0.1685	0.1580	0.1544	0.1578	0.1657	0.1765	0.1339	0.1278	0.1279	0.1331	0.1449	0.1610	0.1066	0.0956	0.0931	0.0948	0.1016	0.1139	0.1335
881	0.1781	0.1803	0.1791	0.1817	0.1757	0.1734	0.1720	0.1754	0.1819	0.1685	0.1581	0.1545	0.1579	0.1657	0.1766	0.1339	0.1279	0.1280	0.1331	0.1449	0.1610	0.1066	0.0958	0.0932	0.0948	0.1016	0.1139	0.1337
882	0.1782	0.1804	0.1792	0.1818	0.1758	0.1734	0.1721	0.1755	0.1819	0.1685	0.1581	0.1547	0.1579	0.1657	0.1768	0.1339	0.1280	0.1281	0.1331	0.1449	0.1610	0.1067	0.0960	0.0933	0.0948	0.1018	0.1140	0.1338
883	0.1782	0.1806	0.1795	0.1819	0.1757	0.1735	0.1722	0.1756	0.1819	0.1685	0.1579	0.1547	0.1579	0.1659	0.1768	0.1338	0.1280	0.1281	0.1333	0.1450	0.1611	0.1068	0.0961	0.0933	0.0947	0.1020	0.1139	0.1336
884	0.1782	0.1805	0.1794	0.1818	0.1757	0.1734	0.1721	0.1758	0.1819	0.1686	0.1581	0.1548	0.1579	0.1659	0.1769	0.1340	0.1279	0.1280	0.1333	0.1449	0.1612	0.1067	0.0961	0.0934	0.0946	0.1017	0.1141	0.1337
885	0.1781	0.1805	0.1793	0.1816	0.1757	0.1734	0.1721	0.1759	0.1818	0.1687	0.1581	0.1547	0.1578	0.1660	0.1768	0.1341	0.1279	0.1281	0.1332	0.1449	0.1612	0.1065	0.0961	0.0933	0.0945	0.1015	0.1141	0.1338
886	0.1781	0.1805	0.1792	0.1817	0.1756	0.1733	0.1722	0.1757	0.1817	0.1686	0.1578	0.1545	0.1579	0.1660	0.1767	0.1339	0.1278	0.1283	0.1332	0.1450	0.1610	0.1064	0.0961	0.0930	0.0947	0.1018	0.1139	0.1339
887	0.1780	0.1803	0.1793	0.1817	0.1758	0.1733	0.1721	0.1755	0.1818	0.1686	0.1580	0.1545	0.1580	0.1659	0.1767	0.1338	0.1279	0.1280	0.1331	0.1449	0.1609	0.1066	0.0960	0.0930	0.0948	0.1017	0.1139	0.1337
888	0.1781	0.1804	0.1793	0.1819	0.1759	0.1733	0.1721	0.1755	0.1819	0.1686	0.1581	0.1546	0.1580	0.1658	0.1767	0.1338	0.1279	0.1281	0.1331	0.1449	0.1608	0.1068	0.0958	0.0931	0.0947	0.1017	0.1140	0.1336
889	0.1784	0.1805	0.1794	0.1820	0.1759	0.1733	0.1722	0.1755	0.1820	0.1687	0.1580	0.1547	0.1580	0.1657	0.1768	0.1338	0.1280	0.1283	0.1333	0.1448	0.1609	0.1069	0.0957	0.0931	0.0947	0.1016	0.1142	0.1336
890	0.1781	0.1805	0.1793	0.1820	0.1757	0.1734	0.1723	0.1756	0.1818	0.1686	0.1579	0.1546	0.1578	0.1655	0.1767	0.1337	0.1279	0.1282	0.1332	0.1449	0.1610	0.1066	0.0958	0.0931	0.0947	0.1017	0.1140	0.1337
891	0.1782	0.1805	0.1793	0.1819	0.1759	0.1734	0.1725	0.1757	0.1819	0.1687	0.1580	0.1547	0.1579	0.1656	0.1768	0.1337	0.1279	0.1282	0.1333	0.1450	0.1613	0.1065	0.0959	0.0935	0.0947	0.1019	0.1139	0.1338
892	0.1784	0.1805	0.1794	0.1818	0.1761	0.1734	0.1726	0.1758	0.1820	0.1688	0.1581	0.1548	0.1580	0.1658	0.1770	0.1338	0.1279	0.1281	0.1334	0.1451	0.1615	0.1066	0.0959	0.0938	0.0947	0.1021	0.1140	0.1338
893	0.1783	0.1806	0.1795	0.1819	0.1760	0.1738	0.1725	0.1759	0.1821	0.1687	0.1581	0.1549	0.1583	0.1661	0.1770	0.1339	0.1279	0.1282	0.1333	0.1451	0.1613	0.1067	0.0960	0.0935	0.0947	0.1022	0.1142	0.1338
894	0.1784	0.1805	0.1794	0.1818	0.1760	0.1735	0.1723	0.1758	0.1820	0.1687	0.1582	0.1548	0.1582	0.1661	0.1770	0.1339	0.1279	0.1282	0.1335	0.1452	0.1611	0.1066	0.0960	0.0934	0.0948	0.1020	0.1140	0.1339
895	0.1784	0.1804	0.1794	0.1817	0.1761	0.1733	0.1722	0.1757	0.1821	0.1686	0.1582	0.1547	0.1581	0.1660	0.1770	0.1340	0.1279	0.1282	0.1335	0.1452	0.1610	0.1067	0.0960	0.0932	0.0948	0.1019	0.1140	0.1339
896	0.1785	0.1806	0.1794	0.1818	0.1761	0.1734	0.1721	0.1757	0.1823	0.1684	0.1580	0.1547	0.1580	0.1662	0.1771	0.1340	0.1280	0.1282	0.1332	0.1451	0.1609	0.1069	0.0958	0.0932	0.0949	0.1019	0.1143	0.1339
897	0.1784	0.1805	0.1793	0.1820	0.1761	0.1734	0.1721	0.1756	0.1819	0.1686	0.1580	0.1548	0.1581	0.1661	0.1769	0.1340	0.1281	0.1281	0.1333	0.1452	0.1611	0.1067	0.0957	0.0931	0.0948	0.1017	0.1142	0.1339
898	0.1784	0.1805	0.1793	0.1819	0.1761	0.1735	0.1723	0.1756	0.1819	0.1687	0.1581	0.1549	0.1580	0.1661	0.1769	0.1341	0.1281	0.1282	0.1334	0.1452	0.1611	0.1067	0.0957	0.0932	0.0948	0.1017	0.1142	0.1340
899	0.1784	0.1806	0.1795	0.1818	0.1761	0.1736	0.1725	0.1757	0.1822	0.1687	0.1583	0.1549	0.1579	0.1660	0.1770	0.1342	0.1281	0.1284	0.1335	0.1453	0.1611	0.1069	0.0959	0.0934	0.0949	0.1018	0.1144	0.1341
900	0.1784	0.1808	0.1794	0.1818	0.1762	0.1736	0.1724	0.1758	0.1821	0.1688	0.1580	0.1548	0.1581	0.1660	0.1770	0.1339	0.1282	0.1284	0.1335	0.1450	0.1613	0.1067	0.0961	0.0934	0.0949	0.1019	0.1141	0.1340
901	0.1782	0.1807	0.1793	0.1818	0.1759	0.1735	0.1724	0.1756	0.1821	0.1687	0.1580	0.1547	0.1582	0.1659	0.1769	0.1338	0.1280	0.1283	0.1334	0.1450	0.1613	0.1066	0.0960	0.0933	0.0948	0.1019	0.1140	0.1339
902	0.1782	0.1806	0.1793	0.1818	0.1756	0.1734	0.1724	0.1754	0.1821	0.1686	0.1581	0.1547	0.1583	0.1659	0.1769	0.1339	0.1278	0.1282	0.1331	0.1451	0.1613	0.1066	0.0959	0.0932	0.0947	0.1018	0.1141	0.1339
903	0.1785	0.1807	0.1795	0.1821	0.1759	0.1736	0.1723	0.1755	0.1822	0.1686	0.1581	0.1548	0.1584	0.1660	0.1771	0.1342	0.1279	0.1284	0.1332	0.1454	0.1612	0.1069	0.0959	0.0933	0.0949	0.1021	0.1144	0.1340
904	0.1785	0.1808	0.1794	0.1820	0.1760	0.1735	0.1726	0.1756	0.1822	0.1687	0.1581	0.1547	0.1584	0.1661	0.1771	0.1341	0.1279	0.1284	0.1334	0.1454	0.1613	0.1068	0.0959	0.0933	0.0949	0.1020	0.1144	0.1341
905	0.1785	0.1809	0.1794	0.1820	0.1761	0.1735	0.1727	0.1758	0.1822	0.1688	0.1582	0.1547	0.1584	0.1661	0.1771	0.1340	0.1280	0.1284	0.1335	0.1454	0.1614	0.1069	0.0961	0.0933	0.0948	0.1019	0.1144	0.1342
906	0.1786	0.1810	0.1797	0.1823	0.1763	0.1735	0.1726	0.1759	0.1824	0.1690	0.1584	0.1550	0.1584	0.1663	0.1773	0.1339	0.1282	0.1285	0.1335	0.1453	0.1615	0.1072	0.0962	0.0934	0.0950	0.1017	0.1143	0.1342
907	0.1783	0.1808	0.1798	0.1822	0.1761	0.1737	0.1726	0.1760	0.1824	0.1690	0.1584	0.1549	0.1583	0.1663	0.1773	0.1340	0.1281	0.1284	0.1335	0.1452	0.1615	0.1070	0.0959	0.0936	0.0949	0.1019	0.1144	0.1341
908	0.1783	0.1807	0.1798	0.1821	0.1761	0.1738	0.1727	0.1760	0.1823	0.1690	0.1584	0.1549	0.1583	0.1663	0.1773	0.1342	0.1281	0.1283	0.1335	0.1453	0.1614	0.1068	0.0959	0.0936	0.0949	0.1020	0.1144	0.1340
909	0.1784	0.1806	0.1797	0.1820	0.1762	0.1738	0.1727	0.1758	0.1823	0.1689	0.1584	0.1549	0.1583	0.1662	0.1772	0.1344	0.1282	0.1284	0.1335	0.1455	0.1613	0.1066	0.0961	0.0936	0.0949	0.1020	0.1143	0.1341
910	0.1783	0.1806	0.1796	0.1820	0.1762	0.1737	0.1724	0.1757	0.1821	0.1686	0.1583	0.1546	0.1583	0.1661	0.1771	0.1342	0.1280	0.1285	0.1336	0.1454	0.1614	0.1067	0.0961	0.0935	0.0948	0.1020	0.1142	0.1340
911	0.1783	0.1807	0.1796	0.1819	0.1762	0.1735	0.1723	0.1758	0.1821	0.1686	0.1583	0.1547	0.1581	0.1662	0.1772	0.1342	0.1279	0.1284	0.1336	0.1454	0.1615	0.1067	0.0960	0.0934	0.0948	0.1019	0.1143	0.1340
912	0.1784	0.1809	0.1796	0.1819	0.1762	0.1735	0.1724	0.1759	0.1822	0.1687	0.1583	0.1550	0.1581	0.1663	0.1773	0.1343	0.1280	0.1284	0.1337	0.1455	0.1615	0.1067	0.0960	0.0933	0.0949	0.1019	0.1145	0.1343
913	0.1785	0.1811	0.1795	0.1823	0.1764	0.1736	0.1727	0.1759	0.1823	0.1691	0.1583	0.1553	0.1583	0.1663	0.1775	0.1343	0.1282	0.1285	0.1337	0.1453	0.1615	0.1070	0.0961	0.0935	0.0952	0.1023	0.1147	0.1346
914	0.1785	0.1809	0.1796	0.1820	0.1762	0.1735	0.1726	0.1758	0.1822	0.1692	0.1583	0.1551	0.1583	0.1662	0.1772	0.1341	0.1283	0.1284	0.1336	0.1451	0.1615	0.1070	0.0961	0.0934	0.0950	0.1022	0.1144	0.1343
915	0.1785	0.1806	0.1797	0.1819	0.1760	0.1734	0.1726	0.1758	0.1823	0.1691	0.1582	0.1549	0.1583	0.1662	0.1770	0.1341	0.1283	0.1285	0.1335	0.1451	0.1615	0.1069	0.0960	0.0933	0.0948	0.1020	0.1143	0.1341
916	0.1785	0.1805	0.1800	0.1821	0.1760	0.1735	0.1730	0.1758	0.1826	0.1689	0.1582	0.1550	0.1586	0.1663	0.1771	0.1342	0.1281	0.1287	0.1336	0.1454	0.1617	0.1068	0.0959	0.0931	0.0950	0.1021	0.1145	0.1342
917	0.1783	0.1808	0.1797	0.1820	0.1762	0.1738	0.1728	0.1759	0.1824	0.1688	0.1582	0.1550	0.1582	0.1660	0.1771	0.1342	0.1280	0.1285	0.1335	0.1455	0.1616	0.1068	0.0961	0.0933	0.0950	0.1022	0.1142	0.1340
918	0.1783	0.1809	0.1796	0.1820	0.1761	0.1737	0.1727	0.1761	0.1823	0.1688	0.1583	0.1549	0.1581	0.1660	0.1772	0.1341	0.1280	0.1284	0.1335	0.1454	0.1615	0.1068	0.0961	0.0934	0.0948	0.1021	0.1142	0.1341
919	0.1784	0.1807	0.1796	0.1822	0.1759	0.1734	0.1726	0.1762	0.1823	0.1689	0.1586	0.1549	0.1582	0.1663	0.1773	0.1339	0.1281	0.1284	0.1337	0.1452	0.1616	0.1069	0.0961	0.0935	0.0947	0.1018	0.1143	0.1343
920	0.1786	0.1809	0.1798	0.1824	0.1761	0.1737	0.1725	0.1761	0.1825	0.1693	0.1587	0.1553	0.1584	0.1665	0.1775	0.1341	0.1282	0.1285	0.1338	0.1454	0.1615	0.1073	0.0962	0.0937	0.0948	0.1020	0.1145	0.1344
921	0.1787	0.1811	0.1798	0.1823	0.1763	0.1737	0.1726	0.1761	0.1825	0.1692	0.1584	0.1551	0.1585	0.1665	0.1775	0.1340	0.1283	0.1286	0.1339	0.1454	0.1617	0.1072	0.0961	0.0935	0.0948	0.1021	0.1146	0.1344
922	0.1787	0.1812	0.1797	0.1822	0.1763	0.1736	0.1728	0.1760	0.1825	0.1689	0.1581	0.1548	0.1586	0.1664	0.1775	0.1339	0.1284	0.1285	0.1337	0.1454	0.1619	0.1070	0.0961	0.0932	0.0948	0.1020	0.1147	0.1343
923	0.1785	0.1811	0.1796	0.1822	0.1762	0.1735	0.1729	0.1759	0.1824	0.1688	0.1582	0.1547	0.1586	0.1665	0.1774	0.1339	0.1282	0.1282	0.1333	0.1453	0.1618	0.1068	0.0958	0.0935	0.0947	0.1020	0.1145	0.1344
924	0.1788	0.1810	0.1798	0.1822	0.1764	0.1737	0.1729	0.1760	0.1825	0.1688	0.1581	0.1548	0.1585	0.1664	0.1775	0.1341	0.1282	0.1284	0.1336	0.1456	0.1619	0.1069	0.0959	0.0938	0.0948	0.1023	0.1144	0.1343
925	0.1789	0.1809	0.1799	0.1823	0.1764	0.1738	0.1728	0.1759	0.1825	0.1687	0.1581	0.1550	0.1583	0.1664	0.1775	0.1343	0.1281	0.1286	0.1338	0.1458	0.1619	0.1068	0.0960	0.0938	0.0949	0.1023	0.1144	0.1342
926	0.1785	0.1807	0.1795	0.1822	0.1762	0.1736	0.1726	0.1756	0.1824	0.1686	0.1585	0.1552	0.1582	0.1663	0.1776	0.1344	0.1281	0.1286	0.1337	0.1458	0.1616	0.1065	0.0960	0.0937	0.0949	0.1017	0.1144	0.1343
927	0.1786	0.1813	0.1798	0.1823	0.1762	0.1740	0.1729	0.1762	0.1823	0.1688	0.1584	0.1553	0.1587	0.1664	0.1776	0.1344	0.1281	0.1285	0.1340	0.1458	0.1615	0.1069	0.0962	0.0938	0.0952	0.1022	0.1147	0.1344
928	0.1786	0.1812	0.1799	0.1824	0.1762	0.1742	0.1730	0.1764	0.1823	0.1690	0.1584	0.1552	0.1588	0.1665	0.1776	0.1343	0.1282	0.1285	0.1341	0.1457	0.1617	0.1072	0.0963	0.0937	0.0952	0.1024	0.1147	0.1343
929	0.1786	0.1807	0.1797	0.1823	0.1762	0.1742	0.1728	0.1762	0.1825	0.1692	0.1585	0.1550	0.1586	0.1666	0.1775	0.1342	0.1281	0.1285	0.1341	0.1455	0.1622	0.1073	0.0963	0.0934	0.0950	0.1022	0.1145	0.1340
930	0.1789	0.1811	0.1801	0.1822	0.1764	0.1740	0.1729	0.1761	0.1823	0.1691	0.1586	0.1551	0.1585	0.1664	0.1776	0.1341	0.1281	0.1285	0.1337	0.1458	0.1619	0.1070	0.0962	0.0936	0.0950	0.1021	0.1147	0.1341
931	0.1788	0.1811	0.1800	0.1823	0.1765	0.1739	0.1728	0.1760	0.1822	0.1690	0.1584	0.1552	0.1585	0.1662	0.1776	0.1343	0.1283	0.1283	0.1337	0.1458	0.1618	0.1069	0.0962	0.0936	0.0949	0.1022	0.1147	0.1342
932	0.1786	0.1808	0.1799	0.1824	0.1766	0.1739	0.1727	0.1760	0.1822	0.1689	0.1582	0.1551	0.1585	0.1661	0.1776	0.1345	0.1285	0.1282	0.1337	0.1457	0.1620	0.1069	0.0963	0.0934	0.0948	0.1024	0.1147	0.1341
933	0.1787	0.1809	0.1801	0.1822	0.1766	0.1742	0.1728	0.1764	0.1829	0.1689	0.1585	0.1550	0.1584	0.1665	0.1778	0.1346	0.1285	0.1287	0.1338	0.1457	0.1620	0.1070	0.0964	0.0933	0.0949	0.1022	0.1145	0.1341
934	0.1786	0.1810	0.1798	0.1820	0.1764	0.1740	0.1728	0.1762	0.1827	0.1687	0.1584	0.1549	0.1582	0.1663	0.1775	0.1343	0.1282	0.1285	0.1338	0.1455	0.1617	0.1070	0.0960	0.0933	0.0951	0.1020	0.1146	0.1341
935	0.1786	0.1810	0.1796	0.1821	0.1763	0.1739	0.1727	0.1759	0.1824	0.1686	0.1583	0.1549	0.1583	0.1662	0.1773	0.1341	0.1280	0.1283	0.1338	0.1454	0.1616	0.1071	0.0957	0.0934	0.0953	0.1020	0.1146	0.1341
936	0.1787	0.1811	0.1801	0.1824	0.1766	0.1744	0.1726	0.1761	0.1822	0.1690	0.1583	0.1549	0.1586	0.1663	0.1776	0.1340	0.1280	0.1285	0.1336	0.1455	0.1617	0.1075	0.0961	0.0935	0.0952	0.1023	0.1144	0.1343
937	0.1789	0.1810	0.1802	0.1822	0.1763	0.1741	0.1728	0.1762	0.1823	0.1690	0.1584	0.1549	0.1586	0.1662	0.1775	0.1341	0.1283	0.1286	0.1338	0.1456	0.1617	0.1073	0.0961	0.0933	0.0952	0.1026	0.1144	0.1345
938	0.1790	0.1810	0.1802	0.1823	0.1762	0.1739	0.1727	0.1762	0.1824	0.1689	0.1584	0.1548	0.1585	0.1659	0.1774	0.1340	0.1284	0.1286	0.1340	0.1456	0.1618	0.1069	0.0961	0.0933	0.0951	0.1026	0.1145	0.1345
939	0.1790	0.1810	0.1801	0.1827	0.1763	0.1739	0.1723	0.1761	0.1826	0.1688	0.1584	0.1548	0.1584	0.1657	0.1773	0.1338	0.1280	0.1285	0.1341	0.1456	0.1620	0.1065	0.0960	0.0935	0.0949	0.1021	0.1146	0.1343
940	0.1791	0.1811	0.1797	0.1829	0.1768	0.1740	0.1728	0.1761	0.1830	0.1692	0.1584	0.1550	0.1584	0.1665	0.1778	0.1342	0.1283	0.1286	0.1338	0.1458	0.1621	0.1070	0.0960	0.0938	0.0950	0.1024	0.1149	0.1347
941	0.1791	0.1811	0.1797	0.1828	0.1769	0.1740	0.1730	0.1762	0.1828	0.1693	0.1583	0.1550	0.1586	0.1668	0.1779	0.1343	0.1284	0.1287	0.1337	0.1458	0.1618	0.1071	0.0960	0.0939	0.0950	0.1023	0.1150	0.1348
942	0.1790	0.1811	0.1799	0.1825	0.1768	0.1740	0.1730	0.1764	0.1825	0.1691	0.1582	0.1550	0.1588	0.1669	0.1778	0.1344	0.1284	0.1287	0.1337	0.1459	0.1616	0.1069	0.0960	0.0940	0.0949	0.1021	0.1149	0.1348
943	0.1789	0.1811	0.1801	0.1828	0.1768	0.1742	0.1730	0.1766	0.1826	0.1691	0.1585	0.1553	0.1589	0.1667	0.1780	0.1348	0.1283	0.1288	0.1339	0.1465	0.1624	0.1071	0.0961	0.0941	0.0952	0.1024	0.1150	0.1349
944	0.1791	0.1813	0.1804	0.1826	0.1768	0.1744	0.1731	0.1765	0.1827	0.1692	0.1588	0.1555	0.1590	0.1667	0.1782	0.1349	0.1286	0.1288	0.1341	0.1463	0.1626	0.1071	0.0965	0.0939	0.0952	0.1026	0.1148	0.1350
945	0.1790	0.1812	0.1805	0.1824	0.1767	0.1745	0.1731	0.1765	0.1827	0.1693	0.1588	0.1556	0.1589	0.1667	0.1781	0.1347	0.1287	0.1287	0.1342	0.1459	0.1625	0.1069	0.0966	0.0936	0.0951	0.1026	0.1147	0.1349
946	0.1785	0.1807	0.1800	0.1824	0.1762	0.1745	0.1726	0.1766	0.1827	0.1693	0.1586	0.1556	0.1585	0.1666	0.1778	0.1340	0.1285	0.1286	0.1337	0.1455	0.1621	0.1066	0.0961	0.0934	0.0950	0.1024	0.1149	0.1347
947	0.1791	0.1810	0.1802	0.1829	0.1765	0.1743	0.1728	0.1764	0.1828	0.1694	0.1587	0.1554	0.1588	0.1667	0.1780	0.1342	0.1287	0.1290	0.1338	0.1459	0.1625	0.1071	0.0964	0.0936	0.0953	0.1027	0.1147	0.1346
948	0.1792	0.1814	0.1802	0.1831	0.1767	0.1742	0.1729	0.1764	0.1829	0.1693	0.1587	0.1553	0.1589	0.1666	0.1780	0.1344	0.1287	0.1291	0.1339	0.1460	0.1624	0.1073	0.0965	0.0937	0.0953	0.1027	0.1149	0.1346
949	0.1789	0.1815	0.1799	0.1828	0.1768	0.1741	0.1729	0.1767	0.1828	0.1691	0.1586	0.1551	0.1589	0.1663	0.1777	0.1346	0.1283	0.1287	0.1340	0.1458	0.1619	0.1071	0.0961	0.0938	0.0948	0.1025	0.1154	0.1347
950	0.1792	0.1816	0.1798	0.1826	0.1766	0.1742	0.1733	0.1761	0.1828	0.1693	0.1587	0.1552	0.1584	0.1666	0.1775	0.1342	0.1284	0.1289	0.1341	0.1459	0.1624	0.1069	0.0961	0.0938	0.0949	0.1025	0.1151	0.1345
951	0.1791	0.1816	0.1800	0.1826	0.1765	0.1741	0.1733	0.1761	0.1828	0.1693	0.1587	0.1553	0.1585	0.1667	0.1776	0.1340	0.1285	0.1288	0.1339	0.1460	0.1625	0.1070	0.0964	0.0937	0.0951	0.1023	0.1150	0.1345
952	0.1789	0.1815	0.1802	0.1827	0.1765	0.1741	0.1731	0.1763	0.1828	0.1691	0.1585	0.1554	0.1590	0.1667	0.1778	0.1340	0.1285	0.1287	0.1337	0.1459	0.1622	0.1070	0.0966	0.0935	0.0952	0.1020	0.1149	0.1345
953	0.1792	0.1811	0.1804	0.1827	0.1765	0.1741	0.1728	0.1762	0.1828	0.1692	0.1587	0.1552	0.1588	0.1670	0.1780	0.1342	0.1282	0.1287	0.1337	0.1458	0.1618	0.1070	0.0961	0.0931	0.0951	0.1020	0.1145	0.1345
954	0.1794	0.1810	0.1806	0.1828	0.1765	0.1744	0.1728	0.1764	0.1828	0.1694	0.1588	0.1553	0.1589	0.1668	0.1777	0.1342	0.1283	0.1284	0.1338	0.1461	0.1621	0.1070	0.0961	0.0936	0.0948	0.1024	0.1146	0.1345
955	0.1794	0.1810	0.1806	0.1827	0.1765	0.1745	0.1730	0.1767	0.1827	0.1694	0.1589	0.1554	0.1589	0.1665	0.1777	0.1342	0.1284	0.1283	0.1339	0.1462	0.1622	0.1070	0.0963	0.0940	0.0949	0.1026	0.1149	0.1344
956	0.1793	0.1812	0.1806	0.1824	0.1765	0.1743	0.1734	0.1768	0.1826	0.1692	0.1587	0.1553	0.1588	0.1666	0.1782	0.1343	0.1285	0.1287	0.1341	0.1455	0.1620	0.1070	0.0965	0.0939	0.0955	0.1026	0.1152	0.1345
957	0.1789	0.1812	0.1800	0.1824	0.1761	0.1739	0.1729	0.1766	0.1828	0.1691	0.1585	0.1554	0.1581	0.1666	0.1782	0.1336	0.1282	0.1290	0.1341	0.1455	0.1620	0.1070	0.0960	0.0936	0.0951	0.1025	0.1148	0.1344
958	0.1788	0.1815	0.1800	0.1829	0.1764	0.1740	0.1729	0.1768	0.1829	0.1691	0.1586	0.1557	0.1581	0.1666	0.1781	0.1337	0.1282	0.1292	0.1341	0.1459	0.1623	0.1071	0.0963	0.0937	0.0951	0.1027	0.1146	0.1346
959	0.1791	0.1820	0.1807	0.1837	0.1775	0.1748	0.1733	0.1772	0.1830	0.1693	0.1589	0.1559	0.1587	0.1666	0.1779	0.1346	0.1286	0.1292	0.1341	0.1465	0.1628	0.1072	0.0972	0.0939	0.0956	0.1031	0.1146	0.1351
960	0.1789	0.1812	0.1804	0.1833	0.1764	0.1746	0.1729	0.1765	0.1827	0.1692	0.1586	0.1554	0.1584	0.1668	0.1777	0.1342	0.1288	0.1288	0.1341	0.1460	0.1622	0.1068	0.0965	0.0936	0.0952	0.1026	0.1145	0.1347
961	0.1790	0.1813	0.1802	0.1826	0.1762	0.1743	0.1728	0.1763	0.1826	0.1689	0.1582	0.1553	0.1583	0.1669	0.1776	0.1344	0.1287	0.1286	0.1340	0.1457	0.1622	0.1069	0.0960	0.0934	0.0947	0.1025	0.1145	0.1347
962	0.1793	0.1818	0.1803	0.1821	0.1766	0.1739	0.1728	0.1765	0.1825	0.1687	0.1579	0.1555	0.1585	0.1670	0.1776	0.1346	0.1284	0.1286	0.1338	0.1457	0.1624	0.1072	0.0959	0.0934	0.0944	0.1026	0.1145	0.1350
963	0.1797	0.1813	0.1805	0.1827	0.1766	0.1743	0.1732	0.1765	0.1825	0.1693	0.1584	0.1553	0.1591	0.1666	0.1776	0.1339	0.1284	0.1288	0.1338	0.1462	0.1621	0.1075	0.0964	0.0939	0.0953	0.1025	0.1147	0.1350
964	0.1795	0.1816	0.1805	0.1826	0.1767	0.1742	0.1732	0.1764	0.1826	0.1694	0.1588	0.1552	0.1589	0.1667	0.1778	0.1339	0.1283	0.1287	0.1340	0.1459	0.1620	0.1076	0.0965	0.0941	0.0952	0.1023	0.1147	0.1347
965	0.1792	0.1820	0.1804	0.1824	0.1767	0.1741	0.1732	0.1764	0.1826	0.1694	0.1590	0.1552	0.1588	0.1667	0.1780	0.1343	0.1284	0.1287	0.1343	0.1456	0.1621	0.1074	0.0965	0.0941	0.0950	0.1022	0.1148	0.1346
966	0.1793	0.1820	0.1804	0.1828	0.1765	0.1742	0.1734	0.1765	0.1825	0.1694	0.1587	0.1554	0.1594	0.1665	0.1781	0.1347	0.1289	0.1288	0.1344	0.1460	0.1627	0.1072	0.0966	0.0942	0.0952	0.1026	0.1154	0.1351
967	0.1792	0.1818	0.1804	0.1827	0.1769	0.1742	0.1730	0.1768	0.1828	0.1692	0.1589	0.1554	0.1593	0.1668	0.1780	0.1346	0.1288	0.1291	0.1343	0.1459	0.1626	0.1071	0.0966	0.0938	0.0953	0.1025	0.1153	0.1350
968	0.1791	0.1817	0.1805	0.1827	0.1771	0.1742	0.1730	0.1768	0.1827	0.1692	0.1590	0.1554	0.1590	0.1670	0.1780	0.1346	0.1287	0.1290	0.1340	0.1461	0.1625	0.1070	0.0965	0.0935	0.0952	0.1022	0.1151	0.1347
969	0.1790	0.1816	0.1807	0.1827	0.1769	0.1743	0.1735	0.1765	0.1823	0.1696	0.1589	0.1553	0.1588	0.1671	0.1784	0.1348	0.1286	0.1285	0.1336	0.1468	0.1626	0.1069	0.0963	0.0935	0.0948	0.1018	0.1150	0.1345
970	0.1794	0.1819	0.1806	0.1830	0.1769	0.1740	0.1733	0.1763	0.1825	0.1693	0.1588	0.1558	0.1591	0.1671	0.1780	0.1342	0.1286	0.1289	0.1338	0.1464	0.1620	0.1076	0.0959	0.0935	0.0956	0.1019	0.1148	0.1343
971	0.1795	0.1817	0.1806	0.1829	0.1771	0.1740	0.1732	0.1764	0.1824	0.1691	0.1587	0.1557	0.1590	0.1669	0.1779	0.1343	0.1284	0.1290	0.1339	0.1459	0.1622	0.1077	0.0956	0.0935	0.0956	0.1019	0.1148	0.1343
972	0.1793	0.1813	0.1807	0.1825	0.1773	0.1741	0.1731	0.1766	0.1823	0.1691	0.1585	0.1553	0.1585	0.1666	0.1782	0.1348	0.1281	0.1289	0.1339	0.1454	0.1627	0.1074	0.0956	0.0934	0.0951	0.1019	0.1149	0.1343
973	0.1792	0.1814	0.1803	0.1825	0.1774	0.1742	0.1733	0.1768	0.1828	0.1696	0.1586	0.1554	0.1584	0.1661	0.1784	0.1347	0.1284	0.1287	0.1343	0.1449	0.1625	0.1069	0.0962	0.0938	0.0954	0.1023	0.1150	0.1342
974	0.1790	0.1815	0.1801	0.1825	0.1767	0.1739	0.1734	0.1763	0.1831	0.1698	0.1588	0.1553	0.1585	0.1663	0.1781	0.1342	0.1283	0.1287	0.1340	0.1454	0.1623	0.1064	0.0962	0.0940	0.0952	0.1024	0.1148	0.1344
975	0.1790	0.1816	0.1802	0.1826	0.1760	0.1738	0.1736	0.1760	0.1829	0.1697	0.1589	0.1551	0.1586	0.1667	0.1776	0.1338	0.1280	0.1287	0.1336	0.1460	0.1621	0.1062	0.0959	0.0940	0.0947	0.1023	0.1145	0.1344
976	0.1778	0.1817	0.1805	0.1846	0.1755	0.1739	0.1735	0.1769	0.1847	0.1655	0.1571	0.1532	0.1577	0.1665	0.1792	0.1335	0.1267	0.1268	0.1323	0.1457	0.1632	0.1058	0.0955	0.0918	0.0926	0.1003	0.1147	0.1358
977	0.1780	0.1817	0.1804	0.1848	0.1751	0.1735	0.1734	0.1772	0.1846	0.1657	0.1570	0.1535	0.1578	0.1664	0.1794	0.1335	0.1267	0.1268	0.1327	0.1455	0.1632	0.1063	0.0953	0.0916	0.0925	0.1004	0.1147	0.1353
978	0.1788	0.1816	0.1805	0.1852	0.1751	0.1733	0.1730	0.1769	0.1844	0.1660	0.1569	0.1537	0.1573	0.1670	0.1798	0.1332	0.1264	0.1268	0.1331	0.1454	0.1633	0.1061	0.0949	0.0916	0.0925	0.1005	0.1146	0.1348
979	0.1794	0.1816	0.1804	0.1853	0.1752	0.1733	0.1726	0.1766	0.1842	0.1664	0.1569	0.1537	0.1572	0.1671	0.1800	0.1332	0.1263	0.1268	0.1333	0.1452	0.1635	0.1059	0.0947	0.0916	0.0926	0.1006	0.1146	0.1346
980	0.1793	0.1817	0.1803	0.1848	0.1756	0.1736	0.1723	0.1767	0.1845	0.1663	0.1569	0.1535	0.1577	0.1664	0.1797	0.1337	0.1262	0.1268	0.1332	0.1453	0.1631	0.1054	0.0954	0.0911	0.0932	0.1008	0.1151	0.1355
981	0.1792	0.1818	0.1804	0.1846	0.1760	0.1738	0.1722	0.1769	0.1848	0.1661	0.1568	0.1535	0.1580	0.1659	0.1796	0.1341	0.1260	0.1269	0.1332	0.1456	0.1627	0.1049	0.0959	0.0907	0.0937	0.1011	0.1154	0.1362
982	0.1793	0.1819	0.1808	0.1849	0.1762	0.1740	0.1727	0.1772	0.1844	0.1659	0.1569	0.1540	0.1580	0.1665	0.1805	0.1340	0.1260	0.1272	0.1331	0.1459	0.1630	0.1050	0.0961	0.0911	0.0936	0.1014	0.1155	0.1361
983	0.1794	0.1821	0.1810	0.1851	0.1764	0.1742	0.1731	0.1776	0.1841	0.1658	0.1570	0.1545	0.1579	0.1671	0.1812	0.1339	0.1260	0.1275	0.1330	0.1460	0.1632	0.1051	0.0962	0.0915	0.0935	0.1016	0.1155	0.1360
984	0.1795	0.1823	0.1814	0.1851	0.1761	0.1740	0.1729	0.1777	0.1845	0.1660	0.1573	0.1540	0.1576	0.1671	0.1806	0.1343	0.1261	0.1276	0.1327	0.1463	0.1635	0.1049	0.0962	0.0917	0.0932	0.1013	0.1156	0.1363
985	0.1795	0.1826	0.1818	0.1851	0.1758	0.1739	0.1728	0.1777	0.1850	0.1660	0.1575	0.1534	0.1573	0.1670	0.1798	0.1346	0.1263	0.1277	0.1324	0.1466	0.1639	0.1046	0.0961	0.0919	0.0930	0.1009	0.1155	0.1367
986	0.1796	0.1822	0.1814	0.1850	0.1759	0.1737	0.1730	0.1772	0.1849	0.1657	0.1574	0.1534	0.1574	0.1670	0.1798	0.1344	0.1263	0.1273	0.1326	0.1465	0.1641	0.1052	0.0960	0.0918	0.0930	0.1009	0.1151	0.1365
987	0.1797	0.1817	0.1807	0.1850	0.1761	0.1733	0.1734	0.1767	0.1846	0.1656	0.1570	0.1534	0.1576	0.1671	0.1797	0.1343	0.1261	0.1268	0.1331	0.1463	0.1641	0.1058	0.0959	0.0916	0.0929	0.1009	0.1146	0.1362
988	0.1795	0.1816	0.1806	0.1847	0.1759	0.1732	0.1734	0.1768	0.1848	0.1657	0.1572	0.1537	0.1575	0.1672	0.1796	0.1340	0.1264	0.1266	0.1331	0.1464	0.1639	0.1058	0.0960	0.0915	0.0926	0.1012	0.1146	0.1362
989	0.1791	0.1819	0.1809	0.1843	0.1754	0.1734	0.1731	0.1771	0.1850	0.1656	0.1576	0.1542	0.1572	0.1673	0.1797	0.1337	0.1267	0.1265	0.1329	0.1465	0.1638	0.1056	0.0961	0.0915	0.0922	0.1015	0.1147	0.1362
990	0.1790	0.1819	0.1811	0.1846	0.1753	0.1734	0.1731	0.1774	0.1851	0.1654	0.1575	0.1542	0.1572	0.1676	0.1799	0.1336	0.1266	0.1264	0.1328	0.1466	0.1640	0.1056	0.0963	0.0914	0.0920	0.1015	0.1148	0.1362
991	0.1795	0.1816	0.1812	0.1853	0.1754	0.1735	0.1734	0.1775	0.1852	0.1653	0.1571	0.1542	0.1578	0.1681	0.1800	0.1335	0.1262	0.1264	0.1328	0.1467	0.1642	0.1056	0.0964	0.0914	0.0921	0.1013	0.1149	0.1362
992	0.1799	0.1816	0.1811	0.1855	0.1758	0.1736	0.1734	0.1777	0.1851	0.1655	0.1571	0.1542	0.1581	0.1684	0.1802	0.1332	0.1262	0.1265	0.1329	0.1467	0.1642	0.1056	0.0963	0.0915	0.0924	0.1011	0.1148	0.1361
993	0.1801	0.1822	0.1815	0.1853	0.1763	0.1735	0.1732	0.1781	0.1847	0.1661	0.1572	0.1539	0.1579	0.1682	0.1805	0.1332	0.1268	0.1266	0.1329	0.1467	0.1641	0.1056	0.0960	0.0917	0.0928	0.1012	0.1146	0.1361
994	0.1801	0.1828	0.1819	0.1854	0.1766	0.1734	0.1731	0.1783	0.1846	0.1664	0.1573	0.1539	0.1578	0.1681	0.1806	0.1335	0.1272	0.1267	0.1328	0.1469	0.1643	0.1056	0.0959	0.0921	0.0931	0.1015	0.1148	0.1362
995	0.1800	0.1828	0.1820	0.1861	0.1768	0.1736	0.1733	0.1781	0.1851	0.1663	0.1573	0.1544	0.1580	0.1684	0.1804	0.1336	0.1269	0.1267	0.1330	0.1468	0.1644	0.1057	0.0957	0.0922	0.0928	0.1017	0.1153	0.1363
996	0.1799	0.1827	0.1820	0.1865	0.1770	0.1739	0.1736	0.1780	0.1854	0.1662	0.1572	0.1546	0.1581	0.1684	0.1803	0.1338	0.1265	0.1268	0.1331	0.1467	0.1646	0.1059	0.0955	0.0921	0.0926	0.1019	0.1158	0.1365
997	0.1797	0.1828	0.1818	0.1860	0.1767	0.1743	0.1732	0.1784	0.1850	0.1662	0.1572	0.1543	0.1580	0.1680	0.1803	0.1341	0.1268	0.1270	0.1332	0.1467	0.1646	0.1061	0.0958	0.0921	0.0926	0.1015	0.1158	0.1367
998	0.1795	0.1829	0.1817	0.1856	0.1763	0.1745	0.1727	0.1787	0.1846	0.1662	0.1573	0.1540	0.1581	0.1677	0.1802	0.1343	0.1270	0.1272	0.1332	0.1467	0.1646	0.1062	0.0960	0.0922	0.0927	0.1011	0.1157	0.1368
999	0.1795	0.1828	0.1820	0.1857	0.1764	0.1742	0.1727	0.1783	0.1850	0.1662	0.1578	0.1543	0.1584	0.1677	0.1800	0.1344	0.1269	0.1271	0.1329	0.1465	0.1643	0.1058	0.0961	0.0921	0.0926	0.1013	0.1156	0.1368
1000	0.1795	0.1828	0.1823	0.1858	0.1766	0.1740	0.1728	0.1779	0.1854	0.1662	0.1583	0.1545	0.1586	0.1677	0.1798	0.1346	0.1268	0.1271	0.1325	0.1462	0.1641	0.1055	0.0962	0.0919	0.0926	0.1017	0.1156	0.1367
1001	0.1794	0.1828	0.1823	0.1856	0.1768	0.1739	0.1731	0.1776	0.1857	0.1662	0.1585	0.1543	0.1586	0.1677	0.1797	0.1347	0.1266	0.1274	0.1326	0.1465	0.1643	0.1057	0.0963	0.0919	0.0925	0.1018	0.1157	0.1365
1002	0.1792	0.1826	0.1822	0.1855	0.1770	0.1735	0.1733	0.1774	0.1859	0.1664	0.1586	0.1540	0.1587	0.1678	0.1798	0.1345	0.1264	0.1276	0.1328	0.1470	0.1648	0.1060	0.0965	0.0922	0.0925	0.1019	0.1157	0.1363
1003	0.1795	0.1828	0.1825	0.1857	0.1768	0.1735	0.1736	0.1777	0.1858	0.1667	0.1585	0.1542	0.1587	0.1679	0.1801	0.1340	0.1269	0.1276	0.1332	0.1471	0.1651	0.1057	0.0965	0.0922	0.0927	0.1019	0.1156	0.1366
1004	0.1800	0.1831	0.1827	0.1860	0.1767	0.1738	0.1738	0.1781	0.1857	0.1669	0.1585	0.1545	0.1584	0.1680	0.1802	0.1338	0.1277	0.1277	0.1335	0.1467	0.1653	0.1052	0.0963	0.0921	0.0930	0.1016	0.1156	0.1372
1005	0.1802	0.1830	0.1827	0.1861	0.1769	0.1740	0.1738	0.1781	0.1858	0.1667	0.1585	0.1548	0.1583	0.1683	0.1804	0.1339	0.1280	0.1275	0.1337	0.1469	0.1653	0.1055	0.0964	0.0920	0.0933	0.1018	0.1159	0.1375
1006	0.1802	0.1826	0.1826	0.1862	0.1772	0.1741	0.1737	0.1779	0.1860	0.1665	0.1587	0.1551	0.1585	0.1687	0.1807	0.1340	0.1278	0.1272	0.1337	0.1475	0.1653	0.1064	0.0968	0.0919	0.0935	0.1025	0.1162	0.1373
1007	0.1802	0.1825	0.1824	0.1862	0.1773	0.1741	0.1735	0.1780	0.1860	0.1665	0.1585	0.1552	0.1590	0.1688	0.1810	0.1341	0.1274	0.1269	0.1338	0.1476	0.1653	0.1068	0.0970	0.0919	0.0934	0.1027	0.1160	0.1373
1008	0.1800	0.1828	0.1823	0.1861	0.1770	0.1739	0.1736	0.1784	0.1860	0.1665	0.1581	0.1550	0.1593	0.1686	0.1808	0.1344	0.1270	0.1270	0.1340	0.1474	0.1654	0.1060	0.0971	0.0917	0.0931	0.1023	0.1156	0.1375
1009	0.1799	0.1830	0.1820	0.1861	0.1768	0.1738	0.1738	0.1787	0.1861	0.1663	0.1578	0.1549	0.1592	0.1685	0.1806	0.1344	0.1267	0.1270	0.1340	0.1474	0.1654	0.1054	0.0969	0.0918	0.0931	0.1020	0.1154	0.1374
1010	0.1801	0.1827	0.1819	0.1860	0.1770	0.1739	0.1742	0.1789	0.1860	0.1661	0.1577	0.1545	0.1590	0.1685	0.1805	0.1340	0.1268	0.1268	0.1337	0.1476	0.1654	0.1055	0.0963	0.0921	0.0933	0.1020	0.1154	0.1373
1011	0.1804	0.1826	0.1821	0.1861	0.1772	0.1740	0.1745	0.1790	0.1860	0.1661	0.1576	0.1542	0.1589	0.1686	0.1805	0.1340	0.1269	0.1269	0.1336	0.1477	0.1655	0.1058	0.0960	0.0923	0.0935	0.1022	0.1154	0.1374
1012	0.1809	0.1831	0.1825	0.1862	0.1771	0.1741	0.1747	0.1789	0.1863	0.1664	0.1579	0.1547	0.1589	0.1690	0.1808	0.1345	0.1270	0.1273	0.1337	0.1476	0.1652	0.1060	0.0964	0.0924	0.0936	0.1021	0.1156	0.1376
1013	0.1812	0.1835	0.1829	0.1864	0.1770	0.1741	0.1748	0.1786	0.1865	0.1666	0.1582	0.1551	0.1588	0.1693	0.1811	0.1348	0.1271	0.1277	0.1339	0.1475	0.1650	0.1061	0.0967	0.0926	0.0937	0.1019	0.1158	0.1377
1014	0.1809	0.1833	0.1830	0.1866	0.1772	0.1742	0.1748	0.1785	0.1865	0.1667	0.1584	0.1550	0.1586	0.1692	0.1812	0.1345	0.1270	0.1278	0.1338	0.1476	0.1651	0.1057	0.0969	0.0926	0.0934	0.1020	0.1158	0.1379
1015	0.1805	0.1832	0.1829	0.1868	0.1775	0.1743	0.1748	0.1786	0.1864	0.1666	0.1586	0.1549	0.1585	0.1690	0.1813	0.1342	0.1267	0.1277	0.1338	0.1477	0.1653	0.1053	0.0970	0.0925	0.0932	0.1022	0.1157	0.1381
1016	0.1804	0.1832	0.1831	0.1865	0.1774	0.1743	0.1746	0.1788	0.1863	0.1667	0.1585	0.1549	0.1586	0.1690	0.1813	0.1343	0.1265	0.1274	0.1338	0.1478	0.1658	0.1053	0.0970	0.0924	0.0932	0.1024	0.1158	0.1381
1017	0.1802	0.1833	0.1836	0.1864	0.1772	0.1743	0.1742	0.1790	0.1862	0.1671	0.1583	0.1550	0.1588	0.1691	0.1813	0.1346	0.1266	0.1271	0.1338	0.1479	0.1663	0.1055	0.0970	0.0923	0.0933	0.1025	0.1161	0.1380
1018	0.1802	0.1831	0.1837	0.1867	0.1772	0.1742	0.1741	0.1791	0.1867	0.1674	0.1583	0.1551	0.1591	0.1695	0.1812	0.1347	0.1270	0.1269	0.1340	0.1483	0.1663	0.1058	0.0968	0.0924	0.0934	0.1028	0.1164	0.1382
1019	0.1804	0.1829	0.1834	0.1867	0.1773	0.1743	0.1740	0.1791	0.1872	0.1673	0.1582	0.1550	0.1593	0.1699	0.1811	0.1345	0.1276	0.1270	0.1342	0.1487	0.1661	0.1060	0.0966	0.0925	0.0935	0.1030	0.1166	0.1384
1020	0.1803	0.1829	0.1831	0.1869	0.1776	0.1746	0.1741	0.1791	0.1873	0.1673	0.1584	0.1548	0.1593	0.1697	0.1813	0.1344	0.1277	0.1273	0.1341	0.1485	0.1662	0.1062	0.0966	0.0923	0.0934	0.1026	0.1164	0.1382
1021	0.1803	0.1830	0.1830	0.1872	0.1779	0.1749	0.1742	0.1792	0.1873	0.1673	0.1587	0.1546	0.1596	0.1694	0.1816	0.1345	0.1276	0.1275	0.1338	0.1482	0.1662	0.1064	0.0967	0.0921	0.0933	0.1021	0.1160	0.1381
1022	0.1802	0.1831	0.1831	0.1871	0.1779	0.1750	0.1743	0.1791	0.1874	0.1669	0.1587	0.1547	0.1598	0.1692	0.1817	0.1347	0.1275	0.1276	0.1340	0.1481	0.1662	0.1064	0.0966	0.0921	0.0933	0.1022	0.1160	0.1383
1023	0.1802	0.1833	0.1835	0.1868	0.1776	0.1747	0.1740	0.1793	0.1874	0.1668	0.1586	0.1549	0.1599	0.1692	0.1818	0.1348	0.1273	0.1277	0.1341	0.1480	0.1662	0.1063	0.0966	0.0923	0.0932	0.1026	0.1161	0.1382
1024	0.1804	0.1835	0.1836	0.1868	0.1776	0.1746	0.1740	0.1794	0.1874	0.1670	0.1584	0.1552	0.1601	0.1693	0.1819	0.1348	0.1275	0.1277	0.1341	0.1480	0.1662	0.1063	0.0969	0.0924	0.0933	0.1027	0.1160	0.1381
1025	0.1804	0.1835	0.1838	0.1870	0.1776	0.1747	0.1748	0.1792	0.1870	0.1669	0.1584	0.1555	0.1602	0.1693	0.1820	0.1345	0.1278	0.1275	0.1341	0.1482	0.1662	0.1064	0.0972	0.0923	0.0938	0.1028	0.1162	0.1381
1026	0.1803	0.1834	0.1839	0.1871	0.1775	0.1747	0.1754	0.1792	0.1868	0.1669	0.1585	0.1557	0.1602	0.1692	0.1822	0.1343	0.1280	0.1275	0.1341	0.1481	0.1662	0.1064	0.0973	0.0922	0.0940	0.1027	0.1165	0.1380
1027	0.1803	0.1835	0.1840	0.1870	0.1776	0.1750	0.1752	0.1795	0.1871	0.1670	0.1585	0.1557	0.1599	0.1693	0.1822	0.1345	0.1281	0.1277	0.1341	0.1477	0.1664	0.1063	0.0971	0.0922	0.0939	0.1025	0.1167	0.1381
1028	0.1804	0.1834	0.1840	0.1868	0.1776	0.1754	0.1749	0.1798	0.1873	0.1672	0.1586	0.1559	0.1596	0.1694	0.1821	0.1349	0.1281	0.1281	0.1342	0.1474	0.1666	0.1062	0.0968	0.0924	0.0937	0.1022	0.1167	0.1384
1029	0.1806	0.1835	0.1838	0.1869	0.1775	0.1756	0.1747	0.1798	0.1874	0.1674	0.1589	0.1562	0.1593	0.1693	0.1822	0.1349	0.1280	0.1285	0.1340	0.1475	0.1666	0.1065	0.0966	0.0925	0.0936	0.1022	0.1165	0.1387
1030	0.1808	0.1836	0.1837	0.1871	0.1775	0.1756	0.1747	0.1797	0.1873	0.1676	0.1591	0.1562	0.1592	0.1693	0.1823	0.1349	0.1279	0.1288	0.1338	0.1477	0.1667	0.1068	0.0966	0.0925	0.0935	0.1022	0.1164	0.1389
1031	0.1809	0.1839	0.1839	0.1875	0.1775	0.1754	0.1746	0.1796	0.1873	0.1676	0.1591	0.1560	0.1595	0.1695	0.1826	0.1348	0.1277	0.1288	0.1337	0.1478	0.1666	0.1069	0.0968	0.0923	0.0936	0.1022	0.1163	0.1389
1032	0.1808	0.1840	0.1841	0.1876	0.1777	0.1752	0.1745	0.1797	0.1873	0.1676	0.1591	0.1559	0.1599	0.1698	0.1827	0.1347	0.1276	0.1286	0.1337	0.1479	0.1665	0.1069	0.0970	0.0924	0.0937	0.1023	0.1164	0.1389
1033	0.1808	0.1839	0.1841	0.1875	0.1781	0.1753	0.1748	0.1800	0.1874	0.1675	0.1590	0.1559	0.1602	0.1702	0.1827	0.1349	0.1276	0.1284	0.1340	0.1479	0.1667	0.1068	0.0972	0.0926	0.0940	0.1027	0.1166	0.1390
1034	0.1807	0.1838	0.1841	0.1873	0.1784	0.1752	0.1752	0.1799	0.1875	0.1674	0.1588	0.1559	0.1605	0.1703	0.1828	0.1350	0.1276	0.1284	0.1343	0.1479	0.1668	0.1066	0.0972	0.0927	0.0942	0.1030	0.1169	0.1391
1035	0.1809	0.1839	0.1840	0.1871	0.1784	0.1752	0.1752	0.1797	0.1876	0.1675	0.1588	0.1558	0.1605	0.1699	0.1827	0.1348	0.1275	0.1281	0.1344	0.1481	0.1666	0.1064	0.0970	0.0924	0.0941	0.1030	0.1168	0.1391
1036	0.1812	0.1840	0.1838	0.1869	0.1782	0.1751	0.1752	0.1795	0.1878	0.1678	0.1590	0.1556	0.1603	0.1697	0.1825	0.1347	0.1274	0.1276	0.1347	0.1486	0.1665	0.1063	0.0970	0.0920	0.0940	0.1030	0.1165	0.1390
1037	0.1811	0.1838	0.1836	0.1873	0.1781	0.1752	0.1751	0.1793	0.1879	0.1679	0.1590	0.1557	0.1601	0.1699	0.1825	0.1348	0.1273	0.1276	0.1351	0.1485	0.1666	0.1062	0.0971	0.0921	0.0939	0.1029	0.1165	0.1388
1038	0.1808	0.1836	0.1836	0.1875	0.1781	0.1753	0.1750	0.1793	0.1879	0.1680	0.1590	0.1559	0.1600	0.1702	0.1828	0.1351	0.1274	0.1278	0.1352	0.1482	0.1667	0.1062	0.0970	0.0923	0.0939	0.1028	0.1167	0.1387
1039	0.1805	0.1840	0.1838	0.1876	0.1783	0.1753	0.1752	0.1794	0.1880	0.1680	0.1591	0.1561	0.1600	0.1705	0.1828	0.1352	0.1273	0.1280	0.1351	0.1483	0.1666	0.1061	0.0969	0.0925	0.0937	0.1028	0.1168	0.1388
1040	0.1806	0.1845	0.1841	0.1877	0.1782	0.1752	0.1754	0.1797	0.1878	0.1680	0.1591	0.1560	0.1604	0.1704	0.1824	0.1351	0.1275	0.1282	0.1348	0.1486	0.1666	0.1060	0.0971	0.0929	0.0937	0.1030	0.1169	0.1389
1041	0.1809	0.1848	0.1842	0.1878	0.1780	0.1751	0.1753	0.1801	0.1876	0.1681	0.1590	0.1557	0.1607	0.1704	0.1823	0.1350	0.1276	0.1283	0.1347	0.1485	0.1670	0.1062	0.0970	0.0931	0.0940	0.1032	0.1169	0.1389
1042	0.1811	0.1846	0.1838	0.1880	0.1781	0.1753	0.1751	0.1804	0.1875	0.1680	0.1588	0.1554	0.1607	0.1703	0.1824	0.1349	0.1277	0.1283	0.1348	0.1484	0.1672	0.1063	0.0971	0.0929	0.0939	0.1033	0.1170	0.1387
1043	0.1813	0.1844	0.1835	0.1883	0.1781	0.1756	0.1751	0.1806	0.1876	0.1678	0.1588	0.1554	0.1607	0.1703	0.1826	0.1349	0.1278	0.1284	0.1348	0.1485	0.1670	0.1063	0.0973	0.0928	0.0938	0.1035	0.1172	0.1387
1044	0.1813	0.1844	0.1837	0.1884	0.1782	0.1757	0.1752	0.1804	0.1877	0.1678	0.1590	0.1556	0.1607	0.1703	0.1828	0.1351	0.1278	0.1283	0.1350	0.1486	0.1669	0.1062	0.0973	0.0928	0.0940	0.1034	0.1173	0.1387
1045	0.1813	0.1845	0.1839	0.1884	0.1783	0.1758	0.1754	0.1802	0.1879	0.1680	0.1592	0.1558	0.1607	0.1702	0.1830	0.1351	0.1280	0.1281	0.1351	0.1486	0.1670	0.1062	0.0971	0.0927	0.0941	0.1032	0.1173	0.1388
1046	0.1813	0.1847	0.1839	0.1884	0.1781	0.1760	0.1755	0.1802	0.1879	0.1680	0.1594	0.1558	0.1607	0.1701	0.1833	0.1351	0.1281	0.1281	0.1350	0.1485	0.1672	0.1061	0.0970	0.0924	0.0942	0.1033	0.1172	0.1388
1047	0.1813	0.1846	0.1836	0.1885	0.1778	0.1760	0.1755	0.1803	0.1880	0.1679	0.1595	0.1558	0.1607	0.1700	0.1835	0.1351	0.1282	0.1282	0.1349	0.1485	0.1673	0.1061	0.0970	0.0924	0.0943	0.1034	0.1173	0.1389
1048	0.1812	0.1844	0.1836	0.1883	0.1780	0.1759	0.1754	0.1804	0.1883	0.1680	0.1594	0.1559	0.1608	0.1699	0.1837	0.1354	0.1282	0.1283	0.1349	0.1485	0.1673	0.1063	0.0971	0.0925	0.0942	0.1033	0.1175	0.1391
1049	0.1810	0.1842	0.1837	0.1881	0.1782	0.1758	0.1755	0.1804	0.1885	0.1680	0.1593	0.1560	0.1610	0.1699	0.1839	0.1356	0.1283	0.1284	0.1350	0.1485	0.1673	0.1066	0.0973	0.0927	0.0941	0.1033	0.1175	0.1392
1050	0.1811	0.1842	0.1840	0.1880	0.1783	0.1757	0.1754	0.1804	0.1884	0.1680	0.1593	0.1559	0.1612	0.1701	0.1840	0.1356	0.1283	0.1285	0.1351	0.1484	0.1672	0.1068	0.0972	0.0926	0.0942	0.1032	0.1173	0.1391
1051	0.1813	0.1844	0.1841	0.1879	0.1784	0.1757	0.1751	0.1804	0.1883	0.1681	0.1594	0.1557	0.1613	0.1702	0.1839	0.1355	0.1283	0.1287	0.1353	0.1484	0.1670	0.1070	0.0971	0.0927	0.0943	0.1030	0.1173	0.1389
1052	0.1815	0.1845	0.1840	0.1879	0.1785	0.1758	0.1750	0.1806	0.1882	0.1681	0.1594	0.1557	0.1611	0.1702	0.1837	0.1354	0.1282	0.1288	0.1354	0.1485	0.1668	0.1070	0.0972	0.0929	0.0944	0.1029	0.1174	0.1389
1053	0.1815	0.1845	0.1839	0.1881	0.1783	0.1761	0.1752	0.1807	0.1882	0.1681	0.1594	0.1560	0.1609	0.1702	0.1836	0.1352	0.1281	0.1287	0.1353	0.1487	0.1669	0.1068	0.0973	0.0930	0.0947	0.1029	0.1174	0.1390
1054	0.1817	0.1845	0.1841	0.1881	0.1783	0.1762	0.1755	0.1807	0.1882	0.1681	0.1596	0.1561	0.1606	0.1703	0.1837	0.1353	0.1281	0.1287	0.1352	0.1487	0.1670	0.1065	0.0975	0.0927	0.0949	0.1031	0.1172	0.1390
1055	0.1820	0.1846	0.1844	0.1880	0.1784	0.1764	0.1758	0.1807	0.1882	0.1682	0.1597	0.1560	0.1605	0.1703	0.1837	0.1354	0.1281	0.1287	0.1354	0.1486	0.1672	0.1064	0.0974	0.0926	0.0948	0.1034	0.1171	0.1391
1056	0.1819	0.1845	0.1844	0.1881	0.1786	0.1764	0.1760	0.1806	0.1883	0.1681	0.1597	0.1560	0.1608	0.1703	0.1837	0.1353	0.1284	0.1287	0.1353	0.1488	0.1672	0.1066	0.0973	0.0926	0.0948	0.1035	0.1172	0.1391
1057	0.1815	0.1847	0.1842	0.1882	0.1786	0.1762	0.1759	0.1807	0.1883	0.1679	0.1598	0.1561	0.1609	0.1704	0.1838	0.1352	0.1284	0.1286	0.1353	0.1489	0.1673	0.1068	0.0972	0.0927	0.0948	0.1035	0.1173	0.1390
1058	0.1814	0.1849	0.1841	0.1882	0.1787	0.1762	0.1759	0.1809	0.1885	0.1680	0.1599	0.1563	0.1608	0.1703	0.1841	0.1352	0.1284	0.1285	0.1355	0.1490	0.1674	0.1068	0.0973	0.0928	0.0948	0.1034	0.1173	0.1391
1059	0.1815	0.1850	0.1842	0.1883	0.1788	0.1764	0.1758	0.1808	0.1885	0.1680	0.1599	0.1565	0.1608	0.1703	0.1842	0.1354	0.1284	0.1285	0.1356	0.1490	0.1676	0.1069	0.0973	0.0929	0.0948	0.1034	0.1174	0.1391
1060	0.1814	0.1850	0.1844	0.1882	0.1788	0.1764	0.1756	0.1807	0.1884	0.1679	0.1598	0.1565	0.1608	0.1703	0.1840	0.1354	0.1284	0.1286	0.1356	0.1490	0.1676	0.1069	0.0973	0.0929	0.0947	0.1034	0.1174	0.1391
1061	0.1815	0.1849	0.1844	0.1882	0.1788	0.1763	0.1755	0.1807	0.1885	0.1680	0.1598	0.1566	0.1608	0.1703	0.1839	0.1352	0.1282	0.1286	0.1356	0.1491	0.1675	0.1069	0.0972	0.0929	0.0946	0.1034	0.1173	0.1392
1062	0.1815	0.1847	0.1844	0.1883	0.1788	0.1762	0.1754	0.1808	0.1886	0.1681	0.1598	0.1568	0.1610	0.1703	0.1841	0.1352	0.1280	0.1287	0.1357	0.1492	0.1675	0.1070	0.0971	0.0930	0.0946	0.1033	0.1173	0.1393
1063	0.1816	0.1847	0.1844	0.1885	0.1788	0.1762	0.1753	0.1808	0.1887	0.1681	0.1597	0.1567	0.1610	0.1705	0.1844	0.1353	0.1281	0.1288	0.1356	0.1492	0.1677	0.1069	0.0971	0.0930	0.0945	0.1033	0.1174	0.1392
1064	0.1817	0.1847	0.1843	0.1886	0.1788	0.1762	0.1753	0.1808	0.1887	0.1681	0.1597	0.1566	0.1610	0.1707	0.1847	0.1354	0.1284	0.1289	0.1355	0.1489	0.1679	0.1068	0.0971	0.0931	0.0945	0.1032	0.1175	0.1392
1065	0.1819	0.1848	0.1844	0.1888	0.1789	0.1762	0.1755	0.1809	0.1886	0.1681	0.1597	0.1566	0.1609	0.1708	0.1846	0.1355	0.1285	0.1288	0.1356	0.1488	0.1681	0.1068	0.0971	0.0930	0.0945	0.1032	0.1175	0.1394
1066	0.1821	0.1849	0.1846	0.1890	0.1791	0.1763	0.1756	0.1808	0.1886	0.1680	0.1597	0.1566	0.1610	0.1709	0.1844	0.1356	0.1287	0.1287	0.1358	0.1489	0.1682	0.1068	0.0972	0.0931	0.0945	0.1032	0.1176	0.1396
1067	0.1822	0.1849	0.1848	0.1890	0.1791	0.1764	0.1756	0.1807	0.1886	0.1681	0.1597	0.1567	0.1611	0.1708	0.1843	0.1357	0.1288	0.1286	0.1359	0.1490	0.1682	0.1067	0.0973	0.0932	0.0945	0.1032	0.1176	0.1398
1068	0.1820	0.1849	0.1847	0.1888	0.1790	0.1764	0.1757	0.1807	0.1886	0.1683	0.1598	0.1565	0.1610	0.1706	0.1843	0.1357	0.1287	0.1286	0.1358	0.1490	0.1681	0.1066	0.0972	0.0933	0.0946	0.1033	0.1177	0.1399
1069	0.1818	0.1850	0.1847	0.1886	0.1788	0.1764	0.1757	0.1809	0.1884	0.1682	0.1596	0.1563	0.1608	0.1705	0.1843	0.1355	0.1285	0.1287	0.1357	0.1490	0.1679	0.1066	0.0969	0.0933	0.0947	0.1035	0.1178	0.1400
1070	0.1817	0.1850	0.1846	0.1884	0.1786	0.1763	0.1758	0.1810	0.1882	0.1680	0.1594	0.1564	0.1607	0.1705	0.1845	0.1355	0.1284	0.1288	0.1357	0.1491	0.1678	0.1066	0.0969	0.0932	0.0948	0.1036	0.1176	0.1400
1071	0.1817	0.1850	0.1845	0.1883	0.1787	0.1762	0.1760	0.1810	0.1883	0.1680	0.1594	0.1566	0.1607	0.1706	0.1846	0.1355	0.1283	0.1288	0.1357	0.1491	0.1678	0.1067	0.0971	0.0932	0.0948	0.1036	0.1174	0.1399
1072	0.1817	0.1850	0.1846	0.1883	0.1788	0.1761	0.1762	0.1810	0.1884	0.1682	0.1597	0.1568	0.1609	0.1707	0.1847	0.1357	0.1284	0.1287	0.1356	0.1493	0.1679	0.1068	0.0973	0.0932	0.0949	0.1038	0.1175	0.1399
1073	0.1816	0.1851	0.1847	0.1883	0.1788	0.1761	0.1762	0.1808	0.1886	0.1683	0.1598	0.1567	0.1611	0.1708	0.1847	0.1359	0.1285	0.1288	0.1357	0.1494	0.1680	0.1070	0.0973	0.0932	0.0950	0.1039	0.1177	0.1400
1074	0.1818	0.1851	0.1846	0.1884	0.1788	0.1761	0.1761	0.1809	0.1887	0.1682	0.1600	0.1567	0.1611	0.1708	0.1846	0.1359	0.1284	0.1288	0.1357	0.1494	0.1680	0.1071	0.0974	0.0931	0.0949	0.1037	0.1176	0.1400
1075	0.1820	0.1852	0.1847	0.1886	0.1787	0.1761	0.1761	0.1809	0.1887	0.1682	0.1602	0.1567	0.1610	0.1708	0.1847	0.1358	0.1284	0.1287	0.1357	0.1494	0.1680	0.1072	0.0975	0.0931	0.0948	0.1036	0.1176	0.1398
1076	0.1820	0.1853	0.1848	0.1887	0.1788	0.1763	0.1761	0.1809	0.1887	0.1682	0.1604	0.1566	0.1608	0.1709	0.1847	0.1358	0.1283	0.1288	0.1357	0.1495	0.1681	0.1071	0.0975	0.0930	0.0949	0.1036	0.1177	0.1397
1077	0.1820	0.1853	0.1848	0.1887	0.1789	0.1765	0.1761	0.1810	0.1887	0.1682	0.1603	0.1565	0.1607	0.1710	0.1846	0.1357	0.1283	0.1291	0.1358	0.1497	0.1682	0.1072	0.0975	0.0931	0.0948	0.1038	0.1177	0.1397
1078	0.1819	0.1854	0.1848	0.1887	0.1789	0.1765	0.1762	0.1810	0.1888	0.1681	0.1602	0.1566	0.1608	0.1710	0.1845	0.1356	0.1284	0.1293	0.1358	0.1497	0.1682	0.1072	0.0975	0.0933	0.0948	0.1038	0.1178	0.1398
1079	0.1820	0.1853	0.1847	0.1888	0.1787	0.1765	0.1762	0.1810	0.1888	0.1681	0.1601	0.1567	0.1608	0.1710	0.1845	0.1356	0.1286	0.1292	0.1358	0.1497	0.1682	0.1072	0.0977	0.0933	0.0949	0.1038	0.1180	0.1399
1080	0.1820	0.1851	0.1846	0.1889	0.1787	0.1764	0.1761	0.1809	0.1887	0.1682	0.1601	0.1567	0.1608	0.1711	0.1846	0.1357	0.1288	0.1292	0.1358	0.1499	0.1682	0.1073	0.0978	0.0932	0.0949	0.1039	0.1180	0.1399
1081	0.1821	0.1851	0.1846	0.1890	0.1789	0.1764	0.1761	0.1809	0.1885	0.1682	0.1601	0.1567	0.1609	0.1712	0.1846	0.1357	0.1288	0.1292	0.1358	0.1500	0.1683	0.1074	0.0977	0.0930	0.0949	0.1039	0.1180	0.1400
1082	0.1820	0.1852	0.1846	0.1891	0.1790	0.1763	0.1761	0.1809	0.1885	0.1682	0.1600	0.1567	0.1610	0.1713	0.1847	0.1357	0.1286	0.1292	0.1357	0.1501	0.1683	0.1074	0.0975	0.0930	0.0949	0.1040	0.1180	0.1400
1083	0.1819	0.1853	0.1846	0.1892	0.1789	0.1763	0.1760	0.1810	0.1887	0.1684	0.1600	0.1567	0.1610	0.1711	0.1848	0.1358	0.1285	0.1292	0.1356	0.1501	0.1683	0.1074	0.0974	0.0932	0.0950	0.1039	0.1180	0.1401
1084	0.1819	0.1855	0.1847	0.1892	0.1789	0.1764	0.1759	0.1810	0.1889	0.1685	0.1600	0.1568	0.1609	0.1709	0.1850	0.1359	0.1286	0.1292	0.1355	0.1500	0.1684	0.1074	0.0973	0.0933	0.0951	0.1038	0.1179	0.1402
1085	0.1821	0.1857	0.1849	0.1893	0.1788	0.1765	0.1759	0.1811	0.1891	0.1686	0.1601	0.1568	0.1609	0.1709	0.1851	0.1360	0.1286	0.1292	0.1356	0.1501	0.1685	0.1074	0.0973	0.0934	0.0951	0.1038	0.1180	0.1404
1086	0.1822	0.1858	0.1850	0.1892	0.1788	0.1766	0.1762	0.1812	0.1892	0.1686	0.1602	0.1567	0.1611	0.1711	0.1852	0.1360	0.1285	0.1292	0.1359	0.1503	0.1685	0.1073	0.0973	0.0934	0.0949	0.1038	0.1182	0.1404
1087	0.1822	0.1858	0.1851	0.1891	0.1788	0.1766	0.1763	0.1814	0.1893	0.1686	0.1602	0.1567	0.1613	0.1711	0.1854	0.1360	0.1286	0.1294	0.1361	0.1502	0.1686	0.1073	0.0974	0.0933	0.0948	0.1039	0.1182	0.1405
1088	0.1824	0.1858	0.1853	0.1891	0.1788	0.1767	0.1763	0.1815	0.1893	0.1688	0.1600	0.1569	0.1613	0.1711	0.1855	0.1359	0.1287	0.1296	0.1362	0.1502	0.1688	0.1073	0.0973	0.0932	0.0947	0.1040	0.1183	0.1406
1089	0.1825	0.1859	0.1854	0.1892	0.1789	0.1766	0.1766	0.1814	0.1894	0.1689	0.1598	0.1571	0.1613	0.1712	0.1856	0.1359	0.1288	0.1296	0.1362	0.1501	0.1689	0.1073	0.0974	0.0933	0.0948	0.1042	0.1186	0.1407
1090	0.1825	0.1861	0.1853	0.1893	0.1789	0.1764	0.1768	0.1814	0.1895	0.1686	0.1599	0.1571	0.1614	0.1714	0.1854	0.1359	0.1288	0.1294	0.1362	0.1502	0.1689	0.1073	0.0976	0.0932	0.0947	0.1041	0.1188	0.1407
1091	0.1824	0.1860	0.1854	0.1892	0.1789	0.1764	0.1765	0.1815	0.1897	0.1685	0.1600	0.1570	0.1614	0.1715	0.1852	0.1360	0.1287	0.1294	0.1362	0.1503	0.1689	0.1072	0.0976	0.0931	0.0947	0.1040	0.1188	0.1407
1092	0.1823	0.1858	0.1855	0.1891	0.1789	0.1764	0.1764	0.1815	0.1899	0.1686	0.1602	0.1571	0.1616	0.1715	0.1851	0.1360	0.1285	0.1295	0.1365	0.1504	0.1690	0.1072	0.0975	0.0934	0.0948	0.1040	0.1187	0.1407
1093	0.1821	0.1857	0.1854	0.1892	0.1789	0.1765	0.1765	0.1816	0.1898	0.1687	0.1602	0.1573	0.1616	0.1714	0.1851	0.1359	0.1283	0.1295	0.1367	0.1503	0.1691	0.1073	0.0975	0.0935	0.0952	0.1040	0.1184	0.1406
1094	0.1822	0.1856	0.1852	0.1893	0.1790	0.1767	0.1765	0.1816	0.1897	0.1686	0.1601	0.1573	0.1616	0.1713	0.1852	0.1359	0.1283	0.1297	0.1366	0.1502	0.1691	0.1075	0.0976	0.0935	0.0954	0.1040	0.1183	0.1406
1095	0.1823	0.1856	0.1851	0.1893	0.1792	0.1768	0.1766	0.1815	0.1898	0.1685	0.1602	0.1572	0.1616	0.1714	0.1852	0.1360	0.1285	0.1299	0.1365	0.1500	0.1690	0.1076	0.0977	0.0933	0.0953	0.1041	0.1185	0.1406
1096	0.1823	0.1857	0.1850	0.1892	0.1792	0.1769	0.1767	0.1815	0.1899	0.1686	0.1603	0.1571	0.1615	0.1716	0.1852	0.1361	0.1287	0.1300	0.1366	0.1501	0.1691	0.1076	0.0978	0.0932	0.0952	0.1042	0.1188	0.1407
1097	0.1824	0.1858	0.1851	0.1893	0.1791	0.1769	0.1769	0.1815	0.1899	0.1685	0.1604	0.1571	0.1614	0.1717	0.1851	0.1362	0.1287	0.1300	0.1366	0.1503	0.1691	0.1076	0.0978	0.0932	0.0952	0.1042	0.1189	0.1409
1098	0.1823	0.1858	0.1851	0.1893	0.1792	0.1770	0.1771	0.1815	0.1898	0.1685	0.1603	0.1572	0.1612	0.1718	0.1852	0.1361	0.1287	0.1299	0.1367	0.1506	0.1690	0.1075	0.0977	0.0931	0.0951	0.1042	0.1187	0.1410
1099	0.1823	0.1857	0.1853	0.1893	0.1793	0.1770	0.1772	0.1816	0.1898	0.1685	0.1603	0.1573	0.1612	0.1719	0.1853	0.1360	0.1287	0.1300	0.1366	0.1508	0.1690	0.1075	0.0977	0.0932	0.0950	0.1042	0.1186	0.1411
1100	0.1823	0.1857	0.1854	0.1893	0.1792	0.1770	0.1772	0.1817	0.1900	0.1685	0.1603	0.1574	0.1613	0.1719	0.1853	0.1359	0.1288	0.1300	0.1364	0.1509	0.1691	0.1075	0.0976	0.0933	0.0950	0.1043	0.1185	0.1414
1101	0.1824	0.1858	0.1855	0.1894	0.1791	0.1770	0.1770	0.1817	0.1901	0.1686	0.1603	0.1574	0.1614	0.1718	0.1853	0.1357	0.1288	0.1299	0.1363	0.1509	0.1692	0.1074	0.0976	0.0934	0.0950	0.1044	0.1186	0.1416
1102	0.1824	0.1859	0.1853	0.1895	0.1790	0.1771	0.1768	0.1816	0.1901	0.1688	0.1602	0.1574	0.1615	0.1717	0.1853	0.1358	0.1288	0.1299	0.1364	0.1508	0.1694	0.1075	0.0976	0.0933	0.0951	0.1044	0.1186	0.1415
1103	0.1825	0.1859	0.1852	0.1895	0.1789	0.1771	0.1766	0.1817	0.1900	0.1690	0.1601	0.1575	0.1616	0.1717	0.1854	0.1358	0.1289	0.1298	0.1365	0.1509	0.1696	0.1075	0.0977	0.0932	0.0952	0.1043	0.1185	0.1415
1104	0.1827	0.1859	0.1852	0.1894	0.1788	0.1769	0.1765	0.1817	0.1901	0.1691	0.1603	0.1575	0.1616	0.1718	0.1854	0.1357	0.1290	0.1299	0.1365	0.1510	0.1695	0.1074	0.0979	0.0935	0.0954	0.1042	0.1185	0.1415
1105	0.1830	0.1858	0.1852	0.1895	0.1789	0.1769	0.1764	0.1817	0.1901	0.1690	0.1604	0.1574	0.1618	0.1718	0.1855	0.1357	0.1290	0.1298	0.1365	0.1512	0.1694	0.1073	0.0980	0.0937	0.0955	0.1041	0.1187	0.1415
1106	0.1830	0.1858	0.1853	0.1896	0.1791	0.1770	0.1764	0.1817	0.1901	0.1688	0.1604	0.1572	0.1618	0.1717	0.1855	0.1358	0.1290	0.1295	0.1365	0.1512	0.1696	0.1073	0.0978	0.0936	0.0955	0.1041	0.1189	0.1415
1107	0.1829	0.1858	0.1854	0.1896	0.1792	0.1771	0.1765	0.1817	0.1902	0.1687	0.1605	0.1572	0.1618	0.1717	0.1853	0.1358	0.1290	0.1293	0.1365	0.1511	0.1697	0.1072	0.0977	0.0936	0.0955	0.1042	0.1189	0.1415
1108	0.1828	0.1859	0.1854	0.1895	0.1791	0.1769	0.1767	0.1818	0.1902	0.1688	0.1605	0.1573	0.1619	0.1719	0.1853	0.1358	0.1292	0.1293	0.1364	0.1510	0.1700	0.1073	0.0977	0.0935	0.0954	0.1043	0.1188	0.1417
1109	0.1829	0.1858	0.1856	0.1898	0.1790	0.1768	0.1769	0.1818	0.1901	0.1690	0.1604	0.1574	0.1619	0.1720	0.1855	0.1358	0.1293	0.1295	0.1363	0.1509	0.1702	0.1073	0.0979	0.0935	0.0954	0.1043	0.1187	0.1418
1110	0.1829	0.1857	0.1858	0.1900	0.1789	0.1768	0.1769	0.1818	0.1902	0.1692	0.1603	0.1575	0.1619	0.1721	0.1857	0.1359	0.1292	0.1297	0.1361	0.1508	0.1702	0.1073	0.0979	0.0934	0.0954	0.1044	0.1187	0.1417
1111	0.1830	0.1858	0.1856	0.1901	0.1790	0.1770	0.1768	0.1818	0.1902	0.1694	0.1601	0.1574	0.1619	0.1723	0.1857	0.1360	0.1292	0.1296	0.1360	0.1508	0.1702	0.1074	0.0977	0.0933	0.0954	0.1044	0.1188	0.1417
1112	0.1831	0.1859	0.1855	0.1902	0.1793	0.1771	0.1769	0.1819	0.1902	0.1694	0.1601	0.1574	0.1618	0.1724	0.1857	0.1360	0.1290	0.1295	0.1361	0.1509	0.1701	0.1075	0.0976	0.0934	0.0954	0.1044	0.1187	0.1417
1113	0.1830	0.1858	0.1854	0.1901	0.1795	0.1771	0.1770	0.1821	0.1904	0.1693	0.1601	0.1574	0.1618	0.1724	0.1859	0.1358	0.1289	0.1295	0.1362	0.1509	0.1702	0.1075	0.0977	0.0933	0.0952	0.1044	0.1186	0.1417
1114	0.1831	0.1857	0.1853	0.1901	0.1797	0.1772	0.1770	0.1822	0.1905	0.1691	0.1603	0.1574	0.1618	0.1723	0.1860	0.1358	0.1289	0.1295	0.1363	0.1509	0.1703	0.1075	0.0978	0.0931	0.0950	0.1045	0.1187	0.1417
1115	0.1831	0.1857	0.1855	0.1902	0.1797	0.1772	0.1771	0.1822	0.1905	0.1691	0.1605	0.1572	0.1619	0.1722	0.1859	0.1359	0.1289	0.1295	0.1363	0.1508	0.1702	0.1075	0.0977	0.0931	0.0950	0.1046	0.1188	0.1416
1116	0.1831	0.1856	0.1857	0.1903	0.1798	0.1771	0.1772	0.1822	0.1905	0.1691	0.1607	0.1572	0.1619	0.1721	0.1859	0.1360	0.1288	0.1296	0.1364	0.1508	0.1700	0.1076	0.0977	0.0931	0.0951	0.1046	0.1189	0.1417
1117	0.1831	0.1857	0.1857	0.1904	0.1799	0.1771	0.1773	0.1822	0.1905	0.1691	0.1607	0.1573	0.1618	0.1721	0.1860	0.1359	0.1288	0.1297	0.1365	0.1507	0.1701	0.1077	0.0978	0.0931	0.0952	0.1046	0.1189	0.1418
1118	0.1831	0.1858	0.1857	0.1903	0.1799	0.1772	0.1773	0.1821	0.1905	0.1690	0.1607	0.1574	0.1617	0.1722	0.1861	0.1360	0.1290	0.1298	0.1365	0.1507	0.1703	0.1077	0.0979	0.0932	0.0953	0.1047	0.1188	0.1419
1119	0.1831	0.1858	0.1858	0.1901	0.1798	0.1775	0.1775	0.1821	0.1905	0.1689	0.1607	0.1574	0.1618	0.1722	0.1860	0.1360	0.1291	0.1297	0.1366	0.1509	0.1705	0.1077	0.0978	0.0934	0.0955	0.1047	0.1188	0.1419
1120	0.1831	0.1859	0.1860	0.1899	0.1797	0.1777	0.1776	0.1822	0.1906	0.1689	0.1606	0.1575	0.1619	0.1721	0.1860	0.1360	0.1293	0.1295	0.1366	0.1511	0.1705	0.1077	0.0977	0.0936	0.0956	0.1047	0.1188	0.1420
1121	0.1830	0.1860	0.1860	0.1900	0.1797	0.1774	0.1777	0.1822	0.1907	0.1690	0.1606	0.1575	0.1620	0.1723	0.1860	0.1360	0.1293	0.1296	0.1366	0.1511	0.1703	0.1077	0.0978	0.0937	0.0954	0.1048	0.1189	0.1421
1122	0.1830	0.1861	0.1860	0.1901	0.1799	0.1772	0.1777	0.1821	0.1906	0.1691	0.1606	0.1574	0.1621	0.1725	0.1860	0.1359	0.1292	0.1298	0.1366	0.1511	0.1701	0.1077	0.0977	0.0936	0.0953	0.1047	0.1191	0.1423
1123	0.1830	0.1861	0.1862	0.1902	0.1799	0.1771	0.1777	0.1820	0.1906	0.1692	0.1607	0.1574	0.1621	0.1726	0.1860	0.1359	0.1291	0.1299	0.1366	0.1511	0.1701	0.1078	0.0976	0.0936	0.0953	0.1045	0.1192	0.1422
1124	0.1829	0.1860	0.1864	0.1902	0.1799	0.1771	0.1775	0.1818	0.1908	0.1694	0.1607	0.1575	0.1620	0.1726	0.1861	0.1360	0.1291	0.1299	0.1364	0.1511	0.1703	0.1078	0.0975	0.0935	0.0954	0.1043	0.1192	0.1421
1125	0.1829	0.1859	0.1865	0.1901	0.1800	0.1772	0.1774	0.1819	0.1909	0.1695	0.1607	0.1575	0.1619	0.1726	0.1861	0.1360	0.1290	0.1299	0.1363	0.1510	0.1704	0.1078	0.0975	0.0935	0.0953	0.1045	0.1193	0.1422
1126	0.1829	0.1859	0.1865	0.1900	0.1800	0.1773	0.1773	0.1823	0.1909	0.1696	0.1607	0.1575	0.1619	0.1726	0.1861	0.1361	0.1289	0.1298	0.1363	0.1512	0.1704	0.1080	0.0977	0.0934	0.0952	0.1047	0.1194	0.1424
1127	0.1827	0.1859	0.1864	0.1899	0.1800	0.1773	0.1773	0.1825	0.1909	0.1695	0.1605	0.1574	0.1620	0.1726	0.1861	0.1361	0.1289	0.1298	0.1365	0.1512	0.1704	0.1079	0.0980	0.0933	0.0951	0.1046	0.1195	0.1423
1128	0.1828	0.1859	0.1862	0.1899	0.1799	0.1771	0.1773	0.1825	0.1909	0.1695	0.1603	0.1574	0.1622	0.1724	0.1860	0.1361	0.1290	0.1298	0.1367	0.1512	0.1703	0.1078	0.0980	0.0932	0.0950	0.1046	0.1194	0.1421
1129	0.1829	0.1860	0.1860	0.1899	0.1798	0.1770	0.1772	0.1825	0.1910	0.1696	0.1603	0.1574	0.1624	0.1723	0.1860	0.1361	0.1290	0.1298	0.1368	0.1512	0.1704	0.1077	0.0980	0.0932	0.0949	0.1047	0.1194	0.1419
1130	0.1830	0.1860	0.1860	0.1899	0.1797	0.1771	0.1773	0.1825	0.1912	0.1695	0.1605	0.1574	0.1624	0.1724	0.1860	0.1361	0.1290	0.1300	0.1370	0.1513	0.1706	0.1076	0.0979	0.0933	0.0949	0.1048	0.1193	0.1420
1131	0.1831	0.1861	0.1859	0.1899	0.1797	0.1771	0.1775	0.1824	0.1913	0.1694	0.1606	0.1574	0.1623	0.1725	0.1860	0.1362	0.1290	0.1300	0.1371	0.1513	0.1707	0.1076	0.0978	0.0935	0.0950	0.1049	0.1191	0.1420
1132	0.1831	0.1861	0.1860	0.1900	0.1797	0.1772	0.1775	0.1824	0.1912	0.1694	0.1606	0.1575	0.1623	0.1724	0.1861	0.1364	0.1291	0.1300	0.1371	0.1512	0.1707	0.1076	0.0978	0.0936	0.0952	0.1049	0.1191	0.1419
1133	0.1831	0.1862	0.1861	0.1900	0.1796	0.1773	0.1775	0.1824	0.1912	0.1693	0.1605	0.1576	0.1622	0.1725	0.1862	0.1366	0.1291	0.1299	0.1370	0.1510	0.1707	0.1076	0.0978	0.0936	0.0953	0.1048	0.1192	0.1419
1134	0.1832	0.1860	0.1861	0.1900	0.1796	0.1772	0.1773	0.1824	0.1913	0.1693	0.1605	0.1576	0.1622	0.1725	0.1861	0.1364	0.1289	0.1299	0.1371	0.1511	0.1707	0.1077	0.0976	0.0935	0.0952	0.1049	0.1193	0.1420
1135	0.1833	0.1858	0.1860	0.1901	0.1796	0.1770	0.1772	0.1824	0.1914	0.1694	0.1605	0.1576	0.1621	0.1726	0.1859	0.1362	0.1288	0.1299	0.1371	0.1513	0.1707	0.1076	0.0975	0.0934	0.0952	0.1049	0.1193	0.1420
1136	0.1832	0.1856	0.1859	0.1902	0.1797	0.1770	0.1770	0.1824	0.1913	0.1694	0.1605	0.1575	0.1621	0.1727	0.1859	0.1362	0.1289	0.1297	0.1370	0.1513	0.1707	0.1076	0.0974	0.0934	0.0952	0.1048	0.1193	0.1418
1137	0.1831	0.1855	0.1858	0.1903	0.1798	0.1771	0.1769	0.1825	0.1912	0.1694	0.1605	0.1574	0.1620	0.1727	0.1858	0.1361	0.1289	0.1296	0.1368	0.1512	0.1706	0.1076	0.0974	0.0935	0.0952	0.1046	0.1194	0.1417
1138	0.1831	0.1855	0.1859	0.1903	0.1798	0.1773	0.1769	0.1824	0.1912	0.1693	0.1605	0.1574	0.1620	0.1726	0.1857	0.1359	0.1289	0.1295	0.1367	0.1512	0.1706	0.1076	0.0975	0.0934	0.0951	0.1045	0.1192	0.1418
1139	0.1831	0.1856	0.1860	0.1903	0.1798	0.1773	0.1769	0.1823	0.1912	0.1692	0.1605	0.1574	0.1621	0.1725	0.1856	0.1357	0.1290	0.1295	0.1365	0.1511	0.1705	0.1076	0.0977	0.0932	0.0950	0.1045	0.1191	0.1420
1140	0.1831	0.1855	0.1857	0.1901	0.1798	0.1773	0.1770	0.1820	0.1911	0.1692	0.1605	0.1575	0.1621	0.1726	0.1855	0.1358	0.1290	0.1296	0.1366	0.1511	0.1703	0.1076	0.0977	0.0932	0.0950	0.1045	0.1190	0.1420
1141	0.1831	0.1854	0.1854	0.1899	0.1799	0.1773	0.1770	0.1819	0.1908	0.1690	0.1604	0.1575	0.1622	0.1726	0.1854	0.1358	0.1288	0.1297	0.1366	0.1510	0.1701	0.1076	0.0976	0.0931	0.0951	0.1043	0.1189	0.1419
1142	0.1830	0.1851	0.1854	0.1898	0.1798	0.1772	0.1771	0.1818	0.1908	0.1690	0.1602	0.1574	0.1622	0.1724	0.1852	0.1357	0.1289	0.1296	0.1366	0.1508	0.1701	0.1075	0.0975	0.0931	0.0951	0.1041	0.1187	0.1417
1143	0.1829	0.1849	0.1855	0.1898	0.1798	0.1770	0.1770	0.1818	0.1908	0.1690	0.1600	0.1573	0.1622	0.1722	0.1851	0.1355	0.1291	0.1293	0.1365	0.1507	0.1702	0.1074	0.0974	0.0930	0.0950	0.1041	0.1186	0.1415
1144	0.1828	0.1849	0.1855	0.1898	0.1796	0.1769	0.1770	0.1818	0.1907	0.1690	0.1599	0.1573	0.1621	0.1722	0.1852	0.1355	0.1292	0.1293	0.1366	0.1506	0.1702	0.1073	0.0972	0.0930	0.0949	0.1041	0.1185	0.1415
1145	0.1827	0.1849	0.1854	0.1899	0.1794	0.1769	0.1770	0.1818	0.1907	0.1690	0.1600	0.1575	0.1620	0.1722	0.1852	0.1355	0.1291	0.1293	0.1365	0.1504	0.1702	0.1073	0.0972	0.0930	0.0948	0.1042	0.1185	0.1416
1146	0.1827	0.1849	0.1853	0.1899	0.1794	0.1770	0.1769	0.1819	0.1907	0.1690	0.1601	0.1575	0.1619	0.1720	0.1852	0.1355	0.1290	0.1294	0.1363	0.1503	0.1701	0.1072	0.0973	0.0932	0.0948	0.1043	0.1186	0.1416
1147	0.1827	0.1848	0.1852	0.1898	0.1794	0.1769	0.1768	0.1819	0.1905	0.1690	0.1601	0.1573	0.1619	0.1719	0.1852	0.1354	0.1289	0.1295	0.1360	0.1505	0.1699	0.1071	0.0973	0.0933	0.0949	0.1041	0.1188	0.1417
1148	0.1827	0.1848	0.1852	0.1897	0.1794	0.1769	0.1768	0.1818	0.1904	0.1689	0.1600	0.1572	0.1618	0.1719	0.1852	0.1355	0.1288	0.1296	0.1358	0.1506	0.1699	0.1070	0.0974	0.0932	0.0951	0.1039	0.1189	0.1418
1149	0.1827	0.1847	0.1853	0.1897	0.1795	0.1767	0.1769	0.1817	0.1904	0.1688	0.1599	0.1571	0.1620	0.1719	0.1854	0.1355	0.1287	0.1295	0.1357	0.1506	0.1699	0.1071	0.0972	0.0932	0.0952	0.1039	0.1188	0.1418
1150	0.1826	0.1847	0.1853	0.1897	0.1795	0.1766	0.1770	0.1816	0.1903	0.1687	0.1598	0.1570	0.1621	0.1719	0.1856	0.1355	0.1287	0.1294	0.1356	0.1506	0.1699	0.1072	0.0971	0.0932	0.0953	0.1038	0.1188	0.1417
1151	0.1826	0.1847	0.1851	0.1897	0.1795	0.1767	0.1770	0.1815	0.1903	0.1688	0.1598	0.1567	0.1620	0.1720	0.1857	0.1356	0.1287	0.1294	0.1358	0.1507	0.1700	0.1073	0.0972	0.0932	0.0953	0.1038	0.1188	0.1416
1152	0.1827	0.1848	0.1849	0.1897	0.1795	0.1767	0.1768	0.1815	0.1904	0.1688	0.1599	0.1566	0.1620	0.1719	0.1858	0.1357	0.1287	0.1294	0.1359	0.1508	0.1701	0.1074	0.0973	0.0932	0.0953	0.1038	0.1187	0.1415
1153	0.1827	0.1848	0.1850	0.1898	0.1795	0.1766	0.1766	0.1814	0.1903	0.1688	0.1599	0.1567	0.1619	0.1719	0.1857	0.1356	0.1286	0.1294	0.1359	0.1507	0.1700	0.1074	0.0974	0.0931	0.0951	0.1038	0.1186	0.1415
1154	0.1826	0.1849	0.1851	0.1898	0.1796	0.1765	0.1764	0.1814	0.1903	0.1687	0.1599	0.1568	0.1618	0.1718	0.1856	0.1356	0.1286	0.1295	0.1360	0.1505	0.1699	0.1073	0.0974	0.0930	0.0949	0.1038	0.1186	0.1416
1155	0.1826	0.1849	0.1851	0.1897	0.1796	0.1764	0.1763	0.1814	0.1903	0.1686	0.1599	0.1569	0.1617	0.1719	0.1855	0.1356	0.1286	0.1294	0.1360	0.1505	0.1700	0.1072	0.0974	0.0930	0.0949	0.1038	0.1186	0.1416
1156	0.1827	0.1848	0.1852	0.1896	0.1796	0.1763	0.1763	0.1815	0.1904	0.1686	0.1599	0.1570	0.1617	0.1719	0.1854	0.1356	0.1287	0.1292	0.1360	0.1506	0.1700	0.1072	0.0973	0.0930	0.0949	0.1038	0.1185	0.1416
1157	0.1827	0.1849	0.1853	0.1896	0.1794	0.1764	0.1762	0.1814	0.1903	0.1686	0.1600	0.1571	0.1616	0.1718	0.1854	0.1355	0.1288	0.1292	0.1361	0.1505	0.1700	0.1071	0.0973	0.0930	0.0948	0.1038	0.1184	0.1417
1158	0.1827	0.1850	0.1854	0.1896	0.1792	0.1766	0.1762	0.1812	0.1902	0.1686	0.1601	0.1572	0.1615	0.1719	0.1855	0.1354	0.1288	0.1293	0.1361	0.1503	0.1700	0.1071	0.0974	0.0929	0.0949	0.1039	0.1183	0.1419
1159	0.1826	0.1851	0.1853	0.1896	0.1792	0.1766	0.1764	0.1813	0.1901	0.1685	0.1602	0.1572	0.1614	0.1719	0.1855	0.1355	0.1287	0.1293	0.1361	0.1502	0.1699	0.1071	0.0973	0.0928	0.0949	0.1040	0.1183	0.1419
1160	0.1826	0.1852	0.1852	0.1897	0.1793	0.1766	0.1765	0.1814	0.1901	0.1684	0.1603	0.1572	0.1613	0.1718	0.1855	0.1357	0.1285	0.1293	0.1362	0.1502	0.1698	0.1071	0.0973	0.0928	0.0949	0.1040	0.1185	0.1419
1161	0.1826	0.1852	0.1853	0.1896	0.1793	0.1766	0.1766	0.1816	0.1900	0.1684	0.1603	0.1571	0.1614	0.1718	0.1855	0.1357	0.1284	0.1293	0.1361	0.1502	0.1698	0.1071	0.0972	0.0929	0.0948	0.1040	0.1186	0.1418
1162	0.1826	0.1852	0.1854	0.1895	0.1794	0.1766	0.1767	0.1818	0.1900	0.1685	0.1603	0.1570	0.1616	0.1717	0.1854	0.1357	0.1284	0.1294	0.1361	0.1502	0.1699	0.1072	0.0971	0.0929	0.0946	0.1041	0.1186	0.1416
1163	0.1825	0.1852	0.1855	0.1896	0.1793	0.1766	0.1768	0.1818	0.1900	0.1686	0.1603	0.1571	0.1616	0.1717	0.1855	0.1358	0.1284	0.1294	0.1362	0.1502	0.1699	0.1072	0.0971	0.0928	0.0945	0.1041	0.1185	0.1415
1164	0.1824	0.1851	0.1855	0.1897	0.1793	0.1765	0.1768	0.1818	0.1900	0.1687	0.1601	0.1571	0.1616	0.1718	0.1857	0.1359	0.1285	0.1294	0.1363	0.1502	0.1699	0.1073	0.0972	0.0927	0.0945	0.1041	0.1184	0.1414
1165	0.1825	0.1850	0.1855	0.1897	0.1792	0.1764	0.1768	0.1818	0.1900	0.1687	0.1601	0.1571	0.1617	0.1719	0.1859	0.1359	0.1286	0.1293	0.1363	0.1503	0.1699	0.1072	0.0972	0.0927	0.0946	0.1041	0.1184	0.1415
1166	0.1827	0.1852	0.1854	0.1896	0.1792	0.1766	0.1768	0.1818	0.1903	0.1687	0.1604	0.1572	0.1616	0.1720	0.1858	0.1358	0.1286	0.1293	0.1362	0.1504	0.1700	0.1071	0.0972	0.0930	0.0946	0.1041	0.1186	0.1415
1167	0.1828	0.1853	0.1854	0.1894	0.1793	0.1766	0.1769	0.1818	0.1904	0.1688	0.1605	0.1572	0.1617	0.1720	0.1856	0.1357	0.1287	0.1294	0.1362	0.1504	0.1700	0.1071	0.0972	0.0932	0.0946	0.1040	0.1187	0.1415
1168	0.1827	0.1854	0.1855	0.1894	0.1795	0.1767	0.1769	0.1817	0.1903	0.1689	0.1604	0.1572	0.1619	0.1720	0.1857	0.1357	0.1288	0.1295	0.1361	0.1503	0.1699	0.1071	0.0972	0.0932	0.0947	0.1040	0.1186	0.1414
1169	0.1826	0.1855	0.1856	0.1894	0.1796	0.1768	0.1769	0.1815	0.1902	0.1690	0.1604	0.1572	0.1621	0.1720	0.1858	0.1356	0.1289	0.1296	0.1360	0.1502	0.1699	0.1070	0.0972	0.0931	0.0948	0.1039	0.1185	0.1414
1170	0.1828	0.1856	0.1859	0.1896	0.1798	0.1768	0.1769	0.1815	0.1903	0.1690	0.1604	0.1572	0.1621	0.1720	0.1859	0.1355	0.1287	0.1297	0.1360	0.1502	0.1699	0.1071	0.0971	0.0932	0.0950	0.1038	0.1186	0.1414
1171	0.1828	0.1856	0.1861	0.1897	0.1799	0.1769	0.1768	0.1815	0.1903	0.1691	0.1604	0.1572	0.1622	0.1720	0.1859	0.1355	0.1286	0.1297	0.1361	0.1503	0.1700	0.1071	0.0970	0.0933	0.0951	0.1037	0.1188	0.1414
1172	0.1828	0.1856	0.1860	0.1898	0.1798	0.1769	0.1768	0.1816	0.1905	0.1691	0.1603	0.1573	0.1621	0.1722	0.1858	0.1356	0.1287	0.1296	0.1362	0.1503	0.1699	0.1072	0.0971	0.0935	0.0951	0.1038	0.1190	0.1414
1173	0.1828	0.1856	0.1858	0.1899	0.1797	0.1769	0.1768	0.1818	0.1907	0.1691	0.1603	0.1573	0.1620	0.1723	0.1858	0.1356	0.1289	0.1295	0.1363	0.1504	0.1699	0.1074	0.0972	0.0936	0.0951	0.1040	0.1192	0.1414
1174	0.1829	0.1856	0.1857	0.1900	0.1798	0.1770	0.1768	0.1818	0.1908	0.1690	0.1603	0.1574	0.1620	0.1724	0.1859	0.1358	0.1289	0.1296	0.1363	0.1506	0.1699	0.1074	0.0972	0.0936	0.0952	0.1040	0.1190	0.1415
1175	0.1831	0.1856	0.1855	0.1900	0.1799	0.1771	0.1768	0.1819	0.1907	0.1689	0.1603	0.1575	0.1621	0.1724	0.1860	0.1360	0.1288	0.1296	0.1363	0.1508	0.1700	0.1073	0.0973	0.0935	0.0953	0.1040	0.1188	0.1416
1176	0.1832	0.1857	0.1856	0.1900	0.1799	0.1771	0.1768	0.1819	0.1906	0.1690	0.1603	0.1576	0.1621	0.1724	0.1861	0.1361	0.1288	0.1297	0.1363	0.1508	0.1700	0.1072	0.0973	0.0934	0.0953	0.1041	0.1186	0.1416
1177	0.1833	0.1857	0.1857	0.1899	0.1799	0.1771	0.1767	0.1819	0.1906	0.1691	0.1603	0.1577	0.1621	0.1723	0.1862	0.1361	0.1289	0.1298	0.1363	0.1507	0.1700	0.1072	0.0973	0.0934	0.0952	0.1042	0.1186	0.1416
1178	0.1833	0.1858	0.1855	0.1900	0.1801	0.1773	0.1769	0.1820	0.1906	0.1691	0.1605	0.1577	0.1621	0.1723	0.1860	0.1361	0.1290	0.1298	0.1365	0.1506	0.1700	0.1071	0.0972	0.0935	0.0951	0.1043	0.1187	0.1417
1179	0.1832	0.1857	0.1854	0.1900	0.1802	0.1775	0.1771	0.1822	0.1906	0.1690	0.1606	0.1577	0.1621	0.1723	0.1859	0.1360	0.1290	0.1298	0.1367	0.1506	0.1701	0.1071	0.0972	0.0936	0.0951	0.1043	0.1188	0.1417
1180	0.1832	0.1857	0.1855	0.1899	0.1801	0.1776	0.1772	0.1822	0.1905	0.1691	0.1607	0.1578	0.1620	0.1723	0.1860	0.1359	0.1290	0.1299	0.1367	0.1506	0.1701	0.1070	0.0972	0.0936	0.0952	0.1043	0.1188	0.1417
1181	0.1831	0.1857	0.1857	0.1898	0.1799	0.1775	0.1772	0.1822	0.1904	0.1690	0.1606	0.1578	0.1618	0.1723	0.1862	0.1358	0.1290	0.1299	0.1366	0.1506	0.1702	0.1071	0.0973	0.0935	0.0952	0.1042	0.1187	0.1417
1182	0.1832	0.1858	0.1857	0.1897	0.1799	0.1774	0.1772	0.1822	0.1903	0.1690	0.1606	0.1577	0.1619	0.1722	0.1863	0.1358	0.1291	0.1299	0.1365	0.1506	0.1703	0.1071	0.0974	0.0935	0.0951	0.1043	0.1188	0.1417
1183	0.1833	0.1860	0.1856	0.1897	0.1798	0.1774	0.1773	0.1823	0.1904	0.1690	0.1607	0.1576	0.1621	0.1721	0.1863	0.1360	0.1292	0.1298	0.1366	0.1506	0.1703	0.1070	0.0974	0.0935	0.0950	0.1043	0.1188	0.1418
1184	0.1833	0.1861	0.1856	0.1897	0.1798	0.1774	0.1774	0.1823	0.1904	0.1690	0.1608	0.1575	0.1622	0.1721	0.1864	0.1361	0.1291	0.1297	0.1366	0.1507	0.1703	0.1070	0.0975	0.0935	0.0949	0.1044	0.1188	0.1418
1185	0.1832	0.1861	0.1858	0.1897	0.1797	0.1775	0.1774	0.1824	0.1905	0.1690	0.1609	0.1575	0.1622	0.1722	0.1864	0.1362	0.1290	0.1297	0.1366	0.1509	0.1704	0.1071	0.0977	0.0934	0.0950	0.1044	0.1189	0.1418
1186	0.1832	0.1862	0.1860	0.1897	0.1797	0.1777	0.1773	0.1825	0.1905	0.1690	0.1609	0.1576	0.1624	0.1723	0.1865	0.1364	0.1290	0.1298	0.1366	0.1510	0.1704	0.1072	0.0979	0.0933	0.0950	0.1043	0.1189	0.1418
1187	0.1832	0.1863	0.1860	0.1897	0.1798	0.1778	0.1772	0.1827	0.1905	0.1691	0.1610	0.1577	0.1624	0.1724	0.1865	0.1363	0.1292	0.1300	0.1366	0.1512	0.1704	0.1074	0.0980	0.0935	0.0950	0.1044	0.1189	0.1417
1188	0.1833	0.1865	0.1861	0.1897	0.1799	0.1780	0.1772	0.1828	0.1905	0.1691	0.1611	0.1577	0.1624	0.1724	0.1865	0.1363	0.1293	0.1301	0.1366	0.1513	0.1704	0.1074	0.0980	0.0935	0.0950	0.1044	0.1189	0.1416
1189	0.1832	0.1865	0.1861	0.1898	0.1799	0.1780	0.1772	0.1828	0.1905	0.1692	0.1611	0.1578	0.1624	0.1724	0.1865	0.1362	0.1292	0.1301	0.1368	0.1512	0.1704	0.1074	0.0980	0.0935	0.0950	0.1043	0.1189	0.1418
1190	0.1832	0.1865	0.1862	0.1898	0.1800	0.1780	0.1773	0.1828	0.1905	0.1692	0.1610	0.1578	0.1623	0.1724	0.1866	0.1361	0.1292	0.1302	0.1369	0.1511	0.1704	0.1075	0.0981	0.0934	0.0950	0.1042	0.1188	0.1419
1191	0.1832	0.1866	0.1862	0.1900	0.1799	0.1778	0.1774	0.1828	0.1908	0.1692	0.1609	0.1578	0.1623	0.1724	0.1865	0.1362	0.1292	0.1301	0.1369	0.1510	0.1702	0.1074	0.0980	0.0935	0.0950	0.1043	0.1188	0.1419
1192	0.1833	0.1867	0.1862	0.1901	0.1799	0.1776	0.1775	0.1827	0.1911	0.1692	0.1610	0.1579	0.1622	0.1724	0.1865	0.1362	0.1292	0.1301	0.1370	0.1510	0.1701	0.1074	0.0979	0.0937	0.0951	0.1043	0.1188	0.1419
1193	0.1835	0.1867	0.1863	0.1900	0.1800	0.1777	0.1774	0.1828	0.1911	0.1692	0.1611	0.1579	0.1623	0.1725	0.1867	0.1362	0.1292	0.1300	0.1369	0.1510	0.1702	0.1075	0.0977	0.0938	0.0953	0.1043	0.1189	0.1419
1194	0.1836	0.1868	0.1863	0.1899	0.1802	0.1778	0.1774	0.1829	0.1910	0.1692	0.1612	0.1579	0.1625	0.1726	0.1868	0.1362	0.1292	0.1300	0.1368	0.1511	0.1703	0.1075	0.0975	0.0939	0.0955	0.1042	0.1191	0.1418
1195	0.1838	0.1867	0.1864	0.1900	0.1802	0.1779	0.1775	0.1829	0.1910	0.1692	0.1612	0.1580	0.1625	0.1724	0.1867	0.1363	0.1293	0.1301	0.1367	0.1511	0.1704	0.1076	0.0977	0.0939	0.0956	0.1043	0.1191	0.1418
1196	0.1838	0.1867	0.1864	0.1902	0.1801	0.1779	0.1776	0.1829	0.1911	0.1693	0.1612	0.1582	0.1624	0.1722	0.1867	0.1364	0.1294	0.1302	0.1367	0.1511	0.1706	0.1077	0.0980	0.0939	0.0957	0.1043	0.1191	0.1417
1197	0.1839	0.1868	0.1863	0.1901	0.1802	0.1779	0.1776	0.1828	0.1912	0.1693	0.1613	0.1582	0.1624	0.1723	0.1867	0.1363	0.1294	0.1302	0.1367	0.1510	0.1705	0.1076	0.0981	0.0938	0.0956	0.1043	0.1190	0.1417
1198	0.1839	0.1869	0.1863	0.1900	0.1802	0.1779	0.1776	0.1827	0.1912	0.1693	0.1614	0.1581	0.1624	0.1724	0.1868	0.1362	0.1294	0.1302	0.1368	0.1509	0.1705	0.1075	0.0981	0.0937	0.0955	0.1042	0.1190	0.1418
1199	0.1838	0.1870	0.1864	0.1900	0.1803	0.1780	0.1777	0.1828	0.1912	0.1693	0.1613	0.1582	0.1624	0.1725	0.1869	0.1361	0.1295	0.1303	0.1370	0.1510	0.1705	0.1074	0.0980	0.0937	0.0955	0.1043	0.1191	0.1418
1200	0.1837	0.1870	0.1864	0.1901	0.1803	0.1782	0.1779	0.1829	0.1913	0.1694	0.1611	0.1582	0.1625	0.1726	0.1870	0.1362	0.1296	0.1303	0.1371	0.1511	0.1704	0.1073	0.0979	0.0937	0.0955	0.1044	0.1192	0.1419
1201	0.1836	0.1869	0.1864	0.1903	0.1803	0.1783	0.1779	0.1829	0.1914	0.1693	0.1612	0.1582	0.1625	0.1727	0.1870	0.1362	0.1297	0.1303	0.1371	0.1512	0.1703	0.1073	0.0979	0.0937	0.0955	0.1045	0.1191	0.1418
1202	0.1835	0.1868	0.1865	0.1905	0.1803	0.1784	0.1779	0.1830	0.1913	0.1693	0.1613	0.1583	0.1626	0.1729	0.1870	0.1363	0.1298	0.1303	0.1370	0.1512	0.1703	0.1074	0.0978	0.0938	0.0956	0.1046	0.1190	0.1418
1203	0.1836	0.1868	0.1865	0.1906	0.1802	0.1784	0.1780	0.1830	0.1912	0.1695	0.1614	0.1583	0.1626	0.1729	0.1869	0.1364	0.1297	0.1303	0.1369	0.1512	0.1703	0.1075	0.0979	0.0938	0.0957	0.1047	0.1191	0.1418
1204	0.1838	0.1869	0.1864	0.1906	0.1803	0.1783	0.1781	0.1831	0.1910	0.1696	0.1616	0.1583	0.1626	0.1728	0.1870	0.1366	0.1296	0.1304	0.1370	0.1512	0.1705	0.1076	0.0981	0.0938	0.0958	0.1046	0.1191	0.1418
1205	0.1840	0.1870	0.1864	0.1906	0.1803	0.1783	0.1782	0.1830	0.1910	0.1697	0.1616	0.1583	0.1627	0.1728	0.1871	0.1368	0.1295	0.1305	0.1370	0.1512	0.1705	0.1076	0.0982	0.0938	0.0958	0.1046	0.1191	0.1418
1206	0.1841	0.1871	0.1866	0.1905	0.1803	0.1784	0.1784	0.1829	0.1912	0.1697	0.1615	0.1584	0.1628	0.1727	0.1872	0.1368	0.1296	0.1304	0.1370	0.1512	0.1705	0.1076	0.0981	0.0937	0.0958	0.1045	0.1189	0.1418
1207	0.1843	0.1873	0.1866	0.1905	0.1803	0.1784	0.1785	0.1829	0.1912	0.1697	0.1615	0.1584	0.1630	0.1727	0.1873	0.1368	0.1297	0.1304	0.1370	0.1512	0.1705	0.1076	0.0981	0.0938	0.0958	0.1045	0.1188	0.1418
1208	0.1843	0.1874	0.1866	0.1906	0.1802	0.1783	0.1785	0.1830	0.1912	0.1697	0.1615	0.1583	0.1630	0.1727	0.1872	0.1368	0.1297	0.1304	0.1371	0.1512	0.1706	0.1076	0.0980	0.0940	0.0958	0.1045	0.1189	0.1417
1209	0.1843	0.1875	0.1866	0.1907	0.1802	0.1782	0.1785	0.1831	0.1912	0.1698	0.1616	0.1583	0.1630	0.1726	0.1872	0.1368	0.1298	0.1305	0.1372	0.1513	0.1706	0.1076	0.0979	0.0941	0.0958	0.1046	0.1189	0.1416
1210	0.1843	0.1875	0.1868	0.1909	0.1804	0.1784	0.1786	0.1831	0.1913	0.1697	0.1616	0.1583	0.1631	0.1727	0.1872	0.1369	0.1298	0.1305	0.1372	0.1514	0.1706	0.1076	0.0979	0.0941	0.0957	0.1047	0.1189	0.1417
1211	0.1843	0.1875	0.1870	0.1910	0.1806	0.1786	0.1786	0.1832	0.1914	0.1696	0.1616	0.1584	0.1631	0.1729	0.1872	0.1370	0.1299	0.1305	0.1372	0.1515	0.1706	0.1076	0.0980	0.0941	0.0957	0.1048	0.1190	0.1418
1212	0.1844	0.1877	0.1871	0.1910	0.1807	0.1786	0.1786	0.1833	0.1913	0.1696	0.1617	0.1584	0.1631	0.1729	0.1873	0.1370	0.1299	0.1306	0.1371	0.1516	0.1706	0.1077	0.0982	0.0941	0.0957	0.1048	0.1190	0.1419
1213	0.1845	0.1878	0.1872	0.1911	0.1809	0.1786	0.1785	0.1835	0.1912	0.1696	0.1617	0.1585	0.1631	0.1729	0.1874	0.1370	0.1298	0.1307	0.1370	0.1517	0.1706	0.1077	0.0984	0.0941	0.0957	0.1048	0.1190	0.1419
1214	0.1845	0.1878	0.1874	0.1909	0.1808	0.1787	0.1785	0.1837	0.1913	0.1696	0.1619	0.1586	0.1630	0.1731	0.1873	0.1369	0.1298	0.1306	0.1371	0.1517	0.1706	0.1077	0.0985	0.0940	0.0958	0.1048	0.1190	0.1421
1215	0.1846	0.1877	0.1875	0.1908	0.1808	0.1787	0.1785	0.1839	0.1915	0.1696	0.1620	0.1587	0.1628	0.1732	0.1873	0.1369	0.1298	0.1305	0.1372	0.1517	0.1707	0.1076	0.0985	0.0939	0.0959	0.1048	0.1190	0.1422
1216	0.1845	0.1878	0.1874	0.1909	0.1808	0.1787	0.1785	0.1839	0.1915	0.1697	0.1620	0.1587	0.1630	0.1732	0.1873	0.1369	0.1299	0.1305	0.1373	0.1517	0.1707	0.1076	0.0984	0.0941	0.0959	0.1048	0.1191	0.1422
1217	0.1845	0.1878	0.1873	0.1910	0.1809	0.1787	0.1785	0.1838	0.1916	0.1698	0.1620	0.1586	0.1632	0.1733	0.1873	0.1370	0.1301	0.1305	0.1372	0.1517	0.1707	0.1077	0.0983	0.0943	0.0959	0.1048	0.1193	0.1421
1218	0.1845	0.1880	0.1873	0.1910	0.1809	0.1789	0.1785	0.1839	0.1916	0.1698	0.1620	0.1587	0.1632	0.1734	0.1874	0.1369	0.1300	0.1306	0.1374	0.1518	0.1708	0.1077	0.0982	0.0944	0.0959	0.1048	0.1192	0.1421
1219	0.1844	0.1882	0.1873	0.1909	0.1808	0.1792	0.1783	0.1839	0.1917	0.1697	0.1621	0.1588	0.1633	0.1735	0.1875	0.1368	0.1300	0.1307	0.1376	0.1518	0.1709	0.1077	0.0982	0.0945	0.0959	0.1048	0.1191	0.1422
1220	0.1844	0.1883	0.1874	0.1911	0.1808	0.1792	0.1784	0.1839	0.1918	0.1699	0.1621	0.1589	0.1632	0.1736	0.1875	0.1369	0.1299	0.1308	0.1377	0.1519	0.1710	0.1078	0.0982	0.0945	0.0960	0.1049	0.1192	0.1422
1221	0.1845	0.1884	0.1876	0.1913	0.1807	0.1790	0.1786	0.1837	0.1919	0.1701	0.1620	0.1589	0.1632	0.1737	0.1876	0.1371	0.1299	0.1309	0.1377	0.1520	0.1710	0.1079	0.0983	0.0945	0.0960	0.1049	0.1192	0.1423
1222	0.1846	0.1884	0.1876	0.1914	0.1808	0.1790	0.1788	0.1838	0.1920	0.1702	0.1620	0.1589	0.1633	0.1737	0.1877	0.1372	0.1299	0.1310	0.1378	0.1520	0.1710	0.1079	0.0984	0.0944	0.0960	0.1050	0.1193	0.1423
1223	0.1847	0.1883	0.1875	0.1915	0.1808	0.1790	0.1790	0.1839	0.1920	0.1702	0.1621	0.1590	0.1635	0.1738	0.1878	0.1372	0.1300	0.1310	0.1380	0.1519	0.1709	0.1078	0.0984	0.0944	0.0960	0.1051	0.1193	0.1423
1224	0.1848	0.1883	0.1875	0.1915	0.1809	0.1790	0.1790	0.1839	0.1921	0.1702	0.1621	0.1591	0.1636	0.1738	0.1878	0.1373	0.1300	0.1311	0.1380	0.1518	0.1710	0.1079	0.0985	0.0943	0.0961	0.1051	0.1194	0.1424
1225	0.1849	0.1883	0.1874	0.1914	0.1809	0.1791	0.1789	0.1839	0.1920	0.1702	0.1622	0.1592	0.1637	0.1738	0.1877	0.1375	0.1301	0.1311	0.1379	0.1516	0.1711	0.1081	0.0985	0.0943	0.0962	0.1052	0.1194	0.1424
1226	0.1849	0.1883	0.1875	0.1914	0.1810	0.1794	0.1789	0.1840	0.1920	0.1703	0.1622	0.1593	0.1637	0.1739	0.1876	0.1376	0.1302	0.1311	0.1379	0.1515	0.1711	0.1081	0.0985	0.0944	0.0963	0.1052	0.1195	0.1423
1227	0.1849	0.1883	0.1877	0.1915	0.1811	0.1797	0.1789	0.1840	0.1921	0.1704	0.1623	0.1593	0.1638	0.1740	0.1876	0.1376	0.1305	0.1312	0.1379	0.1517	0.1710	0.1081	0.0987	0.0945	0.0963	0.1052	0.1195	0.1423
1228	0.1850	0.1883	0.1878	0.1916	0.1812	0.1798	0.1790	0.1841	0.1922	0.1705	0.1623	0.1593	0.1639	0.1740	0.1877	0.1376	0.1306	0.1312	0.1380	0.1519	0.1710	0.1082	0.0987	0.0945	0.0964	0.1053	0.1196	0.1422
1229	0.1850	0.1884	0.1878	0.1917	0.1813	0.1798	0.1791	0.1842	0.1922	0.1705	0.1624	0.1595	0.1639	0.1739	0.1877	0.1377	0.1306	0.1312	0.1381	0.1521	0.1710	0.1083	0.0987	0.0946	0.0964	0.1055	0.1196	0.1422
1230	0.1851	0.1886	0.1879	0.1918	0.1814	0.1797	0.1791	0.1842	0.1922	0.1705	0.1625	0.1595	0.1639	0.1738	0.1878	0.1378	0.1307	0.1313	0.1381	0.1523	0.1710	0.1084	0.0988	0.0946	0.0964	0.1055	0.1197	0.1422
1231	0.1851	0.1887	0.1881	0.1917	0.1815	0.1798	0.1793	0.1843	0.1924	0.1705	0.1626	0.1595	0.1640	0.1738	0.1880	0.1377	0.1307	0.1313	0.1382	0.1521	0.1710	0.1084	0.0988	0.0946	0.0964	0.1054	0.1198	0.1422
1232	0.1852	0.1887	0.1882	0.1917	0.1816	0.1799	0.1795	0.1843	0.1925	0.1705	0.1627	0.1595	0.1640	0.1738	0.1880	0.1377	0.1308	0.1314	0.1383	0.1520	0.1711	0.1084	0.0989	0.0946	0.0964	0.1052	0.1199	0.1422
1233	0.1855	0.1888	0.1881	0.1918	0.1816	0.1800	0.1795	0.1845	0.1926	0.1705	0.1628	0.1597	0.1639	0.1739	0.1881	0.1376	0.1308	0.1315	0.1384	0.1521	0.1711	0.1083	0.0989	0.0948	0.0965	0.1052	0.1199	0.1423
1234	0.1857	0.1889	0.1880	0.1919	0.1816	0.1800	0.1795	0.1846	0.1927	0.1706	0.1629	0.1599	0.1639	0.1740	0.1881	0.1376	0.1308	0.1316	0.1384	0.1522	0.1712	0.1083	0.0989	0.0950	0.0966	0.1052	0.1198	0.1424
1235	0.1857	0.1889	0.1881	0.1920	0.1816	0.1800	0.1796	0.1845	0.1928	0.1707	0.1629	0.1599	0.1638	0.1741	0.1880	0.1376	0.1308	0.1316	0.1384	0.1522	0.1713	0.1083	0.0988	0.0949	0.0966	0.1054	0.1198	0.1424
1236	0.1856	0.1890	0.1881	0.1921	0.1817	0.1799	0.1797	0.1845	0.1928	0.1708	0.1628	0.1598	0.1637	0.1742	0.1880	0.1376	0.1308	0.1315	0.1384	0.1523	0.1714	0.1083	0.0987	0.0949	0.0966	0.1055	0.1197	0.1424
1237	0.1857	0.1890	0.1883	0.1922	0.1818	0.1799	0.1797	0.1846	0.1929	0.1708	0.1628	0.1598	0.1639	0.1742	0.1880	0.1376	0.1310	0.1317	0.1384	0.1523	0.1715	0.1083	0.0987	0.0949	0.0966	0.1057	0.1197	0.1424
1238	0.1858	0.1890	0.1886	0.1922	0.1819	0.1798	0.1797	0.1847	0.1929	0.1708	0.1627	0.1599	0.1640	0.1743	0.1880	0.1376	0.1312	0.1318	0.1384	0.1524	0.1716	0.1084	0.0988	0.0949	0.0966	0.1058	0.1197	0.1425
1239	0.1858	0.1890	0.1886	0.1922	0.1820	0.1799	0.1798	0.1848	0.1929	0.1708	0.1628	0.1599	0.1642	0.1743	0.1881	0.1375	0.1313	0.1318	0.1385	0.1524	0.1717	0.1084	0.0988	0.0949	0.0967	0.1059	0.1198	0.1426
1240	0.1859	0.1891	0.1886	0.1924	0.1820	0.1800	0.1799	0.1849	0.1930	0.1708	0.1629	0.1600	0.1645	0.1743	0.1883	0.1374	0.1313	0.1318	0.1385	0.1524	0.1719	0.1083	0.0988	0.0950	0.0968	0.1059	0.1198	0.1427
1241	0.1860	0.1891	0.1885	0.1925	0.1822	0.1800	0.1800	0.1849	0.1930	0.1708	0.1630	0.1600	0.1646	0.1743	0.1883	0.1375	0.1313	0.1318	0.1386	0.1523	0.1719	0.1084	0.0989	0.0951	0.0969	0.1059	0.1199	0.1427
1242	0.1862	0.1892	0.1885	0.1926	0.1824	0.1801	0.1800	0.1849	0.1930	0.1709	0.1630	0.1601	0.1646	0.1744	0.1883	0.1376	0.1313	0.1318	0.1387	0.1523	0.1719	0.1085	0.0991	0.0952	0.0969	0.1058	0.1199	0.1427
1243	0.1862	0.1893	0.1885	0.1926	0.1825	0.1802	0.1801	0.1848	0.1930	0.1710	0.1631	0.1601	0.1647	0.1746	0.1883	0.1377	0.1313	0.1318	0.1387	0.1523	0.1718	0.1085	0.0991	0.0952	0.0968	0.1058	0.1198	0.1427
1244	0.1861	0.1892	0.1885	0.1926	0.1825	0.1804	0.1802	0.1848	0.1928	0.1710	0.1631	0.1601	0.1648	0.1749	0.1884	0.1379	0.1312	0.1319	0.1387	0.1523	0.1717	0.1084	0.0991	0.0952	0.0968	0.1059	0.1197	0.1428
1245	0.1861	0.1893	0.1886	0.1926	0.1824	0.1805	0.1801	0.1847	0.1928	0.1710	0.1632	0.1602	0.1649	0.1750	0.1884	0.1380	0.1312	0.1320	0.1388	0.1524	0.1718	0.1085	0.0991	0.0952	0.0968	0.1060	0.1197	0.1428
1246	0.1861	0.1893	0.1886	0.1927	0.1825	0.1807	0.1801	0.1847	0.1928	0.1710	0.1632	0.1602	0.1649	0.1749	0.1885	0.1380	0.1312	0.1321	0.1389	0.1525	0.1719	0.1086	0.0991	0.0952	0.0968	0.1060	0.1198	0.1428
1247	0.1861	0.1894	0.1887	0.1927	0.1825	0.1808	0.1801	0.1847	0.1929	0.1710	0.1632	0.1603	0.1650	0.1750	0.1885	0.1380	0.1311	0.1321	0.1390	0.1526	0.1719	0.1086	0.0991	0.0952	0.0968	0.1060	0.1199	0.1428
1248	0.1862	0.1895	0.1888	0.1929	0.1826	0.1809	0.1801	0.1847	0.1929	0.1710	0.1632	0.1604	0.1650	0.1750	0.1885	0.1380	0.1311	0.1321	0.1389	0.1527	0.1720	0.1086	0.0992	0.0952	0.0969	0.1059	0.1200	0.1428
1249	0.1863	0.1895	0.1890	0.1930	0.1826	0.1809	0.1801	0.1848	0.1930	0.1710	0.1633	0.1605	0.1650	0.1751	0.1884	0.1381	0.1311	0.1320	0.1388	0.1528	0.1721	0.1085	0.0993	0.0952	0.0970	0.1058	0.1201	0.1428
1250	0.1863	0.1896	0.1891	0.1931	0.1826	0.1809	0.1802	0.1849	0.1931	0.1710	0.1634	0.1606	0.1652	0.1751	0.1884	0.1380	0.1311	0.1321	0.1388	0.1527	0.1721	0.1086	0.0994	0.0953	0.0971	0.1059	0.1202	0.1428
1251	0.1864	0.1896	0.1892	0.1932	0.1827	0.1808	0.1803	0.1851	0.1931	0.1710	0.1635	0.1607	0.1653	0.1751	0.1884	0.1380	0.1312	0.1321	0.1388	0.1527	0.1721	0.1086	0.0994	0.0954	0.0972	0.1059	0.1203	0.1428
1252	0.1866	0.1898	0.1892	0.1931	0.1828	0.1809	0.1804	0.1854	0.1932	0.1712	0.1636	0.1608	0.1652	0.1751	0.1884	0.1381	0.1312	0.1321	0.1389	0.1529	0.1722	0.1088	0.0995	0.0954	0.0973	0.1060	0.1202	0.1428
1253	0.1868	0.1899	0.1893	0.1932	0.1829	0.1810	0.1806	0.1856	0.1932	0.1714	0.1637	0.1609	0.1651	0.1751	0.1885	0.1381	0.1313	0.1321	0.1390	0.1530	0.1723	0.1089	0.0995	0.0954	0.0973	0.1061	0.1202	0.1428
1254	0.1869	0.1899	0.1893	0.1932	0.1829	0.1810	0.1807	0.1856	0.1932	0.1713	0.1637	0.1608	0.1652	0.1752	0.1885	0.1381	0.1314	0.1322	0.1390	0.1529	0.1722	0.1088	0.0994	0.0954	0.0973	0.1061	0.1202	0.1428
1255	0.1870	0.1899	0.1894	0.1933	0.1829	0.1809	0.1808	0.1856	0.1932	0.1713	0.1637	0.1607	0.1653	0.1754	0.1886	0.1381	0.1316	0.1323	0.1390	0.1528	0.1722	0.1087	0.0993	0.0954	0.0974	0.1062	0.1202	0.1428
1256	0.1870	0.1901	0.1895	0.1934	0.1829	0.1809	0.1809	0.1856	0.1935	0.1714	0.1638	0.1607	0.1653	0.1753	0.1886	0.1381	0.1316	0.1324	0.1391	0.1529	0.1722	0.1087	0.0993	0.0954	0.0974	0.1063	0.1202	0.1428
1257	0.1870	0.1904	0.1896	0.1935	0.1829	0.1810	0.1809	0.1855	0.1937	0.1714	0.1639	0.1607	0.1652	0.1753	0.1886	0.1380	0.1316	0.1325	0.1393	0.1531	0.1721	0.1087	0.0994	0.0953	0.0973	0.1064	0.1203	0.1428
1258	0.1870	0.1903	0.1896	0.1935	0.1829	0.1811	0.1810	0.1856	0.1938	0.1714	0.1639	0.1608	0.1653	0.1752	0.1887	0.1381	0.1316	0.1326	0.1393	0.1531	0.1723	0.1088	0.0994	0.0953	0.0973	0.1064	0.1204	0.1429
1259	0.1870	0.1903	0.1896	0.1936	0.1830	0.1812	0.1810	0.1856	0.1938	0.1713	0.1638	0.1608	0.1654	0.1751	0.1887	0.1381	0.1316	0.1327	0.1393	0.1531	0.1725	0.1088	0.0995	0.0954	0.0972	0.1065	0.1205	0.1431
1260	0.1870	0.1902	0.1896	0.1936	0.1829	0.1811	0.1811	0.1856	0.1938	0.1714	0.1638	0.1609	0.1655	0.1752	0.1887	0.1381	0.1317	0.1326	0.1394	0.1531	0.1726	0.1089	0.0995	0.0955	0.0973	0.1065	0.1205	0.1432
1261	0.1870	0.1901	0.1896	0.1935	0.1829	0.1811	0.1811	0.1856	0.1938	0.1714	0.1639	0.1610	0.1656	0.1754	0.1887	0.1381	0.1317	0.1326	0.1395	0.1531	0.1727	0.1089	0.0994	0.0955	0.0975	0.1064	0.1205	0.1433
1262	0.1870	0.1901	0.1897	0.1936	0.1829	0.1810	0.1812	0.1856	0.1937	0.1715	0.1640	0.1610	0.1657	0.1754	0.1886	0.1381	0.1317	0.1327	0.1395	0.1532	0.1726	0.1089	0.0994	0.0955	0.0973	0.1064	0.1205	0.1432
1263	0.1870	0.1901	0.1898	0.1938	0.1831	0.1810	0.1813	0.1857	0.1937	0.1715	0.1641	0.1610	0.1657	0.1755	0.1884	0.1382	0.1318	0.1327	0.1395	0.1533	0.1726	0.1089	0.0993	0.0955	0.0971	0.1064	0.1206	0.1431
1264	0.1871	0.1901	0.1899	0.1938	0.1830	0.1811	0.1814	0.1857	0.1937	0.1715	0.1641	0.1610	0.1658	0.1755	0.1885	0.1383	0.1319	0.1328	0.1395	0.1534	0.1726	0.1090	0.0993	0.0955	0.0972	0.1064	0.1206	0.1431
1265	0.1871	0.1902	0.1900	0.1938	0.1830	0.1813	0.1815	0.1857	0.1937	0.1715	0.1642	0.1611	0.1658	0.1755	0.1887	0.1384	0.1319	0.1330	0.1395	0.1534	0.1727	0.1091	0.0994	0.0955	0.0973	0.1065	0.1207	0.1432
1266	0.1872	0.1903	0.1901	0.1939	0.1830	0.1814	0.1815	0.1857	0.1938	0.1716	0.1643	0.1611	0.1659	0.1755	0.1887	0.1385	0.1320	0.1330	0.1395	0.1534	0.1727	0.1091	0.0995	0.0955	0.0973	0.1065	0.1206	0.1433
1267	0.1873	0.1904	0.1901	0.1939	0.1832	0.1814	0.1816	0.1858	0.1938	0.1718	0.1643	0.1612	0.1659	0.1756	0.1886	0.1385	0.1322	0.1329	0.1395	0.1534	0.1726	0.1091	0.0996	0.0956	0.0973	0.1066	0.1205	0.1434
1268	0.1873	0.1905	0.1902	0.1939	0.1832	0.1815	0.1816	0.1859	0.1939	0.1718	0.1644	0.1613	0.1660	0.1756	0.1886	0.1385	0.1322	0.1329	0.1394	0.1534	0.1727	0.1090	0.0996	0.0956	0.0973	0.1067	0.1203	0.1434
1269	0.1873	0.1904	0.1902	0.1941	0.1833	0.1816	0.1815	0.1860	0.1939	0.1718	0.1645	0.1614	0.1659	0.1757	0.1887	0.1385	0.1322	0.1329	0.1393	0.1534	0.1728	0.1090	0.0996	0.0955	0.0974	0.1068	0.1202	0.1433
1270	0.1874	0.1905	0.1902	0.1941	0.1834	0.1817	0.1816	0.1860	0.1939	0.1718	0.1645	0.1614	0.1660	0.1758	0.1888	0.1386	0.1322	0.1329	0.1393	0.1534	0.1728	0.1089	0.0996	0.0955	0.0974	0.1068	0.1202	0.1433
1271	0.1876	0.1905	0.1902	0.1940	0.1834	0.1816	0.1817	0.1860	0.1940	0.1719	0.1644	0.1613	0.1661	0.1759	0.1889	0.1387	0.1322	0.1329	0.1394	0.1535	0.1727	0.1089	0.0996	0.0956	0.0975	0.1067	0.1204	0.1433
1272	0.1878	0.1905	0.1903	0.1940	0.1835	0.1815	0.1818	0.1860	0.1940	0.1720	0.1644	0.1613	0.1661	0.1759	0.1890	0.1388	0.1322	0.1329	0.1395	0.1536	0.1726	0.1089	0.0996	0.0956	0.0975	0.1066	0.1205	0.1433
1273	0.1877	0.1906	0.1904	0.1940	0.1836	0.1815	0.1818	0.1861	0.1941	0.1720	0.1645	0.1613	0.1661	0.1759	0.1890	0.1388	0.1323	0.1329	0.1395	0.1536	0.1727	0.1088	0.0995	0.0956	0.0976	0.1067	0.1206	0.1433
1274	0.1877	0.1906	0.1905	0.1939	0.1836	0.1816	0.1817	0.1862	0.1941	0.1720	0.1645	0.1613	0.1662	0.1759	0.1891	0.1389	0.1324	0.1329	0.1395	0.1537	0.1727	0.1087	0.0995	0.0955	0.0976	0.1068	0.1207	0.1433
1275	0.1878	0.1907	0.1905	0.1939	0.1837	0.1815	0.1818	0.1864	0.1941	0.1721	0.1644	0.1614	0.1663	0.1759	0.1891	0.1389	0.1323	0.1329	0.1396	0.1537	0.1727	0.1088	0.0997	0.0956	0.0975	0.1068	0.1206	0.1433
1276	0.1879	0.1907	0.1906	0.1939	0.1838	0.1816	0.1818	0.1865	0.1941	0.1721	0.1644	0.1614	0.1664	0.1759	0.1892	0.1389	0.1323	0.1330	0.1397	0.1537	0.1727	0.1088	0.0998	0.0957	0.0974	0.1068	0.1206	0.1433
1277	0.1878	0.1907	0.1906	0.1941	0.1838	0.1817	0.1819	0.1865	0.1941	0.1721	0.1644	0.1615	0.1664	0.1759	0.1891	0.1389	0.1324	0.1330	0.1398	0.1539	0.1727	0.1088	0.0998	0.0956	0.0975	0.1068	0.1207	0.1434
1278	0.1877	0.1908	0.1906	0.1942	0.1837	0.1818	0.1819	0.1864	0.1941	0.1722	0.1644	0.1615	0.1664	0.1759	0.1890	0.1389	0.1325	0.1331	0.1399	0.1540	0.1726	0.1089	0.0998	0.0956	0.0977	0.1069	0.1208	0.1435
1279	0.1878	0.1909	0.1907	0.1942	0.1838	0.1819	0.1820	0.1865	0.1943	0.1722	0.1646	0.1616	0.1664	0.1760	0.1890	0.1389	0.1324	0.1330	0.1399	0.1540	0.1727	0.1089	0.0999	0.0955	0.0978	0.1068	0.1208	0.1436
1280	0.1878	0.1909	0.1908	0.1942	0.1838	0.1820	0.1820	0.1865	0.1944	0.1723	0.1648	0.1617	0.1664	0.1760	0.1891	0.1390	0.1324	0.1330	0.1399	0.1540	0.1727	0.1090	0.1000	0.0955	0.0979	0.1067	0.1207	0.1436
1281	0.1878	0.1911	0.1909	0.1943	0.1840	0.1819	0.1820	0.1866	0.1944	0.1723	0.1648	0.1617	0.1664	0.1760	0.1891	0.1390	0.1324	0.1330	0.1399	0.1540	0.1727	0.1091	0.0999	0.0955	0.0979	0.1068	0.1208	0.1437
1282	0.1878	0.1913	0.1910	0.1943	0.1841	0.1819	0.1820	0.1867	0.1944	0.1723	0.1647	0.1616	0.1664	0.1759	0.1890	0.1391	0.1324	0.1331	0.1399	0.1540	0.1727	0.1092	0.0998	0.0955	0.0979	0.1068	0.1209	0.1438
1283	0.1878	0.1913	0.1910	0.1943	0.1842	0.1820	0.1821	0.1866	0.1944	0.1723	0.1647	0.1616	0.1663	0.1760	0.1890	0.1391	0.1325	0.1332	0.1399	0.1540	0.1729	0.1092	0.0998	0.0956	0.0979	0.1069	0.1209	0.1437
1284	0.1878	0.1914	0.1910	0.1943	0.1842	0.1821	0.1822	0.1866	0.1944	0.1722	0.1646	0.1616	0.1663	0.1761	0.1890	0.1390	0.1326	0.1334	0.1399	0.1540	0.1730	0.1092	0.0997	0.0958	0.0980	0.1069	0.1208	0.1435
1285	0.1878	0.1913	0.1910	0.1943	0.1842	0.1821	0.1822	0.1866	0.1945	0.1722	0.1646	0.1616	0.1664	0.1762	0.1890	0.1390	0.1326	0.1334	0.1400	0.1541	0.1730	0.1092	0.0998	0.0959	0.0980	0.1069	0.1209	0.1435
1286	0.1878	0.1913	0.1909	0.1944	0.1841	0.1821	0.1821	0.1866	0.1946	0.1723	0.1646	0.1617	0.1664	0.1762	0.1889	0.1389	0.1327	0.1333	0.1400	0.1543	0.1729	0.1092	0.0998	0.0959	0.0980	0.1069	0.1210	0.1436
1287	0.1878	0.1913	0.1909	0.1945	0.1841	0.1821	0.1821	0.1867	0.1947	0.1724	0.1648	0.1617	0.1665	0.1763	0.1890	0.1389	0.1327	0.1333	0.1400	0.1543	0.1729	0.1093	0.0998	0.0958	0.0979	0.1070	0.1209	0.1436
1288	0.1879	0.1914	0.1909	0.1946	0.1842	0.1822	0.1822	0.1868	0.1948	0.1724	0.1651	0.1618	0.1665	0.1763	0.1890	0.1389	0.1327	0.1332	0.1401	0.1542	0.1728	0.1095	0.0997	0.0957	0.0978	0.1070	0.1208	0.1437
1289	0.1879	0.1914	0.1910	0.1947	0.1842	0.1822	0.1822	0.1869	0.1949	0.1723	0.1651	0.1618	0.1665	0.1764	0.1891	0.1390	0.1328	0.1333	0.1401	0.1542	0.1729	0.1094	0.0998	0.0957	0.0978	0.1070	0.1207	0.1437
1290	0.1880	0.1914	0.1910	0.1948	0.1841	0.1822	0.1822	0.1869	0.1950	0.1722	0.1650	0.1620	0.1666	0.1765	0.1892	0.1391	0.1328	0.1333	0.1401	0.1542	0.1730	0.1094	0.0999	0.0958	0.0977	0.1070	0.1206	0.1438
1291	0.1881	0.1913	0.1910	0.1948	0.1842	0.1823	0.1822	0.1869	0.1950	0.1722	0.1650	0.1621	0.1666	0.1765	0.1892	0.1391	0.1329	0.1333	0.1400	0.1542	0.1731	0.1094	0.0999	0.0959	0.0977	0.1070	0.1207	0.1437
1292	0.1881	0.1912	0.1909	0.1949	0.1842	0.1823	0.1823	0.1869	0.1949	0.1723	0.1650	0.1622	0.1665	0.1766	0.1892	0.1391	0.1328	0.1333	0.1400	0.1542	0.1730	0.1094	0.0999	0.0960	0.0978	0.1070	0.1208	0.1436
1293	0.1881	0.1912	0.1909	0.1948	0.1842	0.1823	0.1823	0.1869	0.1950	0.1723	0.1651	0.1623	0.1665	0.1766	0.1893	0.1391	0.1329	0.1333	0.1400	0.1542	0.1730	0.1094	0.0998	0.0961	0.0978	0.1071	0.1208	0.1436
1294	0.1882	0.1912	0.1910	0.1947	0.1842	0.1822	0.1823	0.1869	0.1950	0.1723	0.1651	0.1623	0.1666	0.1766	0.1894	0.1391	0.1330	0.1333	0.1400	0.1542	0.1731	0.1093	0.0999	0.0962	0.0979	0.1071	0.1206	0.1436
1295	0.1883	0.1912	0.1911	0.1946	0.1842	0.1822	0.1823	0.1868	0.1952	0.1724	0.1651	0.1623	0.1666	0.1766	0.1895	0.1391	0.1330	0.1333	0.1400	0.1542	0.1731	0.1092	0.0999	0.0962	0.0980	0.1070	0.1206	0.1436
1296	0.1884	0.1912	0.1910	0.1945	0.1841	0.1822	0.1824	0.1869	0.1953	0.1724	0.1651	0.1622	0.1666	0.1767	0.1895	0.1391	0.1328	0.1335	0.1400	0.1542	0.1732	0.1092	0.0999	0.0962	0.0980	0.1070	0.1207	0.1436
1297	0.1885	0.1912	0.1910	0.1945	0.1840	0.1822	0.1824	0.1869	0.1954	0.1725	0.1651	0.1622	0.1666	0.1767	0.1896	0.1390	0.1327	0.1336	0.1400	0.1542	0.1733	0.1093	0.0999	0.0962	0.0980	0.1069	0.1208	0.1436
1298	0.1885	0.1912	0.1911	0.1946	0.1841	0.1824	0.1823	0.1869	0.1954	0.1725	0.1651	0.1621	0.1666	0.1768	0.1897	0.1391	0.1326	0.1336	0.1400	0.1543	0.1734	0.1093	0.1000	0.0962	0.0980	0.1069	0.1209	0.1437
1299	0.1884	0.1912	0.1911	0.1947	0.1842	0.1824	0.1823	0.1869	0.1954	0.1725	0.1651	0.1621	0.1666	0.1768	0.1897	0.1391	0.1325	0.1336	0.1400	0.1544	0.1734	0.1093	0.1000	0.0961	0.0980	0.1069	0.1209	0.1438
1300	0.1884	0.1914	0.1911	0.1947	0.1843	0.1824	0.1822	0.1869	0.1953	0.1725	0.1651	0.1621	0.1666	0.1769	0.1898	0.1391	0.1326	0.1335	0.1401	0.1545	0.1735	0.1093	0.1000	0.0960	0.0981	0.1069	0.1209	0.1439
1301	0.1885	0.1915	0.1911	0.1947	0.1844	0.1824	0.1822	0.1870	0.1952	0.1725	0.1651	0.1621	0.1667	0.1769	0.1899	0.1392	0.1327	0.1335	0.1401	0.1545	0.1735	0.1093	0.1000	0.0959	0.0981	0.1070	0.1209	0.1439
1302	0.1885	0.1914	0.1911	0.1948	0.1843	0.1824	0.1821	0.1869	0.1953	0.1725	0.1651	0.1621	0.1667	0.1768	0.1899	0.1392	0.1327	0.1335	0.1401	0.1545	0.1736	0.1093	0.0999	0.0959	0.0981	0.1070	0.1209	0.1440
1303	0.1884	0.1914	0.1911	0.1949	0.1843	0.1825	0.1821	0.1869	0.1953	0.1724	0.1652	0.1620	0.1667	0.1767	0.1899	0.1392	0.1327	0.1335	0.1401	0.1545	0.1737	0.1092	0.0999	0.0959	0.0981	0.1070	0.1209	0.1440
1304	0.1884	0.1913	0.1912	0.1950	0.1844	0.1825	0.1821	0.1871	0.1954	0.1726	0.1652	0.1621	0.1667	0.1766	0.1898	0.1391	0.1329	0.1335	0.1401	0.1544	0.1738	0.1093	0.0999	0.0960	0.0980	0.1070	0.1210	0.1441
1305	0.1883	0.1913	0.1912	0.1950	0.1844	0.1826	0.1822	0.1873	0.1955	0.1727	0.1652	0.1622	0.1666	0.1765	0.1898	0.1390	0.1330	0.1335	0.1401	0.1543	0.1739	0.1093	0.0999	0.0961	0.0979	0.1070	0.1210	0.1441
1306	0.1883	0.1914	0.1913	0.1951	0.1843	0.1824	0.1822	0.1872	0.1956	0.1726	0.1651	0.1622	0.1667	0.1766	0.1899	0.1390	0.1330	0.1333	0.1402	0.1545	0.1740	0.1093	0.0999	0.0961	0.0978	0.1071	0.1212	0.1441
1307	0.1883	0.1914	0.1914	0.1952	0.1843	0.1823	0.1823	0.1871	0.1956	0.1726	0.1650	0.1621	0.1667	0.1766	0.1900	0.1391	0.1330	0.1332	0.1403	0.1546	0.1740	0.1092	0.1000	0.0961	0.0978	0.1072	0.1213	0.1440
1308	0.1883	0.1914	0.1914	0.1951	0.1843	0.1823	0.1823	0.1872	0.1955	0.1726	0.1650	0.1622	0.1667	0.1765	0.1900	0.1390	0.1329	0.1333	0.1404	0.1546	0.1740	0.1093	0.0999	0.0961	0.0978	0.1072	0.1213	0.1442
1309	0.1883	0.1913	0.1913	0.1950	0.1844	0.1823	0.1822	0.1873	0.1955	0.1726	0.1649	0.1623	0.1668	0.1764	0.1899	0.1390	0.1329	0.1334	0.1405	0.1545	0.1740	0.1094	0.0999	0.0961	0.0978	0.1073	0.1213	0.1443
1310	0.1882	0.1913	0.1913	0.1949	0.1844	0.1823	0.1822	0.1875	0.1954	0.1724	0.1649	0.1623	0.1668	0.1764	0.1900	0.1391	0.1329	0.1333	0.1404	0.1545	0.1741	0.1094	0.1000	0.0960	0.0979	0.1073	0.1213	0.1444
1311	0.1882	0.1913	0.1912	0.1949	0.1844	0.1823	0.1821	0.1877	0.1953	0.1723	0.1649	0.1623	0.1668	0.1764	0.1901	0.1392	0.1328	0.1332	0.1403	0.1545	0.1742	0.1094	0.1001	0.0957	0.0979	0.1073	0.1212	0.1445
1312	0.1882	0.1913	0.1912	0.1948	0.1843	0.1823	0.1822	0.1878	0.1953	0.1722	0.1650	0.1622	0.1667	0.1765	0.1902	0.1392	0.1328	0.1332	0.1403	0.1546	0.1742	0.1094	0.1001	0.0957	0.0978	0.1072	0.1213	0.1446
1313	0.1881	0.1914	0.1912	0.1947	0.1841	0.1824	0.1822	0.1878	0.1953	0.1722	0.1651	0.1621	0.1666	0.1766	0.1902	0.1391	0.1329	0.1333	0.1404	0.1547	0.1743	0.1093	0.1001	0.0958	0.0977	0.1071	0.1213	0.1447
1314	0.1881	0.1913	0.1911	0.1948	0.1840	0.1823	0.1822	0.1877	0.1954	0.1722	0.1651	0.1620	0.1666	0.1767	0.1903	0.1391	0.1329	0.1335	0.1404	0.1548	0.1744	0.1093	0.1001	0.0959	0.0977	0.1071	0.1214	0.1447
1315	0.1882	0.1911	0.1909	0.1948	0.1840	0.1822	0.1822	0.1876	0.1954	0.1722	0.1651	0.1620	0.1666	0.1768	0.1905	0.1392	0.1328	0.1336	0.1403	0.1548	0.1746	0.1093	0.1000	0.0960	0.0977	0.1070	0.1215	0.1447
1316	0.1881	0.1911	0.1910	0.1948	0.1839	0.1822	0.1822	0.1876	0.1954	0.1723	0.1650	0.1620	0.1665	0.1768	0.1905	0.1392	0.1329	0.1337	0.1403	0.1548	0.1745	0.1092	0.1000	0.0960	0.0978	0.1070	0.1215	0.1447
1317	0.1881	0.1910	0.1911	0.1948	0.1838	0.1823	0.1822	0.1876	0.1954	0.1724	0.1649	0.1620	0.1664	0.1768	0.1904	0.1391	0.1329	0.1338	0.1403	0.1548	0.1744	0.1092	0.1000	0.0961	0.0979	0.1071	0.1215	0.1447
1318	0.1880	0.1910	0.1911	0.1947	0.1837	0.1823	0.1823	0.1876	0.1954	0.1724	0.1649	0.1620	0.1664	0.1768	0.1905	0.1391	0.1329	0.1338	0.1403	0.1548	0.1743	0.1092	0.1000	0.0961	0.0980	0.1071	0.1214	0.1447
1319	0.1880	0.1909	0.1910	0.1947	0.1838	0.1822	0.1823	0.1874	0.1955	0.1724	0.1650	0.1619	0.1664	0.1768	0.1907	0.1391	0.1328	0.1337	0.1403	0.1548	0.1743	0.1091	0.1000	0.0961	0.0980	0.1071	0.1213	0.1449
1320	0.1880	0.1909	0.1909	0.1947	0.1837	0.1822	0.1823	0.1874	0.1955	0.1724	0.1650	0.1619	0.1665	0.1768	0.1907	0.1391	0.1327	0.1336	0.1403	0.1548	0.1743	0.1091	0.1001	0.0961	0.0980	0.1071	0.1213	0.1450
1321	0.1880	0.1908	0.1909	0.1946	0.1837	0.1823	0.1822	0.1875	0.1954	0.1723	0.1650	0.1619	0.1666	0.1767	0.1907	0.1391	0.1327	0.1335	0.1403	0.1550	0.1745	0.1091	0.1000	0.0961	0.0981	0.1071	0.1215	0.1450
1322	0.1880	0.1908	0.1908	0.1945	0.1837	0.1822	0.1822	0.1875	0.1954	0.1723	0.1650	0.1620	0.1667	0.1767	0.1907	0.1390	0.1326	0.1334	0.1403	0.1550	0.1745	0.1092	0.0999	0.0962	0.0982	0.1071	0.1217	0.1450
1323	0.1880	0.1909	0.1908	0.1945	0.1837	0.1821	0.1823	0.1874	0.1953	0.1722	0.1650	0.1619	0.1666	0.1767	0.1906	0.1389	0.1327	0.1334	0.1402	0.1548	0.1745	0.1093	0.0998	0.0961	0.0983	0.1070	0.1218	0.1450
1324	0.1880	0.1910	0.1907	0.1945	0.1837	0.1820	0.1823	0.1874	0.1952	0.1721	0.1649	0.1619	0.1665	0.1768	0.1906	0.1388	0.1327	0.1333	0.1402	0.1547	0.1745	0.1093	0.0998	0.0961	0.0983	0.1070	0.1218	0.1450
1325	0.1880	0.1910	0.1908	0.1945	0.1836	0.1820	0.1823	0.1875	0.1951	0.1721	0.1648	0.1618	0.1665	0.1770	0.1906	0.1388	0.1327	0.1332	0.1402	0.1547	0.1744	0.1091	0.0999	0.0961	0.0983	0.1072	0.1217	0.1449
1326	0.1880	0.1910	0.1908	0.1945	0.1836	0.1819	0.1822	0.1876	0.1951	0.1721	0.1648	0.1617	0.1664	0.1771	0.1906	0.1389	0.1326	0.1331	0.1402	0.1548	0.1744	0.1090	0.0999	0.0961	0.0982	0.1073	0.1216	0.1450
1327	0.1879	0.1908	0.1907	0.1943	0.1837	0.1818	0.1822	0.1877	0.1951	0.1721	0.1648	0.1618	0.1664	0.1771	0.1905	0.1388	0.1325	0.1331	0.1402	0.1549	0.1742	0.1089	0.0999	0.0962	0.0980	0.1072	0.1216	0.1451
1328	0.1879	0.1908	0.1907	0.1943	0.1838	0.1817	0.1821	0.1877	0.1952	0.1720	0.1648	0.1618	0.1663	0.1770	0.1903	0.1388	0.1325	0.1331	0.1402	0.1550	0.1742	0.1089	0.0999	0.0963	0.0978	0.1071	0.1216	0.1452
1329	0.1878	0.1908	0.1907	0.1943	0.1836	0.1816	0.1821	0.1875	0.1951	0.1718	0.1648	0.1618	0.1663	0.1769	0.1905	0.1387	0.1325	0.1331	0.1402	0.1549	0.1742	0.1089	0.0998	0.0964	0.0978	0.1071	0.1216	0.1452
1330	0.1878	0.1908	0.1906	0.1944	0.1834	0.1815	0.1820	0.1874	0.1950	0.1716	0.1647	0.1617	0.1662	0.1767	0.1906	0.1386	0.1325	0.1331	0.1401	0.1549	0.1742	0.1089	0.0996	0.0965	0.0978	0.1072	0.1216	0.1452
1331	0.1877	0.1909	0.1906	0.1943	0.1834	0.1816	0.1821	0.1872	0.1951	0.1717	0.1647	0.1616	0.1662	0.1767	0.1906	0.1386	0.1324	0.1331	0.1402	0.1548	0.1743	0.1089	0.0996	0.0963	0.0978	0.1071	0.1216	0.1451
1332	0.1875	0.1910	0.1906	0.1943	0.1833	0.1816	0.1821	0.1871	0.1951	0.1718	0.1646	0.1615	0.1662	0.1766	0.1905	0.1387	0.1324	0.1330	0.1403	0.1548	0.1743	0.1088	0.0995	0.0961	0.0979	0.1070	0.1215	0.1450
1333	0.1875	0.1909	0.1905	0.1944	0.1832	0.1815	0.1820	0.1871	0.1950	0.1717	0.1646	0.1615	0.1662	0.1765	0.1905	0.1386	0.1323	0.1330	0.1403	0.1546	0.1741	0.1088	0.0995	0.0960	0.0980	0.1071	0.1215	0.1450
1334	0.1874	0.1908	0.1905	0.1944	0.1831	0.1815	0.1819	0.1871	0.1949	0.1716	0.1646	0.1615	0.1662	0.1764	0.1904	0.1386	0.1323	0.1330	0.1403	0.1545	0.1739	0.1088	0.0995	0.0959	0.0980	0.1072	0.1214	0.1450
1335	0.1873	0.1908	0.1905	0.1943	0.1832	0.1815	0.1818	0.1871	0.1949	0.1716	0.1644	0.1616	0.1661	0.1763	0.1905	0.1386	0.1322	0.1331	0.1402	0.1544	0.1740	0.1088	0.0995	0.0958	0.0980	0.1071	0.1215	0.1450
1336	0.1872	0.1908	0.1905	0.1941	0.1832	0.1816	0.1817	0.1870	0.1949	0.1716	0.1642	0.1616	0.1660	0.1762	0.1906	0.1387	0.1320	0.1332	0.1400	0.1543	0.1741	0.1087	0.0995	0.0957	0.0980	0.1069	0.1216	0.1451
1337	0.1872	0.1908	0.1906	0.1941	0.1831	0.1815	0.1818	0.1869	0.1949	0.1714	0.1642	0.1615	0.1661	0.1762	0.1906	0.1385	0.1319	0.1332	0.1399	0.1543	0.1741	0.1086	0.0994	0.0957	0.0979	0.1069	0.1216	0.1450
1338	0.1872	0.1907	0.1906	0.1941	0.1830	0.1814	0.1818	0.1867	0.1948	0.1713	0.1642	0.1613	0.1661	0.1762	0.1906	0.1384	0.1318	0.1331	0.1398	0.1544	0.1742	0.1085	0.0994	0.0957	0.0977	0.1068	0.1216	0.1449
1339	0.1872	0.1907	0.1905	0.1941	0.1830	0.1813	0.1817	0.1867	0.1947	0.1713	0.1642	0.1612	0.1661	0.1761	0.1905	0.1383	0.1319	0.1331	0.1397	0.1542	0.1742	0.1084	0.0994	0.0956	0.0977	0.1068	0.1215	0.1448
1340	0.1873	0.1907	0.1905	0.1941	0.1829	0.1813	0.1816	0.1868	0.1948	0.1713	0.1641	0.1612	0.1660	0.1761	0.1904	0.1382	0.1320	0.1330	0.1396	0.1540	0.1743	0.1084	0.0994	0.0954	0.0977	0.1068	0.1214	0.1448
1341	0.1872	0.1908	0.1904	0.1939	0.1829	0.1813	0.1815	0.1867	0.1948	0.1713	0.1641	0.1612	0.1659	0.1761	0.1902	0.1381	0.1320	0.1329	0.1395	0.1541	0.1743	0.1082	0.0995	0.0954	0.0977	0.1068	0.1214	0.1446
1342	0.1872	0.1908	0.1903	0.1938	0.1828	0.1814	0.1814	0.1866	0.1947	0.1713	0.1640	0.1613	0.1658	0.1761	0.1900	0.1380	0.1319	0.1329	0.1394	0.1542	0.1744	0.1081	0.0996	0.0955	0.0977	0.1068	0.1214	0.1445
1343	0.1871	0.1907	0.1902	0.1937	0.1828	0.1814	0.1814	0.1865	0.1947	0.1712	0.1640	0.1613	0.1657	0.1760	0.1900	0.1380	0.1318	0.1328	0.1394	0.1541	0.1743	0.1081	0.0996	0.0954	0.0977	0.1068	0.1213	0.1445
1344	0.1871	0.1906	0.1900	0.1937	0.1827	0.1815	0.1813	0.1863	0.1947	0.1710	0.1640	0.1613	0.1656	0.1759	0.1901	0.1381	0.1317	0.1326	0.1395	0.1539	0.1742	0.1083	0.0995	0.0953	0.0975	0.1068	0.1213	0.1445
1345	0.1871	0.1906	0.1899	0.1936	0.1827	0.1815	0.1812	0.1863	0.1946	0.1709	0.1639	0.1612	0.1656	0.1758	0.1899	0.1380	0.1317	0.1327	0.1394	0.1538	0.1741	0.1082	0.0994	0.0952	0.0974	0.1067	0.1213	0.1443
1346	0.1871	0.1906	0.1899	0.1934	0.1827	0.1816	0.1809	0.1863	0.1943	0.1708	0.1639	0.1611	0.1657	0.1755	0.1896	0.1379	0.1317	0.1328	0.1393	0.1538	0.1739	0.1081	0.0992	0.0952	0.0973	0.1064	0.1211	0.1440
1347	0.1870	0.1905	0.1899	0.1933	0.1827	0.1816	0.1808	0.1863	0.1942	0.1706	0.1639	0.1610	0.1656	0.1754	0.1895	0.1378	0.1316	0.1327	0.1392	0.1537	0.1738	0.1080	0.0991	0.0951	0.0972	0.1064	0.1210	0.1438
1348	0.1869	0.1903	0.1900	0.1932	0.1826	0.1815	0.1808	0.1862	0.1941	0.1705	0.1640	0.1609	0.1654	0.1754	0.1895	0.1377	0.1315	0.1326	0.1392	0.1535	0.1738	0.1080	0.0991	0.0950	0.0971	0.1064	0.1207	0.1439
1349	0.1869	0.1902	0.1899	0.1932	0.1825	0.1814	0.1807	0.1861	0.1940	0.1704	0.1639	0.1608	0.1653	0.1754	0.1894	0.1376	0.1313	0.1324	0.1393	0.1534	0.1736	0.1079	0.0991	0.0949	0.0971	0.1064	0.1205	0.1439
1350	0.1868	0.1902	0.1897	0.1932	0.1826	0.1813	0.1805	0.1859	0.1939	0.1704	0.1637	0.1607	0.1651	0.1754	0.1893	0.1376	0.1312	0.1322	0.1394	0.1533	0.1733	0.1077	0.0991	0.0951	0.0972	0.1063	0.1204	0.1437
1351	0.1868	0.1902	0.1895	0.1932	0.1826	0.1812	0.1804	0.1857	0.1937	0.1704	0.1635	0.1606	0.1649	0.1753	0.1891	0.1377	0.1311	0.1321	0.1393	0.1532	0.1729	0.1076	0.0990	0.0951	0.0972	0.1062	0.1203	0.1436
1352	0.1870	0.1902	0.1895	0.1932	0.1824	0.1811	0.1802	0.1856	0.1935	0.1703	0.1634	0.1606	0.1646	0.1751	0.1890	0.1376	0.1310	0.1319	0.1390	0.1530	0.1726	0.1076	0.0989	0.0950	0.0971	0.1060	0.1201	0.1433
1353	0.1871	0.1901	0.1894	0.1931	0.1823	0.1810	0.1801	0.1854	0.1933	0.1701	0.1632	0.1606	0.1644	0.1750	0.1888	0.1376	0.1309	0.1318	0.1387	0.1529	0.1723	0.1076	0.0987	0.0949	0.0971	0.1058	0.1200	0.1431
1354	0.1870	0.1900	0.1893	0.1932	0.1822	0.1808	0.1801	0.1852	0.1931	0.1701	0.1630	0.1604	0.1645	0.1749	0.1886	0.1375	0.1306	0.1318	0.1386	0.1528	0.1722	0.1074	0.0986	0.0948	0.0970	0.1057	0.1199	0.1430
1355	0.1870	0.1899	0.1892	0.1932	0.1821	0.1807	0.1801	0.1850	0.1930	0.1700	0.1628	0.1603	0.1645	0.1748	0.1885	0.1374	0.1304	0.1318	0.1384	0.1526	0.1720	0.1071	0.0985	0.0946	0.0969	0.1056	0.1199	0.1428
1356	0.1869	0.1899	0.1892	0.1930	0.1821	0.1805	0.1800	0.1850	0.1929	0.1698	0.1628	0.1602	0.1645	0.1746	0.1884	0.1373	0.1304	0.1316	0.1384	0.1524	0.1719	0.1069	0.0984	0.0945	0.0968	0.1055	0.1198	0.1426
1357	0.1869	0.1899	0.1892	0.1929	0.1821	0.1804	0.1800	0.1850	0.1929	0.1697	0.1628	0.1601	0.1645	0.1744	0.1883	0.1372	0.1303	0.1315	0.1383	0.1523	0.1717	0.1067	0.0983	0.0943	0.0968	0.1054	0.1196	0.1424
1358	0.1868	0.1899	0.1891	0.1928	0.1819	0.1803	0.1800	0.1848	0.1927	0.1695	0.1628	0.1600	0.1645	0.1743	0.1881	0.1370	0.1302	0.1313	0.1383	0.1521	0.1715	0.1067	0.0982	0.0943	0.0966	0.1053	0.1195	0.1423
1359	0.1868	0.1899	0.1891	0.1928	0.1817	0.1803	0.1800	0.1846	0.1925	0.1693	0.1626	0.1599	0.1644	0.1742	0.1879	0.1368	0.1301	0.1312	0.1383	0.1520	0.1713	0.1067	0.0980	0.0943	0.0965	0.1052	0.1194	0.1422
1360	0.1867	0.1897	0.1889	0.1927	0.1816	0.1802	0.1799	0.1845	0.1924	0.1691	0.1624	0.1598	0.1641	0.1740	0.1877	0.1367	0.1301	0.1313	0.1381	0.1518	0.1712	0.1067	0.0980	0.0943	0.0964	0.1050	0.1193	0.1423
1361	0.1867	0.1896	0.1887	0.1927	0.1815	0.1802	0.1799	0.1844	0.1923	0.1688	0.1622	0.1597	0.1639	0.1739	0.1875	0.1367	0.1300	0.1315	0.1379	0.1517	0.1711	0.1067	0.0980	0.0942	0.0963	0.1048	0.1191	0.1424
1362	0.1867	0.1894	0.1887	0.1927	0.1814	0.1801	0.1799	0.1844	0.1923	0.1688	0.1621	0.1596	0.1640	0.1738	0.1872	0.1367	0.1300	0.1314	0.1378	0.1515	0.1710	0.1066	0.0979	0.0942	0.0963	0.1047	0.1189	0.1421
1363	0.1867	0.1893	0.1886	0.1926	0.1813	0.1801	0.1799	0.1844	0.1922	0.1687	0.1619	0.1595	0.1640	0.1737	0.1869	0.1368	0.1299	0.1314	0.1378	0.1514	0.1710	0.1065	0.0979	0.0942	0.0962	0.1046	0.1188	0.1418
1364	0.1865	0.1892	0.1886	0.1925	0.1813	0.1800	0.1797	0.1841	0.1920	0.1687	0.1618	0.1594	0.1641	0.1736	0.1869	0.1365	0.1300	0.1313	0.1376	0.1514	0.1710	0.1064	0.0978	0.0943	0.0962	0.1046	0.1188	0.1417
1365	0.1863	0.1891	0.1885	0.1923	0.1813	0.1798	0.1796	0.1837	0.1917	0.1687	0.1618	0.1592	0.1642	0.1735	0.1869	0.1363	0.1300	0.1310	0.1375	0.1515	0.1711	0.1063	0.0978	0.0943	0.0962	0.1047	0.1187	0.1416
1366	0.1862	0.1890	0.1885	0.1921	0.1811	0.1798	0.1794	0.1837	0.1916	0.1685	0.1617	0.1590	0.1639	0.1733	0.1869	0.1361	0.1299	0.1309	0.1374	0.1513	0.1709	0.1062	0.0978	0.0941	0.0961	0.1047	0.1187	0.1415
1367	0.1861	0.1890	0.1885	0.1920	0.1809	0.1797	0.1792	0.1836	0.1915	0.1682	0.1617	0.1589	0.1636	0.1731	0.1869	0.1360	0.1298	0.1309	0.1373	0.1511	0.1707	0.1062	0.0979	0.0940	0.0960	0.1048	0.1186	0.1415
1368	0.1858	0.1889	0.1883	0.1918	0.1807	0.1795	0.1791	0.1836	0.1913	0.1681	0.1616	0.1588	0.1635	0.1730	0.1868	0.1360	0.1297	0.1309	0.1373	0.1510	0.1705	0.1061	0.0977	0.0939	0.0959	0.1047	0.1187	0.1413
1369	0.1856	0.1887	0.1882	0.1916	0.1806	0.1793	0.1789	0.1836	0.1912	0.1680	0.1616	0.1588	0.1634	0.1729	0.1866	0.1359	0.1297	0.1309	0.1373	0.1510	0.1705	0.1061	0.0976	0.0938	0.0959	0.1045	0.1188	0.1412
1370	0.1854	0.1885	0.1879	0.1914	0.1804	0.1792	0.1788	0.1834	0.1911	0.1679	0.1616	0.1586	0.1631	0.1728	0.1865	0.1359	0.1296	0.1308	0.1371	0.1508	0.1705	0.1061	0.0975	0.0938	0.0959	0.1044	0.1187	0.1411
1371	0.1852	0.1883	0.1876	0.1911	0.1801	0.1792	0.1786	0.1832	0.1909	0.1679	0.1616	0.1585	0.1629	0.1727	0.1864	0.1358	0.1294	0.1307	0.1370	0.1507	0.1705	0.1060	0.0974	0.0938	0.0958	0.1043	0.1185	0.1409
1372	0.1849	0.1881	0.1874	0.1908	0.1799	0.1791	0.1784	0.1830	0.1907	0.1677	0.1615	0.1584	0.1626	0.1725	0.1862	0.1358	0.1293	0.1306	0.1368	0.1505	0.1703	0.1059	0.0973	0.0938	0.0956	0.1042	0.1183	0.1408
1373	0.1847	0.1878	0.1871	0.1905	0.1796	0.1789	0.1782	0.1829	0.1905	0.1675	0.1612	0.1584	0.1624	0.1723	0.1860	0.1357	0.1292	0.1304	0.1367	0.1504	0.1700	0.1057	0.0972	0.0938	0.0953	0.1040	0.1182	0.1406
1374	0.1844	0.1875	0.1868	0.1902	0.1794	0.1786	0.1781	0.1826	0.1902	0.1674	0.1609	0.1582	0.1622	0.1720	0.1858	0.1356	0.1290	0.1301	0.1366	0.1501	0.1696	0.1055	0.0970	0.0936	0.0952	0.1039	0.1180	0.1405
1375	0.1842	0.1874	0.1864	0.1899	0.1792	0.1784	0.1778	0.1823	0.1898	0.1672	0.1607	0.1579	0.1620	0.1717	0.1856	0.1354	0.1288	0.1298	0.1365	0.1499	0.1692	0.1052	0.0968	0.0934	0.0952	0.1037	0.1177	0.1403
1376	0.1839	0.1871	0.1861	0.1896	0.1790	0.1781	0.1775	0.1820	0.1893	0.1669	0.1604	0.1575	0.1618	0.1713	0.1852	0.1352	0.1286	0.1295	0.1361	0.1496	0.1687	0.1051	0.0967	0.0931	0.0951	0.1036	0.1175	0.1401
1377	0.1836	0.1868	0.1857	0.1892	0.1786	0.1778	0.1771	0.1817	0.1889	0.1664	0.1599	0.1571	0.1614	0.1709	0.1846	0.1350	0.1283	0.1293	0.1357	0.1494	0.1683	0.1050	0.0965	0.0928	0.0949	0.1034	0.1172	0.1398
1378	0.1833	0.1863	0.1852	0.1887	0.1782	0.1773	0.1767	0.1813	0.1885	0.1660	0.1595	0.1567	0.1610	0.1704	0.1841	0.1347	0.1279	0.1290	0.1353	0.1490	0.1679	0.1048	0.0962	0.0926	0.0946	0.1032	0.1168	0.1395
1379	0.1830	0.1858	0.1847	0.1883	0.1778	0.1768	0.1763	0.1808	0.1882	0.1655	0.1591	0.1562	0.1605	0.1700	0.1836	0.1342	0.1275	0.1287	0.1349	0.1484	0.1673	0.1045	0.0960	0.0924	0.0942	0.1029	0.1165	0.1392
1380	0.1826	0.1852	0.1843	0.1879	0.1773	0.1763	0.1758	0.1803	0.1878	0.1650	0.1587	0.1557	0.1601	0.1696	0.1832	0.1338	0.1272	0.1283	0.1345	0.1479	0.1669	0.1042	0.0958	0.0922	0.0940	0.1027	0.1163	0.1389
1381	0.1822	0.1848	0.1838	0.1874	0.1767	0.1758	0.1751	0.1799	0.1872	0.1646	0.1582	0.1553	0.1596	0.1691	0.1828	0.1335	0.1268	0.1279	0.1341	0.1476	0.1665	0.1040	0.0956	0.0920	0.0938	0.1025	0.1161	0.1384
1382	0.1817	0.1842	0.1833	0.1868	0.1762	0.1753	0.1746	0.1794	0.1864	0.1641	0.1578	0.1550	0.1592	0.1687	0.1823	0.1331	0.1264	0.1274	0.1338	0.1472	0.1660	0.1037	0.0953	0.0918	0.0936	0.1023	0.1157	0.1380
1383	0.1812	0.1837	0.1827	0.1863	0.1757	0.1747	0.1740	0.1788	0.1856	0.1637	0.1574	0.1546	0.1587	0.1683	0.1817	0.1326	0.1261	0.1269	0.1336	0.1467	0.1654	0.1035	0.0949	0.0916	0.0935	0.1021	0.1152	0.1376
1384	0.1807	0.1831	0.1821	0.1857	0.1752	0.1741	0.1735	0.1782	0.1848	0.1633	0.1570	0.1541	0.1582	0.1678	0.1810	0.1321	0.1257	0.1264	0.1332	0.1462	0.1649	0.1032	0.0945	0.0914	0.0931	0.1018	0.1148	0.1373
1385	0.1799	0.1825	0.1815	0.1850	0.1746	0.1734	0.1729	0.1775	0.1841	0.1627	0.1564	0.1536	0.1577	0.1673	0.1804	0.1315	0.1252	0.1261	0.1327	0.1458	0.1645	0.1029	0.0941	0.0911	0.0926	0.1015	0.1146	0.1369
1386	0.1792	0.1819	0.1809	0.1843	0.1739	0.1727	0.1723	0.1769	0.1835	0.1621	0.1559	0.1531	0.1570	0.1667	0.1798	0.1309	0.1248	0.1258	0.1321	0.1453	0.1641	0.1025	0.0938	0.0909	0.0922	0.1012	0.1143	0.1364
1387	0.1786	0.1811	0.1802	0.1836	0.1734	0.1722	0.1717	0.1762	0.1829	0.1615	0.1553	0.1525	0.1565	0.1661	0.1791	0.1306	0.1245	0.1255	0.1317	0.1449	0.1637	0.1021	0.0935	0.0904	0.0920	0.1007	0.1140	0.1360
1388	0.1781	0.1804	0.1795	0.1829	0.1728	0.1717	0.1711	0.1756	0.1823	0.1610	0.1547	0.1519	0.1560	0.1655	0.1783	0.1303	0.1241	0.1251	0.1312	0.1444	0.1633	0.1018	0.0932	0.0900	0.0917	0.1003	0.1136	0.1356
1389	0.1773	0.1798	0.1787	0.1822	0.1720	0.1710	0.1704	0.1749	0.1815	0.1603	0.1542	0.1513	0.1554	0.1647	0.1777	0.1298	0.1236	0.1245	0.1307	0.1438	0.1627	0.1013	0.0929	0.0897	0.0915	0.0998	0.1131	0.1352
1390	0.1765	0.1792	0.1779	0.1816	0.1712	0.1704	0.1697	0.1742	0.1807	0.1596	0.1537	0.1507	0.1548	0.1639	0.1770	0.1293	0.1231	0.1239	0.1302	0.1432	0.1622	0.1009	0.0927	0.0893	0.0912	0.0994	0.1126	0.1347
1391	0.1757	0.1783	0.1771	0.1807	0.1705	0.1696	0.1689	0.1735	0.1799	0.1590	0.1531	0.1502	0.1540	0.1632	0.1764	0.1288	0.1225	0.1234	0.1297	0.1427	0.1615	0.1005	0.0924	0.0889	0.0908	0.0990	0.1122	0.1343
1392	0.1748	0.1774	0.1763	0.1799	0.1698	0.1688	0.1681	0.1727	0.1791	0.1584	0.1524	0.1496	0.1533	0.1625	0.1757	0.1282	0.1220	0.1230	0.1291	0.1422	0.1608	0.1002	0.0921	0.0885	0.0904	0.0986	0.1118	0.1339
1393	0.1739	0.1766	0.1755	0.1790	0.1690	0.1679	0.1674	0.1718	0.1784	0.1578	0.1518	0.1489	0.1528	0.1617	0.1749	0.1276	0.1216	0.1224	0.1285	0.1415	0.1602	0.0997	0.0915	0.0881	0.0899	0.0980	0.1114	0.1334
1394	0.1731	0.1758	0.1748	0.1781	0.1681	0.1671	0.1666	0.1709	0.1777	0.1571	0.1511	0.1482	0.1522	0.1609	0.1741	0.1270	0.1211	0.1219	0.1279	0.1409	0.1596	0.0993	0.0909	0.0877	0.0895	0.0975	0.1110	0.1330
1395	0.1723	0.1749	0.1739	0.1772	0.1673	0.1664	0.1657	0.1700	0.1769	0.1564	0.1503	0.1474	0.1513	0.1602	0.1733	0.1262	0.1204	0.1212	0.1273	0.1403	0.1588	0.0988	0.0906	0.0873	0.0890	0.0971	0.1105	0.1325
1396	0.1714	0.1741	0.1731	0.1763	0.1665	0.1657	0.1648	0.1691	0.1760	0.1556	0.1494	0.1466	0.1504	0.1595	0.1725	0.1255	0.1197	0.1206	0.1267	0.1397	0.1580	0.0983	0.0902	0.0869	0.0886	0.0968	0.1099	0.1320
1397	0.1705	0.1732	0.1721	0.1753	0.1657	0.1650	0.1640	0.1681	0.1750	0.1548	0.1486	0.1458	0.1496	0.1587	0.1717	0.1250	0.1190	0.1200	0.1261	0.1391	0.1573	0.0978	0.0898	0.0864	0.0881	0.0963	0.1094	0.1313
1398	0.1697	0.1724	0.1712	0.1742	0.1650	0.1642	0.1632	0.1670	0.1740	0.1540	0.1479	0.1450	0.1488	0.1578	0.1708	0.1245	0.1184	0.1195	0.1255	0.1386	0.1566	0.0974	0.0893	0.0858	0.0876	0.0957	0.1089	0.1307
1399	0.1688	0.1715	0.1704	0.1733	0.1641	0.1632	0.1623	0.1662	0.1731	0.1532	0.1470	0.1441	0.1480	0.1570	0.1698	0.1238	0.1178	0.1189	0.1248	0.1378	0.1558	0.0970	0.0890	0.0855	0.0872	0.0953	0.1084	0.1301
1400	0.1679	0.1705	0.1696	0.1724	0.1632	0.1622	0.1614	0.1654	0.1723	0.1525	0.1462	0.1433	0.1471	0.1562	0.1688	0.1231	0.1172	0.1183	0.1241	0.1371	0.1550	0.0966	0.0887	0.0852	0.0869	0.0949	0.1078	0.1296
1401	0.1669	0.1696	0.1688	0.1714	0.1622	0.1613	0.1605	0.1645	0.1713	0.1517	0.1455	0.1425	0.1463	0.1554	0.1680	0.1224	0.1167	0.1176	0.1235	0.1364	0.1543	0.0962	0.0882	0.0846	0.0865	0.0945	0.1073	0.1290
1402	0.1660	0.1688	0.1679	0.1704	0.1612	0.1604	0.1596	0.1636	0.1704	0.1509	0.1448	0.1417	0.1456	0.1546	0.1672	0.1216	0.1161	0.1169	0.1229	0.1356	0.1536	0.0957	0.0876	0.0841	0.0860	0.0939	0.1068	0.1284
1403	0.1652	0.1678	0.1670	0.1695	0.1602	0.1595	0.1588	0.1626	0.1695	0.1500	0.1441	0.1410	0.1448	0.1539	0.1663	0.1210	0.1155	0.1163	0.1222	0.1350	0.1529	0.0952	0.0871	0.0838	0.0855	0.0934	0.1063	0.1280
1404	0.1645	0.1668	0.1661	0.1686	0.1593	0.1587	0.1580	0.1616	0.1688	0.1492	0.1433	0.1403	0.1440	0.1532	0.1655	0.1205	0.1148	0.1158	0.1216	0.1343	0.1523	0.0948	0.0866	0.0835	0.0850	0.0929	0.1059	0.1275
1405	0.1637	0.1660	0.1652	0.1677	0.1585	0.1578	0.1572	0.1608	0.1679	0.1486	0.1425	0.1396	0.1432	0.1524	0.1646	0.1200	0.1142	0.1152	0.1211	0.1337	0.1515	0.0943	0.0862	0.0831	0.0845	0.0925	0.1053	0.1270
1406	0.1628	0.1653	0.1643	0.1667	0.1577	0.1569	0.1565	0.1601	0.1669	0.1479	0.1417	0.1389	0.1425	0.1516	0.1637	0.1193	0.1137	0.1146	0.1206	0.1331	0.1508	0.0938	0.0858	0.0827	0.0841	0.0922	0.1048	0.1265
1407	0.1621	0.1645	0.1635	0.1659	0.1570	0.1562	0.1558	0.1594	0.1663	0.1473	0.1410	0.1383	0.1419	0.1509	0.1630	0.1187	0.1131	0.1139	0.1200	0.1326	0.1501	0.0934	0.0854	0.0824	0.0836	0.0918	0.1045	0.1261
1408	0.1613	0.1637	0.1628	0.1650	0.1563	0.1555	0.1552	0.1587	0.1657	0.1467	0.1404	0.1377	0.1414	0.1502	0.1623	0.1181	0.1126	0.1134	0.1193	0.1321	0.1495	0.0930	0.0850	0.0820	0.0832	0.0913	0.1043	0.1257
1409	0.1605	0.1629	0.1619	0.1643	0.1556	0.1548	0.1545	0.1580	0.1650	0.1460	0.1398	0.1371	0.1408	0.1496	0.1617	0.1175	0.1120	0.1128	0.1188	0.1316	0.1490	0.0927	0.0846	0.0817	0.0828	0.0909	0.1040	0.1253
1410	0.1598	0.1621	0.1611	0.1637	0.1549	0.1541	0.1537	0.1574	0.1642	0.1454	0.1392	0.1364	0.1402	0.1489	0.1612	0.1171	0.1115	0.1123	0.1183	0.1311	0.1485	0.0924	0.0840	0.0813	0.0826	0.0905	0.1037	0.1248
1411	0.1591	0.1615	0.1604	0.1631	0.1542	0.1535	0.1531	0.1568	0.1636	0.1448	0.1386	0.1358	0.1397	0.1483	0.1606	0.1167	0.1110	0.1120	0.1179	0.1306	0.1480	0.0922	0.0836	0.0809	0.0823	0.0902	0.1034	0.1245
1412	0.1585	0.1608	0.1600	0.1625	0.1537	0.1529	0.1526	0.1562	0.1630	0.1444	0.1382	0.1354	0.1392	0.1478	0.1600	0.1163	0.1106	0.1117	0.1175	0.1302	0.1475	0.0918	0.0834	0.0807	0.0820	0.0900	0.1031	0.1242
1413	0.1579	0.1603	0.1594	0.1620	0.1532	0.1523	0.1521	0.1558	0.1624	0.1440	0.1378	0.1351	0.1388	0.1474	0.1595	0.1160	0.1103	0.1113	0.1172	0.1298	0.1471	0.0915	0.0832	0.0805	0.0818	0.0897	0.1028	0.1239
1414	0.1574	0.1599	0.1589	0.1616	0.1527	0.1519	0.1517	0.1554	0.1620	0.1436	0.1374	0.1348	0.1384	0.1470	0.1590	0.1157	0.1100	0.1110	0.1168	0.1295	0.1468	0.0912	0.0830	0.0804	0.0818	0.0895	0.1025	0.1236
1415	0.1569	0.1596	0.1585	0.1611	0.1524	0.1515	0.1514	0.1551	0.1616	0.1433	0.1370	0.1345	0.1380	0.1467	0.1586	0.1154	0.1098	0.1108	0.1166	0.1292	0.1465	0.0910	0.0829	0.0802	0.0816	0.0893	0.1023	0.1233
1416	0.1567	0.1592	0.1582	0.1607	0.1522	0.1512	0.1510	0.1548	0.1615	0.1430	0.1367	0.1341	0.1376	0.1465	0.1584	0.1152	0.1096	0.1106	0.1163	0.1289	0.1463	0.0909	0.0828	0.0800	0.0814	0.0891	0.1021	0.1232
1417	0.1564	0.1589	0.1579	0.1603	0.1520	0.1510	0.1507	0.1546	0.1613	0.1428	0.1366	0.1338	0.1374	0.1463	0.1581	0.1150	0.1095	0.1104	0.1162	0.1286	0.1461	0.0908	0.0827	0.0798	0.0813	0.0890	0.1019	0.1230
1418	0.1562	0.1586	0.1577	0.1601	0.1518	0.1508	0.1504	0.1544	0.1611	0.1427	0.1364	0.1336	0.1373	0.1461	0.1579	0.1148	0.1093	0.1103	0.1161	0.1285	0.1460	0.0906	0.0826	0.0796	0.0812	0.0890	0.1017	0.1229
1419	0.1561	0.1582	0.1575	0.1599	0.1516	0.1507	0.1501	0.1543	0.1609	0.1426	0.1363	0.1333	0.1372	0.1459	0.1578	0.1147	0.1092	0.1101	0.1160	0.1283	0.1460	0.0905	0.0825	0.0795	0.0811	0.0889	0.1015	0.1228
1420	0.1559	0.1580	0.1573	0.1597	0.1516	0.1505	0.1499	0.1542	0.1607	0.1425	0.1362	0.1331	0.1371	0.1457	0.1576	0.1146	0.1089	0.1100	0.1158	0.1282	0.1459	0.0904	0.0825	0.0795	0.0811	0.0888	0.1014	0.1228
1421	0.1557	0.1578	0.1572	0.1596	0.1515	0.1503	0.1497	0.1541	0.1605	0.1423	0.1361	0.1330	0.1370	0.1456	0.1575	0.1146	0.1087	0.1100	0.1156	0.1281	0.1458	0.0903	0.0824	0.0795	0.0811	0.0887	0.1013	0.1227
1422	0.1556	0.1577	0.1571	0.1595	0.1514	0.1502	0.1496	0.1540	0.1604	0.1421	0.1359	0.1330	0.1369	0.1455	0.1574	0.1145	0.1087	0.1099	0.1154	0.1281	0.1455	0.0903	0.0824	0.0794	0.0811	0.0888	0.1013	0.1225
1423	0.1556	0.1576	0.1571	0.1594	0.1513	0.1502	0.1495	0.1539	0.1603	0.1420	0.1357	0.1330	0.1368	0.1455	0.1573	0.1145	0.1087	0.1099	0.1153	0.1280	0.1454	0.0903	0.0823	0.0793	0.0811	0.0887	0.1013	0.1224
1424	0.1554	0.1577	0.1570	0.1593	0.1511	0.1502	0.1494	0.1539	0.1601	0.1418	0.1356	0.1330	0.1368	0.1455	0.1572	0.1144	0.1088	0.1099	0.1152	0.1278	0.1455	0.0903	0.0824	0.0793	0.0810	0.0887	0.1013	0.1223
1425	0.1552	0.1577	0.1569	0.1591	0.1510	0.1503	0.1492	0.1539	0.1600	0.1417	0.1355	0.1329	0.1367	0.1454	0.1571	0.1144	0.1089	0.1099	0.1152	0.1277	0.1456	0.0903	0.0825	0.0793	0.0809	0.0887	0.1013	0.1222
1426	0.1551	0.1575	0.1569	0.1591	0.1510	0.1502	0.1493	0.1538	0.1599	0.1418	0.1357	0.1328	0.1365	0.1454	0.1572	0.1143	0.1088	0.1099	0.1151	0.1277	0.1455	0.0903	0.0825	0.0793	0.0808	0.0887	0.1013	0.1222
1427	0.1550	0.1573	0.1568	0.1591	0.1509	0.1501	0.1493	0.1538	0.1598	0.1418	0.1358	0.1328	0.1364	0.1453	0.1572	0.1142	0.1087	0.1099	0.1151	0.1277	0.1454	0.0903	0.0825	0.0793	0.0807	0.0887	0.1012	0.1223
1428	0.1550	0.1572	0.1568	0.1591	0.1508	0.1501	0.1494	0.1537	0.1597	0.1418	0.1358	0.1327	0.1364	0.1453	0.1571	0.1142	0.1088	0.1098	0.1151	0.1277	0.1453	0.0904	0.0825	0.0792	0.0807	0.0886	0.1011	0.1222
1429	0.1550	0.1571	0.1567	0.1591	0.1508	0.1501	0.1494	0.1536	0.1596	0.1418	0.1357	0.1327	0.1364	0.1453	0.1569	0.1142	0.1089	0.1098	0.1151	0.1278	0.1451	0.0904	0.0826	0.0792	0.0807	0.0886	0.1010	0.1222
1430	0.1550	0.1571	0.1566	0.1591	0.1508	0.1500	0.1493	0.1535	0.1595	0.1418	0.1356	0.1327	0.1363	0.1453	0.1568	0.1141	0.1089	0.1098	0.1151	0.1278	0.1452	0.0904	0.0825	0.0792	0.0807	0.0885	0.1009	0.1222
1431	0.1550	0.1570	0.1564	0.1591	0.1508	0.1499	0.1492	0.1535	0.1595	0.1417	0.1354	0.1327	0.1363	0.1452	0.1567	0.1141	0.1089	0.1098	0.1151	0.1277	0.1452	0.0904	0.0824	0.0792	0.0807	0.0885	0.1008	0.1223
1432	0.1550	0.1570	0.1565	0.1590	0.1507	0.1498	0.1492	0.1535	0.1595	0.1417	0.1354	0.1327	0.1363	0.1451	0.1568	0.1141	0.1088	0.1097	0.1151	0.1278	0.1452	0.0903	0.0823	0.0792	0.0807	0.0885	0.1007	0.1224
1433	0.1550	0.1569	0.1565	0.1589	0.1506	0.1498	0.1493	0.1534	0.1595	0.1416	0.1355	0.1327	0.1363	0.1450	0.1568	0.1142	0.1088	0.1096	0.1151	0.1279	0.1451	0.0903	0.0822	0.0793	0.0807	0.0884	0.1007	0.1224
1434	0.1550	0.1570	0.1565	0.1588	0.1507	0.1497	0.1493	0.1533	0.1595	0.1416	0.1355	0.1327	0.1364	0.1449	0.1567	0.1141	0.1088	0.1096	0.1151	0.1278	0.1450	0.0902	0.0822	0.0793	0.0807	0.0885	0.1007	0.1223
1435	0.1549	0.1571	0.1564	0.1587	0.1507	0.1496	0.1494	0.1533	0.1594	0.1415	0.1355	0.1327	0.1364	0.1448	0.1566	0.1140	0.1089	0.1097	0.1151	0.1277	0.1448	0.0902	0.0823	0.0793	0.0806	0.0886	0.1006	0.1223
1436	0.1550	0.1572	0.1565	0.1588	0.1507	0.1496	0.1495	0.1533	0.1595	0.1416	0.1355	0.1327	0.1365	0.1448	0.1566	0.1140	0.1089	0.1097	0.1151	0.1277	0.1448	0.0902	0.0823	0.0793	0.0807	0.0886	0.1007	0.1223
1437	0.1550	0.1573	0.1566	0.1589	0.1507	0.1496	0.1496	0.1533	0.1595	0.1418	0.1356	0.1328	0.1366	0.1448	0.1566	0.1140	0.1088	0.1096	0.1152	0.1278	0.1448	0.0903	0.0823	0.0792	0.0807	0.0886	0.1008	0.1223
1438	0.1550	0.1573	0.1566	0.1589	0.1508	0.1497	0.1496	0.1533	0.1595	0.1419	0.1356	0.1329	0.1366	0.1449	0.1566	0.1141	0.1088	0.1096	0.1151	0.1278	0.1449	0.0904	0.0822	0.0792	0.0807	0.0886	0.1007	0.1223
1439	0.1551	0.1573	0.1566	0.1588	0.1508	0.1497	0.1496	0.1534	0.1595	0.1419	0.1356	0.1329	0.1365	0.1450	0.1565	0.1142	0.1089	0.1096	0.1152	0.1278	0.1449	0.0904	0.0821	0.0793	0.0807	0.0886	0.1007	0.1223
1440	0.1551	0.1574	0.1567	0.1589	0.1507	0.1496	0.1496	0.1533	0.1594	0.1419	0.1356	0.1330	0.1365	0.1450	0.1564	0.1141	0.1089	0.1095	0.1152	0.1277	0.1449	0.0904	0.0821	0.0793	0.0807	0.0886	0.1008	0.1223
1441	0.1551	0.1575	0.1567	0.1589	0.1507	0.1496	0.1495	0.1532	0.1592	0.1419	0.1355	0.1330	0.1365	0.1451	0.1563	0.1139	0.1089	0.1095	0.1153	0.1277	0.1448	0.0904	0.0820	0.0793	0.0807	0.0887	0.1008	0.1223
1442	0.1551	0.1575	0.1568	0.1589	0.1508	0.1496	0.1496	0.1531	0.1593	0.1419	0.1356	0.1330	0.1365	0.1451	0.1564	0.1140	0.1090	0.1096	0.1154	0.1277	0.1448	0.0904	0.0820	0.0792	0.0807	0.0887	0.1009	0.1223
1443	0.1552	0.1576	0.1568	0.1589	0.1509	0.1497	0.1496	0.1532	0.1595	0.1419	0.1357	0.1330	0.1365	0.1452	0.1565	0.1141	0.1091	0.1097	0.1155	0.1276	0.1449	0.0904	0.0821	0.0793	0.0808	0.0888	0.1009	0.1223
1444	0.1551	0.1576	0.1568	0.1590	0.1509	0.1498	0.1497	0.1532	0.1596	0.1419	0.1356	0.1330	0.1365	0.1451	0.1566	0.1142	0.1090	0.1098	0.1155	0.1276	0.1450	0.0904	0.0821	0.0793	0.0808	0.0887	0.1009	0.1221
1445	0.1551	0.1578	0.1568	0.1590	0.1508	0.1499	0.1498	0.1532	0.1596	0.1420	0.1356	0.1331	0.1366	0.1450	0.1566	0.1143	0.1089	0.1098	0.1155	0.1276	0.1450	0.0904	0.0822	0.0793	0.0808	0.0887	0.1008	0.1219
1446	0.1551	0.1578	0.1569	0.1591	0.1509	0.1500	0.1498	0.1532	0.1597	0.1420	0.1357	0.1331	0.1366	0.1451	0.1566	0.1144	0.1090	0.1099	0.1155	0.1276	0.1450	0.0904	0.0822	0.0792	0.0809	0.0886	0.1009	0.1219
1447	0.1550	0.1578	0.1569	0.1591	0.1509	0.1501	0.1497	0.1532	0.1598	0.1420	0.1359	0.1331	0.1367	0.1453	0.1566	0.1144	0.1090	0.1099	0.1154	0.1276	0.1450	0.0904	0.0823	0.0792	0.0810	0.0886	0.1010	0.1219
1448	0.1550	0.1579	0.1570	0.1591	0.1509	0.1501	0.1498	0.1533	0.1598	0.1420	0.1359	0.1331	0.1366	0.1453	0.1567	0.1144	0.1091	0.1100	0.1154	0.1277	0.1449	0.0905	0.0823	0.0792	0.0810	0.0885	0.1010	0.1219
1449	0.1551	0.1580	0.1570	0.1591	0.1510	0.1501	0.1499	0.1535	0.1598	0.1421	0.1359	0.1332	0.1365	0.1454	0.1567	0.1143	0.1091	0.1100	0.1154	0.1279	0.1449	0.0905	0.0823	0.0793	0.0810	0.0885	0.1011	0.1219
1450	0.1551	0.1580	0.1570	0.1592	0.1510	0.1502	0.1499	0.1535	0.1598	0.1422	0.1359	0.1332	0.1366	0.1453	0.1568	0.1144	0.1092	0.1099	0.1154	0.1280	0.1449	0.0905	0.0824	0.0793	0.0810	0.0885	0.1010	0.1219
1451	0.1552	0.1580	0.1571	0.1593	0.1511	0.1503	0.1500	0.1536	0.1599	0.1423	0.1360	0.1333	0.1367	0.1453	0.1568	0.1144	0.1092	0.1099	0.1155	0.1280	0.1449	0.0905	0.0824	0.0794	0.0812	0.0885	0.1011	0.1219
1452	0.1552	0.1581	0.1571	0.1593	0.1511	0.1504	0.1500	0.1536	0.1600	0.1424	0.1360	0.1333	0.1368	0.1453	0.1568	0.1145	0.1092	0.1099	0.1156	0.1280	0.1450	0.0905	0.0825	0.0794	0.0811	0.0886	0.1011	0.1219
1453	0.1553	0.1581	0.1572	0.1593	0.1512	0.1504	0.1500	0.1537	0.1601	0.1424	0.1360	0.1334	0.1370	0.1453	0.1568	0.1144	0.1092	0.1100	0.1156	0.1280	0.1450	0.0906	0.0826	0.0794	0.0811	0.0886	0.1011	0.1219
1454	0.1554	0.1581	0.1572	0.1592	0.1513	0.1504	0.1501	0.1538	0.1601	0.1424	0.1361	0.1335	0.1370	0.1453	0.1568	0.1144	0.1092	0.1101	0.1157	0.1280	0.1450	0.0906	0.0827	0.0795	0.0811	0.0886	0.1012	0.1219
1455	0.1555	0.1582	0.1571	0.1592	0.1514	0.1504	0.1500	0.1539	0.1601	0.1424	0.1362	0.1337	0.1371	0.1454	0.1569	0.1144	0.1093	0.1102	0.1158	0.1280	0.1451	0.0906	0.0827	0.0794	0.0811	0.0887	0.1013	0.1219
1456	0.1556	0.1582	0.1571	0.1593	0.1515	0.1505	0.1500	0.1539	0.1601	0.1424	0.1362	0.1337	0.1372	0.1454	0.1569	0.1145	0.1094	0.1103	0.1158	0.1280	0.1451	0.0907	0.0827	0.0794	0.0811	0.0887	0.1013	0.1220
1457	0.1557	0.1581	0.1573	0.1593	0.1516	0.1508	0.1501	0.1539	0.1601	0.1426	0.1363	0.1337	0.1372	0.1454	0.1570	0.1147	0.1095	0.1102	0.1158	0.1282	0.1452	0.0907	0.0827	0.0795	0.0811	0.0887	0.1013	0.1220
1458	0.1557	0.1581	0.1574	0.1594	0.1517	0.1509	0.1502	0.1539	0.1602	0.1427	0.1363	0.1337	0.1372	0.1454	0.1571	0.1148	0.1095	0.1102	0.1158	0.1282	0.1452	0.0908	0.0826	0.0796	0.0811	0.0888	0.1012	0.1220
1459	0.1558	0.1583	0.1575	0.1596	0.1519	0.1509	0.1504	0.1540	0.1603	0.1429	0.1364	0.1338	0.1373	0.1455	0.1571	0.1148	0.1096	0.1102	0.1158	0.1281	0.1452	0.0908	0.0826	0.0797	0.0811	0.0888	0.1012	0.1220
1460	0.1559	0.1584	0.1576	0.1597	0.1520	0.1509	0.1505	0.1541	0.1604	0.1430	0.1364	0.1339	0.1373	0.1457	0.1572	0.1149	0.1096	0.1103	0.1159	0.1281	0.1452	0.0909	0.0826	0.0798	0.0812	0.0888	0.1013	0.1221
1461	0.1559	0.1585	0.1577	0.1599	0.1521	0.1510	0.1505	0.1543	0.1606	0.1431	0.1365	0.1339	0.1374	0.1459	0.1572	0.1151	0.1096	0.1102	0.1160	0.1282	0.1453	0.0909	0.0827	0.0798	0.0813	0.0889	0.1013	0.1222
1462	0.1561	0.1585	0.1579	0.1600	0.1521	0.1511	0.1505	0.1544	0.1607	0.1432	0.1367	0.1340	0.1375	0.1461	0.1572	0.1152	0.1096	0.1103	0.1160	0.1283	0.1453	0.0910	0.0828	0.0799	0.0813	0.0890	0.1013	0.1223
1463	0.1563	0.1587	0.1581	0.1602	0.1523	0.1514	0.1506	0.1545	0.1608	0.1432	0.1369	0.1342	0.1376	0.1462	0.1573	0.1153	0.1097	0.1104	0.1161	0.1284	0.1454	0.0911	0.0829	0.0800	0.0814	0.0890	0.1014	0.1224
1464	0.1565	0.1589	0.1582	0.1603	0.1524	0.1516	0.1508	0.1547	0.1609	0.1433	0.1372	0.1343	0.1376	0.1464	0.1575	0.1153	0.1098	0.1106	0.1162	0.1284	0.1454	0.0913	0.0830	0.0801	0.0814	0.0890	0.1014	0.1224
1465	0.1567	0.1592	0.1582	0.1603	0.1525	0.1518	0.1510	0.1548	0.1611	0.1434	0.1372	0.1345	0.1378	0.1465	0.1576	0.1154	0.1099	0.1107	0.1163	0.1285	0.1456	0.0914	0.0830	0.0800	0.0815	0.0891	0.1015	0.1224
1466	0.1569	0.1594	0.1583	0.1604	0.1526	0.1519	0.1512	0.1549	0.1614	0.1435	0.1373	0.1346	0.1379	0.1466	0.1578	0.1155	0.1101	0.1109	0.1164	0.1286	0.1457	0.0915	0.0830	0.0800	0.0815	0.0892	0.1015	0.1224
1467	0.1572	0.1595	0.1585	0.1607	0.1528	0.1519	0.1513	0.1551	0.1615	0.1437	0.1374	0.1347	0.1381	0.1466	0.1579	0.1157	0.1102	0.1110	0.1165	0.1287	0.1458	0.0916	0.0832	0.0801	0.0817	0.0893	0.1016	0.1224
1468	0.1575	0.1597	0.1587	0.1610	0.1530	0.1519	0.1515	0.1552	0.1617	0.1439	0.1375	0.1348	0.1384	0.1467	0.1580	0.1159	0.1104	0.1112	0.1167	0.1289	0.1460	0.0918	0.0833	0.0802	0.0818	0.0893	0.1016	0.1224
1469	0.1577	0.1600	0.1591	0.1614	0.1533	0.1521	0.1517	0.1554	0.1619	0.1441	0.1378	0.1351	0.1386	0.1469	0.1582	0.1160	0.1106	0.1114	0.1169	0.1290	0.1460	0.0918	0.0834	0.0803	0.0819	0.0893	0.1017	0.1224
1470	0.1580	0.1602	0.1594	0.1617	0.1536	0.1523	0.1519	0.1556	0.1622	0.1442	0.1380	0.1353	0.1388	0.1471	0.1583	0.1161	0.1107	0.1115	0.1170	0.1292	0.1461	0.0919	0.0835	0.0804	0.0820	0.0893	0.1018	0.1225
1471	0.1582	0.1603	0.1596	0.1620	0.1538	0.1526	0.1523	0.1559	0.1623	0.1444	0.1381	0.1356	0.1390	0.1473	0.1585	0.1163	0.1110	0.1116	0.1172	0.1294	0.1463	0.0920	0.0837	0.0805	0.0822	0.0894	0.1018	0.1226
1472	0.1584	0.1605	0.1597	0.1623	0.1540	0.1528	0.1526	0.1562	0.1624	0.1446	0.1382	0.1359	0.1392	0.1475	0.1587	0.1166	0.1112	0.1117	0.1174	0.1295	0.1465	0.0922	0.0839	0.0807	0.0824	0.0896	0.1019	0.1228
1473	0.1586	0.1608	0.1600	0.1625	0.1543	0.1531	0.1529	0.1564	0.1626	0.1450	0.1385	0.1362	0.1394	0.1478	0.1590	0.1168	0.1114	0.1119	0.1176	0.1297	0.1468	0.0924	0.0840	0.0808	0.0825	0.0898	0.1021	0.1229
1474	0.1588	0.1610	0.1603	0.1628	0.1545	0.1534	0.1532	0.1566	0.1627	0.1454	0.1388	0.1364	0.1397	0.1481	0.1592	0.1170	0.1115	0.1121	0.1178	0.1299	0.1470	0.0926	0.0841	0.0810	0.0826	0.0900	0.1022	0.1230
1475	0.1590	0.1614	0.1607	0.1630	0.1549	0.1537	0.1534	0.1569	0.1630	0.1456	0.1391	0.1366	0.1400	0.1484	0.1595	0.1171	0.1118	0.1123	0.1179	0.1301	0.1471	0.0927	0.0843	0.0811	0.0826	0.0901	0.1024	0.1231
1476	0.1592	0.1618	0.1611	0.1632	0.1552	0.1539	0.1536	0.1572	0.1634	0.1458	0.1393	0.1369	0.1404	0.1486	0.1598	0.1173	0.1120	0.1125	0.1180	0.1303	0.1473	0.0929	0.0844	0.0813	0.0827	0.0902	0.1027	0.1233
1477	0.1596	0.1620	0.1615	0.1635	0.1556	0.1543	0.1538	0.1576	0.1638	0.1460	0.1396	0.1371	0.1407	0.1488	0.1601	0.1175	0.1122	0.1127	0.1183	0.1305	0.1474	0.0931	0.0847	0.0814	0.0829	0.0903	0.1028	0.1235
1478	0.1600	0.1623	0.1620	0.1637	0.1560	0.1546	0.1540	0.1579	0.1642	0.1463	0.1399	0.1372	0.1410	0.1490	0.1603	0.1178	0.1123	0.1130	0.1185	0.1306	0.1476	0.0933	0.0849	0.0815	0.0831	0.0905	0.1030	0.1237
1479	0.1604	0.1626	0.1622	0.1640	0.1562	0.1550	0.1544	0.1582	0.1645	0.1466	0.1402	0.1375	0.1411	0.1493	0.1606	0.1181	0.1125	0.1132	0.1187	0.1309	0.1478	0.0934	0.0850	0.0817	0.0832	0.0906	0.1031	0.1238
1480	0.1607	0.1630	0.1624	0.1643	0.1565	0.1553	0.1548	0.1586	0.1648	0.1468	0.1405	0.1378	0.1413	0.1495	0.1610	0.1184	0.1128	0.1135	0.1189	0.1312	0.1480	0.0936	0.0851	0.0819	0.0833	0.0908	0.1032	0.1240
1481	0.1610	0.1633	0.1627	0.1647	0.1568	0.1556	0.1551	0.1588	0.1650	0.1472	0.1407	0.1381	0.1416	0.1498	0.1612	0.1185	0.1131	0.1137	0.1192	0.1314	0.1483	0.0937	0.0852	0.0820	0.0834	0.0910	0.1034	0.1242
1482	0.1613	0.1637	0.1630	0.1650	0.1570	0.1558	0.1555	0.1590	0.1653	0.1476	0.1410	0.1385	0.1418	0.1501	0.1615	0.1187	0.1134	0.1138	0.1194	0.1315	0.1485	0.0938	0.0853	0.0822	0.0836	0.0912	0.1035	0.1244
1483	0.1615	0.1639	0.1633	0.1653	0.1574	0.1562	0.1557	0.1592	0.1656	0.1478	0.1412	0.1387	0.1421	0.1504	0.1618	0.1189	0.1135	0.1141	0.1196	0.1317	0.1489	0.0940	0.0855	0.0823	0.0838	0.0914	0.1037	0.1246
1484	0.1618	0.1642	0.1635	0.1656	0.1578	0.1566	0.1560	0.1595	0.1659	0.1481	0.1414	0.1388	0.1424	0.1507	0.1621	0.1192	0.1136	0.1143	0.1198	0.1319	0.1492	0.0942	0.0857	0.0825	0.0840	0.0916	0.1038	0.1247
1485	0.1621	0.1646	0.1638	0.1658	0.1581	0.1569	0.1563	0.1598	0.1662	0.1483	0.1417	0.1391	0.1427	0.1510	0.1624	0.1194	0.1138	0.1146	0.1200	0.1321	0.1495	0.0943	0.0858	0.0827	0.0841	0.0917	0.1039	0.1248
1486	0.1624	0.1651	0.1641	0.1661	0.1583	0.1572	0.1567	0.1602	0.1664	0.1485	0.1420	0.1393	0.1430	0.1513	0.1627	0.1197	0.1141	0.1148	0.1202	0.1323	0.1498	0.0945	0.0860	0.0828	0.0842	0.0918	0.1041	0.1249
1487	0.1628	0.1654	0.1644	0.1665	0.1587	0.1575	0.1570	0.1604	0.1667	0.1488	0.1424	0.1397	0.1433	0.1516	0.1629	0.1200	0.1144	0.1151	0.1203	0.1326	0.1500	0.0946	0.0861	0.0829	0.0844	0.0920	0.1042	0.1250
1488	0.1633	0.1657	0.1647	0.1669	0.1590	0.1578	0.1573	0.1606	0.1671	0.1491	0.1427	0.1400	0.1436	0.1519	0.1631	0.1203	0.1147	0.1154	0.1206	0.1328	0.1503	0.0947	0.0863	0.0830	0.0845	0.0921	0.1044	0.1251
1489	0.1636	0.1660	0.1651	0.1673	0.1595	0.1581	0.1577	0.1611	0.1675	0.1494	0.1430	0.1402	0.1438	0.1521	0.1634	0.1205	0.1149	0.1155	0.1208	0.1330	0.1505	0.0949	0.0865	0.0831	0.0847	0.0922	0.1045	0.1252
1490	0.1640	0.1663	0.1655	0.1678	0.1599	0.1583	0.1581	0.1615	0.1679	0.1498	0.1433	0.1405	0.1441	0.1524	0.1638	0.1207	0.1151	0.1157	0.1211	0.1332	0.1507	0.0951	0.0867	0.0833	0.0849	0.0924	0.1047	0.1254
1491	0.1643	0.1666	0.1659	0.1681	0.1603	0.1588	0.1584	0.1619	0.1683	0.1502	0.1437	0.1408	0.1443	0.1526	0.1642	0.1209	0.1152	0.1160	0.1214	0.1334	0.1509	0.0953	0.0869	0.0834	0.0851	0.0925	0.1049	0.1256
1492	0.1645	0.1669	0.1663	0.1685	0.1607	0.1592	0.1587	0.1623	0.1687	0.1505	0.1439	0.1411	0.1446	0.1528	0.1646	0.1211	0.1153	0.1162	0.1216	0.1337	0.1510	0.0956	0.0871	0.0835	0.0853	0.0927	0.1051	0.1258
1493	0.1649	0.1672	0.1667	0.1688	0.1609	0.1595	0.1589	0.1626	0.1689	0.1507	0.1443	0.1414	0.1448	0.1530	0.1649	0.1213	0.1155	0.1163	0.1217	0.1339	0.1512	0.0958	0.0873	0.0837	0.0854	0.0928	0.1052	0.1259
1494	0.1652	0.1676	0.1670	0.1691	0.1612	0.1598	0.1592	0.1630	0.1692	0.1510	0.1446	0.1417	0.1452	0.1533	0.1651	0.1215	0.1156	0.1165	0.1219	0.1340	0.1514	0.0959	0.0874	0.0839	0.0856	0.0929	0.1053	0.1260
1495	0.1655	0.1680	0.1672	0.1694	0.1615	0.1601	0.1594	0.1632	0.1695	0.1513	0.1449	0.1420	0.1455	0.1536	0.1653	0.1218	0.1159	0.1166	0.1221	0.1342	0.1516	0.0960	0.0877	0.0841	0.0857	0.0931	0.1054	0.1261
1496	0.1658	0.1684	0.1674	0.1697	0.1618	0.1603	0.1597	0.1635	0.1699	0.1516	0.1452	0.1422	0.1458	0.1540	0.1655	0.1222	0.1161	0.1167	0.1224	0.1345	0.1519	0.0962	0.0879	0.0843	0.0859	0.0933	0.1056	0.1263
1497	0.1662	0.1688	0.1677	0.1701	0.1621	0.1606	0.1600	0.1638	0.1703	0.1519	0.1455	0.1425	0.1461	0.1542	0.1659	0.1225	0.1163	0.1169	0.1227	0.1347	0.1521	0.0964	0.0881	0.0845	0.0860	0.0934	0.1058	0.1265
1498	0.1666	0.1692	0.1681	0.1703	0.1624	0.1610	0.1602	0.1642	0.1706	0.1522	0.1458	0.1429	0.1464	0.1544	0.1662	0.1229	0.1166	0.1173	0.1230	0.1349	0.1523	0.0966	0.0882	0.0846	0.0861	0.0935	0.1060	0.1267
1499	0.1670	0.1695	0.1685	0.1706	0.1627	0.1613	0.1606	0.1645	0.1709	0.1525	0.1461	0.1432	0.1466	0.1547	0.1665	0.1231	0.1169	0.1175	0.1232	0.1352	0.1526	0.0968	0.0883	0.0847	0.0862	0.0936	0.1061	0.1268
1500	0.1672	0.1698	0.1689	0.1709	0.1631	0.1616	0.1609	0.1648	0.1711	0.1529	0.1464	0.1435	0.1468	0.1550	0.1668	0.1232	0.1172	0.1177	0.1234	0.1354	0.1529	0.0970	0.0884	0.0848	0.0863	0.0938	0.1063	0.1270
1501	0.1676	0.1701	0.1693	0.1712	0.1635	0.1620	0.1613	0.1650	0.1714	0.1532	0.1467	0.1437	0.1470	0.1553	0.1671	0.1234	0.1175	0.1179	0.1236	0.1357	0.1531	0.0971	0.0885	0.0850	0.0864	0.0940	0.1065	0.1271
1502	0.1679	0.1704	0.1696	0.1715	0.1638	0.1624	0.1616	0.1653	0.1716	0.1535	0.1469	0.1440	0.1472	0.1555	0.1674	0.1236	0.1177	0.1182	0.1238	0.1359	0.1533	0.0972	0.0887	0.0852	0.0866	0.0942	0.1066	0.1272
1503	0.1682	0.1707	0.1699	0.1718	0.1641	0.1627	0.1619	0.1656	0.1719	0.1537	0.1471	0.1442	0.1475	0.1558	0.1676	0.1238	0.1179	0.1185	0.1241	0.1362	0.1535	0.0973	0.0888	0.0853	0.0867	0.0942	0.1067	0.1274
1504	0.1686	0.1710	0.1702	0.1723	0.1643	0.1630	0.1622	0.1659	0.1722	0.1540	0.1474	0.1444	0.1478	0.1561	0.1679	0.1239	0.1181	0.1187	0.1243	0.1364	0.1537	0.0975	0.0890	0.0854	0.0868	0.0942	0.1068	0.1275
1505	0.1689	0.1714	0.1706	0.1726	0.1645	0.1633	0.1625	0.1662	0.1726	0.1543	0.1476	0.1447	0.1481	0.1564	0.1682	0.1241	0.1183	0.1189	0.1245	0.1366	0.1538	0.0977	0.0892	0.0855	0.0870	0.0944	0.1070	0.1276
1506	0.1692	0.1718	0.1708	0.1730	0.1648	0.1636	0.1628	0.1666	0.1729	0.1547	0.1478	0.1450	0.1484	0.1566	0.1685	0.1244	0.1185	0.1191	0.1246	0.1368	0.1540	0.0979	0.0893	0.0856	0.0872	0.0947	0.1071	0.1279
1507	0.1695	0.1722	0.1711	0.1734	0.1651	0.1639	0.1631	0.1669	0.1732	0.1550	0.1481	0.1453	0.1488	0.1569	0.1688	0.1247	0.1188	0.1193	0.1248	0.1370	0.1543	0.0981	0.0894	0.0858	0.0875	0.0949	0.1073	0.1280
1508	0.1699	0.1724	0.1714	0.1738	0.1655	0.1641	0.1633	0.1673	0.1734	0.1553	0.1484	0.1456	0.1490	0.1572	0.1691	0.1251	0.1191	0.1196	0.1251	0.1372	0.1545	0.0983	0.0896	0.0860	0.0877	0.0952	0.1075	0.1281
1509	0.1702	0.1727	0.1717	0.1741	0.1657	0.1644	0.1637	0.1676	0.1737	0.1554	0.1487	0.1459	0.1492	0.1575	0.1693	0.1253	0.1194	0.1198	0.1253	0.1374	0.1547	0.0984	0.0897	0.0861	0.0878	0.0952	0.1075	0.1283
1510	0.1705	0.1731	0.1720	0.1744	0.1660	0.1648	0.1641	0.1678	0.1741	0.1556	0.1490	0.1462	0.1494	0.1578	0.1697	0.1255	0.1195	0.1201	0.1255	0.1376	0.1549	0.0986	0.0899	0.0862	0.0879	0.0952	0.1076	0.1285
1511	0.1708	0.1734	0.1724	0.1747	0.1663	0.1651	0.1644	0.1681	0.1745	0.1557	0.1493	0.1465	0.1497	0.1580	0.1700	0.1257	0.1196	0.1204	0.1257	0.1378	0.1550	0.0989	0.0901	0.0864	0.0880	0.0953	0.1077	0.1286
1512	0.1711	0.1737	0.1727	0.1750	0.1666	0.1654	0.1647	0.1684	0.1749	0.1560	0.1496	0.1468	0.1499	0.1583	0.1702	0.1259	0.1199	0.1206	0.1259	0.1379	0.1553	0.0991	0.0902	0.0866	0.0880	0.0954	0.1079	0.1287
1513	0.1714	0.1739	0.1730	0.1753	0.1669	0.1658	0.1650	0.1687	0.1752	0.1564	0.1499	0.1470	0.1502	0.1586	0.1704	0.1261	0.1201	0.1208	0.1261	0.1381	0.1555	0.0993	0.0904	0.0869	0.0881	0.0954	0.1080	0.1288
1514	0.1716	0.1742	0.1733	0.1756	0.1672	0.1661	0.1653	0.1689	0.1754	0.1568	0.1501	0.1472	0.1504	0.1588	0.1706	0.1263	0.1203	0.1210	0.1263	0.1385	0.1557	0.0995	0.0907	0.0872	0.0883	0.0955	0.1080	0.1290
1515	0.1718	0.1745	0.1736	0.1759	0.1676	0.1664	0.1655	0.1691	0.1757	0.1571	0.1504	0.1474	0.1507	0.1591	0.1708	0.1266	0.1205	0.1212	0.1264	0.1387	0.1558	0.0997	0.0909	0.0874	0.0884	0.0957	0.1082	0.1292
1516	0.1722	0.1749	0.1739	0.1762	0.1681	0.1666	0.1658	0.1694	0.1760	0.1574	0.1507	0.1476	0.1510	0.1594	0.1710	0.1268	0.1207	0.1214	0.1266	0.1389	0.1560	0.0997	0.0910	0.0875	0.0886	0.0959	0.1084	0.1294
1517	0.1726	0.1753	0.1742	0.1764	0.1684	0.1669	0.1661	0.1697	0.1763	0.1576	0.1510	0.1478	0.1512	0.1596	0.1713	0.1270	0.1208	0.1215	0.1268	0.1391	0.1562	0.0997	0.0911	0.0877	0.0887	0.0961	0.1086	0.1296
1518	0.1729	0.1755	0.1743	0.1766	0.1687	0.1672	0.1664	0.1699	0.1766	0.1579	0.1512	0.1480	0.1514	0.1599	0.1715	0.1272	0.1209	0.1217	0.1270	0.1393	0.1563	0.0998	0.0912	0.0878	0.0888	0.0962	0.1087	0.1297
1519	0.1733	0.1758	0.1745	0.1768	0.1689	0.1675	0.1668	0.1702	0.1768	0.1582	0.1513	0.1482	0.1516	0.1602	0.1718	0.1274	0.1210	0.1219	0.1272	0.1395	0.1565	0.1000	0.0913	0.0878	0.0889	0.0963	0.1089	0.1298
1520	0.1736	0.1761	0.1748	0.1770	0.1691	0.1678	0.1671	0.1704	0.1771	0.1585	0.1517	0.1485	0.1518	0.1603	0.1721	0.1276	0.1212	0.1223	0.1274	0.1397	0.1567	0.1002	0.0915	0.0879	0.0891	0.0964	0.1091	0.1299
1521	0.1740	0.1765	0.1751	0.1773	0.1693	0.1681	0.1674	0.1707	0.1774	0.1588	0.1520	0.1488	0.1519	0.1605	0.1724	0.1278	0.1215	0.1225	0.1276	0.1399	0.1568	0.1003	0.0917	0.0879	0.0893	0.0966	0.1093	0.1301
1522	0.1742	0.1767	0.1753	0.1776	0.1696	0.1684	0.1676	0.1711	0.1777	0.1591	0.1522	0.1491	0.1522	0.1609	0.1726	0.1279	0.1217	0.1226	0.1277	0.1401	0.1571	0.1004	0.0918	0.0882	0.0894	0.0967	0.1094	0.1302
1523	0.1744	0.1770	0.1756	0.1778	0.1698	0.1686	0.1677	0.1715	0.1779	0.1594	0.1525	0.1493	0.1524	0.1612	0.1729	0.1280	0.1219	0.1226	0.1279	0.1402	0.1573	0.1005	0.0919	0.0884	0.0895	0.0968	0.1095	0.1303
1524	0.1747	0.1773	0.1759	0.1781	0.1700	0.1689	0.1680	0.1718	0.1781	0.1596	0.1527	0.1495	0.1526	0.1614	0.1732	0.1283	0.1220	0.1228	0.1280	0.1404	0.1575	0.1006	0.0920	0.0885	0.0896	0.0968	0.1096	0.1304
1525	0.1750	0.1775	0.1762	0.1784	0.1703	0.1691	0.1682	0.1721	0.1783	0.1598	0.1529	0.1497	0.1528	0.1616	0.1735	0.1285	0.1222	0.1230	0.1282	0.1405	0.1577	0.1008	0.0921	0.0887	0.0897	0.0969	0.1097	0.1305
1526	0.1752	0.1777	0.1765	0.1788	0.1706	0.1692	0.1683	0.1723	0.1784	0.1601	0.1531	0.1500	0.1531	0.1618	0.1737	0.1287	0.1223	0.1231	0.1285	0.1406	0.1579	0.1010	0.0921	0.0887	0.0899	0.0970	0.1097	0.1305
1527	0.1755	0.1780	0.1768	0.1792	0.1708	0.1695	0.1685	0.1726	0.1786	0.1604	0.1533	0.1502	0.1533	0.1620	0.1739	0.1290	0.1225	0.1232	0.1286	0.1407	0.1582	0.1011	0.0921	0.0888	0.0899	0.0972	0.1098	0.1306
1528	0.1758	0.1782	0.1771	0.1795	0.1710	0.1698	0.1687	0.1729	0.1789	0.1606	0.1535	0.1503	0.1534	0.1622	0.1742	0.1292	0.1227	0.1234	0.1286	0.1409	0.1585	0.1012	0.0923	0.0889	0.0900	0.0972	0.1100	0.1307
1529	0.1760	0.1785	0.1774	0.1798	0.1712	0.1701	0.1689	0.1732	0.1792	0.1607	0.1537	0.1504	0.1536	0.1624	0.1744	0.1294	0.1229	0.1236	0.1287	0.1411	0.1587	0.1014	0.0924	0.0890	0.0902	0.0973	0.1101	0.1308
1530	0.1763	0.1788	0.1777	0.1801	0.1716	0.1703	0.1691	0.1735	0.1795	0.1609	0.1540	0.1507	0.1538	0.1626	0.1746	0.1296	0.1233	0.1237	0.1290	0.1413	0.1588	0.1015	0.0927	0.0890	0.0903	0.0975	0.1101	0.1309
1531	0.1766	0.1792	0.1780	0.1803	0.1719	0.1705	0.1693	0.1737	0.1798	0.1611	0.1544	0.1509	0.1541	0.1627	0.1748	0.1298	0.1236	0.1239	0.1293	0.1414	0.1589	0.1016	0.0929	0.0891	0.0904	0.0977	0.1100	0.1310
1532	0.1769	0.1794	0.1782	0.1806	0.1722	0.1708	0.1695	0.1739	0.1800	0.1613	0.1546	0.1512	0.1544	0.1629	0.1750	0.1300	0.1236	0.1239	0.1293	0.1414	0.1589	0.1017	0.0930	0.0892	0.0905	0.0978	0.1102	0.1312
1533	0.1772	0.1797	0.1784	0.1808	0.1725	0.1711	0.1697	0.1741	0.1802	0.1615	0.1548	0.1515	0.1547	0.1630	0.1752	0.1302	0.1237	0.1240	0.1293	0.1415	0.1590	0.1019	0.0932	0.0893	0.0905	0.0979	0.1103	0.1313
1534	0.1774	0.1799	0.1786	0.1811	0.1728	0.1712	0.1700	0.1743	0.1804	0.1618	0.1549	0.1516	0.1547	0.1632	0.1755	0.1303	0.1239	0.1242	0.1295	0.1417	0.1591	0.1020	0.0933	0.0895	0.0907	0.0979	0.1104	0.1314
1535	0.1776	0.1801	0.1787	0.1813	0.1731	0.1714	0.1703	0.1745	0.1806	0.1620	0.1551	0.1518	0.1548	0.1633	0.1757	0.1303	0.1240	0.1243	0.1296	0.1419	0.1593	0.1022	0.0935	0.0896	0.0909	0.0980	0.1105	0.1315
1536	0.1778	0.1802	0.1789	0.1815	0.1733	0.1716	0.1706	0.1747	0.1810	0.1621	0.1553	0.1520	0.1550	0.1635	0.1759	0.1305	0.1242	0.1245	0.1297	0.1421	0.1595	0.1024	0.0936	0.0896	0.0910	0.0980	0.1106	0.1316
1537	0.1780	0.1803	0.1790	0.1817	0.1734	0.1718	0.1708	0.1748	0.1813	0.1623	0.1554	0.1522	0.1552	0.1637	0.1760	0.1306	0.1244	0.1248	0.1299	0.1423	0.1597	0.1025	0.0938	0.0897	0.0910	0.0980	0.1108	0.1317
1538	0.1783	0.1805	0.1793	0.1820	0.1737	0.1721	0.1711	0.1749	0.1815	0.1625	0.1557	0.1524	0.1554	0.1638	0.1763	0.1309	0.1246	0.1250	0.1301	0.1424	0.1599	0.1026	0.0939	0.0899	0.0911	0.0982	0.1109	0.1317
1539	0.1785	0.1806	0.1795	0.1822	0.1740	0.1723	0.1713	0.1751	0.1817	0.1628	0.1559	0.1526	0.1556	0.1640	0.1765	0.1311	0.1247	0.1251	0.1304	0.1426	0.1600	0.1027	0.0941	0.0900	0.0912	0.0984	0.1109	0.1318
1540	0.1787	0.1809	0.1797	0.1823	0.1742	0.1726	0.1716	0.1753	0.1819	0.1630	0.1561	0.1527	0.1558	0.1642	0.1767	0.1312	0.1248	0.1253	0.1305	0.1427	0.1602	0.1028	0.0941	0.0902	0.0914	0.0986	0.1110	0.1319
1541	0.1789	0.1812	0.1799	0.1825	0.1744	0.1728	0.1719	0.1755	0.1820	0.1631	0.1563	0.1528	0.1560	0.1645	0.1768	0.1314	0.1249	0.1254	0.1306	0.1428	0.1604	0.1030	0.0942	0.0904	0.0915	0.0987	0.1110	0.1319
1542	0.1792	0.1816	0.1802	0.1827	0.1746	0.1730	0.1721	0.1757	0.1822	0.1634	0.1564	0.1530	0.1561	0.1647	0.1771	0.1315	0.1250	0.1255	0.1307	0.1430	0.1605	0.1031	0.0943	0.0905	0.0917	0.0989	0.1111	0.1319
1543	0.1796	0.1819	0.1804	0.1830	0.1748	0.1732	0.1723	0.1760	0.1824	0.1636	0.1566	0.1531	0.1563	0.1648	0.1773	0.1317	0.1250	0.1257	0.1309	0.1431	0.1606	0.1031	0.0945	0.0906	0.0917	0.0990	0.1112	0.1320
1544	0.1798	0.1821	0.1807	0.1833	0.1749	0.1733	0.1725	0.1762	0.1825	0.1637	0.1567	0.1533	0.1565	0.1650	0.1775	0.1320	0.1252	0.1259	0.1310	0.1433	0.1606	0.1032	0.0946	0.0907	0.0917	0.0990	0.1113	0.1322
1545	0.1800	0.1822	0.1810	0.1835	0.1751	0.1734	0.1727	0.1764	0.1827	0.1639	0.1569	0.1535	0.1567	0.1651	0.1777	0.1323	0.1254	0.1261	0.1311	0.1435	0.1607	0.1034	0.0947	0.0907	0.0917	0.0991	0.1113	0.1323
1546	0.1802	0.1824	0.1812	0.1838	0.1753	0.1736	0.1728	0.1766	0.1830	0.1641	0.1571	0.1537	0.1568	0.1653	0.1779	0.1324	0.1256	0.1261	0.1313	0.1436	0.1609	0.1036	0.0948	0.0908	0.0918	0.0991	0.1114	0.1324
1547	0.1805	0.1825	0.1813	0.1840	0.1756	0.1738	0.1729	0.1768	0.1833	0.1642	0.1574	0.1540	0.1569	0.1655	0.1780	0.1324	0.1258	0.1261	0.1315	0.1437	0.1610	0.1038	0.0950	0.0909	0.0919	0.0992	0.1114	0.1325
1548	0.1807	0.1828	0.1815	0.1842	0.1757	0.1740	0.1731	0.1770	0.1834	0.1644	0.1576	0.1542	0.1571	0.1657	0.1783	0.1325	0.1261	0.1262	0.1316	0.1439	0.1611	0.1040	0.0950	0.0910	0.0920	0.0993	0.1115	0.1326
1549	0.1810	0.1832	0.1817	0.1843	0.1759	0.1742	0.1733	0.1772	0.1836	0.1646	0.1578	0.1544	0.1574	0.1658	0.1785	0.1326	0.1263	0.1263	0.1317	0.1441	0.1611	0.1041	0.0950	0.0910	0.0922	0.0993	0.1116	0.1327
1550	0.1812	0.1834	0.1820	0.1845	0.1760	0.1744	0.1736	0.1775	0.1838	0.1648	0.1580	0.1544	0.1575	0.1660	0.1786	0.1327	0.1264	0.1265	0.1320	0.1442	0.1613	0.1043	0.0951	0.0911	0.0923	0.0993	0.1117	0.1328
1551	0.1813	0.1837	0.1823	0.1847	0.1762	0.1746	0.1738	0.1777	0.1840	0.1650	0.1583	0.1545	0.1577	0.1662	0.1788	0.1329	0.1265	0.1267	0.1323	0.1443	0.1614	0.1044	0.0952	0.0912	0.0925	0.0993	0.1118	0.1328
1552	0.1816	0.1840	0.1825	0.1850	0.1764	0.1747	0.1739	0.1778	0.1842	0.1652	0.1584	0.1546	0.1579	0.1663	0.1790	0.1332	0.1267	0.1269	0.1323	0.1442	0.1616	0.1044	0.0954	0.0914	0.0926	0.0994	0.1119	0.1329
1553	0.1818	0.1842	0.1828	0.1853	0.1767	0.1748	0.1741	0.1779	0.1844	0.1653	0.1585	0.1547	0.1581	0.1664	0.1792	0.1335	0.1269	0.1270	0.1323	0.1442	0.1617	0.1044	0.0955	0.0916	0.0926	0.0995	0.1120	0.1330
1554	0.1819	0.1844	0.1830	0.1855	0.1769	0.1750	0.1742	0.1780	0.1846	0.1656	0.1586	0.1549	0.1582	0.1666	0.1792	0.1337	0.1270	0.1271	0.1324	0.1443	0.1619	0.1045	0.0955	0.0916	0.0928	0.0995	0.1121	0.1330
1555	0.1820	0.1846	0.1832	0.1856	0.1770	0.1753	0.1744	0.1782	0.1848	0.1658	0.1587	0.1551	0.1584	0.1668	0.1793	0.1338	0.1270	0.1272	0.1325	0.1443	0.1620	0.1046	0.0956	0.0917	0.0929	0.0996	0.1122	0.1331
1556	0.1820	0.1849	0.1833	0.1858	0.1772	0.1756	0.1745	0.1783	0.1849	0.1659	0.1589	0.1554	0.1585	0.1669	0.1794	0.1339	0.1272	0.1273	0.1326	0.1445	0.1621	0.1046	0.0957	0.0919	0.0929	0.0996	0.1124	0.1332
1557	0.1821	0.1852	0.1834	0.1859	0.1774	0.1759	0.1746	0.1785	0.1851	0.1661	0.1591	0.1557	0.1586	0.1671	0.1795	0.1339	0.1273	0.1274	0.1328	0.1447	0.1621	0.1047	0.0957	0.0921	0.0928	0.0997	0.1126	0.1333
1558	0.1824	0.1853	0.1836	0.1861	0.1776	0.1763	0.1748	0.1786	0.1851	0.1662	0.1594	0.1559	0.1588	0.1672	0.1797	0.1341	0.1275	0.1275	0.1329	0.1448	0.1623	0.1048	0.0958	0.0921	0.0929	0.0999	0.1126	0.1334
1559	0.1826	0.1853	0.1838	0.1864	0.1778	0.1766	0.1750	0.1788	0.1851	0.1664	0.1596	0.1561	0.1590	0.1674	0.1799	0.1342	0.1277	0.1276	0.1330	0.1449	0.1625	0.1049	0.0959	0.0922	0.0930	0.1000	0.1126	0.1335
1560	0.1828	0.1854	0.1840	0.1865	0.1780	0.1767	0.1752	0.1790	0.1854	0.1666	0.1597	0.1562	0.1591	0.1677	0.1800	0.1343	0.1278	0.1278	0.1331	0.1451	0.1627	0.1050	0.0959	0.0923	0.0930	0.1002	0.1127	0.1335
1561	0.1830	0.1855	0.1841	0.1866	0.1782	0.1768	0.1754	0.1792	0.1856	0.1668	0.1599	0.1563	0.1593	0.1679	0.1801	0.1345	0.1278	0.1280	0.1332	0.1453	0.1628	0.1051	0.0960	0.0924	0.0931	0.1004	0.1127	0.1335
1562	0.1832	0.1857	0.1843	0.1868	0.1783	0.1770	0.1756	0.1795	0.1859	0.1669	0.1600	0.1565	0.1593	0.1680	0.1803	0.1345	0.1279	0.1282	0.1334	0.1454	0.1629	0.1052	0.0961	0.0924	0.0932	0.1005	0.1128	0.1336
1563	0.1833	0.1858	0.1845	0.1871	0.1785	0.1772	0.1758	0.1798	0.1861	0.1670	0.1602	0.1567	0.1594	0.1680	0.1805	0.1346	0.1281	0.1283	0.1335	0.1456	0.1629	0.1053	0.0962	0.0924	0.0933	0.1007	0.1128	0.1337
1564	0.1834	0.1860	0.1847	0.1873	0.1787	0.1774	0.1759	0.1798	0.1863	0.1672	0.1603	0.1567	0.1596	0.1682	0.1806	0.1348	0.1281	0.1284	0.1336	0.1457	0.1630	0.1054	0.0963	0.0925	0.0934	0.1007	0.1129	0.1338
1565	0.1835	0.1862	0.1848	0.1875	0.1789	0.1775	0.1760	0.1799	0.1866	0.1674	0.1604	0.1568	0.1598	0.1683	0.1808	0.1351	0.1283	0.1285	0.1337	0.1458	0.1632	0.1055	0.0965	0.0926	0.0936	0.1007	0.1129	0.1339
1566	0.1839	0.1863	0.1850	0.1877	0.1791	0.1776	0.1762	0.1801	0.1868	0.1676	0.1605	0.1569	0.1599	0.1685	0.1810	0.1351	0.1284	0.1286	0.1338	0.1459	0.1634	0.1056	0.0967	0.0926	0.0936	0.1007	0.1130	0.1340
1567	0.1842	0.1864	0.1851	0.1879	0.1792	0.1777	0.1763	0.1804	0.1869	0.1677	0.1606	0.1571	0.1601	0.1687	0.1812	0.1351	0.1285	0.1287	0.1339	0.1461	0.1634	0.1057	0.0969	0.0926	0.0936	0.1008	0.1132	0.1341
1568	0.1843	0.1865	0.1853	0.1881	0.1794	0.1778	0.1764	0.1805	0.1871	0.1678	0.1608	0.1572	0.1602	0.1688	0.1813	0.1353	0.1285	0.1288	0.1339	0.1462	0.1637	0.1058	0.0969	0.0928	0.0937	0.1009	0.1132	0.1341
1569	0.1844	0.1866	0.1855	0.1883	0.1795	0.1780	0.1765	0.1807	0.1872	0.1680	0.1610	0.1574	0.1603	0.1688	0.1815	0.1354	0.1285	0.1288	0.1339	0.1463	0.1639	0.1058	0.0969	0.0930	0.0938	0.1009	0.1133	0.1341
1570	0.1847	0.1868	0.1856	0.1884	0.1797	0.1782	0.1767	0.1808	0.1873	0.1680	0.1611	0.1575	0.1604	0.1689	0.1815	0.1355	0.1285	0.1289	0.1340	0.1464	0.1641	0.1058	0.0969	0.0931	0.0939	0.1011	0.1133	0.1343
1571	0.1851	0.1869	0.1857	0.1886	0.1799	0.1784	0.1769	0.1810	0.1873	0.1681	0.1612	0.1576	0.1604	0.1690	0.1816	0.1356	0.1285	0.1290	0.1340	0.1465	0.1642	0.1058	0.0968	0.0932	0.0939	0.1013	0.1133	0.1345
1572	0.1853	0.1871	0.1858	0.1887	0.1800	0.1784	0.1770	0.1810	0.1873	0.1682	0.1614	0.1578	0.1606	0.1691	0.1817	0.1358	0.1286	0.1292	0.1342	0.1466	0.1643	0.1060	0.0969	0.0932	0.0940	0.1013	0.1134	0.1347
1573	0.1856	0.1872	0.1859	0.1890	0.1801	0.1785	0.1771	0.1811	0.1874	0.1684	0.1615	0.1580	0.1608	0.1693	0.1818	0.1360	0.1288	0.1293	0.1344	0.1466	0.1643	0.1063	0.0972	0.0933	0.0942	0.1014	0.1136	0.1348
1574	0.1856	0.1873	0.1860	0.1891	0.1802	0.1786	0.1772	0.1811	0.1877	0.1685	0.1616	0.1580	0.1609	0.1694	0.1819	0.1361	0.1289	0.1293	0.1345	0.1467	0.1644	0.1063	0.0973	0.0933	0.0942	0.1014	0.1137	0.1348
1575	0.1855	0.1874	0.1861	0.1892	0.1803	0.1787	0.1773	0.1811	0.1880	0.1686	0.1617	0.1580	0.1610	0.1695	0.1821	0.1362	0.1291	0.1294	0.1345	0.1468	0.1644	0.1064	0.0973	0.0933	0.0942	0.1015	0.1138	0.1347
1576	0.1856	0.1876	0.1863	0.1893	0.1805	0.1788	0.1775	0.1813	0.1881	0.1687	0.1618	0.1581	0.1611	0.1696	0.1821	0.1362	0.1294	0.1295	0.1347	0.1469	0.1645	0.1064	0.0973	0.0933	0.0943	0.1014	0.1139	0.1348
1577	0.1858	0.1877	0.1864	0.1894	0.1807	0.1790	0.1776	0.1815	0.1882	0.1688	0.1619	0.1583	0.1612	0.1697	0.1821	0.1362	0.1296	0.1296	0.1349	0.1469	0.1645	0.1064	0.0973	0.0934	0.0944	0.1014	0.1139	0.1349
1578	0.1859	0.1878	0.1866	0.1896	0.1809	0.1791	0.1778	0.1817	0.1884	0.1690	0.1621	0.1585	0.1613	0.1699	0.1823	0.1363	0.1297	0.1297	0.1349	0.1471	0.1646	0.1065	0.0975	0.0935	0.0945	0.1014	0.1141	0.1350
1579	0.1860	0.1879	0.1868	0.1898	0.1810	0.1792	0.1779	0.1818	0.1886	0.1691	0.1624	0.1586	0.1615	0.1701	0.1826	0.1363	0.1298	0.1297	0.1350	0.1473	0.1647	0.1066	0.0976	0.0935	0.0946	0.1015	0.1142	0.1350
1580	0.1860	0.1882	0.1869	0.1899	0.1811	0.1793	0.1780	0.1819	0.1887	0.1692	0.1625	0.1587	0.1617	0.1702	0.1827	0.1365	0.1299	0.1298	0.1351	0.1474	0.1648	0.1067	0.0976	0.0936	0.0947	0.1015	0.1142	0.1351
1581	0.1860	0.1884	0.1871	0.1901	0.1812	0.1794	0.1782	0.1820	0.1888	0.1694	0.1625	0.1588	0.1619	0.1704	0.1827	0.1366	0.1300	0.1300	0.1352	0.1474	0.1648	0.1067	0.0975	0.0937	0.0947	0.1015	0.1142	0.1351
1582	0.1862	0.1884	0.1872	0.1902	0.1813	0.1795	0.1783	0.1822	0.1888	0.1695	0.1626	0.1589	0.1620	0.1704	0.1828	0.1367	0.1301	0.1301	0.1354	0.1474	0.1648	0.1069	0.0976	0.0938	0.0948	0.1016	0.1142	0.1350
1583	0.1864	0.1885	0.1873	0.1902	0.1814	0.1796	0.1785	0.1823	0.1889	0.1697	0.1626	0.1590	0.1621	0.1704	0.1828	0.1368	0.1302	0.1302	0.1355	0.1475	0.1648	0.1070	0.0978	0.0939	0.0949	0.1017	0.1141	0.1350
1584	0.1865	0.1886	0.1874	0.1904	0.1815	0.1798	0.1785	0.1823	0.1889	0.1698	0.1627	0.1590	0.1622	0.1704	0.1829	0.1369	0.1303	0.1303	0.1355	0.1476	0.1649	0.1070	0.0979	0.0940	0.0949	0.1018	0.1142	0.1351
1585	0.1866	0.1887	0.1875	0.1906	0.1816	0.1799	0.1785	0.1822	0.1890	0.1699	0.1628	0.1591	0.1624	0.1705	0.1830	0.1370	0.1304	0.1303	0.1355	0.1476	0.1651	0.1070	0.0981	0.0941	0.0950	0.1018	0.1143	0.1352
1586	0.1867	0.1888	0.1877	0.1906	0.1817	0.1800	0.1788	0.1823	0.1891	0.1700	0.1630	0.1592	0.1624	0.1706	0.1831	0.1370	0.1305	0.1305	0.1355	0.1476	0.1653	0.1071	0.0981	0.0942	0.0950	0.1019	0.1143	0.1353
1587	0.1868	0.1888	0.1878	0.1907	0.1818	0.1801	0.1790	0.1824	0.1891	0.1701	0.1631	0.1593	0.1625	0.1707	0.1832	0.1369	0.1305	0.1306	0.1356	0.1477	0.1655	0.1073	0.0982	0.0943	0.0950	0.1019	0.1144	0.1355
1588	0.1869	0.1889	0.1879	0.1908	0.1820	0.1801	0.1791	0.1826	0.1893	0.1701	0.1632	0.1595	0.1626	0.1709	0.1833	0.1370	0.1307	0.1307	0.1356	0.1477	0.1655	0.1073	0.0982	0.0944	0.0951	0.1019	0.1144	0.1355
1589	0.1871	0.1891	0.1880	0.1908	0.1821	0.1802	0.1792	0.1827	0.1894	0.1700	0.1632	0.1597	0.1627	0.1711	0.1834	0.1371	0.1309	0.1309	0.1357	0.1478	0.1655	0.1073	0.0981	0.0945	0.0952	0.1020	0.1144	0.1355
1590	0.1872	0.1892	0.1883	0.1909	0.1823	0.1803	0.1792	0.1829	0.1896	0.1701	0.1632	0.1599	0.1627	0.1712	0.1835	0.1371	0.1310	0.1309	0.1358	0.1479	0.1655	0.1074	0.0982	0.0945	0.0953	0.1021	0.1145	0.1355
1591	0.1873	0.1893	0.1885	0.1909	0.1824	0.1804	0.1793	0.1832	0.1898	0.1702	0.1632	0.1600	0.1627	0.1712	0.1836	0.1372	0.1310	0.1310	0.1360	0.1479	0.1655	0.1074	0.0983	0.0944	0.0953	0.1022	0.1147	0.1354
1592	0.1875	0.1894	0.1886	0.1910	0.1825	0.1805	0.1795	0.1833	0.1899	0.1703	0.1633	0.1600	0.1628	0.1713	0.1837	0.1373	0.1311	0.1310	0.1360	0.1481	0.1656	0.1075	0.0984	0.0945	0.0954	0.1023	0.1148	0.1355
1593	0.1877	0.1894	0.1887	0.1912	0.1825	0.1806	0.1798	0.1834	0.1899	0.1704	0.1635	0.1601	0.1629	0.1713	0.1837	0.1374	0.1313	0.1311	0.1361	0.1482	0.1657	0.1077	0.0984	0.0946	0.0954	0.1024	0.1149	0.1357
1594	0.1877	0.1895	0.1889	0.1914	0.1826	0.1808	0.1799	0.1836	0.1900	0.1705	0.1636	0.1601	0.1629	0.1714	0.1838	0.1375	0.1314	0.1311	0.1362	0.1483	0.1659	0.1077	0.0984	0.0948	0.0955	0.1025	0.1148	0.1358
1595	0.1877	0.1896	0.1890	0.1916	0.1827	0.1811	0.1798	0.1837	0.1901	0.1706	0.1637	0.1601	0.1629	0.1716	0.1839	0.1376	0.1314	0.1312	0.1364	0.1484	0.1661	0.1077	0.0985	0.0949	0.0955	0.1026	0.1148	0.1359
1596	0.1879	0.1897	0.1891	0.1917	0.1828	0.1813	0.1798	0.1838	0.1903	0.1707	0.1639	0.1601	0.1631	0.1718	0.1840	0.1377	0.1313	0.1312	0.1364	0.1486	0.1661	0.1077	0.0985	0.0949	0.0956	0.1026	0.1149	0.1360
1597	0.1881	0.1899	0.1892	0.1919	0.1829	0.1814	0.1799	0.1838	0.1905	0.1708	0.1640	0.1602	0.1632	0.1720	0.1841	0.1379	0.1313	0.1313	0.1363	0.1487	0.1661	0.1077	0.0986	0.0949	0.0957	0.1026	0.1150	0.1362
1598	0.1881	0.1900	0.1893	0.1920	0.1831	0.1814	0.1800	0.1838	0.1906	0.1709	0.1641	0.1603	0.1634	0.1721	0.1841	0.1379	0.1314	0.1314	0.1364	0.1487	0.1663	0.1077	0.0987	0.0948	0.0957	0.1027	0.1150	0.1362
1599	0.1881	0.1901	0.1894	0.1921	0.1833	0.1812	0.1801	0.1838	0.1907	0.1710	0.1642	0.1604	0.1636	0.1722	0.1842	0.1380	0.1315	0.1315	0.1365	0.1487	0.1664	0.1076	0.0987	0.0948	0.0957	0.1027	0.1150	0.1362
1600	0.1882	0.1902	0.1894	0.1922	0.1832	0.1814	0.1802	0.1839	0.1907	0.1711	0.1642	0.1605	0.1637	0.1723	0.1843	0.1381	0.1316	0.1316	0.1366	0.1488	0.1664	0.1077	0.0988	0.0949	0.0958	0.1026	0.1150	0.1362
1601	0.1882	0.1904	0.1895	0.1923	0.1832	0.1816	0.1802	0.1840	0.1907	0.1711	0.1643	0.1606	0.1638	0.1724	0.1843	0.1381	0.1317	0.1316	0.1367	0.1489	0.1665	0.1078	0.0989	0.0949	0.0959	0.1025	0.1151	0.1361
1602	0.1883	0.1905	0.1896	0.1923	0.1834	0.1816	0.1804	0.1841	0.1908	0.1712	0.1644	0.1607	0.1638	0.1725	0.1845	0.1382	0.1318	0.1316	0.1368	0.1489	0.1666	0.1078	0.0990	0.0950	0.0959	0.1026	0.1151	0.1362
1603	0.1885	0.1906	0.1897	0.1923	0.1836	0.1817	0.1806	0.1842	0.1910	0.1713	0.1646	0.1608	0.1638	0.1726	0.1846	0.1383	0.1318	0.1316	0.1369	0.1489	0.1666	0.1078	0.0991	0.0950	0.0959	0.1027	0.1151	0.1364
1604	0.1886	0.1906	0.1897	0.1925	0.1837	0.1817	0.1807	0.1843	0.1911	0.1715	0.1646	0.1609	0.1639	0.1726	0.1847	0.1383	0.1319	0.1316	0.1369	0.1490	0.1667	0.1079	0.0989	0.0951	0.0959	0.1027	0.1151	0.1363
1605	0.1888	0.1907	0.1898	0.1927	0.1839	0.1817	0.1809	0.1844	0.1913	0.1718	0.1646	0.1609	0.1640	0.1725	0.1848	0.1384	0.1320	0.1316	0.1369	0.1491	0.1668	0.1081	0.0987	0.0951	0.0960	0.1026	0.1152	0.1362
1606	0.1889	0.1908	0.1899	0.1927	0.1839	0.1818	0.1809	0.1845	0.1913	0.1719	0.1646	0.1611	0.1641	0.1725	0.1849	0.1384	0.1320	0.1317	0.1371	0.1492	0.1669	0.1081	0.0988	0.0951	0.0960	0.1027	0.1152	0.1361
1607	0.1890	0.1908	0.1901	0.1927	0.1839	0.1820	0.1809	0.1846	0.1913	0.1720	0.1647	0.1612	0.1642	0.1725	0.1850	0.1385	0.1320	0.1319	0.1373	0.1493	0.1670	0.1082	0.0989	0.0951	0.0959	0.1028	0.1152	0.1360
1608	0.1890	0.1909	0.1902	0.1928	0.1839	0.1821	0.1810	0.1847	0.1913	0.1720	0.1648	0.1612	0.1643	0.1724	0.1850	0.1386	0.1321	0.1320	0.1374	0.1494	0.1670	0.1081	0.0990	0.0952	0.0960	0.1029	0.1152	0.1361
1609	0.1890	0.1910	0.1903	0.1928	0.1840	0.1822	0.1810	0.1849	0.1914	0.1719	0.1648	0.1613	0.1643	0.1724	0.1851	0.1388	0.1322	0.1321	0.1374	0.1494	0.1671	0.1080	0.0990	0.0953	0.0962	0.1030	0.1154	0.1362
1610	0.1891	0.1911	0.1903	0.1929	0.1841	0.1824	0.1811	0.1850	0.1915	0.1719	0.1649	0.1614	0.1644	0.1725	0.1851	0.1389	0.1324	0.1321	0.1374	0.1495	0.1671	0.1081	0.0991	0.0953	0.0963	0.1031	0.1155	0.1364
1611	0.1893	0.1913	0.1903	0.1931	0.1843	0.1825	0.1813	0.1851	0.1916	0.1720	0.1650	0.1615	0.1645	0.1727	0.1852	0.1389	0.1327	0.1322	0.1373	0.1495	0.1671	0.1083	0.0992	0.0953	0.0963	0.1031	0.1156	0.1365
1612	0.1894	0.1914	0.1905	0.1932	0.1843	0.1825	0.1814	0.1851	0.1917	0.1721	0.1651	0.1616	0.1645	0.1729	0.1852	0.1389	0.1327	0.1323	0.1373	0.1496	0.1671	0.1083	0.0992	0.0953	0.0964	0.1031	0.1156	0.1365
1613	0.1894	0.1916	0.1906	0.1934	0.1844	0.1826	0.1814	0.1850	0.1917	0.1722	0.1653	0.1616	0.1646	0.1731	0.1852	0.1389	0.1327	0.1324	0.1374	0.1496	0.1671	0.1084	0.0992	0.0952	0.0966	0.1031	0.1156	0.1365
1614	0.1895	0.1917	0.1907	0.1934	0.1845	0.1826	0.1815	0.1852	0.1918	0.1722	0.1653	0.1617	0.1646	0.1731	0.1853	0.1389	0.1326	0.1324	0.1375	0.1496	0.1671	0.1084	0.0992	0.0953	0.0967	0.1032	0.1157	0.1365
1615	0.1895	0.1917	0.1908	0.1935	0.1847	0.1826	0.1816	0.1853	0.1919	0.1723	0.1653	0.1618	0.1646	0.1731	0.1854	0.1388	0.1325	0.1324	0.1376	0.1496	0.1672	0.1085	0.0993	0.0954	0.0968	0.1034	0.1157	0.1364
1616	0.1896	0.1918	0.1909	0.1935	0.1847	0.1827	0.1815	0.1854	0.1921	0.1724	0.1654	0.1619	0.1647	0.1732	0.1854	0.1389	0.1326	0.1325	0.1377	0.1497	0.1673	0.1085	0.0993	0.0955	0.0968	0.1035	0.1158	0.1364
1617	0.1896	0.1919	0.1910	0.1935	0.1847	0.1829	0.1815	0.1854	0.1923	0.1726	0.1655	0.1620	0.1648	0.1732	0.1854	0.1390	0.1326	0.1326	0.1377	0.1498	0.1674	0.1085	0.0992	0.0956	0.0967	0.1035	0.1159	0.1365
1618	0.1897	0.1920	0.1911	0.1936	0.1847	0.1830	0.1816	0.1854	0.1925	0.1726	0.1655	0.1620	0.1649	0.1733	0.1855	0.1390	0.1327	0.1326	0.1378	0.1499	0.1675	0.1085	0.0993	0.0956	0.0967	0.1035	0.1159	0.1365
1619	0.1899	0.1922	0.1913	0.1938	0.1847	0.1831	0.1818	0.1855	0.1927	0.1727	0.1655	0.1621	0.1650	0.1734	0.1855	0.1392	0.1327	0.1326	0.1379	0.1500	0.1676	0.1085	0.0994	0.0956	0.0968	0.1035	0.1159	0.1366
1620	0.1899	0.1921	0.1913	0.1938	0.1848	0.1831	0.1819	0.1855	0.1929	0.1727	0.1655	0.1621	0.1650	0.1734	0.1855	0.1392	0.1328	0.1327	0.1380	0.1501	0.1676	0.1086	0.0994	0.0957	0.0968	0.1036	0.1159	0.1367
1621	0.1899	0.1921	0.1913	0.1939	0.1849	0.1831	0.1820	0.1856	0.1930	0.1727	0.1656	0.1621	0.1650	0.1734	0.1856	0.1392	0.1329	0.1328	0.1379	0.1503	0.1676	0.1087	0.0994	0.0958	0.0968	0.1037	0.1159	0.1369
1622	0.1899	0.1921	0.1914	0.1940	0.1849	0.1831	0.1820	0.1858	0.1930	0.1727	0.1657	0.1622	0.1651	0.1735	0.1856	0.1393	0.1330	0.1328	0.1379	0.1504	0.1677	0.1087	0.0995	0.0959	0.0969	0.1037	0.1159	0.1370
1623	0.1900	0.1921	0.1916	0.1941	0.1850	0.1831	0.1821	0.1859	0.1929	0.1727	0.1658	0.1623	0.1653	0.1736	0.1857	0.1394	0.1331	0.1328	0.1378	0.1505	0.1678	0.1087	0.0995	0.0960	0.0970	0.1037	0.1159	0.1372
1624	0.1900	0.1922	0.1917	0.1942	0.1851	0.1833	0.1822	0.1860	0.1930	0.1729	0.1660	0.1625	0.1653	0.1737	0.1857	0.1395	0.1331	0.1328	0.1379	0.1505	0.1679	0.1087	0.0996	0.0960	0.0971	0.1037	0.1160	0.1371
1625	0.1901	0.1923	0.1917	0.1942	0.1854	0.1835	0.1823	0.1861	0.1930	0.1730	0.1661	0.1626	0.1654	0.1737	0.1858	0.1395	0.1332	0.1328	0.1380	0.1504	0.1680	0.1087	0.0998	0.0960	0.0972	0.1038	0.1161	0.1370
1626	0.1903	0.1924	0.1918	0.1944	0.1854	0.1835	0.1824	0.1862	0.1930	0.1730	0.1661	0.1625	0.1654	0.1738	0.1860	0.1395	0.1332	0.1329	0.1382	0.1505	0.1679	0.1087	0.1000	0.0960	0.0972	0.1038	0.1160	0.1371
1627	0.1904	0.1925	0.1919	0.1945	0.1854	0.1835	0.1824	0.1863	0.1930	0.1730	0.1662	0.1625	0.1655	0.1739	0.1862	0.1395	0.1333	0.1330	0.1382	0.1506	0.1678	0.1088	0.1001	0.0961	0.0972	0.1038	0.1160	0.1372
1628	0.1904	0.1924	0.1920	0.1945	0.1855	0.1836	0.1824	0.1865	0.1931	0.1731	0.1663	0.1626	0.1656	0.1739	0.1862	0.1395	0.1333	0.1330	0.1382	0.1507	0.1677	0.1088	0.1002	0.0961	0.0973	0.1039	0.1162	0.1373
1629	0.1903	0.1924	0.1922	0.1945	0.1856	0.1836	0.1824	0.1867	0.1932	0.1732	0.1664	0.1627	0.1656	0.1740	0.1863	0.1396	0.1332	0.1329	0.1381	0.1509	0.1676	0.1088	0.1002	0.0960	0.0974	0.1040	0.1163	0.1373
1630	0.1904	0.1924	0.1922	0.1946	0.1856	0.1836	0.1824	0.1868	0.1934	0.1732	0.1663	0.1628	0.1656	0.1740	0.1862	0.1397	0.1333	0.1330	0.1381	0.1509	0.1678	0.1089	0.1003	0.0961	0.0974	0.1040	0.1162	0.1373
1631	0.1906	0.1925	0.1921	0.1946	0.1855	0.1835	0.1823	0.1868	0.1936	0.1731	0.1661	0.1629	0.1657	0.1741	0.1862	0.1398	0.1333	0.1331	0.1381	0.1510	0.1680	0.1090	0.1003	0.0961	0.0974	0.1040	0.1161	0.1374
1632	0.1907	0.1926	0.1922	0.1947	0.1855	0.1837	0.1824	0.1869	0.1936	0.1733	0.1662	0.1629	0.1657	0.1742	0.1862	0.1398	0.1333	0.1332	0.1382	0.1510	0.1681	0.1091	0.1003	0.0962	0.0974	0.1041	0.1163	0.1375
1633	0.1907	0.1928	0.1923	0.1948	0.1855	0.1840	0.1825	0.1871	0.1936	0.1734	0.1662	0.1629	0.1658	0.1744	0.1862	0.1399	0.1333	0.1333	0.1383	0.1510	0.1683	0.1092	0.1002	0.0963	0.0973	0.1041	0.1164	0.1375
1634	0.1908	0.1929	0.1922	0.1948	0.1857	0.1840	0.1827	0.1871	0.1935	0.1735	0.1664	0.1630	0.1659	0.1745	0.1864	0.1399	0.1333	0.1333	0.1383	0.1510	0.1684	0.1092	0.1003	0.0963	0.0974	0.1041	0.1165	0.1376
1635	0.1909	0.1930	0.1921	0.1947	0.1860	0.1840	0.1828	0.1870	0.1934	0.1735	0.1665	0.1630	0.1660	0.1746	0.1866	0.1399	0.1333	0.1333	0.1384	0.1510	0.1685	0.1092	0.1003	0.0964	0.0976	0.1041	0.1166	0.1377
1636	0.1909	0.1930	0.1922	0.1948	0.1860	0.1840	0.1828	0.1872	0.1935	0.1736	0.1665	0.1631	0.1660	0.1747	0.1867	0.1399	0.1334	0.1334	0.1385	0.1510	0.1685	0.1091	0.1004	0.0964	0.0976	0.1040	0.1167	0.1376
1637	0.1909	0.1930	0.1923	0.1949	0.1860	0.1841	0.1827	0.1875	0.1936	0.1738	0.1666	0.1632	0.1660	0.1748	0.1868	0.1398	0.1335	0.1335	0.1386	0.1510	0.1684	0.1091	0.1004	0.0965	0.0977	0.1040	0.1167	0.1376
1638	0.1910	0.1929	0.1923	0.1948	0.1861	0.1842	0.1830	0.1874	0.1936	0.1738	0.1667	0.1632	0.1660	0.1749	0.1868	0.1399	0.1335	0.1335	0.1387	0.1511	0.1684	0.1093	0.1004	0.0965	0.0976	0.1040	0.1167	0.1377
1639	0.1911	0.1929	0.1923	0.1948	0.1862	0.1843	0.1832	0.1873	0.1937	0.1739	0.1668	0.1632	0.1661	0.1751	0.1867	0.1399	0.1335	0.1335	0.1388	0.1511	0.1685	0.1095	0.1004	0.0964	0.0974	0.1040	0.1168	0.1377
1640	0.1911	0.1930	0.1923	0.1948	0.1863	0.1843	0.1833	0.1874	0.1939	0.1740	0.1668	0.1633	0.1661	0.1750	0.1869	0.1400	0.1337	0.1336	0.1388	0.1512	0.1686	0.1095	0.1003	0.0964	0.0974	0.1040	0.1168	0.1377
1641	0.1910	0.1932	0.1924	0.1949	0.1864	0.1844	0.1834	0.1874	0.1941	0.1741	0.1667	0.1633	0.1662	0.1749	0.1871	0.1400	0.1338	0.1337	0.1388	0.1513	0.1687	0.1094	0.1002	0.0964	0.0974	0.1040	0.1168	0.1378
1642	0.1912	0.1932	0.1926	0.1951	0.1864	0.1845	0.1835	0.1875	0.1941	0.1741	0.1668	0.1634	0.1662	0.1750	0.1871	0.1401	0.1338	0.1338	0.1389	0.1514	0.1689	0.1094	0.1003	0.0966	0.0975	0.1042	0.1169	0.1380
1643	0.1914	0.1932	0.1927	0.1954	0.1865	0.1846	0.1836	0.1875	0.1942	0.1740	0.1668	0.1636	0.1662	0.1751	0.1872	0.1402	0.1338	0.1338	0.1390	0.1514	0.1690	0.1093	0.1003	0.0967	0.0976	0.1044	0.1170	0.1383
1644	0.1914	0.1933	0.1928	0.1954	0.1864	0.1846	0.1836	0.1876	0.1943	0.1740	0.1670	0.1636	0.1663	0.1751	0.1872	0.1402	0.1340	0.1338	0.1390	0.1513	0.1689	0.1094	0.1003	0.0968	0.0977	0.1043	0.1169	0.1382
1645	0.1914	0.1934	0.1929	0.1954	0.1863	0.1847	0.1837	0.1876	0.1944	0.1741	0.1672	0.1637	0.1664	0.1750	0.1873	0.1401	0.1341	0.1339	0.1389	0.1512	0.1689	0.1095	0.1003	0.0969	0.0977	0.1041	0.1168	0.1382
1646	0.1914	0.1935	0.1929	0.1955	0.1863	0.1846	0.1838	0.1876	0.1945	0.1741	0.1673	0.1636	0.1664	0.1750	0.1874	0.1402	0.1341	0.1339	0.1389	0.1513	0.1689	0.1096	0.1005	0.0968	0.0977	0.1042	0.1168	0.1381
1647	0.1913	0.1936	0.1928	0.1956	0.1863	0.1846	0.1839	0.1876	0.1946	0.1741	0.1674	0.1635	0.1664	0.1751	0.1874	0.1403	0.1340	0.1338	0.1389	0.1514	0.1690	0.1096	0.1006	0.0967	0.0978	0.1044	0.1168	0.1381
1648	0.1913	0.1937	0.1928	0.1956	0.1864	0.1846	0.1839	0.1876	0.1946	0.1741	0.1674	0.1637	0.1664	0.1750	0.1874	0.1403	0.1340	0.1339	0.1390	0.1515	0.1690	0.1096	0.1005	0.0968	0.0978	0.1044	0.1168	0.1381
1649	0.1914	0.1939	0.1927	0.1956	0.1865	0.1846	0.1839	0.1876	0.1946	0.1742	0.1674	0.1638	0.1664	0.1750	0.1874	0.1403	0.1340	0.1340	0.1391	0.1516	0.1691	0.1096	0.1005	0.0969	0.0978	0.1045	0.1168	0.1382
1650	0.1914	0.1939	0.1929	0.1955	0.1865	0.1847	0.1839	0.1877	0.1946	0.1742	0.1675	0.1638	0.1664	0.1751	0.1874	0.1404	0.1341	0.1339	0.1392	0.1517	0.1692	0.1096	0.1006	0.0969	0.0978	0.1046	0.1169	0.1382
1651	0.1914	0.1940	0.1931	0.1955	0.1865	0.1848	0.1840	0.1877	0.1948	0.1742	0.1676	0.1639	0.1664	0.1752	0.1874	0.1406	0.1342	0.1339	0.1393	0.1518	0.1692	0.1097	0.1007	0.0969	0.0979	0.1046	0.1170	0.1382
1652	0.1915	0.1941	0.1932	0.1955	0.1865	0.1847	0.1841	0.1877	0.1947	0.1743	0.1676	0.1640	0.1666	0.1753	0.1875	0.1407	0.1342	0.1340	0.1394	0.1518	0.1692	0.1096	0.1008	0.0968	0.0978	0.1047	0.1170	0.1382
1653	0.1915	0.1943	0.1932	0.1955	0.1865	0.1847	0.1842	0.1877	0.1946	0.1744	0.1676	0.1640	0.1668	0.1754	0.1875	0.1409	0.1342	0.1342	0.1394	0.1519	0.1692	0.1096	0.1008	0.0968	0.0977	0.1048	0.1169	0.1383
1654	0.1916	0.1945	0.1934	0.1956	0.1866	0.1848	0.1842	0.1878	0.1946	0.1744	0.1675	0.1639	0.1668	0.1755	0.1877	0.1407	0.1342	0.1341	0.1395	0.1520	0.1693	0.1097	0.1010	0.0968	0.0978	0.1048	0.1171	0.1384
1655	0.1917	0.1947	0.1936	0.1957	0.1867	0.1849	0.1842	0.1880	0.1947	0.1745	0.1674	0.1638	0.1668	0.1755	0.1879	0.1406	0.1342	0.1341	0.1395	0.1522	0.1693	0.1097	0.1011	0.0969	0.0980	0.1049	0.1172	0.1384
1656	0.1917	0.1947	0.1935	0.1959	0.1869	0.1851	0.1842	0.1880	0.1946	0.1746	0.1674	0.1638	0.1669	0.1756	0.1881	0.1407	0.1342	0.1343	0.1396	0.1522	0.1695	0.1098	0.1009	0.0968	0.0980	0.1049	0.1173	0.1384
1657	0.1917	0.1947	0.1934	0.1960	0.1870	0.1853	0.1842	0.1881	0.1946	0.1747	0.1674	0.1638	0.1670	0.1756	0.1882	0.1408	0.1344	0.1344	0.1397	0.1522	0.1696	0.1098	0.1008	0.0967	0.0980	0.1050	0.1173	0.1383
1658	0.1919	0.1947	0.1933	0.1961	0.1869	0.1852	0.1842	0.1881	0.1947	0.1748	0.1676	0.1640	0.1670	0.1757	0.1883	0.1409	0.1344	0.1344	0.1398	0.1522	0.1696	0.1098	0.1008	0.0968	0.0981	0.1051	0.1174	0.1385
1659	0.1921	0.1948	0.1933	0.1962	0.1868	0.1852	0.1842	0.1881	0.1948	0.1748	0.1679	0.1642	0.1671	0.1757	0.1883	0.1409	0.1344	0.1345	0.1398	0.1521	0.1696	0.1097	0.1008	0.0968	0.0981	0.1051	0.1175	0.1387
1660	0.1920	0.1947	0.1934	0.1962	0.1869	0.1853	0.1841	0.1882	0.1949	0.1749	0.1679	0.1643	0.1671	0.1758	0.1883	0.1409	0.1344	0.1346	0.1398	0.1522	0.1698	0.1098	0.1007	0.0968	0.0981	0.1051	0.1175	0.1386
1661	0.1920	0.1946	0.1935	0.1963	0.1871	0.1854	0.1841	0.1883	0.1950	0.1750	0.1679	0.1644	0.1671	0.1759	0.1883	0.1409	0.1344	0.1346	0.1399	0.1523	0.1699	0.1098	0.1007	0.0968	0.0981	0.1050	0.1175	0.1384
1662	0.1920	0.1948	0.1935	0.1962	0.1872	0.1855	0.1842	0.1884	0.1951	0.1750	0.1679	0.1645	0.1672	0.1760	0.1884	0.1410	0.1344	0.1346	0.1400	0.1523	0.1700	0.1098	0.1009	0.0969	0.0982	0.1051	0.1175	0.1384
1663	0.1921	0.1950	0.1936	0.1961	0.1872	0.1856	0.1843	0.1884	0.1952	0.1750	0.1679	0.1645	0.1673	0.1760	0.1885	0.1411	0.1344	0.1345	0.1401	0.1524	0.1700	0.1098	0.1010	0.0970	0.0983	0.1052	0.1176	0.1383
1664	0.1920	0.1950	0.1936	0.1960	0.1872	0.1856	0.1844	0.1885	0.1952	0.1751	0.1679	0.1645	0.1673	0.1761	0.1885	0.1410	0.1346	0.1347	0.1401	0.1525	0.1700	0.1098	0.1009	0.0972	0.0984	0.1052	0.1176	0.1384
1665	0.1920	0.1950	0.1937	0.1960	0.1871	0.1856	0.1845	0.1886	0.1953	0.1752	0.1679	0.1646	0.1673	0.1762	0.1885	0.1410	0.1347	0.1348	0.1401	0.1526	0.1699	0.1097	0.1008	0.0973	0.0984	0.1052	0.1176	0.1385
1666	0.1922	0.1950	0.1937	0.1962	0.1872	0.1857	0.1845	0.1884	0.1953	0.1751	0.1681	0.1645	0.1674	0.1763	0.1886	0.1410	0.1348	0.1349	0.1400	0.1526	0.1699	0.1097	0.1008	0.0973	0.0984	0.1052	0.1176	0.1387
1667	0.1923	0.1950	0.1937	0.1964	0.1872	0.1858	0.1846	0.1884	0.1953	0.1749	0.1682	0.1644	0.1674	0.1764	0.1886	0.1410	0.1349	0.1349	0.1400	0.1526	0.1700	0.1097	0.1009	0.0973	0.0983	0.1051	0.1176	0.1389
1668	0.1923	0.1948	0.1938	0.1964	0.1873	0.1858	0.1846	0.1885	0.1955	0.1749	0.1681	0.1645	0.1674	0.1764	0.1886	0.1411	0.1349	0.1350	0.1400	0.1526	0.1701	0.1097	0.1009	0.0972	0.0983	0.1052	0.1179	0.1389
1669	0.1923	0.1947	0.1938	0.1964	0.1874	0.1858	0.1847	0.1886	0.1956	0.1749	0.1680	0.1646	0.1674	0.1764	0.1886	0.1411	0.1349	0.1350	0.1401	0.1526	0.1702	0.1097	0.1009	0.0972	0.0984	0.1052	0.1181	0.1390
1670	0.1923	0.1948	0.1939	0.1965	0.1875	0.1857	0.1845	0.1887	0.1955	0.1749	0.1681	0.1646	0.1675	0.1764	0.1886	0.1411	0.1349	0.1350	0.1403	0.1526	0.1703	0.1098	0.1009	0.0973	0.0985	0.1053	0.1181	0.1391
1671	0.1923	0.1948	0.1940	0.1966	0.1875	0.1857	0.1844	0.1888	0.1954	0.1750	0.1681	0.1647	0.1677	0.1764	0.1886	0.1410	0.1348	0.1350	0.1404	0.1527	0.1703	0.1098	0.1008	0.0973	0.0987	0.1054	0.1181	0.1392
1672	0.1924	0.1948	0.1939	0.1968	0.1876	0.1858	0.1844	0.1889	0.1955	0.1750	0.1681	0.1648	0.1678	0.1764	0.1888	0.1412	0.1349	0.1351	0.1404	0.1526	0.1703	0.1098	0.1009	0.0972	0.0987	0.1054	0.1182	0.1392
1673	0.1925	0.1949	0.1938	0.1970	0.1876	0.1859	0.1844	0.1890	0.1956	0.1751	0.1681	0.1649	0.1679	0.1765	0.1890	0.1414	0.1350	0.1352	0.1404	0.1526	0.1703	0.1099	0.1010	0.0971	0.0987	0.1055	0.1182	0.1392
1674	0.1926	0.1949	0.1938	0.1970	0.1878	0.1859	0.1845	0.1890	0.1957	0.1753	0.1682	0.1649	0.1679	0.1765	0.1892	0.1416	0.1350	0.1352	0.1404	0.1526	0.1704	0.1100	0.1010	0.0972	0.0986	0.1056	0.1181	0.1393
1675	0.1927	0.1949	0.1939	0.1970	0.1879	0.1859	0.1846	0.1890	0.1958	0.1754	0.1683	0.1650	0.1679	0.1766	0.1893	0.1417	0.1350	0.1352	0.1405	0.1526	0.1705	0.1101	0.1011	0.0973	0.0986	0.1056	0.1180	0.1394
1676	0.1926	0.1949	0.1939	0.1969	0.1878	0.1858	0.1848	0.1890	0.1959	0.1752	0.1684	0.1651	0.1679	0.1764	0.1892	0.1416	0.1349	0.1351	0.1405	0.1527	0.1706	0.1101	0.1012	0.0973	0.0987	0.1056	0.1180	0.1394
1677	0.1926	0.1949	0.1940	0.1969	0.1878	0.1858	0.1850	0.1890	0.1959	0.1751	0.1684	0.1651	0.1680	0.1763	0.1891	0.1416	0.1348	0.1351	0.1405	0.1528	0.1707	0.1101	0.1013	0.0974	0.0987	0.1055	0.1181	0.1395
1678	0.1928	0.1951	0.1941	0.1969	0.1877	0.1858	0.1851	0.1891	0.1958	0.1752	0.1684	0.1652	0.1681	0.1764	0.1891	0.1417	0.1349	0.1351	0.1405	0.1528	0.1708	0.1101	0.1013	0.0974	0.0986	0.1055	0.1182	0.1396
1679	0.1929	0.1952	0.1941	0.1970	0.1877	0.1860	0.1851	0.1891	0.1959	0.1754	0.1684	0.1652	0.1682	0.1764	0.1891	0.1417	0.1350	0.1351	0.1405	0.1529	0.1709	0.1101	0.1014	0.0974	0.0986	0.1055	0.1183	0.1397
1680	0.1929	0.1952	0.1940	0.1972	0.1877	0.1861	0.1849	0.1891	0.1960	0.1754	0.1684	0.1651	0.1683	0.1765	0.1890	0.1416	0.1349	0.1350	0.1406	0.1530	0.1709	0.1100	0.1013	0.0973	0.0987	0.1057	0.1183	0.1397
1681	0.1928	0.1952	0.1939	0.1973	0.1877	0.1863	0.1849	0.1891	0.1962	0.1754	0.1684	0.1650	0.1684	0.1765	0.1890	0.1415	0.1349	0.1351	0.1407	0.1530	0.1709	0.1099	0.1012	0.0973	0.0988	0.1058	0.1184	0.1398
1682	0.1929	0.1952	0.1940	0.1974	0.1878	0.1864	0.1850	0.1891	0.1962	0.1753	0.1686	0.1650	0.1683	0.1767	0.1892	0.1416	0.1351	0.1352	0.1408	0.1530	0.1709	0.1100	0.1013	0.0975	0.0988	0.1059	0.1184	0.1398
1683	0.1929	0.1953	0.1941	0.1974	0.1878	0.1864	0.1851	0.1891	0.1962	0.1753	0.1687	0.1651	0.1683	0.1768	0.1893	0.1417	0.1351	0.1353	0.1408	0.1530	0.1708	0.1100	0.1013	0.0976	0.0988	0.1059	0.1184	0.1398
1684	0.1927	0.1953	0.1941	0.1973	0.1878	0.1864	0.1852	0.1891	0.1962	0.1753	0.1687	0.1652	0.1684	0.1768	0.1893	0.1417	0.1350	0.1353	0.1408	0.1530	0.1709	0.1101	0.1014	0.0975	0.0989	0.1059	0.1184	0.1399
1685	0.1927	0.1954	0.1941	0.1972	0.1878	0.1864	0.1853	0.1891	0.1962	0.1754	0.1687	0.1652	0.1685	0.1768	0.1895	0.1417	0.1349	0.1353	0.1408	0.1530	0.1709	0.1101	0.1015	0.0975	0.0990	0.1059	0.1184	0.1400
1686	0.1928	0.1954	0.1942	0.1972	0.1879	0.1864	0.1852	0.1891	0.1961	0.1755	0.1687	0.1652	0.1685	0.1769	0.1897	0.1419	0.1349	0.1354	0.1409	0.1529	0.1709	0.1101	0.1012	0.0976	0.0990	0.1058	0.1185	0.1400
1687	0.1929	0.1954	0.1943	0.1973	0.1879	0.1864	0.1852	0.1892	0.1960	0.1755	0.1688	0.1652	0.1685	0.1770	0.1898	0.1419	0.1349	0.1354	0.1410	0.1529	0.1709	0.1101	0.1012	0.0977	0.0990	0.1058	0.1185	0.1400
1688	0.1931	0.1953	0.1945	0.1975	0.1880	0.1865	0.1853	0.1892	0.1959	0.1755	0.1688	0.1653	0.1685	0.1770	0.1897	0.1417	0.1351	0.1355	0.1408	0.1530	0.1710	0.1102	0.1012	0.0977	0.0989	0.1058	0.1186	0.1399
1689	0.1931	0.1954	0.1946	0.1975	0.1880	0.1865	0.1853	0.1893	0.1959	0.1755	0.1688	0.1653	0.1685	0.1771	0.1897	0.1416	0.1352	0.1356	0.1407	0.1531	0.1711	0.1103	0.1013	0.0978	0.0988	0.1059	0.1186	0.1399
1690	0.1930	0.1955	0.1947	0.1975	0.1879	0.1863	0.1852	0.1894	0.1960	0.1755	0.1688	0.1654	0.1686	0.1772	0.1898	0.1418	0.1353	0.1357	0.1408	0.1532	0.1712	0.1104	0.1014	0.0978	0.0987	0.1060	0.1187	0.1399
1691	0.1930	0.1956	0.1948	0.1975	0.1879	0.1863	0.1852	0.1895	0.1960	0.1756	0.1687	0.1653	0.1687	0.1773	0.1899	0.1419	0.1354	0.1357	0.1409	0.1533	0.1714	0.1104	0.1014	0.0978	0.0986	0.1061	0.1188	0.1400
1692	0.1930	0.1956	0.1947	0.1976	0.1880	0.1864	0.1852	0.1896	0.1962	0.1758	0.1687	0.1653	0.1688	0.1773	0.1899	0.1420	0.1354	0.1356	0.1408	0.1533	0.1715	0.1103	0.1014	0.0976	0.0987	0.1061	0.1188	0.1402
1693	0.1931	0.1957	0.1947	0.1976	0.1881	0.1866	0.1852	0.1897	0.1962	0.1759	0.1688	0.1654	0.1688	0.1774	0.1899	0.1420	0.1355	0.1356	0.1409	0.1533	0.1716	0.1102	0.1015	0.0976	0.0989	0.1061	0.1188	0.1403
1694	0.1932	0.1959	0.1947	0.1977	0.1883	0.1868	0.1852	0.1898	0.1961	0.1759	0.1689	0.1657	0.1686	0.1774	0.1901	0.1421	0.1355	0.1357	0.1409	0.1533	0.1717	0.1102	0.1016	0.0977	0.0990	0.1062	0.1188	0.1403
1695	0.1933	0.1959	0.1946	0.1977	0.1884	0.1869	0.1852	0.1898	0.1961	0.1759	0.1689	0.1657	0.1686	0.1774	0.1902	0.1420	0.1355	0.1357	0.1410	0.1534	0.1717	0.1103	0.1016	0.0978	0.0991	0.1063	0.1188	0.1403
1696	0.1934	0.1959	0.1945	0.1977	0.1884	0.1868	0.1853	0.1897	0.1962	0.1757	0.1689	0.1657	0.1687	0.1774	0.1902	0.1420	0.1355	0.1358	0.1411	0.1536	0.1717	0.1103	0.1016	0.0978	0.0992	0.1063	0.1188	0.1403
1697	0.1935	0.1959	0.1946	0.1977	0.1883	0.1868	0.1854	0.1897	0.1963	0.1756	0.1689	0.1657	0.1687	0.1774	0.1903	0.1420	0.1355	0.1358	0.1411	0.1537	0.1717	0.1104	0.1015	0.0980	0.0993	0.1063	0.1187	0.1404
1698	0.1936	0.1959	0.1946	0.1975	0.1882	0.1869	0.1854	0.1897	0.1963	0.1756	0.1689	0.1658	0.1687	0.1774	0.1904	0.1419	0.1356	0.1358	0.1413	0.1537	0.1718	0.1104	0.1014	0.0982	0.0992	0.1063	0.1187	0.1405
1699	0.1937	0.1958	0.1947	0.1974	0.1882	0.1870	0.1854	0.1897	0.1964	0.1755	0.1690	0.1658	0.1688	0.1774	0.1904	0.1420	0.1356	0.1359	0.1414	0.1536	0.1717	0.1103	0.1014	0.0982	0.0992	0.1063	0.1187	0.1405
1700	0.1936	0.1957	0.1947	0.1974	0.1881	0.1869	0.1854	0.1898	0.1965	0.1755	0.1690	0.1658	0.1689	0.1775	0.1904	0.1422	0.1355	0.1361	0.1414	0.1536	0.1716	0.1101	0.1015	0.0981	0.0994	0.1064	0.1187	0.1406
1701	0.1935	0.1957	0.1947	0.1974	0.1882	0.1869	0.1854	0.1898	0.1966	0.1754	0.1690	0.1657	0.1690	0.1776	0.1904	0.1422	0.1355	0.1362	0.1415	0.1536	0.1716	0.1101	0.1016	0.0981	0.0994	0.1063	0.1187	0.1406
1702	0.1935	0.1958	0.1947	0.1974	0.1883	0.1869	0.1854	0.1898	0.1965	0.1753	0.1689	0.1657	0.1690	0.1777	0.1904	0.1422	0.1356	0.1364	0.1415	0.1535	0.1716	0.1102	0.1017	0.0980	0.0993	0.1062	0.1187	0.1407
1703	0.1934	0.1958	0.1947	0.1975	0.1883	0.1870	0.1854	0.1898	0.1965	0.1754	0.1689	0.1656	0.1690	0.1778	0.1905	0.1423	0.1356	0.1364	0.1414	0.1537	0.1717	0.1104	0.1017	0.0979	0.0993	0.1063	0.1187	0.1408
1704	0.1934	0.1957	0.1947	0.1976	0.1883	0.1870	0.1853	0.1898	0.1966	0.1755	0.1689	0.1655	0.1690	0.1779	0.1905	0.1425	0.1357	0.1363	0.1413	0.1539	0.1719	0.1105	0.1016	0.0978	0.0994	0.1066	0.1187	0.1409
1705	0.1934	0.1957	0.1948	0.1977	0.1883	0.1869	0.1853	0.1898	0.1966	0.1756	0.1690	0.1656	0.1691	0.1779	0.1905	0.1425	0.1357	0.1362	0.1412	0.1539	0.1720	0.1105	0.1016	0.0977	0.0994	0.1066	0.1188	0.1409
1706	0.1935	0.1957	0.1949	0.1978	0.1884	0.1867	0.1854	0.1898	0.1966	0.1756	0.1691	0.1658	0.1691	0.1778	0.1906	0.1424	0.1357	0.1360	0.1411	0.1539	0.1721	0.1103	0.1016	0.0978	0.0993	0.1064	0.1188	0.1409
1707	0.1934	0.1958	0.1949	0.1977	0.1883	0.1867	0.1854	0.1897	0.1967	0.1757	0.1691	0.1658	0.1691	0.1778	0.1907	0.1422	0.1357	0.1359	0.1411	0.1539	0.1721	0.1102	0.1016	0.0979	0.0993	0.1064	0.1188	0.1410
1708	0.1934	0.1958	0.1948	0.1976	0.1882	0.1869	0.1854	0.1896	0.1967	0.1758	0.1691	0.1659	0.1689	0.1778	0.1907	0.1420	0.1357	0.1358	0.1412	0.1538	0.1721	0.1101	0.1016	0.0981	0.0992	0.1065	0.1188	0.1410
1709	0.1935	0.1959	0.1948	0.1975	0.1882	0.1870	0.1854	0.1895	0.1966	0.1758	0.1691	0.1658	0.1689	0.1778	0.1908	0.1420	0.1355	0.1359	0.1412	0.1539	0.1720	0.1101	0.1015	0.0981	0.0993	0.1066	0.1189	0.1409
1710	0.1936	0.1959	0.1947	0.1975	0.1882	0.1870	0.1853	0.1894	0.1965	0.1757	0.1693	0.1656	0.1689	0.1778	0.1909	0.1420	0.1354	0.1359	0.1413	0.1540	0.1719	0.1102	0.1015	0.0981	0.0994	0.1066	0.1190	0.1408
1711	0.1935	0.1958	0.1947	0.1976	0.1882	0.1870	0.1854	0.1894	0.1965	0.1758	0.1693	0.1656	0.1689	0.1777	0.1908	0.1419	0.1353	0.1360	0.1413	0.1540	0.1719	0.1101	0.1015	0.0980	0.0994	0.1068	0.1192	0.1408
1712	0.1933	0.1957	0.1947	0.1977	0.1882	0.1870	0.1855	0.1893	0.1965	0.1760	0.1693	0.1657	0.1688	0.1777	0.1906	0.1418	0.1353	0.1360	0.1413	0.1540	0.1719	0.1101	0.1015	0.0980	0.0995	0.1069	0.1194	0.1409
1713	0.1932	0.1957	0.1947	0.1976	0.1883	0.1869	0.1855	0.1893	0.1966	0.1759	0.1691	0.1657	0.1688	0.1777	0.1906	0.1418	0.1353	0.1360	0.1414	0.1540	0.1720	0.1100	0.1015	0.0980	0.0995	0.1069	0.1193	0.1411
1714	0.1932	0.1958	0.1946	0.1975	0.1883	0.1867	0.1855	0.1893	0.1967	0.1757	0.1689	0.1657	0.1688	0.1777	0.1906	0.1420	0.1354	0.1360	0.1414	0.1540	0.1721	0.1100	0.1015	0.0980	0.0995	0.1069	0.1192	0.1413
1715	0.1931	0.1958	0.1946	0.1975	0.1883	0.1868	0.1854	0.1893	0.1966	0.1756	0.1689	0.1657	0.1688	0.1776	0.1905	0.1420	0.1355	0.1360	0.1414	0.1539	0.1722	0.1100	0.1016	0.0980	0.0994	0.1069	0.1191	0.1413
1716	0.1931	0.1958	0.1946	0.1975	0.1882	0.1870	0.1853	0.1894	0.1966	0.1755	0.1689	0.1657	0.1687	0.1776	0.1904	0.1420	0.1357	0.1360	0.1414	0.1538	0.1723	0.1101	0.1017	0.0980	0.0994	0.1069	0.1190	0.1412
1717	0.1931	0.1956	0.1946	0.1975	0.1881	0.1869	0.1853	0.1895	0.1965	0.1755	0.1688	0.1657	0.1689	0.1776	0.1904	0.1419	0.1356	0.1361	0.1414	0.1537	0.1722	0.1101	0.1016	0.0981	0.0994	0.1068	0.1191	0.1413
1718	0.1931	0.1954	0.1947	0.1975	0.1880	0.1868	0.1852	0.1895	0.1965	0.1755	0.1688	0.1656	0.1692	0.1775	0.1904	0.1418	0.1355	0.1362	0.1414	0.1536	0.1722	0.1101	0.1015	0.0981	0.0994	0.1068	0.1193	0.1414
1719	0.1930	0.1954	0.1947	0.1974	0.1880	0.1866	0.1853	0.1895	0.1964	0.1754	0.1687	0.1657	0.1693	0.1775	0.1902	0.1418	0.1355	0.1361	0.1414	0.1537	0.1721	0.1101	0.1016	0.0981	0.0994	0.1068	0.1193	0.1414
1720	0.1930	0.1955	0.1946	0.1973	0.1881	0.1864	0.1854	0.1895	0.1963	0.1753	0.1686	0.1658	0.1694	0.1775	0.1900	0.1418	0.1355	0.1359	0.1414	0.1538	0.1719	0.1101	0.1016	0.0981	0.0994	0.1069	0.1193	0.1413
1721	0.1929	0.1954	0.1946	0.1973	0.1880	0.1864	0.1853	0.1894	0.1963	0.1754	0.1687	0.1657	0.1692	0.1775	0.1901	0.1418	0.1355	0.1357	0.1413	0.1539	0.1719	0.1101	0.1015	0.0981	0.0995	0.1069	0.1192	0.1414
1722	0.1927	0.1953	0.1945	0.1974	0.1880	0.1863	0.1852	0.1893	0.1963	0.1755	0.1687	0.1657	0.1690	0.1775	0.1903	0.1417	0.1355	0.1356	0.1413	0.1539	0.1720	0.1100	0.1013	0.0982	0.0995	0.1069	0.1192	0.1414
1723	0.1928	0.1952	0.1943	0.1972	0.1880	0.1862	0.1851	0.1893	0.1960	0.1754	0.1685	0.1657	0.1690	0.1773	0.1903	0.1417	0.1354	0.1358	0.1413	0.1538	0.1720	0.1100	0.1013	0.0982	0.0994	0.1068	0.1192	0.1414
1724	0.1929	0.1951	0.1940	0.1970	0.1879	0.1861	0.1850	0.1894	0.1958	0.1752	0.1682	0.1657	0.1689	0.1770	0.1903	0.1416	0.1354	0.1360	0.1413	0.1537	0.1720	0.1099	0.1014	0.0982	0.0993	0.1067	0.1191	0.1414
1725	0.1928	0.1949	0.1940	0.1970	0.1878	0.1860	0.1849	0.1893	0.1958	0.1753	0.1683	0.1655	0.1688	0.1771	0.1901	0.1416	0.1355	0.1360	0.1413	0.1536	0.1719	0.1100	0.1013	0.0982	0.0993	0.1067	0.1192	0.1414
1726	0.1928	0.1947	0.1941	0.1970	0.1877	0.1859	0.1849	0.1892	0.1957	0.1754	0.1684	0.1654	0.1686	0.1772	0.1900	0.1416	0.1355	0.1360	0.1413	0.1534	0.1719	0.1102	0.1013	0.0981	0.0992	0.1067	0.1192	0.1414
1727	0.1928	0.1946	0.1939	0.1967	0.1875	0.1859	0.1849	0.1892	0.1958	0.1754	0.1683	0.1653	0.1687	0.1772	0.1899	0.1416	0.1354	0.1359	0.1412	0.1535	0.1718	0.1099	0.1013	0.0981	0.0993	0.1065	0.1194	0.1413
1728	0.1927	0.1946	0.1938	0.1965	0.1874	0.1859	0.1850	0.1892	0.1958	0.1754	0.1683	0.1653	0.1687	0.1771	0.1899	0.1417	0.1353	0.1358	0.1411	0.1536	0.1718	0.1097	0.1013	0.0980	0.0993	0.1064	0.1195	0.1413
1729	0.1926	0.1946	0.1938	0.1966	0.1873	0.1858	0.1848	0.1891	0.1957	0.1752	0.1683	0.1652	0.1684	0.1770	0.1900	0.1416	0.1351	0.1358	0.1411	0.1537	0.1719	0.1099	0.1012	0.0980	0.0994	0.1065	0.1194	0.1413
1730	0.1925	0.1946	0.1937	0.1967	0.1872	0.1858	0.1847	0.1891	0.1956	0.1751	0.1684	0.1652	0.1681	0.1770	0.1900	0.1415	0.1349	0.1357	0.1412	0.1537	0.1720	0.1099	0.1012	0.0980	0.0994	0.1066	0.1193	0.1414
1731	0.1923	0.1945	0.1936	0.1966	0.1872	0.1856	0.1846	0.1893	0.1955	0.1750	0.1683	0.1650	0.1683	0.1770	0.1899	0.1416	0.1349	0.1356	0.1412	0.1537	0.1721	0.1100	0.1013	0.0981	0.0993	0.1067	0.1192	0.1414
1732	0.1920	0.1945	0.1935	0.1966	0.1872	0.1854	0.1845	0.1894	0.1954	0.1749	0.1683	0.1648	0.1684	0.1770	0.1898	0.1416	0.1348	0.1355	0.1412	0.1536	0.1722	0.1100	0.1014	0.0981	0.0992	0.1068	0.1191	0.1415
1733	0.1918	0.1945	0.1937	0.1964	0.1871	0.1854	0.1845	0.1893	0.1955	0.1748	0.1682	0.1648	0.1683	0.1769	0.1896	0.1415	0.1348	0.1355	0.1411	0.1536	0.1720	0.1099	0.1014	0.0980	0.0993	0.1069	0.1191	0.1415
1734	0.1916	0.1944	0.1938	0.1961	0.1870	0.1853	0.1845	0.1893	0.1955	0.1747	0.1681	0.1647	0.1682	0.1768	0.1894	0.1414	0.1347	0.1354	0.1410	0.1536	0.1719	0.1098	0.1014	0.0980	0.0993	0.1070	0.1190	0.1415
1735	0.1915	0.1943	0.1936	0.1959	0.1868	0.1854	0.1846	0.1892	0.1954	0.1747	0.1679	0.1647	0.1682	0.1767	0.1896	0.1413	0.1348	0.1354	0.1410	0.1536	0.1719	0.1100	0.1014	0.0980	0.0994	0.1069	0.1188	0.1415
1736	0.1914	0.1942	0.1935	0.1958	0.1867	0.1855	0.1845	0.1891	0.1953	0.1747	0.1677	0.1647	0.1682	0.1766	0.1896	0.1412	0.1347	0.1354	0.1411	0.1536	0.1718	0.1100	0.1014	0.0980	0.0994	0.1068	0.1187	0.1415
1737	0.1913	0.1941	0.1933	0.1957	0.1867	0.1855	0.1844	0.1890	0.1952	0.1748	0.1677	0.1647	0.1681	0.1767	0.1896	0.1413	0.1347	0.1353	0.1410	0.1535	0.1718	0.1099	0.1014	0.0982	0.0992	0.1066	0.1187	0.1416
1738	0.1912	0.1940	0.1932	0.1956	0.1867	0.1854	0.1843	0.1888	0.1952	0.1748	0.1676	0.1646	0.1680	0.1768	0.1895	0.1413	0.1347	0.1353	0.1409	0.1534	0.1718	0.1098	0.1013	0.0982	0.0992	0.1065	0.1187	0.1416
1739	0.1911	0.1941	0.1930	0.1955	0.1866	0.1851	0.1842	0.1886	0.1953	0.1746	0.1674	0.1645	0.1679	0.1767	0.1895	0.1412	0.1348	0.1354	0.1407	0.1535	0.1718	0.1097	0.1010	0.0979	0.0993	0.1064	0.1186	0.1415
1740	0.1910	0.1941	0.1929	0.1955	0.1866	0.1850	0.1841	0.1883	0.1952	0.1744	0.1672	0.1644	0.1678	0.1767	0.1894	0.1411	0.1348	0.1354	0.1406	0.1535	0.1717	0.1096	0.1008	0.0978	0.0994	0.1063	0.1186	0.1415
1741	0.1908	0.1938	0.1929	0.1955	0.1865	0.1849	0.1840	0.1881	0.1950	0.1743	0.1672	0.1643	0.1678	0.1766	0.1891	0.1409	0.1347	0.1353	0.1406	0.1535	0.1716	0.1095	0.1007	0.0977	0.0993	0.1062	0.1188	0.1416
1742	0.1908	0.1936	0.1929	0.1955	0.1864	0.1848	0.1839	0.1879	0.1948	0.1742	0.1672	0.1643	0.1677	0.1766	0.1890	0.1407	0.1346	0.1352	0.1405	0.1533	0.1715	0.1094	0.1007	0.0977	0.0993	0.1062	0.1188	0.1417
1743	0.1909	0.1936	0.1927	0.1952	0.1862	0.1847	0.1837	0.1878	0.1947	0.1741	0.1674	0.1643	0.1676	0.1764	0.1890	0.1407	0.1346	0.1352	0.1405	0.1531	0.1714	0.1093	0.1009	0.0976	0.0991	0.1064	0.1187	0.1416
1744	0.1909	0.1935	0.1926	0.1951	0.1860	0.1844	0.1836	0.1877	0.1946	0.1740	0.1675	0.1643	0.1676	0.1763	0.1889	0.1407	0.1345	0.1351	0.1405	0.1529	0.1713	0.1093	0.1010	0.0976	0.0991	0.1065	0.1186	0.1415
1745	0.1909	0.1933	0.1926	0.1949	0.1860	0.1841	0.1835	0.1876	0.1945	0.1740	0.1674	0.1642	0.1675	0.1763	0.1885	0.1406	0.1344	0.1349	0.1406	0.1529	0.1713	0.1094	0.1009	0.0975	0.0991	0.1063	0.1185	0.1414
1746	0.1907	0.1931	0.1926	0.1948	0.1859	0.1840	0.1835	0.1875	0.1944	0.1740	0.1673	0.1640	0.1674	0.1762	0.1884	0.1406	0.1342	0.1347	0.1406	0.1530	0.1714	0.1094	0.1007	0.0973	0.0991	0.1062	0.1184	0.1413
1747	0.1906	0.1929	0.1926	0.1947	0.1858	0.1841	0.1835	0.1874	0.1943	0.1740	0.1671	0.1638	0.1674	0.1761	0.1885	0.1406	0.1342	0.1347	0.1404	0.1531	0.1714	0.1092	0.1006	0.0973	0.0991	0.1062	0.1184	0.1412
1748	0.1905	0.1928	0.1926	0.1946	0.1857	0.1841	0.1835	0.1872	0.1943	0.1738	0.1670	0.1637	0.1673	0.1762	0.1885	0.1405	0.1341	0.1346	0.1402	0.1531	0.1713	0.1090	0.1005	0.0971	0.0990	0.1062	0.1183	0.1411
1749	0.1905	0.1927	0.1925	0.1945	0.1856	0.1840	0.1834	0.1872	0.1942	0.1736	0.1669	0.1638	0.1672	0.1762	0.1885	0.1403	0.1339	0.1346	0.1402	0.1530	0.1712	0.1089	0.1005	0.0970	0.0989	0.1061	0.1183	0.1410
1750	0.1903	0.1926	0.1923	0.1944	0.1854	0.1839	0.1834	0.1872	0.1940	0.1734	0.1668	0.1637	0.1670	0.1760	0.1885	0.1402	0.1338	0.1345	0.1402	0.1529	0.1711	0.1088	0.1005	0.0971	0.0987	0.1061	0.1182	0.1409
1751	0.1900	0.1925	0.1919	0.1944	0.1852	0.1838	0.1832	0.1871	0.1938	0.1734	0.1665	0.1634	0.1669	0.1758	0.1884	0.1401	0.1338	0.1345	0.1403	0.1527	0.1710	0.1088	0.1005	0.0972	0.0984	0.1059	0.1181	0.1408
1752	0.1898	0.1923	0.1917	0.1944	0.1851	0.1837	0.1831	0.1870	0.1939	0.1734	0.1664	0.1633	0.1667	0.1757	0.1884	0.1400	0.1337	0.1345	0.1402	0.1527	0.1710	0.1088	0.1004	0.0973	0.0984	0.1058	0.1181	0.1408
1753	0.1896	0.1921	0.1915	0.1943	0.1852	0.1835	0.1829	0.1871	0.1940	0.1733	0.1662	0.1633	0.1666	0.1756	0.1884	0.1399	0.1337	0.1345	0.1401	0.1526	0.1711	0.1087	0.1003	0.0975	0.0985	0.1056	0.1182	0.1407
1754	0.1894	0.1921	0.1913	0.1943	0.1850	0.1834	0.1828	0.1869	0.1940	0.1731	0.1662	0.1631	0.1666	0.1756	0.1883	0.1397	0.1337	0.1343	0.1400	0.1525	0.1710	0.1086	0.1003	0.0974	0.0985	0.1057	0.1183	0.1407
1755	0.1893	0.1921	0.1912	0.1941	0.1847	0.1832	0.1826	0.1866	0.1939	0.1729	0.1661	0.1630	0.1666	0.1756	0.1880	0.1395	0.1336	0.1341	0.1398	0.1523	0.1709	0.1084	0.1003	0.0973	0.0986	0.1058	0.1183	0.1406
1756	0.1892	0.1920	0.1912	0.1939	0.1847	0.1831	0.1826	0.1864	0.1937	0.1728	0.1660	0.1630	0.1665	0.1755	0.1880	0.1395	0.1335	0.1340	0.1398	0.1523	0.1709	0.1085	0.1003	0.0972	0.0985	0.1057	0.1183	0.1405
1757	0.1891	0.1920	0.1912	0.1935	0.1847	0.1831	0.1826	0.1863	0.1934	0.1728	0.1659	0.1630	0.1665	0.1754	0.1880	0.1395	0.1334	0.1340	0.1397	0.1523	0.1708	0.1085	0.1003	0.0972	0.0984	0.1057	0.1184	0.1405
1758	0.1891	0.1918	0.1911	0.1935	0.1846	0.1830	0.1826	0.1862	0.1932	0.1727	0.1659	0.1630	0.1662	0.1753	0.1878	0.1394	0.1333	0.1339	0.1395	0.1523	0.1707	0.1087	0.1002	0.0970	0.0983	0.1056	0.1183	0.1405
1759	0.1891	0.1916	0.1908	0.1935	0.1845	0.1829	0.1825	0.1862	0.1931	0.1726	0.1658	0.1631	0.1660	0.1752	0.1875	0.1392	0.1331	0.1339	0.1393	0.1523	0.1707	0.1088	0.1001	0.0969	0.0982	0.1056	0.1182	0.1405
1760	0.1889	0.1915	0.1907	0.1935	0.1842	0.1828	0.1822	0.1862	0.1930	0.1726	0.1657	0.1628	0.1660	0.1752	0.1874	0.1390	0.1333	0.1339	0.1393	0.1522	0.1706	0.1087	0.1000	0.0965	0.0982	0.1055	0.1181	0.1406
1761	0.1887	0.1915	0.1906	0.1935	0.1839	0.1826	0.1819	0.1862	0.1929	0.1726	0.1655	0.1625	0.1659	0.1751	0.1872	0.1388	0.1334	0.1339	0.1393	0.1520	0.1704	0.1086	0.1000	0.0963	0.0983	0.1053	0.1179	0.1407
1762	0.1885	0.1912	0.1905	0.1932	0.1838	0.1826	0.1817	0.1860	0.1929	0.1724	0.1654	0.1624	0.1659	0.1749	0.1871	0.1389	0.1332	0.1340	0.1393	0.1519	0.1703	0.1084	0.0998	0.0964	0.0983	0.1053	0.1177	0.1408
1763	0.1884	0.1909	0.1903	0.1930	0.1838	0.1827	0.1815	0.1858	0.1928	0.1722	0.1654	0.1624	0.1658	0.1747	0.1870	0.1389	0.1330	0.1340	0.1393	0.1517	0.1702	0.1082	0.0996	0.0966	0.0984	0.1053	0.1176	0.1410
1764	0.1883	0.1907	0.1903	0.1929	0.1838	0.1825	0.1815	0.1858	0.1926	0.1720	0.1652	0.1622	0.1659	0.1747	0.1870	0.1389	0.1330	0.1340	0.1391	0.1516	0.1702	0.1080	0.0996	0.0965	0.0983	0.1053	0.1176	0.1408
1765	0.1883	0.1905	0.1903	0.1928	0.1838	0.1824	0.1816	0.1859	0.1924	0.1719	0.1649	0.1621	0.1659	0.1746	0.1870	0.1389	0.1330	0.1340	0.1390	0.1516	0.1701	0.1079	0.0997	0.0963	0.0982	0.1054	0.1177	0.1407
1766	0.1882	0.1905	0.1901	0.1927	0.1838	0.1824	0.1814	0.1857	0.1924	0.1720	0.1648	0.1621	0.1656	0.1746	0.1869	0.1389	0.1327	0.1337	0.1389	0.1515	0.1703	0.1080	0.0995	0.0962	0.0982	0.1054	0.1177	0.1406
1767	0.1881	0.1906	0.1899	0.1926	0.1838	0.1824	0.1812	0.1856	0.1923	0.1720	0.1647	0.1621	0.1653	0.1745	0.1868	0.1389	0.1324	0.1335	0.1388	0.1514	0.1704	0.1081	0.0994	0.0960	0.0982	0.1055	0.1176	0.1405
1768	0.1880	0.1906	0.1899	0.1925	0.1837	0.1819	0.1810	0.1854	0.1922	0.1719	0.1647	0.1619	0.1654	0.1744	0.1869	0.1388	0.1324	0.1335	0.1389	0.1513	0.1702	0.1080	0.0994	0.0959	0.0980	0.1054	0.1176	0.1404
1769	0.1878	0.1906	0.1898	0.1924	0.1836	0.1816	0.1807	0.1853	0.1921	0.1718	0.1646	0.1618	0.1654	0.1743	0.1870	0.1386	0.1325	0.1335	0.1389	0.1512	0.1700	0.1080	0.0994	0.0958	0.0979	0.1052	0.1176	0.1403
1770	0.1878	0.1904	0.1898	0.1922	0.1834	0.1815	0.1808	0.1852	0.1918	0.1716	0.1647	0.1617	0.1653	0.1743	0.1867	0.1385	0.1326	0.1334	0.1388	0.1513	0.1700	0.1079	0.0993	0.0957	0.0979	0.1052	0.1175	0.1403
1771	0.1878	0.1903	0.1898	0.1921	0.1833	0.1815	0.1808	0.1852	0.1916	0.1715	0.1647	0.1617	0.1652	0.1743	0.1865	0.1385	0.1327	0.1333	0.1388	0.1514	0.1700	0.1079	0.0992	0.0957	0.0978	0.1052	0.1175	0.1404
1772	0.1878	0.1905	0.1898	0.1921	0.1833	0.1815	0.1808	0.1852	0.1918	0.1714	0.1645	0.1615	0.1650	0.1741	0.1864	0.1386	0.1326	0.1331	0.1390	0.1516	0.1700	0.1078	0.0991	0.0959	0.0980	0.1050	0.1175	0.1404
1773	0.1878	0.1906	0.1896	0.1920	0.1832	0.1815	0.1808	0.1852	0.1919	0.1713	0.1643	0.1614	0.1649	0.1740	0.1863	0.1387	0.1324	0.1330	0.1391	0.1517	0.1700	0.1077	0.0991	0.0959	0.0981	0.1049	0.1176	0.1404
1774	0.1876	0.1904	0.1893	0.1918	0.1830	0.1815	0.1809	0.1851	0.1919	0.1712	0.1642	0.1612	0.1649	0.1739	0.1862	0.1385	0.1323	0.1332	0.1389	0.1515	0.1698	0.1078	0.0989	0.0958	0.0980	0.1048	0.1176	0.1402
1775	0.1875	0.1902	0.1891	0.1917	0.1828	0.1815	0.1810	0.1850	0.1919	0.1711	0.1641	0.1611	0.1648	0.1738	0.1859	0.1383	0.1322	0.1333	0.1388	0.1514	0.1697	0.1078	0.0989	0.0958	0.0979	0.1049	0.1176	0.1400
1776	0.1873	0.1901	0.1891	0.1918	0.1827	0.1814	0.1809	0.1849	0.1917	0.1711	0.1640	0.1611	0.1649	0.1736	0.1855	0.1381	0.1323	0.1331	0.1388	0.1513	0.1698	0.1078	0.0991	0.0959	0.0979	0.1051	0.1174	0.1399
1777	0.1871	0.1899	0.1890	0.1918	0.1827	0.1813	0.1808	0.1848	0.1916	0.1712	0.1639	0.1611	0.1650	0.1735	0.1854	0.1381	0.1324	0.1330	0.1387	0.1513	0.1697	0.1077	0.0993	0.0960	0.0979	0.1051	0.1173	0.1398
1778	0.1870	0.1899	0.1888	0.1917	0.1828	0.1813	0.1806	0.1847	0.1916	0.1713	0.1637	0.1611	0.1648	0.1736	0.1857	0.1382	0.1325	0.1329	0.1384	0.1512	0.1696	0.1076	0.0992	0.0960	0.0979	0.1050	0.1173	0.1396
1779	0.1869	0.1899	0.1888	0.1916	0.1828	0.1813	0.1804	0.1845	0.1916	0.1712	0.1637	0.1611	0.1647	0.1735	0.1858	0.1382	0.1324	0.1329	0.1383	0.1510	0.1695	0.1076	0.0991	0.0959	0.0979	0.1049	0.1173	0.1396
1780	0.1868	0.1897	0.1889	0.1917	0.1828	0.1812	0.1803	0.1843	0.1916	0.1712	0.1637	0.1611	0.1648	0.1734	0.1858	0.1380	0.1322	0.1329	0.1385	0.1509	0.1695	0.1077	0.0990	0.0956	0.0979	0.1049	0.1173	0.1396
1781	0.1869	0.1895	0.1889	0.1917	0.1827	0.1811	0.1804	0.1842	0.1915	0.1711	0.1638	0.1610	0.1646	0.1733	0.1858	0.1378	0.1320	0.1330	0.1385	0.1508	0.1695	0.1077	0.0990	0.0955	0.0979	0.1049	0.1172	0.1397
1782	0.1870	0.1895	0.1889	0.1917	0.1824	0.1809	0.1804	0.1842	0.1913	0.1709	0.1638	0.1610	0.1645	0.1732	0.1859	0.1379	0.1319	0.1331	0.1383	0.1506	0.1694	0.1075	0.0990	0.0954	0.0976	0.1050	0.1170	0.1398
1783	0.1870	0.1894	0.1889	0.1916	0.1824	0.1807	0.1804	0.1842	0.1912	0.1709	0.1637	0.1609	0.1644	0.1732	0.1859	0.1380	0.1318	0.1331	0.1383	0.1506	0.1694	0.1073	0.0989	0.0954	0.0975	0.1049	0.1171	0.1398
1784	0.1869	0.1895	0.1889	0.1916	0.1825	0.1806	0.1805	0.1842	0.1913	0.1710	0.1637	0.1609	0.1643	0.1733	0.1857	0.1382	0.1317	0.1330	0.1383	0.1507	0.1694	0.1072	0.0989	0.0955	0.0976	0.1048	0.1174	0.1397
1785	0.1868	0.1895	0.1889	0.1915	0.1825	0.1806	0.1804	0.1843	0.1912	0.1710	0.1637	0.1609	0.1643	0.1733	0.1858	0.1381	0.1318	0.1329	0.1385	0.1508	0.1694	0.1072	0.0990	0.0954	0.0977	0.1049	0.1174	0.1397
1786	0.1866	0.1896	0.1888	0.1913	0.1825	0.1805	0.1804	0.1843	0.1910	0.1709	0.1639	0.1609	0.1643	0.1733	0.1860	0.1379	0.1319	0.1328	0.1387	0.1510	0.1694	0.1072	0.0991	0.0952	0.0978	0.1051	0.1172	0.1397
1787	0.1867	0.1896	0.1889	0.1912	0.1824	0.1806	0.1804	0.1842	0.1909	0.1709	0.1639	0.1608	0.1644	0.1731	0.1859	0.1376	0.1319	0.1326	0.1386	0.1511	0.1693	0.1072	0.0991	0.0952	0.0978	0.1051	0.1172	0.1397
1788	0.1868	0.1896	0.1889	0.1910	0.1821	0.1807	0.1803	0.1842	0.1909	0.1708	0.1637	0.1606	0.1645	0.1729	0.1858	0.1374	0.1318	0.1324	0.1385	0.1512	0.1692	0.1072	0.0990	0.0953	0.0977	0.1049	0.1172	0.1397
1789	0.1867	0.1896	0.1889	0.1911	0.1822	0.1807	0.1802	0.1843	0.1911	0.1707	0.1637	0.1606	0.1646	0.1729	0.1857	0.1376	0.1318	0.1322	0.1385	0.1513	0.1692	0.1074	0.0990	0.0954	0.0978	0.1050	0.1173	0.1398
1790	0.1865	0.1896	0.1890	0.1913	0.1823	0.1806	0.1800	0.1844	0.1913	0.1707	0.1638	0.1606	0.1646	0.1729	0.1857	0.1377	0.1317	0.1320	0.1386	0.1514	0.1692	0.1074	0.0989	0.0956	0.0979	0.1052	0.1175	0.1399
1791	0.1866	0.1897	0.1889	0.1915	0.1823	0.1807	0.1799	0.1843	0.1912	0.1708	0.1635	0.1607	0.1646	0.1729	0.1858	0.1379	0.1317	0.1322	0.1385	0.1514	0.1691	0.1074	0.0989	0.0957	0.0978	0.1051	0.1175	0.1399
1792	0.1867	0.1898	0.1887	0.1915	0.1823	0.1807	0.1799	0.1841	0.1912	0.1709	0.1633	0.1607	0.1647	0.1729	0.1858	0.1381	0.1317	0.1324	0.1386	0.1513	0.1691	0.1073	0.0989	0.0956	0.0977	0.1051	0.1175	0.1398
1793	0.1868	0.1897	0.1886	0.1915	0.1824	0.1808	0.1799	0.1841	0.1911	0.1711	0.1634	0.1607	0.1646	0.1731	0.1859	0.1381	0.1316	0.1325	0.1387	0.1511	0.1692	0.1073	0.0989	0.0956	0.0979	0.1051	0.1174	0.1398
1794	0.1870	0.1895	0.1885	0.1915	0.1825	0.1808	0.1800	0.1841	0.1910	0.1712	0.1635	0.1606	0.1646	0.1733	0.1860	0.1380	0.1315	0.1325	0.1387	0.1508	0.1694	0.1073	0.0989	0.0955	0.0980	0.1051	0.1173	0.1398
1795	0.1872	0.1894	0.1885	0.1914	0.1825	0.1806	0.1800	0.1842	0.1911	0.1711	0.1635	0.1605	0.1646	0.1733	0.1860	0.1379	0.1315	0.1325	0.1387	0.1507	0.1693	0.1075	0.0990	0.0953	0.0979	0.1051	0.1170	0.1396
1796	0.1873	0.1893	0.1885	0.1913	0.1825	0.1804	0.1800	0.1844	0.1912	0.1710	0.1636	0.1604	0.1646	0.1733	0.1860	0.1378	0.1315	0.1325	0.1387	0.1506	0.1692	0.1077	0.0990	0.0950	0.0978	0.1051	0.1169	0.1395
1797	0.1873	0.1892	0.1885	0.1914	0.1825	0.1806	0.1800	0.1845	0.1913	0.1710	0.1636	0.1607	0.1647	0.1731	0.1859	0.1378	0.1317	0.1326	0.1388	0.1505	0.1691	0.1075	0.0989	0.0954	0.0979	0.1053	0.1171	0.1395
1798	0.1874	0.1892	0.1885	0.1915	0.1825	0.1806	0.1800	0.1846	0.1913	0.1711	0.1635	0.1610	0.1649	0.1730	0.1858	0.1379	0.1319	0.1328	0.1388	0.1503	0.1689	0.1073	0.0988	0.0957	0.0979	0.1054	0.1173	0.1395
1799	0.1875	0.1894	0.1887	0.1915	0.1824	0.1804	0.1799	0.1847	0.1911	0.1711	0.1634	0.1608	0.1648	0.1729	0.1856	0.1378	0.1320	0.1327	0.1386	0.1505	0.1689	0.1073	0.0988	0.0959	0.0980	0.1053	0.1173	0.1398
1800	0.1876	0.1897	0.1889	0.1916	0.1824	0.1803	0.1799	0.1847	0.1909	0.1710	0.1633	0.1606	0.1648	0.1729	0.1855	0.1377	0.1321	0.1326	0.1384	0.1507	0.1688	0.1072	0.0988	0.0961	0.0981	0.1053	0.1174	0.1400
1801	0.1892	0.1888	0.1888	0.1930	0.1843	0.1815	0.1795	0.1842	0.1924	0.1745	0.1648	0.1599	0.1640	0.1735	0.1881	0.1389	0.1315	0.1322	0.1350	0.1478	0.1709	0.1090	0.0983	0.0954	0.0963	0.1010	0.1140	0.1378
1802	0.1892	0.1893	0.1893	0.1933	0.1845	0.1825	0.1796	0.1842	0.1921	0.1748	0.1649	0.1603	0.1637	0.1741	0.1884	0.1387	0.1312	0.1323	0.1349	0.1484	0.1707	0.1091	0.0978	0.0952	0.0963	0.1011	0.1137	0.1380
1803	0.1893	0.1906	0.1892	0.1932	0.1849	0.1825	0.1798	0.1843	0.1917	0.1745	0.1647	0.1599	0.1639	0.1740	0.1889	0.1392	0.1316	0.1326	0.1354	0.1485	0.1704	0.1100	0.0981	0.0945	0.0961	0.1013	0.1136	0.1384
1804	0.1891	0.1921	0.1887	0.1930	0.1853	0.1815	0.1802	0.1844	0.1921	0.1737	0.1644	0.1593	0.1640	0.1734	0.1894	0.1396	0.1323	0.1331	0.1359	0.1484	0.1705	0.1108	0.0988	0.0948	0.0962	0.1011	0.1135	0.1388
1805	0.1890	0.1922	0.1886	0.1931	0.1854	0.1810	0.1802	0.1844	0.1928	0.1732	0.1642	0.1589	0.1636	0.1730	0.1892	0.1393	0.1329	0.1331	0.1355	0.1483	0.1706	0.1109	0.0993	0.0956	0.0962	0.1006	0.1133	0.1394
1806	0.1887	0.1914	0.1881	0.1937	0.1847	0.1814	0.1800	0.1850	0.1926	0.1730	0.1638	0.1593	0.1636	0.1728	0.1890	0.1390	0.1330	0.1323	0.1353	0.1476	0.1709	0.1104	0.0996	0.0958	0.0959	0.1002	0.1132	0.1394
1807	0.1885	0.1911	0.1873	0.1938	0.1845	0.1817	0.1798	0.1854	0.1924	0.1728	0.1639	0.1600	0.1640	0.1728	0.1892	0.1388	0.1328	0.1315	0.1356	0.1470	0.1704	0.1099	0.1000	0.0955	0.0959	0.1003	0.1131	0.1396
1808	0.1886	0.1911	0.1871	0.1932	0.1852	0.1816	0.1798	0.1850	0.1926	0.1729	0.1645	0.1602	0.1641	0.1727	0.1894	0.1390	0.1323	0.1313	0.1362	0.1471	0.1692	0.1095	0.0998	0.0952	0.0959	0.1006	0.1127	0.1402
1809	0.1889	0.1910	0.1873	0.1928	0.1858	0.1816	0.1801	0.1846	0.1930	0.1732	0.1651	0.1601	0.1641	0.1723	0.1895	0.1392	0.1321	0.1314	0.1366	0.1477	0.1685	0.1093	0.0992	0.0951	0.0958	0.1007	0.1125	0.1407
1810	0.1894	0.1906	0.1877	0.1930	0.1861	0.1822	0.1804	0.1844	0.1935	0.1736	0.1653	0.1600	0.1642	0.1718	0.1894	0.1396	0.1327	0.1316	0.1366	0.1484	0.1691	0.1094	0.0986	0.0951	0.0956	0.1008	0.1129	0.1405
1811	0.1894	0.1901	0.1882	0.1933	0.1862	0.1831	0.1804	0.1842	0.1939	0.1740	0.1656	0.1601	0.1643	0.1716	0.1893	0.1400	0.1333	0.1313	0.1364	0.1488	0.1697	0.1096	0.0982	0.0949	0.0957	0.1012	0.1135	0.1400
1812	0.1889	0.1895	0.1889	0.1936	0.1861	0.1834	0.1803	0.1841	0.1940	0.1739	0.1659	0.1601	0.1645	0.1720	0.1892	0.1403	0.1330	0.1312	0.1360	0.1487	0.1701	0.1093	0.0981	0.0949	0.0957	0.1016	0.1135	0.1393
1813	0.1887	0.1892	0.1889	0.1943	0.1858	0.1837	0.1805	0.1843	0.1938	0.1740	0.1659	0.1599	0.1649	0.1721	0.1892	0.1405	0.1326	0.1316	0.1359	0.1486	0.1706	0.1091	0.0977	0.0947	0.0954	0.1019	0.1133	0.1388
1814	0.1884	0.1898	0.1887	0.1949	0.1854	0.1840	0.1809	0.1844	0.1939	0.1741	0.1660	0.1603	0.1651	0.1718	0.1890	0.1401	0.1330	0.1321	0.1363	0.1492	0.1705	0.1090	0.0978	0.0945	0.0949	0.1017	0.1133	0.1387
1815	0.1886	0.1905	0.1889	0.1945	0.1849	0.1832	0.1815	0.1839	0.1937	0.1735	0.1656	0.1607	0.1642	0.1716	0.1887	0.1394	0.1330	0.1322	0.1365	0.1499	0.1697	0.1093	0.0982	0.0945	0.0949	0.1013	0.1133	0.1388
1816	0.1891	0.1910	0.1890	0.1943	0.1846	0.1824	0.1817	0.1837	0.1934	0.1731	0.1651	0.1606	0.1636	0.1715	0.1885	0.1394	0.1323	0.1322	0.1364	0.1498	0.1695	0.1095	0.0983	0.0948	0.0948	0.1014	0.1137	0.1388
1817	0.1895	0.1914	0.1892	0.1943	0.1846	0.1819	0.1813	0.1839	0.1930	0.1727	0.1653	0.1607	0.1640	0.1720	0.1881	0.1394	0.1317	0.1322	0.1360	0.1490	0.1693	0.1097	0.0982	0.0952	0.0943	0.1018	0.1142	0.1390
1818	0.1895	0.1917	0.1897	0.1942	0.1845	0.1816	0.1807	0.1842	0.1928	0.1723	0.1654	0.1608	0.1645	0.1727	0.1878	0.1392	0.1315	0.1320	0.1356	0.1484	0.1689	0.1099	0.0982	0.0953	0.0939	0.1017	0.1147	0.1392
1819	0.1895	0.1913	0.1903	0.1943	0.1848	0.1818	0.1802	0.1843	0.1932	0.1723	0.1653	0.1610	0.1643	0.1731	0.1882	0.1388	0.1314	0.1318	0.1356	0.1482	0.1686	0.1099	0.0982	0.0949	0.0940	0.1011	0.1146	0.1392
1820	0.1896	0.1906	0.1905	0.1949	0.1852	0.1822	0.1799	0.1845	0.1938	0.1726	0.1652	0.1611	0.1639	0.1732	0.1888	0.1386	0.1312	0.1317	0.1360	0.1482	0.1686	0.1099	0.0984	0.0944	0.0943	0.1008	0.1144	0.1392
1821	0.1901	0.1901	0.1904	0.1951	0.1854	0.1822	0.1799	0.1845	0.1938	0.1731	0.1652	0.1610	0.1633	0.1732	0.1888	0.1390	0.1318	0.1319	0.1369	0.1484	0.1688	0.1097	0.0988	0.0942	0.0947	0.1011	0.1145	0.1394
1822	0.1909	0.1904	0.1904	0.1947	0.1852	0.1823	0.1798	0.1843	0.1937	0.1736	0.1652	0.1611	0.1626	0.1730	0.1883	0.1393	0.1327	0.1319	0.1378	0.1485	0.1693	0.1095	0.0993	0.0941	0.0951	0.1016	0.1150	0.1394
1823	0.1910	0.1906	0.1903	0.1941	0.1852	0.1831	0.1800	0.1844	0.1936	0.1739	0.1650	0.1615	0.1622	0.1726	0.1881	0.1389	0.1328	0.1316	0.1377	0.1486	0.1699	0.1090	0.0994	0.0944	0.0953	0.1023	0.1149	0.1394
1824	0.1904	0.1905	0.1898	0.1939	0.1852	0.1836	0.1806	0.1850	0.1937	0.1738	0.1649	0.1615	0.1624	0.1726	0.1885	0.1384	0.1332	0.1311	0.1371	0.1491	0.1699	0.1085	0.0997	0.0945	0.0956	0.1021	0.1149	0.1391
1825	0.1900	0.1907	0.1897	0.1939	0.1852	0.1835	0.1809	0.1852	0.1938	0.1737	0.1650	0.1616	0.1625	0.1726	0.1884	0.1384	0.1335	0.1308	0.1369	0.1495	0.1699	0.1081	0.1000	0.0944	0.0955	0.1014	0.1147	0.1387
1826	0.1899	0.1907	0.1895	0.1938	0.1853	0.1834	0.1805	0.1850	0.1939	0.1739	0.1651	0.1619	0.1628	0.1729	0.1879	0.1380	0.1330	0.1308	0.1364	0.1489	0.1696	0.1086	0.0997	0.0942	0.0956	0.1012	0.1142	0.1382
1827	0.1901	0.1906	0.1892	0.1936	0.1855	0.1833	0.1803	0.1846	0.1941	0.1739	0.1651	0.1619	0.1634	0.1731	0.1874	0.1373	0.1324	0.1308	0.1358	0.1481	0.1690	0.1093	0.0993	0.0938	0.0958	0.1011	0.1139	0.1378
1828	0.1902	0.1909	0.1892	0.1932	0.1859	0.1831	0.1803	0.1838	0.1940	0.1735	0.1650	0.1618	0.1641	0.1728	0.1867	0.1368	0.1316	0.1311	0.1356	0.1477	0.1688	0.1095	0.0987	0.0935	0.0960	0.1011	0.1140	0.1378
1829	0.1902	0.1914	0.1893	0.1931	0.1861	0.1827	0.1804	0.1831	0.1935	0.1732	0.1650	0.1618	0.1645	0.1723	0.1861	0.1367	0.1309	0.1316	0.1359	0.1476	0.1689	0.1092	0.0981	0.0935	0.0961	0.1013	0.1141	0.1379
1830	0.1903	0.1915	0.1894	0.1932	0.1856	0.1825	0.1808	0.1833	0.1929	0.1730	0.1651	0.1620	0.1644	0.1720	0.1865	0.1371	0.1314	0.1315	0.1366	0.1477	0.1691	0.1087	0.0980	0.0939	0.0957	0.1021	0.1139	0.1382
1831	0.1904	0.1911	0.1895	0.1929	0.1849	0.1824	0.1814	0.1838	0.1926	0.1730	0.1649	0.1620	0.1645	0.1716	0.1872	0.1375	0.1322	0.1311	0.1374	0.1478	0.1689	0.1084	0.0983	0.0940	0.0950	0.1030	0.1138	0.1386
1832	0.1898	0.1909	0.1896	0.1929	0.1851	0.1821	0.1814	0.1837	0.1925	0.1734	0.1646	0.1620	0.1644	0.1713	0.1878	0.1373	0.1328	0.1309	0.1373	0.1480	0.1689	0.1083	0.0989	0.0942	0.0948	0.1028	0.1136	0.1384
1833	0.1892	0.1911	0.1898	0.1931	0.1853	0.1823	0.1808	0.1832	0.1922	0.1734	0.1640	0.1617	0.1639	0.1707	0.1886	0.1370	0.1328	0.1311	0.1363	0.1480	0.1691	0.1086	0.0994	0.0943	0.0950	0.1020	0.1132	0.1382
1834	0.1892	0.1914	0.1900	0.1931	0.1854	0.1826	0.1805	0.1828	0.1919	0.1732	0.1638	0.1611	0.1636	0.1703	0.1889	0.1371	0.1324	0.1316	0.1358	0.1481	0.1692	0.1090	0.0998	0.0941	0.0954	0.1012	0.1130	0.1380
1835	0.1897	0.1918	0.1899	0.1935	0.1858	0.1827	0.1806	0.1829	0.1916	0.1735	0.1646	0.1607	0.1629	0.1706	0.1884	0.1378	0.1321	0.1316	0.1359	0.1487	0.1697	0.1089	0.0996	0.0939	0.0955	0.1010	0.1138	0.1378
1836	0.1903	0.1920	0.1900	0.1939	0.1859	0.1828	0.1803	0.1829	0.1916	0.1740	0.1650	0.1604	0.1621	0.1708	0.1877	0.1381	0.1317	0.1317	0.1361	0.1491	0.1700	0.1087	0.0995	0.0935	0.0955	0.1010	0.1142	0.1378
1837	0.1909	0.1916	0.1906	0.1940	0.1857	0.1826	0.1802	0.1831	0.1916	0.1744	0.1649	0.1600	0.1621	0.1710	0.1868	0.1380	0.1311	0.1320	0.1363	0.1486	0.1695	0.1084	0.0994	0.0928	0.0953	0.1011	0.1142	0.1381
1838	0.1912	0.1910	0.1911	0.1941	0.1856	0.1824	0.1804	0.1835	0.1916	0.1744	0.1648	0.1596	0.1625	0.1713	0.1860	0.1380	0.1306	0.1322	0.1364	0.1482	0.1688	0.1085	0.0992	0.0922	0.0951	0.1011	0.1140	0.1384
1839	0.1906	0.1906	0.1910	0.1939	0.1855	0.1821	0.1807	0.1838	0.1914	0.1737	0.1644	0.1597	0.1630	0.1718	0.1857	0.1385	0.1306	0.1322	0.1361	0.1483	0.1688	0.1092	0.0988	0.0924	0.0948	0.1007	0.1133	0.1385
1840	0.1898	0.1905	0.1906	0.1938	0.1852	0.1815	0.1806	0.1837	0.1913	0.1730	0.1642	0.1598	0.1633	0.1723	0.1858	0.1390	0.1309	0.1323	0.1357	0.1484	0.1690	0.1099	0.0986	0.0927	0.0945	0.1001	0.1125	0.1386
1841	0.1897	0.1908	0.1897	0.1935	0.1846	0.1811	0.1805	0.1836	0.1909	0.1727	0.1645	0.1596	0.1630	0.1721	0.1863	0.1391	0.1313	0.1319	0.1349	0.1487	0.1690	0.1101	0.0986	0.0928	0.0944	0.0999	0.1128	0.1385
1842	0.1895	0.1910	0.1891	0.1928	0.1843	0.1812	0.1810	0.1835	0.1908	0.1724	0.1649	0.1595	0.1628	0.1717	0.1865	0.1388	0.1316	0.1313	0.1343	0.1492	0.1689	0.1099	0.0988	0.0927	0.0942	0.0999	0.1132	0.1388
1843	0.1891	0.1909	0.1886	0.1925	0.1840	0.1812	0.1814	0.1837	0.1907	0.1723	0.1648	0.1595	0.1626	0.1713	0.1862	0.1383	0.1317	0.1311	0.1342	0.1492	0.1688	0.1095	0.0990	0.0928	0.0943	0.0998	0.1131	0.1390
1844	0.1891	0.1900	0.1885	0.1923	0.1835	0.1815	0.1806	0.1844	0.1907	0.1722	0.1644	0.1597	0.1622	0.1700	0.1859	0.1376	0.1309	0.1312	0.1343	0.1487	0.1693	0.1093	0.0989	0.0935	0.0944	0.0998	0.1129	0.1387
1845	0.1891	0.1892	0.1886	0.1918	0.1831	0.1818	0.1796	0.1845	0.1907	0.1722	0.1640	0.1596	0.1620	0.1692	0.1856	0.1369	0.1302	0.1312	0.1344	0.1481	0.1699	0.1090	0.0987	0.0939	0.0943	0.1000	0.1130	0.1384
1846	0.1890	0.1887	0.1880	0.1914	0.1834	0.1813	0.1782	0.1834	0.1904	0.1719	0.1633	0.1595	0.1616	0.1699	0.1854	0.1367	0.1299	0.1308	0.1348	0.1479	0.1699	0.1086	0.0986	0.0944	0.0939	0.1000	0.1130	0.1382
1847	0.1889	0.1882	0.1873	0.1910	0.1838	0.1807	0.1771	0.1824	0.1902	0.1714	0.1626	0.1594	0.1613	0.1704	0.1852	0.1365	0.1298	0.1304	0.1352	0.1478	0.1698	0.1084	0.0983	0.0948	0.0935	0.0999	0.1128	0.1382
1848	0.1887	0.1882	0.1869	0.1904	0.1840	0.1802	0.1771	0.1820	0.1903	0.1711	0.1623	0.1594	0.1612	0.1702	0.1850	0.1365	0.1300	0.1300	0.1350	0.1478	0.1693	0.1084	0.0975	0.0945	0.0934	0.0996	0.1120	0.1379
1849	0.1884	0.1883	0.1866	0.1898	0.1839	0.1797	0.1775	0.1819	0.1903	0.1711	0.1621	0.1593	0.1613	0.1698	0.1848	0.1366	0.1301	0.1296	0.1346	0.1478	0.1688	0.1086	0.0967	0.0938	0.0933	0.0992	0.1112	0.1375
1850	0.1882	0.1882	0.1864	0.1895	0.1834	0.1789	0.1775	0.1818	0.1904	0.1712	0.1618	0.1590	0.1616	0.1700	0.1848	0.1360	0.1296	0.1294	0.1340	0.1481	0.1683	0.1083	0.0965	0.0934	0.0936	0.0988	0.1110	0.1372
1851	0.1877	0.1878	0.1862	0.1890	0.1831	0.1783	0.1773	0.1816	0.1903	0.1710	0.1615	0.1587	0.1616	0.1707	0.1850	0.1353	0.1292	0.1291	0.1335	0.1484	0.1683	0.1078	0.0968	0.0932	0.0938	0.0987	0.1111	0.1368
1852	0.1866	0.1870	0.1861	0.1886	0.1825	0.1783	0.1768	0.1812	0.1893	0.1710	0.1612	0.1580	0.1611	0.1707	0.1848	0.1351	0.1290	0.1289	0.1333	0.1478	0.1680	0.1074	0.0972	0.0931	0.0936	0.0982	0.1112	0.1360
1853	0.1856	0.1866	0.1858	0.1882	0.1818	0.1784	0.1760	0.1805	0.1884	0.1709	0.1614	0.1573	0.1607	0.1697	0.1840	0.1350	0.1290	0.1289	0.1332	0.1470	0.1673	0.1069	0.0975	0.0927	0.0930	0.0977	0.1112	0.1355
1854	0.1849	0.1864	0.1851	0.1881	0.1811	0.1780	0.1753	0.1797	0.1877	0.1709	0.1614	0.1567	0.1603	0.1689	0.1833	0.1351	0.1286	0.1286	0.1327	0.1462	0.1666	0.1064	0.0974	0.0922	0.0927	0.0973	0.1111	0.1351
1855	0.1845	0.1853	0.1842	0.1882	0.1808	0.1775	0.1746	0.1796	0.1873	0.1704	0.1601	0.1559	0.1595	0.1684	0.1826	0.1347	0.1284	0.1281	0.1324	0.1454	0.1655	0.1062	0.0970	0.0915	0.0931	0.0967	0.1105	0.1353
1856	0.1843	0.1842	0.1835	0.1881	0.1808	0.1769	0.1740	0.1795	0.1871	0.1696	0.1588	0.1552	0.1588	0.1676	0.1818	0.1341	0.1282	0.1277	0.1324	0.1448	0.1645	0.1059	0.0968	0.0908	0.0934	0.0961	0.1099	0.1353
1857	0.1838	0.1834	0.1832	0.1875	0.1805	0.1763	0.1736	0.1787	0.1867	0.1688	0.1584	0.1550	0.1579	0.1667	0.1814	0.1338	0.1280	0.1275	0.1328	0.1441	0.1643	0.1054	0.0963	0.0907	0.0929	0.0957	0.1099	0.1346
1858	0.1832	0.1827	0.1828	0.1868	0.1801	0.1756	0.1733	0.1777	0.1862	0.1680	0.1582	0.1548	0.1568	0.1658	0.1813	0.1334	0.1278	0.1273	0.1329	0.1432	0.1643	0.1051	0.0957	0.0907	0.0923	0.0954	0.1100	0.1339
1859	0.1826	0.1823	0.1814	0.1861	0.1792	0.1749	0.1730	0.1766	0.1858	0.1672	0.1578	0.1545	0.1561	0.1655	0.1809	0.1332	0.1271	0.1268	0.1324	0.1423	0.1635	0.1048	0.0953	0.0903	0.0916	0.0953	0.1093	0.1338
1860	0.1820	0.1820	0.1798	0.1852	0.1785	0.1742	0.1727	0.1756	0.1852	0.1662	0.1574	0.1542	0.1556	0.1650	0.1802	0.1330	0.1263	0.1262	0.1317	0.1414	0.1625	0.1045	0.0948	0.0896	0.0908	0.0954	0.1082	0.1336
1861	0.1816	0.1815	0.1790	0.1842	0.1772	0.1735	0.1719	0.1748	0.1843	0.1655	0.1570	0.1535	0.1551	0.1641	0.1796	0.1327	0.1254	0.1256	0.1302	0.1411	0.1616	0.1042	0.0936	0.0894	0.0900	0.0959	0.1079	0.1336
1862	0.1810	0.1807	0.1785	0.1832	0.1756	0.1724	0.1708	0.1740	0.1834	0.1647	0.1564	0.1523	0.1544	0.1633	0.1784	0.1324	0.1243	0.1252	0.1285	0.1410	0.1608	0.1038	0.0924	0.0895	0.0894	0.0960	0.1079	0.1339
1863	0.1804	0.1795	0.1778	0.1821	0.1739	0.1710	0.1696	0.1730	0.1823	0.1639	0.1556	0.1510	0.1537	0.1624	0.1771	0.1323	0.1230	0.1246	0.1273	0.1408	0.1602	0.1033	0.0919	0.0891	0.0888	0.0953	0.1079	0.1337
1864	0.1791	0.1783	0.1771	0.1810	0.1725	0.1699	0.1688	0.1722	0.1815	0.1631	0.1548	0.1495	0.1526	0.1613	0.1762	0.1318	0.1219	0.1236	0.1267	0.1403	0.1597	0.1031	0.0918	0.0884	0.0878	0.0946	0.1077	0.1329
1865	0.1774	0.1772	0.1764	0.1798	0.1712	0.1691	0.1681	0.1714	0.1806	0.1619	0.1540	0.1482	0.1513	0.1601	0.1752	0.1305	0.1211	0.1225	0.1260	0.1395	0.1592	0.1029	0.0913	0.0876	0.0868	0.0940	0.1073	0.1318
1866	0.1758	0.1760	0.1753	0.1786	0.1696	0.1685	0.1674	0.1701	0.1796	0.1607	0.1526	0.1473	0.1500	0.1585	0.1740	0.1286	0.1209	0.1214	0.1248	0.1386	0.1580	0.1024	0.0905	0.0869	0.0861	0.0931	0.1064	0.1311
1867	0.1742	0.1748	0.1741	0.1776	0.1682	0.1675	0.1666	0.1687	0.1787	0.1596	0.1512	0.1465	0.1485	0.1573	0.1727	0.1269	0.1205	0.1204	0.1236	0.1375	0.1568	0.1017	0.0898	0.0861	0.0854	0.0922	0.1057	0.1306
1868	0.1726	0.1737	0.1727	0.1763	0.1674	0.1657	0.1649	0.1675	0.1774	0.1584	0.1497	0.1451	0.1472	0.1566	0.1711	0.1258	0.1195	0.1196	0.1229	0.1363	0.1561	0.1012	0.0895	0.0857	0.0850	0.0914	0.1052	0.1298
1869	0.1710	0.1725	0.1712	0.1750	0.1666	0.1639	0.1629	0.1663	0.1760	0.1572	0.1482	0.1435	0.1460	0.1560	0.1696	0.1248	0.1186	0.1188	0.1223	0.1350	0.1554	0.1008	0.0894	0.0855	0.0847	0.0906	0.1045	0.1288
1870	0.1697	0.1704	0.1693	0.1735	0.1657	0.1628	0.1611	0.1647	0.1741	0.1561	0.1469	0.1416	0.1448	0.1550	0.1682	0.1240	0.1175	0.1177	0.1217	0.1343	0.1548	0.0999	0.0886	0.0851	0.0843	0.0902	0.1035	0.1277
1871	0.1684	0.1682	0.1671	0.1721	0.1646	0.1615	0.1596	0.1631	0.1721	0.1549	0.1456	0.1397	0.1435	0.1541	0.1668	0.1234	0.1163	0.1164	0.1209	0.1336	0.1544	0.0989	0.0875	0.0847	0.0839	0.0902	0.1026	0.1266
1872	0.1669	0.1663	0.1649	0.1700	0.1631	0.1594	0.1582	0.1613	0.1706	0.1531	0.1442	0.1382	0.1422	0.1527	0.1654	0.1223	0.1153	0.1150	0.1199	0.1328	0.1533	0.0976	0.0864	0.0839	0.0831	0.0897	0.1017	0.1258
1873	0.1652	0.1647	0.1632	0.1677	0.1615	0.1572	0.1566	0.1592	0.1692	0.1512	0.1428	0.1372	0.1412	0.1511	0.1640	0.1211	0.1142	0.1138	0.1189	0.1317	0.1519	0.0966	0.0851	0.0831	0.0819	0.0884	0.1008	0.1251
1874	0.1634	0.1631	0.1616	0.1657	0.1599	0.1555	0.1551	0.1572	0.1675	0.1493	0.1415	0.1363	0.1401	0.1496	0.1625	0.1201	0.1132	0.1128	0.1177	0.1305	0.1504	0.0957	0.0843	0.0823	0.0810	0.0872	0.1001	0.1244
1875	0.1619	0.1612	0.1600	0.1637	0.1579	0.1543	0.1533	0.1554	0.1652	0.1477	0.1400	0.1354	0.1387	0.1481	0.1608	0.1190	0.1120	0.1117	0.1161	0.1295	0.1486	0.0946	0.0840	0.0811	0.0807	0.0866	0.0989	0.1240
1876	0.1602	0.1593	0.1584	0.1616	0.1558	0.1529	0.1513	0.1536	0.1630	0.1464	0.1386	0.1343	0.1375	0.1466	0.1591	0.1176	0.1107	0.1106	0.1146	0.1284	0.1469	0.0935	0.0837	0.0797	0.0803	0.0857	0.0978	0.1234
1877	0.1581	0.1573	0.1558	0.1593	0.1537	0.1510	0.1493	0.1514	0.1607	0.1450	0.1369	0.1328	0.1360	0.1444	0.1574	0.1158	0.1092	0.1094	0.1132	0.1266	0.1455	0.0917	0.0828	0.0784	0.0792	0.0850	0.0973	0.1219
1878	0.1559	0.1553	0.1531	0.1570	0.1516	0.1491	0.1475	0.1494	0.1584	0.1433	0.1350	0.1312	0.1342	0.1420	0.1557	0.1139	0.1076	0.1080	0.1119	0.1247	0.1441	0.0900	0.0817	0.0771	0.0781	0.0843	0.0969	0.1203
1879	0.1535	0.1532	0.1506	0.1548	0.1495	0.1467	0.1453	0.1472	0.1562	0.1411	0.1329	0.1294	0.1321	0.1398	0.1537	0.1119	0.1057	0.1067	0.1106	0.1231	0.1426	0.0892	0.0807	0.0762	0.0771	0.0835	0.0958	0.1193
1880	0.1510	0.1510	0.1483	0.1528	0.1474	0.1442	0.1428	0.1449	0.1543	0.1390	0.1311	0.1275	0.1300	0.1376	0.1515	0.1101	0.1040	0.1056	0.1092	0.1216	0.1409	0.0886	0.0797	0.0753	0.0760	0.0824	0.0945	0.1185
1881	0.1484	0.1489	0.1462	0.1503	0.1454	0.1422	0.1404	0.1422	0.1518	0.1369	0.1292	0.1255	0.1277	0.1352	0.1494	0.1089	0.1026	0.1040	0.1073	0.1198	0.1387	0.0873	0.0782	0.0742	0.0746	0.0815	0.0929	0.1175
1882	0.1459	0.1467	0.1439	0.1474	0.1432	0.1403	0.1385	0.1399	0.1492	0.1347	0.1266	0.1235	0.1255	0.1327	0.1476	0.1073	0.1010	0.1020	0.1053	0.1178	0.1364	0.0858	0.0767	0.0730	0.0733	0.0804	0.0912	0.1164
1883	0.1430	0.1439	0.1411	0.1448	0.1408	0.1383	0.1361	0.1377	0.1468	0.1323	0.1240	0.1215	0.1234	0.1305	0.1457	0.1055	0.0992	0.1001	0.1034	0.1159	0.1342	0.0840	0.0753	0.0719	0.0723	0.0788	0.0897	0.1151
1884	0.1398	0.1410	0.1381	0.1424	0.1384	0.1359	0.1331	0.1354	0.1442	0.1303	0.1216	0.1194	0.1213	0.1283	0.1436	0.1037	0.0976	0.0980	0.1016	0.1138	0.1322	0.0823	0.0735	0.0710	0.0716	0.0771	0.0883	0.1136
1885	0.1369	0.1383	0.1356	0.1402	0.1359	0.1333	0.1303	0.1332	0.1414	0.1282	0.1192	0.1169	0.1192	0.1261	0.1413	0.1021	0.0960	0.0959	0.0997	0.1115	0.1302	0.0809	0.0723	0.0699	0.0707	0.0753	0.0870	0.1117
1886	0.1344	0.1354	0.1337	0.1379	0.1333	0.1304	0.1278	0.1306	0.1387	0.1260	0.1168	0.1138	0.1170	0.1238	0.1385	0.1006	0.0938	0.0941	0.0977	0.1095	0.1286	0.0796	0.0715	0.0684	0.0691	0.0736	0.0858	0.1095
1887	0.1319	0.1325	0.1317	0.1355	0.1306	0.1275	0.1253	0.1280	0.1361	0.1239	0.1145	0.1109	0.1147	0.1216	0.1357	0.0990	0.0916	0.0924	0.0957	0.1075	0.1272	0.0783	0.0705	0.0670	0.0677	0.0719	0.0845	0.1074
1888	0.1297	0.1297	0.1289	0.1326	0.1279	0.1251	0.1227	0.1257	0.1331	0.1217	0.1129	0.1089	0.1120	0.1196	0.1332	0.0966	0.0902	0.0915	0.0940	0.1057	0.1252	0.0771	0.0688	0.0656	0.0662	0.0705	0.0826	0.1056
1889	0.1275	0.1270	0.1261	0.1297	0.1252	0.1227	0.1201	0.1234	0.1302	0.1195	0.1112	0.1069	0.1092	0.1176	0.1309	0.0941	0.0889	0.0908	0.0923	0.1039	0.1231	0.0758	0.0670	0.0641	0.0647	0.0692	0.0808	0.1038
1890	0.1252	0.1248	0.1237	0.1276	0.1231	0.1205	0.1176	0.1211	0.1280	0.1170	0.1094	0.1048	0.1068	0.1154	0.1285	0.0921	0.0874	0.0892	0.0906	0.1022	0.1208	0.0744	0.0657	0.0628	0.0631	0.0678	0.0795	0.1025
1891	0.1229	0.1229	0.1215	0.1256	0.1211	0.1184	0.1147	0.1189	0.1260	0.1146	0.1074	0.1026	0.1046	0.1129	0.1258	0.0901	0.0858	0.0873	0.0890	0.1005	0.1185	0.0729	0.0645	0.0614	0.0616	0.0664	0.0785	0.1012
1892	0.1205	0.1210	0.1193	0.1234	0.1185	0.1159	0.1123	0.1172	0.1241	0.1125	0.1053	0.1004	0.1029	0.1106	0.1234	0.0888	0.0840	0.0850	0.0872	0.0988	0.1167	0.0716	0.0633	0.0601	0.0602	0.0655	0.0773	0.0999
1893	0.1182	0.1190	0.1170	0.1209	0.1158	0.1131	0.1106	0.1155	0.1222	0.1103	0.1031	0.0983	0.1012	0.1085	0.1213	0.0879	0.0822	0.0828	0.0853	0.0972	0.1152	0.0702	0.0623	0.0589	0.0588	0.0646	0.0757	0.0985
1894	0.1159	0.1167	0.1146	0.1188	0.1134	0.1107	0.1089	0.1134	0.1203	0.1080	0.1011	0.0966	0.0996	0.1065	0.1193	0.0866	0.0806	0.0809	0.0837	0.0957	0.1137	0.0687	0.0612	0.0576	0.0575	0.0636	0.0745	0.0971
1895	0.1137	0.1142	0.1121	0.1170	0.1112	0.1088	0.1074	0.1107	0.1189	0.1057	0.0995	0.0953	0.0983	0.1048	0.1177	0.0848	0.0792	0.0791	0.0823	0.0939	0.1119	0.0671	0.0599	0.0565	0.0563	0.0623	0.0735	0.0960
1896	0.1116	0.1118	0.1097	0.1151	0.1093	0.1068	0.1058	0.1083	0.1176	0.1036	0.0982	0.0940	0.0967	0.1032	0.1162	0.0830	0.0778	0.0775	0.0811	0.0920	0.1103	0.0658	0.0587	0.0555	0.0555	0.0613	0.0725	0.0951
1897	0.1100	0.1101	0.1081	0.1131	0.1082	0.1050	0.1040	0.1069	0.1153	0.1023	0.0970	0.0932	0.0950	0.1018	0.1145	0.0812	0.0770	0.0761	0.0798	0.0905	0.1091	0.0653	0.0581	0.0550	0.0549	0.0609	0.0719	0.0944
1898	0.1085	0.1084	0.1066	0.1111	0.1070	0.1034	0.1024	0.1055	0.1131	0.1012	0.0957	0.0923	0.0933	0.1005	0.1129	0.0796	0.0764	0.0749	0.0785	0.0892	0.1078	0.0647	0.0575	0.0543	0.0543	0.0604	0.0714	0.0936
1899	0.1072	0.1067	0.1054	0.1099	0.1055	0.1023	0.1015	0.1037	0.1111	0.0999	0.0941	0.0911	0.0918	0.0993	0.1117	0.0791	0.0759	0.0744	0.0776	0.0885	0.1067	0.0640	0.0573	0.0536	0.0540	0.0595	0.0708	0.0927
1900	0.1060	0.1050	0.1042	0.1087	0.1041	0.1014	0.1006	0.1018	0.1090	0.0986	0.0926	0.0899	0.0903	0.0980	0.1105	0.0785	0.0753	0.0739	0.0768	0.0878	0.1055	0.0633	0.0570	0.0529	0.0538	0.0586	0.0702	0.0918
1901	0.1049	0.1040	0.1032	0.1075	0.1033	0.1002	0.0992	0.1009	0.1077	0.0974	0.0912	0.0888	0.0891	0.0970	0.1096	0.0781	0.0739	0.0728	0.0762	0.0866	0.1043	0.0627	0.0563	0.0523	0.0532	0.0583	0.0693	0.0909
1902	0.1039	0.1030	0.1022	0.1061	0.1027	0.0988	0.0979	0.1003	0.1067	0.0963	0.0899	0.0877	0.0883	0.0960	0.1089	0.0778	0.0725	0.0718	0.0757	0.0851	0.1030	0.0619	0.0556	0.0515	0.0524	0.0582	0.0684	0.0899
1903	0.1031	0.1025	0.1016	0.1051	0.1021	0.0978	0.0970	0.0994	0.1063	0.0953	0.0891	0.0863	0.0881	0.0950	0.1084	0.0778	0.0715	0.0713	0.0749	0.0846	0.1023	0.0612	0.0548	0.0513	0.0522	0.0582	0.0678	0.0890
1904	0.1022	0.1023	0.1011	0.1044	0.1012	0.0967	0.0964	0.0983	0.1060	0.0945	0.0885	0.0853	0.0881	0.0938	0.1080	0.0777	0.0710	0.0710	0.0741	0.0845	0.1017	0.0604	0.0542	0.0513	0.0521	0.0581	0.0674	0.0884
1905	0.1015	0.1018	0.1006	0.1040	0.1002	0.0959	0.0959	0.0978	0.1057	0.0941	0.0878	0.0845	0.0878	0.0931	0.1076	0.0774	0.0707	0.0708	0.0738	0.0843	0.1014	0.0599	0.0539	0.0510	0.0517	0.0577	0.0669	0.0882
1906	0.1010	0.1014	0.0999	0.1038	0.0995	0.0955	0.0954	0.0980	0.1054	0.0937	0.0874	0.0838	0.0871	0.0931	0.1069	0.0767	0.0705	0.0707	0.0741	0.0840	0.1013	0.0599	0.0538	0.0506	0.0510	0.0571	0.0666	0.0882
1907	0.1006	0.1012	0.0992	0.1034	0.0987	0.0952	0.0949	0.0981	0.1050	0.0934	0.0873	0.0834	0.0865	0.0930	0.1064	0.0761	0.0702	0.0705	0.0743	0.0835	0.1012	0.0598	0.0535	0.0505	0.0503	0.0565	0.0666	0.0882
1908	0.1004	0.1007	0.0987	0.1025	0.0978	0.0951	0.0943	0.0972	0.1041	0.0931	0.0869	0.0836	0.0859	0.0931	0.1061	0.0757	0.0701	0.0701	0.0741	0.0829	0.1007	0.0596	0.0531	0.0505	0.0500	0.0558	0.0670	0.0879
1909	0.1002	0.1003	0.0982	0.1016	0.0970	0.0950	0.0937	0.0964	0.1033	0.0928	0.0865	0.0836	0.0852	0.0930	0.1059	0.0753	0.0699	0.0697	0.0738	0.0824	0.1001	0.0594	0.0526	0.0505	0.0498	0.0553	0.0673	0.0876
1910	0.1005	0.1003	0.0979	0.1009	0.0969	0.0947	0.0936	0.0962	0.1032	0.0924	0.0864	0.0837	0.0848	0.0921	0.1058	0.0746	0.0697	0.0695	0.0736	0.0825	0.0995	0.0594	0.0525	0.0502	0.0499	0.0555	0.0670	0.0872
1911	0.1007	0.1003	0.0977	0.1003	0.0969	0.0942	0.0935	0.0961	0.1031	0.0920	0.0864	0.0839	0.0844	0.0911	0.1058	0.0739	0.0696	0.0692	0.0736	0.0825	0.0990	0.0595	0.0524	0.0498	0.0500	0.0559	0.0668	0.0868
1912	0.1002	0.0998	0.0977	0.1002	0.0966	0.0941	0.0934	0.0962	0.1033	0.0918	0.0862	0.0840	0.0846	0.0908	0.1056	0.0737	0.0694	0.0692	0.0733	0.0827	0.0988	0.0597	0.0524	0.0492	0.0501	0.0558	0.0669	0.0868
1913	0.0994	0.0992	0.0979	0.1001	0.0963	0.0940	0.0933	0.0964	0.1035	0.0917	0.0860	0.0840	0.0849	0.0907	0.1056	0.0738	0.0690	0.0691	0.0730	0.0829	0.0987	0.0599	0.0526	0.0486	0.0503	0.0558	0.0670	0.0867
1914	0.0989	0.0993	0.0977	0.1005	0.0965	0.0944	0.0932	0.0964	0.1034	0.0917	0.0859	0.0838	0.0852	0.0907	0.1058	0.0740	0.0689	0.0694	0.0727	0.0831	0.0989	0.0603	0.0527	0.0488	0.0506	0.0558	0.0669	0.0867
1915	0.0988	0.0997	0.0974	0.1011	0.0968	0.0949	0.0933	0.0961	0.1033	0.0917	0.0860	0.0837	0.0854	0.0907	0.1060	0.0741	0.0690	0.0696	0.0726	0.0837	0.0993	0.0605	0.0525	0.0493	0.0510	0.0558	0.0667	0.0868
1916	0.0988	0.0998	0.0973	0.1011	0.0967	0.0952	0.0937	0.0957	0.1030	0.0918	0.0859	0.0838	0.0856	0.0908	0.1060	0.0743	0.0691	0.0696	0.0725	0.0841	0.0995	0.0604	0.0524	0.0493	0.0512	0.0555	0.0664	0.0871
1917	0.0988	0.0996	0.0971	0.1004	0.0966	0.0952	0.0943	0.0957	0.1030	0.0919	0.0857	0.0841	0.0859	0.0909	0.1053	0.0746	0.0693	0.0697	0.0722	0.0839	0.0995	0.0604	0.0524	0.0487	0.0510	0.0553	0.0665	0.0874
1918	0.0989	0.0996	0.0969	0.1000	0.0967	0.0950	0.0946	0.0958	0.1031	0.0919	0.0856	0.0844	0.0862	0.0911	0.1045	0.0750	0.0693	0.0698	0.0721	0.0839	0.0997	0.0605	0.0526	0.0483	0.0510	0.0551	0.0665	0.0876
1919	0.0991	0.1001	0.0974	0.1003	0.0970	0.0950	0.0945	0.0961	0.1032	0.0921	0.0859	0.0844	0.0865	0.0918	0.1041	0.0751	0.0695	0.0701	0.0726	0.0836	0.1000	0.0605	0.0535	0.0488	0.0513	0.0551	0.0663	0.0878
1920	0.0991	0.1006	0.0978	0.1006	0.0973	0.0951	0.0943	0.0965	0.1035	0.0923	0.0862	0.0845	0.0866	0.0924	0.1038	0.0752	0.0698	0.0703	0.0731	0.0833	0.1003	0.0605	0.0542	0.0493	0.0516	0.0553	0.0663	0.0879
1921	0.0990	0.1007	0.0977	0.1015	0.0976	0.0954	0.0938	0.0964	0.1040	0.0920	0.0863	0.0841	0.0863	0.0924	0.1039	0.0752	0.0700	0.0699	0.0736	0.0831	0.1003	0.0604	0.0539	0.0496	0.0519	0.0555	0.0664	0.0884
1922	0.0990	0.1008	0.0975	0.1024	0.0979	0.0957	0.0931	0.0962	0.1045	0.0917	0.0864	0.0837	0.0861	0.0925	0.1040	0.0753	0.0701	0.0695	0.0741	0.0829	0.1004	0.0602	0.0534	0.0500	0.0523	0.0557	0.0666	0.0889
1923	0.0992	0.1004	0.0976	0.1022	0.0980	0.0959	0.0934	0.0962	0.1043	0.0916	0.0866	0.0837	0.0861	0.0925	0.1044	0.0751	0.0697	0.0693	0.0744	0.0827	0.1005	0.0603	0.0533	0.0507	0.0524	0.0555	0.0669	0.0886
1924	0.0994	0.0998	0.0977	0.1020	0.0981	0.0959	0.0939	0.0961	0.1040	0.0917	0.0868	0.0839	0.0860	0.0922	0.1047	0.0749	0.0694	0.0692	0.0747	0.0825	0.1007	0.0605	0.0533	0.0513	0.0525	0.0555	0.0674	0.0882
1925	0.0993	0.0997	0.0979	0.1019	0.0981	0.0961	0.0944	0.0965	0.1039	0.0925	0.0870	0.0841	0.0862	0.0921	0.1050	0.0749	0.0696	0.0692	0.0746	0.0826	0.1010	0.0604	0.0535	0.0514	0.0526	0.0553	0.0676	0.0879
1926	0.0992	0.0999	0.0982	0.1018	0.0980	0.0963	0.0948	0.0972	0.1042	0.0935	0.0872	0.0845	0.0864	0.0923	0.1056	0.0750	0.0703	0.0693	0.0744	0.0826	0.1012	0.0600	0.0537	0.0510	0.0526	0.0552	0.0677	0.0878
1927	0.0994	0.1003	0.0984	0.1019	0.0979	0.0965	0.0952	0.0974	0.1045	0.0942	0.0876	0.0848	0.0865	0.0926	0.1063	0.0752	0.0707	0.0694	0.0745	0.0827	0.1014	0.0599	0.0538	0.0509	0.0525	0.0554	0.0677	0.0879
1928	0.0999	0.1007	0.0983	0.1021	0.0980	0.0969	0.0952	0.0972	0.1046	0.0948	0.0880	0.0847	0.0866	0.0931	0.1069	0.0753	0.0707	0.0695	0.0747	0.0834	0.1014	0.0601	0.0539	0.0510	0.0522	0.0558	0.0675	0.0881
1929	0.1004	0.1011	0.0983	0.1022	0.0984	0.0974	0.0953	0.0971	0.1047	0.0952	0.0882	0.0848	0.0870	0.0936	0.1074	0.0756	0.0707	0.0696	0.0748	0.0841	0.1017	0.0605	0.0539	0.0511	0.0521	0.0562	0.0676	0.0884
1930	0.1011	0.1015	0.0988	0.1021	0.0992	0.0976	0.0953	0.0976	0.1046	0.0954	0.0879	0.0852	0.0877	0.0944	0.1075	0.0760	0.0709	0.0697	0.0748	0.0841	0.1023	0.0610	0.0540	0.0514	0.0528	0.0565	0.0683	0.0888
1931	0.1019	0.1019	0.0992	0.1022	0.0999	0.0980	0.0952	0.0981	0.1044	0.0954	0.0877	0.0855	0.0881	0.0952	0.1076	0.0762	0.0711	0.0699	0.0748	0.0841	0.1029	0.0614	0.0542	0.0516	0.0534	0.0569	0.0689	0.0891
1932	0.1024	0.1018	0.0999	0.1030	0.1002	0.0987	0.0951	0.0985	0.1050	0.0952	0.0879	0.0860	0.0881	0.0960	0.1075	0.0761	0.0716	0.0707	0.0750	0.0844	0.1030	0.0616	0.0549	0.0521	0.0535	0.0574	0.0690	0.0892
1933	0.1030	0.1017	0.1007	0.1037	0.1005	0.0993	0.0950	0.0989	0.1057	0.0950	0.0882	0.0864	0.0881	0.0967	0.1075	0.0761	0.0721	0.0716	0.0753	0.0848	0.1031	0.0618	0.0555	0.0525	0.0536	0.0579	0.0690	0.0893
1934	0.1030	0.1018	0.1011	0.1038	0.1006	0.0999	0.0953	0.0993	0.1059	0.0953	0.0885	0.0865	0.0885	0.0971	0.1081	0.0763	0.0724	0.0720	0.0757	0.0853	0.1033	0.0619	0.0554	0.0525	0.0535	0.0584	0.0692	0.0895
1935	0.1031	0.1019	0.1016	0.1038	0.1007	0.1006	0.0955	0.0998	0.1060	0.0957	0.0887	0.0865	0.0890	0.0974	0.1088	0.0766	0.0727	0.0722	0.0761	0.0859	0.1034	0.0620	0.0551	0.0523	0.0534	0.0588	0.0694	0.0897
1936	0.1035	0.1023	0.1022	0.1041	0.1007	0.1005	0.0960	0.1003	0.1064	0.0961	0.0893	0.0866	0.0895	0.0972	0.1090	0.0768	0.0729	0.0724	0.0762	0.0864	0.1035	0.0619	0.0551	0.0523	0.0531	0.0588	0.0695	0.0903
1937	0.1037	0.1030	0.1028	0.1044	0.1006	0.1001	0.0967	0.1008	0.1070	0.0963	0.0901	0.0867	0.0898	0.0968	0.1092	0.0769	0.0731	0.0728	0.0761	0.0867	0.1036	0.0618	0.0552	0.0524	0.0529	0.0586	0.0698	0.0912
1938	0.1042	0.1036	0.1031	0.1049	0.1008	0.1000	0.0974	0.1016	0.1072	0.0965	0.0906	0.0873	0.0901	0.0968	0.1096	0.0771	0.0731	0.0730	0.0759	0.0869	0.1036	0.0620	0.0553	0.0526	0.0533	0.0582	0.0698	0.0917
1939	0.1050	0.1042	0.1033	0.1052	0.1014	0.1003	0.0981	0.1024	0.1071	0.0964	0.0910	0.0882	0.0903	0.0973	0.1100	0.0775	0.0729	0.0732	0.0758	0.0870	0.1035	0.0625	0.0553	0.0527	0.0540	0.0579	0.0697	0.0920
1940	0.1054	0.1047	0.1034	0.1057	0.1021	0.1004	0.0986	0.1029	0.1070	0.0966	0.0914	0.0889	0.0907	0.0977	0.1104	0.0778	0.0729	0.0736	0.0760	0.0871	0.1036	0.0631	0.0556	0.0530	0.0545	0.0577	0.0695	0.0921
1941	0.1054	0.1048	0.1034	0.1067	0.1029	0.1003	0.0989	0.1030	0.1073	0.0973	0.0919	0.0892	0.0910	0.0979	0.1108	0.0783	0.0731	0.0743	0.0767	0.0874	0.1042	0.0639	0.0562	0.0534	0.0547	0.0580	0.0696	0.0921
1942	0.1056	0.1051	0.1037	0.1077	0.1035	0.1003	0.0993	0.1031	0.1076	0.0981	0.0925	0.0895	0.0914	0.0981	0.1112	0.0788	0.0734	0.0748	0.0775	0.0877	0.1048	0.0646	0.0566	0.0537	0.0548	0.0583	0.0697	0.0919
1943	0.1059	0.1060	0.1040	0.1085	0.1037	0.1011	0.0998	0.1035	0.1081	0.0984	0.0927	0.0899	0.0923	0.0983	0.1120	0.0790	0.0746	0.0747	0.0779	0.0882	0.1049	0.0646	0.0565	0.0541	0.0552	0.0591	0.0699	0.0919
1944	0.1062	0.1068	0.1044	0.1092	0.1039	0.1018	0.1003	0.1039	0.1087	0.0989	0.0930	0.0902	0.0931	0.0984	0.1127	0.0792	0.0759	0.0747	0.0782	0.0887	0.1049	0.0646	0.0563	0.0546	0.0555	0.0599	0.0702	0.0919
1945	0.1062	0.1073	0.1048	0.1091	0.1044	0.1026	0.1010	0.1041	0.1096	0.0994	0.0933	0.0907	0.0935	0.0988	0.1132	0.0797	0.0760	0.0747	0.0787	0.0892	0.1050	0.0645	0.0568	0.0550	0.0555	0.0602	0.0708	0.0923
1946	0.1063	0.1078	0.1051	0.1089	0.1049	0.1034	0.1018	0.1042	0.1106	0.0999	0.0935	0.0912	0.0940	0.0991	0.1137	0.0801	0.0761	0.0748	0.0791	0.0897	0.1051	0.0644	0.0574	0.0554	0.0555	0.0604	0.0714	0.0928
1947	0.1068	0.1079	0.1054	0.1088	0.1059	0.1035	0.1024	0.1043	0.1110	0.1003	0.0937	0.0912	0.0940	0.0996	0.1140	0.0803	0.0760	0.0750	0.0795	0.0900	0.1054	0.0646	0.0573	0.0554	0.0551	0.0603	0.0717	0.0932
1948	0.1073	0.1078	0.1058	0.1086	0.1068	0.1035	0.1029	0.1043	0.1113	0.1007	0.0940	0.0910	0.0941	0.1001	0.1141	0.0806	0.0759	0.0753	0.0799	0.0903	0.1058	0.0649	0.0571	0.0553	0.0547	0.0601	0.0719	0.0936
1949	0.1075	0.1079	0.1061	0.1090	0.1074	0.1037	0.1033	0.1048	0.1117	0.1011	0.0941	0.0910	0.0941	0.1006	0.1148	0.0809	0.0759	0.0760	0.0799	0.0907	0.1066	0.0655	0.0574	0.0554	0.0550	0.0602	0.0718	0.0941
1950	0.1074	0.1083	0.1066	0.1095	0.1078	0.1042	0.1036	0.1057	0.1123	0.1015	0.0941	0.0913	0.0939	0.1011	0.1157	0.0812	0.0760	0.0770	0.0795	0.0911	0.1076	0.0661	0.0580	0.0555	0.0560	0.0603	0.0718	0.0945
1951	0.1076	0.1088	0.1070	0.1101	0.1082	0.1048	0.1039	0.1067	0.1130	0.1021	0.0944	0.0918	0.0942	0.1017	0.1164	0.0818	0.0760	0.0776	0.0795	0.0916	0.1085	0.0666	0.0586	0.0559	0.0567	0.0609	0.0720	0.0948
1952	0.1083	0.1096	0.1072	0.1109	0.1085	0.1055	0.1041	0.1078	0.1137	0.1031	0.0949	0.0923	0.0953	0.1021	0.1167	0.0826	0.0763	0.0778	0.0799	0.0919	0.1096	0.0670	0.0590	0.0563	0.0569	0.0620	0.0727	0.0951
1953	0.1089	0.1102	0.1076	0.1116	0.1088	0.1061	0.1042	0.1087	0.1145	0.1040	0.0954	0.0927	0.0961	0.1024	0.1170	0.0833	0.0766	0.0780	0.0802	0.0923	0.1105	0.0672	0.0593	0.0568	0.0571	0.0629	0.0732	0.0953
1954	0.1091	0.1105	0.1080	0.1122	0.1094	0.1064	0.1045	0.1086	0.1152	0.1043	0.0957	0.0927	0.0965	0.1023	0.1174	0.0833	0.0770	0.0783	0.0802	0.0925	0.1106	0.0672	0.0596	0.0570	0.0570	0.0628	0.0732	0.0955
1955	0.1093	0.1109	0.1085	0.1128	0.1099	0.1067	0.1047	0.1085	0.1159	0.1047	0.0960	0.0927	0.0968	0.1023	0.1177	0.0833	0.0773	0.0786	0.0803	0.0928	0.1107	0.0673	0.0599	0.0573	0.0570	0.0628	0.0732	0.0956
1956	0.1099	0.1109	0.1088	0.1133	0.1102	0.1072	0.1053	0.1086	0.1166	0.1051	0.0966	0.0927	0.0971	0.1027	0.1177	0.0841	0.0779	0.0787	0.0811	0.0935	0.1108	0.0674	0.0601	0.0574	0.0571	0.0629	0.0731	0.0959
1957	0.1106	0.1108	0.1090	0.1137	0.1105	0.1078	0.1058	0.1086	0.1172	0.1054	0.0972	0.0927	0.0974	0.1030	0.1178	0.0849	0.0785	0.0788	0.0820	0.0941	0.1108	0.0675	0.0602	0.0575	0.0572	0.0630	0.0729	0.0962
1958	0.1115	0.1109	0.1093	0.1141	0.1108	0.1080	0.1061	0.1093	0.1176	0.1060	0.0978	0.0934	0.0976	0.1037	0.1181	0.0851	0.0785	0.0790	0.0826	0.0946	0.1113	0.0680	0.0606	0.0575	0.0574	0.0630	0.0732	0.0967
1959	0.1125	0.1109	0.1096	0.1144	0.1110	0.1082	0.1064	0.1100	0.1178	0.1066	0.0984	0.0942	0.0977	0.1045	0.1185	0.0853	0.0783	0.0792	0.0831	0.0950	0.1120	0.0685	0.0610	0.0574	0.0576	0.0629	0.0736	0.0973
1960	0.1131	0.1112	0.1103	0.1147	0.1112	0.1085	0.1069	0.1107	0.1180	0.1067	0.0988	0.0953	0.0981	0.1052	0.1187	0.0853	0.0789	0.0795	0.0835	0.0953	0.1124	0.0685	0.0614	0.0576	0.0576	0.0629	0.0738	0.0973
1961	0.1136	0.1118	0.1111	0.1150	0.1114	0.1087	0.1075	0.1113	0.1183	0.1067	0.0994	0.0965	0.0986	0.1059	0.1188	0.0852	0.0799	0.0797	0.0838	0.0955	0.1128	0.0684	0.0619	0.0580	0.0576	0.0631	0.0739	0.0970
1962	0.1142	0.1125	0.1121	0.1157	0.1120	0.1090	0.1079	0.1117	0.1187	0.1070	0.0997	0.0973	0.0989	0.1065	0.1191	0.0854	0.0805	0.0801	0.0838	0.0956	0.1133	0.0688	0.0623	0.0583	0.0580	0.0635	0.0743	0.0971
1963	0.1148	0.1135	0.1130	0.1167	0.1128	0.1094	0.1082	0.1121	0.1193	0.1075	0.0998	0.0977	0.0990	0.1069	0.1195	0.0857	0.0808	0.0805	0.0835	0.0956	0.1137	0.0694	0.0625	0.0584	0.0586	0.0640	0.0747	0.0974
1964	0.1154	0.1146	0.1137	0.1174	0.1135	0.1098	0.1085	0.1126	0.1199	0.1081	0.1000	0.0981	0.0993	0.1074	0.1200	0.0862	0.0812	0.0809	0.0836	0.0959	0.1141	0.0698	0.0626	0.0586	0.0591	0.0644	0.0749	0.0977
1965	0.1160	0.1157	0.1141	0.1175	0.1139	0.1104	0.1089	0.1136	0.1204	0.1089	0.1004	0.0984	0.1000	0.1080	0.1204	0.0871	0.0816	0.0815	0.0841	0.0966	0.1143	0.0698	0.0625	0.0587	0.0595	0.0648	0.0750	0.0976
1966	0.1165	0.1167	0.1145	0.1177	0.1143	0.1110	0.1092	0.1146	0.1209	0.1096	0.1008	0.0988	0.1005	0.1085	0.1208	0.0879	0.0820	0.0821	0.0847	0.0972	0.1146	0.0700	0.0623	0.0589	0.0599	0.0653	0.0750	0.0975
1967	0.1172	0.1168	0.1149	0.1179	0.1152	0.1119	0.1102	0.1151	0.1216	0.1097	0.1012	0.0993	0.1013	0.1084	0.1219	0.0882	0.0824	0.0828	0.0853	0.0974	0.1147	0.0706	0.0623	0.0598	0.0604	0.0659	0.0751	0.0981
1968	0.1180	0.1170	0.1153	0.1182	0.1160	0.1127	0.1113	0.1155	0.1222	0.1098	0.1017	0.0998	0.1021	0.1084	0.1231	0.0885	0.0828	0.0834	0.0859	0.0976	0.1148	0.0713	0.0623	0.0607	0.0609	0.0665	0.0753	0.0988
1969	0.1187	0.1172	0.1157	0.1189	0.1161	0.1134	0.1119	0.1158	0.1227	0.1104	0.1029	0.1003	0.1025	0.1090	0.1241	0.0890	0.0828	0.0836	0.0862	0.0979	0.1155	0.0714	0.0630	0.0612	0.0614	0.0668	0.0759	0.0994
1970	0.1193	0.1174	0.1161	0.1196	0.1162	0.1141	0.1125	0.1162	0.1232	0.1111	0.1042	0.1007	0.1029	0.1097	0.1251	0.0894	0.0829	0.0838	0.0866	0.0983	0.1162	0.0714	0.0637	0.0618	0.0620	0.0672	0.0766	0.1001
1971	0.1196	0.1177	0.1168	0.1201	0.1167	0.1147	0.1127	0.1168	0.1237	0.1114	0.1048	0.1015	0.1033	0.1103	0.1256	0.0898	0.0831	0.0840	0.0872	0.0988	0.1166	0.0716	0.0642	0.0615	0.0621	0.0677	0.0769	0.1001
1972	0.1199	0.1180	0.1175	0.1205	0.1172	0.1151	0.1128	0.1175	0.1242	0.1117	0.1052	0.1023	0.1037	0.1110	0.1259	0.0901	0.0833	0.0844	0.0878	0.0994	0.1169	0.0717	0.0646	0.0611	0.0620	0.0682	0.0772	0.1000
1973	0.1201	0.1185	0.1181	0.1207	0.1177	0.1157	0.1131	0.1178	0.1245	0.1119	0.1057	0.1027	0.1039	0.1117	0.1260	0.0905	0.0836	0.0846	0.0884	0.0997	0.1172	0.0722	0.0647	0.0610	0.0620	0.0684	0.0775	0.1005
1974	0.1202	0.1193	0.1187	0.1208	0.1183	0.1164	0.1135	0.1179	0.1246	0.1119	0.1063	0.1029	0.1042	0.1124	0.1260	0.0907	0.0838	0.0846	0.0891	0.1000	0.1174	0.0729	0.0646	0.0612	0.0621	0.0684	0.0779	0.1012
1975	0.1205	0.1201	0.1194	0.1213	0.1187	0.1171	0.1141	0.1182	0.1252	0.1122	0.1067	0.1032	0.1048	0.1131	0.1264	0.0911	0.0841	0.0848	0.0896	0.1004	0.1179	0.0735	0.0646	0.0616	0.0623	0.0682	0.0781	0.1019
1976	0.1211	0.1210	0.1202	0.1226	0.1188	0.1176	0.1148	0.1189	0.1263	0.1126	0.1071	0.1037	0.1057	0.1135	0.1270	0.0918	0.0847	0.0851	0.0900	0.1009	0.1186	0.0740	0.0648	0.0623	0.0625	0.0678	0.0784	0.1025
1977	0.1218	0.1218	0.1207	0.1237	0.1191	0.1181	0.1155	0.1196	0.1273	0.1132	0.1073	0.1043	0.1065	0.1139	0.1276	0.0924	0.0853	0.0855	0.0903	0.1013	0.1193	0.0745	0.0651	0.0628	0.0628	0.0676	0.0788	0.1030
1978	0.1225	0.1227	0.1206	0.1241	0.1201	0.1185	0.1161	0.1202	0.1280	0.1141	0.1072	0.1051	0.1071	0.1143	0.1282	0.0926	0.0862	0.0865	0.0905	0.1016	0.1199	0.0749	0.0655	0.0628	0.0633	0.0678	0.0793	0.1034
1979	0.1231	0.1236	0.1206	0.1247	0.1212	0.1189	0.1167	0.1208	0.1287	0.1149	0.1072	0.1059	0.1077	0.1147	0.1288	0.0929	0.0870	0.0874	0.0906	0.1019	0.1206	0.0752	0.0659	0.0628	0.0637	0.0682	0.0798	0.1038
1980	0.1239	0.1245	0.1209	0.1252	0.1220	0.1195	0.1172	0.1212	0.1293	0.1157	0.1080	0.1061	0.1080	0.1151	0.1295	0.0936	0.0873	0.0876	0.0903	0.1022	0.1214	0.0749	0.0661	0.0632	0.0639	0.0687	0.0801	0.1043
1981	0.1246	0.1255	0.1212	0.1257	0.1228	0.1202	0.1177	0.1217	0.1299	0.1164	0.1089	0.1063	0.1082	0.1156	0.1301	0.0943	0.0876	0.0878	0.0900	0.1025	0.1222	0.0747	0.0662	0.0635	0.0641	0.0693	0.0804	0.1049
1982	0.1252	0.1262	0.1220	0.1269	0.1236	0.1203	0.1184	0.1223	0.1307	0.1167	0.1090	0.1068	0.1086	0.1157	0.1306	0.0946	0.0882	0.0881	0.0906	0.1026	0.1228	0.0753	0.0670	0.0639	0.0643	0.0698	0.0807	0.1050
1983	0.1258	0.1269	0.1228	0.1281	0.1245	0.1204	0.1192	0.1229	0.1313	0.1170	0.1091	0.1074	0.1089	0.1157	0.1311	0.0949	0.0889	0.0883	0.0914	0.1027	0.1233	0.0761	0.0679	0.0643	0.0644	0.0702	0.0810	0.1051
1984	0.1263	0.1272	0.1241	0.1287	0.1248	0.1208	0.1197	0.1235	0.1317	0.1174	0.1097	0.1079	0.1091	0.1166	0.1312	0.0950	0.0889	0.0885	0.0920	0.1033	0.1241	0.0764	0.0683	0.0650	0.0649	0.0706	0.0816	0.1051
1985	0.1269	0.1273	0.1254	0.1291	0.1250	0.1212	0.1202	0.1242	0.1320	0.1179	0.1104	0.1084	0.1093	0.1178	0.1311	0.0950	0.0886	0.0888	0.0926	0.1041	0.1250	0.0767	0.0686	0.0659	0.0656	0.0710	0.0822	0.1051
1986	0.1271	0.1275	0.1266	0.1297	0.1252	0.1221	0.1208	0.1245	0.1325	0.1185	0.1111	0.1088	0.1099	0.1186	0.1313	0.0953	0.0889	0.0892	0.0933	0.1048	0.1254	0.0770	0.0689	0.0664	0.0661	0.0713	0.0825	0.1056
1987	0.1272	0.1276	0.1276	0.1304	0.1256	0.1234	0.1215	0.1247	0.1333	0.1192	0.1117	0.1092	0.1109	0.1192	0.1318	0.0959	0.0897	0.0899	0.0939	0.1054	0.1256	0.0771	0.0691	0.0665	0.0666	0.0716	0.0826	0.1065
1988	0.1277	0.1279	0.1284	0.1310	0.1263	0.1243	0.1220	0.1250	0.1340	0.1195	0.1123	0.1096	0.1117	0.1198	0.1323	0.0964	0.0904	0.0905	0.0945	0.1061	0.1259	0.0774	0.0693	0.0668	0.0671	0.0718	0.0827	0.1070
1989	0.1287	0.1286	0.1289	0.1313	0.1273	0.1247	0.1224	0.1256	0.1349	0.1194	0.1128	0.1101	0.1123	0.1204	0.1331	0.0966	0.0910	0.0910	0.0951	0.1067	0.1261	0.0776	0.0694	0.0671	0.0674	0.0721	0.0827	0.1072
1990	0.1296	0.1293	0.1294	0.1317	0.1283	0.1251	0.1229	0.1263	0.1356	0.1196	0.1135	0.1105	0.1128	0.1209	0.1338	0.0970	0.0917	0.0915	0.0957	0.1073	0.1264	0.0778	0.0696	0.0674	0.0677	0.0724	0.0829	0.1073
1991	0.1299	0.1301	0.1303	0.1323	0.1290	0.1253	0.1240	0.1271	0.1360	0.1206	0.1145	0.1108	0.1135	0.1212	0.1346	0.0976	0.0924	0.0920	0.0960	0.1078	0.1270	0.0781	0.0699	0.0676	0.0680	0.0729	0.0836	0.1072
1992	0.1302	0.1309	0.1310	0.1330	0.1297	0.1256	0.1251	0.1278	0.1364	0.1216	0.1154	0.1112	0.1142	0.1216	0.1354	0.0982	0.0931	0.0925	0.0964	0.1084	0.1275	0.0783	0.0702	0.0678	0.0683	0.0734	0.0842	0.1071
1993	0.1310	0.1314	0.1313	0.1339	0.1301	0.1259	0.1255	0.1284	0.1365	0.1221	0.1162	0.1120	0.1151	0.1222	0.1367	0.0988	0.0934	0.0932	0.0966	0.1082	0.1280	0.0784	0.0703	0.0681	0.0687	0.0734	0.0850	0.1077
1994	0.1319	0.1318	0.1315	0.1347	0.1304	0.1262	0.1260	0.1291	0.1367	0.1226	0.1170	0.1129	0.1161	0.1228	0.1380	0.0994	0.0936	0.0938	0.0968	0.1081	0.1286	0.0785	0.0704	0.0684	0.0690	0.0735	0.0857	0.1083
1995	0.1324	0.1321	0.1322	0.1350	0.1310	0.1268	0.1264	0.1295	0.1370	0.1233	0.1174	0.1135	0.1167	0.1231	0.1384	0.0998	0.0939	0.0941	0.0970	0.1086	0.1290	0.0790	0.0709	0.0684	0.0693	0.0736	0.0858	0.1088
1996	0.1329	0.1322	0.1330	0.1351	0.1315	0.1275	0.1267	0.1299	0.1374	0.1240	0.1177	0.1142	0.1172	0.1234	0.1387	0.1001	0.0943	0.0944	0.0972	0.1091	0.1294	0.0795	0.0715	0.0683	0.0696	0.0737	0.0859	0.1094
1997	0.1334	0.1329	0.1336	0.1354	0.1325	0.1282	0.1275	0.1307	0.1377	0.1247	0.1177	0.1146	0.1171	0.1236	0.1392	0.1002	0.0948	0.0945	0.0973	0.1096	0.1296	0.0801	0.0717	0.0682	0.0695	0.0737	0.0865	0.1098
1998	0.1338	0.1336	0.1341	0.1359	0.1335	0.1289	0.1284	0.1316	0.1381	0.1255	0.1175	0.1150	0.1168	0.1236	0.1398	0.1003	0.0953	0.0946	0.0975	0.1101	0.1296	0.0808	0.0718	0.0680	0.0693	0.0737	0.0873	0.1100
1999	0.1341	0.1342	0.1349	0.1364	0.1343	0.1296	0.1292	0.1322	0.1386	0.1260	0.1176	0.1154	0.1169	0.1240	0.1403	0.1006	0.0959	0.0947	0.0980	0.1107	0.1300	0.0814	0.0721	0.0682	0.0696	0.0741	0.0878	0.1103
2000	0.1345	0.1345	0.1359	0.1370	0.1349	0.1301	0.1299	0.1326	0.1393	0.1263	0.1180	0.1158	0.1172	0.1245	0.1408	0.1010	0.0966	0.0949	0.0988	0.1115	0.1306	0.0818	0.0727	0.0685	0.0702	0.0749	0.0882	0.1106
2001	0.1351	0.1351	0.1367	0.1377	0.1353	0.1307	0.1304	0.1329	0.1399	0.1264	0.1184	0.1162	0.1176	0.1251	0.1412	0.1016	0.0972	0.0951	0.0995	0.1119	0.1313	0.0821	0.0731	0.0690	0.0704	0.0754	0.0884	0.1110
2002	0.1362	0.1360	0.1371	0.1384	0.1354	0.1312	0.1305	0.1330	0.1406	0.1264	0.1190	0.1166	0.1180	0.1260	0.1416	0.1025	0.0974	0.0957	0.1000	0.1118	0.1322	0.0820	0.0735	0.0697	0.0700	0.0757	0.0882	0.1117
2003	0.1373	0.1368	0.1374	0.1392	0.1356	0.1318	0.1306	0.1331	0.1414	0.1266	0.1197	0.1169	0.1185	0.1268	0.1419	0.1033	0.0975	0.0962	0.1005	0.1120	0.1330	0.0820	0.0735	0.0702	0.0697	0.0758	0.0881	0.1122
2004	0.1380	0.1375	0.1370	0.1402	0.1361	0.1326	0.1310	0.1338	0.1423	0.1272	0.1204	0.1169	0.1191	0.1275	0.1420	0.1037	0.0970	0.0965	0.1006	0.1130	0.1336	0.0822	0.0727	0.0703	0.0698	0.0758	0.0881	0.1120
2005	0.1388	0.1381	0.1367	0.1411	0.1366	0.1334	0.1314	0.1344	0.1431	0.1279	0.1211	0.1170	0.1198	0.1281	0.1421	0.1041	0.0966	0.0969	0.1008	0.1139	0.1342	0.0824	0.0720	0.0705	0.0700	0.0759	0.0881	0.1118
2006	0.1396	0.1384	0.1372	0.1419	0.1366	0.1340	0.1315	0.1351	0.1439	0.1288	0.1212	0.1181	0.1203	0.1282	0.1424	0.1043	0.0971	0.0978	0.1011	0.1143	0.1345	0.0828	0.0729	0.0709	0.0708	0.0763	0.0882	0.1123
2007	0.1404	0.1388	0.1378	0.1427	0.1367	0.1346	0.1315	0.1357	0.1446	0.1298	0.1214	0.1193	0.1209	0.1284	0.1428	0.1046	0.0977	0.0986	0.1014	0.1148	0.1348	0.0833	0.0737	0.0713	0.0715	0.0768	0.0883	0.1128
2008	0.1407	0.1397	0.1385	0.1428	0.1373	0.1351	0.1326	0.1364	0.1447	0.1303	0.1219	0.1195	0.1211	0.1293	0.1435	0.1050	0.0984	0.0993	0.1024	0.1151	0.1346	0.0834	0.0743	0.0717	0.0722	0.0771	0.0882	0.1130
2009	0.1410	0.1407	0.1392	0.1430	0.1379	0.1356	0.1338	0.1372	0.1447	0.1307	0.1224	0.1197	0.1213	0.1303	0.1441	0.1055	0.0992	0.0999	0.1034	0.1153	0.1343	0.0835	0.0748	0.0722	0.0729	0.0774	0.0882	0.1133
2010	0.1412	0.1417	0.1396	0.1432	0.1386	0.1360	0.1346	0.1382	0.1447	0.1305	0.1229	0.1197	0.1221	0.1308	0.1444	0.1059	0.0996	0.1003	0.1038	0.1156	0.1345	0.0839	0.0752	0.0725	0.0728	0.0774	0.0885	0.1135
2011	0.1414	0.1426	0.1400	0.1433	0.1394	0.1362	0.1352	0.1392	0.1447	0.1301	0.1234	0.1198	0.1230	0.1312	0.1447	0.1062	0.0999	0.1006	0.1042	0.1159	0.1347	0.0845	0.0756	0.0727	0.0724	0.0774	0.0890	0.1138
2012	0.1418	0.1428	0.1405	0.1436	0.1402	0.1362	0.1359	0.1398	0.1448	0.1306	0.1238	0.1202	0.1237	0.1314	0.1450	0.1066	0.1002	0.1010	0.1044	0.1161	0.1350	0.0851	0.0758	0.0727	0.0727	0.0777	0.0898	0.1143
2013	0.1424	0.1425	0.1410	0.1440	0.1409	0.1360	0.1367	0.1399	0.1451	0.1316	0.1241	0.1210	0.1241	0.1316	0.1453	0.1069	0.1005	0.1016	0.1046	0.1162	0.1354	0.0858	0.0760	0.0725	0.0734	0.0783	0.0908	0.1150
2014	0.1431	0.1425	0.1417	0.1443	0.1415	0.1363	0.1369	0.1403	0.1455	0.1323	0.1244	0.1217	0.1248	0.1321	0.1458	0.1074	0.1007	0.1019	0.1048	0.1165	0.1356	0.0863	0.0762	0.0722	0.0740	0.0788	0.0915	0.1155
2015	0.1442	0.1428	0.1427	0.1445	0.1420	0.1373	0.1365	0.1409	0.1463	0.1327	0.1248	0.1225	0.1257	0.1330	0.1467	0.1081	0.1009	0.1021	0.1051	0.1171	0.1356	0.0865	0.0764	0.0719	0.0746	0.0794	0.0918	0.1158
2016	0.1451	0.1431	0.1435	0.1450	0.1424	0.1382	0.1362	0.1416	0.1472	0.1330	0.1254	0.1231	0.1264	0.1336	0.1474	0.1086	0.1012	0.1022	0.1053	0.1178	0.1359	0.0867	0.0766	0.0720	0.0751	0.0800	0.0920	0.1160
2017	0.1458	0.1432	0.1438	0.1459	0.1428	0.1390	0.1362	0.1423	0.1483	0.1332	0.1263	0.1233	0.1265	0.1337	0.1478	0.1085	0.1018	0.1026	0.1050	0.1186	0.1367	0.0870	0.0765	0.0732	0.0754	0.0805	0.0919	0.1162
2018	0.1465	0.1435	0.1442	0.1468	0.1433	0.1398	0.1363	0.1430	0.1493	0.1334	0.1273	0.1236	0.1266	0.1339	0.1482	0.1085	0.1024	0.1029	0.1049	0.1193	0.1376	0.0872	0.0766	0.0743	0.0757	0.0809	0.0918	0.1163
2019	0.1467	0.1446	0.1448	0.1473	0.1439	0.1399	0.1373	0.1432	0.1498	0.1339	0.1281	0.1239	0.1270	0.1347	0.1486	0.1092	0.1027	0.1031	0.1055	0.1194	0.1385	0.0871	0.0770	0.0747	0.0757	0.0811	0.0921	0.1166
2020	0.1468	0.1458	0.1455	0.1478	0.1446	0.1401	0.1383	0.1434	0.1504	0.1345	0.1288	0.1243	0.1274	0.1355	0.1491	0.1100	0.1029	0.1032	0.1062	0.1194	0.1395	0.0870	0.0774	0.0750	0.0756	0.0813	0.0923	0.1169
2021	0.1471	0.1465	0.1462	0.1481	0.1453	0.1405	0.1391	0.1431	0.1509	0.1352	0.1294	0.1250	0.1274	0.1363	0.1500	0.1102	0.1036	0.1032	0.1069	0.1196	0.1395	0.0869	0.0778	0.0752	0.0756	0.0808	0.0930	0.1168
2022	0.1474	0.1471	0.1468	0.1484	0.1459	0.1408	0.1399	0.1427	0.1516	0.1359	0.1299	0.1257	0.1273	0.1371	0.1510	0.1104	0.1044	0.1032	0.1076	0.1197	0.1395	0.0869	0.0782	0.0753	0.0755	0.0804	0.0936	0.1166
2023	0.1478	0.1478	0.1474	0.1499	0.1462	0.1414	0.1401	0.1431	0.1520	0.1364	0.1301	0.1265	0.1274	0.1367	0.1518	0.1106	0.1049	0.1038	0.1082	0.1200	0.1397	0.0878	0.0788	0.0757	0.0756	0.0805	0.0940	0.1169
2024	0.1481	0.1485	0.1481	0.1515	0.1464	0.1419	0.1401	0.1437	0.1523	0.1370	0.1304	0.1273	0.1276	0.1360	0.1525	0.1107	0.1054	0.1045	0.1088	0.1204	0.1399	0.0888	0.0795	0.0761	0.0756	0.0808	0.0942	0.1173
2025	0.1484	0.1489	0.1485	0.1529	0.1469	0.1425	0.1404	0.1442	0.1533	0.1374	0.1307	0.1278	0.1277	0.1360	0.1529	0.1111	0.1056	0.1051	0.1090	0.1206	0.1406	0.0895	0.0797	0.0765	0.0758	0.0813	0.0942	0.1180
2026	0.1488	0.1491	0.1486	0.1543	0.1474	0.1433	0.1410	0.1447	0.1546	0.1376	0.1312	0.1280	0.1278	0.1364	0.1531	0.1116	0.1056	0.1057	0.1091	0.1206	0.1413	0.0900	0.0797	0.0768	0.0761	0.0819	0.0940	0.1189
2027	0.1493	0.1494	0.1490	0.1552	0.1479	0.1437	0.1415	0.1451	0.1552	0.1380	0.1317	0.1282	0.1285	0.1369	0.1530	0.1121	0.1058	0.1060	0.1092	0.1207	0.1421	0.0903	0.0798	0.0770	0.0766	0.0826	0.0940	0.1194
2028	0.1503	0.1497	0.1497	0.1555	0.1481	0.1439	0.1421	0.1455	0.1552	0.1386	0.1323	0.1283	0.1299	0.1373	0.1527	0.1128	0.1061	0.1063	0.1096	0.1206	0.1428	0.0905	0.0799	0.0770	0.0773	0.0832	0.0944	0.1193
2029	0.1510	0.1500	0.1504	0.1556	0.1483	0.1442	0.1426	0.1459	0.1554	0.1391	0.1329	0.1285	0.1311	0.1378	0.1529	0.1134	0.1064	0.1065	0.1099	0.1208	0.1434	0.0905	0.0802	0.0772	0.0779	0.0836	0.0948	0.1194
2030	0.1515	0.1505	0.1512	0.1554	0.1485	0.1447	0.1431	0.1466	0.1558	0.1395	0.1334	0.1288	0.1319	0.1387	0.1538	0.1137	0.1069	0.1066	0.1102	0.1212	0.1435	0.0903	0.0809	0.0775	0.0784	0.0836	0.0956	0.1195
2031	0.1520	0.1511	0.1520	0.1552	0.1489	0.1452	0.1436	0.1473	0.1563	0.1401	0.1337	0.1293	0.1325	0.1396	0.1548	0.1139	0.1072	0.1067	0.1104	0.1217	0.1437	0.0901	0.0814	0.0778	0.0788	0.0836	0.0961	0.1198
2032	0.1526	0.1516	0.1528	0.1550	0.1498	0.1459	0.1438	0.1482	0.1572	0.1412	0.1335	0.1300	0.1324	0.1399	0.1559	0.1135	0.1072	0.1068	0.1106	0.1226	0.1438	0.0901	0.0812	0.0777	0.0790	0.0840	0.0958	0.1206
2033	0.1531	0.1522	0.1535	0.1548	0.1508	0.1465	0.1440	0.1490	0.1581	0.1422	0.1333	0.1307	0.1324	0.1403	0.1570	0.1132	0.1072	0.1067	0.1108	0.1235	0.1441	0.0901	0.0810	0.0776	0.0792	0.0843	0.0955	0.1213
2034	0.1532	0.1527	0.1531	0.1552	0.1517	0.1470	0.1444	0.1496	0.1588	0.1426	0.1337	0.1307	0.1329	0.1411	0.1568	0.1140	0.1075	0.1068	0.1119	0.1241	0.1448	0.0903	0.0813	0.0774	0.0791	0.0844	0.0957	0.1216
2035	0.1533	0.1531	0.1528	0.1555	0.1527	0.1475	0.1449	0.1502	0.1596	0.1431	0.1341	0.1308	0.1334	0.1418	0.1567	0.1147	0.1078	0.1069	0.1130	0.1246	0.1454	0.0906	0.0816	0.0772	0.0790	0.0845	0.0959	0.1218
2036	0.1538	0.1536	0.1529	0.1565	0.1528	0.1479	0.1458	0.1502	0.1598	0.1437	0.1347	0.1309	0.1340	0.1422	0.1572	0.1148	0.1082	0.1073	0.1137	0.1249	0.1459	0.0903	0.0823	0.0778	0.0789	0.0847	0.0961	0.1219
2037	0.1544	0.1540	0.1531	0.1575	0.1527	0.1482	0.1467	0.1501	0.1599	0.1442	0.1352	0.1310	0.1346	0.1426	0.1578	0.1148	0.1086	0.1076	0.1145	0.1251	0.1464	0.0899	0.0831	0.0784	0.0787	0.0848	0.0964	0.1220
2038	0.1550	0.1548	0.1538	0.1581	0.1532	0.1485	0.1474	0.1504	0.1602	0.1442	0.1358	0.1314	0.1352	0.1429	0.1582	0.1153	0.1094	0.1085	0.1152	0.1251	0.1467	0.0900	0.0832	0.0788	0.0792	0.0850	0.0969	0.1223
2039	0.1557	0.1557	0.1547	0.1586	0.1539	0.1488	0.1480	0.1508	0.1605	0.1440	0.1364	0.1321	0.1358	0.1432	0.1586	0.1159	0.1102	0.1096	0.1159	0.1250	0.1470	0.0904	0.0831	0.0791	0.0799	0.0852	0.0973	0.1228
2040	0.1561	0.1564	0.1553	0.1590	0.1543	0.1493	0.1486	0.1513	0.1607	0.1441	0.1370	0.1328	0.1362	0.1435	0.1589	0.1166	0.1107	0.1103	0.1161	0.1253	0.1474	0.0911	0.0835	0.0793	0.0801	0.0853	0.0978	0.1229
2041	0.1563	0.1570	0.1556	0.1595	0.1545	0.1499	0.1490	0.1519	0.1609	0.1445	0.1375	0.1334	0.1366	0.1440	0.1592	0.1175	0.1111	0.1106	0.1159	0.1259	0.1479	0.0919	0.0841	0.0794	0.0799	0.0853	0.0982	0.1229
2042	0.1565	0.1577	0.1559	0.1599	0.1546	0.1505	0.1496	0.1529	0.1613	0.1449	0.1378	0.1339	0.1367	0.1445	0.1595	0.1179	0.1116	0.1108	0.1158	0.1266	0.1483	0.0926	0.0847	0.0795	0.0799	0.0857	0.0984	0.1229
2043	0.1567	0.1585	0.1562	0.1599	0.1548	0.1512	0.1505	0.1542	0.1621	0.1455	0.1379	0.1341	0.1365	0.1448	0.1596	0.1180	0.1123	0.1108	0.1155	0.1274	0.1485	0.0931	0.0854	0.0799	0.0802	0.0866	0.0984	0.1229
2044	0.1569	0.1591	0.1564	0.1601	0.1549	0.1516	0.1512	0.1551	0.1628	0.1460	0.1382	0.1344	0.1363	0.1452	0.1598	0.1182	0.1128	0.1107	0.1154	0.1280	0.1486	0.0937	0.0859	0.0802	0.0805	0.0872	0.0984	0.1230
2045	0.1568	0.1593	0.1567	0.1604	0.1550	0.1516	0.1518	0.1549	0.1630	0.1463	0.1386	0.1348	0.1361	0.1453	0.1602	0.1184	0.1130	0.1106	0.1158	0.1281	0.1486	0.0946	0.0863	0.0808	0.0806	0.0871	0.0986	0.1237
2046	0.1568	0.1595	0.1571	0.1608	0.1551	0.1515	0.1522	0.1548	0.1632	0.1466	0.1391	0.1354	0.1360	0.1454	0.1607	0.1186	0.1131	0.1106	0.1163	0.1282	0.1487	0.0953	0.0866	0.0812	0.0808	0.0870	0.0989	0.1243
2047	0.1567	0.1594	0.1576	0.1613	0.1556	0.1517	0.1516	0.1547	0.1633	0.1471	0.1395	0.1364	0.1369	0.1457	0.1614	0.1188	0.1134	0.1106	0.1164	0.1285	0.1492	0.0958	0.0864	0.0815	0.0812	0.0875	0.0998	0.1246
2048	0.1568	0.1593	0.1581	0.1619	0.1561	0.1519	0.1511	0.1547	0.1634	0.1475	0.1398	0.1374	0.1378	0.1460	0.1620	0.1190	0.1138	0.1106	0.1166	0.1287	0.1497	0.0963	0.0862	0.0819	0.0815	0.0880	0.1007	0.1249
2049	0.1579	0.1597	0.1585	0.1625	0.1569	0.1526	0.1518	0.1546	0.1641	0.1480	0.1400	0.1374	0.1385	0.1466	0.1625	0.1195	0.1139	0.1110	0.1166	0.1288	0.1500	0.0956	0.0860	0.0822	0.0815	0.0886	0.1002	0.1254
2050	0.1591	0.1600	0.1588	0.1631	0.1576	0.1533	0.1525	0.1545	0.1648	0.1485	0.1401	0.1373	0.1392	0.1473	0.1629	0.1201	0.1139	0.1114	0.1165	0.1289	0.1504	0.0949	0.0858	0.0826	0.0815	0.0893	0.0998	0.1259
2051	0.1593	0.1606	0.1593	0.1637	0.1580	0.1541	0.1528	0.1549	0.1655	0.1488	0.1411	0.1371	0.1399	0.1478	0.1635	0.1204	0.1140	0.1114	0.1163	0.1291	0.1505	0.0949	0.0860	0.0828	0.0818	0.0889	0.0994	0.1261
2052	0.1595	0.1613	0.1598	0.1644	0.1583	0.1550	0.1531	0.1554	0.1663	0.1490	0.1422	0.1370	0.1405	0.1483	0.1641	0.1205	0.1141	0.1114	0.1164	0.1293	0.1506	0.0949	0.0862	0.0828	0.0821	0.0883	0.0991	0.1262
2053	0.1596	0.1615	0.1601	0.1649	0.1589	0.1555	0.1534	0.1556	0.1669	0.1493	0.1426	0.1369	0.1407	0.1489	0.1642	0.1211	0.1141	0.1117	0.1163	0.1296	0.1508	0.0952	0.0864	0.0830	0.0823	0.0884	0.0994	0.1264
2054	0.1596	0.1616	0.1603	0.1652	0.1595	0.1559	0.1536	0.1558	0.1674	0.1495	0.1427	0.1369	0.1409	0.1495	0.1641	0.1219	0.1140	0.1122	0.1162	0.1300	0.1510	0.0957	0.0866	0.0832	0.0825	0.0886	0.0998	0.1267
2055	0.1602	0.1619	0.1606	0.1654	0.1599	0.1562	0.1542	0.1564	0.1676	0.1500	0.1428	0.1374	0.1412	0.1499	0.1640	0.1223	0.1139	0.1129	0.1166	0.1304	0.1513	0.0959	0.0867	0.0833	0.0827	0.0891	0.1003	0.1267
2056	0.1613	0.1625	0.1611	0.1655	0.1600	0.1566	0.1550	0.1573	0.1677	0.1507	0.1429	0.1383	0.1415	0.1503	0.1638	0.1223	0.1137	0.1137	0.1172	0.1310	0.1520	0.0961	0.0866	0.0832	0.0829	0.0898	0.1008	0.1268
2057	0.1623	0.1631	0.1616	0.1657	0.1600	0.1572	0.1557	0.1580	0.1681	0.1514	0.1430	0.1389	0.1417	0.1504	0.1639	0.1225	0.1141	0.1145	0.1177	0.1313	0.1524	0.0963	0.0867	0.0832	0.0831	0.0901	0.1010	0.1271
2058	0.1632	0.1636	0.1623	0.1660	0.1601	0.1579	0.1562	0.1584	0.1688	0.1519	0.1429	0.1393	0.1416	0.1504	0.1643	0.1231	0.1152	0.1155	0.1178	0.1312	0.1525	0.0966	0.0869	0.0834	0.0833	0.0898	0.1011	0.1277
2059	0.1637	0.1640	0.1628	0.1665	0.1601	0.1585	0.1566	0.1587	0.1691	0.1525	0.1431	0.1397	0.1416	0.1506	0.1647	0.1234	0.1159	0.1160	0.1180	0.1314	0.1527	0.0967	0.0872	0.0837	0.0834	0.0895	0.1013	0.1281
2060	0.1636	0.1643	0.1629	0.1669	0.1603	0.1587	0.1570	0.1592	0.1694	0.1529	0.1433	0.1405	0.1419	0.1512	0.1649	0.1229	0.1160	0.1158	0.1181	0.1320	0.1534	0.0967	0.0875	0.0841	0.0834	0.0892	0.1018	0.1276
2061	0.1637	0.1647	0.1630	0.1672	0.1606	0.1588	0.1572	0.1597	0.1697	0.1532	0.1437	0.1411	0.1421	0.1518	0.1653	0.1226	0.1161	0.1155	0.1184	0.1325	0.1541	0.0969	0.0876	0.0845	0.0834	0.0890	0.1023	0.1272
2062	0.1646	0.1653	0.1636	0.1677	0.1612	0.1586	0.1570	0.1604	0.1695	0.1527	0.1441	0.1413	0.1422	0.1524	0.1663	0.1225	0.1166	0.1156	0.1191	0.1321	0.1547	0.0975	0.0875	0.0849	0.0831	0.0890	0.1022	0.1274
2063	0.1653	0.1659	0.1643	0.1681	0.1618	0.1583	0.1568	0.1612	0.1694	0.1521	0.1446	0.1415	0.1423	0.1531	0.1673	0.1225	0.1171	0.1158	0.1197	0.1319	0.1553	0.0980	0.0875	0.0853	0.0829	0.0890	0.1021	0.1276
2064	0.1659	0.1659	0.1649	0.1681	0.1622	0.1584	0.1567	0.1620	0.1696	0.1524	0.1448	0.1413	0.1423	0.1535	0.1675	0.1232	0.1171	0.1159	0.1201	0.1323	0.1555	0.0979	0.0872	0.0852	0.0833	0.0894	0.1024	0.1284
2065	0.1664	0.1660	0.1655	0.1681	0.1627	0.1584	0.1567	0.1628	0.1699	0.1529	0.1451	0.1409	0.1423	0.1538	0.1677	0.1240	0.1171	0.1159	0.1204	0.1328	0.1556	0.0977	0.0870	0.0850	0.0837	0.0899	0.1027	0.1291
2066	0.1666	0.1667	0.1658	0.1686	0.1629	0.1581	0.1577	0.1636	0.1706	0.1535	0.1458	0.1410	0.1430	0.1539	0.1677	0.1244	0.1173	0.1163	0.1208	0.1332	0.1555	0.0979	0.0874	0.0850	0.0844	0.0901	0.1034	0.1291
2067	0.1665	0.1676	0.1661	0.1691	0.1632	0.1577	0.1588	0.1645	0.1712	0.1540	0.1466	0.1412	0.1437	0.1540	0.1676	0.1249	0.1177	0.1167	0.1211	0.1335	0.1554	0.0980	0.0879	0.0849	0.0853	0.0904	0.1040	0.1289
2068	0.1662	0.1682	0.1665	0.1698	0.1642	0.1582	0.1594	0.1647	0.1720	0.1549	0.1472	0.1416	0.1442	0.1543	0.1680	0.1249	0.1177	0.1171	0.1213	0.1340	0.1551	0.0985	0.0881	0.0847	0.0856	0.0906	0.1043	0.1293
2069	0.1658	0.1689	0.1670	0.1704	0.1653	0.1590	0.1598	0.1647	0.1728	0.1560	0.1477	0.1419	0.1446	0.1548	0.1687	0.1247	0.1175	0.1176	0.1214	0.1347	0.1550	0.0991	0.0881	0.0844	0.0858	0.0908	0.1045	0.1300
2070	0.1663	0.1691	0.1673	0.1708	0.1660	0.1598	0.1604	0.1645	0.1733	0.1560	0.1480	0.1423	0.1452	0.1554	0.1693	0.1252	0.1175	0.1180	0.1218	0.1351	0.1554	0.0994	0.0884	0.0843	0.0858	0.0912	0.1048	0.1306
2071	0.1674	0.1689	0.1675	0.1713	0.1663	0.1606	0.1608	0.1643	0.1738	0.1555	0.1481	0.1429	0.1462	0.1558	0.1701	0.1260	0.1177	0.1183	0.1223	0.1354	0.1561	0.0995	0.0888	0.0845	0.0859	0.0917	0.1051	0.1311
2072	0.1684	0.1690	0.1676	0.1719	0.1664	0.1616	0.1610	0.1644	0.1741	0.1554	0.1480	0.1435	0.1466	0.1557	0.1707	0.1266	0.1179	0.1188	0.1227	0.1355	0.1564	0.0995	0.0893	0.0847	0.0860	0.0922	0.1053	0.1314
2073	0.1691	0.1694	0.1675	0.1725	0.1663	0.1626	0.1611	0.1648	0.1743	0.1557	0.1477	0.1443	0.1466	0.1552	0.1710	0.1269	0.1182	0.1195	0.1231	0.1356	0.1563	0.0996	0.0899	0.0849	0.0861	0.0926	0.1057	0.1313
2074	0.1696	0.1698	0.1674	0.1730	0.1665	0.1633	0.1611	0.1650	0.1745	0.1562	0.1477	0.1449	0.1465	0.1550	0.1712	0.1274	0.1187	0.1203	0.1235	0.1356	0.1562	0.0997	0.0905	0.0854	0.0862	0.0928	0.1059	0.1313
2075	0.1702	0.1703	0.1678	0.1733	0.1669	0.1636	0.1611	0.1649	0.1745	0.1572	0.1482	0.1450	0.1462	0.1553	0.1713	0.1279	0.1198	0.1208	0.1238	0.1358	0.1558	0.0998	0.0908	0.0863	0.0857	0.0930	0.1056	0.1313
2076	0.1707	0.1709	0.1684	0.1735	0.1674	0.1638	0.1613	0.1650	0.1746	0.1580	0.1486	0.1452	0.1461	0.1557	0.1714	0.1283	0.1206	0.1211	0.1241	0.1359	0.1557	0.0999	0.0910	0.0871	0.0853	0.0931	0.1054	0.1313
2077	0.1705	0.1711	0.1690	0.1732	0.1680	0.1638	0.1622	0.1657	0.1747	0.1584	0.1486	0.1450	0.1463	0.1565	0.1713	0.1286	0.1204	0.1204	0.1242	0.1360	0.1566	0.0995	0.0913	0.0874	0.0856	0.0931	0.1056	0.1311
2078	0.1704	0.1713	0.1696	0.1729	0.1686	0.1640	0.1631	0.1665	0.1749	0.1587	0.1486	0.1449	0.1465	0.1571	0.1713	0.1288	0.1202	0.1198	0.1243	0.1362	0.1574	0.0992	0.0916	0.0878	0.0858	0.0931	0.1058	0.1310
2079	0.1704	0.1718	0.1698	0.1727	0.1688	0.1643	0.1633	0.1666	0.1755	0.1585	0.1488	0.1454	0.1467	0.1578	0.1718	0.1286	0.1202	0.1195	0.1244	0.1364	0.1580	0.0997	0.0912	0.0880	0.0864	0.0928	0.1058	0.1314
2080	0.1703	0.1722	0.1700	0.1726	0.1691	0.1646	0.1636	0.1666	0.1760	0.1583	0.1491	0.1460	0.1468	0.1584	0.1724	0.1283	0.1201	0.1192	0.1246	0.1366	0.1584	0.1002	0.0907	0.0882	0.0870	0.0926	0.1059	0.1317
2081	0.1707	0.1724	0.1703	0.1733	0.1699	0.1646	0.1635	0.1667	0.1765	0.1585	0.1498	0.1462	0.1473	0.1581	0.1731	0.1281	0.1202	0.1195	0.1247	0.1371	0.1580	0.1007	0.0906	0.0878	0.0876	0.0925	0.1059	0.1322
2082	0.1712	0.1726	0.1705	0.1739	0.1707	0.1647	0.1633	0.1668	0.1769	0.1588	0.1506	0.1464	0.1476	0.1577	0.1738	0.1280	0.1204	0.1199	0.1248	0.1376	0.1574	0.1012	0.0908	0.0873	0.0882	0.0924	0.1061	0.1327
2083	0.1717	0.1730	0.1714	0.1747	0.1711	0.1647	0.1636	0.1672	0.1775	0.1591	0.1511	0.1467	0.1480	0.1578	0.1741	0.1283	0.1204	0.1204	0.1246	0.1377	0.1580	0.1017	0.0914	0.0873	0.0881	0.0924	0.1064	0.1321
2084	0.1721	0.1733	0.1725	0.1754	0.1716	0.1646	0.1640	0.1675	0.1783	0.1593	0.1515	0.1470	0.1486	0.1580	0.1745	0.1287	0.1206	0.1210	0.1243	0.1376	0.1590	0.1020	0.0920	0.0875	0.0878	0.0924	0.1067	0.1312
2085	0.1724	0.1738	0.1727	0.1758	0.1720	0.1650	0.1645	0.1682	0.1789	0.1599	0.1519	0.1472	0.1493	0.1584	0.1747	0.1289	0.1211	0.1212	0.1244	0.1379	0.1600	0.1019	0.0923	0.0877	0.0877	0.0924	0.1068	0.1307
2086	0.1727	0.1746	0.1725	0.1761	0.1724	0.1656	0.1649	0.1692	0.1796	0.1605	0.1521	0.1476	0.1504	0.1588	0.1750	0.1290	0.1218	0.1212	0.1248	0.1381	0.1610	0.1017	0.0925	0.0880	0.0877	0.0923	0.1069	0.1306
2087	0.1731	0.1751	0.1727	0.1765	0.1726	0.1661	0.1652	0.1700	0.1797	0.1612	0.1527	0.1482	0.1513	0.1592	0.1753	0.1296	0.1222	0.1214	0.1254	0.1387	0.1613	0.1017	0.0928	0.0882	0.0879	0.0925	0.1070	0.1309
2088	0.1736	0.1756	0.1733	0.1769	0.1726	0.1666	0.1657	0.1707	0.1795	0.1618	0.1535	0.1489	0.1519	0.1594	0.1756	0.1306	0.1224	0.1220	0.1261	0.1394	0.1612	0.1020	0.0932	0.0884	0.0885	0.0931	0.1071	0.1316
2089	0.1742	0.1762	0.1738	0.1772	0.1727	0.1673	0.1660	0.1712	0.1794	0.1621	0.1540	0.1492	0.1525	0.1598	0.1758	0.1310	0.1225	0.1224	0.1267	0.1398	0.1610	0.1026	0.0934	0.0887	0.0886	0.0936	0.1072	0.1319
2090	0.1747	0.1767	0.1743	0.1772	0.1729	0.1681	0.1660	0.1711	0.1794	0.1622	0.1538	0.1492	0.1529	0.1604	0.1761	0.1307	0.1226	0.1229	0.1269	0.1401	0.1611	0.1031	0.0931	0.0889	0.0885	0.0938	0.1076	0.1322
2091	0.1754	0.1770	0.1747	0.1774	0.1733	0.1685	0.1665	0.1710	0.1795	0.1623	0.1540	0.1490	0.1535	0.1609	0.1763	0.1304	0.1227	0.1234	0.1269	0.1403	0.1613	0.1036	0.0930	0.0889	0.0887	0.0942	0.1081	0.1326
2092	0.1761	0.1770	0.1748	0.1782	0.1736	0.1687	0.1675	0.1712	0.1796	0.1625	0.1542	0.1484	0.1542	0.1610	0.1761	0.1304	0.1235	0.1233	0.1263	0.1406	0.1619	0.1045	0.0928	0.0892	0.0893	0.0943	0.1086	0.1331
2093	0.1765	0.1770	0.1748	0.1787	0.1738	0.1691	0.1684	0.1714	0.1797	0.1629	0.1544	0.1480	0.1546	0.1610	0.1760	0.1305	0.1243	0.1232	0.1258	0.1411	0.1624	0.1053	0.0927	0.0895	0.0899	0.0943	0.1090	0.1335
2094	0.1768	0.1771	0.1752	0.1789	0.1737	0.1695	0.1683	0.1716	0.1794	0.1640	0.1547	0.1486	0.1536	0.1613	0.1768	0.1311	0.1244	0.1232	0.1260	0.1413	0.1626	0.1053	0.0931	0.0898	0.0900	0.0946	0.1088	0.1342
2095	0.1771	0.1773	0.1755	0.1793	0.1735	0.1699	0.1683	0.1718	0.1791	0.1651	0.1550	0.1492	0.1528	0.1616	0.1775	0.1318	0.1245	0.1233	0.1262	0.1414	0.1628	0.1052	0.0936	0.0902	0.0900	0.0950	0.1086	0.1347
2096	0.1776	0.1781	0.1757	0.1800	0.1738	0.1700	0.1680	0.1720	0.1793	0.1657	0.1551	0.1497	0.1531	0.1620	0.1786	0.1322	0.1245	0.1240	0.1267	0.1415	0.1633	0.1050	0.0942	0.0910	0.0900	0.0957	0.1094	0.1347
2097	0.1780	0.1790	0.1757	0.1806	0.1741	0.1701	0.1678	0.1723	0.1795	0.1663	0.1553	0.1503	0.1535	0.1623	0.1796	0.1327	0.1245	0.1247	0.1273	0.1417	0.1638	0.1048	0.0947	0.0919	0.0901	0.0964	0.1102	0.1346
2098	0.1780	0.1789	0.1764	0.1806	0.1742	0.1702	0.1686	0.1727	0.1805	0.1658	0.1561	0.1506	0.1540	0.1627	0.1802	0.1330	0.1249	0.1250	0.1277	0.1419	0.1640	0.1046	0.0949	0.0919	0.0909	0.0966	0.1102	0.1346
2099	0.1779	0.1786	0.1772	0.1805	0.1742	0.1702	0.1697	0.1731	0.1816	0.1651	0.1570	0.1510	0.1544	0.1630	0.1807	0.1332	0.1253	0.1252	0.1279	0.1420	0.1643	0.1044	0.0951	0.0919	0.0918	0.0968	0.1099	0.1346
2100	0.1780	0.1790	0.1779	0.1810	0.1744	0.1702	0.1701	0.1741	0.1823	0.1650	0.1573	0.1514	0.1547	0.1635	0.1808	0.1335	0.1258	0.1251	0.1285	0.1424	0.1642	0.1048	0.0950	0.0915	0.0923	0.0977	0.1096	0.1347
2101	0.1781	0.1797	0.1785	0.1817	0.1747	0.1704	0.1703	0.1751	0.1830	0.1651	0.1576	0.1518	0.1550	0.1641	0.1807	0.1337	0.1263	0.1248	0.1292	0.1428	0.1639	0.1054	0.0947	0.0911	0.0928	0.0985	0.1092	0.1348
2102	0.1785	0.1806	0.1789	0.1830	0.1752	0.1709	0.1705	0.1758	0.1836	0.1651	0.1582	0.1523	0.1552	0.1648	0.1804	0.1341	0.1265	0.1249	0.1301	0.1429	0.1641	0.1058	0.0948	0.0910	0.0928	0.0985	0.1093	0.1351
2103	0.1793	0.1816	0.1792	0.1844	0.1761	0.1714	0.1705	0.1762	0.1841	0.1653	0.1587	0.1527	0.1553	0.1653	0.1804	0.1345	0.1263	0.1253	0.1311	0.1428	0.1644	0.1061	0.0951	0.0909	0.0929	0.0981	0.1097	0.1356
2104	0.1796	0.1818	0.1794	0.1851	0.1766	0.1722	0.1707	0.1765	0.1842	0.1659	0.1591	0.1531	0.1555	0.1658	0.1803	0.1349	0.1263	0.1253	0.1317	0.1431	0.1644	0.1066	0.0954	0.0913	0.0927	0.0977	0.1100	0.1361
2105	0.1795	0.1816	0.1793	0.1850	0.1769	0.1731	0.1713	0.1768	0.1843	0.1670	0.1595	0.1540	0.1558	0.1664	0.1801	0.1351	0.1266	0.1252	0.1319	0.1437	0.1645	0.1071	0.0956	0.0917	0.0922	0.0970	0.1101	0.1366
2106	0.1792	0.1815	0.1794	0.1849	0.1772	0.1739	0.1718	0.1769	0.1846	0.1678	0.1599	0.1544	0.1562	0.1667	0.1805	0.1352	0.1268	0.1255	0.1320	0.1443	0.1646	0.1074	0.0958	0.0922	0.0921	0.0966	0.1104	0.1367
2107	0.1792	0.1819	0.1801	0.1846	0.1778	0.1746	0.1722	0.1771	0.1852	0.1681	0.1599	0.1543	0.1570	0.1668	0.1817	0.1353	0.1270	0.1261	0.1321	0.1450	0.1647	0.1073	0.0962	0.0926	0.0927	0.0970	0.1105	0.1364
2108	0.1793	0.1823	0.1807	0.1845	0.1784	0.1751	0.1726	0.1771	0.1858	0.1683	0.1598	0.1543	0.1574	0.1671	0.1826	0.1352	0.1271	0.1266	0.1322	0.1457	0.1649	0.1071	0.0967	0.0928	0.0930	0.0974	0.1107	0.1363
2109	0.1803	0.1828	0.1807	0.1849	0.1790	0.1751	0.1728	0.1767	0.1861	0.1683	0.1597	0.1542	0.1575	0.1672	0.1826	0.1348	0.1271	0.1274	0.1326	0.1458	0.1653	0.1065	0.0973	0.0933	0.0930	0.0978	0.1110	0.1365
2110	0.1815	0.1832	0.1806	0.1851	0.1795	0.1750	0.1728	0.1764	0.1861	0.1684	0.1597	0.1542	0.1576	0.1674	0.1825	0.1345	0.1272	0.1281	0.1330	0.1459	0.1656	0.1062	0.0978	0.0938	0.0933	0.0983	0.1112	0.1368
2111	0.1821	0.1833	0.1811	0.1850	0.1796	0.1750	0.1730	0.1769	0.1861	0.1686	0.1602	0.1543	0.1579	0.1674	0.1824	0.1355	0.1276	0.1283	0.1334	0.1462	0.1661	0.1061	0.0977	0.0939	0.0940	0.0987	0.1115	0.1372
2112	0.1828	0.1834	0.1816	0.1848	0.1796	0.1752	0.1734	0.1773	0.1863	0.1689	0.1605	0.1545	0.1583	0.1672	0.1823	0.1363	0.1280	0.1285	0.1338	0.1465	0.1665	0.1058	0.0976	0.0939	0.0945	0.0989	0.1118	0.1376
2113	0.1830	0.1837	0.1827	0.1851	0.1798	0.1758	0.1741	0.1772	0.1865	0.1692	0.1605	0.1551	0.1589	0.1668	0.1822	0.1367	0.1282	0.1286	0.1335	0.1465	0.1670	0.1060	0.0975	0.0935	0.0938	0.0986	0.1118	0.1376
2114	0.1832	0.1840	0.1838	0.1856	0.1801	0.1766	0.1747	0.1772	0.1866	0.1696	0.1603	0.1557	0.1594	0.1664	0.1823	0.1370	0.1283	0.1286	0.1331	0.1465	0.1674	0.1063	0.0973	0.0931	0.0931	0.0983	0.1117	0.1374
2115	0.1837	0.1846	0.1838	0.1865	0.1800	0.1769	0.1753	0.1780	0.1866	0.1698	0.1599	0.1560	0.1592	0.1663	0.1836	0.1368	0.1285	0.1289	0.1328	0.1464	0.1673	0.1067	0.0971	0.0933	0.0935	0.0982	0.1122	0.1376
2116	0.1844	0.1851	0.1838	0.1873	0.1798	0.1771	0.1759	0.1789	0.1867	0.1701	0.1595	0.1562	0.1591	0.1661	0.1851	0.1365	0.1286	0.1296	0.1325	0.1463	0.1668	0.1072	0.0970	0.0937	0.0942	0.0981	0.1128	0.1379
2117	0.1846	0.1854	0.1840	0.1875	0.1808	0.1769	0.1762	0.1794	0.1873	0.1705	0.1596	0.1565	0.1589	0.1671	0.1857	0.1364	0.1284	0.1296	0.1324	0.1462	0.1671	0.1082	0.0974	0.0934	0.0949	0.0982	0.1131	0.1382
2118	0.1846	0.1858	0.1841	0.1876	0.1818	0.1769	0.1766	0.1799	0.1879	0.1709	0.1599	0.1569	0.1589	0.1682	0.1863	0.1364	0.1282	0.1295	0.1323	0.1461	0.1676	0.1090	0.0979	0.0929	0.0955	0.0988	0.1135	0.1385
2119	0.1852	0.1865	0.1842	0.1884	0.1821	0.1772	0.1772	0.1801	0.1884	0.1710	0.1605	0.1576	0.1594	0.1686	0.1866	0.1372	0.1286	0.1294	0.1327	0.1461	0.1677	0.1093	0.0980	0.0928	0.0951	0.0990	0.1135	0.1388
2120	0.1858	0.1872	0.1845	0.1896	0.1820	0.1776	0.1779	0.1805	0.1890	0.1710	0.1613	0.1583	0.1599	0.1689	0.1868	0.1382	0.1294	0.1292	0.1334	0.1462	0.1680	0.1094	0.0980	0.0929	0.0943	0.0989	0.1133	0.1389
2121	0.1860	0.1873	0.1848	0.1902	0.1819	0.1779	0.1780	0.1808	0.1895	0.1711	0.1620	0.1586	0.1605	0.1693	0.1873	0.1385	0.1302	0.1295	0.1339	0.1466	0.1682	0.1090	0.0978	0.0934	0.0939	0.0994	0.1128	0.1393
2122	0.1861	0.1874	0.1849	0.1903	0.1820	0.1782	0.1776	0.1810	0.1897	0.1711	0.1626	0.1586	0.1610	0.1695	0.1874	0.1383	0.1311	0.1301	0.1345	0.1472	0.1682	0.1083	0.0979	0.0939	0.0939	0.1002	0.1124	0.1401
2123	0.1859	0.1875	0.1852	0.1902	0.1822	0.1781	0.1775	0.1812	0.1901	0.1713	0.1628	0.1584	0.1614	0.1698	0.1878	0.1378	0.1315	0.1306	0.1349	0.1476	0.1683	0.1081	0.0982	0.0940	0.0940	0.1005	0.1120	0.1404
2124	0.1856	0.1877	0.1856	0.1901	0.1826	0.1779	0.1779	0.1813	0.1905	0.1718	0.1627	0.1581	0.1618	0.1700	0.1886	0.1375	0.1310	0.1311	0.1350	0.1479	0.1682	0.1087	0.0986	0.0941	0.0940	0.1004	0.1116	0.1403
2125	0.1858	0.1876	0.1857	0.1901	0.1829	0.1776	0.1783	0.1816	0.1908	0.1723	0.1627	0.1580	0.1619	0.1701	0.1889	0.1375	0.1307	0.1314	0.1351	0.1481	0.1684	0.1095	0.0988	0.0943	0.0939	0.1001	0.1119	0.1401
2126	0.1869	0.1869	0.1859	0.1898	0.1824	0.1772	0.1786	0.1821	0.1914	0.1726	0.1628	0.1583	0.1620	0.1702	0.1889	0.1376	0.1314	0.1312	0.1354	0.1484	0.1690	0.1104	0.0984	0.0940	0.0945	0.1001	0.1128	0.1393
2127	0.1879	0.1863	0.1861	0.1895	0.1822	0.1770	0.1787	0.1824	0.1920	0.1728	0.1629	0.1585	0.1621	0.1701	0.1891	0.1379	0.1321	0.1313	0.1358	0.1487	0.1694	0.1111	0.0982	0.0940	0.0951	0.1005	0.1137	0.1391
2128	0.1887	0.1862	0.1866	0.1892	0.1821	0.1770	0.1785	0.1822	0.1927	0.1728	0.1630	0.1586	0.1617	0.1703	0.1891	0.1389	0.1323	0.1321	0.1361	0.1489	0.1693	0.1113	0.0982	0.0938	0.0955	0.1014	0.1142	0.1397
2129	0.1893	0.1862	0.1871	0.1891	0.1820	0.1771	0.1783	0.1822	0.1933	0.1730	0.1630	0.1588	0.1614	0.1706	0.1890	0.1399	0.1328	0.1328	0.1364	0.1492	0.1693	0.1112	0.0981	0.0936	0.0958	0.1021	0.1146	0.1400
2130	0.1884	0.1869	0.1873	0.1900	0.1817	0.1773	0.1782	0.1821	0.1929	0.1727	0.1629	0.1593	0.1613	0.1709	0.1891	0.1403	0.1333	0.1331	0.1367	0.1495	0.1694	0.1107	0.0984	0.0932	0.0956	0.1022	0.1144	0.1397
2131	0.1874	0.1877	0.1876	0.1908	0.1816	0.1778	0.1780	0.1820	0.1924	0.1724	0.1628	0.1598	0.1613	0.1713	0.1892	0.1406	0.1337	0.1333	0.1370	0.1495	0.1694	0.1102	0.0988	0.0929	0.0954	0.1023	0.1142	0.1395
2132	0.1864	0.1874	0.1877	0.1905	0.1822	0.1788	0.1776	0.1824	0.1919	0.1727	0.1630	0.1602	0.1616	0.1713	0.1893	0.1402	0.1333	0.1328	0.1366	0.1490	0.1698	0.1103	0.0987	0.0933	0.0953	0.1025	0.1138	0.1396
2133	0.1855	0.1870	0.1878	0.1902	0.1827	0.1797	0.1773	0.1829	0.1916	0.1730	0.1632	0.1605	0.1618	0.1711	0.1894	0.1398	0.1329	0.1323	0.1361	0.1485	0.1703	0.1105	0.0985	0.0939	0.0952	0.1027	0.1133	0.1397
2134	0.1854	0.1869	0.1874	0.1906	0.1833	0.1800	0.1781	0.1832	0.1920	0.1730	0.1634	0.1600	0.1615	0.1710	0.1894	0.1400	0.1325	0.1322	0.1360	0.1488	0.1710	0.1108	0.0993	0.0945	0.0954	0.1024	0.1131	0.1395
2135	0.1856	0.1868	0.1870	0.1913	0.1841	0.1804	0.1789	0.1837	0.1925	0.1730	0.1638	0.1596	0.1612	0.1711	0.1895	0.1403	0.1321	0.1321	0.1360	0.1492	0.1718	0.1110	0.1003	0.0952	0.0955	0.1019	0.1130	0.1392
2136	0.1861	0.1875	0.1863	0.1913	0.1845	0.1804	0.1790	0.1835	0.1921	0.1728	0.1643	0.1594	0.1615	0.1707	0.1895	0.1404	0.1320	0.1321	0.1356	0.1490	0.1721	0.1110	0.1000	0.0955	0.0951	0.1013	0.1133	0.1396
2137	0.1868	0.1882	0.1854	0.1912	0.1847	0.1805	0.1791	0.1830	0.1915	0.1724	0.1644	0.1591	0.1619	0.1704	0.1894	0.1402	0.1320	0.1323	0.1350	0.1487	0.1722	0.1111	0.0996	0.0956	0.0947	0.1008	0.1136	0.1404
2138	0.1876	0.1887	0.1857	0.1912	0.1853	0.1808	0.1795	0.1828	0.1910	0.1728	0.1639	0.1596	0.1619	0.1700	0.1891	0.1402	0.1318	0.1325	0.1347	0.1482	0.1716	0.1113	0.0994	0.0952	0.0949	0.1009	0.1138	0.1403
2139	0.1882	0.1891	0.1866	0.1913	0.1860	0.1811	0.1799	0.1826	0.1905	0.1736	0.1637	0.1605	0.1618	0.1694	0.1885	0.1402	0.1316	0.1327	0.1348	0.1479	0.1708	0.1113	0.0993	0.0947	0.0956	0.1014	0.1136	0.1394
2140	0.1883	0.1886	0.1872	0.1912	0.1863	0.1813	0.1795	0.1819	0.1901	0.1737	0.1636	0.1605	0.1617	0.1694	0.1882	0.1403	0.1317	0.1323	0.1351	0.1482	0.1704	0.1113	0.0993	0.0944	0.0957	0.1016	0.1137	0.1394
2141	0.1879	0.1878	0.1874	0.1911	0.1860	0.1811	0.1787	0.1811	0.1896	0.1732	0.1634	0.1600	0.1615	0.1697	0.1884	0.1404	0.1319	0.1315	0.1353	0.1490	0.1703	0.1113	0.0993	0.0942	0.0955	0.1016	0.1141	0.1400
2142	0.1876	0.1873	0.1875	0.1909	0.1855	0.1807	0.1781	0.1807	0.1892	0.1728	0.1630	0.1598	0.1616	0.1705	0.1880	0.1402	0.1321	0.1312	0.1354	0.1496	0.1702	0.1110	0.0995	0.0941	0.0951	0.1015	0.1140	0.1401
2143	0.1874	0.1870	0.1873	0.1905	0.1851	0.1801	0.1774	0.1804	0.1891	0.1728	0.1623	0.1598	0.1618	0.1715	0.1870	0.1401	0.1323	0.1317	0.1357	0.1498	0.1700	0.1105	0.0997	0.0944	0.0947	0.1011	0.1136	0.1399
2144	0.1874	0.1869	0.1869	0.1899	0.1845	0.1793	0.1769	0.1808	0.1894	0.1730	0.1618	0.1594	0.1619	0.1723	0.1864	0.1400	0.1325	0.1324	0.1357	0.1498	0.1698	0.1100	0.0999	0.0946	0.0946	0.1007	0.1131	0.1397
2145	0.1874	0.1870	0.1864	0.1895	0.1843	0.1787	0.1764	0.1819	0.1901	0.1727	0.1619	0.1589	0.1617	0.1726	0.1862	0.1400	0.1317	0.1334	0.1356	0.1491	0.1699	0.1092	0.1001	0.0948	0.0946	0.1003	0.1126	0.1401
2146	0.1874	0.1871	0.1860	0.1893	0.1843	0.1784	0.1760	0.1825	0.1905	0.1723	0.1619	0.1585	0.1616	0.1727	0.1866	0.1400	0.1308	0.1339	0.1353	0.1486	0.1700	0.1087	0.1002	0.0952	0.0945	0.1000	0.1125	0.1405
2147	0.1868	0.1875	0.1854	0.1894	0.1836	0.1788	0.1770	0.1822	0.1908	0.1725	0.1618	0.1585	0.1618	0.1720	0.1876	0.1394	0.1312	0.1332	0.1351	0.1483	0.1701	0.1090	0.0995	0.0959	0.0944	0.0996	0.1126	0.1406
2148	0.1861	0.1878	0.1850	0.1894	0.1832	0.1794	0.1780	0.1819	0.1910	0.1729	0.1619	0.1587	0.1620	0.1714	0.1885	0.1390	0.1315	0.1325	0.1353	0.1480	0.1702	0.1092	0.0990	0.0964	0.0944	0.0993	0.1127	0.1407
2149	0.1862	0.1883	0.1853	0.1897	0.1832	0.1798	0.1785	0.1812	0.1907	0.1731	0.1620	0.1594	0.1626	0.1708	0.1886	0.1391	0.1316	0.1320	0.1361	0.1476	0.1699	0.1094	0.0996	0.0962	0.0947	0.0990	0.1131	0.1405
2150	0.1865	0.1887	0.1854	0.1900	0.1831	0.1801	0.1790	0.1807	0.1904	0.1733	0.1622	0.1600	0.1630	0.1704	0.1885	0.1391	0.1316	0.1315	0.1369	0.1474	0.1694	0.1096	0.1001	0.0959	0.0947	0.0988	0.1134	0.1402
2151	0.1868	0.1889	0.1851	0.1902	0.1836	0.1798	0.1787	0.1805	0.1898	0.1732	0.1625	0.1598	0.1626	0.1703	0.1882	0.1384	0.1314	0.1316	0.1370	0.1479	0.1689	0.1094	0.0997	0.0955	0.0946	0.0992	0.1138	0.1396
2152	0.1869	0.1890	0.1848	0.1903	0.1841	0.1794	0.1783	0.1803	0.1892	0.1731	0.1629	0.1592	0.1620	0.1701	0.1880	0.1378	0.1313	0.1318	0.1370	0.1485	0.1684	0.1092	0.0994	0.0951	0.0946	0.0996	0.1142	0.1389
2153	0.1868	0.1888	0.1847	0.1902	0.1839	0.1799	0.1779	0.1802	0.1894	0.1733	0.1633	0.1586	0.1615	0.1698	0.1877	0.1377	0.1307	0.1315	0.1370	0.1487	0.1682	0.1097	0.0996	0.0948	0.0947	0.0998	0.1142	0.1384
2154	0.1866	0.1885	0.1845	0.1901	0.1834	0.1807	0.1776	0.1800	0.1896	0.1735	0.1639	0.1583	0.1610	0.1697	0.1873	0.1376	0.1298	0.1310	0.1372	0.1487	0.1682	0.1102	0.0999	0.0945	0.0948	0.1000	0.1143	0.1382
2155	0.1865	0.1881	0.1844	0.1900	0.1830	0.1810	0.1777	0.1800	0.1894	0.1725	0.1639	0.1585	0.1610	0.1701	0.1868	0.1374	0.1294	0.1303	0.1369	0.1483	0.1680	0.1099	0.0991	0.0944	0.0945	0.1002	0.1140	0.1385
2156	0.1862	0.1878	0.1843	0.1898	0.1827	0.1809	0.1779	0.1802	0.1888	0.1713	0.1636	0.1588	0.1611	0.1707	0.1866	0.1372	0.1291	0.1296	0.1366	0.1478	0.1678	0.1096	0.0979	0.0943	0.0944	0.1002	0.1134	0.1391
2157	0.1854	0.1876	0.1847	0.1893	0.1822	0.1800	0.1774	0.1806	0.1885	0.1704	0.1634	0.1592	0.1613	0.1701	0.1863	0.1369	0.1288	0.1295	0.1362	0.1474	0.1673	0.1085	0.0969	0.0935	0.0938	0.0999	0.1133	0.1388
2158	0.1848	0.1872	0.1851	0.1892	0.1816	0.1789	0.1766	0.1809	0.1884	0.1698	0.1633	0.1593	0.1618	0.1690	0.1860	0.1365	0.1287	0.1297	0.1355	0.1469	0.1669	0.1072	0.0964	0.0928	0.0929	0.0991	0.1132	0.1382
2159	0.1846	0.1869	0.1850	0.1892	0.1812	0.1781	0.1763	0.1808	0.1885	0.1699	0.1631	0.1589	0.1622	0.1687	0.1854	0.1368	0.1289	0.1301	0.1349	0.1469	0.1675	0.1068	0.0964	0.0924	0.0928	0.0987	0.1127	0.1380
2160	0.1849	0.1867	0.1847	0.1888	0.1809	0.1771	0.1764	0.1806	0.1888	0.1706	0.1627	0.1584	0.1622	0.1687	0.1847	0.1371	0.1293	0.1305	0.1345	0.1470	0.1688	0.1071	0.0963	0.0922	0.0932	0.0985	0.1124	0.1382
2161	0.1850	0.1863	0.1841	0.1884	0.1803	0.1762	0.1770	0.1801	0.1885	0.1709	0.1623	0.1576	0.1619	0.1685	0.1842	0.1370	0.1296	0.1302	0.1339	0.1467	0.1689	0.1077	0.0962	0.0924	0.0932	0.0982	0.1122	0.1381
2162	0.1850	0.1858	0.1834	0.1882	0.1801	0.1760	0.1771	0.1797	0.1882	0.1706	0.1623	0.1567	0.1614	0.1683	0.1839	0.1365	0.1293	0.1296	0.1338	0.1464	0.1683	0.1080	0.0961	0.0926	0.0927	0.0980	0.1123	0.1374
2163	0.1849	0.1854	0.1829	0.1883	0.1801	0.1757	0.1769	0.1793	0.1881	0.1707	0.1624	0.1558	0.1612	0.1684	0.1835	0.1363	0.1289	0.1295	0.1337	0.1461	0.1677	0.1081	0.0962	0.0925	0.0924	0.0981	0.1123	0.1368
2164	0.1848	0.1849	0.1824	0.1888	0.1803	0.1753	0.1766	0.1789	0.1881	0.1714	0.1626	0.1548	0.1610	0.1681	0.1829	0.1366	0.1285	0.1294	0.1336	0.1457	0.1670	0.1085	0.0964	0.0921	0.0924	0.0983	0.1117	0.1365
2165	0.1845	0.1847	0.1820	0.1891	0.1809	0.1754	0.1761	0.1786	0.1884	0.1718	0.1628	0.1544	0.1608	0.1679	0.1826	0.1370	0.1281	0.1293	0.1337	0.1453	0.1664	0.1088	0.0965	0.0919	0.0922	0.0980	0.1116	0.1364
2166	0.1841	0.1851	0.1819	0.1887	0.1811	0.1760	0.1757	0.1788	0.1888	0.1715	0.1623	0.1546	0.1608	0.1676	0.1827	0.1377	0.1280	0.1292	0.1341	0.1446	0.1663	0.1089	0.0966	0.0916	0.0918	0.0976	0.1115	0.1366
2167	0.1841	0.1855	0.1816	0.1881	0.1812	0.1764	0.1756	0.1793	0.1888	0.1712	0.1618	0.1547	0.1606	0.1671	0.1829	0.1380	0.1280	0.1291	0.1347	0.1439	0.1664	0.1087	0.0965	0.0913	0.0913	0.0972	0.1111	0.1369
2168	0.1841	0.1853	0.1811	0.1874	0.1807	0.1768	0.1755	0.1796	0.1879	0.1714	0.1615	0.1553	0.1594	0.1667	0.1832	0.1376	0.1278	0.1294	0.1344	0.1438	0.1664	0.1085	0.0962	0.0910	0.0915	0.0969	0.1111	0.1371
2169	0.1842	0.1850	0.1807	0.1869	0.1801	0.1772	0.1753	0.1797	0.1868	0.1714	0.1611	0.1556	0.1584	0.1664	0.1832	0.1371	0.1278	0.1294	0.1341	0.1438	0.1661	0.1084	0.0959	0.0908	0.0917	0.0967	0.1113	0.1372
2170	0.1838	0.1845	0.1812	0.1865	0.1795	0.1772	0.1749	0.1791	0.1859	0.1708	0.1610	0.1549	0.1583	0.1664	0.1831	0.1367	0.1282	0.1284	0.1339	0.1439	0.1655	0.1088	0.0960	0.0910	0.0920	0.0972	0.1110	0.1373
2171	0.1832	0.1837	0.1816	0.1862	0.1790	0.1771	0.1743	0.1786	0.1850	0.1703	0.1610	0.1542	0.1581	0.1665	0.1829	0.1364	0.1283	0.1276	0.1336	0.1442	0.1651	0.1091	0.0961	0.0911	0.0924	0.0977	0.1106	0.1373
2172	0.1823	0.1833	0.1816	0.1859	0.1786	0.1768	0.1736	0.1785	0.1847	0.1700	0.1608	0.1542	0.1573	0.1669	0.1823	0.1364	0.1279	0.1270	0.1328	0.1446	0.1651	0.1081	0.0959	0.0906	0.0926	0.0978	0.1101	0.1366
2173	0.1814	0.1831	0.1816	0.1856	0.1781	0.1764	0.1728	0.1782	0.1845	0.1697	0.1606	0.1544	0.1566	0.1673	0.1817	0.1363	0.1276	0.1265	0.1319	0.1447	0.1651	0.1070	0.0954	0.0901	0.0927	0.0977	0.1096	0.1359
2174	0.1807	0.1827	0.1810	0.1847	0.1775	0.1758	0.1716	0.1771	0.1848	0.1692	0.1604	0.1539	0.1565	0.1673	0.1814	0.1359	0.1272	0.1260	0.1312	0.1448	0.1650	0.1064	0.0953	0.0900	0.0927	0.0977	0.1091	0.1351
2175	0.1801	0.1820	0.1804	0.1839	0.1771	0.1750	0.1703	0.1760	0.1852	0.1688	0.1601	0.1532	0.1565	0.1671	0.1808	0.1353	0.1268	0.1256	0.1307	0.1449	0.1648	0.1058	0.0955	0.0899	0.0926	0.0979	0.1085	0.1344
2176	0.1801	0.1812	0.1803	0.1831	0.1769	0.1744	0.1698	0.1753	0.1855	0.1685	0.1598	0.1529	0.1558	0.1666	0.1801	0.1347	0.1274	0.1260	0.1306	0.1450	0.1645	0.1059	0.0951	0.0894	0.0923	0.0982	0.1083	0.1337
2177	0.1803	0.1802	0.1804	0.1823	0.1769	0.1737	0.1695	0.1748	0.1855	0.1681	0.1597	0.1529	0.1550	0.1661	0.1791	0.1343	0.1279	0.1268	0.1303	0.1450	0.1643	0.1062	0.0945	0.0888	0.0919	0.0983	0.1079	0.1332
2178	0.1803	0.1795	0.1798	0.1817	0.1764	0.1738	0.1695	0.1747	0.1849	0.1673	0.1595	0.1527	0.1541	0.1663	0.1784	0.1336	0.1278	0.1267	0.1294	0.1447	0.1641	0.1063	0.0942	0.0892	0.0916	0.0984	0.1075	0.1335
2179	0.1800	0.1793	0.1785	0.1815	0.1755	0.1741	0.1697	0.1745	0.1844	0.1666	0.1586	0.1524	0.1534	0.1665	0.1778	0.1328	0.1274	0.1262	0.1285	0.1445	0.1638	0.1060	0.0937	0.0899	0.0914	0.0985	0.1071	0.1338
2180	0.1798	0.1789	0.1769	0.1815	0.1754	0.1737	0.1694	0.1751	0.1838	0.1665	0.1575	0.1520	0.1533	0.1655	0.1775	0.1321	0.1265	0.1258	0.1278	0.1439	0.1637	0.1059	0.0939	0.0898	0.0907	0.0977	0.1068	0.1332
2181	0.1792	0.1783	0.1752	0.1817	0.1758	0.1731	0.1685	0.1757	0.1832	0.1668	0.1565	0.1517	0.1535	0.1642	0.1773	0.1320	0.1258	0.1254	0.1271	0.1434	0.1636	0.1061	0.0943	0.0892	0.0900	0.0966	0.1071	0.1326
2182	0.1789	0.1780	0.1744	0.1816	0.1756	0.1725	0.1678	0.1758	0.1824	0.1671	0.1556	0.1517	0.1535	0.1630	0.1775	0.1322	0.1250	0.1250	0.1271	0.1427	0.1639	0.1059	0.0940	0.0886	0.0897	0.0958	0.1078	0.1328
2183	0.1787	0.1780	0.1745	0.1814	0.1751	0.1721	0.1676	0.1760	0.1814	0.1668	0.1550	0.1515	0.1533	0.1622	0.1779	0.1318	0.1244	0.1250	0.1275	0.1415	0.1644	0.1059	0.0935	0.0886	0.0896	0.0954	0.1083	0.1333
2184	0.1782	0.1775	0.1745	0.1806	0.1745	0.1716	0.1679	0.1756	0.1810	0.1660	0.1545	0.1513	0.1533	0.1618	0.1780	0.1315	0.1241	0.1252	0.1277	0.1409	0.1644	0.1055	0.0936	0.0889	0.0898	0.0953	0.1088	0.1336
2185	0.1775	0.1764	0.1744	0.1793	0.1740	0.1709	0.1683	0.1740	0.1806	0.1649	0.1543	0.1508	0.1534	0.1616	0.1780	0.1313	0.1244	0.1258	0.1271	0.1407	0.1639	0.1042	0.0943	0.0889	0.0902	0.0950	0.1087	0.1336
2186	0.1769	0.1758	0.1745	0.1781	0.1739	0.1702	0.1687	0.1726	0.1801	0.1638	0.1540	0.1503	0.1535	0.1615	0.1774	0.1311	0.1246	0.1261	0.1262	0.1407	0.1630	0.1031	0.0946	0.0893	0.0906	0.0950	0.1080	0.1338
2187	0.1763	0.1758	0.1747	0.1772	0.1737	0.1695	0.1686	0.1715	0.1797	0.1630	0.1534	0.1495	0.1537	0.1615	0.1761	0.1311	0.1246	0.1251	0.1264	0.1409	0.1620	0.1030	0.0941	0.0896	0.0905	0.0953	0.1068	0.1343
2188	0.1759	0.1759	0.1749	0.1770	0.1732	0.1686	0.1680	0.1702	0.1794	0.1624	0.1528	0.1491	0.1535	0.1614	0.1753	0.1314	0.1245	0.1242	0.1267	0.1411	0.1611	0.1025	0.0936	0.0898	0.0907	0.0957	0.1059	0.1346
2189	0.1756	0.1761	0.1747	0.1774	0.1724	0.1679	0.1678	0.1691	0.1792	0.1621	0.1524	0.1496	0.1528	0.1612	0.1752	0.1318	0.1233	0.1231	0.1271	0.1411	0.1605	0.1016	0.0928	0.0902	0.0910	0.0960	0.1058	0.1349
2190	0.1750	0.1762	0.1744	0.1777	0.1717	0.1673	0.1679	0.1681	0.1790	0.1622	0.1522	0.1496	0.1525	0.1609	0.1754	0.1319	0.1222	0.1219	0.1278	0.1408	0.1600	0.1008	0.0923	0.0904	0.0910	0.0959	0.1054	0.1350
2191	0.1750	0.1754	0.1747	0.1776	0.1717	0.1669	0.1685	0.1678	0.1786	0.1615	0.1519	0.1485	0.1524	0.1603	0.1755	0.1314	0.1217	0.1219	0.1274	0.1401	0.1596	0.1002	0.0921	0.0907	0.0905	0.0951	0.1051	0.1341
2192	0.1748	0.1743	0.1749	0.1772	0.1715	0.1667	0.1690	0.1676	0.1782	0.1606	0.1516	0.1477	0.1521	0.1597	0.1753	0.1310	0.1214	0.1217	0.1269	0.1394	0.1592	0.0999	0.0920	0.0910	0.0900	0.0943	0.1049	0.1332
2193	0.1743	0.1738	0.1752	0.1767	0.1704	0.1667	0.1683	0.1678	0.1780	0.1596	0.1513	0.1475	0.1514	0.1592	0.1748	0.1305	0.1220	0.1215	0.1266	0.1384	0.1598	0.1011	0.0923	0.0913	0.0892	0.0936	0.1044	0.1327
2194	0.1737	0.1736	0.1754	0.1761	0.1695	0.1665	0.1674	0.1676	0.1778	0.1585	0.1508	0.1474	0.1506	0.1587	0.1744	0.1299	0.1226	0.1213	0.1262	0.1376	0.1602	0.1024	0.0926	0.0918	0.0884	0.0930	0.1040	0.1323
2195	0.1734	0.1737	0.1744	0.1750	0.1698	0.1663	0.1668	0.1672	0.1777	0.1586	0.1498	0.1479	0.1501	0.1577	0.1740	0.1288	0.1225	0.1211	0.1257	0.1373	0.1587	0.1026	0.0928	0.0918	0.0877	0.0929	0.1034	0.1321
2196	0.1733	0.1736	0.1733	0.1740	0.1704	0.1661	0.1664	0.1670	0.1776	0.1591	0.1490	0.1483	0.1496	0.1569	0.1735	0.1278	0.1222	0.1208	0.1254	0.1369	0.1570	0.1025	0.0929	0.0913	0.0871	0.0928	0.1029	0.1320
2197	0.1735	0.1726	0.1729	0.1742	0.1705	0.1656	0.1659	0.1673	0.1775	0.1585	0.1496	0.1478	0.1495	0.1576	0.1725	0.1275	0.1212	0.1207	0.1249	0.1365	0.1558	0.1025	0.0925	0.0895	0.0873	0.0928	0.1028	0.1309
2198	0.1734	0.1714	0.1723	0.1744	0.1704	0.1651	0.1652	0.1676	0.1775	0.1575	0.1503	0.1470	0.1495	0.1585	0.1714	0.1274	0.1199	0.1204	0.1241	0.1360	0.1548	0.1024	0.0919	0.0877	0.0878	0.0931	0.1028	0.1295
2199	0.1729	0.1712	0.1718	0.1742	0.1702	0.1654	0.1639	0.1672	0.1771	0.1576	0.1504	0.1463	0.1493	0.1590	0.1712	0.1275	0.1193	0.1201	0.1233	0.1354	0.1551	0.1019	0.0916	0.0873	0.0883	0.0930	0.1023	0.1283
2200	0.1723	0.1714	0.1712	0.1740	0.1698	0.1656	0.1626	0.1662	0.1770	0.1578	0.1505	0.1457	0.1489	0.1592	0.1715	0.1278	0.1189	0.1200	0.1228	0.1348	0.1557	0.1012	0.0916	0.0872	0.0886	0.0928	0.1017	0.1272
2201	0.1714	0.1715	0.1715	0.1737	0.1691	0.1659	0.1617	0.1661	0.1764	0.1580	0.1502	0.1455	0.1490	0.1587	0.1716	0.1279	0.1183	0.1196	0.1229	0.1352	0.1564	0.1007	0.0924	0.0864	0.0885	0.0927	0.1023	0.1272
2202	0.1703	0.1716	0.1722	0.1735	0.1683	0.1665	0.1608	0.1665	0.1752	0.1588	0.1500	0.1456	0.1493	0.1587	0.1715	0.1278	0.1180	0.1192	0.1235	0.1357	0.1572	0.1004	0.0930	0.0851	0.0881	0.0923	0.1029	0.1275
2203	0.1694	0.1715	0.1718	0.1741	0.1683	0.1662	0.1603	0.1673	0.1744	0.1587	0.1499	0.1459	0.1493	0.1580	0.1718	0.1279	0.1183	0.1193	0.1243	0.1360	0.1576	0.1003	0.0924	0.0846	0.0877	0.0915	0.1038	0.1277
2204	0.1685	0.1711	0.1716	0.1745	0.1690	0.1654	0.1601	0.1678	0.1737	0.1578	0.1496	0.1459	0.1491	0.1568	0.1717	0.1282	0.1184	0.1193	0.1248	0.1365	0.1579	0.1006	0.0917	0.0848	0.0870	0.0912	0.1048	0.1282
2205	0.1683	0.1709	0.1715	0.1748	0.1694	0.1649	0.1608	0.1674	0.1739	0.1581	0.1494	0.1460	0.1492	0.1564	0.1716	0.1283	0.1182	0.1195	0.1249	0.1369	0.1578	0.1001	0.0914	0.0853	0.0864	0.0913	0.1055	0.1287
2206	0.1687	0.1712	0.1708	0.1746	0.1695	0.1648	0.1620	0.1662	0.1742	0.1587	0.1494	0.1465	0.1497	0.1564	0.1717	0.1279	0.1177	0.1199	0.1249	0.1366	0.1573	0.0992	0.0914	0.0859	0.0864	0.0913	0.1060	0.1293
2207	0.1688	0.1717	0.1710	0.1740	0.1698	0.1645	0.1625	0.1654	0.1744	0.1589	0.1496	0.1469	0.1494	0.1563	0.1712	0.1272	0.1174	0.1202	0.1248	0.1363	0.1569	0.0990	0.0919	0.0862	0.0865	0.0917	0.1064	0.1297
2208	0.1692	0.1718	0.1715	0.1737	0.1703	0.1643	0.1630	0.1650	0.1756	0.1594	0.1501	0.1471	0.1488	0.1558	0.1707	0.1267	0.1178	0.1205	0.1250	0.1364	0.1568	0.0999	0.0922	0.0863	0.0869	0.0918	0.1071	0.1304
2209	0.1701	0.1717	0.1715	0.1739	0.1708	0.1647	0.1639	0.1648	0.1759	0.1596	0.1505	0.1471	0.1487	0.1553	0.1710	0.1270	0.1184	0.1204	0.1251	0.1367	0.1571	0.1011	0.0919	0.0861	0.0872	0.0918	0.1080	0.1313
2210	0.1711	0.1718	0.1721	0.1742	0.1714	0.1659	0.1644	0.1646	0.1751	0.1595	0.1508	0.1463	0.1491	0.1553	0.1724	0.1278	0.1195	0.1200	0.1253	0.1371	0.1579	0.1013	0.0913	0.0858	0.0869	0.0922	0.1083	0.1313
2211	0.1722	0.1722	0.1725	0.1748	0.1717	0.1671	0.1648	0.1645	0.1748	0.1598	0.1511	0.1462	0.1496	0.1558	0.1735	0.1284	0.1203	0.1200	0.1257	0.1374	0.1588	0.1012	0.0911	0.0860	0.0869	0.0922	0.1084	0.1314
2212	0.1739	0.1730	0.1722	0.1754	0.1714	0.1683	0.1657	0.1650	0.1750	0.1599	0.1510	0.1470	0.1499	0.1561	0.1738	0.1290	0.1205	0.1204	0.1257	0.1375	0.1592	0.1008	0.0910	0.0868	0.0878	0.0927	0.1089	0.1319
2213	0.1750	0.1736	0.1722	0.1754	0.1713	0.1690	0.1661	0.1658	0.1752	0.1596	0.1509	0.1470	0.1501	0.1564	0.1740	0.1289	0.1206	0.1205	0.1257	0.1373	0.1593	0.1002	0.0911	0.0876	0.0887	0.0937	0.1091	0.1320
2214	0.1748	0.1728	0.1727	0.1749	0.1712	0.1682	0.1664	0.1673	0.1764	0.1596	0.1510	0.1469	0.1493	0.1571	0.1745	0.1280	0.1210	0.1202	0.1260	0.1372	0.1586	0.1003	0.0909	0.0876	0.0889	0.0936	0.1086	0.1315
2215	0.1747	0.1720	0.1730	0.1745	0.1710	0.1679	0.1670	0.1688	0.1772	0.1595	0.1514	0.1471	0.1488	0.1578	0.1748	0.1273	0.1214	0.1199	0.1262	0.1371	0.1582	0.1007	0.0906	0.0875	0.0888	0.0934	0.1081	0.1308
2216	0.1743	0.1717	0.1727	0.1747	0.1704	0.1680	0.1673	0.1698	0.1777	0.1588	0.1518	0.1470	0.1483	0.1584	0.1741	0.1270	0.1206	0.1207	0.1264	0.1369	0.1595	0.1013	0.0907	0.0877	0.0894	0.0930	0.1079	0.1295
2217	0.1742	0.1716	0.1726	0.1751	0.1698	0.1679	0.1676	0.1708	0.1782	0.1585	0.1520	0.1471	0.1480	0.1589	0.1733	0.1270	0.1199	0.1214	0.1265	0.1366	0.1605	0.1016	0.0909	0.0879	0.0904	0.0926	0.1076	0.1281
2218	0.1746	0.1729	0.1730	0.1751	0.1698	0.1679	0.1670	0.1713	0.1780	0.1583	0.1520	0.1473	0.1485	0.1587	0.1728	0.1276	0.1199	0.1219	0.1265	0.1359	0.1601	0.1013	0.0913	0.0889	0.0911	0.0933	0.1066	0.1263
2219	0.1747	0.1742	0.1733	0.1751	0.1698	0.1682	0.1664	0.1715	0.1779	0.1582	0.1520	0.1474	0.1490	0.1585	0.1723	0.1283	0.1197	0.1223	0.1267	0.1354	0.1596	0.1010	0.0915	0.0900	0.0915	0.0944	0.1057	0.1250
2220	0.1742	0.1751	0.1736	0.1753	0.1697	0.1681	0.1664	0.1710	0.1785	0.1588	0.1519	0.1473	0.1496	0.1583	0.1723	0.1290	0.1199	0.1226	0.1265	0.1358	0.1585	0.1012	0.0914	0.0895	0.0905	0.0950	0.1054	0.1257
2221	0.1740	0.1758	0.1739	0.1753	0.1696	0.1678	0.1666	0.1705	0.1790	0.1594	0.1519	0.1474	0.1500	0.1581	0.1723	0.1295	0.1203	0.1230	0.1261	0.1363	0.1574	0.1017	0.0911	0.0889	0.0895	0.0953	0.1052	0.1267
2222	0.1752	0.1760	0.1739	0.1751	0.1702	0.1678	0.1664	0.1697	0.1791	0.1596	0.1517	0.1477	0.1505	0.1581	0.1735	0.1294	0.1208	0.1230	0.1263	0.1370	0.1574	0.1029	0.0911	0.0886	0.0887	0.0954	0.1049	0.1281
2223	0.1765	0.1760	0.1736	0.1754	0.1708	0.1677	0.1662	0.1689	0.1791	0.1597	0.1516	0.1480	0.1513	0.1583	0.1751	0.1292	0.1213	0.1226	0.1268	0.1378	0.1579	0.1039	0.0913	0.0883	0.0881	0.0955	0.1046	0.1292
2224	0.1767	0.1760	0.1736	0.1758	0.1708	0.1667	0.1666	0.1688	0.1785	0.1595	0.1519	0.1487	0.1520	0.1580	0.1760	0.1293	0.1217	0.1219	0.1268	0.1377	0.1579	0.1034	0.0912	0.0879	0.0878	0.0960	0.1043	0.1289
2225	0.1764	0.1760	0.1740	0.1762	0.1706	0.1655	0.1671	0.1689	0.1777	0.1594	0.1522	0.1495	0.1525	0.1577	0.1766	0.1296	0.1220	0.1213	0.1268	0.1376	0.1578	0.1025	0.0911	0.0876	0.0875	0.0967	0.1039	0.1283
2226	0.1754	0.1764	0.1745	0.1764	0.1702	0.1658	0.1670	0.1691	0.1776	0.1597	0.1527	0.1495	0.1525	0.1580	0.1766	0.1297	0.1214	0.1211	0.1275	0.1379	0.1576	0.1024	0.0918	0.0881	0.0880	0.0961	0.1043	0.1278
2227	0.1747	0.1768	0.1747	0.1766	0.1695	0.1667	0.1668	0.1691	0.1776	0.1603	0.1531	0.1494	0.1524	0.1585	0.1762	0.1299	0.1206	0.1212	0.1282	0.1382	0.1573	0.1022	0.0928	0.0890	0.0885	0.0945	0.1054	0.1279
2228	0.1739	0.1763	0.1747	0.1760	0.1694	0.1673	0.1662	0.1691	0.1780	0.1607	0.1529	0.1489	0.1523	0.1587	0.1752	0.1306	0.1213	0.1216	0.1281	0.1383	0.1572	0.1024	0.0934	0.0891	0.0891	0.0938	0.1061	0.1280
2229	0.1731	0.1756	0.1746	0.1758	0.1695	0.1676	0.1658	0.1689	0.1790	0.1613	0.1522	0.1484	0.1519	0.1591	0.1740	0.1311	0.1219	0.1220	0.1283	0.1382	0.1578	0.1023	0.0937	0.0892	0.0896	0.0933	0.1067	0.1279
2230	0.1736	0.1749	0.1746	0.1764	0.1702	0.1677	0.1661	0.1688	0.1789	0.1611	0.1523	0.1481	0.1513	0.1592	0.1735	0.1308	0.1225	0.1223	0.1285	0.1378	0.1585	0.1023	0.0941	0.0895	0.0893	0.0931	0.1067	0.1285
2231	0.1742	0.1741	0.1749	0.1771	0.1712	0.1680	0.1666	0.1690	0.1782	0.1604	0.1530	0.1475	0.1507	0.1592	0.1733	0.1298	0.1236	0.1226	0.1283	0.1372	0.1588	0.1029	0.0943	0.0896	0.0891	0.0929	0.1061	0.1288
2232	0.1745	0.1744	0.1748	0.1776	0.1714	0.1681	0.1671	0.1691	0.1775	0.1603	0.1535	0.1476	0.1507	0.1598	0.1735	0.1295	0.1240	0.1230	0.1276	0.1371	0.1592	0.1031	0.0942	0.0900	0.0897	0.0919	0.1050	0.1294
2233	0.1750	0.1753	0.1742	0.1774	0.1713	0.1679	0.1674	0.1691	0.1769	0.1604	0.1537	0.1479	0.1508	0.1608	0.1742	0.1300	0.1242	0.1234	0.1263	0.1370	0.1593	0.1037	0.0936	0.0905	0.0903	0.0913	0.1037	0.1304
2234	0.1756	0.1758	0.1736	0.1772	0.1711	0.1680	0.1679	0.1687	0.1767	0.1607	0.1537	0.1477	0.1506	0.1609	0.1744	0.1304	0.1237	0.1234	0.1256	0.1371	0.1589	0.1041	0.0924	0.0909	0.0901	0.0913	0.1036	0.1311
2235	0.1758	0.1761	0.1733	0.1769	0.1703	0.1682	0.1683	0.1682	0.1772	0.1610	0.1535	0.1472	0.1504	0.1598	0.1741	0.1304	0.1220	0.1234	0.1256	0.1376	0.1583	0.1038	0.0911	0.0916	0.0892	0.0916	0.1042	0.1311
2236	0.1760	0.1760	0.1733	0.1770	0.1700	0.1688	0.1688	0.1683	0.1773	0.1608	0.1530	0.1474	0.1500	0.1587	0.1738	0.1304	0.1215	0.1239	0.1263	0.1378	0.1576	0.1038	0.0905	0.0922	0.0887	0.0923	0.1047	0.1308
2237	0.1757	0.1752	0.1738	0.1776	0.1708	0.1689	0.1693	0.1685	0.1769	0.1601	0.1525	0.1485	0.1494	0.1579	0.1733	0.1306	0.1224	0.1247	0.1268	0.1384	0.1573	0.1036	0.0905	0.0916	0.0890	0.0930	0.1056	0.1300
2238	0.1754	0.1748	0.1743	0.1780	0.1717	0.1692	0.1698	0.1689	0.1771	0.1600	0.1524	0.1494	0.1493	0.1574	0.1729	0.1308	0.1231	0.1252	0.1267	0.1388	0.1575	0.1036	0.0905	0.0908	0.0891	0.0935	0.1063	0.1300
2239	0.1757	0.1748	0.1745	0.1775	0.1723	0.1696	0.1698	0.1690	0.1773	0.1604	0.1522	0.1502	0.1492	0.1577	0.1727	0.1312	0.1233	0.1244	0.1265	0.1387	0.1586	0.1032	0.0908	0.0904	0.0889	0.0937	0.1061	0.1311
2240	0.1757	0.1752	0.1746	0.1771	0.1727	0.1698	0.1694	0.1692	0.1773	0.1606	0.1525	0.1508	0.1490	0.1583	0.1728	0.1314	0.1234	0.1238	0.1265	0.1390	0.1600	0.1024	0.0911	0.0903	0.0887	0.0936	0.1058	0.1322
2241	0.1755	0.1754	0.1743	0.1772	0.1724	0.1697	0.1693	0.1697	0.1770	0.1607	0.1538	0.1507	0.1502	0.1590	0.1735	0.1322	0.1238	0.1236	0.1260	0.1396	0.1612	0.1029	0.0910	0.0909	0.0889	0.0934	0.1051	0.1326
2242	0.1755	0.1754	0.1745	0.1772	0.1724	0.1698	0.1695	0.1702	0.1765	0.1609	0.1550	0.1508	0.1513	0.1597	0.1741	0.1331	0.1244	0.1233	0.1258	0.1400	0.1619	0.1035	0.0910	0.0909	0.0891	0.0935	0.1045	0.1325
2243	0.1754	0.1757	0.1753	0.1773	0.1728	0.1700	0.1697	0.1706	0.1772	0.1614	0.1555	0.1503	0.1506	0.1608	0.1742	0.1328	0.1248	0.1235	0.1272	0.1401	0.1619	0.1035	0.0909	0.0904	0.0899	0.0930	0.1053	0.1321
2244	0.1753	0.1759	0.1758	0.1776	0.1734	0.1696	0.1697	0.1707	0.1782	0.1621	0.1556	0.1501	0.1503	0.1614	0.1742	0.1324	0.1253	0.1236	0.1286	0.1401	0.1617	0.1034	0.0906	0.0900	0.0908	0.0925	0.1062	0.1316
2245	0.1756	0.1772	0.1755	0.1780	0.1744	0.1687	0.1690	0.1702	0.1793	0.1622	0.1550	0.1495	0.1515	0.1605	0.1743	0.1320	0.1252	0.1234	0.1292	0.1396	0.1606	0.1030	0.0902	0.0893	0.0903	0.0926	0.1063	0.1314
2246	0.1758	0.1786	0.1749	0.1784	0.1753	0.1682	0.1684	0.1701	0.1804	0.1624	0.1543	0.1488	0.1525	0.1598	0.1745	0.1315	0.1251	0.1229	0.1296	0.1389	0.1598	0.1026	0.0900	0.0887	0.0900	0.0928	0.1064	0.1315
2247	0.1762	0.1791	0.1745	0.1788	0.1760	0.1684	0.1685	0.1702	0.1804	0.1628	0.1538	0.1488	0.1532	0.1599	0.1743	0.1311	0.1250	0.1219	0.1289	0.1383	0.1599	0.1022	0.0905	0.0887	0.0897	0.0937	0.1070	0.1316
2248	0.1766	0.1794	0.1744	0.1792	0.1764	0.1687	0.1687	0.1701	0.1803	0.1630	0.1535	0.1489	0.1539	0.1597	0.1741	0.1308	0.1249	0.1209	0.1280	0.1381	0.1602	0.1019	0.0912	0.0887	0.0889	0.0948	0.1075	0.1315
2249	0.1764	0.1789	0.1753	0.1795	0.1750	0.1696	0.1688	0.1704	0.1799	0.1624	0.1539	0.1492	0.1542	0.1597	0.1747	0.1310	0.1250	0.1204	0.1275	0.1385	0.1607	0.1019	0.0917	0.0881	0.0882	0.0954	0.1073	0.1311
2250	0.1761	0.1779	0.1762	0.1796	0.1736	0.1707	0.1686	0.1709	0.1794	0.1617	0.1542	0.1495	0.1543	0.1599	0.1755	0.1311	0.1252	0.1201	0.1270	0.1388	0.1612	0.1018	0.0920	0.0875	0.0880	0.0955	0.1069	0.1310
2251	0.1765	0.1769	0.1761	0.1793	0.1737	0.1709	0.1685	0.1709	0.1791	0.1614	0.1536	0.1497	0.1539	0.1601	0.1760	0.1310	0.1247	0.1202	0.1268	0.1389	0.1617	0.1018	0.0924	0.0877	0.0888	0.0961	0.1066	0.1315
2252	0.1769	0.1762	0.1760	0.1787	0.1741	0.1709	0.1684	0.1709	0.1790	0.1612	0.1530	0.1500	0.1533	0.1604	0.1765	0.1312	0.1239	0.1203	0.1269	0.1390	0.1622	0.1018	0.0927	0.0881	0.0898	0.0968	0.1064	0.1320
2253	0.1771	0.1760	0.1768	0.1786	0.1736	0.1705	0.1677	0.1713	0.1797	0.1604	0.1534	0.1502	0.1525	0.1609	0.1769	0.1307	0.1233	0.1210	0.1267	0.1387	0.1624	0.1011	0.0924	0.0882	0.0899	0.0964	0.1059	0.1316
2254	0.1772	0.1759	0.1777	0.1788	0.1731	0.1698	0.1672	0.1717	0.1801	0.1597	0.1539	0.1502	0.1518	0.1612	0.1772	0.1297	0.1226	0.1221	0.1262	0.1383	0.1624	0.1006	0.0919	0.0884	0.0898	0.0960	0.1055	0.1308
2255	0.1773	0.1759	0.1778	0.1794	0.1728	0.1692	0.1664	0.1713	0.1794	0.1609	0.1534	0.1504	0.1522	0.1612	0.1769	0.1295	0.1219	0.1233	0.1267	0.1382	0.1621	0.1009	0.0924	0.0893	0.0897	0.0952	0.1068	0.1306
2256	0.1777	0.1762	0.1777	0.1801	0.1725	0.1689	0.1656	0.1707	0.1788	0.1623	0.1528	0.1508	0.1530	0.1608	0.1763	0.1295	0.1214	0.1244	0.1275	0.1380	0.1619	0.1011	0.0933	0.0898	0.0894	0.0941	0.1084	0.1306
2257	0.1773	0.1762	0.1776	0.1800	0.1723	0.1694	0.1662	0.1708	0.1790	0.1639	0.1530	0.1512	0.1533	0.1607	0.1756	0.1304	0.1215	0.1240	0.1284	0.1382	0.1615	0.1008	0.0937	0.0897	0.0898	0.0943	0.1093	0.1312
2258	0.1765	0.1761	0.1772	0.1797	0.1722	0.1700	0.1672	0.1710	0.1792	0.1650	0.1535	0.1512	0.1535	0.1607	0.1749	0.1320	0.1216	0.1233	0.1295	0.1391	0.1609	0.1003	0.0941	0.0896	0.0903	0.0949	0.1100	0.1318
2259	0.1767	0.1768	0.1767	0.1795	0.1725	0.1701	0.1679	0.1702	0.1791	0.1647	0.1536	0.1513	0.1536	0.1607	0.1748	0.1328	0.1222	0.1226	0.1293	0.1398	0.1612	0.1009	0.0941	0.0900	0.0893	0.0953	0.1097	0.1319
2260	0.1768	0.1774	0.1761	0.1791	0.1727	0.1701	0.1688	0.1696	0.1788	0.1648	0.1536	0.1523	0.1535	0.1610	0.1751	0.1330	0.1228	0.1218	0.1284	0.1407	0.1620	0.1020	0.0940	0.0909	0.0878	0.0957	0.1091	0.1322
2261	0.1761	0.1772	0.1752	0.1789	0.1737	0.1692	0.1697	0.1691	0.1790	0.1644	0.1536	0.1524	0.1529	0.1608	0.1755	0.1332	0.1234	0.1213	0.1273	0.1409	0.1621	0.1032	0.0942	0.0917	0.0877	0.0957	0.1083	0.1321
2262	0.1755	0.1766	0.1745	0.1792	0.1749	0.1683	0.1695	0.1686	0.1791	0.1633	0.1534	0.1517	0.1523	0.1601	0.1761	0.1335	0.1243	0.1212	0.1262	0.1405	0.1620	0.1046	0.0941	0.0918	0.0889	0.0954	0.1075	0.1313
2263	0.1749	0.1764	0.1739	0.1788	0.1752	0.1687	0.1687	0.1682	0.1786	0.1629	0.1533	0.1516	0.1521	0.1600	0.1770	0.1339	0.1245	0.1219	0.1256	0.1408	0.1619	0.1057	0.0939	0.0915	0.0896	0.0948	0.1071	0.1303
2264	0.1741	0.1764	0.1735	0.1781	0.1752	0.1695	0.1681	0.1689	0.1778	0.1633	0.1528	0.1521	0.1516	0.1604	0.1781	0.1339	0.1241	0.1231	0.1260	0.1413	0.1614	0.1067	0.0941	0.0913	0.0900	0.0942	0.1072	0.1296
2265	0.1740	0.1769	0.1744	0.1782	0.1756	0.1699	0.1676	0.1695	0.1779	0.1638	0.1530	0.1520	0.1515	0.1600	0.1788	0.1338	0.1244	0.1237	0.1261	0.1413	0.1610	0.1073	0.0942	0.0909	0.0905	0.0941	0.1072	0.1297
2266	0.1749	0.1779	0.1760	0.1786	0.1764	0.1697	0.1677	0.1697	0.1788	0.1639	0.1540	0.1516	0.1518	0.1589	0.1785	0.1336	0.1243	0.1240	0.1255	0.1410	0.1610	0.1078	0.0943	0.0909	0.0901	0.0945	0.1065	0.1303
2267	0.1761	0.1780	0.1767	0.1792	0.1766	0.1696	0.1682	0.1701	0.1797	0.1639	0.1544	0.1512	0.1524	0.1587	0.1778	0.1329	0.1240	0.1243	0.1253	0.1406	0.1605	0.1078	0.0945	0.0905	0.0898	0.0950	0.1057	0.1307
2268	0.1776	0.1773	0.1763	0.1798	0.1760	0.1694	0.1689	0.1707	0.1802	0.1635	0.1547	0.1508	0.1532	0.1598	0.1768	0.1322	0.1243	0.1244	0.1254	0.1401	0.1599	0.1073	0.0945	0.0899	0.0896	0.0956	0.1060	0.1307
2269	0.1783	0.1766	0.1761	0.1799	0.1757	0.1695	0.1691	0.1716	0.1804	0.1630	0.1550	0.1503	0.1538	0.1607	0.1756	0.1321	0.1241	0.1244	0.1255	0.1402	0.1600	0.1067	0.0945	0.0900	0.0892	0.0961	0.1065	0.1304
2270	0.1778	0.1761	0.1763	0.1796	0.1754	0.1702	0.1692	0.1731	0.1809	0.1635	0.1550	0.1500	0.1542	0.1610	0.1746	0.1322	0.1245	0.1240	0.1262	0.1403	0.1607	0.1050	0.0945	0.0897	0.0883	0.0960	0.1069	0.1302
2271	0.1773	0.1761	0.1761	0.1786	0.1752	0.1702	0.1694	0.1739	0.1808	0.1639	0.1554	0.1497	0.1542	0.1614	0.1742	0.1322	0.1241	0.1238	0.1267	0.1396	0.1610	0.1033	0.0949	0.0896	0.0875	0.0957	0.1074	0.1304
2272	0.1773	0.1762	0.1756	0.1771	0.1751	0.1691	0.1686	0.1724	0.1799	0.1637	0.1563	0.1491	0.1533	0.1610	0.1746	0.1322	0.1227	0.1242	0.1265	0.1385	0.1605	0.1026	0.0958	0.0899	0.0878	0.0953	0.1077	0.1304
2273	0.1772	0.1768	0.1752	0.1761	0.1750	0.1689	0.1685	0.1710	0.1792	0.1639	0.1571	0.1492	0.1527	0.1606	0.1751	0.1324	0.1223	0.1247	0.1264	0.1382	0.1600	0.1020	0.0965	0.0903	0.0880	0.0947	0.1079	0.1303
2274	0.1773	0.1782	0.1752	0.1760	0.1744	0.1689	0.1698	0.1702	0.1788	0.1637	0.1576	0.1500	0.1529	0.1607	0.1755	0.1324	0.1222	0.1252	0.1258	0.1388	0.1594	0.1025	0.0959	0.0910	0.0881	0.0943	0.1073	0.1306
2275	0.1777	0.1787	0.1756	0.1757	0.1734	0.1685	0.1705	0.1697	0.1787	0.1632	0.1579	0.1503	0.1531	0.1606	0.1758	0.1321	0.1220	0.1255	0.1255	0.1394	0.1590	0.1032	0.0950	0.0914	0.0881	0.0936	0.1067	0.1306
2276	0.1782	0.1787	0.1764	0.1760	0.1737	0.1692	0.1713	0.1709	0.1791	0.1632	0.1571	0.1501	0.1526	0.1611	0.1767	0.1322	0.1230	0.1242	0.1259	0.1399	0.1593	0.1033	0.0945	0.0911	0.0883	0.0928	0.1063	0.1310
2277	0.1787	0.1791	0.1769	0.1768	0.1739	0.1699	0.1723	0.1721	0.1792	0.1632	0.1564	0.1501	0.1522	0.1616	0.1773	0.1323	0.1241	0.1230	0.1259	0.1403	0.1597	0.1036	0.0940	0.0909	0.0886	0.0925	0.1053	0.1320
2278	0.1790	0.1790	0.1763	0.1777	0.1729	0.1695	0.1719	0.1741	0.1793	0.1633	0.1560	0.1503	0.1530	0.1615	0.1763	0.1318	0.1243	0.1228	0.1257	0.1400	0.1598	0.1043	0.0927	0.0906	0.0884	0.0930	0.1040	0.1335
2279	0.1791	0.1787	0.1757	0.1783	0.1721	0.1689	0.1713	0.1755	0.1793	0.1635	0.1558	0.1506	0.1541	0.1614	0.1755	0.1314	0.1245	0.1225	0.1259	0.1396	0.1599	0.1047	0.0915	0.0903	0.0884	0.0938	0.1033	0.1346
2280	0.1774	0.1786	0.1757	0.1786	0.1719	0.1687	0.1698	0.1748	0.1795	0.1628	0.1562	0.1520	0.1542	0.1603	0.1761	0.1316	0.1246	0.1227	0.1263	0.1390	0.1596	0.1039	0.0917	0.0902	0.0890	0.0953	0.1038	0.1339
2281	0.1758	0.1784	0.1756	0.1787	0.1715	0.1686	0.1680	0.1742	0.1796	0.1620	0.1565	0.1532	0.1538	0.1590	0.1768	0.1318	0.1242	0.1228	0.1268	0.1386	0.1590	0.1034	0.0924	0.0903	0.0896	0.0963	0.1044	0.1329
2282	0.1760	0.1774	0.1759	0.1782	0.1711	0.1688	0.1671	0.1739	0.1795	0.1627	0.1558	0.1527	0.1530	0.1585	0.1764	0.1316	0.1230	0.1220	0.1272	0.1392	0.1590	0.1038	0.0931	0.0905	0.0899	0.0953	0.1051	0.1321
2283	0.1765	0.1767	0.1763	0.1779	0.1712	0.1690	0.1671	0.1737	0.1795	0.1637	0.1549	0.1520	0.1522	0.1583	0.1757	0.1313	0.1220	0.1214	0.1274	0.1398	0.1593	0.1041	0.0936	0.0907	0.0901	0.0942	0.1057	0.1315
2284	0.1764	0.1773	0.1766	0.1777	0.1725	0.1687	0.1682	0.1742	0.1797	0.1649	0.1544	0.1507	0.1522	0.1583	0.1756	0.1310	0.1219	0.1220	0.1276	0.1406	0.1595	0.1046	0.0938	0.0904	0.0909	0.0942	0.1058	0.1313
2285	0.1762	0.1778	0.1767	0.1773	0.1736	0.1682	0.1692	0.1747	0.1801	0.1655	0.1543	0.1495	0.1523	0.1585	0.1757	0.1307	0.1221	0.1228	0.1279	0.1416	0.1596	0.1049	0.0940	0.0902	0.0915	0.0947	0.1058	0.1310
2286	0.1765	0.1778	0.1761	0.1774	0.1737	0.1682	0.1694	0.1740	0.1807	0.1644	0.1550	0.1491	0.1520	0.1583	0.1759	0.1312	0.1227	0.1228	0.1277	0.1416	0.1601	0.1043	0.0944	0.0908	0.0917	0.0951	0.1056	0.1305
2287	0.1766	0.1779	0.1753	0.1778	0.1735	0.1683	0.1695	0.1731	0.1811	0.1635	0.1559	0.1487	0.1518	0.1579	0.1763	0.1316	0.1233	0.1224	0.1274	0.1413	0.1608	0.1037	0.0946	0.0915	0.0921	0.0952	0.1053	0.1299
2288	0.1762	0.1783	0.1745	0.1785	0.1728	0.1684	0.1697	0.1721	0.1819	0.1634	0.1565	0.1481	0.1521	0.1584	0.1761	0.1311	0.1235	0.1220	0.1269	0.1410	0.1604	0.1038	0.0941	0.0919	0.0916	0.0946	0.1053	0.1299
2289	0.1757	0.1786	0.1738	0.1792	0.1723	0.1686	0.1700	0.1715	0.1825	0.1636	0.1568	0.1474	0.1526	0.1591	0.1756	0.1304	0.1234	0.1216	0.1263	0.1403	0.1598	0.1040	0.0936	0.0920	0.0910	0.0939	0.1054	0.1300
2290	0.1757	0.1784	0.1734	0.1795	0.1735	0.1697	0.1704	0.1721	0.1819	0.1644	0.1573	0.1479	0.1531	0.1600	0.1748	0.1305	0.1227	0.1216	0.1259	0.1394	0.1595	0.1032	0.0937	0.0920	0.0901	0.0937	0.1052	0.1309
2291	0.1759	0.1782	0.1727	0.1795	0.1750	0.1708	0.1711	0.1726	0.1813	0.1651	0.1580	0.1487	0.1537	0.1610	0.1742	0.1309	0.1221	0.1217	0.1258	0.1387	0.1595	0.1021	0.0938	0.0917	0.0889	0.0940	0.1053	0.1316
2292	0.1761	0.1778	0.1731	0.1790	0.1752	0.1699	0.1713	0.1724	0.1813	0.1646	0.1574	0.1488	0.1527	0.1613	0.1747	0.1312	0.1223	0.1224	0.1257	0.1382	0.1593	0.1015	0.0940	0.0900	0.0889	0.0948	0.1056	0.1318
2293	0.1765	0.1768	0.1744	0.1787	0.1749	0.1686	0.1708	0.1721	0.1812	0.1640	0.1565	0.1485	0.1514	0.1611	0.1752	0.1316	0.1226	0.1230	0.1256	0.1379	0.1591	0.1011	0.0946	0.0882	0.0891	0.0954	0.1059	0.1320
2294	0.1764	0.1756	0.1752	0.1790	0.1737	0.1678	0.1706	0.1724	0.1815	0.1645	0.1560	0.1485	0.1504	0.1613	0.1753	0.1317	0.1221	0.1224	0.1262	0.1384	0.1592	0.1014	0.0932	0.0889	0.0894	0.0955	0.1062	0.1317
2295	0.1759	0.1745	0.1756	0.1791	0.1723	0.1677	0.1707	0.1728	0.1825	0.1649	0.1558	0.1484	0.1493	0.1612	0.1754	0.1311	0.1213	0.1215	0.1270	0.1387	0.1591	0.1016	0.0911	0.0907	0.0901	0.0959	0.1062	0.1313
2296	0.1760	0.1746	0.1753	0.1787	0.1718	0.1677	0.1698	0.1722	0.1819	0.1644	0.1560	0.1484	0.1487	0.1611	0.1760	0.1302	0.1209	0.1214	0.1270	0.1387	0.1591	0.1020	0.0908	0.0912	0.0904	0.0956	0.1067	0.1317
2297	0.1764	0.1749	0.1747	0.1783	0.1716	0.1674	0.1693	0.1716	0.1805	0.1637	0.1563	0.1482	0.1486	0.1614	0.1767	0.1294	0.1209	0.1219	0.1266	0.1387	0.1591	0.1020	0.0910	0.0912	0.0905	0.0953	0.1071	0.1323
2298	0.1767	0.1756	0.1739	0.1776	0.1718	0.1673	0.1684	0.1717	0.1801	0.1633	0.1556	0.1490	0.1501	0.1608	0.1770	0.1294	0.1211	0.1222	0.1254	0.1396	0.1591	0.1015	0.0915	0.0914	0.0909	0.0954	0.1066	0.1330
2299	0.1768	0.1759	0.1733	0.1770	0.1725	0.1670	0.1670	0.1721	0.1802	0.1628	0.1548	0.1505	0.1517	0.1597	0.1768	0.1295	0.1211	0.1223	0.1239	0.1407	0.1593	0.1015	0.0922	0.0913	0.0909	0.0953	0.1067	0.1339
2300	0.1764	0.1767	0.1731	0.1765	0.1725	0.1675	0.1669	0.1718	0.1798	0.1630	0.1541	0.1500	0.1521	0.1591	0.1760	0.1296	0.1217	0.1226	0.1243	0.1412	0.1592	0.1016	0.0930	0.0916	0.0911	0.0956	0.1073	0.1339
2301	0.1759	0.1786	0.1734	0.1752	0.1723	0.1679	0.1676	0.1713	0.1790	0.1632	0.1529	0.1490	0.1521	0.1587	0.1751	0.1296	0.1229	0.1225	0.1252	0.1415	0.1592	0.1013	0.0937	0.0925	0.0918	0.0960	0.1084	0.1340
2302	0.1762	0.1794	0.1739	0.1750	0.1728	0.1677	0.1680	0.1711	0.1785	0.1631	0.1523	0.1485	0.1517	0.1586	0.1743	0.1294	0.1236	0.1219	0.1255	0.1410	0.1595	0.1014	0.0936	0.0929	0.0920	0.0956	0.1085	0.1342
2303	0.1770	0.1791	0.1743	0.1760	0.1732	0.1681	0.1682	0.1704	0.1788	0.1632	0.1525	0.1482	0.1510	0.1588	0.1741	0.1292	0.1242	0.1209	0.1260	0.1408	0.1596	0.1018	0.0925	0.0928	0.0918	0.0947	0.1071	0.1338
2304	0.1769	0.1782	0.1747	0.1772	0.1731	0.1688	0.1682	0.1708	0.1789	0.1631	0.1532	0.1485	0.1507	0.1588	0.1738	0.1295	0.1239	0.1204	0.1265	0.1405	0.1595	0.1022	0.0911	0.0924	0.0915	0.0934	0.1061	0.1330
2305	0.1761	0.1769	0.1747	0.1780	0.1723	0.1687	0.1680	0.1716	0.1789	0.1627	0.1540	0.1488	0.1512	0.1593	0.1734	0.1290	0.1230	0.1209	0.1266	0.1397	0.1593	0.1031	0.0894	0.0910	0.0911	0.0928	0.1055	0.1322
2306	0.1753	0.1759	0.1742	0.1778	0.1715	0.1681	0.1678	0.1717	0.1788	0.1629	0.1540	0.1486	0.1523	0.1592	0.1737	0.1286	0.1226	0.1216	0.1266	0.1394	0.1595	0.1031	0.0895	0.0900	0.0906	0.0928	0.1055	0.1317
2307	0.1741	0.1751	0.1739	0.1769	0.1706	0.1671	0.1673	0.1722	0.1793	0.1641	0.1535	0.1484	0.1537	0.1588	0.1744	0.1288	0.1226	0.1220	0.1272	0.1392	0.1600	0.1022	0.0914	0.0898	0.0899	0.0925	0.1056	0.1309
2308	0.1735	0.1744	0.1736	0.1760	0.1702	0.1668	0.1663	0.1724	0.1796	0.1645	0.1531	0.1490	0.1547	0.1581	0.1748	0.1283	0.1230	0.1218	0.1273	0.1389	0.1603	0.1018	0.0932	0.0893	0.0897	0.0922	0.1056	0.1295
2309	0.1739	0.1744	0.1734	0.1753	0.1708	0.1672	0.1651	0.1723	0.1787	0.1644	0.1525	0.1504	0.1550	0.1570	0.1752	0.1286	0.1235	0.1212	0.1270	0.1387	0.1606	0.1014	0.0946	0.0887	0.0901	0.0923	0.1058	0.1278
2310	0.1742	0.1745	0.1735	0.1750	0.1711	0.1682	0.1649	0.1732	0.1782	0.1650	0.1527	0.1512	0.1540	0.1566	0.1754	0.1291	0.1237	0.1209	0.1270	0.1388	0.1602	0.1014	0.0951	0.0887	0.0901	0.0924	0.1062	0.1274
2311	0.1740	0.1750	0.1734	0.1752	0.1709	0.1693	0.1661	0.1740	0.1785	0.1652	0.1536	0.1518	0.1529	0.1570	0.1753	0.1295	0.1242	0.1206	0.1267	0.1398	0.1588	0.1018	0.0950	0.0889	0.0895	0.0923	0.1067	0.1282
2312	0.1738	0.1753	0.1731	0.1757	0.1707	0.1700	0.1669	0.1740	0.1786	0.1648	0.1545	0.1523	0.1522	0.1573	0.1754	0.1298	0.1245	0.1209	0.1266	0.1405	0.1578	0.1020	0.0947	0.0888	0.0888	0.0924	0.1067	0.1288
2313	0.1737	0.1748	0.1730	0.1768	0.1699	0.1709	0.1667	0.1742	0.1788	0.1638	0.1549	0.1515	0.1507	0.1578	0.1755	0.1304	0.1241	0.1216	0.1269	0.1404	0.1573	0.1023	0.0939	0.0886	0.0885	0.0936	0.1063	0.1291
2314	0.1738	0.1741	0.1726	0.1775	0.1692	0.1709	0.1667	0.1735	0.1789	0.1634	0.1552	0.1500	0.1497	0.1578	0.1753	0.1309	0.1234	0.1218	0.1272	0.1402	0.1578	0.1030	0.0928	0.0885	0.0881	0.0947	0.1063	0.1295
2315	0.1744	0.1729	0.1709	0.1777	0.1694	0.1703	0.1677	0.1716	0.1780	0.1634	0.1546	0.1487	0.1501	0.1576	0.1747	0.1306	0.1229	0.1215	0.1273	0.1396	0.1596	0.1032	0.0916	0.0891	0.0886	0.0953	0.1068	0.1311
2316	0.1747	0.1723	0.1697	0.1778	0.1696	0.1706	0.1686	0.1705	0.1773	0.1636	0.1535	0.1477	0.1504	0.1579	0.1740	0.1300	0.1229	0.1213	0.1273	0.1391	0.1610	0.1031	0.0909	0.0895	0.0889	0.0956	0.1071	0.1326
2317	0.1744	0.1736	0.1702	0.1779	0.1702	0.1708	0.1683	0.1702	0.1774	0.1644	0.1515	0.1472	0.1501	0.1592	0.1742	0.1296	0.1236	0.1215	0.1269	0.1383	0.1607	0.1030	0.0904	0.0892	0.0875	0.0942	0.1075	0.1333
2318	0.1744	0.1750	0.1705	0.1783	0.1705	0.1708	0.1679	0.1700	0.1773	0.1649	0.1501	0.1469	0.1502	0.1603	0.1752	0.1287	0.1240	0.1220	0.1267	0.1379	0.1599	0.1033	0.0905	0.0894	0.0867	0.0937	0.1073	0.1339
2319	0.1754	0.1757	0.1701	0.1781	0.1704	0.1707	0.1676	0.1703	0.1769	0.1639	0.1503	0.1480	0.1513	0.1603	0.1775	0.1278	0.1240	0.1224	0.1267	0.1378	0.1590	0.1035	0.0918	0.0902	0.0868	0.0944	0.1064	0.1328
2320	0.1763	0.1763	0.1700	0.1775	0.1706	0.1702	0.1673	0.1706	0.1767	0.1628	0.1509	0.1487	0.1519	0.1603	0.1790	0.1275	0.1242	0.1224	0.1268	0.1375	0.1580	0.1033	0.0929	0.0903	0.0867	0.0947	0.1059	0.1319
2321	0.1773	0.1766	0.1704	0.1771	0.1722	0.1692	0.1675	0.1711	0.1768	0.1623	0.1523	0.1490	0.1512	0.1613	0.1775	0.1275	0.1252	0.1223	0.1280	0.1373	0.1576	0.1027	0.0936	0.0891	0.0876	0.0950	0.1058	0.1330
2322	0.1780	0.1767	0.1709	0.1770	0.1738	0.1686	0.1680	0.1711	0.1767	0.1618	0.1531	0.1495	0.1501	0.1623	0.1756	0.1273	0.1260	0.1222	0.1288	0.1374	0.1576	0.1025	0.0939	0.0877	0.0883	0.0949	0.1056	0.1340
2323	0.1773	0.1754	0.1712	0.1768	0.1744	0.1695	0.1680	0.1697	0.1757	0.1610	0.1528	0.1497	0.1490	0.1621	0.1744	0.1277	0.1255	0.1219	0.1282	0.1372	0.1571	0.1020	0.0937	0.0865	0.0882	0.0945	0.1055	0.1344
2324	0.1768	0.1741	0.1716	0.1764	0.1753	0.1702	0.1680	0.1687	0.1749	0.1603	0.1525	0.1497	0.1484	0.1616	0.1735	0.1280	0.1248	0.1217	0.1274	0.1370	0.1564	0.1014	0.0932	0.0858	0.0880	0.0947	0.1056	0.1347
2325	0.1767	0.1747	0.1723	0.1766	0.1752	0.1705	0.1680	0.1684	0.1744	0.1600	0.1530	0.1494	0.1484	0.1600	0.1732	0.1285	0.1237	0.1210	0.1272	0.1366	0.1565	0.1013	0.0918	0.0859	0.0874	0.0954	0.1060	0.1327
2326	0.1767	0.1755	0.1728	0.1767	0.1746	0.1704	0.1679	0.1681	0.1739	0.1598	0.1537	0.1494	0.1483	0.1582	0.1735	0.1292	0.1226	0.1202	0.1272	0.1364	0.1564	0.1011	0.0909	0.0859	0.0869	0.0954	0.1065	0.1306
2327	0.1760	0.1763	0.1728	0.1759	0.1727	0.1695	0.1676	0.1689	0.1745	0.1603	0.1530	0.1500	0.1491	0.1567	0.1748	0.1298	0.1211	0.1201	0.1262	0.1372	0.1569	0.1016	0.0913	0.0856	0.0869	0.0937	0.1069	0.1299
2328	0.1751	0.1771	0.1728	0.1757	0.1705	0.1686	0.1673	0.1696	0.1753	0.1608	0.1523	0.1503	0.1500	0.1557	0.1760	0.1298	0.1199	0.1199	0.1250	0.1380	0.1577	0.1021	0.0917	0.0852	0.0870	0.0921	0.1070	0.1295
2329	0.1746	0.1777	0.1727	0.1769	0.1702	0.1684	0.1667	0.1694	0.1761	0.1608	0.1521	0.1496	0.1504	0.1566	0.1764	0.1288	0.1196	0.1194	0.1241	0.1385	0.1580	0.1025	0.0928	0.0857	0.0881	0.0922	0.1059	0.1301
2330	0.1742	0.1780	0.1723	0.1781	0.1702	0.1682	0.1660	0.1691	0.1771	0.1608	0.1522	0.1486	0.1509	0.1574	0.1764	0.1279	0.1195	0.1193	0.1237	0.1388	0.1584	0.1028	0.0938	0.0863	0.0893	0.0925	0.1050	0.1308
2331	0.1737	0.1768	0.1709	0.1784	0.1692	0.1676	0.1667	0.1690	0.1786	0.1603	0.1534	0.1476	0.1504	0.1567	0.1752	0.1283	0.1200	0.1209	0.1254	0.1386	0.1592	0.1034	0.0939	0.0872	0.0898	0.0933	0.1053	0.1313
2332	0.1732	0.1755	0.1697	0.1782	0.1683	0.1671	0.1674	0.1688	0.1800	0.1599	0.1544	0.1468	0.1495	0.1560	0.1739	0.1289	0.1206	0.1223	0.1272	0.1383	0.1599	0.1039	0.0935	0.0881	0.0900	0.0942	0.1056	0.1316
2333	0.1727	0.1752	0.1692	0.1769	0.1687	0.1671	0.1670	0.1684	0.1796	0.1606	0.1540	0.1473	0.1496	0.1550	0.1727	0.1288	0.1210	0.1215	0.1274	0.1380	0.1592	0.1033	0.0923	0.0879	0.0889	0.0946	0.1040	0.1310
2334	0.1723	0.1751	0.1686	0.1758	0.1689	0.1673	0.1667	0.1680	0.1789	0.1612	0.1535	0.1479	0.1502	0.1541	0.1718	0.1284	0.1213	0.1207	0.1273	0.1379	0.1584	0.1025	0.0916	0.0876	0.0876	0.0948	0.1022	0.1304
2335	0.1734	0.1742	0.1692	0.1754	0.1692	0.1675	0.1672	0.1691	0.1786	0.1603	0.1532	0.1490	0.1495	0.1554	0.1719	0.1276	0.1214	0.1213	0.1263	0.1375	0.1577	0.1024	0.0924	0.0872	0.0874	0.0941	0.1013	0.1298
2336	0.1745	0.1733	0.1703	0.1752	0.1697	0.1677	0.1676	0.1703	0.1783	0.1593	0.1529	0.1501	0.1488	0.1570	0.1720	0.1271	0.1215	0.1219	0.1249	0.1371	0.1567	0.1023	0.0931	0.0866	0.0876	0.0932	0.1010	0.1295
2337	0.1743	0.1746	0.1701	0.1754	0.1692	0.1672	0.1682	0.1705	0.1773	0.1584	0.1508	0.1489	0.1487	0.1568	0.1711	0.1280	0.1223	0.1226	0.1242	0.1367	0.1565	0.1017	0.0921	0.0873	0.0881	0.0923	0.1036	0.1305
2338	0.1738	0.1761	0.1697	0.1756	0.1687	0.1667	0.1688	0.1703	0.1763	0.1576	0.1486	0.1474	0.1484	0.1563	0.1703	0.1289	0.1231	0.1233	0.1238	0.1364	0.1566	0.1009	0.0906	0.0882	0.0887	0.0914	0.1064	0.1313
2339	0.1732	0.1763	0.1696	0.1757	0.1689	0.1654	0.1673	0.1690	0.1756	0.1574	0.1491	0.1475	0.1484	0.1555	0.1706	0.1294	0.1230	0.1230	0.1241	0.1358	0.1560	0.0994	0.0897	0.0887	0.0889	0.0901	0.1063	0.1311
2340	0.1726	0.1764	0.1695	0.1754	0.1691	0.1641	0.1656	0.1672	0.1749	0.1574	0.1500	0.1478	0.1487	0.1545	0.1711	0.1298	0.1228	0.1226	0.1247	0.1354	0.1554	0.0979	0.0891	0.0894	0.0890	0.0889	0.1055	0.1308
2341	0.1724	0.1755	0.1692	0.1736	0.1698	0.1644	0.1645	0.1656	0.1752	0.1585	0.1510	0.1473	0.1484	0.1533	0.1717	0.1292	0.1225	0.1213	0.1250	0.1358	0.1557	0.0980	0.0896	0.0887	0.0887	0.0886	0.1045	0.1305
2342	0.1722	0.1742	0.1691	0.1719	0.1707	0.1646	0.1635	0.1645	0.1758	0.1599	0.1522	0.1467	0.1479	0.1523	0.1723	0.1286	0.1221	0.1200	0.1251	0.1361	0.1560	0.0982	0.0903	0.0874	0.0882	0.0885	0.1039	0.1299
2343	0.1717	0.1747	0.1698	0.1711	0.1690	0.1641	0.1646	0.1642	0.1756	0.1597	0.1532	0.1469	0.1488	0.1525	0.1714	0.1278	0.1225	0.1198	0.1256	0.1359	0.1556	0.0997	0.0906	0.0869	0.0875	0.0893	0.1037	0.1298
2344	0.1712	0.1755	0.1706	0.1704	0.1672	0.1637	0.1663	0.1641	0.1751	0.1592	0.1541	0.1474	0.1503	0.1532	0.1703	0.1266	0.1232	0.1194	0.1262	0.1359	0.1549	0.1014	0.0910	0.0869	0.0869	0.0901	0.1033	0.1299
2345	0.1721	0.1762	0.1718	0.1708	0.1664	0.1643	0.1669	0.1646	0.1748	0.1591	0.1542	0.1483	0.1510	0.1528	0.1707	0.1261	0.1227	0.1190	0.1258	0.1369	0.1551	0.1005	0.0915	0.0871	0.0870	0.0899	0.1022	0.1293
2346	0.1734	0.1770	0.1733	0.1714	0.1653	0.1653	0.1668	0.1650	0.1746	0.1593	0.1538	0.1493	0.1514	0.1521	0.1713	0.1257	0.1217	0.1186	0.1253	0.1378	0.1558	0.0988	0.0920	0.0872	0.0871	0.0896	0.1011	0.1291
2347	0.1737	0.1756	0.1730	0.1718	0.1653	0.1661	0.1661	0.1650	0.1746	0.1576	0.1534	0.1487	0.1513	0.1521	0.1713	0.1259	0.1215	0.1188	0.1238	0.1374	0.1551	0.0984	0.0915	0.0875	0.0875	0.0908	0.1012	0.1294
2348	0.1737	0.1736	0.1722	0.1724	0.1658	0.1672	0.1652	0.1648	0.1745	0.1554	0.1530	0.1478	0.1515	0.1525	0.1706	0.1266	0.1216	0.1191	0.1220	0.1373	0.1540	0.0985	0.0909	0.0874	0.0883	0.0923	0.1011	0.1296
2349	0.1725	0.1720	0.1701	0.1721	0.1664	0.1664	0.1635	0.1644	0.1752	0.1548	0.1516	0.1474	0.1511	0.1533	0.1709	0.1276	0.1225	0.1184	0.1220	0.1376	0.1535	0.0996	0.0908	0.0884	0.0889	0.0929	0.1007	0.1292
2350	0.1708	0.1705	0.1672	0.1709	0.1671	0.1649	0.1619	0.1639	0.1760	0.1545	0.1498	0.1468	0.1506	0.1540	0.1716	0.1286	0.1235	0.1175	0.1221	0.1375	0.1532	0.1010	0.0908	0.0893	0.0888	0.0935	0.1006	0.1290
2351	0.1698	0.1698	0.1655	0.1710	0.1680	0.1634	0.1616	0.1637	0.1751	0.1549	0.1485	0.1462	0.1490	0.1546	0.1723	0.1288	0.1233	0.1175	0.1211	0.1366	0.1540	0.1014	0.0908	0.0889	0.0874	0.0925	0.1008	0.1294
2352	0.1688	0.1695	0.1648	0.1714	0.1689	0.1618	0.1613	0.1638	0.1741	0.1560	0.1481	0.1460	0.1469	0.1547	0.1733	0.1285	0.1230	0.1174	0.1196	0.1356	0.1556	0.1013	0.0908	0.0884	0.0856	0.0907	0.1007	0.1299
2353	0.1679	0.1703	0.1651	0.1713	0.1677	0.1616	0.1612	0.1631	0.1726	0.1571	0.1485	0.1458	0.1462	0.1546	0.1730	0.1275	0.1223	0.1176	0.1197	0.1344	0.1558	0.1018	0.0898	0.0864	0.0844	0.0898	0.1013	0.1300
2354	0.1670	0.1718	0.1658	0.1712	0.1662	0.1616	0.1612	0.1621	0.1710	0.1577	0.1491	0.1454	0.1467	0.1551	0.1722	0.1262	0.1216	0.1177	0.1204	0.1334	0.1548	0.1019	0.0885	0.0844	0.0835	0.0894	0.1024	0.1297
2355	0.1670	0.1716	0.1667	0.1705	0.1663	0.1614	0.1612	0.1621	0.1696	0.1558	0.1489	0.1448	0.1465	0.1543	0.1723	0.1256	0.1203	0.1179	0.1205	0.1331	0.1540	0.1016	0.0884	0.0851	0.0837	0.0894	0.1026	0.1292
2356	0.1679	0.1701	0.1674	0.1692	0.1674	0.1612	0.1614	0.1626	0.1683	0.1530	0.1481	0.1440	0.1456	0.1529	0.1732	0.1251	0.1188	0.1186	0.1208	0.1332	0.1529	0.1017	0.0885	0.0866	0.0843	0.0895	0.1027	0.1281
2357	0.1682	0.1688	0.1672	0.1677	0.1681	0.1616	0.1609	0.1626	0.1687	0.1521	0.1465	0.1438	0.1457	0.1528	0.1730	0.1241	0.1184	0.1190	0.1218	0.1343	0.1526	0.1010	0.0886	0.0879	0.0837	0.0892	0.1026	0.1276
2358	0.1678	0.1678	0.1669	0.1662	0.1679	0.1619	0.1601	0.1620	0.1697	0.1520	0.1444	0.1435	0.1458	0.1532	0.1719	0.1232	0.1185	0.1191	0.1227	0.1353	0.1529	0.0999	0.0890	0.0891	0.0828	0.0886	0.1016	0.1275
2359	0.1684	0.1675	0.1658	0.1661	0.1675	0.1616	0.1595	0.1617	0.1699	0.1530	0.1441	0.1429	0.1456	0.1538	0.1706	0.1234	0.1188	0.1191	0.1235	0.1353	0.1536	0.0985	0.0900	0.0891	0.0816	0.0882	0.1008	0.1281
2360	0.1697	0.1674	0.1642	0.1669	0.1670	0.1611	0.1589	0.1619	0.1698	0.1548	0.1451	0.1426	0.1457	0.1537	0.1697	0.1239	0.1195	0.1186	0.1236	0.1345	0.1547	0.0971	0.0908	0.0885	0.0803	0.0880	0.1004	0.1291
2361	0.1706	0.1674	0.1635	0.1667	0.1665	0.1609	0.1582	0.1624	0.1704	0.1552	0.1465	0.1413	0.1450	0.1530	0.1698	0.1245	0.1195	0.1184	0.1223	0.1335	0.1559	0.0973	0.0911	0.0881	0.0803	0.0881	0.1007	0.1295
2362	0.1709	0.1681	0.1633	0.1659	0.1659	0.1611	0.1571	0.1632	0.1715	0.1546	0.1477	0.1399	0.1435	0.1526	0.1706	0.1251	0.1190	0.1186	0.1210	0.1331	0.1575	0.0984	0.0917	0.0881	0.0812	0.0882	0.1017	0.1294
2363	0.1702	0.1691	0.1638	0.1664	0.1654	0.1605	0.1566	0.1620	0.1710	0.1551	0.1480	0.1383	0.1425	0.1522	0.1712	0.1246	0.1199	0.1186	0.1199	0.1317	0.1577	0.0992	0.0921	0.0877	0.0820	0.0876	0.1018	0.1288
2364	0.1688	0.1703	0.1642	0.1675	0.1651	0.1594	0.1560	0.1600	0.1692	0.1564	0.1482	0.1362	0.1420	0.1523	0.1718	0.1234	0.1214	0.1182	0.1192	0.1302	0.1571	0.0995	0.0927	0.0871	0.0829	0.0866	0.1013	0.1284
2365	0.1685	0.1710	0.1644	0.1692	0.1643	0.1589	0.1560	0.1594	0.1678	0.1561	0.1481	0.1356	0.1417	0.1517	0.1711	0.1232	0.1216	0.1182	0.1178	0.1303	0.1559	0.0996	0.0926	0.0868	0.0833	0.0859	0.1013	0.1282
2366	0.1691	0.1711	0.1650	0.1711	0.1633	0.1587	0.1567	0.1594	0.1668	0.1543	0.1478	0.1356	0.1419	0.1503	0.1697	0.1238	0.1207	0.1184	0.1155	0.1316	0.1542	0.1004	0.0911	0.0869	0.0835	0.0853	0.1012	0.1276
2367	0.1687	0.1712	0.1650	0.1705	0.1623	0.1587	0.1566	0.1591	0.1671	0.1528	0.1470	0.1361	0.1420	0.1496	0.1687	0.1237	0.1182	0.1185	0.1150	0.1319	0.1526	0.0992	0.0893	0.0862	0.0823	0.0854	0.1019	0.1268
2368	0.1673	0.1711	0.1650	0.1681	0.1613	0.1584	0.1561	0.1588	0.1680	0.1522	0.1460	0.1376	0.1420	0.1494	0.1674	0.1237	0.1155	0.1186	0.1156	0.1310	0.1509	0.0967	0.0881	0.0844	0.0798	0.0858	0.1035	0.1258
2369	0.1661	0.1704	0.1640	0.1672	0.1607	0.1579	0.1553	0.1586	0.1680	0.1520	0.1457	0.1384	0.1424	0.1489	0.1664	0.1236	0.1139	0.1178	0.1162	0.1303	0.1503	0.0954	0.0880	0.0842	0.0798	0.0867	0.1058	0.1248
2370	0.1649	0.1692	0.1618	0.1679	0.1605	0.1575	0.1545	0.1583	0.1671	0.1519	0.1462	0.1382	0.1429	0.1482	0.1656	0.1233	0.1129	0.1166	0.1169	0.1298	0.1513	0.0943	0.0890	0.0854	0.0819	0.0885	0.1080	0.1242
2371	0.1638	0.1676	0.1607	0.1697	0.1609	0.1578	0.1541	0.1581	0.1674	0.1524	0.1469	0.1378	0.1431	0.1479	0.1642	0.1233	0.1132	0.1163	0.1175	0.1293	0.1519	0.0941	0.0887	0.0859	0.0829	0.0896	0.1076	0.1233
2372	0.1628	0.1659	0.1603	0.1720	0.1616	0.1590	0.1539	0.1580	0.1685	0.1534	0.1477	0.1374	0.1435	0.1480	0.1619	0.1229	0.1145	0.1167	0.1180	0.1290	0.1522	0.0948	0.0871	0.0858	0.0830	0.0898	0.1047	0.1224
2373	0.1615	0.1650	0.1610	0.1724	0.1617	0.1601	0.1534	0.1579	0.1689	0.1544	0.1473	0.1373	0.1428	0.1486	0.1605	0.1226	0.1156	0.1178	0.1174	0.1288	0.1514	0.0957	0.0857	0.0856	0.0826	0.0899	0.1028	0.1222
2374	0.1604	0.1646	0.1623	0.1710	0.1620	0.1607	0.1526	0.1579	0.1686	0.1552	0.1461	0.1373	0.1412	0.1497	0.1605	0.1227	0.1162	0.1194	0.1159	0.1292	0.1494	0.0967	0.0841	0.0852	0.0817	0.0896	0.1025	0.1222
2375	0.1598	0.1645	0.1624	0.1689	0.1621	0.1608	0.1519	0.1573	0.1682	0.1550	0.1450	0.1365	0.1403	0.1499	0.1606	0.1234	0.1163	0.1195	0.1152	0.1293	0.1485	0.0964	0.0836	0.0841	0.0809	0.0899	0.1019	0.1214
2376	0.1599	0.1647	0.1613	0.1661	0.1620	0.1601	0.1511	0.1562	0.1682	0.1536	0.1436	0.1349	0.1401	0.1490	0.1608	0.1246	0.1164	0.1178	0.1153	0.1286	0.1487	0.0952	0.0839	0.0824	0.0805	0.0904	0.1009	0.1198
2377	0.1606	0.1640	0.1603	0.1642	0.1613	0.1589	0.1500	0.1554	0.1672	0.1519	0.1417	0.1337	0.1401	0.1487	0.1605	0.1245	0.1170	0.1157	0.1157	0.1286	0.1490	0.0957	0.0847	0.0817	0.0799	0.0896	0.1006	0.1202
2378	0.1619	0.1621	0.1598	0.1633	0.1593	0.1573	0.1497	0.1552	0.1652	0.1498	0.1394	0.1328	0.1406	0.1488	0.1596	0.1236	0.1181	0.1133	0.1163	0.1299	0.1495	0.0981	0.0864	0.0817	0.0796	0.0885	0.1004	0.1225
2379	0.1635	0.1604	0.1599	0.1626	0.1569	0.1561	0.1499	0.1557	0.1640	0.1486	0.1383	0.1322	0.1408	0.1480	0.1596	0.1226	0.1185	0.1119	0.1162	0.1304	0.1499	0.0989	0.0868	0.0821	0.0795	0.0879	0.1009	0.1245
2380	0.1648	0.1591	0.1607	0.1620	0.1548	0.1557	0.1503	0.1568	0.1640	0.1488	0.1386	0.1328	0.1404	0.1467	0.1607	0.1214	0.1185	0.1117	0.1153	0.1297	0.1503	0.0977	0.0860	0.0830	0.0791	0.0877	0.1025	0.1269
2381	0.1650	0.1580	0.1611	0.1622	0.1538	0.1553	0.1514	0.1570	0.1640	0.1498	0.1382	0.1337	0.1411	0.1461	0.1614	0.1196	0.1182	0.1115	0.1141	0.1294	0.1488	0.0962	0.0854	0.0837	0.0797	0.0877	0.1029	0.1274
2382	0.1644	0.1575	0.1608	0.1636	0.1541	0.1546	0.1530	0.1559	0.1635	0.1512	0.1370	0.1348	0.1424	0.1458	0.1619	0.1171	0.1170	0.1115	0.1130	0.1293	0.1449	0.0943	0.0843	0.0847	0.0807	0.0879	0.1021	0.1257
2383	0.1627	0.1582	0.1598	0.1643	0.1549	0.1552	0.1534	0.1556	0.1633	0.1512	0.1370	0.1356	0.1431	0.1451	0.1625	0.1151	0.1165	0.1114	0.1129	0.1290	0.1427	0.0940	0.0840	0.0850	0.0818	0.0872	0.1016	0.1244
2384	0.1595	0.1599	0.1586	0.1636	0.1561	0.1576	0.1530	0.1565	0.1636	0.1496	0.1382	0.1362	0.1438	0.1445	0.1630	0.1135	0.1171	0.1111	0.1145	0.1287	0.1431	0.0963	0.0846	0.0849	0.0826	0.0852	0.1019	0.1238
2385	0.1566	0.1607	0.1575	0.1623	0.1566	0.1583	0.1518	0.1564	0.1636	0.1483	0.1391	0.1365	0.1441	0.1443	0.1641	0.1139	0.1166	0.1112	0.1156	0.1295	0.1442	0.0967	0.0853	0.0842	0.0832	0.0839	0.1022	0.1228
2386	0.1536	0.1605	0.1566	0.1603	0.1559	0.1570	0.1496	0.1550	0.1633	0.1477	0.1396	0.1357	0.1437	0.1448	0.1653	0.1171	0.1144	0.1122	0.1163	0.1315	0.1467	0.0944	0.0865	0.0822	0.0838	0.0835	0.1019	0.1211
2387	0.1529	0.1605	0.1562	0.1596	0.1553	0.1555	0.1483	0.1536	0.1629	0.1476	0.1382	0.1342	0.1428	0.1451	0.1658	0.1186	0.1122	0.1123	0.1173	0.1313	0.1485	0.0925	0.0868	0.0809	0.0841	0.0839	0.1015	0.1195
2388	0.1554	0.1609	0.1564	0.1604	0.1547	0.1537	0.1484	0.1524	0.1625	0.1482	0.1349	0.1325	0.1413	0.1449	0.1656	0.1179	0.1102	0.1111	0.1180	0.1287	0.1493	0.0916	0.0860	0.0805	0.0842	0.0850	0.1005	0.1181
2389	0.1573	0.1605	0.1565	0.1605	0.1542	0.1530	0.1481	0.1524	0.1616	0.1479	0.1334	0.1307	0.1397	0.1454	0.1650	0.1179	0.1092	0.1103	0.1182	0.1272	0.1501	0.0911	0.0849	0.0796	0.0836	0.0849	0.0993	0.1178
2390	0.1584	0.1589	0.1564	0.1601	0.1545	0.1539	0.1467	0.1544	0.1602	0.1463	0.1345	0.1291	0.1376	0.1467	0.1639	0.1185	0.1098	0.1100	0.1180	0.1271	0.1506	0.0906	0.0829	0.0782	0.0818	0.0834	0.0988	0.1187
2391	0.1593	0.1580	0.1563	0.1598	0.1544	0.1550	0.1456	0.1562	0.1595	0.1456	0.1363	0.1283	0.1359	0.1476	0.1625	0.1187	0.1103	0.1096	0.1169	0.1273	0.1501	0.0906	0.0815	0.0774	0.0799	0.0828	0.0982	0.1198
2392	0.1604	0.1582	0.1560	0.1596	0.1533	0.1564	0.1452	0.1581	0.1595	0.1461	0.1387	0.1286	0.1348	0.1477	0.1612	0.1184	0.1106	0.1087	0.1153	0.1277	0.1482	0.0914	0.0809	0.0775	0.0786	0.0832	0.0969	0.1208
2393	0.1601	0.1575	0.1555	0.1589	0.1529	0.1576	0.1453	0.1586	0.1600	0.1465	0.1397	0.1286	0.1341	0.1469	0.1595	0.1177	0.1097	0.1076	0.1133	0.1269	0.1456	0.0915	0.0804	0.0771	0.0783	0.0836	0.0963	0.1211
2394	0.1575	0.1559	0.1546	0.1569	0.1537	0.1582	0.1465	0.1573	0.1611	0.1470	0.1382	0.1280	0.1337	0.1449	0.1573	0.1169	0.1066	0.1061	0.1105	0.1243	0.1421	0.0907	0.0801	0.0757	0.0793	0.0846	0.0966	0.1203
2395	0.1560	0.1547	0.1538	0.1549	0.1544	0.1578	0.1468	0.1556	0.1623	0.1464	0.1373	0.1280	0.1338	0.1431	0.1570	0.1167	0.1058	0.1052	0.1086	0.1236	0.1397	0.0899	0.0797	0.0755	0.0809	0.0854	0.0974	0.1203
2396	0.1562	0.1539	0.1531	0.1531	0.1549	0.1562	0.1457	0.1528	0.1641	0.1443	0.1378	0.1291	0.1347	0.1421	0.1596	0.1172	0.1090	0.1062	0.1078	0.1260	0.1392	0.0892	0.0790	0.0768	0.0831	0.0855	0.0993	0.1218
2397	0.1560	0.1528	0.1531	0.1525	0.1547	0.1548	0.1446	0.1510	0.1640	0.1431	0.1383	0.1303	0.1343	0.1406	0.1614	0.1162	0.1110	0.1079	0.1086	0.1271	0.1387	0.0889	0.0786	0.0779	0.0844	0.0855	0.0999	0.1230
2398	0.1548	0.1510	0.1549	0.1538	0.1535	0.1536	0.1439	0.1508	0.1608	0.1434	0.1386	0.1319	0.1322	0.1381	0.1622	0.1127	0.1105	0.1102	0.1114	0.1259	0.1384	0.0888	0.0785	0.0788	0.0842	0.0853	0.0982	0.1237
2399	0.1536	0.1497	0.1557	0.1544	0.1523	0.1522	0.1435	0.1505	0.1585	0.1438	0.1405	0.1319	0.1309	0.1365	0.1622	0.1110	0.1100	0.1106	0.1136	0.1250	0.1377	0.0889	0.0784	0.0793	0.0832	0.0843	0.0968	0.1237
2400	0.1521	0.1490	0.1550	0.1539	0.1516	0.1504	0.1434	0.1502	0.1572	0.1441	0.1449	0.1289	0.1307	0.1363	0.1608	0.1114	0.1099	0.1079	0.1152	0.1245	0.1366	0.0889	0.0779	0.0795	0.0807	0.0818	0.0961	0.1227
2401	0.1519	0.1493	0.1540	0.1540	0.1511	0.1492	0.1439	0.1489	0.1558	0.1441	0.1466	0.1270	0.1301	0.1364	0.1593	0.1118	0.1099	0.1065	0.1166	0.1242	0.1362	0.0888	0.0779	0.0793	0.0786	0.0805	0.0955	0.1217
2402	0.1539	0.1518	0.1526	0.1548	0.1513	0.1486	0.1452	0.1456	0.1543	0.1430	0.1437	0.1271	0.1287	0.1362	0.1575	0.1133	0.1095	0.1075	0.1174	0.1244	0.1368	0.0884	0.0791	0.0782	0.0772	0.0814	0.0955	0.1207
2403	0.1543	0.1526	0.1511	0.1557	0.1511	0.1480	0.1470	0.1436	0.1537	0.1430	0.1412	0.1277	0.1281	0.1365	0.1561	0.1136	0.1093	0.1075	0.1175	0.1247	0.1376	0.0880	0.0805	0.0769	0.0765	0.0820	0.0960	0.1201
2404	0.1519	0.1507	0.1501	0.1564	0.1501	0.1477	0.1497	0.1443	0.1549	0.1450	0.1394	0.1292	0.1293	0.1379	0.1552	0.1120	0.1095	0.1060	0.1160	0.1247	0.1390	0.0880	0.0823	0.0757	0.0772	0.0821	0.0970	0.1199
2405	0.1498	0.1498	0.1499	0.1561	0.1485	0.1463	0.1508	0.1444	0.1556	0.1459	0.1379	0.1302	0.1314	0.1375	0.1542	0.1114	0.1096	0.1059	0.1147	0.1243	0.1400	0.0877	0.0820	0.0753	0.0781	0.0817	0.0976	0.1196
2406	0.1483	0.1508	0.1508	0.1543	0.1458	0.1427	0.1492	0.1436	0.1557	0.1452	0.1369	0.1303	0.1355	0.1337	0.1532	0.1122	0.1095	0.1079	0.1137	0.1235	0.1404	0.0871	0.0782	0.0763	0.0792	0.0802	0.0979	0.1191
2407	0.1478	0.1519	0.1513	0.1531	0.1450	0.1405	0.1469	0.1442	0.1561	0.1447	0.1353	0.1299	0.1375	0.1310	0.1517	0.1119	0.1093	0.1096	0.1131	0.1233	0.1401	0.0865	0.0759	0.0772	0.0794	0.0787	0.0972	0.1182
2408	0.1490	0.1531	0.1506	0.1530	0.1478	0.1412	0.1434	0.1478	0.1567	0.1447	0.1321	0.1286	0.1359	0.1301	0.1495	0.1096	0.1089	0.1109	0.1132	0.1238	0.1382	0.0856	0.0763	0.0779	0.0781	0.0774	0.0949	0.1168
2409	0.1499	0.1544	0.1503	0.1527	0.1500	0.1426	0.1413	0.1493	0.1566	0.1444	0.1302	0.1265	0.1345	0.1298	0.1471	0.1078	0.1078	0.1122	0.1135	0.1238	0.1364	0.0849	0.0768	0.0777	0.0775	0.0758	0.0932	0.1165
2410	0.1501	0.1561	0.1504	0.1520	0.1507	0.1448	0.1416	0.1471	0.1554	0.1436	0.1304	0.1229	0.1331	0.1304	0.1444	0.1068	0.1055	0.1132	0.1138	0.1231	0.1347	0.0845	0.0775	0.0757	0.0783	0.0737	0.0928	0.1184
2411	0.1491	0.1566	0.1507	0.1511	0.1503	0.1464	0.1420	0.1459	0.1538	0.1434	0.1306	0.1219	0.1323	0.1313	0.1432	0.1071	0.1038	0.1136	0.1134	0.1231	0.1332	0.0843	0.0781	0.0747	0.0791	0.0728	0.0937	0.1203
2412	0.1457	0.1551	0.1513	0.1499	0.1478	0.1466	0.1432	0.1463	0.1515	0.1444	0.1309	0.1256	0.1331	0.1323	0.1446	0.1096	0.1034	0.1131	0.1118	0.1246	0.1324	0.0844	0.0784	0.0756	0.0801	0.0741	0.0969	0.1227
2413	0.1436	0.1528	0.1506	0.1497	0.1450	0.1464	0.1439	0.1462	0.1494	0.1441	0.1310	0.1276	0.1326	0.1329	0.1456	0.1122	0.1032	0.1129	0.1097	0.1249	0.1319	0.0843	0.0791	0.0763	0.0798	0.0747	0.0992	0.1240
2414	0.1440	0.1490	0.1475	0.1514	0.1421	0.1453	0.1438	0.1454	0.1475	0.1414	0.1311	0.1264	0.1298	0.1328	0.1464	0.1151	0.1031	0.1136	0.1066	0.1231	0.1318	0.0838	0.0805	0.0766	0.0775	0.0741	0.0999	0.1233
2415	0.1445	0.1465	0.1450	0.1519	0.1405	0.1453	0.1436	0.1441	0.1465	0.1385	0.1305	0.1251	0.1276	0.1334	0.1474	0.1164	0.1028	0.1132	0.1050	0.1219	0.1316	0.0839	0.0820	0.0761	0.0756	0.0744	0.0989	0.1217
2416	0.1450	0.1464	0.1438	0.1502	0.1414	0.1474	0.1430	0.1421	0.1472	0.1353	0.1285	0.1238	0.1263	0.1352	0.1486	0.1143	0.1020	0.1109	0.1062	0.1221	0.1314	0.0849	0.0837	0.0742	0.0745	0.0762	0.0951	0.1183
2417	0.1463	0.1451	0.1432	0.1487	0.1413	0.1484	0.1432	0.1412	0.1472	0.1338	0.1272	0.1229	0.1260	0.1362	0.1494	0.1126	0.1017	0.1081	0.1074	0.1214	0.1314	0.0862	0.0840	0.0722	0.0732	0.0774	0.0924	0.1158
2418	0.1491	0.1416	0.1439	0.1477	0.1396	0.1477	0.1451	0.1421	0.1460	0.1353	0.1272	0.1226	0.1274	0.1359	0.1494	0.1113	0.1024	0.1047	0.1088	0.1191	0.1318	0.0883	0.0819	0.0704	0.0716	0.0773	0.0917	0.1152
2419	0.1505	0.1403	0.1443	0.1468	0.1394	0.1468	0.1455	0.1429	0.1458	0.1361	0.1270	0.1225	0.1281	0.1357	0.1502	0.1096	0.1025	0.1032	0.1093	0.1172	0.1318	0.0897	0.0800	0.0695	0.0702	0.0772	0.0916	0.1142
2420	0.1490	0.1430	0.1443	0.1462	0.1420	0.1458	0.1431	0.1434	0.1476	0.1355	0.1264	0.1227	0.1276	0.1357	0.1523	0.1073	0.1019	0.1053	0.1085	0.1162	0.1311	0.0899	0.0783	0.0704	0.0693	0.0772	0.0924	0.1127
2421	0.1482	0.1443	0.1454	0.1457	0.1439	0.1442	0.1409	0.1435	0.1480	0.1351	0.1261	0.1220	0.1269	0.1355	0.1542	0.1053	0.1012	0.1074	0.1085	0.1164	0.1308	0.0892	0.0775	0.0713	0.0691	0.0777	0.0934	0.1122
2422	0.1488	0.1432	0.1486	0.1453	0.1446	0.1414	0.1387	0.1428	0.1457	0.1351	0.1262	0.1199	0.1259	0.1346	0.1559	0.1043	0.1007	0.1095	0.1100	0.1186	0.1309	0.0870	0.0784	0.0725	0.0701	0.0792	0.0946	0.1138
2423	0.1496	0.1415	0.1511	0.1448	0.1450	0.1397	0.1368	0.1425	0.1447	0.1356	0.1272	0.1192	0.1241	0.1328	0.1566	0.1050	0.1005	0.1103	0.1120	0.1200	0.1317	0.0855	0.0789	0.0732	0.0704	0.0804	0.0955	0.1148
2424	0.1507	0.1391	0.1523	0.1443	0.1453	0.1404	0.1353	0.1431	0.1456	0.1367	0.1294	0.1211	0.1212	0.1293	0.1555	0.1088	0.1010	0.1086	0.1146	0.1198	0.1339	0.0853	0.0785	0.0733	0.0692	0.0808	0.0959	0.1150
2425	0.1508	0.1381	0.1507	0.1429	0.1448	0.1409	0.1344	0.1429	0.1477	0.1372	0.1310	0.1233	0.1194	0.1258	0.1541	0.1110	0.1011	0.1067	0.1142	0.1202	0.1353	0.0854	0.0795	0.0738	0.0686	0.0806	0.0958	0.1154
2426	0.1492	0.1398	0.1444	0.1403	0.1429	0.1413	0.1350	0.1413	0.1518	0.1366	0.1314	0.1256	0.1200	0.1221	0.1522	0.1103	0.1001	0.1049	0.1089	0.1217	0.1356	0.0861	0.0827	0.0749	0.0693	0.0793	0.0946	0.1161
2427	0.1484	0.1411	0.1399	0.1390	0.1407	0.1413	0.1353	0.1391	0.1532	0.1356	0.1320	0.1258	0.1213	0.1201	0.1517	0.1080	0.0992	0.1042	0.1056	0.1220	0.1354	0.0854	0.0841	0.0765	0.0711	0.0786	0.0933	0.1162
2428	0.1487	0.1424	0.1388	0.1397	0.1380	0.1406	0.1348	0.1361	0.1497	0.1337	0.1325	0.1222	0.1239	0.1210	0.1534	0.1034	0.0985	0.1052	0.1058	0.1200	0.1346	0.0817	0.0825	0.0790	0.0747	0.0785	0.0915	0.1151
2429	0.1487	0.1437	0.1382	0.1407	0.1353	0.1398	0.1342	0.1343	0.1464	0.1324	0.1323	0.1202	0.1243	0.1226	0.1536	0.1009	0.0988	0.1046	0.1050	0.1171	0.1350	0.0793	0.0808	0.0795	0.0772	0.0784	0.0896	0.1148
2430	0.1482	0.1447	0.1388	0.1420	0.1331	0.1385	0.1340	0.1352	0.1438	0.1323	0.1307	0.1215	0.1207	0.1253	0.1513	0.1021	0.1008	0.1019	0.1030	0.1128	0.1374	0.0792	0.0792	0.0767	0.0780	0.0788	0.0881	0.1159
2431	0.1492	0.1446	0.1384	0.1428	0.1340	0.1392	0.1351	0.1338	0.1425	0.1319	0.1291	0.1224	0.1173	0.1273	0.1483	0.1030	0.1016	0.1000	0.1017	0.1100	0.1379	0.0793	0.0786	0.0747	0.0781	0.0780	0.0881	0.1171
2432	0.1524	0.1431	0.1363	0.1433	0.1396	0.1431	0.1380	0.1286	0.1430	0.1309	0.1278	0.1225	0.1142	0.1282	0.1447	0.1033	0.1011	0.0990	0.1015	0.1092	0.1348	0.0801	0.0794	0.0738	0.0771	0.0752	0.0902	0.1187
2433	0.1539	0.1412	0.1356	0.1432	0.1425	0.1437	0.1395	0.1260	0.1428	0.1299	0.1265	0.1227	0.1119	0.1284	0.1428	0.1036	0.1020	0.0981	0.1000	0.1100	0.1324	0.0803	0.0806	0.0727	0.0754	0.0743	0.0910	0.1186
2434	0.1526	0.1392	0.1370	0.1419	0.1406	0.1394	0.1384	0.1269	0.1422	0.1284	0.1248	0.1228	0.1109	0.1278	0.1442	0.1039	0.1049	0.0973	0.0964	0.1140	0.1314	0.0796	0.0825	0.0714	0.0725	0.0765	0.0896	0.1150
2435	0.1510	0.1384	0.1383	0.1398	0.1396	0.1365	0.1368	0.1285	0.1415	0.1279	0.1240	0.1227	0.1107	0.1274	0.1444	0.1041	0.1067	0.0967	0.0948	0.1169	0.1304	0.0792	0.0835	0.0702	0.0721	0.0778	0.0885	0.1112
2436	0.1489	0.1386	0.1393	0.1364	0.1402	0.1352	0.1347	0.1320	0.1405	0.1293	0.1246	0.1227	0.1120	0.1270	0.1428	0.1040	0.1072	0.0974	0.0961	0.1172	0.1298	0.0791	0.0826	0.0686	0.0756	0.0777	0.0877	0.1069
2437	0.1476	0.1384	0.1379	0.1332	0.1407	0.1325	0.1336	0.1335	0.1410	0.1298	0.1249	0.1222	0.1140	0.1267	0.1409	0.1036	0.1063	0.0990	0.0987	0.1168	0.1290	0.0787	0.0801	0.0679	0.0770	0.0768	0.0878	0.1040
2438	0.1469	0.1376	0.1333	0.1309	0.1413	0.1282	0.1343	0.1318	0.1437	0.1290	0.1245	0.1201	0.1162	0.1263	0.1389	0.1027	0.1028	0.1008	0.1032	0.1154	0.1278	0.0781	0.0758	0.0683	0.0757	0.0752	0.0890	0.1042
2439	0.1463	0.1375	0.1305	0.1304	0.1406	0.1259	0.1339	0.1301	0.1452	0.1278	0.1238	0.1171	0.1171	0.1269	0.1399	0.1021	0.0998	0.1015	0.1058	0.1148	0.1269	0.0781	0.0755	0.0690	0.0737	0.0741	0.0899	0.1062
2440	0.1452	0.1385	0.1293	0.1311	0.1377	0.1266	0.1323	0.1287	0.1451	0.1265	0.1234	0.1132	0.1161	0.1294	0.1442	0.1018	0.0979	0.1008	0.1055	0.1162	0.1261	0.0784	0.0800	0.0697	0.0695	0.0732	0.0910	0.1104
2441	0.1438	0.1384	0.1307	0.1328	0.1348	0.1274	0.1310	0.1291	0.1430	0.1266	0.1227	0.1112	0.1149	0.1302	0.1459	0.1005	0.0962	0.1000	0.1053	0.1166	0.1253	0.0783	0.0819	0.0703	0.0656	0.0730	0.0924	0.1126
2442	0.1432	0.1369	0.1373	0.1367	0.1319	0.1272	0.1309	0.1329	0.1386	0.1279	0.1211	0.1123	0.1135	0.1284	0.1450	0.0979	0.0941	0.0991	0.1049	0.1153	0.1247	0.0782	0.0808	0.0715	0.0632	0.0737	0.0933	0.1126
2443	0.1430	0.1367	0.1403	0.1393	0.1307	0.1277	0.1303	0.1352	0.1354	0.1295	0.1176	0.1129	0.1131	0.1273	0.1427	0.0954	0.0944	0.0978	0.1049	0.1136	0.1258	0.0793	0.0781	0.0709	0.0615	0.0761	0.0934	0.1119
2444	0.1430	0.1385	0.1371	0.1404	0.1319	0.1286	0.1275	0.1344	0.1330	0.1319	0.1112	0.1129	0.1138	0.1266	0.1394	0.0930	0.0981	0.0958	0.1048	0.1106	0.1292	0.0821	0.0731	0.0683	0.0621	0.0805	0.0914	0.1101
2445	0.1413	0.1398	0.1331	0.1396	0.1344	0.1310	0.1258	0.1357	0.1318	0.1320	0.1086	0.1114	0.1133	0.1258	0.1400	0.0912	0.0994	0.0946	0.1028	0.1068	0.1310	0.0833	0.0704	0.0675	0.0629	0.0821	0.0887	0.1071
2446	0.1364	0.1408	0.1278	0.1374	0.1384	0.1374	0.1263	0.1396	0.1312	0.1289	0.1122	0.1078	0.1122	0.1251	0.1443	0.0910	0.0979	0.0941	0.0988	0.1034	0.1315	0.0817	0.0708	0.0698	0.0609	0.0806	0.0872	0.1017
2447	0.1323	0.1396	0.1258	0.1358	0.1413	0.1394	0.1265	0.1417	0.1318	0.1240	0.1147	0.1087	0.1135	0.1255	0.1467	0.0930	0.0985	0.0958	0.0968	0.1026	0.1333	0.0808	0.0714	0.0720	0.0595	0.0780	0.0862	0.0992
2448	0.1306	0.1366	0.1274	0.1339	0.1427	0.1353	0.1258	0.1405	0.1343	0.1184	0.1153	0.1147	0.1169	0.1267	0.1477	0.0968	0.1012	0.0998	0.0982	0.1049	0.1356	0.0809	0.0719	0.0726	0.0593	0.0735	0.0846	0.1013
2449	0.1290	0.1350	0.1292	0.1316	0.1423	0.1345	0.1282	0.1386	0.1374	0.1162	0.1139	0.1172	0.1191	0.1270	0.1465	0.0967	0.1033	0.1027	0.1015	0.1058	0.1337	0.0826	0.0718	0.0731	0.0587	0.0678	0.0853	0.1017
2450	0.1269	0.1341	0.1336	0.1286	0.1396	0.1370	0.1345	0.1364	0.1416	0.1177	0.1093	0.1161	0.1190	0.1291	0.1434	0.0932	0.1050	0.1050	0.1061	0.1042	0.1269	0.0872	0.0721	0.0745	0.0609	0.0602	0.0876	0.0993
2451	0.1289	0.1340	0.1365	0.1276	0.1368	0.1375	0.1380	0.1348	0.1457	0.1210	0.1100	0.1143	0.1189	0.1279	0.1412	0.0916	0.1055	0.1057	0.1078	0.1025	0.1218	0.0878	0.0704	0.0718	0.0642	0.0561	0.0875	0.1002
2452	0.1345	0.1337	0.1350	0.1286	0.1346	0.1340	0.1380	0.1347	0.1486	0.1251	0.1154	0.1113	0.1205	0.1224	0.1385	0.0933	0.1046	0.1056	0.1069	0.1009	0.1190	0.0841	0.0650	0.0638	0.0668	0.0575	0.0853	0.1043
2453	0.1371	0.1351	0.1340	0.1292	0.1337	0.1283	0.1386	0.1335	0.1486	0.1257	0.1179	0.1101	0.1192	0.1200	0.1368	0.0956	0.1030	0.1040	0.1030	0.0996	0.1177	0.0823	0.0635	0.0605	0.0701	0.0591	0.0820	0.1050
2454	0.1370	0.1400	0.1364	0.1316	0.1353	0.1227	0.1398	0.1296	0.1474	0.1219	0.1189	0.1115	0.1146	0.1191	0.1374	0.0954	0.0995	0.1013	0.0972	0.1003	0.1189	0.0821	0.0671	0.0625	0.0744	0.0606	0.0802	0.1027
2455	0.1376	0.1437	0.1379	0.1317	0.1369	0.1190	0.1372	0.1266	0.1435	0.1197	0.1204	0.1123	0.1148	0.1173	0.1395	0.0955	0.0983	0.0988	0.0924	0.1014	0.1229	0.0870	0.0687	0.0637	0.0783	0.0660	0.0792	0.1012
2456	0.1376	0.1443	0.1375	0.1289	0.1373	0.1163	0.1329	0.1256	0.1368	0.1203	0.1198	0.1130	0.1204	0.1157	0.1419	0.0971	0.0991	0.0953	0.0860	0.0980	0.1294	0.0961	0.0661	0.0646	0.0817	0.0719	0.0753	0.1011
2457	0.1324	0.1439	0.1343	0.1262	0.1361	0.1140	0.1329	0.1234	0.1338	0.1185	0.1163	0.1119	0.1228	0.1157	0.1405	0.0967	0.0997	0.0970	0.0891	0.0948	0.1351	0.0961	0.0659	0.0659	0.0807	0.0741	0.0761	0.1029
2458	0.1248	0.1445	0.1267	0.1221	0.1319	0.1111	0.1346	0.1196	0.1340	0.1148	0.1106	0.1089	0.1201	0.1168	0.1372	0.0950	0.1024	0.1035	0.1027	0.0947	0.1390	0.0884	0.0697	0.0667	0.0739	0.0720	0.0828	0.1061
2459	0.1225	0.1413	0.1227	0.1262	0.1237	0.1080	0.1328	0.1169	0.1327	0.1159	0.1079	0.1080	0.1154	0.1186	0.1397	0.0958	0.1018	0.1016	0.1074	0.0982	0.1411	0.0834	0.0692	0.0706	0.0682	0.0703	0.0867	0.1094
2460	0.1247	0.1335	0.1243	0.1384	0.1143	0.1060	0.1273	0.1165	0.1285	0.1212	0.1096	0.1074	0.1100	0.1200	0.1476	0.0977	0.0988	0.0917	0.1036	0.1048	0.1408	0.0797	0.0676	0.0767	0.0628	0.0744	0.0888	0.1122
2461	0.1270	0.1330	0.1233	0.1460	0.1114	0.1072	0.1261	0.1121	0.1258	0.1244	0.1129	0.1058	0.1066	0.1182	0.1532	0.0964	0.0994	0.0831	0.0964	0.1027	0.1366	0.0803	0.0648	0.0767	0.0595	0.0791	0.0848	0.1127
2462	0.1280	0.1394	0.1196	0.1486	0.1128	0.1152	0.1278	0.1048	0.1256	0.1284	0.1187	0.1028	0.1064	0.1144	0.1544	0.0925	0.1016	0.0763	0.0863	0.0943	0.1321	0.0876	0.0597	0.0730	0.0630	0.0825	0.0751	0.1118
2463	0.1267	0.1390	0.1216	0.1473	0.1202	0.1248	0.1245	0.1064	0.1227	0.1293	0.1180	0.1047	0.1063	0.1148	0.1538	0.0876	0.1011	0.0797	0.0795	0.0957	0.1248	0.0949	0.0632	0.0729	0.0637	0.0793	0.0734	0.1098
2464	0.1223	0.1366	0.1281	0.1439	0.1344	0.1298	0.1191	0.1128	0.1177	0.1246	0.1112	0.1091	0.1032	0.1192	0.1531	0.0829	0.1009	0.0898	0.0754	0.1029	0.1162	0.1005	0.0685	0.0741	0.0558	0.0717	0.0745	0.1059
2465	0.1198	0.1353	0.1276	0.1385	0.1363	0.1264	0.1168	0.1096	0.1124	0.1179	0.1121	0.1032	0.1006	0.1180	0.1469	0.0808	0.1022	0.0872	0.0771	0.1058	0.1164	0.1013	0.0690	0.0714	0.0524	0.0709	0.0690	0.1010
2466	0.1192	0.1311	0.1217	0.1311	0.1279	0.1171	0.1202	0.1026	0.1033	0.1085	0.1170	0.0929	0.0996	0.1112	0.1352	0.0789	0.1033	0.0763	0.0802	0.1040	0.1207	0.0971	0.0712	0.0665	0.0553	0.0741	0.0624	0.0944
2467	0.1255	0.1282	0.1137	0.1284	0.1259	0.1143	0.1153	0.1023	0.1024	0.1091	0.1165	0.0888	0.0945	0.1097	0.1211	0.0767	0.1038	0.0802	0.0831	0.1007	0.1244	0.0838	0.0732	0.0650	0.0519	0.0611	0.0669	0.0940
2468	0.1361	0.1254	0.1043	0.1334	0.1272	0.1185	0.1048	0.1020	0.1112	0.1181	0.1148	0.0888	0.0893	0.1105	0.1075	0.0755	0.1020	0.0920	0.0918	0.1033	0.1249	0.0651	0.0756	0.0673	0.0490	0.0347	0.0802	0.0973
2469	0.1380	0.1291	0.1054	0.1401	0.1204	0.1223	0.1042	0.1038	0.1195	0.1189	0.1190	0.0917	0.0889	0.1091	0.1028	0.0846	0.1023	0.0981	0.0993	0.1000	0.1222	0.0539	0.0810	0.0707	0.0512	0.0260	0.0857	0.1034
2470	0.1356	0.1366	0.1120	0.1447	0.1138	0.1253	0.1058	0.1084	0.1276	0.1192	0.1249	0.0919	0.0902	0.1097	0.1056	0.0977	0.1051	0.1079	0.0996	0.0908	0.1184	0.0496	0.0845	0.0774	0.0532	0.0318	0.0837	0.1111
2471	0.1316	0.1373	0.1224	0.1433	0.1168	0.1331	0.1139	0.1110	0.1209	0.1269	0.1217	0.0872	0.0973	0.1124	0.1194	0.0977	0.0997	0.1138	0.0943	0.0887	0.1188	0.0524	0.0889	0.0778	0.0514	0.0395	0.0859	0.1105
2472	0.1272	0.1361	0.1372	0.1371	0.1215	0.1436	0.1246	0.1128	0.1097	0.1310	0.1181	0.0870	0.1038	0.1154	0.1300	0.0966	0.0920	0.1136	0.0923	0.0919	0.1247	0.0579	0.0905	0.0720	0.0435	0.0477	0.0909	0.1094
2473	0.1324	0.1308	0.1347	0.1305	0.1350	0.1413	0.1268	0.1102	0.1150	0.1271	0.1117	0.0868	0.0980	0.1158	0.1343	0.0914	0.0877	0.1038	0.0984	0.1038	0.1146	0.0466	0.0920	0.0701	0.0519	0.0552	0.1031	0.1110
2474	0.1462	0.1178	0.1213	0.1222	0.1457	0.1357	0.1254	0.1078	0.1227	0.1243	0.1025	0.0769	0.0909	0.1169	0.1470	0.0794	0.0837	0.0893	0.1057	0.1206	0.0929	0.0277	0.1008	0.0632	0.0694	0.0581	0.1197	0.1108
2475	0.1510	0.1183	0.1222	0.1175	0.1430	0.1307	0.1177	0.1097	0.1280	0.1284	0.0981	0.0757	0.0938	0.1110	0.1600	0.0755	0.0877	0.0839	0.1040	0.1285	0.0881	0.0289	0.0940	0.0466	0.0671	0.0523	0.1100	0.1157
2476	0.1454	0.1309	0.1332	0.1168	0.1405	0.1222	0.1074	0.1059	0.1329	0.1320	0.0926	0.0880	0.0955	0.0973	0.1657	0.0775	0.0896	0.0751	0.1021	0.1342	0.0905	0.0321	0.0818	0.0388	0.0611	0.0468	0.0883	0.1246
2477	0.1329	0.1345	0.1360	0.1139	0.1423	0.1217	0.1138	0.1138	0.1368	0.1239	0.1072	0.0946	0.1082	0.0782	0.1581	0.0788	0.0861	0.0813	0.1015	0.1254	0.1010	0.0439	0.0737	0.0500	0.0553	0.0523	0.0777	0.1260
2478	0.1225	0.1339	0.1267	0.1054	0.1475	0.1222	0.1304	0.1336	0.1357	0.1153	0.1213	0.0951	0.1248	0.0630	0.1529	0.0734	0.0889	0.1022	0.0982	0.1055	0.1145	0.0594	0.0636	0.0545	0.0488	0.0605	0.0696	0.1228
2479	0.1118	0.1355	0.1259	0.1061	0.1395	0.1155	0.1505	0.1442	0.1296	0.1043	0.1250	0.0806	0.1177	0.0608	0.1557	0.0770	0.0800	0.1122	0.1033	0.1018	0.1100	0.0653	0.0712	0.0488	0.0505	0.0439	0.0623	0.1255
2480	0.0977	0.1448	0.1327	0.1199	0.1298	0.1122	0.1704	0.1513	0.1281	0.0892	0.1363	0.0595	0.1151	0.0583	0.1562	0.0835	0.0626	0.1232	0.1032	0.1013	0.1054	0.0754	0.0837	0.0456	0.0539	0.0191	0.0656	0.1270
2481	0.0955	0.1459	0.1487	0.1357	0.1449	0.1094	0.1776	0.1422	0.1313	0.0843	0.1505	0.0648	0.1221	0.0735	0.1485	0.0747	0.0749	0.1300	0.1005	0.1135	0.1168	0.0653	0.0749	0.0461	0.0636	0.0170	0.0810	0.1169
2482	0.1023	0.1293	0.1721	0.1515	0.1637	0.1001	0.1765	0.1320	0.1403	0.0852	0.1579	0.0803	0.1259	0.1010	0.1392	0.0632	0.0994	0.1280	0.0997	0.1309	0.1386	0.0516	0.0551	0.0561	0.0676	0.0223	0.0896	0.1096
2483	0.1104	0.1111	0.1574	0.1528	0.1685	0.1054	0.1772	0.1421	0.1422	0.0998	0.1300	0.0848	0.1242	0.1126	0.1304	0.0524	0.1087	0.1199	0.0967	0.1247	0.1538	0.0508	0.0489	0.0798	0.0527	0.0343	0.0912	0.1089
2484	0.1179	0.0991	0.1330	0.1423	0.1742	0.1156	0.1830	0.1461	0.1374	0.1139	0.0980	0.0848	0.1231	0.1125	0.1220	0.0514	0.1105	0.1077	0.0980	0.1129	0.1605	0.0518	0.0496	0.1042	0.0470	0.0422	0.0905	0.1079
2485	0.1351	0.0986	0.1237	0.1604	0.1760	0.1135	0.1652	0.1371	0.1344	0.1213	0.1050	0.0913	0.1378	0.1123	0.1416	0.0595	0.1202	0.0921	0.0803	0.1033	0.1478	0.0601	0.0416	0.1032	0.0681	0.0419	0.0885	0.1073
2486	0.1552	0.1041	0.1058	0.1850	0.1649	0.1095	0.1414	0.1333	0.1275	0.1296	0.1250	0.0963	0.1522	0.1112	0.1634	0.0632	0.1285	0.0811	0.0611	0.0977	0.1341	0.0686	0.0317	0.0897	0.0916	0.0530	0.0865	0.1054
2487	0.1499	0.1124	0.1060	0.1695	0.1531	0.0969	0.1328	0.1313	0.1106	0.1297	0.1377	0.0831	0.1528	0.1154	0.1536	0.0770	0.1039	0.0763	0.0508	0.0922	0.1345	0.0767	0.0338	0.0882	0.1044	0.0728	0.0867	0.1167
2488	0.1281	0.1206	0.1147	0.1532	0.1443	0.0909	0.1342	0.1275	0.0963	0.1159	0.1508	0.0744	0.1541	0.1252	0.1394	0.0908	0.0747	0.0683	0.0349	0.0789	0.1259	0.0857	0.0443	0.0922	0.1062	0.0836	0.0904	0.1279
2489	0.1061	0.1234	0.1075	0.1487	0.1383	0.1106	0.1609	0.1273	0.0995	0.0777	0.1410	0.0690	0.1671	0.1222	0.1311	0.0943	0.0600	0.0604	0.0381	0.0762	0.1201	0.0913	0.0495	0.0901	0.0850	0.0862	0.0815	0.1202
2490	0.0875	0.1261	0.1026	0.1387	0.1406	0.1276	0.1855	0.1388	0.1079	0.0490	0.1201	0.0608	0.1787	0.1099	0.1257	0.0962	0.0457	0.0528	0.0505	0.0841	0.1235	0.0912	0.0533	0.0821	0.0637	0.0865	0.0726	0.1146
2491	0.0768	0.1240	0.0991	0.1263	0.1481	0.1375	0.1931	0.1689	0.1198	0.0590	0.1041	0.0512	0.1611	0.0856	0.1312	0.0954	0.0615	0.0488	0.0533	0.0889	0.1292	0.0883	0.0925	0.0778	0.0620	0.0742	0.0620	0.1018
2492	0.0774	0.1154	0.0967	0.1089	0.1618	0.1375	0.1938	0.1897	0.1239	0.0811	0.0861	0.0299	0.1346	0.0542	0.1437	0.0943	0.1017	0.0420	0.0517	0.0859	0.1257	0.0882	0.1406	0.0698	0.0712	0.0588	0.0400	0.0778
2493	0.0821	0.1077	0.0974	0.0947	0.1913	0.1177	0.1664	0.1631	0.0998	0.1183	0.0851	0.0370	0.1181	0.0471	0.1572	0.1120	0.1241	0.0195	0.0293	0.0769	0.1200	0.0690	0.1458	0.0494	0.0790	0.0432	0.0430	0.0639
2494	0.0818	0.1093	0.1001	0.0854	0.2107	0.1063	0.1433	0.1311	0.0855	0.1434	0.0992	0.0572	0.1050	0.0622	0.1504	0.1374	0.1368	0.0000	0.0069	0.0689	0.1278	0.0408	0.1394	0.0514	0.0826	0.0350	0.0619	0.0626
2495	0.0921	0.1275	0.1239	0.0617	0.1996	0.1022	0.1347	0.1217	0.0939	0.1090	0.0899	0.0763	0.0993	0.0946	0.1267	0.1362	0.1416	0.0000	0.0230	0.0751	0.1316	0.0283	0.1173	0.0965	0.0877	0.0241	0.0789	0.0743
2496	0.1095	0.1428	0.1452	0.0504	0.1782	0.0952	0.1181	0.1115	0.1021	0.0751	0.0745	0.1063	0.0977	0.1187	0.1177	0.1159	0.1394	0.0217	0.0417	0.0977	0.1313	0.0308	0.0811	0.1326	0.0967	0.0120	0.0980	0.0927
2497	0.1349	0.1401	0.1563	0.0880	0.1635	0.0904	0.1118	0.1146	0.1229	0.0894	0.0778	0.1203	0.0995	0.1342	0.1123	0.0913	0.1413	0.0573	0.0588	0.1205	0.1359	0.0629	0.0550	0.1347	0.0908	0.0007	0.1271	0.1073
2498	0.1567	0.1320	0.1659	0.1234	0.1565	0.0897	0.1008	0.1337	0.1355	0.1114	0.0814	0.1241	0.1021	0.1575	0.1083	0.0845	0.1377	0.0903	0.0889	0.1369	0.1361	0.0938	0.0510	0.1344	0.0745	0.0000	0.1495	0.1134
2499	0.1546	0.1206	0.1473	0.1154	0.1381	0.0988	0.0670	0.1334	0.1062	0.1066	0.1043	0.1080	0.1058	0.1720	0.1139	0.0887	0.1160	0.0911	0.0967	0.1436	0.1407	0.0984	0.0367	0.1633	0.0610	0.0082	0.1165	0.1165
2500	0.1457	0.1109	0.1304	0.1049	0.1278	0.1121	0.0590	0.1137	0.0879	0.0952	0.1343	0.0821	0.1056	0.1901	0.1144	0.0898	0.0999	0.0939	0.0851	0.1274	0.1478	0.0820	0.0003	0.1851	0.0608	0.0404	0.0760	0.1135
