Wvl	1	2	3	4	5	6	7	8	9	10	11	12	13	14	15	16	17	18	19	20	21	22	23	24	25	26	27	28
350	0.0245	0.0169	0.0131	0.0241	0.0161	0.0144	0.0232	0.0238	0.0230	0.0088	0.0057	0.0134	0.0124	0.0202	0.0205	0.0022	0.0054	0.0011	0.0128	0.0101	0.0254	0.0000	0.0000	0.0000	0.0005	0.0066	0.0101	0.0280
351	0.0282	0.0104	0.0221	0.0195	0.0153	0.0162	0.0248	0.0275	0.0242	0.0102	0.0123	0.0186	0.0211	0.0242	0.0256	0.0031	0.0085	0.0040	0.0054	0.0234	0.0195	0.0000	0.0036	0.0014	0.0064	0.0143	0.0119	0.0348
352	0.0241	0.0200	0.0149	0.0251	0.0174	0.0217	0.0235	0.0202	0.0220	0.0122	0.0126	0.0097	0.0187	0.0289	0.0245	0.0083	0.0074	0.0053	0.0115	0.0203	0.0343	0.0036	0.0000	0.0009	0.0071	0.0116	0.0155	0.0301
353	0.0254	0.0246	0.0172	0.0235	0.0210	0.0202	0.0216	0.0171	0.0231	0.0149	0.0155	0.0100	0.0204	0.0235	0.0260	0.0103	0.0082	0.0082	0.0117	0.0222	0.0382	0.0066	0.0000	0.0013	0.0075	0.0118	0.0154	0.0304
354	0.0294	0.0256	0.0250	0.0173	0.0247	0.0153	0.0205	0.0171	0.0260	0.0174	0.0196	0.0158	0.0236	0.0135	0.0286	0.0097	0.0100	0.0112	0.0084	0.0271	0.0346	0.0073	0.0012	0.0022	0.0081	0.0136	0.0137	0.0339
355	0.0258	0.0273	0.0239	0.0160	0.0232	0.0225	0.0259	0.0153	0.0246	0.0167	0.0186	0.0136	0.0153	0.0191	0.0237	0.0073	0.0101	0.0082	0.0094	0.0280	0.0331	0.0004	0.0056	0.0003	0.0111	0.0103	0.0191	0.0342
356	0.0246	0.0259	0.0241	0.0208	0.0204	0.0229	0.0252	0.0197	0.0251	0.0190	0.0176	0.0142	0.0162	0.0223	0.0244	0.0075	0.0083	0.0102	0.0117	0.0222	0.0364	0.0008	0.0044	0.0014	0.0116	0.0093	0.0197	0.0362
357	0.0244	0.0233	0.0236	0.0261	0.0195	0.0217	0.0241	0.0246	0.0259	0.0203	0.0172	0.0166	0.0204	0.0244	0.0273	0.0094	0.0067	0.0133	0.0155	0.0172	0.0398	0.0050	0.0034	0.0040	0.0097	0.0099	0.0184	0.0379
358	0.0244	0.0204	0.0195	0.0264	0.0252	0.0238	0.0284	0.0244	0.0253	0.0157	0.0188	0.0211	0.0241	0.0266	0.0300	0.0129	0.0078	0.0144	0.0223	0.0216	0.0381	0.0116	0.0088	0.0070	0.0039	0.0122	0.0175	0.0372
359	0.0271	0.0258	0.0253	0.0273	0.0241	0.0286	0.0283	0.0281	0.0278	0.0177	0.0216	0.0225	0.0231	0.0309	0.0349	0.0116	0.0114	0.0171	0.0241	0.0257	0.0388	0.0109	0.0090	0.0091	0.0058	0.0158	0.0224	0.0410
360	0.0305	0.0293	0.0293	0.0269	0.0234	0.0306	0.0274	0.0306	0.0298	0.0189	0.0228	0.0238	0.0233	0.0327	0.0364	0.0114	0.0139	0.0186	0.0234	0.0275	0.0394	0.0096	0.0076	0.0093	0.0087	0.0163	0.0253	0.0427
361	0.0339	0.0280	0.0285	0.0248	0.0253	0.0280	0.0267	0.0304	0.0305	0.0174	0.0216	0.0256	0.0261	0.0303	0.0331	0.0140	0.0142	0.0179	0.0207	0.0265	0.0395	0.0096	0.0056	0.0073	0.0108	0.0123	0.0240	0.0406
362	0.0338	0.0296	0.0272	0.0268	0.0279	0.0254	0.0272	0.0290	0.0293	0.0196	0.0221	0.0253	0.0275	0.0297	0.0332	0.0141	0.0139	0.0177	0.0196	0.0262	0.0407	0.0059	0.0077	0.0089	0.0117	0.0140	0.0239	0.0416
363	0.0348	0.0297	0.0268	0.0285	0.0287	0.0247	0.0298	0.0292	0.0305	0.0205	0.0228	0.0257	0.0272	0.0288	0.0324	0.0147	0.0145	0.0188	0.0202	0.0275	0.0410	0.0063	0.0091	0.0101	0.0121	0.0155	0.0245	0.0418
364	0.0365	0.0288	0.0272	0.0297	0.0280	0.0260	0.0335	0.0302	0.0329	0.0205	0.0232	0.0265	0.0260	0.0281	0.0311	0.0156	0.0156	0.0203	0.0220	0.0299	0.0405	0.0094	0.0096	0.0107	0.0122	0.0165	0.0254	0.0415
365	0.0350	0.0311	0.0283	0.0286	0.0277	0.0308	0.0328	0.0287	0.0304	0.0210	0.0208	0.0247	0.0280	0.0325	0.0341	0.0152	0.0168	0.0184	0.0225	0.0296	0.0408	0.0083	0.0094	0.0095	0.0129	0.0169	0.0240	0.0440
366	0.0353	0.0324	0.0298	0.0289	0.0265	0.0321	0.0332	0.0307	0.0320	0.0228	0.0216	0.0250	0.0289	0.0350	0.0373	0.0166	0.0166	0.0189	0.0235	0.0303	0.0434	0.0128	0.0108	0.0092	0.0125	0.0193	0.0246	0.0454
367	0.0360	0.0331	0.0312	0.0303	0.0263	0.0322	0.0344	0.0334	0.0346	0.0246	0.0244	0.0265	0.0294	0.0363	0.0394	0.0185	0.0170	0.0208	0.0246	0.0314	0.0459	0.0174	0.0126	0.0097	0.0126	0.0212	0.0262	0.0466
368	0.0351	0.0336	0.0324	0.0332	0.0303	0.0336	0.0365	0.0342	0.0352	0.0252	0.0292	0.0286	0.0303	0.0365	0.0388	0.0195	0.0214	0.0240	0.0253	0.0330	0.0458	0.0157	0.0135	0.0114	0.0156	0.0192	0.0286	0.0491
369	0.0365	0.0346	0.0329	0.0340	0.0319	0.0332	0.0359	0.0335	0.0358	0.0246	0.0296	0.0281	0.0299	0.0351	0.0391	0.0197	0.0222	0.0233	0.0251	0.0340	0.0471	0.0145	0.0135	0.0135	0.0154	0.0197	0.0291	0.0472
370	0.0369	0.0352	0.0324	0.0336	0.0320	0.0332	0.0341	0.0337	0.0356	0.0246	0.0283	0.0274	0.0297	0.0342	0.0395	0.0202	0.0221	0.0218	0.0254	0.0335	0.0478	0.0141	0.0134	0.0149	0.0152	0.0205	0.0293	0.0464
371	0.0351	0.0347	0.0304	0.0321	0.0308	0.0343	0.0315	0.0355	0.0342	0.0260	0.0261	0.0272	0.0301	0.0348	0.0397	0.0212	0.0217	0.0207	0.0269	0.0312	0.0470	0.0147	0.0132	0.0153	0.0160	0.0212	0.0297	0.0485
372	0.0364	0.0350	0.0320	0.0341	0.0307	0.0350	0.0355	0.0357	0.0368	0.0263	0.0282	0.0274	0.0313	0.0349	0.0393	0.0194	0.0204	0.0239	0.0267	0.0339	0.0458	0.0127	0.0131	0.0148	0.0160	0.0202	0.0295	0.0472
373	0.0369	0.0353	0.0334	0.0344	0.0314	0.0355	0.0368	0.0351	0.0379	0.0263	0.0291	0.0281	0.0320	0.0360	0.0400	0.0192	0.0193	0.0252	0.0264	0.0351	0.0459	0.0125	0.0128	0.0151	0.0161	0.0207	0.0293	0.0475
374	0.0364	0.0356	0.0343	0.0332	0.0325	0.0357	0.0358	0.0342	0.0375	0.0264	0.0288	0.0290	0.0323	0.0377	0.0415	0.0203	0.0185	0.0245	0.0261	0.0349	0.0469	0.0140	0.0124	0.0156	0.0161	0.0224	0.0291	0.0492
375	0.0361	0.0347	0.0330	0.0325	0.0315	0.0337	0.0351	0.0361	0.0363	0.0270	0.0287	0.0287	0.0321	0.0374	0.0418	0.0203	0.0182	0.0242	0.0265	0.0340	0.0456	0.0149	0.0122	0.0130	0.0165	0.0209	0.0281	0.0484
376	0.0367	0.0349	0.0339	0.0340	0.0321	0.0335	0.0347	0.0358	0.0372	0.0276	0.0289	0.0291	0.0325	0.0373	0.0427	0.0210	0.0195	0.0232	0.0268	0.0332	0.0459	0.0148	0.0130	0.0131	0.0169	0.0204	0.0292	0.0491
377	0.0378	0.0359	0.0354	0.0358	0.0331	0.0341	0.0349	0.0352	0.0384	0.0278	0.0290	0.0297	0.0332	0.0375	0.0437	0.0217	0.0211	0.0223	0.0271	0.0329	0.0468	0.0145	0.0139	0.0142	0.0173	0.0205	0.0311	0.0500
378	0.0392	0.0379	0.0349	0.0349	0.0331	0.0344	0.0364	0.0370	0.0372	0.0268	0.0285	0.0298	0.0336	0.0383	0.0440	0.0205	0.0213	0.0226	0.0280	0.0335	0.0470	0.0158	0.0139	0.0145	0.0182	0.0212	0.0313	0.0492
379	0.0384	0.0375	0.0335	0.0342	0.0331	0.0351	0.0357	0.0360	0.0375	0.0265	0.0281	0.0302	0.0326	0.0374	0.0424	0.0209	0.0208	0.0231	0.0276	0.0343	0.0470	0.0156	0.0129	0.0154	0.0172	0.0210	0.0306	0.0488
380	0.0377	0.0369	0.0333	0.0339	0.0332	0.0356	0.0350	0.0352	0.0383	0.0263	0.0283	0.0301	0.0326	0.0363	0.0412	0.0211	0.0206	0.0235	0.0274	0.0347	0.0471	0.0150	0.0123	0.0159	0.0165	0.0211	0.0301	0.0491
381	0.0382	0.0366	0.0356	0.0341	0.0333	0.0359	0.0350	0.0362	0.0396	0.0263	0.0293	0.0291	0.0347	0.0352	0.0416	0.0204	0.0209	0.0234	0.0278	0.0342	0.0473	0.0145	0.0127	0.0155	0.0171	0.0222	0.0301	0.0502
382	0.0389	0.0375	0.0360	0.0353	0.0331	0.0367	0.0364	0.0369	0.0400	0.0279	0.0312	0.0297	0.0340	0.0381	0.0421	0.0209	0.0219	0.0236	0.0273	0.0344	0.0479	0.0157	0.0140	0.0155	0.0170	0.0224	0.0314	0.0506
383	0.0399	0.0381	0.0361	0.0352	0.0337	0.0371	0.0373	0.0374	0.0402	0.0288	0.0318	0.0309	0.0339	0.0395	0.0423	0.0217	0.0226	0.0240	0.0282	0.0352	0.0482	0.0160	0.0143	0.0152	0.0175	0.0229	0.0315	0.0506
384	0.0410	0.0384	0.0360	0.0340	0.0350	0.0370	0.0376	0.0376	0.0403	0.0291	0.0313	0.0322	0.0345	0.0394	0.0424	0.0227	0.0228	0.0245	0.0304	0.0364	0.0483	0.0157	0.0138	0.0146	0.0185	0.0236	0.0306	0.0505
385	0.0402	0.0379	0.0354	0.0358	0.0352	0.0366	0.0381	0.0382	0.0395	0.0289	0.0311	0.0310	0.0338	0.0396	0.0435	0.0238	0.0225	0.0239	0.0294	0.0362	0.0473	0.0167	0.0146	0.0151	0.0176	0.0225	0.0308	0.0497
386	0.0399	0.0383	0.0361	0.0366	0.0351	0.0370	0.0385	0.0384	0.0395	0.0293	0.0307	0.0311	0.0346	0.0396	0.0445	0.0239	0.0227	0.0242	0.0293	0.0370	0.0477	0.0178	0.0148	0.0158	0.0171	0.0229	0.0313	0.0504
387	0.0397	0.0389	0.0371	0.0368	0.0348	0.0376	0.0387	0.0383	0.0399	0.0297	0.0305	0.0316	0.0356	0.0391	0.0450	0.0234	0.0228	0.0251	0.0296	0.0375	0.0487	0.0184	0.0145	0.0163	0.0172	0.0235	0.0314	0.0513
388	0.0391	0.0382	0.0369	0.0373	0.0344	0.0373	0.0380	0.0380	0.0406	0.0290	0.0316	0.0312	0.0343	0.0372	0.0441	0.0219	0.0219	0.0258	0.0292	0.0350	0.0490	0.0169	0.0141	0.0155	0.0183	0.0215	0.0297	0.0499
389	0.0397	0.0381	0.0365	0.0370	0.0354	0.0377	0.0379	0.0383	0.0407	0.0291	0.0318	0.0319	0.0349	0.0382	0.0444	0.0232	0.0223	0.0266	0.0289	0.0354	0.0493	0.0162	0.0146	0.0162	0.0191	0.0225	0.0308	0.0502
390	0.0403	0.0386	0.0365	0.0370	0.0364	0.0376	0.0382	0.0387	0.0410	0.0295	0.0317	0.0330	0.0357	0.0397	0.0445	0.0245	0.0230	0.0269	0.0290	0.0365	0.0495	0.0161	0.0153	0.0169	0.0191	0.0234	0.0323	0.0509
391	0.0404	0.0400	0.0369	0.0379	0.0367	0.0366	0.0391	0.0392	0.0420	0.0297	0.0314	0.0339	0.0358	0.0403	0.0439	0.0242	0.0236	0.0265	0.0296	0.0372	0.0495	0.0169	0.0158	0.0174	0.0179	0.0231	0.0328	0.0514
392	0.0413	0.0401	0.0374	0.0385	0.0362	0.0382	0.0402	0.0399	0.0418	0.0304	0.0316	0.0324	0.0363	0.0414	0.0447	0.0244	0.0244	0.0271	0.0301	0.0383	0.0506	0.0172	0.0160	0.0175	0.0186	0.0231	0.0335	0.0525
393	0.0419	0.0397	0.0374	0.0381	0.0357	0.0386	0.0402	0.0398	0.0410	0.0306	0.0313	0.0318	0.0363	0.0414	0.0455	0.0245	0.0243	0.0270	0.0306	0.0382	0.0501	0.0174	0.0157	0.0168	0.0189	0.0233	0.0333	0.0525
394	0.0422	0.0388	0.0370	0.0370	0.0355	0.0378	0.0392	0.0388	0.0397	0.0305	0.0305	0.0324	0.0360	0.0405	0.0463	0.0244	0.0233	0.0262	0.0309	0.0368	0.0481	0.0179	0.0150	0.0155	0.0186	0.0235	0.0324	0.0516
395	0.0415	0.0404	0.0377	0.0381	0.0369	0.0396	0.0401	0.0395	0.0410	0.0309	0.0327	0.0329	0.0367	0.0410	0.0461	0.0253	0.0241	0.0283	0.0313	0.0374	0.0494	0.0184	0.0162	0.0178	0.0187	0.0245	0.0331	0.0528
396	0.0411	0.0414	0.0376	0.0379	0.0375	0.0400	0.0400	0.0395	0.0417	0.0317	0.0335	0.0331	0.0365	0.0413	0.0460	0.0252	0.0244	0.0285	0.0308	0.0376	0.0506	0.0183	0.0158	0.0179	0.0190	0.0245	0.0332	0.0525
397	0.0411	0.0418	0.0374	0.0374	0.0376	0.0397	0.0396	0.0395	0.0423	0.0326	0.0335	0.0333	0.0362	0.0414	0.0461	0.0247	0.0245	0.0278	0.0300	0.0375	0.0516	0.0181	0.0150	0.0171	0.0194	0.0241	0.0331	0.0517
398	0.0421	0.0408	0.0382	0.0389	0.0372	0.0399	0.0399	0.0409	0.0437	0.0327	0.0337	0.0343	0.0374	0.0415	0.0469	0.0249	0.0253	0.0277	0.0312	0.0379	0.0516	0.0187	0.0161	0.0175	0.0200	0.0243	0.0336	0.0526
399	0.0434	0.0419	0.0391	0.0405	0.0379	0.0405	0.0408	0.0419	0.0443	0.0331	0.0342	0.0349	0.0374	0.0420	0.0479	0.0256	0.0255	0.0277	0.0322	0.0393	0.0520	0.0190	0.0170	0.0185	0.0201	0.0246	0.0338	0.0528
400	0.0441	0.0428	0.0395	0.0411	0.0388	0.0408	0.0412	0.0421	0.0443	0.0333	0.0343	0.0349	0.0372	0.0421	0.0479	0.0262	0.0254	0.0277	0.0326	0.0401	0.0521	0.0190	0.0172	0.0188	0.0201	0.0248	0.0340	0.0531
401	0.0432	0.0418	0.0394	0.0394	0.0392	0.0399	0.0404	0.0407	0.0434	0.0330	0.0334	0.0339	0.0375	0.0414	0.0460	0.0260	0.0248	0.0274	0.0320	0.0389	0.0510	0.0189	0.0166	0.0176	0.0202	0.0249	0.0342	0.0538
402	0.0435	0.0424	0.0397	0.0396	0.0391	0.0404	0.0407	0.0413	0.0440	0.0332	0.0347	0.0341	0.0372	0.0420	0.0472	0.0265	0.0256	0.0282	0.0323	0.0394	0.0511	0.0189	0.0165	0.0176	0.0199	0.0252	0.0337	0.0536
403	0.0440	0.0428	0.0400	0.0399	0.0391	0.0411	0.0415	0.0417	0.0443	0.0333	0.0352	0.0344	0.0376	0.0425	0.0480	0.0268	0.0263	0.0290	0.0324	0.0397	0.0514	0.0192	0.0166	0.0180	0.0198	0.0253	0.0334	0.0538
404	0.0444	0.0429	0.0403	0.0402	0.0395	0.0417	0.0426	0.0415	0.0443	0.0333	0.0345	0.0348	0.0386	0.0428	0.0479	0.0270	0.0267	0.0297	0.0321	0.0396	0.0519	0.0198	0.0168	0.0186	0.0198	0.0253	0.0335	0.0544
405	0.0440	0.0433	0.0406	0.0395	0.0398	0.0415	0.0416	0.0423	0.0445	0.0338	0.0353	0.0346	0.0381	0.0423	0.0483	0.0268	0.0262	0.0285	0.0322	0.0392	0.0524	0.0199	0.0168	0.0183	0.0200	0.0251	0.0340	0.0536
406	0.0444	0.0436	0.0411	0.0404	0.0402	0.0419	0.0417	0.0425	0.0451	0.0344	0.0359	0.0350	0.0383	0.0428	0.0486	0.0273	0.0264	0.0286	0.0326	0.0398	0.0531	0.0205	0.0174	0.0183	0.0205	0.0260	0.0348	0.0537
407	0.0450	0.0438	0.0417	0.0419	0.0406	0.0427	0.0423	0.0425	0.0459	0.0348	0.0362	0.0356	0.0387	0.0437	0.0490	0.0279	0.0270	0.0293	0.0331	0.0409	0.0536	0.0210	0.0182	0.0185	0.0211	0.0270	0.0356	0.0542
408	0.0447	0.0439	0.0419	0.0417	0.0407	0.0430	0.0421	0.0424	0.0457	0.0349	0.0360	0.0357	0.0390	0.0432	0.0492	0.0275	0.0277	0.0292	0.0331	0.0409	0.0534	0.0202	0.0183	0.0189	0.0209	0.0261	0.0351	0.0538
409	0.0445	0.0435	0.0417	0.0416	0.0405	0.0425	0.0422	0.0420	0.0450	0.0347	0.0356	0.0359	0.0384	0.0433	0.0488	0.0275	0.0274	0.0289	0.0333	0.0407	0.0530	0.0198	0.0183	0.0188	0.0205	0.0257	0.0352	0.0541
410	0.0445	0.0433	0.0418	0.0419	0.0405	0.0422	0.0427	0.0419	0.0447	0.0347	0.0356	0.0361	0.0384	0.0439	0.0488	0.0279	0.0272	0.0291	0.0336	0.0405	0.0531	0.0198	0.0182	0.0188	0.0203	0.0257	0.0354	0.0544
411	0.0448	0.0437	0.0426	0.0427	0.0411	0.0431	0.0438	0.0426	0.0458	0.0356	0.0365	0.0363	0.0400	0.0450	0.0502	0.0284	0.0277	0.0304	0.0342	0.0407	0.0539	0.0204	0.0184	0.0193	0.0208	0.0266	0.0355	0.0547
412	0.0457	0.0439	0.0419	0.0427	0.0415	0.0433	0.0436	0.0435	0.0468	0.0357	0.0370	0.0367	0.0405	0.0447	0.0505	0.0289	0.0280	0.0304	0.0340	0.0415	0.0539	0.0206	0.0188	0.0196	0.0217	0.0268	0.0358	0.0548
413	0.0464	0.0445	0.0419	0.0426	0.0417	0.0437	0.0435	0.0442	0.0469	0.0360	0.0373	0.0369	0.0406	0.0447	0.0508	0.0289	0.0280	0.0301	0.0340	0.0419	0.0539	0.0211	0.0190	0.0197	0.0220	0.0269	0.0359	0.0550
414	0.0469	0.0455	0.0429	0.0426	0.0417	0.0445	0.0438	0.0445	0.0464	0.0365	0.0373	0.0368	0.0404	0.0453	0.0513	0.0285	0.0275	0.0298	0.0343	0.0419	0.0539	0.0217	0.0191	0.0196	0.0217	0.0270	0.0358	0.0552
415	0.0462	0.0448	0.0425	0.0432	0.0414	0.0445	0.0442	0.0442	0.0464	0.0365	0.0372	0.0369	0.0408	0.0452	0.0510	0.0282	0.0278	0.0307	0.0349	0.0422	0.0541	0.0216	0.0193	0.0200	0.0215	0.0271	0.0361	0.0558
416	0.0463	0.0449	0.0429	0.0432	0.0419	0.0442	0.0445	0.0443	0.0467	0.0364	0.0373	0.0373	0.0411	0.0455	0.0512	0.0287	0.0283	0.0308	0.0352	0.0425	0.0546	0.0216	0.0194	0.0202	0.0218	0.0269	0.0365	0.0560
417	0.0468	0.0455	0.0434	0.0431	0.0428	0.0439	0.0444	0.0446	0.0472	0.0363	0.0374	0.0380	0.0412	0.0458	0.0514	0.0296	0.0288	0.0306	0.0353	0.0427	0.0550	0.0215	0.0194	0.0201	0.0223	0.0266	0.0367	0.0560
418	0.0463	0.0456	0.0432	0.0439	0.0426	0.0445	0.0442	0.0442	0.0471	0.0365	0.0375	0.0380	0.0412	0.0452	0.0511	0.0294	0.0292	0.0309	0.0348	0.0427	0.0546	0.0212	0.0194	0.0201	0.0222	0.0270	0.0364	0.0559
419	0.0470	0.0460	0.0434	0.0439	0.0428	0.0449	0.0444	0.0450	0.0475	0.0371	0.0381	0.0383	0.0411	0.0453	0.0513	0.0296	0.0292	0.0311	0.0352	0.0426	0.0547	0.0214	0.0197	0.0202	0.0224	0.0275	0.0368	0.0564
420	0.0478	0.0463	0.0438	0.0438	0.0431	0.0453	0.0446	0.0457	0.0481	0.0377	0.0386	0.0385	0.0413	0.0459	0.0519	0.0300	0.0292	0.0312	0.0355	0.0427	0.0551	0.0218	0.0201	0.0205	0.0225	0.0278	0.0372	0.0568
421	0.0481	0.0464	0.0445	0.0442	0.0433	0.0457	0.0448	0.0459	0.0487	0.0379	0.0389	0.0385	0.0422	0.0470	0.0526	0.0303	0.0294	0.0311	0.0354	0.0432	0.0561	0.0223	0.0204	0.0210	0.0225	0.0276	0.0373	0.0568
422	0.0480	0.0472	0.0452	0.0446	0.0440	0.0461	0.0455	0.0461	0.0486	0.0381	0.0390	0.0386	0.0424	0.0469	0.0526	0.0305	0.0297	0.0318	0.0360	0.0433	0.0561	0.0227	0.0204	0.0212	0.0229	0.0283	0.0378	0.0573
423	0.0483	0.0478	0.0456	0.0451	0.0446	0.0463	0.0460	0.0464	0.0487	0.0382	0.0393	0.0391	0.0425	0.0468	0.0528	0.0307	0.0301	0.0322	0.0363	0.0436	0.0562	0.0228	0.0205	0.0215	0.0232	0.0286	0.0380	0.0575
424	0.0491	0.0482	0.0455	0.0456	0.0448	0.0463	0.0464	0.0468	0.0491	0.0381	0.0398	0.0398	0.0424	0.0471	0.0535	0.0309	0.0307	0.0322	0.0363	0.0441	0.0563	0.0225	0.0207	0.0218	0.0233	0.0284	0.0377	0.0576
425	0.0485	0.0476	0.0454	0.0451	0.0443	0.0464	0.0458	0.0468	0.0491	0.0385	0.0399	0.0394	0.0424	0.0468	0.0530	0.0305	0.0305	0.0318	0.0365	0.0439	0.0563	0.0227	0.0204	0.0213	0.0231	0.0280	0.0374	0.0574
426	0.0490	0.0481	0.0456	0.0453	0.0447	0.0471	0.0463	0.0471	0.0496	0.0389	0.0403	0.0397	0.0431	0.0474	0.0535	0.0312	0.0308	0.0322	0.0369	0.0441	0.0569	0.0231	0.0207	0.0214	0.0234	0.0285	0.0378	0.0576
427	0.0499	0.0489	0.0460	0.0460	0.0456	0.0480	0.0471	0.0476	0.0503	0.0394	0.0408	0.0403	0.0440	0.0483	0.0543	0.0323	0.0313	0.0331	0.0374	0.0446	0.0577	0.0236	0.0213	0.0219	0.0240	0.0293	0.0385	0.0581
428	0.0495	0.0488	0.0461	0.0462	0.0458	0.0474	0.0469	0.0478	0.0502	0.0396	0.0405	0.0403	0.0436	0.0479	0.0539	0.0318	0.0305	0.0332	0.0372	0.0448	0.0574	0.0233	0.0213	0.0222	0.0239	0.0292	0.0386	0.0586
429	0.0496	0.0491	0.0463	0.0464	0.0458	0.0477	0.0472	0.0479	0.0507	0.0400	0.0407	0.0405	0.0437	0.0482	0.0542	0.0319	0.0311	0.0334	0.0375	0.0452	0.0577	0.0234	0.0216	0.0222	0.0239	0.0293	0.0388	0.0586
430	0.0501	0.0493	0.0467	0.0467	0.0459	0.0481	0.0477	0.0481	0.0511	0.0404	0.0410	0.0408	0.0440	0.0487	0.0547	0.0322	0.0318	0.0336	0.0380	0.0457	0.0582	0.0238	0.0218	0.0221	0.0240	0.0295	0.0391	0.0585
431	0.0509	0.0495	0.0471	0.0471	0.0464	0.0483	0.0481	0.0486	0.0510	0.0406	0.0412	0.0414	0.0443	0.0493	0.0552	0.0326	0.0319	0.0339	0.0383	0.0459	0.0586	0.0242	0.0218	0.0223	0.0244	0.0298	0.0394	0.0585
432	0.0510	0.0497	0.0476	0.0479	0.0470	0.0485	0.0482	0.0488	0.0514	0.0413	0.0416	0.0417	0.0449	0.0497	0.0557	0.0327	0.0320	0.0341	0.0386	0.0462	0.0590	0.0245	0.0221	0.0229	0.0246	0.0299	0.0394	0.0592
433	0.0514	0.0502	0.0480	0.0483	0.0474	0.0490	0.0485	0.0491	0.0520	0.0417	0.0421	0.0419	0.0453	0.0499	0.0561	0.0330	0.0325	0.0342	0.0389	0.0464	0.0594	0.0248	0.0224	0.0231	0.0249	0.0301	0.0395	0.0598
434	0.0522	0.0508	0.0483	0.0483	0.0477	0.0498	0.0491	0.0496	0.0529	0.0419	0.0425	0.0420	0.0455	0.0498	0.0565	0.0337	0.0332	0.0344	0.0393	0.0467	0.0596	0.0251	0.0228	0.0228	0.0254	0.0305	0.0400	0.0601
435	0.0520	0.0510	0.0486	0.0488	0.0479	0.0501	0.0493	0.0498	0.0529	0.0421	0.0428	0.0420	0.0458	0.0501	0.0566	0.0339	0.0329	0.0347	0.0394	0.0469	0.0597	0.0251	0.0231	0.0231	0.0251	0.0306	0.0404	0.0598
436	0.0522	0.0514	0.0488	0.0492	0.0481	0.0502	0.0495	0.0500	0.0530	0.0423	0.0430	0.0424	0.0460	0.0505	0.0570	0.0342	0.0330	0.0350	0.0394	0.0471	0.0598	0.0251	0.0230	0.0232	0.0253	0.0308	0.0406	0.0599
437	0.0526	0.0519	0.0491	0.0496	0.0483	0.0502	0.0498	0.0504	0.0531	0.0425	0.0433	0.0429	0.0463	0.0509	0.0573	0.0344	0.0334	0.0354	0.0395	0.0474	0.0600	0.0250	0.0227	0.0232	0.0257	0.0310	0.0406	0.0603
438	0.0528	0.0521	0.0498	0.0499	0.0489	0.0507	0.0503	0.0510	0.0536	0.0428	0.0435	0.0434	0.0468	0.0513	0.0577	0.0345	0.0336	0.0356	0.0398	0.0477	0.0606	0.0255	0.0231	0.0239	0.0258	0.0313	0.0410	0.0606
439	0.0534	0.0524	0.0501	0.0503	0.0491	0.0509	0.0506	0.0514	0.0541	0.0433	0.0438	0.0436	0.0470	0.0517	0.0579	0.0347	0.0337	0.0360	0.0402	0.0479	0.0608	0.0259	0.0233	0.0242	0.0260	0.0313	0.0411	0.0609
440	0.0540	0.0527	0.0503	0.0508	0.0493	0.0511	0.0507	0.0516	0.0546	0.0437	0.0442	0.0438	0.0472	0.0521	0.0582	0.0351	0.0339	0.0362	0.0406	0.0481	0.0610	0.0262	0.0236	0.0244	0.0263	0.0313	0.0412	0.0611
441	0.0542	0.0531	0.0508	0.0511	0.0497	0.0516	0.0509	0.0518	0.0548	0.0441	0.0447	0.0443	0.0478	0.0525	0.0588	0.0354	0.0343	0.0362	0.0412	0.0485	0.0615	0.0264	0.0241	0.0246	0.0266	0.0319	0.0414	0.0613
442	0.0542	0.0533	0.0510	0.0510	0.0500	0.0520	0.0512	0.0519	0.0551	0.0441	0.0448	0.0444	0.0480	0.0526	0.0589	0.0353	0.0344	0.0362	0.0413	0.0487	0.0618	0.0264	0.0241	0.0244	0.0265	0.0318	0.0414	0.0616
443	0.0544	0.0537	0.0513	0.0511	0.0504	0.0524	0.0516	0.0522	0.0555	0.0444	0.0450	0.0447	0.0481	0.0528	0.0592	0.0356	0.0347	0.0365	0.0414	0.0490	0.0620	0.0266	0.0243	0.0245	0.0266	0.0319	0.0416	0.0620
444	0.0553	0.0542	0.0519	0.0515	0.0507	0.0530	0.0522	0.0528	0.0559	0.0450	0.0457	0.0454	0.0481	0.0531	0.0597	0.0364	0.0351	0.0372	0.0417	0.0494	0.0624	0.0271	0.0247	0.0251	0.0272	0.0324	0.0423	0.0624
445	0.0551	0.0546	0.0519	0.0520	0.0511	0.0528	0.0522	0.0530	0.0559	0.0450	0.0455	0.0454	0.0484	0.0531	0.0598	0.0363	0.0354	0.0373	0.0417	0.0495	0.0624	0.0268	0.0245	0.0250	0.0271	0.0324	0.0423	0.0622
446	0.0553	0.0547	0.0522	0.0523	0.0515	0.0529	0.0524	0.0534	0.0561	0.0453	0.0458	0.0456	0.0487	0.0535	0.0601	0.0365	0.0356	0.0375	0.0419	0.0498	0.0629	0.0269	0.0247	0.0252	0.0272	0.0325	0.0425	0.0624
447	0.0558	0.0547	0.0527	0.0524	0.0518	0.0534	0.0528	0.0538	0.0564	0.0456	0.0463	0.0460	0.0491	0.0541	0.0605	0.0367	0.0358	0.0376	0.0422	0.0500	0.0635	0.0272	0.0252	0.0255	0.0274	0.0327	0.0427	0.0630
448	0.0562	0.0553	0.0527	0.0527	0.0520	0.0536	0.0530	0.0541	0.0569	0.0459	0.0463	0.0461	0.0495	0.0542	0.0608	0.0368	0.0359	0.0377	0.0423	0.0500	0.0635	0.0277	0.0249	0.0257	0.0275	0.0331	0.0427	0.0630
449	0.0566	0.0555	0.0529	0.0531	0.0523	0.0539	0.0532	0.0542	0.0573	0.0461	0.0466	0.0464	0.0497	0.0544	0.0612	0.0371	0.0362	0.0379	0.0425	0.0503	0.0636	0.0279	0.0251	0.0257	0.0277	0.0333	0.0430	0.0632
450	0.0569	0.0556	0.0532	0.0535	0.0526	0.0542	0.0536	0.0544	0.0576	0.0464	0.0470	0.0467	0.0499	0.0546	0.0616	0.0374	0.0364	0.0382	0.0429	0.0507	0.0639	0.0280	0.0252	0.0257	0.0279	0.0334	0.0433	0.0635
451	0.0573	0.0562	0.0535	0.0538	0.0529	0.0546	0.0539	0.0547	0.0577	0.0469	0.0474	0.0471	0.0502	0.0549	0.0618	0.0376	0.0363	0.0386	0.0432	0.0510	0.0644	0.0281	0.0252	0.0258	0.0281	0.0336	0.0436	0.0638
452	0.0573	0.0563	0.0537	0.0541	0.0530	0.0547	0.0541	0.0549	0.0580	0.0469	0.0475	0.0472	0.0503	0.0551	0.0617	0.0378	0.0365	0.0387	0.0432	0.0513	0.0645	0.0281	0.0255	0.0259	0.0280	0.0336	0.0436	0.0637
453	0.0574	0.0565	0.0540	0.0543	0.0531	0.0549	0.0543	0.0551	0.0583	0.0471	0.0476	0.0472	0.0505	0.0553	0.0619	0.0380	0.0367	0.0389	0.0433	0.0515	0.0646	0.0282	0.0257	0.0261	0.0281	0.0338	0.0438	0.0638
454	0.0576	0.0569	0.0544	0.0546	0.0533	0.0553	0.0547	0.0556	0.0585	0.0476	0.0480	0.0474	0.0509	0.0557	0.0625	0.0384	0.0368	0.0392	0.0439	0.0517	0.0649	0.0285	0.0258	0.0263	0.0286	0.0342	0.0441	0.0642
455	0.0577	0.0569	0.0545	0.0546	0.0534	0.0553	0.0546	0.0556	0.0587	0.0475	0.0478	0.0477	0.0510	0.0558	0.0625	0.0383	0.0370	0.0391	0.0439	0.0516	0.0650	0.0286	0.0260	0.0265	0.0285	0.0339	0.0441	0.0642
456	0.0580	0.0570	0.0547	0.0548	0.0536	0.0555	0.0548	0.0558	0.0591	0.0476	0.0479	0.0479	0.0513	0.0559	0.0627	0.0384	0.0374	0.0392	0.0440	0.0518	0.0653	0.0287	0.0262	0.0266	0.0285	0.0341	0.0442	0.0644
457	0.0585	0.0574	0.0551	0.0552	0.0540	0.0559	0.0552	0.0561	0.0595	0.0479	0.0483	0.0482	0.0516	0.0562	0.0631	0.0387	0.0377	0.0395	0.0442	0.0522	0.0655	0.0288	0.0263	0.0267	0.0288	0.0344	0.0444	0.0646
458	0.0585	0.0575	0.0552	0.0553	0.0540	0.0560	0.0554	0.0562	0.0595	0.0482	0.0485	0.0482	0.0517	0.0563	0.0633	0.0388	0.0379	0.0396	0.0443	0.0524	0.0653	0.0287	0.0263	0.0268	0.0290	0.0344	0.0444	0.0648
459	0.0586	0.0577	0.0553	0.0555	0.0543	0.0562	0.0556	0.0563	0.0597	0.0483	0.0486	0.0484	0.0517	0.0566	0.0635	0.0388	0.0380	0.0398	0.0445	0.0525	0.0657	0.0289	0.0264	0.0268	0.0289	0.0347	0.0445	0.0649
460	0.0587	0.0579	0.0554	0.0556	0.0546	0.0563	0.0557	0.0564	0.0598	0.0485	0.0488	0.0485	0.0517	0.0569	0.0636	0.0389	0.0380	0.0399	0.0446	0.0526	0.0660	0.0292	0.0265	0.0267	0.0289	0.0349	0.0446	0.0650
461	0.0589	0.0580	0.0556	0.0558	0.0545	0.0564	0.0558	0.0565	0.0598	0.0487	0.0491	0.0484	0.0519	0.0569	0.0636	0.0390	0.0380	0.0400	0.0445	0.0527	0.0660	0.0294	0.0267	0.0270	0.0293	0.0348	0.0448	0.0650
462	0.0593	0.0585	0.0559	0.0561	0.0548	0.0566	0.0561	0.0568	0.0601	0.0489	0.0493	0.0488	0.0521	0.0571	0.0640	0.0393	0.0381	0.0402	0.0449	0.0530	0.0662	0.0296	0.0268	0.0272	0.0294	0.0349	0.0449	0.0654
463	0.0595	0.0587	0.0560	0.0563	0.0550	0.0568	0.0563	0.0571	0.0603	0.0490	0.0495	0.0491	0.0523	0.0573	0.0643	0.0394	0.0383	0.0404	0.0451	0.0531	0.0664	0.0297	0.0268	0.0273	0.0293	0.0349	0.0450	0.0655
464	0.0595	0.0586	0.0559	0.0562	0.0550	0.0570	0.0562	0.0572	0.0604	0.0490	0.0495	0.0491	0.0522	0.0572	0.0643	0.0392	0.0382	0.0403	0.0450	0.0529	0.0665	0.0295	0.0269	0.0272	0.0291	0.0348	0.0451	0.0654
465	0.0596	0.0588	0.0562	0.0566	0.0553	0.0572	0.0564	0.0574	0.0605	0.0492	0.0496	0.0491	0.0526	0.0575	0.0642	0.0396	0.0384	0.0405	0.0453	0.0533	0.0666	0.0296	0.0271	0.0274	0.0295	0.0351	0.0453	0.0657
466	0.0598	0.0590	0.0563	0.0567	0.0555	0.0573	0.0566	0.0575	0.0606	0.0495	0.0497	0.0492	0.0528	0.0576	0.0644	0.0398	0.0385	0.0406	0.0454	0.0534	0.0668	0.0297	0.0271	0.0275	0.0297	0.0352	0.0455	0.0659
467	0.0599	0.0592	0.0564	0.0568	0.0556	0.0574	0.0568	0.0576	0.0607	0.0496	0.0499	0.0494	0.0528	0.0577	0.0648	0.0399	0.0386	0.0405	0.0453	0.0534	0.0670	0.0298	0.0271	0.0275	0.0297	0.0351	0.0456	0.0659
468	0.0601	0.0592	0.0567	0.0570	0.0558	0.0576	0.0569	0.0579	0.0611	0.0498	0.0501	0.0498	0.0531	0.0579	0.0649	0.0402	0.0388	0.0406	0.0456	0.0535	0.0672	0.0300	0.0273	0.0277	0.0299	0.0354	0.0457	0.0660
469	0.0603	0.0593	0.0569	0.0572	0.0560	0.0578	0.0571	0.0581	0.0614	0.0499	0.0501	0.0499	0.0532	0.0581	0.0651	0.0403	0.0389	0.0409	0.0458	0.0537	0.0672	0.0302	0.0274	0.0278	0.0299	0.0356	0.0457	0.0662
470	0.0605	0.0594	0.0571	0.0574	0.0561	0.0579	0.0573	0.0583	0.0616	0.0500	0.0502	0.0499	0.0533	0.0582	0.0653	0.0403	0.0389	0.0410	0.0459	0.0539	0.0673	0.0302	0.0275	0.0278	0.0299	0.0356	0.0457	0.0663
471	0.0604	0.0597	0.0571	0.0575	0.0562	0.0580	0.0574	0.0582	0.0617	0.0500	0.0505	0.0501	0.0533	0.0582	0.0656	0.0404	0.0389	0.0411	0.0460	0.0540	0.0675	0.0300	0.0275	0.0279	0.0299	0.0356	0.0458	0.0662
472	0.0606	0.0599	0.0574	0.0577	0.0564	0.0582	0.0576	0.0584	0.0618	0.0503	0.0506	0.0501	0.0534	0.0584	0.0655	0.0405	0.0391	0.0413	0.0461	0.0540	0.0678	0.0302	0.0276	0.0280	0.0301	0.0358	0.0459	0.0665
473	0.0608	0.0600	0.0577	0.0579	0.0566	0.0584	0.0578	0.0587	0.0620	0.0506	0.0506	0.0502	0.0536	0.0585	0.0656	0.0406	0.0393	0.0415	0.0462	0.0542	0.0679	0.0305	0.0278	0.0280	0.0303	0.0359	0.0461	0.0667
474	0.0611	0.0601	0.0578	0.0580	0.0567	0.0585	0.0578	0.0588	0.0621	0.0507	0.0507	0.0504	0.0538	0.0586	0.0658	0.0407	0.0394	0.0417	0.0464	0.0546	0.0678	0.0307	0.0279	0.0281	0.0303	0.0358	0.0463	0.0668
475	0.0613	0.0605	0.0580	0.0583	0.0571	0.0587	0.0579	0.0589	0.0622	0.0509	0.0510	0.0507	0.0541	0.0588	0.0662	0.0408	0.0396	0.0418	0.0464	0.0548	0.0682	0.0307	0.0278	0.0283	0.0305	0.0360	0.0465	0.0669
476	0.0615	0.0607	0.0582	0.0586	0.0573	0.0589	0.0581	0.0590	0.0624	0.0512	0.0513	0.0509	0.0543	0.0591	0.0664	0.0410	0.0398	0.0419	0.0466	0.0549	0.0684	0.0308	0.0279	0.0284	0.0306	0.0361	0.0467	0.0671
477	0.0617	0.0608	0.0584	0.0588	0.0573	0.0591	0.0584	0.0591	0.0627	0.0513	0.0514	0.0510	0.0545	0.0594	0.0665	0.0412	0.0401	0.0419	0.0468	0.0551	0.0686	0.0310	0.0283	0.0285	0.0306	0.0362	0.0468	0.0673
478	0.0618	0.0609	0.0586	0.0589	0.0574	0.0593	0.0586	0.0595	0.0629	0.0514	0.0516	0.0512	0.0545	0.0595	0.0667	0.0412	0.0401	0.0420	0.0470	0.0552	0.0688	0.0311	0.0283	0.0285	0.0305	0.0362	0.0469	0.0673
479	0.0621	0.0611	0.0587	0.0590	0.0577	0.0594	0.0588	0.0599	0.0631	0.0516	0.0519	0.0514	0.0547	0.0598	0.0669	0.0414	0.0401	0.0422	0.0472	0.0555	0.0689	0.0312	0.0284	0.0286	0.0307	0.0365	0.0469	0.0675
480	0.0624	0.0613	0.0589	0.0591	0.0579	0.0596	0.0591	0.0601	0.0633	0.0519	0.0520	0.0515	0.0550	0.0601	0.0671	0.0417	0.0402	0.0424	0.0473	0.0558	0.0690	0.0313	0.0286	0.0287	0.0309	0.0367	0.0469	0.0677
481	0.0625	0.0614	0.0590	0.0594	0.0579	0.0596	0.0593	0.0602	0.0635	0.0517	0.0520	0.0515	0.0550	0.0601	0.0673	0.0418	0.0405	0.0424	0.0472	0.0558	0.0692	0.0313	0.0286	0.0288	0.0309	0.0367	0.0470	0.0678
482	0.0626	0.0617	0.0593	0.0595	0.0581	0.0599	0.0592	0.0603	0.0636	0.0520	0.0520	0.0516	0.0553	0.0602	0.0674	0.0420	0.0406	0.0426	0.0474	0.0558	0.0693	0.0313	0.0286	0.0288	0.0310	0.0368	0.0472	0.0679
483	0.0628	0.0621	0.0596	0.0597	0.0584	0.0602	0.0593	0.0605	0.0639	0.0524	0.0523	0.0519	0.0556	0.0604	0.0677	0.0422	0.0407	0.0429	0.0477	0.0559	0.0695	0.0315	0.0287	0.0290	0.0312	0.0370	0.0475	0.0680
484	0.0633	0.0624	0.0598	0.0604	0.0590	0.0605	0.0598	0.0608	0.0643	0.0528	0.0529	0.0525	0.0556	0.0607	0.0681	0.0425	0.0411	0.0430	0.0480	0.0563	0.0701	0.0319	0.0288	0.0292	0.0315	0.0373	0.0477	0.0683
485	0.0633	0.0626	0.0601	0.0604	0.0591	0.0608	0.0602	0.0610	0.0645	0.0529	0.0528	0.0525	0.0558	0.0610	0.0683	0.0424	0.0413	0.0432	0.0481	0.0565	0.0701	0.0320	0.0289	0.0294	0.0314	0.0373	0.0478	0.0683
486	0.0636	0.0628	0.0604	0.0606	0.0592	0.0610	0.0605	0.0613	0.0648	0.0531	0.0530	0.0527	0.0561	0.0613	0.0685	0.0426	0.0414	0.0434	0.0483	0.0566	0.0703	0.0321	0.0291	0.0295	0.0315	0.0374	0.0479	0.0686
487	0.0641	0.0629	0.0609	0.0609	0.0595	0.0613	0.0607	0.0616	0.0652	0.0534	0.0534	0.0530	0.0564	0.0616	0.0687	0.0429	0.0415	0.0436	0.0486	0.0568	0.0705	0.0323	0.0293	0.0296	0.0317	0.0375	0.0480	0.0690
488	0.0643	0.0632	0.0609	0.0613	0.0597	0.0615	0.0607	0.0619	0.0653	0.0535	0.0538	0.0531	0.0566	0.0618	0.0689	0.0429	0.0417	0.0437	0.0486	0.0570	0.0707	0.0324	0.0294	0.0296	0.0319	0.0376	0.0481	0.0690
489	0.0645	0.0636	0.0612	0.0616	0.0601	0.0618	0.0610	0.0621	0.0656	0.0538	0.0540	0.0533	0.0569	0.0620	0.0693	0.0432	0.0419	0.0440	0.0488	0.0572	0.0710	0.0325	0.0296	0.0298	0.0321	0.0379	0.0484	0.0692
490	0.0647	0.0640	0.0614	0.0619	0.0605	0.0620	0.0614	0.0623	0.0660	0.0541	0.0542	0.0535	0.0571	0.0622	0.0697	0.0436	0.0421	0.0444	0.0492	0.0574	0.0713	0.0326	0.0298	0.0300	0.0322	0.0382	0.0486	0.0694
491	0.0650	0.0643	0.0615	0.0621	0.0607	0.0623	0.0617	0.0626	0.0662	0.0544	0.0543	0.0539	0.0573	0.0624	0.0700	0.0438	0.0424	0.0446	0.0493	0.0577	0.0717	0.0329	0.0298	0.0302	0.0323	0.0382	0.0488	0.0695
492	0.0653	0.0647	0.0620	0.0624	0.0611	0.0626	0.0619	0.0630	0.0666	0.0546	0.0547	0.0542	0.0576	0.0627	0.0703	0.0439	0.0427	0.0447	0.0497	0.0581	0.0719	0.0332	0.0300	0.0304	0.0325	0.0385	0.0490	0.0697
493	0.0656	0.0650	0.0624	0.0627	0.0613	0.0629	0.0622	0.0633	0.0669	0.0548	0.0550	0.0545	0.0580	0.0630	0.0705	0.0441	0.0429	0.0449	0.0499	0.0584	0.0721	0.0334	0.0301	0.0305	0.0326	0.0387	0.0491	0.0699
494	0.0659	0.0651	0.0627	0.0629	0.0614	0.0631	0.0626	0.0634	0.0671	0.0550	0.0551	0.0548	0.0582	0.0633	0.0708	0.0442	0.0430	0.0451	0.0500	0.0585	0.0723	0.0333	0.0304	0.0306	0.0328	0.0387	0.0492	0.0699
495	0.0662	0.0654	0.0630	0.0634	0.0617	0.0635	0.0629	0.0639	0.0674	0.0554	0.0554	0.0551	0.0586	0.0637	0.0711	0.0444	0.0433	0.0453	0.0503	0.0587	0.0725	0.0336	0.0304	0.0307	0.0331	0.0389	0.0495	0.0703
496	0.0665	0.0657	0.0633	0.0637	0.0620	0.0638	0.0632	0.0643	0.0678	0.0558	0.0557	0.0554	0.0588	0.0640	0.0714	0.0447	0.0436	0.0456	0.0506	0.0590	0.0729	0.0339	0.0307	0.0310	0.0334	0.0391	0.0498	0.0706
497	0.0670	0.0659	0.0635	0.0640	0.0625	0.0641	0.0633	0.0646	0.0682	0.0562	0.0560	0.0555	0.0591	0.0643	0.0717	0.0451	0.0439	0.0458	0.0508	0.0594	0.0732	0.0341	0.0310	0.0312	0.0336	0.0392	0.0499	0.0708
498	0.0672	0.0664	0.0639	0.0644	0.0629	0.0645	0.0638	0.0650	0.0684	0.0565	0.0562	0.0556	0.0592	0.0645	0.0720	0.0454	0.0440	0.0460	0.0510	0.0596	0.0735	0.0343	0.0313	0.0313	0.0337	0.0394	0.0501	0.0709
499	0.0675	0.0668	0.0643	0.0647	0.0632	0.0648	0.0641	0.0653	0.0687	0.0568	0.0565	0.0561	0.0596	0.0648	0.0723	0.0457	0.0442	0.0464	0.0513	0.0598	0.0738	0.0345	0.0314	0.0316	0.0338	0.0397	0.0503	0.0712
500	0.0678	0.0671	0.0647	0.0651	0.0635	0.0652	0.0644	0.0656	0.0692	0.0572	0.0569	0.0566	0.0601	0.0651	0.0727	0.0460	0.0444	0.0467	0.0516	0.0600	0.0741	0.0346	0.0314	0.0320	0.0339	0.0399	0.0505	0.0716
501	0.0682	0.0675	0.0651	0.0654	0.0639	0.0656	0.0648	0.0659	0.0695	0.0575	0.0573	0.0568	0.0604	0.0656	0.0729	0.0463	0.0447	0.0469	0.0518	0.0605	0.0746	0.0348	0.0317	0.0320	0.0343	0.0401	0.0508	0.0718
502	0.0686	0.0679	0.0655	0.0658	0.0642	0.0659	0.0651	0.0664	0.0699	0.0578	0.0578	0.0572	0.0608	0.0659	0.0734	0.0466	0.0451	0.0473	0.0521	0.0608	0.0749	0.0350	0.0320	0.0322	0.0345	0.0404	0.0510	0.0721
503	0.0690	0.0682	0.0659	0.0661	0.0646	0.0662	0.0655	0.0668	0.0703	0.0581	0.0581	0.0575	0.0610	0.0662	0.0739	0.0468	0.0454	0.0476	0.0524	0.0610	0.0751	0.0353	0.0321	0.0324	0.0347	0.0406	0.0512	0.0723
504	0.0693	0.0685	0.0661	0.0665	0.0650	0.0665	0.0658	0.0670	0.0704	0.0584	0.0581	0.0577	0.0611	0.0665	0.0741	0.0470	0.0457	0.0477	0.0526	0.0612	0.0752	0.0355	0.0322	0.0324	0.0349	0.0407	0.0514	0.0724
505	0.0698	0.0689	0.0664	0.0668	0.0654	0.0668	0.0662	0.0673	0.0709	0.0588	0.0584	0.0580	0.0614	0.0668	0.0744	0.0473	0.0458	0.0478	0.0529	0.0616	0.0757	0.0356	0.0324	0.0326	0.0349	0.0409	0.0516	0.0726
506	0.0703	0.0693	0.0668	0.0672	0.0658	0.0672	0.0665	0.0677	0.0713	0.0591	0.0588	0.0584	0.0618	0.0672	0.0748	0.0477	0.0461	0.0480	0.0533	0.0619	0.0761	0.0360	0.0327	0.0329	0.0350	0.0411	0.0520	0.0729
507	0.0707	0.0698	0.0673	0.0677	0.0660	0.0678	0.0670	0.0683	0.0717	0.0595	0.0592	0.0588	0.0622	0.0677	0.0753	0.0481	0.0465	0.0484	0.0537	0.0622	0.0764	0.0364	0.0329	0.0331	0.0353	0.0413	0.0523	0.0732
508	0.0708	0.0701	0.0677	0.0681	0.0664	0.0680	0.0673	0.0685	0.0721	0.0598	0.0596	0.0591	0.0626	0.0679	0.0756	0.0483	0.0467	0.0485	0.0536	0.0625	0.0767	0.0364	0.0331	0.0332	0.0355	0.0414	0.0524	0.0735
509	0.0711	0.0704	0.0680	0.0684	0.0668	0.0682	0.0676	0.0688	0.0724	0.0601	0.0599	0.0595	0.0630	0.0682	0.0760	0.0486	0.0469	0.0488	0.0539	0.0628	0.0770	0.0366	0.0333	0.0334	0.0357	0.0417	0.0526	0.0736
510	0.0717	0.0707	0.0683	0.0688	0.0671	0.0685	0.0680	0.0692	0.0728	0.0605	0.0601	0.0598	0.0633	0.0687	0.0763	0.0489	0.0472	0.0492	0.0544	0.0631	0.0774	0.0369	0.0335	0.0336	0.0360	0.0420	0.0528	0.0738
511	0.0722	0.0713	0.0687	0.0692	0.0677	0.0692	0.0684	0.0698	0.0733	0.0610	0.0606	0.0602	0.0636	0.0691	0.0767	0.0492	0.0477	0.0496	0.0548	0.0635	0.0778	0.0372	0.0339	0.0339	0.0364	0.0423	0.0532	0.0743
512	0.0725	0.0716	0.0691	0.0696	0.0680	0.0695	0.0687	0.0701	0.0738	0.0613	0.0610	0.0605	0.0640	0.0695	0.0772	0.0494	0.0479	0.0499	0.0551	0.0638	0.0781	0.0374	0.0342	0.0342	0.0365	0.0425	0.0534	0.0746
513	0.0728	0.0719	0.0695	0.0700	0.0684	0.0698	0.0691	0.0704	0.0741	0.0616	0.0613	0.0608	0.0643	0.0699	0.0776	0.0497	0.0481	0.0502	0.0553	0.0640	0.0784	0.0376	0.0344	0.0344	0.0365	0.0427	0.0536	0.0748
514	0.0732	0.0723	0.0699	0.0703	0.0687	0.0701	0.0694	0.0707	0.0744	0.0619	0.0615	0.0611	0.0645	0.0700	0.0778	0.0500	0.0483	0.0504	0.0555	0.0642	0.0786	0.0378	0.0343	0.0345	0.0366	0.0428	0.0538	0.0750
515	0.0736	0.0727	0.0703	0.0708	0.0690	0.0706	0.0698	0.0712	0.0748	0.0623	0.0620	0.0615	0.0650	0.0704	0.0782	0.0502	0.0486	0.0507	0.0558	0.0646	0.0790	0.0380	0.0346	0.0348	0.0369	0.0431	0.0541	0.0753
516	0.0739	0.0731	0.0707	0.0711	0.0694	0.0710	0.0702	0.0715	0.0753	0.0627	0.0624	0.0618	0.0653	0.0707	0.0786	0.0505	0.0489	0.0509	0.0560	0.0649	0.0793	0.0382	0.0348	0.0349	0.0372	0.0433	0.0543	0.0755
517	0.0742	0.0734	0.0710	0.0714	0.0699	0.0713	0.0704	0.0718	0.0757	0.0630	0.0625	0.0620	0.0655	0.0711	0.0789	0.0506	0.0492	0.0511	0.0562	0.0652	0.0796	0.0382	0.0349	0.0349	0.0374	0.0433	0.0543	0.0757
518	0.0747	0.0740	0.0713	0.0720	0.0702	0.0718	0.0710	0.0722	0.0761	0.0633	0.0629	0.0624	0.0659	0.0715	0.0793	0.0511	0.0495	0.0515	0.0566	0.0656	0.0800	0.0387	0.0353	0.0352	0.0376	0.0437	0.0547	0.0761
519	0.0751	0.0744	0.0718	0.0724	0.0706	0.0722	0.0714	0.0726	0.0765	0.0638	0.0634	0.0628	0.0663	0.0720	0.0797	0.0515	0.0498	0.0518	0.0571	0.0659	0.0804	0.0390	0.0355	0.0354	0.0379	0.0440	0.0549	0.0765
520	0.0755	0.0747	0.0723	0.0727	0.0710	0.0726	0.0717	0.0731	0.0769	0.0643	0.0638	0.0631	0.0667	0.0723	0.0802	0.0518	0.0500	0.0520	0.0575	0.0662	0.0807	0.0392	0.0356	0.0356	0.0380	0.0442	0.0550	0.0768
521	0.0760	0.0749	0.0727	0.0731	0.0713	0.0728	0.0721	0.0734	0.0773	0.0644	0.0641	0.0635	0.0669	0.0726	0.0805	0.0522	0.0503	0.0524	0.0578	0.0665	0.0810	0.0394	0.0359	0.0360	0.0382	0.0446	0.0555	0.0769
522	0.0763	0.0753	0.0730	0.0735	0.0717	0.0732	0.0724	0.0738	0.0776	0.0649	0.0643	0.0639	0.0673	0.0730	0.0809	0.0524	0.0505	0.0526	0.0580	0.0667	0.0813	0.0396	0.0361	0.0362	0.0385	0.0447	0.0557	0.0771
523	0.0766	0.0758	0.0733	0.0738	0.0721	0.0735	0.0727	0.0742	0.0779	0.0653	0.0646	0.0642	0.0677	0.0734	0.0812	0.0526	0.0507	0.0528	0.0581	0.0670	0.0816	0.0397	0.0362	0.0363	0.0386	0.0449	0.0558	0.0773
524	0.0769	0.0763	0.0737	0.0742	0.0725	0.0738	0.0731	0.0744	0.0783	0.0656	0.0650	0.0644	0.0680	0.0736	0.0816	0.0527	0.0510	0.0532	0.0583	0.0673	0.0820	0.0399	0.0364	0.0365	0.0388	0.0450	0.0559	0.0776
525	0.0774	0.0767	0.0742	0.0747	0.0729	0.0743	0.0736	0.0749	0.0788	0.0659	0.0655	0.0648	0.0684	0.0740	0.0821	0.0532	0.0513	0.0535	0.0587	0.0677	0.0823	0.0403	0.0366	0.0366	0.0390	0.0452	0.0564	0.0779
526	0.0778	0.0770	0.0746	0.0751	0.0733	0.0747	0.0740	0.0753	0.0792	0.0663	0.0658	0.0652	0.0687	0.0744	0.0825	0.0536	0.0516	0.0537	0.0590	0.0681	0.0827	0.0405	0.0369	0.0368	0.0392	0.0454	0.0567	0.0782
527	0.0781	0.0774	0.0750	0.0754	0.0736	0.0751	0.0743	0.0757	0.0795	0.0667	0.0661	0.0655	0.0690	0.0747	0.0827	0.0538	0.0519	0.0540	0.0592	0.0684	0.0829	0.0406	0.0370	0.0369	0.0393	0.0455	0.0568	0.0784
528	0.0787	0.0778	0.0755	0.0760	0.0741	0.0754	0.0747	0.0761	0.0801	0.0671	0.0664	0.0659	0.0694	0.0752	0.0832	0.0540	0.0522	0.0543	0.0596	0.0687	0.0834	0.0409	0.0373	0.0373	0.0395	0.0459	0.0571	0.0787
529	0.0792	0.0783	0.0760	0.0765	0.0745	0.0759	0.0752	0.0765	0.0806	0.0675	0.0668	0.0662	0.0699	0.0756	0.0837	0.0543	0.0525	0.0547	0.0600	0.0690	0.0838	0.0411	0.0376	0.0375	0.0398	0.0461	0.0573	0.0790
530	0.0796	0.0788	0.0764	0.0768	0.0749	0.0764	0.0756	0.0769	0.0810	0.0679	0.0672	0.0665	0.0703	0.0760	0.0841	0.0547	0.0528	0.0550	0.0603	0.0693	0.0842	0.0414	0.0379	0.0377	0.0401	0.0463	0.0576	0.0794
531	0.0798	0.0791	0.0766	0.0772	0.0752	0.0767	0.0759	0.0773	0.0814	0.0682	0.0676	0.0669	0.0705	0.0763	0.0845	0.0550	0.0531	0.0551	0.0606	0.0695	0.0844	0.0415	0.0378	0.0379	0.0402	0.0465	0.0578	0.0795
532	0.0802	0.0795	0.0770	0.0776	0.0757	0.0771	0.0763	0.0777	0.0817	0.0686	0.0680	0.0673	0.0708	0.0767	0.0849	0.0553	0.0534	0.0555	0.0608	0.0699	0.0847	0.0419	0.0381	0.0381	0.0404	0.0467	0.0580	0.0797
533	0.0807	0.0800	0.0775	0.0781	0.0762	0.0775	0.0767	0.0781	0.0821	0.0689	0.0683	0.0676	0.0712	0.0771	0.0853	0.0556	0.0537	0.0558	0.0611	0.0704	0.0851	0.0423	0.0384	0.0383	0.0407	0.0470	0.0584	0.0799
534	0.0812	0.0805	0.0780	0.0785	0.0766	0.0780	0.0772	0.0787	0.0827	0.0694	0.0687	0.0681	0.0717	0.0775	0.0856	0.0561	0.0541	0.0562	0.0615	0.0709	0.0854	0.0425	0.0386	0.0387	0.0410	0.0472	0.0587	0.0803
535	0.0815	0.0807	0.0784	0.0789	0.0769	0.0784	0.0775	0.0790	0.0831	0.0698	0.0690	0.0684	0.0721	0.0779	0.0859	0.0564	0.0544	0.0564	0.0618	0.0711	0.0858	0.0426	0.0389	0.0388	0.0412	0.0475	0.0588	0.0806
536	0.0819	0.0811	0.0788	0.0794	0.0773	0.0788	0.0779	0.0794	0.0834	0.0701	0.0694	0.0688	0.0725	0.0782	0.0864	0.0566	0.0547	0.0567	0.0621	0.0713	0.0861	0.0428	0.0391	0.0389	0.0414	0.0477	0.0590	0.0808
537	0.0824	0.0817	0.0793	0.0798	0.0778	0.0792	0.0783	0.0798	0.0838	0.0706	0.0698	0.0691	0.0727	0.0786	0.0869	0.0568	0.0549	0.0571	0.0624	0.0717	0.0865	0.0431	0.0392	0.0391	0.0415	0.0478	0.0592	0.0810
538	0.0829	0.0820	0.0797	0.0802	0.0782	0.0795	0.0788	0.0802	0.0843	0.0710	0.0702	0.0696	0.0732	0.0790	0.0874	0.0573	0.0553	0.0574	0.0628	0.0720	0.0870	0.0434	0.0396	0.0393	0.0419	0.0482	0.0596	0.0813
539	0.0833	0.0825	0.0802	0.0807	0.0786	0.0800	0.0792	0.0807	0.0848	0.0714	0.0706	0.0700	0.0737	0.0795	0.0878	0.0576	0.0557	0.0577	0.0632	0.0724	0.0874	0.0437	0.0398	0.0396	0.0421	0.0485	0.0599	0.0817
540	0.0838	0.0830	0.0806	0.0812	0.0790	0.0806	0.0796	0.0811	0.0853	0.0718	0.0710	0.0704	0.0741	0.0799	0.0882	0.0579	0.0560	0.0581	0.0635	0.0728	0.0877	0.0439	0.0400	0.0400	0.0424	0.0486	0.0602	0.0820
541	0.0842	0.0833	0.0810	0.0815	0.0794	0.0809	0.0800	0.0815	0.0857	0.0722	0.0713	0.0707	0.0744	0.0803	0.0886	0.0582	0.0562	0.0584	0.0638	0.0731	0.0880	0.0441	0.0402	0.0402	0.0425	0.0489	0.0604	0.0822
542	0.0847	0.0838	0.0814	0.0820	0.0799	0.0813	0.0805	0.0819	0.0861	0.0726	0.0717	0.0711	0.0748	0.0807	0.0890	0.0586	0.0565	0.0587	0.0641	0.0734	0.0883	0.0443	0.0405	0.0404	0.0426	0.0491	0.0606	0.0825
543	0.0852	0.0843	0.0819	0.0825	0.0804	0.0818	0.0810	0.0824	0.0865	0.0730	0.0722	0.0715	0.0752	0.0811	0.0895	0.0590	0.0569	0.0591	0.0644	0.0738	0.0887	0.0446	0.0408	0.0406	0.0429	0.0494	0.0609	0.0829
544	0.0857	0.0848	0.0824	0.0831	0.0809	0.0823	0.0814	0.0829	0.0871	0.0736	0.0726	0.0720	0.0757	0.0815	0.0900	0.0594	0.0573	0.0595	0.0649	0.0741	0.0892	0.0450	0.0411	0.0409	0.0433	0.0498	0.0612	0.0831
545	0.0861	0.0853	0.0829	0.0835	0.0814	0.0828	0.0819	0.0833	0.0875	0.0740	0.0730	0.0723	0.0760	0.0819	0.0905	0.0596	0.0576	0.0597	0.0652	0.0746	0.0895	0.0453	0.0413	0.0411	0.0435	0.0499	0.0614	0.0833
546	0.0865	0.0858	0.0834	0.0840	0.0819	0.0832	0.0823	0.0837	0.0880	0.0744	0.0734	0.0727	0.0764	0.0823	0.0909	0.0600	0.0579	0.0600	0.0655	0.0750	0.0899	0.0455	0.0415	0.0413	0.0437	0.0501	0.0617	0.0837
547	0.0870	0.0863	0.0839	0.0845	0.0823	0.0836	0.0827	0.0843	0.0886	0.0748	0.0738	0.0732	0.0769	0.0828	0.0913	0.0604	0.0582	0.0605	0.0660	0.0753	0.0904	0.0458	0.0418	0.0416	0.0441	0.0504	0.0622	0.0840
548	0.0874	0.0866	0.0842	0.0849	0.0826	0.0839	0.0831	0.0846	0.0890	0.0751	0.0742	0.0735	0.0772	0.0832	0.0917	0.0607	0.0585	0.0607	0.0661	0.0756	0.0907	0.0460	0.0420	0.0417	0.0443	0.0506	0.0623	0.0843
549	0.0879	0.0871	0.0847	0.0854	0.0831	0.0844	0.0836	0.0851	0.0894	0.0755	0.0746	0.0739	0.0776	0.0837	0.0921	0.0611	0.0588	0.0610	0.0664	0.0759	0.0911	0.0463	0.0423	0.0420	0.0445	0.0509	0.0625	0.0846
550	0.0885	0.0877	0.0853	0.0859	0.0837	0.0849	0.0841	0.0857	0.0899	0.0761	0.0751	0.0744	0.0781	0.0843	0.0926	0.0615	0.0593	0.0614	0.0668	0.0764	0.0916	0.0467	0.0425	0.0424	0.0448	0.0513	0.0629	0.0849
551	0.0890	0.0881	0.0858	0.0864	0.0842	0.0853	0.0845	0.0862	0.0903	0.0766	0.0754	0.0748	0.0785	0.0846	0.0931	0.0618	0.0597	0.0618	0.0672	0.0768	0.0919	0.0468	0.0428	0.0426	0.0450	0.0515	0.0631	0.0852
552	0.0894	0.0886	0.0862	0.0869	0.0846	0.0859	0.0850	0.0867	0.0909	0.0770	0.0759	0.0752	0.0789	0.0850	0.0936	0.0621	0.0600	0.0621	0.0676	0.0771	0.0923	0.0470	0.0431	0.0428	0.0453	0.0517	0.0634	0.0854
553	0.0898	0.0890	0.0867	0.0873	0.0851	0.0864	0.0854	0.0872	0.0914	0.0775	0.0763	0.0757	0.0794	0.0854	0.0941	0.0624	0.0603	0.0624	0.0680	0.0774	0.0927	0.0473	0.0433	0.0429	0.0456	0.0519	0.0637	0.0857
554	0.0903	0.0896	0.0872	0.0878	0.0856	0.0868	0.0859	0.0876	0.0919	0.0779	0.0768	0.0760	0.0798	0.0858	0.0945	0.0627	0.0606	0.0627	0.0683	0.0778	0.0932	0.0476	0.0435	0.0432	0.0457	0.0522	0.0639	0.0860
555	0.0908	0.0900	0.0877	0.0884	0.0860	0.0873	0.0864	0.0880	0.0924	0.0783	0.0773	0.0764	0.0802	0.0863	0.0950	0.0631	0.0610	0.0631	0.0686	0.0782	0.0935	0.0479	0.0437	0.0435	0.0460	0.0526	0.0642	0.0864
556	0.0913	0.0906	0.0882	0.0889	0.0865	0.0878	0.0869	0.0885	0.0929	0.0787	0.0777	0.0768	0.0806	0.0868	0.0955	0.0635	0.0614	0.0635	0.0691	0.0786	0.0939	0.0482	0.0440	0.0438	0.0462	0.0529	0.0645	0.0867
557	0.0917	0.0912	0.0888	0.0894	0.0869	0.0883	0.0874	0.0890	0.0935	0.0792	0.0781	0.0773	0.0810	0.0872	0.0961	0.0640	0.0617	0.0639	0.0695	0.0791	0.0944	0.0485	0.0443	0.0441	0.0464	0.0532	0.0648	0.0871
558	0.0923	0.0917	0.0893	0.0900	0.0875	0.0888	0.0878	0.0896	0.0940	0.0798	0.0785	0.0778	0.0815	0.0878	0.0965	0.0644	0.0621	0.0642	0.0699	0.0795	0.0948	0.0488	0.0446	0.0444	0.0467	0.0535	0.0651	0.0874
559	0.0928	0.0921	0.0898	0.0905	0.0880	0.0892	0.0883	0.0901	0.0945	0.0802	0.0790	0.0782	0.0820	0.0882	0.0969	0.0647	0.0625	0.0646	0.0702	0.0798	0.0952	0.0491	0.0449	0.0446	0.0469	0.0537	0.0654	0.0876
560	0.0933	0.0925	0.0902	0.0909	0.0885	0.0896	0.0889	0.0905	0.0949	0.0806	0.0794	0.0786	0.0824	0.0886	0.0974	0.0650	0.0629	0.0649	0.0705	0.0801	0.0956	0.0493	0.0452	0.0448	0.0472	0.0540	0.0657	0.0879
561	0.0938	0.0931	0.0907	0.0915	0.0890	0.0902	0.0894	0.0911	0.0955	0.0812	0.0799	0.0791	0.0829	0.0891	0.0979	0.0655	0.0633	0.0653	0.0710	0.0807	0.0959	0.0497	0.0454	0.0451	0.0476	0.0541	0.0660	0.0883
562	0.0943	0.0936	0.0912	0.0920	0.0895	0.0907	0.0898	0.0916	0.0960	0.0816	0.0804	0.0796	0.0834	0.0896	0.0983	0.0659	0.0636	0.0657	0.0714	0.0811	0.0964	0.0499	0.0457	0.0454	0.0479	0.0544	0.0663	0.0887
563	0.0949	0.0941	0.0917	0.0924	0.0900	0.0911	0.0903	0.0921	0.0965	0.0820	0.0808	0.0800	0.0838	0.0901	0.0988	0.0662	0.0640	0.0661	0.0717	0.0814	0.0968	0.0502	0.0460	0.0456	0.0481	0.0547	0.0666	0.0890
564	0.0954	0.0947	0.0922	0.0930	0.0905	0.0917	0.0908	0.0926	0.0970	0.0826	0.0812	0.0804	0.0843	0.0906	0.0994	0.0667	0.0644	0.0664	0.0721	0.0819	0.0973	0.0505	0.0463	0.0460	0.0484	0.0550	0.0670	0.0893
565	0.0958	0.0952	0.0927	0.0935	0.0909	0.0921	0.0912	0.0930	0.0975	0.0830	0.0817	0.0808	0.0847	0.0910	0.0998	0.0671	0.0647	0.0668	0.0724	0.0822	0.0977	0.0508	0.0465	0.0462	0.0485	0.0552	0.0672	0.0895
566	0.0963	0.0956	0.0932	0.0940	0.0914	0.0926	0.0917	0.0934	0.0979	0.0834	0.0822	0.0812	0.0851	0.0915	0.1003	0.0674	0.0650	0.0672	0.0728	0.0826	0.0980	0.0511	0.0468	0.0464	0.0488	0.0555	0.0675	0.0898
567	0.0968	0.0961	0.0938	0.0945	0.0920	0.0931	0.0922	0.0940	0.0985	0.0839	0.0826	0.0818	0.0856	0.0919	0.1008	0.0677	0.0653	0.0675	0.0732	0.0829	0.0985	0.0514	0.0471	0.0467	0.0490	0.0559	0.0677	0.0902
568	0.0973	0.0966	0.0943	0.0951	0.0924	0.0935	0.0927	0.0944	0.0989	0.0843	0.0830	0.0822	0.0861	0.0923	0.1013	0.0681	0.0657	0.0678	0.0736	0.0833	0.0989	0.0517	0.0473	0.0469	0.0493	0.0561	0.0680	0.0905
569	0.0978	0.0971	0.0947	0.0955	0.0928	0.0940	0.0931	0.0949	0.0994	0.0847	0.0834	0.0826	0.0865	0.0928	0.1017	0.0684	0.0660	0.0681	0.0739	0.0837	0.0993	0.0519	0.0475	0.0471	0.0496	0.0563	0.0683	0.0908
570	0.0982	0.0975	0.0952	0.0959	0.0934	0.0945	0.0935	0.0953	0.0999	0.0851	0.0838	0.0830	0.0869	0.0932	0.1022	0.0688	0.0662	0.0685	0.0742	0.0840	0.0996	0.0522	0.0477	0.0473	0.0498	0.0565	0.0686	0.0911
571	0.0987	0.0979	0.0956	0.0965	0.0938	0.0950	0.0940	0.0958	0.1005	0.0855	0.0843	0.0834	0.0873	0.0936	0.1026	0.0691	0.0667	0.0688	0.0746	0.0844	0.1000	0.0525	0.0480	0.0476	0.0501	0.0568	0.0689	0.0913
572	0.0992	0.0985	0.0961	0.0970	0.0942	0.0955	0.0945	0.0963	0.1010	0.0860	0.0847	0.0838	0.0877	0.0941	0.1031	0.0695	0.0670	0.0692	0.0750	0.0848	0.1004	0.0527	0.0483	0.0479	0.0504	0.0570	0.0691	0.0916
573	0.0997	0.0990	0.0966	0.0975	0.0947	0.0959	0.0949	0.0968	0.1014	0.0865	0.0850	0.0842	0.0881	0.0945	0.1036	0.0699	0.0673	0.0695	0.0754	0.0852	0.1008	0.0530	0.0485	0.0481	0.0507	0.0573	0.0694	0.0919
574	0.1001	0.0995	0.0971	0.0980	0.0951	0.0964	0.0954	0.0972	0.1019	0.0870	0.0855	0.0846	0.0884	0.0949	0.1040	0.0702	0.0677	0.0698	0.0757	0.0856	0.1013	0.0533	0.0488	0.0484	0.0508	0.0576	0.0696	0.0922
575	0.1005	0.0999	0.0975	0.0984	0.0956	0.0967	0.0958	0.0977	0.1023	0.0873	0.0859	0.0850	0.0889	0.0953	0.1044	0.0705	0.0680	0.0701	0.0760	0.0859	0.1016	0.0535	0.0490	0.0486	0.0510	0.0578	0.0699	0.0925
576	0.1010	0.1003	0.0979	0.0988	0.0960	0.0971	0.0962	0.0981	0.1027	0.0877	0.0862	0.0854	0.0893	0.0957	0.1048	0.0708	0.0683	0.0704	0.0763	0.0862	0.1019	0.0537	0.0492	0.0488	0.0512	0.0580	0.0702	0.0928
577	0.1015	0.1007	0.0985	0.0992	0.0965	0.0976	0.0966	0.0986	0.1031	0.0881	0.0866	0.0857	0.0897	0.0961	0.1052	0.0711	0.0686	0.0708	0.0767	0.0866	0.1022	0.0540	0.0494	0.0489	0.0515	0.0584	0.0705	0.0931
578	0.1019	0.1012	0.0989	0.0997	0.0969	0.0980	0.0970	0.0990	0.1035	0.0884	0.0870	0.0861	0.0901	0.0965	0.1057	0.0715	0.0689	0.0711	0.0769	0.0869	0.1027	0.0542	0.0497	0.0492	0.0517	0.0585	0.0707	0.0933
579	0.1023	0.1016	0.0993	0.1002	0.0973	0.0984	0.0975	0.0994	0.1040	0.0889	0.0874	0.0865	0.0905	0.0969	0.1061	0.0718	0.0693	0.0714	0.0772	0.0873	0.1031	0.0545	0.0499	0.0495	0.0520	0.0588	0.0709	0.0936
580	0.1027	0.1019	0.0997	0.1006	0.0976	0.0988	0.0979	0.0997	0.1046	0.0893	0.0877	0.0869	0.0909	0.0974	0.1065	0.0722	0.0696	0.0718	0.0776	0.0876	0.1034	0.0547	0.0501	0.0497	0.0522	0.0590	0.0711	0.0938
581	0.1031	0.1024	0.1001	0.1010	0.0980	0.0992	0.0982	0.1002	0.1049	0.0897	0.0881	0.0871	0.0911	0.0977	0.1068	0.0724	0.0699	0.0720	0.0779	0.0879	0.1037	0.0549	0.0504	0.0499	0.0524	0.0592	0.0714	0.0941
582	0.1035	0.1028	0.1005	0.1014	0.0984	0.0995	0.0986	0.1006	0.1053	0.0900	0.0885	0.0875	0.0915	0.0980	0.1072	0.0727	0.0701	0.0723	0.0782	0.0882	0.1041	0.0551	0.0506	0.0501	0.0526	0.0594	0.0717	0.0944
583	0.1039	0.1032	0.1009	0.1018	0.0988	0.0999	0.0990	0.1010	0.1057	0.0903	0.0888	0.0880	0.0919	0.0985	0.1077	0.0730	0.0705	0.0725	0.0785	0.0886	0.1045	0.0553	0.0508	0.0503	0.0528	0.0596	0.0719	0.0947
584	0.1043	0.1037	0.1013	0.1023	0.0992	0.1004	0.0995	0.1015	0.1062	0.0907	0.0892	0.0883	0.0924	0.0989	0.1082	0.0733	0.0708	0.0729	0.0789	0.0890	0.1049	0.0557	0.0511	0.0506	0.0530	0.0599	0.0722	0.0950
585	0.1047	0.1041	0.1017	0.1026	0.0996	0.1007	0.0998	0.1019	0.1066	0.0911	0.0895	0.0886	0.0927	0.0992	0.1086	0.0736	0.0711	0.0732	0.0792	0.0893	0.1052	0.0559	0.0512	0.0508	0.0532	0.0601	0.0724	0.0952
586	0.1050	0.1045	0.1021	0.1030	0.1000	0.1011	0.1002	0.1022	0.1070	0.0914	0.0898	0.0890	0.0930	0.0996	0.1089	0.0739	0.0713	0.0735	0.0794	0.0895	0.1055	0.0561	0.0514	0.0510	0.0534	0.0604	0.0726	0.0955
587	0.1054	0.1048	0.1025	0.1035	0.1004	0.1015	0.1006	0.1026	0.1073	0.0918	0.0901	0.0893	0.0933	0.0999	0.1093	0.0742	0.0716	0.0737	0.0797	0.0898	0.1058	0.0563	0.0516	0.0511	0.0536	0.0605	0.0729	0.0957
588	0.1058	0.1052	0.1028	0.1039	0.1007	0.1018	0.1009	0.1029	0.1077	0.0921	0.0905	0.0896	0.0936	0.1002	0.1096	0.0745	0.0719	0.0740	0.0799	0.0901	0.1061	0.0565	0.0518	0.0513	0.0538	0.0608	0.0730	0.0960
589	0.1062	0.1055	0.1032	0.1042	0.1011	0.1021	0.1013	0.1033	0.1081	0.0925	0.0908	0.0899	0.0940	0.1006	0.1100	0.0748	0.0721	0.0743	0.0802	0.0904	0.1064	0.0567	0.0520	0.0514	0.0540	0.0610	0.0733	0.0963
590	0.1066	0.1058	0.1036	0.1045	0.1014	0.1024	0.1017	0.1036	0.1084	0.0927	0.0911	0.0903	0.0943	0.1009	0.1104	0.0751	0.0724	0.0745	0.0805	0.0907	0.1067	0.0568	0.0522	0.0516	0.0542	0.0611	0.0735	0.0964
591	0.1069	0.1062	0.1040	0.1050	0.1018	0.1028	0.1020	0.1040	0.1089	0.0932	0.0915	0.0906	0.0947	0.1013	0.1107	0.0752	0.0727	0.0748	0.0808	0.0910	0.1070	0.0571	0.0524	0.0518	0.0544	0.0613	0.0737	0.0966
592	0.1073	0.1066	0.1044	0.1054	0.1022	0.1032	0.1023	0.1044	0.1093	0.0935	0.0918	0.0909	0.0949	0.1016	0.1110	0.0755	0.0729	0.0750	0.0811	0.0912	0.1072	0.0573	0.0526	0.0520	0.0545	0.0615	0.0738	0.0967
593	0.1077	0.1071	0.1047	0.1057	0.1025	0.1035	0.1027	0.1048	0.1096	0.0937	0.0921	0.0912	0.0952	0.1019	0.1113	0.0758	0.0731	0.0753	0.0813	0.0914	0.1074	0.0575	0.0527	0.0521	0.0547	0.0617	0.0740	0.0968
594	0.1080	0.1073	0.1050	0.1060	0.1027	0.1038	0.1031	0.1051	0.1098	0.0940	0.0923	0.0915	0.0955	0.1021	0.1115	0.0760	0.0733	0.0756	0.0816	0.0916	0.1076	0.0576	0.0529	0.0523	0.0549	0.0620	0.0741	0.0969
595	0.1082	0.1076	0.1054	0.1063	0.1030	0.1041	0.1033	0.1054	0.1101	0.0943	0.0926	0.0917	0.0958	0.1024	0.1117	0.0762	0.0735	0.0758	0.0817	0.0919	0.1077	0.0577	0.0530	0.0525	0.0551	0.0621	0.0744	0.0970
596	0.1085	0.1080	0.1057	0.1066	0.1033	0.1044	0.1036	0.1057	0.1104	0.0946	0.0928	0.0920	0.0961	0.1028	0.1120	0.0764	0.0738	0.0760	0.0820	0.0922	0.1079	0.0579	0.0532	0.0527	0.0553	0.0623	0.0746	0.0972
597	0.1088	0.1083	0.1061	0.1069	0.1037	0.1048	0.1040	0.1061	0.1108	0.0949	0.0931	0.0923	0.0964	0.1031	0.1123	0.0767	0.0741	0.0763	0.0824	0.0926	0.1083	0.0582	0.0534	0.0529	0.0555	0.0626	0.0749	0.0976
598	0.1091	0.1086	0.1064	0.1073	0.1040	0.1051	0.1042	0.1064	0.1111	0.0951	0.0934	0.0926	0.0968	0.1035	0.1128	0.0769	0.0743	0.0766	0.0826	0.0929	0.1088	0.0584	0.0536	0.0531	0.0557	0.0627	0.0751	0.0980
599	0.1094	0.1088	0.1067	0.1075	0.1043	0.1054	0.1045	0.1066	0.1115	0.0954	0.0936	0.0929	0.0971	0.1037	0.1132	0.0771	0.0745	0.0768	0.0828	0.0932	0.1091	0.0585	0.0537	0.0532	0.0558	0.0629	0.0753	0.0983
600	0.1097	0.1092	0.1069	0.1078	0.1045	0.1056	0.1048	0.1069	0.1118	0.0956	0.0939	0.0931	0.0972	0.1040	0.1135	0.0773	0.0747	0.0769	0.0830	0.0934	0.1094	0.0587	0.0539	0.0533	0.0558	0.0629	0.0755	0.0985
601	0.1099	0.1094	0.1071	0.1081	0.1047	0.1058	0.1050	0.1071	0.1121	0.0959	0.0941	0.0934	0.0973	0.1042	0.1137	0.0775	0.0748	0.0770	0.0831	0.0934	0.1096	0.0588	0.0539	0.0534	0.0559	0.0630	0.0755	0.0985
602	0.1102	0.1097	0.1074	0.1084	0.1050	0.1061	0.1053	0.1073	0.1123	0.0961	0.0943	0.0935	0.0976	0.1044	0.1139	0.0777	0.0750	0.0772	0.0833	0.0936	0.1097	0.0589	0.0540	0.0535	0.0560	0.0632	0.0756	0.0986
603	0.1105	0.1099	0.1076	0.1087	0.1052	0.1064	0.1055	0.1075	0.1126	0.0963	0.0945	0.0937	0.0978	0.1046	0.1141	0.0779	0.0751	0.0774	0.0835	0.0937	0.1099	0.0590	0.0542	0.0536	0.0562	0.0633	0.0758	0.0987
604	0.1107	0.1101	0.1079	0.1090	0.1054	0.1066	0.1057	0.1079	0.1128	0.0965	0.0947	0.0939	0.0980	0.1048	0.1143	0.0780	0.0753	0.0776	0.0837	0.0939	0.1101	0.0591	0.0543	0.0537	0.0564	0.0634	0.0758	0.0989
605	0.1110	0.1104	0.1082	0.1093	0.1057	0.1069	0.1059	0.1081	0.1131	0.0967	0.0950	0.0943	0.0982	0.1050	0.1146	0.0782	0.0755	0.0778	0.0839	0.0941	0.1104	0.0593	0.0545	0.0539	0.0566	0.0636	0.0760	0.0992
606	0.1113	0.1107	0.1085	0.1096	0.1060	0.1071	0.1063	0.1083	0.1134	0.0969	0.0953	0.0946	0.0986	0.1053	0.1150	0.0784	0.0758	0.0780	0.0841	0.0944	0.1107	0.0594	0.0546	0.0541	0.0567	0.0639	0.0763	0.0994
607	0.1115	0.1110	0.1088	0.1098	0.1062	0.1074	0.1066	0.1086	0.1138	0.0973	0.0955	0.0948	0.0989	0.1057	0.1154	0.0787	0.0760	0.0783	0.0844	0.0948	0.1111	0.0596	0.0548	0.0542	0.0569	0.0641	0.0766	0.0997
608	0.1118	0.1112	0.1091	0.1101	0.1065	0.1076	0.1068	0.1090	0.1140	0.0975	0.0958	0.0950	0.0991	0.1060	0.1157	0.0789	0.0762	0.0785	0.0846	0.0951	0.1113	0.0597	0.0550	0.0544	0.0571	0.0643	0.0769	0.0999
609	0.1120	0.1115	0.1093	0.1103	0.1067	0.1078	0.1071	0.1092	0.1143	0.0977	0.0960	0.0952	0.0993	0.1062	0.1159	0.0791	0.0764	0.0787	0.0849	0.0954	0.1116	0.0599	0.0552	0.0546	0.0573	0.0646	0.0771	0.1002
610	0.1123	0.1117	0.1094	0.1105	0.1070	0.1080	0.1073	0.1094	0.1145	0.0979	0.0962	0.0954	0.0996	0.1065	0.1161	0.0793	0.0767	0.0789	0.0851	0.0956	0.1119	0.0601	0.0553	0.0549	0.0575	0.0648	0.0774	0.1005
611	0.1125	0.1119	0.1096	0.1107	0.1072	0.1083	0.1075	0.1097	0.1147	0.0982	0.0965	0.0957	0.0998	0.1068	0.1164	0.0795	0.0768	0.0792	0.0854	0.0959	0.1122	0.0603	0.0554	0.0550	0.0577	0.0650	0.0776	0.1009
612	0.1127	0.1121	0.1098	0.1110	0.1075	0.1086	0.1078	0.1100	0.1150	0.0985	0.0967	0.0959	0.1001	0.1072	0.1167	0.0797	0.0770	0.0793	0.0857	0.0962	0.1125	0.0605	0.0556	0.0551	0.0578	0.0651	0.0778	0.1012
613	0.1130	0.1124	0.1101	0.1113	0.1078	0.1089	0.1081	0.1103	0.1152	0.0986	0.0970	0.0961	0.1003	0.1074	0.1170	0.0798	0.0773	0.0795	0.0858	0.0964	0.1128	0.0606	0.0557	0.0552	0.0579	0.0653	0.0780	0.1015
614	0.1132	0.1126	0.1104	0.1115	0.1079	0.1091	0.1083	0.1106	0.1155	0.0988	0.0971	0.0964	0.1005	0.1076	0.1172	0.0799	0.0773	0.0796	0.0860	0.0966	0.1129	0.0607	0.0557	0.0552	0.0580	0.0654	0.0781	0.1016
615	0.1134	0.1128	0.1107	0.1117	0.1082	0.1093	0.1085	0.1107	0.1157	0.0990	0.0973	0.0966	0.1007	0.1077	0.1173	0.0800	0.0775	0.0797	0.0861	0.0966	0.1130	0.0607	0.0558	0.0553	0.0580	0.0654	0.0781	0.1015
616	0.1137	0.1130	0.1109	0.1119	0.1084	0.1095	0.1087	0.1109	0.1159	0.0992	0.0975	0.0967	0.1009	0.1078	0.1175	0.0802	0.0776	0.0799	0.0862	0.0967	0.1131	0.0608	0.0559	0.0554	0.0581	0.0654	0.0782	0.1014
617	0.1140	0.1133	0.1112	0.1123	0.1086	0.1097	0.1089	0.1112	0.1162	0.0994	0.0976	0.0969	0.1011	0.1080	0.1177	0.0804	0.0777	0.0800	0.0864	0.0970	0.1132	0.0609	0.0559	0.0556	0.0582	0.0655	0.0783	0.1015
618	0.1142	0.1135	0.1114	0.1125	0.1088	0.1099	0.1091	0.1114	0.1164	0.0995	0.0978	0.0970	0.1012	0.1081	0.1178	0.0805	0.0779	0.0802	0.0865	0.0969	0.1133	0.0609	0.0560	0.0556	0.0583	0.0656	0.0784	0.1014
619	0.1143	0.1137	0.1116	0.1127	0.1090	0.1100	0.1092	0.1115	0.1165	0.0997	0.0979	0.0972	0.1013	0.1083	0.1180	0.0806	0.0780	0.0803	0.0865	0.0970	0.1133	0.0611	0.0562	0.0556	0.0584	0.0656	0.0784	0.1013
620	0.1145	0.1139	0.1119	0.1129	0.1092	0.1101	0.1095	0.1117	0.1167	0.0999	0.0981	0.0973	0.1015	0.1085	0.1181	0.0807	0.0781	0.0803	0.0865	0.0972	0.1134	0.0612	0.0563	0.0557	0.0583	0.0656	0.0783	0.1013
621	0.1148	0.1142	0.1121	0.1131	0.1095	0.1105	0.1097	0.1120	0.1170	0.1001	0.0983	0.0976	0.1018	0.1087	0.1184	0.0809	0.0782	0.0805	0.0868	0.0974	0.1135	0.0613	0.0564	0.0558	0.0585	0.0658	0.0784	0.1013
622	0.1151	0.1145	0.1123	0.1133	0.1097	0.1108	0.1100	0.1122	0.1173	0.1003	0.0986	0.0978	0.1020	0.1090	0.1186	0.0811	0.0785	0.0807	0.0870	0.0975	0.1136	0.0615	0.0565	0.0560	0.0587	0.0660	0.0785	0.1014
623	0.1153	0.1147	0.1126	0.1136	0.1099	0.1111	0.1102	0.1124	0.1174	0.1005	0.0988	0.0979	0.1022	0.1092	0.1188	0.0814	0.0786	0.0809	0.0872	0.0976	0.1139	0.0616	0.0567	0.0561	0.0587	0.0661	0.0786	0.1015
624	0.1154	0.1149	0.1127	0.1137	0.1101	0.1112	0.1104	0.1126	0.1176	0.1007	0.0989	0.0981	0.1023	0.1093	0.1190	0.0815	0.0787	0.0810	0.0873	0.0977	0.1140	0.0617	0.0568	0.0561	0.0588	0.0661	0.0787	0.1016
625	0.1157	0.1152	0.1130	0.1140	0.1104	0.1115	0.1106	0.1128	0.1179	0.1009	0.0992	0.0984	0.1026	0.1095	0.1193	0.0817	0.0789	0.0812	0.0875	0.0979	0.1142	0.0618	0.0569	0.0562	0.0589	0.0663	0.0788	0.1018
626	0.1160	0.1155	0.1132	0.1143	0.1106	0.1117	0.1109	0.1131	0.1182	0.1011	0.0994	0.0986	0.1028	0.1098	0.1195	0.0819	0.0791	0.0814	0.0877	0.0982	0.1145	0.0619	0.0571	0.0564	0.0591	0.0665	0.0790	0.1020
627	0.1162	0.1157	0.1134	0.1146	0.1109	0.1119	0.1112	0.1133	0.1184	0.1013	0.0996	0.0988	0.1029	0.1100	0.1197	0.0821	0.0794	0.0815	0.0878	0.0984	0.1147	0.0621	0.0572	0.0566	0.0593	0.0665	0.0791	0.1021
628	0.1165	0.1159	0.1137	0.1148	0.1110	0.1121	0.1114	0.1136	0.1187	0.1016	0.0998	0.0991	0.1032	0.1103	0.1199	0.0823	0.0795	0.0818	0.0880	0.0986	0.1149	0.0622	0.0574	0.0568	0.0595	0.0667	0.0793	0.1023
629	0.1167	0.1162	0.1140	0.1151	0.1113	0.1123	0.1116	0.1138	0.1189	0.1018	0.1000	0.0993	0.1035	0.1105	0.1202	0.0824	0.0797	0.0820	0.0882	0.0988	0.1151	0.0623	0.0574	0.0569	0.0596	0.0669	0.0794	0.1025
630	0.1168	0.1165	0.1142	0.1153	0.1115	0.1126	0.1119	0.1140	0.1191	0.1019	0.1002	0.0995	0.1037	0.1108	0.1205	0.0825	0.0799	0.0821	0.0885	0.0990	0.1152	0.0624	0.0574	0.0569	0.0597	0.0669	0.0796	0.1026
631	0.1170	0.1167	0.1145	0.1155	0.1117	0.1128	0.1121	0.1143	0.1193	0.1022	0.1005	0.0997	0.1039	0.1109	0.1207	0.0827	0.0800	0.0823	0.0887	0.0992	0.1156	0.0626	0.0577	0.0572	0.0599	0.0672	0.0797	0.1028
632	0.1173	0.1169	0.1147	0.1158	0.1119	0.1131	0.1123	0.1145	0.1196	0.1024	0.1007	0.0999	0.1042	0.1111	0.1210	0.0829	0.0802	0.0825	0.0888	0.0994	0.1158	0.0628	0.0579	0.0574	0.0600	0.0673	0.0799	0.1030
633	0.1177	0.1171	0.1150	0.1160	0.1121	0.1134	0.1125	0.1148	0.1199	0.1026	0.1009	0.1002	0.1045	0.1114	0.1212	0.0831	0.0804	0.0827	0.0890	0.0997	0.1159	0.0629	0.0581	0.0575	0.0600	0.0674	0.0800	0.1032
634	0.1179	0.1174	0.1152	0.1163	0.1124	0.1136	0.1128	0.1151	0.1201	0.1029	0.1011	0.1003	0.1046	0.1117	0.1215	0.0833	0.0805	0.0829	0.0892	0.0998	0.1162	0.0631	0.0581	0.0575	0.0602	0.0675	0.0801	0.1033
635	0.1182	0.1176	0.1155	0.1166	0.1127	0.1138	0.1130	0.1153	0.1204	0.1031	0.1014	0.1006	0.1048	0.1119	0.1217	0.0835	0.0807	0.0831	0.0894	0.1000	0.1165	0.0632	0.0583	0.0577	0.0604	0.0677	0.0804	0.1036
636	0.1184	0.1178	0.1158	0.1168	0.1129	0.1141	0.1133	0.1156	0.1208	0.1034	0.1016	0.1009	0.1051	0.1121	0.1220	0.0837	0.0810	0.0833	0.0897	0.1003	0.1168	0.0634	0.0584	0.0579	0.0605	0.0679	0.0806	0.1039
637	0.1185	0.1181	0.1160	0.1170	0.1131	0.1142	0.1135	0.1158	0.1210	0.1035	0.1018	0.1011	0.1054	0.1124	0.1222	0.0838	0.0811	0.0834	0.0898	0.1005	0.1169	0.0635	0.0584	0.0580	0.0606	0.0680	0.0807	0.1040
638	0.1188	0.1183	0.1162	0.1172	0.1133	0.1145	0.1137	0.1161	0.1212	0.1037	0.1020	0.1012	0.1055	0.1126	0.1225	0.0840	0.0813	0.0837	0.0900	0.1006	0.1172	0.0636	0.0585	0.0581	0.0607	0.0682	0.0809	0.1041
639	0.1190	0.1185	0.1164	0.1174	0.1136	0.1147	0.1139	0.1163	0.1214	0.1040	0.1022	0.1014	0.1057	0.1128	0.1227	0.0841	0.0814	0.0839	0.0902	0.1008	0.1175	0.0637	0.0587	0.0582	0.0609	0.0684	0.0811	0.1043
640	0.1193	0.1188	0.1167	0.1177	0.1139	0.1149	0.1142	0.1166	0.1216	0.1042	0.1026	0.1017	0.1059	0.1131	0.1229	0.0843	0.0817	0.0840	0.0904	0.1011	0.1177	0.0638	0.0589	0.0583	0.0609	0.0685	0.0813	0.1047
641	0.1196	0.1190	0.1169	0.1181	0.1141	0.1152	0.1145	0.1168	0.1219	0.1044	0.1027	0.1019	0.1062	0.1133	0.1232	0.0845	0.0817	0.0841	0.0907	0.1013	0.1179	0.0640	0.0590	0.0584	0.0612	0.0686	0.0814	0.1047
642	0.1198	0.1193	0.1171	0.1184	0.1143	0.1154	0.1147	0.1170	0.1222	0.1046	0.1029	0.1021	0.1064	0.1136	0.1235	0.0847	0.0819	0.0843	0.0909	0.1015	0.1181	0.0642	0.0591	0.0585	0.0614	0.0688	0.0816	0.1049
643	0.1200	0.1196	0.1174	0.1186	0.1146	0.1156	0.1150	0.1173	0.1225	0.1048	0.1031	0.1023	0.1065	0.1137	0.1238	0.0848	0.0822	0.0845	0.0911	0.1016	0.1183	0.0643	0.0593	0.0587	0.0615	0.0689	0.0818	0.1051
644	0.1202	0.1197	0.1176	0.1188	0.1148	0.1158	0.1151	0.1175	0.1227	0.1050	0.1033	0.1025	0.1068	0.1139	0.1239	0.0849	0.0823	0.0846	0.0911	0.1019	0.1185	0.0643	0.0594	0.0587	0.0615	0.0690	0.0818	0.1052
645	0.1204	0.1199	0.1179	0.1190	0.1149	0.1161	0.1153	0.1177	0.1229	0.1052	0.1035	0.1026	0.1070	0.1141	0.1241	0.0851	0.0824	0.0848	0.0912	0.1020	0.1186	0.0645	0.0594	0.0588	0.0616	0.0691	0.0819	0.1054
646	0.1206	0.1202	0.1181	0.1192	0.1151	0.1163	0.1155	0.1179	0.1232	0.1053	0.1037	0.1028	0.1071	0.1143	0.1244	0.0853	0.0825	0.0849	0.0914	0.1022	0.1189	0.0646	0.0595	0.0590	0.0617	0.0693	0.0821	0.1056
647	0.1210	0.1205	0.1184	0.1196	0.1154	0.1165	0.1158	0.1182	0.1235	0.1057	0.1039	0.1031	0.1074	0.1146	0.1246	0.0855	0.0828	0.0852	0.0916	0.1025	0.1191	0.0647	0.0597	0.0592	0.0619	0.0695	0.0823	0.1057
648	0.1212	0.1207	0.1187	0.1198	0.1156	0.1168	0.1160	0.1185	0.1238	0.1059	0.1041	0.1034	0.1076	0.1149	0.1249	0.0857	0.0830	0.0854	0.0918	0.1027	0.1193	0.0649	0.0598	0.0593	0.0620	0.0696	0.0825	0.1059
649	0.1214	0.1209	0.1189	0.1201	0.1159	0.1170	0.1163	0.1188	0.1240	0.1061	0.1043	0.1036	0.1079	0.1151	0.1252	0.0859	0.0832	0.0855	0.0920	0.1028	0.1195	0.0651	0.0599	0.0594	0.0622	0.0697	0.0826	0.1061
650	0.1217	0.1211	0.1190	0.1204	0.1161	0.1173	0.1165	0.1190	0.1242	0.1062	0.1044	0.1038	0.1081	0.1153	0.1253	0.0861	0.0833	0.0856	0.0922	0.1030	0.1198	0.0653	0.0600	0.0595	0.0623	0.0698	0.0827	0.1062
651	0.1219	0.1213	0.1193	0.1206	0.1163	0.1175	0.1167	0.1192	0.1245	0.1065	0.1046	0.1039	0.1083	0.1156	0.1256	0.0862	0.0834	0.0858	0.0923	0.1032	0.1199	0.0654	0.0601	0.0596	0.0624	0.0699	0.0829	0.1064
652	0.1221	0.1216	0.1196	0.1208	0.1165	0.1177	0.1170	0.1194	0.1247	0.1067	0.1048	0.1041	0.1085	0.1158	0.1258	0.0863	0.0836	0.0860	0.0925	0.1034	0.1201	0.0654	0.0603	0.0597	0.0625	0.0701	0.0831	0.1065
653	0.1224	0.1219	0.1198	0.1210	0.1168	0.1180	0.1172	0.1197	0.1250	0.1069	0.1050	0.1043	0.1087	0.1160	0.1260	0.0865	0.0837	0.0862	0.0927	0.1036	0.1204	0.0654	0.0604	0.0598	0.0627	0.0703	0.0833	0.1066
654	0.1226	0.1222	0.1201	0.1212	0.1170	0.1182	0.1174	0.1199	0.1252	0.1072	0.1053	0.1045	0.1089	0.1163	0.1263	0.0867	0.0840	0.0864	0.0929	0.1038	0.1205	0.0656	0.0605	0.0599	0.0627	0.0704	0.0833	0.1067
655	0.1229	0.1224	0.1203	0.1215	0.1172	0.1184	0.1177	0.1202	0.1255	0.1074	0.1056	0.1048	0.1092	0.1165	0.1265	0.0869	0.0842	0.0866	0.0931	0.1040	0.1207	0.0658	0.0607	0.0600	0.0628	0.0705	0.0834	0.1069
656	0.1231	0.1227	0.1206	0.1218	0.1175	0.1187	0.1180	0.1205	0.1257	0.1076	0.1058	0.1050	0.1094	0.1166	0.1267	0.0871	0.0843	0.0867	0.0933	0.1043	0.1209	0.0659	0.0608	0.0602	0.0630	0.0706	0.0836	0.1071
657	0.1232	0.1228	0.1207	0.1220	0.1177	0.1188	0.1182	0.1207	0.1259	0.1079	0.1059	0.1051	0.1095	0.1169	0.1270	0.0873	0.0845	0.0869	0.0935	0.1044	0.1211	0.0660	0.0609	0.0603	0.0632	0.0707	0.0837	0.1073
658	0.1234	0.1230	0.1210	0.1222	0.1179	0.1190	0.1183	0.1208	0.1261	0.1081	0.1061	0.1054	0.1097	0.1171	0.1272	0.0874	0.0846	0.0871	0.0937	0.1045	0.1212	0.0661	0.0610	0.0604	0.0632	0.0708	0.0839	0.1073
659	0.1237	0.1232	0.1213	0.1225	0.1181	0.1192	0.1185	0.1210	0.1264	0.1082	0.1064	0.1057	0.1100	0.1174	0.1274	0.0876	0.0847	0.0872	0.0938	0.1047	0.1214	0.0662	0.0611	0.0605	0.0634	0.0710	0.0840	0.1074
660	0.1240	0.1235	0.1214	0.1228	0.1183	0.1195	0.1188	0.1213	0.1265	0.1083	0.1065	0.1059	0.1102	0.1176	0.1276	0.0877	0.0849	0.0874	0.0940	0.1049	0.1217	0.0664	0.0613	0.0606	0.0636	0.0712	0.0842	0.1076
661	0.1242	0.1237	0.1217	0.1230	0.1186	0.1198	0.1190	0.1216	0.1269	0.1086	0.1068	0.1061	0.1104	0.1179	0.1279	0.0880	0.0851	0.0877	0.0942	0.1051	0.1219	0.0665	0.0614	0.0608	0.0637	0.0713	0.0843	0.1079
662	0.1244	0.1240	0.1220	0.1232	0.1188	0.1200	0.1193	0.1219	0.1271	0.1088	0.1070	0.1063	0.1106	0.1180	0.1281	0.0881	0.0853	0.0878	0.0944	0.1053	0.1221	0.0666	0.0614	0.0609	0.0638	0.0714	0.0845	0.1080
663	0.1247	0.1243	0.1223	0.1234	0.1191	0.1201	0.1195	0.1221	0.1273	0.1091	0.1071	0.1065	0.1109	0.1182	0.1283	0.0883	0.0855	0.0879	0.0946	0.1055	0.1223	0.0668	0.0616	0.0611	0.0638	0.0715	0.0846	0.1081
664	0.1250	0.1246	0.1226	0.1237	0.1194	0.1205	0.1198	0.1224	0.1277	0.1094	0.1074	0.1067	0.1112	0.1185	0.1286	0.0885	0.0857	0.0882	0.0948	0.1058	0.1225	0.0670	0.0618	0.0612	0.0640	0.0717	0.0848	0.1082
665	0.1252	0.1248	0.1229	0.1241	0.1196	0.1207	0.1201	0.1227	0.1280	0.1096	0.1076	0.1070	0.1114	0.1188	0.1289	0.0887	0.0859	0.0884	0.0951	0.1060	0.1228	0.0671	0.0620	0.0613	0.0642	0.0719	0.0850	0.1084
666	0.1254	0.1250	0.1231	0.1244	0.1199	0.1210	0.1204	0.1229	0.1283	0.1098	0.1078	0.1072	0.1116	0.1191	0.1291	0.0889	0.0860	0.0885	0.0953	0.1060	0.1230	0.0672	0.0621	0.0615	0.0643	0.0721	0.0851	0.1085
667	0.1257	0.1253	0.1233	0.1246	0.1200	0.1213	0.1206	0.1231	0.1285	0.1099	0.1081	0.1074	0.1118	0.1193	0.1293	0.0890	0.0861	0.0886	0.0953	0.1063	0.1232	0.0674	0.0621	0.0615	0.0644	0.0722	0.0852	0.1087
668	0.1260	0.1256	0.1235	0.1248	0.1203	0.1215	0.1208	0.1234	0.1288	0.1102	0.1084	0.1076	0.1121	0.1195	0.1297	0.0893	0.0864	0.0889	0.0955	0.1065	0.1234	0.0675	0.0623	0.0616	0.0646	0.0723	0.0854	0.1089
669	0.1263	0.1259	0.1238	0.1251	0.1206	0.1218	0.1211	0.1237	0.1291	0.1105	0.1086	0.1078	0.1124	0.1198	0.1299	0.0895	0.0866	0.0891	0.0958	0.1067	0.1236	0.0676	0.0624	0.0618	0.0647	0.0725	0.0856	0.1091
670	0.1266	0.1261	0.1241	0.1253	0.1209	0.1221	0.1214	0.1240	0.1293	0.1108	0.1088	0.1080	0.1126	0.1200	0.1301	0.0896	0.0868	0.0893	0.0960	0.1069	0.1239	0.0677	0.0626	0.0619	0.0649	0.0727	0.0857	0.1093
671	0.1269	0.1264	0.1245	0.1257	0.1212	0.1224	0.1216	0.1243	0.1297	0.1110	0.1090	0.1084	0.1129	0.1203	0.1306	0.0899	0.0870	0.0896	0.0962	0.1073	0.1241	0.0679	0.0627	0.0621	0.0651	0.0728	0.0859	0.1095
672	0.1272	0.1267	0.1248	0.1260	0.1215	0.1226	0.1219	0.1246	0.1300	0.1112	0.1093	0.1086	0.1132	0.1206	0.1309	0.0901	0.0872	0.0898	0.0965	0.1075	0.1243	0.0681	0.0629	0.0622	0.0652	0.0730	0.0861	0.1097
673	0.1275	0.1270	0.1251	0.1263	0.1217	0.1228	0.1223	0.1248	0.1302	0.1115	0.1096	0.1089	0.1134	0.1209	0.1311	0.0903	0.0875	0.0900	0.0967	0.1077	0.1246	0.0683	0.0631	0.0623	0.0653	0.0731	0.0862	0.1098
674	0.1277	0.1273	0.1254	0.1266	0.1220	0.1231	0.1226	0.1251	0.1305	0.1118	0.1098	0.1091	0.1137	0.1212	0.1314	0.0905	0.0877	0.0902	0.0969	0.1080	0.1248	0.0685	0.0632	0.0625	0.0655	0.0733	0.0864	0.1100
675	0.1280	0.1275	0.1256	0.1269	0.1222	0.1235	0.1228	0.1254	0.1308	0.1120	0.1101	0.1094	0.1139	0.1215	0.1317	0.0907	0.0878	0.0904	0.0971	0.1081	0.1250	0.0686	0.0633	0.0627	0.0656	0.0734	0.0866	0.1101
676	0.1283	0.1279	0.1259	0.1272	0.1225	0.1238	0.1231	0.1257	0.1312	0.1123	0.1104	0.1096	0.1142	0.1217	0.1319	0.0909	0.0880	0.0905	0.0973	0.1083	0.1253	0.0687	0.0635	0.0628	0.0658	0.0736	0.0867	0.1103
677	0.1286	0.1283	0.1262	0.1276	0.1229	0.1240	0.1234	0.1260	0.1315	0.1126	0.1106	0.1098	0.1145	0.1220	0.1322	0.0912	0.0883	0.0908	0.0976	0.1087	0.1256	0.0689	0.0637	0.0630	0.0660	0.0738	0.0870	0.1106
678	0.1289	0.1285	0.1265	0.1278	0.1232	0.1243	0.1236	0.1263	0.1317	0.1129	0.1108	0.1101	0.1147	0.1222	0.1325	0.0913	0.0885	0.0910	0.0978	0.1089	0.1258	0.0691	0.0638	0.0632	0.0661	0.0740	0.0871	0.1107
679	0.1291	0.1288	0.1268	0.1281	0.1234	0.1246	0.1239	0.1266	0.1320	0.1131	0.1111	0.1104	0.1149	0.1224	0.1328	0.0915	0.0887	0.0912	0.0980	0.1091	0.1260	0.0692	0.0639	0.0633	0.0663	0.0741	0.0873	0.1109
680	0.1294	0.1291	0.1270	0.1284	0.1237	0.1248	0.1242	0.1269	0.1323	0.1133	0.1113	0.1107	0.1151	0.1227	0.1331	0.0917	0.0889	0.0914	0.0981	0.1094	0.1263	0.0693	0.0641	0.0635	0.0664	0.0742	0.0874	0.1111
681	0.1297	0.1293	0.1273	0.1287	0.1240	0.1251	0.1244	0.1270	0.1326	0.1136	0.1115	0.1109	0.1154	0.1230	0.1334	0.0918	0.0891	0.0916	0.0983	0.1095	0.1265	0.0695	0.0642	0.0636	0.0666	0.0744	0.0875	0.1112
682	0.1300	0.1295	0.1276	0.1290	0.1242	0.1253	0.1246	0.1273	0.1328	0.1138	0.1118	0.1111	0.1156	0.1233	0.1336	0.0920	0.0893	0.0918	0.0985	0.1097	0.1267	0.0696	0.0644	0.0637	0.0667	0.0745	0.0876	0.1113
683	0.1303	0.1298	0.1280	0.1292	0.1245	0.1256	0.1249	0.1276	0.1330	0.1139	0.1121	0.1114	0.1158	0.1236	0.1338	0.0923	0.0894	0.0920	0.0986	0.1099	0.1269	0.0697	0.0645	0.0638	0.0668	0.0746	0.0878	0.1115
684	0.1306	0.1301	0.1282	0.1295	0.1247	0.1259	0.1253	0.1279	0.1334	0.1142	0.1122	0.1116	0.1161	0.1237	0.1340	0.0925	0.0896	0.0922	0.0989	0.1101	0.1271	0.0699	0.0646	0.0639	0.0669	0.0747	0.0879	0.1117
685	0.1309	0.1304	0.1285	0.1298	0.1250	0.1261	0.1256	0.1282	0.1338	0.1145	0.1125	0.1119	0.1164	0.1240	0.1343	0.0927	0.0898	0.0924	0.0992	0.1104	0.1274	0.0701	0.0648	0.0641	0.0670	0.0749	0.0881	0.1119
686	0.1312	0.1307	0.1288	0.1302	0.1253	0.1264	0.1258	0.1286	0.1341	0.1148	0.1128	0.1121	0.1167	0.1242	0.1346	0.0930	0.0901	0.0927	0.0995	0.1107	0.1276	0.0703	0.0650	0.0642	0.0672	0.0751	0.0884	0.1121
687	0.1314	0.1311	0.1292	0.1305	0.1256	0.1268	0.1261	0.1288	0.1344	0.1151	0.1131	0.1124	0.1170	0.1246	0.1350	0.0932	0.0903	0.0928	0.0997	0.1109	0.1278	0.0704	0.0651	0.0645	0.0674	0.0753	0.0885	0.1124
688	0.1317	0.1314	0.1294	0.1308	0.1259	0.1271	0.1264	0.1291	0.1347	0.1154	0.1134	0.1128	0.1173	0.1249	0.1353	0.0934	0.0905	0.0931	0.0999	0.1111	0.1281	0.0706	0.0653	0.0646	0.0676	0.0755	0.0887	0.1125
689	0.1320	0.1316	0.1297	0.1311	0.1262	0.1273	0.1266	0.1294	0.1350	0.1156	0.1136	0.1130	0.1175	0.1252	0.1356	0.0936	0.0907	0.0933	0.1001	0.1114	0.1284	0.0708	0.0654	0.0647	0.0678	0.0756	0.0889	0.1126
690	0.1323	0.1318	0.1299	0.1313	0.1263	0.1275	0.1269	0.1296	0.1351	0.1158	0.1139	0.1131	0.1177	0.1254	0.1358	0.0938	0.0909	0.0935	0.1003	0.1115	0.1285	0.0709	0.0654	0.0649	0.0678	0.0757	0.0889	0.1127
691	0.1325	0.1321	0.1302	0.1316	0.1267	0.1278	0.1272	0.1299	0.1354	0.1160	0.1140	0.1133	0.1179	0.1257	0.1361	0.0940	0.0911	0.0937	0.1005	0.1117	0.1288	0.0710	0.0656	0.0649	0.0679	0.0759	0.0892	0.1130
692	0.1328	0.1324	0.1305	0.1319	0.1270	0.1280	0.1275	0.1302	0.1357	0.1162	0.1142	0.1135	0.1182	0.1259	0.1364	0.0941	0.0913	0.0938	0.1007	0.1119	0.1291	0.0711	0.0658	0.0651	0.0681	0.0761	0.0893	0.1131
693	0.1331	0.1327	0.1308	0.1321	0.1272	0.1283	0.1277	0.1304	0.1361	0.1166	0.1145	0.1138	0.1185	0.1260	0.1366	0.0943	0.0915	0.0939	0.1010	0.1122	0.1293	0.0713	0.0660	0.0652	0.0682	0.0762	0.0895	0.1132
694	0.1334	0.1330	0.1311	0.1325	0.1274	0.1286	0.1280	0.1307	0.1363	0.1169	0.1147	0.1140	0.1187	0.1264	0.1369	0.0946	0.0917	0.0943	0.1012	0.1124	0.1295	0.0715	0.0661	0.0654	0.0684	0.0763	0.0896	0.1135
695	0.1336	0.1333	0.1314	0.1328	0.1278	0.1289	0.1282	0.1310	0.1367	0.1171	0.1150	0.1143	0.1189	0.1267	0.1371	0.0948	0.0918	0.0945	0.1014	0.1126	0.1298	0.0717	0.0662	0.0656	0.0686	0.0765	0.0898	0.1136
696	0.1339	0.1335	0.1317	0.1330	0.1281	0.1292	0.1285	0.1312	0.1370	0.1172	0.1153	0.1146	0.1191	0.1269	0.1374	0.0950	0.0920	0.0946	0.1016	0.1128	0.1300	0.0718	0.0664	0.0657	0.0687	0.0767	0.0899	0.1138
697	0.1341	0.1338	0.1319	0.1333	0.1283	0.1294	0.1288	0.1315	0.1371	0.1175	0.1155	0.1148	0.1194	0.1271	0.1376	0.0951	0.0922	0.0947	0.1017	0.1130	0.1301	0.0719	0.0665	0.0659	0.0689	0.0768	0.0901	0.1140
698	0.1344	0.1341	0.1322	0.1336	0.1286	0.1296	0.1291	0.1318	0.1375	0.1177	0.1158	0.1150	0.1197	0.1274	0.1379	0.0953	0.0924	0.0950	0.1019	0.1133	0.1304	0.0720	0.0667	0.0660	0.0690	0.0770	0.0903	0.1141
699	0.1347	0.1344	0.1325	0.1339	0.1289	0.1299	0.1294	0.1321	0.1378	0.1179	0.1160	0.1153	0.1199	0.1277	0.1382	0.0955	0.0926	0.0953	0.1021	0.1135	0.1306	0.0721	0.0668	0.0662	0.0691	0.0772	0.0905	0.1143
700	0.1349	0.1346	0.1327	0.1341	0.1291	0.1302	0.1296	0.1324	0.1380	0.1182	0.1162	0.1155	0.1201	0.1279	0.1384	0.0957	0.0929	0.0954	0.1023	0.1136	0.1308	0.0723	0.0669	0.0663	0.0693	0.0773	0.0906	0.1145
701	0.1352	0.1348	0.1329	0.1344	0.1293	0.1304	0.1297	0.1326	0.1382	0.1185	0.1163	0.1157	0.1203	0.1281	0.1386	0.0959	0.0930	0.0955	0.1026	0.1139	0.1309	0.0725	0.0671	0.0663	0.0694	0.0773	0.0907	0.1146
702	0.1355	0.1350	0.1332	0.1347	0.1295	0.1306	0.1300	0.1329	0.1385	0.1187	0.1166	0.1159	0.1205	0.1284	0.1389	0.0961	0.0931	0.0957	0.1027	0.1141	0.1311	0.0726	0.0672	0.0664	0.0695	0.0775	0.0908	0.1148
703	0.1357	0.1353	0.1336	0.1350	0.1298	0.1309	0.1304	0.1332	0.1388	0.1189	0.1169	0.1161	0.1209	0.1286	0.1392	0.0963	0.0934	0.0959	0.1028	0.1144	0.1314	0.0727	0.0673	0.0666	0.0696	0.0777	0.0910	0.1149
704	0.1359	0.1355	0.1338	0.1352	0.1301	0.1312	0.1307	0.1334	0.1390	0.1191	0.1170	0.1164	0.1210	0.1289	0.1395	0.0965	0.0935	0.0962	0.1031	0.1145	0.1317	0.0728	0.0674	0.0667	0.0698	0.0778	0.0912	0.1151
705	0.1362	0.1358	0.1340	0.1355	0.1303	0.1315	0.1309	0.1336	0.1393	0.1193	0.1173	0.1167	0.1212	0.1291	0.1398	0.0967	0.0936	0.0964	0.1033	0.1147	0.1319	0.0730	0.0675	0.0669	0.0699	0.0779	0.0913	0.1152
706	0.1365	0.1361	0.1342	0.1357	0.1305	0.1317	0.1311	0.1339	0.1395	0.1195	0.1176	0.1169	0.1215	0.1293	0.1400	0.0969	0.0939	0.0966	0.1035	0.1150	0.1321	0.0731	0.0677	0.0670	0.0700	0.0781	0.0914	0.1154
707	0.1369	0.1365	0.1345	0.1361	0.1309	0.1320	0.1314	0.1342	0.1398	0.1199	0.1179	0.1171	0.1217	0.1296	0.1402	0.0970	0.0941	0.0968	0.1038	0.1151	0.1324	0.0733	0.0679	0.0672	0.0702	0.0783	0.0916	0.1155
708	0.1371	0.1368	0.1348	0.1363	0.1312	0.1322	0.1316	0.1345	0.1402	0.1202	0.1181	0.1174	0.1219	0.1299	0.1405	0.0973	0.0943	0.0970	0.1040	0.1154	0.1326	0.0735	0.0681	0.0674	0.0703	0.0785	0.0919	0.1157
709	0.1374	0.1371	0.1351	0.1366	0.1314	0.1324	0.1319	0.1347	0.1405	0.1204	0.1183	0.1176	0.1222	0.1302	0.1407	0.0975	0.0945	0.0972	0.1042	0.1156	0.1327	0.0737	0.0682	0.0675	0.0704	0.0786	0.0920	0.1159
710	0.1376	0.1372	0.1355	0.1368	0.1317	0.1327	0.1322	0.1349	0.1407	0.1206	0.1185	0.1178	0.1225	0.1303	0.1410	0.0976	0.0946	0.0973	0.1043	0.1158	0.1329	0.0738	0.0683	0.0675	0.0706	0.0787	0.0921	0.1160
711	0.1378	0.1375	0.1356	0.1371	0.1319	0.1330	0.1325	0.1352	0.1410	0.1208	0.1187	0.1180	0.1227	0.1306	0.1413	0.0979	0.0948	0.0974	0.1045	0.1160	0.1331	0.0739	0.0684	0.0677	0.0708	0.0788	0.0922	0.1162
712	0.1381	0.1378	0.1359	0.1374	0.1321	0.1332	0.1327	0.1355	0.1412	0.1211	0.1190	0.1183	0.1230	0.1308	0.1415	0.0980	0.0950	0.0976	0.1047	0.1162	0.1334	0.0740	0.0685	0.0678	0.0709	0.0789	0.0924	0.1164
713	0.1384	0.1381	0.1362	0.1377	0.1324	0.1335	0.1329	0.1358	0.1415	0.1213	0.1192	0.1185	0.1232	0.1310	0.1418	0.0982	0.0951	0.0978	0.1050	0.1164	0.1337	0.0741	0.0687	0.0679	0.0710	0.0791	0.0926	0.1165
714	0.1386	0.1384	0.1365	0.1380	0.1326	0.1338	0.1332	0.1361	0.1418	0.1215	0.1195	0.1187	0.1235	0.1314	0.1421	0.0984	0.0954	0.0980	0.1051	0.1166	0.1339	0.0743	0.0688	0.0680	0.0712	0.0793	0.0927	0.1167
715	0.1390	0.1387	0.1368	0.1383	0.1330	0.1341	0.1335	0.1364	0.1422	0.1218	0.1198	0.1190	0.1238	0.1317	0.1424	0.0986	0.0957	0.0983	0.1053	0.1168	0.1342	0.0745	0.0690	0.0683	0.0714	0.0795	0.0930	0.1169
716	0.1393	0.1390	0.1371	0.1387	0.1333	0.1344	0.1339	0.1368	0.1425	0.1221	0.1200	0.1193	0.1241	0.1321	0.1426	0.0988	0.0959	0.0985	0.1056	0.1171	0.1344	0.0746	0.0693	0.0685	0.0715	0.0796	0.0931	0.1171
717	0.1395	0.1392	0.1375	0.1389	0.1336	0.1346	0.1341	0.1370	0.1428	0.1224	0.1202	0.1195	0.1243	0.1323	0.1429	0.0991	0.0961	0.0988	0.1058	0.1174	0.1346	0.0748	0.0693	0.0686	0.0716	0.0798	0.0933	0.1173
718	0.1398	0.1394	0.1377	0.1391	0.1337	0.1348	0.1344	0.1372	0.1431	0.1226	0.1205	0.1198	0.1245	0.1325	0.1432	0.0992	0.0963	0.0989	0.1059	0.1176	0.1348	0.0749	0.0694	0.0687	0.0717	0.0800	0.0934	0.1174
719	0.1400	0.1397	0.1379	0.1394	0.1340	0.1351	0.1346	0.1374	0.1433	0.1228	0.1207	0.1200	0.1247	0.1327	0.1434	0.0994	0.0964	0.0991	0.1061	0.1178	0.1350	0.0751	0.0695	0.0688	0.0719	0.0801	0.0935	0.1176
720	0.1403	0.1400	0.1382	0.1397	0.1344	0.1354	0.1349	0.1378	0.1435	0.1231	0.1209	0.1203	0.1249	0.1330	0.1436	0.0996	0.0966	0.0993	0.1064	0.1180	0.1353	0.0752	0.0697	0.0690	0.0720	0.0802	0.0938	0.1177
721	0.1406	0.1403	0.1385	0.1400	0.1346	0.1356	0.1351	0.1380	0.1438	0.1233	0.1212	0.1205	0.1253	0.1332	0.1439	0.0998	0.0968	0.0995	0.1066	0.1182	0.1355	0.0753	0.0698	0.0691	0.0722	0.0803	0.0939	0.1179
722	0.1409	0.1406	0.1388	0.1403	0.1349	0.1360	0.1354	0.1383	0.1441	0.1236	0.1215	0.1207	0.1255	0.1335	0.1443	0.1000	0.0970	0.0997	0.1068	0.1184	0.1357	0.0755	0.0700	0.0692	0.0723	0.0805	0.0940	0.1180
723	0.1412	0.1409	0.1391	0.1405	0.1352	0.1363	0.1357	0.1386	0.1444	0.1238	0.1217	0.1210	0.1258	0.1337	0.1445	0.1003	0.0973	0.0999	0.1070	0.1187	0.1359	0.0757	0.0702	0.0694	0.0726	0.0806	0.0942	0.1182
724	0.1415	0.1412	0.1394	0.1408	0.1354	0.1365	0.1360	0.1390	0.1446	0.1240	0.1219	0.1212	0.1261	0.1340	0.1448	0.1004	0.0974	0.1001	0.1073	0.1188	0.1361	0.0758	0.0703	0.0696	0.0726	0.0808	0.0944	0.1184
725	0.1417	0.1415	0.1397	0.1411	0.1357	0.1368	0.1362	0.1393	0.1450	0.1243	0.1222	0.1215	0.1264	0.1343	0.1450	0.1006	0.0976	0.1003	0.1075	0.1191	0.1364	0.0760	0.0704	0.0697	0.0728	0.0810	0.0945	0.1186
726	0.1420	0.1418	0.1400	0.1414	0.1360	0.1370	0.1365	0.1395	0.1453	0.1245	0.1224	0.1218	0.1266	0.1346	0.1453	0.1008	0.0979	0.1005	0.1077	0.1194	0.1366	0.0761	0.0706	0.0699	0.0730	0.0812	0.0947	0.1188
727	0.1422	0.1420	0.1402	0.1416	0.1362	0.1372	0.1367	0.1397	0.1455	0.1247	0.1227	0.1220	0.1267	0.1348	0.1456	0.1011	0.0980	0.1007	0.1079	0.1194	0.1368	0.0762	0.0707	0.0699	0.0730	0.0813	0.0948	0.1190
728	0.1425	0.1423	0.1405	0.1419	0.1365	0.1376	0.1370	0.1400	0.1458	0.1250	0.1229	0.1223	0.1270	0.1351	0.1458	0.1012	0.0982	0.1010	0.1081	0.1196	0.1370	0.0763	0.0709	0.0700	0.0732	0.0815	0.0950	0.1191
729	0.1428	0.1426	0.1408	0.1423	0.1368	0.1379	0.1374	0.1403	0.1461	0.1252	0.1232	0.1225	0.1273	0.1353	0.1461	0.1014	0.0984	0.1012	0.1083	0.1199	0.1373	0.0765	0.0710	0.0702	0.0733	0.0816	0.0952	0.1192
730	0.1431	0.1428	0.1411	0.1427	0.1369	0.1381	0.1376	0.1405	0.1463	0.1255	0.1234	0.1228	0.1274	0.1356	0.1463	0.1017	0.0986	0.1012	0.1085	0.1201	0.1375	0.0768	0.0711	0.0703	0.0735	0.0817	0.0952	0.1193
731	0.1434	0.1431	0.1414	0.1428	0.1373	0.1384	0.1378	0.1408	0.1466	0.1258	0.1236	0.1230	0.1278	0.1357	0.1466	0.1018	0.0988	0.1015	0.1086	0.1203	0.1377	0.0768	0.0712	0.0705	0.0737	0.0819	0.0954	0.1195
732	0.1437	0.1434	0.1417	0.1431	0.1376	0.1387	0.1381	0.1411	0.1470	0.1261	0.1239	0.1232	0.1281	0.1360	0.1469	0.1020	0.0990	0.1017	0.1089	0.1205	0.1380	0.0769	0.0714	0.0706	0.0738	0.0820	0.0956	0.1197
733	0.1440	0.1438	0.1420	0.1434	0.1379	0.1390	0.1385	0.1414	0.1473	0.1263	0.1242	0.1236	0.1283	0.1364	0.1472	0.1023	0.0992	0.1020	0.1092	0.1208	0.1382	0.0772	0.0715	0.0707	0.0740	0.0821	0.0958	0.1199
734	0.1442	0.1441	0.1422	0.1437	0.1381	0.1392	0.1388	0.1417	0.1475	0.1266	0.1244	0.1237	0.1285	0.1366	0.1474	0.1024	0.0994	0.1022	0.1093	0.1210	0.1384	0.0773	0.0716	0.0709	0.0741	0.0823	0.0959	0.1200
735	0.1446	0.1443	0.1425	0.1440	0.1384	0.1395	0.1391	0.1421	0.1479	0.1268	0.1247	0.1240	0.1288	0.1368	0.1477	0.1027	0.0997	0.1024	0.1096	0.1213	0.1386	0.0774	0.0718	0.0711	0.0742	0.0825	0.0960	0.1202
736	0.1450	0.1446	0.1429	0.1444	0.1388	0.1398	0.1394	0.1424	0.1482	0.1271	0.1250	0.1242	0.1291	0.1372	0.1480	0.1030	0.0999	0.1026	0.1098	0.1216	0.1388	0.0775	0.0721	0.0713	0.0744	0.0827	0.0963	0.1204
737	0.1452	0.1449	0.1431	0.1447	0.1390	0.1401	0.1396	0.1427	0.1484	0.1273	0.1253	0.1245	0.1293	0.1374	0.1482	0.1031	0.1000	0.1028	0.1100	0.1216	0.1390	0.0777	0.0721	0.0714	0.0745	0.0827	0.0964	0.1205
738	0.1454	0.1452	0.1435	0.1450	0.1393	0.1404	0.1399	0.1429	0.1487	0.1276	0.1254	0.1247	0.1296	0.1377	0.1486	0.1033	0.1002	0.1030	0.1102	0.1219	0.1393	0.0779	0.0723	0.0715	0.0746	0.0830	0.0966	0.1207
739	0.1458	0.1455	0.1438	0.1453	0.1396	0.1406	0.1401	0.1432	0.1490	0.1279	0.1256	0.1250	0.1299	0.1380	0.1489	0.1036	0.1004	0.1032	0.1104	0.1222	0.1395	0.0781	0.0724	0.0717	0.0748	0.0832	0.0968	0.1210
740	0.1461	0.1458	0.1441	0.1456	0.1399	0.1409	0.1404	0.1435	0.1493	0.1281	0.1259	0.1252	0.1301	0.1383	0.1491	0.1038	0.1008	0.1034	0.1106	0.1223	0.1397	0.0782	0.0726	0.0718	0.0750	0.0833	0.0969	0.1211
741	0.1464	0.1461	0.1444	0.1459	0.1401	0.1412	0.1407	0.1438	0.1496	0.1284	0.1262	0.1255	0.1304	0.1385	0.1494	0.1040	0.1009	0.1037	0.1109	0.1226	0.1400	0.0784	0.0727	0.0720	0.0752	0.0834	0.0970	0.1212
742	0.1466	0.1464	0.1447	0.1461	0.1404	0.1415	0.1410	0.1441	0.1499	0.1286	0.1265	0.1258	0.1307	0.1388	0.1497	0.1042	0.1011	0.1039	0.1111	0.1228	0.1402	0.0785	0.0729	0.0721	0.0753	0.0836	0.0972	0.1213
743	0.1469	0.1467	0.1450	0.1464	0.1407	0.1418	0.1413	0.1443	0.1502	0.1289	0.1267	0.1261	0.1309	0.1390	0.1499	0.1044	0.1013	0.1040	0.1113	0.1230	0.1404	0.0786	0.0731	0.0722	0.0755	0.0837	0.0973	0.1215
744	0.1473	0.1469	0.1453	0.1467	0.1410	0.1422	0.1416	0.1446	0.1505	0.1291	0.1270	0.1263	0.1312	0.1393	0.1502	0.1046	0.1016	0.1043	0.1115	0.1233	0.1407	0.0788	0.0732	0.0724	0.0756	0.0839	0.0976	0.1217
745	0.1476	0.1473	0.1456	0.1471	0.1413	0.1425	0.1420	0.1449	0.1508	0.1295	0.1272	0.1266	0.1314	0.1396	0.1505	0.1048	0.1018	0.1045	0.1118	0.1236	0.1409	0.0790	0.0733	0.0726	0.0758	0.0841	0.0978	0.1219
746	0.1478	0.1476	0.1459	0.1474	0.1416	0.1428	0.1422	0.1452	0.1511	0.1298	0.1275	0.1269	0.1317	0.1399	0.1509	0.1051	0.1020	0.1047	0.1121	0.1239	0.1412	0.0792	0.0736	0.0728	0.0760	0.0843	0.0980	0.1221
747	0.1481	0.1480	0.1462	0.1478	0.1419	0.1429	0.1425	0.1454	0.1515	0.1299	0.1277	0.1271	0.1319	0.1402	0.1511	0.1052	0.1022	0.1049	0.1122	0.1240	0.1414	0.0793	0.0737	0.0728	0.0761	0.0844	0.0981	0.1223
748	0.1484	0.1482	0.1465	0.1480	0.1421	0.1432	0.1427	0.1458	0.1517	0.1301	0.1280	0.1274	0.1321	0.1404	0.1513	0.1054	0.1024	0.1051	0.1124	0.1242	0.1416	0.0794	0.0738	0.0729	0.0762	0.0846	0.0982	0.1224
749	0.1487	0.1485	0.1468	0.1482	0.1424	0.1436	0.1430	0.1461	0.1519	0.1304	0.1283	0.1276	0.1324	0.1407	0.1516	0.1056	0.1026	0.1054	0.1127	0.1244	0.1418	0.0796	0.0740	0.0731	0.0763	0.0847	0.0984	0.1226
750	0.1490	0.1489	0.1471	0.1485	0.1428	0.1439	0.1434	0.1465	0.1522	0.1307	0.1286	0.1278	0.1328	0.1410	0.1518	0.1058	0.1028	0.1056	0.1129	0.1247	0.1420	0.0798	0.0742	0.0733	0.0765	0.0848	0.0985	0.1228
751	0.1493	0.1492	0.1474	0.1489	0.1431	0.1442	0.1437	0.1468	0.1526	0.1310	0.1289	0.1281	0.1331	0.1413	0.1521	0.1061	0.1030	0.1058	0.1132	0.1249	0.1422	0.0799	0.0743	0.0735	0.0766	0.0850	0.0987	0.1229
752	0.1496	0.1494	0.1477	0.1492	0.1433	0.1445	0.1440	0.1470	0.1529	0.1312	0.1291	0.1284	0.1334	0.1416	0.1524	0.1063	0.1033	0.1060	0.1134	0.1251	0.1425	0.0800	0.0744	0.0736	0.0767	0.0851	0.0988	0.1230
753	0.1499	0.1497	0.1480	0.1495	0.1436	0.1448	0.1442	0.1473	0.1531	0.1314	0.1293	0.1287	0.1336	0.1418	0.1526	0.1065	0.1035	0.1061	0.1135	0.1253	0.1427	0.0802	0.0744	0.0737	0.0769	0.0853	0.0989	0.1231
754	0.1503	0.1500	0.1484	0.1497	0.1439	0.1450	0.1445	0.1476	0.1535	0.1318	0.1296	0.1290	0.1339	0.1421	0.1530	0.1067	0.1036	0.1064	0.1137	0.1256	0.1430	0.0803	0.0746	0.0739	0.0771	0.0855	0.0992	0.1233
755	0.1506	0.1503	0.1487	0.1501	0.1442	0.1453	0.1449	0.1479	0.1539	0.1321	0.1298	0.1293	0.1342	0.1424	0.1533	0.1070	0.1039	0.1067	0.1140	0.1259	0.1433	0.0805	0.0748	0.0741	0.0773	0.0857	0.0994	0.1236
756	0.1509	0.1507	0.1490	0.1504	0.1445	0.1457	0.1452	0.1483	0.1542	0.1325	0.1301	0.1296	0.1345	0.1427	0.1537	0.1072	0.1041	0.1070	0.1143	0.1261	0.1435	0.0807	0.0751	0.0743	0.0775	0.0858	0.0997	0.1238
757	0.1512	0.1510	0.1492	0.1508	0.1449	0.1459	0.1455	0.1485	0.1544	0.1327	0.1305	0.1298	0.1347	0.1430	0.1539	0.1074	0.1042	0.1071	0.1145	0.1263	0.1437	0.0808	0.0752	0.0743	0.0776	0.0859	0.0997	0.1239
758	0.1514	0.1513	0.1495	0.1510	0.1451	0.1462	0.1458	0.1488	0.1547	0.1329	0.1307	0.1300	0.1349	0.1432	0.1541	0.1076	0.1045	0.1072	0.1147	0.1265	0.1439	0.0809	0.0753	0.0745	0.0777	0.0861	0.0998	0.1241
759	0.1517	0.1516	0.1498	0.1513	0.1454	0.1465	0.1461	0.1491	0.1550	0.1332	0.1310	0.1303	0.1352	0.1434	0.1543	0.1078	0.1048	0.1075	0.1149	0.1267	0.1442	0.0811	0.0755	0.0747	0.0778	0.0862	0.0999	0.1242
760	0.1520	0.1519	0.1502	0.1517	0.1457	0.1469	0.1464	0.1494	0.1553	0.1335	0.1312	0.1306	0.1355	0.1438	0.1547	0.1080	0.1050	0.1077	0.1152	0.1269	0.1444	0.0814	0.0756	0.0748	0.0781	0.0864	0.1001	0.1243
761	0.1524	0.1522	0.1505	0.1520	0.1460	0.1472	0.1467	0.1497	0.1556	0.1337	0.1315	0.1309	0.1358	0.1440	0.1550	0.1083	0.1052	0.1080	0.1154	0.1272	0.1447	0.0815	0.0758	0.0749	0.0783	0.0866	0.1003	0.1246
762	0.1527	0.1525	0.1508	0.1523	0.1463	0.1475	0.1470	0.1500	0.1559	0.1339	0.1318	0.1311	0.1361	0.1443	0.1553	0.1085	0.1053	0.1082	0.1156	0.1274	0.1449	0.0816	0.0760	0.0750	0.0785	0.0868	0.1005	0.1248
763	0.1530	0.1528	0.1511	0.1526	0.1465	0.1478	0.1473	0.1504	0.1562	0.1341	0.1321	0.1314	0.1364	0.1445	0.1555	0.1087	0.1055	0.1084	0.1158	0.1277	0.1451	0.0817	0.0762	0.0752	0.0785	0.0870	0.1006	0.1250
764	0.1533	0.1530	0.1513	0.1529	0.1468	0.1480	0.1476	0.1507	0.1565	0.1344	0.1323	0.1316	0.1366	0.1448	0.1557	0.1089	0.1058	0.1085	0.1160	0.1279	0.1453	0.0819	0.0763	0.0754	0.0786	0.0871	0.1009	0.1251
765	0.1536	0.1533	0.1516	0.1531	0.1471	0.1482	0.1478	0.1509	0.1568	0.1347	0.1325	0.1319	0.1368	0.1451	0.1560	0.1091	0.1060	0.1088	0.1162	0.1281	0.1455	0.0821	0.0764	0.0756	0.0788	0.0873	0.1011	0.1253
766	0.1539	0.1536	0.1519	0.1533	0.1474	0.1485	0.1481	0.1511	0.1571	0.1349	0.1328	0.1322	0.1371	0.1454	0.1562	0.1093	0.1062	0.1090	0.1164	0.1282	0.1457	0.0822	0.0765	0.0757	0.0790	0.0873	0.1012	0.1254
767	0.1542	0.1538	0.1522	0.1536	0.1477	0.1488	0.1483	0.1514	0.1573	0.1352	0.1331	0.1324	0.1373	0.1456	0.1566	0.1095	0.1064	0.1092	0.1166	0.1285	0.1459	0.0824	0.0767	0.0758	0.0791	0.0876	0.1013	0.1255
768	0.1545	0.1541	0.1525	0.1539	0.1480	0.1490	0.1486	0.1517	0.1576	0.1354	0.1333	0.1326	0.1376	0.1459	0.1569	0.1097	0.1066	0.1094	0.1169	0.1288	0.1462	0.0825	0.0768	0.0759	0.0792	0.0877	0.1014	0.1257
769	0.1548	0.1544	0.1528	0.1542	0.1482	0.1493	0.1489	0.1520	0.1580	0.1356	0.1336	0.1329	0.1378	0.1462	0.1571	0.1099	0.1068	0.1096	0.1171	0.1291	0.1464	0.0826	0.0769	0.0761	0.0794	0.0879	0.1016	0.1259
770	0.1550	0.1548	0.1531	0.1545	0.1485	0.1497	0.1491	0.1523	0.1583	0.1359	0.1338	0.1332	0.1380	0.1464	0.1574	0.1101	0.1070	0.1098	0.1172	0.1292	0.1467	0.0827	0.0771	0.0762	0.0795	0.0880	0.1018	0.1261
771	0.1553	0.1551	0.1534	0.1548	0.1488	0.1499	0.1495	0.1526	0.1585	0.1361	0.1341	0.1334	0.1382	0.1466	0.1577	0.1103	0.1072	0.1100	0.1175	0.1294	0.1470	0.0829	0.0772	0.0764	0.0797	0.0882	0.1019	0.1262
772	0.1556	0.1553	0.1536	0.1551	0.1490	0.1502	0.1497	0.1529	0.1587	0.1364	0.1344	0.1336	0.1384	0.1469	0.1579	0.1105	0.1074	0.1102	0.1178	0.1295	0.1472	0.0831	0.0774	0.0765	0.0798	0.0883	0.1021	0.1263
773	0.1558	0.1555	0.1538	0.1554	0.1492	0.1505	0.1498	0.1531	0.1590	0.1366	0.1345	0.1338	0.1387	0.1472	0.1581	0.1106	0.1076	0.1103	0.1179	0.1297	0.1473	0.0832	0.0775	0.0766	0.0799	0.0884	0.1023	0.1265
774	0.1561	0.1559	0.1541	0.1557	0.1495	0.1507	0.1502	0.1533	0.1592	0.1369	0.1347	0.1341	0.1390	0.1474	0.1584	0.1109	0.1078	0.1105	0.1180	0.1300	0.1475	0.0833	0.0776	0.0768	0.0800	0.0886	0.1024	0.1266
775	0.1563	0.1562	0.1544	0.1559	0.1498	0.1509	0.1505	0.1536	0.1595	0.1371	0.1349	0.1343	0.1393	0.1476	0.1586	0.1111	0.1079	0.1107	0.1182	0.1302	0.1477	0.0834	0.0777	0.0769	0.0802	0.0887	0.1025	0.1268
776	0.1565	0.1564	0.1547	0.1561	0.1501	0.1511	0.1507	0.1538	0.1597	0.1372	0.1352	0.1345	0.1395	0.1479	0.1589	0.1113	0.1081	0.1109	0.1185	0.1304	0.1479	0.0834	0.0779	0.0770	0.0803	0.0887	0.1026	0.1269
777	0.1568	0.1568	0.1550	0.1564	0.1504	0.1514	0.1510	0.1542	0.1600	0.1375	0.1354	0.1347	0.1398	0.1481	0.1591	0.1115	0.1083	0.1112	0.1187	0.1306	0.1481	0.0838	0.0781	0.0771	0.0805	0.0890	0.1028	0.1271
778	0.1571	0.1570	0.1552	0.1567	0.1506	0.1517	0.1512	0.1544	0.1603	0.1378	0.1357	0.1350	0.1400	0.1484	0.1594	0.1117	0.1085	0.1114	0.1189	0.1308	0.1483	0.0839	0.0782	0.0772	0.0806	0.0891	0.1029	0.1273
779	0.1574	0.1572	0.1555	0.1569	0.1508	0.1520	0.1515	0.1547	0.1606	0.1380	0.1360	0.1353	0.1402	0.1487	0.1597	0.1118	0.1087	0.1116	0.1190	0.1310	0.1485	0.0840	0.0783	0.0774	0.0807	0.0892	0.1031	0.1275
780	0.1577	0.1575	0.1557	0.1572	0.1511	0.1522	0.1518	0.1549	0.1609	0.1383	0.1362	0.1355	0.1404	0.1488	0.1599	0.1120	0.1089	0.1118	0.1192	0.1312	0.1488	0.0841	0.0785	0.0776	0.0808	0.0894	0.1033	0.1276
781	0.1579	0.1577	0.1560	0.1574	0.1513	0.1524	0.1519	0.1551	0.1610	0.1385	0.1363	0.1358	0.1406	0.1491	0.1601	0.1122	0.1091	0.1119	0.1194	0.1313	0.1489	0.0843	0.0786	0.0777	0.0809	0.0895	0.1035	0.1277
782	0.1581	0.1579	0.1563	0.1577	0.1515	0.1527	0.1521	0.1553	0.1613	0.1386	0.1365	0.1360	0.1408	0.1493	0.1603	0.1123	0.1093	0.1120	0.1195	0.1315	0.1491	0.0844	0.0786	0.0778	0.0811	0.0896	0.1036	0.1278
783	0.1582	0.1582	0.1565	0.1580	0.1518	0.1529	0.1526	0.1556	0.1617	0.1388	0.1367	0.1361	0.1411	0.1495	0.1606	0.1125	0.1094	0.1122	0.1198	0.1318	0.1493	0.0845	0.0787	0.0780	0.0813	0.0897	0.1037	0.1280
784	0.1585	0.1584	0.1567	0.1582	0.1519	0.1531	0.1527	0.1558	0.1619	0.1391	0.1369	0.1364	0.1413	0.1497	0.1608	0.1127	0.1096	0.1124	0.1200	0.1319	0.1495	0.0846	0.0788	0.0781	0.0814	0.0898	0.1038	0.1282
785	0.1587	0.1586	0.1569	0.1584	0.1522	0.1533	0.1529	0.1561	0.1620	0.1393	0.1372	0.1366	0.1415	0.1499	0.1610	0.1128	0.1098	0.1125	0.1201	0.1321	0.1496	0.0847	0.0789	0.0782	0.0815	0.0900	0.1039	0.1283
786	0.1590	0.1589	0.1573	0.1587	0.1525	0.1536	0.1532	0.1563	0.1622	0.1394	0.1374	0.1367	0.1417	0.1501	0.1612	0.1130	0.1099	0.1127	0.1203	0.1323	0.1498	0.0848	0.0791	0.0782	0.0816	0.0902	0.1041	0.1284
787	0.1592	0.1591	0.1575	0.1590	0.1527	0.1538	0.1534	0.1566	0.1625	0.1397	0.1375	0.1370	0.1420	0.1504	0.1615	0.1131	0.1100	0.1128	0.1205	0.1325	0.1501	0.0849	0.0792	0.0784	0.0818	0.0903	0.1042	0.1285
788	0.1594	0.1592	0.1576	0.1591	0.1529	0.1540	0.1536	0.1568	0.1627	0.1399	0.1377	0.1371	0.1422	0.1505	0.1617	0.1133	0.1101	0.1130	0.1206	0.1326	0.1502	0.0850	0.0793	0.0785	0.0818	0.0904	0.1043	0.1286
789	0.1597	0.1594	0.1578	0.1593	0.1530	0.1541	0.1538	0.1570	0.1629	0.1401	0.1379	0.1372	0.1423	0.1507	0.1619	0.1135	0.1103	0.1131	0.1208	0.1327	0.1504	0.0852	0.0794	0.0785	0.0819	0.0905	0.1044	0.1288
790	0.1600	0.1598	0.1581	0.1596	0.1533	0.1543	0.1541	0.1572	0.1633	0.1403	0.1381	0.1375	0.1426	0.1510	0.1621	0.1137	0.1105	0.1134	0.1210	0.1329	0.1506	0.0854	0.0796	0.0787	0.0821	0.0906	0.1046	0.1289
791	0.1601	0.1600	0.1583	0.1598	0.1535	0.1547	0.1542	0.1574	0.1635	0.1405	0.1383	0.1376	0.1428	0.1511	0.1623	0.1138	0.1107	0.1135	0.1211	0.1331	0.1507	0.0855	0.0796	0.0789	0.0822	0.0907	0.1047	0.1291
792	0.1602	0.1602	0.1585	0.1600	0.1536	0.1549	0.1544	0.1576	0.1636	0.1407	0.1385	0.1378	0.1429	0.1513	0.1624	0.1140	0.1109	0.1136	0.1213	0.1333	0.1509	0.0856	0.0797	0.0790	0.0824	0.0909	0.1048	0.1292
793	0.1605	0.1605	0.1586	0.1601	0.1538	0.1550	0.1547	0.1579	0.1638	0.1408	0.1387	0.1381	0.1431	0.1516	0.1626	0.1141	0.1110	0.1138	0.1215	0.1335	0.1511	0.0856	0.0799	0.0790	0.0825	0.0909	0.1049	0.1293
794	0.1606	0.1606	0.1589	0.1603	0.1540	0.1552	0.1548	0.1580	0.1640	0.1410	0.1389	0.1383	0.1432	0.1518	0.1629	0.1142	0.1111	0.1140	0.1215	0.1335	0.1512	0.0857	0.0800	0.0791	0.0825	0.0911	0.1050	0.1294
795	0.1608	0.1607	0.1591	0.1606	0.1543	0.1554	0.1550	0.1582	0.1643	0.1412	0.1391	0.1385	0.1435	0.1519	0.1631	0.1143	0.1112	0.1141	0.1216	0.1336	0.1514	0.0858	0.0801	0.0793	0.0826	0.0912	0.1051	0.1295
796	0.1611	0.1609	0.1594	0.1608	0.1546	0.1555	0.1553	0.1584	0.1645	0.1414	0.1392	0.1385	0.1437	0.1521	0.1632	0.1146	0.1114	0.1143	0.1218	0.1339	0.1516	0.0859	0.0802	0.0793	0.0827	0.0912	0.1053	0.1297
797	0.1613	0.1612	0.1596	0.1610	0.1547	0.1558	0.1554	0.1587	0.1647	0.1416	0.1394	0.1388	0.1438	0.1523	0.1634	0.1147	0.1115	0.1145	0.1219	0.1341	0.1517	0.0861	0.0802	0.0794	0.0828	0.0914	0.1054	0.1298
798	0.1615	0.1614	0.1597	0.1612	0.1549	0.1560	0.1556	0.1589	0.1648	0.1417	0.1395	0.1389	0.1440	0.1525	0.1636	0.1148	0.1117	0.1146	0.1221	0.1342	0.1519	0.0862	0.0803	0.0794	0.0829	0.0915	0.1055	0.1299
799	0.1616	0.1615	0.1598	0.1614	0.1550	0.1562	0.1558	0.1591	0.1650	0.1418	0.1397	0.1390	0.1441	0.1526	0.1638	0.1150	0.1118	0.1147	0.1222	0.1343	0.1520	0.0863	0.0804	0.0795	0.0830	0.0916	0.1055	0.1300
800	0.1618	0.1618	0.1600	0.1616	0.1552	0.1563	0.1559	0.1593	0.1652	0.1420	0.1399	0.1392	0.1443	0.1527	0.1639	0.1150	0.1119	0.1147	0.1224	0.1345	0.1521	0.0864	0.0806	0.0796	0.0831	0.0916	0.1056	0.1302
801	0.1620	0.1620	0.1602	0.1618	0.1554	0.1565	0.1561	0.1594	0.1654	0.1421	0.1401	0.1394	0.1444	0.1530	0.1641	0.1152	0.1121	0.1149	0.1226	0.1347	0.1524	0.0865	0.0806	0.0798	0.0832	0.0918	0.1058	0.1303
802	0.1622	0.1621	0.1604	0.1620	0.1556	0.1567	0.1563	0.1595	0.1656	0.1423	0.1402	0.1396	0.1446	0.1532	0.1643	0.1154	0.1123	0.1151	0.1227	0.1348	0.1525	0.0866	0.0807	0.0799	0.0833	0.0919	0.1059	0.1304
803	0.1624	0.1623	0.1606	0.1621	0.1556	0.1568	0.1566	0.1596	0.1657	0.1425	0.1404	0.1396	0.1448	0.1533	0.1645	0.1154	0.1122	0.1151	0.1227	0.1349	0.1526	0.0867	0.0808	0.0799	0.0834	0.0920	0.1060	0.1304
804	0.1625	0.1624	0.1608	0.1623	0.1558	0.1570	0.1567	0.1599	0.1659	0.1426	0.1404	0.1398	0.1449	0.1535	0.1646	0.1155	0.1124	0.1153	0.1229	0.1350	0.1527	0.0867	0.0809	0.0800	0.0834	0.0921	0.1060	0.1305
805	0.1627	0.1626	0.1610	0.1625	0.1560	0.1572	0.1568	0.1601	0.1661	0.1427	0.1406	0.1400	0.1451	0.1537	0.1647	0.1157	0.1125	0.1155	0.1230	0.1351	0.1528	0.0867	0.0810	0.0801	0.0835	0.0922	0.1061	0.1306
806	0.1629	0.1627	0.1611	0.1627	0.1562	0.1573	0.1570	0.1603	0.1664	0.1429	0.1408	0.1401	0.1453	0.1538	0.1649	0.1159	0.1126	0.1155	0.1232	0.1353	0.1529	0.0868	0.0812	0.0802	0.0836	0.0923	0.1062	0.1308
807	0.1630	0.1628	0.1611	0.1627	0.1563	0.1575	0.1570	0.1603	0.1665	0.1430	0.1408	0.1402	0.1454	0.1539	0.1650	0.1159	0.1127	0.1156	0.1232	0.1353	0.1530	0.0869	0.0812	0.0801	0.0835	0.0923	0.1063	0.1308
808	0.1631	0.1630	0.1613	0.1629	0.1564	0.1577	0.1572	0.1604	0.1666	0.1431	0.1409	0.1404	0.1455	0.1540	0.1651	0.1160	0.1128	0.1157	0.1233	0.1354	0.1532	0.0870	0.0812	0.0802	0.0836	0.0923	0.1064	0.1308
809	0.1632	0.1632	0.1615	0.1631	0.1565	0.1577	0.1574	0.1605	0.1667	0.1433	0.1410	0.1405	0.1456	0.1541	0.1652	0.1161	0.1130	0.1158	0.1234	0.1354	0.1533	0.0871	0.0812	0.0804	0.0838	0.0924	0.1064	0.1308
810	0.1634	0.1633	0.1618	0.1632	0.1568	0.1579	0.1576	0.1607	0.1668	0.1434	0.1412	0.1406	0.1458	0.1543	0.1654	0.1162	0.1131	0.1160	0.1235	0.1357	0.1534	0.0871	0.0814	0.0805	0.0839	0.0926	0.1065	0.1310
811	0.1636	0.1635	0.1619	0.1634	0.1569	0.1580	0.1577	0.1609	0.1670	0.1435	0.1414	0.1407	0.1460	0.1544	0.1655	0.1164	0.1131	0.1162	0.1237	0.1358	0.1536	0.0872	0.0815	0.0806	0.0839	0.0927	0.1066	0.1311
812	0.1637	0.1637	0.1620	0.1636	0.1570	0.1581	0.1578	0.1611	0.1672	0.1436	0.1416	0.1408	0.1461	0.1545	0.1657	0.1165	0.1132	0.1163	0.1238	0.1359	0.1537	0.0873	0.0815	0.0806	0.0840	0.0927	0.1067	0.1312
813	0.1638	0.1638	0.1621	0.1637	0.1571	0.1583	0.1579	0.1612	0.1673	0.1437	0.1416	0.1409	0.1461	0.1546	0.1659	0.1165	0.1133	0.1164	0.1239	0.1360	0.1537	0.0873	0.0815	0.0807	0.0841	0.0927	0.1068	0.1313
814	0.1640	0.1638	0.1622	0.1638	0.1573	0.1583	0.1579	0.1613	0.1674	0.1439	0.1417	0.1410	0.1462	0.1548	0.1660	0.1166	0.1133	0.1164	0.1239	0.1361	0.1539	0.0874	0.0815	0.0806	0.0841	0.0927	0.1068	0.1314
815	0.1642	0.1639	0.1623	0.1638	0.1574	0.1584	0.1581	0.1614	0.1674	0.1440	0.1418	0.1412	0.1462	0.1549	0.1661	0.1167	0.1134	0.1164	0.1240	0.1363	0.1540	0.0874	0.0816	0.0807	0.0842	0.0928	0.1069	0.1315
816	0.1642	0.1641	0.1624	0.1639	0.1574	0.1586	0.1583	0.1615	0.1676	0.1440	0.1419	0.1414	0.1464	0.1550	0.1663	0.1168	0.1136	0.1165	0.1242	0.1365	0.1541	0.0875	0.0817	0.0809	0.0843	0.0929	0.1071	0.1315
817	0.1643	0.1643	0.1625	0.1642	0.1576	0.1588	0.1584	0.1617	0.1678	0.1440	0.1420	0.1415	0.1466	0.1551	0.1663	0.1169	0.1137	0.1167	0.1242	0.1365	0.1542	0.0875	0.0818	0.0808	0.0844	0.0930	0.1071	0.1316
818	0.1644	0.1644	0.1626	0.1643	0.1577	0.1589	0.1585	0.1618	0.1679	0.1442	0.1421	0.1415	0.1467	0.1551	0.1664	0.1169	0.1137	0.1167	0.1243	0.1365	0.1543	0.0876	0.0819	0.0809	0.0844	0.0931	0.1071	0.1316
819	0.1644	0.1644	0.1627	0.1643	0.1579	0.1589	0.1585	0.1619	0.1680	0.1444	0.1422	0.1416	0.1467	0.1552	0.1665	0.1169	0.1137	0.1168	0.1244	0.1366	0.1543	0.0878	0.0819	0.0811	0.0844	0.0931	0.1071	0.1317
820	0.1646	0.1645	0.1630	0.1645	0.1579	0.1590	0.1587	0.1618	0.1681	0.1445	0.1422	0.1417	0.1468	0.1553	0.1667	0.1169	0.1139	0.1168	0.1245	0.1367	0.1544	0.0878	0.0820	0.0811	0.0844	0.0932	0.1071	0.1318
821	0.1648	0.1647	0.1630	0.1645	0.1580	0.1591	0.1588	0.1621	0.1682	0.1445	0.1423	0.1418	0.1469	0.1555	0.1668	0.1170	0.1140	0.1169	0.1247	0.1367	0.1545	0.0878	0.0820	0.0811	0.0845	0.0933	0.1073	0.1319
822	0.1648	0.1648	0.1630	0.1646	0.1580	0.1593	0.1589	0.1622	0.1683	0.1446	0.1424	0.1418	0.1470	0.1556	0.1669	0.1171	0.1140	0.1170	0.1247	0.1368	0.1546	0.0879	0.0821	0.0811	0.0846	0.0933	0.1073	0.1320
823	0.1649	0.1649	0.1631	0.1647	0.1582	0.1593	0.1590	0.1623	0.1683	0.1447	0.1426	0.1419	0.1471	0.1557	0.1670	0.1173	0.1141	0.1170	0.1247	0.1369	0.1546	0.0879	0.0821	0.0812	0.0846	0.0933	0.1073	0.1320
824	0.1650	0.1648	0.1632	0.1648	0.1582	0.1594	0.1591	0.1623	0.1684	0.1447	0.1425	0.1420	0.1470	0.1557	0.1669	0.1173	0.1141	0.1170	0.1247	0.1369	0.1547	0.0878	0.0821	0.0813	0.0847	0.0933	0.1075	0.1320
825	0.1651	0.1648	0.1633	0.1649	0.1583	0.1595	0.1591	0.1624	0.1685	0.1448	0.1426	0.1421	0.1471	0.1557	0.1670	0.1174	0.1141	0.1171	0.1248	0.1370	0.1547	0.0878	0.0821	0.0813	0.0847	0.0934	0.1075	0.1320
826	0.1651	0.1650	0.1633	0.1649	0.1583	0.1595	0.1592	0.1625	0.1686	0.1449	0.1426	0.1421	0.1472	0.1558	0.1671	0.1174	0.1141	0.1171	0.1250	0.1371	0.1548	0.0881	0.0822	0.0813	0.0846	0.0935	0.1075	0.1321
827	0.1653	0.1651	0.1635	0.1649	0.1584	0.1596	0.1592	0.1626	0.1686	0.1449	0.1428	0.1422	0.1473	0.1559	0.1672	0.1174	0.1142	0.1172	0.1250	0.1371	0.1548	0.0880	0.0822	0.0813	0.0847	0.0935	0.1075	0.1322
828	0.1653	0.1652	0.1635	0.1649	0.1584	0.1596	0.1592	0.1626	0.1687	0.1450	0.1428	0.1422	0.1473	0.1559	0.1673	0.1174	0.1143	0.1173	0.1250	0.1372	0.1549	0.0881	0.0823	0.0813	0.0848	0.0936	0.1075	0.1322
829	0.1654	0.1653	0.1635	0.1650	0.1585	0.1597	0.1592	0.1627	0.1688	0.1450	0.1428	0.1423	0.1474	0.1561	0.1674	0.1174	0.1143	0.1173	0.1250	0.1373	0.1550	0.0881	0.0823	0.0813	0.0848	0.0936	0.1075	0.1322
830	0.1654	0.1654	0.1637	0.1654	0.1586	0.1597	0.1595	0.1627	0.1689	0.1451	0.1430	0.1424	0.1474	0.1563	0.1674	0.1176	0.1143	0.1173	0.1253	0.1374	0.1551	0.0880	0.0825	0.0814	0.0849	0.0937	0.1077	0.1323
831	0.1654	0.1654	0.1637	0.1654	0.1587	0.1598	0.1596	0.1627	0.1689	0.1451	0.1430	0.1425	0.1475	0.1563	0.1674	0.1176	0.1144	0.1174	0.1253	0.1375	0.1551	0.0881	0.0824	0.0814	0.0848	0.0938	0.1077	0.1323
832	0.1655	0.1654	0.1637	0.1654	0.1588	0.1600	0.1597	0.1628	0.1690	0.1452	0.1431	0.1425	0.1476	0.1563	0.1675	0.1177	0.1144	0.1175	0.1252	0.1375	0.1552	0.0881	0.0823	0.0815	0.0848	0.0938	0.1077	0.1323
833	0.1656	0.1655	0.1639	0.1654	0.1588	0.1601	0.1598	0.1630	0.1692	0.1452	0.1432	0.1426	0.1477	0.1564	0.1677	0.1177	0.1144	0.1174	0.1252	0.1376	0.1554	0.0882	0.0824	0.0815	0.0849	0.0937	0.1077	0.1324
834	0.1657	0.1655	0.1640	0.1654	0.1588	0.1601	0.1597	0.1631	0.1693	0.1453	0.1432	0.1426	0.1478	0.1563	0.1677	0.1178	0.1145	0.1175	0.1253	0.1377	0.1554	0.0883	0.0823	0.0815	0.0850	0.0937	0.1079	0.1325
835	0.1657	0.1656	0.1640	0.1655	0.1588	0.1601	0.1597	0.1632	0.1693	0.1454	0.1432	0.1426	0.1478	0.1564	0.1677	0.1179	0.1146	0.1176	0.1254	0.1377	0.1554	0.0883	0.0823	0.0815	0.0850	0.0937	0.1080	0.1325
836	0.1657	0.1657	0.1641	0.1656	0.1589	0.1599	0.1598	0.1633	0.1693	0.1454	0.1432	0.1427	0.1476	0.1565	0.1677	0.1178	0.1146	0.1176	0.1254	0.1375	0.1554	0.0882	0.0825	0.0816	0.0849	0.0937	0.1080	0.1325
837	0.1658	0.1657	0.1642	0.1657	0.1589	0.1601	0.1598	0.1632	0.1693	0.1453	0.1432	0.1428	0.1477	0.1566	0.1677	0.1179	0.1146	0.1176	0.1254	0.1376	0.1554	0.0883	0.0824	0.0815	0.0850	0.0939	0.1079	0.1325
838	0.1658	0.1658	0.1641	0.1657	0.1590	0.1601	0.1598	0.1632	0.1694	0.1454	0.1434	0.1428	0.1478	0.1566	0.1678	0.1179	0.1146	0.1177	0.1255	0.1377	0.1554	0.0883	0.0825	0.0816	0.0850	0.0940	0.1079	0.1325
839	0.1659	0.1659	0.1641	0.1658	0.1591	0.1601	0.1599	0.1632	0.1694	0.1455	0.1435	0.1427	0.1479	0.1566	0.1678	0.1179	0.1147	0.1177	0.1255	0.1377	0.1555	0.0882	0.0826	0.0817	0.0851	0.0940	0.1079	0.1326
840	0.1659	0.1658	0.1642	0.1658	0.1590	0.1602	0.1601	0.1634	0.1695	0.1455	0.1435	0.1428	0.1480	0.1567	0.1680	0.1179	0.1147	0.1177	0.1255	0.1378	0.1556	0.0883	0.0826	0.0818	0.0851	0.0940	0.1080	0.1327
841	0.1659	0.1658	0.1642	0.1659	0.1592	0.1604	0.1601	0.1635	0.1696	0.1456	0.1436	0.1429	0.1481	0.1568	0.1681	0.1180	0.1147	0.1178	0.1255	0.1378	0.1557	0.0884	0.0826	0.0817	0.0851	0.0940	0.1081	0.1327
842	0.1659	0.1658	0.1643	0.1660	0.1593	0.1605	0.1601	0.1635	0.1697	0.1457	0.1436	0.1430	0.1481	0.1569	0.1681	0.1180	0.1147	0.1178	0.1256	0.1378	0.1557	0.0884	0.0826	0.0816	0.0851	0.0941	0.1081	0.1326
843	0.1659	0.1661	0.1644	0.1659	0.1593	0.1605	0.1602	0.1635	0.1696	0.1458	0.1436	0.1430	0.1481	0.1568	0.1680	0.1181	0.1149	0.1176	0.1257	0.1379	0.1556	0.0884	0.0825	0.0816	0.0853	0.0940	0.1080	0.1326
844	0.1661	0.1661	0.1644	0.1661	0.1594	0.1605	0.1603	0.1636	0.1697	0.1457	0.1436	0.1431	0.1481	0.1569	0.1680	0.1180	0.1150	0.1177	0.1257	0.1379	0.1557	0.0886	0.0827	0.0816	0.0852	0.0940	0.1081	0.1328
845	0.1662	0.1660	0.1644	0.1661	0.1594	0.1605	0.1603	0.1637	0.1698	0.1457	0.1436	0.1432	0.1482	0.1570	0.1681	0.1181	0.1150	0.1179	0.1257	0.1380	0.1558	0.0886	0.0828	0.0817	0.0852	0.0941	0.1082	0.1328
846	0.1662	0.1660	0.1644	0.1660	0.1595	0.1604	0.1604	0.1638	0.1699	0.1457	0.1437	0.1431	0.1484	0.1569	0.1683	0.1182	0.1150	0.1181	0.1258	0.1380	0.1558	0.0884	0.0827	0.0818	0.0854	0.0941	0.1082	0.1327
847	0.1662	0.1660	0.1645	0.1661	0.1594	0.1606	0.1604	0.1638	0.1699	0.1458	0.1437	0.1431	0.1482	0.1569	0.1682	0.1181	0.1149	0.1180	0.1258	0.1380	0.1558	0.0885	0.0826	0.0818	0.0853	0.0942	0.1081	0.1328
848	0.1662	0.1662	0.1645	0.1661	0.1596	0.1606	0.1604	0.1638	0.1700	0.1458	0.1438	0.1431	0.1483	0.1571	0.1683	0.1182	0.1149	0.1180	0.1259	0.1381	0.1560	0.0885	0.0827	0.0819	0.0852	0.0942	0.1082	0.1328
849	0.1663	0.1663	0.1646	0.1661	0.1597	0.1607	0.1605	0.1638	0.1701	0.1459	0.1440	0.1432	0.1484	0.1572	0.1684	0.1182	0.1150	0.1180	0.1260	0.1382	0.1561	0.0886	0.0828	0.0819	0.0853	0.0941	0.1083	0.1329
850	0.1663	0.1662	0.1646	0.1661	0.1594	0.1606	0.1605	0.1637	0.1699	0.1459	0.1438	0.1432	0.1483	0.1570	0.1685	0.1182	0.1149	0.1180	0.1259	0.1381	0.1560	0.0885	0.0826	0.0818	0.0853	0.0941	0.1083	0.1328
851	0.1663	0.1662	0.1646	0.1662	0.1595	0.1606	0.1604	0.1637	0.1699	0.1459	0.1438	0.1433	0.1483	0.1570	0.1685	0.1182	0.1150	0.1181	0.1259	0.1381	0.1560	0.0885	0.0827	0.0817	0.0853	0.0941	0.1082	0.1328
852	0.1663	0.1662	0.1645	0.1663	0.1596	0.1607	0.1604	0.1638	0.1700	0.1459	0.1438	0.1433	0.1483	0.1571	0.1684	0.1182	0.1150	0.1182	0.1258	0.1381	0.1560	0.0885	0.0828	0.0817	0.0854	0.0941	0.1081	0.1328
853	0.1662	0.1662	0.1646	0.1664	0.1596	0.1606	0.1603	0.1638	0.1699	0.1458	0.1438	0.1432	0.1483	0.1571	0.1684	0.1182	0.1149	0.1181	0.1258	0.1381	0.1559	0.0885	0.0828	0.0818	0.0854	0.0941	0.1082	0.1328
854	0.1663	0.1663	0.1648	0.1664	0.1596	0.1608	0.1605	0.1639	0.1700	0.1460	0.1439	0.1432	0.1485	0.1572	0.1685	0.1183	0.1151	0.1182	0.1258	0.1382	0.1560	0.0886	0.0827	0.0819	0.0853	0.0941	0.1083	0.1329
855	0.1664	0.1664	0.1649	0.1664	0.1597	0.1608	0.1607	0.1639	0.1702	0.1461	0.1440	0.1433	0.1486	0.1573	0.1686	0.1183	0.1151	0.1182	0.1259	0.1383	0.1561	0.0887	0.0827	0.0819	0.0854	0.0942	0.1084	0.1330
856	0.1665	0.1666	0.1648	0.1665	0.1597	0.1608	0.1606	0.1639	0.1703	0.1462	0.1440	0.1435	0.1487	0.1573	0.1686	0.1182	0.1150	0.1183	0.1260	0.1383	0.1562	0.0886	0.0828	0.0819	0.0855	0.0942	0.1085	0.1330
857	0.1663	0.1664	0.1649	0.1664	0.1596	0.1607	0.1605	0.1639	0.1702	0.1461	0.1439	0.1433	0.1486	0.1574	0.1687	0.1182	0.1150	0.1182	0.1259	0.1382	0.1561	0.0885	0.0827	0.0818	0.0854	0.0942	0.1084	0.1329
858	0.1664	0.1663	0.1649	0.1664	0.1596	0.1607	0.1606	0.1640	0.1702	0.1461	0.1439	0.1432	0.1485	0.1574	0.1687	0.1182	0.1150	0.1181	0.1260	0.1382	0.1562	0.0886	0.0828	0.0818	0.0854	0.0942	0.1083	0.1328
859	0.1665	0.1662	0.1649	0.1665	0.1596	0.1608	0.1606	0.1641	0.1703	0.1460	0.1439	0.1433	0.1485	0.1574	0.1688	0.1182	0.1151	0.1181	0.1261	0.1382	0.1562	0.0886	0.0829	0.0819	0.0854	0.0942	0.1083	0.1328
860	0.1665	0.1664	0.1648	0.1664	0.1596	0.1606	0.1607	0.1639	0.1700	0.1460	0.1438	0.1431	0.1485	0.1571	0.1688	0.1182	0.1150	0.1180	0.1259	0.1381	0.1561	0.0885	0.0826	0.0818	0.0854	0.0943	0.1083	0.1329
861	0.1666	0.1666	0.1649	0.1665	0.1597	0.1607	0.1606	0.1640	0.1701	0.1461	0.1440	0.1433	0.1486	0.1572	0.1688	0.1183	0.1151	0.1182	0.1259	0.1383	0.1561	0.0885	0.0827	0.0818	0.0855	0.0944	0.1084	0.1330
862	0.1667	0.1667	0.1650	0.1666	0.1598	0.1609	0.1607	0.1642	0.1702	0.1462	0.1441	0.1436	0.1487	0.1574	0.1688	0.1184	0.1153	0.1184	0.1260	0.1384	0.1562	0.0885	0.0828	0.0819	0.0855	0.0944	0.1085	0.1331
863	0.1666	0.1666	0.1648	0.1666	0.1598	0.1611	0.1608	0.1643	0.1703	0.1462	0.1441	0.1435	0.1488	0.1575	0.1687	0.1184	0.1152	0.1184	0.1261	0.1385	0.1564	0.0885	0.0828	0.0820	0.0854	0.0943	0.1085	0.1331
864	0.1666	0.1665	0.1649	0.1666	0.1600	0.1610	0.1608	0.1641	0.1704	0.1461	0.1440	0.1434	0.1488	0.1575	0.1688	0.1183	0.1152	0.1183	0.1260	0.1385	0.1563	0.0886	0.0827	0.0820	0.0853	0.0942	0.1086	0.1331
865	0.1666	0.1665	0.1649	0.1667	0.1600	0.1609	0.1607	0.1641	0.1704	0.1461	0.1440	0.1433	0.1487	0.1575	0.1689	0.1183	0.1151	0.1183	0.1260	0.1385	0.1563	0.0886	0.0827	0.0820	0.0854	0.0943	0.1086	0.1330
866	0.1666	0.1665	0.1650	0.1667	0.1599	0.1610	0.1606	0.1642	0.1703	0.1462	0.1440	0.1434	0.1485	0.1573	0.1689	0.1182	0.1149	0.1183	0.1261	0.1385	0.1563	0.0886	0.0828	0.0819	0.0855	0.0943	0.1084	0.1330
867	0.1665	0.1667	0.1650	0.1667	0.1599	0.1611	0.1608	0.1643	0.1703	0.1463	0.1441	0.1435	0.1486	0.1574	0.1689	0.1184	0.1150	0.1182	0.1261	0.1386	0.1564	0.0887	0.0827	0.0821	0.0855	0.0944	0.1084	0.1332
868	0.1666	0.1668	0.1650	0.1667	0.1599	0.1612	0.1609	0.1644	0.1704	0.1463	0.1441	0.1436	0.1487	0.1575	0.1689	0.1185	0.1152	0.1183	0.1262	0.1386	0.1565	0.0887	0.0828	0.0821	0.0855	0.0945	0.1085	0.1332
869	0.1668	0.1668	0.1652	0.1667	0.1599	0.1612	0.1608	0.1644	0.1705	0.1463	0.1441	0.1437	0.1488	0.1577	0.1689	0.1185	0.1153	0.1184	0.1264	0.1386	0.1564	0.0886	0.0830	0.0821	0.0856	0.0945	0.1085	0.1332
870	0.1669	0.1667	0.1653	0.1668	0.1599	0.1612	0.1608	0.1644	0.1705	0.1463	0.1442	0.1437	0.1489	0.1577	0.1690	0.1186	0.1153	0.1185	0.1264	0.1387	0.1564	0.0888	0.0830	0.0821	0.0857	0.0946	0.1087	0.1332
871	0.1669	0.1666	0.1651	0.1668	0.1600	0.1611	0.1609	0.1643	0.1705	0.1463	0.1442	0.1436	0.1489	0.1577	0.1689	0.1185	0.1153	0.1184	0.1264	0.1387	0.1564	0.0888	0.0829	0.0819	0.0856	0.0945	0.1086	0.1333
872	0.1669	0.1666	0.1651	0.1668	0.1600	0.1611	0.1610	0.1642	0.1706	0.1463	0.1442	0.1435	0.1488	0.1577	0.1690	0.1185	0.1154	0.1183	0.1263	0.1386	0.1565	0.0887	0.0828	0.0819	0.0856	0.0945	0.1085	0.1333
873	0.1670	0.1668	0.1654	0.1670	0.1600	0.1613	0.1612	0.1645	0.1706	0.1462	0.1443	0.1436	0.1490	0.1578	0.1691	0.1187	0.1154	0.1184	0.1264	0.1386	0.1566	0.0888	0.0829	0.0820	0.0857	0.0946	0.1087	0.1334
874	0.1669	0.1669	0.1654	0.1671	0.1602	0.1613	0.1612	0.1646	0.1708	0.1463	0.1443	0.1438	0.1490	0.1579	0.1692	0.1187	0.1154	0.1184	0.1264	0.1388	0.1567	0.0888	0.0830	0.0822	0.0857	0.0945	0.1086	0.1333
875	0.1669	0.1669	0.1654	0.1670	0.1602	0.1613	0.1611	0.1646	0.1708	0.1464	0.1443	0.1439	0.1490	0.1579	0.1692	0.1187	0.1155	0.1185	0.1264	0.1388	0.1566	0.0887	0.0830	0.0822	0.0857	0.0945	0.1086	0.1332
876	0.1671	0.1669	0.1656	0.1668	0.1602	0.1612	0.1612	0.1645	0.1709	0.1464	0.1443	0.1438	0.1492	0.1580	0.1690	0.1187	0.1156	0.1187	0.1264	0.1386	0.1566	0.0888	0.0830	0.0822	0.0858	0.0947	0.1087	0.1332
877	0.1670	0.1669	0.1654	0.1671	0.1601	0.1613	0.1611	0.1645	0.1708	0.1464	0.1444	0.1438	0.1490	0.1579	0.1691	0.1187	0.1156	0.1185	0.1264	0.1388	0.1568	0.0886	0.0831	0.0822	0.0857	0.0947	0.1087	0.1333
878	0.1671	0.1669	0.1654	0.1673	0.1601	0.1614	0.1612	0.1646	0.1708	0.1465	0.1445	0.1438	0.1491	0.1580	0.1692	0.1188	0.1156	0.1186	0.1265	0.1389	0.1569	0.0887	0.0831	0.0822	0.0857	0.0946	0.1088	0.1334
879	0.1671	0.1671	0.1656	0.1674	0.1602	0.1615	0.1613	0.1647	0.1709	0.1467	0.1446	0.1439	0.1492	0.1580	0.1692	0.1189	0.1156	0.1187	0.1265	0.1389	0.1568	0.0889	0.0831	0.0822	0.0857	0.0946	0.1090	0.1335
880	0.1671	0.1670	0.1656	0.1671	0.1602	0.1615	0.1612	0.1645	0.1707	0.1466	0.1443	0.1438	0.1491	0.1579	0.1693	0.1187	0.1156	0.1186	0.1264	0.1387	0.1568	0.0886	0.0832	0.0821	0.0857	0.0947	0.1089	0.1334
881	0.1672	0.1671	0.1656	0.1672	0.1602	0.1615	0.1612	0.1645	0.1708	0.1467	0.1444	0.1439	0.1491	0.1580	0.1694	0.1187	0.1155	0.1186	0.1265	0.1388	0.1569	0.0886	0.0830	0.0821	0.0857	0.0946	0.1088	0.1335
882	0.1673	0.1672	0.1656	0.1673	0.1603	0.1616	0.1613	0.1647	0.1710	0.1468	0.1445	0.1441	0.1492	0.1582	0.1696	0.1188	0.1155	0.1187	0.1266	0.1390	0.1570	0.0888	0.0829	0.0822	0.0858	0.0946	0.1088	0.1336
883	0.1674	0.1672	0.1658	0.1673	0.1604	0.1616	0.1614	0.1649	0.1710	0.1467	0.1446	0.1441	0.1493	0.1583	0.1697	0.1189	0.1157	0.1188	0.1266	0.1392	0.1571	0.0889	0.0831	0.0823	0.0856	0.0949	0.1089	0.1336
884	0.1673	0.1672	0.1657	0.1672	0.1604	0.1616	0.1613	0.1649	0.1710	0.1466	0.1446	0.1441	0.1493	0.1582	0.1696	0.1187	0.1158	0.1189	0.1263	0.1391	0.1571	0.0889	0.0831	0.0824	0.0857	0.0950	0.1089	0.1336
885	0.1673	0.1672	0.1656	0.1672	0.1604	0.1616	0.1613	0.1648	0.1711	0.1467	0.1445	0.1440	0.1493	0.1582	0.1696	0.1188	0.1157	0.1189	0.1263	0.1390	0.1571	0.0890	0.0830	0.0824	0.0859	0.0949	0.1090	0.1337
886	0.1674	0.1672	0.1657	0.1674	0.1604	0.1617	0.1613	0.1648	0.1713	0.1468	0.1446	0.1440	0.1494	0.1582	0.1698	0.1190	0.1154	0.1188	0.1266	0.1391	0.1572	0.0891	0.0831	0.0822	0.0859	0.0946	0.1090	0.1338
887	0.1675	0.1672	0.1657	0.1674	0.1606	0.1616	0.1615	0.1650	0.1714	0.1467	0.1445	0.1441	0.1494	0.1583	0.1698	0.1188	0.1155	0.1188	0.1267	0.1391	0.1570	0.0890	0.0830	0.0823	0.0859	0.0947	0.1090	0.1339
888	0.1676	0.1672	0.1657	0.1674	0.1608	0.1617	0.1615	0.1651	0.1714	0.1468	0.1445	0.1442	0.1493	0.1583	0.1698	0.1189	0.1155	0.1189	0.1268	0.1390	0.1570	0.0890	0.0831	0.0823	0.0860	0.0947	0.1089	0.1339
889	0.1676	0.1674	0.1658	0.1674	0.1609	0.1618	0.1615	0.1651	0.1713	0.1469	0.1445	0.1443	0.1493	0.1583	0.1696	0.1191	0.1155	0.1189	0.1267	0.1390	0.1570	0.0889	0.0832	0.0823	0.0860	0.0946	0.1089	0.1338
890	0.1674	0.1673	0.1657	0.1676	0.1607	0.1617	0.1616	0.1649	0.1712	0.1467	0.1446	0.1442	0.1492	0.1582	0.1696	0.1190	0.1156	0.1187	0.1268	0.1392	0.1571	0.0888	0.0832	0.0822	0.0859	0.0947	0.1090	0.1338
891	0.1674	0.1674	0.1659	0.1676	0.1608	0.1618	0.1618	0.1650	0.1713	0.1468	0.1448	0.1444	0.1494	0.1584	0.1697	0.1190	0.1158	0.1188	0.1268	0.1392	0.1572	0.0889	0.0833	0.0824	0.0859	0.0948	0.1091	0.1338
892	0.1676	0.1675	0.1660	0.1676	0.1609	0.1619	0.1619	0.1652	0.1715	0.1469	0.1449	0.1445	0.1497	0.1586	0.1699	0.1191	0.1160	0.1191	0.1268	0.1393	0.1574	0.0891	0.0834	0.0825	0.0860	0.0949	0.1092	0.1338
893	0.1677	0.1677	0.1661	0.1679	0.1609	0.1620	0.1618	0.1652	0.1716	0.1470	0.1450	0.1444	0.1497	0.1586	0.1701	0.1192	0.1159	0.1190	0.1269	0.1393	0.1574	0.0892	0.0832	0.0824	0.0860	0.0951	0.1093	0.1338
894	0.1679	0.1676	0.1661	0.1678	0.1609	0.1620	0.1619	0.1651	0.1718	0.1471	0.1449	0.1444	0.1497	0.1584	0.1701	0.1189	0.1158	0.1190	0.1269	0.1394	0.1574	0.0892	0.0830	0.0824	0.0859	0.0951	0.1091	0.1339
895	0.1680	0.1676	0.1662	0.1678	0.1610	0.1622	0.1621	0.1653	0.1719	0.1471	0.1450	0.1445	0.1497	0.1586	0.1702	0.1190	0.1159	0.1191	0.1271	0.1396	0.1575	0.0893	0.0831	0.0825	0.0860	0.0951	0.1092	0.1341
896	0.1680	0.1678	0.1665	0.1681	0.1612	0.1626	0.1622	0.1658	0.1720	0.1472	0.1454	0.1447	0.1499	0.1591	0.1703	0.1195	0.1163	0.1194	0.1274	0.1400	0.1578	0.0896	0.0836	0.0826	0.0865	0.0952	0.1096	0.1341
897	0.1679	0.1679	0.1664	0.1682	0.1610	0.1623	0.1620	0.1656	0.1719	0.1471	0.1452	0.1445	0.1499	0.1589	0.1703	0.1193	0.1160	0.1193	0.1272	0.1397	0.1577	0.0891	0.0836	0.0824	0.0863	0.0951	0.1094	0.1339
898	0.1679	0.1680	0.1664	0.1682	0.1611	0.1621	0.1620	0.1656	0.1718	0.1471	0.1452	0.1447	0.1500	0.1588	0.1703	0.1192	0.1160	0.1193	0.1272	0.1397	0.1577	0.0891	0.0835	0.0825	0.0862	0.0951	0.1093	0.1338
899	0.1680	0.1680	0.1666	0.1681	0.1612	0.1622	0.1622	0.1658	0.1718	0.1472	0.1453	0.1450	0.1501	0.1590	0.1704	0.1192	0.1163	0.1192	0.1273	0.1399	0.1578	0.0893	0.0835	0.0827	0.0861	0.0953	0.1094	0.1339
900	0.1682	0.1681	0.1667	0.1684	0.1613	0.1622	0.1624	0.1657	0.1720	0.1472	0.1451	0.1448	0.1499	0.1590	0.1703	0.1195	0.1163	0.1193	0.1274	0.1397	0.1578	0.0894	0.0835	0.0826	0.0863	0.0954	0.1093	0.1342
901	0.1684	0.1681	0.1667	0.1685	0.1615	0.1625	0.1625	0.1657	0.1720	0.1474	0.1452	0.1448	0.1501	0.1590	0.1704	0.1195	0.1163	0.1194	0.1276	0.1398	0.1580	0.0894	0.0835	0.0828	0.0864	0.0954	0.1094	0.1343
902	0.1685	0.1683	0.1667	0.1686	0.1616	0.1627	0.1625	0.1658	0.1721	0.1476	0.1454	0.1449	0.1504	0.1590	0.1705	0.1195	0.1163	0.1195	0.1277	0.1400	0.1581	0.0893	0.0835	0.0830	0.0864	0.0955	0.1095	0.1344
903	0.1687	0.1684	0.1671	0.1685	0.1615	0.1626	0.1626	0.1658	0.1725	0.1476	0.1457	0.1452	0.1504	0.1591	0.1705	0.1194	0.1164	0.1196	0.1276	0.1400	0.1581	0.0892	0.0837	0.0829	0.0864	0.0956	0.1096	0.1345
904	0.1686	0.1684	0.1670	0.1686	0.1616	0.1628	0.1626	0.1660	0.1725	0.1476	0.1456	0.1451	0.1504	0.1593	0.1706	0.1194	0.1162	0.1197	0.1276	0.1401	0.1580	0.0893	0.0837	0.0829	0.0866	0.0954	0.1095	0.1345
905	0.1686	0.1685	0.1670	0.1687	0.1616	0.1629	0.1626	0.1662	0.1725	0.1477	0.1457	0.1451	0.1505	0.1595	0.1708	0.1195	0.1162	0.1198	0.1276	0.1401	0.1580	0.0895	0.0838	0.0829	0.0866	0.0953	0.1096	0.1344
906	0.1689	0.1686	0.1671	0.1688	0.1616	0.1631	0.1627	0.1663	0.1728	0.1480	0.1459	0.1455	0.1506	0.1597	0.1711	0.1196	0.1167	0.1198	0.1274	0.1400	0.1581	0.0896	0.0839	0.0828	0.0864	0.0956	0.1099	0.1344
907	0.1688	0.1687	0.1672	0.1686	0.1616	0.1630	0.1628	0.1662	0.1727	0.1479	0.1458	0.1455	0.1507	0.1595	0.1708	0.1199	0.1167	0.1198	0.1273	0.1401	0.1581	0.0896	0.0838	0.0828	0.0865	0.0956	0.1097	0.1344
908	0.1688	0.1688	0.1672	0.1687	0.1619	0.1630	0.1629	0.1663	0.1726	0.1479	0.1458	0.1455	0.1508	0.1595	0.1709	0.1201	0.1167	0.1199	0.1275	0.1402	0.1581	0.0897	0.0840	0.0829	0.0865	0.0957	0.1097	0.1345
909	0.1689	0.1690	0.1672	0.1689	0.1623	0.1631	0.1630	0.1666	0.1726	0.1482	0.1460	0.1456	0.1509	0.1598	0.1712	0.1201	0.1167	0.1200	0.1280	0.1404	0.1583	0.0897	0.0842	0.0830	0.0864	0.0959	0.1099	0.1346
910	0.1691	0.1689	0.1674	0.1691	0.1623	0.1632	0.1630	0.1665	0.1728	0.1482	0.1460	0.1457	0.1507	0.1598	0.1714	0.1202	0.1168	0.1200	0.1280	0.1403	0.1585	0.0897	0.0840	0.0830	0.0866	0.0959	0.1099	0.1344
911	0.1692	0.1687	0.1674	0.1692	0.1622	0.1631	0.1630	0.1664	0.1727	0.1482	0.1460	0.1457	0.1506	0.1599	0.1713	0.1202	0.1169	0.1199	0.1280	0.1403	0.1585	0.0898	0.0839	0.0829	0.0867	0.0956	0.1097	0.1345
912	0.1692	0.1686	0.1673	0.1691	0.1621	0.1631	0.1631	0.1664	0.1725	0.1480	0.1461	0.1457	0.1507	0.1599	0.1712	0.1201	0.1169	0.1198	0.1279	0.1404	0.1584	0.0898	0.0838	0.0828	0.0867	0.0953	0.1095	0.1346
913	0.1690	0.1688	0.1673	0.1693	0.1620	0.1634	0.1632	0.1667	0.1728	0.1480	0.1459	0.1457	0.1509	0.1595	0.1711	0.1200	0.1166	0.1199	0.1278	0.1402	0.1586	0.0896	0.0838	0.0829	0.0866	0.0952	0.1097	0.1345
914	0.1691	0.1690	0.1676	0.1693	0.1624	0.1635	0.1633	0.1669	0.1730	0.1483	0.1463	0.1457	0.1511	0.1597	0.1715	0.1201	0.1168	0.1201	0.1280	0.1405	0.1587	0.0898	0.0840	0.0831	0.0868	0.0957	0.1099	0.1349
915	0.1694	0.1692	0.1680	0.1694	0.1628	0.1636	0.1634	0.1672	0.1732	0.1486	0.1465	0.1458	0.1512	0.1600	0.1717	0.1203	0.1171	0.1204	0.1282	0.1408	0.1589	0.0900	0.0842	0.0834	0.0869	0.0962	0.1099	0.1352
916	0.1699	0.1696	0.1682	0.1695	0.1628	0.1640	0.1638	0.1676	0.1736	0.1487	0.1463	0.1460	0.1513	0.1603	0.1717	0.1206	0.1172	0.1206	0.1284	0.1410	0.1591	0.0902	0.0844	0.0836	0.0870	0.0964	0.1098	0.1351
917	0.1698	0.1697	0.1680	0.1698	0.1627	0.1639	0.1635	0.1673	0.1737	0.1487	0.1464	0.1461	0.1513	0.1603	0.1718	0.1206	0.1172	0.1204	0.1284	0.1409	0.1591	0.0900	0.0842	0.0833	0.0870	0.0960	0.1101	0.1347
918	0.1698	0.1698	0.1680	0.1700	0.1627	0.1639	0.1635	0.1672	0.1737	0.1486	0.1465	0.1461	0.1514	0.1605	0.1720	0.1207	0.1173	0.1204	0.1284	0.1410	0.1590	0.0901	0.0843	0.0834	0.0872	0.0959	0.1103	0.1349
919	0.1700	0.1697	0.1683	0.1702	0.1628	0.1642	0.1638	0.1673	0.1737	0.1486	0.1466	0.1462	0.1517	0.1607	0.1723	0.1208	0.1175	0.1205	0.1285	0.1411	0.1590	0.0902	0.0847	0.0837	0.0875	0.0960	0.1103	0.1355
920	0.1699	0.1699	0.1683	0.1700	0.1630	0.1642	0.1641	0.1672	0.1736	0.1487	0.1467	0.1463	0.1515	0.1605	0.1721	0.1207	0.1175	0.1209	0.1285	0.1410	0.1591	0.0899	0.0845	0.0833	0.0871	0.0960	0.1101	0.1352
921	0.1699	0.1698	0.1684	0.1701	0.1630	0.1643	0.1642	0.1674	0.1737	0.1489	0.1468	0.1465	0.1516	0.1607	0.1720	0.1205	0.1174	0.1209	0.1285	0.1410	0.1592	0.0899	0.0844	0.0833	0.0870	0.0961	0.1102	0.1353
922	0.1699	0.1697	0.1685	0.1702	0.1629	0.1642	0.1641	0.1676	0.1738	0.1490	0.1468	0.1465	0.1518	0.1608	0.1722	0.1204	0.1173	0.1208	0.1286	0.1412	0.1593	0.0901	0.0842	0.0835	0.0871	0.0963	0.1102	0.1354
923	0.1701	0.1699	0.1684	0.1702	0.1633	0.1640	0.1643	0.1677	0.1740	0.1493	0.1468	0.1464	0.1516	0.1607	0.1725	0.1205	0.1174	0.1206	0.1289	0.1415	0.1595	0.0902	0.0843	0.0837	0.0873	0.0962	0.1100	0.1350
924	0.1704	0.1703	0.1687	0.1705	0.1637	0.1643	0.1644	0.1681	0.1745	0.1494	0.1472	0.1466	0.1520	0.1611	0.1725	0.1208	0.1176	0.1210	0.1293	0.1415	0.1598	0.0906	0.0845	0.0840	0.0874	0.0963	0.1105	0.1353
925	0.1707	0.1705	0.1690	0.1707	0.1639	0.1646	0.1645	0.1684	0.1747	0.1494	0.1475	0.1468	0.1523	0.1613	0.1726	0.1210	0.1178	0.1212	0.1294	0.1416	0.1598	0.0908	0.0845	0.0839	0.0875	0.0965	0.1108	0.1357
926	0.1707	0.1703	0.1692	0.1706	0.1636	0.1647	0.1645	0.1683	0.1744	0.1495	0.1474	0.1468	0.1521	0.1610	0.1727	0.1209	0.1178	0.1209	0.1290	0.1416	0.1594	0.0905	0.0844	0.0835	0.0877	0.0968	0.1106	0.1356
927	0.1709	0.1707	0.1690	0.1709	0.1638	0.1647	0.1646	0.1683	0.1747	0.1494	0.1475	0.1468	0.1523	0.1612	0.1726	0.1212	0.1181	0.1212	0.1291	0.1416	0.1597	0.0905	0.0847	0.0840	0.0873	0.0966	0.1108	0.1353
928	0.1710	0.1708	0.1690	0.1712	0.1639	0.1649	0.1648	0.1683	0.1749	0.1495	0.1476	0.1468	0.1524	0.1613	0.1725	0.1212	0.1181	0.1214	0.1291	0.1416	0.1598	0.0905	0.0848	0.0843	0.0872	0.0965	0.1108	0.1354
929	0.1710	0.1708	0.1692	0.1714	0.1640	0.1651	0.1652	0.1683	0.1749	0.1498	0.1476	0.1471	0.1523	0.1614	0.1726	0.1212	0.1178	0.1215	0.1290	0.1416	0.1598	0.0906	0.0849	0.0844	0.0874	0.0965	0.1107	0.1358
930	0.1710	0.1710	0.1695	0.1708	0.1639	0.1650	0.1652	0.1685	0.1748	0.1499	0.1474	0.1470	0.1524	0.1614	0.1731	0.1214	0.1177	0.1211	0.1291	0.1417	0.1600	0.0904	0.0846	0.0842	0.0877	0.0965	0.1107	0.1355
931	0.1712	0.1710	0.1696	0.1710	0.1642	0.1651	0.1652	0.1687	0.1749	0.1499	0.1476	0.1473	0.1527	0.1616	0.1734	0.1215	0.1180	0.1213	0.1295	0.1419	0.1601	0.0906	0.0848	0.0841	0.0878	0.0968	0.1108	0.1358
932	0.1713	0.1709	0.1698	0.1714	0.1645	0.1654	0.1653	0.1689	0.1751	0.1498	0.1480	0.1477	0.1529	0.1619	0.1735	0.1216	0.1184	0.1217	0.1299	0.1421	0.1602	0.0908	0.0851	0.0841	0.0879	0.0972	0.1109	0.1362
933	0.1714	0.1713	0.1699	0.1717	0.1641	0.1655	0.1656	0.1691	0.1751	0.1502	0.1484	0.1476	0.1528	0.1619	0.1734	0.1219	0.1185	0.1213	0.1300	0.1424	0.1605	0.0910	0.0851	0.0843	0.0881	0.0971	0.1111	0.1359
934	0.1715	0.1713	0.1700	0.1717	0.1641	0.1655	0.1656	0.1690	0.1753	0.1500	0.1486	0.1475	0.1528	0.1618	0.1734	0.1220	0.1186	0.1214	0.1298	0.1423	0.1606	0.0910	0.0852	0.0842	0.0881	0.0970	0.1112	0.1360
935	0.1715	0.1715	0.1701	0.1717	0.1643	0.1655	0.1657	0.1691	0.1753	0.1501	0.1487	0.1477	0.1529	0.1618	0.1736	0.1221	0.1187	0.1217	0.1297	0.1423	0.1608	0.0910	0.0854	0.0842	0.0881	0.0970	0.1112	0.1362
936	0.1715	0.1720	0.1703	0.1719	0.1647	0.1656	0.1660	0.1694	0.1753	0.1509	0.1487	0.1482	0.1534	0.1622	0.1742	0.1222	0.1187	0.1220	0.1301	0.1425	0.1613	0.0911	0.0857	0.0846	0.0881	0.0972	0.1112	0.1362
937	0.1715	0.1719	0.1705	0.1721	0.1646	0.1659	0.1660	0.1698	0.1756	0.1507	0.1485	0.1480	0.1532	0.1624	0.1741	0.1221	0.1188	0.1221	0.1301	0.1429	0.1612	0.0911	0.0856	0.0847	0.0882	0.0971	0.1113	0.1364
938	0.1717	0.1720	0.1704	0.1723	0.1649	0.1662	0.1661	0.1697	0.1758	0.1506	0.1484	0.1480	0.1531	0.1626	0.1741	0.1221	0.1187	0.1222	0.1301	0.1429	0.1610	0.0912	0.0856	0.0847	0.0882	0.0971	0.1114	0.1366
939	0.1720	0.1722	0.1702	0.1725	0.1656	0.1664	0.1663	0.1694	0.1759	0.1508	0.1483	0.1482	0.1532	0.1628	0.1742	0.1222	0.1186	0.1223	0.1303	0.1427	0.1606	0.0914	0.0855	0.0845	0.0880	0.0974	0.1115	0.1367
940	0.1720	0.1722	0.1704	0.1725	0.1652	0.1664	0.1663	0.1696	0.1762	0.1505	0.1487	0.1485	0.1536	0.1628	0.1742	0.1223	0.1189	0.1221	0.1301	0.1424	0.1606	0.0913	0.0853	0.0844	0.0880	0.0975	0.1117	0.1364
941	0.1721	0.1722	0.1708	0.1726	0.1653	0.1665	0.1665	0.1697	0.1763	0.1506	0.1488	0.1486	0.1539	0.1629	0.1743	0.1223	0.1193	0.1221	0.1303	0.1427	0.1608	0.0912	0.0854	0.0846	0.0882	0.0974	0.1119	0.1365
942	0.1722	0.1720	0.1712	0.1727	0.1655	0.1665	0.1667	0.1698	0.1763	0.1509	0.1489	0.1487	0.1540	0.1629	0.1744	0.1223	0.1194	0.1222	0.1305	0.1432	0.1609	0.0911	0.0856	0.0849	0.0886	0.0973	0.1119	0.1368
943	0.1721	0.1719	0.1709	0.1727	0.1653	0.1663	0.1667	0.1699	0.1764	0.1510	0.1490	0.1484	0.1538	0.1626	0.1744	0.1224	0.1191	0.1225	0.1302	0.1432	0.1611	0.0916	0.0855	0.0850	0.0886	0.0976	0.1120	0.1366
944	0.1727	0.1722	0.1710	0.1724	0.1654	0.1664	0.1665	0.1700	0.1765	0.1513	0.1492	0.1487	0.1539	0.1629	0.1743	0.1224	0.1192	0.1227	0.1304	0.1432	0.1614	0.0917	0.0857	0.0848	0.0884	0.0977	0.1119	0.1365
945	0.1732	0.1726	0.1712	0.1725	0.1655	0.1666	0.1666	0.1701	0.1765	0.1516	0.1493	0.1488	0.1541	0.1632	0.1744	0.1223	0.1195	0.1227	0.1305	0.1430	0.1615	0.0917	0.0859	0.0846	0.0883	0.0977	0.1117	0.1364
946	0.1730	0.1727	0.1715	0.1731	0.1656	0.1666	0.1672	0.1702	0.1763	0.1516	0.1492	0.1482	0.1540	0.1631	0.1748	0.1221	0.1195	0.1226	0.1301	0.1427	0.1611	0.0916	0.0860	0.0842	0.0885	0.0973	0.1112	0.1365
947	0.1730	0.1728	0.1715	0.1734	0.1656	0.1665	0.1672	0.1704	0.1760	0.1517	0.1492	0.1483	0.1541	0.1634	0.1747	0.1225	0.1194	0.1227	0.1306	0.1432	0.1614	0.0917	0.0860	0.0849	0.0884	0.0972	0.1114	0.1367
948	0.1730	0.1729	0.1714	0.1735	0.1658	0.1666	0.1672	0.1703	0.1763	0.1516	0.1493	0.1487	0.1542	0.1636	0.1748	0.1228	0.1194	0.1227	0.1308	0.1436	0.1616	0.0916	0.0859	0.0852	0.0886	0.0975	0.1117	0.1368
949	0.1730	0.1731	0.1712	0.1732	0.1660	0.1668	0.1672	0.1700	0.1774	0.1513	0.1495	0.1493	0.1543	0.1637	0.1751	0.1231	0.1194	0.1226	0.1307	0.1437	0.1618	0.0912	0.0855	0.0850	0.0889	0.0981	0.1120	0.1366
950	0.1729	0.1730	0.1718	0.1731	0.1664	0.1674	0.1671	0.1706	0.1774	0.1517	0.1497	0.1492	0.1543	0.1636	0.1749	0.1229	0.1193	0.1227	0.1306	0.1435	0.1618	0.0916	0.0861	0.0855	0.0888	0.0979	0.1121	0.1369
951	0.1730	0.1732	0.1719	0.1735	0.1664	0.1675	0.1673	0.1708	0.1773	0.1521	0.1497	0.1491	0.1546	0.1634	0.1751	0.1229	0.1196	0.1229	0.1307	0.1434	0.1618	0.0916	0.0863	0.0856	0.0887	0.0981	0.1122	0.1370
952	0.1732	0.1733	0.1717	0.1741	0.1663	0.1674	0.1675	0.1709	0.1772	0.1524	0.1495	0.1492	0.1548	0.1632	0.1755	0.1229	0.1198	0.1231	0.1307	0.1435	0.1617	0.0916	0.0862	0.0855	0.0887	0.0984	0.1122	0.1371
953	0.1734	0.1729	0.1716	0.1739	0.1665	0.1677	0.1672	0.1712	0.1774	0.1521	0.1501	0.1495	0.1547	0.1638	0.1760	0.1227	0.1194	0.1230	0.1308	0.1439	0.1620	0.0920	0.0861	0.0849	0.0887	0.0983	0.1122	0.1373
954	0.1736	0.1730	0.1720	0.1736	0.1666	0.1675	0.1676	0.1707	0.1773	0.1519	0.1498	0.1494	0.1547	0.1639	0.1754	0.1231	0.1198	0.1233	0.1310	0.1438	0.1620	0.0922	0.0862	0.0849	0.0885	0.0981	0.1122	0.1373
955	0.1736	0.1731	0.1724	0.1737	0.1666	0.1674	0.1680	0.1704	0.1772	0.1518	0.1495	0.1495	0.1549	0.1641	0.1749	0.1234	0.1202	0.1235	0.1313	0.1437	0.1619	0.0922	0.0864	0.0850	0.0886	0.0979	0.1122	0.1373
956	0.1733	0.1732	0.1724	0.1747	0.1667	0.1677	0.1683	0.1708	0.1776	0.1521	0.1497	0.1501	0.1552	0.1643	0.1753	0.1233	0.1200	0.1232	0.1315	0.1437	0.1619	0.0921	0.0863	0.0851	0.0893	0.0979	0.1125	0.1374
957	0.1734	0.1734	0.1719	0.1738	0.1663	0.1673	0.1679	0.1705	0.1777	0.1521	0.1497	0.1500	0.1550	0.1640	0.1748	0.1229	0.1195	0.1230	0.1311	0.1434	0.1617	0.0914	0.0859	0.0852	0.0890	0.0980	0.1123	0.1369
958	0.1737	0.1736	0.1720	0.1735	0.1665	0.1673	0.1678	0.1709	0.1777	0.1524	0.1500	0.1499	0.1550	0.1639	0.1751	0.1230	0.1195	0.1232	0.1309	0.1435	0.1620	0.0914	0.0858	0.0854	0.0891	0.0981	0.1123	0.1368
959	0.1741	0.1740	0.1727	0.1741	0.1673	0.1678	0.1680	0.1721	0.1778	0.1531	0.1507	0.1499	0.1552	0.1642	0.1762	0.1236	0.1203	0.1239	0.1311	0.1440	0.1629	0.0921	0.0859	0.0858	0.0897	0.0981	0.1125	0.1373
960	0.1745	0.1744	0.1728	0.1744	0.1669	0.1684	0.1681	0.1720	0.1779	0.1533	0.1502	0.1499	0.1553	0.1643	0.1761	0.1236	0.1204	0.1239	0.1312	0.1436	0.1627	0.0925	0.0867	0.0857	0.0894	0.0983	0.1123	0.1371
961	0.1746	0.1746	0.1730	0.1747	0.1672	0.1685	0.1681	0.1719	0.1780	0.1532	0.1505	0.1501	0.1554	0.1647	0.1763	0.1240	0.1204	0.1241	0.1316	0.1439	0.1627	0.0928	0.0868	0.0858	0.0893	0.0985	0.1124	0.1373
962	0.1747	0.1745	0.1732	0.1749	0.1675	0.1683	0.1682	0.1717	0.1781	0.1529	0.1511	0.1503	0.1556	0.1651	0.1765	0.1243	0.1202	0.1242	0.1321	0.1444	0.1627	0.0930	0.0866	0.0859	0.0892	0.0985	0.1126	0.1377
963	0.1745	0.1741	0.1728	0.1749	0.1667	0.1680	0.1687	0.1715	0.1781	0.1525	0.1507	0.1496	0.1558	0.1650	0.1759	0.1239	0.1200	0.1236	0.1317	0.1440	0.1623	0.0923	0.0867	0.0857	0.0890	0.0983	0.1127	0.1379
964	0.1744	0.1739	0.1724	0.1746	0.1671	0.1679	0.1683	0.1715	0.1779	0.1526	0.1504	0.1493	0.1554	0.1651	0.1758	0.1235	0.1200	0.1234	0.1315	0.1443	0.1622	0.0918	0.0865	0.0857	0.0889	0.0982	0.1125	0.1373
965	0.1744	0.1739	0.1722	0.1743	0.1676	0.1681	0.1679	0.1715	0.1778	0.1525	0.1504	0.1494	0.1552	0.1650	0.1758	0.1233	0.1201	0.1233	0.1315	0.1448	0.1625	0.0916	0.0866	0.0858	0.0889	0.0983	0.1123	0.1369
966	0.1747	0.1742	0.1722	0.1745	0.1674	0.1688	0.1682	0.1716	0.1780	0.1522	0.1510	0.1501	0.1559	0.1645	0.1761	0.1239	0.1200	0.1236	0.1315	0.1451	0.1629	0.0922	0.0874	0.0864	0.0891	0.0989	0.1122	0.1371
967	0.1751	0.1747	0.1729	0.1749	0.1678	0.1690	0.1685	0.1721	0.1788	0.1527	0.1508	0.1505	0.1562	0.1647	0.1762	0.1238	0.1205	0.1239	0.1316	0.1453	0.1630	0.0927	0.0871	0.0862	0.0894	0.0989	0.1129	0.1375
968	0.1754	0.1749	0.1732	0.1753	0.1683	0.1690	0.1689	0.1723	0.1793	0.1532	0.1510	0.1507	0.1563	0.1650	0.1766	0.1239	0.1209	0.1243	0.1320	0.1452	0.1632	0.0930	0.0868	0.0861	0.0895	0.0988	0.1132	0.1379
969	0.1758	0.1749	0.1730	0.1757	0.1690	0.1689	0.1692	0.1721	0.1793	0.1536	0.1517	0.1507	0.1561	0.1654	0.1772	0.1244	0.1212	0.1247	0.1328	0.1449	0.1633	0.0930	0.0868	0.0863	0.0892	0.0987	0.1128	0.1383
970	0.1752	0.1753	0.1733	0.1749	0.1683	0.1691	0.1684	0.1722	0.1788	0.1532	0.1515	0.1505	0.1559	0.1649	0.1767	0.1243	0.1205	0.1239	0.1319	0.1449	0.1632	0.0926	0.0865	0.0859	0.0893	0.0987	0.1130	0.1380
971	0.1747	0.1751	0.1735	0.1748	0.1679	0.1687	0.1684	0.1722	0.1785	0.1530	0.1511	0.1505	0.1557	0.1646	0.1765	0.1244	0.1205	0.1236	0.1319	0.1448	0.1632	0.0926	0.0864	0.0858	0.0894	0.0985	0.1130	0.1380
972	0.1743	0.1747	0.1738	0.1751	0.1679	0.1683	0.1690	0.1723	0.1786	0.1530	0.1509	0.1505	0.1557	0.1646	0.1765	0.1245	0.1210	0.1239	0.1324	0.1448	0.1631	0.0928	0.0866	0.0861	0.0895	0.0983	0.1128	0.1379
973	0.1751	0.1751	0.1739	0.1757	0.1684	0.1688	0.1696	0.1728	0.1792	0.1540	0.1517	0.1508	0.1563	0.1651	0.1767	0.1244	0.1215	0.1244	0.1321	0.1449	0.1629	0.0929	0.0869	0.0861	0.0893	0.0986	0.1127	0.1376
974	0.1753	0.1754	0.1737	0.1756	0.1684	0.1693	0.1693	0.1728	0.1793	0.1541	0.1515	0.1511	0.1565	0.1653	0.1769	0.1243	0.1213	0.1243	0.1322	0.1453	0.1632	0.0929	0.0873	0.0861	0.0899	0.0988	0.1129	0.1379
975	0.1755	0.1756	0.1736	0.1753	0.1684	0.1696	0.1690	0.1728	0.1792	0.1539	0.1513	0.1513	0.1564	0.1655	0.1770	0.1244	0.1210	0.1241	0.1324	0.1455	0.1635	0.0932	0.0875	0.0860	0.0903	0.0988	0.1130	0.1384
976	0.1769	0.1774	0.1772	0.1796	0.1690	0.1717	0.1724	0.1760	0.1826	0.1550	0.1532	0.1530	0.1579	0.1684	0.1798	0.1255	0.1223	0.1264	0.1349	0.1490	0.1673	0.0935	0.0878	0.0881	0.0922	0.1013	0.1158	0.1410
977	0.1767	0.1774	0.1773	0.1795	0.1692	0.1719	0.1725	0.1764	0.1831	0.1550	0.1533	0.1527	0.1583	0.1684	0.1799	0.1259	0.1222	0.1262	0.1354	0.1487	0.1673	0.0935	0.0877	0.0879	0.0922	0.1013	0.1162	0.1411
978	0.1767	0.1776	0.1777	0.1793	0.1697	0.1725	0.1721	0.1765	0.1834	0.1551	0.1536	0.1526	0.1588	0.1685	0.1806	0.1264	0.1226	0.1262	0.1355	0.1485	0.1670	0.0935	0.0873	0.0878	0.0920	0.1010	0.1164	0.1414
979	0.1769	0.1778	0.1779	0.1792	0.1699	0.1730	0.1721	0.1766	0.1835	0.1551	0.1538	0.1526	0.1592	0.1686	0.1812	0.1266	0.1228	0.1262	0.1356	0.1484	0.1668	0.0934	0.0873	0.0879	0.0920	0.1011	0.1166	0.1415
980	0.1772	0.1776	0.1777	0.1795	0.1703	0.1730	0.1724	0.1764	0.1834	0.1547	0.1538	0.1532	0.1593	0.1690	0.1813	0.1260	0.1234	0.1259	0.1355	0.1483	0.1671	0.0932	0.0879	0.0882	0.0918	0.1011	0.1166	0.1416
981	0.1776	0.1776	0.1774	0.1796	0.1706	0.1729	0.1727	0.1763	0.1834	0.1545	0.1539	0.1536	0.1594	0.1693	0.1815	0.1255	0.1240	0.1258	0.1355	0.1483	0.1673	0.0930	0.0883	0.0885	0.0917	0.1012	0.1166	0.1419
982	0.1779	0.1784	0.1777	0.1796	0.1706	0.1733	0.1730	0.1764	0.1834	0.1548	0.1540	0.1534	0.1595	0.1696	0.1817	0.1257	0.1241	0.1262	0.1357	0.1487	0.1670	0.0929	0.0879	0.0886	0.0919	0.1014	0.1165	0.1422
983	0.1782	0.1790	0.1780	0.1796	0.1706	0.1736	0.1734	0.1765	0.1834	0.1550	0.1540	0.1532	0.1595	0.1697	0.1818	0.1259	0.1242	0.1265	0.1359	0.1492	0.1668	0.0929	0.0874	0.0886	0.0920	0.1016	0.1164	0.1424
984	0.1782	0.1791	0.1780	0.1797	0.1705	0.1734	0.1727	0.1765	0.1834	0.1551	0.1539	0.1532	0.1594	0.1694	0.1816	0.1256	0.1243	0.1269	0.1358	0.1492	0.1671	0.0929	0.0875	0.0884	0.0919	0.1014	0.1168	0.1420
985	0.1781	0.1791	0.1779	0.1798	0.1705	0.1730	0.1719	0.1764	0.1833	0.1552	0.1539	0.1533	0.1592	0.1690	0.1815	0.1253	0.1243	0.1274	0.1356	0.1492	0.1674	0.0928	0.0878	0.0881	0.0920	0.1013	0.1172	0.1416
986	0.1782	0.1786	0.1779	0.1799	0.1707	0.1731	0.1717	0.1767	0.1836	0.1555	0.1541	0.1535	0.1593	0.1690	0.1819	0.1254	0.1240	0.1276	0.1358	0.1496	0.1675	0.0929	0.0880	0.0881	0.0922	0.1017	0.1171	0.1418
987	0.1784	0.1780	0.1779	0.1800	0.1709	0.1733	0.1718	0.1771	0.1840	0.1558	0.1542	0.1536	0.1593	0.1690	0.1824	0.1256	0.1238	0.1276	0.1360	0.1500	0.1677	0.0933	0.0880	0.0882	0.0924	0.1021	0.1168	0.1421
988	0.1784	0.1782	0.1781	0.1801	0.1709	0.1732	0.1723	0.1770	0.1841	0.1556	0.1545	0.1538	0.1595	0.1692	0.1823	0.1257	0.1238	0.1273	0.1361	0.1500	0.1680	0.0935	0.0880	0.0881	0.0924	0.1021	0.1170	0.1426
989	0.1782	0.1788	0.1784	0.1802	0.1711	0.1731	0.1726	0.1768	0.1841	0.1552	0.1549	0.1539	0.1595	0.1694	0.1822	0.1259	0.1241	0.1269	0.1363	0.1501	0.1682	0.0935	0.0881	0.0880	0.0921	0.1019	0.1173	0.1430
990	0.1783	0.1793	0.1788	0.1804	0.1713	0.1732	0.1726	0.1767	0.1844	0.1553	0.1548	0.1539	0.1595	0.1697	0.1825	0.1260	0.1243	0.1270	0.1361	0.1502	0.1682	0.0935	0.0883	0.0882	0.0920	0.1019	0.1177	0.1432
991	0.1784	0.1795	0.1790	0.1805	0.1713	0.1732	0.1723	0.1766	0.1846	0.1557	0.1543	0.1541	0.1596	0.1697	0.1828	0.1259	0.1243	0.1274	0.1359	0.1499	0.1682	0.0935	0.0886	0.0886	0.0921	0.1019	0.1180	0.1432
992	0.1787	0.1794	0.1789	0.1807	0.1714	0.1733	0.1723	0.1770	0.1846	0.1559	0.1542	0.1545	0.1598	0.1698	0.1829	0.1259	0.1240	0.1275	0.1361	0.1495	0.1682	0.0935	0.0888	0.0888	0.0922	0.1020	0.1180	0.1432
993	0.1790	0.1794	0.1788	0.1808	0.1714	0.1735	0.1726	0.1776	0.1846	0.1559	0.1545	0.1546	0.1600	0.1701	0.1828	0.1263	0.1234	0.1274	0.1365	0.1493	0.1684	0.0936	0.0888	0.0889	0.0922	0.1021	0.1178	0.1431
994	0.1793	0.1795	0.1785	0.1807	0.1712	0.1735	0.1730	0.1779	0.1846	0.1557	0.1547	0.1545	0.1601	0.1702	0.1828	0.1268	0.1231	0.1273	0.1366	0.1493	0.1686	0.0937	0.0887	0.0890	0.0922	0.1022	0.1176	0.1430
995	0.1797	0.1795	0.1781	0.1807	0.1714	0.1735	0.1735	0.1778	0.1850	0.1558	0.1548	0.1546	0.1601	0.1700	0.1829	0.1268	0.1236	0.1271	0.1362	0.1497	0.1684	0.0936	0.0886	0.0888	0.0919	0.1022	0.1173	0.1430
996	0.1799	0.1795	0.1780	0.1808	0.1716	0.1735	0.1739	0.1777	0.1854	0.1559	0.1549	0.1547	0.1601	0.1699	0.1829	0.1267	0.1240	0.1272	0.1360	0.1500	0.1683	0.0935	0.0885	0.0885	0.0918	0.1022	0.1170	0.1430
997	0.1796	0.1799	0.1781	0.1810	0.1715	0.1737	0.1737	0.1779	0.1853	0.1557	0.1550	0.1547	0.1602	0.1703	0.1827	0.1271	0.1239	0.1273	0.1363	0.1500	0.1686	0.0938	0.0884	0.0886	0.0920	0.1022	0.1171	0.1434
998	0.1794	0.1803	0.1782	0.1812	0.1713	0.1737	0.1735	0.1781	0.1852	0.1555	0.1551	0.1548	0.1601	0.1706	0.1825	0.1275	0.1238	0.1274	0.1365	0.1499	0.1690	0.0942	0.0884	0.0887	0.0921	0.1023	0.1173	0.1438
999	0.1791	0.1802	0.1786	0.1817	0.1713	0.1735	0.1739	0.1781	0.1852	0.1558	0.1554	0.1550	0.1600	0.1705	0.1830	0.1277	0.1240	0.1275	0.1366	0.1503	0.1689	0.0944	0.0889	0.0888	0.0922	0.1026	0.1175	0.1437
1000	0.1789	0.1800	0.1790	0.1823	0.1714	0.1733	0.1742	0.1782	0.1853	0.1562	0.1557	0.1552	0.1600	0.1703	0.1836	0.1279	0.1242	0.1278	0.1365	0.1508	0.1689	0.0945	0.0894	0.0888	0.0924	0.1030	0.1176	0.1434
1001	0.1789	0.1799	0.1790	0.1824	0.1714	0.1736	0.1739	0.1785	0.1855	0.1564	0.1557	0.1552	0.1604	0.1705	0.1838	0.1277	0.1242	0.1282	0.1364	0.1509	0.1690	0.0940	0.0893	0.0887	0.0927	0.1031	0.1172	0.1435
1002	0.1792	0.1799	0.1789	0.1823	0.1714	0.1740	0.1737	0.1788	0.1857	0.1565	0.1557	0.1553	0.1608	0.1709	0.1838	0.1275	0.1242	0.1286	0.1363	0.1510	0.1692	0.0935	0.0891	0.0886	0.0929	0.1031	0.1168	0.1436
1003	0.1798	0.1803	0.1788	0.1820	0.1715	0.1740	0.1741	0.1786	0.1859	0.1561	0.1556	0.1556	0.1609	0.1709	0.1838	0.1275	0.1241	0.1283	0.1363	0.1513	0.1695	0.0938	0.0889	0.0887	0.0930	0.1032	0.1170	0.1436
1004	0.1801	0.1807	0.1784	0.1817	0.1718	0.1738	0.1744	0.1784	0.1860	0.1556	0.1557	0.1558	0.1609	0.1706	0.1839	0.1274	0.1243	0.1281	0.1363	0.1515	0.1696	0.0941	0.0887	0.0890	0.0930	0.1034	0.1172	0.1435
1005	0.1801	0.1807	0.1786	0.1816	0.1720	0.1739	0.1744	0.1784	0.1860	0.1558	0.1560	0.1557	0.1610	0.1708	0.1840	0.1273	0.1244	0.1282	0.1362	0.1512	0.1696	0.0940	0.0888	0.0891	0.0931	0.1032	0.1170	0.1434
1006	0.1804	0.1806	0.1793	0.1818	0.1723	0.1741	0.1741	0.1784	0.1860	0.1563	0.1562	0.1555	0.1613	0.1712	0.1840	0.1274	0.1246	0.1283	0.1363	0.1509	0.1696	0.0938	0.0889	0.0891	0.0931	0.1030	0.1170	0.1433
1007	0.1805	0.1806	0.1798	0.1822	0.1723	0.1740	0.1741	0.1785	0.1861	0.1567	0.1560	0.1553	0.1616	0.1715	0.1839	0.1274	0.1251	0.1285	0.1367	0.1507	0.1697	0.0938	0.0889	0.0893	0.0929	0.1030	0.1174	0.1435
1008	0.1802	0.1810	0.1799	0.1826	0.1722	0.1738	0.1746	0.1785	0.1860	0.1566	0.1557	0.1550	0.1616	0.1717	0.1842	0.1274	0.1251	0.1287	0.1368	0.1507	0.1697	0.0941	0.0890	0.0894	0.0927	0.1031	0.1182	0.1439
1009	0.1800	0.1811	0.1796	0.1825	0.1718	0.1737	0.1748	0.1785	0.1858	0.1565	0.1557	0.1551	0.1616	0.1716	0.1844	0.1274	0.1249	0.1289	0.1369	0.1508	0.1696	0.0942	0.0890	0.0893	0.0928	0.1031	0.1187	0.1441
1010	0.1800	0.1810	0.1792	0.1820	0.1714	0.1737	0.1744	0.1786	0.1856	0.1564	0.1558	0.1554	0.1615	0.1715	0.1843	0.1275	0.1246	0.1289	0.1370	0.1509	0.1698	0.0944	0.0887	0.0893	0.0931	0.1028	0.1190	0.1442
1011	0.1802	0.1811	0.1792	0.1818	0.1713	0.1740	0.1741	0.1788	0.1856	0.1565	0.1557	0.1556	0.1615	0.1716	0.1843	0.1275	0.1245	0.1290	0.1372	0.1512	0.1699	0.0947	0.0887	0.0893	0.0934	0.1027	0.1194	0.1444
1012	0.1805	0.1815	0.1794	0.1821	0.1718	0.1743	0.1742	0.1788	0.1859	0.1569	0.1557	0.1557	0.1617	0.1716	0.1846	0.1274	0.1247	0.1292	0.1372	0.1516	0.1700	0.0947	0.0888	0.0894	0.0934	0.1030	0.1193	0.1446
1013	0.1807	0.1817	0.1796	0.1823	0.1722	0.1746	0.1742	0.1790	0.1861	0.1571	0.1558	0.1559	0.1618	0.1714	0.1851	0.1273	0.1250	0.1292	0.1371	0.1519	0.1701	0.0944	0.0889	0.0895	0.0933	0.1033	0.1190	0.1447
1014	0.1805	0.1817	0.1800	0.1825	0.1725	0.1747	0.1742	0.1791	0.1863	0.1571	0.1558	0.1559	0.1620	0.1714	0.1853	0.1273	0.1251	0.1293	0.1372	0.1519	0.1704	0.0940	0.0889	0.0896	0.0933	0.1032	0.1186	0.1450
1015	0.1804	0.1816	0.1804	0.1828	0.1727	0.1748	0.1744	0.1790	0.1864	0.1571	0.1557	0.1559	0.1622	0.1715	0.1853	0.1274	0.1250	0.1294	0.1372	0.1521	0.1706	0.0936	0.0889	0.0896	0.0935	0.1030	0.1184	0.1452
1016	0.1806	0.1815	0.1803	0.1830	0.1724	0.1749	0.1746	0.1790	0.1866	0.1572	0.1558	0.1557	0.1621	0.1717	0.1849	0.1276	0.1251	0.1293	0.1373	0.1523	0.1703	0.0938	0.0889	0.0894	0.0937	0.1032	0.1183	0.1453
1017	0.1810	0.1814	0.1802	0.1832	0.1722	0.1749	0.1748	0.1792	0.1868	0.1574	0.1560	0.1555	0.1618	0.1716	0.1846	0.1277	0.1252	0.1293	0.1375	0.1523	0.1702	0.0941	0.0889	0.0894	0.0938	0.1033	0.1183	0.1453
1018	0.1812	0.1816	0.1801	0.1831	0.1724	0.1749	0.1750	0.1794	0.1868	0.1575	0.1563	0.1559	0.1615	0.1716	0.1850	0.1276	0.1252	0.1293	0.1377	0.1522	0.1704	0.0945	0.0889	0.0896	0.0939	0.1033	0.1185	0.1452
1019	0.1813	0.1817	0.1799	0.1829	0.1726	0.1750	0.1752	0.1796	0.1868	0.1575	0.1565	0.1565	0.1615	0.1718	0.1855	0.1273	0.1251	0.1292	0.1378	0.1522	0.1706	0.0949	0.0888	0.0898	0.0942	0.1034	0.1186	0.1450
1020	0.1812	0.1818	0.1801	0.1832	0.1727	0.1752	0.1752	0.1795	0.1870	0.1575	0.1565	0.1566	0.1620	0.1721	0.1855	0.1274	0.1250	0.1293	0.1376	0.1522	0.1708	0.0948	0.0888	0.0895	0.0944	0.1036	0.1186	0.1450
1021	0.1812	0.1819	0.1802	0.1835	0.1728	0.1754	0.1751	0.1793	0.1872	0.1577	0.1563	0.1567	0.1623	0.1721	0.1855	0.1279	0.1251	0.1295	0.1376	0.1521	0.1712	0.0945	0.0889	0.0894	0.0946	0.1036	0.1186	0.1450
1022	0.1814	0.1819	0.1805	0.1836	0.1730	0.1751	0.1753	0.1795	0.1872	0.1578	0.1563	0.1568	0.1624	0.1723	0.1855	0.1280	0.1253	0.1296	0.1379	0.1520	0.1714	0.0942	0.0890	0.0896	0.0945	0.1038	0.1186	0.1450
1023	0.1815	0.1821	0.1810	0.1837	0.1730	0.1746	0.1753	0.1799	0.1870	0.1577	0.1565	0.1568	0.1625	0.1727	0.1853	0.1275	0.1256	0.1295	0.1381	0.1519	0.1713	0.0942	0.0894	0.0899	0.0945	0.1039	0.1186	0.1451
1024	0.1813	0.1823	0.1816	0.1840	0.1729	0.1746	0.1752	0.1800	0.1870	0.1575	0.1568	0.1569	0.1624	0.1729	0.1851	0.1276	0.1258	0.1293	0.1383	0.1517	0.1711	0.0944	0.0896	0.0899	0.0943	0.1040	0.1187	0.1452
1025	0.1811	0.1825	0.1816	0.1840	0.1731	0.1748	0.1750	0.1798	0.1874	0.1574	0.1569	0.1568	0.1623	0.1728	0.1852	0.1281	0.1257	0.1291	0.1386	0.1516	0.1710	0.0946	0.0891	0.0900	0.0938	0.1043	0.1191	0.1453
1026	0.1809	0.1826	0.1813	0.1839	0.1733	0.1748	0.1751	0.1797	0.1877	0.1573	0.1567	0.1568	0.1624	0.1728	0.1853	0.1282	0.1256	0.1291	0.1389	0.1515	0.1712	0.0946	0.0888	0.0901	0.0935	0.1044	0.1193	0.1454
1027	0.1812	0.1825	0.1812	0.1838	0.1731	0.1749	0.1754	0.1797	0.1878	0.1574	0.1568	0.1571	0.1626	0.1727	0.1856	0.1279	0.1257	0.1291	0.1388	0.1517	0.1713	0.0946	0.0889	0.0900	0.0936	0.1044	0.1192	0.1452
1028	0.1815	0.1824	0.1812	0.1838	0.1731	0.1752	0.1755	0.1798	0.1878	0.1577	0.1570	0.1572	0.1628	0.1727	0.1858	0.1278	0.1258	0.1290	0.1387	0.1520	0.1715	0.0946	0.0892	0.0899	0.0938	0.1044	0.1192	0.1449
1029	0.1817	0.1823	0.1809	0.1840	0.1733	0.1753	0.1754	0.1802	0.1878	0.1578	0.1571	0.1568	0.1630	0.1728	0.1860	0.1279	0.1259	0.1289	0.1390	0.1523	0.1718	0.0946	0.0895	0.0900	0.0939	0.1043	0.1195	0.1450
1030	0.1818	0.1822	0.1807	0.1843	0.1736	0.1753	0.1755	0.1804	0.1878	0.1578	0.1571	0.1565	0.1631	0.1729	0.1862	0.1280	0.1259	0.1290	0.1391	0.1524	0.1720	0.0947	0.0896	0.0899	0.0941	0.1041	0.1198	0.1453
1031	0.1818	0.1822	0.1809	0.1845	0.1736	0.1756	0.1757	0.1805	0.1879	0.1581	0.1570	0.1565	0.1633	0.1729	0.1863	0.1280	0.1258	0.1294	0.1391	0.1523	0.1721	0.0950	0.0895	0.0898	0.0945	0.1041	0.1198	0.1455
1032	0.1818	0.1822	0.1811	0.1844	0.1735	0.1758	0.1760	0.1808	0.1880	0.1583	0.1570	0.1567	0.1636	0.1727	0.1864	0.1281	0.1258	0.1298	0.1389	0.1522	0.1721	0.0953	0.0895	0.0898	0.0948	0.1042	0.1197	0.1456
1033	0.1820	0.1822	0.1813	0.1841	0.1736	0.1759	0.1762	0.1810	0.1882	0.1583	0.1574	0.1570	0.1637	0.1727	0.1864	0.1285	0.1258	0.1298	0.1388	0.1525	0.1721	0.0953	0.0896	0.0900	0.0946	0.1043	0.1198	0.1456
1034	0.1821	0.1822	0.1815	0.1839	0.1738	0.1759	0.1763	0.1810	0.1882	0.1583	0.1579	0.1573	0.1636	0.1728	0.1866	0.1288	0.1258	0.1298	0.1386	0.1529	0.1720	0.0952	0.0896	0.0902	0.0943	0.1043	0.1199	0.1457
1035	0.1823	0.1826	0.1817	0.1840	0.1738	0.1760	0.1764	0.1810	0.1881	0.1583	0.1579	0.1574	0.1631	0.1731	0.1866	0.1288	0.1259	0.1301	0.1384	0.1532	0.1720	0.0955	0.0897	0.0904	0.0944	0.1044	0.1197	0.1460
1036	0.1825	0.1830	0.1819	0.1843	0.1739	0.1760	0.1766	0.1809	0.1882	0.1583	0.1575	0.1574	0.1629	0.1737	0.1866	0.1288	0.1263	0.1305	0.1384	0.1535	0.1721	0.0958	0.0898	0.0904	0.0947	0.1045	0.1194	0.1463
1037	0.1824	0.1832	0.1818	0.1844	0.1741	0.1760	0.1765	0.1808	0.1882	0.1584	0.1573	0.1572	0.1630	0.1737	0.1870	0.1286	0.1267	0.1307	0.1385	0.1534	0.1723	0.0957	0.0898	0.0905	0.0947	0.1044	0.1195	0.1464
1038	0.1821	0.1834	0.1817	0.1846	0.1743	0.1759	0.1762	0.1809	0.1884	0.1584	0.1572	0.1572	0.1631	0.1735	0.1872	0.1283	0.1267	0.1306	0.1386	0.1530	0.1724	0.0953	0.0898	0.0905	0.0946	0.1045	0.1196	0.1463
1039	0.1821	0.1837	0.1815	0.1847	0.1742	0.1760	0.1763	0.1812	0.1884	0.1584	0.1576	0.1575	0.1631	0.1735	0.1870	0.1283	0.1264	0.1305	0.1389	0.1528	0.1727	0.0951	0.0898	0.0904	0.0947	0.1046	0.1197	0.1462
1040	0.1822	0.1837	0.1815	0.1849	0.1742	0.1763	0.1766	0.1815	0.1882	0.1583	0.1578	0.1579	0.1633	0.1734	0.1868	0.1283	0.1265	0.1305	0.1392	0.1528	0.1728	0.0953	0.0898	0.0905	0.0949	0.1046	0.1197	0.1462
1041	0.1822	0.1837	0.1817	0.1852	0.1744	0.1765	0.1767	0.1814	0.1881	0.1581	0.1579	0.1581	0.1635	0.1733	0.1868	0.1282	0.1267	0.1307	0.1396	0.1528	0.1728	0.0954	0.0899	0.0906	0.0948	0.1046	0.1199	0.1462
1042	0.1820	0.1837	0.1818	0.1853	0.1745	0.1766	0.1765	0.1812	0.1886	0.1584	0.1579	0.1579	0.1637	0.1737	0.1868	0.1285	0.1269	0.1308	0.1396	0.1531	0.1728	0.0955	0.0898	0.0906	0.0947	0.1046	0.1200	0.1463
1043	0.1820	0.1836	0.1819	0.1851	0.1745	0.1767	0.1763	0.1811	0.1890	0.1586	0.1580	0.1578	0.1637	0.1740	0.1868	0.1288	0.1271	0.1307	0.1397	0.1532	0.1727	0.0954	0.0899	0.0907	0.0947	0.1047	0.1201	0.1464
1044	0.1822	0.1834	0.1821	0.1850	0.1746	0.1769	0.1764	0.1812	0.1890	0.1585	0.1581	0.1576	0.1638	0.1739	0.1871	0.1287	0.1272	0.1306	0.1400	0.1533	0.1726	0.0950	0.0901	0.0907	0.0946	0.1047	0.1200	0.1465
1045	0.1824	0.1833	0.1823	0.1850	0.1747	0.1770	0.1767	0.1814	0.1890	0.1587	0.1580	0.1574	0.1638	0.1738	0.1874	0.1285	0.1271	0.1306	0.1402	0.1533	0.1727	0.0949	0.0902	0.0906	0.0946	0.1048	0.1199	0.1466
1046	0.1823	0.1834	0.1826	0.1849	0.1748	0.1770	0.1771	0.1816	0.1890	0.1590	0.1578	0.1573	0.1637	0.1740	0.1875	0.1286	0.1270	0.1304	0.1401	0.1534	0.1727	0.0951	0.0905	0.0905	0.0948	0.1047	0.1199	0.1465
1047	0.1823	0.1836	0.1828	0.1848	0.1750	0.1771	0.1775	0.1818	0.1890	0.1593	0.1578	0.1574	0.1638	0.1744	0.1875	0.1288	0.1269	0.1304	0.1400	0.1534	0.1727	0.0953	0.0907	0.0906	0.0950	0.1046	0.1200	0.1464
1048	0.1824	0.1837	0.1829	0.1849	0.1752	0.1771	0.1774	0.1818	0.1890	0.1593	0.1578	0.1574	0.1641	0.1747	0.1873	0.1289	0.1267	0.1307	0.1399	0.1534	0.1729	0.0953	0.0908	0.0906	0.0949	0.1047	0.1200	0.1465
1049	0.1824	0.1837	0.1830	0.1852	0.1753	0.1770	0.1772	0.1819	0.1890	0.1592	0.1579	0.1575	0.1642	0.1748	0.1872	0.1290	0.1267	0.1310	0.1399	0.1535	0.1730	0.0953	0.0908	0.0905	0.0947	0.1049	0.1201	0.1467
1050	0.1824	0.1835	0.1830	0.1855	0.1753	0.1772	0.1772	0.1820	0.1893	0.1591	0.1580	0.1578	0.1641	0.1748	0.1872	0.1291	0.1268	0.1309	0.1400	0.1536	0.1731	0.0954	0.0906	0.0905	0.0946	0.1047	0.1203	0.1468
1051	0.1825	0.1835	0.1830	0.1856	0.1752	0.1773	0.1773	0.1822	0.1897	0.1592	0.1583	0.1580	0.1639	0.1746	0.1873	0.1292	0.1270	0.1308	0.1399	0.1536	0.1732	0.0955	0.0904	0.0906	0.0945	0.1047	0.1206	0.1468
1052	0.1827	0.1836	0.1832	0.1856	0.1752	0.1776	0.1774	0.1822	0.1898	0.1593	0.1586	0.1583	0.1641	0.1744	0.1875	0.1291	0.1269	0.1308	0.1399	0.1538	0.1735	0.0955	0.0904	0.0907	0.0945	0.1048	0.1207	0.1468
1053	0.1829	0.1837	0.1832	0.1856	0.1751	0.1778	0.1775	0.1820	0.1899	0.1593	0.1586	0.1587	0.1643	0.1743	0.1878	0.1291	0.1270	0.1306	0.1400	0.1539	0.1738	0.0957	0.0903	0.0907	0.0947	0.1049	0.1208	0.1469
1054	0.1831	0.1837	0.1832	0.1856	0.1750	0.1778	0.1776	0.1820	0.1899	0.1593	0.1586	0.1587	0.1645	0.1745	0.1880	0.1292	0.1270	0.1305	0.1399	0.1538	0.1737	0.0958	0.0904	0.0907	0.0948	0.1048	0.1207	0.1470
1055	0.1833	0.1838	0.1832	0.1856	0.1750	0.1778	0.1776	0.1821	0.1898	0.1592	0.1589	0.1585	0.1646	0.1746	0.1881	0.1291	0.1271	0.1308	0.1400	0.1537	0.1736	0.0959	0.0904	0.0908	0.0947	0.1047	0.1208	0.1471
1056	0.1832	0.1839	0.1833	0.1854	0.1751	0.1780	0.1776	0.1822	0.1898	0.1592	0.1591	0.1585	0.1646	0.1748	0.1882	0.1291	0.1273	0.1310	0.1403	0.1540	0.1736	0.0959	0.0905	0.0910	0.0946	0.1049	0.1211	0.1472
1057	0.1832	0.1839	0.1833	0.1854	0.1753	0.1778	0.1777	0.1823	0.1899	0.1593	0.1589	0.1586	0.1646	0.1747	0.1882	0.1293	0.1275	0.1312	0.1403	0.1544	0.1738	0.0959	0.0906	0.0910	0.0947	0.1051	0.1211	0.1472
1058	0.1833	0.1838	0.1834	0.1856	0.1754	0.1778	0.1778	0.1824	0.1899	0.1594	0.1588	0.1587	0.1646	0.1747	0.1882	0.1293	0.1276	0.1314	0.1402	0.1546	0.1740	0.0957	0.0906	0.0910	0.0949	0.1053	0.1211	0.1471
1059	0.1833	0.1837	0.1834	0.1857	0.1755	0.1779	0.1779	0.1825	0.1897	0.1596	0.1587	0.1586	0.1646	0.1748	0.1882	0.1294	0.1276	0.1316	0.1402	0.1544	0.1742	0.0954	0.0905	0.0909	0.0949	0.1052	0.1211	0.1471
1060	0.1834	0.1840	0.1834	0.1857	0.1758	0.1778	0.1780	0.1824	0.1897	0.1599	0.1587	0.1585	0.1647	0.1750	0.1882	0.1296	0.1276	0.1316	0.1402	0.1544	0.1743	0.0954	0.0906	0.0907	0.0949	0.1051	0.1210	0.1472
1061	0.1836	0.1844	0.1835	0.1859	0.1760	0.1779	0.1780	0.1824	0.1900	0.1601	0.1589	0.1585	0.1649	0.1751	0.1882	0.1298	0.1276	0.1316	0.1404	0.1546	0.1743	0.0956	0.0908	0.0905	0.0951	0.1052	0.1209	0.1472
1062	0.1836	0.1846	0.1838	0.1860	0.1761	0.1780	0.1780	0.1825	0.1903	0.1601	0.1592	0.1585	0.1650	0.1753	0.1881	0.1298	0.1277	0.1316	0.1407	0.1548	0.1743	0.0958	0.0909	0.0906	0.0953	0.1054	0.1209	0.1472
1063	0.1835	0.1845	0.1839	0.1861	0.1761	0.1782	0.1782	0.1827	0.1906	0.1601	0.1593	0.1586	0.1651	0.1755	0.1883	0.1298	0.1278	0.1316	0.1408	0.1550	0.1743	0.0959	0.0908	0.0908	0.0955	0.1057	0.1211	0.1474
1064	0.1833	0.1842	0.1839	0.1862	0.1763	0.1783	0.1784	0.1829	0.1907	0.1602	0.1592	0.1586	0.1650	0.1756	0.1886	0.1298	0.1278	0.1315	0.1407	0.1552	0.1743	0.0960	0.0907	0.0909	0.0957	0.1059	0.1212	0.1475
1065	0.1833	0.1841	0.1839	0.1863	0.1764	0.1784	0.1786	0.1831	0.1907	0.1601	0.1591	0.1587	0.1649	0.1756	0.1888	0.1299	0.1278	0.1314	0.1406	0.1551	0.1744	0.0961	0.0906	0.0909	0.0957	0.1059	0.1213	0.1477
1066	0.1834	0.1842	0.1839	0.1864	0.1764	0.1785	0.1786	0.1832	0.1908	0.1600	0.1590	0.1588	0.1648	0.1756	0.1888	0.1300	0.1278	0.1314	0.1406	0.1550	0.1745	0.0961	0.0908	0.0908	0.0957	0.1059	0.1214	0.1478
1067	0.1835	0.1845	0.1838	0.1864	0.1764	0.1786	0.1786	0.1832	0.1908	0.1599	0.1589	0.1588	0.1649	0.1757	0.1888	0.1300	0.1278	0.1315	0.1407	0.1548	0.1746	0.0960	0.0910	0.0908	0.0956	0.1060	0.1214	0.1478
1068	0.1835	0.1846	0.1838	0.1864	0.1765	0.1787	0.1787	0.1832	0.1908	0.1598	0.1590	0.1589	0.1650	0.1759	0.1889	0.1299	0.1277	0.1316	0.1407	0.1547	0.1748	0.0960	0.0910	0.0909	0.0955	0.1058	0.1214	0.1477
1069	0.1835	0.1846	0.1837	0.1864	0.1764	0.1787	0.1789	0.1832	0.1908	0.1598	0.1589	0.1590	0.1652	0.1760	0.1891	0.1299	0.1277	0.1317	0.1407	0.1549	0.1749	0.0962	0.0910	0.0911	0.0955	0.1055	0.1213	0.1477
1070	0.1837	0.1848	0.1838	0.1866	0.1764	0.1787	0.1791	0.1833	0.1910	0.1600	0.1589	0.1590	0.1653	0.1760	0.1893	0.1299	0.1277	0.1317	0.1408	0.1552	0.1749	0.0962	0.0911	0.0912	0.0956	0.1053	0.1214	0.1480
1071	0.1838	0.1848	0.1840	0.1867	0.1765	0.1787	0.1791	0.1833	0.1911	0.1603	0.1592	0.1590	0.1653	0.1760	0.1893	0.1300	0.1278	0.1318	0.1410	0.1554	0.1748	0.0963	0.0911	0.0913	0.0957	0.1054	0.1216	0.1483
1072	0.1839	0.1848	0.1840	0.1866	0.1765	0.1789	0.1792	0.1835	0.1911	0.1603	0.1595	0.1592	0.1655	0.1762	0.1894	0.1301	0.1281	0.1318	0.1411	0.1553	0.1749	0.0962	0.0912	0.0914	0.0956	0.1055	0.1218	0.1484
1073	0.1841	0.1848	0.1839	0.1868	0.1766	0.1788	0.1791	0.1836	0.1912	0.1602	0.1595	0.1593	0.1657	0.1763	0.1896	0.1302	0.1282	0.1318	0.1411	0.1554	0.1751	0.0960	0.0913	0.0915	0.0955	0.1057	0.1220	0.1484
1074	0.1845	0.1849	0.1840	0.1870	0.1766	0.1789	0.1791	0.1837	0.1913	0.1604	0.1594	0.1593	0.1658	0.1761	0.1897	0.1304	0.1283	0.1319	0.1412	0.1555	0.1751	0.0960	0.0914	0.0917	0.0954	0.1056	0.1221	0.1486
1075	0.1847	0.1851	0.1842	0.1867	0.1765	0.1791	0.1791	0.1839	0.1914	0.1607	0.1595	0.1593	0.1659	0.1760	0.1898	0.1303	0.1284	0.1320	0.1413	0.1555	0.1751	0.0961	0.0915	0.0918	0.0953	0.1058	0.1219	0.1489
1076	0.1848	0.1853	0.1844	0.1866	0.1767	0.1793	0.1793	0.1840	0.1915	0.1607	0.1597	0.1593	0.1661	0.1763	0.1898	0.1303	0.1285	0.1321	0.1413	0.1557	0.1752	0.0964	0.0915	0.0917	0.0952	0.1060	0.1219	0.1491
1077	0.1848	0.1853	0.1845	0.1867	0.1768	0.1793	0.1795	0.1841	0.1916	0.1608	0.1598	0.1595	0.1662	0.1766	0.1900	0.1304	0.1285	0.1322	0.1413	0.1559	0.1754	0.0965	0.0914	0.0919	0.0954	0.1060	0.1220	0.1492
1078	0.1849	0.1853	0.1846	0.1870	0.1767	0.1793	0.1797	0.1842	0.1916	0.1608	0.1598	0.1597	0.1663	0.1768	0.1902	0.1305	0.1285	0.1322	0.1412	0.1560	0.1756	0.0964	0.0914	0.0920	0.0956	0.1059	0.1222	0.1494
1079	0.1849	0.1853	0.1846	0.1872	0.1766	0.1792	0.1798	0.1842	0.1917	0.1607	0.1597	0.1599	0.1663	0.1767	0.1903	0.1304	0.1285	0.1321	0.1412	0.1561	0.1757	0.0965	0.0915	0.0920	0.0958	0.1059	0.1223	0.1494
1080	0.1849	0.1853	0.1847	0.1874	0.1767	0.1792	0.1799	0.1842	0.1918	0.1606	0.1598	0.1599	0.1664	0.1765	0.1904	0.1304	0.1284	0.1322	0.1414	0.1562	0.1760	0.0967	0.0916	0.0919	0.0959	0.1060	0.1223	0.1493
1081	0.1849	0.1853	0.1847	0.1875	0.1768	0.1792	0.1799	0.1842	0.1920	0.1607	0.1601	0.1598	0.1665	0.1765	0.1906	0.1304	0.1284	0.1323	0.1416	0.1563	0.1761	0.0969	0.0916	0.0920	0.0961	0.1062	0.1224	0.1494
1082	0.1848	0.1854	0.1849	0.1875	0.1770	0.1793	0.1799	0.1842	0.1922	0.1609	0.1604	0.1596	0.1666	0.1768	0.1907	0.1304	0.1283	0.1325	0.1417	0.1565	0.1762	0.0970	0.0916	0.0920	0.0963	0.1063	0.1224	0.1495
1083	0.1847	0.1856	0.1851	0.1876	0.1771	0.1793	0.1800	0.1844	0.1923	0.1611	0.1605	0.1596	0.1667	0.1772	0.1907	0.1306	0.1285	0.1326	0.1418	0.1566	0.1764	0.0970	0.0917	0.0920	0.0964	0.1063	0.1224	0.1496
1084	0.1847	0.1858	0.1851	0.1876	0.1773	0.1793	0.1802	0.1846	0.1925	0.1613	0.1606	0.1596	0.1667	0.1774	0.1906	0.1309	0.1286	0.1326	0.1419	0.1566	0.1765	0.0969	0.0917	0.0920	0.0966	0.1065	0.1226	0.1497
1085	0.1849	0.1860	0.1853	0.1878	0.1776	0.1795	0.1804	0.1848	0.1928	0.1614	0.1605	0.1598	0.1668	0.1773	0.1907	0.1310	0.1286	0.1324	0.1420	0.1567	0.1765	0.0968	0.0917	0.0921	0.0965	0.1066	0.1229	0.1496
1086	0.1852	0.1860	0.1855	0.1881	0.1778	0.1798	0.1804	0.1848	0.1929	0.1616	0.1604	0.1600	0.1670	0.1773	0.1909	0.1309	0.1286	0.1323	0.1421	0.1568	0.1766	0.0966	0.0919	0.0920	0.0963	0.1067	0.1230	0.1496
1087	0.1853	0.1861	0.1855	0.1883	0.1777	0.1800	0.1802	0.1849	0.1927	0.1616	0.1604	0.1601	0.1671	0.1775	0.1912	0.1309	0.1289	0.1323	0.1423	0.1570	0.1766	0.0966	0.0921	0.0920	0.0962	0.1067	0.1231	0.1496
1088	0.1854	0.1862	0.1855	0.1885	0.1776	0.1801	0.1800	0.1850	0.1925	0.1614	0.1605	0.1600	0.1671	0.1776	0.1913	0.1310	0.1292	0.1323	0.1423	0.1571	0.1767	0.0968	0.0920	0.0920	0.0962	0.1067	0.1231	0.1498
1089	0.1855	0.1863	0.1855	0.1885	0.1776	0.1801	0.1801	0.1849	0.1925	0.1613	0.1605	0.1602	0.1670	0.1775	0.1912	0.1311	0.1293	0.1323	0.1424	0.1573	0.1768	0.0971	0.0919	0.0920	0.0961	0.1068	0.1230	0.1499
1090	0.1855	0.1863	0.1858	0.1884	0.1776	0.1800	0.1803	0.1848	0.1926	0.1613	0.1607	0.1603	0.1670	0.1774	0.1913	0.1314	0.1291	0.1324	0.1424	0.1575	0.1771	0.0971	0.0917	0.0920	0.0963	0.1069	0.1229	0.1499
1091	0.1857	0.1863	0.1859	0.1883	0.1776	0.1800	0.1804	0.1849	0.1928	0.1614	0.1609	0.1603	0.1671	0.1774	0.1914	0.1316	0.1290	0.1327	0.1424	0.1574	0.1774	0.0969	0.0917	0.0921	0.0965	0.1070	0.1229	0.1501
1092	0.1858	0.1864	0.1857	0.1884	0.1776	0.1799	0.1805	0.1849	0.1929	0.1616	0.1609	0.1604	0.1672	0.1775	0.1915	0.1315	0.1291	0.1331	0.1423	0.1573	0.1774	0.0967	0.0919	0.0924	0.0967	0.1071	0.1230	0.1504
1093	0.1860	0.1866	0.1857	0.1884	0.1777	0.1799	0.1805	0.1850	0.1931	0.1617	0.1608	0.1607	0.1672	0.1777	0.1917	0.1314	0.1291	0.1334	0.1423	0.1573	0.1774	0.0968	0.0921	0.0926	0.0968	0.1072	0.1232	0.1505
1094	0.1861	0.1868	0.1859	0.1884	0.1779	0.1799	0.1804	0.1852	0.1931	0.1618	0.1608	0.1609	0.1671	0.1779	0.1919	0.1315	0.1291	0.1334	0.1424	0.1574	0.1777	0.0970	0.0920	0.0928	0.0969	0.1073	0.1233	0.1504
1095	0.1860	0.1869	0.1862	0.1884	0.1779	0.1801	0.1804	0.1855	0.1931	0.1621	0.1610	0.1611	0.1672	0.1781	0.1921	0.1315	0.1292	0.1333	0.1426	0.1575	0.1780	0.0972	0.0919	0.0928	0.0970	0.1073	0.1234	0.1505
1096	0.1860	0.1868	0.1863	0.1886	0.1779	0.1802	0.1805	0.1856	0.1932	0.1623	0.1612	0.1612	0.1673	0.1781	0.1922	0.1315	0.1293	0.1333	0.1428	0.1576	0.1780	0.0973	0.0920	0.0927	0.0971	0.1074	0.1237	0.1507
1097	0.1860	0.1868	0.1862	0.1887	0.1780	0.1802	0.1807	0.1857	0.1934	0.1625	0.1613	0.1611	0.1674	0.1782	0.1924	0.1315	0.1293	0.1334	0.1430	0.1576	0.1780	0.0974	0.0921	0.0925	0.0971	0.1075	0.1239	0.1510
1098	0.1862	0.1867	0.1862	0.1888	0.1782	0.1803	0.1809	0.1857	0.1936	0.1625	0.1612	0.1610	0.1676	0.1783	0.1924	0.1317	0.1293	0.1335	0.1430	0.1578	0.1779	0.0974	0.0921	0.0925	0.0971	0.1075	0.1239	0.1511
1099	0.1864	0.1868	0.1862	0.1889	0.1783	0.1804	0.1808	0.1857	0.1937	0.1624	0.1611	0.1610	0.1678	0.1784	0.1923	0.1319	0.1294	0.1337	0.1430	0.1579	0.1778	0.0973	0.0921	0.0925	0.0971	0.1074	0.1239	0.1511
1100	0.1866	0.1869	0.1862	0.1891	0.1785	0.1805	0.1807	0.1857	0.1939	0.1623	0.1612	0.1611	0.1678	0.1786	0.1924	0.1319	0.1295	0.1339	0.1431	0.1581	0.1779	0.0973	0.0922	0.0926	0.0971	0.1072	0.1240	0.1512
1101	0.1868	0.1870	0.1864	0.1893	0.1786	0.1805	0.1806	0.1857	0.1941	0.1621	0.1614	0.1611	0.1679	0.1787	0.1925	0.1319	0.1295	0.1340	0.1432	0.1582	0.1782	0.0972	0.0922	0.0927	0.0970	0.1072	0.1241	0.1513
1102	0.1869	0.1872	0.1865	0.1895	0.1785	0.1807	0.1806	0.1858	0.1943	0.1620	0.1614	0.1612	0.1681	0.1786	0.1926	0.1318	0.1296	0.1339	0.1432	0.1582	0.1786	0.0973	0.0924	0.0927	0.0969	0.1074	0.1241	0.1514
1103	0.1869	0.1876	0.1866	0.1896	0.1784	0.1810	0.1808	0.1859	0.1944	0.1621	0.1613	0.1614	0.1682	0.1786	0.1928	0.1318	0.1295	0.1338	0.1431	0.1583	0.1787	0.0974	0.0926	0.0927	0.0969	0.1076	0.1240	0.1514
1104	0.1869	0.1876	0.1866	0.1896	0.1785	0.1810	0.1812	0.1861	0.1944	0.1622	0.1612	0.1615	0.1681	0.1790	0.1928	0.1318	0.1297	0.1337	0.1431	0.1583	0.1788	0.0975	0.0926	0.0927	0.0969	0.1078	0.1241	0.1516
1105	0.1870	0.1875	0.1868	0.1898	0.1786	0.1810	0.1813	0.1862	0.1942	0.1623	0.1613	0.1616	0.1680	0.1793	0.1928	0.1319	0.1298	0.1337	0.1431	0.1584	0.1789	0.0976	0.0925	0.0928	0.0971	0.1079	0.1242	0.1518
1106	0.1872	0.1875	0.1869	0.1899	0.1789	0.1811	0.1812	0.1864	0.1942	0.1624	0.1615	0.1616	0.1681	0.1795	0.1930	0.1319	0.1296	0.1337	0.1433	0.1584	0.1788	0.0977	0.0923	0.0929	0.0971	0.1080	0.1242	0.1519
1107	0.1873	0.1877	0.1870	0.1900	0.1792	0.1812	0.1814	0.1865	0.1945	0.1624	0.1615	0.1618	0.1682	0.1795	0.1933	0.1318	0.1296	0.1338	0.1434	0.1585	0.1790	0.0978	0.0923	0.0928	0.0972	0.1081	0.1241	0.1521
1108	0.1874	0.1878	0.1872	0.1901	0.1794	0.1813	0.1816	0.1866	0.1947	0.1625	0.1616	0.1619	0.1683	0.1796	0.1934	0.1320	0.1296	0.1339	0.1434	0.1586	0.1792	0.0977	0.0924	0.0928	0.0974	0.1080	0.1242	0.1521
1109	0.1874	0.1879	0.1873	0.1903	0.1793	0.1812	0.1817	0.1865	0.1949	0.1627	0.1618	0.1621	0.1684	0.1796	0.1936	0.1322	0.1296	0.1339	0.1435	0.1587	0.1793	0.0976	0.0923	0.0929	0.0975	0.1081	0.1243	0.1521
1110	0.1874	0.1879	0.1873	0.1905	0.1793	0.1812	0.1818	0.1864	0.1951	0.1629	0.1618	0.1622	0.1684	0.1796	0.1937	0.1324	0.1297	0.1340	0.1435	0.1588	0.1794	0.0976	0.0922	0.0930	0.0975	0.1082	0.1242	0.1522
1111	0.1876	0.1880	0.1872	0.1907	0.1793	0.1813	0.1820	0.1865	0.1951	0.1628	0.1619	0.1623	0.1685	0.1796	0.1938	0.1323	0.1298	0.1340	0.1436	0.1588	0.1796	0.0976	0.0923	0.0929	0.0975	0.1082	0.1243	0.1523
1112	0.1877	0.1881	0.1873	0.1910	0.1792	0.1815	0.1822	0.1867	0.1952	0.1628	0.1620	0.1625	0.1685	0.1798	0.1938	0.1323	0.1300	0.1341	0.1438	0.1588	0.1797	0.0976	0.0925	0.0929	0.0975	0.1083	0.1245	0.1522
1113	0.1876	0.1882	0.1874	0.1910	0.1792	0.1816	0.1822	0.1869	0.1953	0.1628	0.1621	0.1627	0.1685	0.1800	0.1939	0.1324	0.1303	0.1343	0.1440	0.1590	0.1800	0.0976	0.0927	0.0930	0.0976	0.1085	0.1247	0.1523
1114	0.1874	0.1883	0.1875	0.1909	0.1793	0.1817	0.1822	0.1870	0.1954	0.1628	0.1623	0.1629	0.1686	0.1800	0.1940	0.1326	0.1305	0.1345	0.1442	0.1591	0.1802	0.0975	0.0931	0.0932	0.0977	0.1086	0.1247	0.1524
1115	0.1874	0.1885	0.1875	0.1908	0.1794	0.1818	0.1821	0.1871	0.1956	0.1628	0.1626	0.1630	0.1688	0.1799	0.1941	0.1327	0.1305	0.1347	0.1442	0.1592	0.1804	0.0975	0.0932	0.0933	0.0978	0.1085	0.1247	0.1526
1116	0.1875	0.1888	0.1876	0.1907	0.1796	0.1818	0.1820	0.1872	0.1957	0.1629	0.1628	0.1630	0.1689	0.1800	0.1941	0.1328	0.1306	0.1349	0.1442	0.1591	0.1804	0.0976	0.0931	0.0932	0.0979	0.1085	0.1248	0.1528
1117	0.1878	0.1890	0.1876	0.1909	0.1798	0.1818	0.1822	0.1873	0.1959	0.1631	0.1627	0.1630	0.1689	0.1802	0.1942	0.1328	0.1307	0.1350	0.1443	0.1591	0.1804	0.0978	0.0930	0.0932	0.0980	0.1086	0.1250	0.1528
1118	0.1879	0.1892	0.1876	0.1911	0.1801	0.1818	0.1824	0.1874	0.1959	0.1634	0.1625	0.1629	0.1688	0.1804	0.1944	0.1328	0.1307	0.1352	0.1443	0.1591	0.1805	0.0980	0.0930	0.0933	0.0980	0.1088	0.1252	0.1529
1119	0.1880	0.1892	0.1878	0.1913	0.1803	0.1821	0.1824	0.1875	0.1958	0.1635	0.1626	0.1629	0.1689	0.1807	0.1947	0.1328	0.1307	0.1352	0.1445	0.1593	0.1806	0.0982	0.0929	0.0934	0.0981	0.1089	0.1254	0.1530
1120	0.1881	0.1893	0.1881	0.1914	0.1804	0.1822	0.1824	0.1876	0.1957	0.1636	0.1628	0.1629	0.1691	0.1809	0.1950	0.1328	0.1308	0.1353	0.1447	0.1597	0.1807	0.0985	0.0929	0.0935	0.0983	0.1089	0.1255	0.1531
1121	0.1884	0.1892	0.1884	0.1914	0.1804	0.1823	0.1824	0.1876	0.1958	0.1638	0.1631	0.1630	0.1693	0.1809	0.1950	0.1329	0.1309	0.1351	0.1448	0.1597	0.1806	0.0985	0.0928	0.0935	0.0982	0.1089	0.1255	0.1533
1122	0.1887	0.1893	0.1886	0.1914	0.1803	0.1824	0.1825	0.1877	0.1958	0.1640	0.1633	0.1631	0.1694	0.1809	0.1950	0.1331	0.1311	0.1350	0.1447	0.1597	0.1806	0.0983	0.0929	0.0935	0.0981	0.1090	0.1255	0.1534
1123	0.1887	0.1895	0.1886	0.1914	0.1803	0.1826	0.1827	0.1878	0.1959	0.1640	0.1633	0.1632	0.1695	0.1809	0.1952	0.1332	0.1311	0.1349	0.1447	0.1597	0.1806	0.0984	0.0930	0.0936	0.0982	0.1091	0.1255	0.1535
1124	0.1886	0.1897	0.1885	0.1916	0.1804	0.1827	0.1828	0.1880	0.1961	0.1641	0.1633	0.1634	0.1695	0.1809	0.1955	0.1331	0.1311	0.1350	0.1448	0.1598	0.1805	0.0986	0.0932	0.0939	0.0982	0.1092	0.1255	0.1536
1125	0.1886	0.1898	0.1886	0.1917	0.1804	0.1827	0.1830	0.1882	0.1963	0.1641	0.1635	0.1634	0.1696	0.1811	0.1959	0.1331	0.1311	0.1352	0.1449	0.1599	0.1806	0.0987	0.0932	0.0939	0.0982	0.1094	0.1255	0.1537
1126	0.1888	0.1900	0.1886	0.1918	0.1805	0.1827	0.1832	0.1882	0.1965	0.1641	0.1636	0.1635	0.1698	0.1812	0.1960	0.1333	0.1310	0.1352	0.1451	0.1600	0.1807	0.0987	0.0932	0.0939	0.0981	0.1094	0.1256	0.1538
1127	0.1890	0.1901	0.1887	0.1919	0.1805	0.1827	0.1833	0.1882	0.1966	0.1641	0.1636	0.1637	0.1699	0.1812	0.1959	0.1334	0.1310	0.1352	0.1451	0.1602	0.1807	0.0986	0.0932	0.0937	0.0981	0.1093	0.1256	0.1537
1128	0.1891	0.1901	0.1888	0.1920	0.1805	0.1829	0.1832	0.1885	0.1967	0.1640	0.1637	0.1637	0.1699	0.1810	0.1959	0.1333	0.1310	0.1352	0.1450	0.1603	0.1807	0.0986	0.0933	0.0936	0.0982	0.1092	0.1256	0.1537
1129	0.1892	0.1901	0.1889	0.1921	0.1805	0.1831	0.1832	0.1886	0.1968	0.1638	0.1638	0.1638	0.1699	0.1810	0.1958	0.1333	0.1310	0.1353	0.1450	0.1603	0.1809	0.0985	0.0933	0.0936	0.0984	0.1092	0.1257	0.1538
1130	0.1891	0.1901	0.1891	0.1921	0.1805	0.1831	0.1834	0.1885	0.1967	0.1639	0.1638	0.1639	0.1700	0.1811	0.1957	0.1333	0.1311	0.1355	0.1451	0.1604	0.1811	0.0984	0.0933	0.0937	0.0986	0.1093	0.1256	0.1540
1131	0.1890	0.1902	0.1892	0.1921	0.1805	0.1831	0.1836	0.1886	0.1967	0.1640	0.1638	0.1640	0.1700	0.1812	0.1957	0.1333	0.1312	0.1356	0.1452	0.1605	0.1812	0.0984	0.0932	0.0938	0.0987	0.1094	0.1255	0.1541
1132	0.1892	0.1903	0.1891	0.1922	0.1804	0.1833	0.1836	0.1889	0.1969	0.1643	0.1639	0.1639	0.1703	0.1814	0.1958	0.1333	0.1312	0.1355	0.1454	0.1607	0.1812	0.0985	0.0933	0.0939	0.0987	0.1095	0.1255	0.1542
1133	0.1894	0.1904	0.1890	0.1923	0.1805	0.1834	0.1836	0.1891	0.1970	0.1646	0.1640	0.1638	0.1705	0.1816	0.1958	0.1335	0.1312	0.1355	0.1455	0.1608	0.1814	0.0986	0.0933	0.0939	0.0987	0.1096	0.1256	0.1542
1134	0.1896	0.1905	0.1890	0.1923	0.1808	0.1834	0.1836	0.1891	0.1972	0.1645	0.1640	0.1638	0.1704	0.1817	0.1959	0.1335	0.1311	0.1354	0.1454	0.1608	0.1816	0.0986	0.0936	0.0938	0.0988	0.1094	0.1258	0.1541
1135	0.1896	0.1905	0.1892	0.1923	0.1811	0.1833	0.1835	0.1890	0.1974	0.1645	0.1641	0.1638	0.1702	0.1817	0.1960	0.1335	0.1310	0.1353	0.1453	0.1607	0.1818	0.0987	0.0939	0.0938	0.0988	0.1093	0.1259	0.1539
1136	0.1897	0.1905	0.1894	0.1925	0.1811	0.1832	0.1836	0.1890	0.1974	0.1645	0.1641	0.1638	0.1703	0.1816	0.1959	0.1335	0.1310	0.1354	0.1452	0.1606	0.1819	0.0987	0.0938	0.0939	0.0988	0.1093	0.1258	0.1539
1137	0.1897	0.1904	0.1895	0.1926	0.1809	0.1831	0.1836	0.1890	0.1973	0.1646	0.1642	0.1638	0.1704	0.1814	0.1958	0.1335	0.1311	0.1356	0.1452	0.1606	0.1820	0.0987	0.0936	0.0940	0.0987	0.1094	0.1258	0.1540
1138	0.1898	0.1902	0.1895	0.1926	0.1810	0.1831	0.1836	0.1889	0.1972	0.1647	0.1641	0.1639	0.1704	0.1814	0.1958	0.1336	0.1311	0.1358	0.1451	0.1606	0.1818	0.0986	0.0936	0.0939	0.0986	0.1093	0.1260	0.1538
1139	0.1897	0.1901	0.1896	0.1925	0.1811	0.1831	0.1835	0.1888	0.1971	0.1646	0.1641	0.1640	0.1704	0.1814	0.1957	0.1337	0.1312	0.1359	0.1451	0.1605	0.1816	0.0987	0.0937	0.0938	0.0985	0.1092	0.1262	0.1536
1140	0.1896	0.1901	0.1897	0.1926	0.1812	0.1831	0.1836	0.1887	0.1972	0.1646	0.1641	0.1641	0.1703	0.1815	0.1956	0.1338	0.1312	0.1359	0.1451	0.1605	0.1815	0.0987	0.0936	0.0938	0.0985	0.1092	0.1261	0.1536
1141	0.1897	0.1901	0.1897	0.1927	0.1812	0.1831	0.1836	0.1885	0.1972	0.1646	0.1642	0.1640	0.1703	0.1817	0.1956	0.1338	0.1313	0.1358	0.1451	0.1604	0.1814	0.0987	0.0935	0.0940	0.0985	0.1092	0.1259	0.1536
1142	0.1896	0.1903	0.1898	0.1927	0.1813	0.1831	0.1836	0.1884	0.1973	0.1646	0.1641	0.1641	0.1704	0.1818	0.1957	0.1338	0.1312	0.1358	0.1452	0.1603	0.1814	0.0987	0.0934	0.0940	0.0986	0.1092	0.1259	0.1536
1143	0.1895	0.1906	0.1899	0.1927	0.1814	0.1832	0.1837	0.1883	0.1974	0.1646	0.1642	0.1641	0.1704	0.1818	0.1958	0.1339	0.1310	0.1358	0.1453	0.1602	0.1814	0.0986	0.0932	0.0939	0.0986	0.1091	0.1259	0.1536
1144	0.1897	0.1907	0.1899	0.1926	0.1814	0.1833	0.1837	0.1884	0.1975	0.1646	0.1643	0.1641	0.1706	0.1817	0.1959	0.1339	0.1310	0.1358	0.1452	0.1601	0.1813	0.0985	0.0931	0.0939	0.0986	0.1090	0.1260	0.1535
1145	0.1898	0.1907	0.1900	0.1927	0.1813	0.1836	0.1837	0.1884	0.1976	0.1648	0.1642	0.1639	0.1707	0.1815	0.1959	0.1339	0.1311	0.1359	0.1451	0.1600	0.1812	0.0983	0.0932	0.0941	0.0985	0.1090	0.1261	0.1535
1146	0.1898	0.1907	0.1900	0.1927	0.1813	0.1837	0.1836	0.1886	0.1977	0.1649	0.1642	0.1638	0.1707	0.1815	0.1960	0.1338	0.1312	0.1359	0.1452	0.1601	0.1812	0.0982	0.0933	0.0942	0.0984	0.1091	0.1260	0.1536
1147	0.1898	0.1906	0.1899	0.1926	0.1813	0.1837	0.1837	0.1888	0.1977	0.1650	0.1642	0.1640	0.1706	0.1816	0.1960	0.1337	0.1311	0.1358	0.1454	0.1601	0.1813	0.0983	0.0935	0.0941	0.0985	0.1092	0.1259	0.1536
1148	0.1898	0.1906	0.1898	0.1926	0.1812	0.1838	0.1837	0.1890	0.1977	0.1651	0.1642	0.1640	0.1706	0.1818	0.1961	0.1337	0.1312	0.1357	0.1455	0.1602	0.1814	0.0984	0.0937	0.0941	0.0985	0.1092	0.1258	0.1536
1149	0.1898	0.1906	0.1897	0.1926	0.1812	0.1836	0.1836	0.1889	0.1976	0.1651	0.1642	0.1639	0.1705	0.1819	0.1962	0.1338	0.1313	0.1357	0.1454	0.1603	0.1814	0.0985	0.0938	0.0940	0.0986	0.1091	0.1257	0.1536
1150	0.1899	0.1907	0.1897	0.1926	0.1812	0.1836	0.1836	0.1889	0.1975	0.1651	0.1643	0.1638	0.1704	0.1819	0.1962	0.1338	0.1315	0.1357	0.1453	0.1604	0.1815	0.0985	0.0939	0.0939	0.0986	0.1090	0.1256	0.1537
1151	0.1900	0.1908	0.1898	0.1929	0.1814	0.1837	0.1836	0.1889	0.1977	0.1651	0.1643	0.1640	0.1704	0.1821	0.1963	0.1337	0.1316	0.1357	0.1453	0.1604	0.1815	0.0985	0.0938	0.0940	0.0985	0.1090	0.1256	0.1539
1152	0.1901	0.1909	0.1899	0.1930	0.1815	0.1837	0.1836	0.1889	0.1978	0.1651	0.1644	0.1642	0.1703	0.1821	0.1964	0.1337	0.1316	0.1357	0.1453	0.1605	0.1815	0.0986	0.0937	0.0940	0.0984	0.1090	0.1256	0.1541
1153	0.1901	0.1910	0.1899	0.1931	0.1815	0.1836	0.1837	0.1890	0.1978	0.1651	0.1644	0.1642	0.1704	0.1821	0.1964	0.1336	0.1316	0.1357	0.1454	0.1606	0.1815	0.0988	0.0938	0.0940	0.0984	0.1089	0.1256	0.1542
1154	0.1901	0.1910	0.1898	0.1931	0.1816	0.1836	0.1837	0.1890	0.1978	0.1651	0.1645	0.1643	0.1704	0.1821	0.1964	0.1335	0.1316	0.1357	0.1455	0.1608	0.1816	0.0990	0.0938	0.0941	0.0984	0.1089	0.1256	0.1543
1155	0.1901	0.1910	0.1900	0.1931	0.1816	0.1837	0.1839	0.1891	0.1979	0.1651	0.1645	0.1644	0.1705	0.1821	0.1965	0.1336	0.1317	0.1358	0.1455	0.1607	0.1815	0.0990	0.0938	0.0941	0.0985	0.1092	0.1256	0.1543
1156	0.1902	0.1910	0.1902	0.1931	0.1817	0.1839	0.1840	0.1891	0.1979	0.1651	0.1646	0.1645	0.1706	0.1821	0.1965	0.1336	0.1317	0.1359	0.1456	0.1606	0.1815	0.0990	0.0937	0.0941	0.0986	0.1095	0.1255	0.1541
1157	0.1904	0.1911	0.1903	0.1931	0.1818	0.1840	0.1840	0.1892	0.1979	0.1651	0.1646	0.1644	0.1707	0.1820	0.1965	0.1336	0.1316	0.1359	0.1457	0.1605	0.1815	0.0989	0.0937	0.0941	0.0985	0.1095	0.1254	0.1540
1158	0.1906	0.1912	0.1903	0.1933	0.1819	0.1840	0.1840	0.1892	0.1980	0.1652	0.1646	0.1643	0.1709	0.1818	0.1966	0.1337	0.1314	0.1359	0.1457	0.1605	0.1814	0.0989	0.0937	0.0942	0.0985	0.1094	0.1254	0.1539
1159	0.1906	0.1913	0.1905	0.1933	0.1820	0.1841	0.1841	0.1892	0.1982	0.1653	0.1647	0.1643	0.1709	0.1819	0.1966	0.1337	0.1316	0.1359	0.1457	0.1605	0.1815	0.0989	0.0937	0.0942	0.0985	0.1092	0.1255	0.1540
1160	0.1905	0.1914	0.1907	0.1934	0.1821	0.1840	0.1843	0.1894	0.1983	0.1653	0.1648	0.1643	0.1709	0.1820	0.1965	0.1337	0.1318	0.1359	0.1458	0.1604	0.1817	0.0989	0.0938	0.0943	0.0985	0.1090	0.1257	0.1540
1161	0.1904	0.1914	0.1908	0.1935	0.1823	0.1842	0.1844	0.1895	0.1983	0.1653	0.1650	0.1643	0.1707	0.1821	0.1965	0.1338	0.1318	0.1360	0.1458	0.1604	0.1819	0.0989	0.0939	0.0943	0.0986	0.1090	0.1258	0.1540
1162	0.1904	0.1913	0.1908	0.1936	0.1824	0.1845	0.1843	0.1895	0.1984	0.1653	0.1651	0.1643	0.1707	0.1823	0.1966	0.1339	0.1318	0.1361	0.1458	0.1605	0.1820	0.0988	0.0941	0.0943	0.0988	0.1091	0.1260	0.1539
1163	0.1905	0.1914	0.1909	0.1936	0.1824	0.1847	0.1843	0.1895	0.1985	0.1654	0.1652	0.1644	0.1708	0.1824	0.1968	0.1340	0.1319	0.1363	0.1458	0.1606	0.1822	0.0989	0.0941	0.0943	0.0989	0.1092	0.1260	0.1539
1164	0.1906	0.1915	0.1910	0.1937	0.1824	0.1848	0.1843	0.1895	0.1987	0.1656	0.1653	0.1647	0.1711	0.1823	0.1970	0.1341	0.1320	0.1363	0.1459	0.1606	0.1822	0.0991	0.0941	0.0943	0.0991	0.1093	0.1258	0.1539
1165	0.1907	0.1916	0.1910	0.1938	0.1824	0.1849	0.1845	0.1895	0.1988	0.1657	0.1653	0.1649	0.1713	0.1824	0.1971	0.1343	0.1321	0.1364	0.1460	0.1608	0.1821	0.0992	0.0941	0.0944	0.0991	0.1093	0.1257	0.1539
1166	0.1909	0.1917	0.1910	0.1939	0.1827	0.1849	0.1846	0.1896	0.1988	0.1657	0.1653	0.1650	0.1714	0.1824	0.1971	0.1344	0.1321	0.1363	0.1462	0.1610	0.1820	0.0993	0.0940	0.0943	0.0989	0.1093	0.1260	0.1539
1167	0.1909	0.1919	0.1910	0.1939	0.1828	0.1849	0.1847	0.1898	0.1988	0.1657	0.1653	0.1651	0.1713	0.1825	0.1971	0.1345	0.1322	0.1362	0.1463	0.1612	0.1819	0.0994	0.0940	0.0944	0.0989	0.1092	0.1263	0.1539
1168	0.1910	0.1920	0.1909	0.1939	0.1826	0.1850	0.1848	0.1900	0.1989	0.1659	0.1656	0.1650	0.1713	0.1824	0.1971	0.1345	0.1323	0.1363	0.1463	0.1612	0.1820	0.0994	0.0941	0.0945	0.0989	0.1092	0.1265	0.1540
1169	0.1910	0.1920	0.1909	0.1939	0.1825	0.1850	0.1849	0.1903	0.1989	0.1661	0.1658	0.1648	0.1714	0.1824	0.1970	0.1345	0.1324	0.1363	0.1464	0.1613	0.1821	0.0994	0.0942	0.0947	0.0989	0.1092	0.1266	0.1541
1170	0.1911	0.1922	0.1910	0.1940	0.1827	0.1850	0.1851	0.1904	0.1989	0.1661	0.1657	0.1650	0.1715	0.1827	0.1970	0.1345	0.1324	0.1365	0.1465	0.1615	0.1822	0.0994	0.0942	0.0946	0.0989	0.1092	0.1266	0.1541
1171	0.1913	0.1924	0.1911	0.1941	0.1828	0.1851	0.1853	0.1905	0.1989	0.1662	0.1656	0.1652	0.1716	0.1829	0.1970	0.1346	0.1323	0.1367	0.1465	0.1616	0.1822	0.0993	0.0943	0.0946	0.0989	0.1092	0.1266	0.1542
1172	0.1916	0.1925	0.1912	0.1942	0.1832	0.1852	0.1854	0.1906	0.1990	0.1665	0.1656	0.1654	0.1718	0.1831	0.1972	0.1346	0.1323	0.1368	0.1466	0.1617	0.1824	0.0994	0.0945	0.0949	0.0990	0.1094	0.1265	0.1542
1173	0.1918	0.1925	0.1913	0.1943	0.1835	0.1853	0.1855	0.1907	0.1992	0.1667	0.1657	0.1656	0.1720	0.1833	0.1974	0.1346	0.1323	0.1369	0.1466	0.1617	0.1826	0.0996	0.0945	0.0952	0.0991	0.1096	0.1264	0.1542
1174	0.1918	0.1925	0.1915	0.1944	0.1837	0.1854	0.1856	0.1909	0.1993	0.1668	0.1659	0.1657	0.1721	0.1833	0.1974	0.1349	0.1325	0.1369	0.1466	0.1618	0.1826	0.0997	0.0945	0.0951	0.0991	0.1096	0.1264	0.1543
1175	0.1918	0.1925	0.1917	0.1944	0.1839	0.1856	0.1857	0.1910	0.1995	0.1670	0.1661	0.1658	0.1721	0.1834	0.1974	0.1352	0.1327	0.1369	0.1467	0.1619	0.1825	0.0998	0.0944	0.0949	0.0991	0.1096	0.1264	0.1544
1176	0.1919	0.1926	0.1920	0.1947	0.1839	0.1857	0.1859	0.1912	0.1996	0.1671	0.1662	0.1659	0.1721	0.1834	0.1974	0.1353	0.1329	0.1370	0.1468	0.1618	0.1826	0.0999	0.0944	0.0949	0.0991	0.1097	0.1266	0.1545
1177	0.1921	0.1928	0.1923	0.1951	0.1840	0.1857	0.1860	0.1913	0.1997	0.1671	0.1662	0.1661	0.1721	0.1835	0.1975	0.1354	0.1331	0.1373	0.1469	0.1618	0.1826	0.1001	0.0944	0.0949	0.0990	0.1098	0.1266	0.1545
1178	0.1922	0.1929	0.1925	0.1953	0.1840	0.1859	0.1862	0.1914	0.1999	0.1671	0.1663	0.1662	0.1723	0.1837	0.1977	0.1355	0.1333	0.1374	0.1470	0.1620	0.1827	0.1002	0.0946	0.0949	0.0991	0.1099	0.1265	0.1545
1179	0.1923	0.1930	0.1925	0.1953	0.1840	0.1861	0.1864	0.1916	0.2001	0.1671	0.1664	0.1663	0.1725	0.1840	0.1979	0.1357	0.1334	0.1373	0.1471	0.1621	0.1828	0.1003	0.0948	0.0949	0.0994	0.1100	0.1265	0.1544
1180	0.1923	0.1931	0.1925	0.1954	0.1840	0.1862	0.1865	0.1917	0.2001	0.1672	0.1666	0.1664	0.1727	0.1842	0.1980	0.1358	0.1334	0.1374	0.1471	0.1621	0.1829	0.1003	0.0950	0.0951	0.0996	0.1101	0.1265	0.1544
1181	0.1923	0.1931	0.1925	0.1956	0.1841	0.1864	0.1867	0.1916	0.2002	0.1673	0.1666	0.1666	0.1729	0.1843	0.1980	0.1358	0.1334	0.1375	0.1471	0.1622	0.1830	0.1003	0.0951	0.0953	0.0997	0.1102	0.1266	0.1544
1182	0.1925	0.1931	0.1925	0.1958	0.1841	0.1866	0.1868	0.1916	0.2002	0.1675	0.1667	0.1668	0.1731	0.1843	0.1980	0.1358	0.1335	0.1377	0.1471	0.1622	0.1829	0.1002	0.0951	0.0954	0.0998	0.1103	0.1266	0.1544
1183	0.1926	0.1932	0.1926	0.1958	0.1842	0.1868	0.1868	0.1916	0.2002	0.1675	0.1668	0.1667	0.1731	0.1843	0.1981	0.1358	0.1339	0.1379	0.1471	0.1623	0.1829	0.1002	0.0951	0.0954	0.0998	0.1103	0.1267	0.1545
1184	0.1928	0.1933	0.1927	0.1958	0.1844	0.1869	0.1869	0.1917	0.2002	0.1676	0.1669	0.1667	0.1733	0.1843	0.1982	0.1358	0.1341	0.1381	0.1472	0.1624	0.1829	0.1002	0.0951	0.0954	0.0999	0.1103	0.1268	0.1546
1185	0.1928	0.1935	0.1929	0.1958	0.1846	0.1871	0.1871	0.1919	0.2005	0.1677	0.1671	0.1668	0.1735	0.1843	0.1982	0.1358	0.1341	0.1382	0.1474	0.1625	0.1830	0.1002	0.0950	0.0955	0.1001	0.1103	0.1269	0.1547
1186	0.1928	0.1937	0.1931	0.1958	0.1847	0.1872	0.1872	0.1921	0.2007	0.1678	0.1671	0.1669	0.1737	0.1844	0.1982	0.1358	0.1341	0.1383	0.1475	0.1625	0.1832	0.1004	0.0950	0.0956	0.1001	0.1104	0.1270	0.1548
1187	0.1931	0.1940	0.1930	0.1957	0.1849	0.1873	0.1873	0.1922	0.2007	0.1679	0.1671	0.1669	0.1737	0.1844	0.1984	0.1359	0.1342	0.1382	0.1475	0.1627	0.1832	0.1005	0.0950	0.0955	0.1001	0.1105	0.1270	0.1547
1188	0.1933	0.1942	0.1931	0.1957	0.1850	0.1874	0.1874	0.1923	0.2007	0.1680	0.1671	0.1670	0.1738	0.1844	0.1985	0.1360	0.1342	0.1382	0.1476	0.1628	0.1832	0.1007	0.0950	0.0955	0.1001	0.1105	0.1270	0.1546
1189	0.1935	0.1943	0.1933	0.1958	0.1851	0.1874	0.1875	0.1923	0.2006	0.1682	0.1671	0.1671	0.1738	0.1845	0.1988	0.1361	0.1343	0.1383	0.1478	0.1630	0.1835	0.1007	0.0952	0.0957	0.1001	0.1105	0.1271	0.1546
1190	0.1937	0.1945	0.1936	0.1960	0.1852	0.1874	0.1876	0.1924	0.2005	0.1682	0.1672	0.1673	0.1738	0.1847	0.1990	0.1362	0.1343	0.1384	0.1481	0.1631	0.1837	0.1007	0.0955	0.0958	0.1001	0.1104	0.1271	0.1547
1191	0.1936	0.1944	0.1936	0.1962	0.1852	0.1875	0.1877	0.1925	0.2007	0.1684	0.1674	0.1673	0.1740	0.1849	0.1990	0.1364	0.1343	0.1385	0.1481	0.1630	0.1838	0.1006	0.0955	0.0960	0.1002	0.1104	0.1270	0.1548
1192	0.1935	0.1944	0.1937	0.1963	0.1852	0.1877	0.1878	0.1927	0.2008	0.1685	0.1675	0.1674	0.1742	0.1851	0.1990	0.1366	0.1343	0.1386	0.1481	0.1630	0.1838	0.1006	0.0956	0.0961	0.1003	0.1103	0.1269	0.1548
1193	0.1936	0.1944	0.1939	0.1965	0.1854	0.1878	0.1879	0.1928	0.2010	0.1686	0.1676	0.1675	0.1743	0.1851	0.1990	0.1367	0.1344	0.1386	0.1482	0.1632	0.1839	0.1007	0.0957	0.0960	0.1003	0.1105	0.1270	0.1547
1194	0.1938	0.1944	0.1940	0.1966	0.1856	0.1880	0.1880	0.1929	0.2012	0.1687	0.1677	0.1677	0.1743	0.1852	0.1990	0.1367	0.1346	0.1387	0.1482	0.1634	0.1840	0.1009	0.0958	0.0960	0.1002	0.1107	0.1271	0.1545
1195	0.1940	0.1947	0.1942	0.1968	0.1858	0.1882	0.1883	0.1930	0.2013	0.1687	0.1678	0.1678	0.1744	0.1853	0.1991	0.1368	0.1346	0.1387	0.1483	0.1634	0.1839	0.1010	0.0959	0.0962	0.1003	0.1107	0.1271	0.1548
1196	0.1942	0.1951	0.1945	0.1969	0.1860	0.1882	0.1886	0.1932	0.2015	0.1687	0.1680	0.1680	0.1745	0.1855	0.1993	0.1368	0.1347	0.1387	0.1485	0.1635	0.1838	0.1011	0.0959	0.0964	0.1003	0.1108	0.1271	0.1551
1197	0.1944	0.1951	0.1945	0.1969	0.1861	0.1884	0.1888	0.1933	0.2016	0.1688	0.1681	0.1681	0.1746	0.1856	0.1995	0.1369	0.1347	0.1388	0.1486	0.1636	0.1839	0.1012	0.0959	0.0965	0.1003	0.1110	0.1273	0.1551
1198	0.1947	0.1951	0.1945	0.1969	0.1861	0.1886	0.1889	0.1933	0.2017	0.1689	0.1683	0.1681	0.1746	0.1856	0.1997	0.1371	0.1348	0.1388	0.1487	0.1637	0.1841	0.1012	0.0958	0.0965	0.1004	0.1112	0.1275	0.1551
1199	0.1948	0.1952	0.1946	0.1972	0.1862	0.1886	0.1891	0.1935	0.2018	0.1691	0.1683	0.1684	0.1745	0.1857	0.1998	0.1372	0.1350	0.1390	0.1488	0.1637	0.1842	0.1013	0.0958	0.0965	0.1004	0.1112	0.1276	0.1551
1200	0.1949	0.1954	0.1947	0.1975	0.1864	0.1886	0.1893	0.1937	0.2019	0.1694	0.1684	0.1687	0.1744	0.1857	0.1999	0.1374	0.1352	0.1392	0.1489	0.1638	0.1843	0.1015	0.0958	0.0966	0.1004	0.1112	0.1277	0.1550
1201	0.1951	0.1955	0.1948	0.1977	0.1866	0.1886	0.1894	0.1939	0.2021	0.1695	0.1684	0.1688	0.1745	0.1857	0.2000	0.1375	0.1353	0.1393	0.1489	0.1638	0.1844	0.1016	0.0958	0.0966	0.1005	0.1112	0.1277	0.1550
1202	0.1952	0.1956	0.1950	0.1978	0.1867	0.1888	0.1893	0.1939	0.2023	0.1694	0.1684	0.1687	0.1748	0.1857	0.2002	0.1376	0.1354	0.1394	0.1487	0.1638	0.1846	0.1016	0.0960	0.0964	0.1008	0.1113	0.1276	0.1549
1203	0.1952	0.1956	0.1951	0.1980	0.1869	0.1889	0.1894	0.1941	0.2024	0.1694	0.1685	0.1686	0.1750	0.1858	0.2003	0.1377	0.1355	0.1394	0.1487	0.1638	0.1845	0.1016	0.0962	0.0964	0.1009	0.1114	0.1276	0.1549
1204	0.1952	0.1956	0.1952	0.1981	0.1871	0.1890	0.1894	0.1943	0.2025	0.1695	0.1688	0.1687	0.1750	0.1859	0.2003	0.1377	0.1355	0.1394	0.1489	0.1639	0.1843	0.1016	0.0963	0.0966	0.1010	0.1114	0.1276	0.1549
1205	0.1952	0.1957	0.1953	0.1982	0.1873	0.1891	0.1895	0.1944	0.2025	0.1696	0.1690	0.1687	0.1751	0.1861	0.2004	0.1379	0.1355	0.1395	0.1491	0.1640	0.1842	0.1016	0.0964	0.0967	0.1010	0.1115	0.1277	0.1550
1206	0.1954	0.1958	0.1955	0.1983	0.1874	0.1892	0.1898	0.1946	0.2025	0.1697	0.1691	0.1689	0.1752	0.1864	0.2005	0.1383	0.1355	0.1397	0.1493	0.1640	0.1844	0.1016	0.0965	0.0968	0.1011	0.1115	0.1278	0.1552
1207	0.1955	0.1959	0.1956	0.1985	0.1874	0.1893	0.1899	0.1947	0.2026	0.1698	0.1691	0.1691	0.1753	0.1866	0.2007	0.1385	0.1355	0.1398	0.1494	0.1641	0.1846	0.1015	0.0966	0.0969	0.1011	0.1116	0.1280	0.1554
1208	0.1957	0.1960	0.1958	0.1986	0.1875	0.1896	0.1901	0.1948	0.2029	0.1699	0.1692	0.1692	0.1755	0.1866	0.2008	0.1385	0.1355	0.1399	0.1494	0.1642	0.1848	0.1015	0.0965	0.0969	0.1012	0.1118	0.1280	0.1554
1209	0.1958	0.1962	0.1959	0.1988	0.1875	0.1900	0.1902	0.1949	0.2031	0.1700	0.1693	0.1694	0.1757	0.1866	0.2009	0.1385	0.1355	0.1399	0.1494	0.1643	0.1849	0.1014	0.0964	0.0970	0.1014	0.1119	0.1281	0.1555
1210	0.1960	0.1964	0.1960	0.1989	0.1876	0.1899	0.1903	0.1949	0.2032	0.1701	0.1694	0.1696	0.1760	0.1869	0.2010	0.1386	0.1357	0.1399	0.1495	0.1645	0.1851	0.1016	0.0964	0.0971	0.1014	0.1117	0.1282	0.1555
1211	0.1961	0.1967	0.1961	0.1991	0.1878	0.1898	0.1903	0.1950	0.2034	0.1703	0.1695	0.1697	0.1761	0.1871	0.2010	0.1387	0.1358	0.1400	0.1495	0.1646	0.1852	0.1017	0.0964	0.0971	0.1014	0.1116	0.1283	0.1556
1212	0.1961	0.1969	0.1963	0.1992	0.1880	0.1900	0.1905	0.1952	0.2036	0.1704	0.1698	0.1699	0.1762	0.1871	0.2011	0.1387	0.1360	0.1401	0.1496	0.1646	0.1853	0.1017	0.0965	0.0972	0.1015	0.1118	0.1283	0.1557
1213	0.1961	0.1970	0.1964	0.1993	0.1881	0.1902	0.1906	0.1955	0.2037	0.1705	0.1700	0.1700	0.1763	0.1871	0.2012	0.1387	0.1362	0.1401	0.1498	0.1647	0.1853	0.1018	0.0967	0.0973	0.1016	0.1119	0.1284	0.1558
1214	0.1963	0.1972	0.1966	0.1994	0.1882	0.1905	0.1907	0.1955	0.2038	0.1706	0.1700	0.1700	0.1763	0.1872	0.2014	0.1387	0.1362	0.1401	0.1499	0.1647	0.1854	0.1018	0.0968	0.0973	0.1017	0.1121	0.1283	0.1559
1215	0.1966	0.1974	0.1967	0.1995	0.1882	0.1908	0.1909	0.1955	0.2039	0.1708	0.1699	0.1699	0.1763	0.1873	0.2016	0.1386	0.1362	0.1400	0.1500	0.1648	0.1855	0.1018	0.0969	0.0973	0.1019	0.1122	0.1282	0.1559
1216	0.1969	0.1975	0.1968	0.1997	0.1884	0.1908	0.1911	0.1957	0.2040	0.1710	0.1700	0.1700	0.1763	0.1874	0.2016	0.1386	0.1364	0.1403	0.1501	0.1649	0.1855	0.1019	0.0970	0.0973	0.1018	0.1123	0.1283	0.1559
1217	0.1971	0.1977	0.1968	0.1999	0.1886	0.1908	0.1913	0.1960	0.2042	0.1711	0.1701	0.1702	0.1763	0.1875	0.2015	0.1386	0.1367	0.1406	0.1502	0.1650	0.1855	0.1019	0.0971	0.0972	0.1017	0.1123	0.1285	0.1559
1218	0.1973	0.1977	0.1970	0.2001	0.1888	0.1909	0.1914	0.1961	0.2042	0.1711	0.1702	0.1703	0.1765	0.1878	0.2016	0.1387	0.1368	0.1407	0.1503	0.1651	0.1856	0.1020	0.0972	0.0973	0.1019	0.1124	0.1286	0.1559
1219	0.1974	0.1978	0.1972	0.2003	0.1890	0.1911	0.1914	0.1963	0.2041	0.1713	0.1704	0.1704	0.1767	0.1881	0.2017	0.1388	0.1370	0.1407	0.1504	0.1653	0.1857	0.1021	0.0973	0.0975	0.1020	0.1126	0.1286	0.1560
1220	0.1974	0.1980	0.1973	0.2004	0.1891	0.1913	0.1915	0.1963	0.2042	0.1714	0.1705	0.1705	0.1770	0.1883	0.2017	0.1389	0.1371	0.1409	0.1505	0.1655	0.1857	0.1022	0.0973	0.0976	0.1021	0.1126	0.1287	0.1560
1221	0.1974	0.1981	0.1973	0.2005	0.1892	0.1915	0.1917	0.1963	0.2044	0.1716	0.1707	0.1706	0.1772	0.1884	0.2017	0.1390	0.1372	0.1411	0.1506	0.1657	0.1857	0.1023	0.0974	0.0977	0.1022	0.1126	0.1289	0.1560
1222	0.1975	0.1983	0.1974	0.2005	0.1894	0.1916	0.1918	0.1965	0.2045	0.1718	0.1708	0.1707	0.1773	0.1885	0.2018	0.1391	0.1372	0.1413	0.1507	0.1659	0.1858	0.1024	0.0974	0.0978	0.1022	0.1126	0.1289	0.1560
1223	0.1976	0.1984	0.1974	0.2005	0.1896	0.1916	0.1919	0.1967	0.2045	0.1719	0.1711	0.1708	0.1772	0.1886	0.2018	0.1393	0.1372	0.1415	0.1509	0.1661	0.1858	0.1026	0.0974	0.0978	0.1024	0.1126	0.1288	0.1562
1224	0.1977	0.1986	0.1975	0.2005	0.1897	0.1916	0.1920	0.1969	0.2046	0.1720	0.1712	0.1709	0.1772	0.1885	0.2020	0.1395	0.1373	0.1415	0.1511	0.1662	0.1860	0.1027	0.0975	0.0977	0.1024	0.1127	0.1289	0.1563
1225	0.1979	0.1987	0.1976	0.2006	0.1898	0.1917	0.1921	0.1970	0.2048	0.1721	0.1712	0.1710	0.1773	0.1885	0.2022	0.1396	0.1376	0.1416	0.1511	0.1662	0.1862	0.1028	0.0977	0.0977	0.1023	0.1127	0.1289	0.1563
1226	0.1980	0.1989	0.1978	0.2007	0.1899	0.1917	0.1922	0.1971	0.2050	0.1722	0.1712	0.1711	0.1774	0.1885	0.2024	0.1397	0.1378	0.1416	0.1511	0.1662	0.1863	0.1028	0.0977	0.0978	0.1023	0.1128	0.1290	0.1563
1227	0.1980	0.1990	0.1978	0.2009	0.1898	0.1919	0.1924	0.1972	0.2050	0.1722	0.1711	0.1712	0.1775	0.1888	0.2025	0.1398	0.1378	0.1416	0.1511	0.1662	0.1863	0.1028	0.0977	0.0981	0.1025	0.1128	0.1291	0.1564
1228	0.1980	0.1991	0.1979	0.2010	0.1899	0.1920	0.1925	0.1974	0.2051	0.1722	0.1712	0.1713	0.1777	0.1889	0.2026	0.1399	0.1378	0.1417	0.1512	0.1663	0.1864	0.1028	0.0977	0.0982	0.1026	0.1128	0.1292	0.1564
1229	0.1982	0.1991	0.1982	0.2011	0.1900	0.1922	0.1925	0.1975	0.2051	0.1722	0.1715	0.1715	0.1777	0.1889	0.2026	0.1399	0.1378	0.1419	0.1514	0.1663	0.1864	0.1029	0.0979	0.0982	0.1028	0.1130	0.1293	0.1564
1230	0.1984	0.1992	0.1984	0.2012	0.1901	0.1923	0.1926	0.1976	0.2053	0.1723	0.1718	0.1716	0.1779	0.1889	0.2026	0.1400	0.1379	0.1420	0.1515	0.1664	0.1865	0.1030	0.0980	0.0983	0.1030	0.1131	0.1294	0.1564
1231	0.1984	0.1995	0.1987	0.2014	0.1903	0.1925	0.1927	0.1976	0.2056	0.1724	0.1720	0.1717	0.1780	0.1891	0.2029	0.1401	0.1380	0.1421	0.1514	0.1665	0.1865	0.1029	0.0981	0.0984	0.1030	0.1131	0.1295	0.1564
1232	0.1985	0.1998	0.1988	0.2015	0.1904	0.1926	0.1929	0.1977	0.2058	0.1726	0.1721	0.1718	0.1781	0.1893	0.2031	0.1401	0.1380	0.1421	0.1514	0.1666	0.1866	0.1029	0.0982	0.0984	0.1031	0.1132	0.1296	0.1565
1233	0.1986	0.1999	0.1989	0.2017	0.1906	0.1927	0.1931	0.1979	0.2059	0.1727	0.1720	0.1720	0.1783	0.1893	0.2032	0.1403	0.1381	0.1422	0.1514	0.1666	0.1867	0.1031	0.0982	0.0985	0.1031	0.1133	0.1295	0.1567
1234	0.1988	0.1999	0.1989	0.2019	0.1907	0.1928	0.1932	0.1982	0.2060	0.1729	0.1720	0.1721	0.1785	0.1893	0.2033	0.1405	0.1383	0.1422	0.1515	0.1667	0.1869	0.1032	0.0983	0.0986	0.1031	0.1134	0.1294	0.1568
1235	0.1990	0.2000	0.1992	0.2020	0.1908	0.1930	0.1933	0.1983	0.2062	0.1731	0.1722	0.1722	0.1785	0.1895	0.2034	0.1406	0.1383	0.1422	0.1517	0.1666	0.1868	0.1033	0.0984	0.0986	0.1031	0.1134	0.1295	0.1567
1236	0.1992	0.2000	0.1994	0.2021	0.1909	0.1932	0.1933	0.1984	0.2063	0.1733	0.1724	0.1723	0.1786	0.1897	0.2034	0.1406	0.1383	0.1423	0.1519	0.1665	0.1868	0.1033	0.0984	0.0986	0.1031	0.1133	0.1296	0.1566
1237	0.1995	0.2001	0.1995	0.2023	0.1910	0.1934	0.1935	0.1984	0.2064	0.1733	0.1727	0.1724	0.1787	0.1898	0.2035	0.1406	0.1385	0.1423	0.1520	0.1666	0.1867	0.1034	0.0985	0.0987	0.1032	0.1135	0.1297	0.1568
1238	0.1998	0.2002	0.1997	0.2024	0.1911	0.1936	0.1937	0.1985	0.2065	0.1733	0.1729	0.1725	0.1788	0.1900	0.2036	0.1406	0.1387	0.1424	0.1522	0.1667	0.1866	0.1035	0.0987	0.0988	0.1033	0.1137	0.1298	0.1570
1239	0.1999	0.2004	0.1998	0.2026	0.1912	0.1936	0.1939	0.1986	0.2066	0.1734	0.1730	0.1727	0.1790	0.1902	0.2038	0.1407	0.1387	0.1425	0.1523	0.1669	0.1867	0.1036	0.0987	0.0990	0.1035	0.1138	0.1299	0.1571
1240	0.1999	0.2006	0.2000	0.2027	0.1913	0.1937	0.1940	0.1987	0.2067	0.1735	0.1730	0.1729	0.1792	0.1904	0.2042	0.1408	0.1388	0.1426	0.1523	0.1672	0.1869	0.1037	0.0987	0.0992	0.1038	0.1139	0.1300	0.1572
1241	0.2000	0.2008	0.2002	0.2028	0.1914	0.1939	0.1942	0.1988	0.2068	0.1736	0.1731	0.1730	0.1793	0.1905	0.2043	0.1408	0.1388	0.1428	0.1524	0.1672	0.1870	0.1037	0.0988	0.0993	0.1039	0.1138	0.1300	0.1571
1242	0.2001	0.2009	0.2004	0.2030	0.1915	0.1941	0.1943	0.1990	0.2069	0.1737	0.1732	0.1731	0.1794	0.1905	0.2043	0.1408	0.1389	0.1430	0.1525	0.1672	0.1872	0.1037	0.0990	0.0993	0.1039	0.1138	0.1301	0.1571
1243	0.2003	0.2011	0.2005	0.2032	0.1917	0.1942	0.1944	0.1991	0.2070	0.1739	0.1733	0.1732	0.1795	0.1906	0.2044	0.1409	0.1391	0.1432	0.1525	0.1674	0.1873	0.1038	0.0991	0.0994	0.1039	0.1139	0.1301	0.1572
1244	0.2004	0.2014	0.2006	0.2034	0.1918	0.1943	0.1945	0.1992	0.2072	0.1740	0.1734	0.1733	0.1797	0.1906	0.2045	0.1411	0.1393	0.1433	0.1526	0.1676	0.1875	0.1039	0.0992	0.0993	0.1038	0.1141	0.1301	0.1573
1245	0.2005	0.2016	0.2007	0.2035	0.1920	0.1944	0.1945	0.1994	0.2073	0.1742	0.1734	0.1734	0.1799	0.1906	0.2046	0.1412	0.1393	0.1434	0.1526	0.1677	0.1876	0.1041	0.0993	0.0994	0.1039	0.1142	0.1303	0.1575
1246	0.2006	0.2017	0.2008	0.2035	0.1921	0.1944	0.1946	0.1995	0.2075	0.1745	0.1735	0.1736	0.1800	0.1908	0.2046	0.1413	0.1393	0.1435	0.1527	0.1678	0.1876	0.1043	0.0993	0.0994	0.1040	0.1142	0.1304	0.1576
1247	0.2007	0.2018	0.2009	0.2036	0.1922	0.1944	0.1946	0.1997	0.2076	0.1746	0.1736	0.1736	0.1801	0.1910	0.2047	0.1415	0.1394	0.1436	0.1528	0.1678	0.1877	0.1044	0.0993	0.0995	0.1041	0.1142	0.1305	0.1577
1248	0.2009	0.2019	0.2010	0.2039	0.1924	0.1946	0.1948	0.1999	0.2076	0.1744	0.1736	0.1737	0.1801	0.1912	0.2048	0.1417	0.1395	0.1437	0.1527	0.1678	0.1878	0.1044	0.0993	0.0996	0.1040	0.1143	0.1305	0.1576
1249	0.2011	0.2020	0.2012	0.2042	0.1925	0.1947	0.1949	0.2001	0.2077	0.1744	0.1738	0.1738	0.1801	0.1914	0.2049	0.1418	0.1396	0.1438	0.1528	0.1679	0.1879	0.1044	0.0992	0.0996	0.1040	0.1143	0.1304	0.1575
1250	0.2012	0.2020	0.2013	0.2044	0.1925	0.1949	0.1950	0.2001	0.2079	0.1745	0.1740	0.1738	0.1803	0.1915	0.2050	0.1417	0.1397	0.1438	0.1530	0.1679	0.1880	0.1044	0.0993	0.0996	0.1042	0.1144	0.1304	0.1575
1251	0.2013	0.2020	0.2014	0.2045	0.1926	0.1950	0.1951	0.2002	0.2080	0.1747	0.1742	0.1739	0.1804	0.1917	0.2051	0.1417	0.1397	0.1438	0.1531	0.1680	0.1881	0.1045	0.0993	0.0996	0.1043	0.1145	0.1304	0.1574
1252	0.2014	0.2022	0.2016	0.2045	0.1927	0.1950	0.1952	0.2003	0.2082	0.1749	0.1743	0.1739	0.1805	0.1917	0.2052	0.1418	0.1396	0.1438	0.1532	0.1681	0.1881	0.1044	0.0993	0.0997	0.1043	0.1146	0.1304	0.1575
1253	0.2015	0.2024	0.2018	0.2045	0.1929	0.1951	0.1954	0.2005	0.2083	0.1751	0.1745	0.1739	0.1807	0.1918	0.2053	0.1420	0.1395	0.1438	0.1533	0.1682	0.1881	0.1044	0.0994	0.0999	0.1043	0.1147	0.1305	0.1576
1254	0.2017	0.2025	0.2018	0.2046	0.1931	0.1953	0.1954	0.2006	0.2085	0.1752	0.1746	0.1741	0.1807	0.1920	0.2055	0.1421	0.1397	0.1440	0.1533	0.1682	0.1882	0.1044	0.0995	0.1000	0.1043	0.1148	0.1307	0.1577
1255	0.2020	0.2027	0.2019	0.2047	0.1934	0.1954	0.1954	0.2008	0.2086	0.1753	0.1747	0.1742	0.1807	0.1921	0.2056	0.1422	0.1398	0.1442	0.1534	0.1682	0.1882	0.1045	0.0997	0.1002	0.1044	0.1149	0.1309	0.1578
1256	0.2022	0.2029	0.2020	0.2048	0.1935	0.1956	0.1956	0.2009	0.2087	0.1755	0.1748	0.1744	0.1809	0.1922	0.2055	0.1423	0.1400	0.1443	0.1535	0.1684	0.1884	0.1045	0.0997	0.1003	0.1045	0.1149	0.1309	0.1578
1257	0.2024	0.2032	0.2020	0.2050	0.1937	0.1957	0.1957	0.2010	0.2088	0.1757	0.1749	0.1745	0.1810	0.1923	0.2054	0.1424	0.1401	0.1445	0.1536	0.1685	0.1885	0.1046	0.0998	0.1004	0.1046	0.1149	0.1310	0.1578
1258	0.2025	0.2033	0.2021	0.2051	0.1937	0.1958	0.1959	0.2011	0.2090	0.1757	0.1749	0.1746	0.1811	0.1924	0.2056	0.1425	0.1400	0.1444	0.1537	0.1685	0.1885	0.1048	0.0998	0.1004	0.1047	0.1148	0.1310	0.1580
1259	0.2027	0.2034	0.2022	0.2052	0.1937	0.1958	0.1960	0.2011	0.2092	0.1757	0.1750	0.1746	0.1812	0.1925	0.2059	0.1425	0.1399	0.1444	0.1538	0.1686	0.1885	0.1050	0.0998	0.1005	0.1049	0.1147	0.1309	0.1582
1260	0.2028	0.2034	0.2022	0.2053	0.1938	0.1959	0.1962	0.2012	0.2093	0.1757	0.1752	0.1746	0.1813	0.1925	0.2061	0.1426	0.1400	0.1444	0.1539	0.1687	0.1885	0.1049	0.0998	0.1004	0.1049	0.1149	0.1308	0.1582
1261	0.2029	0.2034	0.2022	0.2054	0.1939	0.1960	0.1963	0.2013	0.2094	0.1757	0.1753	0.1746	0.1814	0.1926	0.2063	0.1426	0.1400	0.1445	0.1541	0.1689	0.1886	0.1048	0.0998	0.1003	0.1049	0.1151	0.1307	0.1582
1262	0.2028	0.2036	0.2024	0.2054	0.1940	0.1961	0.1964	0.2014	0.2094	0.1758	0.1755	0.1748	0.1816	0.1926	0.2064	0.1427	0.1401	0.1445	0.1542	0.1690	0.1887	0.1049	0.0998	0.1002	0.1049	0.1152	0.1308	0.1582
1263	0.2027	0.2038	0.2027	0.2055	0.1940	0.1962	0.1965	0.2015	0.2094	0.1759	0.1757	0.1751	0.1817	0.1926	0.2065	0.1427	0.1401	0.1445	0.1543	0.1691	0.1889	0.1050	0.1000	0.1001	0.1050	0.1154	0.1308	0.1581
1264	0.2028	0.2039	0.2028	0.2056	0.1941	0.1963	0.1966	0.2016	0.2095	0.1760	0.1758	0.1753	0.1819	0.1927	0.2066	0.1428	0.1402	0.1446	0.1543	0.1692	0.1889	0.1050	0.1000	0.1002	0.1050	0.1154	0.1310	0.1581
1265	0.2029	0.2041	0.2030	0.2058	0.1942	0.1964	0.1967	0.2017	0.2096	0.1761	0.1760	0.1754	0.1820	0.1928	0.2067	0.1430	0.1404	0.1448	0.1543	0.1692	0.1889	0.1051	0.1001	0.1003	0.1051	0.1154	0.1311	0.1581
1266	0.2030	0.2042	0.2031	0.2059	0.1943	0.1965	0.1967	0.2019	0.2097	0.1761	0.1761	0.1755	0.1821	0.1929	0.2068	0.1431	0.1404	0.1448	0.1544	0.1692	0.1889	0.1050	0.1002	0.1003	0.1051	0.1154	0.1313	0.1581
1267	0.2030	0.2043	0.2032	0.2060	0.1944	0.1966	0.1967	0.2021	0.2098	0.1761	0.1762	0.1755	0.1821	0.1931	0.2068	0.1431	0.1405	0.1446	0.1545	0.1692	0.1891	0.1050	0.1002	0.1003	0.1052	0.1155	0.1314	0.1581
1268	0.2031	0.2044	0.2034	0.2062	0.1945	0.1967	0.1968	0.2022	0.2100	0.1762	0.1762	0.1756	0.1822	0.1932	0.2069	0.1432	0.1405	0.1446	0.1545	0.1692	0.1891	0.1050	0.1003	0.1004	0.1052	0.1156	0.1316	0.1582
1269	0.2033	0.2045	0.2036	0.2064	0.1944	0.1967	0.1971	0.2022	0.2101	0.1763	0.1761	0.1757	0.1824	0.1933	0.2071	0.1433	0.1405	0.1447	0.1546	0.1693	0.1891	0.1051	0.1004	0.1005	0.1052	0.1156	0.1316	0.1583
1270	0.2035	0.2046	0.2038	0.2066	0.1945	0.1968	0.1973	0.2023	0.2102	0.1764	0.1761	0.1758	0.1825	0.1934	0.2071	0.1434	0.1406	0.1449	0.1546	0.1693	0.1891	0.1052	0.1004	0.1006	0.1052	0.1157	0.1317	0.1584
1271	0.2036	0.2046	0.2039	0.2067	0.1946	0.1969	0.1973	0.2024	0.2104	0.1765	0.1762	0.1760	0.1826	0.1934	0.2070	0.1434	0.1407	0.1452	0.1548	0.1694	0.1890	0.1054	0.1005	0.1007	0.1053	0.1157	0.1318	0.1585
1272	0.2037	0.2047	0.2040	0.2068	0.1947	0.1970	0.1974	0.2026	0.2106	0.1766	0.1762	0.1761	0.1826	0.1935	0.2069	0.1435	0.1408	0.1454	0.1549	0.1695	0.1890	0.1055	0.1005	0.1008	0.1054	0.1158	0.1319	0.1586
1273	0.2037	0.2049	0.2041	0.2069	0.1948	0.1972	0.1975	0.2026	0.2107	0.1768	0.1763	0.1761	0.1827	0.1936	0.2070	0.1436	0.1410	0.1456	0.1549	0.1695	0.1891	0.1055	0.1005	0.1008	0.1055	0.1159	0.1319	0.1587
1274	0.2037	0.2051	0.2042	0.2069	0.1950	0.1973	0.1976	0.2027	0.2108	0.1769	0.1763	0.1762	0.1827	0.1937	0.2070	0.1436	0.1412	0.1457	0.1548	0.1696	0.1892	0.1055	0.1005	0.1009	0.1056	0.1159	0.1319	0.1588
1275	0.2039	0.2053	0.2043	0.2068	0.1951	0.1974	0.1975	0.2028	0.2109	0.1768	0.1764	0.1763	0.1828	0.1936	0.2072	0.1436	0.1412	0.1457	0.1549	0.1696	0.1894	0.1054	0.1005	0.1009	0.1056	0.1160	0.1319	0.1587
1276	0.2041	0.2055	0.2043	0.2068	0.1952	0.1976	0.1975	0.2030	0.2109	0.1768	0.1765	0.1764	0.1830	0.1936	0.2074	0.1436	0.1412	0.1458	0.1549	0.1696	0.1896	0.1054	0.1005	0.1010	0.1056	0.1161	0.1319	0.1587
1277	0.2042	0.2054	0.2045	0.2069	0.1953	0.1977	0.1976	0.2030	0.2109	0.1769	0.1766	0.1764	0.1830	0.1936	0.2075	0.1437	0.1412	0.1458	0.1549	0.1698	0.1896	0.1055	0.1005	0.1010	0.1056	0.1162	0.1318	0.1587
1278	0.2043	0.2054	0.2046	0.2071	0.1953	0.1978	0.1977	0.2030	0.2109	0.1770	0.1766	0.1764	0.1830	0.1936	0.2075	0.1437	0.1413	0.1459	0.1550	0.1700	0.1896	0.1055	0.1006	0.1010	0.1057	0.1163	0.1317	0.1586
1279	0.2045	0.2054	0.2046	0.2073	0.1955	0.1979	0.1979	0.2030	0.2110	0.1770	0.1769	0.1765	0.1831	0.1939	0.2075	0.1436	0.1414	0.1460	0.1551	0.1701	0.1896	0.1055	0.1005	0.1010	0.1058	0.1163	0.1317	0.1587
1280	0.2048	0.2055	0.2046	0.2074	0.1956	0.1980	0.1980	0.2030	0.2111	0.1770	0.1771	0.1766	0.1832	0.1941	0.2074	0.1436	0.1414	0.1461	0.1552	0.1701	0.1897	0.1056	0.1004	0.1010	0.1059	0.1163	0.1317	0.1587
1281	0.2049	0.2057	0.2047	0.2076	0.1957	0.1980	0.1981	0.2031	0.2111	0.1772	0.1771	0.1767	0.1833	0.1943	0.2074	0.1436	0.1415	0.1461	0.1553	0.1701	0.1897	0.1055	0.1004	0.1011	0.1060	0.1163	0.1318	0.1588
1282	0.2049	0.2060	0.2047	0.2078	0.1957	0.1980	0.1981	0.2031	0.2112	0.1773	0.1771	0.1768	0.1834	0.1944	0.2075	0.1435	0.1416	0.1461	0.1553	0.1701	0.1898	0.1055	0.1004	0.1012	0.1062	0.1163	0.1319	0.1589
1283	0.2050	0.2060	0.2048	0.2078	0.1958	0.1981	0.1982	0.2032	0.2113	0.1774	0.1771	0.1769	0.1835	0.1945	0.2076	0.1436	0.1417	0.1462	0.1554	0.1701	0.1898	0.1056	0.1005	0.1013	0.1063	0.1164	0.1320	0.1589
1284	0.2051	0.2061	0.2049	0.2078	0.1960	0.1983	0.1983	0.2034	0.2114	0.1776	0.1772	0.1770	0.1835	0.1947	0.2077	0.1437	0.1417	0.1463	0.1554	0.1702	0.1898	0.1057	0.1006	0.1015	0.1064	0.1164	0.1321	0.1589
1285	0.2051	0.2063	0.2049	0.2079	0.1961	0.1983	0.1984	0.2034	0.2114	0.1777	0.1772	0.1772	0.1837	0.1947	0.2078	0.1439	0.1417	0.1463	0.1554	0.1703	0.1898	0.1058	0.1007	0.1015	0.1063	0.1165	0.1321	0.1589
1286	0.2050	0.2064	0.2049	0.2080	0.1962	0.1983	0.1984	0.2035	0.2115	0.1777	0.1773	0.1773	0.1838	0.1946	0.2079	0.1440	0.1417	0.1464	0.1555	0.1703	0.1898	0.1059	0.1008	0.1016	0.1063	0.1166	0.1320	0.1589
1287	0.2052	0.2065	0.2050	0.2081	0.1963	0.1983	0.1985	0.2036	0.2116	0.1777	0.1774	0.1774	0.1838	0.1948	0.2080	0.1440	0.1418	0.1464	0.1556	0.1703	0.1898	0.1059	0.1008	0.1016	0.1062	0.1166	0.1321	0.1589
1288	0.2054	0.2064	0.2052	0.2082	0.1963	0.1984	0.1985	0.2037	0.2117	0.1778	0.1774	0.1775	0.1838	0.1949	0.2080	0.1441	0.1419	0.1463	0.1558	0.1704	0.1899	0.1059	0.1008	0.1016	0.1063	0.1166	0.1322	0.1589
1289	0.2056	0.2066	0.2053	0.2083	0.1963	0.1985	0.1986	0.2037	0.2118	0.1778	0.1776	0.1776	0.1838	0.1950	0.2080	0.1442	0.1420	0.1464	0.1559	0.1704	0.1899	0.1059	0.1009	0.1017	0.1063	0.1167	0.1323	0.1590
1290	0.2057	0.2069	0.2054	0.2084	0.1963	0.1987	0.1987	0.2038	0.2119	0.1778	0.1777	0.1777	0.1839	0.1951	0.2081	0.1444	0.1421	0.1465	0.1560	0.1704	0.1900	0.1060	0.1010	0.1017	0.1063	0.1168	0.1324	0.1592
1291	0.2057	0.2070	0.2056	0.2085	0.1964	0.1988	0.1987	0.2040	0.2120	0.1779	0.1777	0.1778	0.1839	0.1951	0.2082	0.1446	0.1421	0.1466	0.1560	0.1705	0.1901	0.1061	0.1011	0.1017	0.1063	0.1169	0.1325	0.1592
1292	0.2056	0.2070	0.2058	0.2086	0.1964	0.1988	0.1987	0.2042	0.2120	0.1780	0.1778	0.1779	0.1840	0.1951	0.2084	0.1446	0.1422	0.1466	0.1560	0.1706	0.1902	0.1063	0.1011	0.1017	0.1063	0.1170	0.1325	0.1591
1293	0.2057	0.2069	0.2058	0.2087	0.1964	0.1989	0.1987	0.2043	0.2120	0.1781	0.1779	0.1779	0.1841	0.1952	0.2085	0.1446	0.1423	0.1467	0.1560	0.1708	0.1903	0.1064	0.1011	0.1018	0.1063	0.1170	0.1325	0.1590
1294	0.2058	0.2069	0.2058	0.2087	0.1965	0.1989	0.1988	0.2043	0.2121	0.1782	0.1780	0.1779	0.1842	0.1952	0.2084	0.1445	0.1423	0.1467	0.1562	0.1709	0.1904	0.1064	0.1011	0.1017	0.1065	0.1170	0.1325	0.1591
1295	0.2058	0.2068	0.2058	0.2087	0.1965	0.1989	0.1988	0.2044	0.2121	0.1783	0.1781	0.1779	0.1844	0.1953	0.2085	0.1444	0.1423	0.1467	0.1563	0.1710	0.1905	0.1064	0.1011	0.1017	0.1065	0.1169	0.1325	0.1591
1296	0.2058	0.2068	0.2059	0.2088	0.1964	0.1989	0.1989	0.2044	0.2122	0.1783	0.1781	0.1778	0.1846	0.1955	0.2085	0.1443	0.1424	0.1468	0.1565	0.1710	0.1906	0.1064	0.1011	0.1017	0.1064	0.1168	0.1326	0.1592
1297	0.2058	0.2069	0.2060	0.2088	0.1964	0.1988	0.1989	0.2044	0.2123	0.1783	0.1782	0.1779	0.1848	0.1957	0.2086	0.1443	0.1425	0.1469	0.1566	0.1709	0.1907	0.1063	0.1010	0.1018	0.1064	0.1167	0.1327	0.1592
1298	0.2059	0.2071	0.2061	0.2089	0.1965	0.1989	0.1991	0.2046	0.2123	0.1785	0.1783	0.1781	0.1849	0.1957	0.2087	0.1445	0.1425	0.1471	0.1567	0.1708	0.1909	0.1064	0.1011	0.1020	0.1065	0.1168	0.1328	0.1594
1299	0.2060	0.2073	0.2062	0.2090	0.1966	0.1990	0.1992	0.2048	0.2124	0.1786	0.1784	0.1782	0.1850	0.1958	0.2088	0.1446	0.1425	0.1473	0.1567	0.1708	0.1910	0.1064	0.1012	0.1021	0.1065	0.1169	0.1328	0.1595
1300	0.2061	0.2073	0.2062	0.2091	0.1967	0.1990	0.1992	0.2048	0.2126	0.1786	0.1783	0.1783	0.1850	0.1956	0.2089	0.1448	0.1426	0.1472	0.1567	0.1709	0.1911	0.1064	0.1012	0.1021	0.1066	0.1171	0.1328	0.1595
1301	0.2062	0.2074	0.2062	0.2091	0.1968	0.1991	0.1993	0.2048	0.2128	0.1785	0.1783	0.1784	0.1849	0.1955	0.2090	0.1449	0.1426	0.1472	0.1567	0.1710	0.1912	0.1063	0.1013	0.1021	0.1067	0.1172	0.1329	0.1596
1302	0.2063	0.2073	0.2063	0.2091	0.1968	0.1991	0.1994	0.2048	0.2129	0.1785	0.1782	0.1784	0.1849	0.1955	0.2092	0.1449	0.1426	0.1473	0.1569	0.1711	0.1914	0.1063	0.1013	0.1021	0.1067	0.1172	0.1331	0.1596
1303	0.2064	0.2073	0.2064	0.2092	0.1969	0.1991	0.1996	0.2048	0.2130	0.1786	0.1782	0.1785	0.1849	0.1955	0.2093	0.1448	0.1425	0.1474	0.1570	0.1712	0.1915	0.1064	0.1013	0.1021	0.1068	0.1172	0.1332	0.1596
1304	0.2064	0.2073	0.2064	0.2093	0.1969	0.1993	0.1997	0.2048	0.2131	0.1787	0.1783	0.1787	0.1849	0.1957	0.2094	0.1449	0.1426	0.1476	0.1570	0.1714	0.1915	0.1064	0.1015	0.1021	0.1069	0.1172	0.1333	0.1598
1305	0.2064	0.2073	0.2064	0.2095	0.1970	0.1995	0.1999	0.2048	0.2132	0.1788	0.1783	0.1788	0.1849	0.1959	0.2096	0.1450	0.1427	0.1477	0.1570	0.1715	0.1915	0.1064	0.1016	0.1021	0.1071	0.1172	0.1334	0.1600
1306	0.2065	0.2074	0.2065	0.2096	0.1971	0.1995	0.1999	0.2047	0.2134	0.1788	0.1784	0.1788	0.1851	0.1961	0.2097	0.1451	0.1429	0.1477	0.1570	0.1716	0.1918	0.1065	0.1016	0.1022	0.1071	0.1172	0.1335	0.1603
1307	0.2066	0.2075	0.2067	0.2096	0.1973	0.1995	0.2000	0.2047	0.2135	0.1789	0.1785	0.1788	0.1852	0.1963	0.2098	0.1451	0.1431	0.1477	0.1571	0.1717	0.1921	0.1066	0.1016	0.1023	0.1071	0.1172	0.1336	0.1605
1308	0.2066	0.2076	0.2067	0.2097	0.1973	0.1995	0.2000	0.2048	0.2135	0.1789	0.1786	0.1789	0.1853	0.1963	0.2099	0.1451	0.1432	0.1477	0.1571	0.1719	0.1922	0.1066	0.1016	0.1023	0.1071	0.1173	0.1335	0.1606
1309	0.2066	0.2076	0.2067	0.2098	0.1974	0.1995	0.2001	0.2050	0.2135	0.1789	0.1788	0.1789	0.1853	0.1963	0.2100	0.1451	0.1432	0.1476	0.1571	0.1720	0.1923	0.1066	0.1016	0.1022	0.1072	0.1174	0.1334	0.1607
1310	0.2066	0.2077	0.2068	0.2098	0.1974	0.1996	0.2002	0.2051	0.2135	0.1788	0.1787	0.1789	0.1853	0.1963	0.2101	0.1450	0.1432	0.1476	0.1571	0.1720	0.1923	0.1066	0.1016	0.1023	0.1071	0.1175	0.1334	0.1607
1311	0.2066	0.2080	0.2069	0.2098	0.1975	0.1998	0.2003	0.2052	0.2136	0.1787	0.1786	0.1788	0.1854	0.1962	0.2101	0.1449	0.1432	0.1476	0.1571	0.1721	0.1923	0.1066	0.1016	0.1023	0.1071	0.1176	0.1334	0.1607
1312	0.2067	0.2080	0.2069	0.2098	0.1975	0.1998	0.2003	0.2053	0.2137	0.1788	0.1787	0.1788	0.1853	0.1962	0.2102	0.1449	0.1432	0.1477	0.1571	0.1721	0.1925	0.1066	0.1016	0.1023	0.1070	0.1176	0.1336	0.1609
1313	0.2068	0.2079	0.2069	0.2097	0.1976	0.1998	0.2003	0.2053	0.2138	0.1789	0.1787	0.1787	0.1851	0.1962	0.2103	0.1450	0.1432	0.1478	0.1571	0.1720	0.1926	0.1066	0.1016	0.1023	0.1070	0.1176	0.1338	0.1611
1314	0.2068	0.2079	0.2070	0.2097	0.1976	0.1998	0.2004	0.2054	0.2139	0.1790	0.1786	0.1787	0.1851	0.1962	0.2104	0.1451	0.1431	0.1478	0.1572	0.1721	0.1927	0.1065	0.1016	0.1023	0.1069	0.1176	0.1338	0.1611
1315	0.2067	0.2079	0.2072	0.2097	0.1974	0.1998	0.2004	0.2055	0.2140	0.1789	0.1786	0.1786	0.1852	0.1963	0.2105	0.1452	0.1430	0.1478	0.1573	0.1721	0.1928	0.1064	0.1016	0.1023	0.1069	0.1175	0.1337	0.1611
1316	0.2068	0.2079	0.2071	0.2098	0.1974	0.1998	0.2005	0.2055	0.2140	0.1790	0.1786	0.1786	0.1851	0.1963	0.2106	0.1453	0.1430	0.1478	0.1573	0.1722	0.1927	0.1063	0.1016	0.1023	0.1069	0.1176	0.1337	0.1612
1317	0.2068	0.2078	0.2070	0.2099	0.1974	0.1998	0.2005	0.2055	0.2139	0.1791	0.1788	0.1786	0.1850	0.1963	0.2105	0.1454	0.1429	0.1478	0.1573	0.1723	0.1927	0.1063	0.1016	0.1023	0.1068	0.1176	0.1338	0.1614
1318	0.2068	0.2079	0.2069	0.2098	0.1974	0.1998	0.2004	0.2056	0.2138	0.1791	0.1787	0.1786	0.1850	0.1964	0.2106	0.1455	0.1428	0.1477	0.1573	0.1723	0.1928	0.1063	0.1016	0.1023	0.1068	0.1176	0.1338	0.1615
1319	0.2068	0.2079	0.2069	0.2096	0.1974	0.1999	0.2004	0.2057	0.2138	0.1791	0.1786	0.1786	0.1849	0.1966	0.2108	0.1456	0.1428	0.1476	0.1572	0.1725	0.1928	0.1063	0.1016	0.1024	0.1070	0.1177	0.1339	0.1616
1320	0.2068	0.2080	0.2069	0.2096	0.1973	0.1999	0.2003	0.2057	0.2138	0.1791	0.1786	0.1787	0.1849	0.1968	0.2109	0.1457	0.1429	0.1475	0.1572	0.1726	0.1930	0.1063	0.1016	0.1023	0.1071	0.1177	0.1340	0.1617
1321	0.2068	0.2079	0.2069	0.2096	0.1973	0.1998	0.2002	0.2057	0.2140	0.1791	0.1785	0.1788	0.1849	0.1968	0.2109	0.1456	0.1430	0.1475	0.1573	0.1727	0.1932	0.1064	0.1014	0.1021	0.1070	0.1178	0.1341	0.1618
1322	0.2068	0.2078	0.2069	0.2096	0.1972	0.1997	0.2002	0.2056	0.2141	0.1791	0.1784	0.1789	0.1849	0.1968	0.2109	0.1456	0.1430	0.1476	0.1574	0.1727	0.1934	0.1066	0.1015	0.1020	0.1070	0.1178	0.1342	0.1619
1323	0.2069	0.2078	0.2069	0.2097	0.1971	0.1997	0.2002	0.2055	0.2141	0.1791	0.1786	0.1789	0.1851	0.1968	0.2110	0.1456	0.1431	0.1476	0.1575	0.1726	0.1935	0.1066	0.1017	0.1021	0.1071	0.1178	0.1343	0.1621
1324	0.2070	0.2078	0.2069	0.2098	0.1970	0.1997	0.2003	0.2055	0.2141	0.1791	0.1787	0.1789	0.1852	0.1968	0.2111	0.1456	0.1431	0.1477	0.1576	0.1725	0.1936	0.1065	0.1018	0.1022	0.1071	0.1178	0.1343	0.1622
1325	0.2071	0.2079	0.2069	0.2098	0.1972	0.1998	0.2004	0.2057	0.2141	0.1790	0.1786	0.1788	0.1852	0.1968	0.2112	0.1456	0.1431	0.1478	0.1575	0.1725	0.1936	0.1065	0.1019	0.1022	0.1072	0.1179	0.1343	0.1622
1326	0.2072	0.2080	0.2069	0.2099	0.1972	0.1999	0.2005	0.2058	0.2141	0.1788	0.1785	0.1787	0.1851	0.1969	0.2113	0.1455	0.1431	0.1479	0.1574	0.1726	0.1937	0.1065	0.1019	0.1022	0.1073	0.1179	0.1342	0.1622
1327	0.2071	0.2078	0.2071	0.2099	0.1972	0.1999	0.2004	0.2056	0.2140	0.1788	0.1785	0.1788	0.1850	0.1969	0.2113	0.1455	0.1432	0.1477	0.1573	0.1726	0.1936	0.1065	0.1016	0.1021	0.1072	0.1179	0.1343	0.1622
1328	0.2070	0.2077	0.2072	0.2099	0.1972	0.2000	0.2003	0.2055	0.2139	0.1788	0.1785	0.1788	0.1849	0.1970	0.2114	0.1455	0.1432	0.1476	0.1573	0.1726	0.1936	0.1065	0.1014	0.1020	0.1071	0.1178	0.1343	0.1622
1329	0.2069	0.2077	0.2071	0.2099	0.1973	0.2000	0.2002	0.2055	0.2139	0.1789	0.1785	0.1786	0.1850	0.1970	0.2114	0.1454	0.1432	0.1476	0.1573	0.1726	0.1937	0.1066	0.1013	0.1021	0.1070	0.1179	0.1343	0.1624
1330	0.2068	0.2078	0.2071	0.2098	0.1973	0.1999	0.2001	0.2055	0.2139	0.1790	0.1785	0.1784	0.1851	0.1970	0.2114	0.1453	0.1431	0.1476	0.1574	0.1727	0.1938	0.1066	0.1012	0.1021	0.1069	0.1179	0.1343	0.1627
1331	0.2066	0.2076	0.2069	0.2097	0.1974	0.1999	0.2001	0.2052	0.2140	0.1790	0.1786	0.1785	0.1852	0.1969	0.2115	0.1454	0.1432	0.1477	0.1573	0.1728	0.1939	0.1066	0.1011	0.1022	0.1071	0.1178	0.1345	0.1626
1332	0.2064	0.2074	0.2068	0.2097	0.1975	0.1998	0.2001	0.2050	0.2140	0.1791	0.1786	0.1785	0.1852	0.1967	0.2115	0.1454	0.1433	0.1478	0.1572	0.1728	0.1940	0.1067	0.1011	0.1023	0.1072	0.1177	0.1346	0.1625
1333	0.2063	0.2074	0.2067	0.2096	0.1975	0.1997	0.2000	0.2049	0.2140	0.1791	0.1784	0.1785	0.1850	0.1967	0.2114	0.1454	0.1432	0.1477	0.1573	0.1728	0.1939	0.1066	0.1011	0.1021	0.1070	0.1176	0.1345	0.1625
1334	0.2063	0.2073	0.2066	0.2096	0.1975	0.1997	0.1999	0.2049	0.2140	0.1790	0.1782	0.1785	0.1848	0.1966	0.2113	0.1454	0.1430	0.1475	0.1575	0.1728	0.1938	0.1065	0.1011	0.1020	0.1068	0.1176	0.1344	0.1625
1335	0.2062	0.2073	0.2066	0.2095	0.1976	0.1996	0.2000	0.2048	0.2139	0.1789	0.1782	0.1786	0.1848	0.1966	0.2112	0.1451	0.1430	0.1474	0.1573	0.1728	0.1937	0.1064	0.1012	0.1020	0.1068	0.1175	0.1343	0.1625
1336	0.2061	0.2072	0.2066	0.2094	0.1976	0.1995	0.2001	0.2048	0.2137	0.1788	0.1781	0.1786	0.1848	0.1966	0.2112	0.1448	0.1429	0.1474	0.1572	0.1728	0.1937	0.1063	0.1013	0.1021	0.1067	0.1175	0.1341	0.1626
1337	0.2060	0.2071	0.2066	0.2094	0.1975	0.1995	0.2000	0.2049	0.2136	0.1788	0.1781	0.1786	0.1848	0.1964	0.2112	0.1448	0.1430	0.1473	0.1572	0.1727	0.1937	0.1063	0.1013	0.1021	0.1067	0.1175	0.1342	0.1625
1338	0.2059	0.2070	0.2066	0.2093	0.1975	0.1995	0.1998	0.2050	0.2135	0.1788	0.1781	0.1786	0.1848	0.1963	0.2113	0.1449	0.1430	0.1473	0.1573	0.1727	0.1937	0.1063	0.1013	0.1021	0.1068	0.1175	0.1344	0.1625
1339	0.2058	0.2070	0.2064	0.2093	0.1973	0.1995	0.1997	0.2050	0.2135	0.1787	0.1781	0.1785	0.1848	0.1963	0.2112	0.1449	0.1429	0.1473	0.1572	0.1727	0.1937	0.1063	0.1013	0.1021	0.1068	0.1175	0.1344	0.1624
1340	0.2058	0.2069	0.2063	0.2094	0.1970	0.1994	0.1997	0.2051	0.2135	0.1787	0.1782	0.1783	0.1847	0.1963	0.2111	0.1447	0.1428	0.1474	0.1571	0.1728	0.1936	0.1064	0.1013	0.1021	0.1067	0.1174	0.1344	0.1624
1341	0.2057	0.2068	0.2063	0.2093	0.1968	0.1995	0.1996	0.2050	0.2135	0.1787	0.1782	0.1782	0.1847	0.1963	0.2111	0.1447	0.1427	0.1473	0.1571	0.1729	0.1935	0.1064	0.1012	0.1021	0.1067	0.1173	0.1344	0.1623
1342	0.2057	0.2067	0.2062	0.2092	0.1968	0.1996	0.1996	0.2049	0.2134	0.1788	0.1784	0.1781	0.1847	0.1963	0.2112	0.1446	0.1426	0.1472	0.1571	0.1730	0.1934	0.1064	0.1011	0.1021	0.1067	0.1172	0.1343	0.1622
1343	0.2057	0.2067	0.2063	0.2092	0.1968	0.1997	0.1996	0.2048	0.2135	0.1787	0.1783	0.1781	0.1847	0.1963	0.2112	0.1446	0.1425	0.1472	0.1571	0.1729	0.1934	0.1064	0.1011	0.1020	0.1066	0.1172	0.1343	0.1622
1344	0.2057	0.2067	0.2063	0.2092	0.1969	0.1997	0.1996	0.2047	0.2137	0.1787	0.1781	0.1782	0.1846	0.1963	0.2112	0.1446	0.1425	0.1472	0.1570	0.1729	0.1935	0.1063	0.1011	0.1019	0.1065	0.1172	0.1343	0.1623
1345	0.2057	0.2067	0.2064	0.2092	0.1970	0.1996	0.1996	0.2048	0.2137	0.1787	0.1780	0.1781	0.1847	0.1963	0.2112	0.1446	0.1425	0.1472	0.1570	0.1728	0.1936	0.1062	0.1011	0.1018	0.1064	0.1173	0.1344	0.1624
1346	0.2057	0.2067	0.2065	0.2091	0.1971	0.1994	0.1997	0.2050	0.2136	0.1788	0.1781	0.1781	0.1848	0.1964	0.2111	0.1446	0.1425	0.1472	0.1569	0.1727	0.1935	0.1061	0.1012	0.1018	0.1063	0.1175	0.1345	0.1625
1347	0.2058	0.2067	0.2065	0.2091	0.1971	0.1994	0.1997	0.2051	0.2136	0.1789	0.1780	0.1781	0.1849	0.1964	0.2110	0.1446	0.1426	0.1472	0.1568	0.1727	0.1936	0.1062	0.1013	0.1017	0.1063	0.1176	0.1344	0.1625
1348	0.2058	0.2068	0.2065	0.2091	0.1971	0.1995	0.1997	0.2051	0.2136	0.1789	0.1780	0.1781	0.1849	0.1963	0.2109	0.1446	0.1427	0.1473	0.1568	0.1728	0.1937	0.1064	0.1013	0.1017	0.1064	0.1175	0.1343	0.1625
1349	0.2059	0.2068	0.2064	0.2090	0.1972	0.1996	0.1997	0.2051	0.2137	0.1789	0.1779	0.1782	0.1849	0.1963	0.2108	0.1447	0.1428	0.1473	0.1568	0.1728	0.1939	0.1064	0.1013	0.1017	0.1065	0.1174	0.1342	0.1624
1350	0.2059	0.2068	0.2063	0.2091	0.1973	0.1997	0.1997	0.2051	0.2137	0.1789	0.1778	0.1782	0.1849	0.1964	0.2108	0.1448	0.1428	0.1472	0.1570	0.1727	0.1939	0.1064	0.1013	0.1018	0.1064	0.1172	0.1342	0.1624
1351	0.2060	0.2068	0.2062	0.2091	0.1973	0.1997	0.1997	0.2050	0.2136	0.1790	0.1778	0.1782	0.1849	0.1964	0.2107	0.1448	0.1427	0.1471	0.1572	0.1727	0.1937	0.1064	0.1014	0.1019	0.1064	0.1172	0.1342	0.1624
1352	0.2061	0.2070	0.2062	0.2092	0.1974	0.1996	0.1997	0.2050	0.2136	0.1790	0.1779	0.1780	0.1850	0.1966	0.2108	0.1449	0.1427	0.1472	0.1572	0.1727	0.1935	0.1064	0.1015	0.1019	0.1065	0.1172	0.1341	0.1622
1353	0.2062	0.2071	0.2062	0.2092	0.1974	0.1995	0.1998	0.2051	0.2136	0.1790	0.1779	0.1779	0.1850	0.1967	0.2109	0.1449	0.1427	0.1473	0.1572	0.1727	0.1934	0.1063	0.1016	0.1019	0.1066	0.1173	0.1341	0.1621
1354	0.2061	0.2070	0.2062	0.2093	0.1973	0.1996	0.1999	0.2052	0.2137	0.1791	0.1779	0.1780	0.1849	0.1967	0.2108	0.1449	0.1428	0.1473	0.1571	0.1728	0.1934	0.1063	0.1016	0.1020	0.1065	0.1174	0.1341	0.1621
1355	0.2059	0.2070	0.2063	0.2094	0.1973	0.1997	0.2001	0.2053	0.2138	0.1792	0.1780	0.1781	0.1849	0.1967	0.2107	0.1449	0.1430	0.1472	0.1571	0.1728	0.1935	0.1063	0.1016	0.1021	0.1065	0.1175	0.1341	0.1620
1356	0.2058	0.2070	0.2064	0.2095	0.1973	0.1995	0.2002	0.2053	0.2136	0.1792	0.1781	0.1783	0.1851	0.1967	0.2109	0.1450	0.1431	0.1471	0.1571	0.1728	0.1933	0.1064	0.1016	0.1022	0.1066	0.1176	0.1339	0.1620
1357	0.2057	0.2071	0.2065	0.2096	0.1974	0.1994	0.2002	0.2053	0.2135	0.1792	0.1781	0.1785	0.1852	0.1967	0.2109	0.1451	0.1432	0.1472	0.1570	0.1728	0.1932	0.1065	0.1015	0.1022	0.1067	0.1177	0.1338	0.1621
1358	0.2058	0.2071	0.2065	0.2096	0.1974	0.1996	0.2003	0.2053	0.2137	0.1791	0.1781	0.1786	0.1852	0.1966	0.2108	0.1450	0.1431	0.1472	0.1570	0.1727	0.1933	0.1066	0.1015	0.1023	0.1067	0.1176	0.1340	0.1621
1359	0.2059	0.2070	0.2065	0.2096	0.1973	0.1998	0.2004	0.2052	0.2138	0.1790	0.1780	0.1786	0.1852	0.1965	0.2108	0.1450	0.1430	0.1472	0.1569	0.1726	0.1933	0.1068	0.1014	0.1024	0.1067	0.1175	0.1341	0.1621
1360	0.2059	0.2070	0.2064	0.2095	0.1973	0.1998	0.2004	0.2052	0.2138	0.1790	0.1782	0.1784	0.1851	0.1965	0.2107	0.1450	0.1430	0.1471	0.1569	0.1727	0.1935	0.1067	0.1014	0.1023	0.1067	0.1174	0.1340	0.1620
1361	0.2059	0.2069	0.2064	0.2094	0.1974	0.1997	0.2004	0.2052	0.2138	0.1791	0.1783	0.1782	0.1851	0.1964	0.2107	0.1450	0.1430	0.1470	0.1570	0.1727	0.1936	0.1067	0.1014	0.1023	0.1067	0.1172	0.1339	0.1620
1362	0.2058	0.2068	0.2064	0.2093	0.1972	0.1998	0.2003	0.2051	0.2138	0.1791	0.1782	0.1782	0.1852	0.1963	0.2107	0.1449	0.1431	0.1470	0.1571	0.1725	0.1934	0.1067	0.1014	0.1023	0.1067	0.1172	0.1339	0.1619
1363	0.2058	0.2068	0.2064	0.2092	0.1971	0.1999	0.2002	0.2050	0.2137	0.1791	0.1781	0.1782	0.1853	0.1961	0.2107	0.1448	0.1432	0.1471	0.1571	0.1723	0.1932	0.1066	0.1014	0.1022	0.1068	0.1172	0.1338	0.1618
1364	0.2056	0.2065	0.2063	0.2091	0.1970	0.1998	0.2001	0.2049	0.2135	0.1790	0.1781	0.1781	0.1850	0.1959	0.2104	0.1446	0.1430	0.1469	0.1569	0.1721	0.1929	0.1066	0.1015	0.1022	0.1067	0.1172	0.1336	0.1615
1365	0.2053	0.2063	0.2061	0.2089	0.1970	0.1996	0.2000	0.2048	0.2134	0.1789	0.1781	0.1779	0.1847	0.1957	0.2100	0.1445	0.1428	0.1467	0.1566	0.1718	0.1926	0.1065	0.1015	0.1022	0.1066	0.1172	0.1335	0.1612
1366	0.2053	0.2062	0.2059	0.2087	0.1969	0.1993	0.1998	0.2045	0.2130	0.1788	0.1779	0.1777	0.1844	0.1955	0.2097	0.1445	0.1427	0.1465	0.1565	0.1716	0.1924	0.1064	0.1014	0.1020	0.1065	0.1169	0.1334	0.1609
1367	0.2052	0.2062	0.2057	0.2085	0.1968	0.1991	0.1995	0.2042	0.2128	0.1786	0.1776	0.1773	0.1841	0.1953	0.2093	0.1446	0.1425	0.1464	0.1564	0.1714	0.1922	0.1063	0.1012	0.1019	0.1064	0.1166	0.1332	0.1606
1368	0.2050	0.2060	0.2053	0.2081	0.1966	0.1988	0.1991	0.2039	0.2125	0.1784	0.1775	0.1772	0.1838	0.1951	0.2090	0.1445	0.1422	0.1463	0.1562	0.1713	0.1919	0.1062	0.1011	0.1018	0.1061	0.1165	0.1331	0.1604
1369	0.2047	0.2058	0.2050	0.2078	0.1964	0.1984	0.1987	0.2037	0.2122	0.1782	0.1775	0.1771	0.1836	0.1949	0.2087	0.1443	0.1419	0.1462	0.1560	0.1712	0.1915	0.1061	0.1009	0.1017	0.1059	0.1163	0.1331	0.1601
1370	0.2044	0.2054	0.2047	0.2075	0.1962	0.1982	0.1985	0.2035	0.2118	0.1779	0.1773	0.1768	0.1833	0.1946	0.2085	0.1440	0.1418	0.1460	0.1556	0.1708	0.1911	0.1058	0.1009	0.1016	0.1057	0.1161	0.1328	0.1598
1371	0.2041	0.2050	0.2044	0.2073	0.1959	0.1979	0.1983	0.2032	0.2113	0.1775	0.1770	0.1764	0.1831	0.1943	0.2082	0.1436	0.1417	0.1458	0.1552	0.1704	0.1906	0.1055	0.1009	0.1014	0.1056	0.1160	0.1324	0.1595
1372	0.2037	0.2046	0.2040	0.2068	0.1954	0.1976	0.1979	0.2029	0.2109	0.1771	0.1767	0.1761	0.1827	0.1939	0.2078	0.1432	0.1414	0.1455	0.1549	0.1700	0.1901	0.1054	0.1009	0.1013	0.1054	0.1156	0.1321	0.1592
1373	0.2032	0.2041	0.2035	0.2063	0.1949	0.1973	0.1975	0.2024	0.2105	0.1767	0.1763	0.1758	0.1823	0.1935	0.2073	0.1429	0.1409	0.1451	0.1546	0.1696	0.1896	0.1052	0.1008	0.1012	0.1053	0.1152	0.1318	0.1588
1374	0.2027	0.2037	0.2031	0.2058	0.1944	0.1968	0.1971	0.2020	0.2100	0.1763	0.1759	0.1754	0.1818	0.1930	0.2068	0.1425	0.1407	0.1447	0.1542	0.1691	0.1892	0.1050	0.1005	0.1008	0.1051	0.1149	0.1315	0.1584
1375	0.2022	0.2033	0.2027	0.2054	0.1940	0.1962	0.1966	0.2015	0.2094	0.1758	0.1756	0.1748	0.1813	0.1926	0.2063	0.1421	0.1405	0.1443	0.1538	0.1686	0.1890	0.1047	0.1001	0.1004	0.1048	0.1147	0.1312	0.1581
1376	0.2017	0.2028	0.2021	0.2049	0.1935	0.1956	0.1961	0.2009	0.2089	0.1753	0.1751	0.1743	0.1807	0.1920	0.2057	0.1418	0.1401	0.1440	0.1534	0.1682	0.1886	0.1044	0.0997	0.1001	0.1045	0.1143	0.1308	0.1576
1377	0.2010	0.2022	0.2015	0.2043	0.1929	0.1950	0.1954	0.2003	0.2083	0.1746	0.1745	0.1739	0.1800	0.1913	0.2051	0.1414	0.1395	0.1437	0.1528	0.1677	0.1881	0.1039	0.0994	0.0996	0.1040	0.1139	0.1302	0.1572
1378	0.2004	0.2016	0.2008	0.2036	0.1922	0.1943	0.1946	0.1996	0.2076	0.1739	0.1740	0.1732	0.1795	0.1905	0.2043	0.1409	0.1390	0.1432	0.1523	0.1672	0.1875	0.1035	0.0990	0.0992	0.1036	0.1134	0.1297	0.1566
1379	0.1996	0.2008	0.2000	0.2028	0.1914	0.1934	0.1938	0.1989	0.2068	0.1732	0.1734	0.1723	0.1789	0.1897	0.2034	0.1404	0.1385	0.1426	0.1517	0.1666	0.1867	0.1031	0.0985	0.0987	0.1031	0.1131	0.1292	0.1560
1380	0.1987	0.1999	0.1990	0.2019	0.1905	0.1925	0.1929	0.1981	0.2058	0.1725	0.1726	0.1715	0.1781	0.1887	0.2025	0.1399	0.1380	0.1420	0.1510	0.1659	0.1859	0.1028	0.0979	0.0983	0.1027	0.1126	0.1287	0.1554
1381	0.1978	0.1990	0.1978	0.2009	0.1897	0.1917	0.1919	0.1971	0.2048	0.1717	0.1715	0.1707	0.1772	0.1878	0.2015	0.1394	0.1374	0.1412	0.1502	0.1650	0.1850	0.1023	0.0975	0.0979	0.1024	0.1119	0.1282	0.1548
1382	0.1969	0.1979	0.1967	0.1999	0.1887	0.1908	0.1909	0.1959	0.2038	0.1708	0.1705	0.1697	0.1764	0.1868	0.2006	0.1387	0.1367	0.1404	0.1494	0.1642	0.1840	0.1019	0.0970	0.0974	0.1020	0.1113	0.1276	0.1542
1383	0.1958	0.1967	0.1956	0.1988	0.1876	0.1898	0.1899	0.1947	0.2027	0.1698	0.1696	0.1688	0.1754	0.1859	0.1996	0.1378	0.1359	0.1397	0.1486	0.1635	0.1830	0.1014	0.0964	0.0969	0.1013	0.1108	0.1268	0.1536
1384	0.1947	0.1955	0.1944	0.1976	0.1865	0.1887	0.1887	0.1935	0.2016	0.1688	0.1686	0.1678	0.1743	0.1849	0.1985	0.1370	0.1351	0.1390	0.1477	0.1628	0.1820	0.1009	0.0958	0.0963	0.1006	0.1102	0.1261	0.1529
1385	0.1935	0.1943	0.1934	0.1962	0.1853	0.1876	0.1875	0.1924	0.2004	0.1677	0.1675	0.1667	0.1732	0.1838	0.1973	0.1361	0.1342	0.1380	0.1468	0.1619	0.1810	0.1003	0.0952	0.0957	0.1000	0.1094	0.1254	0.1521
1386	0.1923	0.1931	0.1922	0.1948	0.1842	0.1865	0.1863	0.1912	0.1992	0.1666	0.1664	0.1656	0.1721	0.1826	0.1961	0.1353	0.1333	0.1371	0.1459	0.1609	0.1800	0.0996	0.0946	0.0951	0.0994	0.1087	0.1247	0.1512
1387	0.1909	0.1918	0.1908	0.1934	0.1830	0.1853	0.1851	0.1900	0.1978	0.1656	0.1653	0.1647	0.1709	0.1814	0.1948	0.1344	0.1324	0.1361	0.1448	0.1599	0.1789	0.0989	0.0940	0.0946	0.0988	0.1082	0.1241	0.1503
1388	0.1895	0.1906	0.1894	0.1920	0.1817	0.1841	0.1839	0.1888	0.1963	0.1645	0.1641	0.1637	0.1696	0.1802	0.1934	0.1335	0.1314	0.1351	0.1438	0.1588	0.1778	0.0982	0.0935	0.0940	0.0983	0.1077	0.1235	0.1494
1389	0.1882	0.1892	0.1881	0.1906	0.1804	0.1826	0.1825	0.1873	0.1949	0.1634	0.1629	0.1625	0.1683	0.1792	0.1922	0.1326	0.1305	0.1341	0.1431	0.1576	0.1767	0.0973	0.0929	0.0934	0.0977	0.1070	0.1227	0.1486
1390	0.1869	0.1878	0.1867	0.1892	0.1793	0.1813	0.1811	0.1859	0.1934	0.1624	0.1617	0.1613	0.1671	0.1781	0.1909	0.1317	0.1296	0.1332	0.1423	0.1565	0.1756	0.0966	0.0923	0.0927	0.0971	0.1064	0.1220	0.1478
1391	0.1856	0.1864	0.1854	0.1879	0.1781	0.1800	0.1799	0.1846	0.1920	0.1613	0.1605	0.1602	0.1660	0.1770	0.1898	0.1308	0.1287	0.1323	0.1414	0.1555	0.1745	0.0960	0.0917	0.0921	0.0962	0.1057	0.1212	0.1470
1392	0.1844	0.1850	0.1842	0.1866	0.1769	0.1788	0.1787	0.1834	0.1907	0.1602	0.1594	0.1591	0.1650	0.1758	0.1887	0.1300	0.1279	0.1314	0.1404	0.1545	0.1733	0.0955	0.0910	0.0915	0.0954	0.1051	0.1205	0.1463
1393	0.1832	0.1837	0.1828	0.1853	0.1755	0.1775	0.1774	0.1821	0.1894	0.1589	0.1582	0.1579	0.1639	0.1746	0.1874	0.1290	0.1269	0.1304	0.1394	0.1535	0.1724	0.0948	0.0903	0.0909	0.0947	0.1044	0.1197	0.1454
1394	0.1820	0.1824	0.1814	0.1840	0.1742	0.1763	0.1761	0.1809	0.1882	0.1577	0.1570	0.1568	0.1629	0.1734	0.1862	0.1281	0.1259	0.1294	0.1383	0.1525	0.1714	0.0942	0.0896	0.0903	0.0939	0.1037	0.1189	0.1445
1395	0.1808	0.1812	0.1802	0.1828	0.1730	0.1750	0.1749	0.1796	0.1870	0.1566	0.1559	0.1557	0.1617	0.1722	0.1849	0.1272	0.1249	0.1284	0.1374	0.1516	0.1704	0.0935	0.0890	0.0897	0.0934	0.1030	0.1182	0.1438
1396	0.1796	0.1799	0.1790	0.1817	0.1718	0.1737	0.1736	0.1784	0.1857	0.1555	0.1549	0.1546	0.1606	0.1710	0.1837	0.1263	0.1240	0.1275	0.1365	0.1507	0.1693	0.0929	0.0884	0.0890	0.0930	0.1023	0.1175	0.1431
1397	0.1782	0.1788	0.1777	0.1804	0.1706	0.1725	0.1725	0.1772	0.1843	0.1543	0.1538	0.1535	0.1595	0.1698	0.1826	0.1252	0.1232	0.1266	0.1356	0.1497	0.1684	0.0924	0.0878	0.0883	0.0923	0.1018	0.1169	0.1423
1398	0.1769	0.1776	0.1764	0.1792	0.1694	0.1714	0.1713	0.1760	0.1830	0.1532	0.1529	0.1524	0.1585	0.1687	0.1815	0.1241	0.1225	0.1258	0.1348	0.1487	0.1674	0.0918	0.0872	0.0876	0.0917	0.1012	0.1162	0.1415
1399	0.1757	0.1764	0.1751	0.1779	0.1683	0.1703	0.1702	0.1749	0.1818	0.1522	0.1517	0.1512	0.1573	0.1674	0.1803	0.1233	0.1216	0.1250	0.1340	0.1478	0.1664	0.0912	0.0866	0.0871	0.0910	0.1005	0.1155	0.1407
1400	0.1745	0.1752	0.1738	0.1766	0.1671	0.1692	0.1690	0.1738	0.1807	0.1512	0.1505	0.1501	0.1562	0.1661	0.1791	0.1225	0.1207	0.1242	0.1331	0.1469	0.1654	0.0905	0.0860	0.0867	0.0903	0.0998	0.1148	0.1399
1401	0.1733	0.1739	0.1726	0.1754	0.1659	0.1679	0.1678	0.1724	0.1794	0.1500	0.1495	0.1491	0.1551	0.1650	0.1780	0.1217	0.1197	0.1233	0.1322	0.1459	0.1645	0.0899	0.0853	0.0860	0.0897	0.0991	0.1140	0.1391
1402	0.1720	0.1726	0.1714	0.1741	0.1647	0.1667	0.1665	0.1710	0.1781	0.1489	0.1485	0.1481	0.1540	0.1640	0.1769	0.1210	0.1188	0.1224	0.1313	0.1450	0.1635	0.0893	0.0846	0.0854	0.0891	0.0984	0.1132	0.1383
1403	0.1707	0.1714	0.1703	0.1729	0.1636	0.1654	0.1652	0.1698	0.1768	0.1479	0.1475	0.1470	0.1529	0.1629	0.1757	0.1202	0.1179	0.1215	0.1304	0.1440	0.1627	0.0886	0.0840	0.0847	0.0886	0.0978	0.1126	0.1377
1404	0.1694	0.1703	0.1691	0.1717	0.1624	0.1642	0.1640	0.1686	0.1757	0.1469	0.1465	0.1460	0.1519	0.1618	0.1746	0.1194	0.1171	0.1207	0.1295	0.1430	0.1619	0.0879	0.0833	0.0841	0.0881	0.0971	0.1120	0.1370
1405	0.1683	0.1691	0.1679	0.1705	0.1612	0.1631	0.1629	0.1674	0.1746	0.1459	0.1455	0.1450	0.1509	0.1608	0.1733	0.1185	0.1163	0.1199	0.1286	0.1422	0.1609	0.0873	0.0827	0.0834	0.0876	0.0964	0.1113	0.1363
1406	0.1672	0.1679	0.1667	0.1693	0.1600	0.1620	0.1618	0.1662	0.1735	0.1449	0.1445	0.1442	0.1499	0.1598	0.1721	0.1176	0.1155	0.1191	0.1277	0.1414	0.1600	0.0869	0.0821	0.0828	0.0870	0.0958	0.1105	0.1355
1407	0.1662	0.1668	0.1656	0.1683	0.1589	0.1610	0.1608	0.1651	0.1724	0.1440	0.1435	0.1433	0.1489	0.1588	0.1710	0.1168	0.1146	0.1183	0.1269	0.1405	0.1590	0.0863	0.0816	0.0823	0.0863	0.0953	0.1098	0.1347
1408	0.1652	0.1657	0.1645	0.1673	0.1579	0.1600	0.1599	0.1640	0.1712	0.1431	0.1426	0.1424	0.1479	0.1577	0.1700	0.1160	0.1138	0.1176	0.1263	0.1395	0.1580	0.0857	0.0811	0.0819	0.0858	0.0949	0.1091	0.1340
1409	0.1642	0.1647	0.1634	0.1662	0.1569	0.1591	0.1589	0.1631	0.1701	0.1423	0.1416	0.1415	0.1470	0.1567	0.1689	0.1152	0.1132	0.1169	0.1254	0.1386	0.1570	0.0853	0.0806	0.0814	0.0852	0.0943	0.1086	0.1334
1410	0.1633	0.1637	0.1623	0.1651	0.1558	0.1581	0.1578	0.1622	0.1691	0.1414	0.1407	0.1407	0.1462	0.1558	0.1679	0.1145	0.1127	0.1162	0.1246	0.1378	0.1561	0.0849	0.0801	0.0808	0.0847	0.0938	0.1080	0.1328
1411	0.1624	0.1628	0.1613	0.1642	0.1548	0.1572	0.1569	0.1612	0.1681	0.1406	0.1399	0.1399	0.1454	0.1550	0.1670	0.1138	0.1122	0.1155	0.1239	0.1371	0.1553	0.0845	0.0797	0.0804	0.0842	0.0933	0.1075	0.1323
1412	0.1616	0.1620	0.1604	0.1633	0.1539	0.1562	0.1559	0.1603	0.1672	0.1398	0.1391	0.1392	0.1445	0.1542	0.1661	0.1130	0.1116	0.1149	0.1233	0.1365	0.1546	0.0839	0.0792	0.0800	0.0837	0.0929	0.1070	0.1318
1413	0.1609	0.1612	0.1596	0.1624	0.1532	0.1554	0.1550	0.1595	0.1665	0.1391	0.1384	0.1384	0.1437	0.1534	0.1653	0.1124	0.1110	0.1144	0.1227	0.1359	0.1538	0.0835	0.0788	0.0796	0.0833	0.0925	0.1066	0.1312
1414	0.1601	0.1603	0.1589	0.1615	0.1526	0.1548	0.1541	0.1588	0.1658	0.1384	0.1378	0.1377	0.1430	0.1527	0.1646	0.1118	0.1105	0.1141	0.1223	0.1353	0.1532	0.0830	0.0785	0.0792	0.0830	0.0921	0.1061	0.1307
1415	0.1594	0.1596	0.1583	0.1607	0.1521	0.1541	0.1535	0.1582	0.1652	0.1378	0.1373	0.1370	0.1425	0.1521	0.1640	0.1113	0.1100	0.1137	0.1218	0.1348	0.1527	0.0827	0.0782	0.0789	0.0826	0.0918	0.1058	0.1303
1416	0.1586	0.1589	0.1578	0.1601	0.1515	0.1534	0.1531	0.1577	0.1646	0.1374	0.1369	0.1365	0.1420	0.1515	0.1634	0.1108	0.1096	0.1133	0.1213	0.1343	0.1521	0.0823	0.0779	0.0786	0.0824	0.0916	0.1056	0.1298
1417	0.1580	0.1584	0.1573	0.1596	0.1509	0.1528	0.1526	0.1571	0.1640	0.1369	0.1365	0.1360	0.1415	0.1509	0.1629	0.1104	0.1092	0.1129	0.1209	0.1338	0.1516	0.0821	0.0776	0.0783	0.0821	0.0913	0.1053	0.1295
1418	0.1575	0.1580	0.1568	0.1590	0.1504	0.1523	0.1520	0.1565	0.1635	0.1364	0.1361	0.1356	0.1411	0.1503	0.1624	0.1101	0.1088	0.1125	0.1205	0.1334	0.1512	0.0819	0.0773	0.0779	0.0819	0.0910	0.1049	0.1292
1419	0.1571	0.1576	0.1563	0.1585	0.1500	0.1519	0.1516	0.1560	0.1630	0.1360	0.1356	0.1352	0.1408	0.1499	0.1619	0.1098	0.1085	0.1122	0.1200	0.1330	0.1508	0.0816	0.0771	0.0776	0.0817	0.0907	0.1045	0.1289
1420	0.1567	0.1574	0.1559	0.1582	0.1497	0.1516	0.1513	0.1554	0.1626	0.1357	0.1352	0.1349	0.1405	0.1495	0.1615	0.1095	0.1082	0.1120	0.1195	0.1326	0.1504	0.0813	0.0770	0.0774	0.0815	0.0904	0.1043	0.1285
1421	0.1564	0.1570	0.1556	0.1579	0.1494	0.1513	0.1510	0.1549	0.1622	0.1353	0.1347	0.1346	0.1401	0.1492	0.1611	0.1093	0.1079	0.1117	0.1192	0.1322	0.1500	0.0811	0.0768	0.0773	0.0813	0.0901	0.1042	0.1282
1422	0.1560	0.1565	0.1554	0.1575	0.1491	0.1509	0.1506	0.1547	0.1619	0.1351	0.1343	0.1343	0.1397	0.1488	0.1607	0.1092	0.1077	0.1114	0.1189	0.1320	0.1497	0.0810	0.0766	0.0772	0.0812	0.0898	0.1041	0.1279
1423	0.1556	0.1560	0.1551	0.1571	0.1488	0.1505	0.1504	0.1544	0.1615	0.1348	0.1340	0.1340	0.1394	0.1486	0.1603	0.1091	0.1075	0.1111	0.1187	0.1317	0.1495	0.0809	0.0764	0.0770	0.0811	0.0896	0.1040	0.1276
1424	0.1554	0.1557	0.1548	0.1569	0.1486	0.1503	0.1503	0.1540	0.1611	0.1346	0.1339	0.1339	0.1392	0.1483	0.1601	0.1090	0.1073	0.1109	0.1185	0.1313	0.1492	0.0807	0.0762	0.0769	0.0809	0.0894	0.1037	0.1274
1425	0.1552	0.1555	0.1545	0.1567	0.1484	0.1501	0.1501	0.1537	0.1607	0.1344	0.1336	0.1337	0.1390	0.1481	0.1598	0.1089	0.1071	0.1107	0.1184	0.1310	0.1489	0.0806	0.0761	0.0768	0.0808	0.0893	0.1033	0.1271
1426	0.1550	0.1554	0.1543	0.1565	0.1481	0.1500	0.1497	0.1536	0.1604	0.1341	0.1334	0.1334	0.1388	0.1479	0.1597	0.1087	0.1068	0.1106	0.1182	0.1307	0.1486	0.0804	0.0759	0.0767	0.0806	0.0892	0.1031	0.1269
1427	0.1547	0.1552	0.1541	0.1563	0.1478	0.1499	0.1493	0.1534	0.1601	0.1339	0.1332	0.1332	0.1386	0.1477	0.1595	0.1086	0.1066	0.1104	0.1180	0.1305	0.1483	0.0802	0.0758	0.0766	0.0804	0.0892	0.1030	0.1267
1428	0.1545	0.1550	0.1539	0.1560	0.1475	0.1495	0.1492	0.1531	0.1599	0.1338	0.1332	0.1331	0.1382	0.1475	0.1592	0.1085	0.1065	0.1102	0.1179	0.1304	0.1481	0.0802	0.0757	0.0764	0.0803	0.0891	0.1028	0.1266
1429	0.1543	0.1549	0.1537	0.1557	0.1473	0.1492	0.1491	0.1528	0.1597	0.1337	0.1332	0.1329	0.1379	0.1473	0.1589	0.1085	0.1063	0.1099	0.1179	0.1303	0.1479	0.0802	0.0755	0.0763	0.0802	0.0890	0.1026	0.1264
1430	0.1542	0.1548	0.1535	0.1557	0.1472	0.1491	0.1489	0.1527	0.1595	0.1335	0.1330	0.1327	0.1379	0.1472	0.1588	0.1083	0.1061	0.1097	0.1178	0.1302	0.1477	0.0800	0.0754	0.0761	0.0801	0.0889	0.1025	0.1262
1431	0.1541	0.1546	0.1532	0.1556	0.1471	0.1490	0.1487	0.1526	0.1593	0.1333	0.1329	0.1325	0.1378	0.1470	0.1586	0.1082	0.1060	0.1096	0.1177	0.1301	0.1475	0.0798	0.0754	0.0760	0.0800	0.0887	0.1024	0.1261
1432	0.1539	0.1544	0.1531	0.1555	0.1469	0.1489	0.1485	0.1526	0.1593	0.1332	0.1327	0.1324	0.1376	0.1468	0.1585	0.1081	0.1059	0.1095	0.1175	0.1300	0.1474	0.0797	0.0753	0.0758	0.0799	0.0886	0.1023	0.1260
1433	0.1538	0.1543	0.1529	0.1553	0.1467	0.1487	0.1484	0.1525	0.1592	0.1332	0.1325	0.1322	0.1374	0.1465	0.1583	0.1080	0.1058	0.1095	0.1172	0.1298	0.1472	0.0795	0.0753	0.0758	0.0799	0.0886	0.1022	0.1259
1434	0.1537	0.1542	0.1529	0.1552	0.1467	0.1485	0.1483	0.1523	0.1591	0.1331	0.1324	0.1321	0.1372	0.1464	0.1583	0.1079	0.1058	0.1094	0.1172	0.1297	0.1471	0.0794	0.0753	0.0758	0.0798	0.0885	0.1021	0.1259
1435	0.1535	0.1541	0.1529	0.1552	0.1466	0.1482	0.1481	0.1521	0.1590	0.1330	0.1323	0.1320	0.1371	0.1463	0.1582	0.1078	0.1058	0.1093	0.1171	0.1295	0.1469	0.0794	0.0754	0.0757	0.0798	0.0884	0.1020	0.1258
1436	0.1534	0.1541	0.1527	0.1551	0.1465	0.1482	0.1479	0.1519	0.1589	0.1328	0.1322	0.1319	0.1369	0.1462	0.1580	0.1077	0.1057	0.1094	0.1171	0.1294	0.1467	0.0794	0.0752	0.0757	0.0798	0.0884	0.1019	0.1257
1437	0.1533	0.1541	0.1526	0.1550	0.1465	0.1481	0.1477	0.1518	0.1587	0.1326	0.1321	0.1318	0.1366	0.1461	0.1578	0.1076	0.1057	0.1094	0.1171	0.1292	0.1465	0.0795	0.0751	0.0756	0.0797	0.0884	0.1018	0.1256
1438	0.1533	0.1539	0.1525	0.1549	0.1464	0.1481	0.1477	0.1517	0.1586	0.1326	0.1321	0.1318	0.1366	0.1461	0.1578	0.1077	0.1056	0.1093	0.1170	0.1291	0.1463	0.0794	0.0750	0.0756	0.0797	0.0883	0.1018	0.1255
1439	0.1533	0.1537	0.1524	0.1549	0.1463	0.1480	0.1476	0.1517	0.1585	0.1325	0.1321	0.1318	0.1365	0.1461	0.1577	0.1077	0.1056	0.1093	0.1168	0.1291	0.1462	0.0793	0.0750	0.0755	0.0796	0.0882	0.1017	0.1253
1440	0.1533	0.1536	0.1523	0.1548	0.1462	0.1479	0.1477	0.1516	0.1585	0.1325	0.1320	0.1317	0.1365	0.1460	0.1576	0.1076	0.1055	0.1091	0.1167	0.1291	0.1463	0.0793	0.0750	0.0756	0.0797	0.0882	0.1016	0.1251
1441	0.1532	0.1537	0.1522	0.1546	0.1462	0.1478	0.1478	0.1515	0.1584	0.1324	0.1319	0.1316	0.1364	0.1460	0.1574	0.1075	0.1055	0.1090	0.1166	0.1290	0.1463	0.0793	0.0749	0.0756	0.0797	0.0881	0.1014	0.1250
1442	0.1532	0.1536	0.1522	0.1545	0.1462	0.1477	0.1476	0.1514	0.1583	0.1324	0.1319	0.1315	0.1364	0.1459	0.1574	0.1074	0.1055	0.1090	0.1165	0.1290	0.1463	0.0794	0.0749	0.0757	0.0797	0.0880	0.1013	0.1248
1443	0.1531	0.1535	0.1522	0.1544	0.1461	0.1477	0.1475	0.1513	0.1582	0.1323	0.1318	0.1314	0.1365	0.1459	0.1573	0.1074	0.1054	0.1090	0.1164	0.1289	0.1463	0.0794	0.0749	0.0757	0.0797	0.0879	0.1012	0.1247
1444	0.1531	0.1534	0.1523	0.1544	0.1460	0.1476	0.1474	0.1513	0.1581	0.1323	0.1318	0.1314	0.1365	0.1459	0.1573	0.1074	0.1053	0.1089	0.1163	0.1289	0.1462	0.0794	0.0748	0.0757	0.0796	0.0879	0.1012	0.1246
1445	0.1530	0.1534	0.1523	0.1543	0.1459	0.1476	0.1473	0.1514	0.1581	0.1323	0.1318	0.1313	0.1365	0.1459	0.1573	0.1073	0.1053	0.1089	0.1163	0.1288	0.1461	0.0794	0.0748	0.0757	0.0795	0.0879	0.1011	0.1245
1446	0.1530	0.1535	0.1522	0.1543	0.1458	0.1476	0.1473	0.1515	0.1580	0.1323	0.1318	0.1313	0.1365	0.1459	0.1573	0.1073	0.1053	0.1089	0.1164	0.1288	0.1460	0.0794	0.0748	0.0757	0.0795	0.0879	0.1011	0.1245
1447	0.1530	0.1534	0.1521	0.1542	0.1458	0.1476	0.1473	0.1515	0.1580	0.1323	0.1317	0.1315	0.1364	0.1458	0.1573	0.1073	0.1052	0.1089	0.1165	0.1287	0.1459	0.0793	0.0748	0.0757	0.0796	0.0879	0.1011	0.1245
1448	0.1529	0.1534	0.1520	0.1542	0.1458	0.1476	0.1472	0.1515	0.1580	0.1323	0.1317	0.1315	0.1364	0.1458	0.1573	0.1073	0.1052	0.1089	0.1166	0.1287	0.1459	0.0793	0.0749	0.0757	0.0795	0.0879	0.1010	0.1244
1449	0.1530	0.1535	0.1520	0.1542	0.1458	0.1475	0.1472	0.1515	0.1580	0.1324	0.1317	0.1314	0.1365	0.1458	0.1573	0.1072	0.1052	0.1090	0.1166	0.1288	0.1458	0.0793	0.0750	0.0756	0.0795	0.0878	0.1010	0.1242
1450	0.1531	0.1535	0.1520	0.1542	0.1458	0.1475	0.1472	0.1515	0.1579	0.1324	0.1317	0.1314	0.1365	0.1458	0.1572	0.1072	0.1052	0.1090	0.1167	0.1288	0.1457	0.0793	0.0750	0.0756	0.0794	0.0878	0.1010	0.1242
1451	0.1531	0.1536	0.1520	0.1542	0.1458	0.1476	0.1473	0.1514	0.1579	0.1324	0.1318	0.1315	0.1365	0.1457	0.1571	0.1073	0.1052	0.1090	0.1167	0.1288	0.1456	0.0792	0.0751	0.0756	0.0795	0.0877	0.1010	0.1242
1452	0.1532	0.1536	0.1520	0.1541	0.1458	0.1477	0.1473	0.1514	0.1579	0.1324	0.1319	0.1316	0.1366	0.1456	0.1570	0.1073	0.1053	0.1091	0.1167	0.1288	0.1456	0.0792	0.0751	0.0756	0.0795	0.0877	0.1010	0.1243
1453	0.1532	0.1536	0.1521	0.1541	0.1458	0.1478	0.1472	0.1515	0.1580	0.1323	0.1320	0.1316	0.1366	0.1457	0.1570	0.1073	0.1054	0.1091	0.1167	0.1288	0.1456	0.0792	0.0751	0.0757	0.0796	0.0878	0.1011	0.1242
1454	0.1532	0.1536	0.1521	0.1542	0.1460	0.1478	0.1472	0.1516	0.1581	0.1324	0.1320	0.1316	0.1367	0.1457	0.1570	0.1072	0.1053	0.1091	0.1167	0.1288	0.1455	0.0793	0.0751	0.0757	0.0796	0.0879	0.1011	0.1242
1455	0.1533	0.1536	0.1521	0.1544	0.1461	0.1478	0.1473	0.1515	0.1581	0.1325	0.1320	0.1317	0.1367	0.1458	0.1570	0.1072	0.1053	0.1091	0.1166	0.1288	0.1456	0.0794	0.0752	0.0758	0.0796	0.0879	0.1012	0.1242
1456	0.1533	0.1537	0.1521	0.1545	0.1462	0.1479	0.1474	0.1515	0.1581	0.1326	0.1320	0.1317	0.1368	0.1458	0.1570	0.1072	0.1053	0.1091	0.1166	0.1289	0.1456	0.0795	0.0752	0.0758	0.0796	0.0880	0.1012	0.1242
1457	0.1534	0.1538	0.1522	0.1545	0.1462	0.1480	0.1475	0.1517	0.1581	0.1328	0.1320	0.1318	0.1369	0.1457	0.1569	0.1073	0.1053	0.1092	0.1166	0.1289	0.1456	0.0794	0.0753	0.0758	0.0797	0.0880	0.1012	0.1241
1458	0.1535	0.1539	0.1523	0.1545	0.1463	0.1480	0.1476	0.1517	0.1582	0.1329	0.1320	0.1319	0.1370	0.1458	0.1569	0.1074	0.1054	0.1093	0.1167	0.1290	0.1456	0.0795	0.0753	0.0758	0.0797	0.0880	0.1012	0.1241
1459	0.1536	0.1541	0.1524	0.1545	0.1464	0.1481	0.1476	0.1516	0.1582	0.1329	0.1321	0.1319	0.1370	0.1460	0.1570	0.1075	0.1056	0.1094	0.1167	0.1291	0.1457	0.0797	0.0754	0.0758	0.0799	0.0880	0.1012	0.1241
1460	0.1538	0.1541	0.1525	0.1546	0.1466	0.1482	0.1477	0.1517	0.1583	0.1330	0.1322	0.1320	0.1371	0.1461	0.1571	0.1076	0.1058	0.1094	0.1167	0.1291	0.1458	0.0798	0.0753	0.0759	0.0800	0.0881	0.1012	0.1241
1461	0.1540	0.1542	0.1527	0.1548	0.1467	0.1484	0.1478	0.1518	0.1585	0.1330	0.1323	0.1321	0.1372	0.1462	0.1572	0.1078	0.1059	0.1095	0.1168	0.1290	0.1459	0.0799	0.0752	0.0760	0.0801	0.0882	0.1012	0.1241
1462	0.1541	0.1543	0.1528	0.1550	0.1468	0.1485	0.1480	0.1520	0.1587	0.1332	0.1324	0.1322	0.1374	0.1463	0.1574	0.1079	0.1060	0.1095	0.1169	0.1290	0.1459	0.0799	0.0752	0.0761	0.0802	0.0883	0.1013	0.1241
1463	0.1543	0.1545	0.1530	0.1552	0.1469	0.1487	0.1482	0.1523	0.1589	0.1334	0.1326	0.1322	0.1377	0.1465	0.1575	0.1081	0.1061	0.1095	0.1171	0.1292	0.1459	0.0799	0.0753	0.0762	0.0803	0.0883	0.1013	0.1242
1464	0.1545	0.1547	0.1531	0.1554	0.1471	0.1489	0.1485	0.1525	0.1591	0.1335	0.1328	0.1323	0.1379	0.1467	0.1577	0.1082	0.1063	0.1096	0.1172	0.1294	0.1459	0.0799	0.0755	0.0763	0.0803	0.0884	0.1013	0.1242
1465	0.1547	0.1551	0.1533	0.1557	0.1474	0.1491	0.1487	0.1526	0.1593	0.1338	0.1330	0.1325	0.1381	0.1469	0.1578	0.1083	0.1065	0.1097	0.1174	0.1295	0.1461	0.0800	0.0756	0.0764	0.0803	0.0884	0.1013	0.1244
1466	0.1549	0.1554	0.1535	0.1560	0.1477	0.1493	0.1489	0.1528	0.1595	0.1340	0.1332	0.1328	0.1382	0.1470	0.1579	0.1085	0.1066	0.1099	0.1175	0.1297	0.1463	0.0801	0.0758	0.0765	0.0804	0.0884	0.1014	0.1245
1467	0.1551	0.1556	0.1538	0.1561	0.1479	0.1496	0.1492	0.1532	0.1598	0.1342	0.1335	0.1330	0.1385	0.1472	0.1581	0.1087	0.1068	0.1101	0.1177	0.1299	0.1465	0.0804	0.0760	0.0767	0.0805	0.0885	0.1016	0.1245
1468	0.1553	0.1558	0.1541	0.1563	0.1481	0.1498	0.1495	0.1536	0.1601	0.1344	0.1337	0.1333	0.1387	0.1474	0.1583	0.1089	0.1070	0.1104	0.1179	0.1300	0.1468	0.0805	0.0761	0.0769	0.0807	0.0886	0.1017	0.1245
1469	0.1555	0.1561	0.1544	0.1567	0.1484	0.1500	0.1498	0.1539	0.1604	0.1347	0.1339	0.1335	0.1390	0.1477	0.1587	0.1091	0.1071	0.1105	0.1180	0.1302	0.1469	0.0806	0.0762	0.0770	0.0807	0.0888	0.1017	0.1247
1470	0.1558	0.1564	0.1548	0.1570	0.1487	0.1502	0.1501	0.1542	0.1608	0.1349	0.1341	0.1337	0.1392	0.1480	0.1590	0.1093	0.1072	0.1108	0.1182	0.1304	0.1470	0.0807	0.0763	0.0772	0.0808	0.0890	0.1019	0.1249
1471	0.1562	0.1567	0.1553	0.1574	0.1491	0.1506	0.1505	0.1545	0.1611	0.1351	0.1345	0.1340	0.1394	0.1483	0.1593	0.1096	0.1073	0.1110	0.1185	0.1306	0.1471	0.0809	0.0765	0.0773	0.0810	0.0892	0.1021	0.1249
1472	0.1565	0.1570	0.1557	0.1578	0.1495	0.1510	0.1509	0.1549	0.1615	0.1354	0.1349	0.1344	0.1397	0.1485	0.1596	0.1099	0.1075	0.1112	0.1188	0.1308	0.1473	0.0811	0.0767	0.0774	0.0812	0.0894	0.1023	0.1251
1473	0.1569	0.1573	0.1561	0.1581	0.1498	0.1514	0.1512	0.1552	0.1618	0.1357	0.1352	0.1347	0.1400	0.1488	0.1600	0.1101	0.1079	0.1115	0.1190	0.1311	0.1475	0.0814	0.0769	0.0776	0.0814	0.0896	0.1024	0.1253
1474	0.1573	0.1575	0.1564	0.1585	0.1502	0.1519	0.1516	0.1555	0.1622	0.1360	0.1356	0.1350	0.1403	0.1491	0.1604	0.1103	0.1082	0.1118	0.1193	0.1313	0.1476	0.0816	0.0771	0.0778	0.0817	0.0897	0.1026	0.1256
1475	0.1576	0.1580	0.1567	0.1590	0.1506	0.1522	0.1520	0.1558	0.1624	0.1365	0.1359	0.1354	0.1406	0.1494	0.1607	0.1106	0.1085	0.1121	0.1197	0.1317	0.1479	0.0817	0.0774	0.0780	0.0819	0.0899	0.1030	0.1258
1476	0.1580	0.1584	0.1570	0.1594	0.1511	0.1526	0.1524	0.1561	0.1627	0.1369	0.1362	0.1358	0.1410	0.1497	0.1610	0.1108	0.1088	0.1124	0.1200	0.1320	0.1483	0.0818	0.0777	0.0781	0.0821	0.0901	0.1033	0.1261
1477	0.1585	0.1589	0.1575	0.1597	0.1514	0.1531	0.1529	0.1564	0.1631	0.1373	0.1367	0.1362	0.1414	0.1500	0.1614	0.1111	0.1090	0.1127	0.1203	0.1323	0.1487	0.0820	0.0779	0.0784	0.0822	0.0904	0.1035	0.1262
1478	0.1589	0.1594	0.1580	0.1601	0.1518	0.1536	0.1533	0.1568	0.1635	0.1377	0.1372	0.1365	0.1417	0.1503	0.1617	0.1114	0.1093	0.1130	0.1206	0.1326	0.1490	0.0821	0.0782	0.0787	0.0824	0.0906	0.1037	0.1264
1479	0.1594	0.1599	0.1584	0.1606	0.1521	0.1539	0.1537	0.1573	0.1639	0.1380	0.1377	0.1369	0.1421	0.1507	0.1621	0.1118	0.1096	0.1133	0.1208	0.1328	0.1492	0.0824	0.0783	0.0790	0.0826	0.0909	0.1039	0.1265
1480	0.1598	0.1604	0.1587	0.1610	0.1525	0.1543	0.1542	0.1578	0.1643	0.1383	0.1382	0.1374	0.1425	0.1511	0.1624	0.1121	0.1099	0.1136	0.1211	0.1331	0.1495	0.0827	0.0785	0.0792	0.0827	0.0911	0.1040	0.1267
1481	0.1602	0.1608	0.1592	0.1615	0.1529	0.1548	0.1546	0.1583	0.1648	0.1387	0.1385	0.1378	0.1429	0.1516	0.1628	0.1125	0.1102	0.1139	0.1214	0.1334	0.1497	0.0830	0.0787	0.0793	0.0829	0.0912	0.1041	0.1269
1482	0.1606	0.1612	0.1596	0.1619	0.1533	0.1553	0.1550	0.1587	0.1653	0.1391	0.1388	0.1381	0.1433	0.1520	0.1631	0.1128	0.1106	0.1141	0.1217	0.1337	0.1500	0.0833	0.0790	0.0794	0.0831	0.0914	0.1042	0.1271
1483	0.1611	0.1617	0.1600	0.1624	0.1538	0.1558	0.1554	0.1592	0.1658	0.1395	0.1392	0.1384	0.1437	0.1524	0.1635	0.1131	0.1109	0.1145	0.1220	0.1340	0.1503	0.0835	0.0792	0.0795	0.0834	0.0916	0.1045	0.1274
1484	0.1615	0.1621	0.1605	0.1628	0.1544	0.1562	0.1557	0.1597	0.1662	0.1399	0.1396	0.1388	0.1441	0.1528	0.1639	0.1134	0.1113	0.1148	0.1224	0.1343	0.1506	0.0837	0.0794	0.0797	0.0837	0.0918	0.1047	0.1276
1485	0.1620	0.1626	0.1610	0.1632	0.1548	0.1566	0.1562	0.1601	0.1667	0.1403	0.1400	0.1391	0.1445	0.1532	0.1643	0.1137	0.1116	0.1151	0.1227	0.1346	0.1510	0.0839	0.0797	0.0800	0.0840	0.0921	0.1049	0.1278
1486	0.1624	0.1630	0.1615	0.1635	0.1552	0.1571	0.1567	0.1604	0.1672	0.1407	0.1405	0.1394	0.1450	0.1536	0.1646	0.1140	0.1119	0.1155	0.1229	0.1349	0.1513	0.0842	0.0799	0.0803	0.0842	0.0924	0.1051	0.1279
1487	0.1628	0.1634	0.1620	0.1641	0.1556	0.1575	0.1571	0.1609	0.1676	0.1411	0.1410	0.1399	0.1454	0.1540	0.1650	0.1143	0.1122	0.1158	0.1233	0.1352	0.1517	0.0844	0.0802	0.0805	0.0844	0.0926	0.1054	0.1281
1488	0.1633	0.1637	0.1624	0.1646	0.1559	0.1580	0.1576	0.1613	0.1680	0.1415	0.1415	0.1404	0.1458	0.1544	0.1655	0.1146	0.1124	0.1161	0.1237	0.1356	0.1520	0.0846	0.0805	0.0808	0.0846	0.0928	0.1057	0.1283
1489	0.1638	0.1643	0.1629	0.1652	0.1564	0.1584	0.1580	0.1618	0.1685	0.1419	0.1418	0.1410	0.1461	0.1549	0.1659	0.1150	0.1128	0.1165	0.1240	0.1360	0.1523	0.0849	0.0806	0.0811	0.0848	0.0930	0.1059	0.1285
1490	0.1644	0.1648	0.1633	0.1657	0.1569	0.1588	0.1584	0.1622	0.1689	0.1423	0.1422	0.1415	0.1464	0.1553	0.1663	0.1154	0.1131	0.1168	0.1243	0.1364	0.1526	0.0852	0.0808	0.0813	0.0850	0.0933	0.1061	0.1287
1491	0.1649	0.1654	0.1638	0.1662	0.1574	0.1594	0.1590	0.1627	0.1693	0.1427	0.1425	0.1419	0.1469	0.1557	0.1667	0.1157	0.1135	0.1172	0.1245	0.1368	0.1529	0.0854	0.0810	0.0815	0.0853	0.0935	0.1064	0.1289
1492	0.1653	0.1661	0.1643	0.1668	0.1578	0.1599	0.1595	0.1632	0.1698	0.1432	0.1429	0.1423	0.1474	0.1562	0.1671	0.1160	0.1139	0.1177	0.1248	0.1372	0.1533	0.0856	0.0812	0.0817	0.0856	0.0937	0.1066	0.1291
1493	0.1658	0.1665	0.1647	0.1672	0.1583	0.1604	0.1600	0.1638	0.1702	0.1437	0.1433	0.1427	0.1477	0.1567	0.1676	0.1164	0.1142	0.1180	0.1250	0.1375	0.1537	0.0859	0.0814	0.0820	0.0858	0.0939	0.1068	0.1294
1494	0.1663	0.1669	0.1652	0.1676	0.1587	0.1608	0.1604	0.1642	0.1706	0.1441	0.1436	0.1430	0.1481	0.1572	0.1680	0.1167	0.1146	0.1183	0.1254	0.1377	0.1541	0.0861	0.0816	0.0823	0.0861	0.0940	0.1070	0.1296
1495	0.1668	0.1673	0.1658	0.1681	0.1592	0.1612	0.1608	0.1647	0.1711	0.1446	0.1440	0.1434	0.1485	0.1576	0.1685	0.1170	0.1150	0.1185	0.1257	0.1381	0.1544	0.0864	0.0818	0.0825	0.0862	0.0944	0.1073	0.1297
1496	0.1673	0.1679	0.1663	0.1685	0.1597	0.1615	0.1613	0.1652	0.1716	0.1451	0.1444	0.1439	0.1490	0.1580	0.1690	0.1175	0.1155	0.1188	0.1260	0.1385	0.1547	0.0867	0.0822	0.0828	0.0864	0.0948	0.1075	0.1298
1497	0.1678	0.1684	0.1669	0.1690	0.1602	0.1620	0.1618	0.1656	0.1720	0.1455	0.1448	0.1443	0.1495	0.1584	0.1694	0.1178	0.1158	0.1192	0.1264	0.1388	0.1549	0.0869	0.0825	0.0830	0.0866	0.0950	0.1078	0.1301
1498	0.1682	0.1689	0.1674	0.1695	0.1607	0.1625	0.1623	0.1661	0.1723	0.1457	0.1451	0.1446	0.1499	0.1588	0.1698	0.1181	0.1161	0.1197	0.1268	0.1391	0.1552	0.0871	0.0828	0.0833	0.0868	0.0952	0.1083	0.1304
1499	0.1686	0.1694	0.1679	0.1700	0.1611	0.1630	0.1628	0.1665	0.1728	0.1461	0.1455	0.1450	0.1503	0.1592	0.1702	0.1185	0.1164	0.1200	0.1271	0.1394	0.1556	0.0874	0.0830	0.0835	0.0872	0.0954	0.1086	0.1308
1500	0.1691	0.1699	0.1684	0.1705	0.1616	0.1635	0.1634	0.1671	0.1732	0.1466	0.1459	0.1455	0.1506	0.1597	0.1707	0.1189	0.1167	0.1203	0.1276	0.1397	0.1559	0.0876	0.0831	0.0837	0.0875	0.0957	0.1088	0.1310
1501	0.1696	0.1704	0.1688	0.1710	0.1621	0.1640	0.1638	0.1676	0.1737	0.1470	0.1463	0.1460	0.1510	0.1601	0.1711	0.1192	0.1170	0.1206	0.1280	0.1401	0.1561	0.0878	0.0834	0.0840	0.0879	0.0959	0.1091	0.1312
1502	0.1702	0.1708	0.1691	0.1715	0.1626	0.1644	0.1643	0.1682	0.1741	0.1474	0.1467	0.1464	0.1514	0.1605	0.1714	0.1195	0.1173	0.1210	0.1284	0.1404	0.1564	0.0880	0.0837	0.0842	0.0881	0.0962	0.1093	0.1314
1503	0.1706	0.1713	0.1697	0.1720	0.1631	0.1649	0.1647	0.1686	0.1746	0.1478	0.1472	0.1467	0.1519	0.1608	0.1718	0.1199	0.1176	0.1213	0.1288	0.1408	0.1567	0.0883	0.0840	0.0845	0.0883	0.0964	0.1095	0.1315
1504	0.1711	0.1718	0.1703	0.1724	0.1636	0.1654	0.1652	0.1690	0.1751	0.1483	0.1478	0.1472	0.1523	0.1613	0.1722	0.1202	0.1179	0.1216	0.1292	0.1412	0.1570	0.0886	0.0842	0.0849	0.0886	0.0966	0.1097	0.1316
1505	0.1715	0.1723	0.1708	0.1729	0.1641	0.1659	0.1658	0.1695	0.1756	0.1488	0.1482	0.1476	0.1528	0.1617	0.1727	0.1206	0.1183	0.1218	0.1295	0.1415	0.1574	0.0888	0.0844	0.0851	0.0888	0.0968	0.1098	0.1319
1506	0.1720	0.1727	0.1712	0.1734	0.1646	0.1663	0.1663	0.1700	0.1760	0.1494	0.1486	0.1480	0.1533	0.1622	0.1731	0.1209	0.1188	0.1220	0.1298	0.1419	0.1578	0.0890	0.0846	0.0852	0.0890	0.0971	0.1100	0.1322
1507	0.1725	0.1732	0.1716	0.1738	0.1651	0.1668	0.1667	0.1704	0.1765	0.1498	0.1490	0.1485	0.1537	0.1626	0.1734	0.1213	0.1192	0.1223	0.1302	0.1422	0.1582	0.0893	0.0849	0.0854	0.0893	0.0974	0.1102	0.1325
1508	0.1730	0.1737	0.1722	0.1742	0.1655	0.1673	0.1671	0.1709	0.1769	0.1501	0.1494	0.1489	0.1540	0.1631	0.1738	0.1216	0.1195	0.1228	0.1306	0.1425	0.1586	0.0895	0.0851	0.0856	0.0896	0.0976	0.1104	0.1328
1509	0.1734	0.1742	0.1727	0.1747	0.1660	0.1678	0.1675	0.1713	0.1773	0.1505	0.1498	0.1493	0.1543	0.1634	0.1743	0.1220	0.1198	0.1231	0.1310	0.1429	0.1590	0.0897	0.0853	0.0858	0.0898	0.0978	0.1106	0.1331
1510	0.1738	0.1747	0.1731	0.1752	0.1665	0.1682	0.1680	0.1717	0.1779	0.1508	0.1502	0.1497	0.1547	0.1637	0.1748	0.1222	0.1201	0.1233	0.1313	0.1433	0.1594	0.0899	0.0856	0.0860	0.0900	0.0980	0.1107	0.1332
1511	0.1743	0.1751	0.1736	0.1757	0.1669	0.1687	0.1685	0.1721	0.1784	0.1513	0.1506	0.1502	0.1551	0.1641	0.1752	0.1225	0.1204	0.1236	0.1317	0.1436	0.1598	0.0902	0.0859	0.0863	0.0903	0.0982	0.1109	0.1334
1512	0.1748	0.1755	0.1742	0.1761	0.1673	0.1691	0.1688	0.1725	0.1788	0.1517	0.1512	0.1506	0.1557	0.1644	0.1756	0.1229	0.1207	0.1240	0.1321	0.1439	0.1601	0.0905	0.0861	0.0866	0.0905	0.0984	0.1111	0.1335
1513	0.1753	0.1759	0.1746	0.1766	0.1677	0.1695	0.1692	0.1730	0.1792	0.1521	0.1516	0.1510	0.1562	0.1648	0.1759	0.1232	0.1210	0.1243	0.1325	0.1441	0.1604	0.0909	0.0863	0.0868	0.0908	0.0986	0.1114	0.1337
1514	0.1758	0.1764	0.1750	0.1772	0.1681	0.1700	0.1696	0.1735	0.1797	0.1525	0.1519	0.1513	0.1565	0.1652	0.1763	0.1236	0.1213	0.1247	0.1328	0.1445	0.1606	0.0911	0.0865	0.0870	0.0911	0.0988	0.1117	0.1340
1515	0.1763	0.1769	0.1754	0.1777	0.1685	0.1705	0.1701	0.1740	0.1801	0.1529	0.1523	0.1516	0.1568	0.1657	0.1767	0.1239	0.1216	0.1251	0.1331	0.1449	0.1608	0.0914	0.0867	0.0872	0.0913	0.0991	0.1119	0.1343
1516	0.1767	0.1774	0.1759	0.1782	0.1690	0.1710	0.1706	0.1744	0.1805	0.1533	0.1526	0.1520	0.1571	0.1660	0.1771	0.1243	0.1222	0.1256	0.1334	0.1452	0.1612	0.0916	0.0869	0.0875	0.0915	0.0993	0.1121	0.1346
1517	0.1771	0.1778	0.1764	0.1786	0.1694	0.1714	0.1711	0.1747	0.1809	0.1538	0.1530	0.1525	0.1575	0.1664	0.1775	0.1246	0.1226	0.1260	0.1337	0.1455	0.1616	0.0919	0.0872	0.0878	0.0917	0.0995	0.1123	0.1349
1518	0.1775	0.1784	0.1768	0.1789	0.1698	0.1719	0.1715	0.1752	0.1815	0.1543	0.1534	0.1529	0.1579	0.1667	0.1779	0.1249	0.1229	0.1264	0.1341	0.1458	0.1619	0.0923	0.0874	0.0881	0.0919	0.0998	0.1126	0.1350
1519	0.1780	0.1789	0.1772	0.1793	0.1703	0.1724	0.1719	0.1757	0.1819	0.1547	0.1538	0.1533	0.1583	0.1672	0.1783	0.1252	0.1232	0.1267	0.1344	0.1460	0.1623	0.0926	0.0876	0.0883	0.0920	0.1000	0.1130	0.1351
1520	0.1784	0.1793	0.1776	0.1798	0.1708	0.1728	0.1724	0.1761	0.1823	0.1550	0.1541	0.1536	0.1586	0.1676	0.1786	0.1255	0.1234	0.1270	0.1346	0.1463	0.1626	0.0927	0.0878	0.0884	0.0922	0.1001	0.1133	0.1353
1521	0.1789	0.1797	0.1780	0.1803	0.1712	0.1733	0.1728	0.1765	0.1827	0.1553	0.1545	0.1540	0.1590	0.1680	0.1790	0.1257	0.1237	0.1273	0.1348	0.1466	0.1629	0.0927	0.0880	0.0886	0.0924	0.1003	0.1135	0.1355
1522	0.1794	0.1801	0.1783	0.1808	0.1717	0.1738	0.1733	0.1770	0.1832	0.1558	0.1549	0.1545	0.1595	0.1684	0.1794	0.1260	0.1241	0.1275	0.1351	0.1469	0.1631	0.0929	0.0881	0.0888	0.0926	0.1006	0.1137	0.1358
1523	0.1798	0.1805	0.1787	0.1811	0.1722	0.1743	0.1737	0.1774	0.1836	0.1562	0.1553	0.1550	0.1599	0.1687	0.1798	0.1262	0.1245	0.1278	0.1354	0.1472	0.1634	0.0931	0.0884	0.0890	0.0928	0.1008	0.1138	0.1360
1524	0.1802	0.1809	0.1792	0.1813	0.1726	0.1747	0.1741	0.1778	0.1840	0.1564	0.1557	0.1552	0.1602	0.1691	0.1801	0.1264	0.1249	0.1282	0.1357	0.1475	0.1637	0.0934	0.0886	0.0893	0.0931	0.1010	0.1139	0.1361
1525	0.1806	0.1814	0.1797	0.1816	0.1730	0.1752	0.1745	0.1781	0.1844	0.1568	0.1561	0.1555	0.1605	0.1695	0.1804	0.1267	0.1252	0.1285	0.1360	0.1479	0.1639	0.0937	0.0888	0.0895	0.0934	0.1012	0.1140	0.1363
1526	0.1811	0.1818	0.1801	0.1821	0.1734	0.1755	0.1750	0.1786	0.1848	0.1572	0.1565	0.1559	0.1609	0.1699	0.1809	0.1271	0.1254	0.1287	0.1362	0.1482	0.1642	0.0939	0.0890	0.0898	0.0937	0.1015	0.1142	0.1366
1527	0.1815	0.1822	0.1805	0.1826	0.1739	0.1759	0.1754	0.1791	0.1852	0.1576	0.1568	0.1563	0.1614	0.1702	0.1813	0.1275	0.1257	0.1290	0.1365	0.1486	0.1645	0.0941	0.0892	0.0900	0.0939	0.1017	0.1144	0.1368
1528	0.1819	0.1826	0.1810	0.1830	0.1743	0.1763	0.1758	0.1794	0.1857	0.1580	0.1571	0.1567	0.1618	0.1705	0.1817	0.1277	0.1261	0.1293	0.1369	0.1487	0.1648	0.0942	0.0894	0.0901	0.0941	0.1018	0.1147	0.1369
1529	0.1823	0.1831	0.1815	0.1835	0.1747	0.1767	0.1762	0.1797	0.1861	0.1583	0.1574	0.1571	0.1621	0.1709	0.1820	0.1279	0.1264	0.1296	0.1372	0.1490	0.1652	0.0944	0.0896	0.0902	0.0943	0.1020	0.1150	0.1371
1530	0.1827	0.1835	0.1818	0.1838	0.1751	0.1771	0.1766	0.1800	0.1865	0.1585	0.1578	0.1576	0.1625	0.1713	0.1823	0.1281	0.1267	0.1299	0.1374	0.1493	0.1653	0.0946	0.0898	0.0905	0.0944	0.1023	0.1152	0.1373
1531	0.1831	0.1839	0.1822	0.1841	0.1755	0.1775	0.1769	0.1803	0.1869	0.1588	0.1582	0.1581	0.1628	0.1717	0.1826	0.1284	0.1269	0.1302	0.1377	0.1496	0.1655	0.0948	0.0899	0.0907	0.0946	0.1025	0.1155	0.1375
1532	0.1835	0.1843	0.1826	0.1846	0.1758	0.1778	0.1774	0.1807	0.1872	0.1592	0.1585	0.1584	0.1632	0.1720	0.1829	0.1287	0.1271	0.1305	0.1379	0.1498	0.1658	0.0950	0.0902	0.0908	0.0947	0.1028	0.1157	0.1376
1533	0.1839	0.1846	0.1831	0.1850	0.1761	0.1782	0.1778	0.1811	0.1876	0.1595	0.1589	0.1587	0.1635	0.1723	0.1832	0.1290	0.1275	0.1307	0.1381	0.1500	0.1661	0.0952	0.0904	0.0909	0.0948	0.1031	0.1158	0.1377
1534	0.1842	0.1849	0.1836	0.1855	0.1766	0.1786	0.1782	0.1816	0.1879	0.1599	0.1591	0.1589	0.1639	0.1727	0.1835	0.1293	0.1277	0.1310	0.1384	0.1503	0.1664	0.0954	0.0906	0.0911	0.0951	0.1033	0.1159	0.1378
1535	0.1845	0.1852	0.1840	0.1860	0.1770	0.1790	0.1786	0.1820	0.1883	0.1603	0.1594	0.1592	0.1643	0.1731	0.1838	0.1296	0.1280	0.1312	0.1386	0.1505	0.1666	0.0955	0.0908	0.0913	0.0953	0.1035	0.1160	0.1379
1536	0.1849	0.1856	0.1843	0.1864	0.1773	0.1793	0.1790	0.1825	0.1886	0.1606	0.1597	0.1594	0.1646	0.1735	0.1841	0.1299	0.1283	0.1316	0.1390	0.1507	0.1668	0.0956	0.0910	0.0916	0.0955	0.1036	0.1163	0.1382
1537	0.1853	0.1860	0.1846	0.1868	0.1777	0.1797	0.1794	0.1829	0.1890	0.1609	0.1601	0.1597	0.1649	0.1738	0.1845	0.1302	0.1285	0.1319	0.1393	0.1508	0.1671	0.0956	0.0911	0.0918	0.0957	0.1037	0.1165	0.1385
1538	0.1856	0.1864	0.1850	0.1872	0.1781	0.1801	0.1796	0.1833	0.1892	0.1611	0.1604	0.1601	0.1652	0.1741	0.1848	0.1306	0.1288	0.1321	0.1396	0.1512	0.1673	0.0959	0.0914	0.0920	0.0959	0.1039	0.1166	0.1386
1539	0.1860	0.1869	0.1854	0.1876	0.1785	0.1805	0.1799	0.1837	0.1894	0.1613	0.1607	0.1606	0.1654	0.1743	0.1851	0.1309	0.1290	0.1324	0.1399	0.1515	0.1675	0.0961	0.0917	0.0921	0.0961	0.1041	0.1167	0.1388
1540	0.1864	0.1873	0.1858	0.1879	0.1787	0.1809	0.1802	0.1842	0.1899	0.1616	0.1611	0.1609	0.1657	0.1747	0.1854	0.1312	0.1292	0.1325	0.1402	0.1517	0.1679	0.0964	0.0919	0.0923	0.0962	0.1043	0.1170	0.1390
1541	0.1868	0.1877	0.1861	0.1882	0.1790	0.1813	0.1806	0.1846	0.1903	0.1618	0.1614	0.1612	0.1660	0.1750	0.1857	0.1316	0.1294	0.1328	0.1404	0.1519	0.1682	0.0966	0.0921	0.0925	0.0964	0.1045	0.1172	0.1392
1542	0.1872	0.1880	0.1865	0.1885	0.1793	0.1815	0.1810	0.1848	0.1907	0.1622	0.1618	0.1616	0.1664	0.1753	0.1860	0.1318	0.1296	0.1331	0.1407	0.1522	0.1686	0.0968	0.0922	0.0926	0.0965	0.1046	0.1173	0.1394
1543	0.1876	0.1883	0.1869	0.1888	0.1796	0.1818	0.1815	0.1851	0.1911	0.1626	0.1622	0.1620	0.1668	0.1756	0.1863	0.1321	0.1299	0.1334	0.1409	0.1526	0.1690	0.0970	0.0923	0.0927	0.0967	0.1047	0.1175	0.1396
1544	0.1880	0.1887	0.1872	0.1891	0.1799	0.1822	0.1818	0.1853	0.1914	0.1630	0.1625	0.1622	0.1671	0.1758	0.1866	0.1324	0.1302	0.1335	0.1411	0.1528	0.1692	0.0971	0.0923	0.0930	0.0969	0.1049	0.1176	0.1397
1545	0.1884	0.1890	0.1875	0.1894	0.1802	0.1826	0.1822	0.1856	0.1917	0.1634	0.1627	0.1625	0.1675	0.1760	0.1870	0.1326	0.1306	0.1336	0.1413	0.1531	0.1694	0.0972	0.0924	0.0932	0.0972	0.1051	0.1178	0.1398
1546	0.1888	0.1893	0.1879	0.1897	0.1806	0.1830	0.1825	0.1859	0.1921	0.1637	0.1630	0.1628	0.1677	0.1764	0.1872	0.1329	0.1309	0.1340	0.1416	0.1533	0.1695	0.0974	0.0927	0.0933	0.0974	0.1053	0.1179	0.1401
1547	0.1892	0.1897	0.1882	0.1901	0.1810	0.1834	0.1828	0.1863	0.1925	0.1639	0.1633	0.1630	0.1680	0.1768	0.1875	0.1331	0.1311	0.1343	0.1419	0.1534	0.1697	0.0976	0.0930	0.0935	0.0976	0.1055	0.1181	0.1403
1548	0.1895	0.1899	0.1885	0.1905	0.1814	0.1836	0.1831	0.1867	0.1928	0.1643	0.1635	0.1633	0.1682	0.1771	0.1877	0.1334	0.1312	0.1346	0.1421	0.1537	0.1700	0.0978	0.0932	0.0937	0.0978	0.1056	0.1183	0.1403
1549	0.1899	0.1902	0.1888	0.1909	0.1817	0.1839	0.1834	0.1871	0.1932	0.1646	0.1638	0.1636	0.1683	0.1774	0.1880	0.1336	0.1312	0.1348	0.1423	0.1539	0.1703	0.0979	0.0933	0.0939	0.0979	0.1058	0.1185	0.1404
1550	0.1902	0.1906	0.1893	0.1912	0.1820	0.1843	0.1837	0.1874	0.1934	0.1649	0.1640	0.1639	0.1687	0.1777	0.1884	0.1338	0.1315	0.1351	0.1426	0.1542	0.1704	0.0982	0.0935	0.0941	0.0980	0.1059	0.1187	0.1406
1551	0.1904	0.1909	0.1897	0.1916	0.1822	0.1847	0.1840	0.1876	0.1936	0.1652	0.1643	0.1642	0.1691	0.1780	0.1887	0.1340	0.1317	0.1354	0.1428	0.1545	0.1705	0.0985	0.0936	0.0942	0.0982	0.1060	0.1189	0.1408
1552	0.1907	0.1913	0.1900	0.1919	0.1824	0.1849	0.1842	0.1880	0.1940	0.1656	0.1645	0.1645	0.1695	0.1783	0.1891	0.1341	0.1320	0.1357	0.1431	0.1547	0.1708	0.0986	0.0938	0.0944	0.0984	0.1062	0.1191	0.1410
1553	0.1911	0.1917	0.1903	0.1922	0.1827	0.1852	0.1845	0.1884	0.1943	0.1659	0.1647	0.1648	0.1698	0.1785	0.1894	0.1343	0.1323	0.1359	0.1433	0.1550	0.1711	0.0986	0.0940	0.0946	0.0986	0.1064	0.1193	0.1411
1554	0.1914	0.1920	0.1906	0.1925	0.1831	0.1856	0.1848	0.1886	0.1947	0.1662	0.1651	0.1651	0.1701	0.1789	0.1897	0.1345	0.1325	0.1361	0.1435	0.1552	0.1713	0.0988	0.0942	0.0948	0.0987	0.1066	0.1194	0.1413
1555	0.1917	0.1923	0.1909	0.1928	0.1834	0.1859	0.1852	0.1888	0.1950	0.1664	0.1656	0.1654	0.1704	0.1792	0.1899	0.1347	0.1326	0.1363	0.1438	0.1554	0.1715	0.0990	0.0944	0.0951	0.0988	0.1068	0.1195	0.1415
1556	0.1920	0.1926	0.1913	0.1930	0.1838	0.1861	0.1855	0.1892	0.1952	0.1666	0.1659	0.1656	0.1706	0.1794	0.1902	0.1349	0.1329	0.1364	0.1441	0.1557	0.1717	0.0992	0.0946	0.0951	0.0989	0.1070	0.1196	0.1416
1557	0.1923	0.1929	0.1916	0.1932	0.1841	0.1863	0.1859	0.1896	0.1954	0.1669	0.1662	0.1659	0.1709	0.1796	0.1905	0.1351	0.1332	0.1366	0.1444	0.1560	0.1719	0.0994	0.0947	0.0951	0.0990	0.1071	0.1196	0.1416
1558	0.1926	0.1933	0.1919	0.1934	0.1845	0.1866	0.1862	0.1899	0.1956	0.1671	0.1665	0.1661	0.1712	0.1800	0.1907	0.1353	0.1333	0.1368	0.1446	0.1562	0.1722	0.0995	0.0950	0.0952	0.0991	0.1073	0.1199	0.1418
1559	0.1928	0.1937	0.1922	0.1937	0.1848	0.1870	0.1865	0.1902	0.1958	0.1673	0.1669	0.1663	0.1715	0.1804	0.1909	0.1355	0.1334	0.1369	0.1448	0.1565	0.1724	0.0997	0.0953	0.0954	0.0993	0.1074	0.1201	0.1419
1560	0.1931	0.1940	0.1925	0.1942	0.1850	0.1874	0.1869	0.1905	0.1961	0.1675	0.1671	0.1665	0.1718	0.1806	0.1911	0.1357	0.1336	0.1372	0.1450	0.1567	0.1725	0.0998	0.0954	0.0956	0.0995	0.1075	0.1203	0.1421
1561	0.1934	0.1942	0.1928	0.1946	0.1852	0.1878	0.1872	0.1908	0.1963	0.1678	0.1672	0.1668	0.1721	0.1808	0.1914	0.1359	0.1338	0.1375	0.1451	0.1568	0.1726	0.0999	0.0954	0.0957	0.0997	0.1076	0.1204	0.1423
1562	0.1937	0.1945	0.1930	0.1949	0.1856	0.1880	0.1874	0.1909	0.1966	0.1680	0.1675	0.1670	0.1724	0.1810	0.1916	0.1361	0.1342	0.1377	0.1453	0.1570	0.1727	0.1001	0.0955	0.0959	0.0999	0.1077	0.1206	0.1424
1563	0.1940	0.1948	0.1932	0.1952	0.1859	0.1882	0.1876	0.1911	0.1969	0.1682	0.1677	0.1672	0.1726	0.1812	0.1918	0.1362	0.1345	0.1379	0.1455	0.1572	0.1729	0.1003	0.0955	0.0960	0.1000	0.1078	0.1207	0.1425
1564	0.1943	0.1950	0.1934	0.1955	0.1861	0.1885	0.1878	0.1913	0.1971	0.1685	0.1680	0.1674	0.1729	0.1814	0.1921	0.1364	0.1347	0.1380	0.1457	0.1574	0.1730	0.1005	0.0955	0.0962	0.1001	0.1080	0.1208	0.1428
1565	0.1946	0.1953	0.1937	0.1959	0.1864	0.1889	0.1881	0.1915	0.1973	0.1688	0.1682	0.1676	0.1733	0.1815	0.1923	0.1366	0.1348	0.1382	0.1460	0.1576	0.1732	0.1007	0.0956	0.0963	0.1002	0.1082	0.1209	0.1430
1566	0.1950	0.1957	0.1940	0.1961	0.1866	0.1890	0.1883	0.1918	0.1976	0.1691	0.1683	0.1679	0.1734	0.1818	0.1925	0.1368	0.1349	0.1384	0.1462	0.1577	0.1735	0.1008	0.0958	0.0965	0.1004	0.1083	0.1210	0.1431
1567	0.1953	0.1960	0.1943	0.1964	0.1869	0.1892	0.1886	0.1921	0.1979	0.1693	0.1685	0.1683	0.1736	0.1821	0.1928	0.1370	0.1350	0.1387	0.1464	0.1579	0.1738	0.1009	0.0960	0.0966	0.1007	0.1085	0.1210	0.1432
1568	0.1956	0.1963	0.1946	0.1966	0.1871	0.1894	0.1888	0.1924	0.1983	0.1695	0.1688	0.1685	0.1738	0.1823	0.1930	0.1372	0.1352	0.1389	0.1465	0.1581	0.1739	0.1010	0.0961	0.0966	0.1008	0.1087	0.1212	0.1432
1569	0.1958	0.1965	0.1949	0.1968	0.1873	0.1897	0.1890	0.1927	0.1986	0.1697	0.1690	0.1687	0.1740	0.1825	0.1931	0.1375	0.1354	0.1390	0.1466	0.1582	0.1739	0.1011	0.0963	0.0967	0.1007	0.1089	0.1214	0.1433
1570	0.1960	0.1968	0.1951	0.1970	0.1875	0.1899	0.1893	0.1930	0.1989	0.1699	0.1692	0.1689	0.1742	0.1828	0.1932	0.1377	0.1356	0.1392	0.1468	0.1585	0.1741	0.1013	0.0965	0.0969	0.1008	0.1090	0.1214	0.1435
1571	0.1961	0.1971	0.1952	0.1972	0.1877	0.1901	0.1895	0.1933	0.1991	0.1701	0.1694	0.1691	0.1744	0.1830	0.1933	0.1379	0.1359	0.1393	0.1470	0.1587	0.1743	0.1014	0.0967	0.0971	0.1010	0.1091	0.1215	0.1437
1572	0.1964	0.1973	0.1955	0.1975	0.1881	0.1903	0.1899	0.1934	0.1994	0.1703	0.1697	0.1693	0.1748	0.1832	0.1935	0.1381	0.1361	0.1395	0.1471	0.1588	0.1746	0.1014	0.0968	0.0972	0.1010	0.1092	0.1216	0.1438
1573	0.1967	0.1976	0.1957	0.1978	0.1884	0.1906	0.1902	0.1936	0.1997	0.1705	0.1700	0.1695	0.1751	0.1835	0.1938	0.1384	0.1363	0.1397	0.1473	0.1590	0.1749	0.1015	0.0968	0.0973	0.1011	0.1094	0.1217	0.1440
1574	0.1969	0.1979	0.1960	0.1981	0.1887	0.1908	0.1903	0.1938	0.2000	0.1708	0.1702	0.1697	0.1752	0.1835	0.1939	0.1385	0.1364	0.1399	0.1474	0.1592	0.1750	0.1017	0.0970	0.0975	0.1012	0.1095	0.1219	0.1442
1575	0.1972	0.1982	0.1963	0.1983	0.1889	0.1911	0.1904	0.1941	0.2002	0.1710	0.1704	0.1698	0.1753	0.1837	0.1941	0.1387	0.1365	0.1401	0.1476	0.1594	0.1751	0.1018	0.0972	0.0977	0.1013	0.1096	0.1222	0.1443
1576	0.1974	0.1985	0.1965	0.1985	0.1890	0.1913	0.1906	0.1943	0.2005	0.1712	0.1707	0.1701	0.1755	0.1838	0.1943	0.1388	0.1366	0.1402	0.1477	0.1595	0.1752	0.1020	0.0973	0.0978	0.1014	0.1097	0.1223	0.1444
1577	0.1977	0.1988	0.1967	0.1988	0.1891	0.1916	0.1907	0.1945	0.2007	0.1713	0.1709	0.1704	0.1757	0.1840	0.1946	0.1390	0.1368	0.1403	0.1478	0.1596	0.1753	0.1022	0.0974	0.0980	0.1016	0.1098	0.1223	0.1444
1578	0.1979	0.1990	0.1970	0.1990	0.1894	0.1918	0.1909	0.1947	0.2008	0.1715	0.1711	0.1707	0.1759	0.1843	0.1948	0.1390	0.1370	0.1404	0.1479	0.1598	0.1755	0.1023	0.0975	0.0981	0.1017	0.1100	0.1225	0.1445
1579	0.1981	0.1992	0.1973	0.1993	0.1897	0.1921	0.1911	0.1950	0.2009	0.1716	0.1713	0.1709	0.1761	0.1847	0.1949	0.1391	0.1373	0.1406	0.1481	0.1600	0.1756	0.1024	0.0976	0.0982	0.1020	0.1103	0.1227	0.1446
1580	0.1984	0.1993	0.1975	0.1994	0.1900	0.1922	0.1914	0.1953	0.2012	0.1720	0.1715	0.1711	0.1762	0.1849	0.1951	0.1391	0.1373	0.1407	0.1482	0.1601	0.1758	0.1024	0.0977	0.0983	0.1021	0.1104	0.1229	0.1446
1581	0.1987	0.1994	0.1977	0.1996	0.1903	0.1923	0.1917	0.1955	0.2014	0.1723	0.1717	0.1713	0.1764	0.1850	0.1953	0.1392	0.1374	0.1409	0.1483	0.1602	0.1759	0.1025	0.0977	0.0984	0.1021	0.1105	0.1231	0.1447
1582	0.1989	0.1996	0.1979	0.1998	0.1905	0.1925	0.1920	0.1957	0.2015	0.1726	0.1719	0.1715	0.1767	0.1852	0.1956	0.1395	0.1377	0.1411	0.1486	0.1604	0.1761	0.1026	0.0979	0.0985	0.1023	0.1105	0.1232	0.1447
1583	0.1991	0.1998	0.1981	0.2000	0.1907	0.1928	0.1922	0.1959	0.2016	0.1728	0.1721	0.1717	0.1769	0.1854	0.1959	0.1397	0.1379	0.1413	0.1488	0.1605	0.1763	0.1027	0.0980	0.0985	0.1024	0.1106	0.1234	0.1448
1584	0.1993	0.2001	0.1983	0.2002	0.1908	0.1930	0.1924	0.1960	0.2018	0.1729	0.1724	0.1718	0.1771	0.1857	0.1960	0.1399	0.1380	0.1414	0.1490	0.1607	0.1764	0.1029	0.0981	0.0986	0.1025	0.1107	0.1234	0.1449
1585	0.1995	0.2003	0.1983	0.2003	0.1909	0.1932	0.1926	0.1962	0.2022	0.1730	0.1727	0.1720	0.1773	0.1860	0.1961	0.1401	0.1381	0.1415	0.1491	0.1610	0.1765	0.1031	0.0981	0.0988	0.1027	0.1109	0.1234	0.1451
1586	0.1997	0.2006	0.1985	0.2005	0.1910	0.1934	0.1928	0.1963	0.2024	0.1731	0.1729	0.1722	0.1774	0.1862	0.1963	0.1403	0.1383	0.1417	0.1493	0.1611	0.1766	0.1032	0.0981	0.0990	0.1027	0.1110	0.1235	0.1451
1587	0.1999	0.2008	0.1987	0.2006	0.1911	0.1937	0.1930	0.1965	0.2026	0.1733	0.1731	0.1723	0.1775	0.1864	0.1965	0.1404	0.1385	0.1419	0.1495	0.1611	0.1767	0.1032	0.0981	0.0992	0.1028	0.1111	0.1237	0.1451
1588	0.2002	0.2009	0.1990	0.2008	0.1913	0.1940	0.1933	0.1966	0.2028	0.1734	0.1733	0.1725	0.1777	0.1865	0.1967	0.1406	0.1386	0.1420	0.1496	0.1613	0.1768	0.1032	0.0983	0.0992	0.1030	0.1112	0.1238	0.1451
1589	0.2005	0.2011	0.1994	0.2011	0.1916	0.1942	0.1935	0.1968	0.2031	0.1735	0.1735	0.1726	0.1780	0.1866	0.1970	0.1409	0.1387	0.1421	0.1497	0.1614	0.1770	0.1032	0.0985	0.0993	0.1032	0.1113	0.1239	0.1451
1590	0.2007	0.2012	0.1997	0.2013	0.1918	0.1943	0.1936	0.1970	0.2033	0.1738	0.1737	0.1727	0.1782	0.1867	0.1971	0.1410	0.1387	0.1422	0.1499	0.1616	0.1771	0.1033	0.0988	0.0993	0.1033	0.1113	0.1239	0.1454
1591	0.2009	0.2013	0.1999	0.2015	0.1921	0.1945	0.1937	0.1971	0.2034	0.1740	0.1739	0.1729	0.1784	0.1869	0.1972	0.1411	0.1388	0.1423	0.1500	0.1617	0.1773	0.1034	0.0990	0.0994	0.1034	0.1114	0.1239	0.1458
1592	0.2011	0.2015	0.2001	0.2017	0.1923	0.1947	0.1938	0.1973	0.2035	0.1741	0.1740	0.1730	0.1786	0.1870	0.1974	0.1413	0.1388	0.1425	0.1501	0.1618	0.1774	0.1035	0.0990	0.0995	0.1034	0.1115	0.1239	0.1458
1593	0.2012	0.2017	0.2002	0.2020	0.1925	0.1949	0.1938	0.1975	0.2036	0.1742	0.1741	0.1730	0.1787	0.1870	0.1976	0.1414	0.1387	0.1427	0.1503	0.1619	0.1775	0.1036	0.0990	0.0995	0.1035	0.1115	0.1240	0.1458
1594	0.2014	0.2020	0.2004	0.2022	0.1926	0.1950	0.1941	0.1977	0.2038	0.1743	0.1742	0.1732	0.1789	0.1872	0.1978	0.1415	0.1388	0.1428	0.1504	0.1620	0.1776	0.1037	0.0991	0.0996	0.1036	0.1117	0.1241	0.1460
1595	0.2016	0.2023	0.2007	0.2025	0.1928	0.1950	0.1944	0.1979	0.2040	0.1744	0.1744	0.1735	0.1792	0.1874	0.1980	0.1416	0.1389	0.1429	0.1506	0.1622	0.1778	0.1038	0.0992	0.0996	0.1037	0.1118	0.1242	0.1461
1596	0.2019	0.2025	0.2010	0.2027	0.1930	0.1952	0.1946	0.1981	0.2041	0.1746	0.1746	0.1736	0.1793	0.1876	0.1981	0.1417	0.1392	0.1431	0.1506	0.1623	0.1779	0.1041	0.0992	0.0997	0.1037	0.1119	0.1243	0.1462
1597	0.2021	0.2027	0.2012	0.2029	0.1931	0.1955	0.1947	0.1983	0.2042	0.1748	0.1747	0.1738	0.1794	0.1879	0.1982	0.1417	0.1395	0.1432	0.1506	0.1624	0.1780	0.1044	0.0993	0.0998	0.1037	0.1120	0.1244	0.1464
1598	0.2023	0.2029	0.2013	0.2031	0.1933	0.1957	0.1949	0.1985	0.2045	0.1749	0.1749	0.1740	0.1795	0.1881	0.1983	0.1419	0.1397	0.1434	0.1507	0.1626	0.1781	0.1044	0.0994	0.0999	0.1039	0.1122	0.1244	0.1464
1599	0.2025	0.2030	0.2014	0.2033	0.1934	0.1959	0.1951	0.1987	0.2048	0.1751	0.1751	0.1743	0.1797	0.1882	0.1984	0.1421	0.1398	0.1434	0.1509	0.1628	0.1783	0.1044	0.0996	0.1001	0.1041	0.1124	0.1245	0.1463
1600	0.2027	0.2033	0.2015	0.2035	0.1935	0.1961	0.1952	0.1990	0.2050	0.1753	0.1753	0.1745	0.1798	0.1884	0.1985	0.1423	0.1399	0.1436	0.1511	0.1629	0.1783	0.1045	0.0997	0.1002	0.1042	0.1124	0.1246	0.1463
1601	0.2029	0.2035	0.2016	0.2036	0.1937	0.1963	0.1953	0.1992	0.2051	0.1756	0.1754	0.1748	0.1800	0.1885	0.1987	0.1425	0.1399	0.1438	0.1513	0.1631	0.1782	0.1046	0.0997	0.1003	0.1043	0.1125	0.1247	0.1463
1602	0.2030	0.2037	0.2018	0.2037	0.1938	0.1964	0.1954	0.1994	0.2053	0.1757	0.1754	0.1748	0.1802	0.1887	0.1988	0.1425	0.1400	0.1440	0.1515	0.1631	0.1784	0.1046	0.0997	0.1003	0.1044	0.1125	0.1248	0.1464
1603	0.2032	0.2038	0.2020	0.2038	0.1940	0.1964	0.1955	0.1995	0.2055	0.1759	0.1755	0.1749	0.1804	0.1888	0.1990	0.1425	0.1400	0.1441	0.1517	0.1632	0.1786	0.1045	0.0998	0.1003	0.1044	0.1126	0.1248	0.1466
1604	0.2033	0.2040	0.2022	0.2040	0.1941	0.1965	0.1958	0.1996	0.2056	0.1759	0.1756	0.1751	0.1804	0.1890	0.1991	0.1427	0.1402	0.1443	0.1518	0.1632	0.1786	0.1045	0.0999	0.1005	0.1044	0.1125	0.1249	0.1466
1605	0.2035	0.2042	0.2024	0.2041	0.1942	0.1967	0.1961	0.1997	0.2057	0.1760	0.1758	0.1752	0.1804	0.1892	0.1992	0.1428	0.1405	0.1444	0.1518	0.1633	0.1787	0.1046	0.1000	0.1006	0.1044	0.1125	0.1250	0.1467
1606	0.2036	0.2044	0.2023	0.2043	0.1945	0.1968	0.1963	0.1998	0.2059	0.1761	0.1760	0.1754	0.1805	0.1894	0.1993	0.1429	0.1406	0.1445	0.1519	0.1633	0.1788	0.1046	0.1000	0.1007	0.1044	0.1125	0.1251	0.1466
1607	0.2036	0.2046	0.2023	0.2044	0.1947	0.1969	0.1965	0.2000	0.2061	0.1764	0.1763	0.1756	0.1807	0.1895	0.1995	0.1429	0.1408	0.1445	0.1519	0.1633	0.1790	0.1047	0.1001	0.1008	0.1043	0.1126	0.1252	0.1466
1608	0.2038	0.2046	0.2025	0.2045	0.1948	0.1970	0.1965	0.2002	0.2062	0.1765	0.1763	0.1757	0.1808	0.1896	0.1996	0.1431	0.1409	0.1445	0.1520	0.1635	0.1791	0.1049	0.1001	0.1008	0.1045	0.1127	0.1253	0.1467
1609	0.2040	0.2047	0.2027	0.2046	0.1949	0.1972	0.1965	0.2004	0.2062	0.1767	0.1764	0.1757	0.1809	0.1897	0.1998	0.1432	0.1409	0.1446	0.1520	0.1638	0.1792	0.1050	0.1002	0.1009	0.1047	0.1128	0.1254	0.1467
1610	0.2041	0.2048	0.2029	0.2048	0.1951	0.1973	0.1967	0.2005	0.2064	0.1768	0.1765	0.1759	0.1810	0.1897	0.1999	0.1434	0.1410	0.1447	0.1521	0.1639	0.1793	0.1051	0.1002	0.1009	0.1048	0.1129	0.1255	0.1468
1611	0.2042	0.2050	0.2031	0.2049	0.1953	0.1974	0.1969	0.2006	0.2066	0.1769	0.1766	0.1760	0.1812	0.1897	0.2000	0.1435	0.1411	0.1449	0.1523	0.1639	0.1793	0.1051	0.1003	0.1009	0.1048	0.1130	0.1257	0.1469
1612	0.2043	0.2051	0.2032	0.2050	0.1955	0.1975	0.1971	0.2007	0.2068	0.1770	0.1767	0.1761	0.1814	0.1899	0.2001	0.1436	0.1412	0.1450	0.1524	0.1641	0.1794	0.1051	0.1004	0.1010	0.1049	0.1132	0.1258	0.1470
1613	0.2044	0.2053	0.2034	0.2050	0.1957	0.1976	0.1972	0.2008	0.2069	0.1771	0.1768	0.1762	0.1815	0.1901	0.2002	0.1436	0.1412	0.1451	0.1526	0.1643	0.1795	0.1051	0.1005	0.1012	0.1049	0.1133	0.1259	0.1471
1614	0.2045	0.2054	0.2036	0.2053	0.1958	0.1977	0.1973	0.2009	0.2069	0.1772	0.1769	0.1763	0.1817	0.1902	0.2003	0.1436	0.1413	0.1452	0.1528	0.1643	0.1796	0.1051	0.1005	0.1013	0.1050	0.1134	0.1260	0.1471
1615	0.2047	0.2055	0.2038	0.2056	0.1959	0.1979	0.1974	0.2010	0.2069	0.1773	0.1771	0.1764	0.1820	0.1902	0.2004	0.1437	0.1414	0.1452	0.1529	0.1644	0.1796	0.1052	0.1004	0.1013	0.1052	0.1135	0.1260	0.1471
1616	0.2049	0.2056	0.2040	0.2057	0.1960	0.1980	0.1976	0.2011	0.2071	0.1774	0.1771	0.1766	0.1822	0.1904	0.2006	0.1438	0.1415	0.1452	0.1530	0.1645	0.1797	0.1052	0.1004	0.1014	0.1053	0.1136	0.1260	0.1470
1617	0.2051	0.2058	0.2042	0.2059	0.1961	0.1982	0.1978	0.2012	0.2073	0.1775	0.1772	0.1768	0.1823	0.1906	0.2009	0.1439	0.1415	0.1453	0.1531	0.1647	0.1800	0.1053	0.1006	0.1013	0.1054	0.1136	0.1260	0.1470
1618	0.2052	0.2060	0.2043	0.2059	0.1963	0.1985	0.1980	0.2013	0.2075	0.1775	0.1774	0.1770	0.1823	0.1907	0.2010	0.1440	0.1415	0.1454	0.1533	0.1648	0.1801	0.1054	0.1006	0.1015	0.1056	0.1138	0.1259	0.1471
1619	0.2054	0.2061	0.2044	0.2060	0.1964	0.1988	0.1982	0.2013	0.2076	0.1774	0.1776	0.1771	0.1823	0.1908	0.2010	0.1440	0.1415	0.1456	0.1535	0.1649	0.1802	0.1054	0.1006	0.1016	0.1057	0.1139	0.1258	0.1472
1620	0.2056	0.2064	0.2045	0.2061	0.1965	0.1989	0.1982	0.2015	0.2077	0.1775	0.1776	0.1772	0.1824	0.1909	0.2012	0.1442	0.1418	0.1457	0.1537	0.1648	0.1804	0.1055	0.1007	0.1017	0.1058	0.1139	0.1258	0.1473
1621	0.2058	0.2066	0.2045	0.2063	0.1966	0.1990	0.1982	0.2017	0.2077	0.1777	0.1775	0.1773	0.1826	0.1909	0.2014	0.1443	0.1421	0.1459	0.1537	0.1648	0.1805	0.1055	0.1009	0.1018	0.1058	0.1139	0.1258	0.1474
1622	0.2059	0.2068	0.2045	0.2065	0.1968	0.1991	0.1983	0.2019	0.2078	0.1779	0.1777	0.1774	0.1828	0.1909	0.2015	0.1445	0.1422	0.1459	0.1538	0.1648	0.1807	0.1056	0.1009	0.1018	0.1059	0.1140	0.1259	0.1475
1623	0.2059	0.2070	0.2046	0.2067	0.1970	0.1992	0.1984	0.2020	0.2078	0.1781	0.1779	0.1777	0.1831	0.1910	0.2017	0.1446	0.1422	0.1459	0.1539	0.1648	0.1808	0.1058	0.1010	0.1018	0.1059	0.1141	0.1260	0.1476
1624	0.2061	0.2072	0.2048	0.2069	0.1970	0.1993	0.1985	0.2021	0.2080	0.1782	0.1781	0.1777	0.1830	0.1911	0.2017	0.1447	0.1422	0.1460	0.1541	0.1649	0.1809	0.1059	0.1011	0.1017	0.1059	0.1140	0.1260	0.1477
1625	0.2063	0.2074	0.2050	0.2070	0.1971	0.1994	0.1986	0.2022	0.2082	0.1783	0.1782	0.1777	0.1829	0.1912	0.2018	0.1447	0.1422	0.1461	0.1542	0.1651	0.1809	0.1060	0.1012	0.1017	0.1059	0.1140	0.1261	0.1479
1626	0.2065	0.2075	0.2051	0.2072	0.1971	0.1995	0.1988	0.2024	0.2083	0.1784	0.1784	0.1778	0.1830	0.1913	0.2019	0.1448	0.1425	0.1463	0.1542	0.1652	0.1808	0.1060	0.1013	0.1017	0.1059	0.1141	0.1261	0.1479
1627	0.2068	0.2075	0.2052	0.2074	0.1972	0.1995	0.1990	0.2026	0.2083	0.1785	0.1785	0.1779	0.1830	0.1915	0.2020	0.1449	0.1427	0.1465	0.1542	0.1653	0.1807	0.1059	0.1013	0.1017	0.1058	0.1142	0.1261	0.1479
1628	0.2070	0.2076	0.2054	0.2075	0.1973	0.1998	0.1990	0.2027	0.2085	0.1787	0.1786	0.1782	0.1831	0.1917	0.2020	0.1449	0.1428	0.1466	0.1541	0.1654	0.1808	0.1060	0.1015	0.1019	0.1059	0.1142	0.1262	0.1480
1629	0.2071	0.2077	0.2057	0.2076	0.1973	0.2000	0.1991	0.2028	0.2087	0.1789	0.1786	0.1784	0.1832	0.1919	0.2021	0.1450	0.1429	0.1467	0.1540	0.1654	0.1809	0.1062	0.1017	0.1020	0.1060	0.1142	0.1263	0.1482
1630	0.2071	0.2077	0.2059	0.2076	0.1974	0.2001	0.1993	0.2029	0.2088	0.1790	0.1787	0.1785	0.1833	0.1919	0.2021	0.1450	0.1429	0.1468	0.1541	0.1654	0.1810	0.1063	0.1017	0.1021	0.1061	0.1143	0.1263	0.1482
1631	0.2071	0.2078	0.2061	0.2076	0.1975	0.2002	0.1994	0.2029	0.2088	0.1791	0.1788	0.1785	0.1834	0.1920	0.2021	0.1451	0.1429	0.1469	0.1542	0.1654	0.1811	0.1064	0.1017	0.1022	0.1062	0.1144	0.1263	0.1481
1632	0.2073	0.2079	0.2061	0.2077	0.1977	0.2002	0.1995	0.2030	0.2089	0.1791	0.1789	0.1786	0.1835	0.1921	0.2021	0.1452	0.1429	0.1470	0.1543	0.1656	0.1810	0.1064	0.1017	0.1022	0.1063	0.1144	0.1264	0.1481
1633	0.2075	0.2080	0.2061	0.2079	0.1979	0.2002	0.1994	0.2033	0.2090	0.1791	0.1790	0.1786	0.1837	0.1921	0.2022	0.1453	0.1429	0.1472	0.1544	0.1658	0.1810	0.1064	0.1017	0.1022	0.1064	0.1145	0.1265	0.1480
1634	0.2076	0.2082	0.2062	0.2079	0.1981	0.2002	0.1996	0.2034	0.2091	0.1793	0.1791	0.1787	0.1837	0.1922	0.2024	0.1453	0.1430	0.1472	0.1545	0.1658	0.1811	0.1064	0.1016	0.1023	0.1064	0.1147	0.1266	0.1481
1635	0.2077	0.2084	0.2063	0.2080	0.1984	0.2003	0.1998	0.2036	0.2091	0.1795	0.1791	0.1788	0.1837	0.1924	0.2027	0.1453	0.1432	0.1472	0.1546	0.1659	0.1812	0.1064	0.1016	0.1024	0.1065	0.1148	0.1267	0.1481
1636	0.2078	0.2085	0.2064	0.2082	0.1984	0.2004	0.1998	0.2036	0.2093	0.1795	0.1792	0.1789	0.1838	0.1925	0.2027	0.1454	0.1433	0.1472	0.1547	0.1660	0.1813	0.1063	0.1016	0.1023	0.1065	0.1148	0.1268	0.1480
1637	0.2079	0.2085	0.2064	0.2083	0.1984	0.2006	0.1999	0.2036	0.2094	0.1795	0.1794	0.1789	0.1839	0.1927	0.2027	0.1456	0.1434	0.1473	0.1548	0.1660	0.1814	0.1063	0.1016	0.1022	0.1066	0.1147	0.1269	0.1480
1638	0.2080	0.2087	0.2064	0.2084	0.1986	0.2007	0.2000	0.2037	0.2096	0.1796	0.1795	0.1790	0.1841	0.1927	0.2028	0.1457	0.1435	0.1473	0.1548	0.1661	0.1814	0.1064	0.1017	0.1023	0.1067	0.1147	0.1270	0.1482
1639	0.2080	0.2089	0.2064	0.2086	0.1987	0.2008	0.2001	0.2037	0.2097	0.1798	0.1797	0.1792	0.1842	0.1928	0.2030	0.1457	0.1436	0.1474	0.1549	0.1661	0.1813	0.1066	0.1018	0.1024	0.1067	0.1146	0.1269	0.1483
1640	0.2081	0.2089	0.2065	0.2087	0.1987	0.2008	0.2002	0.2037	0.2097	0.1798	0.1797	0.1793	0.1843	0.1928	0.2030	0.1458	0.1437	0.1474	0.1550	0.1660	0.1814	0.1067	0.1019	0.1025	0.1068	0.1148	0.1270	0.1482
1641	0.2083	0.2089	0.2067	0.2087	0.1987	0.2008	0.2004	0.2037	0.2096	0.1799	0.1798	0.1795	0.1845	0.1928	0.2031	0.1459	0.1438	0.1475	0.1551	0.1660	0.1814	0.1068	0.1019	0.1025	0.1069	0.1150	0.1270	0.1481
1642	0.2083	0.2090	0.2069	0.2088	0.1989	0.2010	0.2005	0.2038	0.2098	0.1800	0.1799	0.1796	0.1845	0.1929	0.2032	0.1460	0.1440	0.1477	0.1551	0.1662	0.1814	0.1069	0.1019	0.1026	0.1069	0.1152	0.1272	0.1481
1643	0.2083	0.2092	0.2071	0.2089	0.1991	0.2012	0.2007	0.2040	0.2101	0.1800	0.1799	0.1797	0.1846	0.1930	0.2033	0.1462	0.1442	0.1478	0.1552	0.1664	0.1815	0.1069	0.1019	0.1027	0.1068	0.1153	0.1273	0.1482
1644	0.2084	0.2091	0.2071	0.2089	0.1992	0.2012	0.2008	0.2041	0.2102	0.1802	0.1800	0.1798	0.1847	0.1931	0.2034	0.1464	0.1442	0.1479	0.1552	0.1665	0.1817	0.1069	0.1019	0.1026	0.1069	0.1153	0.1274	0.1483
1645	0.2084	0.2091	0.2072	0.2089	0.1993	0.2013	0.2009	0.2042	0.2102	0.1803	0.1801	0.1798	0.1848	0.1933	0.2034	0.1465	0.1442	0.1480	0.1551	0.1666	0.1820	0.1069	0.1019	0.1026	0.1069	0.1154	0.1275	0.1484
1646	0.2086	0.2094	0.2073	0.2090	0.1993	0.2014	0.2010	0.2043	0.2103	0.1803	0.1802	0.1799	0.1848	0.1934	0.2035	0.1465	0.1443	0.1480	0.1553	0.1666	0.1821	0.1069	0.1020	0.1027	0.1070	0.1154	0.1275	0.1486
1647	0.2088	0.2097	0.2075	0.2091	0.1993	0.2015	0.2011	0.2043	0.2105	0.1804	0.1804	0.1800	0.1848	0.1935	0.2036	0.1466	0.1444	0.1481	0.1554	0.1665	0.1822	0.1068	0.1020	0.1029	0.1072	0.1153	0.1274	0.1488
1648	0.2088	0.2096	0.2077	0.2092	0.1994	0.2016	0.2012	0.2045	0.2105	0.1803	0.1804	0.1799	0.1848	0.1935	0.2036	0.1467	0.1444	0.1480	0.1556	0.1665	0.1822	0.1068	0.1021	0.1030	0.1072	0.1153	0.1274	0.1487
1649	0.2089	0.2095	0.2079	0.2093	0.1994	0.2017	0.2012	0.2047	0.2105	0.1803	0.1804	0.1799	0.1849	0.1936	0.2036	0.1468	0.1444	0.1480	0.1558	0.1665	0.1823	0.1068	0.1022	0.1030	0.1071	0.1152	0.1273	0.1487
1650	0.2090	0.2096	0.2078	0.2095	0.1996	0.2019	0.2013	0.2048	0.2105	0.1803	0.1803	0.1800	0.1849	0.1935	0.2037	0.1467	0.1444	0.1481	0.1557	0.1665	0.1824	0.1068	0.1023	0.1029	0.1070	0.1153	0.1273	0.1487
1651	0.2090	0.2096	0.2077	0.2096	0.1998	0.2020	0.2014	0.2049	0.2105	0.1804	0.1803	0.1802	0.1849	0.1934	0.2037	0.1467	0.1444	0.1482	0.1556	0.1666	0.1824	0.1068	0.1025	0.1028	0.1070	0.1153	0.1273	0.1487
1652	0.2091	0.2097	0.2079	0.2096	0.1999	0.2021	0.2013	0.2051	0.2105	0.1805	0.1803	0.1803	0.1850	0.1935	0.2039	0.1467	0.1444	0.1483	0.1558	0.1668	0.1823	0.1070	0.1025	0.1028	0.1071	0.1152	0.1275	0.1488
1653	0.2093	0.2097	0.2080	0.2096	0.2000	0.2022	0.2012	0.2052	0.2106	0.1806	0.1804	0.1805	0.1850	0.1935	0.2040	0.1467	0.1444	0.1483	0.1560	0.1669	0.1821	0.1071	0.1025	0.1027	0.1073	0.1152	0.1276	0.1488
1654	0.2094	0.2100	0.2080	0.2098	0.2001	0.2023	0.2013	0.2053	0.2108	0.1808	0.1805	0.1805	0.1850	0.1938	0.2041	0.1467	0.1445	0.1483	0.1561	0.1670	0.1822	0.1071	0.1025	0.1028	0.1073	0.1153	0.1277	0.1489
1655	0.2095	0.2102	0.2080	0.2099	0.2002	0.2025	0.2013	0.2054	0.2110	0.1810	0.1805	0.1805	0.1851	0.1940	0.2042	0.1468	0.1445	0.1483	0.1561	0.1671	0.1822	0.1071	0.1025	0.1029	0.1074	0.1155	0.1277	0.1489
1656	0.2094	0.2102	0.2081	0.2100	0.2001	0.2025	0.2014	0.2054	0.2111	0.1811	0.1806	0.1806	0.1851	0.1940	0.2042	0.1468	0.1446	0.1482	0.1561	0.1671	0.1825	0.1072	0.1025	0.1030	0.1074	0.1155	0.1277	0.1489
1657	0.2094	0.2102	0.2082	0.2101	0.2001	0.2026	0.2015	0.2053	0.2111	0.1812	0.1807	0.1807	0.1852	0.1940	0.2041	0.1468	0.1446	0.1482	0.1560	0.1672	0.1827	0.1072	0.1025	0.1030	0.1073	0.1155	0.1277	0.1488
1658	0.2094	0.2103	0.2084	0.2103	0.2000	0.2027	0.2016	0.2055	0.2113	0.1813	0.1808	0.1806	0.1854	0.1940	0.2041	0.1469	0.1447	0.1483	0.1560	0.1673	0.1828	0.1072	0.1025	0.1030	0.1074	0.1154	0.1277	0.1488
1659	0.2094	0.2104	0.2085	0.2105	0.1999	0.2029	0.2017	0.2056	0.2114	0.1814	0.1810	0.1805	0.1855	0.1940	0.2041	0.1470	0.1448	0.1484	0.1561	0.1674	0.1829	0.1072	0.1025	0.1030	0.1074	0.1154	0.1277	0.1488
1660	0.2096	0.2104	0.2086	0.2103	0.2000	0.2028	0.2018	0.2055	0.2112	0.1814	0.1810	0.1807	0.1854	0.1940	0.2041	0.1471	0.1447	0.1484	0.1563	0.1674	0.1829	0.1073	0.1025	0.1032	0.1074	0.1155	0.1276	0.1488
1661	0.2097	0.2105	0.2087	0.2101	0.2002	0.2028	0.2019	0.2054	0.2111	0.1815	0.1811	0.1809	0.1854	0.1941	0.2042	0.1471	0.1447	0.1484	0.1565	0.1674	0.1828	0.1073	0.1025	0.1033	0.1074	0.1156	0.1276	0.1488
1662	0.2099	0.2105	0.2086	0.2103	0.2003	0.2027	0.2020	0.2055	0.2111	0.1816	0.1812	0.1809	0.1856	0.1942	0.2044	0.1470	0.1448	0.1484	0.1566	0.1675	0.1828	0.1075	0.1026	0.1034	0.1075	0.1156	0.1278	0.1488
1663	0.2100	0.2105	0.2084	0.2104	0.2005	0.2027	0.2021	0.2055	0.2110	0.1817	0.1812	0.1810	0.1857	0.1943	0.2046	0.1469	0.1449	0.1483	0.1566	0.1676	0.1829	0.1076	0.1027	0.1034	0.1076	0.1156	0.1280	0.1488
1664	0.2100	0.2106	0.2086	0.2104	0.2005	0.2028	0.2022	0.2057	0.2112	0.1817	0.1812	0.1810	0.1858	0.1943	0.2045	0.1470	0.1449	0.1484	0.1565	0.1676	0.1829	0.1077	0.1027	0.1033	0.1076	0.1157	0.1279	0.1487
1665	0.2100	0.2107	0.2087	0.2103	0.2006	0.2029	0.2023	0.2058	0.2115	0.1818	0.1812	0.1810	0.1858	0.1944	0.2045	0.1471	0.1448	0.1485	0.1565	0.1676	0.1829	0.1079	0.1027	0.1032	0.1076	0.1158	0.1278	0.1487
1666	0.2101	0.2108	0.2089	0.2104	0.2007	0.2029	0.2025	0.2059	0.2117	0.1819	0.1813	0.1809	0.1859	0.1945	0.2045	0.1472	0.1449	0.1486	0.1564	0.1676	0.1829	0.1079	0.1028	0.1034	0.1077	0.1158	0.1279	0.1488
1667	0.2102	0.2108	0.2090	0.2106	0.2008	0.2030	0.2026	0.2059	0.2118	0.1819	0.1814	0.1809	0.1859	0.1947	0.2045	0.1473	0.1449	0.1488	0.1564	0.1676	0.1829	0.1078	0.1028	0.1036	0.1077	0.1158	0.1280	0.1488
1668	0.2102	0.2107	0.2090	0.2105	0.2009	0.2031	0.2026	0.2058	0.2117	0.1819	0.1813	0.1810	0.1860	0.1946	0.2044	0.1473	0.1451	0.1490	0.1564	0.1675	0.1830	0.1077	0.1028	0.1036	0.1077	0.1157	0.1279	0.1489
1669	0.2102	0.2107	0.2089	0.2105	0.2010	0.2031	0.2026	0.2058	0.2117	0.1819	0.1812	0.1810	0.1860	0.1945	0.2044	0.1473	0.1453	0.1491	0.1564	0.1674	0.1830	0.1076	0.1027	0.1037	0.1077	0.1156	0.1278	0.1489
1670	0.2102	0.2108	0.2090	0.2107	0.2012	0.2032	0.2028	0.2059	0.2117	0.1821	0.1812	0.1811	0.1862	0.1945	0.2045	0.1473	0.1452	0.1491	0.1564	0.1676	0.1830	0.1077	0.1028	0.1038	0.1077	0.1157	0.1278	0.1490
1671	0.2103	0.2109	0.2090	0.2109	0.2013	0.2032	0.2029	0.2060	0.2117	0.1823	0.1813	0.1812	0.1863	0.1946	0.2045	0.1473	0.1452	0.1491	0.1564	0.1677	0.1829	0.1077	0.1028	0.1039	0.1077	0.1158	0.1278	0.1490
1672	0.2104	0.2110	0.2092	0.2110	0.2013	0.2034	0.2029	0.2061	0.2119	0.1823	0.1814	0.1811	0.1864	0.1947	0.2045	0.1473	0.1452	0.1492	0.1565	0.1679	0.1830	0.1078	0.1029	0.1039	0.1078	0.1159	0.1278	0.1490
1673	0.2105	0.2110	0.2093	0.2110	0.2013	0.2036	0.2029	0.2062	0.2120	0.1823	0.1814	0.1811	0.1865	0.1948	0.2045	0.1473	0.1452	0.1492	0.1566	0.1680	0.1830	0.1079	0.1029	0.1040	0.1080	0.1159	0.1279	0.1490
1674	0.2105	0.2111	0.2092	0.2110	0.2014	0.2037	0.2029	0.2061	0.2120	0.1821	0.1816	0.1812	0.1865	0.1948	0.2046	0.1474	0.1452	0.1491	0.1567	0.1680	0.1830	0.1078	0.1029	0.1040	0.1080	0.1159	0.1279	0.1491
1675	0.2104	0.2111	0.2091	0.2110	0.2015	0.2038	0.2029	0.2061	0.2120	0.1820	0.1817	0.1813	0.1864	0.1949	0.2047	0.1475	0.1451	0.1490	0.1568	0.1679	0.1830	0.1078	0.1029	0.1039	0.1080	0.1159	0.1279	0.1491
1676	0.2105	0.2111	0.2092	0.2111	0.2015	0.2038	0.2031	0.2062	0.2120	0.1821	0.1819	0.1813	0.1864	0.1950	0.2048	0.1475	0.1451	0.1491	0.1569	0.1678	0.1829	0.1079	0.1030	0.1040	0.1080	0.1159	0.1281	0.1491
1677	0.2106	0.2111	0.2092	0.2111	0.2016	0.2038	0.2032	0.2063	0.2121	0.1822	0.1821	0.1813	0.1863	0.1951	0.2049	0.1476	0.1451	0.1492	0.1569	0.1677	0.1828	0.1079	0.1031	0.1040	0.1079	0.1159	0.1282	0.1491
1678	0.2107	0.2111	0.2094	0.2111	0.2017	0.2038	0.2032	0.2064	0.2122	0.1823	0.1821	0.1813	0.1864	0.1952	0.2049	0.1477	0.1451	0.1493	0.1568	0.1677	0.1830	0.1080	0.1032	0.1041	0.1080	0.1159	0.1283	0.1489
1679	0.2107	0.2111	0.2095	0.2111	0.2017	0.2038	0.2032	0.2065	0.2123	0.1823	0.1821	0.1813	0.1864	0.1953	0.2050	0.1477	0.1451	0.1494	0.1568	0.1677	0.1831	0.1080	0.1033	0.1041	0.1080	0.1160	0.1283	0.1489
1680	0.2107	0.2112	0.2096	0.2112	0.2017	0.2040	0.2033	0.2067	0.2124	0.1824	0.1822	0.1815	0.1865	0.1954	0.2050	0.1475	0.1452	0.1493	0.1568	0.1678	0.1831	0.1080	0.1033	0.1040	0.1080	0.1160	0.1281	0.1491
1681	0.2107	0.2114	0.2096	0.2112	0.2017	0.2041	0.2034	0.2067	0.2125	0.1825	0.1823	0.1816	0.1865	0.1955	0.2050	0.1475	0.1453	0.1493	0.1568	0.1678	0.1832	0.1080	0.1033	0.1039	0.1081	0.1161	0.1280	0.1493
1682	0.2108	0.2115	0.2096	0.2110	0.2017	0.2040	0.2034	0.2067	0.2126	0.1826	0.1823	0.1816	0.1865	0.1955	0.2051	0.1474	0.1455	0.1493	0.1569	0.1678	0.1833	0.1080	0.1034	0.1039	0.1082	0.1160	0.1281	0.1493
1683	0.2109	0.2116	0.2096	0.2110	0.2018	0.2040	0.2034	0.2067	0.2127	0.1826	0.1824	0.1816	0.1865	0.1954	0.2052	0.1474	0.1456	0.1494	0.1569	0.1678	0.1834	0.1080	0.1035	0.1039	0.1083	0.1159	0.1281	0.1493
1684	0.2111	0.2115	0.2094	0.2111	0.2018	0.2042	0.2035	0.2068	0.2127	0.1827	0.1824	0.1816	0.1866	0.1953	0.2052	0.1475	0.1456	0.1496	0.1568	0.1679	0.1835	0.1080	0.1035	0.1039	0.1083	0.1159	0.1280	0.1493
1685	0.2112	0.2115	0.2093	0.2111	0.2019	0.2043	0.2035	0.2069	0.2127	0.1827	0.1824	0.1816	0.1867	0.1953	0.2053	0.1477	0.1456	0.1496	0.1568	0.1680	0.1835	0.1080	0.1035	0.1040	0.1083	0.1159	0.1280	0.1493
1686	0.2111	0.2115	0.2093	0.2111	0.2019	0.2045	0.2036	0.2069	0.2127	0.1827	0.1826	0.1817	0.1869	0.1953	0.2055	0.1478	0.1456	0.1496	0.1569	0.1681	0.1836	0.1081	0.1035	0.1039	0.1082	0.1158	0.1280	0.1492
1687	0.2110	0.2115	0.2094	0.2112	0.2019	0.2046	0.2036	0.2070	0.2126	0.1827	0.1827	0.1817	0.1870	0.1953	0.2056	0.1479	0.1457	0.1495	0.1569	0.1681	0.1836	0.1082	0.1035	0.1040	0.1082	0.1158	0.1280	0.1492
1688	0.2109	0.2114	0.2097	0.2113	0.2018	0.2045	0.2037	0.2071	0.2127	0.1827	0.1827	0.1818	0.1869	0.1952	0.2054	0.1479	0.1457	0.1497	0.1569	0.1682	0.1835	0.1082	0.1035	0.1040	0.1082	0.1159	0.1281	0.1492
1689	0.2109	0.2113	0.2098	0.2113	0.2017	0.2045	0.2038	0.2071	0.2127	0.1828	0.1827	0.1819	0.1869	0.1952	0.2053	0.1479	0.1458	0.1498	0.1570	0.1682	0.1835	0.1083	0.1034	0.1040	0.1082	0.1160	0.1282	0.1492
1690	0.2110	0.2114	0.2098	0.2113	0.2018	0.2046	0.2038	0.2071	0.2127	0.1830	0.1826	0.1819	0.1868	0.1952	0.2053	0.1478	0.1458	0.1500	0.1570	0.1682	0.1836	0.1084	0.1034	0.1040	0.1082	0.1161	0.1283	0.1492
1691	0.2110	0.2114	0.2098	0.2112	0.2019	0.2046	0.2038	0.2071	0.2127	0.1830	0.1826	0.1819	0.1869	0.1952	0.2053	0.1478	0.1458	0.1501	0.1569	0.1683	0.1837	0.1085	0.1034	0.1040	0.1082	0.1162	0.1284	0.1491
1692	0.2110	0.2116	0.2098	0.2113	0.2019	0.2044	0.2037	0.2071	0.2127	0.1830	0.1827	0.1818	0.1869	0.1954	0.2053	0.1479	0.1457	0.1500	0.1568	0.1684	0.1838	0.1086	0.1034	0.1040	0.1082	0.1161	0.1285	0.1491
1693	0.2110	0.2116	0.2098	0.2114	0.2019	0.2044	0.2037	0.2071	0.2127	0.1829	0.1828	0.1818	0.1871	0.1955	0.2054	0.1479	0.1457	0.1499	0.1569	0.1685	0.1839	0.1085	0.1035	0.1041	0.1082	0.1162	0.1284	0.1492
1694	0.2111	0.2117	0.2098	0.2115	0.2020	0.2044	0.2037	0.2072	0.2126	0.1829	0.1827	0.1819	0.1873	0.1955	0.2054	0.1479	0.1459	0.1498	0.1570	0.1685	0.1838	0.1084	0.1036	0.1042	0.1082	0.1163	0.1283	0.1493
1695	0.2112	0.2117	0.2098	0.2115	0.2020	0.2044	0.2038	0.2072	0.2126	0.1829	0.1827	0.1819	0.1874	0.1954	0.2054	0.1479	0.1460	0.1498	0.1570	0.1685	0.1837	0.1083	0.1037	0.1042	0.1082	0.1163	0.1283	0.1494
1696	0.2113	0.2118	0.2098	0.2115	0.2020	0.2043	0.2040	0.2073	0.2126	0.1830	0.1827	0.1818	0.1875	0.1954	0.2054	0.1480	0.1460	0.1498	0.1569	0.1686	0.1836	0.1084	0.1037	0.1042	0.1083	0.1164	0.1284	0.1495
1697	0.2113	0.2118	0.2098	0.2115	0.2021	0.2043	0.2040	0.2072	0.2126	0.1830	0.1826	0.1818	0.1874	0.1954	0.2054	0.1479	0.1459	0.1498	0.1569	0.1686	0.1835	0.1084	0.1037	0.1042	0.1083	0.1164	0.1283	0.1496
1698	0.2112	0.2117	0.2098	0.2115	0.2021	0.2044	0.2039	0.2070	0.2125	0.1829	0.1826	0.1820	0.1873	0.1955	0.2055	0.1477	0.1458	0.1497	0.1569	0.1685	0.1835	0.1083	0.1037	0.1042	0.1083	0.1164	0.1282	0.1496
1699	0.2112	0.2117	0.2098	0.2116	0.2022	0.2044	0.2039	0.2070	0.2125	0.1829	0.1825	0.1820	0.1873	0.1956	0.2056	0.1477	0.1458	0.1497	0.1570	0.1684	0.1834	0.1083	0.1036	0.1042	0.1082	0.1164	0.1282	0.1497
1700	0.2112	0.2118	0.2099	0.2116	0.2023	0.2044	0.2040	0.2069	0.2127	0.1830	0.1825	0.1819	0.1874	0.1957	0.2058	0.1477	0.1458	0.1498	0.1570	0.1685	0.1834	0.1084	0.1034	0.1042	0.1081	0.1164	0.1282	0.1497
1701	0.2112	0.2118	0.2099	0.2116	0.2024	0.2045	0.2040	0.2069	0.2127	0.1830	0.1824	0.1820	0.1874	0.1957	0.2058	0.1478	0.1459	0.1497	0.1571	0.1685	0.1834	0.1084	0.1034	0.1042	0.1081	0.1163	0.1281	0.1497
1702	0.2113	0.2117	0.2098	0.2115	0.2024	0.2047	0.2039	0.2069	0.2128	0.1830	0.1823	0.1820	0.1875	0.1956	0.2058	0.1479	0.1460	0.1496	0.1572	0.1684	0.1835	0.1084	0.1034	0.1042	0.1081	0.1162	0.1280	0.1497
1703	0.2113	0.2118	0.2098	0.2115	0.2024	0.2047	0.2039	0.2069	0.2128	0.1829	0.1823	0.1820	0.1874	0.1957	0.2057	0.1479	0.1461	0.1495	0.1572	0.1684	0.1835	0.1084	0.1034	0.1041	0.1082	0.1162	0.1280	0.1496
1704	0.2112	0.2119	0.2099	0.2115	0.2024	0.2047	0.2039	0.2070	0.2129	0.1829	0.1823	0.1819	0.1874	0.1959	0.2056	0.1478	0.1461	0.1496	0.1572	0.1685	0.1835	0.1084	0.1034	0.1040	0.1082	0.1162	0.1281	0.1495
1705	0.2112	0.2118	0.2099	0.2115	0.2024	0.2046	0.2040	0.2070	0.2128	0.1829	0.1824	0.1818	0.1872	0.1959	0.2055	0.1478	0.1460	0.1496	0.1572	0.1685	0.1836	0.1085	0.1034	0.1041	0.1083	0.1163	0.1282	0.1494
1706	0.2112	0.2116	0.2099	0.2115	0.2023	0.2046	0.2040	0.2071	0.2127	0.1830	0.1825	0.1818	0.1871	0.1959	0.2055	0.1478	0.1459	0.1497	0.1573	0.1685	0.1838	0.1087	0.1034	0.1042	0.1083	0.1165	0.1283	0.1495
1707	0.2112	0.2115	0.2098	0.2115	0.2022	0.2045	0.2041	0.2072	0.2127	0.1831	0.1826	0.1818	0.1870	0.1957	0.2056	0.1479	0.1459	0.1497	0.1573	0.1685	0.1838	0.1087	0.1034	0.1042	0.1082	0.1165	0.1283	0.1494
1708	0.2111	0.2115	0.2096	0.2115	0.2021	0.2044	0.2042	0.2072	0.2128	0.1831	0.1827	0.1819	0.1871	0.1955	0.2057	0.1480	0.1458	0.1496	0.1572	0.1686	0.1837	0.1087	0.1034	0.1042	0.1081	0.1165	0.1283	0.1494
1709	0.2110	0.2113	0.2095	0.2115	0.2020	0.2043	0.2042	0.2073	0.2128	0.1831	0.1827	0.1819	0.1871	0.1955	0.2055	0.1480	0.1458	0.1495	0.1571	0.1686	0.1837	0.1086	0.1034	0.1043	0.1080	0.1164	0.1283	0.1494
1710	0.2109	0.2112	0.2096	0.2114	0.2020	0.2043	0.2041	0.2073	0.2127	0.1831	0.1827	0.1819	0.1872	0.1955	0.2053	0.1480	0.1459	0.1495	0.1570	0.1686	0.1836	0.1085	0.1035	0.1043	0.1080	0.1163	0.1282	0.1495
1711	0.2108	0.2111	0.2096	0.2114	0.2020	0.2042	0.2040	0.2073	0.2125	0.1831	0.1827	0.1819	0.1872	0.1954	0.2053	0.1480	0.1459	0.1495	0.1570	0.1686	0.1835	0.1084	0.1034	0.1042	0.1080	0.1162	0.1283	0.1495
1712	0.2106	0.2111	0.2096	0.2114	0.2021	0.2041	0.2038	0.2072	0.2124	0.1831	0.1825	0.1820	0.1872	0.1953	0.2054	0.1479	0.1458	0.1494	0.1569	0.1688	0.1835	0.1083	0.1033	0.1041	0.1081	0.1161	0.1284	0.1496
1713	0.2107	0.2112	0.2096	0.2113	0.2020	0.2042	0.2037	0.2071	0.2124	0.1832	0.1825	0.1820	0.1872	0.1953	0.2054	0.1478	0.1458	0.1495	0.1570	0.1687	0.1835	0.1082	0.1032	0.1040	0.1082	0.1161	0.1283	0.1497
1714	0.2107	0.2112	0.2096	0.2112	0.2019	0.2043	0.2037	0.2071	0.2123	0.1833	0.1824	0.1821	0.1871	0.1954	0.2054	0.1477	0.1459	0.1496	0.1571	0.1685	0.1835	0.1081	0.1031	0.1040	0.1083	0.1162	0.1283	0.1497
1715	0.2109	0.2113	0.2095	0.2111	0.2018	0.2043	0.2037	0.2071	0.2122	0.1832	0.1823	0.1820	0.1870	0.1953	0.2053	0.1475	0.1458	0.1495	0.1572	0.1684	0.1836	0.1080	0.1032	0.1040	0.1083	0.1161	0.1282	0.1497
1716	0.2110	0.2114	0.2094	0.2110	0.2018	0.2043	0.2036	0.2070	0.2122	0.1831	0.1822	0.1820	0.1869	0.1952	0.2052	0.1474	0.1457	0.1495	0.1572	0.1683	0.1836	0.1080	0.1033	0.1040	0.1083	0.1161	0.1281	0.1497
1717	0.2109	0.2115	0.2093	0.2110	0.2018	0.2043	0.2035	0.2070	0.2122	0.1830	0.1822	0.1819	0.1869	0.1952	0.2052	0.1474	0.1457	0.1494	0.1572	0.1682	0.1836	0.1080	0.1032	0.1039	0.1082	0.1160	0.1279	0.1496
1718	0.2108	0.2115	0.2092	0.2111	0.2018	0.2043	0.2034	0.2069	0.2122	0.1830	0.1821	0.1818	0.1870	0.1952	0.2052	0.1473	0.1458	0.1494	0.1571	0.1682	0.1835	0.1082	0.1030	0.1038	0.1081	0.1159	0.1278	0.1495
1719	0.2107	0.2114	0.2091	0.2111	0.2018	0.2042	0.2034	0.2069	0.2121	0.1830	0.1821	0.1818	0.1870	0.1952	0.2053	0.1473	0.1457	0.1495	0.1571	0.1680	0.1835	0.1082	0.1030	0.1038	0.1080	0.1158	0.1280	0.1496
1720	0.2106	0.2112	0.2091	0.2111	0.2018	0.2041	0.2033	0.2068	0.2121	0.1830	0.1821	0.1818	0.1870	0.1953	0.2054	0.1472	0.1456	0.1496	0.1571	0.1679	0.1835	0.1081	0.1029	0.1038	0.1079	0.1157	0.1282	0.1497
1721	0.2107	0.2109	0.2089	0.2108	0.2017	0.2042	0.2033	0.2067	0.2121	0.1828	0.1821	0.1817	0.1870	0.1952	0.2054	0.1473	0.1455	0.1495	0.1569	0.1680	0.1834	0.1081	0.1029	0.1037	0.1077	0.1158	0.1281	0.1497
1722	0.2108	0.2106	0.2088	0.2106	0.2016	0.2043	0.2033	0.2066	0.2122	0.1826	0.1820	0.1815	0.1871	0.1951	0.2053	0.1474	0.1455	0.1494	0.1567	0.1681	0.1834	0.1080	0.1029	0.1036	0.1076	0.1160	0.1280	0.1497
1723	0.2106	0.2106	0.2088	0.2106	0.2016	0.2041	0.2032	0.2065	0.2121	0.1825	0.1820	0.1814	0.1869	0.1950	0.2052	0.1473	0.1454	0.1495	0.1567	0.1681	0.1832	0.1079	0.1029	0.1036	0.1077	0.1159	0.1280	0.1496
1724	0.2105	0.2107	0.2089	0.2106	0.2016	0.2040	0.2031	0.2065	0.2120	0.1823	0.1820	0.1814	0.1867	0.1950	0.2051	0.1472	0.1453	0.1495	0.1567	0.1680	0.1830	0.1079	0.1029	0.1036	0.1077	0.1158	0.1279	0.1495
1725	0.2103	0.2106	0.2089	0.2106	0.2015	0.2038	0.2030	0.2063	0.2119	0.1824	0.1819	0.1813	0.1865	0.1950	0.2049	0.1474	0.1454	0.1496	0.1565	0.1680	0.1829	0.1078	0.1029	0.1036	0.1078	0.1157	0.1280	0.1493
1726	0.2102	0.2105	0.2090	0.2106	0.2014	0.2036	0.2030	0.2060	0.2117	0.1824	0.1818	0.1812	0.1864	0.1949	0.2047	0.1475	0.1455	0.1496	0.1563	0.1679	0.1827	0.1077	0.1030	0.1036	0.1078	0.1156	0.1281	0.1491
1727	0.2101	0.2104	0.2089	0.2104	0.2014	0.2035	0.2030	0.2060	0.2115	0.1824	0.1817	0.1812	0.1863	0.1949	0.2047	0.1476	0.1453	0.1495	0.1564	0.1677	0.1827	0.1077	0.1029	0.1035	0.1077	0.1156	0.1281	0.1491
1728	0.2099	0.2104	0.2088	0.2103	0.2014	0.2035	0.2029	0.2060	0.2112	0.1823	0.1817	0.1811	0.1862	0.1948	0.2047	0.1476	0.1452	0.1494	0.1564	0.1675	0.1828	0.1076	0.1028	0.1034	0.1077	0.1157	0.1281	0.1491
1729	0.2101	0.2104	0.2087	0.2101	0.2013	0.2034	0.2029	0.2060	0.2112	0.1822	0.1818	0.1811	0.1860	0.1946	0.2046	0.1474	0.1452	0.1492	0.1563	0.1675	0.1827	0.1076	0.1027	0.1035	0.1077	0.1158	0.1279	0.1492
1730	0.2102	0.2103	0.2085	0.2100	0.2012	0.2033	0.2029	0.2061	0.2112	0.1821	0.1819	0.1811	0.1859	0.1944	0.2046	0.1472	0.1452	0.1491	0.1562	0.1674	0.1825	0.1076	0.1027	0.1035	0.1076	0.1158	0.1278	0.1493
1731	0.2099	0.2102	0.2084	0.2098	0.2010	0.2032	0.2026	0.2058	0.2112	0.1820	0.1816	0.1809	0.1858	0.1943	0.2046	0.1472	0.1450	0.1488	0.1560	0.1674	0.1824	0.1075	0.1026	0.1034	0.1075	0.1156	0.1276	0.1493
1732	0.2097	0.2101	0.2084	0.2097	0.2008	0.2031	0.2024	0.2056	0.2112	0.1818	0.1813	0.1807	0.1857	0.1943	0.2045	0.1471	0.1449	0.1486	0.1558	0.1674	0.1822	0.1074	0.1025	0.1033	0.1075	0.1155	0.1275	0.1493
1733	0.2096	0.2101	0.2082	0.2097	0.2006	0.2031	0.2023	0.2054	0.2111	0.1817	0.1813	0.1805	0.1857	0.1942	0.2043	0.1471	0.1449	0.1486	0.1558	0.1674	0.1822	0.1074	0.1025	0.1032	0.1074	0.1155	0.1276	0.1492
1734	0.2096	0.2101	0.2081	0.2097	0.2005	0.2029	0.2021	0.2052	0.2110	0.1815	0.1812	0.1804	0.1856	0.1942	0.2042	0.1470	0.1449	0.1485	0.1558	0.1673	0.1822	0.1075	0.1025	0.1031	0.1074	0.1156	0.1277	0.1492
1735	0.2095	0.2098	0.2079	0.2096	0.2005	0.2029	0.2020	0.2053	0.2108	0.1815	0.1811	0.1804	0.1855	0.1941	0.2040	0.1471	0.1446	0.1485	0.1558	0.1672	0.1821	0.1074	0.1023	0.1031	0.1073	0.1156	0.1276	0.1493
1736	0.2095	0.2095	0.2077	0.2095	0.2005	0.2028	0.2019	0.2053	0.2107	0.1814	0.1810	0.1803	0.1854	0.1940	0.2039	0.1471	0.1444	0.1483	0.1557	0.1671	0.1820	0.1074	0.1021	0.1030	0.1072	0.1155	0.1275	0.1495
1737	0.2092	0.2094	0.2076	0.2095	0.2003	0.2026	0.2017	0.2052	0.2108	0.1811	0.1810	0.1803	0.1854	0.1937	0.2038	0.1469	0.1443	0.1481	0.1556	0.1668	0.1821	0.1074	0.1023	0.1028	0.1071	0.1152	0.1272	0.1495
1738	0.2090	0.2093	0.2075	0.2093	0.2002	0.2024	0.2015	0.2051	0.2107	0.1810	0.1809	0.1802	0.1854	0.1936	0.2038	0.1467	0.1443	0.1479	0.1555	0.1667	0.1820	0.1074	0.1023	0.1026	0.1070	0.1151	0.1270	0.1495
1739	0.2091	0.2092	0.2073	0.2091	0.2001	0.2022	0.2013	0.2050	0.2105	0.1810	0.1809	0.1802	0.1853	0.1936	0.2037	0.1468	0.1442	0.1480	0.1554	0.1666	0.1819	0.1073	0.1023	0.1025	0.1067	0.1151	0.1268	0.1493
1740	0.2090	0.2091	0.2071	0.2089	0.2000	0.2021	0.2011	0.2048	0.2102	0.1810	0.1807	0.1800	0.1851	0.1935	0.2037	0.1467	0.1441	0.1481	0.1554	0.1666	0.1818	0.1071	0.1022	0.1025	0.1065	0.1151	0.1268	0.1490
1741	0.2088	0.2089	0.2070	0.2089	0.1998	0.2019	0.2010	0.2048	0.2100	0.1808	0.1804	0.1799	0.1848	0.1933	0.2035	0.1464	0.1440	0.1480	0.1555	0.1665	0.1819	0.1068	0.1019	0.1026	0.1067	0.1150	0.1268	0.1487
1742	0.2087	0.2087	0.2069	0.2088	0.1996	0.2018	0.2010	0.2046	0.2098	0.1807	0.1802	0.1797	0.1846	0.1932	0.2033	0.1462	0.1440	0.1479	0.1554	0.1665	0.1819	0.1066	0.1016	0.1026	0.1067	0.1149	0.1269	0.1485
1743	0.2086	0.2084	0.2066	0.2084	0.1994	0.2017	0.2011	0.2043	0.2097	0.1807	0.1800	0.1795	0.1846	0.1931	0.2031	0.1462	0.1440	0.1478	0.1552	0.1665	0.1817	0.1064	0.1014	0.1023	0.1066	0.1148	0.1269	0.1486
1744	0.2085	0.2083	0.2064	0.2082	0.1993	0.2015	0.2010	0.2041	0.2097	0.1807	0.1799	0.1794	0.1846	0.1929	0.2029	0.1462	0.1439	0.1477	0.1550	0.1665	0.1816	0.1064	0.1013	0.1021	0.1066	0.1147	0.1270	0.1487
1745	0.2083	0.2082	0.2064	0.2083	0.1993	0.2014	0.2007	0.2040	0.2097	0.1806	0.1797	0.1795	0.1846	0.1928	0.2028	0.1460	0.1438	0.1476	0.1549	0.1665	0.1814	0.1065	0.1011	0.1021	0.1066	0.1145	0.1271	0.1487
1746	0.2082	0.2082	0.2064	0.2082	0.1992	0.2012	0.2005	0.2039	0.2095	0.1805	0.1797	0.1794	0.1845	0.1927	0.2027	0.1458	0.1437	0.1475	0.1548	0.1663	0.1813	0.1065	0.1011	0.1021	0.1065	0.1144	0.1272	0.1487
1747	0.2081	0.2081	0.2062	0.2080	0.1991	0.2010	0.2004	0.2038	0.2094	0.1802	0.1796	0.1792	0.1843	0.1926	0.2026	0.1456	0.1435	0.1474	0.1547	0.1661	0.1812	0.1066	0.1010	0.1022	0.1064	0.1144	0.1271	0.1486
1748	0.2078	0.2080	0.2062	0.2078	0.1990	0.2009	0.2002	0.2037	0.2092	0.1801	0.1794	0.1791	0.1841	0.1925	0.2024	0.1454	0.1433	0.1473	0.1547	0.1659	0.1810	0.1065	0.1010	0.1022	0.1063	0.1143	0.1270	0.1484
1749	0.2075	0.2079	0.2061	0.2077	0.1989	0.2008	0.1999	0.2036	0.2089	0.1799	0.1792	0.1790	0.1840	0.1924	0.2022	0.1453	0.1432	0.1472	0.1547	0.1658	0.1809	0.1064	0.1012	0.1021	0.1062	0.1142	0.1269	0.1482
1750	0.2073	0.2076	0.2060	0.2077	0.1987	0.2006	0.1997	0.2033	0.2086	0.1797	0.1790	0.1789	0.1839	0.1922	0.2021	0.1451	0.1431	0.1471	0.1546	0.1658	0.1808	0.1064	0.1011	0.1019	0.1062	0.1142	0.1268	0.1480
1751	0.2072	0.2072	0.2057	0.2077	0.1986	0.2003	0.1995	0.2030	0.2084	0.1795	0.1789	0.1788	0.1839	0.1919	0.2020	0.1450	0.1431	0.1470	0.1546	0.1657	0.1807	0.1064	0.1008	0.1018	0.1062	0.1141	0.1267	0.1478
1752	0.2070	0.2070	0.2055	0.2075	0.1983	0.2002	0.1993	0.2028	0.2083	0.1794	0.1787	0.1786	0.1837	0.1917	0.2019	0.1449	0.1430	0.1468	0.1544	0.1655	0.1807	0.1063	0.1008	0.1017	0.1060	0.1139	0.1266	0.1476
1753	0.2067	0.2070	0.2053	0.2071	0.1979	0.2000	0.1992	0.2026	0.2081	0.1792	0.1785	0.1783	0.1834	0.1916	0.2019	0.1449	0.1429	0.1467	0.1541	0.1653	0.1806	0.1063	0.1009	0.1016	0.1059	0.1137	0.1263	0.1476
1754	0.2065	0.2069	0.2050	0.2068	0.1978	0.1998	0.1990	0.2024	0.2079	0.1792	0.1785	0.1781	0.1832	0.1915	0.2018	0.1449	0.1427	0.1465	0.1539	0.1652	0.1804	0.1062	0.1008	0.1017	0.1058	0.1136	0.1261	0.1477
1755	0.2063	0.2068	0.2048	0.2065	0.1978	0.1996	0.1988	0.2022	0.2077	0.1793	0.1785	0.1779	0.1829	0.1914	0.2016	0.1449	0.1425	0.1462	0.1539	0.1652	0.1803	0.1061	0.1007	0.1017	0.1057	0.1136	0.1258	0.1478
1756	0.2062	0.2067	0.2046	0.2062	0.1976	0.1994	0.1987	0.2021	0.2075	0.1792	0.1784	0.1778	0.1826	0.1913	0.2014	0.1447	0.1424	0.1460	0.1538	0.1651	0.1802	0.1059	0.1006	0.1015	0.1056	0.1136	0.1257	0.1478
1757	0.2061	0.2066	0.2045	0.2060	0.1974	0.1991	0.1986	0.2021	0.2074	0.1790	0.1783	0.1778	0.1822	0.1913	0.2013	0.1445	0.1424	0.1458	0.1537	0.1650	0.1802	0.1058	0.1005	0.1013	0.1055	0.1136	0.1256	0.1478
1758	0.2060	0.2065	0.2043	0.2059	0.1973	0.1990	0.1983	0.2020	0.2072	0.1789	0.1781	0.1777	0.1822	0.1911	0.2012	0.1444	0.1422	0.1457	0.1535	0.1648	0.1801	0.1056	0.1005	0.1011	0.1055	0.1136	0.1254	0.1476
1759	0.2060	0.2064	0.2041	0.2058	0.1972	0.1989	0.1980	0.2019	0.2072	0.1788	0.1779	0.1776	0.1823	0.1909	0.2010	0.1443	0.1418	0.1456	0.1533	0.1645	0.1799	0.1055	0.1005	0.1009	0.1054	0.1136	0.1253	0.1475
1760	0.2057	0.2062	0.2041	0.2055	0.1970	0.1987	0.1980	0.2017	0.2071	0.1787	0.1777	0.1776	0.1823	0.1908	0.2009	0.1440	0.1419	0.1456	0.1532	0.1644	0.1798	0.1055	0.1005	0.1009	0.1055	0.1136	0.1254	0.1475
1761	0.2053	0.2061	0.2040	0.2052	0.1969	0.1985	0.1979	0.2016	0.2070	0.1786	0.1775	0.1776	0.1822	0.1908	0.2008	0.1438	0.1420	0.1455	0.1532	0.1642	0.1798	0.1054	0.1004	0.1009	0.1055	0.1135	0.1254	0.1475
1762	0.2052	0.2059	0.2038	0.2052	0.1967	0.1983	0.1977	0.2015	0.2069	0.1784	0.1773	0.1773	0.1820	0.1904	0.2007	0.1435	0.1418	0.1456	0.1530	0.1640	0.1797	0.1053	0.1002	0.1009	0.1053	0.1133	0.1255	0.1474
1763	0.2052	0.2057	0.2036	0.2051	0.1966	0.1983	0.1975	0.2014	0.2068	0.1782	0.1771	0.1770	0.1818	0.1901	0.2005	0.1432	0.1416	0.1456	0.1527	0.1637	0.1794	0.1052	0.1001	0.1009	0.1051	0.1131	0.1256	0.1473
1764	0.2050	0.2056	0.2035	0.2052	0.1965	0.1980	0.1975	0.2014	0.2066	0.1781	0.1770	0.1768	0.1817	0.1900	0.2003	0.1433	0.1415	0.1454	0.1526	0.1637	0.1793	0.1051	0.0999	0.1006	0.1050	0.1131	0.1254	0.1471
1765	0.2048	0.2054	0.2034	0.2053	0.1963	0.1978	0.1975	0.2013	0.2064	0.1779	0.1768	0.1767	0.1817	0.1900	0.2000	0.1434	0.1415	0.1452	0.1526	0.1637	0.1792	0.1051	0.0998	0.1004	0.1049	0.1131	0.1252	0.1469
1766	0.2046	0.2051	0.2033	0.2049	0.1960	0.1976	0.1971	0.2012	0.2063	0.1777	0.1767	0.1765	0.1815	0.1898	0.1998	0.1434	0.1413	0.1451	0.1524	0.1635	0.1791	0.1051	0.0997	0.1002	0.1050	0.1129	0.1252	0.1468
1767	0.2044	0.2048	0.2031	0.2046	0.1958	0.1974	0.1966	0.2010	0.2061	0.1775	0.1766	0.1764	0.1814	0.1896	0.1996	0.1434	0.1411	0.1450	0.1522	0.1634	0.1792	0.1050	0.0995	0.1002	0.1051	0.1128	0.1252	0.1467
1768	0.2043	0.2047	0.2029	0.2045	0.1958	0.1975	0.1965	0.2007	0.2060	0.1774	0.1766	0.1763	0.1811	0.1895	0.1997	0.1433	0.1409	0.1448	0.1521	0.1634	0.1790	0.1049	0.0994	0.1003	0.1049	0.1127	0.1250	0.1465
1769	0.2043	0.2046	0.2028	0.2043	0.1958	0.1976	0.1964	0.2005	0.2059	0.1773	0.1766	0.1761	0.1809	0.1895	0.1997	0.1432	0.1408	0.1447	0.1520	0.1635	0.1788	0.1048	0.0994	0.1003	0.1048	0.1128	0.1248	0.1464
1770	0.2042	0.2045	0.2025	0.2042	0.1955	0.1975	0.1964	0.2003	0.2060	0.1772	0.1766	0.1759	0.1807	0.1894	0.1994	0.1431	0.1408	0.1447	0.1519	0.1633	0.1785	0.1047	0.0993	0.1004	0.1047	0.1128	0.1247	0.1464
1771	0.2040	0.2044	0.2023	0.2040	0.1952	0.1974	0.1965	0.2001	0.2060	0.1771	0.1765	0.1758	0.1806	0.1894	0.1991	0.1430	0.1407	0.1446	0.1519	0.1631	0.1783	0.1046	0.0992	0.1004	0.1047	0.1129	0.1245	0.1463
1772	0.2038	0.2043	0.2022	0.2040	0.1951	0.1972	0.1965	0.1999	0.2059	0.1770	0.1762	0.1758	0.1805	0.1892	0.1991	0.1428	0.1407	0.1442	0.1518	0.1631	0.1784	0.1045	0.0990	0.1000	0.1045	0.1128	0.1247	0.1463
1773	0.2036	0.2041	0.2021	0.2040	0.1951	0.1971	0.1963	0.1997	0.2057	0.1768	0.1761	0.1757	0.1804	0.1891	0.1991	0.1427	0.1407	0.1439	0.1517	0.1630	0.1784	0.1045	0.0989	0.0998	0.1044	0.1127	0.1247	0.1464
1774	0.2035	0.2038	0.2021	0.2039	0.1952	0.1970	0.1961	0.1997	0.2056	0.1767	0.1760	0.1757	0.1804	0.1892	0.1992	0.1425	0.1404	0.1438	0.1516	0.1629	0.1783	0.1045	0.0990	0.0999	0.1045	0.1126	0.1246	0.1464
1775	0.2034	0.2037	0.2021	0.2038	0.1952	0.1969	0.1959	0.1996	0.2054	0.1766	0.1759	0.1756	0.1804	0.1892	0.1993	0.1424	0.1402	0.1436	0.1515	0.1628	0.1782	0.1045	0.0991	0.1000	0.1046	0.1124	0.1245	0.1464
1776	0.2034	0.2038	0.2018	0.2037	0.1949	0.1969	0.1957	0.1994	0.2053	0.1765	0.1758	0.1753	0.1804	0.1890	0.1994	0.1424	0.1403	0.1436	0.1514	0.1627	0.1781	0.1044	0.0991	0.0999	0.1046	0.1122	0.1243	0.1463
1777	0.2033	0.2038	0.2017	0.2035	0.1946	0.1967	0.1956	0.1992	0.2051	0.1765	0.1757	0.1752	0.1804	0.1890	0.1993	0.1424	0.1404	0.1436	0.1514	0.1626	0.1780	0.1043	0.0992	0.0998	0.1045	0.1120	0.1242	0.1462
1778	0.2033	0.2038	0.2018	0.2033	0.1946	0.1965	0.1956	0.1992	0.2050	0.1764	0.1758	0.1754	0.1802	0.1891	0.1990	0.1423	0.1404	0.1437	0.1516	0.1626	0.1781	0.1043	0.0992	0.0999	0.1043	0.1119	0.1243	0.1464
1779	0.2032	0.2038	0.2017	0.2031	0.1946	0.1963	0.1956	0.1992	0.2048	0.1763	0.1758	0.1754	0.1801	0.1891	0.1987	0.1423	0.1405	0.1437	0.1516	0.1625	0.1781	0.1043	0.0993	0.0999	0.1042	0.1118	0.1244	0.1464
1780	0.2032	0.2037	0.2016	0.2032	0.1945	0.1962	0.1957	0.1995	0.2047	0.1762	0.1757	0.1753	0.1801	0.1890	0.1987	0.1424	0.1405	0.1438	0.1514	0.1626	0.1780	0.1042	0.0993	0.0999	0.1042	0.1118	0.1244	0.1461
1781	0.2032	0.2035	0.2015	0.2032	0.1946	0.1962	0.1958	0.1994	0.2047	0.1763	0.1756	0.1753	0.1801	0.1890	0.1987	0.1423	0.1403	0.1438	0.1513	0.1626	0.1778	0.1041	0.0992	0.0998	0.1042	0.1118	0.1244	0.1458
1782	0.2031	0.2034	0.2014	0.2033	0.1946	0.1961	0.1957	0.1992	0.2048	0.1765	0.1755	0.1753	0.1802	0.1889	0.1987	0.1422	0.1401	0.1439	0.1513	0.1626	0.1778	0.1041	0.0989	0.0998	0.1042	0.1120	0.1245	0.1456
1783	0.2032	0.2034	0.2013	0.2032	0.1947	0.1961	0.1956	0.1991	0.2047	0.1765	0.1755	0.1752	0.1801	0.1889	0.1986	0.1421	0.1400	0.1439	0.1513	0.1625	0.1777	0.1041	0.0989	0.0998	0.1041	0.1121	0.1245	0.1457
1784	0.2033	0.2034	0.2012	0.2031	0.1947	0.1962	0.1954	0.1990	0.2046	0.1764	0.1756	0.1751	0.1801	0.1889	0.1986	0.1420	0.1401	0.1440	0.1513	0.1625	0.1778	0.1041	0.0989	0.0997	0.1040	0.1121	0.1243	0.1459
1785	0.2033	0.2034	0.2012	0.2031	0.1947	0.1962	0.1953	0.1990	0.2048	0.1763	0.1756	0.1751	0.1800	0.1889	0.1985	0.1419	0.1400	0.1441	0.1513	0.1626	0.1779	0.1041	0.0989	0.0997	0.1040	0.1120	0.1242	0.1460
1786	0.2032	0.2032	0.2014	0.2031	0.1946	0.1961	0.1952	0.1993	0.2050	0.1764	0.1756	0.1751	0.1800	0.1889	0.1983	0.1418	0.1398	0.1441	0.1514	0.1626	0.1780	0.1040	0.0989	0.0998	0.1041	0.1119	0.1242	0.1461
1787	0.2031	0.2033	0.2015	0.2031	0.1945	0.1962	0.1952	0.1994	0.2050	0.1766	0.1756	0.1750	0.1802	0.1888	0.1983	0.1420	0.1398	0.1440	0.1513	0.1626	0.1780	0.1040	0.0988	0.0998	0.1041	0.1118	0.1243	0.1460
1788	0.2031	0.2034	0.2015	0.2032	0.1944	0.1965	0.1952	0.1995	0.2048	0.1767	0.1756	0.1750	0.1803	0.1887	0.1983	0.1422	0.1398	0.1440	0.1512	0.1625	0.1781	0.1041	0.0988	0.0997	0.1040	0.1118	0.1244	0.1458
1789	0.2031	0.2035	0.2015	0.2032	0.1944	0.1965	0.1952	0.1995	0.2049	0.1765	0.1757	0.1750	0.1803	0.1887	0.1982	0.1423	0.1398	0.1439	0.1512	0.1626	0.1781	0.1041	0.0988	0.0995	0.1040	0.1117	0.1242	0.1459
1790	0.2030	0.2035	0.2014	0.2032	0.1943	0.1964	0.1952	0.1994	0.2050	0.1763	0.1760	0.1752	0.1802	0.1887	0.1980	0.1423	0.1399	0.1439	0.1513	0.1627	0.1780	0.1041	0.0988	0.0992	0.1038	0.1115	0.1240	0.1461
1791	0.2032	0.2034	0.2014	0.2033	0.1942	0.1964	0.1954	0.1995	0.2051	0.1763	0.1759	0.1752	0.1802	0.1887	0.1981	0.1422	0.1400	0.1439	0.1515	0.1628	0.1779	0.1041	0.0988	0.0993	0.1038	0.1117	0.1239	0.1461
1792	0.2035	0.2033	0.2014	0.2034	0.1942	0.1964	0.1956	0.1994	0.2052	0.1764	0.1757	0.1752	0.1802	0.1887	0.1981	0.1421	0.1401	0.1439	0.1517	0.1628	0.1778	0.1042	0.0989	0.0994	0.1039	0.1120	0.1240	0.1461
1793	0.2034	0.2035	0.2015	0.2034	0.1941	0.1965	0.1957	0.1994	0.2052	0.1764	0.1758	0.1753	0.1801	0.1886	0.1982	0.1422	0.1401	0.1439	0.1516	0.1627	0.1778	0.1040	0.0989	0.0995	0.1040	0.1119	0.1240	0.1460
1794	0.2033	0.2037	0.2017	0.2035	0.1941	0.1966	0.1958	0.1994	0.2051	0.1765	0.1760	0.1754	0.1800	0.1886	0.1984	0.1424	0.1401	0.1439	0.1515	0.1627	0.1778	0.1037	0.0987	0.0995	0.1040	0.1118	0.1241	0.1457
1795	0.2032	0.2037	0.2016	0.2034	0.1943	0.1965	0.1958	0.1994	0.2051	0.1765	0.1760	0.1753	0.1799	0.1886	0.1985	0.1424	0.1399	0.1439	0.1514	0.1627	0.1778	0.1037	0.0988	0.0995	0.1042	0.1120	0.1241	0.1456
1796	0.2033	0.2037	0.2016	0.2034	0.1945	0.1965	0.1957	0.1995	0.2050	0.1765	0.1760	0.1754	0.1800	0.1887	0.1987	0.1424	0.1398	0.1439	0.1513	0.1627	0.1780	0.1037	0.0989	0.0996	0.1043	0.1121	0.1240	0.1456
1797	0.2035	0.2037	0.2018	0.2035	0.1946	0.1967	0.1958	0.1995	0.2049	0.1765	0.1760	0.1756	0.1801	0.1888	0.1988	0.1425	0.1398	0.1441	0.1514	0.1627	0.1781	0.1037	0.0990	0.0997	0.1042	0.1120	0.1242	0.1456
1798	0.2037	0.2037	0.2019	0.2035	0.1947	0.1969	0.1958	0.1994	0.2048	0.1765	0.1761	0.1758	0.1802	0.1889	0.1989	0.1426	0.1400	0.1444	0.1515	0.1626	0.1782	0.1038	0.0990	0.0998	0.1041	0.1118	0.1243	0.1457
1799	0.2036	0.2039	0.2022	0.2033	0.1950	0.1969	0.1956	0.1994	0.2051	0.1765	0.1761	0.1757	0.1802	0.1887	0.1989	0.1425	0.1401	0.1446	0.1515	0.1624	0.1783	0.1040	0.0991	0.0997	0.1040	0.1119	0.1242	0.1458
1800	0.2035	0.2040	0.2023	0.2033	0.1952	0.1969	0.1954	0.1995	0.2053	0.1765	0.1761	0.1756	0.1802	0.1886	0.1990	0.1424	0.1403	0.1446	0.1516	0.1624	0.1784	0.1041	0.0992	0.0997	0.1040	0.1121	0.1241	0.1460
1801	0.2033	0.2027	0.2041	0.2049	0.1961	0.1988	0.1964	0.2012	0.2087	0.1783	0.1763	0.1767	0.1823	0.1912	0.2053	0.1449	0.1423	0.1449	0.1538	0.1678	0.1888	0.1059	0.1015	0.1013	0.1047	0.1148	0.1287	0.1566
1802	0.2034	0.2023	0.2041	0.2053	0.1961	0.1991	0.1969	0.2013	0.2088	0.1783	0.1769	0.1765	0.1817	0.1913	0.2052	0.1450	0.1424	0.1454	0.1543	0.1681	0.1895	0.1058	0.1017	0.1020	0.1051	0.1140	0.1289	0.1565
1803	0.2040	0.2032	0.2039	0.2057	0.1969	0.1997	0.1977	0.2019	0.2102	0.1784	0.1771	0.1767	0.1820	0.1923	0.2059	0.1451	0.1424	0.1464	0.1549	0.1685	0.1896	0.1059	0.1015	0.1019	0.1051	0.1143	0.1295	0.1570
1804	0.2046	0.2041	0.2041	0.2060	0.1976	0.1998	0.1984	0.2022	0.2112	0.1791	0.1774	0.1771	0.1824	0.1924	0.2067	0.1452	0.1423	0.1470	0.1550	0.1690	0.1899	0.1058	0.1015	0.1020	0.1051	0.1150	0.1298	0.1575
1805	0.2048	0.2043	0.2035	0.2062	0.1983	0.1991	0.1988	0.2020	0.2113	0.1801	0.1784	0.1773	0.1825	0.1923	0.2069	0.1452	0.1417	0.1466	0.1546	0.1695	0.1897	0.1062	0.1019	0.1023	0.1056	0.1151	0.1295	0.1570
1806	0.2038	0.2043	0.2022	0.2061	0.1987	0.1983	0.1991	0.2019	0.2110	0.1800	0.1789	0.1772	0.1832	0.1926	0.2064	0.1454	0.1414	0.1457	0.1541	0.1695	0.1886	0.1066	0.1017	0.1022	0.1056	0.1153	0.1286	0.1562
1807	0.2032	0.2044	0.2021	0.2060	0.1988	0.1979	0.1991	0.2019	0.2105	0.1798	0.1791	0.1771	0.1839	0.1924	0.2058	0.1456	0.1417	0.1452	0.1539	0.1693	0.1880	0.1068	0.1012	0.1021	0.1055	0.1160	0.1279	0.1559
1808	0.2035	0.2045	0.2031	0.2060	0.1988	0.1984	0.1987	0.2020	0.2101	0.1797	0.1791	0.1774	0.1843	0.1921	0.2059	0.1454	0.1424	0.1449	0.1539	0.1691	0.1885	0.1073	0.1009	0.1019	0.1055	0.1166	0.1278	0.1558
1809	0.2040	0.2046	0.2040	0.2061	0.1987	0.1990	0.1983	0.2021	0.2100	0.1796	0.1788	0.1778	0.1846	0.1923	0.2062	0.1454	0.1427	0.1446	0.1541	0.1690	0.1892	0.1080	0.1009	0.1017	0.1054	0.1169	0.1280	0.1561
1810	0.2043	0.2044	0.2041	0.2061	0.1985	0.1992	0.1983	0.2022	0.2103	0.1795	0.1782	0.1779	0.1844	0.1930	0.2065	0.1461	0.1427	0.1448	0.1543	0.1683	0.1894	0.1083	0.1010	0.1015	0.1053	0.1167	0.1289	0.1567
1811	0.2046	0.2044	0.2039	0.2060	0.1985	0.1992	0.1982	0.2025	0.2104	0.1797	0.1779	0.1778	0.1840	0.1936	0.2068	0.1466	0.1427	0.1451	0.1545	0.1674	0.1893	0.1082	0.1010	0.1012	0.1053	0.1163	0.1298	0.1574
1812	0.2049	0.2048	0.2039	0.2056	0.1983	0.1991	0.1978	0.2029	0.2104	0.1801	0.1782	0.1773	0.1840	0.1938	0.2071	0.1462	0.1425	0.1455	0.1548	0.1676	0.1892	0.1083	0.1006	0.1012	0.1053	0.1157	0.1299	0.1578
1813	0.2054	0.2050	0.2040	0.2054	0.1980	0.1990	0.1974	0.2029	0.2112	0.1809	0.1784	0.1767	0.1840	0.1939	0.2067	0.1458	0.1421	0.1460	0.1553	0.1685	0.1892	0.1085	0.1005	0.1012	0.1053	0.1150	0.1300	0.1580
1814	0.2056	0.2052	0.2039	0.2057	0.1984	0.1990	0.1974	0.2025	0.2120	0.1813	0.1787	0.1763	0.1836	0.1933	0.2066	0.1457	0.1426	0.1463	0.1553	0.1695	0.1892	0.1080	0.1011	0.1017	0.1054	0.1146	0.1301	0.1577
1815	0.2055	0.2057	0.2038	0.2066	0.1987	0.1992	0.1979	0.2022	0.2119	0.1813	0.1792	0.1766	0.1838	0.1928	0.2078	0.1456	0.1430	0.1465	0.1548	0.1703	0.1900	0.1074	0.1020	0.1020	0.1052	0.1146	0.1301	0.1576
1816	0.2052	0.2063	0.2040	0.2073	0.1989	0.2000	0.1984	0.2022	0.2116	0.1810	0.1795	0.1773	0.1841	0.1924	0.2085	0.1454	0.1433	0.1466	0.1548	0.1707	0.1909	0.1067	0.1025	0.1019	0.1050	0.1146	0.1303	0.1575
1817	0.2050	0.2064	0.2044	0.2072	0.1994	0.2008	0.1986	0.2025	0.2114	0.1807	0.1798	0.1779	0.1843	0.1921	0.2085	0.1453	0.1434	0.1469	0.1552	0.1705	0.1910	0.1064	0.1022	0.1021	0.1048	0.1146	0.1305	0.1573
1818	0.2050	0.2061	0.2046	0.2068	0.1999	0.2011	0.1984	0.2028	0.2112	0.1805	0.1800	0.1784	0.1845	0.1921	0.2084	0.1453	0.1432	0.1470	0.1555	0.1702	0.1911	0.1067	0.1019	0.1026	0.1048	0.1144	0.1306	0.1569
1819	0.2057	0.2055	0.2044	0.2066	0.2001	0.2005	0.1980	0.2028	0.2111	0.1805	0.1798	0.1783	0.1844	0.1926	0.2085	0.1455	0.1437	0.1470	0.1552	0.1697	0.1915	0.1076	0.1018	0.1028	0.1049	0.1145	0.1305	0.1568
1820	0.2065	0.2052	0.2041	0.2067	0.2000	0.1999	0.1978	0.2026	0.2109	0.1803	0.1794	0.1778	0.1842	0.1932	0.2086	0.1457	0.1446	0.1470	0.1547	0.1692	0.1918	0.1083	0.1017	0.1026	0.1049	0.1146	0.1304	0.1570
1821	0.2062	0.2052	0.2040	0.2071	0.1995	0.1992	0.1980	0.2026	0.2109	0.1801	0.1790	0.1777	0.1840	0.1934	0.2088	0.1464	0.1450	0.1469	0.1540	0.1694	0.1915	0.1086	0.1019	0.1023	0.1053	0.1147	0.1300	0.1574
1822	0.2054	0.2056	0.2041	0.2073	0.1993	0.1983	0.1981	0.2028	0.2107	0.1800	0.1787	0.1784	0.1837	0.1932	0.2089	0.1470	0.1447	0.1465	0.1539	0.1702	0.1912	0.1089	0.1019	0.1019	0.1060	0.1147	0.1302	0.1576
1823	0.2055	0.2055	0.2042	0.2070	0.1995	0.1978	0.1982	0.2029	0.2109	0.1802	0.1788	0.1793	0.1834	0.1933	0.2089	0.1471	0.1442	0.1464	0.1545	0.1712	0.1910	0.1088	0.1019	0.1011	0.1062	0.1153	0.1307	0.1577
1824	0.2065	0.2051	0.2042	0.2063	0.1995	0.1976	0.1988	0.2033	0.2110	0.1812	0.1790	0.1799	0.1833	0.1939	0.2085	0.1471	0.1440	0.1470	0.1548	0.1710	0.1905	0.1080	0.1021	0.1010	0.1063	0.1163	0.1309	0.1575
1825	0.2068	0.2051	0.2043	0.2059	0.1994	0.1976	0.1996	0.2038	0.2108	0.1817	0.1790	0.1798	0.1833	0.1944	0.2079	0.1471	0.1440	0.1475	0.1552	0.1708	0.1899	0.1076	0.1020	0.1018	0.1065	0.1168	0.1308	0.1574
1826	0.2066	0.2050	0.2042	0.2060	0.1997	0.1980	0.2002	0.2038	0.2111	0.1817	0.1789	0.1790	0.1840	0.1946	0.2079	0.1468	0.1436	0.1473	0.1558	0.1713	0.1903	0.1078	0.1016	0.1026	0.1059	0.1163	0.1309	0.1576
1827	0.2061	0.2048	0.2041	0.2060	0.1998	0.1985	0.2004	0.2038	0.2113	0.1818	0.1787	0.1783	0.1845	0.1943	0.2079	0.1465	0.1432	0.1468	0.1560	0.1715	0.1909	0.1078	0.1010	0.1025	0.1051	0.1160	0.1312	0.1576
1828	0.2051	0.2051	0.2035	0.2052	0.1994	0.1987	0.1998	0.2037	0.2114	0.1815	0.1787	0.1779	0.1849	0.1939	0.2077	0.1461	0.1432	0.1464	0.1554	0.1714	0.1907	0.1071	0.1004	0.1015	0.1050	0.1158	0.1315	0.1574
1829	0.2042	0.2056	0.2028	0.2042	0.1990	0.1986	0.1988	0.2036	0.2114	0.1810	0.1787	0.1774	0.1853	0.1937	0.2075	0.1457	0.1434	0.1462	0.1548	0.1714	0.1903	0.1066	0.1000	0.1008	0.1053	0.1156	0.1315	0.1573
1830	0.2042	0.2056	0.2028	0.2041	0.1986	0.1985	0.1977	0.2036	0.2111	0.1807	0.1787	0.1771	0.1855	0.1941	0.2076	0.1458	0.1434	0.1463	0.1545	0.1713	0.1901	0.1066	0.1008	0.1012	0.1051	0.1152	0.1311	0.1576
1831	0.2044	0.2052	0.2033	0.2047	0.1980	0.1987	0.1972	0.2036	0.2107	0.1807	0.1785	0.1769	0.1854	0.1945	0.2078	0.1464	0.1431	0.1466	0.1542	0.1710	0.1900	0.1067	0.1017	0.1017	0.1045	0.1152	0.1309	0.1580
1832	0.2045	0.2050	0.2039	0.2053	0.1976	0.1983	0.1976	0.2038	0.2108	0.1813	0.1786	0.1773	0.1853	0.1949	0.2080	0.1469	0.1425	0.1472	0.1542	0.1707	0.1896	0.1067	0.1018	0.1018	0.1043	0.1156	0.1310	0.1582
1833	0.2049	0.2043	0.2038	0.2058	0.1979	0.1977	0.1984	0.2037	0.2111	0.1822	0.1790	0.1777	0.1849	0.1948	0.2078	0.1469	0.1420	0.1477	0.1546	0.1702	0.1892	0.1069	0.1015	0.1014	0.1044	0.1156	0.1310	0.1582
1834	0.2051	0.2035	0.2033	0.2061	0.1985	0.1979	0.1989	0.2033	0.2112	0.1825	0.1792	0.1776	0.1839	0.1943	0.2077	0.1468	0.1418	0.1479	0.1548	0.1698	0.1892	0.1071	0.1012	0.1012	0.1046	0.1155	0.1310	0.1584
1835	0.2045	0.2037	0.2030	0.2065	0.1987	0.1980	0.1987	0.2028	0.2110	0.1824	0.1789	0.1770	0.1833	0.1938	0.2076	0.1466	0.1420	0.1473	0.1544	0.1690	0.1898	0.1067	0.1015	0.1013	0.1052	0.1157	0.1311	0.1583
1836	0.2039	0.2039	0.2028	0.2067	0.1987	0.1979	0.1984	0.2025	0.2106	0.1824	0.1786	0.1765	0.1831	0.1934	0.2072	0.1465	0.1420	0.1469	0.1540	0.1687	0.1902	0.1062	0.1017	0.1014	0.1058	0.1156	0.1311	0.1582
1837	0.2041	0.2043	0.2027	0.2061	0.1980	0.1981	0.1977	0.2023	0.2103	0.1821	0.1785	0.1763	0.1835	0.1926	0.2066	0.1459	0.1416	0.1471	0.1543	0.1692	0.1898	0.1060	0.1016	0.1013	0.1059	0.1151	0.1315	0.1583
1838	0.2044	0.2047	0.2028	0.2053	0.1973	0.1983	0.1969	0.2021	0.2101	0.1814	0.1785	0.1763	0.1838	0.1917	0.2061	0.1451	0.1414	0.1475	0.1548	0.1694	0.1892	0.1062	0.1014	0.1012	0.1056	0.1147	0.1318	0.1583
1839	0.2042	0.2047	0.2029	0.2047	0.1969	0.1984	0.1962	0.2022	0.2095	0.1805	0.1782	0.1763	0.1835	0.1909	0.2060	0.1448	0.1417	0.1477	0.1552	0.1691	0.1884	0.1069	0.1010	0.1013	0.1049	0.1148	0.1314	0.1578
1840	0.2036	0.2044	0.2028	0.2042	0.1967	0.1984	0.1957	0.2022	0.2086	0.1798	0.1777	0.1762	0.1832	0.1904	0.2059	0.1446	0.1419	0.1476	0.1554	0.1687	0.1877	0.1073	0.1005	0.1014	0.1045	0.1149	0.1306	0.1571
1841	0.2031	0.2034	0.2021	0.2042	0.1967	0.1982	0.1955	0.2017	0.2080	0.1798	0.1771	0.1761	0.1829	0.1901	0.2058	0.1443	0.1417	0.1465	0.1551	0.1684	0.1871	0.1073	0.1002	0.1012	0.1045	0.1154	0.1298	0.1570
1842	0.2027	0.2025	0.2013	0.2044	0.1970	0.1978	0.1957	0.2013	0.2077	0.1795	0.1762	0.1757	0.1827	0.1902	0.2057	0.1444	0.1415	0.1454	0.1546	0.1684	0.1863	0.1070	0.1004	0.1008	0.1043	0.1161	0.1291	0.1570
1843	0.2023	0.2022	0.2008	0.2040	0.1969	0.1974	0.1954	0.2010	0.2080	0.1793	0.1753	0.1752	0.1822	0.1904	0.2054	0.1444	0.1412	0.1441	0.1536	0.1687	0.1858	0.1065	0.1007	0.1002	0.1040	0.1163	0.1291	0.1569
1844	0.2021	0.2017	0.2006	0.2033	0.1966	0.1966	0.1946	0.1999	0.2087	0.1793	0.1755	0.1748	0.1811	0.1911	0.2050	0.1440	0.1408	0.1435	0.1530	0.1687	0.1852	0.1058	0.1004	0.1000	0.1034	0.1159	0.1291	0.1564
1845	0.2022	0.2014	0.2001	0.2024	0.1961	0.1958	0.1941	0.1987	0.2090	0.1790	0.1755	0.1743	0.1803	0.1916	0.2047	0.1436	0.1402	0.1432	0.1527	0.1687	0.1849	0.1051	0.1002	0.0998	0.1028	0.1152	0.1288	0.1558
1846	0.2014	0.2017	0.1994	0.2016	0.1952	0.1955	0.1938	0.1980	0.2085	0.1780	0.1751	0.1739	0.1796	0.1914	0.2044	0.1434	0.1397	0.1427	0.1520	0.1682	0.1852	0.1048	0.1000	0.0998	0.1028	0.1141	0.1283	0.1553
1847	0.2005	0.2018	0.1990	0.2010	0.1944	0.1951	0.1935	0.1973	0.2078	0.1771	0.1746	0.1737	0.1790	0.1910	0.2039	0.1433	0.1390	0.1422	0.1512	0.1674	0.1853	0.1044	0.0997	0.0998	0.1029	0.1132	0.1281	0.1550
1848	0.1999	0.2006	0.1985	0.2008	0.1936	0.1942	0.1931	0.1968	0.2065	0.1766	0.1737	0.1736	0.1791	0.1901	0.2030	0.1431	0.1384	0.1421	0.1507	0.1662	0.1854	0.1034	0.0990	0.0994	0.1029	0.1133	0.1285	0.1549
1849	0.1995	0.1992	0.1977	0.2005	0.1926	0.1932	0.1928	0.1963	0.2052	0.1760	0.1727	0.1734	0.1792	0.1890	0.2022	0.1428	0.1379	0.1421	0.1503	0.1652	0.1856	0.1023	0.0985	0.0988	0.1027	0.1137	0.1290	0.1548
1850	0.1989	0.1980	0.1968	0.1994	0.1911	0.1924	0.1924	0.1959	0.2042	0.1749	0.1719	0.1724	0.1788	0.1881	0.2014	0.1424	0.1372	0.1412	0.1499	0.1647	0.1854	0.1019	0.0983	0.0984	0.1022	0.1134	0.1287	0.1541
1851	0.1983	0.1966	0.1961	0.1980	0.1897	0.1916	0.1918	0.1952	0.2034	0.1738	0.1712	0.1712	0.1780	0.1874	0.2004	0.1419	0.1361	0.1403	0.1495	0.1645	0.1848	0.1017	0.0979	0.0981	0.1018	0.1123	0.1284	0.1532
1852	0.1974	0.1957	0.1956	0.1972	0.1891	0.1905	0.1914	0.1941	0.2025	0.1730	0.1708	0.1703	0.1765	0.1868	0.1994	0.1410	0.1352	0.1399	0.1489	0.1638	0.1840	0.1013	0.0972	0.0979	0.1012	0.1111	0.1276	0.1527
1853	0.1962	0.1952	0.1949	0.1965	0.1886	0.1894	0.1912	0.1930	0.2018	0.1725	0.1705	0.1693	0.1753	0.1858	0.1985	0.1406	0.1344	0.1395	0.1486	0.1629	0.1832	0.1011	0.0966	0.0977	0.1009	0.1103	0.1265	0.1520
1854	0.1950	0.1946	0.1939	0.1958	0.1882	0.1885	0.1905	0.1920	0.2011	0.1723	0.1704	0.1681	0.1743	0.1844	0.1978	0.1402	0.1338	0.1390	0.1484	0.1623	0.1828	0.1010	0.0961	0.0972	0.1007	0.1097	0.1256	0.1515
1855	0.1935	0.1936	0.1924	0.1950	0.1876	0.1880	0.1886	0.1909	0.1999	0.1717	0.1697	0.1671	0.1730	0.1836	0.1973	0.1390	0.1334	0.1384	0.1477	0.1615	0.1823	0.1006	0.0955	0.0964	0.1002	0.1101	0.1249	0.1510
1856	0.1921	0.1926	0.1911	0.1943	0.1868	0.1872	0.1869	0.1899	0.1988	0.1709	0.1686	0.1663	0.1719	0.1828	0.1967	0.1379	0.1330	0.1378	0.1471	0.1606	0.1818	0.1002	0.0950	0.0958	0.0994	0.1104	0.1245	0.1505
1857	0.1913	0.1912	0.1900	0.1934	0.1859	0.1859	0.1857	0.1891	0.1978	0.1696	0.1669	0.1657	0.1712	0.1822	0.1956	0.1368	0.1327	0.1371	0.1461	0.1595	0.1810	0.0997	0.0946	0.0956	0.0985	0.1098	0.1243	0.1499
1858	0.1906	0.1898	0.1890	0.1924	0.1850	0.1845	0.1846	0.1882	0.1968	0.1682	0.1654	0.1650	0.1704	0.1815	0.1944	0.1358	0.1323	0.1363	0.1451	0.1585	0.1802	0.0992	0.0942	0.0951	0.0978	0.1090	0.1240	0.1494
1859	0.1895	0.1884	0.1878	0.1912	0.1837	0.1832	0.1836	0.1868	0.1958	0.1670	0.1640	0.1639	0.1694	0.1803	0.1935	0.1347	0.1313	0.1355	0.1440	0.1574	0.1788	0.0988	0.0937	0.0942	0.0973	0.1082	0.1233	0.1485
1860	0.1883	0.1871	0.1863	0.1902	0.1825	0.1820	0.1826	0.1853	0.1948	0.1659	0.1627	0.1626	0.1685	0.1787	0.1930	0.1336	0.1304	0.1350	0.1431	0.1565	0.1774	0.0985	0.0932	0.0934	0.0969	0.1075	0.1226	0.1475
1861	0.1870	0.1860	0.1846	0.1887	0.1812	0.1804	0.1818	0.1843	0.1931	0.1646	0.1615	0.1612	0.1680	0.1769	0.1917	0.1324	0.1298	0.1345	0.1421	0.1555	0.1763	0.0974	0.0926	0.0929	0.0966	0.1067	0.1217	0.1468
1862	0.1860	0.1850	0.1831	0.1870	0.1799	0.1788	0.1811	0.1837	0.1911	0.1633	0.1607	0.1599	0.1673	0.1756	0.1899	0.1315	0.1292	0.1337	0.1408	0.1546	0.1753	0.0961	0.0917	0.0920	0.0963	0.1059	0.1206	0.1462
1863	0.1846	0.1835	0.1818	0.1852	0.1782	0.1774	0.1796	0.1829	0.1893	0.1621	0.1593	0.1586	0.1658	0.1744	0.1883	0.1305	0.1280	0.1324	0.1395	0.1534	0.1738	0.0947	0.0909	0.0910	0.0957	0.1053	0.1197	0.1457
1864	0.1825	0.1818	0.1804	0.1830	0.1755	0.1760	0.1769	0.1816	0.1876	0.1608	0.1569	0.1570	0.1641	0.1728	0.1864	0.1297	0.1263	0.1305	0.1385	0.1519	0.1722	0.0935	0.0901	0.0902	0.0946	0.1047	0.1189	0.1455
1865	0.1804	0.1802	0.1786	0.1811	0.1729	0.1745	0.1743	0.1798	0.1859	0.1590	0.1545	0.1556	0.1621	0.1711	0.1844	0.1288	0.1244	0.1287	0.1373	0.1502	0.1706	0.0925	0.0890	0.0894	0.0932	0.1038	0.1182	0.1454
1866	0.1786	0.1784	0.1763	0.1792	0.1706	0.1727	0.1723	0.1773	0.1838	0.1569	0.1528	0.1543	0.1597	0.1692	0.1827	0.1273	0.1224	0.1275	0.1352	0.1485	0.1687	0.0924	0.0877	0.0888	0.0919	0.1028	0.1165	0.1446
1867	0.1767	0.1765	0.1742	0.1770	0.1684	0.1706	0.1702	0.1747	0.1818	0.1548	0.1511	0.1528	0.1575	0.1673	0.1807	0.1257	0.1204	0.1262	0.1332	0.1468	0.1669	0.0922	0.0866	0.0879	0.0907	0.1016	0.1146	0.1437
1868	0.1747	0.1739	0.1722	0.1743	0.1660	0.1678	0.1678	0.1721	0.1792	0.1525	0.1493	0.1501	0.1554	0.1653	0.1784	0.1238	0.1188	0.1246	0.1314	0.1451	0.1652	0.0911	0.0851	0.0863	0.0896	0.1002	0.1128	0.1423
1869	0.1726	0.1710	0.1701	0.1714	0.1635	0.1651	0.1652	0.1693	0.1765	0.1500	0.1476	0.1473	0.1532	0.1633	0.1761	0.1218	0.1172	0.1229	0.1297	0.1434	0.1636	0.0899	0.0835	0.0847	0.0885	0.0989	0.1112	0.1408
1870	0.1698	0.1679	0.1671	0.1685	0.1608	0.1626	0.1626	0.1663	0.1735	0.1477	0.1459	0.1447	0.1510	0.1606	0.1736	0.1198	0.1154	0.1212	0.1275	0.1417	0.1615	0.0887	0.0820	0.0837	0.0868	0.0975	0.1099	0.1388
1871	0.1669	0.1651	0.1640	0.1658	0.1577	0.1601	0.1601	0.1633	0.1704	0.1454	0.1438	0.1425	0.1490	0.1578	0.1707	0.1178	0.1138	0.1197	0.1253	0.1400	0.1594	0.0874	0.0808	0.0824	0.0850	0.0959	0.1088	0.1367
1872	0.1640	0.1624	0.1616	0.1633	0.1550	0.1571	0.1571	0.1607	0.1673	0.1429	0.1415	0.1404	0.1468	0.1555	0.1678	0.1158	0.1123	0.1180	0.1231	0.1384	0.1576	0.0856	0.0796	0.0809	0.0837	0.0943	0.1076	0.1350
1873	0.1609	0.1597	0.1591	0.1609	0.1529	0.1539	0.1540	0.1583	0.1646	0.1404	0.1392	0.1379	0.1443	0.1530	0.1655	0.1134	0.1106	0.1157	0.1210	0.1366	0.1556	0.0838	0.0786	0.0791	0.0825	0.0927	0.1061	0.1337
1874	0.1578	0.1569	0.1562	0.1583	0.1503	0.1508	0.1512	0.1558	0.1622	0.1378	0.1367	0.1353	0.1417	0.1503	0.1633	0.1112	0.1087	0.1136	0.1191	0.1347	0.1535	0.0824	0.0775	0.0772	0.0812	0.0912	0.1046	0.1322
1875	0.1544	0.1538	0.1536	0.1552	0.1475	0.1479	0.1488	0.1531	0.1598	0.1347	0.1339	0.1326	0.1394	0.1477	0.1608	0.1089	0.1064	0.1119	0.1173	0.1324	0.1513	0.0809	0.0759	0.0761	0.0798	0.0890	0.1034	0.1305
1876	0.1512	0.1508	0.1509	0.1524	0.1447	0.1451	0.1462	0.1503	0.1570	0.1319	0.1312	0.1301	0.1365	0.1451	0.1584	0.1067	0.1042	0.1100	0.1155	0.1301	0.1489	0.0794	0.0744	0.0746	0.0785	0.0868	0.1021	0.1291
1877	0.1481	0.1477	0.1474	0.1497	0.1420	0.1421	0.1432	0.1471	0.1537	0.1290	0.1281	0.1276	0.1326	0.1422	0.1561	0.1046	0.1022	0.1077	0.1134	0.1281	0.1466	0.0783	0.0727	0.0726	0.0770	0.0856	0.1001	0.1280
1878	0.1449	0.1447	0.1439	0.1470	0.1392	0.1390	0.1403	0.1439	0.1506	0.1262	0.1250	0.1251	0.1289	0.1395	0.1536	0.1024	0.1001	0.1053	0.1112	0.1260	0.1443	0.0772	0.0711	0.0706	0.0754	0.0845	0.0981	0.1267
1879	0.1418	0.1417	0.1411	0.1441	0.1362	0.1359	0.1371	0.1410	0.1478	0.1240	0.1224	0.1224	0.1265	0.1369	0.1504	0.0998	0.0973	0.1028	0.1092	0.1234	0.1421	0.0755	0.0692	0.0694	0.0740	0.0835	0.0966	0.1247
1880	0.1388	0.1386	0.1384	0.1410	0.1332	0.1329	0.1339	0.1380	0.1450	0.1219	0.1198	0.1196	0.1242	0.1343	0.1470	0.0972	0.0945	0.1002	0.1073	0.1207	0.1399	0.0738	0.0673	0.0685	0.0727	0.0825	0.0952	0.1227
1881	0.1356	0.1357	0.1353	0.1373	0.1305	0.1302	0.1303	0.1351	0.1421	0.1193	0.1171	0.1167	0.1217	0.1320	0.1442	0.0947	0.0923	0.0978	0.1054	0.1182	0.1377	0.0719	0.0656	0.0672	0.0713	0.0809	0.0935	0.1208
1882	0.1324	0.1327	0.1322	0.1336	0.1277	0.1277	0.1269	0.1322	0.1393	0.1163	0.1144	0.1135	0.1194	0.1295	0.1413	0.0923	0.0899	0.0953	0.1035	0.1157	0.1356	0.0699	0.0641	0.0655	0.0700	0.0791	0.0917	0.1188
1883	0.1294	0.1294	0.1292	0.1304	0.1249	0.1254	0.1237	0.1293	0.1363	0.1134	0.1119	0.1107	0.1171	0.1268	0.1381	0.0900	0.0877	0.0931	0.1012	0.1135	0.1334	0.0683	0.0625	0.0640	0.0685	0.0771	0.0900	0.1170
1884	0.1263	0.1260	0.1262	0.1277	0.1220	0.1231	0.1208	0.1265	0.1333	0.1108	0.1097	0.1083	0.1150	0.1240	0.1351	0.0880	0.0859	0.0911	0.0986	0.1113	0.1312	0.0668	0.0606	0.0623	0.0670	0.0753	0.0883	0.1152
1885	0.1232	0.1227	0.1231	0.1247	0.1191	0.1206	0.1182	0.1236	0.1304	0.1083	0.1072	0.1057	0.1124	0.1210	0.1322	0.0859	0.0842	0.0888	0.0960	0.1090	0.1291	0.0651	0.0591	0.0604	0.0656	0.0734	0.0868	0.1135
1886	0.1205	0.1199	0.1203	0.1216	0.1160	0.1176	0.1156	0.1208	0.1272	0.1056	0.1046	0.1034	0.1093	0.1184	0.1296	0.0838	0.0822	0.0862	0.0938	0.1065	0.1264	0.0634	0.0583	0.0589	0.0634	0.0713	0.0852	0.1116
1887	0.1180	0.1171	0.1178	0.1187	0.1129	0.1145	0.1130	0.1180	0.1243	0.1029	0.1021	0.1010	0.1065	0.1157	0.1270	0.0818	0.0801	0.0838	0.0916	0.1039	0.1239	0.0617	0.0574	0.0574	0.0613	0.0695	0.0836	0.1097
1888	0.1157	0.1145	0.1151	0.1160	0.1102	0.1118	0.1102	0.1153	0.1222	0.1006	0.0993	0.0981	0.1040	0.1127	0.1246	0.0800	0.0781	0.0814	0.0892	0.1015	0.1217	0.0601	0.0561	0.0565	0.0596	0.0682	0.0821	0.1079
1889	0.1133	0.1119	0.1122	0.1132	0.1075	0.1090	0.1073	0.1127	0.1201	0.0982	0.0965	0.0951	0.1015	0.1098	0.1220	0.0782	0.0763	0.0791	0.0870	0.0991	0.1195	0.0585	0.0547	0.0555	0.0581	0.0670	0.0807	0.1061
1890	0.1101	0.1095	0.1092	0.1104	0.1044	0.1062	0.1048	0.1098	0.1170	0.0964	0.0945	0.0933	0.0993	0.1074	0.1190	0.0765	0.0747	0.0772	0.0853	0.0971	0.1172	0.0573	0.0533	0.0545	0.0569	0.0656	0.0791	0.1043
1891	0.1066	0.1069	0.1064	0.1077	0.1011	0.1034	0.1022	0.1067	0.1137	0.0946	0.0926	0.0917	0.0973	0.1049	0.1158	0.0748	0.0731	0.0754	0.0838	0.0952	0.1149	0.0564	0.0520	0.0534	0.0557	0.0641	0.0773	0.1024
1892	0.1042	0.1046	0.1035	0.1047	0.0984	0.1006	0.1001	0.1039	0.1112	0.0923	0.0907	0.0901	0.0951	0.1027	0.1139	0.0732	0.0712	0.0743	0.0823	0.0933	0.1128	0.0549	0.0507	0.0521	0.0547	0.0627	0.0760	0.1013
1893	0.1021	0.1022	0.1008	0.1017	0.0959	0.0977	0.0981	0.1013	0.1091	0.0899	0.0889	0.0883	0.0929	0.1007	0.1122	0.0718	0.0695	0.0734	0.0805	0.0912	0.1107	0.0529	0.0495	0.0505	0.0538	0.0614	0.0750	0.1003
1894	0.0999	0.1000	0.0986	0.0993	0.0940	0.0956	0.0961	0.0992	0.1069	0.0875	0.0871	0.0863	0.0909	0.0987	0.1101	0.0705	0.0678	0.0721	0.0786	0.0897	0.1087	0.0514	0.0483	0.0491	0.0527	0.0602	0.0740	0.0990
1895	0.0980	0.0981	0.0965	0.0974	0.0930	0.0943	0.0941	0.0981	0.1048	0.0852	0.0849	0.0844	0.0890	0.0970	0.1082	0.0689	0.0662	0.0709	0.0767	0.0887	0.1072	0.0504	0.0475	0.0482	0.0518	0.0593	0.0729	0.0972
1896	0.0962	0.0960	0.0946	0.0957	0.0919	0.0928	0.0922	0.0966	0.1028	0.0831	0.0827	0.0825	0.0871	0.0952	0.1064	0.0674	0.0646	0.0697	0.0748	0.0877	0.1058	0.0495	0.0468	0.0475	0.0509	0.0588	0.0718	0.0956
1897	0.0943	0.0938	0.0931	0.0944	0.0902	0.0916	0.0907	0.0946	0.1006	0.0816	0.0809	0.0805	0.0855	0.0936	0.1044	0.0665	0.0632	0.0681	0.0734	0.0865	0.1046	0.0489	0.0459	0.0472	0.0503	0.0584	0.0706	0.0944
1898	0.0926	0.0917	0.0915	0.0929	0.0886	0.0904	0.0894	0.0927	0.0984	0.0802	0.0791	0.0788	0.0839	0.0922	0.1026	0.0656	0.0618	0.0668	0.0722	0.0851	0.1034	0.0483	0.0451	0.0469	0.0497	0.0579	0.0695	0.0932
1899	0.0918	0.0904	0.0900	0.0913	0.0875	0.0887	0.0880	0.0912	0.0968	0.0788	0.0777	0.0776	0.0825	0.0910	0.1018	0.0640	0.0608	0.0655	0.0712	0.0841	0.1016	0.0478	0.0445	0.0460	0.0485	0.0570	0.0688	0.0924
1900	0.0910	0.0891	0.0886	0.0897	0.0863	0.0868	0.0866	0.0896	0.0954	0.0774	0.0763	0.0764	0.0811	0.0896	0.1010	0.0623	0.0599	0.0642	0.0700	0.0831	0.0998	0.0473	0.0438	0.0450	0.0472	0.0562	0.0681	0.0915
1901	0.0895	0.0879	0.0868	0.0884	0.0848	0.0854	0.0853	0.0887	0.0943	0.0762	0.0752	0.0752	0.0797	0.0882	0.1002	0.0613	0.0589	0.0632	0.0691	0.0824	0.0985	0.0466	0.0429	0.0439	0.0462	0.0562	0.0673	0.0906
1902	0.0881	0.0867	0.0848	0.0872	0.0832	0.0841	0.0840	0.0879	0.0931	0.0751	0.0740	0.0740	0.0784	0.0869	0.0993	0.0606	0.0578	0.0624	0.0684	0.0817	0.0973	0.0458	0.0421	0.0429	0.0454	0.0563	0.0664	0.0898
1903	0.0868	0.0859	0.0836	0.0867	0.0815	0.0829	0.0825	0.0870	0.0919	0.0742	0.0732	0.0727	0.0774	0.0860	0.0982	0.0597	0.0570	0.0616	0.0680	0.0808	0.0967	0.0453	0.0413	0.0423	0.0447	0.0556	0.0659	0.0895
1904	0.0856	0.0854	0.0830	0.0861	0.0799	0.0819	0.0812	0.0861	0.0906	0.0733	0.0727	0.0718	0.0763	0.0851	0.0971	0.0587	0.0567	0.0609	0.0675	0.0799	0.0964	0.0449	0.0403	0.0419	0.0443	0.0546	0.0654	0.0895
1905	0.0846	0.0845	0.0825	0.0855	0.0789	0.0811	0.0803	0.0854	0.0899	0.0726	0.0719	0.0712	0.0755	0.0842	0.0960	0.0581	0.0561	0.0604	0.0669	0.0789	0.0959	0.0441	0.0397	0.0414	0.0441	0.0537	0.0648	0.0891
1906	0.0838	0.0836	0.0821	0.0847	0.0786	0.0805	0.0795	0.0849	0.0898	0.0720	0.0710	0.0708	0.0754	0.0834	0.0949	0.0578	0.0555	0.0602	0.0663	0.0779	0.0949	0.0430	0.0398	0.0409	0.0440	0.0528	0.0642	0.0886
1907	0.0829	0.0829	0.0815	0.0837	0.0783	0.0799	0.0786	0.0842	0.0896	0.0713	0.0700	0.0705	0.0753	0.0826	0.0938	0.0575	0.0551	0.0601	0.0656	0.0770	0.0940	0.0422	0.0397	0.0404	0.0438	0.0521	0.0636	0.0881
1908	0.0822	0.0823	0.0806	0.0828	0.0781	0.0795	0.0774	0.0831	0.0893	0.0705	0.0692	0.0702	0.0745	0.0818	0.0936	0.0571	0.0548	0.0595	0.0647	0.0769	0.0936	0.0423	0.0390	0.0402	0.0436	0.0518	0.0629	0.0876
1909	0.0815	0.0818	0.0798	0.0819	0.0777	0.0791	0.0764	0.0821	0.0889	0.0696	0.0686	0.0699	0.0737	0.0810	0.0933	0.0566	0.0546	0.0591	0.0638	0.0767	0.0932	0.0422	0.0384	0.0399	0.0436	0.0515	0.0622	0.0871
1910	0.0812	0.0812	0.0790	0.0810	0.0770	0.0792	0.0760	0.0809	0.0883	0.0688	0.0686	0.0692	0.0729	0.0805	0.0925	0.0560	0.0547	0.0588	0.0637	0.0764	0.0925	0.0415	0.0378	0.0395	0.0435	0.0517	0.0617	0.0870
1911	0.0808	0.0805	0.0783	0.0801	0.0762	0.0794	0.0758	0.0797	0.0877	0.0681	0.0687	0.0685	0.0722	0.0799	0.0915	0.0554	0.0547	0.0584	0.0636	0.0762	0.0918	0.0407	0.0371	0.0390	0.0432	0.0520	0.0613	0.0869
1912	0.0806	0.0794	0.0785	0.0797	0.0762	0.0788	0.0756	0.0795	0.0869	0.0678	0.0686	0.0680	0.0724	0.0790	0.0911	0.0547	0.0542	0.0576	0.0634	0.0757	0.0916	0.0405	0.0374	0.0388	0.0428	0.0515	0.0612	0.0866
1913	0.0805	0.0784	0.0787	0.0794	0.0762	0.0779	0.0754	0.0795	0.0862	0.0676	0.0685	0.0676	0.0727	0.0780	0.0907	0.0539	0.0538	0.0570	0.0631	0.0753	0.0914	0.0405	0.0378	0.0384	0.0426	0.0508	0.0611	0.0863
1914	0.0803	0.0782	0.0785	0.0795	0.0760	0.0771	0.0750	0.0793	0.0857	0.0675	0.0680	0.0672	0.0727	0.0777	0.0906	0.0537	0.0532	0.0567	0.0630	0.0746	0.0915	0.0402	0.0377	0.0385	0.0421	0.0502	0.0611	0.0861
1915	0.0800	0.0783	0.0783	0.0796	0.0756	0.0763	0.0744	0.0792	0.0852	0.0674	0.0675	0.0669	0.0725	0.0777	0.0906	0.0538	0.0524	0.0563	0.0630	0.0740	0.0914	0.0399	0.0374	0.0389	0.0415	0.0497	0.0614	0.0859
1916	0.0797	0.0782	0.0780	0.0795	0.0753	0.0759	0.0741	0.0789	0.0848	0.0673	0.0670	0.0668	0.0723	0.0778	0.0906	0.0537	0.0519	0.0559	0.0631	0.0737	0.0913	0.0400	0.0372	0.0391	0.0412	0.0493	0.0616	0.0858
1917	0.0790	0.0777	0.0778	0.0794	0.0751	0.0761	0.0742	0.0782	0.0846	0.0675	0.0670	0.0666	0.0726	0.0783	0.0908	0.0531	0.0517	0.0558	0.0632	0.0737	0.0915	0.0407	0.0370	0.0389	0.0409	0.0492	0.0614	0.0857
1918	0.0781	0.0772	0.0776	0.0792	0.0748	0.0764	0.0744	0.0779	0.0847	0.0675	0.0668	0.0662	0.0728	0.0785	0.0911	0.0526	0.0516	0.0558	0.0634	0.0738	0.0915	0.0412	0.0368	0.0387	0.0407	0.0491	0.0612	0.0856
1919	0.0778	0.0770	0.0774	0.0788	0.0746	0.0763	0.0750	0.0783	0.0852	0.0672	0.0665	0.0653	0.0722	0.0784	0.0911	0.0528	0.0520	0.0560	0.0636	0.0740	0.0911	0.0410	0.0365	0.0389	0.0409	0.0492	0.0607	0.0857
1920	0.0776	0.0768	0.0771	0.0784	0.0745	0.0761	0.0755	0.0786	0.0856	0.0670	0.0662	0.0646	0.0717	0.0784	0.0911	0.0531	0.0523	0.0561	0.0637	0.0741	0.0908	0.0408	0.0362	0.0390	0.0412	0.0492	0.0604	0.0857
1921	0.0779	0.0769	0.0767	0.0778	0.0744	0.0759	0.0756	0.0785	0.0852	0.0669	0.0659	0.0647	0.0718	0.0781	0.0908	0.0532	0.0522	0.0562	0.0635	0.0738	0.0906	0.0407	0.0364	0.0391	0.0412	0.0488	0.0604	0.0852
1922	0.0781	0.0769	0.0763	0.0772	0.0744	0.0758	0.0756	0.0785	0.0848	0.0668	0.0656	0.0649	0.0719	0.0779	0.0903	0.0534	0.0521	0.0562	0.0633	0.0733	0.0903	0.0407	0.0366	0.0392	0.0412	0.0485	0.0605	0.0847
1923	0.0783	0.0770	0.0766	0.0770	0.0749	0.0758	0.0754	0.0784	0.0844	0.0668	0.0655	0.0656	0.0720	0.0778	0.0899	0.0537	0.0519	0.0562	0.0627	0.0729	0.0900	0.0407	0.0367	0.0389	0.0414	0.0486	0.0610	0.0843
1924	0.0784	0.0771	0.0770	0.0770	0.0754	0.0759	0.0751	0.0782	0.0841	0.0669	0.0656	0.0664	0.0721	0.0778	0.0895	0.0540	0.0518	0.0563	0.0621	0.0724	0.0897	0.0408	0.0368	0.0385	0.0417	0.0489	0.0616	0.0840
1925	0.0784	0.0772	0.0770	0.0774	0.0751	0.0756	0.0750	0.0780	0.0840	0.0669	0.0661	0.0667	0.0717	0.0778	0.0895	0.0542	0.0519	0.0563	0.0617	0.0722	0.0896	0.0408	0.0367	0.0384	0.0417	0.0492	0.0617	0.0839
1926	0.0784	0.0771	0.0770	0.0777	0.0744	0.0749	0.0749	0.0778	0.0839	0.0668	0.0666	0.0668	0.0713	0.0778	0.0896	0.0542	0.0521	0.0563	0.0615	0.0720	0.0898	0.0410	0.0365	0.0384	0.0415	0.0497	0.0614	0.0837
1927	0.0783	0.0768	0.0771	0.0779	0.0742	0.0747	0.0746	0.0777	0.0839	0.0671	0.0670	0.0671	0.0713	0.0776	0.0896	0.0544	0.0524	0.0563	0.0615	0.0722	0.0901	0.0408	0.0365	0.0381	0.0414	0.0498	0.0612	0.0839
1928	0.0780	0.0765	0.0773	0.0781	0.0746	0.0749	0.0743	0.0778	0.0841	0.0674	0.0673	0.0674	0.0715	0.0776	0.0895	0.0549	0.0522	0.0561	0.0615	0.0732	0.0905	0.0406	0.0366	0.0377	0.0414	0.0495	0.0610	0.0848
1929	0.0778	0.0765	0.0772	0.0784	0.0749	0.0750	0.0744	0.0778	0.0842	0.0677	0.0673	0.0675	0.0716	0.0776	0.0896	0.0552	0.0520	0.0558	0.0614	0.0739	0.0908	0.0406	0.0367	0.0377	0.0415	0.0492	0.0609	0.0854
1930	0.0779	0.0772	0.0769	0.0789	0.0749	0.0752	0.0750	0.0781	0.0840	0.0680	0.0668	0.0669	0.0718	0.0776	0.0898	0.0548	0.0521	0.0557	0.0616	0.0736	0.0905	0.0408	0.0366	0.0383	0.0416	0.0492	0.0607	0.0858
1931	0.0778	0.0778	0.0768	0.0793	0.0749	0.0755	0.0755	0.0784	0.0838	0.0683	0.0664	0.0663	0.0721	0.0776	0.0899	0.0546	0.0522	0.0557	0.0619	0.0734	0.0903	0.0411	0.0366	0.0388	0.0416	0.0491	0.0606	0.0861
1932	0.0777	0.0779	0.0771	0.0794	0.0748	0.0757	0.0755	0.0787	0.0839	0.0681	0.0662	0.0664	0.0725	0.0781	0.0898	0.0547	0.0520	0.0558	0.0626	0.0736	0.0905	0.0411	0.0368	0.0386	0.0417	0.0491	0.0612	0.0860
1933	0.0776	0.0781	0.0773	0.0795	0.0747	0.0758	0.0754	0.0790	0.0840	0.0679	0.0661	0.0664	0.0728	0.0786	0.0898	0.0547	0.0517	0.0560	0.0633	0.0739	0.0907	0.0411	0.0370	0.0384	0.0418	0.0492	0.0618	0.0858
1934	0.0777	0.0779	0.0772	0.0796	0.0749	0.0760	0.0758	0.0789	0.0845	0.0678	0.0660	0.0666	0.0729	0.0787	0.0900	0.0546	0.0516	0.0558	0.0634	0.0744	0.0906	0.0412	0.0371	0.0381	0.0420	0.0494	0.0617	0.0856
1935	0.0777	0.0775	0.0771	0.0797	0.0751	0.0762	0.0763	0.0788	0.0851	0.0678	0.0659	0.0669	0.0731	0.0789	0.0903	0.0546	0.0516	0.0555	0.0635	0.0749	0.0905	0.0413	0.0372	0.0378	0.0422	0.0496	0.0616	0.0855
1936	0.0778	0.0779	0.0772	0.0800	0.0751	0.0765	0.0766	0.0789	0.0855	0.0679	0.0663	0.0673	0.0729	0.0789	0.0904	0.0546	0.0518	0.0557	0.0635	0.0748	0.0908	0.0414	0.0375	0.0380	0.0421	0.0500	0.0619	0.0856
1937	0.0778	0.0787	0.0773	0.0803	0.0752	0.0768	0.0768	0.0791	0.0859	0.0681	0.0668	0.0678	0.0725	0.0788	0.0904	0.0546	0.0520	0.0562	0.0636	0.0745	0.0910	0.0414	0.0377	0.0383	0.0419	0.0504	0.0623	0.0858
1938	0.0782	0.0790	0.0776	0.0804	0.0753	0.0768	0.0769	0.0797	0.0863	0.0683	0.0673	0.0684	0.0726	0.0789	0.0905	0.0547	0.0526	0.0567	0.0636	0.0745	0.0912	0.0416	0.0381	0.0384	0.0421	0.0508	0.0625	0.0859
1939	0.0786	0.0789	0.0779	0.0803	0.0756	0.0767	0.0770	0.0806	0.0866	0.0685	0.0677	0.0693	0.0731	0.0791	0.0906	0.0550	0.0534	0.0573	0.0635	0.0750	0.0914	0.0419	0.0388	0.0385	0.0423	0.0507	0.0624	0.0859
1940	0.0791	0.0788	0.0781	0.0804	0.0759	0.0765	0.0772	0.0815	0.0869	0.0689	0.0680	0.0698	0.0736	0.0793	0.0910	0.0551	0.0543	0.0575	0.0634	0.0757	0.0915	0.0421	0.0392	0.0386	0.0423	0.0507	0.0624	0.0859
1941	0.0800	0.0789	0.0783	0.0802	0.0761	0.0764	0.0774	0.0821	0.0871	0.0694	0.0677	0.0695	0.0738	0.0796	0.0917	0.0549	0.0552	0.0571	0.0634	0.0763	0.0918	0.0419	0.0392	0.0390	0.0422	0.0510	0.0623	0.0858
1942	0.0808	0.0790	0.0786	0.0800	0.0763	0.0765	0.0777	0.0825	0.0872	0.0699	0.0676	0.0693	0.0741	0.0801	0.0920	0.0547	0.0559	0.0569	0.0633	0.0767	0.0921	0.0416	0.0391	0.0393	0.0420	0.0513	0.0624	0.0858
1943	0.0811	0.0794	0.0792	0.0799	0.0765	0.0773	0.0780	0.0821	0.0874	0.0701	0.0685	0.0692	0.0746	0.0809	0.0916	0.0548	0.0555	0.0574	0.0636	0.0767	0.0923	0.0418	0.0389	0.0394	0.0419	0.0518	0.0629	0.0863
1944	0.0814	0.0798	0.0798	0.0799	0.0767	0.0782	0.0782	0.0819	0.0875	0.0702	0.0694	0.0691	0.0750	0.0816	0.0913	0.0548	0.0552	0.0579	0.0640	0.0767	0.0926	0.0420	0.0387	0.0395	0.0419	0.0522	0.0635	0.0868
1945	0.0823	0.0802	0.0802	0.0805	0.0771	0.0785	0.0788	0.0822	0.0872	0.0706	0.0698	0.0694	0.0753	0.0818	0.0917	0.0552	0.0553	0.0586	0.0644	0.0767	0.0928	0.0422	0.0390	0.0398	0.0420	0.0524	0.0637	0.0869
1946	0.0831	0.0805	0.0806	0.0812	0.0774	0.0788	0.0795	0.0825	0.0868	0.0709	0.0702	0.0697	0.0757	0.0820	0.0922	0.0555	0.0554	0.0594	0.0647	0.0767	0.0930	0.0424	0.0393	0.0402	0.0421	0.0526	0.0639	0.0870
1947	0.0834	0.0811	0.0808	0.0816	0.0778	0.0792	0.0801	0.0826	0.0870	0.0714	0.0704	0.0704	0.0755	0.0823	0.0925	0.0560	0.0553	0.0598	0.0649	0.0770	0.0933	0.0423	0.0396	0.0402	0.0430	0.0523	0.0643	0.0871
1948	0.0835	0.0817	0.0809	0.0819	0.0781	0.0796	0.0809	0.0828	0.0873	0.0718	0.0705	0.0712	0.0751	0.0827	0.0926	0.0566	0.0550	0.0603	0.0652	0.0774	0.0934	0.0421	0.0399	0.0401	0.0440	0.0517	0.0647	0.0872
1949	0.0838	0.0823	0.0812	0.0821	0.0785	0.0797	0.0812	0.0829	0.0880	0.0721	0.0705	0.0716	0.0750	0.0828	0.0931	0.0570	0.0549	0.0610	0.0654	0.0777	0.0940	0.0423	0.0403	0.0403	0.0443	0.0516	0.0650	0.0871
1950	0.0842	0.0829	0.0814	0.0823	0.0789	0.0796	0.0811	0.0829	0.0889	0.0722	0.0706	0.0715	0.0751	0.0826	0.0938	0.0572	0.0549	0.0616	0.0657	0.0777	0.0948	0.0428	0.0408	0.0407	0.0442	0.0517	0.0653	0.0869
1951	0.0845	0.0833	0.0817	0.0826	0.0795	0.0799	0.0812	0.0832	0.0896	0.0725	0.0708	0.0717	0.0754	0.0828	0.0943	0.0577	0.0552	0.0621	0.0661	0.0777	0.0953	0.0432	0.0412	0.0409	0.0443	0.0519	0.0652	0.0869
1952	0.0846	0.0835	0.0825	0.0832	0.0803	0.0808	0.0817	0.0839	0.0900	0.0730	0.0708	0.0726	0.0759	0.0833	0.0947	0.0584	0.0562	0.0624	0.0666	0.0780	0.0955	0.0439	0.0412	0.0409	0.0445	0.0523	0.0647	0.0870
1953	0.0846	0.0837	0.0832	0.0838	0.0809	0.0817	0.0822	0.0845	0.0905	0.0733	0.0711	0.0733	0.0766	0.0836	0.0953	0.0588	0.0571	0.0626	0.0669	0.0785	0.0956	0.0446	0.0411	0.0411	0.0447	0.0526	0.0642	0.0872
1954	0.0848	0.0838	0.0839	0.0844	0.0813	0.0823	0.0826	0.0847	0.0910	0.0733	0.0719	0.0735	0.0774	0.0836	0.0959	0.0589	0.0579	0.0626	0.0668	0.0791	0.0959	0.0453	0.0409	0.0418	0.0448	0.0525	0.0640	0.0879
1955	0.0850	0.0840	0.0845	0.0851	0.0816	0.0829	0.0830	0.0849	0.0917	0.0733	0.0728	0.0737	0.0782	0.0837	0.0965	0.0591	0.0586	0.0627	0.0668	0.0797	0.0961	0.0460	0.0407	0.0425	0.0449	0.0523	0.0638	0.0886
1956	0.0858	0.0845	0.0847	0.0860	0.0817	0.0834	0.0832	0.0849	0.0926	0.0743	0.0734	0.0741	0.0784	0.0847	0.0971	0.0596	0.0587	0.0629	0.0669	0.0799	0.0966	0.0461	0.0406	0.0429	0.0449	0.0526	0.0641	0.0894
1957	0.0866	0.0851	0.0848	0.0868	0.0817	0.0839	0.0835	0.0850	0.0934	0.0754	0.0740	0.0745	0.0786	0.0858	0.0977	0.0602	0.0588	0.0630	0.0670	0.0800	0.0970	0.0460	0.0404	0.0433	0.0449	0.0529	0.0644	0.0902
1958	0.0873	0.0856	0.0855	0.0872	0.0820	0.0846	0.0838	0.0860	0.0937	0.0760	0.0743	0.0750	0.0788	0.0862	0.0978	0.0606	0.0592	0.0629	0.0677	0.0802	0.0973	0.0458	0.0411	0.0432	0.0454	0.0530	0.0652	0.0907
1959	0.0881	0.0862	0.0863	0.0874	0.0821	0.0852	0.0841	0.0872	0.0939	0.0766	0.0745	0.0755	0.0791	0.0864	0.0979	0.0610	0.0595	0.0628	0.0686	0.0803	0.0976	0.0457	0.0419	0.0431	0.0460	0.0530	0.0661	0.0913
1960	0.0885	0.0863	0.0863	0.0879	0.0825	0.0854	0.0844	0.0877	0.0941	0.0771	0.0748	0.0762	0.0797	0.0867	0.0978	0.0615	0.0598	0.0626	0.0693	0.0808	0.0982	0.0459	0.0420	0.0433	0.0466	0.0534	0.0665	0.0916
1961	0.0887	0.0862	0.0861	0.0883	0.0831	0.0855	0.0847	0.0879	0.0944	0.0775	0.0753	0.0770	0.0805	0.0868	0.0974	0.0619	0.0600	0.0624	0.0699	0.0815	0.0990	0.0462	0.0418	0.0435	0.0471	0.0539	0.0668	0.0918
1962	0.0888	0.0867	0.0864	0.0889	0.0839	0.0857	0.0851	0.0881	0.0948	0.0779	0.0758	0.0776	0.0811	0.0871	0.0976	0.0623	0.0603	0.0627	0.0700	0.0823	0.0996	0.0463	0.0419	0.0437	0.0475	0.0545	0.0673	0.0920
1963	0.0889	0.0875	0.0873	0.0896	0.0848	0.0860	0.0855	0.0886	0.0953	0.0782	0.0761	0.0780	0.0814	0.0876	0.0986	0.0629	0.0605	0.0632	0.0696	0.0832	0.1001	0.0463	0.0424	0.0438	0.0476	0.0551	0.0679	0.0920
1964	0.0892	0.0883	0.0879	0.0902	0.0856	0.0864	0.0860	0.0892	0.0960	0.0786	0.0765	0.0783	0.0816	0.0883	0.0995	0.0634	0.0607	0.0637	0.0695	0.0838	0.1006	0.0464	0.0429	0.0439	0.0475	0.0555	0.0683	0.0921
1965	0.0899	0.0889	0.0879	0.0907	0.0860	0.0870	0.0865	0.0897	0.0965	0.0791	0.0770	0.0786	0.0813	0.0891	0.1001	0.0637	0.0608	0.0645	0.0697	0.0840	0.1013	0.0466	0.0435	0.0440	0.0472	0.0558	0.0685	0.0924
1966	0.0905	0.0895	0.0879	0.0912	0.0864	0.0877	0.0871	0.0902	0.0970	0.0796	0.0774	0.0787	0.0812	0.0898	0.1007	0.0640	0.0610	0.0653	0.0700	0.0842	0.1020	0.0469	0.0442	0.0442	0.0470	0.0561	0.0686	0.0926
1967	0.0908	0.0903	0.0885	0.0917	0.0868	0.0888	0.0875	0.0906	0.0974	0.0797	0.0779	0.0789	0.0821	0.0903	0.1017	0.0639	0.0613	0.0658	0.0710	0.0839	0.1022	0.0474	0.0445	0.0451	0.0470	0.0562	0.0689	0.0929
1968	0.0912	0.0910	0.0890	0.0923	0.0872	0.0899	0.0880	0.0909	0.0978	0.0798	0.0784	0.0790	0.0830	0.0908	0.1027	0.0638	0.0617	0.0663	0.0720	0.0836	0.1023	0.0480	0.0448	0.0459	0.0470	0.0563	0.0691	0.0932
1969	0.0917	0.0918	0.0898	0.0926	0.0876	0.0901	0.0885	0.0918	0.0982	0.0805	0.0788	0.0793	0.0836	0.0913	0.1031	0.0641	0.0623	0.0669	0.0728	0.0838	0.1025	0.0486	0.0452	0.0459	0.0472	0.0568	0.0694	0.0935
1970	0.0921	0.0926	0.0906	0.0929	0.0880	0.0902	0.0889	0.0928	0.0985	0.0813	0.0792	0.0795	0.0842	0.0919	0.1035	0.0644	0.0629	0.0675	0.0736	0.0840	0.1028	0.0493	0.0456	0.0458	0.0476	0.0574	0.0696	0.0937
1971	0.0930	0.0933	0.0911	0.0934	0.0889	0.0903	0.0894	0.0932	0.0991	0.0817	0.0796	0.0799	0.0846	0.0930	0.1040	0.0646	0.0636	0.0680	0.0738	0.0844	0.1033	0.0491	0.0458	0.0459	0.0481	0.0577	0.0702	0.0937
1972	0.0939	0.0938	0.0915	0.0940	0.0899	0.0905	0.0900	0.0934	0.0996	0.0821	0.0799	0.0805	0.0850	0.0940	0.1045	0.0649	0.0642	0.0685	0.0739	0.0848	0.1037	0.0488	0.0459	0.0461	0.0487	0.0579	0.0709	0.0936
1973	0.0944	0.0942	0.0921	0.0946	0.0903	0.0910	0.0906	0.0938	0.1003	0.0823	0.0804	0.0812	0.0857	0.0946	0.1049	0.0652	0.0645	0.0687	0.0743	0.0855	0.1043	0.0491	0.0459	0.0460	0.0492	0.0580	0.0714	0.0940
1974	0.0947	0.0946	0.0929	0.0950	0.0902	0.0917	0.0914	0.0943	0.1011	0.0826	0.0811	0.0820	0.0864	0.0950	0.1050	0.0656	0.0647	0.0689	0.0747	0.0864	0.1050	0.0496	0.0459	0.0458	0.0497	0.0581	0.0716	0.0948
1975	0.0950	0.0952	0.0937	0.0953	0.0904	0.0924	0.0921	0.0950	0.1017	0.0828	0.0816	0.0825	0.0869	0.0953	0.1052	0.0660	0.0647	0.0690	0.0750	0.0871	0.1055	0.0500	0.0459	0.0460	0.0501	0.0583	0.0718	0.0954
1976	0.0955	0.0960	0.0945	0.0957	0.0907	0.0932	0.0925	0.0961	0.1019	0.0832	0.0819	0.0826	0.0872	0.0953	0.1054	0.0667	0.0647	0.0690	0.0751	0.0876	0.1056	0.0503	0.0458	0.0465	0.0506	0.0588	0.0720	0.0958
1977	0.0960	0.0968	0.0953	0.0961	0.0910	0.0939	0.0930	0.0970	0.1021	0.0836	0.0824	0.0828	0.0876	0.0955	0.1056	0.0674	0.0648	0.0690	0.0752	0.0880	0.1057	0.0505	0.0458	0.0470	0.0511	0.0594	0.0723	0.0962
1978	0.0963	0.0975	0.0957	0.0967	0.0912	0.0941	0.0936	0.0972	0.1024	0.0842	0.0830	0.0836	0.0882	0.0961	0.1058	0.0680	0.0652	0.0694	0.0755	0.0882	0.1059	0.0506	0.0461	0.0475	0.0516	0.0599	0.0727	0.0963
1979	0.0967	0.0982	0.0962	0.0973	0.0914	0.0944	0.0941	0.0974	0.1027	0.0847	0.0837	0.0842	0.0887	0.0967	0.1061	0.0686	0.0657	0.0698	0.0758	0.0883	0.1062	0.0508	0.0464	0.0480	0.0520	0.0604	0.0732	0.0965
1980	0.0973	0.0982	0.0964	0.0981	0.0924	0.0950	0.0948	0.0975	0.1034	0.0854	0.0841	0.0845	0.0892	0.0969	0.1071	0.0687	0.0659	0.0703	0.0764	0.0884	0.1070	0.0511	0.0467	0.0479	0.0521	0.0608	0.0732	0.0969
1981	0.0978	0.0982	0.0966	0.0988	0.0933	0.0957	0.0954	0.0976	0.1040	0.0860	0.0845	0.0848	0.0897	0.0971	0.1080	0.0688	0.0661	0.0709	0.0770	0.0885	0.1077	0.0515	0.0470	0.0479	0.0522	0.0611	0.0732	0.0972
1982	0.0986	0.0990	0.0972	0.0995	0.0944	0.0960	0.0956	0.0980	0.1045	0.0868	0.0851	0.0852	0.0902	0.0977	0.1090	0.0693	0.0664	0.0715	0.0776	0.0894	0.1080	0.0516	0.0475	0.0486	0.0525	0.0612	0.0736	0.0973
1983	0.0993	0.0999	0.0978	0.1001	0.0954	0.0964	0.0958	0.0984	0.1049	0.0875	0.0858	0.0857	0.0909	0.0984	0.1099	0.0699	0.0667	0.0721	0.0783	0.0903	0.1082	0.0518	0.0480	0.0494	0.0528	0.0612	0.0740	0.0975
1984	0.1004	0.1003	0.0984	0.1009	0.0964	0.0973	0.0966	0.0989	0.1057	0.0881	0.0863	0.0860	0.0914	0.0985	0.1105	0.0706	0.0673	0.0726	0.0788	0.0909	0.1087	0.0520	0.0482	0.0497	0.0528	0.0613	0.0745	0.0981
1985	0.1016	0.1006	0.0990	0.1017	0.0975	0.0984	0.0978	0.0994	0.1066	0.0886	0.0866	0.0862	0.0919	0.0986	0.1111	0.0714	0.0681	0.0731	0.0793	0.0914	0.1092	0.0523	0.0483	0.0497	0.0528	0.0613	0.0751	0.0988
1986	0.1023	0.1009	0.0995	0.1024	0.0981	0.0991	0.0987	0.0999	0.1077	0.0892	0.0871	0.0866	0.0925	0.0989	0.1119	0.0721	0.0688	0.0735	0.0797	0.0919	0.1099	0.0525	0.0482	0.0501	0.0530	0.0613	0.0754	0.0995
1987	0.1024	0.1013	0.1000	0.1030	0.0983	0.0995	0.0995	0.1004	0.1089	0.0900	0.0878	0.0871	0.0932	0.0994	0.1128	0.0729	0.0694	0.0739	0.0800	0.0924	0.1106	0.0526	0.0481	0.0509	0.0533	0.0614	0.0753	0.1002
1988	0.1027	0.1018	0.1005	0.1034	0.0988	0.0997	0.1001	0.1011	0.1097	0.0906	0.0882	0.0878	0.0936	0.1000	0.1136	0.0734	0.0698	0.0741	0.0801	0.0929	0.1111	0.0530	0.0482	0.0512	0.0537	0.0617	0.0755	0.1008
1989	0.1030	0.1026	0.1013	0.1034	0.0995	0.0997	0.1004	0.1020	0.1100	0.0910	0.0883	0.0887	0.0938	0.1009	0.1144	0.0735	0.0697	0.0743	0.0802	0.0933	0.1115	0.0535	0.0487	0.0510	0.0544	0.0622	0.0760	0.1013
1990	0.1034	0.1033	0.1022	0.1035	0.1001	0.0998	0.1007	0.1029	0.1104	0.0915	0.0885	0.0895	0.0941	0.1018	0.1151	0.0738	0.0698	0.0746	0.0805	0.0936	0.1119	0.0541	0.0493	0.0510	0.0551	0.0626	0.0765	0.1016
1991	0.1037	0.1039	0.1033	0.1039	0.1004	0.1001	0.1010	0.1037	0.1110	0.0919	0.0890	0.0899	0.0949	0.1029	0.1154	0.0742	0.0706	0.0756	0.0815	0.0938	0.1122	0.0550	0.0500	0.0516	0.0559	0.0627	0.0763	0.1018
1992	0.1041	0.1045	0.1045	0.1042	0.1008	0.1005	0.1013	0.1044	0.1117	0.0923	0.0896	0.0902	0.0957	0.1040	0.1157	0.0746	0.0713	0.0765	0.0825	0.0940	0.1125	0.0557	0.0507	0.0522	0.0566	0.0628	0.0762	0.1019
1993	0.1045	0.1051	0.1053	0.1047	0.1016	0.1017	0.1017	0.1051	0.1124	0.0927	0.0899	0.0905	0.0962	0.1043	0.1162	0.0743	0.0720	0.0764	0.0829	0.0943	0.1134	0.0563	0.0512	0.0524	0.0566	0.0631	0.0767	0.1019
1994	0.1049	0.1058	0.1062	0.1052	0.1025	0.1028	0.1021	0.1059	0.1131	0.0930	0.0902	0.0907	0.0968	0.1046	0.1167	0.0739	0.0728	0.0763	0.0833	0.0946	0.1142	0.0569	0.0518	0.0526	0.0566	0.0635	0.0773	0.1018
1995	0.1055	0.1064	0.1065	0.1063	0.1034	0.1038	0.1028	0.1067	0.1138	0.0936	0.0907	0.0911	0.0976	0.1050	0.1174	0.0742	0.0729	0.0767	0.0828	0.0952	0.1147	0.0567	0.0522	0.0529	0.0567	0.0640	0.0781	0.1019
1996	0.1060	0.1070	0.1068	0.1075	0.1044	0.1048	0.1037	0.1076	0.1146	0.0942	0.0913	0.0916	0.0985	0.1053	0.1181	0.0745	0.0730	0.0773	0.0823	0.0958	0.1152	0.0564	0.0527	0.0532	0.0567	0.0645	0.0789	0.1021
1997	0.1067	0.1076	0.1071	0.1084	0.1051	0.1055	0.1042	0.1084	0.1152	0.0947	0.0918	0.0923	0.0990	0.1058	0.1187	0.0752	0.0736	0.0777	0.0830	0.0964	0.1160	0.0566	0.0533	0.0533	0.0567	0.0651	0.0793	0.1028
1998	0.1074	0.1082	0.1073	0.1091	0.1057	0.1061	0.1046	0.1093	0.1157	0.0952	0.0924	0.0930	0.0993	0.1064	0.1193	0.0761	0.0744	0.0780	0.0841	0.0970	0.1168	0.0568	0.0539	0.0533	0.0567	0.0658	0.0796	0.1036
1999	0.1084	0.1089	0.1078	0.1098	0.1061	0.1063	0.1053	0.1098	0.1162	0.0957	0.0933	0.0936	0.0995	0.1070	0.1200	0.0766	0.0750	0.0782	0.0852	0.0975	0.1172	0.0573	0.0539	0.0534	0.0568	0.0662	0.0796	0.1041
2000	0.1098	0.1098	0.1085	0.1106	0.1064	0.1062	0.1062	0.1100	0.1168	0.0963	0.0943	0.0941	0.0997	0.1078	0.1206	0.0768	0.0756	0.0784	0.0864	0.0979	0.1172	0.0579	0.0533	0.0537	0.0571	0.0664	0.0795	0.1044
2001	0.1110	0.1106	0.1092	0.1113	0.1068	0.1065	0.1071	0.1104	0.1174	0.0969	0.0950	0.0943	0.1000	0.1084	0.1211	0.0772	0.0759	0.0785	0.0873	0.0986	0.1173	0.0585	0.0530	0.0540	0.0573	0.0666	0.0796	0.1046
2002	0.1119	0.1112	0.1099	0.1120	0.1075	0.1074	0.1079	0.1109	0.1180	0.0975	0.0952	0.0941	0.1004	0.1088	0.1215	0.0780	0.0761	0.0786	0.0877	0.0996	0.1175	0.0589	0.0534	0.0543	0.0573	0.0667	0.0798	0.1047
2003	0.1126	0.1118	0.1107	0.1126	0.1080	0.1082	0.1086	0.1115	0.1187	0.0981	0.0954	0.0941	0.1010	0.1093	0.1219	0.0786	0.0763	0.0788	0.0880	0.1005	0.1178	0.0593	0.0537	0.0546	0.0576	0.0668	0.0801	0.1049
2004	0.1124	0.1120	0.1114	0.1130	0.1083	0.1090	0.1091	0.1125	0.1193	0.0986	0.0955	0.0949	0.1017	0.1098	0.1221	0.0788	0.0768	0.0794	0.0879	0.1013	0.1188	0.0596	0.0541	0.0547	0.0587	0.0667	0.0805	0.1055
2005	0.1124	0.1124	0.1120	0.1134	0.1086	0.1098	0.1096	0.1134	0.1199	0.0990	0.0958	0.0957	0.1024	0.1104	0.1223	0.0791	0.0772	0.0800	0.0879	0.1019	0.1197	0.0598	0.0545	0.0549	0.0597	0.0666	0.0810	0.1062
2006	0.1129	0.1134	0.1125	0.1139	0.1091	0.1106	0.1097	0.1137	0.1204	0.0993	0.0965	0.0965	0.1026	0.1110	0.1233	0.0793	0.0773	0.0807	0.0880	0.1022	0.1207	0.0603	0.0548	0.0553	0.0600	0.0670	0.0814	0.1070
2007	0.1134	0.1145	0.1129	0.1143	0.1096	0.1114	0.1098	0.1140	0.1209	0.0995	0.0972	0.0974	0.1028	0.1116	0.1242	0.0795	0.0773	0.0815	0.0882	0.1024	0.1217	0.0607	0.0552	0.0558	0.0603	0.0673	0.0818	0.1078
2008	0.1142	0.1153	0.1132	0.1151	0.1103	0.1115	0.1100	0.1150	0.1217	0.1003	0.0979	0.0980	0.1036	0.1124	0.1250	0.0802	0.0776	0.0823	0.0886	0.1024	0.1221	0.0612	0.0557	0.0559	0.0602	0.0681	0.0820	0.1081
2009	0.1151	0.1160	0.1135	0.1158	0.1109	0.1114	0.1102	0.1161	0.1225	0.1011	0.0985	0.0986	0.1044	0.1133	0.1257	0.0810	0.0779	0.0831	0.0890	0.1024	0.1225	0.0617	0.0561	0.0560	0.0602	0.0689	0.0821	0.1084
2010	0.1158	0.1167	0.1144	0.1163	0.1115	0.1119	0.1112	0.1165	0.1232	0.1022	0.0990	0.0992	0.1054	0.1139	0.1259	0.0817	0.0785	0.0838	0.0895	0.1031	0.1227	0.0617	0.0566	0.0564	0.0601	0.0697	0.0830	0.1087
2011	0.1164	0.1174	0.1155	0.1166	0.1120	0.1124	0.1123	0.1168	0.1238	0.1035	0.0995	0.0998	0.1065	0.1144	0.1258	0.0823	0.0791	0.0844	0.0901	0.1041	0.1228	0.0617	0.0571	0.0570	0.0600	0.0705	0.0841	0.1091
2012	0.1171	0.1178	0.1162	0.1171	0.1127	0.1130	0.1132	0.1170	0.1243	0.1046	0.1002	0.1001	0.1073	0.1148	0.1263	0.0829	0.0799	0.0852	0.0907	0.1047	0.1228	0.0619	0.0575	0.0578	0.0603	0.0708	0.0844	0.1093
2013	0.1178	0.1181	0.1166	0.1176	0.1133	0.1135	0.1139	0.1172	0.1250	0.1055	0.1010	0.1002	0.1080	0.1152	0.1273	0.0836	0.0808	0.0860	0.0914	0.1050	0.1228	0.0623	0.0579	0.0589	0.0610	0.0709	0.0841	0.1093
2014	0.1185	0.1182	0.1173	0.1181	0.1139	0.1142	0.1145	0.1175	0.1255	0.1059	0.1017	0.1003	0.1086	0.1155	0.1283	0.0838	0.0813	0.0866	0.0920	0.1054	0.1230	0.0627	0.0580	0.0594	0.0616	0.0709	0.0839	0.1094
2015	0.1192	0.1180	0.1183	0.1187	0.1143	0.1151	0.1148	0.1182	0.1260	0.1058	0.1024	0.1005	0.1090	0.1158	0.1293	0.0835	0.0812	0.0868	0.0923	0.1058	0.1235	0.0631	0.0581	0.0593	0.0623	0.0709	0.0839	0.1095
2016	0.1198	0.1181	0.1192	0.1194	0.1148	0.1160	0.1151	0.1189	0.1266	0.1059	0.1032	0.1010	0.1094	0.1161	0.1300	0.0836	0.0811	0.0870	0.0926	0.1061	0.1239	0.0633	0.0581	0.0592	0.0628	0.0710	0.0840	0.1097
2017	0.1200	0.1191	0.1197	0.1203	0.1155	0.1167	0.1153	0.1202	0.1278	0.1063	0.1043	0.1022	0.1098	0.1164	0.1299	0.0848	0.0809	0.0873	0.0930	0.1066	0.1245	0.0631	0.0582	0.0593	0.0630	0.0711	0.0845	0.1099
2018	0.1204	0.1201	0.1202	0.1211	0.1162	0.1174	0.1156	0.1214	0.1288	0.1068	0.1054	0.1034	0.1103	0.1167	0.1299	0.0859	0.0808	0.0877	0.0934	0.1071	0.1251	0.0630	0.0584	0.0595	0.0633	0.0714	0.0851	0.1101
2019	0.1212	0.1209	0.1201	0.1218	0.1163	0.1178	0.1168	0.1217	0.1289	0.1070	0.1057	0.1044	0.1111	0.1176	0.1306	0.0866	0.0815	0.0882	0.0944	0.1077	0.1258	0.0642	0.0584	0.0599	0.0640	0.0725	0.0865	0.1110
2020	0.1221	0.1218	0.1200	0.1225	0.1165	0.1181	0.1180	0.1221	0.1289	0.1072	0.1060	0.1054	0.1119	0.1184	0.1312	0.0873	0.0821	0.0887	0.0954	0.1084	0.1265	0.0654	0.0585	0.0603	0.0648	0.0735	0.0878	0.1119
2021	0.1233	0.1229	0.1206	0.1231	0.1169	0.1188	0.1187	0.1227	0.1294	0.1074	0.1064	0.1056	0.1120	0.1191	0.1318	0.0878	0.0828	0.0889	0.0956	0.1091	0.1272	0.0659	0.0589	0.0604	0.0652	0.0741	0.0884	0.1126
2022	0.1245	0.1241	0.1212	0.1237	0.1174	0.1195	0.1194	0.1232	0.1298	0.1075	0.1067	0.1057	0.1120	0.1197	0.1323	0.0883	0.0835	0.0891	0.0958	0.1098	0.1279	0.0663	0.0593	0.0605	0.0656	0.0747	0.0891	0.1132
2023	0.1252	0.1245	0.1221	0.1240	0.1181	0.1202	0.1201	0.1238	0.1305	0.1081	0.1073	0.1063	0.1125	0.1205	0.1328	0.0882	0.0840	0.0892	0.0962	0.1098	0.1282	0.0662	0.0603	0.0611	0.0661	0.0749	0.0891	0.1132
2024	0.1258	0.1249	0.1230	0.1242	0.1190	0.1209	0.1208	0.1243	0.1312	0.1088	0.1078	0.1070	0.1131	0.1214	0.1333	0.0878	0.0846	0.0892	0.0966	0.1097	0.1284	0.0660	0.0614	0.0617	0.0666	0.0750	0.0890	0.1131
2025	0.1263	0.1254	0.1240	0.1248	0.1199	0.1217	0.1215	0.1248	0.1317	0.1093	0.1082	0.1075	0.1135	0.1218	0.1339	0.0881	0.0856	0.0898	0.0971	0.1098	0.1287	0.0664	0.0619	0.0620	0.0664	0.0750	0.0892	0.1132
2026	0.1266	0.1259	0.1249	0.1255	0.1210	0.1225	0.1221	0.1253	0.1320	0.1098	0.1085	0.1080	0.1136	0.1220	0.1346	0.0888	0.0870	0.0906	0.0977	0.1101	0.1292	0.0671	0.0622	0.0621	0.0659	0.0749	0.0896	0.1135
2027	0.1271	0.1264	0.1254	0.1265	0.1218	0.1232	0.1228	0.1257	0.1325	0.1102	0.1090	0.1085	0.1139	0.1225	0.1352	0.0894	0.0878	0.0913	0.0981	0.1104	0.1294	0.0675	0.0626	0.0624	0.0655	0.0747	0.0900	0.1138
2028	0.1278	0.1267	0.1256	0.1276	0.1225	0.1237	0.1235	0.1258	0.1333	0.1106	0.1095	0.1090	0.1143	0.1234	0.1356	0.0901	0.0882	0.0920	0.0984	0.1106	0.1294	0.0677	0.0633	0.0629	0.0653	0.0745	0.0903	0.1140
2029	0.1284	0.1272	0.1260	0.1284	0.1229	0.1243	0.1240	0.1262	0.1339	0.1112	0.1100	0.1095	0.1149	0.1241	0.1359	0.0906	0.0883	0.0926	0.0989	0.1109	0.1296	0.0678	0.0638	0.0633	0.0655	0.0745	0.0907	0.1143
2030	0.1290	0.1280	0.1264	0.1285	0.1231	0.1247	0.1243	0.1269	0.1344	0.1120	0.1105	0.1101	0.1158	0.1246	0.1362	0.0908	0.0880	0.0930	0.0997	0.1116	0.1303	0.0678	0.0642	0.0638	0.0662	0.0751	0.0911	0.1147
2031	0.1297	0.1288	0.1269	0.1287	0.1234	0.1253	0.1247	0.1276	0.1349	0.1127	0.1111	0.1107	0.1166	0.1251	0.1365	0.0909	0.0880	0.0934	0.1003	0.1123	0.1310	0.0680	0.0646	0.0641	0.0668	0.0757	0.0915	0.1151
2032	0.1306	0.1294	0.1274	0.1292	0.1239	0.1265	0.1254	0.1282	0.1354	0.1125	0.1119	0.1114	0.1172	0.1256	0.1370	0.0912	0.0891	0.0937	0.1006	0.1132	0.1314	0.0684	0.0652	0.0643	0.0675	0.0765	0.0914	0.1156
2033	0.1315	0.1301	0.1280	0.1298	0.1244	0.1276	0.1261	0.1288	0.1359	0.1125	0.1128	0.1120	0.1178	0.1260	0.1373	0.0914	0.0902	0.0940	0.1010	0.1141	0.1318	0.0688	0.0657	0.0645	0.0682	0.0772	0.0913	0.1161
2034	0.1313	0.1307	0.1282	0.1305	0.1247	0.1276	0.1269	0.1294	0.1374	0.1140	0.1134	0.1122	0.1184	0.1265	0.1382	0.0918	0.0909	0.0940	0.1015	0.1148	0.1322	0.0686	0.0654	0.0648	0.0684	0.0775	0.0919	0.1168
2035	0.1312	0.1313	0.1284	0.1313	0.1250	0.1277	0.1276	0.1300	0.1389	0.1155	0.1141	0.1124	0.1190	0.1271	0.1390	0.0921	0.0916	0.0940	0.1020	0.1155	0.1326	0.0684	0.0651	0.0651	0.0687	0.0778	0.0925	0.1174
2036	0.1319	0.1317	0.1295	0.1321	0.1255	0.1274	0.1285	0.1308	0.1397	0.1159	0.1146	0.1126	0.1194	0.1276	0.1399	0.0928	0.0916	0.0944	0.1026	0.1153	0.1327	0.0687	0.0649	0.0656	0.0689	0.0782	0.0932	0.1177
2037	0.1326	0.1321	0.1306	0.1330	0.1261	0.1270	0.1294	0.1316	0.1404	0.1161	0.1152	0.1130	0.1198	0.1281	0.1407	0.0936	0.0915	0.0948	0.1031	0.1151	0.1327	0.0692	0.0646	0.0661	0.0691	0.0785	0.0940	0.1179
2038	0.1333	0.1319	0.1315	0.1338	0.1271	0.1274	0.1293	0.1324	0.1410	0.1168	0.1156	0.1135	0.1200	0.1287	0.1415	0.0940	0.0915	0.0953	0.1038	0.1150	0.1333	0.0700	0.0645	0.0662	0.0693	0.0786	0.0938	0.1177
2039	0.1341	0.1317	0.1324	0.1345	0.1283	0.1279	0.1289	0.1332	0.1414	0.1176	0.1159	0.1140	0.1200	0.1293	0.1424	0.0943	0.0917	0.0957	0.1045	0.1150	0.1341	0.0710	0.0645	0.0662	0.0693	0.0786	0.0933	0.1175
2040	0.1347	0.1318	0.1331	0.1349	0.1285	0.1288	0.1290	0.1339	0.1416	0.1182	0.1162	0.1145	0.1204	0.1294	0.1426	0.0941	0.0916	0.0963	0.1050	0.1155	0.1347	0.0714	0.0645	0.0662	0.0693	0.0790	0.0931	0.1177
2041	0.1353	0.1322	0.1338	0.1350	0.1281	0.1298	0.1292	0.1345	0.1417	0.1188	0.1163	0.1149	0.1210	0.1294	0.1426	0.0938	0.0914	0.0971	0.1052	0.1162	0.1351	0.0716	0.0645	0.0662	0.0693	0.0795	0.0933	0.1181
2042	0.1358	0.1328	0.1343	0.1353	0.1280	0.1306	0.1297	0.1351	0.1418	0.1196	0.1162	0.1155	0.1215	0.1295	0.1429	0.0939	0.0914	0.0976	0.1054	0.1169	0.1356	0.0719	0.0647	0.0664	0.0694	0.0798	0.0935	0.1186
2043	0.1362	0.1337	0.1347	0.1358	0.1284	0.1312	0.1303	0.1356	0.1420	0.1208	0.1159	0.1163	0.1220	0.1300	0.1439	0.0947	0.0918	0.0977	0.1057	0.1176	0.1362	0.0721	0.0653	0.0668	0.0697	0.0799	0.0934	0.1190
2044	0.1365	0.1344	0.1351	0.1362	0.1289	0.1318	0.1308	0.1360	0.1421	0.1216	0.1160	0.1172	0.1224	0.1305	0.1449	0.0953	0.0923	0.0979	0.1060	0.1184	0.1369	0.0723	0.0660	0.0673	0.0701	0.0802	0.0935	0.1195
2045	0.1369	0.1351	0.1355	0.1368	0.1295	0.1324	0.1311	0.1367	0.1422	0.1218	0.1169	0.1184	0.1229	0.1312	0.1458	0.0952	0.0931	0.0980	0.1063	0.1192	0.1374	0.0727	0.0666	0.0680	0.0707	0.0810	0.0941	0.1203
2046	0.1373	0.1357	0.1358	0.1375	0.1300	0.1329	0.1315	0.1374	0.1425	0.1220	0.1177	0.1194	0.1234	0.1320	0.1467	0.0954	0.0937	0.0981	0.1066	0.1199	0.1379	0.0732	0.0672	0.0685	0.0713	0.0819	0.0946	0.1209
2047	0.1376	0.1361	0.1359	0.1382	0.1306	0.1330	0.1318	0.1376	0.1436	0.1227	0.1184	0.1196	0.1239	0.1327	0.1472	0.0963	0.0942	0.0988	0.1064	0.1202	0.1386	0.0740	0.0673	0.0684	0.0718	0.0827	0.0950	0.1211
2048	0.1380	0.1365	0.1360	0.1389	0.1313	0.1332	0.1323	0.1378	0.1448	0.1234	0.1190	0.1198	0.1245	0.1335	0.1477	0.0971	0.0947	0.0994	0.1062	0.1205	0.1394	0.0748	0.0675	0.0684	0.0722	0.0834	0.0955	0.1214
2049	0.1392	0.1372	0.1366	0.1392	0.1322	0.1342	0.1327	0.1388	0.1456	0.1238	0.1197	0.1201	0.1252	0.1337	0.1478	0.0979	0.0952	0.0999	0.1069	0.1208	0.1401	0.0750	0.0681	0.0688	0.0729	0.0834	0.0963	0.1221
2050	0.1405	0.1380	0.1372	0.1396	0.1332	0.1353	0.1330	0.1398	0.1464	0.1241	0.1204	0.1203	0.1259	0.1339	0.1480	0.0986	0.0958	0.1004	0.1078	0.1210	0.1408	0.0753	0.0686	0.0692	0.0735	0.0833	0.0971	0.1229
2051	0.1409	0.1390	0.1375	0.1400	0.1341	0.1360	0.1340	0.1402	0.1469	0.1245	0.1213	0.1210	0.1267	0.1348	0.1483	0.0987	0.0964	0.1007	0.1086	0.1212	0.1415	0.0752	0.0687	0.0695	0.0737	0.0833	0.0977	0.1229
2052	0.1413	0.1401	0.1378	0.1405	0.1350	0.1366	0.1351	0.1406	0.1473	0.1249	0.1221	0.1217	0.1274	0.1358	0.1488	0.0987	0.0971	0.1010	0.1095	0.1213	0.1423	0.0751	0.0687	0.0699	0.0737	0.0833	0.0983	0.1228
2053	0.1419	0.1411	0.1386	0.1411	0.1359	0.1375	0.1356	0.1407	0.1481	0.1254	0.1225	0.1224	0.1278	0.1364	0.1494	0.0989	0.0978	0.1010	0.1098	0.1215	0.1429	0.0751	0.0689	0.0702	0.0739	0.0832	0.0984	0.1233
2054	0.1424	0.1420	0.1396	0.1417	0.1367	0.1386	0.1360	0.1404	0.1489	0.1260	0.1228	0.1231	0.1282	0.1369	0.1501	0.0992	0.0985	0.1009	0.1098	0.1217	0.1435	0.0751	0.0692	0.0704	0.0742	0.0831	0.0983	0.1240
2055	0.1430	0.1424	0.1402	0.1424	0.1374	0.1394	0.1363	0.1405	0.1497	0.1265	0.1231	0.1233	0.1283	0.1374	0.1506	0.0995	0.0991	0.1013	0.1099	0.1219	0.1439	0.0749	0.0695	0.0706	0.0744	0.0833	0.0982	0.1247
2056	0.1437	0.1427	0.1407	0.1432	0.1380	0.1400	0.1366	0.1408	0.1502	0.1268	0.1236	0.1231	0.1283	0.1380	0.1510	0.0998	0.0995	0.1021	0.1101	0.1223	0.1440	0.0745	0.0697	0.0708	0.0746	0.0838	0.0980	0.1251
2057	0.1439	0.1431	0.1412	0.1439	0.1384	0.1404	0.1373	0.1412	0.1506	0.1270	0.1240	0.1232	0.1285	0.1386	0.1515	0.1004	0.0998	0.1030	0.1103	0.1229	0.1442	0.0743	0.0701	0.0711	0.0749	0.0845	0.0982	0.1256
2058	0.1437	0.1437	0.1416	0.1451	0.1386	0.1406	0.1384	0.1419	0.1507	0.1270	0.1244	0.1235	0.1290	0.1392	0.1520	0.1011	0.0997	0.1039	0.1104	0.1234	0.1446	0.0746	0.0707	0.0716	0.0753	0.0853	0.0989	0.1260
2059	0.1437	0.1443	0.1420	0.1460	0.1389	0.1406	0.1394	0.1425	0.1510	0.1272	0.1248	0.1240	0.1294	0.1398	0.1527	0.1018	0.0997	0.1048	0.1105	0.1238	0.1451	0.0750	0.0712	0.0721	0.0755	0.0857	0.0997	0.1262
2060	0.1445	0.1446	0.1425	0.1465	0.1389	0.1404	0.1403	0.1430	0.1516	0.1276	0.1254	0.1247	0.1300	0.1403	0.1535	0.1028	0.0999	0.1056	0.1110	0.1240	0.1453	0.0758	0.0716	0.0724	0.0753	0.0852	0.1005	0.1259
2061	0.1453	0.1450	0.1432	0.1469	0.1389	0.1404	0.1411	0.1436	0.1520	0.1282	0.1260	0.1254	0.1305	0.1406	0.1543	0.1036	0.1001	0.1064	0.1114	0.1243	0.1455	0.0767	0.0721	0.0729	0.0752	0.0847	0.1012	0.1257
2062	0.1461	0.1456	0.1442	0.1472	0.1395	0.1408	0.1418	0.1443	0.1519	0.1290	0.1266	0.1263	0.1305	0.1410	0.1549	0.1039	0.1007	0.1069	0.1119	0.1249	0.1460	0.0775	0.0724	0.0732	0.0752	0.0847	0.1010	0.1260
2063	0.1468	0.1462	0.1453	0.1476	0.1403	0.1411	0.1426	0.1451	0.1519	0.1298	0.1273	0.1272	0.1306	0.1414	0.1554	0.1043	0.1013	0.1074	0.1125	0.1254	0.1464	0.0783	0.0726	0.0734	0.0753	0.0847	0.1009	0.1263
2064	0.1473	0.1467	0.1459	0.1482	0.1411	0.1418	0.1435	0.1460	0.1525	0.1300	0.1274	0.1272	0.1314	0.1421	0.1557	0.1050	0.1017	0.1072	0.1129	0.1258	0.1467	0.0787	0.0726	0.0737	0.0758	0.0850	0.1007	0.1272
2065	0.1478	0.1472	0.1465	0.1488	0.1418	0.1425	0.1443	0.1470	0.1531	0.1302	0.1275	0.1271	0.1322	0.1429	0.1561	0.1057	0.1021	0.1069	0.1133	0.1262	0.1471	0.0792	0.0725	0.0740	0.0763	0.0854	0.1005	0.1282
2066	0.1483	0.1471	0.1469	0.1496	0.1425	0.1432	0.1445	0.1477	0.1542	0.1305	0.1279	0.1277	0.1334	0.1434	0.1564	0.1057	0.1025	0.1069	0.1137	0.1269	0.1472	0.0791	0.0732	0.0739	0.0763	0.0856	0.1010	0.1287
2067	0.1488	0.1469	0.1472	0.1504	0.1432	0.1439	0.1446	0.1485	0.1553	0.1308	0.1282	0.1286	0.1346	0.1438	0.1567	0.1056	0.1030	0.1068	0.1141	0.1276	0.1473	0.0790	0.0740	0.0738	0.0764	0.0860	0.1015	0.1290
2068	0.1494	0.1476	0.1478	0.1504	0.1440	0.1447	0.1448	0.1491	0.1558	0.1315	0.1290	0.1293	0.1352	0.1443	0.1576	0.1062	0.1034	0.1071	0.1146	0.1282	0.1478	0.0793	0.0748	0.0736	0.0768	0.0865	0.1019	0.1293
2069	0.1500	0.1485	0.1485	0.1503	0.1447	0.1454	0.1450	0.1496	0.1560	0.1324	0.1299	0.1299	0.1355	0.1449	0.1587	0.1072	0.1039	0.1077	0.1152	0.1289	0.1484	0.0796	0.0756	0.0734	0.0772	0.0872	0.1023	0.1296
2070	0.1508	0.1495	0.1489	0.1501	0.1451	0.1457	0.1450	0.1500	0.1564	0.1330	0.1308	0.1303	0.1356	0.1453	0.1591	0.1079	0.1041	0.1085	0.1162	0.1293	0.1487	0.0797	0.0763	0.0732	0.0775	0.0877	0.1023	0.1298
2071	0.1516	0.1505	0.1492	0.1501	0.1453	0.1459	0.1449	0.1505	0.1569	0.1335	0.1317	0.1306	0.1355	0.1456	0.1591	0.1085	0.1041	0.1095	0.1173	0.1295	0.1487	0.0798	0.0767	0.0732	0.0779	0.0881	0.1021	0.1301
2072	0.1521	0.1512	0.1496	0.1507	0.1458	0.1462	0.1450	0.1509	0.1573	0.1340	0.1324	0.1310	0.1357	0.1454	0.1589	0.1087	0.1042	0.1102	0.1181	0.1300	0.1487	0.0800	0.0769	0.0735	0.0783	0.0886	0.1020	0.1300
2073	0.1526	0.1515	0.1503	0.1521	0.1464	0.1470	0.1455	0.1513	0.1577	0.1344	0.1331	0.1316	0.1360	0.1450	0.1587	0.1087	0.1046	0.1105	0.1186	0.1307	0.1490	0.0803	0.0768	0.0745	0.0787	0.0893	0.1021	0.1293
2074	0.1530	0.1519	0.1510	0.1530	0.1470	0.1476	0.1462	0.1519	0.1579	0.1345	0.1334	0.1320	0.1365	0.1448	0.1588	0.1086	0.1049	0.1106	0.1190	0.1315	0.1492	0.0806	0.0768	0.0755	0.0791	0.0898	0.1022	0.1292
2075	0.1532	0.1525	0.1518	0.1532	0.1474	0.1484	0.1470	0.1525	0.1578	0.1344	0.1332	0.1324	0.1371	0.1453	0.1592	0.1087	0.1050	0.1105	0.1190	0.1319	0.1494	0.0809	0.0768	0.0765	0.0793	0.0898	0.1024	0.1295
2076	0.1535	0.1531	0.1524	0.1535	0.1478	0.1491	0.1476	0.1532	0.1579	0.1344	0.1331	0.1329	0.1377	0.1460	0.1597	0.1088	0.1052	0.1104	0.1193	0.1324	0.1494	0.0810	0.0767	0.0772	0.0796	0.0899	0.1027	0.1299
2077	0.1539	0.1537	0.1528	0.1541	0.1486	0.1491	0.1477	0.1537	0.1589	0.1343	0.1336	0.1335	0.1381	0.1470	0.1604	0.1095	0.1057	0.1102	0.1197	0.1329	0.1498	0.0809	0.0768	0.0772	0.0795	0.0901	0.1032	0.1306
2078	0.1543	0.1542	0.1533	0.1547	0.1492	0.1492	0.1479	0.1540	0.1599	0.1345	0.1339	0.1341	0.1383	0.1479	0.1611	0.1102	0.1063	0.1101	0.1201	0.1333	0.1503	0.0809	0.0768	0.0774	0.0793	0.0903	0.1036	0.1313
2079	0.1550	0.1547	0.1536	0.1556	0.1498	0.1497	0.1483	0.1538	0.1609	0.1354	0.1343	0.1342	0.1387	0.1484	0.1618	0.1101	0.1071	0.1108	0.1203	0.1332	0.1508	0.0814	0.0766	0.0775	0.0795	0.0903	0.1033	0.1316
2080	0.1557	0.1553	0.1538	0.1564	0.1503	0.1503	0.1488	0.1535	0.1619	0.1363	0.1347	0.1344	0.1392	0.1489	0.1624	0.1100	0.1078	0.1115	0.1206	0.1330	0.1513	0.0818	0.0765	0.0777	0.0798	0.0902	0.1030	0.1319
2081	0.1565	0.1560	0.1540	0.1566	0.1507	0.1507	0.1496	0.1537	0.1621	0.1370	0.1347	0.1347	0.1398	0.1492	0.1628	0.1105	0.1080	0.1121	0.1207	0.1326	0.1519	0.0823	0.0768	0.0776	0.0800	0.0905	0.1033	0.1317
2082	0.1573	0.1567	0.1543	0.1569	0.1511	0.1510	0.1503	0.1541	0.1624	0.1378	0.1345	0.1351	0.1403	0.1495	0.1631	0.1111	0.1083	0.1127	0.1208	0.1324	0.1526	0.0827	0.0773	0.0776	0.0802	0.0908	0.1037	0.1313
2083	0.1577	0.1575	0.1546	0.1570	0.1514	0.1512	0.1510	0.1545	0.1628	0.1381	0.1352	0.1350	0.1404	0.1498	0.1627	0.1117	0.1085	0.1129	0.1208	0.1329	0.1530	0.0828	0.0776	0.0777	0.0805	0.0909	0.1042	0.1312
2084	0.1579	0.1583	0.1549	0.1570	0.1516	0.1515	0.1516	0.1550	0.1632	0.1381	0.1359	0.1348	0.1403	0.1499	0.1622	0.1121	0.1087	0.1129	0.1208	0.1334	0.1533	0.0828	0.0778	0.0778	0.0808	0.0908	0.1046	0.1314
2085	0.1587	0.1587	0.1556	0.1576	0.1522	0.1518	0.1523	0.1560	0.1634	0.1379	0.1365	0.1352	0.1404	0.1501	0.1624	0.1125	0.1089	0.1129	0.1212	0.1340	0.1536	0.0829	0.0778	0.0783	0.0811	0.0908	0.1050	0.1319
2086	0.1597	0.1588	0.1564	0.1584	0.1528	0.1523	0.1529	0.1570	0.1636	0.1378	0.1372	0.1356	0.1406	0.1503	0.1630	0.1128	0.1091	0.1131	0.1218	0.1346	0.1539	0.0832	0.0777	0.0787	0.0813	0.0908	0.1058	0.1324
2087	0.1606	0.1590	0.1570	0.1587	0.1532	0.1526	0.1537	0.1578	0.1640	0.1385	0.1378	0.1363	0.1407	0.1504	0.1639	0.1129	0.1093	0.1134	0.1221	0.1351	0.1544	0.0836	0.0782	0.0786	0.0816	0.0912	0.1065	0.1326
2088	0.1613	0.1594	0.1575	0.1588	0.1535	0.1528	0.1545	0.1587	0.1647	0.1397	0.1382	0.1373	0.1409	0.1510	0.1649	0.1125	0.1097	0.1137	0.1221	0.1356	0.1552	0.0840	0.0791	0.0782	0.0819	0.0921	0.1071	0.1329
2089	0.1617	0.1600	0.1581	0.1591	0.1539	0.1532	0.1551	0.1595	0.1653	0.1408	0.1386	0.1381	0.1415	0.1520	0.1658	0.1126	0.1100	0.1142	0.1225	0.1363	0.1561	0.0845	0.0799	0.0782	0.0820	0.0929	0.1077	0.1332
2090	0.1616	0.1607	0.1588	0.1596	0.1543	0.1538	0.1555	0.1601	0.1660	0.1418	0.1392	0.1387	0.1425	0.1533	0.1666	0.1132	0.1100	0.1148	0.1232	0.1370	0.1568	0.0850	0.0803	0.0788	0.0819	0.0934	0.1080	0.1337
2091	0.1618	0.1610	0.1594	0.1602	0.1548	0.1545	0.1559	0.1604	0.1669	0.1427	0.1398	0.1394	0.1437	0.1543	0.1671	0.1136	0.1101	0.1151	0.1239	0.1374	0.1574	0.0855	0.0805	0.0794	0.0820	0.0935	0.1084	0.1342
2092	0.1625	0.1610	0.1595	0.1605	0.1552	0.1550	0.1562	0.1601	0.1675	0.1431	0.1402	0.1396	0.1449	0.1545	0.1671	0.1140	0.1102	0.1148	0.1243	0.1378	0.1577	0.0856	0.0802	0.0797	0.0824	0.0932	0.1088	0.1344
2093	0.1632	0.1611	0.1596	0.1609	0.1555	0.1554	0.1568	0.1600	0.1680	0.1433	0.1405	0.1398	0.1460	0.1545	0.1670	0.1144	0.1102	0.1147	0.1246	0.1381	0.1579	0.0856	0.0800	0.0799	0.0829	0.0929	0.1092	0.1346
2094	0.1635	0.1617	0.1604	0.1612	0.1559	0.1563	0.1577	0.1606	0.1677	0.1430	0.1404	0.1404	0.1462	0.1547	0.1669	0.1145	0.1101	0.1156	0.1244	0.1380	0.1579	0.0863	0.0799	0.0805	0.0836	0.0931	0.1094	0.1345
2095	0.1638	0.1624	0.1612	0.1615	0.1563	0.1570	0.1585	0.1611	0.1675	0.1428	0.1403	0.1411	0.1464	0.1549	0.1669	0.1147	0.1102	0.1165	0.1242	0.1379	0.1578	0.0867	0.0799	0.0810	0.0842	0.0933	0.1097	0.1343
2096	0.1638	0.1634	0.1618	0.1623	0.1567	0.1574	0.1587	0.1618	0.1682	0.1433	0.1406	0.1418	0.1465	0.1554	0.1674	0.1157	0.1105	0.1168	0.1245	0.1381	0.1577	0.0867	0.0801	0.0817	0.0846	0.0936	0.1098	0.1346
2097	0.1638	0.1644	0.1623	0.1632	0.1571	0.1577	0.1588	0.1626	0.1690	0.1439	0.1410	0.1426	0.1467	0.1559	0.1680	0.1166	0.1108	0.1171	0.1249	0.1383	0.1576	0.0867	0.0804	0.0822	0.0850	0.0939	0.1098	0.1350
2098	0.1642	0.1646	0.1623	0.1636	0.1576	0.1581	0.1583	0.1635	0.1697	0.1441	0.1414	0.1427	0.1471	0.1560	0.1687	0.1168	0.1113	0.1175	0.1254	0.1386	0.1578	0.0871	0.0808	0.0818	0.0856	0.0939	0.1095	0.1353
2099	0.1648	0.1649	0.1623	0.1638	0.1580	0.1583	0.1578	0.1644	0.1703	0.1442	0.1419	0.1426	0.1476	0.1561	0.1696	0.1167	0.1118	0.1180	0.1260	0.1389	0.1580	0.0874	0.0812	0.0814	0.0860	0.0938	0.1092	0.1355
2100	0.1659	0.1651	0.1622	0.1639	0.1582	0.1589	0.1578	0.1646	0.1705	0.1451	0.1425	0.1419	0.1479	0.1569	0.1699	0.1165	0.1124	0.1178	0.1261	0.1392	0.1583	0.0877	0.0811	0.0816	0.0860	0.0941	0.1090	0.1356
2101	0.1671	0.1654	0.1624	0.1640	0.1583	0.1595	0.1579	0.1645	0.1707	0.1463	0.1429	0.1413	0.1481	0.1579	0.1698	0.1165	0.1131	0.1175	0.1260	0.1395	0.1586	0.0879	0.0811	0.0818	0.0860	0.0944	0.1089	0.1359
2102	0.1676	0.1657	0.1627	0.1644	0.1588	0.1599	0.1584	0.1645	0.1709	0.1467	0.1432	0.1411	0.1480	0.1584	0.1703	0.1166	0.1136	0.1176	0.1262	0.1397	0.1591	0.0880	0.0817	0.0819	0.0860	0.0946	0.1090	0.1362
2103	0.1679	0.1660	0.1631	0.1649	0.1594	0.1603	0.1592	0.1645	0.1712	0.1468	0.1433	0.1410	0.1478	0.1587	0.1711	0.1167	0.1142	0.1180	0.1266	0.1398	0.1596	0.0882	0.0824	0.0823	0.0860	0.0947	0.1092	0.1361
2104	0.1680	0.1666	0.1637	0.1653	0.1599	0.1609	0.1598	0.1645	0.1717	0.1472	0.1434	0.1412	0.1484	0.1590	0.1716	0.1169	0.1146	0.1187	0.1272	0.1401	0.1603	0.0883	0.0828	0.0826	0.0860	0.0948	0.1096	0.1362
2105	0.1680	0.1674	0.1646	0.1655	0.1603	0.1618	0.1601	0.1646	0.1723	0.1476	0.1436	0.1416	0.1495	0.1592	0.1718	0.1174	0.1147	0.1192	0.1281	0.1405	0.1609	0.0886	0.0826	0.0828	0.0861	0.0949	0.1103	0.1367
2106	0.1683	0.1678	0.1653	0.1659	0.1609	0.1626	0.1605	0.1650	0.1730	0.1481	0.1442	0.1425	0.1504	0.1594	0.1720	0.1179	0.1152	0.1197	0.1285	0.1412	0.1614	0.0888	0.0824	0.0830	0.0864	0.0954	0.1109	0.1371
2107	0.1689	0.1678	0.1657	0.1667	0.1618	0.1631	0.1611	0.1660	0.1738	0.1488	0.1453	0.1439	0.1512	0.1596	0.1724	0.1185	0.1161	0.1202	0.1288	0.1422	0.1617	0.0885	0.0827	0.0833	0.0866	0.0962	0.1113	0.1373
2108	0.1692	0.1680	0.1662	0.1675	0.1628	0.1637	0.1619	0.1667	0.1747	0.1495	0.1462	0.1448	0.1518	0.1601	0.1727	0.1190	0.1169	0.1205	0.1290	0.1432	0.1618	0.0883	0.0828	0.0837	0.0868	0.0968	0.1115	0.1376
2109	0.1692	0.1685	0.1667	0.1682	0.1634	0.1643	0.1625	0.1669	0.1757	0.1501	0.1465	0.1451	0.1521	0.1609	0.1730	0.1194	0.1174	0.1206	0.1292	0.1439	0.1617	0.0884	0.0827	0.0844	0.0872	0.0966	0.1113	0.1381
2110	0.1694	0.1691	0.1673	0.1690	0.1640	0.1648	0.1630	0.1670	0.1767	0.1506	0.1467	0.1455	0.1525	0.1617	0.1734	0.1196	0.1179	0.1206	0.1294	0.1447	0.1618	0.0886	0.0826	0.0850	0.0875	0.0963	0.1113	0.1386
2111	0.1701	0.1690	0.1677	0.1694	0.1647	0.1651	0.1634	0.1672	0.1773	0.1508	0.1466	0.1461	0.1527	0.1615	0.1742	0.1196	0.1180	0.1209	0.1292	0.1452	0.1622	0.0889	0.0827	0.0849	0.0877	0.0960	0.1118	0.1391
2112	0.1707	0.1689	0.1680	0.1698	0.1654	0.1654	0.1637	0.1676	0.1778	0.1509	0.1465	0.1466	0.1529	0.1614	0.1750	0.1196	0.1182	0.1212	0.1290	0.1455	0.1626	0.0892	0.0828	0.0849	0.0878	0.0958	0.1123	0.1396
2113	0.1706	0.1688	0.1682	0.1704	0.1655	0.1654	0.1639	0.1687	0.1773	0.1510	0.1466	0.1465	0.1531	0.1620	0.1756	0.1199	0.1181	0.1221	0.1291	0.1451	0.1635	0.0900	0.0829	0.0850	0.0875	0.0962	0.1121	0.1396
2114	0.1705	0.1689	0.1685	0.1711	0.1656	0.1652	0.1641	0.1698	0.1768	0.1512	0.1466	0.1462	0.1533	0.1626	0.1760	0.1202	0.1181	0.1229	0.1292	0.1448	0.1645	0.0907	0.0830	0.0853	0.0871	0.0965	0.1118	0.1396
2115	0.1711	0.1695	0.1687	0.1714	0.1659	0.1656	0.1648	0.1700	0.1770	0.1514	0.1471	0.1463	0.1537	0.1626	0.1761	0.1207	0.1178	0.1232	0.1297	0.1447	0.1647	0.0906	0.0838	0.0856	0.0877	0.0969	0.1118	0.1399
2116	0.1719	0.1702	0.1689	0.1715	0.1663	0.1660	0.1655	0.1698	0.1773	0.1515	0.1477	0.1466	0.1541	0.1625	0.1763	0.1214	0.1174	0.1233	0.1304	0.1447	0.1647	0.0902	0.0846	0.0858	0.0883	0.0973	0.1118	0.1402
2117	0.1719	0.1707	0.1688	0.1717	0.1666	0.1666	0.1662	0.1697	0.1778	0.1517	0.1479	0.1472	0.1546	0.1628	0.1768	0.1217	0.1176	0.1235	0.1306	0.1451	0.1649	0.0902	0.0851	0.0863	0.0889	0.0980	0.1121	0.1406
2118	0.1720	0.1712	0.1685	0.1720	0.1669	0.1671	0.1669	0.1699	0.1783	0.1520	0.1478	0.1477	0.1549	0.1630	0.1773	0.1219	0.1178	0.1239	0.1310	0.1456	0.1652	0.0903	0.0855	0.0867	0.0894	0.0989	0.1121	0.1410
2119	0.1728	0.1714	0.1689	0.1726	0.1670	0.1676	0.1669	0.1705	0.1789	0.1523	0.1480	0.1481	0.1553	0.1635	0.1779	0.1221	0.1183	0.1240	0.1314	0.1462	0.1656	0.0909	0.0855	0.0868	0.0900	0.1000	0.1122	0.1417
2120	0.1736	0.1717	0.1695	0.1735	0.1669	0.1681	0.1667	0.1712	0.1796	0.1526	0.1483	0.1484	0.1556	0.1640	0.1784	0.1225	0.1188	0.1239	0.1318	0.1470	0.1662	0.0917	0.0855	0.0868	0.0906	0.1012	0.1124	0.1422
2121	0.1739	0.1726	0.1700	0.1742	0.1667	0.1686	0.1668	0.1715	0.1799	0.1524	0.1487	0.1488	0.1555	0.1643	0.1788	0.1233	0.1192	0.1241	0.1321	0.1472	0.1668	0.0921	0.0856	0.0868	0.0908	0.1018	0.1126	0.1426
2122	0.1742	0.1736	0.1703	0.1749	0.1666	0.1691	0.1674	0.1718	0.1800	0.1521	0.1495	0.1495	0.1557	0.1642	0.1791	0.1242	0.1195	0.1243	0.1324	0.1472	0.1671	0.0923	0.0856	0.0870	0.0906	0.1018	0.1129	0.1431
2123	0.1745	0.1741	0.1711	0.1756	0.1669	0.1698	0.1679	0.1719	0.1804	0.1522	0.1502	0.1500	0.1558	0.1643	0.1793	0.1246	0.1199	0.1246	0.1323	0.1472	0.1670	0.0928	0.0854	0.0873	0.0908	0.1017	0.1131	0.1431
2124	0.1749	0.1743	0.1723	0.1762	0.1681	0.1706	0.1686	0.1725	0.1809	0.1530	0.1506	0.1503	0.1558	0.1650	0.1790	0.1247	0.1203	0.1253	0.1319	0.1470	0.1667	0.0934	0.0848	0.0877	0.0912	0.1017	0.1138	0.1424
2125	0.1757	0.1744	0.1732	0.1765	0.1689	0.1711	0.1691	0.1731	0.1815	0.1539	0.1510	0.1506	0.1559	0.1659	0.1789	0.1247	0.1208	0.1260	0.1318	0.1471	0.1663	0.0937	0.0847	0.0877	0.0915	0.1017	0.1145	0.1419
2126	0.1765	0.1747	0.1736	0.1769	0.1689	0.1714	0.1694	0.1733	0.1819	0.1548	0.1517	0.1510	0.1560	0.1669	0.1795	0.1247	0.1213	0.1265	0.1319	0.1476	0.1666	0.0932	0.0850	0.0873	0.0915	0.1015	0.1149	0.1417
2127	0.1772	0.1749	0.1738	0.1772	0.1692	0.1717	0.1698	0.1738	0.1825	0.1554	0.1522	0.1511	0.1560	0.1678	0.1800	0.1245	0.1217	0.1271	0.1319	0.1481	0.1670	0.0928	0.0856	0.0871	0.0916	0.1011	0.1152	0.1416
2128	0.1774	0.1751	0.1740	0.1775	0.1701	0.1719	0.1698	0.1748	0.1831	0.1552	0.1529	0.1511	0.1565	0.1680	0.1805	0.1239	0.1218	0.1275	0.1319	0.1486	0.1673	0.0930	0.0867	0.0871	0.0916	0.1006	0.1160	0.1424
2129	0.1776	0.1755	0.1741	0.1779	0.1710	0.1720	0.1697	0.1758	0.1836	0.1548	0.1537	0.1513	0.1573	0.1682	0.1810	0.1236	0.1219	0.1277	0.1320	0.1491	0.1676	0.0933	0.0877	0.0869	0.0916	0.1000	0.1167	0.1431
2130	0.1770	0.1752	0.1741	0.1782	0.1714	0.1719	0.1696	0.1760	0.1841	0.1549	0.1542	0.1520	0.1583	0.1681	0.1817	0.1237	0.1219	0.1273	0.1323	0.1495	0.1679	0.0941	0.0881	0.0869	0.0920	0.0995	0.1167	0.1433
2131	0.1765	0.1750	0.1743	0.1785	0.1717	0.1720	0.1695	0.1761	0.1846	0.1550	0.1547	0.1526	0.1593	0.1678	0.1823	0.1239	0.1218	0.1268	0.1327	0.1499	0.1681	0.0948	0.0884	0.0869	0.0923	0.0992	0.1166	0.1434
2132	0.1770	0.1758	0.1744	0.1789	0.1719	0.1723	0.1697	0.1757	0.1846	0.1557	0.1548	0.1534	0.1597	0.1674	0.1821	0.1245	0.1227	0.1264	0.1335	0.1503	0.1682	0.0947	0.0888	0.0874	0.0928	0.0997	0.1160	0.1436
2133	0.1777	0.1769	0.1745	0.1794	0.1721	0.1726	0.1699	0.1754	0.1845	0.1566	0.1548	0.1542	0.1601	0.1672	0.1818	0.1251	0.1237	0.1262	0.1344	0.1508	0.1684	0.0946	0.0893	0.0879	0.0934	0.1003	0.1154	0.1440
2134	0.1782	0.1774	0.1749	0.1793	0.1725	0.1726	0.1706	0.1753	0.1839	0.1573	0.1548	0.1546	0.1606	0.1676	0.1821	0.1258	0.1240	0.1264	0.1348	0.1508	0.1684	0.0945	0.0895	0.0880	0.0936	0.1006	0.1156	0.1448
2135	0.1786	0.1778	0.1754	0.1791	0.1729	0.1724	0.1713	0.1754	0.1831	0.1577	0.1548	0.1550	0.1613	0.1679	0.1826	0.1266	0.1242	0.1267	0.1354	0.1507	0.1683	0.0945	0.0895	0.0880	0.0937	0.1009	0.1160	0.1458
2136	0.1794	0.1781	0.1756	0.1790	0.1734	0.1727	0.1719	0.1766	0.1829	0.1578	0.1546	0.1545	0.1616	0.1684	0.1830	0.1271	0.1244	0.1275	0.1357	0.1503	0.1687	0.0952	0.0891	0.0884	0.0937	0.1009	0.1163	0.1456
2137	0.1800	0.1786	0.1758	0.1792	0.1737	0.1730	0.1723	0.1776	0.1830	0.1577	0.1545	0.1540	0.1616	0.1689	0.1834	0.1276	0.1246	0.1287	0.1360	0.1496	0.1691	0.0959	0.0888	0.0889	0.0937	0.1008	0.1168	0.1454
2138	0.1802	0.1792	0.1765	0.1794	0.1735	0.1735	0.1726	0.1780	0.1838	0.1574	0.1544	0.1548	0.1616	0.1688	0.1835	0.1280	0.1246	0.1293	0.1364	0.1493	0.1692	0.0959	0.0887	0.0892	0.0934	0.1013	0.1170	0.1448
2139	0.1803	0.1798	0.1776	0.1795	0.1732	0.1743	0.1729	0.1785	0.1847	0.1573	0.1544	0.1558	0.1617	0.1688	0.1833	0.1283	0.1245	0.1294	0.1366	0.1495	0.1691	0.0958	0.0884	0.0896	0.0929	0.1021	0.1168	0.1441
2140	0.1805	0.1803	0.1777	0.1803	0.1729	0.1749	0.1728	0.1787	0.1849	0.1576	0.1545	0.1564	0.1616	0.1696	0.1831	0.1278	0.1245	0.1300	0.1367	0.1496	0.1694	0.0958	0.0887	0.0900	0.0925	0.1028	0.1170	0.1435
2141	0.1809	0.1807	0.1768	0.1817	0.1725	0.1755	0.1730	0.1786	0.1846	0.1580	0.1545	0.1567	0.1611	0.1704	0.1831	0.1271	0.1247	0.1304	0.1369	0.1496	0.1696	0.0961	0.0893	0.0902	0.0922	0.1036	0.1172	0.1430
2142	0.1812	0.1809	0.1762	0.1823	0.1724	0.1759	0.1734	0.1784	0.1845	0.1585	0.1546	0.1564	0.1608	0.1711	0.1832	0.1268	0.1248	0.1304	0.1371	0.1501	0.1698	0.0964	0.0901	0.0901	0.0921	0.1042	0.1172	0.1429
2143	0.1815	0.1804	0.1764	0.1822	0.1725	0.1764	0.1740	0.1781	0.1848	0.1589	0.1550	0.1557	0.1611	0.1719	0.1836	0.1267	0.1250	0.1300	0.1373	0.1505	0.1697	0.0965	0.0909	0.0900	0.0922	0.1042	0.1175	0.1435
2144	0.1816	0.1800	0.1771	0.1821	0.1728	0.1766	0.1747	0.1779	0.1847	0.1591	0.1555	0.1551	0.1613	0.1724	0.1843	0.1269	0.1253	0.1296	0.1374	0.1508	0.1695	0.0968	0.0911	0.0900	0.0925	0.1043	0.1176	0.1441
2145	0.1813	0.1799	0.1781	0.1819	0.1734	0.1763	0.1752	0.1782	0.1841	0.1590	0.1557	0.1547	0.1614	0.1726	0.1855	0.1278	0.1254	0.1295	0.1372	0.1510	0.1697	0.0969	0.0904	0.0900	0.0926	0.1039	0.1175	0.1442
2146	0.1810	0.1797	0.1791	0.1817	0.1738	0.1759	0.1755	0.1788	0.1840	0.1589	0.1559	0.1545	0.1618	0.1730	0.1865	0.1288	0.1255	0.1292	0.1371	0.1510	0.1699	0.0972	0.0896	0.0899	0.0928	0.1031	0.1172	0.1443
2147	0.1809	0.1799	0.1789	0.1813	0.1741	0.1751	0.1754	0.1794	0.1853	0.1586	0.1565	0.1543	0.1624	0.1731	0.1867	0.1290	0.1251	0.1286	0.1367	0.1508	0.1699	0.0972	0.0887	0.0899	0.0926	0.1025	0.1171	0.1447
2148	0.1808	0.1802	0.1784	0.1812	0.1747	0.1746	0.1752	0.1799	0.1862	0.1583	0.1571	0.1540	0.1628	0.1730	0.1868	0.1290	0.1248	0.1282	0.1363	0.1509	0.1701	0.0971	0.0881	0.0900	0.0923	0.1018	0.1169	0.1452
2149	0.1809	0.1805	0.1780	0.1820	0.1753	0.1745	0.1758	0.1802	0.1866	0.1589	0.1576	0.1542	0.1628	0.1721	0.1862	0.1288	0.1254	0.1285	0.1367	0.1512	0.1711	0.0971	0.0886	0.0902	0.0922	0.1020	0.1169	0.1453
2150	0.1812	0.1808	0.1777	0.1827	0.1758	0.1744	0.1763	0.1804	0.1871	0.1598	0.1580	0.1543	0.1627	0.1715	0.1857	0.1286	0.1260	0.1288	0.1371	0.1515	0.1720	0.0970	0.0891	0.0901	0.0920	0.1023	0.1170	0.1455
2151	0.1813	0.1804	0.1774	0.1828	0.1760	0.1742	0.1761	0.1802	0.1868	0.1603	0.1577	0.1550	0.1626	0.1716	0.1855	0.1286	0.1259	0.1288	0.1375	0.1514	0.1724	0.0971	0.0893	0.0896	0.0917	0.1027	0.1173	0.1454
2152	0.1812	0.1799	0.1769	0.1828	0.1762	0.1742	0.1759	0.1799	0.1863	0.1606	0.1574	0.1559	0.1626	0.1717	0.1854	0.1288	0.1257	0.1289	0.1380	0.1512	0.1727	0.0971	0.0895	0.0893	0.0916	0.1031	0.1175	0.1453
2153	0.1813	0.1802	0.1772	0.1829	0.1762	0.1743	0.1758	0.1796	0.1863	0.1607	0.1571	0.1564	0.1623	0.1717	0.1850	0.1291	0.1259	0.1295	0.1385	0.1520	0.1720	0.0966	0.0896	0.0890	0.0926	0.1029	0.1176	0.1446
2154	0.1815	0.1808	0.1778	0.1828	0.1761	0.1744	0.1756	0.1792	0.1863	0.1607	0.1570	0.1568	0.1618	0.1718	0.1846	0.1295	0.1261	0.1302	0.1388	0.1531	0.1713	0.0960	0.0897	0.0887	0.0937	0.1025	0.1178	0.1440
2155	0.1817	0.1811	0.1780	0.1822	0.1753	0.1743	0.1755	0.1787	0.1857	0.1600	0.1570	0.1570	0.1620	0.1719	0.1843	0.1295	0.1259	0.1302	0.1383	0.1529	0.1708	0.0957	0.0899	0.0887	0.0941	0.1022	0.1177	0.1441
2156	0.1819	0.1814	0.1782	0.1815	0.1745	0.1742	0.1753	0.1782	0.1851	0.1592	0.1571	0.1571	0.1624	0.1721	0.1840	0.1295	0.1258	0.1300	0.1377	0.1525	0.1704	0.0954	0.0902	0.0886	0.0944	0.1019	0.1174	0.1443
2157	0.1821	0.1812	0.1786	0.1814	0.1739	0.1742	0.1751	0.1785	0.1855	0.1593	0.1574	0.1567	0.1628	0.1720	0.1843	0.1289	0.1262	0.1299	0.1377	0.1529	0.1705	0.0953	0.0903	0.0883	0.0936	0.1018	0.1178	0.1443
2158	0.1824	0.1812	0.1790	0.1814	0.1735	0.1747	0.1751	0.1789	0.1861	0.1592	0.1578	0.1563	0.1634	0.1718	0.1853	0.1283	0.1267	0.1298	0.1380	0.1531	0.1709	0.0953	0.0903	0.0883	0.0925	0.1017	0.1183	0.1441
2159	0.1828	0.1810	0.1791	0.1813	0.1730	0.1753	0.1756	0.1788	0.1864	0.1591	0.1581	0.1561	0.1636	0.1718	0.1854	0.1282	0.1269	0.1297	0.1383	0.1534	0.1709	0.0957	0.0903	0.0889	0.0925	0.1019	0.1187	0.1436
2160	0.1830	0.1808	0.1790	0.1816	0.1723	0.1753	0.1765	0.1782	0.1864	0.1591	0.1579	0.1558	0.1634	0.1718	0.1847	0.1283	0.1270	0.1297	0.1383	0.1535	0.1705	0.0961	0.0901	0.0896	0.0930	0.1025	0.1189	0.1431
2161	0.1831	0.1810	0.1787	0.1816	0.1725	0.1752	0.1768	0.1780	0.1862	0.1588	0.1574	0.1556	0.1630	0.1713	0.1840	0.1282	0.1264	0.1296	0.1381	0.1531	0.1704	0.0960	0.0900	0.0904	0.0932	0.1027	0.1189	0.1429
2162	0.1833	0.1815	0.1783	0.1812	0.1734	0.1752	0.1761	0.1780	0.1860	0.1587	0.1569	0.1554	0.1628	0.1705	0.1836	0.1278	0.1248	0.1292	0.1379	0.1527	0.1704	0.0960	0.0900	0.0913	0.0930	0.1025	0.1186	0.1424
2163	0.1836	0.1819	0.1779	0.1814	0.1742	0.1754	0.1755	0.1781	0.1857	0.1585	0.1566	0.1551	0.1626	0.1701	0.1837	0.1271	0.1240	0.1290	0.1378	0.1525	0.1705	0.0960	0.0900	0.0916	0.0928	0.1022	0.1183	0.1423
2164	0.1835	0.1818	0.1779	0.1819	0.1748	0.1761	0.1758	0.1785	0.1856	0.1580	0.1564	0.1548	0.1628	0.1706	0.1840	0.1266	0.1246	0.1290	0.1375	0.1528	0.1708	0.0959	0.0901	0.0915	0.0923	0.1020	0.1181	0.1427
2165	0.1830	0.1814	0.1780	0.1823	0.1752	0.1763	0.1763	0.1787	0.1854	0.1579	0.1560	0.1546	0.1635	0.1707	0.1843	0.1264	0.1250	0.1289	0.1371	0.1532	0.1709	0.0957	0.0900	0.0914	0.0916	0.1018	0.1181	0.1431
2166	0.1820	0.1809	0.1779	0.1821	0.1751	0.1759	0.1768	0.1784	0.1849	0.1581	0.1554	0.1547	0.1645	0.1700	0.1847	0.1262	0.1255	0.1288	0.1367	0.1530	0.1700	0.0959	0.0895	0.0912	0.0915	0.1017	0.1179	0.1434
2167	0.1807	0.1802	0.1779	0.1816	0.1749	0.1757	0.1772	0.1781	0.1846	0.1582	0.1549	0.1547	0.1651	0.1694	0.1849	0.1261	0.1258	0.1288	0.1364	0.1523	0.1692	0.0963	0.0892	0.0910	0.0913	0.1015	0.1175	0.1436
2168	0.1799	0.1795	0.1786	0.1813	0.1749	0.1756	0.1768	0.1777	0.1846	0.1585	0.1549	0.1547	0.1644	0.1688	0.1845	0.1268	0.1254	0.1290	0.1363	0.1509	0.1692	0.0965	0.0893	0.0908	0.0918	0.1013	0.1170	0.1432
2169	0.1795	0.1790	0.1791	0.1810	0.1748	0.1755	0.1762	0.1775	0.1848	0.1590	0.1550	0.1551	0.1636	0.1684	0.1843	0.1272	0.1251	0.1293	0.1363	0.1497	0.1691	0.0967	0.0893	0.0905	0.0923	0.1010	0.1166	0.1428
2170	0.1799	0.1791	0.1789	0.1806	0.1748	0.1759	0.1755	0.1779	0.1849	0.1595	0.1554	0.1554	0.1626	0.1684	0.1838	0.1275	0.1254	0.1296	0.1358	0.1487	0.1695	0.0964	0.0895	0.0907	0.0925	0.1013	0.1171	0.1429
2171	0.1801	0.1792	0.1786	0.1803	0.1749	0.1763	0.1750	0.1780	0.1850	0.1599	0.1557	0.1555	0.1617	0.1684	0.1832	0.1278	0.1258	0.1302	0.1352	0.1478	0.1699	0.0961	0.0897	0.0908	0.0929	0.1020	0.1178	0.1431
2172	0.1800	0.1796	0.1782	0.1797	0.1751	0.1760	0.1749	0.1779	0.1849	0.1597	0.1557	0.1551	0.1610	0.1688	0.1826	0.1278	0.1261	0.1306	0.1352	0.1484	0.1703	0.0959	0.0893	0.0906	0.0930	0.1028	0.1179	0.1437
2173	0.1801	0.1801	0.1778	0.1790	0.1752	0.1756	0.1745	0.1780	0.1847	0.1593	0.1556	0.1546	0.1606	0.1692	0.1822	0.1277	0.1263	0.1309	0.1355	0.1491	0.1706	0.0957	0.0886	0.0903	0.0929	0.1036	0.1178	0.1442
2174	0.1799	0.1797	0.1776	0.1791	0.1749	0.1751	0.1737	0.1781	0.1850	0.1582	0.1555	0.1548	0.1611	0.1694	0.1825	0.1274	0.1264	0.1308	0.1362	0.1494	0.1701	0.0954	0.0878	0.0900	0.0925	0.1041	0.1175	0.1441
2175	0.1794	0.1790	0.1773	0.1794	0.1744	0.1747	0.1729	0.1782	0.1854	0.1572	0.1556	0.1551	0.1616	0.1697	0.1828	0.1270	0.1263	0.1305	0.1367	0.1496	0.1693	0.0951	0.0870	0.0896	0.0923	0.1045	0.1173	0.1439
2176	0.1794	0.1782	0.1780	0.1790	0.1732	0.1743	0.1723	0.1777	0.1851	0.1572	0.1554	0.1550	0.1617	0.1696	0.1829	0.1266	0.1260	0.1301	0.1363	0.1494	0.1686	0.0945	0.0869	0.0894	0.0924	0.1040	0.1170	0.1431
2177	0.1794	0.1774	0.1788	0.1787	0.1718	0.1738	0.1716	0.1769	0.1845	0.1572	0.1552	0.1549	0.1618	0.1694	0.1830	0.1262	0.1258	0.1299	0.1359	0.1493	0.1679	0.0939	0.0870	0.0891	0.0925	0.1033	0.1167	0.1422
2178	0.1793	0.1771	0.1789	0.1788	0.1716	0.1736	0.1709	0.1769	0.1837	0.1573	0.1560	0.1544	0.1624	0.1694	0.1830	0.1264	0.1253	0.1292	0.1357	0.1494	0.1676	0.0937	0.0868	0.0886	0.0921	0.1027	0.1167	0.1421
2179	0.1792	0.1769	0.1788	0.1791	0.1721	0.1734	0.1702	0.1772	0.1831	0.1572	0.1572	0.1538	0.1630	0.1697	0.1830	0.1268	0.1247	0.1285	0.1358	0.1491	0.1675	0.0937	0.0868	0.0881	0.0915	0.1022	0.1168	0.1420
2180	0.1789	0.1778	0.1779	0.1795	0.1724	0.1734	0.1702	0.1774	0.1823	0.1569	0.1573	0.1541	0.1634	0.1698	0.1829	0.1269	0.1239	0.1283	0.1358	0.1486	0.1680	0.0936	0.0868	0.0880	0.0914	0.1021	0.1169	0.1427
2181	0.1783	0.1790	0.1769	0.1795	0.1726	0.1733	0.1709	0.1777	0.1817	0.1565	0.1568	0.1547	0.1633	0.1696	0.1823	0.1271	0.1229	0.1283	0.1360	0.1483	0.1687	0.0934	0.0863	0.0886	0.0914	0.1019	0.1171	0.1436
2182	0.1777	0.1795	0.1763	0.1790	0.1727	0.1732	0.1720	0.1778	0.1819	0.1559	0.1560	0.1551	0.1627	0.1691	0.1817	0.1272	0.1223	0.1282	0.1358	0.1482	0.1689	0.0929	0.0863	0.0890	0.0913	0.1017	0.1163	0.1433
2183	0.1773	0.1792	0.1757	0.1788	0.1719	0.1729	0.1729	0.1776	0.1821	0.1555	0.1553	0.1550	0.1618	0.1686	0.1815	0.1271	0.1221	0.1277	0.1351	0.1482	0.1689	0.0921	0.0866	0.0893	0.0909	0.1018	0.1153	0.1425
2184	0.1766	0.1785	0.1752	0.1784	0.1711	0.1725	0.1730	0.1770	0.1820	0.1554	0.1551	0.1548	0.1611	0.1681	0.1814	0.1267	0.1224	0.1269	0.1347	0.1480	0.1686	0.0912	0.0868	0.0892	0.0908	0.1015	0.1148	0.1419
2185	0.1761	0.1779	0.1752	0.1781	0.1709	0.1720	0.1723	0.1764	0.1815	0.1555	0.1554	0.1548	0.1603	0.1677	0.1812	0.1263	0.1228	0.1265	0.1347	0.1475	0.1681	0.0902	0.0869	0.0883	0.0909	0.1007	0.1139	0.1413
2186	0.1758	0.1771	0.1753	0.1780	0.1704	0.1717	0.1714	0.1758	0.1811	0.1556	0.1552	0.1548	0.1593	0.1671	0.1808	0.1258	0.1228	0.1266	0.1346	0.1473	0.1676	0.0898	0.0872	0.0873	0.0912	0.1000	0.1135	0.1410
2187	0.1766	0.1762	0.1756	0.1778	0.1703	0.1719	0.1711	0.1755	0.1810	0.1561	0.1553	0.1548	0.1586	0.1663	0.1809	0.1257	0.1226	0.1271	0.1344	0.1474	0.1672	0.0904	0.0877	0.0865	0.0914	0.0998	0.1135	0.1409
2188	0.1776	0.1755	0.1757	0.1775	0.1704	0.1720	0.1709	0.1753	0.1807	0.1567	0.1552	0.1543	0.1584	0.1658	0.1811	0.1259	0.1226	0.1276	0.1345	0.1477	0.1667	0.0908	0.0878	0.0859	0.0913	0.0996	0.1136	0.1406
2189	0.1778	0.1757	0.1756	0.1769	0.1699	0.1716	0.1705	0.1752	0.1807	0.1572	0.1542	0.1536	0.1587	0.1655	0.1815	0.1258	0.1229	0.1271	0.1344	0.1480	0.1661	0.0911	0.0868	0.0861	0.0915	0.0993	0.1141	0.1407
2190	0.1782	0.1759	0.1755	0.1761	0.1692	0.1712	0.1702	0.1751	0.1808	0.1575	0.1532	0.1526	0.1587	0.1655	0.1817	0.1258	0.1232	0.1267	0.1338	0.1482	0.1660	0.0911	0.0859	0.0866	0.0916	0.0989	0.1142	0.1410
2191	0.1783	0.1759	0.1757	0.1752	0.1689	0.1715	0.1707	0.1748	0.1811	0.1575	0.1530	0.1513	0.1587	0.1652	0.1816	0.1260	0.1232	0.1269	0.1333	0.1484	0.1667	0.0910	0.0860	0.0869	0.0910	0.0991	0.1145	0.1420
2192	0.1781	0.1761	0.1761	0.1745	0.1687	0.1716	0.1712	0.1747	0.1812	0.1577	0.1530	0.1505	0.1585	0.1650	0.1815	0.1261	0.1233	0.1270	0.1329	0.1484	0.1674	0.0913	0.0860	0.0872	0.0905	0.0994	0.1149	0.1428
2193	0.1779	0.1769	0.1761	0.1748	0.1689	0.1713	0.1712	0.1749	0.1807	0.1577	0.1531	0.1509	0.1579	0.1655	0.1816	0.1263	0.1233	0.1266	0.1326	0.1478	0.1676	0.0923	0.0864	0.0871	0.0904	0.0998	0.1149	0.1428
2194	0.1777	0.1777	0.1761	0.1751	0.1692	0.1713	0.1712	0.1749	0.1805	0.1574	0.1533	0.1512	0.1574	0.1661	0.1815	0.1266	0.1233	0.1261	0.1323	0.1471	0.1677	0.0933	0.0870	0.0871	0.0904	0.1003	0.1150	0.1426
2195	0.1774	0.1773	0.1761	0.1752	0.1696	0.1717	0.1712	0.1742	0.1805	0.1564	0.1528	0.1509	0.1567	0.1662	0.1811	0.1264	0.1231	0.1257	0.1326	0.1464	0.1675	0.0942	0.0874	0.0876	0.0905	0.1005	0.1151	0.1417
2196	0.1769	0.1767	0.1762	0.1754	0.1699	0.1720	0.1711	0.1735	0.1802	0.1555	0.1522	0.1503	0.1558	0.1662	0.1805	0.1260	0.1227	0.1254	0.1328	0.1460	0.1673	0.0948	0.0877	0.0881	0.0907	0.1006	0.1150	0.1407
2197	0.1760	0.1759	0.1755	0.1764	0.1701	0.1719	0.1703	0.1730	0.1794	0.1548	0.1518	0.1494	0.1553	0.1655	0.1800	0.1255	0.1220	0.1248	0.1329	0.1458	0.1666	0.0940	0.0875	0.0877	0.0905	0.1008	0.1146	0.1404
2198	0.1752	0.1752	0.1746	0.1774	0.1702	0.1719	0.1695	0.1724	0.1787	0.1543	0.1517	0.1485	0.1550	0.1646	0.1795	0.1251	0.1215	0.1241	0.1329	0.1457	0.1657	0.0928	0.0873	0.0870	0.0899	0.1009	0.1143	0.1404
2199	0.1745	0.1748	0.1733	0.1777	0.1695	0.1716	0.1687	0.1727	0.1785	0.1547	0.1520	0.1489	0.1551	0.1636	0.1785	0.1237	0.1205	0.1240	0.1323	0.1461	0.1655	0.0926	0.0868	0.0875	0.0899	0.0997	0.1138	0.1397
2200	0.1736	0.1745	0.1719	0.1775	0.1689	0.1711	0.1676	0.1734	0.1787	0.1551	0.1523	0.1496	0.1553	0.1630	0.1773	0.1220	0.1194	0.1240	0.1319	0.1464	0.1656	0.0929	0.0866	0.0879	0.0904	0.0984	0.1132	0.1386
2201	0.1735	0.1746	0.1708	0.1766	0.1692	0.1702	0.1665	0.1742	0.1791	0.1553	0.1523	0.1502	0.1554	0.1635	0.1773	0.1217	0.1191	0.1248	0.1319	0.1459	0.1653	0.0924	0.0860	0.0881	0.0903	0.0976	0.1122	0.1381
2202	0.1738	0.1746	0.1699	0.1757	0.1693	0.1688	0.1655	0.1748	0.1795	0.1553	0.1522	0.1510	0.1550	0.1640	0.1778	0.1219	0.1193	0.1257	0.1317	0.1452	0.1650	0.0912	0.0854	0.0884	0.0898	0.0971	0.1114	0.1378
2203	0.1741	0.1745	0.1703	0.1746	0.1687	0.1679	0.1647	0.1744	0.1794	0.1542	0.1514	0.1512	0.1547	0.1645	0.1777	0.1222	0.1198	0.1259	0.1315	0.1443	0.1648	0.0908	0.0858	0.0884	0.0894	0.0975	0.1120	0.1380
2204	0.1739	0.1744	0.1715	0.1741	0.1676	0.1675	0.1641	0.1736	0.1791	0.1530	0.1502	0.1507	0.1549	0.1651	0.1773	0.1223	0.1203	0.1265	0.1312	0.1434	0.1647	0.0910	0.0860	0.0881	0.0893	0.0979	0.1128	0.1383
2205	0.1738	0.1739	0.1719	0.1741	0.1667	0.1674	0.1645	0.1729	0.1792	0.1529	0.1495	0.1510	0.1554	0.1656	0.1769	0.1223	0.1202	0.1264	0.1309	0.1433	0.1646	0.0909	0.0863	0.0875	0.0893	0.0981	0.1133	0.1387
2206	0.1742	0.1737	0.1717	0.1740	0.1664	0.1674	0.1656	0.1721	0.1793	0.1533	0.1494	0.1515	0.1559	0.1662	0.1766	0.1223	0.1195	0.1253	0.1308	0.1438	0.1640	0.0906	0.0863	0.0874	0.0898	0.0985	0.1135	0.1392
2207	0.1743	0.1732	0.1717	0.1741	0.1667	0.1672	0.1660	0.1719	0.1793	0.1538	0.1488	0.1509	0.1565	0.1659	0.1765	0.1225	0.1195	0.1246	0.1310	0.1443	0.1633	0.0905	0.0860	0.0873	0.0901	0.0988	0.1136	0.1395
2208	0.1742	0.1732	0.1711	0.1740	0.1675	0.1666	0.1655	0.1723	0.1796	0.1545	0.1480	0.1503	0.1570	0.1648	0.1769	0.1226	0.1203	0.1246	0.1316	0.1445	0.1628	0.0909	0.0858	0.0865	0.0900	0.0991	0.1134	0.1403
2209	0.1743	0.1736	0.1704	0.1733	0.1680	0.1664	0.1649	0.1719	0.1799	0.1549	0.1476	0.1503	0.1572	0.1638	0.1774	0.1225	0.1209	0.1244	0.1318	0.1446	0.1617	0.0910	0.0859	0.0857	0.0901	0.0993	0.1136	0.1411
2210	0.1743	0.1734	0.1703	0.1723	0.1682	0.1670	0.1647	0.1710	0.1794	0.1543	0.1475	0.1507	0.1570	0.1629	0.1777	0.1227	0.1207	0.1242	0.1315	0.1453	0.1606	0.0906	0.0860	0.0859	0.0900	0.0991	0.1140	0.1413
2211	0.1746	0.1734	0.1701	0.1717	0.1683	0.1674	0.1651	0.1704	0.1789	0.1536	0.1475	0.1505	0.1565	0.1624	0.1776	0.1229	0.1204	0.1243	0.1307	0.1457	0.1601	0.0905	0.0858	0.0864	0.0900	0.0988	0.1140	0.1410
2212	0.1751	0.1734	0.1697	0.1709	0.1679	0.1666	0.1669	0.1695	0.1782	0.1533	0.1470	0.1499	0.1558	0.1628	0.1773	0.1227	0.1202	0.1247	0.1295	0.1454	0.1611	0.0900	0.0855	0.0872	0.0902	0.0981	0.1139	0.1400
2213	0.1755	0.1736	0.1696	0.1705	0.1675	0.1661	0.1686	0.1693	0.1779	0.1529	0.1469	0.1495	0.1555	0.1632	0.1773	0.1228	0.1197	0.1249	0.1286	0.1456	0.1621	0.0898	0.0854	0.0880	0.0901	0.0972	0.1137	0.1396
2214	0.1756	0.1739	0.1696	0.1715	0.1670	0.1667	0.1686	0.1703	0.1783	0.1526	0.1475	0.1486	0.1558	0.1636	0.1771	0.1235	0.1190	0.1247	0.1287	0.1458	0.1622	0.0898	0.0846	0.0877	0.0899	0.0964	0.1137	0.1391
2215	0.1756	0.1742	0.1696	0.1727	0.1664	0.1675	0.1687	0.1709	0.1786	0.1527	0.1480	0.1481	0.1558	0.1640	0.1769	0.1242	0.1182	0.1245	0.1289	0.1455	0.1622	0.0898	0.0840	0.0870	0.0897	0.0961	0.1136	0.1385
2216	0.1758	0.1745	0.1699	0.1741	0.1665	0.1679	0.1681	0.1706	0.1780	0.1527	0.1482	0.1481	0.1550	0.1645	0.1774	0.1240	0.1186	0.1248	0.1296	0.1447	0.1621	0.0898	0.0845	0.0864	0.0889	0.0961	0.1127	0.1384
2217	0.1756	0.1747	0.1702	0.1750	0.1668	0.1681	0.1676	0.1701	0.1772	0.1528	0.1483	0.1483	0.1547	0.1651	0.1779	0.1234	0.1192	0.1250	0.1302	0.1440	0.1622	0.0897	0.0853	0.0859	0.0883	0.0963	0.1119	0.1383
2218	0.1742	0.1750	0.1694	0.1749	0.1672	0.1669	0.1678	0.1702	0.1776	0.1530	0.1488	0.1487	0.1552	0.1651	0.1777	0.1221	0.1188	0.1250	0.1297	0.1432	0.1631	0.0898	0.0854	0.0859	0.0886	0.0980	0.1118	0.1369
2219	0.1729	0.1755	0.1690	0.1747	0.1675	0.1654	0.1680	0.1705	0.1780	0.1530	0.1491	0.1487	0.1556	0.1646	0.1775	0.1209	0.1182	0.1250	0.1292	0.1426	0.1638	0.0900	0.0853	0.0858	0.0888	0.0996	0.1116	0.1355
2220	0.1731	0.1754	0.1699	0.1744	0.1670	0.1653	0.1674	0.1703	0.1781	0.1534	0.1490	0.1482	0.1562	0.1633	0.1781	0.1203	0.1184	0.1251	0.1288	0.1435	0.1637	0.0904	0.0851	0.0861	0.0892	0.0999	0.1114	0.1358
2221	0.1736	0.1751	0.1707	0.1740	0.1663	0.1656	0.1669	0.1700	0.1781	0.1537	0.1489	0.1477	0.1567	0.1621	0.1787	0.1200	0.1191	0.1253	0.1286	0.1445	0.1634	0.0910	0.0846	0.0865	0.0895	0.1000	0.1112	0.1364
2222	0.1737	0.1742	0.1712	0.1734	0.1661	0.1660	0.1663	0.1695	0.1782	0.1530	0.1483	0.1479	0.1568	0.1625	0.1780	0.1204	0.1197	0.1258	0.1292	0.1447	0.1632	0.0923	0.0837	0.0866	0.0893	0.1001	0.1111	0.1371
2223	0.1740	0.1734	0.1716	0.1728	0.1663	0.1663	0.1655	0.1688	0.1784	0.1521	0.1475	0.1484	0.1569	0.1636	0.1771	0.1209	0.1201	0.1264	0.1298	0.1446	0.1631	0.0937	0.0832	0.0867	0.0891	0.1004	0.1109	0.1381
2224	0.1741	0.1732	0.1714	0.1726	0.1664	0.1664	0.1652	0.1685	0.1783	0.1519	0.1475	0.1484	0.1563	0.1643	0.1766	0.1210	0.1203	0.1263	0.1295	0.1439	0.1631	0.0936	0.0838	0.0863	0.0888	0.1007	0.1111	0.1385
2225	0.1740	0.1730	0.1714	0.1728	0.1663	0.1664	0.1652	0.1683	0.1781	0.1517	0.1479	0.1479	0.1554	0.1641	0.1766	0.1212	0.1207	0.1260	0.1291	0.1432	0.1634	0.0931	0.0845	0.0859	0.0884	0.1008	0.1114	0.1383
2226	0.1738	0.1726	0.1713	0.1724	0.1663	0.1667	0.1661	0.1685	0.1776	0.1520	0.1481	0.1478	0.1552	0.1633	0.1769	0.1219	0.1208	0.1256	0.1298	0.1427	0.1636	0.0923	0.0849	0.0858	0.0879	0.0997	0.1112	0.1379
2227	0.1732	0.1719	0.1710	0.1718	0.1662	0.1670	0.1671	0.1688	0.1770	0.1525	0.1481	0.1480	0.1553	0.1626	0.1772	0.1227	0.1211	0.1255	0.1305	0.1424	0.1636	0.0915	0.0852	0.0858	0.0877	0.0987	0.1108	0.1376
2228	0.1721	0.1716	0.1710	0.1712	0.1666	0.1662	0.1669	0.1687	0.1766	0.1531	0.1488	0.1477	0.1548	0.1615	0.1770	0.1229	0.1214	0.1250	0.1309	0.1421	0.1635	0.0908	0.0856	0.0855	0.0874	0.0984	0.1106	0.1372
2229	0.1710	0.1713	0.1712	0.1703	0.1675	0.1651	0.1664	0.1687	0.1763	0.1536	0.1497	0.1476	0.1538	0.1607	0.1768	0.1228	0.1213	0.1242	0.1313	0.1414	0.1631	0.0901	0.0856	0.0853	0.0867	0.0979	0.1109	0.1368
2230	0.1699	0.1710	0.1712	0.1697	0.1676	0.1644	0.1657	0.1687	0.1760	0.1538	0.1506	0.1481	0.1533	0.1599	0.1766	0.1232	0.1203	0.1231	0.1312	0.1408	0.1627	0.0900	0.0860	0.0852	0.0868	0.0978	0.1116	0.1369
2231	0.1692	0.1712	0.1709	0.1695	0.1676	0.1641	0.1646	0.1690	0.1762	0.1535	0.1516	0.1483	0.1532	0.1597	0.1762	0.1234	0.1192	0.1221	0.1307	0.1407	0.1623	0.0900	0.0867	0.0849	0.0879	0.0982	0.1122	0.1372
2232	0.1694	0.1718	0.1701	0.1699	0.1674	0.1639	0.1642	0.1691	0.1757	0.1528	0.1516	0.1482	0.1530	0.1597	0.1756	0.1237	0.1183	0.1219	0.1306	0.1408	0.1620	0.0901	0.0866	0.0849	0.0884	0.0975	0.1133	0.1371
2233	0.1698	0.1722	0.1692	0.1705	0.1666	0.1640	0.1636	0.1688	0.1745	0.1525	0.1506	0.1484	0.1529	0.1595	0.1750	0.1244	0.1177	0.1216	0.1310	0.1414	0.1618	0.0910	0.0858	0.0852	0.0883	0.0968	0.1146	0.1372
2234	0.1698	0.1725	0.1695	0.1713	0.1661	0.1643	0.1635	0.1681	0.1742	0.1523	0.1500	0.1485	0.1529	0.1598	0.1742	0.1239	0.1175	0.1220	0.1307	0.1419	0.1608	0.0912	0.0850	0.0852	0.0882	0.0970	0.1150	0.1370
2235	0.1694	0.1728	0.1711	0.1722	0.1658	0.1649	0.1651	0.1669	0.1748	0.1515	0.1500	0.1480	0.1529	0.1600	0.1731	0.1231	0.1175	0.1231	0.1296	0.1416	0.1597	0.0902	0.0846	0.0858	0.0879	0.0976	0.1140	0.1361
2236	0.1692	0.1733	0.1720	0.1726	0.1654	0.1652	0.1657	0.1657	0.1755	0.1505	0.1494	0.1475	0.1524	0.1604	0.1724	0.1225	0.1173	0.1235	0.1287	0.1414	0.1588	0.0897	0.0844	0.0863	0.0876	0.0980	0.1131	0.1355
2237	0.1699	0.1733	0.1717	0.1719	0.1652	0.1656	0.1654	0.1649	0.1763	0.1500	0.1481	0.1472	0.1512	0.1606	0.1728	0.1220	0.1165	0.1231	0.1287	0.1413	0.1577	0.0902	0.0841	0.0860	0.0874	0.0977	0.1129	0.1351
2238	0.1707	0.1729	0.1711	0.1711	0.1648	0.1655	0.1651	0.1643	0.1769	0.1502	0.1471	0.1472	0.1504	0.1602	0.1736	0.1215	0.1161	0.1229	0.1290	0.1412	0.1572	0.0906	0.0843	0.0862	0.0871	0.0973	0.1125	0.1344
2239	0.1709	0.1725	0.1695	0.1709	0.1639	0.1641	0.1636	0.1636	0.1768	0.1505	0.1465	0.1474	0.1498	0.1603	0.1747	0.1208	0.1163	0.1223	0.1293	0.1416	0.1574	0.0909	0.0854	0.0867	0.0872	0.0970	0.1121	0.1340
2240	0.1710	0.1715	0.1682	0.1707	0.1630	0.1635	0.1627	0.1635	0.1766	0.1506	0.1464	0.1472	0.1498	0.1606	0.1751	0.1203	0.1166	0.1220	0.1296	0.1420	0.1579	0.0912	0.0860	0.0870	0.0875	0.0963	0.1118	0.1342
2241	0.1711	0.1706	0.1683	0.1713	0.1621	0.1643	0.1633	0.1651	0.1764	0.1506	0.1474	0.1466	0.1508	0.1606	0.1748	0.1199	0.1167	0.1232	0.1296	0.1419	0.1588	0.0916	0.0853	0.0870	0.0876	0.0962	0.1117	0.1348
2242	0.1707	0.1700	0.1685	0.1716	0.1614	0.1643	0.1637	0.1667	0.1760	0.1508	0.1479	0.1459	0.1515	0.1605	0.1746	0.1196	0.1168	0.1242	0.1291	0.1418	0.1594	0.0920	0.0849	0.0871	0.0874	0.0964	0.1115	0.1357
2243	0.1698	0.1694	0.1691	0.1707	0.1612	0.1643	0.1639	0.1679	0.1754	0.1510	0.1474	0.1462	0.1521	0.1599	0.1746	0.1198	0.1172	0.1241	0.1272	0.1416	0.1599	0.0921	0.0853	0.0871	0.0865	0.0961	0.1110	0.1370
2244	0.1689	0.1689	0.1695	0.1695	0.1612	0.1644	0.1640	0.1687	0.1752	0.1509	0.1467	0.1468	0.1523	0.1590	0.1748	0.1201	0.1175	0.1235	0.1260	0.1412	0.1606	0.0920	0.0857	0.0869	0.0855	0.0957	0.1107	0.1377
2245	0.1687	0.1688	0.1688	0.1686	0.1620	0.1640	0.1639	0.1689	0.1746	0.1509	0.1462	0.1467	0.1519	0.1577	0.1742	0.1205	0.1176	0.1228	0.1273	0.1413	0.1612	0.0916	0.0850	0.0864	0.0846	0.0955	0.1107	0.1373
2246	0.1688	0.1686	0.1683	0.1683	0.1630	0.1639	0.1636	0.1693	0.1740	0.1511	0.1460	0.1467	0.1516	0.1569	0.1737	0.1207	0.1173	0.1223	0.1287	0.1415	0.1616	0.0911	0.0841	0.0857	0.0840	0.0956	0.1106	0.1367
2247	0.1690	0.1690	0.1689	0.1687	0.1631	0.1639	0.1637	0.1694	0.1743	0.1513	0.1461	0.1472	0.1519	0.1575	0.1739	0.1200	0.1164	0.1220	0.1290	0.1421	0.1609	0.0908	0.0836	0.0849	0.0840	0.0960	0.1105	0.1357
2248	0.1692	0.1695	0.1698	0.1689	0.1630	0.1634	0.1643	0.1693	0.1747	0.1514	0.1462	0.1476	0.1523	0.1583	0.1738	0.1193	0.1156	0.1217	0.1291	0.1427	0.1602	0.0903	0.0832	0.0844	0.0841	0.0962	0.1106	0.1348
2249	0.1694	0.1693	0.1702	0.1688	0.1629	0.1636	0.1652	0.1689	0.1741	0.1514	0.1465	0.1477	0.1525	0.1589	0.1727	0.1192	0.1159	0.1205	0.1286	0.1431	0.1601	0.0896	0.0826	0.0837	0.0842	0.0959	0.1106	0.1340
2250	0.1695	0.1690	0.1700	0.1687	0.1628	0.1641	0.1656	0.1682	0.1734	0.1516	0.1468	0.1476	0.1524	0.1593	0.1716	0.1193	0.1165	0.1193	0.1281	0.1433	0.1601	0.0890	0.0821	0.0828	0.0842	0.0954	0.1105	0.1334
2251	0.1691	0.1689	0.1691	0.1686	0.1632	0.1638	0.1650	0.1675	0.1733	0.1521	0.1468	0.1473	0.1516	0.1591	0.1709	0.1192	0.1167	0.1185	0.1274	0.1433	0.1606	0.0880	0.0820	0.0829	0.0844	0.0947	0.1107	0.1336
2252	0.1686	0.1686	0.1682	0.1686	0.1637	0.1634	0.1642	0.1672	0.1733	0.1527	0.1470	0.1470	0.1508	0.1589	0.1704	0.1191	0.1166	0.1176	0.1268	0.1432	0.1612	0.0871	0.0819	0.0831	0.0844	0.0940	0.1109	0.1341
2253	0.1678	0.1684	0.1678	0.1684	0.1644	0.1634	0.1635	0.1675	0.1730	0.1529	0.1470	0.1464	0.1500	0.1589	0.1707	0.1187	0.1163	0.1177	0.1269	0.1426	0.1616	0.0871	0.0822	0.0836	0.0839	0.0940	0.1109	0.1347
2254	0.1671	0.1686	0.1674	0.1683	0.1651	0.1632	0.1633	0.1677	0.1726	0.1525	0.1466	0.1459	0.1494	0.1588	0.1711	0.1180	0.1158	0.1183	0.1270	0.1418	0.1616	0.0871	0.0827	0.0844	0.0833	0.0940	0.1109	0.1353
2255	0.1672	0.1690	0.1673	0.1686	0.1652	0.1633	0.1636	0.1674	0.1721	0.1521	0.1466	0.1454	0.1493	0.1587	0.1704	0.1172	0.1155	0.1186	0.1266	0.1417	0.1610	0.0871	0.0828	0.0845	0.0829	0.0940	0.1099	0.1354
2256	0.1676	0.1695	0.1672	0.1692	0.1647	0.1639	0.1638	0.1671	0.1717	0.1522	0.1466	0.1451	0.1489	0.1586	0.1697	0.1165	0.1158	0.1187	0.1262	0.1421	0.1604	0.0873	0.0828	0.0842	0.0828	0.0942	0.1085	0.1355
2257	0.1680	0.1686	0.1664	0.1688	0.1641	0.1643	0.1642	0.1667	0.1719	0.1519	0.1455	0.1456	0.1494	0.1587	0.1698	0.1167	0.1160	0.1187	0.1264	0.1419	0.1598	0.0873	0.0825	0.0838	0.0834	0.0945	0.1075	0.1348
2258	0.1685	0.1669	0.1653	0.1680	0.1642	0.1645	0.1644	0.1664	0.1721	0.1514	0.1444	0.1459	0.1504	0.1588	0.1704	0.1174	0.1158	0.1190	0.1265	0.1416	0.1594	0.0873	0.0821	0.0835	0.0842	0.0949	0.1069	0.1339
2259	0.1687	0.1667	0.1646	0.1680	0.1643	0.1644	0.1643	0.1660	0.1717	0.1507	0.1440	0.1460	0.1508	0.1586	0.1709	0.1183	0.1162	0.1194	0.1269	0.1414	0.1600	0.0880	0.0818	0.0831	0.0847	0.0951	0.1066	0.1339
2260	0.1685	0.1675	0.1639	0.1680	0.1645	0.1641	0.1642	0.1656	0.1714	0.1503	0.1440	0.1463	0.1511	0.1585	0.1712	0.1188	0.1168	0.1194	0.1275	0.1412	0.1609	0.0889	0.0818	0.0829	0.0853	0.0947	0.1066	0.1340
2261	0.1681	0.1677	0.1641	0.1675	0.1643	0.1630	0.1643	0.1652	0.1707	0.1505	0.1439	0.1461	0.1508	0.1576	0.1713	0.1193	0.1171	0.1191	0.1276	0.1410	0.1608	0.0883	0.0825	0.0824	0.0859	0.0946	0.1068	0.1341
2262	0.1674	0.1677	0.1645	0.1667	0.1632	0.1621	0.1641	0.1647	0.1699	0.1503	0.1437	0.1459	0.1501	0.1566	0.1710	0.1196	0.1176	0.1190	0.1277	0.1408	0.1603	0.0870	0.0834	0.0817	0.0863	0.0949	0.1073	0.1345
2263	0.1672	0.1671	0.1644	0.1659	0.1625	0.1617	0.1638	0.1646	0.1702	0.1500	0.1442	0.1460	0.1498	0.1562	0.1710	0.1192	0.1178	0.1193	0.1268	0.1405	0.1600	0.0866	0.0836	0.0817	0.0862	0.0957	0.1080	0.1346
2264	0.1672	0.1664	0.1642	0.1657	0.1623	0.1613	0.1633	0.1646	0.1711	0.1495	0.1449	0.1458	0.1496	0.1566	0.1709	0.1191	0.1172	0.1199	0.1256	0.1400	0.1593	0.0870	0.0830	0.0818	0.0862	0.0961	0.1085	0.1348
2265	0.1673	0.1664	0.1640	0.1664	0.1618	0.1608	0.1628	0.1640	0.1715	0.1491	0.1450	0.1453	0.1490	0.1570	0.1708	0.1189	0.1160	0.1202	0.1258	0.1394	0.1586	0.0873	0.0831	0.0820	0.0863	0.0960	0.1084	0.1351
2266	0.1678	0.1664	0.1643	0.1673	0.1614	0.1599	0.1620	0.1631	0.1717	0.1491	0.1443	0.1444	0.1480	0.1572	0.1705	0.1182	0.1150	0.1198	0.1269	0.1385	0.1581	0.0871	0.0838	0.0821	0.0861	0.0954	0.1078	0.1346
2267	0.1680	0.1659	0.1646	0.1672	0.1610	0.1595	0.1611	0.1626	0.1719	0.1490	0.1440	0.1434	0.1477	0.1572	0.1700	0.1176	0.1141	0.1194	0.1273	0.1380	0.1572	0.0861	0.0841	0.0823	0.0858	0.0947	0.1073	0.1338
2268	0.1677	0.1654	0.1656	0.1667	0.1608	0.1594	0.1606	0.1626	0.1717	0.1490	0.1439	0.1432	0.1479	0.1569	0.1695	0.1171	0.1133	0.1197	0.1272	0.1382	0.1565	0.0850	0.0842	0.0825	0.0853	0.0944	0.1066	0.1332
2269	0.1673	0.1651	0.1661	0.1664	0.1607	0.1593	0.1600	0.1627	0.1715	0.1491	0.1431	0.1434	0.1480	0.1567	0.1690	0.1172	0.1132	0.1198	0.1272	0.1381	0.1560	0.0847	0.0838	0.0828	0.0853	0.0936	0.1064	0.1329
2270	0.1669	0.1652	0.1652	0.1662	0.1605	0.1595	0.1589	0.1630	0.1715	0.1490	0.1423	0.1437	0.1481	0.1566	0.1688	0.1181	0.1141	0.1193	0.1269	0.1384	0.1557	0.0858	0.0827	0.0835	0.0858	0.0926	0.1068	0.1330
2271	0.1661	0.1651	0.1649	0.1663	0.1601	0.1595	0.1581	0.1633	0.1716	0.1486	0.1420	0.1439	0.1481	0.1565	0.1688	0.1183	0.1148	0.1189	0.1264	0.1390	0.1557	0.0869	0.0819	0.0848	0.0855	0.0922	0.1073	0.1337
2272	0.1655	0.1643	0.1652	0.1663	0.1595	0.1591	0.1583	0.1634	0.1716	0.1485	0.1423	0.1432	0.1484	0.1563	0.1698	0.1180	0.1152	0.1180	0.1260	0.1393	0.1568	0.0876	0.0814	0.0852	0.0845	0.0927	0.1075	0.1349
2273	0.1654	0.1637	0.1653	0.1653	0.1593	0.1593	0.1588	0.1634	0.1713	0.1484	0.1428	0.1425	0.1487	0.1563	0.1704	0.1180	0.1161	0.1172	0.1259	0.1394	0.1578	0.0878	0.0810	0.0849	0.0838	0.0929	0.1076	0.1358
2274	0.1658	0.1628	0.1650	0.1644	0.1597	0.1600	0.1589	0.1626	0.1703	0.1481	0.1432	0.1420	0.1487	0.1567	0.1703	0.1182	0.1168	0.1173	0.1260	0.1391	0.1581	0.0867	0.0818	0.0839	0.0839	0.0929	0.1071	0.1367
2275	0.1661	0.1619	0.1645	0.1635	0.1597	0.1608	0.1586	0.1619	0.1692	0.1477	0.1437	0.1416	0.1486	0.1568	0.1702	0.1182	0.1175	0.1174	0.1256	0.1385	0.1581	0.0860	0.0827	0.0831	0.0839	0.0932	0.1062	0.1372
2276	0.1652	0.1613	0.1631	0.1627	0.1594	0.1614	0.1577	0.1620	0.1683	0.1463	0.1425	0.1413	0.1482	0.1565	0.1694	0.1180	0.1171	0.1175	0.1254	0.1384	0.1576	0.0857	0.0831	0.0832	0.0833	0.0931	0.1059	0.1358
2277	0.1644	0.1607	0.1617	0.1621	0.1593	0.1615	0.1568	0.1619	0.1673	0.1453	0.1410	0.1410	0.1478	0.1561	0.1689	0.1181	0.1162	0.1175	0.1253	0.1386	0.1572	0.0854	0.0834	0.0832	0.0832	0.0929	0.1056	0.1348
2278	0.1642	0.1603	0.1608	0.1617	0.1592	0.1615	0.1560	0.1622	0.1670	0.1458	0.1401	0.1411	0.1476	0.1555	0.1678	0.1176	0.1153	0.1174	0.1252	0.1383	0.1581	0.0855	0.0837	0.0826	0.0836	0.0936	0.1052	0.1342
2279	0.1638	0.1599	0.1603	0.1617	0.1589	0.1610	0.1555	0.1624	0.1669	0.1460	0.1393	0.1412	0.1471	0.1546	0.1665	0.1171	0.1148	0.1174	0.1249	0.1379	0.1589	0.0854	0.0839	0.0818	0.0837	0.0942	0.1049	0.1335
2280	0.1640	0.1603	0.1606	0.1620	0.1578	0.1593	0.1561	0.1623	0.1676	0.1455	0.1398	0.1414	0.1460	0.1541	0.1658	0.1170	0.1146	0.1170	0.1238	0.1373	0.1584	0.0850	0.0839	0.0805	0.0839	0.0938	0.1048	0.1328
2281	0.1642	0.1609	0.1610	0.1621	0.1565	0.1579	0.1564	0.1622	0.1684	0.1449	0.1401	0.1415	0.1454	0.1539	0.1650	0.1169	0.1146	0.1167	0.1229	0.1365	0.1579	0.0851	0.0839	0.0793	0.0839	0.0936	0.1049	0.1324
2282	0.1634	0.1609	0.1618	0.1617	0.1562	0.1572	0.1551	0.1616	0.1679	0.1443	0.1399	0.1407	0.1459	0.1538	0.1642	0.1161	0.1147	0.1162	0.1231	0.1359	0.1574	0.0859	0.0843	0.0792	0.0838	0.0928	0.1050	0.1319
2283	0.1622	0.1609	0.1622	0.1614	0.1562	0.1567	0.1537	0.1608	0.1673	0.1438	0.1397	0.1397	0.1464	0.1538	0.1636	0.1154	0.1146	0.1154	0.1232	0.1354	0.1569	0.0867	0.0848	0.0794	0.0837	0.0917	0.1052	0.1310
2284	0.1613	0.1611	0.1616	0.1607	0.1564	0.1573	0.1530	0.1598	0.1679	0.1441	0.1404	0.1385	0.1453	0.1535	0.1639	0.1153	0.1140	0.1148	0.1233	0.1356	0.1560	0.0872	0.0840	0.0801	0.0833	0.0917	0.1044	0.1304
2285	0.1608	0.1613	0.1607	0.1597	0.1565	0.1581	0.1523	0.1588	0.1685	0.1448	0.1413	0.1376	0.1436	0.1530	0.1642	0.1157	0.1132	0.1147	0.1230	0.1357	0.1551	0.0873	0.0828	0.0807	0.0829	0.0919	0.1035	0.1302
2286	0.1605	0.1616	0.1595	0.1591	0.1559	0.1575	0.1526	0.1582	0.1684	0.1443	0.1410	0.1378	0.1425	0.1523	0.1644	0.1159	0.1120	0.1149	0.1220	0.1346	0.1547	0.0866	0.0817	0.0808	0.0819	0.0917	0.1033	0.1307
2287	0.1602	0.1615	0.1587	0.1589	0.1551	0.1566	0.1532	0.1578	0.1681	0.1433	0.1402	0.1380	0.1418	0.1519	0.1645	0.1158	0.1108	0.1149	0.1210	0.1330	0.1544	0.0859	0.0810	0.0806	0.0807	0.0915	0.1030	0.1311
2288	0.1599	0.1607	0.1585	0.1592	0.1543	0.1567	0.1533	0.1578	0.1670	0.1425	0.1396	0.1394	0.1421	0.1517	0.1646	0.1157	0.1103	0.1150	0.1199	0.1332	0.1543	0.0851	0.0814	0.0804	0.0798	0.0910	0.1028	0.1310
2289	0.1594	0.1601	0.1582	0.1595	0.1537	0.1570	0.1533	0.1580	0.1654	0.1418	0.1393	0.1411	0.1426	0.1515	0.1646	0.1155	0.1099	0.1151	0.1188	0.1342	0.1543	0.0840	0.0819	0.0800	0.0790	0.0904	0.1029	0.1305
2290	0.1595	0.1605	0.1578	0.1599	0.1540	0.1569	0.1531	0.1575	0.1646	0.1399	0.1395	0.1412	0.1432	0.1508	0.1645	0.1149	0.1098	0.1148	0.1187	0.1343	0.1540	0.0831	0.0816	0.0802	0.0796	0.0898	0.1031	0.1295
2291	0.1599	0.1611	0.1573	0.1600	0.1545	0.1568	0.1530	0.1569	0.1641	0.1382	0.1397	0.1410	0.1436	0.1501	0.1645	0.1144	0.1099	0.1143	0.1186	0.1343	0.1537	0.0824	0.0808	0.0805	0.0806	0.0892	0.1035	0.1285
2292	0.1599	0.1606	0.1568	0.1599	0.1541	0.1562	0.1540	0.1569	0.1645	0.1377	0.1390	0.1409	0.1434	0.1495	0.1641	0.1135	0.1107	0.1149	0.1192	0.1339	0.1536	0.0824	0.0802	0.0796	0.0811	0.0894	0.1043	0.1292
2293	0.1598	0.1603	0.1560	0.1597	0.1530	0.1551	0.1548	0.1571	0.1646	0.1375	0.1384	0.1407	0.1431	0.1492	0.1634	0.1122	0.1117	0.1158	0.1199	0.1333	0.1532	0.0827	0.0799	0.0786	0.0812	0.0899	0.1050	0.1303
2294	0.1593	0.1600	0.1554	0.1592	0.1521	0.1545	0.1545	0.1561	0.1639	0.1376	0.1374	0.1389	0.1424	0.1492	0.1632	0.1112	0.1119	0.1156	0.1191	0.1324	0.1525	0.0830	0.0788	0.0779	0.0813	0.0896	0.1047	0.1297
2295	0.1583	0.1591	0.1553	0.1585	0.1515	0.1544	0.1539	0.1549	0.1634	0.1377	0.1363	0.1368	0.1415	0.1488	0.1633	0.1101	0.1118	0.1151	0.1182	0.1315	0.1521	0.0831	0.0778	0.0772	0.0816	0.0890	0.1040	0.1285
2296	0.1582	0.1587	0.1549	0.1577	0.1513	0.1550	0.1533	0.1546	0.1642	0.1380	0.1362	0.1361	0.1410	0.1493	0.1630	0.1099	0.1115	0.1143	0.1182	0.1308	0.1524	0.0823	0.0768	0.0776	0.0816	0.0884	0.1030	0.1282
2297	0.1589	0.1583	0.1546	0.1569	0.1513	0.1554	0.1527	0.1543	0.1650	0.1385	0.1364	0.1360	0.1407	0.1502	0.1623	0.1100	0.1110	0.1134	0.1187	0.1299	0.1530	0.0811	0.0754	0.0781	0.0819	0.0885	0.1021	0.1286
2298	0.1591	0.1568	0.1552	0.1561	0.1507	0.1549	0.1510	0.1545	0.1648	0.1382	0.1355	0.1355	0.1401	0.1497	0.1614	0.1100	0.1099	0.1130	0.1200	0.1300	0.1518	0.0799	0.0750	0.0783	0.0825	0.0897	0.1017	0.1295
2299	0.1594	0.1552	0.1561	0.1552	0.1500	0.1538	0.1493	0.1548	0.1637	0.1378	0.1343	0.1351	0.1394	0.1489	0.1608	0.1097	0.1085	0.1128	0.1210	0.1308	0.1498	0.0786	0.0753	0.0785	0.0825	0.0907	0.1014	0.1302
2300	0.1586	0.1541	0.1565	0.1543	0.1496	0.1524	0.1486	0.1542	0.1622	0.1372	0.1336	0.1346	0.1387	0.1494	0.1606	0.1098	0.1075	0.1129	0.1211	0.1322	0.1491	0.0779	0.0757	0.0777	0.0815	0.0907	0.1008	0.1301
2301	0.1568	0.1533	0.1562	0.1536	0.1493	0.1515	0.1477	0.1539	0.1606	0.1361	0.1331	0.1342	0.1380	0.1500	0.1607	0.1097	0.1068	0.1133	0.1210	0.1335	0.1492	0.0778	0.0759	0.0767	0.0805	0.0906	0.1004	0.1299
2302	0.1558	0.1537	0.1543	0.1531	0.1493	0.1506	0.1479	0.1532	0.1588	0.1360	0.1332	0.1344	0.1371	0.1497	0.1609	0.1099	0.1063	0.1131	0.1203	0.1335	0.1488	0.0783	0.0768	0.0752	0.0801	0.0900	0.1002	0.1294
2303	0.1552	0.1546	0.1522	0.1527	0.1497	0.1495	0.1492	0.1521	0.1579	0.1365	0.1339	0.1345	0.1360	0.1489	0.1607	0.1105	0.1060	0.1121	0.1194	0.1327	0.1474	0.0788	0.0778	0.0733	0.0796	0.0888	0.1002	0.1280
2304	0.1549	0.1548	0.1505	0.1531	0.1491	0.1489	0.1501	0.1523	0.1579	0.1370	0.1338	0.1344	0.1361	0.1479	0.1602	0.1101	0.1057	0.1109	0.1183	0.1320	0.1468	0.0795	0.0776	0.0726	0.0797	0.0882	0.1005	0.1271
2305	0.1547	0.1542	0.1492	0.1537	0.1474	0.1485	0.1504	0.1531	0.1576	0.1374	0.1331	0.1338	0.1370	0.1462	0.1597	0.1091	0.1050	0.1090	0.1172	0.1316	0.1465	0.0802	0.0774	0.0731	0.0802	0.0881	0.1005	0.1270
2306	0.1544	0.1533	0.1488	0.1540	0.1469	0.1478	0.1499	0.1533	0.1570	0.1373	0.1327	0.1333	0.1376	0.1448	0.1593	0.1086	0.1042	0.1070	0.1170	0.1308	0.1463	0.0804	0.0776	0.0741	0.0797	0.0887	0.1004	0.1273
2307	0.1538	0.1524	0.1494	0.1540	0.1475	0.1469	0.1490	0.1529	0.1571	0.1368	0.1328	0.1325	0.1381	0.1443	0.1587	0.1087	0.1030	0.1055	0.1178	0.1297	0.1463	0.0803	0.0779	0.0754	0.0789	0.0896	0.1007	0.1282
2308	0.1532	0.1513	0.1495	0.1531	0.1483	0.1461	0.1487	0.1523	0.1572	0.1360	0.1326	0.1315	0.1387	0.1436	0.1576	0.1090	0.1026	0.1046	0.1177	0.1292	0.1466	0.0801	0.0778	0.0757	0.0784	0.0898	0.1011	0.1288
2309	0.1534	0.1506	0.1494	0.1525	0.1491	0.1447	0.1485	0.1519	0.1568	0.1353	0.1321	0.1308	0.1387	0.1422	0.1571	0.1084	0.1034	0.1050	0.1166	0.1293	0.1470	0.0798	0.0777	0.0749	0.0781	0.0895	0.1012	0.1282
2310	0.1533	0.1506	0.1495	0.1526	0.1491	0.1445	0.1481	0.1516	0.1559	0.1350	0.1318	0.1301	0.1384	0.1418	0.1567	0.1081	0.1041	0.1053	0.1157	0.1293	0.1473	0.0791	0.0775	0.0750	0.0779	0.0889	0.1014	0.1270
2311	0.1521	0.1508	0.1496	0.1526	0.1482	0.1459	0.1476	0.1505	0.1548	0.1345	0.1315	0.1301	0.1385	0.1424	0.1567	0.1088	0.1049	0.1056	0.1145	0.1288	0.1474	0.0783	0.0763	0.0766	0.0766	0.0877	0.1015	0.1252
2312	0.1506	0.1507	0.1502	0.1517	0.1479	0.1467	0.1472	0.1494	0.1546	0.1342	0.1313	0.1309	0.1385	0.1431	0.1567	0.1095	0.1049	0.1067	0.1137	0.1285	0.1471	0.0779	0.0756	0.0772	0.0757	0.0867	0.1011	0.1240
2313	0.1495	0.1504	0.1511	0.1497	0.1483	0.1475	0.1474	0.1486	0.1555	0.1345	0.1318	0.1321	0.1374	0.1446	0.1564	0.1101	0.1048	0.1075	0.1136	0.1281	0.1470	0.0775	0.0755	0.0761	0.0763	0.0865	0.1006	0.1244
2314	0.1492	0.1503	0.1512	0.1483	0.1481	0.1482	0.1473	0.1482	0.1562	0.1343	0.1323	0.1328	0.1365	0.1458	0.1560	0.1099	0.1049	0.1079	0.1136	0.1278	0.1468	0.0767	0.0748	0.0755	0.0766	0.0860	0.1007	0.1253
2315	0.1491	0.1507	0.1498	0.1481	0.1475	0.1471	0.1465	0.1479	0.1557	0.1337	0.1323	0.1323	0.1359	0.1454	0.1548	0.1082	0.1047	0.1078	0.1146	0.1277	0.1468	0.0760	0.0742	0.0758	0.0767	0.0851	0.1012	0.1258
2316	0.1488	0.1507	0.1484	0.1476	0.1471	0.1458	0.1458	0.1477	0.1552	0.1329	0.1322	0.1313	0.1352	0.1447	0.1538	0.1066	0.1041	0.1076	0.1146	0.1275	0.1471	0.0759	0.0738	0.0754	0.0765	0.0847	0.1018	0.1257
2317	0.1486	0.1498	0.1472	0.1471	0.1472	0.1446	0.1460	0.1480	0.1552	0.1327	0.1321	0.1300	0.1353	0.1440	0.1533	0.1056	0.1024	0.1074	0.1132	0.1271	0.1472	0.0775	0.0739	0.0750	0.0759	0.0847	0.1030	0.1254
2318	0.1484	0.1488	0.1463	0.1470	0.1472	0.1436	0.1459	0.1482	0.1549	0.1323	0.1316	0.1292	0.1352	0.1433	0.1527	0.1046	0.1009	0.1071	0.1119	0.1269	0.1470	0.0791	0.0736	0.0750	0.0759	0.0846	0.1038	0.1248
2319	0.1474	0.1481	0.1462	0.1475	0.1459	0.1439	0.1452	0.1474	0.1547	0.1316	0.1311	0.1289	0.1360	0.1421	0.1520	0.1043	0.1003	0.1070	0.1103	0.1276	0.1465	0.0795	0.0729	0.0742	0.0772	0.0850	0.1027	0.1245
2320	0.1465	0.1480	0.1460	0.1481	0.1446	0.1442	0.1445	0.1469	0.1548	0.1315	0.1305	0.1287	0.1367	0.1411	0.1513	0.1040	0.0999	0.1071	0.1092	0.1281	0.1459	0.0797	0.0720	0.0734	0.0779	0.0853	0.1014	0.1246
2321	0.1471	0.1481	0.1459	0.1481	0.1440	0.1440	0.1429	0.1459	0.1541	0.1325	0.1289	0.1280	0.1350	0.1401	0.1511	0.1043	0.1005	0.1076	0.1097	0.1272	0.1451	0.0786	0.0706	0.0737	0.0772	0.0857	0.1000	0.1255
2322	0.1477	0.1481	0.1464	0.1480	0.1434	0.1436	0.1416	0.1450	0.1536	0.1333	0.1271	0.1272	0.1334	0.1393	0.1508	0.1044	0.1013	0.1081	0.1103	0.1261	0.1444	0.0775	0.0696	0.0740	0.0766	0.0859	0.0991	0.1265
2323	0.1477	0.1483	0.1467	0.1480	0.1439	0.1427	0.1413	0.1443	0.1545	0.1338	0.1260	0.1254	0.1332	0.1404	0.1511	0.1034	0.1013	0.1092	0.1103	0.1261	0.1439	0.0766	0.0704	0.0742	0.0752	0.0848	0.0993	0.1264
2324	0.1476	0.1486	0.1466	0.1483	0.1444	0.1422	0.1413	0.1435	0.1553	0.1341	0.1252	0.1236	0.1332	0.1415	0.1517	0.1024	0.1011	0.1096	0.1100	0.1264	0.1438	0.0758	0.0713	0.0741	0.0741	0.0836	0.0994	0.1259
2325	0.1476	0.1494	0.1462	0.1488	0.1446	0.1428	0.1407	0.1444	0.1553	0.1333	0.1256	0.1237	0.1339	0.1424	0.1517	0.1029	0.0999	0.1090	0.1100	0.1259	0.1442	0.0768	0.0728	0.0736	0.0749	0.0825	0.0991	0.1251
2326	0.1475	0.1501	0.1458	0.1490	0.1451	0.1435	0.1399	0.1454	0.1553	0.1328	0.1260	0.1241	0.1342	0.1431	0.1516	0.1037	0.0982	0.1082	0.1101	0.1255	0.1444	0.0777	0.0742	0.0731	0.0759	0.0816	0.0986	0.1245
2327	0.1467	0.1496	0.1466	0.1492	0.1450	0.1434	0.1396	0.1453	0.1552	0.1315	0.1252	0.1255	0.1325	0.1431	0.1519	0.1050	0.0964	0.1072	0.1101	0.1240	0.1434	0.0776	0.0756	0.0727	0.0767	0.0819	0.0979	0.1230
2328	0.1463	0.1489	0.1472	0.1494	0.1443	0.1431	0.1396	0.1447	0.1549	0.1297	0.1246	0.1266	0.1311	0.1432	0.1522	0.1062	0.0949	0.1063	0.1102	0.1223	0.1425	0.0776	0.0769	0.0727	0.0771	0.0826	0.0976	0.1217
2329	0.1467	0.1469	0.1465	0.1488	0.1424	0.1425	0.1415	0.1431	0.1550	0.1283	0.1248	0.1257	0.1314	0.1433	0.1517	0.1061	0.0950	0.1066	0.1099	0.1208	0.1429	0.0769	0.0768	0.0739	0.0768	0.0829	0.0982	0.1220
2330	0.1466	0.1450	0.1456	0.1482	0.1409	0.1419	0.1434	0.1418	0.1553	0.1272	0.1249	0.1245	0.1318	0.1432	0.1511	0.1058	0.0953	0.1073	0.1095	0.1196	0.1432	0.0759	0.0764	0.0748	0.0764	0.0832	0.0986	0.1222
2331	0.1462	0.1442	0.1447	0.1472	0.1412	0.1409	0.1430	0.1416	0.1548	0.1276	0.1248	0.1230	0.1325	0.1416	0.1505	0.1060	0.0964	0.1075	0.1097	0.1201	0.1434	0.0754	0.0747	0.0740	0.0749	0.0845	0.0991	0.1222
2332	0.1459	0.1435	0.1441	0.1462	0.1413	0.1400	0.1423	0.1413	0.1542	0.1284	0.1251	0.1216	0.1331	0.1397	0.1498	0.1063	0.0979	0.1073	0.1099	0.1206	0.1438	0.0751	0.0730	0.0730	0.0735	0.0857	0.0995	0.1225
2333	0.1452	0.1438	0.1442	0.1464	0.1402	0.1405	0.1412	0.1408	0.1541	0.1284	0.1242	0.1210	0.1324	0.1384	0.1498	0.1057	0.0995	0.1050	0.1104	0.1206	0.1441	0.0735	0.0713	0.0727	0.0726	0.0853	0.0993	0.1230
2334	0.1444	0.1445	0.1437	0.1467	0.1391	0.1413	0.1403	0.1404	0.1541	0.1282	0.1230	0.1206	0.1314	0.1374	0.1498	0.1050	0.1007	0.1025	0.1109	0.1206	0.1442	0.0720	0.0698	0.0725	0.0720	0.0849	0.0994	0.1233
2335	0.1441	0.1454	0.1423	0.1469	0.1385	0.1407	0.1406	0.1419	0.1541	0.1286	0.1232	0.1207	0.1308	0.1378	0.1508	0.1051	0.1012	0.1021	0.1115	0.1203	0.1443	0.0718	0.0704	0.0721	0.0727	0.0857	0.1002	0.1231
2336	0.1439	0.1459	0.1415	0.1472	0.1381	0.1398	0.1409	0.1436	0.1539	0.1289	0.1238	0.1206	0.1300	0.1384	0.1520	0.1049	0.1016	0.1024	0.1121	0.1202	0.1444	0.0713	0.0715	0.0720	0.0734	0.0866	0.1006	0.1230
2337	0.1431	0.1453	0.1419	0.1463	0.1382	0.1396	0.1408	0.1445	0.1525	0.1276	0.1238	0.1205	0.1298	0.1382	0.1519	0.1028	0.1000	0.1032	0.1121	0.1205	0.1440	0.0717	0.0729	0.0729	0.0738	0.0868	0.0994	0.1228
2338	0.1420	0.1448	0.1421	0.1452	0.1386	0.1394	0.1407	0.1451	0.1510	0.1263	0.1235	0.1207	0.1297	0.1378	0.1514	0.1005	0.0980	0.1038	0.1119	0.1208	0.1436	0.0727	0.0739	0.0734	0.0741	0.0869	0.0985	0.1225
2339	0.1420	0.1440	0.1422	0.1448	0.1395	0.1401	0.1400	0.1448	0.1501	0.1262	0.1227	0.1221	0.1306	0.1369	0.1511	0.1002	0.0969	0.1048	0.1116	0.1219	0.1444	0.0738	0.0741	0.0722	0.0750	0.0861	0.0988	0.1229
2340	0.1422	0.1431	0.1422	0.1444	0.1402	0.1412	0.1394	0.1444	0.1493	0.1261	0.1218	0.1237	0.1317	0.1360	0.1511	0.1005	0.0960	0.1057	0.1111	0.1230	0.1453	0.0748	0.0744	0.0710	0.0761	0.0853	0.0990	0.1234
2341	0.1424	0.1419	0.1408	0.1439	0.1401	0.1404	0.1398	0.1433	0.1494	0.1275	0.1219	0.1243	0.1309	0.1363	0.1506	0.1015	0.0953	0.1054	0.1105	0.1237	0.1455	0.0749	0.0739	0.0705	0.0748	0.0851	0.0994	0.1225
2342	0.1428	0.1405	0.1391	0.1435	0.1401	0.1389	0.1402	0.1420	0.1497	0.1293	0.1221	0.1247	0.1295	0.1366	0.1501	0.1022	0.0950	0.1051	0.1105	0.1246	0.1454	0.0748	0.0734	0.0703	0.0732	0.0845	0.0997	0.1213
2343	0.1432	0.1404	0.1393	0.1444	0.1406	0.1393	0.1403	0.1419	0.1505	0.1303	0.1227	0.1251	0.1292	0.1370	0.1492	0.1020	0.0955	0.1042	0.1105	0.1253	0.1435	0.0759	0.0740	0.0708	0.0725	0.0840	0.0994	0.1215
2344	0.1433	0.1409	0.1400	0.1456	0.1411	0.1399	0.1405	0.1418	0.1514	0.1310	0.1234	0.1256	0.1292	0.1375	0.1481	0.1018	0.0960	0.1028	0.1101	0.1261	0.1415	0.0772	0.0747	0.0711	0.0718	0.0838	0.0992	0.1222
2345	0.1431	0.1411	0.1408	0.1453	0.1415	0.1409	0.1411	0.1417	0.1512	0.1307	0.1231	0.1250	0.1293	0.1372	0.1479	0.1008	0.0956	0.1028	0.1092	0.1245	0.1410	0.0780	0.0744	0.0718	0.0725	0.0843	0.0988	0.1219
2346	0.1430	0.1414	0.1416	0.1447	0.1418	0.1421	0.1418	0.1417	0.1507	0.1304	0.1231	0.1245	0.1293	0.1366	0.1485	0.0995	0.0946	0.1036	0.1079	0.1217	0.1407	0.0786	0.0741	0.0726	0.0740	0.0850	0.0983	0.1210
2347	0.1425	0.1410	0.1411	0.1440	0.1410	0.1417	0.1420	0.1422	0.1498	0.1298	0.1236	0.1247	0.1302	0.1354	0.1495	0.0993	0.0947	0.1032	0.1066	0.1205	0.1405	0.0798	0.0741	0.0728	0.0739	0.0851	0.0988	0.1206
2348	0.1419	0.1406	0.1401	0.1431	0.1396	0.1408	0.1422	0.1419	0.1482	0.1288	0.1241	0.1249	0.1314	0.1341	0.1505	0.0997	0.0956	0.1021	0.1054	0.1200	0.1406	0.0809	0.0740	0.0730	0.0730	0.0847	0.0996	0.1204
2349	0.1411	0.1408	0.1415	0.1432	0.1374	0.1390	0.1418	0.1417	0.1475	0.1282	0.1240	0.1248	0.1315	0.1343	0.1488	0.1011	0.0961	0.1021	0.1068	0.1205	0.1403	0.0804	0.0734	0.0723	0.0724	0.0848	0.0990	0.1206
2350	0.1407	0.1409	0.1434	0.1433	0.1358	0.1366	0.1411	0.1424	0.1473	0.1277	0.1238	0.1249	0.1315	0.1347	0.1460	0.1029	0.0960	0.1023	0.1092	0.1210	0.1396	0.0795	0.0726	0.0714	0.0718	0.0849	0.0980	0.1210
2351	0.1410	0.1420	0.1450	0.1437	0.1362	0.1361	0.1395	0.1430	0.1475	0.1283	0.1236	0.1250	0.1313	0.1344	0.1450	0.1036	0.0965	0.1036	0.1102	0.1217	0.1395	0.0788	0.0726	0.0704	0.0718	0.0848	0.0970	0.1226
2352	0.1412	0.1432	0.1460	0.1444	0.1370	0.1366	0.1383	0.1437	0.1482	0.1295	0.1237	0.1251	0.1304	0.1341	0.1450	0.1035	0.0971	0.1050	0.1106	0.1226	0.1395	0.0776	0.0732	0.0693	0.0726	0.0849	0.0959	0.1241
2353	0.1400	0.1439	0.1445	0.1450	0.1377	0.1372	0.1374	0.1438	0.1474	0.1287	0.1229	0.1233	0.1302	0.1348	0.1451	0.1033	0.0977	0.1049	0.1095	0.1219	0.1405	0.0766	0.0736	0.0688	0.0724	0.0847	0.0967	0.1236
2354	0.1385	0.1442	0.1426	0.1459	0.1382	0.1377	0.1365	0.1436	0.1459	0.1269	0.1217	0.1210	0.1306	0.1360	0.1451	0.1033	0.0981	0.1042	0.1086	0.1206	0.1419	0.0760	0.0731	0.0686	0.0713	0.0841	0.0984	0.1223
2355	0.1399	0.1441	0.1422	0.1459	0.1383	0.1378	0.1368	0.1434	0.1453	0.1255	0.1213	0.1206	0.1299	0.1364	0.1454	0.1040	0.0973	0.1038	0.1084	0.1202	0.1429	0.0752	0.0718	0.0689	0.0706	0.0820	0.0988	0.1224
2356	0.1421	0.1438	0.1422	0.1453	0.1385	0.1381	0.1374	0.1430	0.1447	0.1242	0.1210	0.1210	0.1286	0.1363	0.1455	0.1050	0.0967	0.1036	0.1078	0.1200	0.1438	0.0747	0.0704	0.0695	0.0702	0.0793	0.0986	0.1234
2357	0.1430	0.1434	0.1421	0.1434	0.1385	0.1381	0.1382	0.1420	0.1449	0.1249	0.1204	0.1208	0.1277	0.1364	0.1456	0.1040	0.0974	0.1029	0.1072	0.1203	0.1437	0.0742	0.0696	0.0691	0.0704	0.0787	0.0976	0.1233
2358	0.1432	0.1433	0.1421	0.1408	0.1383	0.1378	0.1387	0.1405	0.1453	0.1268	0.1196	0.1202	0.1272	0.1367	0.1459	0.1024	0.0987	0.1021	0.1067	0.1207	0.1430	0.0738	0.0691	0.0686	0.0709	0.0795	0.0968	0.1226
2359	0.1423	0.1432	0.1408	0.1394	0.1381	0.1372	0.1380	0.1406	0.1465	0.1272	0.1188	0.1202	0.1265	0.1367	0.1461	0.1006	0.0986	0.1025	0.1051	0.1205	0.1415	0.0731	0.0691	0.0691	0.0712	0.0799	0.0965	0.1212
2360	0.1410	0.1430	0.1391	0.1386	0.1375	0.1367	0.1371	0.1415	0.1482	0.1263	0.1185	0.1204	0.1256	0.1366	0.1463	0.0983	0.0974	0.1031	0.1033	0.1202	0.1399	0.0726	0.0689	0.0699	0.0709	0.0799	0.0963	0.1190
2361	0.1397	0.1423	0.1384	0.1385	0.1368	0.1362	0.1364	0.1422	0.1485	0.1249	0.1192	0.1214	0.1253	0.1357	0.1457	0.0978	0.0967	0.1032	0.1035	0.1204	0.1383	0.0727	0.0685	0.0710	0.0708	0.0801	0.0963	0.1185
2362	0.1388	0.1415	0.1380	0.1389	0.1359	0.1360	0.1355	0.1425	0.1482	0.1233	0.1205	0.1232	0.1258	0.1342	0.1443	0.0984	0.0962	0.1031	0.1047	0.1205	0.1370	0.0730	0.0677	0.0725	0.0709	0.0800	0.0963	0.1188
2363	0.1377	0.1413	0.1371	0.1400	0.1362	0.1367	0.1359	0.1420	0.1474	0.1237	0.1221	0.1244	0.1257	0.1334	0.1437	0.0988	0.0966	0.1018	0.1057	0.1200	0.1376	0.0734	0.0665	0.0732	0.0718	0.0809	0.0958	0.1194
2364	0.1367	0.1412	0.1361	0.1413	0.1374	0.1375	0.1371	0.1412	0.1464	0.1254	0.1235	0.1254	0.1254	0.1334	0.1438	0.0993	0.0976	0.1001	0.1064	0.1191	0.1383	0.0736	0.0654	0.0734	0.0739	0.0826	0.0947	0.1204
2365	0.1356	0.1402	0.1352	0.1414	0.1378	0.1373	0.1373	0.1393	0.1459	0.1257	0.1234	0.1260	0.1255	0.1333	0.1442	0.0999	0.0975	0.0999	0.1077	0.1190	0.1380	0.0739	0.0653	0.0725	0.0750	0.0836	0.0939	0.1207
2366	0.1342	0.1390	0.1344	0.1404	0.1380	0.1367	0.1367	0.1370	0.1459	0.1246	0.1221	0.1257	0.1253	0.1332	0.1443	0.1001	0.0969	0.1003	0.1090	0.1197	0.1376	0.0741	0.0664	0.0707	0.0751	0.0839	0.0937	0.1208
2367	0.1343	0.1390	0.1351	0.1394	0.1377	0.1367	0.1349	0.1362	0.1460	0.1235	0.1208	0.1244	0.1245	0.1338	0.1439	0.1006	0.0967	0.1002	0.1093	0.1202	0.1374	0.0740	0.0668	0.0694	0.0742	0.0828	0.0939	0.1206
2368	0.1354	0.1394	0.1366	0.1385	0.1373	0.1369	0.1329	0.1364	0.1459	0.1229	0.1202	0.1225	0.1231	0.1351	0.1434	0.1021	0.0970	0.0995	0.1090	0.1204	0.1378	0.0739	0.0659	0.0686	0.0725	0.0809	0.0945	0.1199
2369	0.1364	0.1399	0.1368	0.1377	0.1368	0.1362	0.1314	0.1370	0.1452	0.1225	0.1206	0.1216	0.1234	0.1351	0.1434	0.1023	0.0972	0.0979	0.1086	0.1201	0.1375	0.0734	0.0657	0.0679	0.0713	0.0802	0.0946	0.1196
2370	0.1376	0.1407	0.1363	0.1373	0.1356	0.1346	0.1300	0.1378	0.1445	0.1220	0.1217	0.1214	0.1252	0.1346	0.1437	0.1014	0.0971	0.0963	0.1081	0.1192	0.1362	0.0728	0.0662	0.0674	0.0706	0.0805	0.0936	0.1196
2371	0.1376	0.1400	0.1356	0.1375	0.1345	0.1339	0.1295	0.1376	0.1436	0.1222	0.1220	0.1205	0.1259	0.1338	0.1455	0.1006	0.0960	0.0959	0.1075	0.1181	0.1349	0.0723	0.0672	0.0670	0.0703	0.0804	0.0935	0.1192
2372	0.1364	0.1382	0.1352	0.1378	0.1333	0.1341	0.1297	0.1367	0.1424	0.1228	0.1215	0.1190	0.1254	0.1327	0.1488	0.1004	0.0940	0.0954	0.1070	0.1168	0.1337	0.0725	0.0686	0.0668	0.0702	0.0797	0.0945	0.1183
2373	0.1358	0.1375	0.1347	0.1380	0.1327	0.1342	0.1301	0.1357	0.1411	0.1224	0.1200	0.1187	0.1244	0.1318	0.1499	0.0996	0.0926	0.0959	0.1067	0.1157	0.1346	0.0718	0.0681	0.0671	0.0703	0.0796	0.0944	0.1183
2374	0.1361	0.1376	0.1339	0.1378	0.1326	0.1343	0.1314	0.1347	0.1399	0.1215	0.1182	0.1194	0.1236	0.1305	0.1485	0.0978	0.0916	0.0970	0.1070	0.1148	0.1372	0.0696	0.0658	0.0676	0.0707	0.0796	0.0938	0.1194
2375	0.1370	0.1378	0.1335	0.1375	0.1325	0.1338	0.1324	0.1339	0.1391	0.1224	0.1177	0.1193	0.1233	0.1295	0.1471	0.0967	0.0903	0.0978	0.1077	0.1140	0.1382	0.0684	0.0639	0.0677	0.0711	0.0800	0.0927	0.1194
2376	0.1382	0.1377	0.1337	0.1370	0.1327	0.1329	0.1331	0.1332	0.1382	0.1248	0.1176	0.1190	0.1239	0.1289	0.1464	0.0962	0.0888	0.0991	0.1081	0.1135	0.1379	0.0683	0.0631	0.0678	0.0711	0.0804	0.0909	0.1186
2377	0.1379	0.1372	0.1334	0.1372	0.1331	0.1314	0.1334	0.1325	0.1373	0.1254	0.1177	0.1186	0.1243	0.1294	0.1465	0.0958	0.0882	0.0999	0.1073	0.1140	0.1367	0.0684	0.0634	0.0677	0.0717	0.0805	0.0900	0.1181
2378	0.1361	0.1368	0.1323	0.1381	0.1336	0.1292	0.1329	0.1317	0.1368	0.1242	0.1182	0.1179	0.1241	0.1307	0.1465	0.0962	0.0883	0.0997	0.1060	0.1151	0.1347	0.0694	0.0646	0.0671	0.0727	0.0809	0.0902	0.1180
2379	0.1344	0.1359	0.1314	0.1376	0.1327	0.1278	0.1327	0.1308	0.1364	0.1238	0.1181	0.1174	0.1240	0.1322	0.1456	0.0963	0.0889	0.0990	0.1038	0.1160	0.1333	0.0703	0.0648	0.0664	0.0722	0.0814	0.0897	0.1175
2380	0.1329	0.1349	0.1308	0.1355	0.1302	0.1278	0.1325	0.1304	0.1358	0.1246	0.1176	0.1168	0.1239	0.1338	0.1439	0.0962	0.0900	0.0977	0.1002	0.1167	0.1323	0.0708	0.0638	0.0657	0.0704	0.0818	0.0883	0.1167
2381	0.1319	0.1332	0.1300	0.1342	0.1285	0.1276	0.1320	0.1309	0.1357	0.1244	0.1170	0.1162	0.1229	0.1333	0.1423	0.0956	0.0905	0.0966	0.0985	0.1173	0.1316	0.0708	0.0636	0.0655	0.0686	0.0811	0.0880	0.1170
2382	0.1319	0.1309	0.1293	0.1337	0.1279	0.1270	0.1313	0.1325	0.1366	0.1224	0.1163	0.1158	0.1209	0.1310	0.1410	0.0940	0.0903	0.0958	0.0994	0.1183	0.1310	0.0700	0.0639	0.0663	0.0672	0.0794	0.0885	0.1180
2383	0.1320	0.1302	0.1288	0.1337	0.1280	0.1262	0.1293	0.1334	0.1366	0.1205	0.1160	0.1150	0.1196	0.1292	0.1406	0.0930	0.0905	0.0954	0.1000	0.1192	0.1307	0.0699	0.0636	0.0667	0.0665	0.0786	0.0894	0.1184
2384	0.1320	0.1309	0.1285	0.1346	0.1291	0.1254	0.1267	0.1326	0.1356	0.1185	0.1165	0.1133	0.1190	0.1273	0.1415	0.0931	0.0912	0.0955	0.1007	0.1201	0.1314	0.0705	0.0635	0.0655	0.0666	0.0794	0.0911	0.1190
2385	0.1320	0.1322	0.1284	0.1348	0.1295	0.1242	0.1253	0.1325	0.1353	0.1172	0.1170	0.1124	0.1187	0.1260	0.1418	0.0939	0.0912	0.0957	0.1012	0.1206	0.1322	0.0707	0.0635	0.0649	0.0673	0.0800	0.0924	0.1190
2386	0.1317	0.1337	0.1284	0.1337	0.1286	0.1223	0.1253	0.1338	0.1362	0.1173	0.1168	0.1133	0.1190	0.1255	0.1412	0.0958	0.0901	0.0958	0.1012	0.1202	0.1326	0.0713	0.0638	0.0649	0.0684	0.0800	0.0931	0.1180
2387	0.1314	0.1335	0.1289	0.1325	0.1270	0.1216	0.1254	0.1336	0.1367	0.1177	0.1160	0.1140	0.1187	0.1252	0.1411	0.0961	0.0881	0.0955	0.1008	0.1192	0.1329	0.0709	0.0635	0.0641	0.0685	0.0799	0.0933	0.1169
2388	0.1310	0.1312	0.1297	0.1310	0.1247	0.1228	0.1255	0.1316	0.1362	0.1184	0.1144	0.1147	0.1169	0.1257	0.1411	0.0939	0.0846	0.0945	0.0994	0.1172	0.1330	0.0688	0.0624	0.0627	0.0677	0.0795	0.0923	0.1153
2389	0.1313	0.1301	0.1301	0.1298	0.1240	0.1247	0.1250	0.1296	0.1356	0.1195	0.1136	0.1145	0.1159	0.1259	0.1417	0.0920	0.0827	0.0936	0.0986	0.1164	0.1328	0.0669	0.0613	0.0623	0.0669	0.0795	0.0916	0.1146
2390	0.1328	0.1309	0.1304	0.1298	0.1258	0.1272	0.1235	0.1277	0.1351	0.1212	0.1139	0.1131	0.1159	0.1250	0.1435	0.0910	0.0834	0.0930	0.0994	0.1173	0.1321	0.0653	0.0604	0.0632	0.0657	0.0796	0.0916	0.1152
2391	0.1340	0.1308	0.1306	0.1300	0.1269	0.1293	0.1229	0.1267	0.1348	0.1222	0.1136	0.1117	0.1168	0.1242	0.1435	0.0907	0.0851	0.0928	0.0990	0.1171	0.1316	0.0642	0.0606	0.0643	0.0651	0.0786	0.0911	0.1150
2392	0.1346	0.1293	0.1308	0.1304	0.1269	0.1303	0.1242	0.1268	0.1339	0.1221	0.1123	0.1096	0.1193	0.1238	0.1405	0.0913	0.0877	0.0928	0.0966	0.1149	0.1310	0.0633	0.0623	0.0650	0.0653	0.0765	0.0895	0.1131
2393	0.1345	0.1286	0.1298	0.1311	0.1272	0.1302	0.1258	0.1267	0.1334	0.1218	0.1104	0.1086	0.1201	0.1242	0.1383	0.0930	0.0892	0.0923	0.0951	0.1136	0.1301	0.0636	0.0630	0.0653	0.0654	0.0758	0.0887	0.1126
2394	0.1333	0.1296	0.1274	0.1325	0.1280	0.1278	0.1279	0.1265	0.1340	0.1209	0.1078	0.1094	0.1186	0.1260	0.1370	0.0957	0.0898	0.0908	0.0951	0.1141	0.1288	0.0657	0.0619	0.0652	0.0649	0.0771	0.0890	0.1143
2395	0.1323	0.1297	0.1258	0.1337	0.1279	0.1261	0.1284	0.1256	0.1341	0.1190	0.1064	0.1099	0.1175	0.1271	0.1352	0.0965	0.0905	0.0900	0.0957	0.1136	0.1282	0.0674	0.0612	0.0655	0.0643	0.0785	0.0888	0.1144
2396	0.1321	0.1290	0.1257	0.1342	0.1267	0.1257	0.1267	0.1236	0.1330	0.1158	0.1070	0.1105	0.1169	0.1268	0.1327	0.0952	0.0910	0.0905	0.0968	0.1114	0.1291	0.0685	0.0610	0.0661	0.0642	0.0811	0.0878	0.1119
2397	0.1326	0.1292	0.1266	0.1333	0.1257	0.1257	0.1253	0.1232	0.1325	0.1134	0.1080	0.1117	0.1164	0.1272	0.1313	0.0940	0.0910	0.0916	0.0977	0.1103	0.1304	0.0692	0.0607	0.0654	0.0646	0.0814	0.0873	0.1096
2398	0.1338	0.1303	0.1287	0.1305	0.1242	0.1262	0.1243	0.1250	0.1328	0.1126	0.1097	0.1134	0.1154	0.1287	0.1320	0.0928	0.0900	0.0937	0.0988	0.1100	0.1319	0.0690	0.0606	0.0639	0.0659	0.0784	0.0873	0.1082
2399	0.1339	0.1305	0.1298	0.1276	0.1244	0.1254	0.1234	0.1270	0.1327	0.1132	0.1100	0.1156	0.1149	0.1294	0.1329	0.0927	0.0896	0.0954	0.0999	0.1096	0.1323	0.0684	0.0607	0.0633	0.0668	0.0755	0.0878	0.1079
2400	0.1324	0.1288	0.1293	0.1248	0.1277	0.1228	0.1227	0.1294	0.1319	0.1155	0.1077	0.1187	0.1157	0.1284	0.1341	0.0942	0.0909	0.0964	0.1010	0.1094	0.1310	0.0669	0.0617	0.0637	0.0668	0.0727	0.0892	0.1091
2401	0.1314	0.1268	0.1289	0.1233	0.1298	0.1211	0.1228	0.1309	0.1317	0.1175	0.1063	0.1192	0.1158	0.1271	0.1347	0.0949	0.0914	0.0967	0.1015	0.1094	0.1301	0.0652	0.0622	0.0639	0.0663	0.0704	0.0913	0.1105
2402	0.1307	0.1242	0.1287	0.1240	0.1300	0.1211	0.1240	0.1307	0.1330	0.1188	0.1068	0.1157	0.1146	0.1258	0.1342	0.0947	0.0904	0.0958	0.1014	0.1102	0.1301	0.0631	0.0614	0.0636	0.0646	0.0689	0.0940	0.1123
2403	0.1294	0.1231	0.1273	0.1245	0.1308	0.1212	0.1250	0.1293	0.1340	0.1195	0.1076	0.1122	0.1128	0.1242	0.1341	0.0949	0.0888	0.0951	0.1010	0.1099	0.1296	0.0607	0.0608	0.0631	0.0633	0.0694	0.0951	0.1136
2404	0.1271	0.1246	0.1242	0.1249	0.1327	0.1207	0.1256	0.1259	0.1344	0.1198	0.1088	0.1093	0.1098	0.1218	0.1344	0.0955	0.0861	0.0947	0.0999	0.1074	0.1278	0.0578	0.0609	0.0622	0.0629	0.0738	0.0933	0.1135
2405	0.1256	0.1251	0.1216	0.1249	0.1338	0.1208	0.1240	0.1232	0.1342	0.1194	0.1101	0.1072	0.1083	0.1194	0.1345	0.0955	0.0839	0.0950	0.0994	0.1063	0.1265	0.0567	0.0607	0.0620	0.0637	0.0763	0.0919	0.1129
2406	0.1258	0.1239	0.1202	0.1242	0.1338	0.1219	0.1190	0.1217	0.1326	0.1170	0.1115	0.1060	0.1101	0.1166	0.1337	0.0943	0.0826	0.0962	0.0998	0.1074	0.1257	0.0590	0.0597	0.0627	0.0664	0.0754	0.0910	0.1112
2407	0.1258	0.1231	0.1190	0.1231	0.1332	0.1227	0.1146	0.1209	0.1312	0.1149	0.1118	0.1055	0.1109	0.1155	0.1334	0.0935	0.0813	0.0954	0.0998	0.1088	0.1260	0.0610	0.0584	0.0640	0.0683	0.0747	0.0901	0.1105
2408	0.1250	0.1228	0.1181	0.1214	0.1317	0.1234	0.1115	0.1216	0.1299	0.1137	0.1100	0.1066	0.1092	0.1178	0.1337	0.0934	0.0800	0.0913	0.0988	0.1106	0.1283	0.0623	0.0571	0.0666	0.0689	0.0744	0.0892	0.1116
2409	0.1240	0.1231	0.1179	0.1206	0.1299	0.1236	0.1104	0.1220	0.1296	0.1122	0.1088	0.1074	0.1081	0.1200	0.1332	0.0933	0.0797	0.0887	0.0979	0.1113	0.1295	0.0633	0.0567	0.0683	0.0686	0.0735	0.0879	0.1126
2410	0.1224	0.1245	0.1191	0.1218	0.1276	0.1227	0.1127	0.1220	0.1309	0.1101	0.1088	0.1077	0.1077	0.1223	0.1312	0.0929	0.0813	0.0887	0.0973	0.1103	0.1286	0.0635	0.0576	0.0685	0.0669	0.0715	0.0859	0.1135
2411	0.1221	0.1262	0.1201	0.1234	0.1247	0.1218	0.1145	0.1218	0.1316	0.1096	0.1087	0.1074	0.1082	0.1239	0.1303	0.0925	0.0821	0.0892	0.0962	0.1102	0.1277	0.0644	0.0586	0.0680	0.0652	0.0701	0.0844	0.1135
2412	0.1241	0.1282	0.1205	0.1259	0.1205	0.1210	0.1155	0.1214	0.1311	0.1117	0.1082	0.1059	0.1105	0.1243	0.1311	0.0918	0.0814	0.0902	0.0944	0.1118	0.1274	0.0664	0.0598	0.0661	0.0638	0.0702	0.0834	0.1118
2413	0.1262	0.1298	0.1196	0.1278	0.1174	0.1196	0.1167	0.1205	0.1306	0.1133	0.1083	0.1053	0.1123	0.1241	0.1312	0.0905	0.0802	0.0901	0.0926	0.1128	0.1268	0.0663	0.0603	0.0647	0.0623	0.0701	0.0827	0.1105
2414	0.1287	0.1308	0.1162	0.1284	0.1163	0.1174	0.1184	0.1188	0.1300	0.1140	0.1094	0.1065	0.1132	0.1228	0.1302	0.0881	0.0779	0.0876	0.0908	0.1126	0.1257	0.0624	0.0599	0.0639	0.0607	0.0696	0.0823	0.1099
2415	0.1295	0.1296	0.1139	0.1270	0.1160	0.1154	0.1189	0.1175	0.1290	0.1139	0.1102	0.1068	0.1128	0.1215	0.1291	0.0864	0.0760	0.0852	0.0906	0.1122	0.1247	0.0609	0.0597	0.0623	0.0601	0.0681	0.0822	0.1091
2416	0.1272	0.1246	0.1136	0.1220	0.1172	0.1138	0.1172	0.1169	0.1270	0.1127	0.1106	0.1058	0.1103	0.1205	0.1282	0.0862	0.0747	0.0833	0.0936	0.1116	0.1238	0.0633	0.0600	0.0591	0.0612	0.0650	0.0829	0.1078
2417	0.1250	0.1210	0.1135	0.1188	0.1189	0.1133	0.1156	0.1167	0.1253	0.1125	0.1109	0.1046	0.1093	0.1207	0.1278	0.0865	0.0732	0.0822	0.0958	0.1120	0.1235	0.0652	0.0596	0.0573	0.0615	0.0637	0.0839	0.1075
2418	0.1229	0.1200	0.1138	0.1189	0.1214	0.1148	0.1139	0.1170	0.1240	0.1140	0.1107	0.1030	0.1114	0.1231	0.1286	0.0875	0.0715	0.0827	0.0966	0.1140	0.1242	0.0660	0.0579	0.0582	0.0600	0.0657	0.0856	0.1091
2419	0.1205	0.1193	0.1137	0.1190	0.1215	0.1159	0.1131	0.1184	0.1233	0.1141	0.1100	0.1021	0.1124	0.1242	0.1295	0.0885	0.0703	0.0844	0.0973	0.1151	0.1237	0.0668	0.0565	0.0593	0.0589	0.0680	0.0871	0.1103
2420	0.1178	0.1192	0.1127	0.1192	0.1172	0.1162	0.1140	0.1215	0.1236	0.1116	0.1082	0.1025	0.1115	0.1228	0.1307	0.0892	0.0698	0.0884	0.0979	0.1143	0.1210	0.0672	0.0556	0.0607	0.0585	0.0706	0.0882	0.1105
2421	0.1160	0.1186	0.1119	0.1205	0.1150	0.1174	0.1159	0.1243	0.1240	0.1096	0.1069	0.1032	0.1097	0.1211	0.1314	0.0907	0.0702	0.0916	0.0981	0.1120	0.1197	0.0664	0.0545	0.0619	0.0584	0.0719	0.0883	0.1104
2422	0.1157	0.1172	0.1116	0.1239	0.1168	0.1199	0.1197	0.1264	0.1246	0.1088	0.1066	0.1045	0.1066	0.1189	0.1312	0.0939	0.0721	0.0934	0.0978	0.1069	0.1208	0.0631	0.0532	0.0630	0.0586	0.0708	0.0869	0.1099
2423	0.1156	0.1168	0.1122	0.1261	0.1175	0.1214	0.1225	0.1266	0.1253	0.1086	0.1064	0.1052	0.1036	0.1172	0.1305	0.0953	0.0734	0.0943	0.0962	0.1030	0.1215	0.0610	0.0518	0.0638	0.0575	0.0696	0.0864	0.1100
2424	0.1153	0.1180	0.1144	0.1266	0.1163	0.1210	0.1237	0.1234	0.1262	0.1095	0.1065	0.1045	0.1013	0.1167	0.1291	0.0932	0.0735	0.0936	0.0925	0.1015	0.1215	0.0610	0.0509	0.0640	0.0541	0.0683	0.0875	0.1108
2425	0.1155	0.1190	0.1170	0.1253	0.1157	0.1198	0.1252	0.1193	0.1252	0.1097	0.1057	0.1029	0.1006	0.1161	0.1284	0.0902	0.0732	0.0923	0.0897	0.1003	0.1216	0.0600	0.0516	0.0643	0.0524	0.0674	0.0883	0.1111
2426	0.1163	0.1198	0.1200	0.1214	0.1159	0.1171	0.1272	0.1134	0.1208	0.1083	0.1032	0.0997	0.1025	0.1153	0.1290	0.0856	0.0725	0.0903	0.0886	0.0996	0.1221	0.0574	0.0553	0.0646	0.0535	0.0674	0.0886	0.1105
2427	0.1150	0.1199	0.1216	0.1185	0.1165	0.1149	0.1280	0.1093	0.1181	0.1076	0.1008	0.0978	0.1041	0.1161	0.1286	0.0826	0.0712	0.0881	0.0884	0.1003	0.1223	0.0555	0.0575	0.0649	0.0542	0.0678	0.0879	0.1098
2428	0.1104	0.1194	0.1206	0.1172	0.1176	0.1134	0.1262	0.1084	0.1185	0.1078	0.0987	0.0985	0.1053	0.1194	0.1265	0.0827	0.0691	0.0857	0.0898	0.1032	0.1217	0.0551	0.0571	0.0657	0.0545	0.0689	0.0858	0.1090
2429	0.1085	0.1194	0.1191	0.1157	0.1176	0.1118	0.1239	0.1090	0.1186	0.1070	0.0976	0.0986	0.1056	0.1223	0.1246	0.0832	0.0687	0.0850	0.0919	0.1049	0.1214	0.0556	0.0576	0.0656	0.0550	0.0698	0.0849	0.1081
2430	0.1116	0.1206	0.1172	0.1143	0.1157	0.1099	0.1214	0.1116	0.1181	0.1046	0.0984	0.0982	0.1047	0.1245	0.1237	0.0841	0.0716	0.0872	0.0949	0.1039	0.1217	0.0579	0.0589	0.0640	0.0555	0.0697	0.0856	0.1072
2431	0.1132	0.1200	0.1156	0.1128	0.1147	0.1085	0.1192	0.1143	0.1185	0.1033	0.0999	0.0978	0.1039	0.1240	0.1226	0.0845	0.0730	0.0885	0.0976	0.1036	0.1226	0.0582	0.0595	0.0619	0.0571	0.0696	0.0869	0.1061
2432	0.1126	0.1169	0.1147	0.1115	0.1150	0.1083	0.1180	0.1168	0.1207	0.1037	0.1027	0.0971	0.1027	0.1195	0.1211	0.0841	0.0718	0.0885	0.0996	0.1048	0.1246	0.0555	0.0598	0.0593	0.0601	0.0688	0.0892	0.1051
2433	0.1115	0.1144	0.1144	0.1107	0.1163	0.1096	0.1172	0.1167	0.1212	0.1040	0.1043	0.0961	0.1019	0.1155	0.1192	0.0839	0.0711	0.0877	0.1009	0.1055	0.1252	0.0544	0.0603	0.0582	0.0614	0.0681	0.0911	0.1050
2434	0.1093	0.1123	0.1154	0.1101	0.1194	0.1128	0.1167	0.1129	0.1191	0.1043	0.1035	0.0943	0.1025	0.1119	0.1165	0.0831	0.0713	0.0856	0.1012	0.1054	0.1235	0.0550	0.0613	0.0590	0.0602	0.0678	0.0923	0.1061
2435	0.1087	0.1119	0.1177	0.1099	0.1197	0.1150	0.1161	0.1101	0.1172	0.1048	0.1025	0.0935	0.1023	0.1097	0.1158	0.0828	0.0734	0.0844	0.1005	0.1050	0.1226	0.0562	0.0628	0.0599	0.0595	0.0677	0.0920	0.1054
2436	0.1109	0.1144	0.1218	0.1109	0.1162	0.1150	0.1151	0.1093	0.1160	0.1053	0.1006	0.0945	0.1011	0.1097	0.1190	0.0833	0.0786	0.0844	0.0982	0.1045	0.1227	0.0582	0.0648	0.0614	0.0599	0.0676	0.0897	0.1021
2437	0.1124	0.1176	0.1250	0.1105	0.1141	0.1134	0.1154	0.1087	0.1156	0.1045	0.0985	0.0949	0.1005	0.1096	0.1206	0.0837	0.0818	0.0842	0.0945	0.1045	0.1217	0.0589	0.0669	0.0613	0.0611	0.0669	0.0875	0.0994
2438	0.1133	0.1216	0.1271	0.1080	0.1137	0.1099	0.1171	0.1079	0.1164	0.1019	0.0967	0.0940	0.0998	0.1089	0.1189	0.0844	0.0822	0.0838	0.0886	0.1043	0.1196	0.0575	0.0685	0.0591	0.0628	0.0656	0.0856	0.0976
2439	0.1131	0.1237	0.1265	0.1052	0.1133	0.1082	0.1173	0.1085	0.1164	0.1021	0.0973	0.0935	0.0988	0.1085	0.1180	0.0845	0.0802	0.0822	0.0835	0.1043	0.1185	0.0568	0.0693	0.0580	0.0625	0.0650	0.0839	0.0977
2440	0.1108	0.1232	0.1212	0.1018	0.1124	0.1092	0.1160	0.1108	0.1148	0.1062	0.1019	0.0933	0.0983	0.1086	0.1181	0.0848	0.0750	0.0784	0.0797	0.1050	0.1185	0.0572	0.0689	0.0583	0.0596	0.0656	0.0820	0.1003
2441	0.1104	0.1212	0.1168	0.1014	0.1106	0.1107	0.1124	0.1104	0.1137	0.1091	0.1037	0.0943	0.0993	0.1070	0.1171	0.0861	0.0707	0.0765	0.0794	0.1040	0.1187	0.0596	0.0670	0.0607	0.0578	0.0667	0.0795	0.1010
2442	0.1125	0.1174	0.1141	0.1058	0.1086	0.1122	0.1060	0.1066	0.1131	0.1101	0.1010	0.0976	0.1017	0.1040	0.1148	0.0874	0.0659	0.0780	0.0846	0.1019	0.1186	0.0649	0.0637	0.0655	0.0580	0.0674	0.0773	0.0990
2443	0.1126	0.1155	0.1122	0.1110	0.1088	0.1100	0.1038	0.1078	0.1124	0.1104	0.0987	0.0995	0.1036	0.1052	0.1138	0.0879	0.0635	0.0797	0.0893	0.1013	0.1181	0.0668	0.0619	0.0676	0.0574	0.0667	0.0753	0.0986
2444	0.1113	0.1149	0.1117	0.1157	0.1113	0.1037	0.1059	0.1146	0.1116	0.1101	0.0964	0.0990	0.1047	0.1109	0.1148	0.0872	0.0659	0.0806	0.0920	0.1017	0.1173	0.0638	0.0611	0.0659	0.0545	0.0642	0.0731	0.1002
2445	0.1103	0.1121	0.1125	0.1167	0.1124	0.1000	0.1058	0.1175	0.1097	0.1103	0.0962	0.0969	0.1064	0.1136	0.1168	0.0859	0.0672	0.0808	0.0906	0.1020	0.1185	0.0612	0.0598	0.0622	0.0519	0.0635	0.0723	0.1027
2446	0.1088	0.1073	0.1155	0.1139	0.1124	0.1009	0.1042	0.1161	0.1070	0.1110	0.0984	0.0925	0.1090	0.1124	0.1196	0.0851	0.0671	0.0804	0.0859	0.1019	0.1226	0.0591	0.0578	0.0567	0.0521	0.0656	0.0730	0.1067
2447	0.1070	0.1068	0.1162	0.1114	0.1099	0.1025	0.1039	0.1141	0.1063	0.1105	0.0972	0.0890	0.1099	0.1098	0.1208	0.0856	0.0692	0.0777	0.0842	0.1053	0.1234	0.0590	0.0549	0.0544	0.0539	0.0660	0.0738	0.1064
2448	0.1039	0.1110	0.1133	0.1081	0.1040	0.1041	0.1047	0.1126	0.1078	0.1089	0.0914	0.0874	0.1090	0.1064	0.1209	0.0872	0.0729	0.0729	0.0861	0.1125	0.1202	0.0611	0.0526	0.0555	0.0569	0.0656	0.0744	0.1004
2449	0.1020	0.1123	0.1114	0.1063	0.0972	0.1031	0.1068	0.1114	0.1108	0.1058	0.0871	0.0874	0.1083	0.1057	0.1229	0.0879	0.0747	0.0697	0.0861	0.1135	0.1175	0.0596	0.0506	0.0556	0.0588	0.0643	0.0763	0.0981
2450	0.1030	0.1113	0.1102	0.1076	0.0900	0.0986	0.1108	0.1092	0.1161	0.1024	0.0866	0.0892	0.1074	0.1076	0.1255	0.0872	0.0744	0.0692	0.0836	0.1092	0.1163	0.0542	0.0479	0.0550	0.0588	0.0605	0.0790	0.1000
2451	0.1053	0.1107	0.1105	0.1082	0.0867	0.0959	0.1142	0.1074	0.1195	0.0993	0.0845	0.0903	0.1060	0.1069	0.1260	0.0846	0.0735	0.0725	0.0807	0.1079	0.1167	0.0545	0.0464	0.0562	0.0555	0.0616	0.0801	0.1001
2452	0.1078	0.1101	0.1134	0.1077	0.0878	0.0949	0.1176	0.1068	0.1203	0.0954	0.0814	0.0899	0.1039	0.1036	0.1251	0.0789	0.0706	0.0788	0.0763	0.1080	0.1190	0.0609	0.0480	0.0592	0.0487	0.0664	0.0797	0.0989
2453	0.1087	0.1072	0.1107	0.1041	0.0932	0.0904	0.1202	0.1061	0.1194	0.0950	0.0817	0.0886	0.1015	0.1035	0.1230	0.0725	0.0708	0.0833	0.0745	0.1082	0.1198	0.0622	0.0501	0.0594	0.0473	0.0692	0.0772	0.0973
2454	0.1090	0.1024	0.1024	0.0966	0.1009	0.0844	0.1219	0.1041	0.1154	0.0972	0.0842	0.0864	0.1012	0.1060	0.1189	0.0657	0.0771	0.0857	0.0766	0.1094	0.1189	0.0593	0.0527	0.0554	0.0512	0.0714	0.0714	0.0959
2455	0.1102	0.1001	0.0955	0.0947	0.1041	0.0847	0.1241	0.1024	0.1106	0.0963	0.0895	0.0869	0.1000	0.1050	0.1178	0.0662	0.0806	0.0876	0.0788	0.1063	0.1178	0.0582	0.0510	0.0508	0.0544	0.0703	0.0668	0.0983
2456	0.1129	0.1009	0.0909	0.0998	0.1046	0.0890	0.1245	0.1027	0.1080	0.0927	0.0963	0.0895	0.0973	0.1001	0.1225	0.0725	0.0817	0.0903	0.0812	0.0995	0.1163	0.0576	0.0451	0.0457	0.0568	0.0664	0.0661	0.1040
2457	0.1185	0.1052	0.0950	0.1057	0.1026	0.0932	0.1196	0.1040	0.1081	0.0961	0.0997	0.0913	0.0967	0.0962	0.1283	0.0800	0.0790	0.0884	0.0841	0.0993	0.1145	0.0575	0.0441	0.0415	0.0575	0.0666	0.0676	0.1042
2458	0.1243	0.1126	0.1037	0.1102	0.0997	0.0977	0.1111	0.1071	0.1102	0.1057	0.1023	0.0951	0.0966	0.0952	0.1331	0.0900	0.0718	0.0810	0.0869	0.1039	0.1121	0.0592	0.0442	0.0390	0.0560	0.0684	0.0704	0.0993
2459	0.1209	0.1125	0.1028	0.1085	0.1021	0.1001	0.1071	0.1100	0.1124	0.1101	0.1031	0.0959	0.0995	0.0932	0.1312	0.0886	0.0690	0.0800	0.0839	0.1025	0.1128	0.0628	0.0427	0.0397	0.0534	0.0668	0.0744	0.0954
2460	0.1097	0.1049	0.0956	0.1024	0.1079	0.0992	0.1037	0.1103	0.1121	0.1122	0.0986	0.0910	0.1058	0.0916	0.1235	0.0807	0.0700	0.0870	0.0772	0.0949	0.1145	0.0690	0.0404	0.0426	0.0531	0.0647	0.0784	0.0919
2461	0.1029	0.1025	0.0940	0.0933	0.1106	0.0974	0.0979	0.1074	0.1132	0.1132	0.0956	0.0871	0.1080	0.0928	0.1161	0.0751	0.0724	0.0918	0.0748	0.0926	0.1169	0.0731	0.0401	0.0462	0.0513	0.0659	0.0796	0.0932
2462	0.0984	0.1044	0.0976	0.0814	0.1097	0.0955	0.0907	0.1041	0.1160	0.1119	0.0985	0.0841	0.1058	0.0961	0.1082	0.0686	0.0759	0.0907	0.0742	0.0971	0.1205	0.0711	0.0452	0.0507	0.0471	0.0704	0.0802	0.0986
2463	0.0892	0.1096	0.1002	0.0785	0.1127	0.0922	0.0895	0.1070	0.1191	0.1091	0.1046	0.0813	0.1012	0.1034	0.1069	0.0683	0.0773	0.0851	0.0735	0.1013	0.1259	0.0634	0.0508	0.0529	0.0443	0.0731	0.0798	0.0983
2464	0.0814	0.1158	0.1040	0.0818	0.1166	0.0910	0.0960	0.1120	0.1251	0.1049	0.1108	0.0805	0.0963	0.1120	0.1137	0.0735	0.0757	0.0811	0.0753	0.1034	0.1325	0.0560	0.0539	0.0525	0.0393	0.0716	0.0804	0.0982
2465	0.0825	0.1157	0.1058	0.0841	0.1113	0.0939	0.0890	0.1161	0.1279	0.1026	0.1119	0.0836	0.0937	0.1169	0.1169	0.0792	0.0764	0.0782	0.0812	0.0984	0.1315	0.0553	0.0532	0.0559	0.0389	0.0648	0.0812	0.1025
2466	0.0897	0.1116	0.1043	0.0898	0.1010	0.1014	0.0730	0.1196	0.1281	0.1036	0.1105	0.0886	0.0940	0.1189	0.1136	0.0856	0.0772	0.0748	0.0874	0.0901	0.1264	0.0581	0.0479	0.0646	0.0421	0.0561	0.0807	0.1066
2467	0.0895	0.1017	0.0970	0.0986	0.0919	0.1088	0.0654	0.1186	0.1257	0.1034	0.1088	0.0980	0.0958	0.1125	0.1110	0.0906	0.0695	0.0666	0.0874	0.0950	0.1262	0.0545	0.0439	0.0716	0.0451	0.0528	0.0763	0.1049
2468	0.0795	0.0908	0.0850	0.1082	0.0871	0.1095	0.0608	0.1174	0.1204	0.0972	0.1062	0.1098	0.0961	0.1017	0.1106	0.0911	0.0576	0.0509	0.0825	0.1038	0.1320	0.0439	0.0472	0.0756	0.0530	0.0534	0.0697	0.0988
2469	0.0783	0.0848	0.0824	0.1161	0.0859	0.1005	0.0700	0.1188	0.1120	0.0945	0.1064	0.1046	0.0975	0.1016	0.1140	0.1008	0.0565	0.0553	0.0683	0.1041	0.1332	0.0427	0.0524	0.0676	0.0535	0.0538	0.0679	0.1017
2470	0.0855	0.0793	0.0883	0.1209	0.0822	0.0871	0.0870	0.1231	0.1021	0.0960	0.1089	0.0893	0.0964	0.1057	0.1186	0.1118	0.0624	0.0778	0.0502	0.1049	0.1279	0.0494	0.0568	0.0547	0.0435	0.0561	0.0663	0.1063
2471	0.0939	0.0888	0.0977	0.1228	0.0896	0.0811	0.0919	0.1261	0.0975	0.0936	0.1068	0.0924	0.0873	0.1091	0.1171	0.1117	0.0647	0.0856	0.0549	0.1123	0.1288	0.0569	0.0660	0.0555	0.0407	0.0662	0.0663	0.1061
2472	0.1014	0.1063	0.1064	0.1252	0.1060	0.0827	0.0919	0.1294	0.0971	0.0913	0.1002	0.1073	0.0766	0.1065	0.1121	0.1125	0.0662	0.0788	0.0689	0.1200	0.1340	0.0626	0.0753	0.0636	0.0420	0.0776	0.0677	0.1070
2473	0.0993	0.1101	0.1038	0.1156	0.1087	0.1044	0.0869	0.1278	0.1082	0.0927	0.0917	0.1173	0.0770	0.0995	0.1120	0.0990	0.0652	0.0712	0.0701	0.1149	0.1323	0.0716	0.0763	0.0548	0.0411	0.0822	0.0770	0.1105
2474	0.0907	0.1099	0.0977	0.0996	0.1026	0.1321	0.0789	0.1159	0.1232	0.0919	0.0854	0.1208	0.0817	0.0970	0.1167	0.0801	0.0646	0.0680	0.0715	0.1036	0.1235	0.0844	0.0773	0.0333	0.0428	0.0845	0.0919	0.1163
2475	0.0893	0.1146	0.1035	0.0913	0.0997	0.1298	0.0828	0.1148	0.1343	0.0915	0.0855	0.1084	0.0862	0.0920	0.1187	0.0708	0.0598	0.0731	0.0713	0.0951	0.1257	0.0843	0.0713	0.0276	0.0433	0.0882	0.0971	0.1201
2476	0.0873	0.1221	0.1165	0.0769	0.0990	0.1171	0.0955	0.1252	0.1456	0.0940	0.0961	0.0925	0.0890	0.0918	0.1191	0.0647	0.0524	0.0810	0.0625	0.0977	0.1348	0.0803	0.0545	0.0299	0.0397	0.0879	0.0923	0.1266
2477	0.0824	0.1337	0.1153	0.0701	0.0866	0.1071	0.1215	0.1349	0.1431	0.0988	0.1070	0.0910	0.0999	0.0932	0.1295	0.0699	0.0504	0.0820	0.0714	0.1053	0.1365	0.0688	0.0508	0.0425	0.0354	0.0903	0.0876	0.1227
2478	0.0850	0.1434	0.1104	0.0793	0.0703	0.1004	0.1422	0.1470	0.1354	0.1078	0.1051	0.0928	0.1185	0.0884	0.1410	0.0793	0.0445	0.0860	0.0901	0.1054	0.1331	0.0590	0.0560	0.0554	0.0334	0.0938	0.0925	0.1118
2479	0.0787	0.1360	0.1271	0.0916	0.0728	0.1027	0.1361	0.1476	0.1280	0.1002	0.1028	0.0922	0.1094	0.0937	0.1320	0.0787	0.0387	0.1016	0.0807	0.0984	0.1272	0.0568	0.0586	0.0454	0.0272	0.0848	0.0987	0.1173
2480	0.0698	0.1242	0.1388	0.0954	0.0833	0.1012	0.1301	0.1337	0.1181	0.0835	0.1039	0.0966	0.0954	0.1036	0.1147	0.0735	0.0363	0.1136	0.0702	0.0805	0.1226	0.0475	0.0618	0.0329	0.0146	0.0754	0.1017	0.1235
2481	0.0657	0.1130	0.1333	0.0953	0.0841	0.1020	0.1235	0.1185	0.1070	0.0858	0.0960	0.1049	0.0944	0.1030	0.0851	0.0833	0.0516	0.1049	0.0723	0.0733	0.1092	0.0414	0.0632	0.0257	0.0183	0.0692	0.1014	0.1209
2482	0.0569	0.1018	0.1195	0.1060	0.0717	0.1085	0.1117	0.1092	0.0942	0.1002	0.0871	0.1111	0.0837	0.1060	0.0579	0.1052	0.0737	0.0886	0.0736	0.0839	0.0921	0.0366	0.0612	0.0237	0.0288	0.0648	0.1028	0.1085
2483	0.0579	0.1092	0.1030	0.1044	0.0688	0.1041	0.1198	0.1051	0.0877	0.1152	0.0792	0.1067	0.0716	0.1085	0.0678	0.1148	0.0800	0.0802	0.0842	0.0935	0.0956	0.0308	0.0521	0.0243	0.0369	0.0534	0.0949	0.0988
2484	0.0697	0.1247	0.0988	0.0964	0.0773	0.0936	0.1435	0.1013	0.0861	0.1207	0.0681	0.1055	0.0726	0.1069	0.0925	0.1163	0.0690	0.0696	0.0952	0.0973	0.1106	0.0259	0.0472	0.0194	0.0528	0.0469	0.0804	0.1090
2485	0.0799	0.1173	0.1138	0.1049	0.0749	0.0662	0.1545	0.0791	0.1068	0.1118	0.0598	0.1144	0.0962	0.1223	0.1093	0.1190	0.0273	0.0530	0.0967	0.1104	0.1203	0.0333	0.0472	0.0390	0.0570	0.0588	0.0871	0.1279
2486	0.0838	0.1015	0.1247	0.1068	0.0704	0.0325	0.1654	0.0542	0.1329	0.0978	0.0541	0.1202	0.1230	0.1311	0.1112	0.1135	0.0000	0.0364	0.0914	0.1210	0.1323	0.0463	0.0426	0.0656	0.0533	0.0686	0.0979	0.1468
2487	0.0792	0.0924	0.1093	0.1110	0.0951	0.0198	0.1713	0.0474	0.1474	0.0801	0.0857	0.1237	0.1281	0.1200	0.0877	0.0860	0.0107	0.0207	0.0733	0.1212	0.1556	0.0711	0.0322	0.0603	0.0479	0.0871	0.0660	0.1624
2488	0.0724	0.0939	0.1007	0.1242	0.1231	0.0102	0.1528	0.0409	0.1561	0.0659	0.1182	0.1198	0.1268	0.1151	0.0688	0.0604	0.0363	0.0129	0.0537	0.1213	0.1806	0.0995	0.0217	0.0570	0.0432	0.1094	0.0249	0.1625
2489	0.0891	0.1066	0.1258	0.1035	0.1161	0.0245	0.1192	0.0497	0.1450	0.0720	0.1088	0.1116	0.1057	0.1299	0.0564	0.0676	0.0386	0.0083	0.0593	0.1071	0.1898	0.0841	0.0107	0.0637	0.0608	0.1047	0.0230	0.1388
2490	0.1144	0.1075	0.1475	0.0685	0.1010	0.0499	0.0994	0.0705	0.1295	0.0852	0.0975	0.0993	0.0822	0.1439	0.0402	0.0862	0.0363	0.0052	0.0727	0.0927	0.1851	0.0548	0.0041	0.0584	0.0753	0.0891	0.0314	0.1117
2491	0.1240	0.0906	0.1417	0.0618	0.1107	0.0645	0.0852	0.0745	0.1238	0.0968	0.0815	0.0691	0.0875	0.1381	0.0499	0.0981	0.0439	0.0206	0.0595	0.0802	0.1710	0.0523	0.0232	0.0467	0.0596	0.0720	0.0352	0.0777
2492	0.1186	0.0760	0.1329	0.0736	0.1256	0.0790	0.0675	0.0725	0.1256	0.1082	0.0701	0.0563	0.0948	0.1281	0.0723	0.1038	0.0515	0.0376	0.0355	0.0777	0.1584	0.0556	0.0398	0.0450	0.0393	0.0543	0.0399	0.0543
2493	0.0872	0.1048	0.1249	0.1047	0.1041	0.0755	0.0900	0.0949	0.1462	0.1131	0.0808	0.0780	0.1000	0.1052	0.0909	0.0987	0.0757	0.0558	0.0391	0.1127	0.1269	0.0535	0.0341	0.0469	0.0168	0.0575	0.0469	0.0717
2494	0.0655	0.1454	0.1195	0.1287	0.0749	0.0654	0.1245	0.1184	0.1609	0.1176	0.0875	0.0887	0.1026	0.0925	0.0976	0.0906	0.0935	0.0803	0.0581	0.1409	0.0961	0.0414	0.0271	0.0412	0.0033	0.0752	0.0481	0.0885
2495	0.0732	0.1468	0.1232	0.1185	0.0787	0.0757	0.1330	0.1254	0.1193	0.1257	0.0864	0.0909	0.0838	0.1216	0.0841	0.0753	0.0726	0.0902	0.0523	0.1511	0.1020	0.0139	0.0123	0.0338	0.0079	0.0902	0.0215	0.0750
2496	0.0756	0.1287	0.1180	0.1137	0.0851	0.0918	0.1334	0.1293	0.0844	0.1358	0.0871	0.0995	0.0714	0.1383	0.0845	0.0655	0.0677	0.0981	0.0274	0.1553	0.1099	0.0000	0.0016	0.0393	0.0089	0.1014	0.0000	0.0627
2497	0.0773	0.1069	0.1006	0.1325	0.0743	0.1034	0.1124	0.1274	0.0944	0.1549	0.0900	0.1152	0.0806	0.1326	0.1332	0.0778	0.0908	0.1225	0.0183	0.1090	0.1216	0.0000	0.0269	0.0552	0.0016	0.0781	0.0000	0.0668
2498	0.0830	0.0913	0.0788	0.1431	0.0694	0.1001	0.0955	0.1197	0.0955	0.1638	0.0944	0.1353	0.0934	0.1263	0.1823	0.0952	0.1024	0.1461	0.0287	0.0554	0.1336	0.0000	0.0524	0.0565	0.0000	0.0319	0.0007	0.0716
2499	0.0860	0.0877	0.0524	0.1138	0.0863	0.0728	0.1095	0.0813	0.0731	0.1455	0.0963	0.1556	0.1067	0.0931	0.1733	0.1089	0.1039	0.1504	0.0454	0.0398	0.1553	0.0000	0.0403	0.0377	0.0128	0.0367	0.0378	0.1006
2500	0.0935	0.0890	0.0390	0.0789	0.1111	0.0542	0.1155	0.0349	0.0650	0.1380	0.0935	0.1647	0.1132	0.0641	0.1395	0.1066	0.1092	0.1367	0.0519	0.0430	0.1875	0.0000	0.0208	0.0257	0.0467	0.0599	0.0848	0.1317
