Wvl	1	2	3	4	5	6	7	8	9	10	11	12	13	14	15	16	17	18	19	20	21	22	23	24	25	26	27	28
350	0.0599	0.0485	0.0466	0.0413	0.0533	0.0427	0.0407	0.0383	0.0391	0.0306	0.0299	0.0349	0.0324	0.0401	0.0442	0.0252	0.0263	0.0238	0.0303	0.0354	0.0462	0.0186	0.0246	0.0131	0.0131	0.0208	0.0299	0.0329
351	0.0658	0.0475	0.0446	0.0505	0.0505	0.0464	0.0402	0.0411	0.0410	0.0437	0.0425	0.0441	0.0412	0.0432	0.0434	0.0292	0.0338	0.0373	0.0418	0.0435	0.0541	0.0247	0.0256	0.0232	0.0188	0.0257	0.0328	0.0428
352	0.0579	0.0463	0.0420	0.0494	0.0496	0.0460	0.0446	0.0441	0.0381	0.0337	0.0332	0.0382	0.0358	0.0428	0.0438	0.0268	0.0322	0.0305	0.0333	0.0431	0.0477	0.0245	0.0283	0.0220	0.0170	0.0257	0.0295	0.0432
353	0.0526	0.0455	0.0402	0.0461	0.0479	0.0452	0.0439	0.0383	0.0387	0.0295	0.0288	0.0361	0.0339	0.0416	0.0437	0.0249	0.0313	0.0249	0.0279	0.0410	0.0425	0.0227	0.0271	0.0198	0.0172	0.0267	0.0287	0.0435
354	0.0501	0.0451	0.0397	0.0416	0.0454	0.0445	0.0404	0.0287	0.0412	0.0309	0.0287	0.0373	0.0350	0.0400	0.0432	0.0239	0.0303	0.0215	0.0260	0.0381	0.0396	0.0202	0.0232	0.0177	0.0183	0.0276	0.0293	0.0439
355	0.0522	0.0457	0.0447	0.0382	0.0418	0.0463	0.0427	0.0357	0.0390	0.0385	0.0318	0.0401	0.0387	0.0390	0.0417	0.0263	0.0248	0.0240	0.0310	0.0372	0.0446	0.0192	0.0196	0.0193	0.0159	0.0220	0.0266	0.0447
356	0.0465	0.0455	0.0424	0.0400	0.0388	0.0431	0.0407	0.0363	0.0357	0.0330	0.0316	0.0348	0.0369	0.0378	0.0391	0.0222	0.0228	0.0218	0.0296	0.0357	0.0425	0.0209	0.0184	0.0172	0.0139	0.0189	0.0270	0.0423
357	0.0404	0.0448	0.0389	0.0410	0.0375	0.0395	0.0365	0.0344	0.0336	0.0258	0.0299	0.0302	0.0327	0.0366	0.0370	0.0183	0.0220	0.0184	0.0263	0.0341	0.0387	0.0228	0.0174	0.0147	0.0122	0.0175	0.0284	0.0395
358	0.0418	0.0437	0.0407	0.0342	0.0399	0.0398	0.0312	0.0327	0.0358	0.0282	0.0280	0.0365	0.0286	0.0361	0.0370	0.0225	0.0205	0.0166	0.0250	0.0321	0.0386	0.0217	0.0145	0.0153	0.0110	0.0182	0.0297	0.0393
359	0.0423	0.0433	0.0418	0.0362	0.0384	0.0389	0.0353	0.0342	0.0385	0.0329	0.0306	0.0358	0.0296	0.0363	0.0370	0.0256	0.0221	0.0198	0.0264	0.0333	0.0408	0.0218	0.0175	0.0143	0.0132	0.0204	0.0291	0.0426
360	0.0417	0.0425	0.0400	0.0383	0.0358	0.0372	0.0376	0.0335	0.0393	0.0326	0.0306	0.0329	0.0303	0.0362	0.0378	0.0260	0.0219	0.0205	0.0265	0.0328	0.0414	0.0195	0.0184	0.0128	0.0137	0.0200	0.0271	0.0436
361	0.0399	0.0406	0.0346	0.0382	0.0325	0.0348	0.0349	0.0291	0.0373	0.0249	0.0258	0.0289	0.0291	0.0352	0.0397	0.0230	0.0183	0.0164	0.0239	0.0293	0.0394	0.0135	0.0151	0.0112	0.0107	0.0153	0.0236	0.0405
362	0.0418	0.0431	0.0413	0.0388	0.0360	0.0378	0.0375	0.0341	0.0406	0.0325	0.0313	0.0295	0.0339	0.0387	0.0433	0.0261	0.0240	0.0231	0.0264	0.0330	0.0460	0.0213	0.0199	0.0150	0.0161	0.0196	0.0289	0.0435
363	0.0418	0.0437	0.0445	0.0390	0.0385	0.0397	0.0386	0.0383	0.0415	0.0354	0.0330	0.0310	0.0361	0.0400	0.0451	0.0267	0.0268	0.0252	0.0296	0.0340	0.0484	0.0227	0.0221	0.0168	0.0191	0.0222	0.0315	0.0450
364	0.0404	0.0429	0.0443	0.0387	0.0399	0.0407	0.0385	0.0411	0.0403	0.0341	0.0316	0.0328	0.0362	0.0393	0.0454	0.0255	0.0268	0.0238	0.0324	0.0329	0.0471	0.0192	0.0219	0.0170	0.0197	0.0230	0.0316	0.0452
365	0.0414	0.0434	0.0422	0.0388	0.0402	0.0408	0.0377	0.0389	0.0402	0.0333	0.0312	0.0327	0.0361	0.0384	0.0459	0.0265	0.0261	0.0252	0.0301	0.0355	0.0459	0.0199	0.0205	0.0183	0.0170	0.0205	0.0301	0.0463
366	0.0444	0.0436	0.0418	0.0395	0.0405	0.0417	0.0393	0.0395	0.0409	0.0335	0.0325	0.0325	0.0362	0.0404	0.0460	0.0277	0.0279	0.0264	0.0316	0.0377	0.0474	0.0219	0.0207	0.0200	0.0181	0.0227	0.0305	0.0470
367	0.0470	0.0437	0.0420	0.0405	0.0407	0.0424	0.0412	0.0407	0.0415	0.0341	0.0343	0.0330	0.0367	0.0423	0.0461	0.0287	0.0299	0.0273	0.0335	0.0396	0.0497	0.0240	0.0211	0.0216	0.0204	0.0259	0.0319	0.0481
368	0.0460	0.0436	0.0420	0.0417	0.0405	0.0416	0.0404	0.0395	0.0408	0.0343	0.0353	0.0355	0.0376	0.0405	0.0468	0.0289	0.0291	0.0279	0.0315	0.0413	0.0506	0.0244	0.0200	0.0225	0.0220	0.0265	0.0334	0.0509
369	0.0471	0.0450	0.0413	0.0423	0.0425	0.0434	0.0419	0.0420	0.0413	0.0360	0.0369	0.0368	0.0378	0.0414	0.0478	0.0299	0.0294	0.0288	0.0320	0.0419	0.0517	0.0261	0.0214	0.0217	0.0226	0.0271	0.0344	0.0514
370	0.0472	0.0452	0.0401	0.0419	0.0430	0.0441	0.0424	0.0420	0.0417	0.0364	0.0363	0.0369	0.0379	0.0418	0.0474	0.0299	0.0293	0.0283	0.0324	0.0409	0.0508	0.0263	0.0220	0.0201	0.0213	0.0266	0.0338	0.0504
371	0.0454	0.0432	0.0386	0.0403	0.0404	0.0422	0.0406	0.0373	0.0413	0.0347	0.0319	0.0357	0.0380	0.0407	0.0448	0.0280	0.0279	0.0256	0.0319	0.0382	0.0470	0.0240	0.0203	0.0179	0.0172	0.0242	0.0310	0.0482
372	0.0425	0.0425	0.0392	0.0380	0.0388	0.0420	0.0399	0.0380	0.0414	0.0343	0.0324	0.0346	0.0366	0.0408	0.0451	0.0261	0.0260	0.0253	0.0312	0.0367	0.0474	0.0204	0.0207	0.0184	0.0188	0.0221	0.0323	0.0497
373	0.0416	0.0423	0.0399	0.0381	0.0384	0.0411	0.0395	0.0382	0.0416	0.0339	0.0332	0.0332	0.0351	0.0405	0.0455	0.0264	0.0256	0.0258	0.0312	0.0363	0.0490	0.0204	0.0207	0.0190	0.0202	0.0220	0.0329	0.0496
374	0.0423	0.0425	0.0405	0.0400	0.0391	0.0394	0.0393	0.0378	0.0417	0.0334	0.0338	0.0318	0.0337	0.0399	0.0457	0.0283	0.0261	0.0266	0.0316	0.0368	0.0511	0.0229	0.0203	0.0196	0.0211	0.0234	0.0328	0.0480
375	0.0420	0.0418	0.0389	0.0389	0.0389	0.0394	0.0391	0.0379	0.0410	0.0326	0.0336	0.0324	0.0330	0.0383	0.0446	0.0268	0.0251	0.0244	0.0310	0.0372	0.0492	0.0227	0.0183	0.0190	0.0203	0.0232	0.0323	0.0472
376	0.0427	0.0415	0.0382	0.0387	0.0389	0.0397	0.0393	0.0387	0.0415	0.0330	0.0341	0.0324	0.0331	0.0388	0.0449	0.0269	0.0250	0.0251	0.0302	0.0371	0.0482	0.0225	0.0188	0.0188	0.0197	0.0233	0.0322	0.0475
377	0.0433	0.0415	0.0380	0.0390	0.0387	0.0402	0.0393	0.0396	0.0425	0.0340	0.0346	0.0326	0.0337	0.0399	0.0456	0.0276	0.0256	0.0267	0.0296	0.0373	0.0482	0.0222	0.0201	0.0188	0.0194	0.0235	0.0323	0.0483
378	0.0418	0.0416	0.0382	0.0395	0.0376	0.0409	0.0379	0.0397	0.0429	0.0349	0.0340	0.0339	0.0348	0.0396	0.0454	0.0275	0.0273	0.0273	0.0297	0.0393	0.0499	0.0214	0.0204	0.0183	0.0199	0.0234	0.0328	0.0487
379	0.0429	0.0425	0.0399	0.0404	0.0394	0.0423	0.0399	0.0399	0.0437	0.0364	0.0351	0.0351	0.0363	0.0413	0.0466	0.0291	0.0282	0.0288	0.0317	0.0398	0.0507	0.0224	0.0222	0.0192	0.0209	0.0247	0.0332	0.0495
380	0.0444	0.0434	0.0415	0.0411	0.0413	0.0433	0.0417	0.0405	0.0441	0.0375	0.0362	0.0360	0.0374	0.0427	0.0482	0.0303	0.0285	0.0298	0.0332	0.0400	0.0515	0.0237	0.0233	0.0206	0.0220	0.0261	0.0339	0.0503
381	0.0452	0.0438	0.0422	0.0415	0.0423	0.0435	0.0419	0.0418	0.0437	0.0375	0.0366	0.0366	0.0377	0.0425	0.0499	0.0302	0.0282	0.0298	0.0330	0.0406	0.0524	0.0247	0.0228	0.0221	0.0231	0.0268	0.0352	0.0508
382	0.0453	0.0448	0.0420	0.0420	0.0419	0.0436	0.0418	0.0428	0.0442	0.0374	0.0360	0.0363	0.0389	0.0427	0.0493	0.0299	0.0292	0.0299	0.0340	0.0408	0.0523	0.0247	0.0215	0.0221	0.0222	0.0269	0.0362	0.0518
383	0.0461	0.0452	0.0423	0.0424	0.0418	0.0432	0.0417	0.0428	0.0442	0.0377	0.0360	0.0360	0.0397	0.0431	0.0492	0.0303	0.0303	0.0300	0.0338	0.0409	0.0529	0.0250	0.0219	0.0219	0.0224	0.0272	0.0368	0.0520
384	0.0474	0.0451	0.0430	0.0428	0.0421	0.0425	0.0418	0.0419	0.0437	0.0382	0.0366	0.0360	0.0400	0.0437	0.0496	0.0313	0.0314	0.0301	0.0326	0.0409	0.0540	0.0255	0.0238	0.0217	0.0237	0.0278	0.0370	0.0517
385	0.0471	0.0452	0.0431	0.0428	0.0423	0.0436	0.0422	0.0424	0.0456	0.0390	0.0366	0.0374	0.0394	0.0433	0.0497	0.0319	0.0311	0.0301	0.0339	0.0411	0.0524	0.0257	0.0234	0.0224	0.0230	0.0277	0.0367	0.0520
386	0.0464	0.0447	0.0425	0.0429	0.0423	0.0438	0.0425	0.0427	0.0454	0.0384	0.0364	0.0372	0.0384	0.0428	0.0494	0.0315	0.0300	0.0298	0.0338	0.0409	0.0524	0.0257	0.0227	0.0219	0.0222	0.0271	0.0359	0.0518
387	0.0457	0.0445	0.0418	0.0431	0.0425	0.0438	0.0428	0.0427	0.0446	0.0374	0.0364	0.0366	0.0377	0.0427	0.0492	0.0308	0.0289	0.0294	0.0334	0.0406	0.0531	0.0256	0.0222	0.0211	0.0218	0.0267	0.0353	0.0516
388	0.0463	0.0462	0.0422	0.0437	0.0435	0.0447	0.0434	0.0420	0.0457	0.0376	0.0378	0.0371	0.0386	0.0436	0.0502	0.0308	0.0302	0.0295	0.0344	0.0408	0.0533	0.0262	0.0224	0.0219	0.0226	0.0278	0.0368	0.0524
389	0.0453	0.0458	0.0421	0.0428	0.0418	0.0442	0.0428	0.0421	0.0449	0.0376	0.0371	0.0371	0.0382	0.0434	0.0501	0.0303	0.0289	0.0288	0.0343	0.0406	0.0523	0.0253	0.0220	0.0212	0.0223	0.0270	0.0354	0.0522
390	0.0447	0.0451	0.0417	0.0421	0.0405	0.0437	0.0421	0.0419	0.0440	0.0374	0.0361	0.0368	0.0380	0.0431	0.0493	0.0300	0.0275	0.0286	0.0336	0.0401	0.0519	0.0243	0.0216	0.0203	0.0216	0.0261	0.0342	0.0516
391	0.0451	0.0447	0.0412	0.0423	0.0412	0.0440	0.0418	0.0406	0.0440	0.0370	0.0357	0.0367	0.0386	0.0429	0.0477	0.0302	0.0273	0.0294	0.0324	0.0393	0.0528	0.0238	0.0216	0.0199	0.0209	0.0257	0.0346	0.0510
392	0.0460	0.0444	0.0430	0.0420	0.0421	0.0437	0.0418	0.0421	0.0451	0.0373	0.0365	0.0367	0.0389	0.0433	0.0483	0.0303	0.0289	0.0295	0.0329	0.0397	0.0530	0.0245	0.0211	0.0207	0.0215	0.0263	0.0352	0.0510
393	0.0462	0.0448	0.0438	0.0421	0.0426	0.0434	0.0420	0.0431	0.0455	0.0379	0.0367	0.0368	0.0388	0.0435	0.0494	0.0305	0.0300	0.0296	0.0335	0.0404	0.0530	0.0245	0.0213	0.0211	0.0219	0.0267	0.0355	0.0514
394	0.0460	0.0459	0.0433	0.0424	0.0428	0.0433	0.0424	0.0434	0.0454	0.0387	0.0362	0.0371	0.0385	0.0437	0.0509	0.0311	0.0303	0.0299	0.0340	0.0414	0.0529	0.0240	0.0220	0.0211	0.0219	0.0267	0.0356	0.0523
395	0.0468	0.0464	0.0436	0.0432	0.0434	0.0448	0.0438	0.0441	0.0459	0.0396	0.0379	0.0375	0.0398	0.0451	0.0518	0.0328	0.0302	0.0310	0.0350	0.0429	0.0546	0.0257	0.0239	0.0220	0.0231	0.0274	0.0369	0.0526
396	0.0469	0.0466	0.0446	0.0438	0.0443	0.0457	0.0444	0.0448	0.0470	0.0402	0.0387	0.0376	0.0404	0.0458	0.0521	0.0329	0.0310	0.0317	0.0360	0.0431	0.0554	0.0268	0.0250	0.0228	0.0237	0.0280	0.0376	0.0531
397	0.0469	0.0466	0.0455	0.0444	0.0450	0.0460	0.0445	0.0454	0.0479	0.0406	0.0390	0.0376	0.0406	0.0459	0.0519	0.0325	0.0322	0.0320	0.0366	0.0428	0.0556	0.0273	0.0253	0.0235	0.0239	0.0284	0.0379	0.0535
398	0.0478	0.0468	0.0446	0.0452	0.0446	0.0458	0.0444	0.0459	0.0472	0.0410	0.0387	0.0382	0.0405	0.0456	0.0515	0.0336	0.0322	0.0327	0.0355	0.0432	0.0556	0.0269	0.0240	0.0237	0.0239	0.0286	0.0377	0.0538
399	0.0489	0.0476	0.0451	0.0464	0.0452	0.0471	0.0448	0.0465	0.0481	0.0413	0.0392	0.0393	0.0414	0.0466	0.0527	0.0340	0.0326	0.0336	0.0363	0.0435	0.0565	0.0267	0.0244	0.0239	0.0244	0.0294	0.0389	0.0553
400	0.0498	0.0484	0.0459	0.0471	0.0459	0.0476	0.0454	0.0470	0.0489	0.0417	0.0399	0.0401	0.0422	0.0475	0.0537	0.0340	0.0331	0.0339	0.0372	0.0438	0.0572	0.0269	0.0251	0.0238	0.0249	0.0300	0.0397	0.0562
401	0.0499	0.0489	0.0468	0.0462	0.0458	0.0459	0.0460	0.0471	0.0486	0.0424	0.0405	0.0401	0.0421	0.0474	0.0531	0.0338	0.0334	0.0330	0.0372	0.0442	0.0571	0.0280	0.0250	0.0232	0.0254	0.0300	0.0391	0.0552
402	0.0493	0.0486	0.0470	0.0464	0.0462	0.0467	0.0460	0.0472	0.0489	0.0425	0.0402	0.0403	0.0421	0.0467	0.0534	0.0344	0.0331	0.0331	0.0376	0.0440	0.0570	0.0280	0.0247	0.0242	0.0254	0.0295	0.0391	0.0554
403	0.0491	0.0486	0.0468	0.0467	0.0462	0.0474	0.0461	0.0470	0.0491	0.0427	0.0401	0.0401	0.0421	0.0465	0.0537	0.0345	0.0323	0.0330	0.0375	0.0437	0.0571	0.0280	0.0245	0.0244	0.0252	0.0294	0.0391	0.0555
404	0.0494	0.0490	0.0465	0.0468	0.0458	0.0478	0.0463	0.0462	0.0493	0.0428	0.0403	0.0395	0.0419	0.0469	0.0540	0.0338	0.0311	0.0327	0.0370	0.0435	0.0573	0.0278	0.0243	0.0238	0.0248	0.0299	0.0390	0.0554
405	0.0490	0.0482	0.0461	0.0457	0.0457	0.0471	0.0462	0.0446	0.0490	0.0414	0.0400	0.0393	0.0417	0.0465	0.0535	0.0337	0.0318	0.0323	0.0358	0.0429	0.0565	0.0270	0.0242	0.0235	0.0238	0.0289	0.0378	0.0553
406	0.0488	0.0480	0.0459	0.0458	0.0458	0.0470	0.0463	0.0448	0.0489	0.0412	0.0400	0.0395	0.0412	0.0468	0.0535	0.0339	0.0320	0.0326	0.0357	0.0431	0.0566	0.0271	0.0242	0.0233	0.0235	0.0289	0.0380	0.0556
407	0.0490	0.0481	0.0461	0.0464	0.0459	0.0473	0.0462	0.0458	0.0490	0.0417	0.0401	0.0400	0.0408	0.0475	0.0538	0.0342	0.0319	0.0332	0.0363	0.0438	0.0572	0.0276	0.0240	0.0231	0.0236	0.0292	0.0388	0.0562
408	0.0496	0.0479	0.0469	0.0459	0.0455	0.0467	0.0453	0.0460	0.0497	0.0423	0.0399	0.0401	0.0421	0.0472	0.0542	0.0340	0.0326	0.0331	0.0372	0.0442	0.0574	0.0279	0.0235	0.0229	0.0242	0.0285	0.0388	0.0566
409	0.0497	0.0489	0.0477	0.0467	0.0464	0.0478	0.0467	0.0470	0.0501	0.0428	0.0409	0.0405	0.0427	0.0478	0.0546	0.0352	0.0331	0.0337	0.0375	0.0448	0.0583	0.0282	0.0244	0.0237	0.0248	0.0294	0.0395	0.0565
410	0.0498	0.0500	0.0483	0.0476	0.0475	0.0489	0.0482	0.0481	0.0505	0.0436	0.0419	0.0409	0.0431	0.0488	0.0553	0.0363	0.0335	0.0343	0.0380	0.0455	0.0591	0.0286	0.0255	0.0246	0.0257	0.0305	0.0401	0.0565
411	0.0502	0.0506	0.0485	0.0482	0.0483	0.0487	0.0485	0.0490	0.0509	0.0450	0.0422	0.0410	0.0436	0.0499	0.0563	0.0363	0.0338	0.0350	0.0392	0.0463	0.0593	0.0290	0.0263	0.0253	0.0270	0.0312	0.0402	0.0570
412	0.0504	0.0502	0.0482	0.0485	0.0483	0.0487	0.0485	0.0486	0.0511	0.0452	0.0424	0.0413	0.0440	0.0497	0.0564	0.0360	0.0342	0.0351	0.0388	0.0465	0.0594	0.0291	0.0263	0.0251	0.0266	0.0308	0.0403	0.0574
413	0.0508	0.0501	0.0480	0.0487	0.0482	0.0489	0.0484	0.0486	0.0513	0.0452	0.0425	0.0419	0.0440	0.0494	0.0563	0.0357	0.0345	0.0349	0.0388	0.0466	0.0596	0.0291	0.0264	0.0251	0.0263	0.0310	0.0405	0.0575
414	0.0515	0.0504	0.0480	0.0489	0.0483	0.0494	0.0482	0.0491	0.0515	0.0450	0.0425	0.0426	0.0436	0.0495	0.0564	0.0356	0.0348	0.0344	0.0393	0.0469	0.0599	0.0289	0.0266	0.0255	0.0263	0.0319	0.0409	0.0575
415	0.0517	0.0509	0.0486	0.0492	0.0492	0.0495	0.0480	0.0494	0.0511	0.0455	0.0432	0.0425	0.0448	0.0500	0.0569	0.0362	0.0348	0.0350	0.0399	0.0467	0.0601	0.0298	0.0265	0.0256	0.0266	0.0316	0.0412	0.0583
416	0.0521	0.0514	0.0492	0.0497	0.0495	0.0498	0.0485	0.0502	0.0516	0.0456	0.0436	0.0427	0.0455	0.0505	0.0575	0.0367	0.0353	0.0357	0.0402	0.0472	0.0607	0.0302	0.0268	0.0256	0.0269	0.0316	0.0417	0.0588
417	0.0527	0.0519	0.0498	0.0502	0.0495	0.0503	0.0494	0.0510	0.0525	0.0456	0.0438	0.0431	0.0459	0.0510	0.0582	0.0370	0.0359	0.0362	0.0402	0.0480	0.0614	0.0305	0.0273	0.0257	0.0274	0.0319	0.0423	0.0591
418	0.0533	0.0525	0.0500	0.0502	0.0503	0.0506	0.0504	0.0509	0.0530	0.0462	0.0442	0.0442	0.0461	0.0516	0.0587	0.0372	0.0360	0.0362	0.0404	0.0481	0.0613	0.0309	0.0277	0.0261	0.0278	0.0324	0.0425	0.0594
419	0.0534	0.0525	0.0501	0.0503	0.0503	0.0509	0.0501	0.0505	0.0535	0.0464	0.0443	0.0441	0.0462	0.0516	0.0586	0.0376	0.0356	0.0360	0.0406	0.0480	0.0614	0.0312	0.0274	0.0265	0.0279	0.0327	0.0423	0.0598
420	0.0531	0.0522	0.0502	0.0502	0.0499	0.0509	0.0497	0.0502	0.0537	0.0462	0.0441	0.0438	0.0462	0.0513	0.0582	0.0377	0.0352	0.0357	0.0406	0.0479	0.0615	0.0311	0.0271	0.0265	0.0276	0.0327	0.0419	0.0599
421	0.0523	0.0521	0.0501	0.0496	0.0496	0.0505	0.0502	0.0503	0.0533	0.0460	0.0433	0.0436	0.0457	0.0509	0.0577	0.0372	0.0353	0.0356	0.0400	0.0477	0.0614	0.0305	0.0272	0.0256	0.0268	0.0322	0.0413	0.0593
422	0.0525	0.0521	0.0501	0.0501	0.0498	0.0505	0.0502	0.0506	0.0534	0.0461	0.0440	0.0436	0.0459	0.0509	0.0582	0.0374	0.0356	0.0357	0.0402	0.0480	0.0612	0.0306	0.0270	0.0257	0.0271	0.0322	0.0419	0.0594
423	0.0527	0.0523	0.0504	0.0504	0.0503	0.0509	0.0503	0.0508	0.0535	0.0463	0.0444	0.0437	0.0461	0.0511	0.0587	0.0378	0.0358	0.0361	0.0405	0.0485	0.0613	0.0307	0.0270	0.0258	0.0275	0.0324	0.0424	0.0596
424	0.0526	0.0528	0.0509	0.0505	0.0510	0.0513	0.0507	0.0508	0.0537	0.0465	0.0446	0.0437	0.0459	0.0516	0.0593	0.0384	0.0358	0.0370	0.0409	0.0490	0.0616	0.0306	0.0273	0.0261	0.0278	0.0329	0.0427	0.0598
425	0.0532	0.0533	0.0511	0.0508	0.0508	0.0519	0.0508	0.0513	0.0542	0.0472	0.0451	0.0442	0.0462	0.0523	0.0594	0.0383	0.0363	0.0374	0.0413	0.0489	0.0620	0.0310	0.0279	0.0269	0.0281	0.0328	0.0430	0.0598
426	0.0536	0.0537	0.0515	0.0515	0.0512	0.0524	0.0512	0.0519	0.0546	0.0479	0.0455	0.0445	0.0466	0.0528	0.0599	0.0388	0.0367	0.0376	0.0417	0.0491	0.0625	0.0311	0.0283	0.0273	0.0284	0.0332	0.0432	0.0603
427	0.0539	0.0540	0.0519	0.0522	0.0517	0.0527	0.0517	0.0524	0.0550	0.0484	0.0457	0.0447	0.0471	0.0531	0.0605	0.0394	0.0370	0.0378	0.0420	0.0496	0.0630	0.0311	0.0285	0.0274	0.0286	0.0337	0.0435	0.0610
428	0.0540	0.0542	0.0518	0.0520	0.0517	0.0524	0.0515	0.0526	0.0553	0.0482	0.0459	0.0452	0.0474	0.0532	0.0608	0.0391	0.0368	0.0380	0.0421	0.0501	0.0632	0.0313	0.0284	0.0274	0.0284	0.0335	0.0437	0.0611
429	0.0544	0.0545	0.0522	0.0524	0.0520	0.0526	0.0519	0.0531	0.0556	0.0486	0.0462	0.0456	0.0478	0.0536	0.0612	0.0393	0.0373	0.0380	0.0424	0.0507	0.0638	0.0317	0.0287	0.0273	0.0289	0.0337	0.0438	0.0614
430	0.0549	0.0548	0.0527	0.0529	0.0525	0.0529	0.0523	0.0536	0.0560	0.0491	0.0466	0.0459	0.0484	0.0540	0.0615	0.0397	0.0379	0.0382	0.0427	0.0511	0.0644	0.0321	0.0290	0.0275	0.0294	0.0341	0.0440	0.0619
431	0.0553	0.0553	0.0529	0.0533	0.0530	0.0535	0.0525	0.0538	0.0569	0.0490	0.0470	0.0463	0.0490	0.0542	0.0619	0.0399	0.0381	0.0388	0.0431	0.0515	0.0646	0.0324	0.0293	0.0282	0.0296	0.0344	0.0445	0.0626
432	0.0558	0.0557	0.0534	0.0536	0.0534	0.0540	0.0530	0.0542	0.0572	0.0498	0.0472	0.0468	0.0494	0.0546	0.0623	0.0403	0.0382	0.0394	0.0434	0.0517	0.0650	0.0328	0.0295	0.0285	0.0299	0.0347	0.0449	0.0627
433	0.0563	0.0560	0.0538	0.0540	0.0538	0.0544	0.0535	0.0546	0.0575	0.0504	0.0474	0.0473	0.0495	0.0550	0.0626	0.0407	0.0385	0.0398	0.0436	0.0518	0.0653	0.0330	0.0297	0.0287	0.0301	0.0349	0.0452	0.0628
434	0.0566	0.0564	0.0540	0.0545	0.0543	0.0548	0.0536	0.0552	0.0579	0.0507	0.0478	0.0476	0.0494	0.0552	0.0629	0.0412	0.0389	0.0399	0.0438	0.0518	0.0656	0.0330	0.0299	0.0287	0.0301	0.0353	0.0455	0.0631
435	0.0564	0.0564	0.0541	0.0545	0.0543	0.0548	0.0538	0.0553	0.0574	0.0504	0.0477	0.0472	0.0496	0.0553	0.0631	0.0411	0.0386	0.0397	0.0440	0.0519	0.0657	0.0331	0.0299	0.0288	0.0301	0.0352	0.0452	0.0633
436	0.0563	0.0564	0.0542	0.0545	0.0544	0.0548	0.0540	0.0552	0.0576	0.0503	0.0480	0.0472	0.0499	0.0552	0.0631	0.0412	0.0385	0.0395	0.0439	0.0519	0.0658	0.0332	0.0298	0.0286	0.0301	0.0350	0.0453	0.0634
437	0.0563	0.0564	0.0543	0.0546	0.0545	0.0549	0.0540	0.0551	0.0582	0.0504	0.0484	0.0475	0.0501	0.0552	0.0629	0.0412	0.0386	0.0394	0.0438	0.0520	0.0660	0.0333	0.0297	0.0284	0.0300	0.0349	0.0456	0.0633
438	0.0565	0.0566	0.0542	0.0547	0.0544	0.0550	0.0542	0.0550	0.0583	0.0506	0.0484	0.0475	0.0500	0.0556	0.0634	0.0409	0.0386	0.0394	0.0441	0.0522	0.0659	0.0333	0.0297	0.0285	0.0300	0.0352	0.0456	0.0636
439	0.0568	0.0567	0.0547	0.0549	0.0546	0.0553	0.0544	0.0553	0.0585	0.0510	0.0486	0.0477	0.0501	0.0558	0.0638	0.0413	0.0390	0.0397	0.0442	0.0523	0.0661	0.0335	0.0298	0.0287	0.0303	0.0350	0.0456	0.0639
440	0.0572	0.0569	0.0553	0.0553	0.0550	0.0556	0.0548	0.0558	0.0587	0.0514	0.0490	0.0481	0.0503	0.0561	0.0642	0.0418	0.0394	0.0402	0.0443	0.0525	0.0665	0.0338	0.0301	0.0289	0.0306	0.0351	0.0457	0.0641
441	0.0575	0.0578	0.0558	0.0559	0.0558	0.0561	0.0555	0.0565	0.0593	0.0518	0.0496	0.0487	0.0510	0.0568	0.0648	0.0423	0.0398	0.0405	0.0448	0.0531	0.0672	0.0342	0.0306	0.0295	0.0311	0.0358	0.0462	0.0644
442	0.0579	0.0582	0.0558	0.0561	0.0558	0.0564	0.0553	0.0567	0.0595	0.0522	0.0496	0.0488	0.0512	0.0570	0.0652	0.0425	0.0398	0.0407	0.0453	0.0534	0.0676	0.0343	0.0305	0.0295	0.0311	0.0360	0.0464	0.0648
443	0.0583	0.0584	0.0560	0.0563	0.0559	0.0566	0.0554	0.0569	0.0598	0.0526	0.0498	0.0489	0.0514	0.0574	0.0654	0.0428	0.0399	0.0411	0.0457	0.0538	0.0679	0.0345	0.0306	0.0297	0.0312	0.0363	0.0467	0.0652
444	0.0589	0.0587	0.0566	0.0567	0.0565	0.0568	0.0561	0.0573	0.0602	0.0529	0.0504	0.0491	0.0517	0.0580	0.0657	0.0432	0.0403	0.0418	0.0457	0.0542	0.0681	0.0347	0.0313	0.0300	0.0315	0.0367	0.0470	0.0654
445	0.0588	0.0589	0.0567	0.0572	0.0566	0.0572	0.0562	0.0577	0.0606	0.0532	0.0505	0.0495	0.0523	0.0582	0.0660	0.0431	0.0408	0.0419	0.0462	0.0545	0.0686	0.0348	0.0314	0.0301	0.0317	0.0369	0.0472	0.0657
446	0.0591	0.0592	0.0571	0.0576	0.0569	0.0575	0.0565	0.0582	0.0610	0.0535	0.0508	0.0499	0.0526	0.0584	0.0663	0.0433	0.0412	0.0420	0.0465	0.0546	0.0690	0.0352	0.0316	0.0305	0.0320	0.0371	0.0475	0.0660
447	0.0597	0.0596	0.0577	0.0579	0.0574	0.0578	0.0570	0.0588	0.0613	0.0538	0.0512	0.0503	0.0529	0.0586	0.0667	0.0438	0.0415	0.0423	0.0466	0.0548	0.0693	0.0357	0.0319	0.0309	0.0325	0.0373	0.0479	0.0662
448	0.0600	0.0600	0.0578	0.0586	0.0580	0.0582	0.0575	0.0588	0.0616	0.0543	0.0515	0.0508	0.0535	0.0591	0.0674	0.0441	0.0418	0.0426	0.0469	0.0555	0.0697	0.0357	0.0321	0.0312	0.0327	0.0375	0.0484	0.0665
449	0.0604	0.0604	0.0582	0.0588	0.0583	0.0586	0.0578	0.0591	0.0619	0.0546	0.0518	0.0512	0.0538	0.0594	0.0676	0.0444	0.0420	0.0428	0.0472	0.0557	0.0701	0.0360	0.0323	0.0313	0.0327	0.0378	0.0486	0.0667
450	0.0608	0.0607	0.0585	0.0589	0.0585	0.0590	0.0580	0.0593	0.0623	0.0548	0.0520	0.0515	0.0539	0.0596	0.0677	0.0446	0.0422	0.0430	0.0474	0.0559	0.0703	0.0363	0.0324	0.0313	0.0327	0.0381	0.0487	0.0669
451	0.0609	0.0609	0.0586	0.0590	0.0587	0.0593	0.0582	0.0596	0.0626	0.0549	0.0521	0.0514	0.0539	0.0597	0.0679	0.0447	0.0424	0.0431	0.0475	0.0563	0.0705	0.0363	0.0325	0.0313	0.0329	0.0382	0.0488	0.0673
452	0.0611	0.0611	0.0587	0.0592	0.0587	0.0593	0.0584	0.0597	0.0628	0.0550	0.0523	0.0515	0.0541	0.0599	0.0681	0.0447	0.0421	0.0431	0.0476	0.0563	0.0705	0.0364	0.0325	0.0312	0.0329	0.0381	0.0489	0.0676
453	0.0613	0.0613	0.0590	0.0594	0.0588	0.0594	0.0586	0.0600	0.0630	0.0552	0.0525	0.0517	0.0542	0.0601	0.0683	0.0448	0.0420	0.0432	0.0477	0.0564	0.0706	0.0364	0.0325	0.0312	0.0329	0.0382	0.0489	0.0677
454	0.0614	0.0616	0.0594	0.0597	0.0590	0.0596	0.0588	0.0604	0.0633	0.0553	0.0528	0.0519	0.0544	0.0602	0.0685	0.0451	0.0424	0.0433	0.0480	0.0566	0.0710	0.0365	0.0324	0.0315	0.0330	0.0383	0.0490	0.0677
455	0.0616	0.0617	0.0595	0.0600	0.0593	0.0599	0.0590	0.0605	0.0635	0.0555	0.0530	0.0521	0.0546	0.0606	0.0689	0.0453	0.0426	0.0436	0.0481	0.0569	0.0712	0.0366	0.0326	0.0315	0.0333	0.0385	0.0490	0.0679
456	0.0618	0.0620	0.0599	0.0603	0.0598	0.0603	0.0593	0.0608	0.0639	0.0558	0.0533	0.0524	0.0550	0.0609	0.0693	0.0456	0.0429	0.0439	0.0484	0.0572	0.0716	0.0369	0.0330	0.0317	0.0336	0.0387	0.0494	0.0682
457	0.0621	0.0624	0.0602	0.0606	0.0603	0.0607	0.0596	0.0613	0.0644	0.0562	0.0537	0.0528	0.0554	0.0612	0.0697	0.0459	0.0432	0.0442	0.0487	0.0574	0.0721	0.0373	0.0335	0.0320	0.0339	0.0390	0.0498	0.0686
458	0.0622	0.0626	0.0604	0.0609	0.0602	0.0610	0.0598	0.0613	0.0646	0.0564	0.0538	0.0527	0.0555	0.0616	0.0699	0.0459	0.0434	0.0443	0.0490	0.0576	0.0722	0.0373	0.0335	0.0322	0.0338	0.0389	0.0499	0.0688
459	0.0625	0.0628	0.0607	0.0613	0.0604	0.0611	0.0599	0.0616	0.0647	0.0568	0.0539	0.0530	0.0557	0.0618	0.0700	0.0461	0.0435	0.0446	0.0492	0.0578	0.0724	0.0374	0.0336	0.0324	0.0339	0.0390	0.0500	0.0689
460	0.0629	0.0631	0.0610	0.0616	0.0608	0.0613	0.0601	0.0620	0.0649	0.0573	0.0541	0.0534	0.0559	0.0620	0.0703	0.0464	0.0438	0.0449	0.0494	0.0581	0.0727	0.0376	0.0338	0.0326	0.0341	0.0393	0.0502	0.0691
461	0.0634	0.0635	0.0615	0.0619	0.0612	0.0616	0.0607	0.0626	0.0654	0.0576	0.0547	0.0537	0.0563	0.0625	0.0709	0.0468	0.0444	0.0453	0.0498	0.0585	0.0731	0.0378	0.0340	0.0329	0.0344	0.0397	0.0506	0.0695
462	0.0636	0.0638	0.0617	0.0621	0.0615	0.0619	0.0608	0.0627	0.0657	0.0579	0.0549	0.0539	0.0566	0.0627	0.0712	0.0469	0.0446	0.0455	0.0501	0.0587	0.0734	0.0380	0.0343	0.0330	0.0345	0.0397	0.0508	0.0697
463	0.0638	0.0640	0.0619	0.0623	0.0618	0.0622	0.0610	0.0629	0.0658	0.0582	0.0551	0.0542	0.0569	0.0629	0.0715	0.0471	0.0447	0.0456	0.0503	0.0590	0.0737	0.0383	0.0344	0.0331	0.0347	0.0398	0.0510	0.0700
464	0.0642	0.0643	0.0622	0.0624	0.0621	0.0625	0.0616	0.0633	0.0660	0.0583	0.0553	0.0545	0.0572	0.0634	0.0717	0.0474	0.0450	0.0459	0.0505	0.0593	0.0740	0.0385	0.0346	0.0333	0.0349	0.0402	0.0512	0.0703
465	0.0645	0.0647	0.0624	0.0627	0.0624	0.0629	0.0618	0.0635	0.0663	0.0585	0.0556	0.0546	0.0574	0.0635	0.0720	0.0476	0.0451	0.0461	0.0507	0.0596	0.0743	0.0386	0.0347	0.0335	0.0352	0.0404	0.0514	0.0706
466	0.0648	0.0649	0.0627	0.0631	0.0626	0.0632	0.0621	0.0638	0.0667	0.0587	0.0559	0.0549	0.0576	0.0637	0.0723	0.0479	0.0452	0.0462	0.0509	0.0598	0.0745	0.0388	0.0349	0.0337	0.0354	0.0406	0.0516	0.0708
467	0.0649	0.0650	0.0630	0.0635	0.0627	0.0634	0.0623	0.0641	0.0671	0.0590	0.0561	0.0552	0.0578	0.0638	0.0726	0.0481	0.0452	0.0463	0.0509	0.0599	0.0747	0.0390	0.0350	0.0336	0.0355	0.0408	0.0518	0.0711
468	0.0650	0.0652	0.0630	0.0635	0.0628	0.0633	0.0624	0.0641	0.0670	0.0589	0.0560	0.0553	0.0578	0.0639	0.0726	0.0479	0.0453	0.0464	0.0509	0.0599	0.0748	0.0389	0.0349	0.0336	0.0353	0.0406	0.0518	0.0711
469	0.0650	0.0652	0.0632	0.0635	0.0629	0.0634	0.0625	0.0642	0.0672	0.0590	0.0561	0.0554	0.0580	0.0641	0.0726	0.0480	0.0455	0.0464	0.0511	0.0600	0.0748	0.0389	0.0348	0.0336	0.0353	0.0406	0.0519	0.0711
470	0.0651	0.0653	0.0634	0.0637	0.0631	0.0635	0.0625	0.0643	0.0674	0.0592	0.0562	0.0556	0.0581	0.0643	0.0728	0.0482	0.0457	0.0465	0.0513	0.0601	0.0749	0.0390	0.0348	0.0337	0.0355	0.0408	0.0520	0.0712
471	0.0653	0.0655	0.0636	0.0639	0.0634	0.0637	0.0627	0.0646	0.0677	0.0594	0.0564	0.0556	0.0582	0.0644	0.0730	0.0481	0.0457	0.0467	0.0513	0.0604	0.0751	0.0393	0.0351	0.0338	0.0356	0.0408	0.0521	0.0713
472	0.0656	0.0658	0.0638	0.0641	0.0636	0.0640	0.0629	0.0648	0.0678	0.0597	0.0568	0.0558	0.0585	0.0646	0.0733	0.0484	0.0458	0.0470	0.0516	0.0606	0.0754	0.0394	0.0353	0.0340	0.0358	0.0410	0.0521	0.0717
473	0.0659	0.0661	0.0640	0.0644	0.0638	0.0643	0.0632	0.0650	0.0681	0.0600	0.0570	0.0560	0.0588	0.0649	0.0737	0.0487	0.0459	0.0472	0.0517	0.0608	0.0756	0.0395	0.0355	0.0342	0.0359	0.0412	0.0523	0.0719
474	0.0661	0.0663	0.0641	0.0648	0.0640	0.0645	0.0636	0.0654	0.0684	0.0603	0.0571	0.0564	0.0589	0.0653	0.0740	0.0489	0.0461	0.0474	0.0517	0.0610	0.0757	0.0395	0.0357	0.0343	0.0359	0.0415	0.0527	0.0718
475	0.0664	0.0666	0.0645	0.0650	0.0643	0.0646	0.0639	0.0657	0.0687	0.0605	0.0574	0.0566	0.0592	0.0654	0.0742	0.0491	0.0464	0.0477	0.0520	0.0615	0.0761	0.0398	0.0357	0.0345	0.0361	0.0416	0.0528	0.0722
476	0.0666	0.0669	0.0648	0.0652	0.0644	0.0649	0.0641	0.0658	0.0690	0.0607	0.0576	0.0568	0.0595	0.0656	0.0744	0.0493	0.0466	0.0479	0.0523	0.0618	0.0764	0.0399	0.0358	0.0346	0.0363	0.0418	0.0530	0.0725
477	0.0668	0.0672	0.0651	0.0656	0.0646	0.0652	0.0643	0.0660	0.0693	0.0610	0.0577	0.0569	0.0598	0.0659	0.0747	0.0494	0.0468	0.0480	0.0525	0.0619	0.0766	0.0399	0.0360	0.0348	0.0365	0.0420	0.0531	0.0728
478	0.0671	0.0675	0.0653	0.0659	0.0650	0.0655	0.0644	0.0662	0.0697	0.0613	0.0580	0.0571	0.0601	0.0662	0.0750	0.0497	0.0471	0.0483	0.0529	0.0620	0.0769	0.0405	0.0362	0.0349	0.0366	0.0422	0.0532	0.0729
479	0.0674	0.0677	0.0656	0.0662	0.0654	0.0658	0.0648	0.0667	0.0699	0.0615	0.0584	0.0575	0.0604	0.0665	0.0752	0.0500	0.0474	0.0485	0.0533	0.0623	0.0772	0.0408	0.0365	0.0351	0.0369	0.0424	0.0535	0.0731
480	0.0678	0.0680	0.0661	0.0665	0.0658	0.0661	0.0652	0.0671	0.0701	0.0616	0.0587	0.0578	0.0607	0.0667	0.0756	0.0503	0.0477	0.0488	0.0536	0.0627	0.0776	0.0409	0.0366	0.0354	0.0373	0.0426	0.0539	0.0734
481	0.0682	0.0684	0.0663	0.0668	0.0661	0.0663	0.0655	0.0674	0.0703	0.0620	0.0589	0.0580	0.0609	0.0671	0.0760	0.0505	0.0478	0.0489	0.0538	0.0628	0.0779	0.0411	0.0368	0.0356	0.0374	0.0429	0.0541	0.0737
482	0.0683	0.0686	0.0665	0.0669	0.0663	0.0665	0.0657	0.0676	0.0705	0.0622	0.0591	0.0582	0.0610	0.0672	0.0761	0.0506	0.0479	0.0490	0.0538	0.0629	0.0780	0.0412	0.0369	0.0356	0.0375	0.0429	0.0542	0.0738
483	0.0684	0.0687	0.0666	0.0671	0.0664	0.0666	0.0659	0.0678	0.0709	0.0624	0.0592	0.0584	0.0611	0.0673	0.0762	0.0508	0.0480	0.0491	0.0538	0.0631	0.0781	0.0413	0.0370	0.0357	0.0375	0.0430	0.0543	0.0739
484	0.0685	0.0688	0.0667	0.0674	0.0665	0.0668	0.0661	0.0679	0.0711	0.0627	0.0593	0.0586	0.0614	0.0676	0.0765	0.0509	0.0482	0.0493	0.0540	0.0633	0.0783	0.0414	0.0372	0.0359	0.0374	0.0430	0.0544	0.0741
485	0.0687	0.0690	0.0669	0.0674	0.0665	0.0670	0.0662	0.0681	0.0713	0.0627	0.0595	0.0588	0.0615	0.0676	0.0766	0.0510	0.0482	0.0493	0.0540	0.0633	0.0784	0.0415	0.0370	0.0358	0.0375	0.0430	0.0544	0.0741
486	0.0689	0.0692	0.0672	0.0676	0.0667	0.0672	0.0664	0.0683	0.0715	0.0629	0.0598	0.0590	0.0618	0.0679	0.0768	0.0512	0.0484	0.0496	0.0542	0.0636	0.0786	0.0417	0.0371	0.0360	0.0377	0.0431	0.0546	0.0744
487	0.0691	0.0694	0.0677	0.0680	0.0671	0.0674	0.0668	0.0686	0.0718	0.0632	0.0600	0.0593	0.0621	0.0683	0.0772	0.0515	0.0486	0.0499	0.0545	0.0639	0.0789	0.0419	0.0374	0.0363	0.0379	0.0434	0.0548	0.0748
488	0.0693	0.0698	0.0678	0.0682	0.0675	0.0676	0.0669	0.0689	0.0720	0.0634	0.0603	0.0592	0.0621	0.0686	0.0775	0.0516	0.0486	0.0500	0.0546	0.0641	0.0792	0.0418	0.0375	0.0363	0.0380	0.0435	0.0548	0.0749
489	0.0696	0.0700	0.0680	0.0685	0.0677	0.0678	0.0671	0.0691	0.0722	0.0636	0.0604	0.0594	0.0622	0.0687	0.0777	0.0517	0.0488	0.0501	0.0549	0.0643	0.0794	0.0418	0.0376	0.0363	0.0381	0.0437	0.0550	0.0750
490	0.0699	0.0702	0.0682	0.0687	0.0678	0.0682	0.0674	0.0693	0.0725	0.0638	0.0606	0.0597	0.0625	0.0689	0.0780	0.0519	0.0491	0.0503	0.0552	0.0646	0.0796	0.0420	0.0377	0.0364	0.0381	0.0438	0.0552	0.0752
491	0.0703	0.0706	0.0686	0.0690	0.0682	0.0686	0.0678	0.0697	0.0730	0.0643	0.0610	0.0600	0.0630	0.0694	0.0784	0.0523	0.0495	0.0506	0.0554	0.0650	0.0801	0.0422	0.0381	0.0368	0.0384	0.0441	0.0556	0.0756
492	0.0704	0.0709	0.0690	0.0693	0.0684	0.0688	0.0679	0.0701	0.0732	0.0646	0.0613	0.0602	0.0632	0.0697	0.0788	0.0524	0.0498	0.0508	0.0556	0.0651	0.0803	0.0424	0.0383	0.0369	0.0386	0.0443	0.0559	0.0756
493	0.0707	0.0713	0.0693	0.0696	0.0686	0.0690	0.0681	0.0704	0.0735	0.0648	0.0614	0.0605	0.0635	0.0699	0.0791	0.0527	0.0500	0.0510	0.0559	0.0654	0.0805	0.0427	0.0385	0.0370	0.0388	0.0444	0.0561	0.0758
494	0.0711	0.0716	0.0697	0.0700	0.0690	0.0694	0.0686	0.0708	0.0738	0.0651	0.0616	0.0609	0.0638	0.0701	0.0793	0.0532	0.0502	0.0513	0.0564	0.0657	0.0810	0.0429	0.0388	0.0374	0.0391	0.0446	0.0564	0.0762
495	0.0716	0.0719	0.0701	0.0704	0.0694	0.0698	0.0689	0.0711	0.0742	0.0655	0.0620	0.0612	0.0642	0.0706	0.0797	0.0533	0.0504	0.0515	0.0567	0.0660	0.0814	0.0432	0.0389	0.0376	0.0393	0.0449	0.0565	0.0764
496	0.0720	0.0722	0.0704	0.0708	0.0698	0.0701	0.0692	0.0714	0.0745	0.0658	0.0624	0.0615	0.0644	0.0709	0.0801	0.0535	0.0506	0.0519	0.0569	0.0662	0.0816	0.0434	0.0390	0.0377	0.0394	0.0452	0.0568	0.0768
497	0.0723	0.0725	0.0707	0.0711	0.0701	0.0702	0.0696	0.0716	0.0747	0.0661	0.0627	0.0618	0.0647	0.0711	0.0803	0.0537	0.0510	0.0522	0.0569	0.0665	0.0818	0.0436	0.0392	0.0378	0.0395	0.0453	0.0570	0.0772
498	0.0725	0.0727	0.0708	0.0713	0.0703	0.0705	0.0697	0.0719	0.0750	0.0662	0.0630	0.0620	0.0648	0.0713	0.0804	0.0538	0.0511	0.0522	0.0571	0.0667	0.0819	0.0437	0.0393	0.0380	0.0397	0.0454	0.0571	0.0771
499	0.0727	0.0730	0.0711	0.0715	0.0706	0.0709	0.0700	0.0722	0.0752	0.0664	0.0633	0.0623	0.0650	0.0716	0.0807	0.0541	0.0512	0.0524	0.0573	0.0671	0.0821	0.0438	0.0394	0.0381	0.0399	0.0455	0.0573	0.0774
500	0.0729	0.0734	0.0714	0.0719	0.0709	0.0712	0.0703	0.0725	0.0755	0.0667	0.0635	0.0627	0.0653	0.0719	0.0810	0.0544	0.0515	0.0526	0.0575	0.0673	0.0824	0.0440	0.0395	0.0383	0.0401	0.0458	0.0574	0.0777
501	0.0731	0.0736	0.0716	0.0721	0.0710	0.0712	0.0706	0.0726	0.0758	0.0669	0.0636	0.0629	0.0656	0.0720	0.0812	0.0544	0.0515	0.0527	0.0577	0.0674	0.0828	0.0442	0.0395	0.0384	0.0402	0.0458	0.0576	0.0778
502	0.0734	0.0738	0.0718	0.0724	0.0713	0.0715	0.0707	0.0728	0.0761	0.0671	0.0638	0.0630	0.0657	0.0723	0.0815	0.0546	0.0517	0.0529	0.0579	0.0674	0.0829	0.0443	0.0397	0.0385	0.0403	0.0459	0.0576	0.0779
503	0.0736	0.0741	0.0721	0.0727	0.0716	0.0719	0.0710	0.0731	0.0764	0.0673	0.0641	0.0631	0.0659	0.0726	0.0818	0.0549	0.0521	0.0531	0.0581	0.0676	0.0831	0.0444	0.0399	0.0386	0.0404	0.0461	0.0578	0.0781
504	0.0738	0.0746	0.0726	0.0730	0.0718	0.0722	0.0714	0.0735	0.0767	0.0677	0.0644	0.0634	0.0662	0.0728	0.0822	0.0552	0.0523	0.0534	0.0583	0.0681	0.0835	0.0445	0.0401	0.0388	0.0405	0.0464	0.0581	0.0784
505	0.0742	0.0748	0.0728	0.0733	0.0722	0.0725	0.0716	0.0739	0.0771	0.0682	0.0647	0.0637	0.0665	0.0733	0.0825	0.0554	0.0525	0.0537	0.0587	0.0683	0.0838	0.0448	0.0403	0.0390	0.0409	0.0467	0.0583	0.0787
506	0.0746	0.0751	0.0731	0.0736	0.0726	0.0728	0.0720	0.0743	0.0774	0.0685	0.0650	0.0640	0.0668	0.0736	0.0828	0.0556	0.0527	0.0540	0.0591	0.0686	0.0841	0.0451	0.0405	0.0393	0.0411	0.0469	0.0585	0.0790
507	0.0749	0.0754	0.0735	0.0739	0.0728	0.0730	0.0723	0.0746	0.0777	0.0688	0.0653	0.0644	0.0671	0.0738	0.0831	0.0558	0.0529	0.0542	0.0593	0.0690	0.0843	0.0452	0.0407	0.0394	0.0413	0.0470	0.0589	0.0791
508	0.0751	0.0758	0.0739	0.0742	0.0730	0.0733	0.0726	0.0750	0.0781	0.0691	0.0656	0.0647	0.0675	0.0742	0.0835	0.0562	0.0531	0.0546	0.0595	0.0692	0.0847	0.0455	0.0409	0.0396	0.0414	0.0473	0.0592	0.0794
509	0.0754	0.0760	0.0742	0.0745	0.0734	0.0736	0.0729	0.0753	0.0784	0.0693	0.0659	0.0649	0.0678	0.0745	0.0838	0.0565	0.0534	0.0548	0.0597	0.0694	0.0851	0.0457	0.0411	0.0398	0.0416	0.0474	0.0593	0.0797
510	0.0759	0.0762	0.0745	0.0749	0.0739	0.0740	0.0732	0.0757	0.0787	0.0697	0.0661	0.0651	0.0681	0.0748	0.0841	0.0568	0.0538	0.0550	0.0599	0.0697	0.0854	0.0459	0.0413	0.0400	0.0418	0.0475	0.0595	0.0800
511	0.0763	0.0768	0.0751	0.0754	0.0744	0.0745	0.0737	0.0760	0.0792	0.0701	0.0665	0.0655	0.0686	0.0754	0.0845	0.0571	0.0543	0.0554	0.0603	0.0702	0.0859	0.0462	0.0418	0.0404	0.0421	0.0478	0.0597	0.0802
512	0.0766	0.0771	0.0753	0.0757	0.0746	0.0748	0.0739	0.0763	0.0795	0.0704	0.0668	0.0658	0.0688	0.0756	0.0848	0.0572	0.0544	0.0555	0.0605	0.0704	0.0861	0.0465	0.0418	0.0405	0.0423	0.0480	0.0599	0.0805
513	0.0769	0.0773	0.0755	0.0760	0.0748	0.0750	0.0741	0.0766	0.0797	0.0706	0.0670	0.0660	0.0690	0.0757	0.0851	0.0573	0.0545	0.0556	0.0607	0.0707	0.0863	0.0466	0.0419	0.0405	0.0425	0.0482	0.0601	0.0808
514	0.0772	0.0777	0.0758	0.0764	0.0751	0.0753	0.0745	0.0770	0.0801	0.0708	0.0673	0.0664	0.0693	0.0760	0.0854	0.0576	0.0546	0.0559	0.0610	0.0709	0.0867	0.0468	0.0421	0.0408	0.0426	0.0484	0.0603	0.0811
515	0.0773	0.0780	0.0760	0.0764	0.0754	0.0755	0.0747	0.0772	0.0804	0.0710	0.0675	0.0666	0.0695	0.0762	0.0856	0.0579	0.0547	0.0560	0.0611	0.0710	0.0867	0.0469	0.0422	0.0408	0.0427	0.0484	0.0605	0.0812
516	0.0776	0.0782	0.0763	0.0767	0.0756	0.0757	0.0749	0.0774	0.0806	0.0713	0.0678	0.0668	0.0697	0.0765	0.0858	0.0581	0.0549	0.0562	0.0613	0.0711	0.0869	0.0471	0.0424	0.0409	0.0428	0.0486	0.0607	0.0813
517	0.0780	0.0785	0.0767	0.0771	0.0759	0.0760	0.0751	0.0777	0.0809	0.0717	0.0680	0.0670	0.0700	0.0767	0.0862	0.0583	0.0552	0.0565	0.0616	0.0715	0.0873	0.0473	0.0426	0.0412	0.0430	0.0489	0.0608	0.0816
518	0.0782	0.0789	0.0770	0.0775	0.0763	0.0764	0.0756	0.0780	0.0812	0.0719	0.0683	0.0673	0.0704	0.0772	0.0865	0.0586	0.0555	0.0567	0.0618	0.0717	0.0876	0.0474	0.0426	0.0413	0.0432	0.0491	0.0610	0.0817
519	0.0785	0.0792	0.0773	0.0778	0.0766	0.0767	0.0759	0.0783	0.0815	0.0722	0.0686	0.0675	0.0706	0.0775	0.0868	0.0588	0.0557	0.0569	0.0621	0.0721	0.0879	0.0475	0.0428	0.0415	0.0434	0.0492	0.0612	0.0820
520	0.0788	0.0794	0.0775	0.0780	0.0768	0.0769	0.0761	0.0787	0.0819	0.0725	0.0689	0.0677	0.0708	0.0777	0.0871	0.0591	0.0559	0.0572	0.0623	0.0724	0.0882	0.0477	0.0430	0.0416	0.0434	0.0493	0.0614	0.0822
521	0.0791	0.0798	0.0779	0.0782	0.0770	0.0774	0.0765	0.0790	0.0821	0.0727	0.0690	0.0681	0.0711	0.0781	0.0875	0.0593	0.0561	0.0576	0.0626	0.0726	0.0885	0.0480	0.0431	0.0418	0.0436	0.0495	0.0617	0.0825
522	0.0795	0.0802	0.0783	0.0787	0.0773	0.0777	0.0769	0.0793	0.0825	0.0731	0.0694	0.0683	0.0714	0.0784	0.0878	0.0595	0.0564	0.0578	0.0629	0.0729	0.0887	0.0482	0.0433	0.0420	0.0438	0.0497	0.0618	0.0827
523	0.0798	0.0806	0.0787	0.0791	0.0776	0.0779	0.0772	0.0797	0.0829	0.0735	0.0698	0.0686	0.0718	0.0787	0.0882	0.0597	0.0567	0.0580	0.0632	0.0733	0.0890	0.0483	0.0435	0.0421	0.0440	0.0499	0.0620	0.0829
524	0.0800	0.0808	0.0790	0.0794	0.0781	0.0782	0.0775	0.0801	0.0831	0.0737	0.0700	0.0689	0.0721	0.0788	0.0887	0.0601	0.0569	0.0582	0.0635	0.0736	0.0893	0.0486	0.0437	0.0422	0.0443	0.0502	0.0623	0.0831
525	0.0805	0.0812	0.0794	0.0798	0.0784	0.0787	0.0778	0.0805	0.0835	0.0740	0.0704	0.0692	0.0725	0.0793	0.0890	0.0603	0.0572	0.0585	0.0637	0.0738	0.0897	0.0488	0.0440	0.0425	0.0445	0.0504	0.0626	0.0835
526	0.0809	0.0816	0.0798	0.0802	0.0789	0.0791	0.0783	0.0809	0.0840	0.0744	0.0708	0.0696	0.0728	0.0798	0.0894	0.0606	0.0576	0.0588	0.0640	0.0742	0.0901	0.0491	0.0443	0.0428	0.0447	0.0507	0.0629	0.0838
527	0.0813	0.0821	0.0802	0.0807	0.0795	0.0795	0.0789	0.0814	0.0846	0.0747	0.0712	0.0701	0.0731	0.0802	0.0897	0.0610	0.0580	0.0592	0.0644	0.0746	0.0904	0.0495	0.0445	0.0431	0.0450	0.0510	0.0631	0.0841
528	0.0817	0.0823	0.0804	0.0810	0.0796	0.0797	0.0789	0.0815	0.0847	0.0751	0.0714	0.0704	0.0735	0.0804	0.0900	0.0612	0.0581	0.0594	0.0646	0.0748	0.0908	0.0496	0.0447	0.0432	0.0450	0.0511	0.0633	0.0843
529	0.0819	0.0827	0.0808	0.0813	0.0799	0.0800	0.0792	0.0818	0.0850	0.0754	0.0716	0.0706	0.0737	0.0807	0.0903	0.0614	0.0583	0.0596	0.0648	0.0750	0.0910	0.0498	0.0448	0.0434	0.0452	0.0512	0.0635	0.0845
530	0.0821	0.0830	0.0811	0.0816	0.0802	0.0803	0.0795	0.0822	0.0853	0.0757	0.0719	0.0709	0.0739	0.0810	0.0907	0.0617	0.0585	0.0598	0.0649	0.0752	0.0912	0.0501	0.0449	0.0436	0.0455	0.0515	0.0638	0.0848
531	0.0825	0.0833	0.0815	0.0819	0.0805	0.0806	0.0799	0.0825	0.0857	0.0760	0.0722	0.0712	0.0742	0.0813	0.0910	0.0619	0.0588	0.0600	0.0653	0.0755	0.0914	0.0501	0.0451	0.0437	0.0455	0.0516	0.0639	0.0850
532	0.0829	0.0835	0.0818	0.0822	0.0808	0.0809	0.0802	0.0827	0.0860	0.0763	0.0725	0.0714	0.0744	0.0815	0.0913	0.0622	0.0589	0.0602	0.0655	0.0758	0.0917	0.0503	0.0453	0.0437	0.0457	0.0518	0.0641	0.0852
533	0.0832	0.0839	0.0821	0.0827	0.0811	0.0813	0.0805	0.0830	0.0863	0.0767	0.0727	0.0717	0.0748	0.0818	0.0916	0.0624	0.0591	0.0604	0.0657	0.0761	0.0920	0.0505	0.0455	0.0439	0.0459	0.0520	0.0643	0.0855
534	0.0836	0.0843	0.0825	0.0830	0.0816	0.0817	0.0809	0.0836	0.0868	0.0770	0.0731	0.0720	0.0753	0.0823	0.0920	0.0627	0.0594	0.0607	0.0660	0.0764	0.0925	0.0508	0.0457	0.0442	0.0462	0.0522	0.0646	0.0859
535	0.0839	0.0846	0.0828	0.0833	0.0818	0.0820	0.0813	0.0839	0.0871	0.0772	0.0734	0.0724	0.0755	0.0827	0.0923	0.0629	0.0597	0.0610	0.0663	0.0767	0.0928	0.0510	0.0458	0.0444	0.0463	0.0524	0.0648	0.0860
536	0.0842	0.0850	0.0832	0.0836	0.0822	0.0824	0.0816	0.0843	0.0875	0.0776	0.0738	0.0727	0.0758	0.0830	0.0926	0.0632	0.0600	0.0613	0.0666	0.0769	0.0931	0.0512	0.0461	0.0446	0.0465	0.0526	0.0650	0.0862
537	0.0846	0.0854	0.0837	0.0841	0.0826	0.0828	0.0819	0.0846	0.0879	0.0781	0.0742	0.0729	0.0762	0.0834	0.0930	0.0636	0.0603	0.0615	0.0670	0.0772	0.0935	0.0514	0.0464	0.0449	0.0467	0.0527	0.0652	0.0864
538	0.0850	0.0858	0.0840	0.0844	0.0829	0.0830	0.0823	0.0850	0.0882	0.0783	0.0744	0.0733	0.0765	0.0837	0.0934	0.0638	0.0605	0.0618	0.0672	0.0776	0.0937	0.0516	0.0465	0.0450	0.0469	0.0530	0.0655	0.0867
539	0.0853	0.0862	0.0844	0.0847	0.0833	0.0834	0.0826	0.0854	0.0886	0.0787	0.0748	0.0736	0.0768	0.0840	0.0939	0.0641	0.0608	0.0621	0.0675	0.0779	0.0941	0.0518	0.0467	0.0452	0.0471	0.0532	0.0657	0.0871
540	0.0857	0.0865	0.0848	0.0852	0.0836	0.0838	0.0830	0.0858	0.0890	0.0791	0.0752	0.0739	0.0771	0.0844	0.0943	0.0644	0.0611	0.0624	0.0678	0.0782	0.0944	0.0520	0.0469	0.0454	0.0473	0.0534	0.0660	0.0874
541	0.0863	0.0870	0.0853	0.0857	0.0841	0.0842	0.0834	0.0862	0.0895	0.0795	0.0755	0.0744	0.0776	0.0848	0.0947	0.0648	0.0614	0.0627	0.0680	0.0786	0.0948	0.0523	0.0473	0.0457	0.0477	0.0538	0.0663	0.0876
542	0.0867	0.0874	0.0857	0.0862	0.0846	0.0846	0.0838	0.0867	0.0899	0.0799	0.0760	0.0748	0.0780	0.0851	0.0951	0.0651	0.0617	0.0630	0.0684	0.0790	0.0952	0.0526	0.0475	0.0459	0.0479	0.0540	0.0666	0.0879
543	0.0871	0.0878	0.0861	0.0866	0.0850	0.0850	0.0842	0.0872	0.0903	0.0803	0.0763	0.0751	0.0783	0.0855	0.0955	0.0654	0.0620	0.0634	0.0689	0.0793	0.0956	0.0529	0.0478	0.0462	0.0481	0.0542	0.0669	0.0882
544	0.0875	0.0882	0.0865	0.0870	0.0854	0.0854	0.0847	0.0874	0.0906	0.0807	0.0766	0.0756	0.0787	0.0859	0.0959	0.0657	0.0624	0.0637	0.0692	0.0796	0.0959	0.0532	0.0480	0.0465	0.0484	0.0545	0.0671	0.0885
545	0.0878	0.0885	0.0869	0.0873	0.0858	0.0858	0.0849	0.0878	0.0910	0.0810	0.0769	0.0758	0.0791	0.0863	0.0962	0.0660	0.0626	0.0639	0.0694	0.0799	0.0962	0.0534	0.0482	0.0466	0.0484	0.0546	0.0673	0.0888
546	0.0881	0.0889	0.0872	0.0876	0.0861	0.0861	0.0852	0.0882	0.0915	0.0813	0.0773	0.0761	0.0794	0.0866	0.0965	0.0663	0.0629	0.0641	0.0696	0.0801	0.0965	0.0535	0.0483	0.0467	0.0485	0.0548	0.0675	0.0890
547	0.0885	0.0893	0.0875	0.0880	0.0864	0.0865	0.0856	0.0885	0.0918	0.0817	0.0776	0.0764	0.0797	0.0868	0.0969	0.0665	0.0632	0.0643	0.0698	0.0805	0.0968	0.0537	0.0484	0.0469	0.0488	0.0550	0.0677	0.0893
548	0.0889	0.0897	0.0880	0.0885	0.0868	0.0869	0.0861	0.0889	0.0923	0.0821	0.0780	0.0768	0.0801	0.0874	0.0974	0.0670	0.0635	0.0647	0.0702	0.0809	0.0972	0.0540	0.0487	0.0471	0.0491	0.0553	0.0680	0.0896
549	0.0893	0.0901	0.0885	0.0889	0.0872	0.0874	0.0865	0.0894	0.0928	0.0824	0.0783	0.0771	0.0804	0.0878	0.0977	0.0673	0.0637	0.0650	0.0705	0.0812	0.0975	0.0542	0.0489	0.0473	0.0493	0.0556	0.0682	0.0899
550	0.0898	0.0906	0.0888	0.0893	0.0876	0.0878	0.0870	0.0898	0.0932	0.0828	0.0787	0.0775	0.0807	0.0882	0.0980	0.0675	0.0641	0.0653	0.0708	0.0815	0.0979	0.0544	0.0492	0.0475	0.0495	0.0558	0.0684	0.0902
551	0.0902	0.0910	0.0894	0.0898	0.0881	0.0881	0.0873	0.0902	0.0936	0.0833	0.0791	0.0779	0.0811	0.0886	0.0986	0.0678	0.0645	0.0656	0.0712	0.0819	0.0982	0.0548	0.0494	0.0478	0.0498	0.0560	0.0687	0.0905
552	0.0906	0.0915	0.0898	0.0902	0.0885	0.0885	0.0877	0.0907	0.0941	0.0837	0.0795	0.0783	0.0815	0.0890	0.0990	0.0681	0.0648	0.0660	0.0715	0.0822	0.0986	0.0550	0.0497	0.0480	0.0500	0.0563	0.0690	0.0908
553	0.0910	0.0919	0.0902	0.0907	0.0890	0.0889	0.0882	0.0911	0.0946	0.0841	0.0799	0.0786	0.0819	0.0893	0.0994	0.0685	0.0650	0.0663	0.0718	0.0825	0.0990	0.0553	0.0499	0.0483	0.0502	0.0565	0.0693	0.0911
554	0.0914	0.0923	0.0907	0.0911	0.0895	0.0894	0.0887	0.0916	0.0950	0.0844	0.0803	0.0791	0.0823	0.0898	0.1000	0.0688	0.0653	0.0666	0.0722	0.0830	0.0995	0.0556	0.0502	0.0485	0.0504	0.0568	0.0696	0.0914
555	0.0919	0.0928	0.0912	0.0916	0.0899	0.0898	0.0891	0.0920	0.0955	0.0849	0.0807	0.0794	0.0827	0.0902	0.1004	0.0692	0.0657	0.0670	0.0725	0.0834	0.0999	0.0558	0.0505	0.0488	0.0507	0.0570	0.0698	0.0917
556	0.0924	0.0933	0.0917	0.0921	0.0903	0.0903	0.0895	0.0925	0.0960	0.0854	0.0812	0.0798	0.0832	0.0907	0.1008	0.0696	0.0661	0.0674	0.0729	0.0838	0.1002	0.0561	0.0507	0.0491	0.0510	0.0573	0.0701	0.0921
557	0.0929	0.0938	0.0921	0.0926	0.0908	0.0908	0.0900	0.0931	0.0964	0.0859	0.0816	0.0802	0.0836	0.0912	0.1012	0.0700	0.0665	0.0677	0.0733	0.0841	0.1007	0.0563	0.0510	0.0494	0.0513	0.0576	0.0704	0.0925
558	0.0934	0.0942	0.0927	0.0931	0.0913	0.0913	0.0905	0.0936	0.0968	0.0863	0.0820	0.0807	0.0841	0.0916	0.1018	0.0703	0.0669	0.0680	0.0736	0.0845	0.1011	0.0566	0.0513	0.0496	0.0515	0.0579	0.0707	0.0928
559	0.0938	0.0947	0.0932	0.0936	0.0918	0.0917	0.0909	0.0940	0.0973	0.0867	0.0824	0.0811	0.0845	0.0920	0.1022	0.0706	0.0672	0.0683	0.0740	0.0849	0.1016	0.0569	0.0516	0.0498	0.0517	0.0581	0.0710	0.0931
560	0.0942	0.0952	0.0937	0.0941	0.0922	0.0921	0.0913	0.0945	0.0978	0.0871	0.0828	0.0815	0.0849	0.0924	0.1026	0.0711	0.0675	0.0687	0.0743	0.0852	0.1019	0.0572	0.0518	0.0501	0.0520	0.0583	0.0713	0.0933
561	0.0947	0.0957	0.0940	0.0945	0.0927	0.0926	0.0918	0.0949	0.0983	0.0876	0.0832	0.0820	0.0853	0.0928	0.1031	0.0714	0.0678	0.0691	0.0748	0.0857	0.1024	0.0576	0.0521	0.0504	0.0523	0.0587	0.0717	0.0937
562	0.0952	0.0962	0.0945	0.0949	0.0931	0.0931	0.0922	0.0954	0.0988	0.0880	0.0836	0.0824	0.0858	0.0933	0.1035	0.0718	0.0681	0.0694	0.0751	0.0860	0.1027	0.0578	0.0523	0.0506	0.0525	0.0590	0.0720	0.0940
563	0.0957	0.0966	0.0950	0.0954	0.0935	0.0935	0.0927	0.0958	0.0992	0.0884	0.0840	0.0828	0.0862	0.0937	0.1040	0.0721	0.0684	0.0697	0.0754	0.0863	0.1031	0.0580	0.0525	0.0509	0.0528	0.0592	0.0722	0.0943
564	0.0961	0.0971	0.0955	0.0959	0.0940	0.0940	0.0931	0.0962	0.0996	0.0889	0.0844	0.0832	0.0866	0.0941	0.1045	0.0724	0.0688	0.0700	0.0757	0.0866	0.1035	0.0584	0.0527	0.0511	0.0530	0.0594	0.0724	0.0945
565	0.0966	0.0975	0.0960	0.0964	0.0945	0.0944	0.0936	0.0967	0.1002	0.0893	0.0849	0.0836	0.0869	0.0946	0.1049	0.0728	0.0692	0.0704	0.0761	0.0870	0.1039	0.0586	0.0530	0.0513	0.0533	0.0597	0.0728	0.0949
566	0.0971	0.0980	0.0965	0.0969	0.0949	0.0948	0.0941	0.0972	0.1007	0.0898	0.0853	0.0839	0.0874	0.0950	0.1053	0.0731	0.0695	0.0707	0.0764	0.0875	0.1043	0.0589	0.0532	0.0516	0.0535	0.0599	0.0731	0.0953
567	0.0975	0.0984	0.0970	0.0973	0.0954	0.0953	0.0946	0.0976	0.1011	0.0902	0.0857	0.0843	0.0878	0.0954	0.1058	0.0734	0.0698	0.0711	0.0768	0.0878	0.1047	0.0591	0.0535	0.0517	0.0537	0.0602	0.0733	0.0955
568	0.0980	0.0989	0.0974	0.0978	0.0958	0.0958	0.0950	0.0982	0.1016	0.0906	0.0862	0.0848	0.0882	0.0959	0.1063	0.0739	0.0702	0.0714	0.0772	0.0882	0.1051	0.0594	0.0538	0.0520	0.0540	0.0604	0.0736	0.0959
569	0.0985	0.0994	0.0979	0.0983	0.0963	0.0962	0.0954	0.0986	0.1021	0.0911	0.0866	0.0853	0.0886	0.0963	0.1067	0.0742	0.0705	0.0718	0.0775	0.0886	0.1055	0.0597	0.0541	0.0523	0.0542	0.0607	0.0739	0.0962
570	0.0989	0.0999	0.0983	0.0988	0.0968	0.0967	0.0958	0.0991	0.1026	0.0915	0.0869	0.0857	0.0890	0.0967	0.1071	0.0745	0.0708	0.0721	0.0779	0.0889	0.1059	0.0600	0.0544	0.0525	0.0545	0.0610	0.0742	0.0965
571	0.0994	0.1003	0.0989	0.0992	0.0972	0.0972	0.0963	0.0995	0.1030	0.0920	0.0874	0.0861	0.0895	0.0972	0.1076	0.0749	0.0712	0.0725	0.0783	0.0894	0.1063	0.0602	0.0547	0.0528	0.0548	0.0613	0.0745	0.0969
572	0.0998	0.1008	0.0993	0.0997	0.0977	0.0977	0.0968	0.1000	0.1035	0.0924	0.0879	0.0865	0.0899	0.0976	0.1081	0.0753	0.0716	0.0728	0.0786	0.0898	0.1067	0.0605	0.0549	0.0531	0.0550	0.0615	0.0748	0.0972
573	0.1003	0.1013	0.0998	0.1003	0.0982	0.0981	0.0973	0.1005	0.1040	0.0928	0.0883	0.0868	0.0903	0.0981	0.1085	0.0756	0.0719	0.0732	0.0790	0.0902	0.1070	0.0608	0.0551	0.0534	0.0553	0.0618	0.0751	0.0975
574	0.1008	0.1018	0.1003	0.1008	0.0987	0.0986	0.0977	0.1010	0.1044	0.0933	0.0886	0.0872	0.0908	0.0986	0.1090	0.0760	0.0723	0.0735	0.0793	0.0906	0.1075	0.0611	0.0554	0.0536	0.0556	0.0621	0.0755	0.0979
575	0.1013	0.1023	0.1008	0.1013	0.0992	0.0991	0.0982	0.1015	0.1050	0.0938	0.0891	0.0877	0.0913	0.0990	0.1094	0.0764	0.0727	0.0739	0.0798	0.0910	0.1080	0.0614	0.0557	0.0538	0.0558	0.0624	0.0757	0.0982
576	0.1018	0.1028	0.1012	0.1018	0.0996	0.0995	0.0987	0.1020	0.1055	0.0942	0.0895	0.0882	0.0916	0.0994	0.1099	0.0767	0.0731	0.0743	0.0801	0.0913	0.1084	0.0617	0.0560	0.0541	0.0561	0.0627	0.0760	0.0985
577	0.1022	0.1032	0.1017	0.1021	0.1001	0.0998	0.0991	0.1024	0.1059	0.0945	0.0899	0.0886	0.0920	0.0998	0.1103	0.0771	0.0733	0.0746	0.0804	0.0916	0.1088	0.0619	0.0563	0.0544	0.0563	0.0628	0.0762	0.0988
578	0.1026	0.1036	0.1021	0.1026	0.1005	0.1003	0.0995	0.1028	0.1063	0.0949	0.0903	0.0890	0.0924	0.1002	0.1108	0.0774	0.0736	0.0748	0.0807	0.0920	0.1092	0.0622	0.0565	0.0546	0.0565	0.0631	0.0765	0.0991
579	0.1031	0.1041	0.1025	0.1030	0.1009	0.1007	0.0999	0.1033	0.1067	0.0953	0.0906	0.0893	0.0928	0.1006	0.1112	0.0777	0.0739	0.0751	0.0810	0.0923	0.1095	0.0624	0.0567	0.0548	0.0567	0.0633	0.0768	0.0993
580	0.1035	0.1045	0.1030	0.1035	0.1012	0.1012	0.1003	0.1037	0.1071	0.0957	0.0911	0.0896	0.0931	0.1010	0.1115	0.0780	0.0742	0.0754	0.0813	0.0926	0.1098	0.0627	0.0569	0.0550	0.0569	0.0636	0.0770	0.0996
581	0.1038	0.1050	0.1034	0.1039	0.1017	0.1016	0.1007	0.1041	0.1076	0.0960	0.0914	0.0901	0.0935	0.1014	0.1120	0.0783	0.0745	0.0757	0.0816	0.0931	0.1101	0.0628	0.0571	0.0553	0.0573	0.0638	0.0773	0.1000
582	0.1043	0.1054	0.1039	0.1044	0.1021	0.1020	0.1012	0.1045	0.1081	0.0964	0.0918	0.0904	0.0939	0.1018	0.1124	0.0786	0.0748	0.0761	0.0820	0.0934	0.1105	0.0631	0.0573	0.0555	0.0575	0.0640	0.0775	0.1003
583	0.1047	0.1058	0.1044	0.1048	0.1025	0.1024	0.1016	0.1050	0.1085	0.0968	0.0922	0.0908	0.0943	0.1022	0.1128	0.0790	0.0752	0.0764	0.0824	0.0938	0.1109	0.0634	0.0575	0.0558	0.0577	0.0643	0.0778	0.1006
584	0.1050	0.1062	0.1048	0.1051	0.1028	0.1027	0.1020	0.1053	0.1089	0.0972	0.0925	0.0911	0.0946	0.1025	0.1132	0.0793	0.0754	0.0767	0.0826	0.0941	0.1113	0.0636	0.0578	0.0559	0.0579	0.0644	0.0781	0.1009
585	0.1054	0.1066	0.1052	0.1055	0.1032	0.1031	0.1024	0.1058	0.1093	0.0976	0.0929	0.0915	0.0950	0.1029	0.1136	0.0796	0.0757	0.0770	0.0830	0.0944	0.1117	0.0638	0.0580	0.0562	0.0581	0.0647	0.0784	0.1012
586	0.1058	0.1070	0.1056	0.1060	0.1036	0.1035	0.1028	0.1063	0.1097	0.0980	0.0932	0.0918	0.0954	0.1034	0.1140	0.0799	0.0760	0.0773	0.0833	0.0948	0.1121	0.0640	0.0582	0.0564	0.0584	0.0650	0.0786	0.1015
587	0.1063	0.1074	0.1060	0.1064	0.1041	0.1039	0.1032	0.1067	0.1101	0.0984	0.0936	0.0922	0.0958	0.1038	0.1145	0.0803	0.0764	0.0776	0.0836	0.0951	0.1125	0.0643	0.0584	0.0567	0.0586	0.0653	0.0789	0.1019
588	0.1067	0.1079	0.1065	0.1070	0.1045	0.1043	0.1036	0.1072	0.1107	0.0988	0.0940	0.0926	0.0962	0.1043	0.1150	0.0806	0.0767	0.0779	0.0840	0.0955	0.1129	0.0646	0.0588	0.0569	0.0588	0.0656	0.0792	0.1022
589	0.1071	0.1084	0.1070	0.1075	0.1050	0.1047	0.1041	0.1076	0.1112	0.0993	0.0944	0.0930	0.0966	0.1047	0.1154	0.0809	0.0770	0.0782	0.0843	0.0959	0.1133	0.0649	0.0590	0.0571	0.0590	0.0658	0.0794	0.1025
590	0.1076	0.1088	0.1075	0.1079	0.1054	0.1052	0.1045	0.1080	0.1117	0.0997	0.0948	0.0934	0.0970	0.1050	0.1159	0.0813	0.0774	0.0786	0.0846	0.0962	0.1137	0.0651	0.0592	0.0573	0.0592	0.0659	0.0797	0.1027
591	0.1080	0.1093	0.1080	0.1084	0.1060	0.1056	0.1049	0.1084	0.1122	0.1002	0.0952	0.0938	0.0973	0.1054	0.1164	0.0816	0.0777	0.0789	0.0849	0.0965	0.1141	0.0655	0.0595	0.0575	0.0594	0.0661	0.0798	0.1029
592	0.1085	0.1097	0.1084	0.1089	0.1065	0.1061	0.1053	0.1089	0.1126	0.1007	0.0956	0.0942	0.0977	0.1058	0.1167	0.0820	0.0780	0.0792	0.0852	0.0968	0.1143	0.0658	0.0598	0.0577	0.0597	0.0663	0.0799	0.1031
593	0.1091	0.1102	0.1089	0.1093	0.1069	0.1066	0.1057	0.1093	0.1129	0.1010	0.0960	0.0946	0.0982	0.1061	0.1170	0.0823	0.0783	0.0795	0.0855	0.0970	0.1145	0.0661	0.0600	0.0579	0.0599	0.0665	0.0800	0.1031
594	0.1096	0.1108	0.1093	0.1096	0.1074	0.1071	0.1063	0.1098	0.1132	0.1014	0.0965	0.0950	0.0985	0.1064	0.1171	0.0827	0.0786	0.0798	0.0857	0.0972	0.1145	0.0662	0.0601	0.0582	0.0601	0.0667	0.0801	0.1030
595	0.1100	0.1112	0.1098	0.1100	0.1078	0.1075	0.1067	0.1102	0.1135	0.1017	0.0968	0.0954	0.0989	0.1068	0.1175	0.0830	0.0789	0.0801	0.0861	0.0975	0.1148	0.0665	0.0604	0.0584	0.0603	0.0670	0.0804	0.1032
596	0.1104	0.1116	0.1102	0.1104	0.1082	0.1079	0.1071	0.1106	0.1139	0.1020	0.0972	0.0957	0.0992	0.1073	0.1179	0.0832	0.0792	0.0804	0.0865	0.0979	0.1152	0.0667	0.0606	0.0586	0.0605	0.0673	0.0808	0.1035
597	0.1106	0.1119	0.1105	0.1108	0.1085	0.1083	0.1074	0.1110	0.1144	0.1024	0.0975	0.0960	0.0996	0.1077	0.1184	0.0834	0.0795	0.0807	0.0868	0.0984	0.1157	0.0670	0.0609	0.0589	0.0609	0.0676	0.0812	0.1039
598	0.1109	0.1121	0.1107	0.1111	0.1087	0.1085	0.1077	0.1113	0.1148	0.1027	0.0979	0.0964	0.0999	0.1082	0.1189	0.0838	0.0798	0.0810	0.0872	0.0989	0.1163	0.0672	0.0611	0.0592	0.0611	0.0680	0.0818	0.1047
599	0.1111	0.1123	0.1109	0.1113	0.1089	0.1087	0.1079	0.1115	0.1151	0.1029	0.0981	0.0966	0.1002	0.1085	0.1193	0.0840	0.0800	0.0813	0.0874	0.0993	0.1168	0.0673	0.0613	0.0594	0.0613	0.0683	0.0822	0.1053
600	0.1112	0.1124	0.1110	0.1115	0.1090	0.1089	0.1082	0.1117	0.1154	0.1030	0.0982	0.0967	0.1004	0.1087	0.1196	0.0841	0.0802	0.0815	0.0877	0.0996	0.1172	0.0673	0.0614	0.0595	0.0615	0.0684	0.0825	0.1058
601	0.1114	0.1127	0.1113	0.1119	0.1093	0.1091	0.1083	0.1120	0.1158	0.1032	0.0984	0.0969	0.1007	0.1090	0.1201	0.0843	0.0804	0.0816	0.0879	0.0999	0.1176	0.0676	0.0615	0.0597	0.0617	0.0686	0.0828	0.1063
602	0.1117	0.1129	0.1116	0.1123	0.1095	0.1093	0.1085	0.1122	0.1161	0.1035	0.0985	0.0971	0.1008	0.1092	0.1204	0.0845	0.0805	0.0818	0.0880	0.1001	0.1180	0.0678	0.0617	0.0598	0.0618	0.0687	0.0830	0.1066
603	0.1119	0.1132	0.1120	0.1126	0.1097	0.1096	0.1088	0.1125	0.1165	0.1038	0.0987	0.0974	0.1010	0.1095	0.1207	0.0847	0.0806	0.0820	0.0882	0.1003	0.1182	0.0679	0.0618	0.0599	0.0619	0.0688	0.0831	0.1067
604	0.1122	0.1135	0.1123	0.1129	0.1101	0.1099	0.1091	0.1128	0.1168	0.1041	0.0990	0.0976	0.1012	0.1096	0.1209	0.0848	0.0808	0.0821	0.0883	0.1004	0.1184	0.0680	0.0619	0.0600	0.0619	0.0687	0.0830	0.1069
605	0.1126	0.1138	0.1126	0.1132	0.1104	0.1101	0.1094	0.1132	0.1170	0.1043	0.0992	0.0979	0.1014	0.1099	0.1211	0.0850	0.0810	0.0823	0.0886	0.1006	0.1186	0.0681	0.0620	0.0601	0.0620	0.0689	0.0831	0.1071
606	0.1129	0.1143	0.1130	0.1136	0.1108	0.1104	0.1097	0.1136	0.1174	0.1045	0.0995	0.0982	0.1018	0.1102	0.1215	0.0852	0.0813	0.0825	0.0889	0.1008	0.1189	0.0683	0.0622	0.0603	0.0622	0.0691	0.0833	0.1073
607	0.1133	0.1147	0.1134	0.1140	0.1111	0.1108	0.1101	0.1140	0.1178	0.1047	0.0999	0.0984	0.1024	0.1107	0.1219	0.0857	0.0817	0.0829	0.0892	0.1013	0.1192	0.0685	0.0625	0.0605	0.0626	0.0696	0.0837	0.1075
608	0.1138	0.1152	0.1140	0.1145	0.1116	0.1113	0.1106	0.1145	0.1182	0.1052	0.1002	0.0989	0.1028	0.1111	0.1222	0.0859	0.0820	0.0832	0.0895	0.1015	0.1193	0.0687	0.0627	0.0608	0.0627	0.0697	0.0838	0.1074
609	0.1142	0.1156	0.1145	0.1149	0.1119	0.1117	0.1110	0.1149	0.1186	0.1056	0.1006	0.0992	0.1031	0.1114	0.1224	0.0862	0.0822	0.0835	0.0897	0.1018	0.1194	0.0690	0.0629	0.0609	0.0629	0.0699	0.0840	0.1073
610	0.1144	0.1159	0.1148	0.1152	0.1122	0.1120	0.1112	0.1152	0.1189	0.1059	0.1009	0.0995	0.1033	0.1116	0.1227	0.0863	0.0824	0.0837	0.0900	0.1020	0.1195	0.0691	0.0630	0.0610	0.0631	0.0700	0.0841	0.1073
611	0.1146	0.1161	0.1149	0.1154	0.1124	0.1123	0.1116	0.1154	0.1191	0.1060	0.1011	0.0998	0.1035	0.1119	0.1231	0.0866	0.0825	0.0840	0.0903	0.1022	0.1199	0.0693	0.0632	0.0611	0.0633	0.0703	0.0843	0.1077
612	0.1148	0.1162	0.1150	0.1156	0.1127	0.1125	0.1118	0.1155	0.1194	0.1063	0.1013	0.1000	0.1038	0.1121	0.1233	0.0869	0.0827	0.0842	0.0905	0.1024	0.1202	0.0695	0.0634	0.0613	0.0634	0.0705	0.0845	0.1080
613	0.1151	0.1164	0.1152	0.1158	0.1130	0.1126	0.1120	0.1157	0.1196	0.1067	0.1016	0.1003	0.1040	0.1123	0.1235	0.0871	0.0830	0.0843	0.0907	0.1026	0.1204	0.0697	0.0636	0.0615	0.0636	0.0706	0.0846	0.1081
614	0.1153	0.1167	0.1153	0.1159	0.1132	0.1129	0.1122	0.1159	0.1197	0.1070	0.1018	0.1004	0.1041	0.1124	0.1236	0.0873	0.0831	0.0844	0.0908	0.1027	0.1205	0.0698	0.0636	0.0616	0.0637	0.0707	0.0846	0.1081
615	0.1157	0.1170	0.1156	0.1162	0.1136	0.1133	0.1125	0.1161	0.1200	0.1073	0.1021	0.1007	0.1044	0.1126	0.1239	0.0876	0.0834	0.0847	0.0910	0.1029	0.1207	0.0700	0.0638	0.0618	0.0638	0.0708	0.0847	0.1082
616	0.1160	0.1174	0.1159	0.1166	0.1139	0.1137	0.1128	0.1164	0.1203	0.1077	0.1025	0.1011	0.1047	0.1129	0.1243	0.0879	0.0837	0.0850	0.0912	0.1031	0.1210	0.0702	0.0640	0.0620	0.0641	0.0710	0.0849	0.1084
617	0.1164	0.1178	0.1164	0.1168	0.1142	0.1140	0.1132	0.1169	0.1206	0.1080	0.1028	0.1014	0.1051	0.1133	0.1247	0.0881	0.0840	0.0852	0.0916	0.1035	0.1213	0.0704	0.0642	0.0622	0.0643	0.0713	0.0852	0.1088
618	0.1167	0.1181	0.1168	0.1173	0.1146	0.1143	0.1136	0.1172	0.1210	0.1083	0.1031	0.1017	0.1055	0.1137	0.1250	0.0884	0.0843	0.0856	0.0919	0.1039	0.1217	0.0706	0.0644	0.0625	0.0646	0.0715	0.0855	0.1091
619	0.1171	0.1185	0.1171	0.1178	0.1150	0.1147	0.1140	0.1176	0.1215	0.1086	0.1034	0.1021	0.1059	0.1141	0.1254	0.0887	0.0846	0.0859	0.0922	0.1042	0.1221	0.0708	0.0647	0.0627	0.0648	0.0717	0.0858	0.1095
620	0.1175	0.1189	0.1175	0.1182	0.1154	0.1151	0.1144	0.1180	0.1220	0.1089	0.1039	0.1024	0.1063	0.1145	0.1258	0.0890	0.0850	0.0863	0.0926	0.1045	0.1225	0.0710	0.0649	0.0630	0.0650	0.0720	0.0860	0.1098
621	0.1177	0.1191	0.1178	0.1183	0.1157	0.1154	0.1146	0.1182	0.1220	0.1091	0.1040	0.1026	0.1064	0.1147	0.1260	0.0891	0.0852	0.0864	0.0927	0.1047	0.1226	0.0712	0.0650	0.0631	0.0651	0.0721	0.0861	0.1098
622	0.1180	0.1193	0.1180	0.1185	0.1159	0.1156	0.1148	0.1184	0.1222	0.1093	0.1042	0.1029	0.1065	0.1149	0.1261	0.0892	0.0853	0.0865	0.0928	0.1048	0.1227	0.0713	0.0651	0.0632	0.0652	0.0722	0.0862	0.1098
623	0.1183	0.1196	0.1183	0.1188	0.1161	0.1158	0.1150	0.1187	0.1225	0.1097	0.1045	0.1031	0.1068	0.1151	0.1263	0.0894	0.0853	0.0866	0.0931	0.1049	0.1229	0.0715	0.0653	0.0632	0.0653	0.0724	0.0864	0.1100
624	0.1186	0.1200	0.1186	0.1191	0.1165	0.1161	0.1153	0.1191	0.1228	0.1100	0.1047	0.1033	0.1071	0.1153	0.1267	0.0897	0.0856	0.0869	0.0933	0.1052	0.1233	0.0717	0.0655	0.0634	0.0654	0.0725	0.0865	0.1102
625	0.1188	0.1202	0.1189	0.1194	0.1167	0.1163	0.1156	0.1193	0.1231	0.1102	0.1049	0.1035	0.1073	0.1156	0.1270	0.0899	0.0858	0.0870	0.0934	0.1054	0.1235	0.0719	0.0656	0.0634	0.0656	0.0726	0.0866	0.1104
626	0.1191	0.1204	0.1192	0.1196	0.1170	0.1166	0.1159	0.1196	0.1233	0.1104	0.1052	0.1037	0.1074	0.1158	0.1272	0.0901	0.0859	0.0871	0.0935	0.1056	0.1237	0.0721	0.0657	0.0635	0.0657	0.0727	0.0868	0.1106
627	0.1193	0.1207	0.1194	0.1199	0.1172	0.1169	0.1162	0.1199	0.1236	0.1106	0.1054	0.1039	0.1077	0.1161	0.1275	0.0903	0.0861	0.0873	0.0938	0.1059	0.1241	0.0723	0.0659	0.0637	0.0658	0.0729	0.0871	0.1109
628	0.1195	0.1210	0.1198	0.1201	0.1175	0.1171	0.1165	0.1202	0.1239	0.1109	0.1057	0.1042	0.1080	0.1164	0.1277	0.0906	0.0864	0.0876	0.0940	0.1061	0.1243	0.0724	0.0661	0.0640	0.0659	0.0731	0.0872	0.1111
629	0.1197	0.1212	0.1201	0.1204	0.1178	0.1174	0.1167	0.1204	0.1242	0.1112	0.1059	0.1044	0.1082	0.1167	0.1280	0.0908	0.0865	0.0877	0.0941	0.1064	0.1245	0.0725	0.0662	0.0641	0.0660	0.0732	0.0873	0.1113
630	0.1199	0.1214	0.1202	0.1208	0.1180	0.1176	0.1168	0.1206	0.1245	0.1113	0.1061	0.1046	0.1084	0.1169	0.1282	0.0909	0.0866	0.0878	0.0943	0.1066	0.1246	0.0725	0.0662	0.0641	0.0661	0.0733	0.0875	0.1115
631	0.1202	0.1217	0.1204	0.1210	0.1182	0.1178	0.1171	0.1210	0.1247	0.1116	0.1063	0.1048	0.1086	0.1171	0.1283	0.0910	0.0867	0.0880	0.0945	0.1068	0.1250	0.0726	0.0663	0.0642	0.0663	0.0734	0.0877	0.1117
632	0.1205	0.1220	0.1209	0.1212	0.1185	0.1181	0.1174	0.1213	0.1251	0.1119	0.1065	0.1051	0.1089	0.1175	0.1287	0.0913	0.0870	0.0883	0.0948	0.1071	0.1253	0.0728	0.0665	0.0644	0.0665	0.0736	0.0880	0.1120
633	0.1209	0.1223	0.1214	0.1215	0.1188	0.1184	0.1177	0.1216	0.1254	0.1123	0.1068	0.1053	0.1092	0.1179	0.1292	0.0916	0.0873	0.0886	0.0951	0.1074	0.1256	0.0731	0.0668	0.0646	0.0667	0.0739	0.0883	0.1123
634	0.1212	0.1227	0.1216	0.1219	0.1191	0.1187	0.1181	0.1219	0.1257	0.1125	0.1071	0.1056	0.1095	0.1182	0.1295	0.0918	0.0876	0.0889	0.0953	0.1078	0.1259	0.0733	0.0670	0.0649	0.0669	0.0742	0.0885	0.1126
635	0.1215	0.1230	0.1219	0.1222	0.1194	0.1190	0.1184	0.1223	0.1260	0.1128	0.1074	0.1059	0.1099	0.1186	0.1298	0.0921	0.0878	0.0891	0.0956	0.1081	0.1263	0.0735	0.0672	0.0651	0.0671	0.0744	0.0887	0.1128
636	0.1218	0.1234	0.1222	0.1225	0.1197	0.1193	0.1187	0.1226	0.1264	0.1131	0.1077	0.1062	0.1102	0.1190	0.1302	0.0923	0.0881	0.0893	0.0959	0.1084	0.1266	0.0736	0.0674	0.0652	0.0673	0.0745	0.0889	0.1130
637	0.1221	0.1237	0.1225	0.1228	0.1201	0.1196	0.1190	0.1230	0.1267	0.1134	0.1079	0.1065	0.1105	0.1192	0.1304	0.0926	0.0882	0.0897	0.0962	0.1086	0.1268	0.0738	0.0676	0.0654	0.0675	0.0748	0.0892	0.1132
638	0.1224	0.1239	0.1229	0.1232	0.1203	0.1199	0.1193	0.1233	0.1271	0.1136	0.1082	0.1068	0.1107	0.1194	0.1308	0.0928	0.0885	0.0899	0.0964	0.1089	0.1270	0.0740	0.0677	0.0656	0.0677	0.0750	0.0893	0.1135
639	0.1227	0.1242	0.1231	0.1235	0.1206	0.1201	0.1195	0.1236	0.1273	0.1139	0.1085	0.1070	0.1110	0.1197	0.1311	0.0930	0.0887	0.0901	0.0966	0.1091	0.1273	0.0742	0.0679	0.0657	0.0678	0.0751	0.0895	0.1137
640	0.1230	0.1245	0.1234	0.1239	0.1208	0.1204	0.1197	0.1238	0.1276	0.1141	0.1087	0.1073	0.1112	0.1200	0.1314	0.0931	0.0889	0.0902	0.0968	0.1093	0.1275	0.0744	0.0681	0.0658	0.0679	0.0751	0.0897	0.1140
641	0.1232	0.1248	0.1237	0.1241	0.1212	0.1207	0.1200	0.1241	0.1279	0.1143	0.1090	0.1076	0.1115	0.1203	0.1317	0.0934	0.0891	0.0904	0.0970	0.1095	0.1278	0.0745	0.0682	0.0660	0.0681	0.0753	0.0899	0.1142
642	0.1235	0.1251	0.1239	0.1245	0.1215	0.1210	0.1203	0.1244	0.1282	0.1146	0.1092	0.1079	0.1118	0.1205	0.1319	0.0936	0.0893	0.0906	0.0972	0.1097	0.1281	0.0747	0.0684	0.0662	0.0683	0.0755	0.0901	0.1144
643	0.1239	0.1254	0.1242	0.1248	0.1217	0.1213	0.1206	0.1246	0.1286	0.1149	0.1095	0.1082	0.1121	0.1207	0.1322	0.0938	0.0896	0.0908	0.0974	0.1099	0.1283	0.0749	0.0685	0.0664	0.0685	0.0758	0.0902	0.1145
644	0.1240	0.1257	0.1244	0.1250	0.1219	0.1215	0.1208	0.1248	0.1288	0.1151	0.1097	0.1083	0.1122	0.1209	0.1324	0.0940	0.0897	0.0910	0.0976	0.1101	0.1286	0.0750	0.0686	0.0664	0.0686	0.0758	0.0904	0.1147
645	0.1243	0.1259	0.1248	0.1252	0.1222	0.1218	0.1211	0.1251	0.1291	0.1153	0.1099	0.1085	0.1125	0.1212	0.1327	0.0942	0.0899	0.0912	0.0979	0.1103	0.1288	0.0752	0.0687	0.0666	0.0687	0.0760	0.0905	0.1149
646	0.1245	0.1262	0.1251	0.1255	0.1225	0.1220	0.1214	0.1254	0.1294	0.1156	0.1101	0.1088	0.1127	0.1214	0.1330	0.0944	0.0902	0.0914	0.0981	0.1105	0.1291	0.0753	0.0689	0.0667	0.0689	0.0762	0.0907	0.1151
647	0.1248	0.1265	0.1253	0.1258	0.1228	0.1222	0.1216	0.1257	0.1298	0.1158	0.1104	0.1090	0.1129	0.1216	0.1333	0.0946	0.0903	0.0916	0.0982	0.1108	0.1293	0.0755	0.0690	0.0668	0.0690	0.0763	0.0908	0.1153
648	0.1251	0.1268	0.1256	0.1262	0.1230	0.1226	0.1219	0.1261	0.1301	0.1161	0.1106	0.1093	0.1131	0.1219	0.1336	0.0948	0.0905	0.0918	0.0984	0.1110	0.1296	0.0757	0.0692	0.0670	0.0691	0.0765	0.0910	0.1155
649	0.1254	0.1271	0.1259	0.1265	0.1233	0.1229	0.1222	0.1264	0.1304	0.1164	0.1109	0.1095	0.1134	0.1223	0.1339	0.0950	0.0908	0.0921	0.0987	0.1113	0.1299	0.0758	0.0694	0.0672	0.0693	0.0767	0.0912	0.1157
650	0.1257	0.1274	0.1262	0.1268	0.1237	0.1232	0.1225	0.1266	0.1306	0.1167	0.1113	0.1097	0.1138	0.1226	0.1342	0.0953	0.0910	0.0923	0.0990	0.1116	0.1301	0.0759	0.0696	0.0674	0.0694	0.0770	0.0914	0.1160
651	0.1259	0.1277	0.1265	0.1271	0.1239	0.1235	0.1227	0.1270	0.1310	0.1169	0.1115	0.1100	0.1141	0.1229	0.1346	0.0955	0.0912	0.0925	0.0992	0.1118	0.1304	0.0761	0.0698	0.0675	0.0696	0.0771	0.0914	0.1161
652	0.1262	0.1279	0.1268	0.1274	0.1242	0.1238	0.1230	0.1273	0.1313	0.1172	0.1118	0.1103	0.1143	0.1231	0.1349	0.0957	0.0914	0.0927	0.0995	0.1121	0.1307	0.0763	0.0699	0.0677	0.0698	0.0772	0.0917	0.1163
653	0.1266	0.1282	0.1271	0.1278	0.1245	0.1241	0.1234	0.1276	0.1317	0.1176	0.1120	0.1106	0.1146	0.1234	0.1353	0.0959	0.0917	0.0931	0.0998	0.1124	0.1310	0.0765	0.0701	0.0679	0.0700	0.0774	0.0920	0.1166
654	0.1269	0.1286	0.1275	0.1282	0.1249	0.1244	0.1237	0.1280	0.1320	0.1178	0.1124	0.1109	0.1150	0.1238	0.1356	0.0962	0.0920	0.0932	0.1000	0.1127	0.1313	0.0767	0.0702	0.0681	0.0702	0.0776	0.0923	0.1169
655	0.1272	0.1290	0.1278	0.1284	0.1252	0.1247	0.1241	0.1283	0.1323	0.1181	0.1127	0.1112	0.1152	0.1241	0.1359	0.0964	0.0922	0.0935	0.1003	0.1129	0.1316	0.0770	0.0704	0.0683	0.0704	0.0778	0.0925	0.1171
656	0.1276	0.1293	0.1282	0.1287	0.1255	0.1250	0.1244	0.1286	0.1327	0.1184	0.1129	0.1115	0.1155	0.1244	0.1362	0.0967	0.0925	0.0938	0.1005	0.1132	0.1319	0.0772	0.0706	0.0684	0.0706	0.0780	0.0927	0.1173
657	0.1279	0.1295	0.1285	0.1291	0.1258	0.1253	0.1247	0.1290	0.1330	0.1187	0.1132	0.1118	0.1158	0.1247	0.1365	0.0970	0.0926	0.0939	0.1007	0.1134	0.1322	0.0774	0.0708	0.0686	0.0708	0.0782	0.0930	0.1175
658	0.1281	0.1298	0.1287	0.1294	0.1261	0.1256	0.1250	0.1292	0.1333	0.1189	0.1134	0.1120	0.1160	0.1249	0.1368	0.0972	0.0929	0.0941	0.1009	0.1136	0.1324	0.0775	0.0710	0.0688	0.0709	0.0783	0.0930	0.1177
659	0.1284	0.1302	0.1290	0.1297	0.1263	0.1259	0.1253	0.1294	0.1336	0.1192	0.1137	0.1122	0.1163	0.1252	0.1371	0.0974	0.0931	0.0943	0.1011	0.1139	0.1326	0.0777	0.0711	0.0689	0.0710	0.0785	0.0931	0.1179
660	0.1288	0.1305	0.1294	0.1300	0.1267	0.1262	0.1256	0.1298	0.1339	0.1195	0.1140	0.1126	0.1167	0.1255	0.1375	0.0977	0.0934	0.0946	0.1014	0.1142	0.1328	0.0779	0.0713	0.0691	0.0712	0.0787	0.0934	0.1181
661	0.1290	0.1307	0.1296	0.1303	0.1269	0.1265	0.1258	0.1300	0.1341	0.1197	0.1142	0.1127	0.1169	0.1257	0.1377	0.0979	0.0935	0.0948	0.1015	0.1144	0.1330	0.0780	0.0714	0.0692	0.0713	0.0788	0.0935	0.1182
662	0.1292	0.1309	0.1299	0.1305	0.1272	0.1267	0.1261	0.1302	0.1344	0.1200	0.1144	0.1130	0.1170	0.1260	0.1379	0.0980	0.0936	0.0950	0.1017	0.1146	0.1333	0.0781	0.0715	0.0693	0.0715	0.0789	0.0937	0.1184
663	0.1295	0.1312	0.1301	0.1308	0.1274	0.1270	0.1264	0.1305	0.1347	0.1203	0.1147	0.1133	0.1172	0.1262	0.1382	0.0982	0.0938	0.0951	0.1019	0.1148	0.1335	0.0783	0.0716	0.0695	0.0716	0.0791	0.0939	0.1187
664	0.1298	0.1315	0.1305	0.1311	0.1277	0.1272	0.1267	0.1308	0.1350	0.1205	0.1150	0.1135	0.1174	0.1265	0.1385	0.0985	0.0940	0.0954	0.1022	0.1150	0.1339	0.0785	0.0719	0.0696	0.0718	0.0793	0.0941	0.1189
665	0.1301	0.1318	0.1308	0.1315	0.1280	0.1275	0.1269	0.1311	0.1353	0.1208	0.1153	0.1138	0.1178	0.1268	0.1388	0.0987	0.0943	0.0956	0.1024	0.1153	0.1342	0.0787	0.0720	0.0698	0.0719	0.0795	0.0942	0.1191
666	0.1304	0.1321	0.1311	0.1318	0.1283	0.1278	0.1271	0.1314	0.1357	0.1212	0.1155	0.1140	0.1181	0.1271	0.1391	0.0989	0.0945	0.0958	0.1027	0.1156	0.1344	0.0788	0.0722	0.0699	0.0721	0.0796	0.0944	0.1193
667	0.1307	0.1324	0.1314	0.1321	0.1287	0.1281	0.1276	0.1318	0.1360	0.1215	0.1157	0.1142	0.1184	0.1275	0.1395	0.0991	0.0948	0.0960	0.1030	0.1158	0.1346	0.0791	0.0725	0.0701	0.0723	0.0798	0.0946	0.1196
668	0.1310	0.1327	0.1318	0.1324	0.1290	0.1284	0.1279	0.1322	0.1363	0.1217	0.1161	0.1145	0.1187	0.1277	0.1398	0.0994	0.0950	0.0963	0.1032	0.1161	0.1350	0.0792	0.0726	0.0704	0.0724	0.0800	0.0949	0.1199
669	0.1314	0.1331	0.1321	0.1328	0.1293	0.1288	0.1282	0.1325	0.1366	0.1220	0.1164	0.1149	0.1190	0.1280	0.1401	0.0997	0.0953	0.0966	0.1035	0.1164	0.1353	0.0794	0.0728	0.0706	0.0726	0.0802	0.0951	0.1201
670	0.1317	0.1333	0.1324	0.1331	0.1296	0.1291	0.1285	0.1328	0.1370	0.1224	0.1167	0.1152	0.1194	0.1284	0.1404	0.0999	0.0955	0.0968	0.1037	0.1167	0.1356	0.0796	0.0730	0.0708	0.0728	0.0804	0.0952	0.1203
671	0.1319	0.1336	0.1328	0.1334	0.1299	0.1293	0.1288	0.1331	0.1373	0.1227	0.1169	0.1155	0.1196	0.1287	0.1407	0.1002	0.0958	0.0971	0.1040	0.1169	0.1358	0.0798	0.0731	0.0709	0.0731	0.0806	0.0954	0.1205
672	0.1323	0.1340	0.1331	0.1338	0.1303	0.1297	0.1292	0.1334	0.1377	0.1230	0.1172	0.1158	0.1199	0.1290	0.1411	0.1004	0.0961	0.0973	0.1042	0.1172	0.1362	0.0800	0.0734	0.0711	0.0733	0.0808	0.0957	0.1208
673	0.1327	0.1343	0.1334	0.1341	0.1307	0.1300	0.1295	0.1338	0.1381	0.1233	0.1176	0.1161	0.1203	0.1294	0.1415	0.1007	0.0963	0.0976	0.1045	0.1176	0.1365	0.0802	0.0736	0.0714	0.0735	0.0810	0.0959	0.1210
674	0.1328	0.1346	0.1336	0.1343	0.1308	0.1302	0.1297	0.1339	0.1383	0.1235	0.1177	0.1162	0.1204	0.1295	0.1416	0.1008	0.0964	0.0977	0.1047	0.1177	0.1366	0.0803	0.0737	0.0714	0.0736	0.0811	0.0960	0.1212
675	0.1331	0.1349	0.1339	0.1346	0.1311	0.1305	0.1300	0.1342	0.1386	0.1237	0.1179	0.1165	0.1207	0.1297	0.1419	0.1010	0.0966	0.0980	0.1049	0.1179	0.1368	0.0805	0.0738	0.0715	0.0737	0.0813	0.0962	0.1214
676	0.1334	0.1352	0.1342	0.1349	0.1314	0.1308	0.1303	0.1346	0.1389	0.1239	0.1182	0.1168	0.1210	0.1300	0.1422	0.1012	0.0968	0.0982	0.1050	0.1181	0.1372	0.0806	0.0740	0.0717	0.0738	0.0815	0.0964	0.1216
677	0.1336	0.1355	0.1344	0.1351	0.1316	0.1311	0.1305	0.1349	0.1390	0.1242	0.1183	0.1170	0.1211	0.1302	0.1424	0.1013	0.0970	0.0983	0.1052	0.1183	0.1373	0.0807	0.0741	0.0718	0.0740	0.0816	0.0964	0.1217
678	0.1339	0.1357	0.1348	0.1354	0.1318	0.1313	0.1308	0.1351	0.1393	0.1244	0.1186	0.1172	0.1214	0.1305	0.1427	0.1016	0.0972	0.0985	0.1055	0.1185	0.1376	0.0809	0.0743	0.0719	0.0741	0.0818	0.0966	0.1219
679	0.1342	0.1360	0.1352	0.1358	0.1321	0.1316	0.1310	0.1354	0.1397	0.1247	0.1189	0.1175	0.1216	0.1308	0.1430	0.1019	0.0975	0.0987	0.1057	0.1187	0.1379	0.0811	0.0744	0.0721	0.0743	0.0819	0.0969	0.1222
680	0.1345	0.1364	0.1354	0.1362	0.1325	0.1319	0.1313	0.1357	0.1400	0.1250	0.1192	0.1177	0.1218	0.1311	0.1433	0.1021	0.0977	0.0990	0.1060	0.1190	0.1382	0.0813	0.0745	0.0723	0.0744	0.0820	0.0971	0.1224
681	0.1349	0.1367	0.1357	0.1365	0.1328	0.1322	0.1317	0.1361	0.1404	0.1253	0.1196	0.1180	0.1222	0.1315	0.1436	0.1023	0.0979	0.0992	0.1062	0.1193	0.1384	0.0816	0.0748	0.0725	0.0746	0.0822	0.0973	0.1226
682	0.1351	0.1370	0.1360	0.1368	0.1331	0.1325	0.1320	0.1364	0.1407	0.1256	0.1199	0.1183	0.1225	0.1317	0.1439	0.1025	0.0981	0.0994	0.1064	0.1196	0.1387	0.0817	0.0749	0.0726	0.0748	0.0824	0.0975	0.1228
683	0.1354	0.1372	0.1363	0.1370	0.1334	0.1327	0.1323	0.1367	0.1410	0.1259	0.1201	0.1185	0.1227	0.1320	0.1442	0.1028	0.0983	0.0996	0.1067	0.1198	0.1391	0.0818	0.0750	0.0727	0.0749	0.0825	0.0977	0.1230
684	0.1357	0.1376	0.1367	0.1373	0.1337	0.1330	0.1326	0.1370	0.1413	0.1262	0.1203	0.1188	0.1230	0.1323	0.1445	0.1030	0.0986	0.0999	0.1070	0.1201	0.1393	0.0820	0.0753	0.0729	0.0751	0.0828	0.0978	0.1233
685	0.1361	0.1379	0.1370	0.1377	0.1340	0.1333	0.1329	0.1373	0.1417	0.1265	0.1206	0.1191	0.1234	0.1326	0.1448	0.1033	0.0988	0.1001	0.1072	0.1204	0.1396	0.0823	0.0755	0.0731	0.0753	0.0830	0.0980	0.1235
686	0.1364	0.1382	0.1373	0.1381	0.1344	0.1337	0.1332	0.1376	0.1420	0.1268	0.1209	0.1194	0.1237	0.1328	0.1452	0.1035	0.0990	0.1003	0.1075	0.1206	0.1399	0.0825	0.0757	0.0733	0.0755	0.0832	0.0983	0.1237
687	0.1367	0.1385	0.1377	0.1385	0.1346	0.1340	0.1335	0.1380	0.1424	0.1271	0.1212	0.1197	0.1240	0.1332	0.1455	0.1037	0.0993	0.1006	0.1077	0.1209	0.1402	0.0827	0.0759	0.0735	0.0757	0.0834	0.0986	0.1239
688	0.1370	0.1388	0.1380	0.1388	0.1350	0.1343	0.1338	0.1383	0.1426	0.1273	0.1214	0.1199	0.1243	0.1334	0.1458	0.1039	0.0995	0.1009	0.1079	0.1211	0.1404	0.0828	0.0760	0.0737	0.0759	0.0836	0.0987	0.1242
689	0.1373	0.1392	0.1382	0.1391	0.1353	0.1346	0.1341	0.1386	0.1429	0.1277	0.1217	0.1202	0.1245	0.1337	0.1461	0.1042	0.0998	0.1011	0.1082	0.1214	0.1407	0.0830	0.0761	0.0739	0.0760	0.0838	0.0989	0.1245
690	0.1377	0.1396	0.1386	0.1395	0.1356	0.1348	0.1345	0.1389	0.1433	0.1280	0.1220	0.1205	0.1248	0.1340	0.1465	0.1045	0.1001	0.1013	0.1084	0.1216	0.1410	0.0832	0.0764	0.0741	0.0762	0.0840	0.0991	0.1247
691	0.1379	0.1398	0.1389	0.1398	0.1358	0.1352	0.1347	0.1392	0.1436	0.1282	0.1223	0.1208	0.1250	0.1343	0.1467	0.1047	0.1002	0.1015	0.1086	0.1218	0.1412	0.0834	0.0765	0.0742	0.0763	0.0841	0.0993	0.1248
692	0.1382	0.1401	0.1391	0.1400	0.1361	0.1354	0.1350	0.1395	0.1438	0.1284	0.1225	0.1210	0.1253	0.1346	0.1469	0.1049	0.1004	0.1017	0.1088	0.1220	0.1414	0.0835	0.0766	0.0743	0.0764	0.0842	0.0994	0.1250
693	0.1384	0.1404	0.1395	0.1402	0.1364	0.1357	0.1353	0.1397	0.1441	0.1287	0.1227	0.1213	0.1255	0.1348	0.1472	0.1052	0.1006	0.1019	0.1090	0.1222	0.1417	0.0836	0.0768	0.0744	0.0766	0.0843	0.0995	0.1252
694	0.1386	0.1406	0.1397	0.1405	0.1366	0.1359	0.1355	0.1400	0.1444	0.1289	0.1229	0.1215	0.1257	0.1350	0.1475	0.1053	0.1007	0.1020	0.1092	0.1225	0.1419	0.0838	0.0769	0.0745	0.0767	0.0844	0.0997	0.1253
695	0.1389	0.1409	0.1400	0.1408	0.1369	0.1361	0.1358	0.1403	0.1447	0.1291	0.1232	0.1217	0.1260	0.1353	0.1478	0.1055	0.1009	0.1022	0.1094	0.1228	0.1421	0.0839	0.0770	0.0747	0.0768	0.0846	0.0999	0.1255
696	0.1392	0.1412	0.1403	0.1411	0.1372	0.1364	0.1361	0.1406	0.1450	0.1294	0.1235	0.1220	0.1263	0.1356	0.1482	0.1057	0.1011	0.1025	0.1097	0.1230	0.1424	0.0841	0.0772	0.0749	0.0770	0.0848	0.1001	0.1258
697	0.1394	0.1415	0.1407	0.1415	0.1375	0.1368	0.1363	0.1408	0.1454	0.1298	0.1237	0.1222	0.1265	0.1359	0.1485	0.1059	0.1014	0.1028	0.1099	0.1233	0.1427	0.0843	0.0774	0.0751	0.0772	0.0850	0.1003	0.1260
698	0.1396	0.1418	0.1409	0.1418	0.1378	0.1371	0.1366	0.1411	0.1457	0.1301	0.1240	0.1225	0.1268	0.1362	0.1488	0.1062	0.1016	0.1030	0.1102	0.1235	0.1430	0.0845	0.0776	0.0752	0.0774	0.0852	0.1004	0.1262
699	0.1399	0.1422	0.1412	0.1421	0.1380	0.1374	0.1369	0.1415	0.1460	0.1303	0.1243	0.1227	0.1271	0.1365	0.1491	0.1065	0.1018	0.1032	0.1104	0.1238	0.1433	0.0847	0.0778	0.0754	0.0776	0.0854	0.1006	0.1264
700	0.1404	0.1425	0.1416	0.1425	0.1383	0.1377	0.1372	0.1419	0.1464	0.1307	0.1246	0.1230	0.1274	0.1369	0.1495	0.1068	0.1022	0.1035	0.1107	0.1241	0.1436	0.0849	0.0780	0.0756	0.0778	0.0856	0.1009	0.1267
701	0.1407	0.1427	0.1419	0.1428	0.1387	0.1379	0.1376	0.1421	0.1466	0.1309	0.1248	0.1233	0.1277	0.1371	0.1498	0.1069	0.1024	0.1037	0.1109	0.1243	0.1439	0.0851	0.0782	0.0758	0.0779	0.0858	0.1011	0.1269
702	0.1410	0.1430	0.1422	0.1430	0.1391	0.1382	0.1379	0.1424	0.1470	0.1312	0.1251	0.1236	0.1280	0.1373	0.1501	0.1071	0.1026	0.1039	0.1111	0.1245	0.1441	0.0853	0.0783	0.0760	0.0781	0.0859	0.1013	0.1271
703	0.1414	0.1433	0.1425	0.1433	0.1394	0.1386	0.1382	0.1428	0.1473	0.1315	0.1254	0.1239	0.1283	0.1376	0.1504	0.1073	0.1028	0.1041	0.1114	0.1248	0.1444	0.0855	0.0785	0.0761	0.0783	0.0861	0.1015	0.1273
704	0.1416	0.1437	0.1427	0.1436	0.1396	0.1388	0.1384	0.1431	0.1476	0.1318	0.1257	0.1242	0.1285	0.1379	0.1506	0.1076	0.1030	0.1043	0.1116	0.1251	0.1447	0.0856	0.0787	0.0763	0.0784	0.0863	0.1016	0.1276
705	0.1419	0.1439	0.1430	0.1439	0.1398	0.1390	0.1386	0.1433	0.1478	0.1320	0.1258	0.1243	0.1287	0.1382	0.1509	0.1078	0.1032	0.1045	0.1118	0.1252	0.1449	0.0857	0.0788	0.0764	0.0785	0.0864	0.1017	0.1277
706	0.1421	0.1442	0.1432	0.1442	0.1401	0.1393	0.1389	0.1435	0.1481	0.1322	0.1260	0.1245	0.1289	0.1384	0.1511	0.1079	0.1033	0.1047	0.1119	0.1254	0.1451	0.0858	0.0789	0.0765	0.0787	0.0866	0.1019	0.1278
707	0.1425	0.1444	0.1436	0.1445	0.1405	0.1396	0.1392	0.1438	0.1484	0.1325	0.1264	0.1249	0.1292	0.1387	0.1515	0.1083	0.1036	0.1049	0.1122	0.1258	0.1453	0.0861	0.0791	0.0767	0.0789	0.0869	0.1021	0.1282
708	0.1428	0.1447	0.1439	0.1448	0.1407	0.1399	0.1395	0.1441	0.1487	0.1327	0.1266	0.1251	0.1295	0.1390	0.1517	0.1085	0.1037	0.1052	0.1124	0.1259	0.1455	0.0863	0.0792	0.0768	0.0790	0.0870	0.1023	0.1283
709	0.1430	0.1450	0.1442	0.1451	0.1409	0.1401	0.1398	0.1443	0.1490	0.1330	0.1268	0.1253	0.1297	0.1392	0.1520	0.1087	0.1039	0.1053	0.1126	0.1261	0.1458	0.0865	0.0794	0.0770	0.0791	0.0871	0.1024	0.1285
710	0.1432	0.1453	0.1445	0.1454	0.1413	0.1404	0.1401	0.1446	0.1493	0.1333	0.1270	0.1255	0.1299	0.1394	0.1523	0.1089	0.1041	0.1055	0.1128	0.1264	0.1461	0.0866	0.0795	0.0771	0.0793	0.0873	0.1026	0.1286
711	0.1434	0.1455	0.1447	0.1456	0.1415	0.1407	0.1404	0.1449	0.1496	0.1335	0.1273	0.1257	0.1302	0.1397	0.1525	0.1091	0.1043	0.1056	0.1130	0.1266	0.1463	0.0867	0.0797	0.0772	0.0794	0.0874	0.1028	0.1288
712	0.1436	0.1457	0.1450	0.1459	0.1417	0.1409	0.1406	0.1452	0.1498	0.1337	0.1275	0.1259	0.1304	0.1399	0.1528	0.1092	0.1045	0.1058	0.1132	0.1268	0.1465	0.0868	0.0798	0.0773	0.0795	0.0875	0.1029	0.1290
713	0.1439	0.1460	0.1452	0.1461	0.1419	0.1411	0.1408	0.1454	0.1501	0.1340	0.1278	0.1262	0.1306	0.1401	0.1530	0.1094	0.1047	0.1060	0.1135	0.1269	0.1467	0.0869	0.0798	0.0774	0.0797	0.0876	0.1030	0.1292
714	0.1442	0.1463	0.1456	0.1465	0.1422	0.1415	0.1411	0.1457	0.1505	0.1343	0.1279	0.1265	0.1309	0.1405	0.1534	0.1096	0.1050	0.1063	0.1137	0.1272	0.1470	0.0872	0.0801	0.0777	0.0799	0.0878	0.1032	0.1295
715	0.1445	0.1466	0.1459	0.1468	0.1425	0.1417	0.1414	0.1460	0.1507	0.1346	0.1282	0.1267	0.1312	0.1408	0.1537	0.1099	0.1052	0.1065	0.1139	0.1274	0.1473	0.0873	0.0803	0.0779	0.0801	0.0880	0.1034	0.1297
716	0.1448	0.1469	0.1462	0.1470	0.1428	0.1420	0.1416	0.1463	0.1510	0.1348	0.1285	0.1270	0.1314	0.1410	0.1540	0.1101	0.1053	0.1068	0.1142	0.1277	0.1475	0.0875	0.0805	0.0781	0.0802	0.0882	0.1036	0.1299
717	0.1451	0.1472	0.1465	0.1474	0.1431	0.1423	0.1420	0.1466	0.1513	0.1351	0.1288	0.1272	0.1318	0.1414	0.1544	0.1103	0.1056	0.1070	0.1143	0.1280	0.1478	0.0877	0.0807	0.0782	0.0803	0.0884	0.1038	0.1302
718	0.1454	0.1474	0.1468	0.1477	0.1434	0.1426	0.1422	0.1470	0.1516	0.1354	0.1290	0.1275	0.1320	0.1416	0.1547	0.1106	0.1058	0.1072	0.1146	0.1282	0.1481	0.0879	0.0808	0.0784	0.0805	0.0885	0.1039	0.1303
719	0.1457	0.1477	0.1471	0.1480	0.1437	0.1428	0.1425	0.1473	0.1519	0.1356	0.1293	0.1277	0.1323	0.1419	0.1549	0.1108	0.1060	0.1074	0.1149	0.1284	0.1483	0.0880	0.0809	0.0785	0.0806	0.0887	0.1041	0.1305
720	0.1460	0.1481	0.1474	0.1484	0.1440	0.1432	0.1428	0.1475	0.1523	0.1360	0.1296	0.1280	0.1326	0.1422	0.1552	0.1110	0.1063	0.1076	0.1151	0.1287	0.1486	0.0882	0.0812	0.0786	0.0809	0.0888	0.1043	0.1306
721	0.1462	0.1484	0.1477	0.1487	0.1443	0.1435	0.1431	0.1478	0.1526	0.1362	0.1298	0.1283	0.1328	0.1425	0.1554	0.1112	0.1065	0.1078	0.1152	0.1289	0.1489	0.0884	0.0813	0.0788	0.0810	0.0890	0.1045	0.1309
722	0.1465	0.1487	0.1479	0.1489	0.1446	0.1437	0.1433	0.1480	0.1528	0.1364	0.1300	0.1285	0.1330	0.1427	0.1556	0.1114	0.1067	0.1080	0.1154	0.1291	0.1491	0.0886	0.0814	0.0789	0.0811	0.0891	0.1047	0.1311
723	0.1468	0.1489	0.1481	0.1492	0.1448	0.1439	0.1435	0.1483	0.1531	0.1367	0.1303	0.1288	0.1333	0.1429	0.1559	0.1116	0.1068	0.1082	0.1157	0.1293	0.1494	0.0887	0.0816	0.0791	0.0813	0.0892	0.1049	0.1312
724	0.1470	0.1491	0.1484	0.1494	0.1450	0.1441	0.1438	0.1485	0.1533	0.1368	0.1305	0.1290	0.1335	0.1431	0.1561	0.1118	0.1069	0.1083	0.1157	0.1294	0.1495	0.0888	0.0816	0.0792	0.0814	0.0893	0.1049	0.1313
725	0.1472	0.1493	0.1486	0.1497	0.1452	0.1443	0.1440	0.1487	0.1536	0.1370	0.1307	0.1292	0.1336	0.1433	0.1564	0.1120	0.1071	0.1085	0.1159	0.1296	0.1497	0.0889	0.0818	0.0793	0.0815	0.0895	0.1051	0.1315
726	0.1475	0.1496	0.1489	0.1499	0.1455	0.1446	0.1443	0.1491	0.1538	0.1373	0.1309	0.1294	0.1339	0.1435	0.1567	0.1122	0.1073	0.1086	0.1162	0.1298	0.1499	0.0891	0.0820	0.0794	0.0816	0.0897	0.1052	0.1317
727	0.1477	0.1499	0.1492	0.1502	0.1458	0.1449	0.1446	0.1494	0.1542	0.1375	0.1312	0.1296	0.1342	0.1438	0.1570	0.1123	0.1075	0.1089	0.1164	0.1300	0.1502	0.0892	0.0821	0.0796	0.0817	0.0898	0.1054	0.1319
728	0.1479	0.1501	0.1494	0.1504	0.1460	0.1451	0.1448	0.1496	0.1544	0.1377	0.1314	0.1298	0.1344	0.1441	0.1572	0.1124	0.1077	0.1091	0.1166	0.1303	0.1504	0.0893	0.0822	0.0797	0.0818	0.0899	0.1055	0.1320
729	0.1482	0.1503	0.1497	0.1507	0.1463	0.1454	0.1451	0.1499	0.1547	0.1380	0.1316	0.1301	0.1346	0.1443	0.1575	0.1126	0.1079	0.1093	0.1168	0.1305	0.1507	0.0895	0.0823	0.0799	0.0820	0.0901	0.1057	0.1322
730	0.1485	0.1507	0.1501	0.1511	0.1466	0.1457	0.1454	0.1502	0.1550	0.1383	0.1319	0.1304	0.1350	0.1446	0.1578	0.1130	0.1082	0.1095	0.1171	0.1308	0.1510	0.0897	0.0826	0.0801	0.0823	0.0903	0.1060	0.1325
731	0.1487	0.1510	0.1504	0.1515	0.1469	0.1460	0.1457	0.1505	0.1553	0.1387	0.1322	0.1306	0.1352	0.1449	0.1581	0.1132	0.1084	0.1098	0.1173	0.1310	0.1512	0.0899	0.0828	0.0802	0.0824	0.0905	0.1061	0.1327
732	0.1490	0.1513	0.1507	0.1517	0.1471	0.1463	0.1459	0.1508	0.1556	0.1389	0.1324	0.1308	0.1354	0.1451	0.1584	0.1134	0.1086	0.1100	0.1175	0.1312	0.1515	0.0900	0.0829	0.0803	0.0826	0.0907	0.1063	0.1329
733	0.1493	0.1515	0.1509	0.1519	0.1474	0.1465	0.1461	0.1510	0.1559	0.1391	0.1326	0.1310	0.1356	0.1453	0.1586	0.1136	0.1088	0.1102	0.1177	0.1314	0.1517	0.0902	0.0831	0.0804	0.0827	0.0907	0.1064	0.1330
734	0.1496	0.1518	0.1512	0.1523	0.1477	0.1467	0.1463	0.1513	0.1562	0.1393	0.1328	0.1313	0.1359	0.1456	0.1588	0.1137	0.1090	0.1104	0.1179	0.1316	0.1519	0.0904	0.0832	0.0806	0.0828	0.0909	0.1066	0.1332
735	0.1499	0.1521	0.1515	0.1526	0.1480	0.1470	0.1467	0.1516	0.1565	0.1396	0.1331	0.1316	0.1362	0.1459	0.1591	0.1140	0.1092	0.1106	0.1181	0.1319	0.1522	0.0906	0.0834	0.0807	0.0830	0.0911	0.1068	0.1334
736	0.1502	0.1524	0.1518	0.1529	0.1483	0.1473	0.1470	0.1518	0.1568	0.1399	0.1334	0.1319	0.1364	0.1462	0.1595	0.1142	0.1094	0.1108	0.1184	0.1321	0.1525	0.0908	0.0835	0.0809	0.0832	0.0913	0.1070	0.1336
737	0.1504	0.1527	0.1520	0.1531	0.1486	0.1475	0.1472	0.1521	0.1570	0.1402	0.1336	0.1321	0.1367	0.1464	0.1597	0.1144	0.1096	0.1110	0.1185	0.1323	0.1527	0.0909	0.0837	0.0810	0.0833	0.0915	0.1071	0.1338
738	0.1507	0.1529	0.1522	0.1533	0.1487	0.1477	0.1474	0.1524	0.1572	0.1404	0.1338	0.1323	0.1369	0.1466	0.1599	0.1146	0.1098	0.1111	0.1187	0.1325	0.1528	0.0910	0.0838	0.0812	0.0834	0.0915	0.1071	0.1340
739	0.1509	0.1532	0.1525	0.1536	0.1489	0.1479	0.1477	0.1526	0.1574	0.1406	0.1339	0.1325	0.1370	0.1468	0.1601	0.1148	0.1099	0.1113	0.1188	0.1327	0.1530	0.0911	0.0838	0.0813	0.0835	0.0916	0.1073	0.1342
740	0.1512	0.1534	0.1527	0.1539	0.1492	0.1482	0.1480	0.1528	0.1578	0.1408	0.1342	0.1328	0.1373	0.1471	0.1604	0.1150	0.1100	0.1114	0.1190	0.1329	0.1533	0.0913	0.0840	0.0815	0.0837	0.0918	0.1076	0.1343
741	0.1514	0.1536	0.1530	0.1541	0.1494	0.1485	0.1482	0.1531	0.1580	0.1410	0.1345	0.1330	0.1375	0.1473	0.1606	0.1151	0.1102	0.1117	0.1192	0.1330	0.1534	0.0914	0.0841	0.0816	0.0838	0.0919	0.1076	0.1344
742	0.1516	0.1539	0.1532	0.1543	0.1497	0.1487	0.1485	0.1534	0.1583	0.1412	0.1347	0.1331	0.1377	0.1475	0.1608	0.1153	0.1104	0.1119	0.1194	0.1332	0.1536	0.0915	0.0843	0.0817	0.0839	0.0920	0.1078	0.1346
743	0.1519	0.1542	0.1535	0.1547	0.1500	0.1489	0.1487	0.1536	0.1586	0.1415	0.1350	0.1333	0.1379	0.1477	0.1611	0.1156	0.1106	0.1119	0.1196	0.1335	0.1539	0.0917	0.0844	0.0818	0.0841	0.0922	0.1080	0.1348
744	0.1521	0.1544	0.1538	0.1549	0.1502	0.1492	0.1489	0.1538	0.1589	0.1417	0.1352	0.1336	0.1382	0.1480	0.1614	0.1158	0.1108	0.1122	0.1198	0.1337	0.1541	0.0919	0.0845	0.0819	0.0842	0.0924	0.1081	0.1350
745	0.1523	0.1547	0.1541	0.1552	0.1504	0.1495	0.1492	0.1541	0.1592	0.1420	0.1354	0.1339	0.1385	0.1483	0.1617	0.1160	0.1110	0.1124	0.1200	0.1339	0.1544	0.0920	0.0847	0.0821	0.0843	0.0925	0.1082	0.1352
746	0.1526	0.1551	0.1544	0.1555	0.1507	0.1497	0.1495	0.1545	0.1594	0.1422	0.1356	0.1341	0.1387	0.1486	0.1620	0.1162	0.1112	0.1126	0.1203	0.1341	0.1547	0.0922	0.0849	0.0822	0.0845	0.0927	0.1084	0.1354
747	0.1529	0.1553	0.1546	0.1557	0.1509	0.1500	0.1498	0.1547	0.1597	0.1425	0.1358	0.1342	0.1389	0.1488	0.1622	0.1163	0.1114	0.1129	0.1204	0.1343	0.1548	0.0924	0.0850	0.0824	0.0846	0.0928	0.1086	0.1355
748	0.1532	0.1556	0.1549	0.1560	0.1512	0.1503	0.1500	0.1549	0.1599	0.1428	0.1360	0.1345	0.1391	0.1490	0.1625	0.1165	0.1117	0.1131	0.1207	0.1345	0.1550	0.0925	0.0852	0.0825	0.0848	0.0930	0.1087	0.1357
749	0.1535	0.1558	0.1552	0.1563	0.1515	0.1506	0.1503	0.1551	0.1602	0.1430	0.1362	0.1347	0.1394	0.1493	0.1627	0.1168	0.1119	0.1132	0.1209	0.1348	0.1553	0.0926	0.0853	0.0827	0.0849	0.0931	0.1089	0.1359
750	0.1538	0.1561	0.1555	0.1566	0.1518	0.1508	0.1505	0.1554	0.1606	0.1433	0.1365	0.1349	0.1397	0.1495	0.1630	0.1170	0.1120	0.1135	0.1211	0.1350	0.1556	0.0928	0.0856	0.0829	0.0851	0.0933	0.1091	0.1360
751	0.1540	0.1563	0.1557	0.1569	0.1521	0.1511	0.1508	0.1557	0.1608	0.1435	0.1367	0.1352	0.1400	0.1498	0.1633	0.1171	0.1122	0.1137	0.1213	0.1352	0.1558	0.0930	0.0857	0.0830	0.0852	0.0934	0.1093	0.1362
752	0.1543	0.1566	0.1559	0.1572	0.1523	0.1514	0.1511	0.1560	0.1611	0.1437	0.1369	0.1355	0.1402	0.1500	0.1636	0.1173	0.1124	0.1139	0.1215	0.1354	0.1560	0.0932	0.0858	0.0831	0.0854	0.0936	0.1095	0.1364
753	0.1545	0.1569	0.1562	0.1575	0.1526	0.1517	0.1514	0.1563	0.1614	0.1440	0.1372	0.1357	0.1405	0.1502	0.1638	0.1175	0.1126	0.1140	0.1217	0.1356	0.1562	0.0934	0.0860	0.0834	0.0855	0.0937	0.1097	0.1367
754	0.1547	0.1570	0.1564	0.1576	0.1527	0.1518	0.1516	0.1565	0.1615	0.1442	0.1374	0.1359	0.1407	0.1504	0.1639	0.1176	0.1127	0.1141	0.1217	0.1357	0.1563	0.0934	0.0860	0.0833	0.0857	0.0939	0.1097	0.1367
755	0.1550	0.1573	0.1567	0.1579	0.1530	0.1520	0.1519	0.1567	0.1617	0.1444	0.1376	0.1361	0.1409	0.1507	0.1642	0.1178	0.1129	0.1143	0.1219	0.1359	0.1566	0.0936	0.0862	0.0835	0.0858	0.0940	0.1098	0.1369
756	0.1553	0.1576	0.1570	0.1582	0.1533	0.1523	0.1521	0.1570	0.1620	0.1446	0.1379	0.1364	0.1410	0.1509	0.1645	0.1181	0.1131	0.1145	0.1222	0.1362	0.1568	0.0937	0.0864	0.0837	0.0859	0.0941	0.1100	0.1371
757	0.1555	0.1579	0.1572	0.1584	0.1535	0.1525	0.1523	0.1572	0.1622	0.1448	0.1380	0.1365	0.1412	0.1511	0.1647	0.1182	0.1132	0.1146	0.1224	0.1363	0.1570	0.0939	0.0864	0.0838	0.0859	0.0942	0.1101	0.1373
758	0.1556	0.1581	0.1574	0.1586	0.1537	0.1527	0.1525	0.1574	0.1625	0.1450	0.1382	0.1367	0.1414	0.1513	0.1649	0.1184	0.1134	0.1148	0.1225	0.1364	0.1571	0.0940	0.0865	0.0838	0.0860	0.0943	0.1102	0.1374
759	0.1558	0.1583	0.1576	0.1588	0.1539	0.1529	0.1527	0.1577	0.1627	0.1452	0.1385	0.1369	0.1416	0.1515	0.1651	0.1185	0.1135	0.1149	0.1226	0.1366	0.1573	0.0940	0.0866	0.0839	0.0862	0.0944	0.1103	0.1375
760	0.1560	0.1586	0.1578	0.1590	0.1540	0.1531	0.1529	0.1579	0.1629	0.1454	0.1387	0.1371	0.1418	0.1517	0.1653	0.1187	0.1137	0.1150	0.1228	0.1368	0.1575	0.0942	0.0867	0.0840	0.0864	0.0945	0.1104	0.1377
761	0.1563	0.1588	0.1581	0.1593	0.1544	0.1534	0.1532	0.1581	0.1632	0.1457	0.1389	0.1374	0.1420	0.1520	0.1656	0.1189	0.1139	0.1153	0.1231	0.1370	0.1578	0.0943	0.0869	0.0842	0.0865	0.0947	0.1106	0.1379
762	0.1565	0.1590	0.1584	0.1596	0.1547	0.1537	0.1535	0.1583	0.1635	0.1460	0.1391	0.1376	0.1423	0.1522	0.1659	0.1191	0.1142	0.1156	0.1233	0.1372	0.1580	0.0945	0.0871	0.0843	0.0867	0.0949	0.1107	0.1380
763	0.1567	0.1593	0.1586	0.1598	0.1549	0.1539	0.1536	0.1586	0.1637	0.1461	0.1392	0.1378	0.1426	0.1525	0.1661	0.1193	0.1143	0.1157	0.1234	0.1374	0.1583	0.0945	0.0872	0.0845	0.0868	0.0950	0.1108	0.1382
764	0.1570	0.1596	0.1589	0.1601	0.1552	0.1542	0.1540	0.1588	0.1640	0.1465	0.1396	0.1380	0.1427	0.1527	0.1664	0.1195	0.1146	0.1159	0.1237	0.1377	0.1585	0.0948	0.0874	0.0847	0.0869	0.0952	0.1111	0.1385
765	0.1573	0.1598	0.1591	0.1604	0.1554	0.1544	0.1542	0.1591	0.1643	0.1467	0.1398	0.1383	0.1430	0.1530	0.1666	0.1197	0.1147	0.1161	0.1238	0.1379	0.1587	0.0950	0.0876	0.0848	0.0870	0.0954	0.1113	0.1387
766	0.1576	0.1600	0.1593	0.1606	0.1557	0.1546	0.1543	0.1595	0.1645	0.1469	0.1400	0.1385	0.1432	0.1532	0.1668	0.1198	0.1149	0.1164	0.1240	0.1381	0.1588	0.0952	0.0877	0.0850	0.0872	0.0955	0.1114	0.1388
767	0.1578	0.1603	0.1596	0.1609	0.1559	0.1548	0.1546	0.1597	0.1648	0.1472	0.1402	0.1387	0.1434	0.1535	0.1671	0.1201	0.1150	0.1164	0.1242	0.1383	0.1591	0.0953	0.0878	0.0850	0.0873	0.0957	0.1116	0.1390
768	0.1580	0.1605	0.1598	0.1612	0.1561	0.1551	0.1548	0.1599	0.1651	0.1473	0.1404	0.1389	0.1436	0.1537	0.1674	0.1202	0.1152	0.1166	0.1243	0.1385	0.1593	0.0954	0.0879	0.0852	0.0874	0.0957	0.1117	0.1392
769	0.1582	0.1607	0.1601	0.1614	0.1563	0.1553	0.1550	0.1601	0.1653	0.1475	0.1406	0.1391	0.1438	0.1539	0.1677	0.1204	0.1154	0.1168	0.1245	0.1387	0.1595	0.0955	0.0881	0.0853	0.0875	0.0958	0.1119	0.1393
770	0.1584	0.1608	0.1603	0.1616	0.1566	0.1555	0.1552	0.1603	0.1655	0.1478	0.1409	0.1393	0.1441	0.1541	0.1678	0.1206	0.1156	0.1169	0.1247	0.1388	0.1597	0.0956	0.0882	0.0854	0.0877	0.0960	0.1120	0.1395
771	0.1586	0.1611	0.1605	0.1617	0.1567	0.1557	0.1554	0.1605	0.1657	0.1480	0.1409	0.1395	0.1442	0.1543	0.1680	0.1207	0.1157	0.1171	0.1249	0.1389	0.1599	0.0958	0.0883	0.0855	0.0878	0.0961	0.1121	0.1396
772	0.1587	0.1613	0.1606	0.1619	0.1569	0.1558	0.1556	0.1606	0.1658	0.1481	0.1410	0.1396	0.1443	0.1544	0.1681	0.1208	0.1158	0.1172	0.1249	0.1391	0.1600	0.0959	0.0883	0.0856	0.0878	0.0962	0.1122	0.1398
773	0.1589	0.1615	0.1608	0.1621	0.1571	0.1560	0.1558	0.1608	0.1661	0.1481	0.1412	0.1397	0.1444	0.1544	0.1682	0.1209	0.1158	0.1172	0.1250	0.1391	0.1601	0.0959	0.0883	0.0856	0.0879	0.0964	0.1123	0.1398
774	0.1591	0.1617	0.1610	0.1623	0.1572	0.1562	0.1560	0.1610	0.1663	0.1484	0.1414	0.1399	0.1446	0.1546	0.1684	0.1211	0.1160	0.1175	0.1252	0.1393	0.1603	0.0960	0.0884	0.0857	0.0881	0.0964	0.1123	0.1399
775	0.1593	0.1619	0.1612	0.1625	0.1574	0.1564	0.1562	0.1612	0.1666	0.1486	0.1416	0.1401	0.1448	0.1549	0.1687	0.1213	0.1162	0.1176	0.1254	0.1395	0.1605	0.0961	0.0886	0.0859	0.0882	0.0965	0.1125	0.1400
776	0.1595	0.1621	0.1614	0.1627	0.1577	0.1566	0.1564	0.1613	0.1668	0.1488	0.1419	0.1403	0.1450	0.1551	0.1689	0.1215	0.1163	0.1178	0.1256	0.1397	0.1607	0.0963	0.0888	0.0861	0.0883	0.0966	0.1126	0.1402
777	0.1597	0.1622	0.1617	0.1629	0.1579	0.1568	0.1566	0.1616	0.1670	0.1490	0.1420	0.1405	0.1452	0.1553	0.1692	0.1217	0.1165	0.1179	0.1257	0.1399	0.1609	0.0964	0.0888	0.0862	0.0884	0.0968	0.1127	0.1404
778	0.1598	0.1624	0.1618	0.1632	0.1580	0.1570	0.1568	0.1618	0.1671	0.1492	0.1422	0.1406	0.1453	0.1554	0.1694	0.1217	0.1166	0.1181	0.1259	0.1400	0.1611	0.0965	0.0889	0.0862	0.0884	0.0969	0.1129	0.1405
779	0.1600	0.1626	0.1620	0.1634	0.1582	0.1571	0.1570	0.1620	0.1673	0.1494	0.1423	0.1407	0.1454	0.1556	0.1695	0.1218	0.1167	0.1182	0.1260	0.1402	0.1613	0.0966	0.0891	0.0863	0.0885	0.0969	0.1131	0.1406
780	0.1602	0.1629	0.1622	0.1636	0.1584	0.1574	0.1571	0.1622	0.1675	0.1497	0.1424	0.1409	0.1457	0.1558	0.1698	0.1220	0.1169	0.1184	0.1262	0.1405	0.1615	0.0967	0.0893	0.0865	0.0887	0.0970	0.1132	0.1407
781	0.1604	0.1631	0.1625	0.1639	0.1586	0.1576	0.1574	0.1625	0.1678	0.1499	0.1427	0.1411	0.1460	0.1560	0.1700	0.1222	0.1171	0.1186	0.1264	0.1407	0.1617	0.0969	0.0894	0.0866	0.0889	0.0972	0.1133	0.1409
782	0.1607	0.1634	0.1627	0.1641	0.1588	0.1578	0.1576	0.1627	0.1680	0.1501	0.1429	0.1413	0.1462	0.1562	0.1703	0.1223	0.1172	0.1187	0.1266	0.1408	0.1619	0.0970	0.0895	0.0867	0.0890	0.0974	0.1135	0.1412
783	0.1610	0.1636	0.1630	0.1644	0.1590	0.1580	0.1578	0.1629	0.1682	0.1503	0.1430	0.1416	0.1464	0.1564	0.1705	0.1225	0.1174	0.1188	0.1268	0.1409	0.1621	0.0972	0.0897	0.0868	0.0892	0.0975	0.1136	0.1414
784	0.1611	0.1638	0.1632	0.1645	0.1593	0.1582	0.1579	0.1631	0.1684	0.1504	0.1432	0.1417	0.1466	0.1567	0.1707	0.1227	0.1176	0.1191	0.1269	0.1411	0.1624	0.0973	0.0898	0.0871	0.0892	0.0977	0.1137	0.1415
785	0.1613	0.1639	0.1633	0.1646	0.1594	0.1583	0.1581	0.1632	0.1686	0.1505	0.1434	0.1418	0.1467	0.1569	0.1709	0.1228	0.1177	0.1191	0.1270	0.1412	0.1625	0.0974	0.0898	0.0871	0.0892	0.0978	0.1138	0.1416
786	0.1614	0.1640	0.1634	0.1648	0.1595	0.1583	0.1582	0.1633	0.1687	0.1506	0.1434	0.1419	0.1467	0.1569	0.1710	0.1229	0.1177	0.1191	0.1270	0.1413	0.1624	0.0975	0.0897	0.0870	0.0893	0.0977	0.1139	0.1416
787	0.1616	0.1642	0.1635	0.1650	0.1596	0.1585	0.1584	0.1635	0.1689	0.1508	0.1436	0.1421	0.1469	0.1570	0.1711	0.1230	0.1179	0.1193	0.1272	0.1414	0.1626	0.0975	0.0899	0.0871	0.0894	0.0978	0.1140	0.1419
788	0.1617	0.1643	0.1636	0.1651	0.1598	0.1587	0.1586	0.1636	0.1691	0.1509	0.1437	0.1422	0.1470	0.1572	0.1712	0.1231	0.1180	0.1194	0.1273	0.1415	0.1628	0.0976	0.0900	0.0872	0.0895	0.0979	0.1141	0.1420
789	0.1618	0.1645	0.1638	0.1653	0.1600	0.1589	0.1587	0.1638	0.1693	0.1510	0.1438	0.1423	0.1472	0.1574	0.1714	0.1232	0.1180	0.1195	0.1274	0.1417	0.1630	0.0977	0.0900	0.0873	0.0895	0.0980	0.1141	0.1420
790	0.1619	0.1646	0.1640	0.1655	0.1600	0.1590	0.1589	0.1639	0.1694	0.1512	0.1440	0.1425	0.1473	0.1576	0.1716	0.1233	0.1181	0.1196	0.1275	0.1418	0.1631	0.0978	0.0901	0.0874	0.0897	0.0981	0.1143	0.1421
791	0.1621	0.1647	0.1642	0.1656	0.1602	0.1592	0.1590	0.1641	0.1696	0.1514	0.1442	0.1426	0.1474	0.1577	0.1718	0.1234	0.1182	0.1197	0.1276	0.1419	0.1633	0.0979	0.0902	0.0875	0.0898	0.0982	0.1144	0.1422
792	0.1622	0.1649	0.1643	0.1657	0.1604	0.1593	0.1592	0.1642	0.1698	0.1515	0.1443	0.1427	0.1476	0.1578	0.1720	0.1235	0.1184	0.1198	0.1277	0.1421	0.1634	0.0980	0.0903	0.0875	0.0898	0.0983	0.1145	0.1423
793	0.1624	0.1651	0.1645	0.1659	0.1605	0.1594	0.1593	0.1644	0.1700	0.1517	0.1444	0.1428	0.1477	0.1579	0.1721	0.1237	0.1185	0.1199	0.1279	0.1422	0.1635	0.0981	0.0904	0.0876	0.0899	0.0983	0.1145	0.1425
794	0.1626	0.1653	0.1647	0.1661	0.1607	0.1596	0.1595	0.1646	0.1702	0.1519	0.1445	0.1429	0.1479	0.1581	0.1724	0.1238	0.1186	0.1201	0.1280	0.1424	0.1638	0.0982	0.0906	0.0877	0.0900	0.0985	0.1147	0.1426
795	0.1628	0.1654	0.1648	0.1663	0.1609	0.1598	0.1596	0.1648	0.1704	0.1521	0.1446	0.1431	0.1481	0.1583	0.1726	0.1240	0.1188	0.1203	0.1282	0.1425	0.1640	0.0983	0.0907	0.0878	0.0901	0.0986	0.1148	0.1427
796	0.1629	0.1655	0.1649	0.1665	0.1610	0.1599	0.1598	0.1650	0.1705	0.1522	0.1448	0.1433	0.1483	0.1584	0.1727	0.1242	0.1189	0.1204	0.1283	0.1427	0.1640	0.0984	0.0907	0.0879	0.0901	0.0987	0.1148	0.1429
797	0.1631	0.1658	0.1652	0.1668	0.1613	0.1602	0.1600	0.1652	0.1708	0.1525	0.1451	0.1436	0.1484	0.1587	0.1729	0.1244	0.1191	0.1206	0.1285	0.1429	0.1644	0.0985	0.0910	0.0881	0.0903	0.0989	0.1150	0.1431
798	0.1633	0.1660	0.1654	0.1671	0.1615	0.1603	0.1602	0.1654	0.1710	0.1526	0.1453	0.1437	0.1486	0.1588	0.1731	0.1244	0.1192	0.1208	0.1287	0.1430	0.1645	0.0986	0.0911	0.0882	0.0905	0.0990	0.1151	0.1432
799	0.1635	0.1662	0.1656	0.1672	0.1617	0.1605	0.1603	0.1656	0.1711	0.1528	0.1454	0.1439	0.1488	0.1589	0.1733	0.1245	0.1193	0.1209	0.1289	0.1431	0.1647	0.0988	0.0911	0.0883	0.0905	0.0991	0.1153	0.1433
800	0.1636	0.1662	0.1657	0.1672	0.1617	0.1606	0.1604	0.1657	0.1713	0.1529	0.1454	0.1440	0.1488	0.1591	0.1735	0.1246	0.1194	0.1209	0.1290	0.1432	0.1648	0.0989	0.0912	0.0884	0.0906	0.0991	0.1154	0.1434
801	0.1637	0.1664	0.1659	0.1673	0.1618	0.1607	0.1606	0.1658	0.1714	0.1529	0.1455	0.1441	0.1490	0.1592	0.1736	0.1247	0.1196	0.1210	0.1290	0.1433	0.1649	0.0990	0.0912	0.0884	0.0907	0.0992	0.1155	0.1436
802	0.1638	0.1666	0.1660	0.1675	0.1619	0.1609	0.1607	0.1659	0.1716	0.1530	0.1457	0.1442	0.1491	0.1593	0.1737	0.1249	0.1197	0.1211	0.1291	0.1434	0.1650	0.0990	0.0913	0.0884	0.0907	0.0993	0.1156	0.1437
803	0.1639	0.1666	0.1661	0.1678	0.1621	0.1610	0.1609	0.1661	0.1716	0.1531	0.1457	0.1443	0.1492	0.1595	0.1737	0.1249	0.1197	0.1211	0.1291	0.1435	0.1651	0.0990	0.0913	0.0885	0.0907	0.0993	0.1156	0.1437
804	0.1640	0.1667	0.1662	0.1679	0.1623	0.1610	0.1611	0.1662	0.1719	0.1533	0.1459	0.1445	0.1494	0.1596	0.1740	0.1251	0.1198	0.1213	0.1292	0.1436	0.1652	0.0992	0.0914	0.0886	0.0909	0.0994	0.1157	0.1439
805	0.1641	0.1669	0.1663	0.1680	0.1624	0.1611	0.1612	0.1663	0.1720	0.1535	0.1460	0.1446	0.1494	0.1597	0.1742	0.1252	0.1199	0.1214	0.1293	0.1437	0.1654	0.0993	0.0915	0.0886	0.0910	0.0995	0.1158	0.1440
806	0.1642	0.1670	0.1665	0.1681	0.1624	0.1612	0.1612	0.1664	0.1721	0.1536	0.1461	0.1446	0.1494	0.1598	0.1743	0.1252	0.1199	0.1214	0.1294	0.1439	0.1654	0.0994	0.0916	0.0887	0.0909	0.0995	0.1158	0.1441
807	0.1644	0.1672	0.1666	0.1683	0.1625	0.1615	0.1615	0.1666	0.1723	0.1537	0.1462	0.1447	0.1496	0.1599	0.1744	0.1253	0.1200	0.1216	0.1296	0.1440	0.1656	0.0994	0.0917	0.0888	0.0912	0.0996	0.1159	0.1442
808	0.1645	0.1673	0.1668	0.1685	0.1627	0.1616	0.1616	0.1667	0.1725	0.1539	0.1463	0.1448	0.1497	0.1601	0.1746	0.1253	0.1202	0.1217	0.1297	0.1441	0.1658	0.0995	0.0918	0.0888	0.0912	0.0997	0.1160	0.1443
809	0.1646	0.1674	0.1669	0.1686	0.1629	0.1617	0.1617	0.1668	0.1727	0.1541	0.1465	0.1449	0.1499	0.1602	0.1748	0.1254	0.1203	0.1218	0.1298	0.1442	0.1659	0.0996	0.0918	0.0889	0.0912	0.0999	0.1162	0.1444
810	0.1648	0.1676	0.1671	0.1687	0.1631	0.1618	0.1618	0.1670	0.1729	0.1542	0.1466	0.1451	0.1501	0.1604	0.1750	0.1256	0.1205	0.1219	0.1300	0.1444	0.1662	0.0996	0.0919	0.0891	0.0914	0.1000	0.1162	0.1445
811	0.1650	0.1678	0.1672	0.1689	0.1632	0.1620	0.1620	0.1672	0.1729	0.1544	0.1467	0.1453	0.1503	0.1606	0.1752	0.1258	0.1206	0.1221	0.1301	0.1446	0.1664	0.0997	0.0920	0.0892	0.0915	0.1001	0.1164	0.1446
812	0.1652	0.1679	0.1674	0.1691	0.1634	0.1622	0.1621	0.1674	0.1730	0.1545	0.1469	0.1454	0.1504	0.1607	0.1753	0.1259	0.1206	0.1222	0.1302	0.1447	0.1665	0.0999	0.0921	0.0892	0.0915	0.1002	0.1165	0.1448
813	0.1652	0.1681	0.1675	0.1691	0.1635	0.1623	0.1622	0.1674	0.1732	0.1545	0.1470	0.1455	0.1505	0.1608	0.1754	0.1259	0.1206	0.1222	0.1303	0.1448	0.1666	0.1000	0.0921	0.0893	0.0917	0.1001	0.1165	0.1449
814	0.1654	0.1682	0.1676	0.1694	0.1637	0.1624	0.1625	0.1676	0.1734	0.1547	0.1471	0.1456	0.1507	0.1610	0.1756	0.1260	0.1209	0.1224	0.1305	0.1449	0.1668	0.1001	0.0923	0.0894	0.0917	0.1003	0.1168	0.1450
815	0.1656	0.1683	0.1678	0.1695	0.1638	0.1626	0.1627	0.1678	0.1736	0.1549	0.1473	0.1458	0.1508	0.1612	0.1758	0.1262	0.1211	0.1225	0.1306	0.1451	0.1669	0.1002	0.0925	0.0895	0.0918	0.1004	0.1169	0.1452
816	0.1658	0.1685	0.1680	0.1696	0.1640	0.1628	0.1628	0.1680	0.1737	0.1550	0.1475	0.1459	0.1508	0.1613	0.1759	0.1263	0.1211	0.1227	0.1307	0.1452	0.1670	0.1003	0.0926	0.0896	0.0919	0.1005	0.1169	0.1455
817	0.1658	0.1686	0.1681	0.1698	0.1641	0.1628	0.1628	0.1680	0.1739	0.1551	0.1476	0.1459	0.1510	0.1613	0.1759	0.1263	0.1212	0.1227	0.1306	0.1453	0.1671	0.1003	0.0926	0.0895	0.0920	0.1005	0.1169	0.1453
818	0.1659	0.1687	0.1681	0.1699	0.1642	0.1629	0.1628	0.1681	0.1740	0.1552	0.1476	0.1460	0.1511	0.1614	0.1760	0.1264	0.1213	0.1227	0.1307	0.1453	0.1671	0.1003	0.0926	0.0895	0.0920	0.1005	0.1169	0.1453
819	0.1661	0.1688	0.1681	0.1700	0.1642	0.1630	0.1628	0.1682	0.1741	0.1554	0.1476	0.1461	0.1511	0.1615	0.1762	0.1265	0.1213	0.1227	0.1308	0.1454	0.1672	0.1004	0.0926	0.0896	0.0920	0.1006	0.1170	0.1454
820	0.1662	0.1689	0.1684	0.1702	0.1643	0.1631	0.1631	0.1684	0.1743	0.1553	0.1477	0.1462	0.1513	0.1616	0.1764	0.1266	0.1214	0.1228	0.1309	0.1455	0.1674	0.1006	0.0926	0.0897	0.0921	0.1006	0.1171	0.1455
821	0.1662	0.1690	0.1685	0.1703	0.1644	0.1632	0.1632	0.1684	0.1744	0.1554	0.1478	0.1463	0.1513	0.1616	0.1765	0.1267	0.1213	0.1229	0.1310	0.1456	0.1675	0.1007	0.0927	0.0898	0.0922	0.1007	0.1171	0.1456
822	0.1662	0.1691	0.1685	0.1703	0.1645	0.1633	0.1632	0.1685	0.1745	0.1555	0.1479	0.1464	0.1513	0.1616	0.1765	0.1268	0.1214	0.1230	0.1310	0.1456	0.1676	0.1007	0.0928	0.0898	0.0922	0.1007	0.1171	0.1457
823	0.1663	0.1692	0.1687	0.1705	0.1645	0.1634	0.1634	0.1686	0.1747	0.1556	0.1480	0.1464	0.1515	0.1618	0.1766	0.1268	0.1215	0.1231	0.1311	0.1457	0.1676	0.1007	0.0929	0.0899	0.0922	0.1008	0.1172	0.1458
824	0.1665	0.1693	0.1688	0.1707	0.1647	0.1636	0.1636	0.1688	0.1748	0.1558	0.1481	0.1466	0.1517	0.1620	0.1768	0.1270	0.1217	0.1232	0.1312	0.1458	0.1678	0.1007	0.0930	0.0900	0.0924	0.1008	0.1173	0.1459
825	0.1665	0.1694	0.1689	0.1708	0.1648	0.1637	0.1638	0.1690	0.1749	0.1559	0.1482	0.1468	0.1518	0.1622	0.1769	0.1271	0.1218	0.1233	0.1313	0.1459	0.1680	0.1008	0.0931	0.0901	0.0925	0.1009	0.1174	0.1460
826	0.1666	0.1695	0.1691	0.1709	0.1650	0.1637	0.1638	0.1692	0.1750	0.1559	0.1484	0.1469	0.1518	0.1624	0.1770	0.1271	0.1219	0.1235	0.1314	0.1460	0.1681	0.1009	0.0932	0.0902	0.0925	0.1011	0.1176	0.1460
827	0.1667	0.1696	0.1691	0.1710	0.1650	0.1638	0.1638	0.1692	0.1751	0.1560	0.1484	0.1469	0.1518	0.1624	0.1772	0.1272	0.1219	0.1234	0.1315	0.1462	0.1682	0.1010	0.0931	0.0901	0.0926	0.1012	0.1175	0.1461
828	0.1668	0.1698	0.1692	0.1711	0.1650	0.1639	0.1639	0.1693	0.1752	0.1562	0.1484	0.1469	0.1520	0.1625	0.1774	0.1274	0.1220	0.1235	0.1316	0.1463	0.1684	0.1011	0.0931	0.0902	0.0927	0.1012	0.1176	0.1463
829	0.1670	0.1699	0.1694	0.1713	0.1652	0.1640	0.1640	0.1695	0.1754	0.1564	0.1486	0.1470	0.1522	0.1626	0.1776	0.1275	0.1221	0.1236	0.1317	0.1464	0.1686	0.1011	0.0932	0.0904	0.0927	0.1013	0.1178	0.1464
830	0.1672	0.1701	0.1695	0.1715	0.1654	0.1642	0.1642	0.1697	0.1756	0.1565	0.1487	0.1472	0.1524	0.1627	0.1776	0.1276	0.1223	0.1238	0.1319	0.1466	0.1685	0.1013	0.0934	0.0905	0.0928	0.1014	0.1179	0.1466
831	0.1672	0.1702	0.1696	0.1716	0.1656	0.1643	0.1643	0.1697	0.1757	0.1567	0.1489	0.1473	0.1525	0.1629	0.1777	0.1276	0.1224	0.1238	0.1320	0.1466	0.1686	0.1014	0.0935	0.0906	0.0928	0.1015	0.1180	0.1466
832	0.1673	0.1703	0.1697	0.1717	0.1657	0.1644	0.1644	0.1698	0.1758	0.1568	0.1490	0.1475	0.1526	0.1630	0.1779	0.1277	0.1224	0.1239	0.1321	0.1467	0.1688	0.1015	0.0935	0.0906	0.0929	0.1015	0.1181	0.1467
833	0.1675	0.1704	0.1699	0.1718	0.1660	0.1645	0.1645	0.1699	0.1759	0.1568	0.1490	0.1478	0.1528	0.1631	0.1780	0.1278	0.1225	0.1241	0.1321	0.1468	0.1691	0.1017	0.0936	0.0905	0.0931	0.1017	0.1182	0.1469
834	0.1676	0.1704	0.1699	0.1718	0.1659	0.1645	0.1646	0.1699	0.1759	0.1569	0.1491	0.1477	0.1528	0.1631	0.1780	0.1278	0.1225	0.1241	0.1321	0.1468	0.1690	0.1015	0.0936	0.0906	0.0930	0.1017	0.1181	0.1469
835	0.1677	0.1705	0.1700	0.1719	0.1659	0.1645	0.1647	0.1700	0.1760	0.1570	0.1492	0.1476	0.1528	0.1632	0.1780	0.1278	0.1225	0.1240	0.1322	0.1469	0.1691	0.1015	0.0936	0.0906	0.0930	0.1016	0.1181	0.1470
836	0.1678	0.1706	0.1701	0.1720	0.1660	0.1647	0.1646	0.1701	0.1761	0.1571	0.1493	0.1477	0.1529	0.1632	0.1782	0.1279	0.1225	0.1241	0.1323	0.1470	0.1692	0.1017	0.0936	0.0906	0.0930	0.1017	0.1182	0.1471
837	0.1678	0.1707	0.1701	0.1721	0.1660	0.1648	0.1647	0.1701	0.1762	0.1571	0.1492	0.1479	0.1529	0.1633	0.1783	0.1281	0.1226	0.1241	0.1323	0.1470	0.1692	0.1016	0.0936	0.0907	0.0930	0.1018	0.1182	0.1470
838	0.1677	0.1707	0.1701	0.1722	0.1662	0.1648	0.1648	0.1702	0.1764	0.1571	0.1493	0.1478	0.1529	0.1634	0.1784	0.1281	0.1227	0.1242	0.1323	0.1470	0.1693	0.1016	0.0936	0.0908	0.0931	0.1018	0.1183	0.1472
839	0.1678	0.1707	0.1702	0.1723	0.1664	0.1649	0.1649	0.1703	0.1765	0.1572	0.1494	0.1478	0.1530	0.1634	0.1784	0.1282	0.1227	0.1243	0.1324	0.1470	0.1694	0.1017	0.0937	0.0907	0.0931	0.1018	0.1184	0.1473
840	0.1680	0.1709	0.1706	0.1725	0.1664	0.1650	0.1651	0.1704	0.1766	0.1574	0.1495	0.1481	0.1532	0.1636	0.1786	0.1283	0.1229	0.1246	0.1325	0.1472	0.1697	0.1019	0.0938	0.0908	0.0933	0.1019	0.1185	0.1474
841	0.1681	0.1711	0.1706	0.1726	0.1664	0.1651	0.1651	0.1706	0.1767	0.1575	0.1496	0.1482	0.1533	0.1638	0.1788	0.1284	0.1231	0.1246	0.1326	0.1474	0.1698	0.1019	0.0939	0.0909	0.0933	0.1020	0.1185	0.1474
842	0.1681	0.1712	0.1706	0.1726	0.1664	0.1652	0.1651	0.1707	0.1769	0.1577	0.1497	0.1482	0.1533	0.1640	0.1789	0.1285	0.1231	0.1246	0.1327	0.1476	0.1699	0.1019	0.0940	0.0910	0.0934	0.1020	0.1186	0.1475
843	0.1682	0.1712	0.1709	0.1728	0.1666	0.1653	0.1654	0.1709	0.1770	0.1577	0.1498	0.1483	0.1534	0.1640	0.1790	0.1285	0.1231	0.1246	0.1330	0.1478	0.1699	0.1020	0.0941	0.0911	0.0934	0.1021	0.1187	0.1478
844	0.1684	0.1714	0.1709	0.1729	0.1667	0.1654	0.1654	0.1710	0.1771	0.1578	0.1499	0.1484	0.1536	0.1641	0.1791	0.1286	0.1232	0.1247	0.1329	0.1478	0.1701	0.1021	0.0942	0.0911	0.0935	0.1022	0.1187	0.1477
845	0.1685	0.1716	0.1709	0.1730	0.1668	0.1655	0.1655	0.1710	0.1771	0.1579	0.1500	0.1485	0.1537	0.1642	0.1792	0.1286	0.1233	0.1248	0.1330	0.1478	0.1702	0.1021	0.0943	0.0912	0.0935	0.1023	0.1187	0.1478
846	0.1686	0.1717	0.1711	0.1731	0.1669	0.1656	0.1657	0.1711	0.1773	0.1580	0.1501	0.1485	0.1538	0.1644	0.1794	0.1288	0.1235	0.1250	0.1332	0.1480	0.1703	0.1022	0.0944	0.0913	0.0935	0.1024	0.1189	0.1481
847	0.1686	0.1716	0.1712	0.1733	0.1671	0.1657	0.1658	0.1711	0.1774	0.1581	0.1501	0.1486	0.1539	0.1643	0.1794	0.1288	0.1235	0.1250	0.1332	0.1479	0.1703	0.1023	0.0943	0.0913	0.0936	0.1024	0.1189	0.1480
848	0.1688	0.1717	0.1713	0.1735	0.1672	0.1658	0.1658	0.1713	0.1775	0.1582	0.1501	0.1487	0.1540	0.1644	0.1796	0.1289	0.1236	0.1251	0.1333	0.1480	0.1705	0.1025	0.0943	0.0914	0.0937	0.1025	0.1190	0.1481
849	0.1690	0.1718	0.1714	0.1735	0.1673	0.1659	0.1659	0.1714	0.1776	0.1583	0.1503	0.1489	0.1540	0.1646	0.1798	0.1291	0.1237	0.1251	0.1334	0.1482	0.1708	0.1026	0.0944	0.0916	0.0938	0.1025	0.1192	0.1483
850	0.1690	0.1718	0.1715	0.1735	0.1673	0.1659	0.1659	0.1714	0.1777	0.1583	0.1503	0.1491	0.1542	0.1646	0.1798	0.1291	0.1238	0.1252	0.1334	0.1482	0.1708	0.1027	0.0945	0.0915	0.0940	0.1026	0.1192	0.1484
851	0.1690	0.1720	0.1715	0.1736	0.1673	0.1660	0.1660	0.1715	0.1778	0.1583	0.1504	0.1492	0.1542	0.1646	0.1799	0.1291	0.1238	0.1252	0.1335	0.1483	0.1708	0.1027	0.0945	0.0915	0.0941	0.1026	0.1191	0.1484
852	0.1690	0.1721	0.1715	0.1736	0.1674	0.1661	0.1661	0.1717	0.1779	0.1584	0.1505	0.1492	0.1542	0.1647	0.1799	0.1291	0.1237	0.1253	0.1335	0.1483	0.1708	0.1027	0.0945	0.0916	0.0940	0.1026	0.1192	0.1485
853	0.1692	0.1722	0.1716	0.1736	0.1675	0.1662	0.1662	0.1717	0.1780	0.1585	0.1506	0.1491	0.1543	0.1648	0.1799	0.1291	0.1237	0.1254	0.1336	0.1484	0.1708	0.1027	0.0946	0.0916	0.0937	0.1026	0.1193	0.1485
854	0.1691	0.1722	0.1717	0.1738	0.1676	0.1662	0.1663	0.1718	0.1780	0.1587	0.1505	0.1491	0.1542	0.1649	0.1801	0.1290	0.1237	0.1253	0.1336	0.1484	0.1709	0.1027	0.0946	0.0916	0.0938	0.1026	0.1192	0.1486
855	0.1691	0.1723	0.1717	0.1739	0.1676	0.1663	0.1664	0.1718	0.1781	0.1588	0.1506	0.1492	0.1542	0.1650	0.1802	0.1291	0.1238	0.1254	0.1336	0.1485	0.1710	0.1028	0.0946	0.0917	0.0940	0.1027	0.1193	0.1486
856	0.1692	0.1725	0.1719	0.1741	0.1676	0.1664	0.1665	0.1718	0.1782	0.1588	0.1508	0.1494	0.1544	0.1651	0.1803	0.1294	0.1241	0.1256	0.1337	0.1487	0.1711	0.1029	0.0948	0.0918	0.0942	0.1028	0.1194	0.1486
857	0.1693	0.1724	0.1719	0.1741	0.1677	0.1662	0.1666	0.1719	0.1783	0.1588	0.1508	0.1493	0.1545	0.1650	0.1803	0.1295	0.1240	0.1255	0.1337	0.1486	0.1712	0.1027	0.0948	0.0917	0.0942	0.1028	0.1194	0.1487
858	0.1694	0.1724	0.1719	0.1742	0.1678	0.1664	0.1666	0.1720	0.1785	0.1589	0.1509	0.1493	0.1546	0.1651	0.1805	0.1295	0.1240	0.1255	0.1338	0.1487	0.1713	0.1027	0.0948	0.0917	0.0942	0.1029	0.1195	0.1488
859	0.1696	0.1725	0.1721	0.1743	0.1679	0.1666	0.1667	0.1722	0.1787	0.1591	0.1510	0.1495	0.1547	0.1653	0.1806	0.1296	0.1242	0.1256	0.1340	0.1488	0.1714	0.1029	0.0949	0.0919	0.0943	0.1030	0.1196	0.1489
860	0.1697	0.1727	0.1724	0.1745	0.1680	0.1667	0.1669	0.1724	0.1787	0.1594	0.1510	0.1496	0.1550	0.1656	0.1808	0.1296	0.1243	0.1259	0.1341	0.1490	0.1716	0.1031	0.0951	0.0921	0.0944	0.1031	0.1197	0.1491
861	0.1700	0.1729	0.1725	0.1747	0.1682	0.1668	0.1671	0.1726	0.1789	0.1595	0.1511	0.1497	0.1552	0.1657	0.1809	0.1298	0.1244	0.1260	0.1343	0.1492	0.1718	0.1033	0.0952	0.0922	0.0945	0.1032	0.1199	0.1492
862	0.1702	0.1730	0.1726	0.1748	0.1684	0.1670	0.1672	0.1726	0.1790	0.1595	0.1512	0.1497	0.1553	0.1657	0.1810	0.1299	0.1245	0.1260	0.1344	0.1493	0.1719	0.1033	0.0953	0.0922	0.0946	0.1033	0.1199	0.1493
863	0.1702	0.1730	0.1726	0.1749	0.1684	0.1670	0.1671	0.1726	0.1789	0.1596	0.1513	0.1499	0.1552	0.1658	0.1811	0.1298	0.1247	0.1261	0.1343	0.1491	0.1720	0.1033	0.0952	0.0921	0.0945	0.1034	0.1199	0.1492
864	0.1702	0.1731	0.1726	0.1749	0.1684	0.1669	0.1672	0.1725	0.1791	0.1596	0.1514	0.1501	0.1551	0.1657	0.1812	0.1299	0.1246	0.1261	0.1344	0.1492	0.1720	0.1033	0.0952	0.0922	0.0946	0.1034	0.1199	0.1493
865	0.1702	0.1731	0.1726	0.1749	0.1684	0.1669	0.1673	0.1726	0.1792	0.1596	0.1514	0.1501	0.1552	0.1657	0.1812	0.1299	0.1246	0.1261	0.1344	0.1493	0.1720	0.1034	0.0952	0.0922	0.0946	0.1034	0.1199	0.1493
866	0.1702	0.1731	0.1727	0.1749	0.1684	0.1670	0.1673	0.1728	0.1791	0.1594	0.1515	0.1500	0.1553	0.1658	0.1814	0.1299	0.1247	0.1260	0.1345	0.1493	0.1720	0.1034	0.0951	0.0922	0.0944	0.1034	0.1199	0.1493
867	0.1702	0.1732	0.1728	0.1750	0.1686	0.1672	0.1673	0.1728	0.1792	0.1596	0.1515	0.1501	0.1555	0.1659	0.1814	0.1301	0.1248	0.1261	0.1344	0.1495	0.1722	0.1035	0.0952	0.0924	0.0947	0.1034	0.1201	0.1496
868	0.1703	0.1733	0.1728	0.1751	0.1687	0.1673	0.1674	0.1729	0.1794	0.1597	0.1515	0.1501	0.1555	0.1659	0.1814	0.1301	0.1247	0.1262	0.1344	0.1495	0.1721	0.1035	0.0953	0.0924	0.0947	0.1034	0.1201	0.1497
869	0.1703	0.1734	0.1729	0.1751	0.1687	0.1674	0.1675	0.1729	0.1795	0.1597	0.1515	0.1500	0.1554	0.1658	0.1814	0.1301	0.1247	0.1263	0.1346	0.1494	0.1720	0.1036	0.0953	0.0923	0.0947	0.1035	0.1201	0.1496
870	0.1703	0.1733	0.1728	0.1751	0.1687	0.1673	0.1674	0.1729	0.1795	0.1598	0.1515	0.1500	0.1554	0.1659	0.1816	0.1302	0.1246	0.1261	0.1345	0.1495	0.1723	0.1035	0.0954	0.0922	0.0947	0.1034	0.1200	0.1495
871	0.1703	0.1734	0.1728	0.1752	0.1688	0.1674	0.1675	0.1729	0.1795	0.1598	0.1516	0.1502	0.1554	0.1659	0.1817	0.1302	0.1246	0.1262	0.1345	0.1496	0.1723	0.1036	0.0954	0.0923	0.0947	0.1034	0.1201	0.1495
872	0.1704	0.1734	0.1729	0.1754	0.1689	0.1675	0.1676	0.1730	0.1796	0.1598	0.1517	0.1503	0.1555	0.1661	0.1818	0.1302	0.1247	0.1264	0.1346	0.1497	0.1723	0.1036	0.0954	0.0924	0.0947	0.1035	0.1202	0.1497
873	0.1707	0.1736	0.1732	0.1757	0.1690	0.1676	0.1678	0.1730	0.1799	0.1600	0.1518	0.1505	0.1559	0.1665	0.1820	0.1305	0.1250	0.1265	0.1350	0.1498	0.1725	0.1037	0.0956	0.0925	0.0949	0.1036	0.1201	0.1499
874	0.1705	0.1736	0.1733	0.1756	0.1690	0.1677	0.1677	0.1732	0.1799	0.1601	0.1520	0.1504	0.1557	0.1665	0.1820	0.1304	0.1250	0.1265	0.1349	0.1497	0.1725	0.1036	0.0956	0.0925	0.0946	0.1036	0.1201	0.1498
875	0.1705	0.1737	0.1735	0.1756	0.1691	0.1678	0.1677	0.1734	0.1800	0.1603	0.1520	0.1504	0.1557	0.1666	0.1821	0.1304	0.1250	0.1266	0.1349	0.1497	0.1726	0.1037	0.0956	0.0926	0.0947	0.1037	0.1202	0.1498
876	0.1707	0.1738	0.1736	0.1759	0.1692	0.1680	0.1677	0.1736	0.1802	0.1607	0.1521	0.1507	0.1559	0.1668	0.1824	0.1305	0.1253	0.1266	0.1352	0.1501	0.1729	0.1039	0.0959	0.0927	0.0951	0.1040	0.1204	0.1501
877	0.1708	0.1739	0.1736	0.1760	0.1694	0.1679	0.1680	0.1737	0.1804	0.1606	0.1522	0.1508	0.1561	0.1669	0.1824	0.1306	0.1255	0.1268	0.1354	0.1501	0.1730	0.1041	0.0961	0.0927	0.0952	0.1041	0.1206	0.1503
878	0.1710	0.1739	0.1737	0.1761	0.1696	0.1680	0.1683	0.1737	0.1804	0.1607	0.1523	0.1509	0.1563	0.1669	0.1825	0.1308	0.1256	0.1269	0.1355	0.1502	0.1732	0.1042	0.0961	0.0929	0.0953	0.1042	0.1209	0.1504
879	0.1713	0.1741	0.1738	0.1763	0.1697	0.1682	0.1684	0.1738	0.1805	0.1609	0.1524	0.1511	0.1564	0.1668	0.1827	0.1310	0.1256	0.1271	0.1356	0.1504	0.1733	0.1042	0.0960	0.0931	0.0954	0.1043	0.1211	0.1504
880	0.1714	0.1743	0.1739	0.1764	0.1697	0.1684	0.1684	0.1739	0.1805	0.1609	0.1525	0.1510	0.1564	0.1670	0.1828	0.1310	0.1259	0.1272	0.1356	0.1504	0.1734	0.1042	0.0960	0.0931	0.0954	0.1042	0.1210	0.1507
881	0.1714	0.1743	0.1739	0.1764	0.1696	0.1683	0.1684	0.1740	0.1805	0.1609	0.1523	0.1511	0.1565	0.1670	0.1828	0.1309	0.1257	0.1272	0.1355	0.1504	0.1735	0.1043	0.0960	0.0930	0.0953	0.1042	0.1209	0.1506
882	0.1713	0.1742	0.1740	0.1765	0.1696	0.1683	0.1684	0.1740	0.1805	0.1609	0.1522	0.1511	0.1565	0.1671	0.1828	0.1308	0.1254	0.1271	0.1355	0.1504	0.1735	0.1044	0.0960	0.0929	0.0953	0.1042	0.1209	0.1506
883	0.1715	0.1743	0.1741	0.1767	0.1698	0.1684	0.1685	0.1740	0.1806	0.1610	0.1523	0.1511	0.1567	0.1671	0.1828	0.1309	0.1255	0.1271	0.1356	0.1505	0.1734	0.1045	0.0961	0.0930	0.0953	0.1040	0.1209	0.1507
884	0.1716	0.1744	0.1741	0.1766	0.1698	0.1685	0.1685	0.1741	0.1808	0.1609	0.1525	0.1511	0.1565	0.1673	0.1829	0.1309	0.1255	0.1271	0.1356	0.1505	0.1734	0.1045	0.0961	0.0931	0.0953	0.1041	0.1208	0.1508
885	0.1716	0.1744	0.1741	0.1765	0.1698	0.1684	0.1685	0.1742	0.1809	0.1609	0.1527	0.1513	0.1564	0.1674	0.1830	0.1311	0.1255	0.1272	0.1356	0.1505	0.1735	0.1044	0.0961	0.0931	0.0953	0.1043	0.1209	0.1509
886	0.1716	0.1744	0.1742	0.1765	0.1698	0.1683	0.1686	0.1742	0.1810	0.1609	0.1528	0.1515	0.1566	0.1672	0.1831	0.1313	0.1255	0.1273	0.1357	0.1506	0.1736	0.1044	0.0961	0.0929	0.0954	0.1043	0.1212	0.1510
887	0.1714	0.1745	0.1742	0.1766	0.1697	0.1682	0.1686	0.1742	0.1809	0.1611	0.1526	0.1512	0.1565	0.1672	0.1832	0.1312	0.1257	0.1273	0.1356	0.1506	0.1736	0.1043	0.0961	0.0928	0.0954	0.1043	0.1209	0.1506
888	0.1714	0.1746	0.1742	0.1766	0.1698	0.1683	0.1686	0.1743	0.1809	0.1611	0.1525	0.1510	0.1565	0.1673	0.1832	0.1312	0.1256	0.1273	0.1356	0.1505	0.1736	0.1043	0.0960	0.0929	0.0953	0.1043	0.1208	0.1506
889	0.1714	0.1745	0.1743	0.1767	0.1701	0.1685	0.1687	0.1743	0.1811	0.1612	0.1526	0.1510	0.1566	0.1675	0.1832	0.1311	0.1255	0.1273	0.1357	0.1505	0.1737	0.1044	0.0959	0.0931	0.0953	0.1043	0.1209	0.1509
890	0.1718	0.1747	0.1745	0.1769	0.1702	0.1689	0.1690	0.1745	0.1814	0.1613	0.1527	0.1514	0.1568	0.1677	0.1835	0.1315	0.1259	0.1277	0.1358	0.1508	0.1741	0.1048	0.0961	0.0933	0.0954	0.1044	0.1212	0.1511
891	0.1719	0.1747	0.1744	0.1770	0.1703	0.1689	0.1691	0.1745	0.1815	0.1614	0.1528	0.1515	0.1569	0.1677	0.1836	0.1314	0.1259	0.1277	0.1359	0.1510	0.1741	0.1048	0.0963	0.0934	0.0955	0.1044	0.1213	0.1513
892	0.1720	0.1748	0.1744	0.1770	0.1703	0.1689	0.1690	0.1746	0.1815	0.1616	0.1531	0.1516	0.1570	0.1676	0.1837	0.1313	0.1259	0.1276	0.1361	0.1512	0.1742	0.1048	0.0965	0.0935	0.0957	0.1045	0.1212	0.1514
893	0.1722	0.1750	0.1748	0.1773	0.1706	0.1691	0.1692	0.1748	0.1817	0.1618	0.1534	0.1519	0.1573	0.1679	0.1840	0.1315	0.1263	0.1277	0.1366	0.1513	0.1745	0.1049	0.0967	0.0936	0.0960	0.1048	0.1212	0.1516
894	0.1724	0.1751	0.1751	0.1775	0.1706	0.1691	0.1693	0.1749	0.1818	0.1619	0.1535	0.1520	0.1575	0.1680	0.1840	0.1317	0.1264	0.1279	0.1365	0.1515	0.1746	0.1050	0.0968	0.0935	0.0961	0.1050	0.1215	0.1517
895	0.1725	0.1752	0.1751	0.1776	0.1706	0.1691	0.1693	0.1750	0.1818	0.1620	0.1534	0.1520	0.1575	0.1681	0.1840	0.1317	0.1264	0.1279	0.1364	0.1516	0.1746	0.1051	0.0968	0.0936	0.0961	0.1051	0.1217	0.1517
896	0.1723	0.1754	0.1751	0.1777	0.1706	0.1691	0.1694	0.1750	0.1817	0.1619	0.1532	0.1520	0.1575	0.1684	0.1843	0.1317	0.1261	0.1279	0.1364	0.1514	0.1747	0.1051	0.0966	0.0938	0.0961	0.1049	0.1217	0.1515
897	0.1726	0.1756	0.1751	0.1779	0.1710	0.1694	0.1697	0.1753	0.1821	0.1621	0.1535	0.1523	0.1576	0.1683	0.1844	0.1320	0.1264	0.1282	0.1365	0.1515	0.1748	0.1054	0.0968	0.0939	0.0961	0.1050	0.1219	0.1520
898	0.1727	0.1756	0.1752	0.1780	0.1711	0.1695	0.1697	0.1753	0.1822	0.1621	0.1536	0.1524	0.1577	0.1682	0.1844	0.1320	0.1266	0.1282	0.1366	0.1516	0.1749	0.1055	0.0969	0.0939	0.0961	0.1050	0.1219	0.1521
899	0.1726	0.1755	0.1753	0.1780	0.1710	0.1696	0.1696	0.1752	0.1821	0.1620	0.1534	0.1522	0.1577	0.1682	0.1844	0.1320	0.1266	0.1281	0.1366	0.1515	0.1750	0.1054	0.0969	0.0938	0.0961	0.1050	0.1219	0.1519
900	0.1725	0.1755	0.1752	0.1778	0.1710	0.1696	0.1697	0.1752	0.1821	0.1621	0.1534	0.1522	0.1576	0.1682	0.1841	0.1318	0.1263	0.1280	0.1366	0.1513	0.1748	0.1053	0.0966	0.0936	0.0961	0.1049	0.1218	0.1517
901	0.1725	0.1757	0.1752	0.1777	0.1709	0.1696	0.1698	0.1752	0.1821	0.1622	0.1535	0.1522	0.1576	0.1683	0.1841	0.1317	0.1262	0.1280	0.1366	0.1514	0.1748	0.1052	0.0967	0.0937	0.0961	0.1048	0.1217	0.1518
902	0.1726	0.1758	0.1751	0.1777	0.1709	0.1696	0.1698	0.1751	0.1821	0.1622	0.1536	0.1522	0.1577	0.1685	0.1841	0.1317	0.1263	0.1281	0.1366	0.1516	0.1748	0.1052	0.0968	0.0938	0.0961	0.1049	0.1217	0.1519
903	0.1726	0.1758	0.1754	0.1779	0.1710	0.1697	0.1698	0.1753	0.1820	0.1622	0.1537	0.1526	0.1579	0.1685	0.1844	0.1318	0.1264	0.1280	0.1368	0.1516	0.1749	0.1054	0.0969	0.0938	0.0961	0.1051	0.1218	0.1519
904	0.1725	0.1758	0.1752	0.1778	0.1710	0.1696	0.1697	0.1754	0.1823	0.1623	0.1536	0.1524	0.1577	0.1685	0.1845	0.1320	0.1264	0.1280	0.1367	0.1517	0.1748	0.1053	0.0966	0.0937	0.0960	0.1050	0.1218	0.1519
905	0.1725	0.1758	0.1753	0.1779	0.1711	0.1697	0.1697	0.1755	0.1825	0.1623	0.1536	0.1523	0.1576	0.1685	0.1846	0.1321	0.1264	0.1282	0.1367	0.1517	0.1749	0.1054	0.0966	0.0937	0.0959	0.1050	0.1217	0.1519
906	0.1727	0.1758	0.1757	0.1783	0.1712	0.1698	0.1700	0.1755	0.1825	0.1622	0.1538	0.1525	0.1578	0.1685	0.1849	0.1321	0.1265	0.1285	0.1368	0.1518	0.1750	0.1058	0.0970	0.0939	0.0960	0.1053	0.1217	0.1522
907	0.1730	0.1758	0.1758	0.1784	0.1713	0.1699	0.1702	0.1757	0.1826	0.1626	0.1538	0.1526	0.1579	0.1690	0.1850	0.1325	0.1269	0.1285	0.1369	0.1519	0.1754	0.1056	0.0972	0.0941	0.0964	0.1053	0.1220	0.1523
908	0.1732	0.1759	0.1759	0.1785	0.1714	0.1700	0.1703	0.1758	0.1827	0.1628	0.1538	0.1526	0.1580	0.1691	0.1851	0.1325	0.1270	0.1285	0.1371	0.1520	0.1755	0.1054	0.0973	0.0941	0.0966	0.1053	0.1221	0.1524
909	0.1732	0.1762	0.1759	0.1785	0.1716	0.1700	0.1702	0.1760	0.1828	0.1627	0.1539	0.1526	0.1581	0.1689	0.1851	0.1324	0.1269	0.1284	0.1374	0.1521	0.1754	0.1055	0.0973	0.0939	0.0966	0.1054	0.1222	0.1523
910	0.1736	0.1763	0.1761	0.1786	0.1717	0.1702	0.1702	0.1762	0.1830	0.1629	0.1541	0.1530	0.1585	0.1691	0.1853	0.1326	0.1272	0.1288	0.1372	0.1523	0.1757	0.1059	0.0975	0.0943	0.0966	0.1058	0.1223	0.1525
911	0.1736	0.1763	0.1762	0.1786	0.1719	0.1703	0.1705	0.1762	0.1829	0.1630	0.1543	0.1531	0.1585	0.1693	0.1854	0.1326	0.1274	0.1288	0.1373	0.1524	0.1758	0.1060	0.0975	0.0943	0.0966	0.1057	0.1224	0.1526
912	0.1735	0.1763	0.1761	0.1786	0.1721	0.1704	0.1707	0.1762	0.1828	0.1631	0.1544	0.1531	0.1585	0.1693	0.1855	0.1326	0.1275	0.1287	0.1374	0.1525	0.1759	0.1059	0.0975	0.0941	0.0966	0.1056	0.1224	0.1527
913	0.1733	0.1765	0.1759	0.1790	0.1719	0.1703	0.1706	0.1763	0.1831	0.1632	0.1545	0.1532	0.1584	0.1693	0.1856	0.1328	0.1273	0.1286	0.1374	0.1525	0.1760	0.1060	0.0974	0.0943	0.0966	0.1057	0.1224	0.1527
914	0.1736	0.1765	0.1761	0.1791	0.1719	0.1704	0.1706	0.1764	0.1833	0.1634	0.1543	0.1532	0.1583	0.1692	0.1854	0.1329	0.1274	0.1289	0.1375	0.1525	0.1761	0.1061	0.0976	0.0944	0.0966	0.1059	0.1226	0.1529
915	0.1738	0.1766	0.1762	0.1791	0.1720	0.1705	0.1708	0.1764	0.1835	0.1635	0.1543	0.1533	0.1583	0.1692	0.1854	0.1330	0.1275	0.1290	0.1376	0.1526	0.1762	0.1062	0.0976	0.0944	0.0968	0.1059	0.1227	0.1530
916	0.1739	0.1767	0.1764	0.1792	0.1721	0.1706	0.1711	0.1762	0.1836	0.1633	0.1546	0.1534	0.1587	0.1693	0.1856	0.1331	0.1274	0.1287	0.1376	0.1526	0.1763	0.1066	0.0974	0.0943	0.0970	0.1057	0.1226	0.1529
917	0.1736	0.1766	0.1762	0.1789	0.1720	0.1706	0.1708	0.1761	0.1834	0.1634	0.1546	0.1531	0.1588	0.1693	0.1857	0.1328	0.1272	0.1288	0.1372	0.1524	0.1760	0.1062	0.0973	0.0943	0.0966	0.1056	0.1222	0.1528
918	0.1735	0.1766	0.1762	0.1789	0.1719	0.1705	0.1708	0.1762	0.1834	0.1633	0.1545	0.1530	0.1587	0.1692	0.1857	0.1328	0.1270	0.1288	0.1372	0.1524	0.1759	0.1059	0.0972	0.0942	0.0964	0.1056	0.1224	0.1528
919	0.1735	0.1767	0.1765	0.1791	0.1719	0.1706	0.1710	0.1763	0.1835	0.1632	0.1545	0.1531	0.1585	0.1693	0.1856	0.1329	0.1268	0.1288	0.1374	0.1524	0.1758	0.1058	0.0971	0.0941	0.0963	0.1056	0.1228	0.1530
920	0.1732	0.1766	0.1763	0.1792	0.1720	0.1705	0.1710	0.1763	0.1836	0.1634	0.1545	0.1533	0.1586	0.1694	0.1857	0.1328	0.1271	0.1288	0.1373	0.1525	0.1759	0.1060	0.0973	0.0941	0.0967	0.1056	0.1227	0.1531
921	0.1735	0.1768	0.1764	0.1793	0.1721	0.1706	0.1710	0.1764	0.1837	0.1635	0.1546	0.1532	0.1586	0.1698	0.1856	0.1329	0.1272	0.1288	0.1373	0.1528	0.1760	0.1060	0.0975	0.0943	0.0968	0.1058	0.1226	0.1531
922	0.1740	0.1770	0.1767	0.1794	0.1723	0.1708	0.1710	0.1765	0.1837	0.1636	0.1547	0.1532	0.1587	0.1701	0.1857	0.1331	0.1273	0.1289	0.1375	0.1530	0.1762	0.1060	0.0976	0.0945	0.0969	0.1059	0.1226	0.1531
923	0.1743	0.1769	0.1770	0.1796	0.1723	0.1709	0.1711	0.1765	0.1835	0.1637	0.1547	0.1536	0.1590	0.1702	0.1859	0.1331	0.1275	0.1293	0.1378	0.1530	0.1763	0.1061	0.0977	0.0947	0.0970	0.1060	0.1226	0.1531
924	0.1743	0.1771	0.1771	0.1796	0.1725	0.1710	0.1712	0.1769	0.1840	0.1642	0.1550	0.1536	0.1591	0.1702	0.1863	0.1334	0.1277	0.1295	0.1381	0.1531	0.1766	0.1063	0.0978	0.0948	0.0971	0.1061	0.1229	0.1531
925	0.1744	0.1774	0.1772	0.1799	0.1727	0.1711	0.1714	0.1773	0.1844	0.1645	0.1553	0.1537	0.1593	0.1703	0.1866	0.1335	0.1279	0.1297	0.1383	0.1534	0.1769	0.1065	0.0980	0.0949	0.0972	0.1063	0.1232	0.1534
926	0.1749	0.1778	0.1774	0.1806	0.1727	0.1712	0.1718	0.1777	0.1843	0.1644	0.1553	0.1539	0.1594	0.1704	0.1868	0.1335	0.1280	0.1301	0.1381	0.1535	0.1772	0.1068	0.0983	0.0949	0.0975	0.1064	0.1231	0.1539
927	0.1745	0.1775	0.1774	0.1804	0.1729	0.1713	0.1718	0.1776	0.1846	0.1645	0.1552	0.1541	0.1597	0.1705	0.1868	0.1338	0.1281	0.1298	0.1384	0.1537	0.1772	0.1069	0.0983	0.0949	0.0973	0.1067	0.1232	0.1538
928	0.1743	0.1774	0.1773	0.1801	0.1730	0.1714	0.1717	0.1774	0.1847	0.1644	0.1552	0.1542	0.1598	0.1704	0.1868	0.1338	0.1282	0.1295	0.1384	0.1538	0.1772	0.1069	0.0981	0.0949	0.0971	0.1067	0.1234	0.1540
929	0.1744	0.1776	0.1772	0.1799	0.1731	0.1716	0.1717	0.1772	0.1846	0.1643	0.1552	0.1541	0.1598	0.1703	0.1867	0.1335	0.1283	0.1294	0.1383	0.1536	0.1771	0.1068	0.0978	0.0951	0.0970	0.1064	0.1236	0.1542
930	0.1749	0.1777	0.1771	0.1803	0.1733	0.1715	0.1719	0.1774	0.1847	0.1645	0.1554	0.1542	0.1596	0.1702	0.1868	0.1338	0.1284	0.1294	0.1383	0.1535	0.1771	0.1071	0.0980	0.0950	0.0974	0.1064	0.1234	0.1538
931	0.1749	0.1777	0.1772	0.1803	0.1731	0.1714	0.1719	0.1773	0.1845	0.1643	0.1553	0.1542	0.1594	0.1700	0.1867	0.1338	0.1281	0.1293	0.1382	0.1535	0.1771	0.1070	0.0982	0.0949	0.0974	0.1062	0.1233	0.1536
932	0.1747	0.1775	0.1772	0.1801	0.1729	0.1715	0.1719	0.1770	0.1842	0.1639	0.1552	0.1542	0.1593	0.1699	0.1866	0.1336	0.1277	0.1293	0.1381	0.1534	0.1769	0.1068	0.0982	0.0948	0.0971	0.1060	0.1232	0.1535
933	0.1747	0.1777	0.1769	0.1800	0.1732	0.1714	0.1717	0.1772	0.1844	0.1640	0.1557	0.1541	0.1593	0.1701	0.1865	0.1336	0.1277	0.1297	0.1383	0.1532	0.1768	0.1069	0.0980	0.0950	0.0972	0.1062	0.1232	0.1536
934	0.1746	0.1779	0.1772	0.1800	0.1730	0.1714	0.1718	0.1772	0.1846	0.1641	0.1552	0.1540	0.1593	0.1702	0.1867	0.1335	0.1278	0.1296	0.1382	0.1533	0.1769	0.1068	0.0979	0.0947	0.0973	0.1062	0.1232	0.1536
935	0.1745	0.1778	0.1774	0.1801	0.1729	0.1715	0.1719	0.1773	0.1848	0.1642	0.1549	0.1540	0.1594	0.1704	0.1869	0.1336	0.1279	0.1295	0.1381	0.1534	0.1771	0.1067	0.0979	0.0945	0.0974	0.1062	0.1233	0.1537
936	0.1746	0.1776	0.1775	0.1801	0.1731	0.1718	0.1717	0.1776	0.1851	0.1643	0.1553	0.1542	0.1594	0.1705	0.1871	0.1339	0.1282	0.1295	0.1383	0.1533	0.1773	0.1067	0.0982	0.0945	0.0975	0.1062	0.1235	0.1541
937	0.1746	0.1778	0.1775	0.1803	0.1731	0.1717	0.1721	0.1777	0.1850	0.1645	0.1556	0.1540	0.1597	0.1707	0.1873	0.1338	0.1283	0.1298	0.1385	0.1535	0.1776	0.1068	0.0982	0.0950	0.0973	0.1062	0.1233	0.1542
938	0.1747	0.1779	0.1777	0.1806	0.1731	0.1717	0.1724	0.1778	0.1850	0.1647	0.1559	0.1540	0.1600	0.1709	0.1874	0.1338	0.1284	0.1299	0.1386	0.1538	0.1778	0.1070	0.0983	0.0953	0.0973	0.1065	0.1234	0.1543
939	0.1748	0.1779	0.1781	0.1811	0.1732	0.1719	0.1725	0.1778	0.1851	0.1650	0.1559	0.1542	0.1602	0.1711	0.1873	0.1341	0.1285	0.1301	0.1387	0.1539	0.1779	0.1073	0.0985	0.0954	0.0977	0.1068	0.1237	0.1543
940	0.1751	0.1783	0.1780	0.1808	0.1734	0.1719	0.1726	0.1781	0.1855	0.1650	0.1558	0.1544	0.1602	0.1713	0.1875	0.1343	0.1285	0.1302	0.1392	0.1541	0.1779	0.1074	0.0988	0.0954	0.0980	0.1071	0.1237	0.1546
941	0.1753	0.1785	0.1781	0.1809	0.1736	0.1719	0.1725	0.1783	0.1857	0.1652	0.1559	0.1547	0.1603	0.1713	0.1876	0.1345	0.1286	0.1303	0.1392	0.1542	0.1779	0.1075	0.0988	0.0955	0.0981	0.1073	0.1238	0.1546
942	0.1755	0.1786	0.1784	0.1812	0.1738	0.1720	0.1724	0.1784	0.1857	0.1655	0.1562	0.1550	0.1605	0.1712	0.1877	0.1346	0.1288	0.1303	0.1391	0.1543	0.1780	0.1075	0.0987	0.0955	0.0980	0.1072	0.1239	0.1545
943	0.1757	0.1788	0.1784	0.1810	0.1742	0.1723	0.1723	0.1787	0.1857	0.1653	0.1563	0.1551	0.1606	0.1714	0.1879	0.1341	0.1289	0.1304	0.1392	0.1544	0.1784	0.1078	0.0991	0.0956	0.0980	0.1071	0.1238	0.1546
944	0.1760	0.1790	0.1784	0.1811	0.1744	0.1725	0.1727	0.1789	0.1857	0.1654	0.1564	0.1554	0.1609	0.1714	0.1881	0.1344	0.1292	0.1304	0.1394	0.1548	0.1787	0.1078	0.0992	0.0957	0.0982	0.1074	0.1241	0.1546
945	0.1762	0.1791	0.1783	0.1812	0.1744	0.1726	0.1730	0.1788	0.1855	0.1654	0.1564	0.1556	0.1610	0.1713	0.1881	0.1345	0.1293	0.1305	0.1394	0.1550	0.1788	0.1078	0.0993	0.0958	0.0982	0.1075	0.1244	0.1546
946	0.1762	0.1791	0.1781	0.1812	0.1739	0.1723	0.1728	0.1784	0.1853	0.1653	0.1563	0.1554	0.1604	0.1712	0.1875	0.1341	0.1293	0.1307	0.1391	0.1546	0.1785	0.1079	0.0993	0.0957	0.0978	0.1072	0.1244	0.1548
947	0.1757	0.1790	0.1783	0.1810	0.1738	0.1723	0.1727	0.1782	0.1855	0.1652	0.1561	0.1550	0.1602	0.1712	0.1876	0.1341	0.1288	0.1304	0.1388	0.1540	0.1780	0.1076	0.0989	0.0956	0.0978	0.1071	0.1240	0.1549
948	0.1755	0.1788	0.1784	0.1809	0.1737	0.1722	0.1726	0.1780	0.1857	0.1652	0.1559	0.1547	0.1601	0.1711	0.1877	0.1344	0.1285	0.1301	0.1388	0.1539	0.1778	0.1075	0.0988	0.0956	0.0978	0.1070	0.1239	0.1550
949	0.1756	0.1784	0.1784	0.1810	0.1737	0.1721	0.1724	0.1777	0.1858	0.1653	0.1559	0.1545	0.1602	0.1709	0.1877	0.1347	0.1286	0.1301	0.1392	0.1543	0.1781	0.1077	0.0990	0.0957	0.0977	0.1069	0.1239	0.1553
950	0.1754	0.1781	0.1784	0.1810	0.1738	0.1722	0.1724	0.1777	0.1858	0.1649	0.1560	0.1545	0.1605	0.1711	0.1877	0.1344	0.1284	0.1298	0.1389	0.1540	0.1780	0.1075	0.0986	0.0953	0.0977	0.1064	0.1233	0.1549
951	0.1753	0.1781	0.1782	0.1810	0.1738	0.1722	0.1724	0.1781	0.1859	0.1649	0.1561	0.1549	0.1606	0.1711	0.1878	0.1343	0.1284	0.1300	0.1388	0.1538	0.1781	0.1072	0.0985	0.0951	0.0977	0.1065	0.1233	0.1546
952	0.1753	0.1785	0.1781	0.1809	0.1738	0.1721	0.1724	0.1785	0.1860	0.1651	0.1562	0.1552	0.1605	0.1712	0.1881	0.1342	0.1285	0.1305	0.1388	0.1538	0.1783	0.1070	0.0985	0.0951	0.0977	0.1069	0.1236	0.1546
953	0.1755	0.1788	0.1786	0.1816	0.1742	0.1721	0.1727	0.1784	0.1861	0.1649	0.1563	0.1545	0.1605	0.1714	0.1883	0.1342	0.1286	0.1308	0.1389	0.1543	0.1784	0.1075	0.0985	0.0952	0.0975	0.1071	0.1240	0.1544
954	0.1758	0.1791	0.1787	0.1817	0.1741	0.1725	0.1731	0.1788	0.1862	0.1653	0.1563	0.1549	0.1607	0.1717	0.1882	0.1345	0.1290	0.1308	0.1391	0.1548	0.1787	0.1078	0.0989	0.0956	0.0979	0.1074	0.1240	0.1549
955	0.1758	0.1792	0.1788	0.1817	0.1741	0.1728	0.1733	0.1791	0.1863	0.1657	0.1563	0.1554	0.1607	0.1718	0.1880	0.1348	0.1294	0.1308	0.1391	0.1551	0.1789	0.1079	0.0993	0.0960	0.0984	0.1075	0.1239	0.1553
956	0.1755	0.1794	0.1790	0.1817	0.1745	0.1727	0.1733	0.1790	0.1863	0.1655	0.1562	0.1555	0.1602	0.1718	0.1880	0.1349	0.1295	0.1311	0.1390	0.1551	0.1790	0.1079	0.0993	0.0961	0.0986	0.1072	0.1242	0.1551
957	0.1760	0.1792	0.1792	0.1818	0.1745	0.1729	0.1734	0.1791	0.1862	0.1659	0.1564	0.1554	0.1607	0.1722	0.1887	0.1349	0.1295	0.1310	0.1395	0.1548	0.1790	0.1082	0.0993	0.0961	0.0985	0.1072	0.1245	0.1554
958	0.1765	0.1792	0.1794	0.1821	0.1746	0.1731	0.1735	0.1792	0.1864	0.1662	0.1567	0.1555	0.1611	0.1724	0.1891	0.1350	0.1296	0.1312	0.1399	0.1549	0.1791	0.1084	0.0996	0.0961	0.0983	0.1074	0.1247	0.1557
959	0.1770	0.1794	0.1793	0.1827	0.1747	0.1731	0.1734	0.1792	0.1868	0.1663	0.1568	0.1561	0.1614	0.1723	0.1891	0.1353	0.1297	0.1315	0.1401	0.1555	0.1792	0.1087	0.1001	0.0961	0.0980	0.1077	0.1249	0.1557
960	0.1771	0.1799	0.1790	0.1823	0.1753	0.1733	0.1733	0.1793	0.1866	0.1664	0.1571	0.1563	0.1616	0.1724	0.1891	0.1351	0.1298	0.1314	0.1400	0.1551	0.1786	0.1087	0.0997	0.0963	0.0984	0.1079	0.1250	0.1558
961	0.1770	0.1799	0.1791	0.1820	0.1753	0.1733	0.1734	0.1792	0.1863	0.1659	0.1570	0.1560	0.1614	0.1723	0.1889	0.1350	0.1298	0.1311	0.1396	0.1551	0.1788	0.1086	0.0996	0.0962	0.0982	0.1077	0.1247	0.1556
962	0.1767	0.1796	0.1792	0.1819	0.1749	0.1731	0.1736	0.1790	0.1859	0.1653	0.1567	0.1554	0.1610	0.1721	0.1885	0.1350	0.1297	0.1307	0.1391	0.1552	0.1792	0.1083	0.0994	0.0960	0.0978	0.1073	0.1243	0.1552
963	0.1768	0.1793	0.1787	0.1819	0.1749	0.1725	0.1735	0.1787	0.1861	0.1657	0.1566	0.1553	0.1611	0.1715	0.1880	0.1349	0.1296	0.1307	0.1394	0.1549	0.1791	0.1079	0.0988	0.0960	0.0980	0.1072	0.1244	0.1549
964	0.1768	0.1794	0.1790	0.1822	0.1748	0.1729	0.1735	0.1789	0.1863	0.1661	0.1569	0.1559	0.1610	0.1719	0.1882	0.1351	0.1293	0.1309	0.1396	0.1548	0.1791	0.1081	0.0991	0.0960	0.0982	0.1072	0.1245	0.1553
965	0.1767	0.1795	0.1793	0.1823	0.1747	0.1733	0.1735	0.1790	0.1865	0.1661	0.1569	0.1562	0.1610	0.1722	0.1886	0.1351	0.1289	0.1309	0.1398	0.1547	0.1790	0.1083	0.0994	0.0960	0.0981	0.1070	0.1244	0.1556
966	0.1764	0.1792	0.1793	0.1819	0.1743	0.1727	0.1733	0.1787	0.1867	0.1652	0.1564	0.1552	0.1609	0.1716	0.1887	0.1346	0.1284	0.1304	0.1395	0.1546	0.1789	0.1079	0.0991	0.0955	0.0975	0.1066	0.1240	0.1552
967	0.1766	0.1794	0.1794	0.1820	0.1744	0.1728	0.1733	0.1785	0.1866	0.1656	0.1569	0.1553	0.1607	0.1718	0.1886	0.1347	0.1288	0.1304	0.1397	0.1547	0.1787	0.1082	0.0989	0.0960	0.0978	0.1071	0.1237	0.1551
968	0.1770	0.1795	0.1795	0.1823	0.1746	0.1730	0.1734	0.1787	0.1867	0.1661	0.1571	0.1555	0.1609	0.1720	0.1886	0.1348	0.1293	0.1306	0.1398	0.1549	0.1790	0.1086	0.0989	0.0963	0.0984	0.1077	0.1238	0.1553
969	0.1773	0.1795	0.1797	0.1826	0.1749	0.1732	0.1738	0.1792	0.1872	0.1665	0.1567	0.1556	0.1616	0.1721	0.1889	0.1350	0.1298	0.1308	0.1399	0.1551	0.1798	0.1088	0.0992	0.0960	0.0992	0.1084	0.1245	0.1558
970	0.1762	0.1796	0.1791	0.1821	0.1742	0.1731	0.1737	0.1792	0.1864	0.1660	0.1567	0.1554	0.1608	0.1720	0.1887	0.1351	0.1296	0.1305	0.1390	0.1550	0.1793	0.1084	0.0989	0.0961	0.0988	0.1075	0.1242	0.1553
971	0.1762	0.1795	0.1792	0.1824	0.1745	0.1730	0.1739	0.1791	0.1862	0.1661	0.1573	0.1556	0.1610	0.1720	0.1889	0.1351	0.1297	0.1307	0.1392	0.1550	0.1794	0.1082	0.0993	0.0963	0.0986	0.1073	0.1242	0.1554
972	0.1771	0.1795	0.1797	0.1831	0.1753	0.1730	0.1742	0.1791	0.1864	0.1665	0.1580	0.1560	0.1617	0.1722	0.1893	0.1352	0.1301	0.1313	0.1402	0.1552	0.1798	0.1081	0.1001	0.0966	0.0986	0.1078	0.1246	0.1560
973	0.1778	0.1805	0.1800	0.1834	0.1760	0.1736	0.1746	0.1796	0.1864	0.1672	0.1579	0.1562	0.1619	0.1729	0.1899	0.1357	0.1304	0.1319	0.1407	0.1560	0.1800	0.1085	0.1007	0.0971	0.0985	0.1084	0.1255	0.1566
974	0.1779	0.1807	0.1800	0.1835	0.1763	0.1737	0.1742	0.1799	0.1871	0.1672	0.1576	0.1565	0.1623	0.1731	0.1904	0.1359	0.1308	0.1320	0.1410	0.1560	0.1800	0.1087	0.1006	0.0971	0.0988	0.1085	0.1255	0.1566
975	0.1778	0.1808	0.1801	0.1835	0.1764	0.1737	0.1740	0.1802	0.1878	0.1672	0.1575	0.1567	0.1627	0.1731	0.1906	0.1360	0.1311	0.1318	0.1413	0.1559	0.1802	0.1089	0.1005	0.0970	0.0993	0.1085	0.1254	0.1564
976	0.1854	0.1878	0.1882	0.1921	0.1797	0.1814	0.1822	0.1868	0.1963	0.1680	0.1641	0.1609	0.1690	0.1792	0.1959	0.1385	0.1331	0.1366	0.1443	0.1608	0.1852	0.1105	0.1011	0.0980	0.1014	0.1111	0.1287	0.1578
977	0.1855	0.1878	0.1882	0.1922	0.1796	0.1814	0.1822	0.1868	0.1963	0.1681	0.1642	0.1610	0.1692	0.1794	0.1960	0.1380	0.1331	0.1365	0.1446	0.1608	0.1853	0.1104	0.1012	0.0981	0.1015	0.1109	0.1288	0.1579
978	0.1855	0.1888	0.1886	0.1922	0.1803	0.1813	0.1818	0.1872	0.1965	0.1687	0.1646	0.1617	0.1695	0.1792	0.1965	0.1378	0.1332	0.1363	0.1451	0.1608	0.1855	0.1101	0.1013	0.0984	0.1014	0.1103	0.1297	0.1578
979	0.1856	0.1894	0.1889	0.1923	0.1809	0.1813	0.1816	0.1875	0.1965	0.1690	0.1650	0.1623	0.1697	0.1791	0.1968	0.1378	0.1332	0.1361	0.1452	0.1608	0.1856	0.1098	0.1011	0.0985	0.1016	0.1099	0.1304	0.1579
980	0.1853	0.1888	0.1885	0.1923	0.1810	0.1816	0.1818	0.1878	0.1967	0.1691	0.1649	0.1626	0.1697	0.1794	0.1969	0.1382	0.1329	0.1361	0.1446	0.1610	0.1855	0.1101	0.1009	0.0983	0.1019	0.1104	0.1299	0.1583
981	0.1851	0.1883	0.1882	0.1923	0.1811	0.1819	0.1820	0.1881	0.1969	0.1692	0.1650	0.1629	0.1697	0.1796	0.1971	0.1386	0.1329	0.1360	0.1442	0.1611	0.1855	0.1102	0.1008	0.0981	0.1021	0.1109	0.1294	0.1587
982	0.1854	0.1883	0.1881	0.1928	0.1812	0.1818	0.1823	0.1887	0.1970	0.1694	0.1650	0.1625	0.1699	0.1798	0.1970	0.1390	0.1333	0.1362	0.1448	0.1615	0.1861	0.1100	0.1012	0.0983	0.1020	0.1111	0.1293	0.1589
983	0.1857	0.1883	0.1881	0.1934	0.1814	0.1817	0.1825	0.1892	0.1971	0.1696	0.1650	0.1623	0.1701	0.1799	0.1970	0.1394	0.1337	0.1365	0.1454	0.1619	0.1866	0.1098	0.1016	0.0984	0.1020	0.1113	0.1293	0.1590
984	0.1856	0.1888	0.1883	0.1932	0.1813	0.1815	0.1830	0.1891	0.1973	0.1691	0.1649	0.1623	0.1701	0.1800	0.1970	0.1392	0.1336	0.1367	0.1453	0.1618	0.1863	0.1103	0.1015	0.0985	0.1020	0.1114	0.1293	0.1588
985	0.1856	0.1895	0.1884	0.1928	0.1811	0.1814	0.1836	0.1889	0.1976	0.1684	0.1649	0.1623	0.1699	0.1799	0.1970	0.1389	0.1335	0.1369	0.1451	0.1614	0.1859	0.1108	0.1013	0.0986	0.1020	0.1114	0.1292	0.1586
986	0.1857	0.1894	0.1887	0.1928	0.1810	0.1820	0.1834	0.1887	0.1974	0.1687	0.1646	0.1623	0.1696	0.1796	0.1969	0.1386	0.1336	0.1369	0.1452	0.1615	0.1856	0.1113	0.1010	0.0991	0.1018	0.1114	0.1293	0.1583
987	0.1858	0.1890	0.1889	0.1930	0.1809	0.1827	0.1831	0.1886	0.1971	0.1693	0.1643	0.1623	0.1695	0.1793	0.1969	0.1385	0.1338	0.1369	0.1454	0.1618	0.1855	0.1116	0.1010	0.0994	0.1016	0.1115	0.1296	0.1579
988	0.1861	0.1888	0.1890	0.1928	0.1810	0.1827	0.1830	0.1886	0.1973	0.1694	0.1644	0.1624	0.1698	0.1796	0.1970	0.1387	0.1342	0.1369	0.1455	0.1619	0.1858	0.1113	0.1012	0.0993	0.1014	0.1115	0.1299	0.1579
989	0.1863	0.1888	0.1891	0.1927	0.1811	0.1825	0.1831	0.1886	0.1976	0.1692	0.1647	0.1625	0.1702	0.1801	0.1972	0.1389	0.1345	0.1370	0.1458	0.1619	0.1862	0.1109	0.1015	0.0988	0.1015	0.1114	0.1301	0.1579
990	0.1863	0.1891	0.1893	0.1930	0.1814	0.1825	0.1830	0.1887	0.1977	0.1693	0.1650	0.1628	0.1703	0.1803	0.1977	0.1390	0.1345	0.1371	0.1460	0.1622	0.1865	0.1107	0.1015	0.0985	0.1020	0.1113	0.1302	0.1581
991	0.1863	0.1894	0.1893	0.1934	0.1820	0.1825	0.1827	0.1889	0.1977	0.1696	0.1651	0.1632	0.1701	0.1801	0.1980	0.1391	0.1344	0.1370	0.1460	0.1625	0.1868	0.1106	0.1013	0.0983	0.1024	0.1115	0.1303	0.1586
992	0.1863	0.1898	0.1894	0.1937	0.1823	0.1826	0.1825	0.1890	0.1978	0.1699	0.1651	0.1634	0.1699	0.1801	0.1983	0.1391	0.1345	0.1370	0.1462	0.1626	0.1870	0.1105	0.1012	0.0984	0.1024	0.1117	0.1303	0.1590
993	0.1865	0.1900	0.1895	0.1936	0.1819	0.1827	0.1828	0.1886	0.1981	0.1700	0.1649	0.1632	0.1698	0.1806	0.1983	0.1390	0.1349	0.1371	0.1465	0.1622	0.1871	0.1106	0.1013	0.0987	0.1023	0.1118	0.1303	0.1593
994	0.1868	0.1901	0.1896	0.1932	0.1815	0.1829	0.1829	0.1884	0.1982	0.1700	0.1645	0.1629	0.1697	0.1811	0.1983	0.1389	0.1351	0.1372	0.1464	0.1620	0.1872	0.1107	0.1013	0.0989	0.1023	0.1118	0.1304	0.1595
995	0.1866	0.1900	0.1893	0.1931	0.1817	0.1832	0.1830	0.1887	0.1983	0.1699	0.1642	0.1630	0.1694	0.1808	0.1984	0.1387	0.1352	0.1372	0.1459	0.1622	0.1866	0.1107	0.1012	0.0991	0.1025	0.1118	0.1306	0.1597
996	0.1864	0.1900	0.1891	0.1931	0.1820	0.1837	0.1832	0.1890	0.1985	0.1699	0.1642	0.1633	0.1692	0.1806	0.1984	0.1386	0.1353	0.1370	0.1455	0.1623	0.1863	0.1108	0.1012	0.0994	0.1024	0.1119	0.1307	0.1598
997	0.1867	0.1899	0.1892	0.1938	0.1822	0.1837	0.1832	0.1889	0.1984	0.1702	0.1645	0.1635	0.1694	0.1808	0.1987	0.1389	0.1351	0.1369	0.1459	0.1625	0.1866	0.1111	0.1014	0.0996	0.1028	0.1122	0.1309	0.1598
998	0.1869	0.1899	0.1894	0.1945	0.1823	0.1836	0.1833	0.1888	0.1984	0.1705	0.1647	0.1637	0.1696	0.1810	0.1991	0.1394	0.1350	0.1369	0.1463	0.1626	0.1868	0.1112	0.1016	0.0998	0.1033	0.1123	0.1311	0.1597
999	0.1869	0.1901	0.1897	0.1947	0.1823	0.1834	0.1835	0.1889	0.1984	0.1705	0.1647	0.1636	0.1697	0.1815	0.1993	0.1398	0.1347	0.1373	0.1465	0.1627	0.1869	0.1112	0.1015	0.0998	0.1031	0.1123	0.1311	0.1594
1000	0.1869	0.1904	0.1900	0.1949	0.1823	0.1833	0.1838	0.1890	0.1983	0.1705	0.1648	0.1635	0.1697	0.1820	0.1996	0.1401	0.1344	0.1378	0.1465	0.1628	0.1871	0.1112	0.1014	0.0998	0.1027	0.1124	0.1312	0.1592
1001	0.1868	0.1905	0.1898	0.1949	0.1824	0.1836	0.1838	0.1895	0.1983	0.1709	0.1649	0.1637	0.1700	0.1824	0.1998	0.1398	0.1346	0.1379	0.1463	0.1628	0.1872	0.1115	0.1013	0.0997	0.1029	0.1123	0.1314	0.1594
1002	0.1866	0.1904	0.1895	0.1947	0.1824	0.1839	0.1837	0.1899	0.1984	0.1713	0.1648	0.1641	0.1703	0.1827	0.2000	0.1394	0.1350	0.1380	0.1461	0.1627	0.1872	0.1119	0.1012	0.0997	0.1031	0.1123	0.1316	0.1597
1003	0.1868	0.1903	0.1896	0.1945	0.1823	0.1839	0.1837	0.1899	0.1986	0.1712	0.1643	0.1641	0.1698	0.1828	0.2000	0.1393	0.1350	0.1378	0.1463	0.1627	0.1871	0.1115	0.1015	0.0998	0.1028	0.1125	0.1316	0.1597
1004	0.1872	0.1901	0.1896	0.1946	0.1823	0.1836	0.1837	0.1899	0.1989	0.1711	0.1639	0.1640	0.1694	0.1828	0.2001	0.1392	0.1352	0.1378	0.1464	0.1627	0.1872	0.1110	0.1020	0.0996	0.1024	0.1128	0.1316	0.1599
1005	0.1873	0.1898	0.1895	0.1948	0.1825	0.1836	0.1836	0.1899	0.1991	0.1711	0.1640	0.1642	0.1694	0.1829	0.2001	0.1393	0.1353	0.1377	0.1467	0.1630	0.1875	0.1112	0.1022	0.0996	0.1024	0.1126	0.1313	0.1600
1006	0.1874	0.1899	0.1896	0.1948	0.1826	0.1838	0.1838	0.1900	0.1991	0.1710	0.1643	0.1645	0.1696	0.1829	0.2000	0.1397	0.1354	0.1374	0.1470	0.1634	0.1877	0.1116	0.1021	0.0997	0.1027	0.1123	0.1311	0.1602
1007	0.1874	0.1901	0.1897	0.1949	0.1827	0.1838	0.1840	0.1899	0.1991	0.1710	0.1646	0.1649	0.1696	0.1828	0.1999	0.1398	0.1354	0.1374	0.1470	0.1634	0.1878	0.1117	0.1020	0.0997	0.1030	0.1125	0.1312	0.1603
1008	0.1872	0.1902	0.1899	0.1950	0.1826	0.1836	0.1844	0.1898	0.1991	0.1711	0.1646	0.1651	0.1695	0.1828	0.1997	0.1397	0.1354	0.1378	0.1469	0.1632	0.1877	0.1115	0.1019	0.0996	0.1030	0.1130	0.1315	0.1601
1009	0.1870	0.1901	0.1899	0.1953	0.1823	0.1835	0.1848	0.1898	0.1991	0.1713	0.1643	0.1650	0.1696	0.1831	0.1998	0.1397	0.1353	0.1380	0.1469	0.1632	0.1876	0.1113	0.1017	0.0995	0.1030	0.1133	0.1319	0.1602
1010	0.1871	0.1901	0.1901	0.1955	0.1824	0.1834	0.1849	0.1900	0.1992	0.1717	0.1643	0.1650	0.1695	0.1833	0.2002	0.1397	0.1352	0.1378	0.1470	0.1633	0.1878	0.1115	0.1014	0.0996	0.1034	0.1129	0.1318	0.1604
1011	0.1872	0.1903	0.1902	0.1954	0.1827	0.1832	0.1850	0.1902	0.1992	0.1720	0.1642	0.1651	0.1695	0.1834	0.2004	0.1398	0.1352	0.1377	0.1471	0.1635	0.1879	0.1118	0.1014	0.0998	0.1036	0.1126	0.1317	0.1605
1012	0.1875	0.1906	0.1903	0.1951	0.1830	0.1833	0.1853	0.1904	0.1991	0.1723	0.1643	0.1652	0.1698	0.1831	0.2004	0.1398	0.1354	0.1378	0.1469	0.1637	0.1878	0.1120	0.1018	0.1003	0.1033	0.1129	0.1317	0.1605
1013	0.1877	0.1906	0.1904	0.1950	0.1830	0.1836	0.1856	0.1906	0.1991	0.1725	0.1644	0.1653	0.1700	0.1831	0.2005	0.1397	0.1354	0.1379	0.1465	0.1639	0.1878	0.1121	0.1023	0.1007	0.1031	0.1131	0.1319	0.1605
1014	0.1877	0.1906	0.1903	0.1950	0.1825	0.1839	0.1857	0.1906	0.1991	0.1730	0.1646	0.1652	0.1699	0.1831	0.2008	0.1395	0.1353	0.1381	0.1465	0.1640	0.1878	0.1120	0.1024	0.1005	0.1034	0.1131	0.1318	0.1604
1015	0.1877	0.1907	0.1903	0.1951	0.1821	0.1842	0.1855	0.1904	0.1990	0.1734	0.1648	0.1651	0.1698	0.1831	0.2011	0.1394	0.1355	0.1382	0.1467	0.1640	0.1880	0.1118	0.1024	0.1003	0.1037	0.1132	0.1316	0.1603
1016	0.1878	0.1909	0.1908	0.1952	0.1824	0.1846	0.1855	0.1904	0.1992	0.1732	0.1649	0.1651	0.1699	0.1834	0.2013	0.1394	0.1359	0.1385	0.1472	0.1640	0.1884	0.1118	0.1025	0.1002	0.1040	0.1135	0.1317	0.1605
1017	0.1880	0.1910	0.1914	0.1953	0.1827	0.1849	0.1856	0.1906	0.1996	0.1728	0.1649	0.1653	0.1701	0.1838	0.2017	0.1396	0.1360	0.1388	0.1478	0.1641	0.1887	0.1117	0.1029	0.1001	0.1044	0.1138	0.1319	0.1609
1018	0.1879	0.1910	0.1916	0.1955	0.1831	0.1845	0.1854	0.1909	0.1998	0.1723	0.1647	0.1655	0.1701	0.1839	0.2019	0.1399	0.1359	0.1388	0.1478	0.1641	0.1887	0.1116	0.1031	0.1000	0.1043	0.1138	0.1321	0.1610
1019	0.1879	0.1911	0.1916	0.1956	0.1836	0.1841	0.1851	0.1910	0.1999	0.1719	0.1646	0.1656	0.1700	0.1842	0.2018	0.1402	0.1357	0.1387	0.1476	0.1640	0.1885	0.1115	0.1030	0.1000	0.1040	0.1138	0.1322	0.1610
1020	0.1880	0.1912	0.1915	0.1957	0.1840	0.1842	0.1853	0.1910	0.2003	0.1719	0.1648	0.1655	0.1701	0.1845	0.2020	0.1402	0.1354	0.1386	0.1476	0.1641	0.1889	0.1118	0.1027	0.1000	0.1041	0.1138	0.1322	0.1611
1021	0.1883	0.1912	0.1914	0.1958	0.1842	0.1844	0.1856	0.1912	0.2007	0.1719	0.1648	0.1654	0.1704	0.1849	0.2022	0.1399	0.1353	0.1385	0.1476	0.1644	0.1895	0.1121	0.1026	0.1000	0.1041	0.1138	0.1321	0.1612
1022	0.1883	0.1911	0.1915	0.1959	0.1841	0.1846	0.1858	0.1913	0.2007	0.1719	0.1648	0.1655	0.1705	0.1851	0.2021	0.1400	0.1356	0.1384	0.1477	0.1647	0.1898	0.1122	0.1025	0.1002	0.1039	0.1137	0.1322	0.1613
1023	0.1882	0.1913	0.1918	0.1962	0.1840	0.1849	0.1860	0.1911	0.2005	0.1720	0.1650	0.1657	0.1707	0.1851	0.2020	0.1404	0.1360	0.1385	0.1478	0.1649	0.1896	0.1121	0.1023	0.1005	0.1037	0.1138	0.1324	0.1613
1024	0.1882	0.1915	0.1917	0.1964	0.1840	0.1852	0.1862	0.1911	0.2008	0.1724	0.1653	0.1660	0.1709	0.1852	0.2021	0.1404	0.1363	0.1388	0.1478	0.1650	0.1894	0.1120	0.1025	0.1007	0.1036	0.1139	0.1325	0.1612
1025	0.1880	0.1914	0.1917	0.1964	0.1840	0.1851	0.1863	0.1912	0.2010	0.1728	0.1655	0.1661	0.1712	0.1854	0.2020	0.1404	0.1364	0.1391	0.1478	0.1651	0.1894	0.1122	0.1029	0.1009	0.1038	0.1140	0.1326	0.1613
1026	0.1880	0.1914	0.1918	0.1965	0.1840	0.1850	0.1865	0.1912	0.2011	0.1730	0.1655	0.1660	0.1714	0.1855	0.2020	0.1404	0.1366	0.1392	0.1479	0.1649	0.1895	0.1125	0.1030	0.1010	0.1043	0.1142	0.1327	0.1614
1027	0.1884	0.1915	0.1916	0.1965	0.1840	0.1851	0.1867	0.1912	0.2012	0.1730	0.1654	0.1661	0.1717	0.1851	0.2021	0.1404	0.1367	0.1393	0.1481	0.1648	0.1898	0.1127	0.1030	0.1007	0.1044	0.1142	0.1327	0.1615
1028	0.1887	0.1917	0.1916	0.1966	0.1840	0.1854	0.1865	0.1914	0.2013	0.1730	0.1656	0.1663	0.1719	0.1849	0.2024	0.1406	0.1368	0.1395	0.1483	0.1648	0.1900	0.1127	0.1030	0.1005	0.1044	0.1142	0.1325	0.1616
1029	0.1889	0.1918	0.1918	0.1968	0.1839	0.1855	0.1865	0.1917	0.2011	0.1730	0.1659	0.1663	0.1718	0.1849	0.2026	0.1407	0.1367	0.1396	0.1486	0.1650	0.1901	0.1126	0.1029	0.1004	0.1043	0.1140	0.1325	0.1619
1030	0.1889	0.1919	0.1921	0.1970	0.1839	0.1854	0.1866	0.1920	0.2010	0.1732	0.1661	0.1665	0.1715	0.1848	0.2028	0.1407	0.1366	0.1395	0.1489	0.1651	0.1901	0.1125	0.1029	0.1004	0.1042	0.1138	0.1326	0.1622
1031	0.1889	0.1920	0.1925	0.1973	0.1842	0.1856	0.1867	0.1924	0.2011	0.1734	0.1661	0.1666	0.1716	0.1848	0.2030	0.1409	0.1366	0.1395	0.1492	0.1651	0.1903	0.1127	0.1028	0.1005	0.1042	0.1138	0.1329	0.1623
1032	0.1888	0.1920	0.1929	0.1974	0.1845	0.1857	0.1867	0.1927	0.2012	0.1735	0.1662	0.1666	0.1719	0.1850	0.2032	0.1412	0.1366	0.1397	0.1492	0.1653	0.1904	0.1129	0.1029	0.1008	0.1042	0.1140	0.1331	0.1623
1033	0.1886	0.1921	0.1928	0.1973	0.1846	0.1856	0.1867	0.1928	0.2013	0.1735	0.1664	0.1665	0.1723	0.1853	0.2034	0.1413	0.1364	0.1399	0.1490	0.1657	0.1905	0.1130	0.1029	0.1010	0.1041	0.1141	0.1332	0.1623
1034	0.1886	0.1921	0.1927	0.1972	0.1845	0.1857	0.1868	0.1928	0.2014	0.1734	0.1664	0.1665	0.1726	0.1856	0.2035	0.1411	0.1363	0.1399	0.1489	0.1661	0.1906	0.1130	0.1028	0.1010	0.1042	0.1141	0.1331	0.1625
1035	0.1889	0.1921	0.1927	0.1974	0.1846	0.1861	0.1871	0.1928	0.2016	0.1734	0.1664	0.1664	0.1727	0.1858	0.2036	0.1412	0.1365	0.1399	0.1488	0.1662	0.1906	0.1128	0.1026	0.1010	0.1045	0.1142	0.1331	0.1625
1036	0.1894	0.1922	0.1927	0.1976	0.1847	0.1862	0.1875	0.1929	0.2016	0.1735	0.1664	0.1665	0.1727	0.1858	0.2036	0.1415	0.1369	0.1400	0.1486	0.1661	0.1909	0.1125	0.1027	0.1010	0.1050	0.1143	0.1332	0.1623
1037	0.1897	0.1926	0.1926	0.1976	0.1848	0.1861	0.1877	0.1932	0.2017	0.1735	0.1667	0.1667	0.1729	0.1856	0.2036	0.1416	0.1372	0.1401	0.1486	0.1660	0.1912	0.1127	0.1029	0.1012	0.1049	0.1144	0.1335	0.1623
1038	0.1899	0.1929	0.1926	0.1977	0.1848	0.1861	0.1877	0.1935	0.2020	0.1736	0.1669	0.1666	0.1732	0.1857	0.2035	0.1415	0.1372	0.1400	0.1488	0.1661	0.1913	0.1131	0.1031	0.1016	0.1048	0.1143	0.1334	0.1626
1039	0.1899	0.1930	0.1928	0.1978	0.1849	0.1862	0.1876	0.1936	0.2022	0.1736	0.1670	0.1666	0.1732	0.1857	0.2033	0.1415	0.1372	0.1399	0.1489	0.1661	0.1913	0.1132	0.1035	0.1018	0.1051	0.1143	0.1333	0.1629
1040	0.1897	0.1931	0.1929	0.1980	0.1848	0.1863	0.1875	0.1936	0.2024	0.1734	0.1672	0.1666	0.1731	0.1859	0.2031	0.1417	0.1371	0.1399	0.1489	0.1662	0.1912	0.1132	0.1040	0.1020	0.1052	0.1142	0.1334	0.1631
1041	0.1897	0.1932	0.1930	0.1981	0.1848	0.1865	0.1874	0.1935	0.2026	0.1733	0.1674	0.1666	0.1733	0.1862	0.2031	0.1419	0.1370	0.1401	0.1490	0.1664	0.1914	0.1131	0.1040	0.1019	0.1052	0.1142	0.1334	0.1631
1042	0.1900	0.1933	0.1932	0.1980	0.1850	0.1867	0.1875	0.1934	0.2026	0.1733	0.1676	0.1666	0.1734	0.1863	0.2035	0.1418	0.1370	0.1403	0.1494	0.1666	0.1915	0.1130	0.1037	0.1015	0.1051	0.1145	0.1334	0.1630
1043	0.1903	0.1934	0.1934	0.1981	0.1853	0.1867	0.1876	0.1935	0.2026	0.1734	0.1677	0.1667	0.1735	0.1863	0.2039	0.1419	0.1371	0.1404	0.1497	0.1669	0.1916	0.1131	0.1035	0.1013	0.1050	0.1150	0.1335	0.1630
1044	0.1903	0.1935	0.1937	0.1981	0.1854	0.1866	0.1876	0.1936	0.2027	0.1737	0.1678	0.1669	0.1737	0.1863	0.2040	0.1421	0.1373	0.1405	0.1499	0.1672	0.1917	0.1132	0.1036	0.1014	0.1049	0.1150	0.1336	0.1633
1045	0.1904	0.1937	0.1940	0.1982	0.1854	0.1867	0.1877	0.1937	0.2030	0.1741	0.1680	0.1671	0.1740	0.1863	0.2040	0.1422	0.1373	0.1406	0.1499	0.1674	0.1918	0.1133	0.1037	0.1014	0.1048	0.1150	0.1336	0.1636
1046	0.1903	0.1940	0.1943	0.1981	0.1854	0.1866	0.1877	0.1938	0.2032	0.1741	0.1684	0.1673	0.1742	0.1863	0.2040	0.1421	0.1372	0.1407	0.1498	0.1673	0.1919	0.1134	0.1038	0.1015	0.1049	0.1150	0.1337	0.1635
1047	0.1902	0.1942	0.1945	0.1980	0.1854	0.1865	0.1878	0.1940	0.2034	0.1742	0.1686	0.1674	0.1744	0.1863	0.2039	0.1420	0.1373	0.1407	0.1498	0.1671	0.1919	0.1135	0.1039	0.1015	0.1050	0.1151	0.1339	0.1634
1048	0.1903	0.1942	0.1944	0.1981	0.1853	0.1866	0.1879	0.1940	0.2036	0.1742	0.1685	0.1674	0.1746	0.1863	0.2039	0.1419	0.1375	0.1409	0.1501	0.1671	0.1920	0.1136	0.1040	0.1016	0.1051	0.1151	0.1340	0.1636
1049	0.1904	0.1943	0.1942	0.1982	0.1852	0.1869	0.1880	0.1942	0.2037	0.1742	0.1685	0.1674	0.1748	0.1862	0.2039	0.1419	0.1376	0.1411	0.1504	0.1672	0.1922	0.1136	0.1041	0.1017	0.1052	0.1150	0.1340	0.1638
1050	0.1905	0.1943	0.1941	0.1984	0.1853	0.1870	0.1879	0.1943	0.2035	0.1739	0.1687	0.1676	0.1750	0.1863	0.2039	0.1420	0.1376	0.1410	0.1505	0.1673	0.1923	0.1136	0.1041	0.1017	0.1052	0.1150	0.1342	0.1638
1051	0.1906	0.1943	0.1942	0.1986	0.1855	0.1870	0.1879	0.1943	0.2036	0.1737	0.1688	0.1677	0.1753	0.1864	0.2040	0.1420	0.1376	0.1409	0.1504	0.1673	0.1922	0.1136	0.1042	0.1017	0.1052	0.1153	0.1346	0.1638
1052	0.1907	0.1945	0.1943	0.1987	0.1857	0.1871	0.1881	0.1944	0.2038	0.1737	0.1688	0.1678	0.1756	0.1864	0.2042	0.1421	0.1376	0.1409	0.1504	0.1673	0.1922	0.1137	0.1042	0.1017	0.1053	0.1154	0.1348	0.1639
1053	0.1908	0.1948	0.1945	0.1987	0.1860	0.1872	0.1881	0.1943	0.2038	0.1738	0.1691	0.1679	0.1756	0.1865	0.2044	0.1421	0.1377	0.1410	0.1504	0.1673	0.1923	0.1139	0.1041	0.1016	0.1053	0.1154	0.1347	0.1641
1054	0.1909	0.1949	0.1948	0.1988	0.1862	0.1874	0.1883	0.1941	0.2039	0.1737	0.1693	0.1678	0.1756	0.1864	0.2043	0.1424	0.1381	0.1410	0.1504	0.1673	0.1923	0.1142	0.1042	0.1018	0.1052	0.1155	0.1346	0.1646
1055	0.1911	0.1950	0.1948	0.1991	0.1864	0.1875	0.1886	0.1942	0.2040	0.1736	0.1694	0.1679	0.1757	0.1862	0.2043	0.1427	0.1384	0.1410	0.1505	0.1673	0.1925	0.1143	0.1042	0.1021	0.1053	0.1156	0.1346	0.1647
1056	0.1911	0.1951	0.1949	0.1994	0.1865	0.1877	0.1886	0.1944	0.2041	0.1737	0.1694	0.1678	0.1758	0.1862	0.2044	0.1428	0.1384	0.1410	0.1507	0.1673	0.1926	0.1142	0.1040	0.1021	0.1055	0.1157	0.1347	0.1645
1057	0.1912	0.1952	0.1949	0.1996	0.1866	0.1880	0.1886	0.1945	0.2041	0.1737	0.1696	0.1675	0.1760	0.1863	0.2044	0.1428	0.1384	0.1412	0.1507	0.1675	0.1930	0.1142	0.1041	0.1020	0.1054	0.1156	0.1349	0.1645
1058	0.1912	0.1951	0.1951	0.1998	0.1867	0.1882	0.1888	0.1947	0.2042	0.1739	0.1698	0.1674	0.1760	0.1863	0.2045	0.1428	0.1384	0.1411	0.1506	0.1676	0.1933	0.1142	0.1043	0.1021	0.1054	0.1156	0.1349	0.1644
1059	0.1913	0.1950	0.1953	0.1997	0.1866	0.1883	0.1890	0.1948	0.2043	0.1741	0.1699	0.1676	0.1762	0.1865	0.2047	0.1427	0.1384	0.1411	0.1507	0.1678	0.1935	0.1141	0.1043	0.1024	0.1055	0.1158	0.1348	0.1645
1060	0.1914	0.1949	0.1954	0.1996	0.1866	0.1882	0.1890	0.1950	0.2043	0.1741	0.1699	0.1678	0.1763	0.1867	0.2048	0.1427	0.1384	0.1412	0.1509	0.1679	0.1935	0.1142	0.1043	0.1023	0.1057	0.1158	0.1347	0.1646
1061	0.1914	0.1950	0.1955	0.1997	0.1867	0.1882	0.1889	0.1953	0.2045	0.1740	0.1700	0.1679	0.1764	0.1869	0.2049	0.1428	0.1384	0.1413	0.1510	0.1681	0.1935	0.1144	0.1044	0.1021	0.1058	0.1158	0.1347	0.1648
1062	0.1914	0.1953	0.1955	0.1997	0.1868	0.1883	0.1889	0.1953	0.2045	0.1741	0.1704	0.1681	0.1764	0.1872	0.2050	0.1428	0.1384	0.1414	0.1510	0.1683	0.1935	0.1143	0.1045	0.1020	0.1059	0.1158	0.1349	0.1650
1063	0.1916	0.1956	0.1957	0.1996	0.1869	0.1884	0.1888	0.1952	0.2046	0.1742	0.1707	0.1684	0.1765	0.1873	0.2051	0.1428	0.1386	0.1415	0.1510	0.1685	0.1936	0.1142	0.1046	0.1022	0.1059	0.1158	0.1353	0.1653
1064	0.1918	0.1957	0.1958	0.1994	0.1870	0.1885	0.1888	0.1951	0.2047	0.1743	0.1708	0.1684	0.1767	0.1873	0.2052	0.1429	0.1387	0.1415	0.1512	0.1686	0.1939	0.1142	0.1047	0.1022	0.1059	0.1159	0.1356	0.1655
1065	0.1919	0.1957	0.1960	0.1994	0.1870	0.1884	0.1890	0.1953	0.2048	0.1744	0.1706	0.1683	0.1769	0.1871	0.2053	0.1430	0.1387	0.1415	0.1513	0.1686	0.1940	0.1143	0.1048	0.1024	0.1060	0.1159	0.1357	0.1654
1066	0.1920	0.1956	0.1961	0.1994	0.1871	0.1882	0.1892	0.1954	0.2049	0.1744	0.1704	0.1683	0.1769	0.1871	0.2053	0.1431	0.1388	0.1415	0.1514	0.1687	0.1941	0.1144	0.1049	0.1025	0.1060	0.1160	0.1357	0.1653
1067	0.1920	0.1956	0.1961	0.1995	0.1872	0.1881	0.1894	0.1955	0.2051	0.1744	0.1703	0.1682	0.1770	0.1873	0.2053	0.1431	0.1389	0.1415	0.1516	0.1688	0.1941	0.1144	0.1049	0.1025	0.1059	0.1162	0.1357	0.1654
1068	0.1920	0.1956	0.1961	0.1997	0.1873	0.1881	0.1895	0.1955	0.2053	0.1744	0.1704	0.1683	0.1771	0.1875	0.2054	0.1431	0.1389	0.1416	0.1518	0.1688	0.1942	0.1144	0.1047	0.1025	0.1059	0.1163	0.1358	0.1655
1069	0.1921	0.1957	0.1961	0.1999	0.1873	0.1882	0.1895	0.1957	0.2054	0.1744	0.1705	0.1685	0.1772	0.1877	0.2053	0.1432	0.1389	0.1417	0.1518	0.1689	0.1943	0.1145	0.1048	0.1026	0.1060	0.1164	0.1361	0.1655
1070	0.1922	0.1958	0.1961	0.2001	0.1876	0.1883	0.1896	0.1957	0.2054	0.1744	0.1707	0.1687	0.1772	0.1876	0.2052	0.1432	0.1388	0.1418	0.1518	0.1689	0.1944	0.1145	0.1049	0.1026	0.1062	0.1165	0.1363	0.1656
1071	0.1922	0.1960	0.1959	0.2002	0.1877	0.1883	0.1895	0.1957	0.2054	0.1744	0.1707	0.1688	0.1773	0.1875	0.2055	0.1433	0.1389	0.1419	0.1516	0.1689	0.1943	0.1146	0.1051	0.1026	0.1063	0.1167	0.1362	0.1657
1072	0.1921	0.1960	0.1959	0.2004	0.1876	0.1884	0.1895	0.1959	0.2055	0.1746	0.1706	0.1691	0.1773	0.1875	0.2058	0.1434	0.1389	0.1418	0.1516	0.1689	0.1943	0.1145	0.1050	0.1025	0.1064	0.1168	0.1361	0.1657
1073	0.1920	0.1960	0.1961	0.2006	0.1878	0.1887	0.1895	0.1960	0.2056	0.1746	0.1707	0.1691	0.1774	0.1875	0.2059	0.1435	0.1389	0.1419	0.1516	0.1691	0.1944	0.1146	0.1050	0.1025	0.1064	0.1168	0.1361	0.1657
1074	0.1921	0.1963	0.1962	0.2006	0.1878	0.1888	0.1896	0.1958	0.2057	0.1746	0.1708	0.1689	0.1775	0.1876	0.2060	0.1438	0.1389	0.1421	0.1515	0.1692	0.1945	0.1148	0.1051	0.1026	0.1065	0.1168	0.1362	0.1659
1075	0.1921	0.1965	0.1962	0.2006	0.1878	0.1888	0.1897	0.1959	0.2057	0.1746	0.1708	0.1688	0.1776	0.1875	0.2059	0.1439	0.1389	0.1422	0.1517	0.1693	0.1944	0.1149	0.1051	0.1028	0.1065	0.1168	0.1363	0.1660
1076	0.1921	0.1967	0.1961	0.2007	0.1879	0.1888	0.1898	0.1960	0.2057	0.1746	0.1709	0.1686	0.1776	0.1874	0.2059	0.1439	0.1389	0.1420	0.1520	0.1692	0.1946	0.1150	0.1052	0.1029	0.1064	0.1167	0.1365	0.1661
1077	0.1921	0.1966	0.1962	0.2009	0.1880	0.1887	0.1898	0.1962	0.2058	0.1747	0.1711	0.1685	0.1776	0.1875	0.2059	0.1438	0.1389	0.1420	0.1523	0.1692	0.1948	0.1150	0.1052	0.1030	0.1064	0.1168	0.1366	0.1663
1078	0.1922	0.1965	0.1964	0.2011	0.1881	0.1886	0.1899	0.1962	0.2059	0.1748	0.1712	0.1686	0.1776	0.1876	0.2059	0.1438	0.1390	0.1421	0.1524	0.1692	0.1950	0.1151	0.1052	0.1030	0.1064	0.1168	0.1367	0.1663
1079	0.1924	0.1966	0.1965	0.2012	0.1881	0.1886	0.1899	0.1962	0.2060	0.1748	0.1711	0.1688	0.1776	0.1877	0.2060	0.1440	0.1392	0.1422	0.1524	0.1694	0.1951	0.1152	0.1052	0.1032	0.1066	0.1169	0.1367	0.1664
1080	0.1926	0.1966	0.1965	0.2012	0.1881	0.1888	0.1899	0.1963	0.2061	0.1748	0.1712	0.1689	0.1775	0.1878	0.2062	0.1440	0.1393	0.1422	0.1524	0.1696	0.1952	0.1152	0.1052	0.1033	0.1068	0.1171	0.1367	0.1665
1081	0.1927	0.1966	0.1966	0.2012	0.1882	0.1890	0.1900	0.1965	0.2063	0.1748	0.1712	0.1690	0.1776	0.1880	0.2065	0.1439	0.1394	0.1423	0.1525	0.1698	0.1953	0.1151	0.1052	0.1033	0.1069	0.1172	0.1369	0.1666
1082	0.1928	0.1967	0.1967	0.2013	0.1884	0.1892	0.1899	0.1966	0.2064	0.1749	0.1712	0.1691	0.1776	0.1882	0.2066	0.1439	0.1393	0.1424	0.1526	0.1698	0.1955	0.1151	0.1051	0.1032	0.1068	0.1173	0.1371	0.1667
1083	0.1928	0.1969	0.1968	0.2014	0.1884	0.1893	0.1899	0.1966	0.2065	0.1750	0.1712	0.1692	0.1776	0.1883	0.2067	0.1439	0.1393	0.1425	0.1527	0.1699	0.1957	0.1152	0.1051	0.1031	0.1068	0.1174	0.1372	0.1666
1084	0.1927	0.1971	0.1969	0.2014	0.1883	0.1893	0.1900	0.1966	0.2067	0.1752	0.1713	0.1692	0.1775	0.1884	0.2067	0.1440	0.1394	0.1425	0.1527	0.1700	0.1958	0.1154	0.1052	0.1030	0.1070	0.1175	0.1373	0.1667
1085	0.1927	0.1970	0.1971	0.2014	0.1883	0.1893	0.1901	0.1967	0.2068	0.1754	0.1712	0.1694	0.1775	0.1885	0.2068	0.1440	0.1394	0.1425	0.1527	0.1701	0.1958	0.1154	0.1053	0.1029	0.1071	0.1174	0.1373	0.1670
1086	0.1928	0.1969	0.1973	0.2014	0.1883	0.1894	0.1901	0.1967	0.2070	0.1756	0.1711	0.1697	0.1775	0.1887	0.2069	0.1441	0.1395	0.1425	0.1529	0.1702	0.1958	0.1153	0.1054	0.1030	0.1070	0.1173	0.1373	0.1672
1087	0.1928	0.1969	0.1973	0.2014	0.1882	0.1893	0.1901	0.1969	0.2072	0.1756	0.1711	0.1698	0.1777	0.1888	0.2072	0.1443	0.1396	0.1426	0.1530	0.1703	0.1959	0.1152	0.1054	0.1030	0.1070	0.1174	0.1373	0.1673
1088	0.1929	0.1969	0.1972	0.2015	0.1883	0.1894	0.1902	0.1970	0.2071	0.1757	0.1710	0.1700	0.1779	0.1889	0.2075	0.1445	0.1397	0.1427	0.1531	0.1702	0.1959	0.1151	0.1054	0.1030	0.1072	0.1176	0.1374	0.1673
1089	0.1930	0.1968	0.1972	0.2016	0.1883	0.1897	0.1901	0.1970	0.2070	0.1756	0.1709	0.1699	0.1779	0.1891	0.2076	0.1445	0.1397	0.1427	0.1532	0.1701	0.1961	0.1151	0.1053	0.1030	0.1073	0.1177	0.1375	0.1672
1090	0.1931	0.1968	0.1972	0.2017	0.1884	0.1896	0.1902	0.1971	0.2071	0.1756	0.1709	0.1697	0.1779	0.1892	0.2077	0.1444	0.1395	0.1427	0.1532	0.1703	0.1963	0.1152	0.1054	0.1030	0.1074	0.1177	0.1376	0.1673
1091	0.1932	0.1968	0.1971	0.2017	0.1883	0.1893	0.1905	0.1970	0.2071	0.1757	0.1710	0.1697	0.1779	0.1893	0.2076	0.1443	0.1394	0.1427	0.1531	0.1705	0.1963	0.1152	0.1054	0.1029	0.1074	0.1177	0.1377	0.1674
1092	0.1931	0.1967	0.1970	0.2016	0.1884	0.1891	0.1907	0.1969	0.2070	0.1757	0.1712	0.1697	0.1779	0.1894	0.2077	0.1444	0.1395	0.1428	0.1531	0.1706	0.1962	0.1154	0.1053	0.1027	0.1074	0.1177	0.1377	0.1677
1093	0.1930	0.1968	0.1970	0.2014	0.1884	0.1893	0.1908	0.1970	0.2071	0.1757	0.1711	0.1698	0.1777	0.1895	0.2078	0.1445	0.1396	0.1428	0.1531	0.1706	0.1962	0.1154	0.1053	0.1026	0.1073	0.1178	0.1375	0.1679
1094	0.1930	0.1968	0.1970	0.2013	0.1885	0.1894	0.1909	0.1971	0.2072	0.1757	0.1710	0.1698	0.1775	0.1897	0.2079	0.1445	0.1397	0.1429	0.1530	0.1704	0.1963	0.1154	0.1052	0.1028	0.1073	0.1179	0.1374	0.1678
1095	0.1932	0.1968	0.1972	0.2013	0.1887	0.1894	0.1909	0.1971	0.2073	0.1757	0.1710	0.1699	0.1775	0.1898	0.2080	0.1444	0.1399	0.1430	0.1530	0.1704	0.1965	0.1153	0.1052	0.1030	0.1072	0.1180	0.1374	0.1678
1096	0.1932	0.1968	0.1974	0.2014	0.1887	0.1893	0.1909	0.1970	0.2076	0.1758	0.1708	0.1699	0.1776	0.1898	0.2081	0.1445	0.1399	0.1429	0.1529	0.1705	0.1965	0.1152	0.1054	0.1031	0.1071	0.1178	0.1376	0.1678
1097	0.1931	0.1969	0.1975	0.2016	0.1888	0.1893	0.1909	0.1971	0.2077	0.1759	0.1708	0.1699	0.1777	0.1898	0.2082	0.1446	0.1400	0.1429	0.1529	0.1708	0.1964	0.1151	0.1057	0.1032	0.1071	0.1177	0.1377	0.1679
1098	0.1931	0.1969	0.1974	0.2016	0.1888	0.1892	0.1909	0.1971	0.2077	0.1761	0.1709	0.1698	0.1776	0.1898	0.2083	0.1445	0.1401	0.1430	0.1531	0.1709	0.1964	0.1150	0.1057	0.1033	0.1070	0.1177	0.1377	0.1680
1099	0.1932	0.1969	0.1974	0.2017	0.1888	0.1893	0.1909	0.1972	0.2076	0.1763	0.1710	0.1699	0.1776	0.1899	0.2084	0.1444	0.1401	0.1431	0.1532	0.1708	0.1965	0.1150	0.1057	0.1034	0.1069	0.1177	0.1378	0.1682
1100	0.1932	0.1970	0.1974	0.2019	0.1887	0.1894	0.1908	0.1974	0.2074	0.1765	0.1711	0.1701	0.1778	0.1900	0.2086	0.1443	0.1400	0.1431	0.1531	0.1709	0.1968	0.1150	0.1058	0.1034	0.1069	0.1177	0.1380	0.1684
1101	0.1931	0.1972	0.1974	0.2022	0.1888	0.1894	0.1908	0.1975	0.2073	0.1766	0.1710	0.1703	0.1779	0.1901	0.2087	0.1444	0.1400	0.1430	0.1531	0.1710	0.1970	0.1150	0.1059	0.1035	0.1071	0.1177	0.1381	0.1685
1102	0.1929	0.1972	0.1976	0.2022	0.1888	0.1893	0.1910	0.1974	0.2073	0.1767	0.1707	0.1703	0.1779	0.1901	0.2087	0.1446	0.1400	0.1431	0.1533	0.1711	0.1971	0.1152	0.1059	0.1035	0.1073	0.1179	0.1382	0.1687
1103	0.1928	0.1972	0.1978	0.2023	0.1889	0.1894	0.1912	0.1974	0.2075	0.1767	0.1704	0.1702	0.1778	0.1901	0.2087	0.1447	0.1400	0.1432	0.1535	0.1711	0.1972	0.1154	0.1059	0.1036	0.1072	0.1182	0.1382	0.1687
1104	0.1928	0.1972	0.1979	0.2023	0.1890	0.1894	0.1913	0.1976	0.2077	0.1767	0.1703	0.1702	0.1777	0.1902	0.2087	0.1447	0.1399	0.1434	0.1536	0.1711	0.1973	0.1156	0.1060	0.1036	0.1072	0.1183	0.1381	0.1685
1105	0.1929	0.1972	0.1978	0.2024	0.1890	0.1893	0.1913	0.1977	0.2077	0.1767	0.1704	0.1702	0.1775	0.1904	0.2088	0.1445	0.1401	0.1436	0.1534	0.1712	0.1973	0.1158	0.1061	0.1037	0.1073	0.1183	0.1381	0.1684
1106	0.1931	0.1972	0.1977	0.2025	0.1890	0.1894	0.1913	0.1977	0.2078	0.1769	0.1704	0.1702	0.1773	0.1907	0.2091	0.1445	0.1402	0.1435	0.1536	0.1713	0.1973	0.1158	0.1060	0.1037	0.1074	0.1183	0.1383	0.1684
1107	0.1934	0.1974	0.1977	0.2026	0.1890	0.1896	0.1913	0.1978	0.2080	0.1771	0.1705	0.1704	0.1774	0.1908	0.2093	0.1445	0.1402	0.1435	0.1539	0.1713	0.1974	0.1158	0.1059	0.1037	0.1075	0.1182	0.1384	0.1684
1108	0.1936	0.1974	0.1977	0.2027	0.1890	0.1899	0.1914	0.1980	0.2082	0.1772	0.1706	0.1706	0.1775	0.1909	0.2095	0.1443	0.1402	0.1436	0.1540	0.1714	0.1976	0.1158	0.1058	0.1038	0.1076	0.1183	0.1383	0.1684
1109	0.1935	0.1974	0.1978	0.2028	0.1890	0.1901	0.1915	0.1981	0.2084	0.1772	0.1705	0.1707	0.1774	0.1909	0.2096	0.1444	0.1401	0.1437	0.1539	0.1716	0.1976	0.1158	0.1058	0.1038	0.1076	0.1185	0.1383	0.1685
1110	0.1934	0.1974	0.1978	0.2028	0.1891	0.1901	0.1916	0.1980	0.2085	0.1773	0.1702	0.1707	0.1773	0.1910	0.2095	0.1445	0.1401	0.1438	0.1538	0.1717	0.1976	0.1158	0.1058	0.1038	0.1075	0.1184	0.1382	0.1686
1111	0.1935	0.1973	0.1978	0.2027	0.1893	0.1899	0.1916	0.1981	0.2084	0.1772	0.1701	0.1708	0.1774	0.1913	0.2095	0.1445	0.1402	0.1438	0.1539	0.1717	0.1977	0.1158	0.1060	0.1037	0.1075	0.1182	0.1380	0.1688
1112	0.1936	0.1973	0.1978	0.2027	0.1894	0.1898	0.1916	0.1980	0.2083	0.1772	0.1702	0.1709	0.1774	0.1914	0.2096	0.1445	0.1403	0.1439	0.1538	0.1717	0.1977	0.1159	0.1062	0.1037	0.1075	0.1182	0.1379	0.1689
1113	0.1937	0.1972	0.1979	0.2028	0.1893	0.1898	0.1917	0.1979	0.2082	0.1774	0.1702	0.1708	0.1774	0.1914	0.2097	0.1446	0.1404	0.1438	0.1537	0.1718	0.1976	0.1160	0.1063	0.1038	0.1075	0.1181	0.1380	0.1689
1114	0.1938	0.1973	0.1980	0.2029	0.1891	0.1898	0.1917	0.1979	0.2081	0.1775	0.1702	0.1708	0.1774	0.1915	0.2097	0.1447	0.1405	0.1438	0.1537	0.1718	0.1976	0.1161	0.1063	0.1039	0.1076	0.1181	0.1381	0.1689
1115	0.1938	0.1973	0.1981	0.2027	0.1889	0.1899	0.1916	0.1979	0.2081	0.1774	0.1704	0.1709	0.1776	0.1917	0.2097	0.1448	0.1406	0.1437	0.1539	0.1717	0.1976	0.1159	0.1063	0.1039	0.1077	0.1181	0.1381	0.1691
1116	0.1938	0.1974	0.1981	0.2026	0.1888	0.1899	0.1916	0.1980	0.2080	0.1773	0.1705	0.1710	0.1777	0.1917	0.2098	0.1450	0.1407	0.1438	0.1541	0.1718	0.1977	0.1158	0.1063	0.1038	0.1076	0.1183	0.1382	0.1693
1117	0.1938	0.1974	0.1981	0.2025	0.1889	0.1898	0.1915	0.1982	0.2081	0.1774	0.1705	0.1711	0.1777	0.1916	0.2099	0.1452	0.1407	0.1438	0.1542	0.1718	0.1977	0.1159	0.1063	0.1038	0.1077	0.1185	0.1384	0.1692
1118	0.1938	0.1974	0.1980	0.2024	0.1889	0.1898	0.1915	0.1983	0.2081	0.1776	0.1706	0.1711	0.1777	0.1916	0.2101	0.1452	0.1407	0.1437	0.1542	0.1718	0.1977	0.1159	0.1063	0.1038	0.1078	0.1186	0.1386	0.1692
1119	0.1939	0.1974	0.1979	0.2024	0.1891	0.1899	0.1914	0.1984	0.2082	0.1777	0.1704	0.1711	0.1776	0.1916	0.2103	0.1450	0.1406	0.1438	0.1543	0.1718	0.1978	0.1159	0.1064	0.1038	0.1078	0.1186	0.1387	0.1691
1120	0.1938	0.1975	0.1978	0.2024	0.1893	0.1900	0.1915	0.1985	0.2082	0.1778	0.1702	0.1710	0.1774	0.1917	0.2104	0.1449	0.1405	0.1438	0.1542	0.1719	0.1979	0.1159	0.1064	0.1037	0.1079	0.1186	0.1386	0.1690
1121	0.1938	0.1975	0.1977	0.2026	0.1893	0.1902	0.1917	0.1983	0.2083	0.1779	0.1703	0.1711	0.1772	0.1917	0.2105	0.1448	0.1404	0.1438	0.1540	0.1720	0.1980	0.1157	0.1063	0.1038	0.1079	0.1186	0.1385	0.1690
1122	0.1939	0.1974	0.1977	0.2028	0.1892	0.1901	0.1918	0.1983	0.2084	0.1779	0.1705	0.1713	0.1772	0.1917	0.2106	0.1447	0.1403	0.1437	0.1537	0.1722	0.1982	0.1157	0.1062	0.1040	0.1080	0.1187	0.1385	0.1691
1123	0.1939	0.1975	0.1977	0.2029	0.1892	0.1903	0.1917	0.1983	0.2083	0.1779	0.1704	0.1714	0.1772	0.1918	0.2107	0.1444	0.1402	0.1437	0.1537	0.1723	0.1983	0.1158	0.1061	0.1042	0.1080	0.1186	0.1386	0.1692
1124	0.1938	0.1977	0.1978	0.2029	0.1892	0.1904	0.1917	0.1983	0.2082	0.1781	0.1703	0.1715	0.1772	0.1919	0.2107	0.1444	0.1403	0.1438	0.1538	0.1724	0.1984	0.1159	0.1062	0.1043	0.1081	0.1185	0.1386	0.1693
1125	0.1938	0.1977	0.1978	0.2029	0.1892	0.1903	0.1917	0.1983	0.2081	0.1781	0.1702	0.1716	0.1773	0.1919	0.2107	0.1445	0.1404	0.1438	0.1539	0.1724	0.1984	0.1160	0.1062	0.1042	0.1081	0.1186	0.1386	0.1693
1126	0.1938	0.1976	0.1979	0.2030	0.1892	0.1902	0.1916	0.1983	0.2080	0.1780	0.1701	0.1716	0.1773	0.1918	0.2107	0.1445	0.1405	0.1438	0.1540	0.1723	0.1984	0.1161	0.1060	0.1041	0.1081	0.1186	0.1387	0.1693
1127	0.1936	0.1974	0.1980	0.2030	0.1892	0.1903	0.1918	0.1981	0.2079	0.1781	0.1701	0.1716	0.1774	0.1917	0.2107	0.1445	0.1404	0.1438	0.1540	0.1723	0.1983	0.1161	0.1060	0.1040	0.1080	0.1185	0.1389	0.1693
1128	0.1935	0.1973	0.1980	0.2029	0.1893	0.1903	0.1920	0.1981	0.2081	0.1782	0.1700	0.1716	0.1774	0.1917	0.2107	0.1445	0.1403	0.1439	0.1539	0.1723	0.1984	0.1161	0.1061	0.1039	0.1080	0.1185	0.1390	0.1694
1129	0.1935	0.1973	0.1980	0.2029	0.1892	0.1903	0.1921	0.1980	0.2082	0.1783	0.1700	0.1715	0.1773	0.1917	0.2107	0.1444	0.1403	0.1439	0.1539	0.1722	0.1983	0.1160	0.1060	0.1038	0.1080	0.1186	0.1391	0.1695
1130	0.1935	0.1974	0.1981	0.2030	0.1893	0.1903	0.1920	0.1979	0.2082	0.1782	0.1700	0.1714	0.1771	0.1917	0.2108	0.1445	0.1404	0.1438	0.1539	0.1722	0.1983	0.1161	0.1059	0.1037	0.1080	0.1186	0.1391	0.1695
1131	0.1935	0.1975	0.1981	0.2031	0.1895	0.1905	0.1920	0.1979	0.2084	0.1781	0.1700	0.1714	0.1769	0.1917	0.2109	0.1446	0.1405	0.1438	0.1540	0.1721	0.1981	0.1161	0.1059	0.1036	0.1079	0.1186	0.1391	0.1695
1132	0.1935	0.1974	0.1980	0.2030	0.1895	0.1906	0.1920	0.1980	0.2085	0.1782	0.1698	0.1714	0.1770	0.1917	0.2110	0.1446	0.1405	0.1440	0.1541	0.1721	0.1980	0.1160	0.1060	0.1038	0.1080	0.1187	0.1390	0.1696
1133	0.1935	0.1974	0.1979	0.2029	0.1896	0.1907	0.1920	0.1982	0.2085	0.1783	0.1697	0.1714	0.1770	0.1917	0.2110	0.1446	0.1404	0.1441	0.1542	0.1721	0.1979	0.1161	0.1060	0.1040	0.1081	0.1187	0.1389	0.1697
1134	0.1936	0.1974	0.1980	0.2029	0.1894	0.1906	0.1920	0.1982	0.2085	0.1782	0.1698	0.1713	0.1771	0.1919	0.2108	0.1446	0.1404	0.1441	0.1540	0.1721	0.1980	0.1161	0.1059	0.1038	0.1081	0.1186	0.1388	0.1697
1135	0.1937	0.1974	0.1980	0.2030	0.1893	0.1905	0.1919	0.1982	0.2085	0.1782	0.1700	0.1713	0.1772	0.1921	0.2107	0.1446	0.1402	0.1440	0.1538	0.1721	0.1980	0.1162	0.1059	0.1036	0.1080	0.1184	0.1386	0.1698
1136	0.1937	0.1973	0.1980	0.2031	0.1893	0.1905	0.1919	0.1981	0.2084	0.1782	0.1700	0.1713	0.1772	0.1921	0.2107	0.1446	0.1402	0.1438	0.1537	0.1721	0.1980	0.1161	0.1060	0.1035	0.1080	0.1184	0.1385	0.1698
1137	0.1938	0.1972	0.1980	0.2031	0.1894	0.1905	0.1919	0.1980	0.2084	0.1781	0.1699	0.1714	0.1771	0.1920	0.2108	0.1446	0.1401	0.1436	0.1537	0.1720	0.1981	0.1161	0.1059	0.1034	0.1079	0.1183	0.1384	0.1698
1138	0.1938	0.1973	0.1979	0.2029	0.1894	0.1904	0.1918	0.1979	0.2084	0.1779	0.1698	0.1715	0.1772	0.1921	0.2109	0.1446	0.1402	0.1436	0.1538	0.1719	0.1981	0.1160	0.1060	0.1035	0.1079	0.1181	0.1384	0.1697
1139	0.1938	0.1973	0.1978	0.2028	0.1894	0.1902	0.1918	0.1979	0.2083	0.1779	0.1697	0.1715	0.1773	0.1922	0.2110	0.1446	0.1402	0.1436	0.1538	0.1717	0.1981	0.1158	0.1061	0.1036	0.1079	0.1180	0.1384	0.1696
1140	0.1937	0.1973	0.1977	0.2027	0.1895	0.1901	0.1919	0.1979	0.2082	0.1779	0.1698	0.1714	0.1773	0.1921	0.2109	0.1447	0.1402	0.1436	0.1538	0.1717	0.1982	0.1158	0.1061	0.1036	0.1077	0.1180	0.1382	0.1695
1141	0.1935	0.1972	0.1977	0.2027	0.1895	0.1901	0.1919	0.1981	0.2082	0.1779	0.1699	0.1714	0.1771	0.1920	0.2107	0.1448	0.1402	0.1435	0.1538	0.1717	0.1982	0.1158	0.1061	0.1037	0.1075	0.1180	0.1381	0.1696
1142	0.1935	0.1973	0.1976	0.2026	0.1894	0.1900	0.1918	0.1982	0.2081	0.1779	0.1699	0.1713	0.1770	0.1920	0.2105	0.1449	0.1402	0.1435	0.1537	0.1717	0.1982	0.1156	0.1060	0.1038	0.1074	0.1180	0.1381	0.1695
1143	0.1935	0.1974	0.1975	0.2025	0.1892	0.1899	0.1917	0.1982	0.2080	0.1779	0.1699	0.1712	0.1770	0.1919	0.2104	0.1448	0.1403	0.1436	0.1536	0.1718	0.1981	0.1156	0.1059	0.1038	0.1072	0.1180	0.1382	0.1694
1144	0.1935	0.1973	0.1974	0.2024	0.1891	0.1899	0.1916	0.1982	0.2079	0.1778	0.1698	0.1711	0.1770	0.1918	0.2103	0.1446	0.1403	0.1435	0.1535	0.1719	0.1979	0.1156	0.1057	0.1037	0.1072	0.1180	0.1381	0.1692
1145	0.1935	0.1971	0.1975	0.2022	0.1890	0.1899	0.1915	0.1981	0.2080	0.1777	0.1697	0.1710	0.1770	0.1918	0.2104	0.1443	0.1401	0.1434	0.1536	0.1719	0.1977	0.1155	0.1056	0.1036	0.1072	0.1180	0.1380	0.1691
1146	0.1935	0.1970	0.1974	0.2021	0.1890	0.1899	0.1915	0.1980	0.2081	0.1776	0.1696	0.1709	0.1769	0.1917	0.2103	0.1443	0.1399	0.1433	0.1536	0.1718	0.1976	0.1155	0.1055	0.1035	0.1071	0.1180	0.1379	0.1690
1147	0.1934	0.1969	0.1974	0.2021	0.1888	0.1899	0.1915	0.1979	0.2081	0.1775	0.1696	0.1708	0.1767	0.1913	0.2102	0.1443	0.1399	0.1433	0.1536	0.1717	0.1975	0.1157	0.1055	0.1034	0.1071	0.1180	0.1379	0.1689
1148	0.1934	0.1969	0.1974	0.2021	0.1888	0.1899	0.1915	0.1978	0.2080	0.1773	0.1696	0.1708	0.1767	0.1912	0.2101	0.1443	0.1399	0.1434	0.1537	0.1717	0.1975	0.1158	0.1055	0.1033	0.1071	0.1180	0.1378	0.1688
1149	0.1934	0.1968	0.1973	0.2020	0.1888	0.1898	0.1913	0.1975	0.2078	0.1773	0.1695	0.1708	0.1767	0.1912	0.2100	0.1442	0.1397	0.1433	0.1534	0.1716	0.1974	0.1159	0.1055	0.1034	0.1071	0.1179	0.1377	0.1689
1150	0.1934	0.1966	0.1973	0.2019	0.1887	0.1897	0.1911	0.1974	0.2076	0.1774	0.1695	0.1708	0.1767	0.1911	0.2098	0.1441	0.1396	0.1432	0.1532	0.1716	0.1974	0.1159	0.1054	0.1035	0.1071	0.1179	0.1376	0.1688
1151	0.1934	0.1966	0.1971	0.2019	0.1886	0.1896	0.1911	0.1975	0.2075	0.1775	0.1696	0.1707	0.1766	0.1911	0.2098	0.1442	0.1396	0.1430	0.1532	0.1716	0.1974	0.1157	0.1055	0.1035	0.1071	0.1179	0.1377	0.1689
1152	0.1934	0.1965	0.1970	0.2019	0.1886	0.1896	0.1912	0.1975	0.2074	0.1775	0.1697	0.1705	0.1766	0.1910	0.2098	0.1441	0.1396	0.1429	0.1533	0.1716	0.1974	0.1157	0.1056	0.1035	0.1071	0.1178	0.1377	0.1689
1153	0.1935	0.1966	0.1971	0.2020	0.1886	0.1897	0.1912	0.1974	0.2074	0.1773	0.1697	0.1705	0.1765	0.1911	0.2098	0.1442	0.1396	0.1430	0.1534	0.1716	0.1975	0.1158	0.1056	0.1035	0.1070	0.1177	0.1377	0.1689
1154	0.1935	0.1967	0.1972	0.2022	0.1886	0.1898	0.1913	0.1974	0.2074	0.1771	0.1697	0.1705	0.1766	0.1911	0.2099	0.1442	0.1397	0.1431	0.1534	0.1715	0.1977	0.1159	0.1057	0.1035	0.1069	0.1176	0.1378	0.1689
1155	0.1934	0.1968	0.1971	0.2022	0.1888	0.1899	0.1913	0.1975	0.2073	0.1771	0.1698	0.1705	0.1766	0.1910	0.2100	0.1442	0.1398	0.1431	0.1533	0.1715	0.1977	0.1157	0.1057	0.1035	0.1070	0.1176	0.1377	0.1688
1156	0.1934	0.1968	0.1971	0.2022	0.1888	0.1900	0.1912	0.1975	0.2072	0.1771	0.1698	0.1704	0.1767	0.1909	0.2101	0.1440	0.1398	0.1431	0.1532	0.1714	0.1977	0.1155	0.1057	0.1034	0.1071	0.1177	0.1376	0.1687
1157	0.1934	0.1968	0.1971	0.2022	0.1888	0.1899	0.1912	0.1975	0.2072	0.1771	0.1699	0.1703	0.1768	0.1909	0.2100	0.1440	0.1399	0.1431	0.1531	0.1713	0.1978	0.1155	0.1057	0.1035	0.1072	0.1178	0.1375	0.1688
1158	0.1935	0.1967	0.1970	0.2023	0.1888	0.1898	0.1912	0.1974	0.2072	0.1771	0.1699	0.1703	0.1768	0.1908	0.2098	0.1440	0.1399	0.1431	0.1530	0.1712	0.1978	0.1155	0.1058	0.1035	0.1072	0.1179	0.1375	0.1689
1159	0.1934	0.1968	0.1971	0.2022	0.1889	0.1899	0.1912	0.1974	0.2072	0.1770	0.1699	0.1703	0.1768	0.1908	0.2098	0.1441	0.1398	0.1430	0.1530	0.1711	0.1977	0.1155	0.1057	0.1035	0.1071	0.1178	0.1376	0.1688
1160	0.1934	0.1968	0.1972	0.2020	0.1889	0.1901	0.1912	0.1973	0.2072	0.1771	0.1699	0.1703	0.1768	0.1909	0.2097	0.1442	0.1398	0.1430	0.1530	0.1710	0.1975	0.1154	0.1056	0.1035	0.1071	0.1176	0.1378	0.1687
1161	0.1934	0.1969	0.1973	0.2021	0.1889	0.1902	0.1912	0.1973	0.2072	0.1771	0.1701	0.1703	0.1768	0.1908	0.2098	0.1441	0.1397	0.1429	0.1532	0.1711	0.1975	0.1154	0.1057	0.1036	0.1071	0.1176	0.1378	0.1687
1162	0.1935	0.1970	0.1972	0.2023	0.1889	0.1903	0.1912	0.1973	0.2072	0.1770	0.1702	0.1703	0.1768	0.1908	0.2099	0.1440	0.1398	0.1429	0.1534	0.1713	0.1975	0.1154	0.1057	0.1037	0.1071	0.1176	0.1378	0.1686
1163	0.1937	0.1971	0.1973	0.2023	0.1890	0.1903	0.1911	0.1974	0.2073	0.1771	0.1705	0.1703	0.1769	0.1908	0.2099	0.1441	0.1399	0.1430	0.1535	0.1714	0.1976	0.1154	0.1057	0.1037	0.1071	0.1176	0.1377	0.1686
1164	0.1937	0.1970	0.1975	0.2022	0.1891	0.1903	0.1911	0.1976	0.2075	0.1772	0.1706	0.1704	0.1771	0.1909	0.2098	0.1443	0.1401	0.1432	0.1534	0.1714	0.1977	0.1155	0.1056	0.1036	0.1072	0.1175	0.1378	0.1686
1165	0.1937	0.1970	0.1977	0.2022	0.1891	0.1903	0.1911	0.1978	0.2076	0.1773	0.1707	0.1705	0.1772	0.1909	0.2098	0.1445	0.1401	0.1434	0.1535	0.1714	0.1978	0.1155	0.1056	0.1036	0.1073	0.1175	0.1379	0.1687
1166	0.1938	0.1970	0.1977	0.2023	0.1890	0.1904	0.1912	0.1979	0.2077	0.1774	0.1708	0.1705	0.1773	0.1910	0.2099	0.1447	0.1400	0.1436	0.1535	0.1714	0.1977	0.1155	0.1057	0.1036	0.1072	0.1176	0.1378	0.1686
1167	0.1939	0.1971	0.1977	0.2024	0.1890	0.1905	0.1912	0.1979	0.2078	0.1774	0.1708	0.1706	0.1775	0.1909	0.2099	0.1449	0.1400	0.1437	0.1534	0.1714	0.1977	0.1154	0.1058	0.1037	0.1072	0.1176	0.1378	0.1685
1168	0.1939	0.1972	0.1976	0.2024	0.1892	0.1904	0.1913	0.1979	0.2077	0.1773	0.1707	0.1705	0.1775	0.1909	0.2099	0.1448	0.1401	0.1436	0.1535	0.1714	0.1976	0.1156	0.1058	0.1037	0.1073	0.1176	0.1379	0.1685
1169	0.1939	0.1973	0.1975	0.2026	0.1893	0.1904	0.1913	0.1980	0.2077	0.1772	0.1706	0.1705	0.1776	0.1910	0.2099	0.1448	0.1402	0.1436	0.1535	0.1713	0.1975	0.1158	0.1058	0.1037	0.1074	0.1177	0.1379	0.1686
1170	0.1940	0.1974	0.1975	0.2027	0.1894	0.1905	0.1913	0.1980	0.2079	0.1774	0.1707	0.1705	0.1776	0.1910	0.2099	0.1448	0.1404	0.1436	0.1536	0.1714	0.1974	0.1159	0.1057	0.1038	0.1075	0.1177	0.1380	0.1687
1171	0.1942	0.1975	0.1976	0.2029	0.1894	0.1905	0.1913	0.1981	0.2080	0.1776	0.1709	0.1705	0.1777	0.1910	0.2098	0.1448	0.1404	0.1436	0.1537	0.1715	0.1973	0.1159	0.1057	0.1038	0.1075	0.1178	0.1381	0.1687
1172	0.1942	0.1976	0.1976	0.2027	0.1893	0.1904	0.1913	0.1982	0.2080	0.1774	0.1709	0.1706	0.1779	0.1909	0.2099	0.1448	0.1406	0.1435	0.1537	0.1716	0.1974	0.1158	0.1058	0.1038	0.1074	0.1178	0.1381	0.1689
1173	0.1942	0.1977	0.1977	0.2026	0.1892	0.1903	0.1914	0.1983	0.2081	0.1773	0.1710	0.1706	0.1780	0.1909	0.2099	0.1448	0.1407	0.1435	0.1537	0.1716	0.1975	0.1157	0.1059	0.1038	0.1073	0.1178	0.1380	0.1690
1174	0.1943	0.1977	0.1977	0.2028	0.1892	0.1905	0.1915	0.1983	0.2081	0.1773	0.1711	0.1706	0.1781	0.1908	0.2099	0.1449	0.1407	0.1437	0.1538	0.1717	0.1977	0.1158	0.1060	0.1038	0.1074	0.1178	0.1380	0.1690
1175	0.1945	0.1977	0.1977	0.2030	0.1893	0.1907	0.1916	0.1983	0.2080	0.1772	0.1713	0.1705	0.1781	0.1907	0.2099	0.1450	0.1407	0.1439	0.1540	0.1717	0.1979	0.1158	0.1059	0.1038	0.1074	0.1179	0.1380	0.1689
1176	0.1945	0.1978	0.1979	0.2030	0.1893	0.1909	0.1917	0.1984	0.2080	0.1771	0.1713	0.1705	0.1782	0.1907	0.2099	0.1449	0.1407	0.1439	0.1540	0.1718	0.1980	0.1159	0.1059	0.1038	0.1073	0.1178	0.1379	0.1689
1177	0.1946	0.1979	0.1981	0.2029	0.1894	0.1910	0.1918	0.1985	0.2080	0.1770	0.1712	0.1705	0.1784	0.1909	0.2100	0.1448	0.1407	0.1438	0.1540	0.1719	0.1980	0.1160	0.1058	0.1039	0.1072	0.1178	0.1379	0.1688
1178	0.1947	0.1981	0.1983	0.2030	0.1894	0.1911	0.1919	0.1985	0.2082	0.1772	0.1714	0.1706	0.1785	0.1910	0.2101	0.1448	0.1407	0.1439	0.1540	0.1718	0.1981	0.1160	0.1059	0.1039	0.1073	0.1178	0.1379	0.1687
1179	0.1948	0.1983	0.1985	0.2030	0.1894	0.1912	0.1920	0.1985	0.2084	0.1773	0.1717	0.1707	0.1787	0.1911	0.2102	0.1449	0.1407	0.1441	0.1540	0.1717	0.1983	0.1160	0.1060	0.1038	0.1074	0.1179	0.1381	0.1686
1180	0.1950	0.1982	0.1986	0.2030	0.1895	0.1912	0.1920	0.1986	0.2086	0.1773	0.1719	0.1708	0.1788	0.1911	0.2103	0.1450	0.1407	0.1441	0.1540	0.1717	0.1983	0.1161	0.1060	0.1039	0.1075	0.1179	0.1382	0.1686
1181	0.1951	0.1981	0.1987	0.2031	0.1896	0.1913	0.1921	0.1987	0.2088	0.1773	0.1720	0.1709	0.1789	0.1911	0.2103	0.1452	0.1407	0.1441	0.1540	0.1718	0.1983	0.1162	0.1060	0.1040	0.1075	0.1180	0.1382	0.1685
1182	0.1951	0.1981	0.1987	0.2031	0.1897	0.1912	0.1921	0.1987	0.2089	0.1774	0.1721	0.1710	0.1790	0.1911	0.2103	0.1453	0.1407	0.1440	0.1540	0.1719	0.1983	0.1163	0.1061	0.1040	0.1075	0.1181	0.1383	0.1686
1183	0.1951	0.1982	0.1988	0.2032	0.1897	0.1910	0.1921	0.1987	0.2089	0.1776	0.1721	0.1710	0.1789	0.1911	0.2103	0.1454	0.1407	0.1440	0.1541	0.1720	0.1984	0.1163	0.1062	0.1041	0.1076	0.1181	0.1383	0.1688
1184	0.1951	0.1982	0.1989	0.2034	0.1898	0.1910	0.1922	0.1989	0.2089	0.1777	0.1721	0.1710	0.1790	0.1911	0.2102	0.1454	0.1408	0.1440	0.1541	0.1720	0.1985	0.1164	0.1063	0.1040	0.1076	0.1180	0.1383	0.1690
1185	0.1953	0.1982	0.1990	0.2035	0.1898	0.1912	0.1922	0.1990	0.2090	0.1775	0.1721	0.1710	0.1791	0.1911	0.2102	0.1452	0.1408	0.1440	0.1541	0.1719	0.1984	0.1165	0.1064	0.1040	0.1076	0.1181	0.1383	0.1690
1186	0.1954	0.1983	0.1990	0.2036	0.1899	0.1913	0.1923	0.1990	0.2090	0.1774	0.1722	0.1710	0.1791	0.1911	0.2102	0.1452	0.1409	0.1440	0.1540	0.1718	0.1983	0.1166	0.1065	0.1040	0.1075	0.1181	0.1382	0.1690
1187	0.1953	0.1984	0.1989	0.2036	0.1900	0.1912	0.1921	0.1989	0.2089	0.1774	0.1722	0.1710	0.1791	0.1911	0.2102	0.1452	0.1408	0.1440	0.1541	0.1719	0.1985	0.1166	0.1064	0.1040	0.1075	0.1181	0.1383	0.1688
1188	0.1952	0.1986	0.1990	0.2036	0.1902	0.1912	0.1921	0.1988	0.2089	0.1774	0.1723	0.1711	0.1791	0.1910	0.2102	0.1452	0.1408	0.1440	0.1541	0.1720	0.1987	0.1166	0.1064	0.1041	0.1076	0.1182	0.1384	0.1688
1189	0.1952	0.1987	0.1991	0.2037	0.1902	0.1912	0.1921	0.1989	0.2090	0.1775	0.1725	0.1711	0.1791	0.1910	0.2101	0.1453	0.1409	0.1440	0.1541	0.1721	0.1987	0.1166	0.1066	0.1041	0.1077	0.1181	0.1384	0.1689
1190	0.1953	0.1989	0.1992	0.2038	0.1903	0.1912	0.1922	0.1989	0.2092	0.1775	0.1726	0.1711	0.1791	0.1910	0.2101	0.1454	0.1409	0.1440	0.1541	0.1721	0.1987	0.1165	0.1068	0.1042	0.1077	0.1180	0.1383	0.1690
1191	0.1955	0.1989	0.1993	0.2039	0.1905	0.1914	0.1923	0.1989	0.2092	0.1774	0.1727	0.1713	0.1793	0.1910	0.2101	0.1455	0.1408	0.1439	0.1541	0.1721	0.1987	0.1165	0.1067	0.1041	0.1077	0.1181	0.1385	0.1690
1192	0.1956	0.1990	0.1994	0.2040	0.1907	0.1916	0.1925	0.1990	0.2092	0.1773	0.1727	0.1713	0.1795	0.1909	0.2102	0.1456	0.1407	0.1439	0.1542	0.1722	0.1987	0.1165	0.1067	0.1041	0.1078	0.1181	0.1386	0.1690
1193	0.1956	0.1990	0.1995	0.2039	0.1908	0.1915	0.1926	0.1989	0.2093	0.1774	0.1728	0.1714	0.1796	0.1909	0.2101	0.1456	0.1408	0.1441	0.1542	0.1722	0.1986	0.1165	0.1065	0.1042	0.1078	0.1181	0.1386	0.1691
1194	0.1955	0.1990	0.1995	0.2039	0.1909	0.1915	0.1927	0.1989	0.2094	0.1776	0.1728	0.1716	0.1798	0.1908	0.2101	0.1456	0.1409	0.1443	0.1543	0.1723	0.1986	0.1165	0.1063	0.1043	0.1078	0.1182	0.1385	0.1692
1195	0.1955	0.1990	0.1995	0.2038	0.1909	0.1915	0.1927	0.1989	0.2094	0.1776	0.1729	0.1716	0.1798	0.1910	0.2101	0.1458	0.1410	0.1443	0.1544	0.1723	0.1985	0.1166	0.1064	0.1042	0.1079	0.1181	0.1385	0.1692
1196	0.1955	0.1989	0.1995	0.2038	0.1910	0.1915	0.1926	0.1989	0.2094	0.1777	0.1730	0.1716	0.1798	0.1911	0.2101	0.1459	0.1412	0.1444	0.1545	0.1723	0.1985	0.1168	0.1065	0.1040	0.1080	0.1181	0.1386	0.1693
1197	0.1957	0.1990	0.1997	0.2039	0.1910	0.1915	0.1927	0.1991	0.2095	0.1778	0.1730	0.1716	0.1801	0.1911	0.2102	0.1460	0.1413	0.1444	0.1546	0.1724	0.1985	0.1166	0.1066	0.1041	0.1079	0.1181	0.1384	0.1692
1198	0.1959	0.1990	0.1999	0.2041	0.1910	0.1916	0.1928	0.1993	0.2095	0.1780	0.1731	0.1716	0.1804	0.1912	0.2103	0.1460	0.1413	0.1443	0.1546	0.1724	0.1986	0.1165	0.1066	0.1043	0.1079	0.1182	0.1383	0.1691
1199	0.1960	0.1992	0.2000	0.2041	0.1910	0.1916	0.1930	0.1994	0.2096	0.1779	0.1732	0.1716	0.1804	0.1912	0.2104	0.1461	0.1413	0.1444	0.1546	0.1724	0.1987	0.1165	0.1067	0.1043	0.1080	0.1183	0.1383	0.1692
1200	0.1960	0.1994	0.2001	0.2041	0.1910	0.1917	0.1932	0.1994	0.2097	0.1778	0.1734	0.1716	0.1804	0.1912	0.2104	0.1463	0.1413	0.1444	0.1547	0.1723	0.1987	0.1166	0.1068	0.1043	0.1080	0.1184	0.1383	0.1692
1201	0.1961	0.1996	0.2002	0.2041	0.1910	0.1918	0.1933	0.1994	0.2098	0.1777	0.1735	0.1716	0.1804	0.1913	0.2105	0.1464	0.1413	0.1445	0.1547	0.1724	0.1988	0.1166	0.1068	0.1044	0.1081	0.1184	0.1384	0.1691
1202	0.1962	0.1997	0.2003	0.2043	0.1910	0.1920	0.1932	0.1995	0.2098	0.1776	0.1736	0.1716	0.1804	0.1914	0.2106	0.1463	0.1413	0.1446	0.1548	0.1725	0.1988	0.1166	0.1069	0.1045	0.1080	0.1184	0.1384	0.1691
1203	0.1963	0.1998	0.2004	0.2044	0.1910	0.1921	0.1932	0.1995	0.2099	0.1777	0.1737	0.1717	0.1804	0.1914	0.2106	0.1463	0.1414	0.1447	0.1548	0.1725	0.1989	0.1166	0.1069	0.1045	0.1080	0.1184	0.1384	0.1691
1204	0.1964	0.1999	0.2004	0.2044	0.1910	0.1922	0.1933	0.1994	0.2101	0.1778	0.1738	0.1717	0.1805	0.1915	0.2106	0.1464	0.1416	0.1447	0.1548	0.1724	0.1990	0.1166	0.1069	0.1045	0.1081	0.1184	0.1384	0.1692
1205	0.1965	0.1999	0.2004	0.2045	0.1910	0.1922	0.1934	0.1995	0.2102	0.1779	0.1738	0.1718	0.1806	0.1915	0.2106	0.1466	0.1417	0.1447	0.1548	0.1724	0.1990	0.1166	0.1069	0.1045	0.1080	0.1185	0.1384	0.1692
1206	0.1966	0.1999	0.2005	0.2044	0.1912	0.1923	0.1933	0.1998	0.2102	0.1780	0.1737	0.1719	0.1807	0.1916	0.2106	0.1468	0.1417	0.1448	0.1550	0.1724	0.1990	0.1165	0.1069	0.1045	0.1080	0.1186	0.1386	0.1692
1207	0.1966	0.2000	0.2005	0.2044	0.1913	0.1923	0.1933	0.1999	0.2101	0.1781	0.1738	0.1719	0.1809	0.1917	0.2107	0.1469	0.1417	0.1448	0.1551	0.1724	0.1991	0.1165	0.1070	0.1045	0.1079	0.1186	0.1387	0.1691
1208	0.1966	0.1999	0.2005	0.2045	0.1913	0.1923	0.1934	0.2000	0.2102	0.1780	0.1739	0.1721	0.1809	0.1919	0.2106	0.1468	0.1417	0.1447	0.1551	0.1725	0.1991	0.1166	0.1071	0.1045	0.1080	0.1187	0.1387	0.1692
1209	0.1966	0.1999	0.2005	0.2046	0.1914	0.1923	0.1934	0.2002	0.2102	0.1779	0.1740	0.1722	0.1809	0.1919	0.2106	0.1467	0.1418	0.1447	0.1551	0.1726	0.1991	0.1168	0.1071	0.1045	0.1081	0.1188	0.1387	0.1692
1210	0.1967	0.2000	0.2006	0.2047	0.1913	0.1922	0.1935	0.2003	0.2103	0.1780	0.1741	0.1723	0.1810	0.1919	0.2108	0.1468	0.1417	0.1447	0.1552	0.1726	0.1992	0.1167	0.1071	0.1047	0.1082	0.1188	0.1388	0.1693
1211	0.1968	0.2001	0.2007	0.2048	0.1913	0.1922	0.1936	0.2003	0.2104	0.1781	0.1743	0.1723	0.1811	0.1919	0.2109	0.1468	0.1416	0.1448	0.1552	0.1726	0.1993	0.1167	0.1070	0.1048	0.1082	0.1188	0.1388	0.1693
1212	0.1969	0.2002	0.2008	0.2049	0.1914	0.1924	0.1937	0.2003	0.2106	0.1783	0.1742	0.1722	0.1813	0.1918	0.2109	0.1468	0.1416	0.1449	0.1552	0.1726	0.1993	0.1169	0.1071	0.1050	0.1084	0.1189	0.1387	0.1694
1213	0.1970	0.2004	0.2010	0.2049	0.1914	0.1926	0.1938	0.2003	0.2108	0.1784	0.1741	0.1722	0.1815	0.1918	0.2109	0.1467	0.1416	0.1450	0.1551	0.1726	0.1994	0.1170	0.1072	0.1051	0.1085	0.1190	0.1387	0.1695
1214	0.1971	0.2004	0.2009	0.2051	0.1914	0.1927	0.1939	0.2003	0.2110	0.1783	0.1741	0.1724	0.1814	0.1918	0.2110	0.1467	0.1418	0.1450	0.1551	0.1727	0.1993	0.1171	0.1072	0.1053	0.1085	0.1189	0.1387	0.1695
1215	0.1972	0.2004	0.2009	0.2052	0.1914	0.1928	0.1939	0.2003	0.2112	0.1782	0.1741	0.1725	0.1812	0.1919	0.2110	0.1468	0.1419	0.1450	0.1552	0.1728	0.1993	0.1172	0.1072	0.1054	0.1085	0.1189	0.1388	0.1696
1216	0.1971	0.2004	0.2010	0.2053	0.1915	0.1929	0.1939	0.2004	0.2112	0.1784	0.1741	0.1725	0.1812	0.1919	0.2111	0.1468	0.1419	0.1450	0.1552	0.1728	0.1994	0.1172	0.1072	0.1053	0.1084	0.1189	0.1387	0.1695
1217	0.1970	0.2005	0.2012	0.2054	0.1916	0.1930	0.1939	0.2004	0.2112	0.1786	0.1741	0.1724	0.1812	0.1920	0.2112	0.1467	0.1420	0.1450	0.1553	0.1729	0.1995	0.1172	0.1072	0.1052	0.1082	0.1189	0.1387	0.1694
1218	0.1970	0.2007	0.2012	0.2055	0.1917	0.1930	0.1939	0.2005	0.2113	0.1787	0.1742	0.1725	0.1813	0.1921	0.2112	0.1468	0.1421	0.1451	0.1553	0.1730	0.1995	0.1173	0.1072	0.1052	0.1083	0.1189	0.1388	0.1694
1219	0.1971	0.2009	0.2012	0.2055	0.1919	0.1930	0.1940	0.2006	0.2114	0.1787	0.1743	0.1725	0.1814	0.1921	0.2113	0.1468	0.1422	0.1453	0.1554	0.1730	0.1994	0.1174	0.1072	0.1051	0.1085	0.1188	0.1389	0.1696
1220	0.1971	0.2010	0.2013	0.2056	0.1920	0.1930	0.1941	0.2006	0.2114	0.1788	0.1743	0.1727	0.1814	0.1922	0.2114	0.1468	0.1422	0.1454	0.1554	0.1730	0.1994	0.1174	0.1072	0.1051	0.1085	0.1188	0.1390	0.1697
1221	0.1973	0.2011	0.2014	0.2056	0.1921	0.1930	0.1943	0.2007	0.2114	0.1788	0.1743	0.1729	0.1813	0.1923	0.2115	0.1468	0.1422	0.1454	0.1554	0.1731	0.1994	0.1175	0.1072	0.1052	0.1085	0.1189	0.1390	0.1698
1222	0.1974	0.2012	0.2016	0.2056	0.1922	0.1931	0.1944	0.2008	0.2114	0.1789	0.1743	0.1730	0.1814	0.1924	0.2115	0.1469	0.1423	0.1455	0.1554	0.1732	0.1995	0.1175	0.1073	0.1052	0.1086	0.1189	0.1390	0.1698
1223	0.1976	0.2013	0.2017	0.2057	0.1923	0.1933	0.1945	0.2010	0.2113	0.1789	0.1744	0.1731	0.1815	0.1926	0.2115	0.1470	0.1424	0.1456	0.1554	0.1733	0.1995	0.1175	0.1073	0.1051	0.1088	0.1190	0.1391	0.1697
1224	0.1977	0.2014	0.2018	0.2057	0.1924	0.1933	0.1946	0.2010	0.2113	0.1789	0.1744	0.1732	0.1815	0.1927	0.2115	0.1470	0.1424	0.1456	0.1554	0.1733	0.1995	0.1175	0.1074	0.1051	0.1089	0.1190	0.1391	0.1697
1225	0.1978	0.2014	0.2019	0.2058	0.1923	0.1932	0.1947	0.2009	0.2113	0.1789	0.1745	0.1731	0.1816	0.1926	0.2116	0.1471	0.1424	0.1456	0.1555	0.1734	0.1995	0.1174	0.1075	0.1050	0.1089	0.1190	0.1392	0.1698
1226	0.1979	0.2014	0.2020	0.2059	0.1923	0.1932	0.1947	0.2009	0.2113	0.1790	0.1745	0.1731	0.1817	0.1925	0.2116	0.1472	0.1424	0.1456	0.1555	0.1734	0.1995	0.1173	0.1075	0.1050	0.1089	0.1190	0.1392	0.1698
1227	0.1979	0.2013	0.2021	0.2060	0.1924	0.1933	0.1948	0.2010	0.2114	0.1790	0.1746	0.1730	0.1817	0.1927	0.2117	0.1473	0.1424	0.1457	0.1556	0.1733	0.1995	0.1173	0.1075	0.1051	0.1090	0.1190	0.1393	0.1698
1228	0.1980	0.2014	0.2022	0.2061	0.1925	0.1933	0.1948	0.2010	0.2115	0.1790	0.1747	0.1731	0.1818	0.1928	0.2117	0.1473	0.1424	0.1458	0.1557	0.1732	0.1995	0.1173	0.1075	0.1051	0.1090	0.1191	0.1393	0.1697
1229	0.1981	0.2016	0.2022	0.2062	0.1925	0.1933	0.1949	0.2011	0.2116	0.1792	0.1748	0.1731	0.1818	0.1929	0.2117	0.1474	0.1424	0.1459	0.1558	0.1733	0.1995	0.1173	0.1075	0.1052	0.1089	0.1192	0.1392	0.1697
1230	0.1981	0.2017	0.2021	0.2063	0.1925	0.1934	0.1950	0.2012	0.2117	0.1793	0.1749	0.1732	0.1819	0.1930	0.2118	0.1474	0.1424	0.1460	0.1559	0.1733	0.1996	0.1173	0.1075	0.1052	0.1089	0.1193	0.1391	0.1697
1231	0.1983	0.2018	0.2022	0.2064	0.1927	0.1936	0.1951	0.2014	0.2117	0.1795	0.1750	0.1734	0.1820	0.1930	0.2120	0.1474	0.1427	0.1460	0.1560	0.1735	0.1997	0.1174	0.1077	0.1052	0.1089	0.1192	0.1391	0.1698
1232	0.1984	0.2019	0.2022	0.2064	0.1928	0.1937	0.1952	0.2015	0.2117	0.1797	0.1751	0.1736	0.1821	0.1930	0.2122	0.1474	0.1429	0.1461	0.1561	0.1736	0.1998	0.1174	0.1079	0.1052	0.1089	0.1192	0.1391	0.1698
1233	0.1983	0.2020	0.2022	0.2064	0.1927	0.1937	0.1952	0.2016	0.2118	0.1797	0.1751	0.1736	0.1821	0.1932	0.2122	0.1475	0.1430	0.1462	0.1561	0.1737	0.1998	0.1173	0.1079	0.1053	0.1090	0.1193	0.1392	0.1696
1234	0.1982	0.2021	0.2021	0.2064	0.1927	0.1937	0.1952	0.2016	0.2119	0.1796	0.1752	0.1737	0.1820	0.1934	0.2122	0.1476	0.1430	0.1462	0.1561	0.1738	0.1997	0.1173	0.1080	0.1053	0.1091	0.1194	0.1392	0.1695
1235	0.1983	0.2021	0.2023	0.2064	0.1928	0.1939	0.1953	0.2018	0.2118	0.1798	0.1752	0.1736	0.1818	0.1935	0.2122	0.1476	0.1430	0.1461	0.1561	0.1737	0.1998	0.1174	0.1080	0.1053	0.1091	0.1195	0.1393	0.1696
1236	0.1984	0.2021	0.2024	0.2064	0.1929	0.1941	0.1953	0.2020	0.2118	0.1799	0.1753	0.1736	0.1816	0.1936	0.2122	0.1477	0.1430	0.1459	0.1561	0.1736	0.1999	0.1176	0.1080	0.1054	0.1091	0.1197	0.1394	0.1698
1237	0.1985	0.2021	0.2026	0.2064	0.1929	0.1941	0.1954	0.2021	0.2119	0.1801	0.1754	0.1737	0.1817	0.1936	0.2123	0.1476	0.1430	0.1460	0.1562	0.1735	0.1999	0.1177	0.1080	0.1054	0.1092	0.1197	0.1394	0.1699
1238	0.1986	0.2021	0.2027	0.2064	0.1928	0.1942	0.1955	0.2021	0.2121	0.1803	0.1754	0.1738	0.1819	0.1936	0.2123	0.1474	0.1430	0.1461	0.1564	0.1735	0.1999	0.1179	0.1080	0.1054	0.1093	0.1197	0.1394	0.1699
1239	0.1986	0.2021	0.2027	0.2065	0.1929	0.1943	0.1956	0.2022	0.2122	0.1802	0.1754	0.1738	0.1819	0.1937	0.2124	0.1474	0.1431	0.1462	0.1564	0.1736	0.2001	0.1178	0.1079	0.1055	0.1092	0.1197	0.1394	0.1699
1240	0.1986	0.2021	0.2028	0.2066	0.1930	0.1943	0.1956	0.2023	0.2123	0.1800	0.1753	0.1738	0.1819	0.1937	0.2125	0.1475	0.1431	0.1463	0.1564	0.1738	0.2004	0.1176	0.1079	0.1056	0.1092	0.1198	0.1393	0.1699
1241	0.1987	0.2023	0.2028	0.2067	0.1932	0.1944	0.1955	0.2023	0.2123	0.1800	0.1752	0.1739	0.1819	0.1937	0.2126	0.1475	0.1430	0.1463	0.1564	0.1738	0.2003	0.1176	0.1080	0.1056	0.1092	0.1198	0.1393	0.1698
1242	0.1987	0.2024	0.2028	0.2068	0.1934	0.1944	0.1955	0.2024	0.2123	0.1801	0.1751	0.1742	0.1819	0.1938	0.2128	0.1476	0.1430	0.1462	0.1564	0.1738	0.2002	0.1176	0.1081	0.1056	0.1093	0.1197	0.1395	0.1697
1243	0.1988	0.2026	0.2029	0.2069	0.1934	0.1946	0.1954	0.2025	0.2123	0.1801	0.1751	0.1743	0.1819	0.1939	0.2129	0.1476	0.1431	0.1461	0.1564	0.1739	0.2002	0.1177	0.1082	0.1056	0.1093	0.1198	0.1394	0.1697
1244	0.1989	0.2026	0.2030	0.2069	0.1934	0.1947	0.1953	0.2025	0.2122	0.1802	0.1751	0.1744	0.1818	0.1941	0.2130	0.1477	0.1435	0.1461	0.1563	0.1741	0.2003	0.1177	0.1083	0.1056	0.1094	0.1199	0.1393	0.1698
1245	0.1990	0.2026	0.2031	0.2069	0.1934	0.1948	0.1953	0.2025	0.2122	0.1803	0.1751	0.1744	0.1818	0.1942	0.2131	0.1477	0.1435	0.1462	0.1563	0.1741	0.2004	0.1178	0.1083	0.1056	0.1094	0.1199	0.1393	0.1698
1246	0.1989	0.2025	0.2031	0.2070	0.1934	0.1949	0.1955	0.2024	0.2123	0.1805	0.1751	0.1744	0.1819	0.1943	0.2131	0.1477	0.1434	0.1464	0.1564	0.1740	0.2004	0.1178	0.1083	0.1057	0.1094	0.1199	0.1394	0.1698
1247	0.1989	0.2025	0.2032	0.2071	0.1935	0.1949	0.1957	0.2025	0.2123	0.1806	0.1751	0.1745	0.1819	0.1943	0.2132	0.1478	0.1434	0.1465	0.1564	0.1741	0.2004	0.1179	0.1083	0.1057	0.1094	0.1199	0.1396	0.1698
1248	0.1989	0.2025	0.2031	0.2072	0.1935	0.1950	0.1959	0.2026	0.2123	0.1807	0.1750	0.1746	0.1819	0.1944	0.2134	0.1479	0.1433	0.1465	0.1563	0.1742	0.2006	0.1180	0.1083	0.1058	0.1096	0.1200	0.1397	0.1697
1249	0.1989	0.2026	0.2031	0.2073	0.1936	0.1951	0.1961	0.2027	0.2123	0.1808	0.1750	0.1747	0.1819	0.1945	0.2135	0.1480	0.1433	0.1466	0.1563	0.1743	0.2006	0.1180	0.1082	0.1059	0.1097	0.1200	0.1397	0.1698
1250	0.1989	0.2027	0.2032	0.2073	0.1938	0.1951	0.1961	0.2028	0.2124	0.1809	0.1751	0.1747	0.1818	0.1946	0.2135	0.1480	0.1434	0.1467	0.1564	0.1742	0.2007	0.1180	0.1082	0.1058	0.1098	0.1198	0.1397	0.1699
1251	0.1989	0.2027	0.2033	0.2072	0.1939	0.1952	0.1961	0.2028	0.2124	0.1809	0.1751	0.1747	0.1818	0.1946	0.2135	0.1481	0.1435	0.1468	0.1564	0.1741	0.2007	0.1180	0.1082	0.1057	0.1099	0.1196	0.1396	0.1700
1252	0.1989	0.2027	0.2034	0.2073	0.1940	0.1952	0.1961	0.2028	0.2125	0.1810	0.1751	0.1748	0.1817	0.1947	0.2136	0.1482	0.1436	0.1468	0.1566	0.1743	0.2006	0.1182	0.1082	0.1058	0.1097	0.1196	0.1396	0.1701
1253	0.1989	0.2027	0.2034	0.2073	0.1940	0.1952	0.1961	0.2028	0.2126	0.1811	0.1751	0.1748	0.1816	0.1948	0.2136	0.1482	0.1437	0.1468	0.1567	0.1745	0.2006	0.1183	0.1082	0.1059	0.1095	0.1196	0.1396	0.1703
1254	0.1991	0.2029	0.2033	0.2073	0.1940	0.1953	0.1963	0.2029	0.2126	0.1812	0.1751	0.1749	0.1817	0.1948	0.2137	0.1483	0.1438	0.1468	0.1568	0.1746	0.2007	0.1181	0.1082	0.1059	0.1096	0.1197	0.1396	0.1703
1255	0.1993	0.2031	0.2031	0.2074	0.1940	0.1955	0.1965	0.2029	0.2127	0.1813	0.1751	0.1749	0.1817	0.1949	0.2137	0.1483	0.1438	0.1469	0.1569	0.1747	0.2008	0.1180	0.1081	0.1060	0.1097	0.1199	0.1397	0.1704
1256	0.1993	0.2031	0.2032	0.2074	0.1941	0.1956	0.1964	0.2029	0.2128	0.1814	0.1752	0.1750	0.1817	0.1949	0.2138	0.1483	0.1437	0.1471	0.1569	0.1748	0.2007	0.1181	0.1082	0.1060	0.1098	0.1200	0.1397	0.1704
1257	0.1993	0.2032	0.2032	0.2075	0.1942	0.1957	0.1964	0.2029	0.2129	0.1815	0.1752	0.1750	0.1817	0.1949	0.2138	0.1483	0.1436	0.1473	0.1568	0.1748	0.2007	0.1183	0.1083	0.1059	0.1099	0.1201	0.1397	0.1705
1258	0.1994	0.2032	0.2033	0.2076	0.1942	0.1956	0.1964	0.2029	0.2128	0.1815	0.1752	0.1750	0.1818	0.1950	0.2138	0.1482	0.1437	0.1473	0.1570	0.1747	0.2007	0.1183	0.1084	0.1060	0.1099	0.1201	0.1397	0.1705
1259	0.1995	0.2033	0.2035	0.2076	0.1941	0.1955	0.1964	0.2029	0.2128	0.1815	0.1753	0.1751	0.1819	0.1951	0.2138	0.1482	0.1438	0.1473	0.1571	0.1746	0.2006	0.1184	0.1085	0.1060	0.1099	0.1201	0.1397	0.1704
1260	0.1995	0.2034	0.2036	0.2076	0.1942	0.1956	0.1965	0.2030	0.2128	0.1816	0.1753	0.1751	0.1819	0.1951	0.2139	0.1483	0.1439	0.1474	0.1571	0.1747	0.2006	0.1184	0.1086	0.1060	0.1098	0.1202	0.1397	0.1705
1261	0.1995	0.2034	0.2036	0.2076	0.1943	0.1956	0.1966	0.2031	0.2129	0.1817	0.1753	0.1751	0.1819	0.1952	0.2140	0.1485	0.1440	0.1474	0.1571	0.1747	0.2005	0.1184	0.1087	0.1060	0.1097	0.1203	0.1398	0.1705
1262	0.1996	0.2035	0.2037	0.2077	0.1943	0.1956	0.1967	0.2031	0.2130	0.1818	0.1754	0.1751	0.1819	0.1953	0.2141	0.1485	0.1441	0.1475	0.1571	0.1747	0.2006	0.1183	0.1087	0.1061	0.1097	0.1203	0.1397	0.1705
1263	0.1996	0.2036	0.2037	0.2078	0.1944	0.1955	0.1968	0.2031	0.2132	0.1820	0.1755	0.1751	0.1819	0.1955	0.2141	0.1485	0.1442	0.1475	0.1570	0.1747	0.2008	0.1183	0.1087	0.1062	0.1098	0.1203	0.1397	0.1705
1264	0.1996	0.2036	0.2038	0.2078	0.1945	0.1956	0.1968	0.2031	0.2132	0.1820	0.1755	0.1752	0.1819	0.1956	0.2142	0.1485	0.1443	0.1474	0.1570	0.1748	0.2007	0.1183	0.1087	0.1063	0.1099	0.1203	0.1398	0.1705
1265	0.1996	0.2035	0.2038	0.2078	0.1944	0.1957	0.1969	0.2033	0.2132	0.1820	0.1754	0.1753	0.1819	0.1956	0.2142	0.1485	0.1443	0.1472	0.1570	0.1749	0.2007	0.1183	0.1087	0.1063	0.1099	0.1202	0.1398	0.1705
1266	0.1996	0.2035	0.2038	0.2079	0.1944	0.1958	0.1970	0.2034	0.2132	0.1821	0.1754	0.1754	0.1819	0.1957	0.2142	0.1486	0.1443	0.1472	0.1571	0.1749	0.2006	0.1183	0.1087	0.1063	0.1100	0.1202	0.1398	0.1706
1267	0.1996	0.2035	0.2038	0.2081	0.1945	0.1959	0.1970	0.2036	0.2133	0.1822	0.1754	0.1756	0.1819	0.1958	0.2142	0.1486	0.1442	0.1471	0.1572	0.1748	0.2006	0.1183	0.1087	0.1063	0.1100	0.1203	0.1398	0.1706
1268	0.1997	0.2035	0.2038	0.2082	0.1945	0.1961	0.1971	0.2036	0.2133	0.1823	0.1754	0.1757	0.1819	0.1958	0.2143	0.1486	0.1441	0.1472	0.1572	0.1748	0.2006	0.1183	0.1088	0.1064	0.1100	0.1204	0.1398	0.1706
1269	0.1999	0.2036	0.2039	0.2082	0.1945	0.1962	0.1972	0.2036	0.2132	0.1823	0.1754	0.1757	0.1819	0.1958	0.2143	0.1486	0.1441	0.1473	0.1571	0.1748	0.2006	0.1184	0.1087	0.1066	0.1100	0.1205	0.1399	0.1706
1270	0.1999	0.2037	0.2040	0.2083	0.1946	0.1964	0.1973	0.2036	0.2132	0.1823	0.1754	0.1758	0.1819	0.1959	0.2144	0.1486	0.1442	0.1474	0.1571	0.1747	0.2006	0.1185	0.1088	0.1067	0.1100	0.1205	0.1400	0.1706
1271	0.1999	0.2037	0.2040	0.2083	0.1946	0.1965	0.1975	0.2037	0.2133	0.1824	0.1754	0.1759	0.1818	0.1959	0.2145	0.1486	0.1443	0.1475	0.1572	0.1747	0.2007	0.1185	0.1088	0.1066	0.1099	0.1205	0.1400	0.1706
1272	0.2000	0.2037	0.2040	0.2083	0.1947	0.1966	0.1976	0.2038	0.2133	0.1826	0.1754	0.1759	0.1819	0.1960	0.2146	0.1487	0.1443	0.1476	0.1573	0.1747	0.2007	0.1185	0.1088	0.1066	0.1099	0.1205	0.1401	0.1706
1273	0.2002	0.2037	0.2041	0.2084	0.1949	0.1965	0.1976	0.2039	0.2134	0.1828	0.1755	0.1758	0.1820	0.1961	0.2146	0.1488	0.1444	0.1476	0.1574	0.1749	0.2008	0.1185	0.1086	0.1066	0.1099	0.1205	0.1401	0.1705
1274	0.2004	0.2037	0.2041	0.2084	0.1950	0.1964	0.1977	0.2040	0.2135	0.1829	0.1755	0.1758	0.1820	0.1963	0.2146	0.1488	0.1445	0.1476	0.1575	0.1750	0.2009	0.1185	0.1085	0.1066	0.1100	0.1206	0.1402	0.1705
1275	0.2003	0.2036	0.2040	0.2086	0.1950	0.1965	0.1977	0.2040	0.2134	0.1829	0.1755	0.1759	0.1819	0.1964	0.2147	0.1489	0.1444	0.1477	0.1575	0.1750	0.2010	0.1184	0.1086	0.1065	0.1101	0.1206	0.1402	0.1705
1276	0.2003	0.2036	0.2040	0.2087	0.1950	0.1965	0.1977	0.2040	0.2134	0.1829	0.1755	0.1759	0.1819	0.1965	0.2147	0.1489	0.1444	0.1478	0.1575	0.1750	0.2010	0.1184	0.1086	0.1065	0.1103	0.1207	0.1401	0.1705
1277	0.2003	0.2039	0.2041	0.2088	0.1952	0.1966	0.1978	0.2041	0.2134	0.1829	0.1755	0.1761	0.1820	0.1965	0.2147	0.1489	0.1444	0.1478	0.1575	0.1751	0.2010	0.1184	0.1087	0.1067	0.1103	0.1205	0.1400	0.1705
1278	0.2004	0.2041	0.2041	0.2088	0.1953	0.1966	0.1978	0.2041	0.2134	0.1830	0.1754	0.1763	0.1821	0.1965	0.2147	0.1490	0.1445	0.1479	0.1575	0.1751	0.2010	0.1185	0.1087	0.1069	0.1103	0.1204	0.1399	0.1705
1279	0.2004	0.2041	0.2041	0.2089	0.1953	0.1967	0.1978	0.2041	0.2135	0.1830	0.1755	0.1762	0.1821	0.1964	0.2147	0.1489	0.1445	0.1478	0.1575	0.1751	0.2010	0.1186	0.1087	0.1069	0.1102	0.1206	0.1400	0.1704
1280	0.2004	0.2040	0.2041	0.2090	0.1954	0.1967	0.1978	0.2042	0.2137	0.1829	0.1755	0.1761	0.1820	0.1964	0.2148	0.1489	0.1445	0.1478	0.1575	0.1751	0.2009	0.1187	0.1088	0.1069	0.1102	0.1207	0.1400	0.1703
1281	0.2004	0.2041	0.2041	0.2089	0.1953	0.1968	0.1978	0.2041	0.2136	0.1830	0.1755	0.1762	0.1820	0.1965	0.2148	0.1489	0.1445	0.1477	0.1575	0.1751	0.2010	0.1187	0.1089	0.1069	0.1102	0.1206	0.1399	0.1703
1282	0.2005	0.2041	0.2041	0.2088	0.1952	0.1968	0.1978	0.2041	0.2136	0.1830	0.1755	0.1762	0.1820	0.1965	0.2148	0.1489	0.1445	0.1477	0.1575	0.1751	0.2011	0.1187	0.1090	0.1068	0.1102	0.1206	0.1398	0.1702
1283	0.2005	0.2041	0.2042	0.2089	0.1952	0.1966	0.1978	0.2041	0.2136	0.1830	0.1755	0.1763	0.1820	0.1966	0.2148	0.1491	0.1446	0.1478	0.1574	0.1751	0.2011	0.1187	0.1090	0.1068	0.1103	0.1206	0.1399	0.1703
1284	0.2005	0.2042	0.2043	0.2090	0.1952	0.1965	0.1978	0.2041	0.2135	0.1830	0.1755	0.1764	0.1820	0.1966	0.2148	0.1492	0.1446	0.1480	0.1574	0.1752	0.2012	0.1187	0.1090	0.1069	0.1104	0.1206	0.1399	0.1703
1285	0.2004	0.2042	0.2043	0.2090	0.1952	0.1966	0.1979	0.2042	0.2136	0.1831	0.1755	0.1763	0.1820	0.1966	0.2149	0.1492	0.1446	0.1480	0.1574	0.1753	0.2012	0.1187	0.1089	0.1069	0.1105	0.1206	0.1399	0.1704
1286	0.2003	0.2042	0.2044	0.2090	0.1954	0.1967	0.1980	0.2043	0.2137	0.1833	0.1755	0.1762	0.1821	0.1966	0.2149	0.1492	0.1445	0.1479	0.1575	0.1754	0.2011	0.1187	0.1089	0.1069	0.1106	0.1205	0.1398	0.1704
1287	0.2004	0.2043	0.2043	0.2090	0.1954	0.1967	0.1980	0.2044	0.2136	0.1833	0.1755	0.1762	0.1820	0.1965	0.2150	0.1491	0.1446	0.1480	0.1575	0.1754	0.2012	0.1187	0.1089	0.1070	0.1106	0.1206	0.1399	0.1705
1288	0.2004	0.2043	0.2043	0.2090	0.1955	0.1967	0.1979	0.2044	0.2136	0.1833	0.1756	0.1764	0.1820	0.1964	0.2150	0.1491	0.1446	0.1481	0.1576	0.1754	0.2012	0.1186	0.1088	0.1070	0.1105	0.1206	0.1399	0.1705
1289	0.2004	0.2044	0.2044	0.2090	0.1955	0.1968	0.1980	0.2044	0.2136	0.1833	0.1756	0.1764	0.1820	0.1964	0.2151	0.1490	0.1446	0.1481	0.1577	0.1754	0.2012	0.1187	0.1088	0.1070	0.1106	0.1206	0.1400	0.1705
1290	0.2005	0.2044	0.2045	0.2090	0.1955	0.1969	0.1980	0.2043	0.2136	0.1832	0.1756	0.1764	0.1820	0.1965	0.2151	0.1490	0.1446	0.1481	0.1579	0.1753	0.2011	0.1188	0.1087	0.1070	0.1106	0.1206	0.1401	0.1705
1291	0.2005	0.2044	0.2046	0.2091	0.1955	0.1970	0.1981	0.2043	0.2136	0.1832	0.1756	0.1764	0.1820	0.1966	0.2151	0.1490	0.1446	0.1482	0.1579	0.1754	0.2011	0.1188	0.1088	0.1069	0.1106	0.1206	0.1401	0.1705
1292	0.2006	0.2045	0.2047	0.2091	0.1956	0.1970	0.1980	0.2044	0.2137	0.1833	0.1757	0.1764	0.1821	0.1968	0.2151	0.1490	0.1446	0.1482	0.1578	0.1755	0.2011	0.1188	0.1088	0.1068	0.1107	0.1207	0.1402	0.1705
1293	0.2007	0.2045	0.2047	0.2091	0.1957	0.1970	0.1980	0.2044	0.2137	0.1833	0.1757	0.1765	0.1821	0.1968	0.2151	0.1491	0.1446	0.1482	0.1578	0.1755	0.2011	0.1189	0.1089	0.1067	0.1107	0.1207	0.1401	0.1705
1294	0.2008	0.2046	0.2046	0.2091	0.1958	0.1969	0.1981	0.2044	0.2137	0.1832	0.1757	0.1767	0.1822	0.1966	0.2151	0.1491	0.1447	0.1481	0.1578	0.1756	0.2012	0.1190	0.1090	0.1068	0.1106	0.1207	0.1400	0.1705
1295	0.2009	0.2047	0.2046	0.2091	0.1959	0.1969	0.1982	0.2044	0.2137	0.1831	0.1757	0.1767	0.1822	0.1965	0.2150	0.1491	0.1448	0.1480	0.1579	0.1757	0.2012	0.1190	0.1091	0.1068	0.1105	0.1206	0.1400	0.1706
1296	0.2011	0.2047	0.2046	0.2091	0.1960	0.1970	0.1984	0.2043	0.2138	0.1831	0.1758	0.1766	0.1822	0.1966	0.2151	0.1490	0.1449	0.1481	0.1578	0.1757	0.2013	0.1189	0.1092	0.1067	0.1106	0.1206	0.1399	0.1707
1297	0.2012	0.2047	0.2046	0.2091	0.1960	0.1970	0.1985	0.2043	0.2139	0.1832	0.1758	0.1765	0.1822	0.1966	0.2151	0.1490	0.1449	0.1481	0.1578	0.1758	0.2013	0.1189	0.1093	0.1067	0.1106	0.1206	0.1399	0.1707
1298	0.2011	0.2046	0.2048	0.2092	0.1960	0.1970	0.1984	0.2044	0.2139	0.1833	0.1758	0.1765	0.1823	0.1967	0.2152	0.1489	0.1450	0.1481	0.1578	0.1758	0.2014	0.1189	0.1093	0.1067	0.1107	0.1207	0.1400	0.1707
1299	0.2010	0.2045	0.2049	0.2092	0.1959	0.1970	0.1983	0.2044	0.2139	0.1833	0.1758	0.1765	0.1823	0.1967	0.2152	0.1490	0.1451	0.1481	0.1578	0.1758	0.2015	0.1189	0.1092	0.1068	0.1107	0.1208	0.1401	0.1707
1300	0.2011	0.2045	0.2051	0.2091	0.1959	0.1969	0.1982	0.2045	0.2140	0.1835	0.1758	0.1765	0.1825	0.1969	0.2152	0.1491	0.1450	0.1480	0.1579	0.1758	0.2014	0.1188	0.1092	0.1068	0.1107	0.1208	0.1402	0.1707
1301	0.2011	0.2045	0.2052	0.2091	0.1959	0.1969	0.1981	0.2046	0.2141	0.1835	0.1758	0.1766	0.1825	0.1971	0.2152	0.1492	0.1450	0.1480	0.1580	0.1757	0.2013	0.1187	0.1092	0.1069	0.1106	0.1208	0.1402	0.1708
1302	0.2011	0.2045	0.2051	0.2091	0.1959	0.1969	0.1982	0.2045	0.2140	0.1835	0.1758	0.1766	0.1825	0.1972	0.2153	0.1492	0.1451	0.1481	0.1581	0.1756	0.2013	0.1188	0.1092	0.1069	0.1106	0.1208	0.1402	0.1708
1303	0.2012	0.2045	0.2050	0.2091	0.1959	0.1969	0.1983	0.2045	0.2140	0.1835	0.1758	0.1766	0.1825	0.1972	0.2154	0.1492	0.1451	0.1482	0.1582	0.1756	0.2013	0.1188	0.1093	0.1069	0.1106	0.1208	0.1402	0.1709
1304	0.2012	0.2045	0.2051	0.2091	0.1959	0.1971	0.1983	0.2046	0.2141	0.1834	0.1757	0.1765	0.1826	0.1972	0.2155	0.1492	0.1450	0.1481	0.1583	0.1756	0.2014	0.1188	0.1094	0.1069	0.1107	0.1209	0.1402	0.1709
1305	0.2013	0.2045	0.2051	0.2092	0.1959	0.1972	0.1982	0.2047	0.2142	0.1833	0.1756	0.1765	0.1827	0.1973	0.2155	0.1492	0.1448	0.1480	0.1584	0.1757	0.2016	0.1188	0.1095	0.1069	0.1108	0.1210	0.1403	0.1709
1306	0.2013	0.2045	0.2050	0.2092	0.1958	0.1973	0.1984	0.2048	0.2143	0.1834	0.1756	0.1764	0.1827	0.1973	0.2157	0.1493	0.1447	0.1480	0.1584	0.1758	0.2018	0.1188	0.1094	0.1069	0.1108	0.1210	0.1404	0.1709
1307	0.2013	0.2045	0.2049	0.2093	0.1957	0.1973	0.1985	0.2048	0.2143	0.1834	0.1757	0.1764	0.1826	0.1974	0.2158	0.1494	0.1447	0.1481	0.1584	0.1760	0.2020	0.1188	0.1093	0.1069	0.1108	0.1210	0.1405	0.1708
1308	0.2012	0.2045	0.2049	0.2093	0.1957	0.1973	0.1985	0.2048	0.2142	0.1833	0.1757	0.1764	0.1826	0.1973	0.2158	0.1493	0.1448	0.1482	0.1583	0.1759	0.2019	0.1187	0.1093	0.1070	0.1108	0.1210	0.1404	0.1710
1309	0.2012	0.2044	0.2049	0.2093	0.1957	0.1973	0.1984	0.2048	0.2141	0.1831	0.1757	0.1764	0.1827	0.1972	0.2158	0.1492	0.1449	0.1483	0.1582	0.1757	0.2019	0.1186	0.1094	0.1072	0.1108	0.1209	0.1404	0.1712
1310	0.2012	0.2044	0.2049	0.2094	0.1957	0.1972	0.1984	0.2048	0.2142	0.1832	0.1758	0.1764	0.1827	0.1971	0.2158	0.1492	0.1449	0.1483	0.1580	0.1758	0.2018	0.1186	0.1094	0.1072	0.1108	0.1210	0.1404	0.1713
1311	0.2012	0.2045	0.2048	0.2094	0.1957	0.1972	0.1984	0.2048	0.2143	0.1832	0.1758	0.1764	0.1828	0.1970	0.2159	0.1491	0.1449	0.1482	0.1578	0.1759	0.2018	0.1187	0.1093	0.1072	0.1108	0.1211	0.1404	0.1713
1312	0.2011	0.2045	0.2049	0.2094	0.1957	0.1971	0.1984	0.2048	0.2143	0.1833	0.1759	0.1765	0.1828	0.1970	0.2158	0.1492	0.1449	0.1482	0.1578	0.1759	0.2019	0.1188	0.1092	0.1072	0.1108	0.1211	0.1404	0.1713
1313	0.2011	0.2045	0.2049	0.2095	0.1956	0.1970	0.1985	0.2048	0.2143	0.1833	0.1759	0.1766	0.1827	0.1970	0.2158	0.1492	0.1449	0.1483	0.1579	0.1760	0.2022	0.1189	0.1091	0.1072	0.1107	0.1211	0.1404	0.1712
1314	0.2011	0.2046	0.2050	0.2095	0.1956	0.1970	0.1985	0.2049	0.2144	0.1833	0.1760	0.1765	0.1828	0.1970	0.2157	0.1493	0.1448	0.1483	0.1579	0.1760	0.2023	0.1189	0.1090	0.1072	0.1106	0.1210	0.1404	0.1713
1315	0.2011	0.2046	0.2050	0.2096	0.1955	0.1969	0.1985	0.2048	0.2144	0.1832	0.1760	0.1764	0.1828	0.1971	0.2156	0.1494	0.1447	0.1483	0.1579	0.1760	0.2023	0.1189	0.1089	0.1071	0.1105	0.1210	0.1404	0.1713
1316	0.2011	0.2045	0.2049	0.2095	0.1955	0.1969	0.1984	0.2048	0.2144	0.1832	0.1761	0.1763	0.1829	0.1970	0.2156	0.1493	0.1447	0.1482	0.1579	0.1760	0.2023	0.1187	0.1088	0.1071	0.1105	0.1209	0.1405	0.1714
1317	0.2011	0.2044	0.2047	0.2095	0.1955	0.1969	0.1983	0.2048	0.2144	0.1830	0.1761	0.1763	0.1831	0.1969	0.2158	0.1491	0.1447	0.1481	0.1580	0.1760	0.2023	0.1186	0.1088	0.1070	0.1104	0.1209	0.1407	0.1714
1318	0.2010	0.2044	0.2046	0.2094	0.1956	0.1969	0.1982	0.2048	0.2144	0.1830	0.1761	0.1762	0.1831	0.1968	0.2158	0.1490	0.1447	0.1480	0.1581	0.1760	0.2023	0.1186	0.1088	0.1070	0.1104	0.1208	0.1408	0.1715
1319	0.2009	0.2045	0.2046	0.2094	0.1956	0.1968	0.1982	0.2047	0.2144	0.1830	0.1760	0.1762	0.1831	0.1968	0.2158	0.1490	0.1446	0.1480	0.1581	0.1761	0.2023	0.1186	0.1088	0.1070	0.1106	0.1208	0.1408	0.1716
1320	0.2009	0.2044	0.2047	0.2095	0.1955	0.1968	0.1981	0.2047	0.2144	0.1830	0.1760	0.1762	0.1831	0.1968	0.2158	0.1490	0.1446	0.1480	0.1581	0.1761	0.2023	0.1187	0.1089	0.1069	0.1107	0.1208	0.1409	0.1717
1321	0.2008	0.2043	0.2046	0.2096	0.1954	0.1968	0.1980	0.2046	0.2144	0.1829	0.1760	0.1762	0.1831	0.1967	0.2158	0.1490	0.1446	0.1480	0.1579	0.1761	0.2023	0.1187	0.1089	0.1068	0.1107	0.1208	0.1410	0.1717
1322	0.2008	0.2043	0.2046	0.2096	0.1953	0.1969	0.1979	0.2046	0.2143	0.1827	0.1760	0.1762	0.1831	0.1966	0.2158	0.1491	0.1447	0.1480	0.1579	0.1761	0.2023	0.1187	0.1089	0.1068	0.1107	0.1208	0.1410	0.1718
1323	0.2008	0.2043	0.2046	0.2096	0.1953	0.1968	0.1979	0.2045	0.2142	0.1826	0.1760	0.1762	0.1831	0.1966	0.2159	0.1492	0.1447	0.1479	0.1579	0.1761	0.2024	0.1187	0.1090	0.1067	0.1106	0.1208	0.1408	0.1718
1324	0.2009	0.2043	0.2046	0.2096	0.1953	0.1968	0.1978	0.2045	0.2143	0.1825	0.1760	0.1763	0.1831	0.1965	0.2160	0.1491	0.1447	0.1479	0.1580	0.1761	0.2025	0.1187	0.1090	0.1067	0.1106	0.1207	0.1407	0.1719
1325	0.2008	0.2042	0.2045	0.2094	0.1952	0.1967	0.1979	0.2044	0.2145	0.1826	0.1761	0.1762	0.1831	0.1965	0.2160	0.1489	0.1445	0.1480	0.1580	0.1762	0.2026	0.1187	0.1090	0.1068	0.1106	0.1206	0.1408	0.1719
1326	0.2007	0.2040	0.2045	0.2093	0.1952	0.1966	0.1979	0.2043	0.2146	0.1825	0.1761	0.1761	0.1830	0.1964	0.2159	0.1488	0.1444	0.1480	0.1580	0.1762	0.2027	0.1187	0.1090	0.1068	0.1105	0.1206	0.1409	0.1719
1327	0.2007	0.2040	0.2045	0.2091	0.1951	0.1966	0.1978	0.2042	0.2145	0.1824	0.1760	0.1761	0.1830	0.1964	0.2158	0.1489	0.1443	0.1478	0.1579	0.1762	0.2027	0.1186	0.1091	0.1067	0.1105	0.1205	0.1409	0.1719
1328	0.2006	0.2040	0.2045	0.2090	0.1950	0.1965	0.1977	0.2042	0.2144	0.1822	0.1759	0.1760	0.1830	0.1963	0.2156	0.1489	0.1442	0.1477	0.1577	0.1762	0.2026	0.1185	0.1091	0.1067	0.1105	0.1205	0.1409	0.1720
1329	0.2006	0.2040	0.2043	0.2089	0.1949	0.1964	0.1976	0.2040	0.2144	0.1822	0.1759	0.1759	0.1829	0.1962	0.2156	0.1489	0.1443	0.1476	0.1578	0.1760	0.2025	0.1184	0.1089	0.1068	0.1104	0.1205	0.1409	0.1719
1330	0.2006	0.2040	0.2042	0.2088	0.1948	0.1962	0.1976	0.2038	0.2144	0.1821	0.1759	0.1758	0.1828	0.1962	0.2156	0.1490	0.1443	0.1476	0.1579	0.1759	0.2024	0.1182	0.1088	0.1068	0.1103	0.1205	0.1409	0.1719
1331	0.2005	0.2039	0.2042	0.2088	0.1949	0.1962	0.1976	0.2038	0.2144	0.1819	0.1759	0.1757	0.1828	0.1962	0.2155	0.1490	0.1444	0.1474	0.1578	0.1758	0.2024	0.1181	0.1088	0.1067	0.1102	0.1207	0.1408	0.1718
1332	0.2004	0.2038	0.2041	0.2088	0.1950	0.1961	0.1975	0.2038	0.2144	0.1818	0.1759	0.1757	0.1829	0.1962	0.2155	0.1491	0.1444	0.1473	0.1577	0.1757	0.2023	0.1180	0.1089	0.1067	0.1100	0.1208	0.1406	0.1717
1333	0.2004	0.2039	0.2041	0.2086	0.1949	0.1960	0.1974	0.2038	0.2143	0.1816	0.1758	0.1756	0.1830	0.1960	0.2155	0.1489	0.1444	0.1472	0.1576	0.1757	0.2024	0.1181	0.1089	0.1065	0.1101	0.1207	0.1406	0.1717
1334	0.2003	0.2039	0.2041	0.2084	0.1949	0.1960	0.1972	0.2037	0.2142	0.1814	0.1757	0.1755	0.1830	0.1957	0.2155	0.1487	0.1443	0.1472	0.1576	0.1757	0.2025	0.1181	0.1090	0.1063	0.1101	0.1207	0.1406	0.1717
1335	0.2004	0.2038	0.2041	0.2084	0.1948	0.1959	0.1972	0.2037	0.2141	0.1813	0.1758	0.1753	0.1830	0.1956	0.2154	0.1486	0.1442	0.1471	0.1575	0.1757	0.2024	0.1181	0.1089	0.1063	0.1102	0.1206	0.1406	0.1716
1336	0.2005	0.2037	0.2040	0.2084	0.1947	0.1957	0.1972	0.2037	0.2140	0.1813	0.1759	0.1752	0.1830	0.1956	0.2153	0.1485	0.1441	0.1470	0.1574	0.1758	0.2023	0.1182	0.1088	0.1062	0.1102	0.1205	0.1406	0.1714
1337	0.2003	0.2035	0.2040	0.2083	0.1945	0.1956	0.1970	0.2037	0.2139	0.1813	0.1759	0.1751	0.1829	0.1956	0.2150	0.1483	0.1441	0.1470	0.1574	0.1757	0.2023	0.1181	0.1086	0.1063	0.1101	0.1204	0.1405	0.1714
1338	0.2001	0.2033	0.2038	0.2081	0.1943	0.1956	0.1969	0.2036	0.2137	0.1812	0.1759	0.1750	0.1828	0.1955	0.2148	0.1481	0.1441	0.1469	0.1575	0.1756	0.2023	0.1181	0.1084	0.1063	0.1099	0.1204	0.1404	0.1714
1339	0.2001	0.2032	0.2038	0.2080	0.1943	0.1955	0.1968	0.2036	0.2137	0.1812	0.1759	0.1748	0.1827	0.1955	0.2147	0.1480	0.1441	0.1469	0.1574	0.1755	0.2021	0.1181	0.1085	0.1063	0.1098	0.1203	0.1404	0.1715
1340	0.2001	0.2032	0.2037	0.2080	0.1944	0.1953	0.1968	0.2035	0.2136	0.1812	0.1759	0.1747	0.1827	0.1955	0.2146	0.1481	0.1440	0.1468	0.1573	0.1754	0.2020	0.1180	0.1086	0.1063	0.1098	0.1202	0.1404	0.1715
1341	0.2000	0.2032	0.2036	0.2079	0.1943	0.1953	0.1967	0.2034	0.2135	0.1811	0.1758	0.1747	0.1827	0.1955	0.2145	0.1481	0.1440	0.1468	0.1574	0.1753	0.2019	0.1180	0.1085	0.1061	0.1097	0.1201	0.1404	0.1715
1342	0.1999	0.2032	0.2035	0.2078	0.1942	0.1953	0.1965	0.2034	0.2134	0.1810	0.1758	0.1747	0.1826	0.1955	0.2146	0.1480	0.1440	0.1469	0.1575	0.1753	0.2018	0.1180	0.1084	0.1060	0.1097	0.1201	0.1403	0.1714
1343	0.1997	0.2031	0.2034	0.2076	0.1942	0.1953	0.1963	0.2033	0.2132	0.1808	0.1758	0.1747	0.1826	0.1954	0.2145	0.1481	0.1439	0.1468	0.1573	0.1753	0.2018	0.1181	0.1083	0.1059	0.1097	0.1200	0.1403	0.1713
1344	0.1995	0.2030	0.2034	0.2074	0.1942	0.1952	0.1962	0.2032	0.2131	0.1806	0.1758	0.1746	0.1827	0.1952	0.2143	0.1482	0.1437	0.1468	0.1571	0.1753	0.2018	0.1182	0.1083	0.1058	0.1096	0.1200	0.1402	0.1713
1345	0.1994	0.2030	0.2032	0.2073	0.1942	0.1952	0.1961	0.2031	0.2131	0.1806	0.1757	0.1746	0.1826	0.1950	0.2142	0.1482	0.1437	0.1468	0.1570	0.1754	0.2017	0.1181	0.1083	0.1059	0.1096	0.1200	0.1402	0.1713
1346	0.1993	0.2029	0.2029	0.2073	0.1943	0.1951	0.1959	0.2030	0.2131	0.1806	0.1756	0.1746	0.1824	0.1948	0.2142	0.1482	0.1438	0.1468	0.1569	0.1754	0.2015	0.1181	0.1083	0.1060	0.1097	0.1199	0.1403	0.1713
1347	0.1992	0.2028	0.2029	0.2072	0.1942	0.1949	0.1958	0.2029	0.2131	0.1806	0.1755	0.1745	0.1824	0.1946	0.2142	0.1481	0.1437	0.1468	0.1568	0.1753	0.2014	0.1180	0.1083	0.1060	0.1097	0.1199	0.1403	0.1712
1348	0.1992	0.2027	0.2029	0.2071	0.1940	0.1948	0.1958	0.2028	0.2130	0.1804	0.1754	0.1743	0.1826	0.1945	0.2141	0.1481	0.1435	0.1468	0.1568	0.1752	0.2015	0.1178	0.1082	0.1060	0.1096	0.1199	0.1404	0.1711
1349	0.1992	0.2025	0.2029	0.2070	0.1939	0.1947	0.1958	0.2027	0.2129	0.1803	0.1754	0.1742	0.1826	0.1944	0.2140	0.1480	0.1432	0.1467	0.1568	0.1751	0.2015	0.1178	0.1082	0.1060	0.1096	0.1198	0.1404	0.1710
1350	0.1991	0.2024	0.2028	0.2069	0.1938	0.1947	0.1957	0.2025	0.2127	0.1802	0.1753	0.1743	0.1826	0.1944	0.2140	0.1481	0.1429	0.1466	0.1568	0.1749	0.2015	0.1178	0.1083	0.1059	0.1096	0.1197	0.1403	0.1711
1351	0.1991	0.2023	0.2027	0.2067	0.1937	0.1946	0.1956	0.2024	0.2125	0.1801	0.1752	0.1743	0.1826	0.1943	0.2139	0.1481	0.1428	0.1465	0.1568	0.1748	0.2014	0.1177	0.1083	0.1058	0.1096	0.1197	0.1402	0.1710
1352	0.1990	0.2022	0.2026	0.2065	0.1934	0.1944	0.1955	0.2023	0.2125	0.1801	0.1753	0.1743	0.1826	0.1942	0.2138	0.1481	0.1428	0.1464	0.1567	0.1747	0.2014	0.1177	0.1082	0.1056	0.1096	0.1197	0.1401	0.1709
1353	0.1989	0.2021	0.2024	0.2063	0.1931	0.1942	0.1954	0.2023	0.2124	0.1800	0.1753	0.1743	0.1826	0.1941	0.2137	0.1482	0.1428	0.1464	0.1566	0.1746	0.2013	0.1176	0.1082	0.1056	0.1096	0.1197	0.1400	0.1708
1354	0.1987	0.2019	0.2021	0.2062	0.1929	0.1941	0.1954	0.2023	0.2122	0.1799	0.1754	0.1744	0.1826	0.1938	0.2135	0.1481	0.1430	0.1464	0.1564	0.1746	0.2013	0.1175	0.1082	0.1057	0.1096	0.1198	0.1399	0.1707
1355	0.1985	0.2018	0.2020	0.2061	0.1928	0.1940	0.1953	0.2023	0.2120	0.1799	0.1755	0.1744	0.1825	0.1937	0.2134	0.1480	0.1432	0.1464	0.1562	0.1745	0.2013	0.1175	0.1082	0.1058	0.1096	0.1198	0.1399	0.1706
1356	0.1984	0.2016	0.2018	0.2061	0.1926	0.1938	0.1952	0.2021	0.2120	0.1798	0.1754	0.1741	0.1825	0.1937	0.2132	0.1480	0.1430	0.1463	0.1563	0.1745	0.2013	0.1175	0.1080	0.1057	0.1094	0.1197	0.1399	0.1706
1357	0.1983	0.2015	0.2016	0.2060	0.1925	0.1937	0.1950	0.2018	0.2120	0.1797	0.1753	0.1739	0.1825	0.1936	0.2130	0.1480	0.1429	0.1461	0.1563	0.1745	0.2013	0.1176	0.1079	0.1056	0.1093	0.1197	0.1399	0.1707
1358	0.1982	0.2014	0.2016	0.2058	0.1925	0.1935	0.1948	0.2017	0.2119	0.1797	0.1752	0.1738	0.1825	0.1936	0.2130	0.1479	0.1431	0.1460	0.1563	0.1744	0.2011	0.1176	0.1079	0.1057	0.1093	0.1198	0.1398	0.1708
1359	0.1981	0.2014	0.2015	0.2056	0.1925	0.1934	0.1946	0.2016	0.2117	0.1796	0.1750	0.1737	0.1825	0.1935	0.2129	0.1479	0.1432	0.1459	0.1563	0.1743	0.2008	0.1176	0.1078	0.1057	0.1093	0.1198	0.1398	0.1708
1360	0.1979	0.2012	0.2014	0.2054	0.1924	0.1935	0.1946	0.2013	0.2117	0.1796	0.1751	0.1736	0.1823	0.1934	0.2127	0.1478	0.1431	0.1459	0.1562	0.1740	0.2008	0.1176	0.1078	0.1056	0.1093	0.1196	0.1397	0.1708
1361	0.1978	0.2010	0.2013	0.2053	0.1923	0.1935	0.1946	0.2011	0.2117	0.1796	0.1751	0.1734	0.1821	0.1933	0.2125	0.1477	0.1430	0.1459	0.1561	0.1738	0.2007	0.1176	0.1078	0.1054	0.1093	0.1195	0.1395	0.1709
1362	0.1977	0.2010	0.2012	0.2051	0.1922	0.1934	0.1945	0.2010	0.2114	0.1793	0.1751	0.1733	0.1819	0.1931	0.2124	0.1477	0.1427	0.1458	0.1560	0.1737	0.2006	0.1174	0.1077	0.1052	0.1091	0.1193	0.1394	0.1708
1363	0.1975	0.2010	0.2011	0.2050	0.1921	0.1932	0.1944	0.2008	0.2111	0.1790	0.1750	0.1733	0.1817	0.1928	0.2123	0.1477	0.1425	0.1458	0.1559	0.1736	0.2005	0.1173	0.1077	0.1050	0.1089	0.1192	0.1392	0.1707
1364	0.1974	0.2008	0.2010	0.2047	0.1920	0.1932	0.1943	0.2008	0.2110	0.1789	0.1750	0.1732	0.1817	0.1927	0.2121	0.1475	0.1424	0.1458	0.1557	0.1735	0.2003	0.1172	0.1077	0.1050	0.1088	0.1193	0.1391	0.1703
1365	0.1974	0.2006	0.2009	0.2045	0.1919	0.1933	0.1941	0.2007	0.2110	0.1788	0.1749	0.1731	0.1817	0.1925	0.2120	0.1473	0.1424	0.1458	0.1556	0.1735	0.2000	0.1171	0.1078	0.1051	0.1087	0.1195	0.1390	0.1699
1366	0.1973	0.2005	0.2008	0.2043	0.1918	0.1932	0.1939	0.2006	0.2108	0.1786	0.1749	0.1730	0.1816	0.1924	0.2118	0.1472	0.1424	0.1457	0.1554	0.1733	0.1999	0.1171	0.1077	0.1051	0.1086	0.1193	0.1389	0.1697
1367	0.1973	0.2004	0.2007	0.2041	0.1917	0.1932	0.1937	0.2004	0.2105	0.1784	0.1748	0.1729	0.1815	0.1923	0.2116	0.1471	0.1424	0.1457	0.1552	0.1730	0.1997	0.1170	0.1077	0.1051	0.1086	0.1190	0.1387	0.1695
1368	0.1972	0.2003	0.2005	0.2041	0.1916	0.1930	0.1935	0.2002	0.2103	0.1782	0.1746	0.1727	0.1814	0.1921	0.2114	0.1471	0.1422	0.1454	0.1551	0.1728	0.1994	0.1169	0.1076	0.1050	0.1085	0.1188	0.1385	0.1694
1369	0.1971	0.2002	0.2002	0.2041	0.1915	0.1927	0.1934	0.2000	0.2101	0.1781	0.1744	0.1725	0.1812	0.1918	0.2112	0.1470	0.1420	0.1451	0.1550	0.1725	0.1990	0.1168	0.1075	0.1049	0.1082	0.1186	0.1383	0.1693
1370	0.1969	0.2001	0.2001	0.2039	0.1912	0.1926	0.1932	0.1997	0.2100	0.1779	0.1743	0.1723	0.1811	0.1916	0.2109	0.1468	0.1419	0.1450	0.1549	0.1724	0.1988	0.1167	0.1074	0.1047	0.1080	0.1186	0.1382	0.1690
1371	0.1966	0.1999	0.1999	0.2036	0.1908	0.1925	0.1929	0.1995	0.2099	0.1777	0.1742	0.1721	0.1810	0.1914	0.2107	0.1466	0.1418	0.1448	0.1547	0.1723	0.1987	0.1165	0.1073	0.1046	0.1079	0.1186	0.1382	0.1687
1372	0.1964	0.1997	0.1997	0.2033	0.1906	0.1924	0.1926	0.1993	0.2097	0.1775	0.1740	0.1719	0.1807	0.1911	0.2104	0.1465	0.1416	0.1446	0.1544	0.1721	0.1985	0.1163	0.1071	0.1044	0.1078	0.1184	0.1380	0.1685
1373	0.1963	0.1994	0.1995	0.2030	0.1903	0.1922	0.1923	0.1989	0.2095	0.1773	0.1737	0.1716	0.1803	0.1907	0.2102	0.1463	0.1415	0.1444	0.1541	0.1719	0.1981	0.1160	0.1068	0.1042	0.1077	0.1181	0.1376	0.1683
1374	0.1960	0.1991	0.1993	0.2027	0.1901	0.1920	0.1920	0.1986	0.2091	0.1771	0.1734	0.1714	0.1799	0.1904	0.2098	0.1461	0.1413	0.1441	0.1539	0.1716	0.1977	0.1158	0.1066	0.1040	0.1077	0.1179	0.1375	0.1681
1375	0.1956	0.1986	0.1990	0.2025	0.1899	0.1917	0.1918	0.1983	0.2086	0.1768	0.1731	0.1711	0.1796	0.1902	0.2094	0.1459	0.1410	0.1439	0.1537	0.1712	0.1973	0.1156	0.1065	0.1037	0.1075	0.1177	0.1374	0.1680
1376	0.1952	0.1982	0.1986	0.2021	0.1895	0.1913	0.1914	0.1979	0.2081	0.1765	0.1728	0.1708	0.1792	0.1898	0.2091	0.1457	0.1408	0.1436	0.1535	0.1708	0.1969	0.1154	0.1064	0.1034	0.1073	0.1174	0.1371	0.1676
1377	0.1948	0.1977	0.1981	0.2016	0.1889	0.1908	0.1910	0.1975	0.2075	0.1762	0.1724	0.1705	0.1789	0.1893	0.2087	0.1454	0.1405	0.1434	0.1532	0.1704	0.1966	0.1152	0.1062	0.1031	0.1070	0.1171	0.1367	0.1671
1378	0.1943	0.1972	0.1976	0.2011	0.1882	0.1903	0.1905	0.1971	0.2069	0.1759	0.1719	0.1701	0.1785	0.1888	0.2083	0.1451	0.1401	0.1431	0.1528	0.1700	0.1962	0.1149	0.1059	0.1029	0.1067	0.1169	0.1364	0.1666
1379	0.1939	0.1968	0.1970	0.2006	0.1876	0.1898	0.1899	0.1965	0.2064	0.1756	0.1714	0.1696	0.1781	0.1882	0.2077	0.1448	0.1397	0.1426	0.1523	0.1695	0.1957	0.1146	0.1056	0.1029	0.1063	0.1166	0.1360	0.1663
1380	0.1934	0.1962	0.1964	0.2000	0.1870	0.1892	0.1893	0.1959	0.2059	0.1750	0.1709	0.1691	0.1776	0.1876	0.2070	0.1445	0.1393	0.1421	0.1518	0.1690	0.1951	0.1144	0.1053	0.1028	0.1060	0.1163	0.1357	0.1659
1381	0.1929	0.1955	0.1957	0.1993	0.1865	0.1885	0.1886	0.1953	0.2053	0.1744	0.1705	0.1686	0.1769	0.1871	0.2063	0.1440	0.1389	0.1416	0.1514	0.1684	0.1946	0.1142	0.1050	0.1026	0.1057	0.1160	0.1354	0.1655
1382	0.1923	0.1949	0.1950	0.1985	0.1859	0.1878	0.1879	0.1946	0.2046	0.1737	0.1700	0.1681	0.1763	0.1865	0.2055	0.1436	0.1384	0.1411	0.1508	0.1679	0.1940	0.1138	0.1046	0.1023	0.1053	0.1157	0.1350	0.1651
1383	0.1915	0.1941	0.1941	0.1976	0.1851	0.1870	0.1873	0.1937	0.2038	0.1729	0.1693	0.1676	0.1756	0.1857	0.2048	0.1431	0.1379	0.1406	0.1502	0.1675	0.1933	0.1134	0.1042	0.1017	0.1050	0.1154	0.1344	0.1645
1384	0.1906	0.1933	0.1933	0.1967	0.1844	0.1863	0.1867	0.1930	0.2029	0.1722	0.1686	0.1669	0.1749	0.1849	0.2040	0.1426	0.1373	0.1400	0.1496	0.1670	0.1926	0.1129	0.1037	0.1012	0.1047	0.1150	0.1338	0.1639
1385	0.1897	0.1926	0.1924	0.1960	0.1835	0.1854	0.1859	0.1923	0.2021	0.1716	0.1678	0.1663	0.1741	0.1841	0.2031	0.1420	0.1367	0.1395	0.1489	0.1663	0.1919	0.1125	0.1032	0.1008	0.1042	0.1144	0.1333	0.1633
1386	0.1887	0.1918	0.1916	0.1952	0.1827	0.1845	0.1851	0.1915	0.2013	0.1709	0.1671	0.1655	0.1733	0.1833	0.2022	0.1413	0.1361	0.1389	0.1483	0.1655	0.1912	0.1122	0.1027	0.1004	0.1037	0.1138	0.1328	0.1627
1387	0.1879	0.1909	0.1908	0.1942	0.1820	0.1836	0.1842	0.1907	0.2003	0.1701	0.1664	0.1646	0.1724	0.1825	0.2014	0.1405	0.1355	0.1382	0.1477	0.1648	0.1903	0.1116	0.1024	0.1000	0.1033	0.1132	0.1323	0.1622
1388	0.1871	0.1899	0.1900	0.1932	0.1813	0.1828	0.1834	0.1899	0.1994	0.1692	0.1656	0.1638	0.1715	0.1817	0.2006	0.1396	0.1349	0.1375	0.1470	0.1640	0.1895	0.1111	0.1021	0.0996	0.1029	0.1127	0.1318	0.1617
1389	0.1862	0.1889	0.1890	0.1924	0.1804	0.1820	0.1826	0.1890	0.1984	0.1684	0.1648	0.1629	0.1706	0.1809	0.1996	0.1389	0.1343	0.1369	0.1461	0.1632	0.1886	0.1106	0.1016	0.0990	0.1025	0.1122	0.1310	0.1610
1390	0.1853	0.1879	0.1880	0.1916	0.1795	0.1812	0.1818	0.1881	0.1974	0.1675	0.1639	0.1621	0.1698	0.1801	0.1986	0.1381	0.1337	0.1362	0.1453	0.1625	0.1877	0.1102	0.1011	0.0985	0.1020	0.1117	0.1303	0.1604
1391	0.1844	0.1870	0.1870	0.1907	0.1787	0.1802	0.1807	0.1872	0.1965	0.1668	0.1630	0.1611	0.1689	0.1791	0.1975	0.1374	0.1329	0.1355	0.1445	0.1616	0.1870	0.1096	0.1007	0.0980	0.1015	0.1112	0.1297	0.1597
1392	0.1836	0.1862	0.1859	0.1897	0.1779	0.1791	0.1797	0.1862	0.1955	0.1660	0.1621	0.1602	0.1680	0.1781	0.1965	0.1367	0.1322	0.1348	0.1437	0.1608	0.1863	0.1091	0.1002	0.0975	0.1010	0.1106	0.1291	0.1590
1393	0.1824	0.1851	0.1848	0.1885	0.1768	0.1781	0.1786	0.1852	0.1944	0.1652	0.1610	0.1594	0.1671	0.1771	0.1954	0.1360	0.1313	0.1340	0.1429	0.1599	0.1852	0.1083	0.0997	0.0970	0.1004	0.1100	0.1284	0.1581
1394	0.1813	0.1841	0.1837	0.1873	0.1757	0.1771	0.1774	0.1841	0.1932	0.1643	0.1600	0.1585	0.1661	0.1761	0.1943	0.1353	0.1304	0.1331	0.1422	0.1590	0.1842	0.1076	0.0992	0.0965	0.0998	0.1094	0.1277	0.1573
1395	0.1803	0.1830	0.1827	0.1862	0.1746	0.1761	0.1763	0.1829	0.1919	0.1632	0.1590	0.1575	0.1651	0.1751	0.1933	0.1345	0.1297	0.1324	0.1414	0.1581	0.1832	0.1070	0.0986	0.0958	0.0992	0.1087	0.1271	0.1565
1396	0.1793	0.1819	0.1816	0.1850	0.1736	0.1750	0.1751	0.1816	0.1906	0.1622	0.1580	0.1564	0.1641	0.1741	0.1923	0.1337	0.1289	0.1316	0.1406	0.1572	0.1822	0.1064	0.0980	0.0951	0.0985	0.1080	0.1264	0.1558
1397	0.1782	0.1807	0.1805	0.1837	0.1726	0.1738	0.1741	0.1804	0.1894	0.1611	0.1570	0.1553	0.1631	0.1731	0.1912	0.1329	0.1281	0.1307	0.1397	0.1563	0.1812	0.1058	0.0973	0.0944	0.0979	0.1073	0.1256	0.1550
1398	0.1771	0.1795	0.1794	0.1825	0.1716	0.1726	0.1730	0.1791	0.1882	0.1601	0.1560	0.1542	0.1620	0.1720	0.1901	0.1321	0.1274	0.1299	0.1388	0.1553	0.1801	0.1053	0.0965	0.0937	0.0973	0.1067	0.1249	0.1541
1399	0.1759	0.1784	0.1782	0.1814	0.1705	0.1715	0.1719	0.1779	0.1870	0.1592	0.1548	0.1533	0.1609	0.1709	0.1890	0.1312	0.1266	0.1291	0.1380	0.1543	0.1791	0.1046	0.0961	0.0932	0.0966	0.1059	0.1242	0.1534
1400	0.1748	0.1772	0.1770	0.1803	0.1695	0.1705	0.1708	0.1767	0.1858	0.1582	0.1536	0.1525	0.1597	0.1698	0.1878	0.1303	0.1258	0.1283	0.1371	0.1532	0.1780	0.1039	0.0956	0.0927	0.0959	0.1052	0.1234	0.1528
1401	0.1736	0.1760	0.1757	0.1790	0.1684	0.1693	0.1697	0.1754	0.1847	0.1572	0.1524	0.1515	0.1586	0.1687	0.1866	0.1294	0.1248	0.1275	0.1362	0.1522	0.1770	0.1033	0.0950	0.0921	0.0953	0.1045	0.1227	0.1520
1402	0.1724	0.1748	0.1744	0.1777	0.1673	0.1683	0.1685	0.1742	0.1835	0.1563	0.1513	0.1506	0.1575	0.1677	0.1854	0.1285	0.1239	0.1267	0.1353	0.1512	0.1760	0.1027	0.0944	0.0914	0.0947	0.1039	0.1221	0.1512
1403	0.1713	0.1738	0.1733	0.1765	0.1662	0.1672	0.1674	0.1731	0.1823	0.1553	0.1504	0.1495	0.1563	0.1666	0.1844	0.1276	0.1231	0.1258	0.1345	0.1504	0.1751	0.1021	0.0938	0.0908	0.0941	0.1033	0.1214	0.1504
1404	0.1701	0.1727	0.1721	0.1755	0.1652	0.1662	0.1663	0.1721	0.1811	0.1543	0.1496	0.1485	0.1552	0.1655	0.1835	0.1268	0.1223	0.1249	0.1336	0.1495	0.1741	0.1016	0.0932	0.0904	0.0935	0.1027	0.1206	0.1495
1405	0.1690	0.1717	0.1711	0.1744	0.1641	0.1651	0.1652	0.1711	0.1799	0.1534	0.1487	0.1475	0.1542	0.1646	0.1825	0.1260	0.1215	0.1241	0.1328	0.1487	0.1733	0.1010	0.0926	0.0899	0.0929	0.1021	0.1199	0.1488
1406	0.1680	0.1706	0.1702	0.1733	0.1630	0.1641	0.1642	0.1701	0.1788	0.1525	0.1478	0.1465	0.1533	0.1638	0.1815	0.1252	0.1207	0.1234	0.1320	0.1480	0.1725	0.1005	0.0920	0.0894	0.0924	0.1016	0.1193	0.1480
1407	0.1670	0.1695	0.1692	0.1723	0.1621	0.1631	0.1633	0.1691	0.1778	0.1516	0.1469	0.1456	0.1524	0.1629	0.1806	0.1245	0.1200	0.1227	0.1314	0.1473	0.1717	0.1000	0.0915	0.0890	0.0919	0.1010	0.1188	0.1474
1408	0.1662	0.1685	0.1682	0.1713	0.1612	0.1620	0.1624	0.1681	0.1770	0.1508	0.1460	0.1449	0.1516	0.1620	0.1798	0.1239	0.1194	0.1221	0.1308	0.1464	0.1708	0.0995	0.0909	0.0886	0.0916	0.1005	0.1182	0.1469
1409	0.1654	0.1676	0.1673	0.1703	0.1604	0.1611	0.1616	0.1673	0.1760	0.1500	0.1452	0.1441	0.1507	0.1611	0.1788	0.1233	0.1187	0.1215	0.1301	0.1457	0.1700	0.0990	0.0904	0.0881	0.0911	0.1000	0.1177	0.1464
1410	0.1645	0.1668	0.1665	0.1694	0.1596	0.1603	0.1607	0.1665	0.1751	0.1493	0.1444	0.1433	0.1498	0.1602	0.1778	0.1227	0.1181	0.1209	0.1295	0.1450	0.1693	0.0986	0.0898	0.0875	0.0906	0.0995	0.1172	0.1458
1411	0.1638	0.1661	0.1657	0.1686	0.1588	0.1595	0.1600	0.1658	0.1742	0.1487	0.1437	0.1426	0.1490	0.1594	0.1770	0.1221	0.1175	0.1202	0.1288	0.1444	0.1685	0.0982	0.0893	0.0870	0.0902	0.0991	0.1168	0.1452
1412	0.1631	0.1654	0.1650	0.1679	0.1581	0.1588	0.1593	0.1651	0.1734	0.1481	0.1430	0.1419	0.1483	0.1587	0.1763	0.1215	0.1169	0.1195	0.1282	0.1438	0.1678	0.0977	0.0889	0.0867	0.0898	0.0987	0.1164	0.1446
1413	0.1624	0.1648	0.1643	0.1672	0.1576	0.1582	0.1587	0.1644	0.1728	0.1476	0.1424	0.1414	0.1476	0.1581	0.1756	0.1210	0.1165	0.1189	0.1276	0.1432	0.1671	0.0973	0.0886	0.0864	0.0895	0.0982	0.1159	0.1441
1414	0.1618	0.1642	0.1637	0.1666	0.1570	0.1577	0.1581	0.1637	0.1722	0.1471	0.1418	0.1409	0.1470	0.1575	0.1750	0.1206	0.1162	0.1184	0.1271	0.1427	0.1666	0.0969	0.0884	0.0860	0.0891	0.0978	0.1154	0.1437
1415	0.1612	0.1636	0.1631	0.1661	0.1564	0.1571	0.1576	0.1631	0.1716	0.1466	0.1413	0.1404	0.1464	0.1570	0.1744	0.1202	0.1159	0.1180	0.1267	0.1422	0.1660	0.0965	0.0882	0.0858	0.0888	0.0975	0.1150	0.1433
1416	0.1607	0.1631	0.1625	0.1656	0.1559	0.1566	0.1571	0.1626	0.1710	0.1461	0.1409	0.1401	0.1459	0.1567	0.1738	0.1198	0.1155	0.1177	0.1263	0.1418	0.1655	0.0962	0.0879	0.0856	0.0885	0.0973	0.1147	0.1430
1417	0.1603	0.1627	0.1620	0.1651	0.1554	0.1561	0.1567	0.1621	0.1705	0.1456	0.1406	0.1397	0.1455	0.1563	0.1733	0.1195	0.1151	0.1173	0.1260	0.1414	0.1651	0.0959	0.0876	0.0854	0.0883	0.0970	0.1144	0.1426
1418	0.1599	0.1623	0.1616	0.1646	0.1550	0.1556	0.1562	0.1616	0.1701	0.1453	0.1402	0.1392	0.1451	0.1559	0.1730	0.1192	0.1147	0.1170	0.1256	0.1410	0.1647	0.0957	0.0874	0.0852	0.0882	0.0966	0.1141	0.1422
1419	0.1596	0.1619	0.1612	0.1642	0.1546	0.1553	0.1558	0.1612	0.1697	0.1451	0.1398	0.1388	0.1448	0.1556	0.1726	0.1189	0.1144	0.1167	0.1252	0.1407	0.1644	0.0954	0.0872	0.0851	0.0879	0.0964	0.1138	0.1419
1420	0.1593	0.1616	0.1609	0.1639	0.1542	0.1550	0.1556	0.1609	0.1694	0.1447	0.1395	0.1386	0.1444	0.1553	0.1723	0.1187	0.1141	0.1165	0.1249	0.1405	0.1640	0.0953	0.0871	0.0849	0.0877	0.0962	0.1135	0.1416
1421	0.1590	0.1612	0.1605	0.1637	0.1539	0.1548	0.1553	0.1606	0.1692	0.1445	0.1392	0.1384	0.1441	0.1550	0.1719	0.1185	0.1139	0.1163	0.1246	0.1403	0.1636	0.0951	0.0869	0.0847	0.0874	0.0960	0.1133	0.1414
1422	0.1587	0.1608	0.1602	0.1634	0.1536	0.1545	0.1549	0.1602	0.1690	0.1443	0.1387	0.1382	0.1437	0.1547	0.1717	0.1183	0.1138	0.1161	0.1245	0.1400	0.1633	0.0950	0.0867	0.0846	0.0872	0.0958	0.1131	0.1411
1423	0.1584	0.1605	0.1599	0.1632	0.1534	0.1542	0.1547	0.1599	0.1687	0.1441	0.1382	0.1380	0.1434	0.1544	0.1714	0.1180	0.1137	0.1160	0.1244	0.1397	0.1630	0.0949	0.0865	0.0844	0.0870	0.0956	0.1130	0.1409
1424	0.1581	0.1603	0.1597	0.1630	0.1531	0.1540	0.1545	0.1597	0.1685	0.1439	0.1379	0.1376	0.1432	0.1541	0.1712	0.1177	0.1135	0.1158	0.1243	0.1395	0.1628	0.0947	0.0864	0.0843	0.0869	0.0955	0.1127	0.1406
1425	0.1579	0.1601	0.1596	0.1628	0.1529	0.1538	0.1543	0.1595	0.1682	0.1436	0.1377	0.1374	0.1430	0.1539	0.1710	0.1174	0.1133	0.1157	0.1242	0.1393	0.1625	0.0945	0.0863	0.0841	0.0868	0.0954	0.1125	0.1404
1426	0.1576	0.1599	0.1594	0.1627	0.1527	0.1535	0.1541	0.1592	0.1679	0.1435	0.1377	0.1372	0.1428	0.1536	0.1707	0.1173	0.1132	0.1155	0.1240	0.1391	0.1623	0.0944	0.0861	0.0839	0.0868	0.0952	0.1123	0.1402
1427	0.1574	0.1598	0.1592	0.1626	0.1526	0.1533	0.1540	0.1589	0.1678	0.1434	0.1376	0.1370	0.1426	0.1535	0.1705	0.1172	0.1130	0.1154	0.1238	0.1389	0.1621	0.0943	0.0860	0.0838	0.0868	0.0951	0.1121	0.1401
1428	0.1572	0.1595	0.1589	0.1625	0.1525	0.1532	0.1538	0.1587	0.1676	0.1433	0.1374	0.1369	0.1424	0.1534	0.1703	0.1171	0.1129	0.1153	0.1236	0.1388	0.1619	0.0942	0.0860	0.0838	0.0867	0.0951	0.1121	0.1400
1429	0.1571	0.1593	0.1587	0.1623	0.1523	0.1531	0.1537	0.1586	0.1674	0.1432	0.1372	0.1368	0.1422	0.1533	0.1702	0.1169	0.1128	0.1152	0.1234	0.1386	0.1616	0.0941	0.0860	0.0838	0.0867	0.0950	0.1120	0.1399
1430	0.1569	0.1591	0.1584	0.1622	0.1522	0.1530	0.1536	0.1584	0.1672	0.1431	0.1371	0.1366	0.1421	0.1531	0.1700	0.1168	0.1126	0.1150	0.1233	0.1384	0.1615	0.0940	0.0859	0.0837	0.0866	0.0948	0.1118	0.1396
1431	0.1567	0.1589	0.1582	0.1620	0.1520	0.1529	0.1535	0.1582	0.1670	0.1431	0.1369	0.1365	0.1420	0.1529	0.1698	0.1168	0.1125	0.1149	0.1232	0.1382	0.1613	0.0939	0.0858	0.0836	0.0865	0.0946	0.1116	0.1394
1432	0.1566	0.1588	0.1582	0.1619	0.1520	0.1528	0.1533	0.1581	0.1668	0.1430	0.1368	0.1364	0.1418	0.1527	0.1697	0.1167	0.1125	0.1148	0.1231	0.1381	0.1612	0.0939	0.0857	0.0835	0.0864	0.0946	0.1116	0.1393
1433	0.1565	0.1587	0.1581	0.1618	0.1519	0.1526	0.1532	0.1580	0.1666	0.1430	0.1367	0.1363	0.1417	0.1527	0.1695	0.1167	0.1126	0.1147	0.1230	0.1381	0.1611	0.0939	0.0856	0.0834	0.0863	0.0946	0.1116	0.1392
1434	0.1564	0.1586	0.1581	0.1617	0.1518	0.1526	0.1531	0.1579	0.1664	0.1429	0.1366	0.1362	0.1415	0.1526	0.1694	0.1166	0.1125	0.1147	0.1229	0.1380	0.1611	0.0937	0.0855	0.0834	0.0861	0.0945	0.1115	0.1391
1435	0.1563	0.1585	0.1581	0.1615	0.1517	0.1526	0.1530	0.1578	0.1663	0.1427	0.1365	0.1362	0.1414	0.1525	0.1692	0.1165	0.1124	0.1146	0.1228	0.1380	0.1610	0.0936	0.0854	0.0834	0.0860	0.0944	0.1115	0.1390
1436	0.1561	0.1584	0.1580	0.1614	0.1516	0.1525	0.1530	0.1577	0.1663	0.1426	0.1365	0.1361	0.1413	0.1524	0.1691	0.1165	0.1124	0.1146	0.1226	0.1378	0.1610	0.0937	0.0854	0.0833	0.0860	0.0944	0.1114	0.1389
1437	0.1560	0.1584	0.1579	0.1612	0.1515	0.1523	0.1530	0.1576	0.1662	0.1426	0.1364	0.1360	0.1412	0.1524	0.1691	0.1165	0.1124	0.1146	0.1225	0.1376	0.1609	0.0938	0.0854	0.0831	0.0859	0.0943	0.1113	0.1388
1438	0.1560	0.1583	0.1578	0.1612	0.1514	0.1523	0.1528	0.1575	0.1660	0.1425	0.1365	0.1359	0.1410	0.1523	0.1690	0.1164	0.1123	0.1145	0.1225	0.1375	0.1608	0.0938	0.0854	0.0832	0.0859	0.0942	0.1112	0.1387
1439	0.1560	0.1583	0.1577	0.1612	0.1514	0.1522	0.1527	0.1574	0.1658	0.1423	0.1365	0.1359	0.1408	0.1521	0.1689	0.1163	0.1122	0.1144	0.1225	0.1375	0.1606	0.0938	0.0854	0.0832	0.0858	0.0942	0.1112	0.1387
1440	0.1559	0.1583	0.1576	0.1611	0.1513	0.1522	0.1527	0.1573	0.1658	0.1424	0.1365	0.1358	0.1408	0.1521	0.1689	0.1162	0.1122	0.1144	0.1224	0.1374	0.1605	0.0937	0.0854	0.0832	0.0858	0.0942	0.1110	0.1386
1441	0.1559	0.1582	0.1575	0.1609	0.1513	0.1522	0.1527	0.1573	0.1657	0.1424	0.1364	0.1358	0.1408	0.1521	0.1689	0.1162	0.1121	0.1144	0.1223	0.1373	0.1605	0.0935	0.0854	0.0832	0.0857	0.0942	0.1109	0.1385
1442	0.1559	0.1581	0.1575	0.1609	0.1512	0.1522	0.1526	0.1573	0.1657	0.1425	0.1363	0.1358	0.1408	0.1520	0.1689	0.1162	0.1121	0.1143	0.1223	0.1372	0.1604	0.0935	0.0855	0.0832	0.0857	0.0942	0.1109	0.1385
1443	0.1558	0.1581	0.1576	0.1608	0.1511	0.1522	0.1526	0.1573	0.1656	0.1425	0.1361	0.1358	0.1407	0.1520	0.1688	0.1163	0.1121	0.1142	0.1223	0.1372	0.1602	0.0935	0.0856	0.0831	0.0858	0.0941	0.1108	0.1386
1444	0.1558	0.1580	0.1575	0.1607	0.1512	0.1522	0.1526	0.1572	0.1656	0.1424	0.1360	0.1357	0.1407	0.1520	0.1688	0.1163	0.1121	0.1142	0.1222	0.1371	0.1602	0.0935	0.0856	0.0831	0.0858	0.0940	0.1108	0.1386
1445	0.1557	0.1579	0.1574	0.1607	0.1512	0.1522	0.1526	0.1572	0.1656	0.1424	0.1358	0.1357	0.1407	0.1520	0.1687	0.1162	0.1121	0.1141	0.1222	0.1371	0.1603	0.0935	0.0856	0.0831	0.0858	0.0940	0.1108	0.1385
1446	0.1557	0.1580	0.1573	0.1606	0.1512	0.1522	0.1526	0.1572	0.1656	0.1424	0.1358	0.1357	0.1406	0.1520	0.1687	0.1162	0.1122	0.1142	0.1222	0.1371	0.1603	0.0934	0.0856	0.0831	0.0857	0.0941	0.1108	0.1383
1447	0.1557	0.1581	0.1573	0.1606	0.1513	0.1522	0.1525	0.1572	0.1656	0.1426	0.1359	0.1358	0.1406	0.1519	0.1688	0.1162	0.1122	0.1143	0.1223	0.1371	0.1602	0.0934	0.0856	0.0831	0.0857	0.0941	0.1107	0.1382
1448	0.1557	0.1581	0.1573	0.1607	0.1513	0.1522	0.1525	0.1572	0.1656	0.1426	0.1359	0.1358	0.1405	0.1520	0.1688	0.1162	0.1122	0.1143	0.1223	0.1371	0.1602	0.0935	0.0856	0.0831	0.0857	0.0940	0.1107	0.1381
1449	0.1559	0.1581	0.1574	0.1607	0.1514	0.1521	0.1525	0.1573	0.1656	0.1426	0.1360	0.1357	0.1404	0.1522	0.1686	0.1162	0.1121	0.1143	0.1222	0.1371	0.1602	0.0936	0.0856	0.0831	0.0857	0.0940	0.1107	0.1380
1450	0.1559	0.1581	0.1574	0.1607	0.1514	0.1521	0.1525	0.1573	0.1656	0.1425	0.1360	0.1357	0.1404	0.1522	0.1686	0.1162	0.1121	0.1143	0.1222	0.1371	0.1601	0.0936	0.0856	0.0831	0.0857	0.0940	0.1107	0.1380
1451	0.1559	0.1581	0.1573	0.1607	0.1514	0.1521	0.1525	0.1573	0.1656	0.1425	0.1360	0.1358	0.1404	0.1521	0.1686	0.1163	0.1121	0.1144	0.1223	0.1370	0.1600	0.0936	0.0855	0.0831	0.0858	0.0939	0.1106	0.1379
1452	0.1559	0.1582	0.1572	0.1607	0.1514	0.1521	0.1526	0.1573	0.1657	0.1425	0.1360	0.1359	0.1404	0.1522	0.1686	0.1163	0.1122	0.1144	0.1223	0.1370	0.1600	0.0936	0.0855	0.0831	0.0858	0.0938	0.1105	0.1379
1453	0.1559	0.1582	0.1571	0.1608	0.1514	0.1521	0.1528	0.1573	0.1657	0.1426	0.1361	0.1359	0.1405	0.1523	0.1686	0.1162	0.1123	0.1143	0.1223	0.1371	0.1601	0.0938	0.0855	0.0831	0.0858	0.0938	0.1105	0.1378
1454	0.1559	0.1582	0.1572	0.1608	0.1514	0.1521	0.1528	0.1574	0.1658	0.1427	0.1361	0.1359	0.1405	0.1523	0.1686	0.1162	0.1123	0.1142	0.1223	0.1371	0.1600	0.0938	0.0855	0.0831	0.0858	0.0938	0.1104	0.1377
1455	0.1558	0.1583	0.1573	0.1609	0.1515	0.1522	0.1528	0.1575	0.1658	0.1428	0.1361	0.1358	0.1404	0.1524	0.1686	0.1163	0.1123	0.1142	0.1224	0.1371	0.1600	0.0938	0.0857	0.0830	0.0859	0.0939	0.1104	0.1377
1456	0.1559	0.1585	0.1574	0.1608	0.1516	0.1522	0.1528	0.1576	0.1658	0.1428	0.1362	0.1359	0.1405	0.1524	0.1687	0.1165	0.1123	0.1143	0.1224	0.1371	0.1599	0.0938	0.0857	0.0830	0.0859	0.0939	0.1105	0.1377
1457	0.1559	0.1586	0.1573	0.1608	0.1517	0.1522	0.1530	0.1576	0.1659	0.1429	0.1363	0.1361	0.1406	0.1524	0.1687	0.1166	0.1124	0.1144	0.1223	0.1371	0.1600	0.0939	0.0857	0.0831	0.0860	0.0939	0.1105	0.1377
1458	0.1559	0.1587	0.1574	0.1608	0.1517	0.1523	0.1530	0.1577	0.1660	0.1430	0.1364	0.1362	0.1406	0.1525	0.1687	0.1167	0.1124	0.1145	0.1223	0.1372	0.1601	0.0939	0.0857	0.0831	0.0860	0.0939	0.1105	0.1377
1459	0.1560	0.1588	0.1575	0.1609	0.1517	0.1523	0.1530	0.1578	0.1660	0.1431	0.1364	0.1362	0.1407	0.1526	0.1688	0.1167	0.1125	0.1146	0.1224	0.1373	0.1601	0.0940	0.0857	0.0832	0.0860	0.0940	0.1106	0.1377
1460	0.1562	0.1589	0.1577	0.1610	0.1518	0.1524	0.1531	0.1578	0.1660	0.1432	0.1364	0.1363	0.1408	0.1527	0.1690	0.1168	0.1125	0.1146	0.1225	0.1374	0.1602	0.0941	0.0857	0.0833	0.0860	0.0940	0.1106	0.1378
1461	0.1563	0.1590	0.1578	0.1611	0.1519	0.1526	0.1533	0.1579	0.1662	0.1433	0.1364	0.1363	0.1408	0.1527	0.1691	0.1168	0.1126	0.1147	0.1225	0.1374	0.1603	0.0941	0.0857	0.0834	0.0860	0.0940	0.1106	0.1377
1462	0.1564	0.1591	0.1580	0.1613	0.1521	0.1527	0.1534	0.1581	0.1663	0.1434	0.1365	0.1363	0.1409	0.1528	0.1692	0.1169	0.1127	0.1147	0.1226	0.1375	0.1604	0.0942	0.0858	0.0835	0.0860	0.0940	0.1106	0.1377
1463	0.1566	0.1592	0.1581	0.1614	0.1523	0.1528	0.1535	0.1583	0.1664	0.1436	0.1367	0.1365	0.1412	0.1530	0.1693	0.1169	0.1129	0.1149	0.1227	0.1376	0.1605	0.0942	0.0859	0.0835	0.0862	0.0941	0.1107	0.1378
1464	0.1567	0.1594	0.1583	0.1615	0.1525	0.1529	0.1536	0.1585	0.1665	0.1438	0.1369	0.1367	0.1414	0.1531	0.1694	0.1170	0.1131	0.1150	0.1229	0.1377	0.1606	0.0943	0.0860	0.0836	0.0863	0.0943	0.1107	0.1379
1465	0.1570	0.1596	0.1584	0.1618	0.1527	0.1531	0.1537	0.1586	0.1667	0.1440	0.1371	0.1369	0.1415	0.1532	0.1695	0.1172	0.1131	0.1151	0.1230	0.1377	0.1606	0.0943	0.0861	0.0837	0.0863	0.0944	0.1108	0.1380
1466	0.1572	0.1598	0.1586	0.1620	0.1529	0.1533	0.1539	0.1588	0.1668	0.1441	0.1372	0.1370	0.1417	0.1532	0.1697	0.1175	0.1132	0.1152	0.1232	0.1377	0.1607	0.0943	0.0861	0.0838	0.0863	0.0945	0.1109	0.1381
1467	0.1575	0.1600	0.1588	0.1622	0.1531	0.1536	0.1542	0.1590	0.1670	0.1443	0.1374	0.1373	0.1421	0.1535	0.1698	0.1177	0.1134	0.1155	0.1233	0.1379	0.1609	0.0945	0.0862	0.0838	0.0865	0.0946	0.1108	0.1382
1468	0.1577	0.1602	0.1590	0.1624	0.1533	0.1539	0.1545	0.1593	0.1673	0.1445	0.1376	0.1375	0.1424	0.1537	0.1699	0.1179	0.1136	0.1157	0.1235	0.1382	0.1612	0.0946	0.0863	0.0839	0.0867	0.0948	0.1109	0.1384
1469	0.1580	0.1605	0.1593	0.1628	0.1536	0.1543	0.1548	0.1595	0.1674	0.1447	0.1380	0.1377	0.1426	0.1540	0.1702	0.1181	0.1137	0.1158	0.1237	0.1385	0.1613	0.0948	0.0864	0.0840	0.0868	0.0949	0.1111	0.1385
1470	0.1583	0.1608	0.1597	0.1632	0.1539	0.1547	0.1551	0.1598	0.1676	0.1450	0.1383	0.1380	0.1428	0.1543	0.1704	0.1182	0.1138	0.1160	0.1238	0.1387	0.1615	0.0949	0.0866	0.0841	0.0870	0.0950	0.1113	0.1386
1471	0.1586	0.1611	0.1600	0.1634	0.1542	0.1550	0.1554	0.1601	0.1679	0.1452	0.1385	0.1383	0.1431	0.1545	0.1707	0.1185	0.1140	0.1162	0.1241	0.1390	0.1617	0.0951	0.0868	0.0843	0.0872	0.0951	0.1115	0.1389
1472	0.1589	0.1614	0.1604	0.1637	0.1546	0.1554	0.1557	0.1604	0.1682	0.1454	0.1387	0.1385	0.1433	0.1547	0.1710	0.1187	0.1143	0.1164	0.1243	0.1392	0.1620	0.0952	0.0870	0.0845	0.0873	0.0953	0.1116	0.1391
1473	0.1593	0.1617	0.1607	0.1640	0.1549	0.1558	0.1559	0.1607	0.1686	0.1457	0.1390	0.1388	0.1435	0.1550	0.1714	0.1189	0.1145	0.1167	0.1245	0.1393	0.1622	0.0956	0.0872	0.0847	0.0874	0.0955	0.1119	0.1393
1474	0.1597	0.1621	0.1610	0.1643	0.1552	0.1562	0.1562	0.1610	0.1690	0.1460	0.1393	0.1391	0.1437	0.1553	0.1718	0.1191	0.1148	0.1170	0.1247	0.1395	0.1624	0.0958	0.0873	0.0850	0.0875	0.0958	0.1121	0.1396
1475	0.1600	0.1625	0.1614	0.1647	0.1555	0.1565	0.1566	0.1614	0.1694	0.1463	0.1397	0.1394	0.1441	0.1556	0.1721	0.1194	0.1151	0.1173	0.1250	0.1398	0.1626	0.0960	0.0874	0.0852	0.0876	0.0959	0.1123	0.1397
1476	0.1603	0.1628	0.1617	0.1650	0.1558	0.1569	0.1569	0.1617	0.1698	0.1467	0.1400	0.1396	0.1445	0.1559	0.1724	0.1196	0.1154	0.1175	0.1253	0.1401	0.1629	0.0961	0.0876	0.0854	0.0878	0.0961	0.1125	0.1398
1477	0.1606	0.1632	0.1620	0.1655	0.1560	0.1573	0.1572	0.1620	0.1702	0.1470	0.1404	0.1399	0.1448	0.1563	0.1727	0.1198	0.1156	0.1177	0.1256	0.1404	0.1632	0.0964	0.0878	0.0856	0.0881	0.0962	0.1127	0.1400
1478	0.1609	0.1635	0.1624	0.1659	0.1564	0.1577	0.1574	0.1623	0.1706	0.1473	0.1409	0.1403	0.1452	0.1566	0.1729	0.1201	0.1159	0.1180	0.1260	0.1407	0.1635	0.0967	0.0880	0.0858	0.0884	0.0963	0.1129	0.1401
1479	0.1613	0.1640	0.1628	0.1663	0.1568	0.1581	0.1578	0.1627	0.1710	0.1477	0.1412	0.1406	0.1456	0.1570	0.1734	0.1204	0.1162	0.1183	0.1263	0.1409	0.1638	0.0968	0.0883	0.0859	0.0886	0.0966	0.1131	0.1404
1480	0.1618	0.1644	0.1633	0.1667	0.1573	0.1585	0.1581	0.1632	0.1714	0.1481	0.1416	0.1409	0.1459	0.1573	0.1738	0.1207	0.1164	0.1186	0.1266	0.1411	0.1641	0.0970	0.0886	0.0861	0.0888	0.0968	0.1133	0.1407
1481	0.1622	0.1649	0.1638	0.1672	0.1578	0.1589	0.1586	0.1636	0.1717	0.1484	0.1419	0.1414	0.1463	0.1577	0.1742	0.1210	0.1167	0.1189	0.1268	0.1414	0.1644	0.0972	0.0888	0.0863	0.0890	0.0971	0.1135	0.1409
1482	0.1626	0.1653	0.1643	0.1676	0.1582	0.1593	0.1591	0.1640	0.1721	0.1487	0.1423	0.1418	0.1466	0.1581	0.1745	0.1213	0.1170	0.1191	0.1271	0.1417	0.1647	0.0975	0.0890	0.0865	0.0892	0.0973	0.1136	0.1412
1483	0.1631	0.1658	0.1647	0.1680	0.1586	0.1596	0.1596	0.1644	0.1725	0.1491	0.1427	0.1422	0.1471	0.1584	0.1749	0.1216	0.1173	0.1194	0.1274	0.1419	0.1650	0.0977	0.0892	0.0867	0.0894	0.0975	0.1138	0.1414
1484	0.1635	0.1662	0.1651	0.1685	0.1590	0.1600	0.1600	0.1648	0.1729	0.1494	0.1432	0.1425	0.1476	0.1588	0.1752	0.1219	0.1177	0.1197	0.1277	0.1422	0.1653	0.0978	0.0895	0.0868	0.0896	0.0978	0.1140	0.1416
1485	0.1640	0.1666	0.1655	0.1689	0.1594	0.1604	0.1604	0.1651	0.1734	0.1499	0.1436	0.1430	0.1479	0.1592	0.1756	0.1222	0.1180	0.1200	0.1280	0.1426	0.1656	0.0981	0.0897	0.0871	0.0898	0.0980	0.1143	0.1418
1486	0.1645	0.1670	0.1660	0.1693	0.1599	0.1609	0.1608	0.1654	0.1739	0.1502	0.1440	0.1434	0.1483	0.1595	0.1760	0.1225	0.1184	0.1203	0.1283	0.1429	0.1659	0.0984	0.0898	0.0874	0.0900	0.0982	0.1145	0.1419
1487	0.1649	0.1674	0.1665	0.1697	0.1602	0.1612	0.1613	0.1659	0.1743	0.1505	0.1443	0.1437	0.1487	0.1598	0.1764	0.1229	0.1186	0.1205	0.1286	0.1432	0.1663	0.0986	0.0900	0.0876	0.0902	0.0983	0.1147	0.1421
1488	0.1653	0.1678	0.1670	0.1701	0.1606	0.1615	0.1617	0.1663	0.1746	0.1508	0.1446	0.1441	0.1492	0.1602	0.1768	0.1234	0.1188	0.1208	0.1288	0.1436	0.1666	0.0988	0.0903	0.0879	0.0904	0.0985	0.1149	0.1423
1489	0.1657	0.1682	0.1674	0.1705	0.1610	0.1620	0.1621	0.1669	0.1751	0.1512	0.1451	0.1444	0.1496	0.1606	0.1771	0.1237	0.1192	0.1211	0.1291	0.1439	0.1669	0.0991	0.0905	0.0881	0.0907	0.0987	0.1151	0.1425
1490	0.1662	0.1687	0.1677	0.1710	0.1614	0.1625	0.1625	0.1674	0.1756	0.1517	0.1455	0.1447	0.1499	0.1610	0.1775	0.1240	0.1196	0.1214	0.1294	0.1441	0.1672	0.0994	0.0907	0.0883	0.0910	0.0989	0.1153	0.1428
1491	0.1666	0.1692	0.1682	0.1715	0.1619	0.1629	0.1630	0.1678	0.1761	0.1521	0.1459	0.1452	0.1503	0.1614	0.1778	0.1244	0.1199	0.1217	0.1297	0.1445	0.1675	0.0996	0.0909	0.0884	0.0911	0.0992	0.1155	0.1431
1492	0.1671	0.1698	0.1687	0.1719	0.1623	0.1634	0.1635	0.1683	0.1765	0.1525	0.1464	0.1457	0.1506	0.1617	0.1782	0.1247	0.1202	0.1222	0.1300	0.1449	0.1679	0.0999	0.0910	0.0886	0.0912	0.0994	0.1157	0.1434
1493	0.1676	0.1703	0.1691	0.1724	0.1627	0.1639	0.1640	0.1688	0.1769	0.1529	0.1468	0.1460	0.1511	0.1621	0.1787	0.1250	0.1204	0.1225	0.1303	0.1453	0.1683	0.1001	0.0913	0.0889	0.0914	0.0996	0.1158	0.1435
1494	0.1681	0.1707	0.1695	0.1729	0.1631	0.1643	0.1645	0.1692	0.1772	0.1532	0.1471	0.1464	0.1516	0.1624	0.1792	0.1252	0.1207	0.1227	0.1307	0.1457	0.1687	0.1004	0.0915	0.0891	0.0916	0.0998	0.1160	0.1437
1495	0.1686	0.1712	0.1699	0.1733	0.1635	0.1647	0.1650	0.1697	0.1778	0.1536	0.1475	0.1467	0.1520	0.1627	0.1795	0.1254	0.1211	0.1231	0.1310	0.1460	0.1690	0.1006	0.0918	0.0894	0.0918	0.1000	0.1163	0.1439
1496	0.1690	0.1718	0.1703	0.1737	0.1640	0.1651	0.1655	0.1701	0.1783	0.1540	0.1480	0.1471	0.1524	0.1631	0.1797	0.1257	0.1215	0.1234	0.1314	0.1462	0.1693	0.1008	0.0921	0.0896	0.0921	0.1002	0.1166	0.1441
1497	0.1695	0.1722	0.1708	0.1741	0.1644	0.1655	0.1659	0.1706	0.1788	0.1542	0.1484	0.1476	0.1528	0.1635	0.1801	0.1260	0.1218	0.1236	0.1316	0.1465	0.1696	0.1009	0.0924	0.0897	0.0923	0.1004	0.1169	0.1444
1498	0.1701	0.1726	0.1713	0.1747	0.1648	0.1659	0.1663	0.1710	0.1793	0.1545	0.1489	0.1480	0.1533	0.1638	0.1804	0.1263	0.1221	0.1239	0.1318	0.1468	0.1699	0.1011	0.0927	0.0898	0.0926	0.1007	0.1171	0.1446
1499	0.1705	0.1731	0.1718	0.1752	0.1653	0.1664	0.1667	0.1715	0.1797	0.1548	0.1492	0.1484	0.1536	0.1642	0.1808	0.1267	0.1224	0.1243	0.1322	0.1471	0.1701	0.1013	0.0929	0.0901	0.0928	0.1009	0.1173	0.1448
1500	0.1710	0.1736	0.1724	0.1757	0.1658	0.1669	0.1671	0.1720	0.1801	0.1552	0.1497	0.1488	0.1540	0.1645	0.1812	0.1271	0.1227	0.1246	0.1326	0.1474	0.1704	0.1016	0.0930	0.0904	0.0931	0.1011	0.1175	0.1449
1501	0.1714	0.1740	0.1728	0.1762	0.1662	0.1674	0.1675	0.1725	0.1805	0.1556	0.1501	0.1490	0.1544	0.1650	0.1816	0.1274	0.1230	0.1249	0.1330	0.1477	0.1707	0.1019	0.0932	0.0906	0.0933	0.1013	0.1178	0.1451
1502	0.1718	0.1744	0.1733	0.1767	0.1666	0.1678	0.1679	0.1728	0.1809	0.1559	0.1505	0.1493	0.1548	0.1655	0.1820	0.1277	0.1233	0.1253	0.1333	0.1480	0.1710	0.1021	0.0935	0.0908	0.0934	0.1014	0.1181	0.1453
1503	0.1722	0.1748	0.1737	0.1772	0.1672	0.1683	0.1684	0.1732	0.1813	0.1562	0.1509	0.1496	0.1553	0.1660	0.1825	0.1280	0.1236	0.1256	0.1336	0.1483	0.1713	0.1024	0.0938	0.0910	0.0936	0.1017	0.1183	0.1455
1504	0.1726	0.1752	0.1742	0.1776	0.1677	0.1686	0.1688	0.1736	0.1817	0.1566	0.1513	0.1501	0.1559	0.1663	0.1829	0.1284	0.1239	0.1259	0.1339	0.1486	0.1716	0.1026	0.0941	0.0912	0.0939	0.1020	0.1184	0.1458
1505	0.1730	0.1757	0.1746	0.1780	0.1681	0.1690	0.1691	0.1740	0.1821	0.1570	0.1517	0.1505	0.1564	0.1666	0.1833	0.1287	0.1242	0.1263	0.1343	0.1489	0.1720	0.1027	0.0943	0.0913	0.0941	0.1023	0.1186	0.1461
1506	0.1734	0.1762	0.1751	0.1784	0.1686	0.1695	0.1695	0.1744	0.1825	0.1574	0.1522	0.1509	0.1568	0.1669	0.1836	0.1291	0.1246	0.1267	0.1346	0.1493	0.1724	0.1029	0.0945	0.0915	0.0944	0.1026	0.1189	0.1464
1507	0.1739	0.1767	0.1756	0.1788	0.1690	0.1699	0.1699	0.1748	0.1830	0.1578	0.1526	0.1512	0.1572	0.1672	0.1840	0.1294	0.1248	0.1269	0.1349	0.1495	0.1727	0.1032	0.0947	0.0918	0.0946	0.1029	0.1192	0.1467
1508	0.1742	0.1771	0.1760	0.1792	0.1695	0.1703	0.1701	0.1753	0.1834	0.1582	0.1530	0.1516	0.1577	0.1676	0.1843	0.1297	0.1251	0.1271	0.1351	0.1497	0.1729	0.1035	0.0949	0.0921	0.0948	0.1031	0.1194	0.1469
1509	0.1746	0.1775	0.1764	0.1796	0.1699	0.1706	0.1705	0.1757	0.1838	0.1586	0.1534	0.1520	0.1580	0.1680	0.1846	0.1301	0.1253	0.1273	0.1354	0.1500	0.1732	0.1038	0.0951	0.0924	0.0950	0.1033	0.1195	0.1471
1510	0.1751	0.1780	0.1769	0.1800	0.1703	0.1710	0.1709	0.1760	0.1842	0.1589	0.1537	0.1523	0.1583	0.1684	0.1850	0.1304	0.1257	0.1277	0.1357	0.1503	0.1736	0.1040	0.0953	0.0926	0.0952	0.1034	0.1196	0.1473
1511	0.1755	0.1784	0.1773	0.1804	0.1708	0.1714	0.1713	0.1764	0.1847	0.1592	0.1541	0.1527	0.1587	0.1687	0.1854	0.1307	0.1260	0.1280	0.1360	0.1507	0.1740	0.1041	0.0956	0.0928	0.0955	0.1036	0.1199	0.1475
1512	0.1759	0.1788	0.1778	0.1809	0.1712	0.1718	0.1717	0.1768	0.1851	0.1595	0.1545	0.1531	0.1591	0.1689	0.1859	0.1310	0.1262	0.1283	0.1362	0.1510	0.1743	0.1044	0.0959	0.0929	0.0957	0.1039	0.1201	0.1477
1513	0.1764	0.1793	0.1783	0.1813	0.1716	0.1722	0.1722	0.1772	0.1855	0.1598	0.1549	0.1536	0.1595	0.1692	0.1864	0.1313	0.1264	0.1285	0.1365	0.1513	0.1746	0.1046	0.0962	0.0931	0.0959	0.1041	0.1204	0.1478
1514	0.1768	0.1798	0.1787	0.1816	0.1720	0.1726	0.1727	0.1776	0.1858	0.1601	0.1553	0.1539	0.1598	0.1696	0.1866	0.1316	0.1267	0.1288	0.1368	0.1516	0.1749	0.1050	0.0964	0.0933	0.0961	0.1042	0.1206	0.1479
1515	0.1772	0.1803	0.1792	0.1820	0.1724	0.1731	0.1731	0.1780	0.1863	0.1604	0.1556	0.1543	0.1602	0.1699	0.1869	0.1320	0.1270	0.1291	0.1371	0.1519	0.1752	0.1052	0.0966	0.0935	0.0963	0.1042	0.1207	0.1482
1516	0.1777	0.1807	0.1798	0.1825	0.1728	0.1735	0.1734	0.1784	0.1868	0.1607	0.1560	0.1547	0.1605	0.1703	0.1872	0.1322	0.1273	0.1293	0.1373	0.1521	0.1755	0.1054	0.0968	0.0937	0.0965	0.1043	0.1209	0.1486
1517	0.1782	0.1811	0.1803	0.1829	0.1732	0.1739	0.1738	0.1788	0.1873	0.1611	0.1564	0.1551	0.1609	0.1706	0.1874	0.1325	0.1276	0.1296	0.1376	0.1524	0.1758	0.1055	0.0969	0.0939	0.0966	0.1045	0.1210	0.1489
1518	0.1787	0.1814	0.1806	0.1833	0.1737	0.1743	0.1742	0.1792	0.1877	0.1615	0.1568	0.1553	0.1613	0.1709	0.1878	0.1327	0.1279	0.1299	0.1379	0.1526	0.1761	0.1057	0.0971	0.0942	0.0967	0.1048	0.1212	0.1490
1519	0.1791	0.1818	0.1811	0.1838	0.1741	0.1747	0.1746	0.1796	0.1880	0.1619	0.1573	0.1557	0.1618	0.1712	0.1881	0.1330	0.1282	0.1301	0.1382	0.1529	0.1764	0.1059	0.0973	0.0944	0.0969	0.1050	0.1215	0.1492
1520	0.1794	0.1823	0.1815	0.1842	0.1744	0.1750	0.1751	0.1800	0.1883	0.1621	0.1577	0.1561	0.1621	0.1715	0.1884	0.1333	0.1284	0.1304	0.1386	0.1533	0.1766	0.1062	0.0974	0.0946	0.0971	0.1052	0.1217	0.1494
1521	0.1797	0.1828	0.1819	0.1847	0.1748	0.1753	0.1756	0.1804	0.1887	0.1624	0.1581	0.1564	0.1624	0.1718	0.1888	0.1335	0.1287	0.1306	0.1389	0.1536	0.1768	0.1064	0.0976	0.0948	0.0973	0.1054	0.1219	0.1495
1522	0.1803	0.1831	0.1822	0.1851	0.1751	0.1756	0.1760	0.1809	0.1891	0.1626	0.1583	0.1568	0.1629	0.1723	0.1892	0.1338	0.1290	0.1309	0.1392	0.1539	0.1771	0.1067	0.0978	0.0950	0.0975	0.1056	0.1221	0.1497
1523	0.1807	0.1835	0.1826	0.1855	0.1754	0.1760	0.1764	0.1813	0.1895	0.1630	0.1587	0.1571	0.1633	0.1726	0.1895	0.1341	0.1293	0.1311	0.1394	0.1541	0.1773	0.1070	0.0980	0.0953	0.0976	0.1058	0.1224	0.1499
1524	0.1810	0.1839	0.1830	0.1858	0.1758	0.1763	0.1768	0.1816	0.1898	0.1632	0.1590	0.1575	0.1637	0.1729	0.1898	0.1345	0.1296	0.1314	0.1396	0.1544	0.1776	0.1072	0.0982	0.0955	0.0978	0.1059	0.1225	0.1500
1525	0.1814	0.1843	0.1835	0.1861	0.1762	0.1768	0.1772	0.1820	0.1901	0.1635	0.1594	0.1578	0.1641	0.1732	0.1901	0.1348	0.1299	0.1317	0.1399	0.1547	0.1778	0.1073	0.0985	0.0957	0.0980	0.1061	0.1227	0.1501
1526	0.1818	0.1848	0.1838	0.1865	0.1765	0.1773	0.1775	0.1824	0.1906	0.1638	0.1597	0.1581	0.1644	0.1735	0.1904	0.1351	0.1302	0.1320	0.1402	0.1550	0.1781	0.1075	0.0986	0.0958	0.0981	0.1063	0.1229	0.1504
1527	0.1821	0.1853	0.1842	0.1869	0.1769	0.1777	0.1779	0.1829	0.1910	0.1641	0.1601	0.1585	0.1647	0.1738	0.1907	0.1353	0.1304	0.1322	0.1405	0.1552	0.1784	0.1077	0.0988	0.0959	0.0983	0.1065	0.1230	0.1506
1528	0.1825	0.1857	0.1846	0.1873	0.1772	0.1780	0.1783	0.1832	0.1914	0.1645	0.1604	0.1589	0.1652	0.1742	0.1911	0.1354	0.1306	0.1324	0.1407	0.1554	0.1788	0.1078	0.0990	0.0960	0.0985	0.1067	0.1231	0.1508
1529	0.1829	0.1861	0.1850	0.1877	0.1775	0.1782	0.1787	0.1836	0.1918	0.1647	0.1608	0.1592	0.1657	0.1745	0.1915	0.1357	0.1308	0.1326	0.1410	0.1557	0.1792	0.1079	0.0992	0.0962	0.0987	0.1068	0.1232	0.1510
1530	0.1833	0.1864	0.1854	0.1881	0.1780	0.1786	0.1790	0.1839	0.1922	0.1650	0.1611	0.1594	0.1660	0.1748	0.1919	0.1359	0.1311	0.1328	0.1413	0.1559	0.1794	0.1081	0.0996	0.0963	0.0988	0.1070	0.1235	0.1512
1531	0.1837	0.1867	0.1858	0.1885	0.1784	0.1789	0.1793	0.1843	0.1926	0.1653	0.1614	0.1596	0.1663	0.1750	0.1922	0.1362	0.1313	0.1331	0.1416	0.1561	0.1797	0.1083	0.0998	0.0965	0.0989	0.1072	0.1237	0.1514
1532	0.1841	0.1871	0.1861	0.1889	0.1787	0.1792	0.1797	0.1845	0.1929	0.1656	0.1616	0.1599	0.1666	0.1754	0.1925	0.1366	0.1316	0.1334	0.1419	0.1564	0.1800	0.1085	0.1000	0.0966	0.0991	0.1075	0.1239	0.1516
1533	0.1845	0.1874	0.1865	0.1893	0.1791	0.1796	0.1801	0.1848	0.1932	0.1660	0.1619	0.1602	0.1669	0.1757	0.1928	0.1369	0.1319	0.1336	0.1421	0.1566	0.1802	0.1087	0.1001	0.0968	0.0993	0.1076	0.1241	0.1517
1534	0.1848	0.1878	0.1867	0.1896	0.1794	0.1800	0.1805	0.1852	0.1935	0.1662	0.1622	0.1604	0.1673	0.1761	0.1930	0.1370	0.1322	0.1338	0.1423	0.1569	0.1805	0.1087	0.1002	0.0970	0.0994	0.1077	0.1243	0.1518
1535	0.1852	0.1882	0.1870	0.1900	0.1798	0.1805	0.1809	0.1855	0.1937	0.1665	0.1625	0.1607	0.1676	0.1763	0.1933	0.1372	0.1325	0.1340	0.1425	0.1572	0.1807	0.1088	0.1003	0.0971	0.0996	0.1078	0.1245	0.1520
1536	0.1856	0.1885	0.1873	0.1903	0.1801	0.1808	0.1812	0.1859	0.1941	0.1668	0.1628	0.1610	0.1679	0.1766	0.1936	0.1374	0.1327	0.1342	0.1427	0.1574	0.1809	0.1091	0.1005	0.0974	0.0997	0.1079	0.1246	0.1521
1537	0.1859	0.1888	0.1877	0.1907	0.1804	0.1811	0.1815	0.1862	0.1945	0.1671	0.1631	0.1613	0.1682	0.1769	0.1940	0.1377	0.1328	0.1344	0.1429	0.1576	0.1811	0.1094	0.1007	0.0976	0.0999	0.1081	0.1248	0.1522
1538	0.1863	0.1891	0.1882	0.1911	0.1807	0.1815	0.1818	0.1865	0.1948	0.1674	0.1635	0.1617	0.1684	0.1771	0.1943	0.1379	0.1330	0.1347	0.1431	0.1579	0.1813	0.1096	0.1009	0.0977	0.1001	0.1083	0.1249	0.1524
1539	0.1865	0.1894	0.1886	0.1914	0.1810	0.1818	0.1820	0.1867	0.1952	0.1677	0.1639	0.1620	0.1687	0.1774	0.1946	0.1381	0.1331	0.1349	0.1434	0.1582	0.1816	0.1098	0.1011	0.0978	0.1003	0.1085	0.1250	0.1526
1540	0.1868	0.1897	0.1889	0.1917	0.1812	0.1821	0.1823	0.1871	0.1957	0.1679	0.1641	0.1623	0.1690	0.1777	0.1949	0.1384	0.1333	0.1350	0.1436	0.1584	0.1818	0.1099	0.1013	0.0981	0.1005	0.1087	0.1251	0.1529
1541	0.1871	0.1900	0.1892	0.1921	0.1815	0.1824	0.1825	0.1875	0.1961	0.1682	0.1644	0.1626	0.1693	0.1780	0.1951	0.1387	0.1335	0.1352	0.1439	0.1586	0.1820	0.1102	0.1014	0.0983	0.1007	0.1089	0.1252	0.1531
1542	0.1875	0.1902	0.1895	0.1923	0.1818	0.1827	0.1828	0.1877	0.1964	0.1686	0.1646	0.1628	0.1696	0.1782	0.1955	0.1389	0.1338	0.1355	0.1440	0.1587	0.1823	0.1104	0.1016	0.0985	0.1007	0.1090	0.1254	0.1532
1543	0.1878	0.1905	0.1897	0.1926	0.1822	0.1830	0.1831	0.1879	0.1967	0.1690	0.1648	0.1630	0.1698	0.1784	0.1958	0.1392	0.1341	0.1358	0.1442	0.1589	0.1826	0.1106	0.1017	0.0986	0.1009	0.1092	0.1256	0.1533
1544	0.1880	0.1910	0.1901	0.1929	0.1825	0.1833	0.1835	0.1883	0.1970	0.1693	0.1650	0.1633	0.1700	0.1788	0.1960	0.1394	0.1342	0.1360	0.1444	0.1591	0.1828	0.1108	0.1018	0.0988	0.1011	0.1093	0.1259	0.1535
1545	0.1883	0.1914	0.1905	0.1932	0.1829	0.1837	0.1838	0.1887	0.1973	0.1695	0.1653	0.1636	0.1703	0.1791	0.1963	0.1396	0.1343	0.1363	0.1447	0.1592	0.1831	0.1110	0.1018	0.0989	0.1012	0.1095	0.1261	0.1536
1546	0.1887	0.1917	0.1908	0.1935	0.1831	0.1839	0.1841	0.1890	0.1976	0.1697	0.1656	0.1640	0.1706	0.1794	0.1966	0.1398	0.1345	0.1365	0.1448	0.1595	0.1833	0.1112	0.1021	0.0991	0.1014	0.1097	0.1262	0.1537
1547	0.1890	0.1920	0.1912	0.1938	0.1834	0.1842	0.1843	0.1892	0.1979	0.1698	0.1659	0.1644	0.1708	0.1797	0.1969	0.1400	0.1347	0.1367	0.1450	0.1597	0.1835	0.1113	0.1023	0.0993	0.1015	0.1099	0.1263	0.1538
1548	0.1893	0.1924	0.1916	0.1940	0.1837	0.1844	0.1846	0.1895	0.1982	0.1701	0.1662	0.1645	0.1711	0.1800	0.1971	0.1402	0.1350	0.1369	0.1452	0.1598	0.1836	0.1113	0.1025	0.0995	0.1016	0.1101	0.1265	0.1541
1549	0.1896	0.1927	0.1919	0.1943	0.1841	0.1846	0.1848	0.1898	0.1984	0.1704	0.1665	0.1646	0.1714	0.1802	0.1972	0.1405	0.1352	0.1371	0.1455	0.1600	0.1838	0.1114	0.1027	0.0996	0.1017	0.1102	0.1266	0.1543
1550	0.1899	0.1930	0.1921	0.1946	0.1843	0.1849	0.1851	0.1900	0.1986	0.1706	0.1667	0.1648	0.1717	0.1804	0.1975	0.1407	0.1354	0.1374	0.1457	0.1602	0.1839	0.1115	0.1028	0.0998	0.1018	0.1103	0.1268	0.1544
1551	0.1901	0.1932	0.1923	0.1949	0.1845	0.1852	0.1854	0.1903	0.1989	0.1709	0.1669	0.1650	0.1721	0.1805	0.1978	0.1410	0.1356	0.1376	0.1459	0.1604	0.1841	0.1117	0.1029	0.0999	0.1019	0.1104	0.1269	0.1546
1552	0.1904	0.1936	0.1925	0.1952	0.1849	0.1854	0.1857	0.1906	0.1991	0.1711	0.1671	0.1652	0.1723	0.1808	0.1980	0.1412	0.1359	0.1377	0.1461	0.1607	0.1843	0.1118	0.1029	0.1000	0.1020	0.1105	0.1271	0.1548
1553	0.1907	0.1940	0.1927	0.1955	0.1852	0.1857	0.1861	0.1910	0.1994	0.1713	0.1673	0.1654	0.1725	0.1810	0.1982	0.1415	0.1361	0.1378	0.1463	0.1610	0.1845	0.1119	0.1030	0.1000	0.1021	0.1106	0.1272	0.1550
1554	0.1910	0.1943	0.1930	0.1959	0.1854	0.1860	0.1863	0.1912	0.1996	0.1716	0.1676	0.1657	0.1727	0.1812	0.1984	0.1416	0.1363	0.1381	0.1464	0.1611	0.1848	0.1120	0.1032	0.1000	0.1023	0.1108	0.1273	0.1552
1555	0.1913	0.1946	0.1933	0.1961	0.1856	0.1863	0.1866	0.1914	0.1998	0.1719	0.1678	0.1659	0.1729	0.1815	0.1987	0.1418	0.1365	0.1383	0.1465	0.1613	0.1850	0.1121	0.1034	0.1001	0.1025	0.1109	0.1274	0.1553
1556	0.1914	0.1948	0.1936	0.1964	0.1858	0.1866	0.1867	0.1916	0.2001	0.1722	0.1679	0.1662	0.1731	0.1817	0.1991	0.1420	0.1367	0.1385	0.1467	0.1614	0.1851	0.1123	0.1035	0.1001	0.1026	0.1110	0.1275	0.1554
1557	0.1916	0.1950	0.1940	0.1966	0.1861	0.1868	0.1868	0.1919	0.2004	0.1726	0.1681	0.1664	0.1733	0.1820	0.1994	0.1423	0.1368	0.1387	0.1469	0.1616	0.1853	0.1124	0.1036	0.1001	0.1027	0.1111	0.1276	0.1555
1558	0.1918	0.1953	0.1942	0.1967	0.1864	0.1870	0.1870	0.1921	0.2007	0.1728	0.1683	0.1665	0.1735	0.1822	0.1996	0.1425	0.1370	0.1388	0.1471	0.1617	0.1854	0.1125	0.1038	0.1003	0.1029	0.1112	0.1277	0.1557
1559	0.1920	0.1956	0.1944	0.1969	0.1867	0.1871	0.1872	0.1923	0.2009	0.1731	0.1686	0.1667	0.1738	0.1824	0.1998	0.1427	0.1372	0.1389	0.1473	0.1618	0.1855	0.1126	0.1040	0.1005	0.1031	0.1113	0.1278	0.1559
1560	0.1923	0.1957	0.1947	0.1973	0.1868	0.1874	0.1873	0.1926	0.2012	0.1733	0.1688	0.1669	0.1740	0.1826	0.1998	0.1428	0.1373	0.1391	0.1475	0.1621	0.1858	0.1127	0.1041	0.1006	0.1032	0.1114	0.1278	0.1560
1561	0.1926	0.1959	0.1950	0.1976	0.1870	0.1876	0.1875	0.1930	0.2014	0.1735	0.1689	0.1671	0.1742	0.1828	0.2000	0.1429	0.1375	0.1393	0.1477	0.1623	0.1860	0.1129	0.1042	0.1007	0.1033	0.1115	0.1279	0.1561
1562	0.1928	0.1961	0.1952	0.1979	0.1871	0.1878	0.1878	0.1933	0.2017	0.1737	0.1691	0.1674	0.1743	0.1831	0.2002	0.1429	0.1377	0.1395	0.1480	0.1625	0.1862	0.1130	0.1043	0.1009	0.1035	0.1115	0.1280	0.1562
1563	0.1930	0.1963	0.1955	0.1981	0.1873	0.1881	0.1881	0.1936	0.2020	0.1739	0.1693	0.1676	0.1744	0.1833	0.2004	0.1430	0.1379	0.1397	0.1482	0.1627	0.1865	0.1132	0.1044	0.1011	0.1036	0.1116	0.1282	0.1563
1564	0.1932	0.1966	0.1957	0.1984	0.1876	0.1883	0.1883	0.1939	0.2022	0.1741	0.1695	0.1678	0.1745	0.1836	0.2006	0.1431	0.1381	0.1398	0.1484	0.1628	0.1867	0.1133	0.1045	0.1012	0.1038	0.1118	0.1283	0.1563
1565	0.1935	0.1968	0.1959	0.1987	0.1880	0.1884	0.1884	0.1941	0.2024	0.1743	0.1697	0.1680	0.1746	0.1838	0.2008	0.1433	0.1383	0.1399	0.1485	0.1630	0.1869	0.1134	0.1046	0.1014	0.1039	0.1120	0.1284	0.1563
1566	0.1937	0.1971	0.1961	0.1989	0.1881	0.1886	0.1887	0.1943	0.2026	0.1745	0.1699	0.1681	0.1747	0.1840	0.2010	0.1434	0.1384	0.1400	0.1486	0.1631	0.1872	0.1136	0.1047	0.1015	0.1039	0.1121	0.1286	0.1564
1567	0.1940	0.1974	0.1964	0.1991	0.1881	0.1888	0.1891	0.1945	0.2028	0.1748	0.1702	0.1683	0.1749	0.1842	0.2013	0.1436	0.1385	0.1402	0.1487	0.1632	0.1875	0.1137	0.1047	0.1017	0.1039	0.1122	0.1287	0.1566
1568	0.1941	0.1977	0.1966	0.1993	0.1884	0.1890	0.1893	0.1948	0.2029	0.1749	0.1704	0.1685	0.1750	0.1844	0.2015	0.1437	0.1387	0.1404	0.1488	0.1634	0.1875	0.1139	0.1048	0.1018	0.1040	0.1123	0.1288	0.1567
1569	0.1942	0.1980	0.1968	0.1994	0.1886	0.1892	0.1894	0.1950	0.2031	0.1751	0.1705	0.1687	0.1751	0.1845	0.2017	0.1439	0.1388	0.1406	0.1490	0.1636	0.1876	0.1140	0.1050	0.1019	0.1042	0.1124	0.1289	0.1567
1570	0.1944	0.1982	0.1971	0.1996	0.1889	0.1894	0.1895	0.1952	0.2033	0.1753	0.1705	0.1689	0.1753	0.1846	0.2020	0.1441	0.1390	0.1407	0.1490	0.1638	0.1878	0.1141	0.1052	0.1020	0.1043	0.1126	0.1289	0.1569
1571	0.1947	0.1983	0.1974	0.1998	0.1892	0.1897	0.1897	0.1954	0.2034	0.1756	0.1706	0.1690	0.1755	0.1848	0.2022	0.1443	0.1391	0.1408	0.1491	0.1639	0.1879	0.1143	0.1054	0.1021	0.1045	0.1128	0.1289	0.1570
1572	0.1950	0.1985	0.1975	0.2000	0.1895	0.1899	0.1900	0.1955	0.2036	0.1758	0.1707	0.1693	0.1756	0.1850	0.2023	0.1444	0.1393	0.1410	0.1492	0.1640	0.1880	0.1143	0.1055	0.1022	0.1046	0.1130	0.1290	0.1571
1573	0.1953	0.1986	0.1976	0.2001	0.1898	0.1901	0.1903	0.1956	0.2038	0.1760	0.1709	0.1695	0.1758	0.1853	0.2024	0.1446	0.1394	0.1411	0.1493	0.1641	0.1881	0.1143	0.1056	0.1023	0.1046	0.1131	0.1291	0.1572
1574	0.1955	0.1987	0.1978	0.2004	0.1899	0.1904	0.1905	0.1957	0.2041	0.1762	0.1710	0.1696	0.1758	0.1855	0.2026	0.1447	0.1396	0.1413	0.1495	0.1643	0.1883	0.1144	0.1056	0.1024	0.1048	0.1132	0.1293	0.1573
1575	0.1956	0.1989	0.1979	0.2007	0.1900	0.1907	0.1906	0.1959	0.2044	0.1763	0.1712	0.1697	0.1758	0.1856	0.2028	0.1448	0.1397	0.1414	0.1497	0.1645	0.1885	0.1144	0.1056	0.1024	0.1050	0.1133	0.1294	0.1575
1576	0.1958	0.1992	0.1982	0.2009	0.1903	0.1909	0.1908	0.1960	0.2046	0.1765	0.1713	0.1698	0.1760	0.1859	0.2031	0.1450	0.1398	0.1415	0.1499	0.1647	0.1886	0.1146	0.1057	0.1025	0.1051	0.1134	0.1296	0.1577
1577	0.1960	0.1995	0.1985	0.2010	0.1905	0.1911	0.1911	0.1962	0.2047	0.1767	0.1714	0.1699	0.1762	0.1861	0.2034	0.1451	0.1399	0.1415	0.1499	0.1649	0.1887	0.1148	0.1058	0.1026	0.1052	0.1134	0.1298	0.1579
1578	0.1962	0.1997	0.1986	0.2011	0.1907	0.1913	0.1913	0.1965	0.2050	0.1770	0.1716	0.1701	0.1763	0.1863	0.2036	0.1453	0.1400	0.1417	0.1501	0.1650	0.1888	0.1149	0.1059	0.1026	0.1053	0.1135	0.1297	0.1580
1579	0.1963	0.1999	0.1987	0.2013	0.1909	0.1915	0.1915	0.1967	0.2052	0.1772	0.1718	0.1704	0.1764	0.1865	0.2038	0.1454	0.1401	0.1419	0.1503	0.1651	0.1889	0.1149	0.1060	0.1026	0.1054	0.1136	0.1297	0.1582
1580	0.1965	0.2001	0.1989	0.2015	0.1911	0.1917	0.1916	0.1968	0.2053	0.1774	0.1719	0.1706	0.1766	0.1866	0.2039	0.1455	0.1404	0.1421	0.1504	0.1653	0.1890	0.1150	0.1062	0.1026	0.1055	0.1137	0.1298	0.1583
1581	0.1967	0.2002	0.1991	0.2017	0.1913	0.1919	0.1918	0.1969	0.2054	0.1775	0.1720	0.1708	0.1768	0.1868	0.2039	0.1456	0.1405	0.1423	0.1506	0.1655	0.1891	0.1151	0.1063	0.1027	0.1056	0.1137	0.1299	0.1583
1582	0.1969	0.2003	0.1993	0.2020	0.1914	0.1921	0.1921	0.1972	0.2055	0.1777	0.1721	0.1709	0.1769	0.1869	0.2041	0.1457	0.1406	0.1424	0.1508	0.1655	0.1892	0.1151	0.1064	0.1028	0.1055	0.1138	0.1300	0.1584
1583	0.1971	0.2004	0.1994	0.2023	0.1916	0.1923	0.1924	0.1974	0.2058	0.1779	0.1721	0.1710	0.1770	0.1871	0.2042	0.1457	0.1406	0.1425	0.1509	0.1656	0.1893	0.1152	0.1065	0.1030	0.1055	0.1139	0.1302	0.1585
1584	0.1972	0.2005	0.1996	0.2024	0.1918	0.1924	0.1924	0.1975	0.2059	0.1781	0.1723	0.1711	0.1770	0.1873	0.2045	0.1459	0.1408	0.1426	0.1510	0.1657	0.1893	0.1154	0.1065	0.1031	0.1055	0.1139	0.1303	0.1587
1585	0.1974	0.2006	0.1998	0.2026	0.1919	0.1926	0.1924	0.1977	0.2061	0.1782	0.1725	0.1713	0.1771	0.1874	0.2047	0.1461	0.1411	0.1427	0.1511	0.1659	0.1894	0.1156	0.1065	0.1033	0.1055	0.1139	0.1304	0.1589
1586	0.1975	0.2008	0.2000	0.2027	0.1921	0.1928	0.1926	0.1979	0.2062	0.1785	0.1728	0.1714	0.1772	0.1876	0.2049	0.1462	0.1412	0.1430	0.1513	0.1660	0.1896	0.1157	0.1066	0.1034	0.1057	0.1141	0.1304	0.1590
1587	0.1977	0.2009	0.2000	0.2028	0.1923	0.1928	0.1927	0.1980	0.2064	0.1789	0.1730	0.1715	0.1772	0.1879	0.2050	0.1464	0.1414	0.1432	0.1515	0.1661	0.1897	0.1157	0.1067	0.1035	0.1058	0.1143	0.1305	0.1591
1588	0.1979	0.2011	0.2002	0.2030	0.1924	0.1930	0.1929	0.1982	0.2066	0.1790	0.1731	0.1717	0.1772	0.1880	0.2051	0.1465	0.1415	0.1433	0.1516	0.1661	0.1898	0.1158	0.1067	0.1036	0.1060	0.1143	0.1307	0.1592
1589	0.1980	0.2013	0.2003	0.2032	0.1925	0.1932	0.1932	0.1983	0.2068	0.1792	0.1732	0.1718	0.1773	0.1881	0.2052	0.1466	0.1417	0.1434	0.1517	0.1662	0.1900	0.1158	0.1068	0.1037	0.1062	0.1143	0.1309	0.1593
1590	0.1982	0.2013	0.2005	0.2034	0.1926	0.1934	0.1933	0.1984	0.2068	0.1793	0.1734	0.1720	0.1775	0.1883	0.2053	0.1467	0.1418	0.1434	0.1518	0.1663	0.1902	0.1159	0.1067	0.1037	0.1062	0.1144	0.1309	0.1593
1591	0.1983	0.2014	0.2007	0.2036	0.1927	0.1935	0.1933	0.1985	0.2068	0.1795	0.1735	0.1721	0.1776	0.1884	0.2054	0.1467	0.1418	0.1434	0.1519	0.1664	0.1904	0.1160	0.1067	0.1036	0.1063	0.1144	0.1310	0.1593
1592	0.1986	0.2016	0.2008	0.2037	0.1929	0.1936	0.1934	0.1987	0.2069	0.1797	0.1736	0.1722	0.1777	0.1887	0.2056	0.1468	0.1419	0.1434	0.1520	0.1665	0.1905	0.1161	0.1067	0.1037	0.1063	0.1145	0.1310	0.1595
1593	0.1988	0.2018	0.2009	0.2039	0.1931	0.1938	0.1936	0.1989	0.2070	0.1799	0.1736	0.1723	0.1777	0.1889	0.2059	0.1470	0.1421	0.1434	0.1520	0.1666	0.1906	0.1163	0.1068	0.1038	0.1064	0.1146	0.1310	0.1596
1594	0.1989	0.2020	0.2010	0.2040	0.1932	0.1938	0.1937	0.1991	0.2072	0.1801	0.1736	0.1724	0.1778	0.1891	0.2060	0.1471	0.1421	0.1434	0.1522	0.1668	0.1907	0.1164	0.1069	0.1038	0.1065	0.1148	0.1310	0.1597
1595	0.1991	0.2023	0.2011	0.2040	0.1933	0.1938	0.1940	0.1993	0.2074	0.1803	0.1736	0.1725	0.1778	0.1894	0.2062	0.1472	0.1421	0.1434	0.1525	0.1669	0.1907	0.1164	0.1071	0.1038	0.1066	0.1149	0.1310	0.1599
1596	0.1992	0.2024	0.2013	0.2042	0.1935	0.1939	0.1942	0.1994	0.2076	0.1804	0.1738	0.1726	0.1779	0.1895	0.2063	0.1473	0.1422	0.1436	0.1525	0.1670	0.1908	0.1164	0.1072	0.1040	0.1067	0.1150	0.1311	0.1599
1597	0.1993	0.2025	0.2015	0.2043	0.1937	0.1941	0.1944	0.1996	0.2078	0.1805	0.1739	0.1727	0.1780	0.1896	0.2065	0.1474	0.1423	0.1437	0.1526	0.1671	0.1908	0.1166	0.1073	0.1041	0.1067	0.1150	0.1313	0.1598
1598	0.1994	0.2026	0.2016	0.2045	0.1939	0.1942	0.1945	0.1997	0.2080	0.1807	0.1739	0.1728	0.1780	0.1897	0.2066	0.1475	0.1423	0.1439	0.1526	0.1672	0.1910	0.1166	0.1073	0.1043	0.1068	0.1150	0.1313	0.1599
1599	0.1995	0.2028	0.2018	0.2047	0.1940	0.1943	0.1946	0.1998	0.2081	0.1808	0.1739	0.1730	0.1780	0.1899	0.2067	0.1476	0.1422	0.1440	0.1526	0.1674	0.1912	0.1166	0.1073	0.1044	0.1069	0.1150	0.1314	0.1601
1600	0.1995	0.2029	0.2019	0.2048	0.1942	0.1945	0.1948	0.2000	0.2082	0.1809	0.1740	0.1731	0.1781	0.1899	0.2068	0.1477	0.1423	0.1441	0.1525	0.1675	0.1914	0.1166	0.1074	0.1044	0.1068	0.1150	0.1314	0.1602
1601	0.1996	0.2030	0.2019	0.2050	0.1943	0.1946	0.1949	0.2002	0.2083	0.1811	0.1740	0.1732	0.1783	0.1899	0.2068	0.1479	0.1424	0.1441	0.1525	0.1677	0.1915	0.1166	0.1074	0.1045	0.1068	0.1150	0.1314	0.1603
1602	0.1998	0.2030	0.2019	0.2051	0.1943	0.1948	0.1950	0.2004	0.2083	0.1812	0.1741	0.1733	0.1783	0.1900	0.2069	0.1480	0.1425	0.1443	0.1527	0.1678	0.1916	0.1167	0.1074	0.1045	0.1068	0.1150	0.1315	0.1604
1603	0.2000	0.2031	0.2019	0.2052	0.1942	0.1950	0.1951	0.2006	0.2084	0.1814	0.1741	0.1734	0.1783	0.1901	0.2071	0.1481	0.1426	0.1444	0.1529	0.1679	0.1918	0.1167	0.1075	0.1044	0.1070	0.1150	0.1316	0.1604
1604	0.2002	0.2032	0.2021	0.2054	0.1943	0.1951	0.1953	0.2008	0.2084	0.1815	0.1742	0.1734	0.1785	0.1902	0.2072	0.1481	0.1428	0.1445	0.1531	0.1681	0.1918	0.1168	0.1076	0.1045	0.1071	0.1151	0.1317	0.1605
1605	0.2004	0.2035	0.2023	0.2055	0.1945	0.1953	0.1955	0.2009	0.2084	0.1816	0.1743	0.1734	0.1786	0.1904	0.2074	0.1481	0.1430	0.1445	0.1533	0.1683	0.1919	0.1169	0.1077	0.1047	0.1073	0.1152	0.1318	0.1606
1606	0.2005	0.2036	0.2024	0.2056	0.1946	0.1954	0.1956	0.2010	0.2085	0.1817	0.1745	0.1735	0.1787	0.1905	0.2075	0.1482	0.1431	0.1447	0.1533	0.1684	0.1920	0.1170	0.1077	0.1048	0.1073	0.1153	0.1319	0.1607
1607	0.2007	0.2037	0.2025	0.2057	0.1947	0.1956	0.1957	0.2010	0.2087	0.1819	0.1748	0.1737	0.1787	0.1906	0.2076	0.1483	0.1432	0.1448	0.1533	0.1684	0.1921	0.1172	0.1078	0.1048	0.1073	0.1153	0.1319	0.1608
1608	0.2007	0.2039	0.2027	0.2058	0.1949	0.1957	0.1957	0.2012	0.2088	0.1820	0.1749	0.1738	0.1787	0.1907	0.2076	0.1482	0.1433	0.1450	0.1535	0.1685	0.1921	0.1172	0.1079	0.1049	0.1074	0.1154	0.1319	0.1608
1609	0.2007	0.2041	0.2029	0.2060	0.1952	0.1958	0.1958	0.2013	0.2088	0.1822	0.1750	0.1739	0.1788	0.1908	0.2077	0.1482	0.1434	0.1450	0.1537	0.1685	0.1920	0.1173	0.1081	0.1050	0.1076	0.1155	0.1318	0.1608
1610	0.2007	0.2042	0.2030	0.2061	0.1953	0.1959	0.1959	0.2014	0.2091	0.1824	0.1750	0.1740	0.1789	0.1910	0.2077	0.1484	0.1434	0.1451	0.1538	0.1686	0.1920	0.1173	0.1082	0.1050	0.1076	0.1156	0.1319	0.1607
1611	0.2008	0.2044	0.2030	0.2062	0.1954	0.1959	0.1961	0.2016	0.2094	0.1825	0.1751	0.1740	0.1790	0.1912	0.2078	0.1486	0.1434	0.1452	0.1539	0.1688	0.1921	0.1173	0.1083	0.1050	0.1076	0.1157	0.1321	0.1607
1612	0.2009	0.2045	0.2031	0.2063	0.1956	0.1959	0.1962	0.2017	0.2095	0.1827	0.1752	0.1741	0.1791	0.1914	0.2079	0.1487	0.1436	0.1453	0.1540	0.1688	0.1921	0.1174	0.1084	0.1051	0.1077	0.1158	0.1321	0.1608
1613	0.2010	0.2046	0.2031	0.2064	0.1958	0.1959	0.1964	0.2018	0.2096	0.1829	0.1753	0.1742	0.1791	0.1915	0.2080	0.1487	0.1437	0.1454	0.1541	0.1687	0.1921	0.1175	0.1084	0.1051	0.1078	0.1159	0.1322	0.1608
1614	0.2012	0.2047	0.2033	0.2065	0.1960	0.1961	0.1965	0.2018	0.2096	0.1830	0.1755	0.1743	0.1792	0.1916	0.2081	0.1488	0.1438	0.1456	0.1541	0.1688	0.1922	0.1175	0.1085	0.1052	0.1078	0.1159	0.1322	0.1609
1615	0.2014	0.2048	0.2035	0.2067	0.1962	0.1963	0.1966	0.2018	0.2097	0.1832	0.1757	0.1744	0.1794	0.1918	0.2083	0.1490	0.1440	0.1457	0.1541	0.1688	0.1923	0.1176	0.1085	0.1053	0.1077	0.1159	0.1323	0.1609
1616	0.2016	0.2050	0.2038	0.2068	0.1963	0.1964	0.1967	0.2019	0.2099	0.1833	0.1758	0.1744	0.1794	0.1919	0.2084	0.1491	0.1441	0.1457	0.1542	0.1689	0.1924	0.1177	0.1084	0.1054	0.1077	0.1160	0.1324	0.1610
1617	0.2018	0.2051	0.2040	0.2069	0.1964	0.1965	0.1969	0.2019	0.2101	0.1834	0.1758	0.1744	0.1795	0.1920	0.2085	0.1492	0.1441	0.1458	0.1543	0.1690	0.1926	0.1177	0.1084	0.1054	0.1078	0.1161	0.1325	0.1611
1618	0.2018	0.2051	0.2040	0.2070	0.1964	0.1966	0.1969	0.2019	0.2101	0.1836	0.1758	0.1746	0.1796	0.1921	0.2085	0.1493	0.1442	0.1460	0.1544	0.1691	0.1926	0.1178	0.1085	0.1054	0.1078	0.1161	0.1326	0.1612
1619	0.2019	0.2051	0.2041	0.2070	0.1965	0.1966	0.1969	0.2019	0.2101	0.1838	0.1758	0.1747	0.1797	0.1922	0.2086	0.1494	0.1442	0.1462	0.1545	0.1691	0.1927	0.1179	0.1087	0.1054	0.1079	0.1161	0.1327	0.1613
1620	0.2019	0.2052	0.2042	0.2071	0.1966	0.1968	0.1969	0.2020	0.2102	0.1839	0.1758	0.1748	0.1798	0.1923	0.2087	0.1493	0.1442	0.1463	0.1545	0.1692	0.1929	0.1180	0.1088	0.1055	0.1079	0.1161	0.1327	0.1613
1621	0.2020	0.2052	0.2042	0.2071	0.1967	0.1970	0.1970	0.2022	0.2102	0.1840	0.1758	0.1750	0.1798	0.1924	0.2089	0.1491	0.1442	0.1464	0.1546	0.1693	0.1931	0.1180	0.1088	0.1055	0.1078	0.1161	0.1327	0.1613
1622	0.2021	0.2054	0.2043	0.2072	0.1968	0.1970	0.1971	0.2023	0.2104	0.1840	0.1760	0.1751	0.1798	0.1925	0.2091	0.1493	0.1443	0.1463	0.1545	0.1694	0.1932	0.1180	0.1089	0.1057	0.1079	0.1162	0.1327	0.1614
1623	0.2023	0.2056	0.2044	0.2073	0.1970	0.1969	0.1972	0.2023	0.2105	0.1840	0.1762	0.1752	0.1798	0.1927	0.2093	0.1495	0.1443	0.1462	0.1544	0.1695	0.1932	0.1181	0.1089	0.1058	0.1079	0.1163	0.1328	0.1615
1624	0.2024	0.2057	0.2044	0.2074	0.1970	0.1971	0.1973	0.2024	0.2106	0.1842	0.1764	0.1753	0.1799	0.1927	0.2093	0.1494	0.1443	0.1462	0.1544	0.1695	0.1933	0.1182	0.1089	0.1058	0.1080	0.1164	0.1328	0.1615
1625	0.2025	0.2057	0.2044	0.2076	0.1970	0.1974	0.1974	0.2025	0.2107	0.1843	0.1765	0.1754	0.1800	0.1928	0.2093	0.1494	0.1443	0.1463	0.1545	0.1695	0.1934	0.1183	0.1089	0.1058	0.1081	0.1164	0.1329	0.1615
1626	0.2026	0.2057	0.2045	0.2078	0.1971	0.1976	0.1975	0.2026	0.2109	0.1844	0.1766	0.1755	0.1800	0.1929	0.2094	0.1494	0.1444	0.1463	0.1546	0.1697	0.1934	0.1184	0.1089	0.1058	0.1081	0.1164	0.1329	0.1615
1627	0.2027	0.2058	0.2046	0.2080	0.1972	0.1978	0.1976	0.2027	0.2111	0.1844	0.1766	0.1755	0.1801	0.1929	0.2094	0.1495	0.1444	0.1464	0.1546	0.1698	0.1934	0.1185	0.1089	0.1059	0.1082	0.1164	0.1329	0.1616
1628	0.2028	0.2060	0.2048	0.2080	0.1973	0.1979	0.1977	0.2029	0.2111	0.1845	0.1767	0.1756	0.1802	0.1929	0.2095	0.1498	0.1444	0.1466	0.1547	0.1698	0.1935	0.1185	0.1088	0.1059	0.1083	0.1165	0.1329	0.1617
1629	0.2028	0.2063	0.2051	0.2081	0.1974	0.1980	0.1979	0.2031	0.2111	0.1846	0.1767	0.1758	0.1803	0.1929	0.2096	0.1500	0.1445	0.1468	0.1548	0.1699	0.1935	0.1185	0.1088	0.1059	0.1083	0.1166	0.1329	0.1618
1630	0.2029	0.2064	0.2052	0.2082	0.1975	0.1980	0.1980	0.2031	0.2112	0.1846	0.1768	0.1759	0.1805	0.1930	0.2098	0.1500	0.1445	0.1468	0.1549	0.1700	0.1935	0.1185	0.1088	0.1060	0.1084	0.1165	0.1330	0.1618
1631	0.2029	0.2064	0.2053	0.2083	0.1976	0.1980	0.1980	0.2031	0.2112	0.1846	0.1768	0.1759	0.1806	0.1931	0.2099	0.1499	0.1446	0.1468	0.1550	0.1701	0.1935	0.1185	0.1088	0.1061	0.1084	0.1165	0.1332	0.1617
1632	0.2030	0.2065	0.2054	0.2084	0.1977	0.1980	0.1980	0.2032	0.2114	0.1847	0.1768	0.1759	0.1807	0.1932	0.2099	0.1499	0.1448	0.1469	0.1550	0.1701	0.1935	0.1185	0.1089	0.1061	0.1085	0.1166	0.1331	0.1618
1633	0.2031	0.2065	0.2055	0.2085	0.1978	0.1981	0.1981	0.2033	0.2115	0.1847	0.1769	0.1759	0.1807	0.1933	0.2098	0.1500	0.1450	0.1469	0.1550	0.1701	0.1936	0.1185	0.1090	0.1060	0.1086	0.1166	0.1331	0.1619
1634	0.2033	0.2065	0.2056	0.2086	0.1979	0.1982	0.1983	0.2035	0.2116	0.1848	0.1769	0.1759	0.1808	0.1934	0.2099	0.1501	0.1451	0.1469	0.1551	0.1702	0.1937	0.1186	0.1091	0.1061	0.1087	0.1166	0.1331	0.1619
1635	0.2035	0.2065	0.2056	0.2087	0.1981	0.1984	0.1986	0.2037	0.2117	0.1850	0.1770	0.1759	0.1810	0.1936	0.2100	0.1502	0.1452	0.1469	0.1553	0.1702	0.1938	0.1187	0.1092	0.1062	0.1088	0.1166	0.1331	0.1620
1636	0.2035	0.2066	0.2057	0.2087	0.1982	0.1985	0.1988	0.2037	0.2117	0.1850	0.1770	0.1761	0.1811	0.1937	0.2100	0.1503	0.1452	0.1469	0.1554	0.1702	0.1938	0.1187	0.1093	0.1062	0.1087	0.1165	0.1330	0.1620
1637	0.2035	0.2068	0.2058	0.2088	0.1983	0.1986	0.1989	0.2037	0.2118	0.1850	0.1771	0.1763	0.1813	0.1937	0.2101	0.1504	0.1451	0.1469	0.1555	0.1702	0.1937	0.1187	0.1093	0.1061	0.1087	0.1164	0.1329	0.1621
1638	0.2036	0.2069	0.2059	0.2088	0.1984	0.1987	0.1990	0.2037	0.2118	0.1851	0.1772	0.1764	0.1813	0.1937	0.2102	0.1503	0.1453	0.1470	0.1556	0.1702	0.1938	0.1187	0.1094	0.1061	0.1087	0.1165	0.1330	0.1621
1639	0.2038	0.2071	0.2059	0.2088	0.1984	0.1988	0.1990	0.2038	0.2119	0.1853	0.1773	0.1765	0.1814	0.1938	0.2102	0.1503	0.1456	0.1470	0.1556	0.1702	0.1940	0.1187	0.1095	0.1061	0.1087	0.1165	0.1331	0.1622
1640	0.2040	0.2073	0.2061	0.2089	0.1985	0.1989	0.1991	0.2039	0.2120	0.1854	0.1775	0.1766	0.1815	0.1938	0.2103	0.1503	0.1457	0.1471	0.1557	0.1704	0.1940	0.1188	0.1096	0.1062	0.1088	0.1166	0.1332	0.1623
1641	0.2042	0.2074	0.2062	0.2090	0.1986	0.1989	0.1993	0.2040	0.2121	0.1855	0.1777	0.1767	0.1815	0.1939	0.2104	0.1504	0.1457	0.1472	0.1558	0.1705	0.1940	0.1189	0.1096	0.1063	0.1089	0.1166	0.1333	0.1624
1642	0.2044	0.2074	0.2062	0.2090	0.1987	0.1989	0.1992	0.2041	0.2122	0.1856	0.1777	0.1768	0.1816	0.1940	0.2104	0.1506	0.1457	0.1473	0.1558	0.1705	0.1941	0.1189	0.1097	0.1064	0.1089	0.1167	0.1333	0.1625
1643	0.2045	0.2074	0.2062	0.2091	0.1988	0.1989	0.1992	0.2043	0.2123	0.1857	0.1777	0.1769	0.1817	0.1941	0.2104	0.1508	0.1457	0.1474	0.1558	0.1705	0.1942	0.1189	0.1097	0.1065	0.1090	0.1168	0.1333	0.1625
1644	0.2045	0.2075	0.2062	0.2090	0.1988	0.1990	0.1993	0.2044	0.2124	0.1858	0.1778	0.1770	0.1819	0.1941	0.2105	0.1508	0.1456	0.1474	0.1559	0.1706	0.1943	0.1189	0.1098	0.1065	0.1091	0.1169	0.1334	0.1625
1645	0.2044	0.2075	0.2063	0.2090	0.1987	0.1991	0.1995	0.2044	0.2124	0.1859	0.1779	0.1770	0.1820	0.1940	0.2106	0.1508	0.1456	0.1474	0.1560	0.1707	0.1944	0.1189	0.1099	0.1065	0.1091	0.1171	0.1335	0.1625
1646	0.2044	0.2078	0.2063	0.2091	0.1988	0.1992	0.1995	0.2044	0.2125	0.1858	0.1781	0.1770	0.1821	0.1941	0.2107	0.1509	0.1458	0.1475	0.1560	0.1706	0.1944	0.1189	0.1099	0.1067	0.1092	0.1171	0.1335	0.1625
1647	0.2044	0.2080	0.2064	0.2092	0.1990	0.1993	0.1995	0.2045	0.2125	0.1858	0.1783	0.1771	0.1822	0.1943	0.2108	0.1510	0.1459	0.1476	0.1560	0.1705	0.1944	0.1189	0.1099	0.1068	0.1092	0.1170	0.1336	0.1625
1648	0.2046	0.2080	0.2064	0.2092	0.1991	0.1993	0.1994	0.2046	0.2126	0.1859	0.1783	0.1770	0.1822	0.1942	0.2108	0.1510	0.1459	0.1476	0.1561	0.1706	0.1943	0.1189	0.1098	0.1068	0.1091	0.1171	0.1336	0.1625
1649	0.2047	0.2081	0.2064	0.2093	0.1993	0.1993	0.1994	0.2047	0.2126	0.1859	0.1783	0.1769	0.1824	0.1942	0.2108	0.1510	0.1460	0.1477	0.1562	0.1707	0.1943	0.1189	0.1097	0.1067	0.1090	0.1172	0.1336	0.1624
1650	0.2048	0.2081	0.2066	0.2094	0.1993	0.1993	0.1995	0.2046	0.2126	0.1859	0.1784	0.1770	0.1823	0.1942	0.2108	0.1510	0.1460	0.1477	0.1561	0.1708	0.1943	0.1189	0.1098	0.1068	0.1090	0.1172	0.1336	0.1624
1651	0.2048	0.2081	0.2068	0.2095	0.1993	0.1993	0.1996	0.2045	0.2126	0.1859	0.1784	0.1770	0.1823	0.1943	0.2108	0.1509	0.1460	0.1478	0.1560	0.1708	0.1944	0.1190	0.1098	0.1068	0.1090	0.1172	0.1336	0.1623
1652	0.2049	0.2082	0.2068	0.2095	0.1993	0.1995	0.1997	0.2046	0.2125	0.1859	0.1785	0.1771	0.1824	0.1943	0.2109	0.1508	0.1460	0.1478	0.1560	0.1709	0.1945	0.1191	0.1099	0.1069	0.1091	0.1172	0.1336	0.1625
1653	0.2051	0.2083	0.2067	0.2096	0.1993	0.1996	0.1997	0.2048	0.2125	0.1859	0.1786	0.1772	0.1824	0.1944	0.2110	0.1507	0.1459	0.1478	0.1560	0.1710	0.1946	0.1193	0.1100	0.1069	0.1091	0.1173	0.1336	0.1626
1654	0.2050	0.2084	0.2069	0.2097	0.1994	0.1997	0.1997	0.2048	0.2126	0.1858	0.1787	0.1772	0.1825	0.1943	0.2112	0.1508	0.1459	0.1477	0.1560	0.1710	0.1946	0.1193	0.1099	0.1069	0.1093	0.1173	0.1337	0.1626
1655	0.2050	0.2086	0.2071	0.2097	0.1995	0.1998	0.1996	0.2048	0.2126	0.1857	0.1788	0.1773	0.1826	0.1943	0.2113	0.1509	0.1458	0.1476	0.1560	0.1709	0.1946	0.1193	0.1099	0.1069	0.1094	0.1174	0.1338	0.1626
1656	0.2050	0.2086	0.2071	0.2097	0.1995	0.1998	0.1997	0.2048	0.2128	0.1858	0.1788	0.1773	0.1828	0.1943	0.2113	0.1510	0.1459	0.1477	0.1560	0.1709	0.1947	0.1193	0.1098	0.1069	0.1094	0.1175	0.1338	0.1626
1657	0.2049	0.2086	0.2071	0.2097	0.1994	0.1998	0.1997	0.2048	0.2131	0.1859	0.1788	0.1773	0.1829	0.1944	0.2113	0.1511	0.1460	0.1477	0.1560	0.1709	0.1948	0.1192	0.1098	0.1068	0.1094	0.1175	0.1337	0.1626
1658	0.2051	0.2086	0.2073	0.2097	0.1996	0.1999	0.1998	0.2051	0.2131	0.1859	0.1788	0.1775	0.1830	0.1944	0.2113	0.1513	0.1460	0.1479	0.1561	0.1710	0.1949	0.1192	0.1100	0.1069	0.1094	0.1175	0.1337	0.1626
1659	0.2054	0.2087	0.2074	0.2097	0.1998	0.2000	0.1998	0.2053	0.2131	0.1860	0.1788	0.1777	0.1831	0.1944	0.2113	0.1514	0.1460	0.1481	0.1562	0.1710	0.1949	0.1192	0.1101	0.1069	0.1094	0.1176	0.1336	0.1627
1660	0.2054	0.2087	0.2074	0.2097	0.1999	0.2000	0.1998	0.2051	0.2131	0.1860	0.1789	0.1778	0.1831	0.1944	0.2113	0.1515	0.1460	0.1481	0.1563	0.1711	0.1948	0.1191	0.1100	0.1069	0.1093	0.1174	0.1337	0.1626
1661	0.2055	0.2087	0.2075	0.2097	0.2000	0.2000	0.1999	0.2051	0.2131	0.1861	0.1790	0.1779	0.1832	0.1944	0.2114	0.1516	0.1459	0.1482	0.1564	0.1711	0.1947	0.1190	0.1099	0.1069	0.1093	0.1173	0.1337	0.1625
1662	0.2056	0.2087	0.2075	0.2098	0.2002	0.2001	0.1999	0.2051	0.2131	0.1860	0.1791	0.1779	0.1834	0.1945	0.2114	0.1517	0.1461	0.1481	0.1564	0.1712	0.1947	0.1190	0.1100	0.1069	0.1093	0.1173	0.1338	0.1626
1663	0.2057	0.2087	0.2076	0.2100	0.2004	0.2001	0.1999	0.2052	0.2131	0.1859	0.1791	0.1780	0.1836	0.1946	0.2115	0.1518	0.1463	0.1480	0.1565	0.1713	0.1947	0.1190	0.1100	0.1069	0.1093	0.1173	0.1339	0.1627
1664	0.2056	0.2088	0.2076	0.2101	0.2001	0.2001	0.2000	0.2052	0.2133	0.1861	0.1793	0.1781	0.1836	0.1946	0.2115	0.1517	0.1464	0.1481	0.1565	0.1713	0.1947	0.1191	0.1100	0.1069	0.1092	0.1172	0.1339	0.1627
1665	0.2056	0.2088	0.2076	0.2102	0.1999	0.2001	0.2000	0.2053	0.2134	0.1862	0.1794	0.1782	0.1837	0.1947	0.2114	0.1517	0.1464	0.1482	0.1566	0.1713	0.1947	0.1192	0.1100	0.1069	0.1092	0.1172	0.1340	0.1628
1666	0.2054	0.2088	0.2077	0.2102	0.1999	0.2000	0.2000	0.2054	0.2133	0.1861	0.1795	0.1782	0.1837	0.1947	0.2113	0.1515	0.1464	0.1482	0.1565	0.1711	0.1948	0.1194	0.1101	0.1069	0.1092	0.1173	0.1338	0.1628
1667	0.2053	0.2088	0.2077	0.2101	0.1999	0.2000	0.2000	0.2055	0.2133	0.1861	0.1796	0.1782	0.1836	0.1947	0.2112	0.1514	0.1463	0.1482	0.1565	0.1710	0.1949	0.1195	0.1101	0.1068	0.1093	0.1173	0.1337	0.1629
1668	0.2053	0.2089	0.2078	0.2101	0.1999	0.1999	0.2001	0.2054	0.2133	0.1861	0.1796	0.1781	0.1836	0.1946	0.2112	0.1515	0.1464	0.1482	0.1565	0.1711	0.1949	0.1193	0.1101	0.1068	0.1093	0.1173	0.1336	0.1629
1669	0.2053	0.2089	0.2078	0.2101	0.1999	0.1999	0.2002	0.2053	0.2133	0.1861	0.1796	0.1781	0.1836	0.1945	0.2113	0.1515	0.1465	0.1482	0.1564	0.1711	0.1950	0.1192	0.1102	0.1068	0.1093	0.1173	0.1335	0.1629
1670	0.2054	0.2088	0.2077	0.2102	0.1999	0.1999	0.2003	0.2053	0.2134	0.1861	0.1796	0.1781	0.1837	0.1944	0.2112	0.1514	0.1466	0.1483	0.1565	0.1710	0.1950	0.1193	0.1101	0.1068	0.1092	0.1171	0.1335	0.1629
1671	0.2054	0.2087	0.2077	0.2102	0.1999	0.1999	0.2004	0.2053	0.2135	0.1861	0.1796	0.1782	0.1838	0.1943	0.2111	0.1514	0.1466	0.1483	0.1566	0.1709	0.1950	0.1194	0.1100	0.1069	0.1091	0.1170	0.1335	0.1629
1672	0.2053	0.2089	0.2078	0.2103	0.1999	0.2000	0.2003	0.2054	0.2135	0.1860	0.1798	0.1782	0.1839	0.1943	0.2112	0.1515	0.1467	0.1483	0.1568	0.1710	0.1950	0.1195	0.1099	0.1069	0.1092	0.1173	0.1335	0.1629
1673	0.2053	0.2090	0.2079	0.2104	0.2000	0.2000	0.2002	0.2054	0.2136	0.1859	0.1799	0.1782	0.1840	0.1943	0.2113	0.1516	0.1468	0.1483	0.1569	0.1710	0.1950	0.1196	0.1098	0.1069	0.1093	0.1175	0.1335	0.1629
1674	0.2054	0.2091	0.2079	0.2103	0.2001	0.2000	0.2002	0.2055	0.2136	0.1859	0.1798	0.1782	0.1841	0.1943	0.2114	0.1516	0.1467	0.1482	0.1568	0.1709	0.1950	0.1196	0.1100	0.1069	0.1094	0.1176	0.1336	0.1629
1675	0.2055	0.2091	0.2078	0.2103	0.2002	0.2000	0.2002	0.2055	0.2137	0.1859	0.1798	0.1782	0.1842	0.1943	0.2116	0.1517	0.1466	0.1481	0.1568	0.1710	0.1950	0.1195	0.1101	0.1069	0.1095	0.1176	0.1337	0.1629
1676	0.2057	0.2089	0.2079	0.2103	0.2002	0.2000	0.2002	0.2056	0.2137	0.1860	0.1798	0.1783	0.1843	0.1944	0.2115	0.1518	0.1464	0.1480	0.1567	0.1711	0.1950	0.1194	0.1100	0.1069	0.1094	0.1175	0.1336	0.1628
1677	0.2058	0.2088	0.2080	0.2103	0.2002	0.2001	0.2002	0.2057	0.2136	0.1860	0.1798	0.1783	0.1844	0.1944	0.2115	0.1519	0.1463	0.1479	0.1566	0.1712	0.1951	0.1193	0.1100	0.1069	0.1093	0.1174	0.1336	0.1628
1678	0.2059	0.2089	0.2081	0.2103	0.2002	0.2002	0.2003	0.2057	0.2136	0.1859	0.1798	0.1784	0.1846	0.1945	0.2116	0.1520	0.1463	0.1480	0.1565	0.1714	0.1952	0.1193	0.1101	0.1068	0.1093	0.1173	0.1337	0.1627
1679	0.2059	0.2090	0.2082	0.2102	0.2003	0.2002	0.2004	0.2057	0.2136	0.1858	0.1799	0.1785	0.1848	0.1945	0.2116	0.1519	0.1463	0.1480	0.1565	0.1715	0.1953	0.1193	0.1101	0.1068	0.1093	0.1173	0.1338	0.1627
1680	0.2058	0.2090	0.2082	0.2102	0.2003	0.2004	0.2004	0.2057	0.2137	0.1857	0.1799	0.1785	0.1848	0.1944	0.2115	0.1517	0.1462	0.1481	0.1564	0.1716	0.1953	0.1193	0.1100	0.1068	0.1094	0.1173	0.1338	0.1628
1681	0.2058	0.2090	0.2082	0.2102	0.2003	0.2005	0.2004	0.2057	0.2138	0.1856	0.1799	0.1785	0.1848	0.1944	0.2115	0.1516	0.1462	0.1482	0.1563	0.1717	0.1953	0.1194	0.1099	0.1069	0.1095	0.1174	0.1338	0.1629
1682	0.2059	0.2091	0.2082	0.2103	0.2003	0.2006	0.2003	0.2057	0.2138	0.1856	0.1798	0.1784	0.1847	0.1943	0.2115	0.1517	0.1463	0.1483	0.1563	0.1717	0.1954	0.1194	0.1099	0.1068	0.1095	0.1174	0.1338	0.1630
1683	0.2060	0.2090	0.2083	0.2104	0.2003	0.2007	0.2002	0.2058	0.2139	0.1857	0.1799	0.1785	0.1846	0.1942	0.2115	0.1518	0.1464	0.1483	0.1564	0.1718	0.1954	0.1195	0.1099	0.1068	0.1094	0.1174	0.1338	0.1630
1684	0.2061	0.2088	0.2083	0.2105	0.2005	0.2007	0.2002	0.2058	0.2138	0.1858	0.1801	0.1787	0.1847	0.1942	0.2115	0.1519	0.1464	0.1483	0.1564	0.1718	0.1955	0.1194	0.1100	0.1070	0.1093	0.1174	0.1338	0.1631
1685	0.2061	0.2088	0.2084	0.2105	0.2006	0.2007	0.2002	0.2058	0.2138	0.1859	0.1802	0.1788	0.1848	0.1942	0.2115	0.1520	0.1464	0.1484	0.1564	0.1717	0.1956	0.1194	0.1101	0.1071	0.1093	0.1175	0.1338	0.1632
1686	0.2060	0.2090	0.2085	0.2105	0.2005	0.2006	0.2004	0.2058	0.2139	0.1858	0.1804	0.1787	0.1848	0.1941	0.2115	0.1520	0.1465	0.1484	0.1564	0.1717	0.1956	0.1194	0.1102	0.1070	0.1092	0.1175	0.1338	0.1631
1687	0.2060	0.2091	0.2085	0.2106	0.2005	0.2006	0.2004	0.2058	0.2140	0.1857	0.1804	0.1787	0.1848	0.1941	0.2115	0.1520	0.1465	0.1484	0.1565	0.1716	0.1957	0.1195	0.1102	0.1069	0.1092	0.1176	0.1339	0.1631
1688	0.2060	0.2091	0.2083	0.2106	0.2004	0.2006	0.2004	0.2059	0.2141	0.1856	0.1804	0.1787	0.1848	0.1941	0.2114	0.1519	0.1463	0.1483	0.1566	0.1715	0.1957	0.1196	0.1101	0.1068	0.1091	0.1175	0.1340	0.1632
1689	0.2060	0.2090	0.2082	0.2106	0.2004	0.2006	0.2004	0.2058	0.2141	0.1855	0.1804	0.1788	0.1848	0.1941	0.2114	0.1519	0.1463	0.1482	0.1568	0.1715	0.1957	0.1196	0.1100	0.1067	0.1091	0.1174	0.1340	0.1632
1690	0.2059	0.2090	0.2082	0.2105	0.2004	0.2005	0.2004	0.2057	0.2139	0.1855	0.1804	0.1787	0.1847	0.1941	0.2116	0.1520	0.1464	0.1482	0.1569	0.1714	0.1958	0.1196	0.1100	0.1067	0.1092	0.1175	0.1338	0.1633
1691	0.2059	0.2090	0.2083	0.2105	0.2003	0.2004	0.2004	0.2056	0.2139	0.1854	0.1804	0.1787	0.1847	0.1942	0.2116	0.1519	0.1464	0.1482	0.1569	0.1714	0.1958	0.1196	0.1100	0.1067	0.1092	0.1175	0.1338	0.1632
1692	0.2059	0.2090	0.2085	0.2105	0.2002	0.2003	0.2005	0.2056	0.2140	0.1854	0.1803	0.1786	0.1848	0.1942	0.2115	0.1518	0.1465	0.1483	0.1568	0.1713	0.1959	0.1195	0.1101	0.1067	0.1091	0.1175	0.1338	0.1631
1693	0.2058	0.2090	0.2086	0.2104	0.2001	0.2003	0.2004	0.2056	0.2140	0.1853	0.1802	0.1787	0.1848	0.1941	0.2114	0.1517	0.1465	0.1483	0.1567	0.1712	0.1959	0.1195	0.1101	0.1067	0.1091	0.1174	0.1338	0.1631
1694	0.2058	0.2090	0.2084	0.2102	0.2003	0.2002	0.2003	0.2056	0.2140	0.1852	0.1803	0.1787	0.1848	0.1940	0.2114	0.1517	0.1466	0.1482	0.1566	0.1712	0.1958	0.1195	0.1099	0.1067	0.1092	0.1174	0.1337	0.1631
1695	0.2058	0.2090	0.2084	0.2101	0.2003	0.2001	0.2002	0.2057	0.2140	0.1851	0.1803	0.1788	0.1849	0.1939	0.2114	0.1517	0.1466	0.1481	0.1565	0.1712	0.1958	0.1195	0.1098	0.1066	0.1093	0.1173	0.1337	0.1632
1696	0.2058	0.2090	0.2085	0.2100	0.2001	0.2002	0.2002	0.2058	0.2140	0.1852	0.1803	0.1788	0.1850	0.1941	0.2114	0.1518	0.1465	0.1482	0.1565	0.1712	0.1959	0.1195	0.1098	0.1066	0.1093	0.1173	0.1337	0.1633
1697	0.2058	0.2089	0.2086	0.2100	0.2000	0.2002	0.2002	0.2058	0.2140	0.1852	0.1803	0.1788	0.1851	0.1942	0.2114	0.1518	0.1465	0.1482	0.1564	0.1713	0.1960	0.1194	0.1098	0.1066	0.1092	0.1174	0.1338	0.1633
1698	0.2057	0.2089	0.2086	0.2100	0.2000	0.2002	0.2001	0.2059	0.2139	0.1852	0.1803	0.1789	0.1852	0.1942	0.2114	0.1518	0.1464	0.1482	0.1563	0.1714	0.1960	0.1194	0.1097	0.1066	0.1091	0.1176	0.1339	0.1632
1699	0.2056	0.2088	0.2085	0.2100	0.2000	0.2001	0.2001	0.2059	0.2139	0.1852	0.1802	0.1789	0.1853	0.1942	0.2115	0.1519	0.1463	0.1482	0.1562	0.1714	0.1959	0.1194	0.1097	0.1066	0.1091	0.1176	0.1339	0.1632
1700	0.2056	0.2087	0.2084	0.2100	0.1999	0.1999	0.2001	0.2059	0.2139	0.1852	0.1801	0.1789	0.1854	0.1942	0.2116	0.1519	0.1463	0.1482	0.1563	0.1713	0.1960	0.1194	0.1098	0.1066	0.1091	0.1175	0.1337	0.1632
1701	0.2057	0.2086	0.2084	0.2100	0.1999	0.1998	0.2000	0.2059	0.2139	0.1852	0.1800	0.1789	0.1854	0.1941	0.2116	0.1519	0.1462	0.1481	0.1563	0.1713	0.1959	0.1194	0.1099	0.1066	0.1091	0.1175	0.1337	0.1632
1702	0.2058	0.2087	0.2084	0.2100	0.2000	0.1999	0.2000	0.2059	0.2140	0.1851	0.1800	0.1789	0.1854	0.1941	0.2115	0.1519	0.1463	0.1480	0.1563	0.1713	0.1959	0.1193	0.1099	0.1065	0.1090	0.1174	0.1336	0.1632
1703	0.2057	0.2087	0.2083	0.2101	0.2000	0.1999	0.2000	0.2058	0.2140	0.1850	0.1801	0.1789	0.1854	0.1940	0.2116	0.1518	0.1462	0.1480	0.1564	0.1712	0.1959	0.1192	0.1100	0.1066	0.1091	0.1174	0.1335	0.1633
1704	0.2056	0.2088	0.2083	0.2102	0.2001	0.1999	0.2000	0.2057	0.2140	0.1848	0.1801	0.1788	0.1853	0.1940	0.2116	0.1517	0.1460	0.1481	0.1564	0.1712	0.1959	0.1192	0.1101	0.1067	0.1092	0.1174	0.1335	0.1633
1705	0.2055	0.2088	0.2082	0.2102	0.2001	0.2000	0.1999	0.2057	0.2140	0.1848	0.1801	0.1788	0.1854	0.1940	0.2115	0.1517	0.1460	0.1482	0.1564	0.1712	0.1959	0.1192	0.1102	0.1066	0.1093	0.1175	0.1335	0.1633
1706	0.2055	0.2087	0.2082	0.2101	0.2001	0.2000	0.1998	0.2057	0.2140	0.1848	0.1800	0.1787	0.1854	0.1941	0.2114	0.1518	0.1459	0.1482	0.1563	0.1712	0.1959	0.1193	0.1101	0.1064	0.1093	0.1175	0.1335	0.1633
1707	0.2055	0.2086	0.2082	0.2099	0.2000	0.2000	0.1998	0.2056	0.2140	0.1849	0.1799	0.1787	0.1854	0.1941	0.2113	0.1519	0.1459	0.1481	0.1563	0.1712	0.1959	0.1193	0.1101	0.1064	0.1092	0.1176	0.1335	0.1633
1708	0.2055	0.2085	0.2082	0.2097	0.2000	0.1999	0.1998	0.2056	0.2140	0.1849	0.1798	0.1786	0.1853	0.1940	0.2114	0.1520	0.1459	0.1480	0.1563	0.1712	0.1959	0.1193	0.1101	0.1065	0.1090	0.1177	0.1335	0.1633
1709	0.2055	0.2085	0.2082	0.2097	0.2000	0.1998	0.1997	0.2055	0.2139	0.1849	0.1799	0.1786	0.1853	0.1939	0.2113	0.1518	0.1459	0.1480	0.1562	0.1713	0.1959	0.1193	0.1100	0.1064	0.1090	0.1177	0.1335	0.1633
1710	0.2055	0.2085	0.2081	0.2097	0.2000	0.1997	0.1996	0.2054	0.2139	0.1848	0.1799	0.1787	0.1852	0.1938	0.2112	0.1516	0.1459	0.1482	0.1560	0.1714	0.1959	0.1194	0.1100	0.1063	0.1091	0.1175	0.1335	0.1633
1711	0.2055	0.2085	0.2080	0.2097	0.1999	0.1996	0.1996	0.2052	0.2138	0.1848	0.1799	0.1786	0.1851	0.1938	0.2111	0.1516	0.1460	0.1481	0.1561	0.1714	0.1959	0.1193	0.1099	0.1063	0.1090	0.1174	0.1337	0.1632
1712	0.2054	0.2084	0.2078	0.2097	0.1999	0.1996	0.1995	0.2050	0.2139	0.1848	0.1799	0.1785	0.1851	0.1938	0.2112	0.1516	0.1460	0.1480	0.1561	0.1714	0.1960	0.1192	0.1098	0.1064	0.1089	0.1173	0.1339	0.1632
1713	0.2053	0.2083	0.2077	0.2097	0.1998	0.1996	0.1995	0.2049	0.2138	0.1848	0.1798	0.1784	0.1850	0.1938	0.2110	0.1515	0.1459	0.1479	0.1562	0.1712	0.1961	0.1191	0.1098	0.1064	0.1089	0.1173	0.1339	0.1632
1714	0.2051	0.2082	0.2076	0.2096	0.1997	0.1996	0.1994	0.2049	0.2137	0.1849	0.1798	0.1783	0.1850	0.1937	0.2108	0.1514	0.1459	0.1477	0.1562	0.1710	0.1961	0.1191	0.1098	0.1064	0.1089	0.1173	0.1338	0.1631
1715	0.2050	0.2081	0.2074	0.2095	0.1996	0.1995	0.1992	0.2048	0.2135	0.1848	0.1797	0.1783	0.1848	0.1936	0.2108	0.1514	0.1458	0.1477	0.1561	0.1709	0.1959	0.1191	0.1098	0.1064	0.1089	0.1173	0.1337	0.1631
1716	0.2051	0.2079	0.2073	0.2094	0.1995	0.1994	0.1990	0.2048	0.2133	0.1847	0.1795	0.1782	0.1847	0.1935	0.2108	0.1514	0.1457	0.1477	0.1560	0.1708	0.1956	0.1191	0.1097	0.1065	0.1087	0.1173	0.1336	0.1632
1717	0.2050	0.2080	0.2074	0.2093	0.1994	0.1993	0.1990	0.2048	0.2132	0.1846	0.1793	0.1781	0.1847	0.1936	0.2108	0.1514	0.1458	0.1477	0.1561	0.1707	0.1956	0.1191	0.1096	0.1064	0.1086	0.1172	0.1335	0.1631
1718	0.2048	0.2080	0.2075	0.2093	0.1993	0.1991	0.1990	0.2048	0.2130	0.1845	0.1790	0.1781	0.1847	0.1937	0.2109	0.1513	0.1459	0.1476	0.1562	0.1705	0.1957	0.1191	0.1094	0.1064	0.1085	0.1171	0.1334	0.1630
1719	0.2048	0.2078	0.2073	0.2092	0.1992	0.1990	0.1990	0.2047	0.2128	0.1846	0.1790	0.1780	0.1845	0.1938	0.2110	0.1513	0.1457	0.1476	0.1560	0.1706	0.1956	0.1190	0.1095	0.1063	0.1087	0.1173	0.1335	0.1630
1720	0.2047	0.2077	0.2072	0.2092	0.1991	0.1990	0.1989	0.2046	0.2126	0.1847	0.1790	0.1778	0.1843	0.1939	0.2111	0.1513	0.1455	0.1477	0.1558	0.1706	0.1955	0.1189	0.1097	0.1063	0.1089	0.1175	0.1336	0.1630
1721	0.2045	0.2076	0.2071	0.2090	0.1990	0.1989	0.1990	0.2045	0.2126	0.1847	0.1790	0.1779	0.1842	0.1937	0.2111	0.1512	0.1454	0.1476	0.1557	0.1704	0.1954	0.1190	0.1095	0.1061	0.1087	0.1173	0.1335	0.1631
1722	0.2043	0.2075	0.2070	0.2089	0.1988	0.1989	0.1990	0.2044	0.2126	0.1847	0.1790	0.1780	0.1840	0.1935	0.2110	0.1511	0.1453	0.1475	0.1557	0.1703	0.1954	0.1190	0.1094	0.1059	0.1084	0.1171	0.1333	0.1631
1723	0.2044	0.2075	0.2069	0.2090	0.1988	0.1987	0.1989	0.2044	0.2125	0.1847	0.1790	0.1780	0.1839	0.1935	0.2110	0.1510	0.1454	0.1475	0.1558	0.1704	0.1954	0.1189	0.1094	0.1059	0.1085	0.1171	0.1333	0.1631
1724	0.2044	0.2076	0.2067	0.2090	0.1987	0.1986	0.1989	0.2044	0.2124	0.1846	0.1789	0.1780	0.1839	0.1934	0.2109	0.1508	0.1454	0.1474	0.1558	0.1705	0.1954	0.1188	0.1095	0.1058	0.1086	0.1170	0.1333	0.1630
1725	0.2044	0.2073	0.2067	0.2089	0.1986	0.1985	0.1988	0.2043	0.2125	0.1844	0.1788	0.1778	0.1838	0.1933	0.2107	0.1507	0.1453	0.1473	0.1556	0.1704	0.1953	0.1189	0.1095	0.1058	0.1086	0.1170	0.1334	0.1629
1726	0.2044	0.2070	0.2067	0.2087	0.1985	0.1985	0.1987	0.2042	0.2126	0.1843	0.1787	0.1775	0.1837	0.1933	0.2105	0.1506	0.1453	0.1471	0.1555	0.1703	0.1953	0.1189	0.1095	0.1058	0.1085	0.1170	0.1335	0.1628
1727	0.2042	0.2070	0.2065	0.2086	0.1984	0.1982	0.1988	0.2040	0.2125	0.1842	0.1786	0.1774	0.1837	0.1933	0.2104	0.1507	0.1453	0.1472	0.1555	0.1703	0.1952	0.1187	0.1095	0.1059	0.1084	0.1169	0.1333	0.1628
1728	0.2040	0.2069	0.2063	0.2085	0.1984	0.1981	0.1988	0.2038	0.2123	0.1842	0.1784	0.1773	0.1836	0.1933	0.2104	0.1507	0.1452	0.1473	0.1555	0.1703	0.1951	0.1185	0.1094	0.1059	0.1084	0.1169	0.1332	0.1628
1729	0.2038	0.2068	0.2063	0.2084	0.1983	0.1982	0.1985	0.2037	0.2122	0.1841	0.1782	0.1772	0.1835	0.1931	0.2104	0.1506	0.1452	0.1472	0.1554	0.1703	0.1950	0.1185	0.1094	0.1059	0.1085	0.1168	0.1332	0.1630
1730	0.2036	0.2066	0.2062	0.2082	0.1982	0.1983	0.1982	0.2035	0.2122	0.1841	0.1781	0.1772	0.1834	0.1929	0.2104	0.1505	0.1451	0.1471	0.1553	0.1703	0.1949	0.1186	0.1094	0.1060	0.1085	0.1167	0.1332	0.1632
1731	0.2035	0.2065	0.2061	0.2082	0.1981	0.1980	0.1981	0.2034	0.2121	0.1840	0.1781	0.1771	0.1833	0.1927	0.2103	0.1504	0.1450	0.1470	0.1553	0.1704	0.1950	0.1186	0.1092	0.1061	0.1085	0.1165	0.1332	0.1631
1732	0.2035	0.2063	0.2060	0.2081	0.1980	0.1978	0.1981	0.2033	0.2121	0.1840	0.1781	0.1770	0.1832	0.1926	0.2102	0.1503	0.1448	0.1468	0.1552	0.1705	0.1950	0.1185	0.1091	0.1062	0.1085	0.1163	0.1332	0.1631
1733	0.2032	0.2060	0.2057	0.2080	0.1979	0.1977	0.1981	0.2033	0.2121	0.1839	0.1779	0.1770	0.1829	0.1926	0.2100	0.1503	0.1448	0.1468	0.1552	0.1703	0.1949	0.1185	0.1089	0.1060	0.1085	0.1164	0.1332	0.1631
1734	0.2031	0.2058	0.2056	0.2078	0.1978	0.1976	0.1980	0.2033	0.2121	0.1839	0.1778	0.1769	0.1827	0.1925	0.2099	0.1502	0.1449	0.1467	0.1552	0.1702	0.1947	0.1185	0.1087	0.1059	0.1086	0.1164	0.1332	0.1630
1735	0.2031	0.2058	0.2055	0.2078	0.1977	0.1975	0.1979	0.2032	0.2119	0.1840	0.1778	0.1767	0.1825	0.1924	0.2099	0.1502	0.1449	0.1466	0.1551	0.1700	0.1947	0.1185	0.1087	0.1058	0.1085	0.1163	0.1332	0.1630
1736	0.2031	0.2057	0.2054	0.2077	0.1976	0.1974	0.1978	0.2031	0.2117	0.1841	0.1778	0.1766	0.1823	0.1924	0.2099	0.1501	0.1449	0.1466	0.1550	0.1700	0.1947	0.1185	0.1087	0.1057	0.1084	0.1163	0.1331	0.1629
1737	0.2030	0.2057	0.2053	0.2076	0.1975	0.1974	0.1976	0.2030	0.2115	0.1840	0.1777	0.1764	0.1822	0.1923	0.2099	0.1501	0.1447	0.1466	0.1549	0.1701	0.1948	0.1185	0.1087	0.1056	0.1084	0.1163	0.1331	0.1629
1738	0.2029	0.2056	0.2051	0.2074	0.1973	0.1974	0.1974	0.2029	0.2113	0.1840	0.1776	0.1762	0.1820	0.1922	0.2099	0.1500	0.1446	0.1466	0.1549	0.1701	0.1948	0.1184	0.1088	0.1055	0.1083	0.1164	0.1331	0.1629
1739	0.2028	0.2054	0.2050	0.2073	0.1972	0.1973	0.1974	0.2027	0.2112	0.1838	0.1776	0.1760	0.1819	0.1922	0.2099	0.1498	0.1445	0.1464	0.1548	0.1700	0.1947	0.1183	0.1089	0.1056	0.1082	0.1164	0.1331	0.1628
1740	0.2026	0.2053	0.2048	0.2071	0.1970	0.1972	0.1973	0.2026	0.2111	0.1838	0.1774	0.1759	0.1818	0.1922	0.2097	0.1497	0.1444	0.1464	0.1547	0.1699	0.1945	0.1183	0.1088	0.1055	0.1081	0.1164	0.1331	0.1627
1741	0.2023	0.2052	0.2046	0.2069	0.1967	0.1971	0.1973	0.2024	0.2110	0.1839	0.1770	0.1757	0.1816	0.1924	0.2094	0.1495	0.1443	0.1464	0.1545	0.1698	0.1945	0.1182	0.1087	0.1054	0.1080	0.1161	0.1330	0.1627
1742	0.2021	0.2051	0.2045	0.2067	0.1964	0.1968	0.1971	0.2022	0.2109	0.1839	0.1767	0.1755	0.1815	0.1924	0.2092	0.1494	0.1442	0.1464	0.1544	0.1697	0.1944	0.1181	0.1086	0.1054	0.1079	0.1160	0.1329	0.1627
1743	0.2020	0.2050	0.2044	0.2064	0.1963	0.1965	0.1969	0.2020	0.2106	0.1838	0.1766	0.1754	0.1814	0.1922	0.2092	0.1493	0.1442	0.1464	0.1545	0.1698	0.1943	0.1181	0.1087	0.1054	0.1078	0.1160	0.1327	0.1627
1744	0.2019	0.2048	0.2043	0.2063	0.1962	0.1962	0.1967	0.2019	0.2104	0.1838	0.1766	0.1753	0.1813	0.1921	0.2091	0.1492	0.1442	0.1463	0.1545	0.1698	0.1943	0.1180	0.1087	0.1053	0.1078	0.1160	0.1327	0.1626
1745	0.2016	0.2046	0.2040	0.2063	0.1962	0.1961	0.1965	0.2018	0.2104	0.1837	0.1765	0.1750	0.1810	0.1921	0.2090	0.1493	0.1442	0.1461	0.1545	0.1697	0.1942	0.1179	0.1085	0.1052	0.1079	0.1160	0.1328	0.1626
1746	0.2014	0.2043	0.2038	0.2062	0.1961	0.1959	0.1963	0.2017	0.2103	0.1836	0.1763	0.1748	0.1807	0.1920	0.2089	0.1493	0.1441	0.1460	0.1544	0.1696	0.1942	0.1178	0.1084	0.1050	0.1079	0.1160	0.1327	0.1626
1747	0.2013	0.2040	0.2035	0.2059	0.1959	0.1959	0.1961	0.2015	0.2101	0.1835	0.1761	0.1745	0.1805	0.1918	0.2087	0.1492	0.1441	0.1459	0.1543	0.1694	0.1941	0.1177	0.1084	0.1049	0.1078	0.1159	0.1326	0.1627
1748	0.2013	0.2038	0.2034	0.2057	0.1957	0.1958	0.1959	0.2014	0.2099	0.1835	0.1759	0.1743	0.1803	0.1917	0.2086	0.1491	0.1440	0.1458	0.1543	0.1693	0.1940	0.1176	0.1084	0.1049	0.1076	0.1159	0.1324	0.1627
1749	0.2013	0.2037	0.2033	0.2055	0.1955	0.1957	0.1958	0.2014	0.2097	0.1836	0.1757	0.1742	0.1803	0.1917	0.2086	0.1490	0.1440	0.1456	0.1543	0.1691	0.1939	0.1174	0.1082	0.1048	0.1074	0.1160	0.1323	0.1626
1750	0.2012	0.2034	0.2032	0.2053	0.1955	0.1956	0.1956	0.2012	0.2097	0.1835	0.1756	0.1742	0.1801	0.1916	0.2086	0.1489	0.1439	0.1455	0.1542	0.1690	0.1937	0.1173	0.1082	0.1048	0.1073	0.1159	0.1323	0.1624
1751	0.2010	0.2031	0.2030	0.2051	0.1953	0.1956	0.1955	0.2009	0.2096	0.1832	0.1757	0.1741	0.1798	0.1914	0.2085	0.1488	0.1439	0.1455	0.1541	0.1689	0.1937	0.1174	0.1082	0.1047	0.1074	0.1158	0.1323	0.1623
1752	0.2007	0.2029	0.2027	0.2051	0.1952	0.1955	0.1954	0.2007	0.2094	0.1831	0.1756	0.1740	0.1796	0.1912	0.2084	0.1486	0.1438	0.1453	0.1540	0.1687	0.1936	0.1175	0.1081	0.1046	0.1073	0.1158	0.1322	0.1622
1753	0.2004	0.2027	0.2024	0.2050	0.1952	0.1952	0.1952	0.2005	0.2093	0.1830	0.1754	0.1739	0.1794	0.1910	0.2083	0.1482	0.1436	0.1452	0.1539	0.1685	0.1934	0.1176	0.1080	0.1045	0.1071	0.1159	0.1322	0.1620
1754	0.2001	0.2025	0.2023	0.2050	0.1951	0.1950	0.1951	0.2004	0.2090	0.1830	0.1752	0.1738	0.1792	0.1909	0.2082	0.1481	0.1434	0.1451	0.1539	0.1685	0.1933	0.1175	0.1079	0.1045	0.1071	0.1158	0.1323	0.1620
1755	0.1999	0.2025	0.2022	0.2049	0.1950	0.1947	0.1950	0.2002	0.2088	0.1830	0.1750	0.1738	0.1790	0.1910	0.2080	0.1481	0.1432	0.1450	0.1540	0.1686	0.1933	0.1174	0.1078	0.1045	0.1072	0.1155	0.1324	0.1621
1756	0.1997	0.2024	0.2020	0.2047	0.1949	0.1945	0.1948	0.2001	0.2086	0.1828	0.1749	0.1736	0.1788	0.1909	0.2080	0.1480	0.1431	0.1449	0.1538	0.1686	0.1932	0.1172	0.1076	0.1045	0.1073	0.1153	0.1324	0.1621
1757	0.1995	0.2022	0.2018	0.2044	0.1949	0.1945	0.1946	0.2000	0.2084	0.1826	0.1747	0.1735	0.1785	0.1908	0.2081	0.1480	0.1430	0.1449	0.1537	0.1685	0.1930	0.1170	0.1073	0.1044	0.1073	0.1150	0.1324	0.1621
1758	0.1996	0.2021	0.2017	0.2043	0.1947	0.1945	0.1946	0.2000	0.2083	0.1826	0.1745	0.1733	0.1785	0.1907	0.2079	0.1479	0.1430	0.1449	0.1535	0.1684	0.1929	0.1170	0.1073	0.1044	0.1072	0.1152	0.1322	0.1620
1759	0.1996	0.2021	0.2017	0.2042	0.1946	0.1945	0.1946	0.2000	0.2082	0.1826	0.1742	0.1732	0.1784	0.1907	0.2078	0.1478	0.1429	0.1450	0.1534	0.1683	0.1928	0.1170	0.1075	0.1045	0.1070	0.1154	0.1321	0.1619
1760	0.1995	0.2019	0.2016	0.2040	0.1944	0.1944	0.1946	0.1998	0.2081	0.1825	0.1741	0.1732	0.1783	0.1906	0.2077	0.1478	0.1427	0.1449	0.1532	0.1682	0.1928	0.1168	0.1074	0.1046	0.1071	0.1154	0.1321	0.1618
1761	0.1993	0.2017	0.2015	0.2038	0.1943	0.1943	0.1945	0.1996	0.2079	0.1823	0.1740	0.1732	0.1783	0.1906	0.2075	0.1478	0.1425	0.1447	0.1531	0.1681	0.1928	0.1166	0.1072	0.1046	0.1073	0.1154	0.1322	0.1618
1762	0.1991	0.2014	0.2012	0.2036	0.1942	0.1941	0.1944	0.1994	0.2078	0.1822	0.1738	0.1730	0.1781	0.1905	0.2074	0.1477	0.1425	0.1447	0.1530	0.1680	0.1929	0.1166	0.1072	0.1044	0.1072	0.1152	0.1321	0.1618
1763	0.1988	0.2011	0.2010	0.2034	0.1941	0.1940	0.1942	0.1993	0.2077	0.1822	0.1735	0.1728	0.1779	0.1903	0.2074	0.1475	0.1425	0.1446	0.1529	0.1679	0.1928	0.1167	0.1072	0.1042	0.1070	0.1150	0.1321	0.1618
1764	0.1986	0.2010	0.2008	0.2033	0.1941	0.1939	0.1941	0.1991	0.2075	0.1822	0.1735	0.1727	0.1776	0.1901	0.2072	0.1473	0.1424	0.1446	0.1529	0.1679	0.1927	0.1166	0.1072	0.1040	0.1070	0.1149	0.1320	0.1618
1765	0.1984	0.2010	0.2007	0.2032	0.1940	0.1938	0.1940	0.1989	0.2072	0.1823	0.1734	0.1726	0.1774	0.1900	0.2070	0.1472	0.1424	0.1445	0.1529	0.1680	0.1926	0.1166	0.1072	0.1039	0.1069	0.1148	0.1319	0.1618
1766	0.1983	0.2009	0.2005	0.2031	0.1938	0.1937	0.1938	0.1990	0.2073	0.1822	0.1734	0.1724	0.1772	0.1899	0.2069	0.1472	0.1424	0.1443	0.1526	0.1679	0.1924	0.1164	0.1070	0.1038	0.1068	0.1148	0.1319	0.1617
1767	0.1981	0.2008	0.2004	0.2029	0.1935	0.1935	0.1936	0.1991	0.2073	0.1821	0.1734	0.1722	0.1770	0.1898	0.2067	0.1471	0.1424	0.1442	0.1524	0.1677	0.1922	0.1162	0.1067	0.1036	0.1066	0.1149	0.1318	0.1616
1768	0.1979	0.2007	0.2004	0.2029	0.1935	0.1934	0.1936	0.1989	0.2074	0.1821	0.1734	0.1723	0.1768	0.1898	0.2068	0.1470	0.1422	0.1442	0.1524	0.1676	0.1922	0.1162	0.1067	0.1036	0.1066	0.1149	0.1316	0.1618
1769	0.1978	0.2007	0.2004	0.2028	0.1935	0.1932	0.1936	0.1986	0.2074	0.1820	0.1734	0.1723	0.1767	0.1898	0.2068	0.1468	0.1421	0.1442	0.1525	0.1676	0.1922	0.1162	0.1067	0.1037	0.1066	0.1149	0.1313	0.1619
1770	0.1979	0.2006	0.2003	0.2026	0.1932	0.1931	0.1933	0.1986	0.2072	0.1818	0.1733	0.1722	0.1767	0.1897	0.2066	0.1467	0.1419	0.1442	0.1526	0.1673	0.1923	0.1162	0.1066	0.1036	0.1065	0.1148	0.1314	0.1620
1771	0.1980	0.2005	0.2002	0.2025	0.1929	0.1931	0.1931	0.1986	0.2070	0.1817	0.1731	0.1721	0.1766	0.1896	0.2064	0.1466	0.1418	0.1441	0.1526	0.1670	0.1924	0.1162	0.1066	0.1035	0.1064	0.1146	0.1314	0.1620
1772	0.1979	0.2004	0.1999	0.2024	0.1927	0.1932	0.1931	0.1986	0.2067	0.1817	0.1728	0.1721	0.1767	0.1895	0.2062	0.1467	0.1417	0.1440	0.1526	0.1669	0.1923	0.1160	0.1066	0.1036	0.1064	0.1146	0.1315	0.1619
1773	0.1978	0.2004	0.1996	0.2023	0.1926	0.1932	0.1931	0.1986	0.2066	0.1817	0.1727	0.1720	0.1766	0.1894	0.2060	0.1467	0.1416	0.1439	0.1525	0.1668	0.1921	0.1160	0.1066	0.1037	0.1064	0.1146	0.1315	0.1619
1774	0.1976	0.2004	0.1995	0.2022	0.1925	0.1930	0.1931	0.1986	0.2067	0.1816	0.1729	0.1719	0.1765	0.1893	0.2061	0.1466	0.1415	0.1439	0.1523	0.1668	0.1920	0.1160	0.1067	0.1038	0.1064	0.1148	0.1313	0.1617
1775	0.1975	0.2003	0.1993	0.2022	0.1925	0.1928	0.1930	0.1984	0.2067	0.1815	0.1731	0.1719	0.1765	0.1892	0.2062	0.1466	0.1414	0.1438	0.1522	0.1668	0.1919	0.1160	0.1066	0.1037	0.1063	0.1148	0.1312	0.1616
1776	0.1974	0.2001	0.1993	0.2023	0.1926	0.1928	0.1929	0.1983	0.2064	0.1814	0.1729	0.1717	0.1766	0.1894	0.2063	0.1466	0.1416	0.1437	0.1522	0.1669	0.1919	0.1161	0.1066	0.1036	0.1063	0.1147	0.1312	0.1616
1777	0.1974	0.2000	0.1993	0.2023	0.1925	0.1928	0.1927	0.1982	0.2063	0.1814	0.1728	0.1715	0.1768	0.1895	0.2063	0.1467	0.1418	0.1435	0.1522	0.1670	0.1918	0.1162	0.1066	0.1035	0.1064	0.1147	0.1312	0.1617
1778	0.1974	0.2000	0.1993	0.2021	0.1926	0.1928	0.1926	0.1980	0.2064	0.1815	0.1727	0.1714	0.1767	0.1894	0.2062	0.1468	0.1419	0.1435	0.1521	0.1671	0.1916	0.1162	0.1065	0.1036	0.1063	0.1147	0.1313	0.1619
1779	0.1974	0.2001	0.1993	0.2020	0.1928	0.1929	0.1925	0.1979	0.2065	0.1815	0.1727	0.1714	0.1767	0.1893	0.2061	0.1468	0.1418	0.1434	0.1520	0.1673	0.1916	0.1163	0.1065	0.1037	0.1063	0.1148	0.1312	0.1620
1780	0.1975	0.2001	0.1992	0.2020	0.1929	0.1930	0.1925	0.1980	0.2065	0.1814	0.1728	0.1716	0.1766	0.1892	0.2061	0.1468	0.1417	0.1436	0.1520	0.1674	0.1917	0.1163	0.1067	0.1036	0.1062	0.1147	0.1311	0.1621
1781	0.1975	0.2001	0.1991	0.2020	0.1929	0.1930	0.1925	0.1980	0.2064	0.1813	0.1729	0.1717	0.1765	0.1891	0.2060	0.1467	0.1417	0.1436	0.1520	0.1674	0.1916	0.1163	0.1066	0.1036	0.1062	0.1146	0.1311	0.1620
1782	0.1973	0.2000	0.1992	0.2020	0.1927	0.1928	0.1926	0.1979	0.2062	0.1813	0.1729	0.1717	0.1763	0.1890	0.2060	0.1466	0.1416	0.1436	0.1521	0.1674	0.1915	0.1163	0.1064	0.1036	0.1063	0.1146	0.1313	0.1618
1783	0.1972	0.2000	0.1991	0.2019	0.1926	0.1927	0.1926	0.1979	0.2061	0.1813	0.1727	0.1718	0.1762	0.1890	0.2058	0.1465	0.1415	0.1436	0.1520	0.1674	0.1915	0.1163	0.1063	0.1036	0.1062	0.1146	0.1313	0.1617
1784	0.1971	0.1999	0.1989	0.2019	0.1925	0.1926	0.1925	0.1979	0.2062	0.1813	0.1726	0.1718	0.1763	0.1891	0.2057	0.1464	0.1414	0.1435	0.1518	0.1675	0.1916	0.1162	0.1062	0.1035	0.1061	0.1146	0.1312	0.1616
1785	0.1972	0.1999	0.1990	0.2018	0.1925	0.1926	0.1924	0.1979	0.2063	0.1813	0.1725	0.1717	0.1764	0.1891	0.2058	0.1465	0.1415	0.1435	0.1519	0.1675	0.1919	0.1161	0.1063	0.1036	0.1062	0.1147	0.1311	0.1616
1786	0.1973	0.2000	0.1991	0.2018	0.1926	0.1927	0.1923	0.1979	0.2063	0.1812	0.1726	0.1716	0.1766	0.1892	0.2060	0.1466	0.1418	0.1436	0.1520	0.1675	0.1922	0.1160	0.1063	0.1037	0.1064	0.1148	0.1312	0.1615
1787	0.1973	0.2001	0.1991	0.2018	0.1925	0.1928	0.1922	0.1979	0.2063	0.1811	0.1727	0.1716	0.1766	0.1893	0.2059	0.1466	0.1418	0.1436	0.1521	0.1674	0.1922	0.1159	0.1065	0.1037	0.1064	0.1149	0.1313	0.1615
1788	0.1973	0.2001	0.1991	0.2018	0.1922	0.1929	0.1921	0.1978	0.2063	0.1810	0.1728	0.1715	0.1766	0.1892	0.2058	0.1466	0.1417	0.1437	0.1523	0.1674	0.1921	0.1157	0.1067	0.1037	0.1063	0.1150	0.1315	0.1616
1789	0.1973	0.2001	0.1991	0.2019	0.1922	0.1930	0.1922	0.1978	0.2062	0.1809	0.1728	0.1715	0.1767	0.1892	0.2060	0.1467	0.1418	0.1438	0.1522	0.1673	0.1921	0.1157	0.1066	0.1036	0.1062	0.1150	0.1314	0.1616
1790	0.1975	0.2002	0.1992	0.2019	0.1922	0.1931	0.1923	0.1978	0.2060	0.1808	0.1728	0.1716	0.1768	0.1893	0.2061	0.1468	0.1419	0.1439	0.1522	0.1672	0.1921	0.1158	0.1065	0.1036	0.1062	0.1149	0.1313	0.1617
1791	0.1976	0.2002	0.1993	0.2018	0.1924	0.1930	0.1925	0.1979	0.2060	0.1809	0.1728	0.1717	0.1768	0.1891	0.2062	0.1467	0.1419	0.1439	0.1521	0.1672	0.1921	0.1158	0.1065	0.1037	0.1062	0.1148	0.1314	0.1618
1792	0.1977	0.2002	0.1993	0.2018	0.1926	0.1930	0.1926	0.1980	0.2061	0.1809	0.1728	0.1718	0.1767	0.1888	0.2062	0.1466	0.1420	0.1438	0.1520	0.1671	0.1921	0.1158	0.1065	0.1039	0.1062	0.1147	0.1316	0.1620
1793	0.1978	0.2002	0.1992	0.2020	0.1926	0.1930	0.1926	0.1980	0.2063	0.1809	0.1727	0.1718	0.1768	0.1888	0.2061	0.1467	0.1419	0.1437	0.1521	0.1674	0.1920	0.1159	0.1065	0.1039	0.1062	0.1149	0.1317	0.1620
1794	0.1980	0.2001	0.1991	0.2021	0.1927	0.1931	0.1927	0.1980	0.2063	0.1809	0.1726	0.1718	0.1770	0.1889	0.2059	0.1467	0.1419	0.1436	0.1521	0.1677	0.1920	0.1159	0.1065	0.1038	0.1063	0.1151	0.1317	0.1620
1795	0.1979	0.2001	0.1991	0.2021	0.1927	0.1929	0.1927	0.1980	0.2063	0.1807	0.1728	0.1718	0.1771	0.1890	0.2059	0.1467	0.1420	0.1437	0.1522	0.1677	0.1921	0.1159	0.1065	0.1037	0.1062	0.1153	0.1317	0.1619
1796	0.1978	0.2002	0.1990	0.2021	0.1927	0.1928	0.1928	0.1981	0.2062	0.1805	0.1730	0.1719	0.1771	0.1891	0.2059	0.1468	0.1421	0.1437	0.1522	0.1676	0.1922	0.1159	0.1065	0.1036	0.1061	0.1154	0.1316	0.1618
1797	0.1978	0.2004	0.1992	0.2021	0.1930	0.1929	0.1928	0.1983	0.2061	0.1808	0.1731	0.1720	0.1772	0.1891	0.2059	0.1468	0.1420	0.1438	0.1523	0.1675	0.1922	0.1159	0.1064	0.1035	0.1061	0.1153	0.1317	0.1618
1798	0.1978	0.2006	0.1995	0.2021	0.1932	0.1930	0.1928	0.1984	0.2061	0.1810	0.1731	0.1722	0.1773	0.1891	0.2059	0.1467	0.1419	0.1440	0.1524	0.1674	0.1922	0.1160	0.1063	0.1034	0.1060	0.1152	0.1316	0.1618
1799	0.1978	0.2007	0.1996	0.2022	0.1933	0.1929	0.1929	0.1984	0.2063	0.1808	0.1732	0.1722	0.1775	0.1889	0.2058	0.1465	0.1419	0.1440	0.1527	0.1676	0.1924	0.1163	0.1065	0.1035	0.1062	0.1149	0.1316	0.1618
1800	0.1979	0.2007	0.1996	0.2021	0.1933	0.1927	0.1931	0.1985	0.2064	0.1807	0.1733	0.1721	0.1776	0.1887	0.2058	0.1463	0.1419	0.1439	0.1529	0.1678	0.1925	0.1165	0.1067	0.1037	0.1064	0.1147	0.1316	0.1618
1801	0.1952	0.1986	0.2009	0.2070	0.1918	0.1924	0.1944	0.2029	0.2115	0.1831	0.1742	0.1727	0.1830	0.1958	0.2149	0.1479	0.1429	0.1462	0.1586	0.1771	0.2053	0.1201	0.1102	0.1087	0.1094	0.1215	0.1405	0.1771
1802	0.1955	0.1993	0.2015	0.2070	0.1918	0.1926	0.1947	0.2030	0.2121	0.1825	0.1747	0.1725	0.1833	0.1952	0.2147	0.1489	0.1432	0.1469	0.1596	0.1773	0.2053	0.1209	0.1098	0.1089	0.1100	0.1212	0.1404	0.1772
1803	0.1957	0.1998	0.2022	0.2066	0.1917	0.1924	0.1944	0.2030	0.2130	0.1821	0.1751	0.1725	0.1831	0.1949	0.2149	0.1494	0.1435	0.1471	0.1588	0.1780	0.2051	0.1207	0.1099	0.1087	0.1104	0.1213	0.1406	0.1775
1804	0.1955	0.2000	0.2023	0.2057	0.1918	0.1926	0.1941	0.2032	0.2140	0.1819	0.1750	0.1729	0.1824	0.1951	0.2153	0.1494	0.1434	0.1469	0.1577	0.1780	0.2053	0.1199	0.1105	0.1081	0.1105	0.1214	0.1412	0.1773
1805	0.1959	0.1998	0.2020	0.2053	0.1922	0.1933	0.1944	0.2031	0.2144	0.1818	0.1749	0.1728	0.1816	0.1953	0.2154	0.1489	0.1430	0.1472	0.1576	0.1778	0.2054	0.1194	0.1101	0.1079	0.1102	0.1213	0.1415	0.1771
1806	0.1961	0.1996	0.2023	0.2060	0.1928	0.1938	0.1945	0.2026	0.2142	0.1822	0.1753	0.1725	0.1816	0.1952	0.2155	0.1485	0.1433	0.1474	0.1576	0.1781	0.2057	0.1192	0.1098	0.1079	0.1100	0.1211	0.1414	0.1770
1807	0.1959	0.1998	0.2025	0.2065	0.1933	0.1943	0.1946	0.2022	0.2135	0.1826	0.1753	0.1725	0.1820	0.1954	0.2156	0.1486	0.1437	0.1472	0.1577	0.1780	0.2060	0.1192	0.1099	0.1079	0.1102	0.1209	0.1415	0.1768
1808	0.1955	0.2001	0.2021	0.2069	0.1932	0.1948	0.1948	0.2022	0.2129	0.1828	0.1749	0.1728	0.1827	0.1956	0.2156	0.1488	0.1439	0.1467	0.1584	0.1776	0.2057	0.1192	0.1100	0.1081	0.1107	0.1204	0.1418	0.1767
1809	0.1953	0.2003	0.2015	0.2071	0.1931	0.1949	0.1952	0.2024	0.2125	0.1829	0.1745	0.1728	0.1832	0.1955	0.2156	0.1487	0.1438	0.1463	0.1588	0.1774	0.2053	0.1193	0.1101	0.1083	0.1112	0.1198	0.1420	0.1768
1810	0.1956	0.2002	0.2015	0.2070	0.1933	0.1943	0.1956	0.2029	0.2127	0.1832	0.1745	0.1726	0.1833	0.1950	0.2156	0.1486	0.1438	0.1462	0.1586	0.1775	0.2050	0.1197	0.1100	0.1083	0.1113	0.1198	0.1422	0.1770
1811	0.1960	0.2001	0.2017	0.2068	0.1937	0.1935	0.1959	0.2032	0.2130	0.1833	0.1745	0.1727	0.1832	0.1947	0.2154	0.1486	0.1439	0.1461	0.1581	0.1775	0.2046	0.1203	0.1099	0.1082	0.1112	0.1200	0.1425	0.1770
1812	0.1959	0.2001	0.2018	0.2070	0.1938	0.1930	0.1960	0.2035	0.2133	0.1828	0.1745	0.1726	0.1826	0.1946	0.2152	0.1487	0.1439	0.1458	0.1579	0.1780	0.2045	0.1205	0.1098	0.1082	0.1107	0.1208	0.1424	0.1768
1813	0.1954	0.2001	0.2017	0.2072	0.1936	0.1926	0.1961	0.2038	0.2130	0.1827	0.1748	0.1722	0.1822	0.1946	0.2153	0.1486	0.1440	0.1456	0.1575	0.1785	0.2047	0.1203	0.1099	0.1082	0.1105	0.1217	0.1425	0.1768
1814	0.1951	0.1998	0.2015	0.2073	0.1929	0.1925	0.1957	0.2040	0.2127	0.1828	0.1747	0.1722	0.1819	0.1946	0.2152	0.1488	0.1446	0.1456	0.1569	0.1782	0.2051	0.1200	0.1099	0.1078	0.1102	0.1221	0.1430	0.1772
1815	0.1954	0.1992	0.2018	0.2072	0.1926	0.1924	0.1958	0.2036	0.2126	0.1829	0.1750	0.1725	0.1818	0.1949	0.2149	0.1494	0.1449	0.1458	0.1569	0.1780	0.2053	0.1198	0.1098	0.1072	0.1098	0.1222	0.1429	0.1772
1816	0.1959	0.1990	0.2023	0.2069	0.1928	0.1919	0.1959	0.2033	0.2123	0.1830	0.1755	0.1727	0.1819	0.1956	0.2149	0.1497	0.1447	0.1459	0.1573	0.1778	0.2056	0.1199	0.1101	0.1069	0.1095	0.1219	0.1428	0.1770
1817	0.1965	0.1992	0.2023	0.2069	0.1931	0.1918	0.1956	0.2032	0.2123	0.1831	0.1757	0.1727	0.1821	0.1963	0.2155	0.1498	0.1437	0.1461	0.1576	0.1778	0.2060	0.1202	0.1101	0.1068	0.1092	0.1220	0.1432	0.1767
1818	0.1968	0.1996	0.2020	0.2070	0.1934	0.1919	0.1952	0.2031	0.2128	0.1834	0.1758	0.1725	0.1822	0.1966	0.2162	0.1497	0.1428	0.1464	0.1578	0.1780	0.2060	0.1203	0.1100	0.1068	0.1091	0.1225	0.1438	0.1764
1819	0.1967	0.2001	0.2018	0.2068	0.1935	0.1922	0.1948	0.2032	0.2137	0.1838	0.1758	0.1723	0.1822	0.1963	0.2162	0.1497	0.1428	0.1468	0.1582	0.1780	0.2056	0.1201	0.1098	0.1070	0.1094	0.1231	0.1440	0.1767
1820	0.1966	0.2003	0.2016	0.2067	0.1934	0.1926	0.1945	0.2031	0.2142	0.1841	0.1757	0.1723	0.1822	0.1959	0.2159	0.1498	0.1432	0.1471	0.1583	0.1780	0.2052	0.1199	0.1096	0.1073	0.1098	0.1234	0.1436	0.1773
1821	0.1964	0.2002	0.2014	0.2067	0.1930	0.1931	0.1942	0.2029	0.2137	0.1839	0.1757	0.1723	0.1819	0.1958	0.2156	0.1501	0.1435	0.1476	0.1577	0.1783	0.2054	0.1199	0.1097	0.1074	0.1100	0.1229	0.1433	0.1776
1822	0.1958	0.2005	0.2011	0.2065	0.1923	0.1929	0.1938	0.2028	0.2131	0.1835	0.1758	0.1722	0.1816	0.1956	0.2152	0.1504	0.1438	0.1482	0.1569	0.1783	0.2056	0.1199	0.1102	0.1073	0.1099	0.1224	0.1433	0.1776
1823	0.1951	0.2005	0.2008	0.2058	0.1916	0.1926	0.1939	0.2028	0.2131	0.1829	0.1757	0.1722	0.1815	0.1950	0.2150	0.1500	0.1440	0.1482	0.1566	0.1782	0.2057	0.1201	0.1101	0.1071	0.1096	0.1220	0.1434	0.1777
1824	0.1948	0.2002	0.2005	0.2053	0.1916	0.1928	0.1945	0.2027	0.2132	0.1827	0.1757	0.1721	0.1815	0.1945	0.2159	0.1493	0.1433	0.1478	0.1568	0.1785	0.2055	0.1200	0.1100	0.1074	0.1100	0.1220	0.1434	0.1779
1825	0.1948	0.2001	0.2003	0.2052	0.1918	0.1927	0.1950	0.2026	0.2134	0.1829	0.1757	0.1725	0.1817	0.1944	0.2165	0.1491	0.1427	0.1476	0.1571	0.1784	0.2052	0.1200	0.1100	0.1077	0.1105	0.1221	0.1436	0.1780
1826	0.1953	0.2003	0.2008	0.2054	0.1917	0.1919	0.1953	0.2023	0.2135	0.1838	0.1754	0.1732	0.1826	0.1944	0.2158	0.1492	0.1428	0.1475	0.1572	0.1783	0.2052	0.1204	0.1097	0.1073	0.1104	0.1221	0.1440	0.1778
1827	0.1960	0.2005	0.2014	0.2056	0.1917	0.1913	0.1957	0.2023	0.2135	0.1845	0.1750	0.1737	0.1833	0.1947	0.2150	0.1491	0.1430	0.1474	0.1573	0.1783	0.2052	0.1208	0.1094	0.1069	0.1100	0.1219	0.1442	0.1777
1828	0.1965	0.2003	0.2014	0.2056	0.1918	0.1916	0.1957	0.2027	0.2130	0.1843	0.1747	0.1739	0.1841	0.1952	0.2147	0.1489	0.1432	0.1474	0.1580	0.1782	0.2051	0.1209	0.1093	0.1070	0.1096	0.1215	0.1440	0.1776
1829	0.1965	0.2000	0.2010	0.2055	0.1920	0.1921	0.1955	0.2031	0.2124	0.1838	0.1745	0.1741	0.1848	0.1958	0.2146	0.1487	0.1435	0.1475	0.1587	0.1779	0.2049	0.1209	0.1093	0.1072	0.1094	0.1211	0.1437	0.1775
1830	0.1963	0.1998	0.2005	0.2048	0.1918	0.1923	0.1949	0.2027	0.2123	0.1834	0.1746	0.1738	0.1851	0.1965	0.2150	0.1486	0.1431	0.1474	0.1585	0.1777	0.2052	0.1208	0.1092	0.1074	0.1094	0.1210	0.1434	0.1774
1831	0.1961	0.1996	0.2001	0.2039	0.1914	0.1923	0.1946	0.2021	0.2126	0.1832	0.1747	0.1734	0.1847	0.1974	0.2154	0.1490	0.1427	0.1474	0.1579	0.1775	0.2058	0.1209	0.1092	0.1077	0.1097	0.1208	0.1431	0.1772
1832	0.1957	0.1993	0.2001	0.2036	0.1915	0.1921	0.1946	0.2019	0.2126	0.1830	0.1746	0.1734	0.1836	0.1974	0.2159	0.1489	0.1428	0.1478	0.1573	0.1772	0.2059	0.1207	0.1095	0.1077	0.1101	0.1210	0.1429	0.1770
1833	0.1954	0.1989	0.2008	0.2037	0.1918	0.1917	0.1947	0.2017	0.2124	0.1825	0.1742	0.1732	0.1825	0.1967	0.2163	0.1484	0.1431	0.1477	0.1567	0.1769	0.2057	0.1201	0.1097	0.1074	0.1103	0.1214	0.1427	0.1768
1834	0.1953	0.1989	0.2009	0.2038	0.1919	0.1915	0.1952	0.2014	0.2120	0.1820	0.1738	0.1728	0.1820	0.1960	0.2164	0.1482	0.1434	0.1475	0.1564	0.1766	0.2054	0.1199	0.1096	0.1069	0.1105	0.1216	0.1430	0.1764
1835	0.1956	0.1989	0.2008	0.2046	0.1923	0.1916	0.1954	0.2015	0.2121	0.1819	0.1737	0.1723	0.1818	0.1950	0.2163	0.1481	0.1434	0.1478	0.1568	0.1764	0.2047	0.1195	0.1091	0.1062	0.1105	0.1214	0.1433	0.1761
1836	0.1958	0.1986	0.2009	0.2053	0.1926	0.1915	0.1953	0.2019	0.2121	0.1818	0.1737	0.1720	0.1814	0.1943	0.2160	0.1479	0.1432	0.1476	0.1571	0.1763	0.2042	0.1190	0.1087	0.1057	0.1106	0.1211	0.1430	0.1758
1837	0.1955	0.1980	0.2010	0.2052	0.1925	0.1909	0.1953	0.2020	0.2116	0.1817	0.1739	0.1729	0.1814	0.1942	0.2158	0.1481	0.1431	0.1467	0.1574	0.1763	0.2041	0.1191	0.1088	0.1059	0.1105	0.1210	0.1423	0.1756
1838	0.1950	0.1976	0.2009	0.2051	0.1922	0.1904	0.1951	0.2019	0.2110	0.1815	0.1743	0.1738	0.1815	0.1943	0.2158	0.1483	0.1430	0.1459	0.1576	0.1762	0.2042	0.1195	0.1091	0.1061	0.1103	0.1209	0.1418	0.1757
1839	0.1944	0.1973	0.2007	0.2052	0.1919	0.1901	0.1946	0.2015	0.2108	0.1812	0.1745	0.1737	0.1815	0.1946	0.2155	0.1481	0.1427	0.1456	0.1575	0.1760	0.2046	0.1197	0.1096	0.1061	0.1101	0.1209	0.1416	0.1759
1840	0.1937	0.1973	0.2004	0.2052	0.1916	0.1900	0.1941	0.2013	0.2107	0.1808	0.1745	0.1732	0.1816	0.1949	0.2150	0.1477	0.1423	0.1455	0.1575	0.1759	0.2050	0.1196	0.1099	0.1063	0.1101	0.1212	0.1413	0.1759
1841	0.1934	0.1981	0.2000	0.2050	0.1911	0.1898	0.1939	0.2011	0.2110	0.1808	0.1737	0.1727	0.1816	0.1948	0.2147	0.1478	0.1421	0.1454	0.1573	0.1759	0.2053	0.1190	0.1094	0.1065	0.1102	0.1215	0.1414	0.1759
1842	0.1934	0.1986	0.1996	0.2043	0.1905	0.1899	0.1934	0.2008	0.2115	0.1808	0.1725	0.1721	0.1814	0.1945	0.2146	0.1478	0.1418	0.1451	0.1572	0.1761	0.2051	0.1186	0.1088	0.1065	0.1100	0.1217	0.1417	0.1760
1843	0.1936	0.1983	0.1992	0.2038	0.1903	0.1899	0.1929	0.2003	0.2112	0.1807	0.1718	0.1715	0.1813	0.1944	0.2145	0.1480	0.1413	0.1450	0.1567	0.1761	0.2044	0.1180	0.1087	0.1065	0.1098	0.1216	0.1418	0.1760
1844	0.1936	0.1974	0.1984	0.2040	0.1903	0.1894	0.1927	0.2000	0.2104	0.1807	0.1717	0.1713	0.1810	0.1945	0.2143	0.1486	0.1414	0.1447	0.1558	0.1759	0.2040	0.1174	0.1090	0.1062	0.1095	0.1212	0.1418	0.1760
1845	0.1935	0.1966	0.1977	0.2039	0.1903	0.1891	0.1927	0.2000	0.2100	0.1806	0.1712	0.1709	0.1804	0.1943	0.2140	0.1487	0.1415	0.1443	0.1551	0.1757	0.2037	0.1171	0.1091	0.1057	0.1091	0.1210	0.1417	0.1760
1846	0.1933	0.1964	0.1974	0.2034	0.1898	0.1888	0.1926	0.1999	0.2100	0.1802	0.1705	0.1705	0.1796	0.1939	0.2133	0.1481	0.1411	0.1441	0.1549	0.1755	0.2035	0.1172	0.1086	0.1056	0.1084	0.1206	0.1414	0.1759
1847	0.1932	0.1963	0.1972	0.2029	0.1893	0.1884	0.1924	0.1997	0.2100	0.1798	0.1700	0.1703	0.1792	0.1937	0.2127	0.1475	0.1407	0.1440	0.1548	0.1753	0.2032	0.1172	0.1080	0.1055	0.1077	0.1202	0.1410	0.1758
1848	0.1931	0.1960	0.1969	0.2024	0.1890	0.1876	0.1920	0.1994	0.2097	0.1794	0.1701	0.1704	0.1790	0.1934	0.2123	0.1466	0.1406	0.1439	0.1548	0.1750	0.2028	0.1171	0.1078	0.1057	0.1073	0.1200	0.1406	0.1758
1849	0.1929	0.1956	0.1968	0.2018	0.1889	0.1869	0.1916	0.1991	0.2093	0.1790	0.1700	0.1704	0.1786	0.1930	0.2120	0.1457	0.1404	0.1438	0.1547	0.1747	0.2024	0.1170	0.1077	0.1057	0.1071	0.1200	0.1402	0.1757
1850	0.1923	0.1947	0.1963	0.2009	0.1886	0.1868	0.1909	0.1985	0.2083	0.1787	0.1694	0.1699	0.1778	0.1926	0.2118	0.1448	0.1399	0.1438	0.1542	0.1740	0.2024	0.1170	0.1076	0.1050	0.1070	0.1196	0.1397	0.1749
1851	0.1919	0.1939	0.1959	0.1998	0.1883	0.1871	0.1902	0.1978	0.2072	0.1785	0.1688	0.1695	0.1773	0.1924	0.2118	0.1442	0.1395	0.1437	0.1535	0.1730	0.2025	0.1170	0.1076	0.1042	0.1067	0.1193	0.1397	0.1739
1852	0.1914	0.1936	0.1953	0.1987	0.1874	0.1866	0.1897	0.1970	0.2066	0.1786	0.1684	0.1689	0.1768	0.1919	0.2114	0.1440	0.1394	0.1431	0.1531	0.1722	0.2022	0.1171	0.1070	0.1038	0.1064	0.1189	0.1396	0.1736
1853	0.1907	0.1934	0.1942	0.1980	0.1864	0.1859	0.1891	0.1965	0.2062	0.1788	0.1679	0.1681	0.1765	0.1910	0.2104	0.1439	0.1392	0.1423	0.1528	0.1716	0.2013	0.1172	0.1062	0.1034	0.1064	0.1186	0.1389	0.1735
1854	0.1899	0.1929	0.1930	0.1974	0.1855	0.1854	0.1885	0.1957	0.2055	0.1786	0.1675	0.1672	0.1761	0.1901	0.2094	0.1436	0.1390	0.1414	0.1526	0.1711	0.2004	0.1168	0.1053	0.1030	0.1065	0.1182	0.1381	0.1731
1855	0.1892	0.1920	0.1920	0.1970	0.1848	0.1850	0.1880	0.1943	0.2045	0.1774	0.1672	0.1660	0.1752	0.1894	0.2088	0.1428	0.1386	0.1407	0.1528	0.1710	0.1996	0.1163	0.1047	0.1025	0.1064	0.1178	0.1373	0.1730
1856	0.1886	0.1911	0.1910	0.1966	0.1843	0.1846	0.1874	0.1930	0.2036	0.1762	0.1669	0.1650	0.1742	0.1887	0.2081	0.1422	0.1382	0.1400	0.1528	0.1708	0.1989	0.1160	0.1045	0.1021	0.1061	0.1173	0.1366	0.1728
1857	0.1881	0.1900	0.1908	0.1958	0.1839	0.1837	0.1865	0.1924	0.2029	0.1751	0.1661	0.1642	0.1736	0.1883	0.2072	0.1417	0.1376	0.1392	0.1522	0.1698	0.1983	0.1157	0.1046	0.1022	0.1056	0.1166	0.1364	0.1721
1858	0.1875	0.1887	0.1907	0.1948	0.1832	0.1826	0.1854	0.1918	0.2022	0.1740	0.1650	0.1634	0.1731	0.1880	0.2062	0.1412	0.1370	0.1384	0.1515	0.1687	0.1978	0.1153	0.1046	0.1023	0.1051	0.1160	0.1362	0.1714
1859	0.1867	0.1875	0.1899	0.1938	0.1822	0.1815	0.1840	0.1907	0.2011	0.1730	0.1639	0.1627	0.1719	0.1873	0.2051	0.1408	0.1365	0.1378	0.1508	0.1675	0.1971	0.1145	0.1048	0.1022	0.1039	0.1154	0.1357	0.1711
1860	0.1858	0.1864	0.1888	0.1928	0.1813	0.1804	0.1827	0.1894	0.1999	0.1721	0.1628	0.1620	0.1702	0.1864	0.2040	0.1403	0.1360	0.1372	0.1500	0.1664	0.1964	0.1136	0.1051	0.1022	0.1027	0.1148	0.1353	0.1705
1861	0.1845	0.1854	0.1872	0.1917	0.1798	0.1793	0.1813	0.1880	0.1986	0.1708	0.1617	0.1606	0.1690	0.1850	0.2030	0.1392	0.1345	0.1366	0.1491	0.1652	0.1954	0.1123	0.1043	0.1014	0.1023	0.1142	0.1351	0.1692
1862	0.1832	0.1844	0.1855	0.1907	0.1781	0.1783	0.1800	0.1868	0.1970	0.1691	0.1606	0.1590	0.1683	0.1834	0.2019	0.1378	0.1332	0.1357	0.1479	0.1643	0.1943	0.1111	0.1033	0.1002	0.1023	0.1133	0.1347	0.1680
1863	0.1815	0.1831	0.1842	0.1893	0.1768	0.1772	0.1787	0.1856	0.1958	0.1673	0.1594	0.1580	0.1672	0.1816	0.2004	0.1366	0.1321	0.1345	0.1465	0.1634	0.1931	0.1106	0.1023	0.0995	0.1022	0.1123	0.1341	0.1670
1864	0.1795	0.1819	0.1830	0.1874	0.1757	0.1759	0.1771	0.1845	0.1947	0.1660	0.1577	0.1571	0.1653	0.1801	0.1990	0.1354	0.1309	0.1331	0.1453	0.1621	0.1917	0.1103	0.1011	0.0988	0.1016	0.1112	0.1331	0.1659
1865	0.1775	0.1804	0.1815	0.1858	0.1741	0.1747	0.1753	0.1831	0.1934	0.1646	0.1558	0.1559	0.1635	0.1784	0.1976	0.1343	0.1299	0.1317	0.1440	0.1607	0.1903	0.1099	0.1002	0.0982	0.1008	0.1104	0.1323	0.1647
1866	0.1753	0.1783	0.1795	0.1840	0.1719	0.1732	0.1736	0.1813	0.1919	0.1632	0.1539	0.1545	0.1622	0.1767	0.1960	0.1333	0.1286	0.1303	0.1428	0.1598	0.1890	0.1089	0.0996	0.0978	0.1002	0.1099	0.1320	0.1637
1867	0.1734	0.1763	0.1773	0.1822	0.1699	0.1715	0.1719	0.1795	0.1904	0.1619	0.1521	0.1530	0.1608	0.1750	0.1944	0.1320	0.1272	0.1289	0.1417	0.1590	0.1877	0.1078	0.0991	0.0972	0.0997	0.1093	0.1315	0.1628
1868	0.1719	0.1741	0.1749	0.1804	0.1680	0.1695	0.1701	0.1781	0.1881	0.1606	0.1505	0.1515	0.1590	0.1734	0.1926	0.1301	0.1258	0.1279	0.1403	0.1580	0.1866	0.1066	0.0979	0.0964	0.0988	0.1087	0.1299	0.1624
1869	0.1704	0.1720	0.1725	0.1787	0.1663	0.1675	0.1684	0.1769	0.1856	0.1592	0.1489	0.1499	0.1572	0.1720	0.1907	0.1281	0.1245	0.1269	0.1387	0.1569	0.1856	0.1054	0.0965	0.0955	0.0977	0.1081	0.1281	0.1618
1870	0.1685	0.1701	0.1706	0.1766	0.1647	0.1657	0.1667	0.1753	0.1833	0.1575	0.1473	0.1476	0.1556	0.1704	0.1889	0.1268	0.1229	0.1258	0.1370	0.1556	0.1835	0.1043	0.0950	0.0940	0.0962	0.1073	0.1267	0.1602
1871	0.1664	0.1682	0.1690	0.1745	0.1633	0.1639	0.1651	0.1735	0.1813	0.1555	0.1457	0.1450	0.1541	0.1685	0.1872	0.1256	0.1216	0.1247	0.1356	0.1539	0.1814	0.1031	0.0937	0.0924	0.0946	0.1062	0.1254	0.1584
1872	0.1642	0.1662	0.1672	0.1723	0.1616	0.1614	0.1630	0.1712	0.1789	0.1533	0.1440	0.1429	0.1521	0.1662	0.1856	0.1244	0.1200	0.1234	0.1342	0.1520	0.1794	0.1019	0.0923	0.0909	0.0936	0.1050	0.1242	0.1565
1873	0.1622	0.1645	0.1648	0.1701	0.1592	0.1586	0.1602	0.1685	0.1761	0.1509	0.1420	0.1411	0.1496	0.1638	0.1836	0.1232	0.1182	0.1219	0.1327	0.1502	0.1774	0.1004	0.0908	0.0893	0.0925	0.1036	0.1231	0.1552
1874	0.1602	0.1626	0.1625	0.1682	0.1569	0.1561	0.1577	0.1660	0.1736	0.1487	0.1402	0.1394	0.1476	0.1615	0.1814	0.1218	0.1163	0.1201	0.1310	0.1484	0.1754	0.0986	0.0895	0.0878	0.0912	0.1024	0.1218	0.1541
1875	0.1581	0.1603	0.1603	0.1661	0.1545	0.1537	0.1556	0.1633	0.1712	0.1466	0.1389	0.1377	0.1460	0.1594	0.1788	0.1201	0.1145	0.1183	0.1291	0.1462	0.1732	0.0974	0.0884	0.0866	0.0897	0.1010	0.1200	0.1528
1876	0.1558	0.1579	0.1581	0.1638	0.1521	0.1512	0.1534	0.1606	0.1688	0.1444	0.1374	0.1358	0.1441	0.1572	0.1762	0.1182	0.1126	0.1166	0.1270	0.1439	0.1709	0.0963	0.0871	0.0854	0.0882	0.0993	0.1183	0.1512
1877	0.1531	0.1559	0.1556	0.1607	0.1493	0.1484	0.1517	0.1580	0.1664	0.1422	0.1354	0.1333	0.1418	0.1546	0.1734	0.1160	0.1106	0.1147	0.1246	0.1416	0.1685	0.0949	0.0859	0.0843	0.0872	0.0973	0.1170	0.1492
1878	0.1503	0.1540	0.1529	0.1577	0.1466	0.1458	0.1500	0.1554	0.1640	0.1399	0.1332	0.1308	0.1395	0.1521	0.1706	0.1137	0.1086	0.1127	0.1224	0.1393	0.1662	0.0934	0.0846	0.0831	0.0862	0.0955	0.1158	0.1474
1879	0.1477	0.1515	0.1499	0.1547	0.1442	0.1434	0.1472	0.1527	0.1615	0.1374	0.1305	0.1285	0.1367	0.1500	0.1682	0.1116	0.1067	0.1108	0.1204	0.1373	0.1640	0.0917	0.0831	0.0815	0.0845	0.0943	0.1143	0.1460
1880	0.1450	0.1487	0.1469	0.1517	0.1418	0.1411	0.1441	0.1498	0.1590	0.1348	0.1277	0.1261	0.1338	0.1480	0.1661	0.1095	0.1049	0.1089	0.1186	0.1353	0.1617	0.0900	0.0815	0.0798	0.0827	0.0933	0.1128	0.1447
1881	0.1420	0.1454	0.1440	0.1487	0.1389	0.1382	0.1415	0.1466	0.1559	0.1320	0.1254	0.1235	0.1315	0.1455	0.1631	0.1075	0.1032	0.1068	0.1163	0.1332	0.1592	0.0886	0.0802	0.0784	0.0809	0.0916	0.1110	0.1427
1882	0.1391	0.1420	0.1408	0.1457	0.1359	0.1352	0.1392	0.1433	0.1526	0.1293	0.1230	0.1208	0.1292	0.1428	0.1601	0.1054	0.1014	0.1046	0.1139	0.1311	0.1568	0.0872	0.0789	0.0769	0.0793	0.0900	0.1093	0.1404
1883	0.1363	0.1387	0.1377	0.1426	0.1330	0.1325	0.1366	0.1405	0.1494	0.1265	0.1202	0.1182	0.1269	0.1401	0.1569	0.1032	0.0995	0.1023	0.1116	0.1288	0.1543	0.0853	0.0773	0.0753	0.0779	0.0883	0.1075	0.1381
1884	0.1337	0.1357	0.1349	0.1395	0.1301	0.1299	0.1336	0.1382	0.1466	0.1240	0.1169	0.1156	0.1248	0.1373	0.1536	0.1010	0.0978	0.0998	0.1093	0.1266	0.1518	0.0829	0.0757	0.0739	0.0764	0.0862	0.1053	0.1360
1885	0.1310	0.1328	0.1323	0.1366	0.1275	0.1276	0.1306	0.1357	0.1440	0.1217	0.1141	0.1131	0.1224	0.1344	0.1506	0.0989	0.0961	0.0975	0.1070	0.1246	0.1494	0.0809	0.0741	0.0725	0.0750	0.0843	0.1031	0.1338
1886	0.1280	0.1298	0.1294	0.1338	0.1249	0.1254	0.1277	0.1324	0.1415	0.1193	0.1120	0.1110	0.1193	0.1315	0.1477	0.0966	0.0938	0.0956	0.1051	0.1225	0.1471	0.0794	0.0723	0.0713	0.0736	0.0831	0.1011	0.1315
1887	0.1251	0.1268	0.1264	0.1310	0.1223	0.1232	0.1249	0.1293	0.1389	0.1168	0.1099	0.1090	0.1164	0.1286	0.1449	0.0945	0.0915	0.0938	0.1033	0.1203	0.1446	0.0781	0.0707	0.0700	0.0723	0.0820	0.0992	0.1296
1888	0.1226	0.1249	0.1237	0.1283	0.1198	0.1212	0.1220	0.1267	0.1361	0.1142	0.1080	0.1066	0.1141	0.1260	0.1427	0.0926	0.0894	0.0922	0.1016	0.1178	0.1419	0.0771	0.0692	0.0684	0.0710	0.0805	0.0973	0.1282
1889	0.1202	0.1230	0.1211	0.1255	0.1172	0.1191	0.1191	0.1240	0.1332	0.1115	0.1061	0.1043	0.1118	0.1234	0.1405	0.0908	0.0871	0.0906	0.0998	0.1152	0.1392	0.0761	0.0678	0.0668	0.0695	0.0790	0.0954	0.1267
1890	0.1178	0.1205	0.1185	0.1228	0.1142	0.1162	0.1165	0.1213	0.1302	0.1091	0.1037	0.1021	0.1093	0.1211	0.1380	0.0889	0.0848	0.0889	0.0977	0.1128	0.1367	0.0746	0.0664	0.0657	0.0677	0.0773	0.0939	0.1246
1891	0.1154	0.1177	0.1159	0.1202	0.1112	0.1132	0.1140	0.1187	0.1272	0.1067	0.1010	0.1001	0.1068	0.1188	0.1353	0.0870	0.0824	0.0871	0.0956	0.1105	0.1343	0.0730	0.0652	0.0647	0.0660	0.0754	0.0925	0.1224
1892	0.1131	0.1151	0.1135	0.1176	0.1087	0.1104	0.1113	0.1163	0.1246	0.1046	0.0987	0.0982	0.1045	0.1164	0.1325	0.0849	0.0805	0.0855	0.0934	0.1086	0.1322	0.0716	0.0639	0.0634	0.0645	0.0739	0.0912	0.1206
1893	0.1107	0.1124	0.1111	0.1148	0.1066	0.1078	0.1087	0.1138	0.1221	0.1025	0.0967	0.0961	0.1022	0.1140	0.1298	0.0829	0.0789	0.0840	0.0913	0.1066	0.1304	0.0704	0.0627	0.0620	0.0632	0.0726	0.0898	0.1192
1894	0.1084	0.1096	0.1087	0.1124	0.1049	0.1056	0.1068	0.1114	0.1197	0.1005	0.0946	0.0938	0.1001	0.1118	0.1274	0.0812	0.0778	0.0826	0.0893	0.1046	0.1287	0.0691	0.0616	0.0604	0.0622	0.0714	0.0884	0.1177
1895	0.1063	0.1072	0.1062	0.1104	0.1034	0.1041	0.1048	0.1092	0.1173	0.0987	0.0929	0.0917	0.0987	0.1099	0.1255	0.0801	0.0768	0.0810	0.0878	0.1029	0.1271	0.0680	0.0608	0.0589	0.0613	0.0703	0.0870	0.1163
1896	0.1043	0.1050	0.1041	0.1085	0.1018	0.1024	0.1030	0.1071	0.1152	0.0970	0.0914	0.0896	0.0973	0.1081	0.1237	0.0791	0.0757	0.0792	0.0864	0.1011	0.1256	0.0669	0.0601	0.0577	0.0602	0.0692	0.0856	0.1153
1897	0.1027	0.1031	0.1023	0.1071	0.1005	0.1005	0.1012	0.1056	0.1135	0.0956	0.0905	0.0877	0.0960	0.1064	0.1221	0.0781	0.0744	0.0778	0.0851	0.0992	0.1241	0.0654	0.0589	0.0568	0.0595	0.0682	0.0842	0.1144
1898	0.1011	0.1013	0.1006	0.1056	0.0990	0.0985	0.0995	0.1043	0.1118	0.0941	0.0895	0.0859	0.0948	0.1048	0.1204	0.0772	0.0731	0.0764	0.0838	0.0975	0.1227	0.0641	0.0578	0.0558	0.0589	0.0672	0.0831	0.1134
1899	0.0994	0.0999	0.0991	0.1043	0.0974	0.0968	0.0988	0.1028	0.1102	0.0924	0.0876	0.0846	0.0931	0.1035	0.1185	0.0762	0.0719	0.0746	0.0830	0.0966	0.1213	0.0633	0.0568	0.0550	0.0583	0.0665	0.0828	0.1124
1900	0.0977	0.0985	0.0977	0.1032	0.0958	0.0953	0.0982	0.1011	0.1087	0.0908	0.0856	0.0834	0.0913	0.1024	0.1167	0.0753	0.0706	0.0727	0.0822	0.0957	0.1199	0.0625	0.0559	0.0544	0.0576	0.0657	0.0825	0.1113
1901	0.0960	0.0974	0.0966	0.1022	0.0949	0.0945	0.0971	0.0997	0.1078	0.0899	0.0843	0.0830	0.0899	0.1017	0.1154	0.0741	0.0695	0.0714	0.0812	0.0949	0.1187	0.0613	0.0551	0.0542	0.0563	0.0651	0.0821	0.1106
1902	0.0943	0.0965	0.0956	0.1012	0.0942	0.0940	0.0958	0.0985	0.1071	0.0891	0.0832	0.0825	0.0887	0.1009	0.1143	0.0730	0.0684	0.0702	0.0801	0.0942	0.1175	0.0601	0.0544	0.0542	0.0550	0.0646	0.0816	0.1101
1903	0.0934	0.0958	0.0950	0.1003	0.0933	0.0934	0.0946	0.0976	0.1064	0.0883	0.0821	0.0819	0.0877	0.1001	0.1133	0.0720	0.0679	0.0697	0.0792	0.0936	0.1164	0.0597	0.0542	0.0536	0.0544	0.0644	0.0808	0.1091
1904	0.0928	0.0952	0.0944	0.0994	0.0922	0.0929	0.0937	0.0970	0.1056	0.0875	0.0810	0.0813	0.0867	0.0992	0.1126	0.0711	0.0675	0.0696	0.0785	0.0933	0.1154	0.0599	0.0541	0.0527	0.0544	0.0642	0.0799	0.1079
1905	0.0920	0.0946	0.0941	0.0985	0.0910	0.0921	0.0929	0.0961	0.1048	0.0867	0.0803	0.0809	0.0861	0.0983	0.1121	0.0704	0.0672	0.0694	0.0780	0.0928	0.1145	0.0598	0.0537	0.0521	0.0545	0.0636	0.0792	0.1069
1906	0.0918	0.0941	0.0936	0.0978	0.0902	0.0910	0.0921	0.0949	0.1038	0.0859	0.0802	0.0806	0.0861	0.0976	0.1116	0.0702	0.0671	0.0693	0.0774	0.0918	0.1139	0.0596	0.0530	0.0519	0.0546	0.0628	0.0788	0.1057
1907	0.0917	0.0935	0.0930	0.0970	0.0896	0.0900	0.0914	0.0939	0.1029	0.0852	0.0803	0.0803	0.0859	0.0968	0.1112	0.0702	0.0669	0.0691	0.0768	0.0910	0.1132	0.0595	0.0524	0.0518	0.0545	0.0621	0.0785	0.1049
1908	0.0917	0.0929	0.0926	0.0966	0.0892	0.0893	0.0908	0.0935	0.1023	0.0850	0.0801	0.0798	0.0859	0.0962	0.1106	0.0701	0.0663	0.0686	0.0766	0.0906	0.1128	0.0588	0.0520	0.0515	0.0540	0.0615	0.0780	0.1050
1909	0.0917	0.0925	0.0921	0.0963	0.0888	0.0888	0.0901	0.0933	0.1018	0.0849	0.0800	0.0793	0.0858	0.0957	0.1099	0.0700	0.0658	0.0682	0.0764	0.0902	0.1124	0.0582	0.0517	0.0512	0.0535	0.0612	0.0775	0.1050
1910	0.0915	0.0924	0.0915	0.0957	0.0885	0.0888	0.0896	0.0935	0.1013	0.0845	0.0802	0.0790	0.0856	0.0951	0.1095	0.0695	0.0654	0.0682	0.0766	0.0898	0.1123	0.0582	0.0513	0.0510	0.0535	0.0613	0.0774	0.1047
1911	0.0912	0.0923	0.0909	0.0951	0.0883	0.0887	0.0890	0.0936	0.1009	0.0840	0.0802	0.0786	0.0853	0.0945	0.1091	0.0690	0.0651	0.0683	0.0768	0.0893	0.1121	0.0584	0.0510	0.0508	0.0535	0.0615	0.0775	0.1043
1912	0.0911	0.0920	0.0907	0.0942	0.0884	0.0889	0.0888	0.0937	0.1003	0.0843	0.0798	0.0785	0.0852	0.0944	0.1089	0.0686	0.0650	0.0683	0.0763	0.0894	0.1118	0.0585	0.0512	0.0509	0.0536	0.0615	0.0774	0.1043
1913	0.0909	0.0918	0.0906	0.0933	0.0885	0.0892	0.0886	0.0939	0.0997	0.0848	0.0794	0.0785	0.0850	0.0945	0.1088	0.0682	0.0649	0.0683	0.0756	0.0896	0.1114	0.0586	0.0515	0.0511	0.0535	0.0615	0.0774	0.1042
1914	0.0908	0.0917	0.0905	0.0930	0.0882	0.0894	0.0887	0.0940	0.0998	0.0848	0.0790	0.0784	0.0847	0.0948	0.1089	0.0680	0.0650	0.0682	0.0748	0.0895	0.1112	0.0585	0.0516	0.0510	0.0535	0.0613	0.0774	0.1039
1915	0.0906	0.0916	0.0905	0.0931	0.0880	0.0897	0.0889	0.0939	0.0999	0.0847	0.0788	0.0783	0.0845	0.0950	0.1092	0.0679	0.0652	0.0680	0.0741	0.0894	0.1111	0.0583	0.0516	0.0507	0.0534	0.0612	0.0774	0.1037
1916	0.0902	0.0914	0.0906	0.0933	0.0878	0.0898	0.0889	0.0938	0.1000	0.0845	0.0788	0.0780	0.0844	0.0948	0.1093	0.0680	0.0653	0.0679	0.0739	0.0897	0.1109	0.0583	0.0514	0.0508	0.0531	0.0610	0.0771	0.1036
1917	0.0901	0.0909	0.0906	0.0931	0.0876	0.0896	0.0887	0.0937	0.1001	0.0838	0.0790	0.0774	0.0842	0.0946	0.1096	0.0680	0.0652	0.0682	0.0744	0.0905	0.1108	0.0584	0.0511	0.0513	0.0525	0.0607	0.0764	0.1038
1918	0.0899	0.0906	0.0906	0.0930	0.0873	0.0892	0.0885	0.0937	0.1001	0.0831	0.0791	0.0768	0.0842	0.0945	0.1098	0.0680	0.0648	0.0684	0.0749	0.0910	0.1107	0.0582	0.0511	0.0515	0.0521	0.0608	0.0760	0.1041
1919	0.0896	0.0908	0.0905	0.0930	0.0872	0.0886	0.0881	0.0936	0.0999	0.0829	0.0791	0.0767	0.0845	0.0944	0.1098	0.0685	0.0649	0.0684	0.0751	0.0906	0.1106	0.0578	0.0516	0.0512	0.0523	0.0609	0.0764	0.1043
1920	0.0892	0.0911	0.0905	0.0931	0.0871	0.0880	0.0878	0.0935	0.0997	0.0828	0.0790	0.0768	0.0849	0.0943	0.1098	0.0690	0.0650	0.0683	0.0753	0.0902	0.1104	0.0575	0.0519	0.0509	0.0524	0.0608	0.0767	0.1044
1921	0.0889	0.0907	0.0903	0.0937	0.0867	0.0880	0.0882	0.0933	0.0998	0.0831	0.0789	0.0771	0.0850	0.0940	0.1099	0.0686	0.0651	0.0683	0.0752	0.0900	0.1102	0.0576	0.0519	0.0509	0.0525	0.0605	0.0768	0.1046
1922	0.0887	0.0902	0.0902	0.0942	0.0864	0.0879	0.0888	0.0932	0.1000	0.0835	0.0787	0.0773	0.0852	0.0938	0.1099	0.0681	0.0651	0.0683	0.0750	0.0899	0.1100	0.0576	0.0517	0.0508	0.0527	0.0603	0.0768	0.1049
1923	0.0887	0.0904	0.0899	0.0940	0.0865	0.0880	0.0890	0.0933	0.1002	0.0837	0.0789	0.0772	0.0852	0.0937	0.1101	0.0680	0.0652	0.0684	0.0753	0.0899	0.1102	0.0575	0.0516	0.0504	0.0527	0.0604	0.0765	0.1050
1924	0.0888	0.0906	0.0897	0.0937	0.0868	0.0882	0.0893	0.0934	0.1004	0.0836	0.0793	0.0771	0.0852	0.0937	0.1103	0.0679	0.0652	0.0684	0.0755	0.0897	0.1105	0.0575	0.0516	0.0500	0.0527	0.0604	0.0760	0.1052
1925	0.0893	0.0911	0.0896	0.0939	0.0872	0.0884	0.0896	0.0934	0.1007	0.0838	0.0797	0.0772	0.0851	0.0940	0.1100	0.0682	0.0652	0.0685	0.0759	0.0897	0.1111	0.0578	0.0517	0.0500	0.0528	0.0608	0.0760	0.1051
1926	0.0900	0.0918	0.0897	0.0944	0.0875	0.0887	0.0898	0.0935	0.1010	0.0840	0.0799	0.0774	0.0848	0.0943	0.1097	0.0686	0.0652	0.0683	0.0763	0.0899	0.1116	0.0580	0.0518	0.0503	0.0530	0.0611	0.0766	0.1048
1927	0.0903	0.0923	0.0899	0.0946	0.0876	0.0889	0.0900	0.0937	0.1011	0.0842	0.0801	0.0774	0.0847	0.0945	0.1093	0.0689	0.0652	0.0682	0.0764	0.0899	0.1118	0.0580	0.0519	0.0507	0.0530	0.0614	0.0771	0.1045
1928	0.0903	0.0923	0.0901	0.0945	0.0875	0.0888	0.0902	0.0940	0.1011	0.0845	0.0803	0.0774	0.0848	0.0947	0.1091	0.0689	0.0652	0.0682	0.0763	0.0897	0.1116	0.0579	0.0522	0.0509	0.0528	0.0614	0.0773	0.1042
1929	0.0902	0.0922	0.0903	0.0945	0.0877	0.0888	0.0904	0.0943	0.1013	0.0847	0.0806	0.0775	0.0849	0.0948	0.1091	0.0689	0.0653	0.0682	0.0761	0.0895	0.1116	0.0579	0.0524	0.0509	0.0527	0.0615	0.0775	0.1041
1930	0.0902	0.0921	0.0907	0.0947	0.0881	0.0891	0.0907	0.0947	0.1015	0.0848	0.0810	0.0783	0.0855	0.0948	0.1097	0.0691	0.0652	0.0683	0.0759	0.0895	0.1121	0.0582	0.0526	0.0511	0.0528	0.0618	0.0777	0.1042
1931	0.0903	0.0918	0.0911	0.0949	0.0885	0.0893	0.0910	0.0952	0.1016	0.0850	0.0813	0.0791	0.0860	0.0949	0.1103	0.0694	0.0652	0.0684	0.0758	0.0896	0.1125	0.0583	0.0528	0.0513	0.0530	0.0621	0.0779	0.1044
1932	0.0908	0.0915	0.0914	0.0953	0.0888	0.0894	0.0909	0.0955	0.1016	0.0852	0.0812	0.0797	0.0856	0.0950	0.1107	0.0698	0.0657	0.0689	0.0763	0.0899	0.1128	0.0584	0.0525	0.0513	0.0534	0.0620	0.0779	0.1051
1933	0.0913	0.0912	0.0918	0.0956	0.0891	0.0895	0.0908	0.0957	0.1017	0.0853	0.0810	0.0803	0.0853	0.0952	0.1112	0.0702	0.0662	0.0693	0.0768	0.0902	0.1131	0.0584	0.0523	0.0513	0.0537	0.0619	0.0780	0.1057
1934	0.0916	0.0914	0.0918	0.0960	0.0897	0.0897	0.0906	0.0957	0.1022	0.0854	0.0809	0.0807	0.0854	0.0961	0.1119	0.0704	0.0668	0.0695	0.0769	0.0905	0.1132	0.0585	0.0524	0.0517	0.0538	0.0619	0.0782	0.1056
1935	0.0919	0.0918	0.0918	0.0965	0.0903	0.0899	0.0903	0.0957	0.1028	0.0857	0.0808	0.0810	0.0857	0.0971	0.1126	0.0706	0.0673	0.0696	0.0769	0.0908	0.1133	0.0587	0.0526	0.0522	0.0540	0.0618	0.0784	0.1055
1936	0.0922	0.0921	0.0918	0.0967	0.0907	0.0900	0.0909	0.0961	0.1032	0.0859	0.0809	0.0812	0.0860	0.0973	0.1130	0.0703	0.0676	0.0700	0.0774	0.0912	0.1136	0.0587	0.0531	0.0524	0.0543	0.0616	0.0787	0.1055
1937	0.0926	0.0924	0.0918	0.0969	0.0908	0.0903	0.0918	0.0965	0.1036	0.0861	0.0811	0.0815	0.0863	0.0973	0.1133	0.0699	0.0679	0.0706	0.0782	0.0919	0.1137	0.0587	0.0536	0.0526	0.0547	0.0613	0.0790	0.1056
1938	0.0928	0.0926	0.0921	0.0971	0.0905	0.0905	0.0924	0.0968	0.1038	0.0862	0.0815	0.0817	0.0865	0.0972	0.1134	0.0699	0.0679	0.0711	0.0785	0.0928	0.1141	0.0589	0.0539	0.0525	0.0549	0.0615	0.0792	0.1060
1939	0.0928	0.0928	0.0926	0.0972	0.0902	0.0906	0.0927	0.0969	0.1038	0.0861	0.0818	0.0818	0.0865	0.0971	0.1130	0.0702	0.0676	0.0712	0.0783	0.0936	0.1147	0.0594	0.0541	0.0523	0.0552	0.0619	0.0790	0.1066
1940	0.0929	0.0933	0.0930	0.0973	0.0901	0.0908	0.0929	0.0970	0.1039	0.0864	0.0821	0.0819	0.0866	0.0974	0.1127	0.0704	0.0675	0.0714	0.0782	0.0940	0.1150	0.0598	0.0543	0.0521	0.0555	0.0624	0.0791	0.1070
1941	0.0934	0.0940	0.0937	0.0977	0.0906	0.0913	0.0931	0.0971	0.1041	0.0875	0.0825	0.0820	0.0873	0.0980	0.1130	0.0706	0.0678	0.0717	0.0785	0.0937	0.1152	0.0598	0.0547	0.0520	0.0558	0.0631	0.0795	0.1074
1942	0.0939	0.0947	0.0944	0.0980	0.0910	0.0917	0.0934	0.0972	0.1043	0.0885	0.0828	0.0823	0.0880	0.0985	0.1132	0.0708	0.0681	0.0721	0.0788	0.0934	0.1155	0.0599	0.0551	0.0521	0.0561	0.0638	0.0800	0.1078
1943	0.0945	0.0957	0.0952	0.0981	0.0916	0.0921	0.0940	0.0975	0.1049	0.0891	0.0831	0.0825	0.0887	0.0990	0.1136	0.0713	0.0684	0.0724	0.0793	0.0935	0.1162	0.0605	0.0549	0.0524	0.0562	0.0641	0.0805	0.1081
1944	0.0950	0.0966	0.0960	0.0983	0.0921	0.0924	0.0946	0.0979	0.1056	0.0897	0.0834	0.0827	0.0893	0.0995	0.1141	0.0719	0.0687	0.0728	0.0798	0.0937	0.1169	0.0611	0.0547	0.0527	0.0563	0.0643	0.0811	0.1083
1945	0.0952	0.0967	0.0966	0.0989	0.0924	0.0933	0.0946	0.0983	0.1063	0.0894	0.0837	0.0835	0.0901	0.0999	0.1149	0.0722	0.0690	0.0725	0.0799	0.0942	0.1173	0.0619	0.0552	0.0533	0.0565	0.0642	0.0814	0.1085
1946	0.0954	0.0967	0.0972	0.0996	0.0927	0.0942	0.0946	0.0987	0.1070	0.0892	0.0841	0.0842	0.0908	0.1001	0.1158	0.0725	0.0694	0.0723	0.0799	0.0948	0.1177	0.0626	0.0557	0.0540	0.0567	0.0640	0.0818	0.1088
1947	0.0957	0.0971	0.0974	0.1001	0.0934	0.0948	0.0950	0.0990	0.1076	0.0897	0.0847	0.0845	0.0911	0.1004	0.1164	0.0726	0.0698	0.0724	0.0806	0.0950	0.1179	0.0626	0.0559	0.0543	0.0569	0.0642	0.0817	0.1092
1948	0.0960	0.0975	0.0976	0.1006	0.0941	0.0954	0.0955	0.0993	0.1082	0.0903	0.0854	0.0845	0.0913	0.1005	0.1169	0.0728	0.0704	0.0726	0.0814	0.0951	0.1181	0.0623	0.0560	0.0545	0.0569	0.0644	0.0813	0.1096
1949	0.0967	0.0981	0.0979	0.1011	0.0947	0.0961	0.0957	0.0998	0.1086	0.0906	0.0858	0.0844	0.0915	0.1007	0.1174	0.0734	0.0710	0.0730	0.0821	0.0954	0.1185	0.0623	0.0563	0.0545	0.0573	0.0645	0.0813	0.1100
1950	0.0975	0.0986	0.0982	0.1017	0.0950	0.0965	0.0957	0.1004	0.1089	0.0907	0.0860	0.0844	0.0918	0.1011	0.1177	0.0743	0.0715	0.0734	0.0826	0.0959	0.1189	0.0625	0.0568	0.0542	0.0578	0.0646	0.0815	0.1102
1951	0.0982	0.0989	0.0986	0.1023	0.0953	0.0967	0.0960	0.1012	0.1094	0.0908	0.0864	0.0845	0.0922	0.1017	0.1181	0.0749	0.0718	0.0738	0.0828	0.0965	0.1194	0.0627	0.0572	0.0540	0.0581	0.0646	0.0817	0.1105
1952	0.0986	0.0990	0.0991	0.1028	0.0959	0.0966	0.0967	0.1022	0.1103	0.0912	0.0869	0.0849	0.0925	0.1024	0.1186	0.0752	0.0720	0.0743	0.0826	0.0971	0.1199	0.0631	0.0576	0.0538	0.0583	0.0647	0.0819	0.1110
1953	0.0988	0.0993	0.0996	0.1034	0.0965	0.0965	0.0975	0.1031	0.1111	0.0916	0.0874	0.0852	0.0929	0.1029	0.1192	0.0754	0.0721	0.0748	0.0826	0.0976	0.1204	0.0633	0.0577	0.0540	0.0585	0.0649	0.0821	0.1115
1954	0.0987	0.1002	0.0998	0.1042	0.0970	0.0967	0.0983	0.1034	0.1115	0.0922	0.0881	0.0856	0.0935	0.1034	0.1196	0.0754	0.0722	0.0752	0.0831	0.0980	0.1208	0.0632	0.0572	0.0550	0.0587	0.0654	0.0821	0.1116
1955	0.0986	0.1011	0.0999	0.1049	0.0976	0.0969	0.0991	0.1036	0.1119	0.0928	0.0886	0.0860	0.0941	0.1039	0.1201	0.0754	0.0723	0.0756	0.0836	0.0984	0.1212	0.0632	0.0566	0.0561	0.0588	0.0659	0.0822	0.1118
1956	0.0991	0.1015	0.1010	0.1053	0.0981	0.0974	0.0996	0.1041	0.1121	0.0934	0.0888	0.0867	0.0949	0.1047	0.1205	0.0760	0.0724	0.0758	0.0843	0.0986	0.1215	0.0631	0.0568	0.0565	0.0587	0.0665	0.0833	0.1123
1957	0.0996	0.1020	0.1022	0.1057	0.0985	0.0980	0.1000	0.1046	0.1122	0.0940	0.0889	0.0873	0.0956	0.1055	0.1210	0.0766	0.0724	0.0761	0.0851	0.0988	0.1218	0.0629	0.0570	0.0570	0.0586	0.0671	0.0844	0.1128
1958	0.1002	0.1025	0.1028	0.1062	0.0986	0.0993	0.1006	0.1048	0.1130	0.0946	0.0888	0.0876	0.0961	0.1058	0.1213	0.0770	0.0729	0.0763	0.0850	0.0988	0.1224	0.0638	0.0575	0.0573	0.0588	0.0676	0.0848	0.1134
1959	0.1009	0.1031	0.1031	0.1066	0.0986	0.1007	0.1011	0.1051	0.1138	0.0954	0.0887	0.0879	0.0965	0.1059	0.1216	0.0775	0.0735	0.0766	0.0849	0.0988	0.1230	0.0648	0.0579	0.0576	0.0591	0.0681	0.0852	0.1139
1960	0.1019	0.1035	0.1036	0.1070	0.0990	0.1012	0.1016	0.1057	0.1144	0.0956	0.0892	0.0884	0.0968	0.1062	0.1221	0.0777	0.0737	0.0771	0.0852	0.0990	0.1234	0.0653	0.0583	0.0578	0.0593	0.0687	0.0852	0.1140
1961	0.1029	0.1039	0.1042	0.1074	0.0995	0.1013	0.1020	0.1065	0.1150	0.0957	0.0899	0.0888	0.0971	0.1065	0.1229	0.0779	0.0739	0.0777	0.0857	0.0993	0.1238	0.0656	0.0587	0.0581	0.0594	0.0693	0.0852	0.1139
1962	0.1034	0.1040	0.1047	0.1078	0.1000	0.1015	0.1023	0.1074	0.1155	0.0961	0.0909	0.0894	0.0973	0.1070	0.1235	0.0781	0.0744	0.0782	0.0860	0.1000	0.1245	0.0657	0.0590	0.0584	0.0596	0.0697	0.0857	0.1143
1963	0.1033	0.1041	0.1049	0.1082	0.1006	0.1017	0.1025	0.1082	0.1160	0.0969	0.0921	0.0899	0.0975	0.1078	0.1239	0.0785	0.0750	0.0788	0.0864	0.1012	0.1254	0.0659	0.0594	0.0587	0.0597	0.0698	0.0865	0.1150
1964	0.1034	0.1043	0.1052	0.1086	0.1012	0.1019	0.1028	0.1089	0.1165	0.0976	0.0930	0.0905	0.0978	0.1087	0.1242	0.0789	0.0755	0.0793	0.0868	0.1019	0.1262	0.0662	0.0597	0.0591	0.0598	0.0699	0.0871	0.1156
1965	0.1040	0.1050	0.1054	0.1094	0.1018	0.1022	0.1033	0.1093	0.1168	0.0981	0.0933	0.0911	0.0980	0.1096	0.1242	0.0793	0.0759	0.0797	0.0874	0.1022	0.1267	0.0665	0.0599	0.0594	0.0597	0.0697	0.0873	0.1159
1966	0.1046	0.1056	0.1057	0.1103	0.1024	0.1025	0.1037	0.1098	0.1172	0.0985	0.0935	0.0916	0.0982	0.1104	0.1244	0.0797	0.0762	0.0800	0.0879	0.1026	0.1273	0.0668	0.0601	0.0597	0.0598	0.0695	0.0874	0.1162
1967	0.1052	0.1063	0.1062	0.1111	0.1031	0.1029	0.1043	0.1101	0.1177	0.0987	0.0938	0.0922	0.0983	0.1104	0.1253	0.0803	0.0764	0.0802	0.0882	0.1029	0.1277	0.0673	0.0603	0.0600	0.0601	0.0699	0.0877	0.1161
1968	0.1059	0.1071	0.1067	0.1120	0.1039	0.1034	0.1049	0.1105	0.1182	0.0988	0.0940	0.0928	0.0984	0.1104	0.1262	0.0810	0.0767	0.0803	0.0884	0.1031	0.1282	0.0678	0.0604	0.0604	0.0605	0.0703	0.0880	0.1160
1969	0.1068	0.1078	0.1078	0.1121	0.1050	0.1040	0.1057	0.1113	0.1184	0.0991	0.0941	0.0931	0.0993	0.1107	0.1269	0.0814	0.0770	0.0811	0.0887	0.1037	0.1281	0.0682	0.0609	0.0603	0.0610	0.0710	0.0881	0.1166
1970	0.1076	0.1085	0.1089	0.1122	0.1060	0.1045	0.1065	0.1121	0.1187	0.0994	0.0941	0.0933	0.1002	0.1110	0.1277	0.0818	0.0773	0.0820	0.0889	0.1042	0.1281	0.0685	0.0615	0.0602	0.0617	0.0718	0.0882	0.1172
1971	0.1079	0.1094	0.1095	0.1129	0.1061	0.1050	0.1071	0.1125	0.1195	0.1002	0.0949	0.0938	0.1011	0.1115	0.1282	0.0825	0.0780	0.0828	0.0892	0.1046	0.1285	0.0687	0.0620	0.0603	0.0624	0.0719	0.0886	0.1185
1972	0.1081	0.1103	0.1099	0.1138	0.1059	0.1055	0.1075	0.1128	0.1204	0.1011	0.0958	0.0943	0.1020	0.1120	0.1287	0.0832	0.0788	0.0834	0.0897	0.1050	0.1290	0.0687	0.0626	0.0605	0.0630	0.0718	0.0891	0.1200
1973	0.1084	0.1110	0.1102	0.1144	0.1061	0.1059	0.1078	0.1132	0.1208	0.1018	0.0966	0.0949	0.1026	0.1128	0.1291	0.0839	0.0793	0.0837	0.0901	0.1053	0.1295	0.0689	0.0630	0.0606	0.0634	0.0720	0.0894	0.1208
1974	0.1089	0.1116	0.1104	0.1148	0.1067	0.1063	0.1080	0.1138	0.1210	0.1024	0.0973	0.0955	0.1032	0.1138	0.1296	0.0844	0.0797	0.0837	0.0905	0.1057	0.1301	0.0691	0.0632	0.0608	0.0636	0.0723	0.0896	0.1212
1975	0.1095	0.1121	0.1109	0.1153	0.1072	0.1068	0.1084	0.1142	0.1214	0.1031	0.0978	0.0960	0.1038	0.1147	0.1303	0.0848	0.0801	0.0837	0.0909	0.1063	0.1308	0.0695	0.0633	0.0611	0.0639	0.0726	0.0900	0.1214
1976	0.1103	0.1125	0.1117	0.1160	0.1075	0.1077	0.1091	0.1147	0.1221	0.1038	0.0983	0.0966	0.1045	0.1155	0.1313	0.0850	0.0806	0.0838	0.0912	0.1071	0.1315	0.0700	0.0632	0.0616	0.0641	0.0728	0.0905	0.1214
1977	0.1111	0.1129	0.1124	0.1165	0.1078	0.1085	0.1099	0.1152	0.1228	0.1045	0.0988	0.0971	0.1052	0.1163	0.1323	0.0852	0.0810	0.0841	0.0916	0.1079	0.1323	0.0706	0.0633	0.0622	0.0644	0.0732	0.0911	0.1214
1978	0.1116	0.1134	0.1131	0.1169	0.1082	0.1091	0.1107	0.1160	0.1233	0.1053	0.0993	0.0974	0.1056	0.1168	0.1329	0.0855	0.0815	0.0849	0.0924	0.1088	0.1332	0.0709	0.0640	0.0629	0.0648	0.0738	0.0920	0.1216
1979	0.1121	0.1140	0.1137	0.1172	0.1086	0.1097	0.1114	0.1169	0.1238	0.1060	0.0998	0.0977	0.1061	0.1172	0.1336	0.0859	0.0820	0.0857	0.0934	0.1097	0.1341	0.0713	0.0647	0.0635	0.0652	0.0745	0.0929	0.1218
1980	0.1125	0.1148	0.1145	0.1177	0.1096	0.1105	0.1120	0.1175	0.1247	0.1065	0.1001	0.0978	0.1063	0.1178	0.1342	0.0861	0.0822	0.0863	0.0942	0.1102	0.1347	0.0716	0.0651	0.0635	0.0655	0.0750	0.0931	0.1223
1981	0.1128	0.1156	0.1152	0.1183	0.1106	0.1112	0.1126	0.1182	0.1256	0.1070	0.1005	0.0978	0.1065	0.1184	0.1349	0.0863	0.0824	0.0870	0.0950	0.1106	0.1353	0.0720	0.0654	0.0634	0.0659	0.0755	0.0934	0.1227
1982	0.1136	0.1156	0.1158	0.1193	0.1116	0.1119	0.1135	0.1188	0.1266	0.1072	0.1008	0.0978	0.1072	0.1187	0.1354	0.0866	0.0830	0.0875	0.0957	0.1109	0.1356	0.0722	0.0658	0.0637	0.0663	0.0757	0.0937	0.1234
1983	0.1144	0.1156	0.1164	0.1204	0.1126	0.1127	0.1143	0.1194	0.1277	0.1074	0.1011	0.0978	0.1079	0.1191	0.1359	0.0868	0.0836	0.0880	0.0964	0.1112	0.1359	0.0724	0.0662	0.0641	0.0667	0.0759	0.0940	0.1240
1984	0.1149	0.1158	0.1165	0.1211	0.1135	0.1131	0.1150	0.1201	0.1281	0.1076	0.1015	0.0985	0.1081	0.1196	0.1366	0.0873	0.0839	0.0884	0.0969	0.1118	0.1363	0.0730	0.0667	0.0643	0.0668	0.0761	0.0944	0.1246
1985	0.1154	0.1161	0.1166	0.1215	0.1144	0.1135	0.1156	0.1208	0.1284	0.1078	0.1020	0.0996	0.1083	0.1201	0.1373	0.0878	0.0842	0.0888	0.0973	0.1125	0.1368	0.0737	0.0672	0.0645	0.0669	0.0763	0.0946	0.1253
1986	0.1159	0.1169	0.1171	0.1223	0.1150	0.1139	0.1160	0.1214	0.1289	0.1081	0.1024	0.1008	0.1086	0.1208	0.1379	0.0881	0.0846	0.0890	0.0977	0.1129	0.1374	0.0741	0.0676	0.0648	0.0670	0.0766	0.0949	0.1257
1987	0.1167	0.1180	0.1178	0.1235	0.1154	0.1142	0.1163	0.1220	0.1296	0.1087	0.1030	0.1021	0.1092	0.1215	0.1383	0.0884	0.0853	0.0890	0.0981	0.1132	0.1381	0.0744	0.0680	0.0653	0.0671	0.0771	0.0951	0.1260
1988	0.1174	0.1189	0.1186	0.1244	0.1158	0.1147	0.1167	0.1223	0.1302	0.1094	0.1033	0.1030	0.1098	0.1223	0.1388	0.0887	0.0858	0.0892	0.0985	0.1136	0.1386	0.0747	0.0682	0.0654	0.0672	0.0775	0.0954	0.1263
1989	0.1181	0.1194	0.1194	0.1252	0.1158	0.1153	0.1174	0.1224	0.1309	0.1103	0.1035	0.1034	0.1107	0.1231	0.1394	0.0893	0.0860	0.0897	0.0991	0.1140	0.1391	0.0750	0.0682	0.0650	0.0674	0.0778	0.0958	0.1267
1990	0.1188	0.1200	0.1201	0.1260	0.1159	0.1160	0.1181	0.1225	0.1316	0.1109	0.1038	0.1039	0.1115	0.1238	0.1400	0.0899	0.0864	0.0902	0.0995	0.1145	0.1395	0.0752	0.0683	0.0648	0.0677	0.0783	0.0962	0.1271
1991	0.1193	0.1208	0.1207	0.1265	0.1162	0.1170	0.1188	0.1228	0.1322	0.1112	0.1048	0.1049	0.1120	0.1244	0.1402	0.0907	0.0871	0.0905	0.0992	0.1150	0.1399	0.0755	0.0689	0.0654	0.0683	0.0790	0.0965	0.1274
1992	0.1199	0.1217	0.1213	0.1271	0.1164	0.1179	0.1195	0.1232	0.1329	0.1116	0.1058	0.1059	0.1125	0.1250	0.1405	0.0915	0.0878	0.0909	0.0991	0.1156	0.1403	0.0757	0.0694	0.0661	0.0690	0.0796	0.0969	0.1278
1993	0.1204	0.1223	0.1215	0.1274	0.1170	0.1183	0.1201	0.1243	0.1333	0.1121	0.1065	0.1064	0.1126	0.1259	0.1406	0.0921	0.0881	0.0916	0.0995	0.1163	0.1408	0.0767	0.0695	0.0667	0.0695	0.0797	0.0974	0.1285
1994	0.1210	0.1230	0.1218	0.1277	0.1177	0.1186	0.1207	0.1254	0.1336	0.1127	0.1072	0.1069	0.1127	0.1268	0.1408	0.0926	0.0884	0.0924	0.1000	0.1170	0.1412	0.0777	0.0696	0.0674	0.0700	0.0798	0.0979	0.1292
1995	0.1218	0.1237	0.1226	0.1280	0.1183	0.1194	0.1209	0.1263	0.1343	0.1136	0.1078	0.1076	0.1134	0.1270	0.1414	0.0930	0.0887	0.0926	0.1008	0.1176	0.1416	0.0779	0.0700	0.0677	0.0704	0.0798	0.0985	0.1293
1996	0.1227	0.1245	0.1235	0.1283	0.1190	0.1203	0.1212	0.1273	0.1351	0.1145	0.1085	0.1083	0.1142	0.1273	0.1420	0.0933	0.0889	0.0928	0.1018	0.1183	0.1420	0.0781	0.0705	0.0679	0.0709	0.0798	0.0993	0.1293
1997	0.1231	0.1252	0.1242	0.1291	0.1196	0.1209	0.1217	0.1276	0.1360	0.1153	0.1092	0.1088	0.1150	0.1277	0.1427	0.0936	0.0896	0.0932	0.1025	0.1184	0.1427	0.0784	0.0710	0.0685	0.0710	0.0799	0.0998	0.1297
1998	0.1234	0.1257	0.1248	0.1301	0.1203	0.1214	0.1222	0.1278	0.1369	0.1161	0.1099	0.1093	0.1158	0.1282	0.1434	0.0939	0.0903	0.0936	0.1031	0.1185	0.1435	0.0787	0.0716	0.0692	0.0710	0.0801	0.1003	0.1302
1999	0.1236	0.1262	0.1257	0.1308	0.1212	0.1220	0.1226	0.1282	0.1375	0.1166	0.1105	0.1098	0.1163	0.1288	0.1442	0.0945	0.0909	0.0943	0.1035	0.1187	0.1441	0.0790	0.0717	0.0694	0.0711	0.0806	0.1007	0.1307
2000	0.1237	0.1265	0.1267	0.1312	0.1221	0.1225	0.1229	0.1289	0.1378	0.1170	0.1110	0.1103	0.1168	0.1293	0.1450	0.0954	0.0913	0.0950	0.1038	0.1189	0.1444	0.0794	0.0716	0.0693	0.0713	0.0813	0.1011	0.1311
2001	0.1241	0.1269	0.1276	0.1317	0.1230	0.1230	0.1232	0.1296	0.1380	0.1173	0.1115	0.1109	0.1170	0.1298	0.1457	0.0962	0.0918	0.0957	0.1041	0.1192	0.1448	0.0797	0.0718	0.0696	0.0717	0.0819	0.1015	0.1315
2002	0.1250	0.1273	0.1282	0.1323	0.1239	0.1233	0.1234	0.1302	0.1383	0.1177	0.1118	0.1116	0.1171	0.1304	0.1463	0.0968	0.0925	0.0961	0.1045	0.1196	0.1453	0.0800	0.0725	0.0704	0.0723	0.0822	0.1018	0.1316
2003	0.1257	0.1278	0.1287	0.1327	0.1244	0.1236	0.1238	0.1308	0.1387	0.1181	0.1123	0.1122	0.1172	0.1310	0.1469	0.0974	0.0931	0.0965	0.1049	0.1200	0.1459	0.0802	0.0731	0.0710	0.0730	0.0827	0.1022	0.1319
2004	0.1261	0.1286	0.1288	0.1330	0.1240	0.1242	0.1246	0.1311	0.1397	0.1187	0.1128	0.1125	0.1177	0.1315	0.1472	0.0977	0.0933	0.0967	0.1053	0.1202	0.1467	0.0804	0.0733	0.0711	0.0734	0.0831	0.1023	0.1327
2005	0.1264	0.1293	0.1288	0.1333	0.1237	0.1248	0.1253	0.1314	0.1407	0.1193	0.1132	0.1129	0.1182	0.1320	0.1476	0.0980	0.0935	0.0970	0.1057	0.1205	0.1475	0.0806	0.0734	0.0712	0.0738	0.0835	0.1025	0.1335
2006	0.1268	0.1292	0.1293	0.1340	0.1240	0.1253	0.1259	0.1318	0.1412	0.1201	0.1135	0.1129	0.1188	0.1326	0.1483	0.0983	0.0938	0.0976	0.1062	0.1208	0.1478	0.0813	0.0738	0.0712	0.0740	0.0837	0.1024	0.1340
2007	0.1272	0.1291	0.1297	0.1347	0.1242	0.1259	0.1265	0.1323	0.1417	0.1209	0.1138	0.1130	0.1193	0.1333	0.1489	0.0986	0.0941	0.0981	0.1067	0.1211	0.1480	0.0820	0.0742	0.0712	0.0741	0.0838	0.1024	0.1345
2008	0.1284	0.1297	0.1302	0.1352	0.1253	0.1267	0.1275	0.1329	0.1429	0.1213	0.1143	0.1130	0.1200	0.1329	0.1501	0.0995	0.0948	0.0978	0.1068	0.1217	0.1487	0.0825	0.0745	0.0715	0.0741	0.0846	0.1028	0.1349
2009	0.1297	0.1303	0.1307	0.1357	0.1265	0.1276	0.1285	0.1335	0.1442	0.1216	0.1147	0.1130	0.1206	0.1325	0.1512	0.1004	0.0956	0.0975	0.1068	0.1223	0.1493	0.0829	0.0747	0.0718	0.0741	0.0854	0.1033	0.1353
2010	0.1303	0.1313	0.1311	0.1366	0.1271	0.1284	0.1291	0.1341	0.1448	0.1223	0.1152	0.1135	0.1214	0.1327	0.1522	0.1005	0.0964	0.0979	0.1071	0.1230	0.1499	0.0832	0.0749	0.0721	0.0746	0.0859	0.1037	0.1359
2011	0.1308	0.1325	0.1314	0.1375	0.1274	0.1292	0.1295	0.1346	0.1451	0.1229	0.1157	0.1142	0.1222	0.1332	0.1530	0.1005	0.0973	0.0984	0.1075	0.1238	0.1505	0.0835	0.0751	0.0725	0.0752	0.0862	0.1042	0.1365
2012	0.1312	0.1333	0.1321	0.1381	0.1278	0.1299	0.1300	0.1356	0.1457	0.1233	0.1161	0.1151	0.1227	0.1338	0.1533	0.1005	0.0976	0.0989	0.1080	0.1245	0.1513	0.0838	0.0753	0.0729	0.0756	0.0864	0.1048	0.1369
2013	0.1316	0.1339	0.1331	0.1385	0.1282	0.1306	0.1305	0.1368	0.1466	0.1235	0.1164	0.1161	0.1231	0.1345	0.1533	0.1007	0.0974	0.0995	0.1086	0.1251	0.1522	0.0840	0.0756	0.0734	0.0759	0.0863	0.1056	0.1371
2014	0.1321	0.1343	0.1340	0.1389	0.1288	0.1312	0.1311	0.1377	0.1475	0.1241	0.1168	0.1169	0.1234	0.1354	0.1536	0.1011	0.0973	0.1002	0.1092	0.1257	0.1531	0.0842	0.0760	0.0737	0.0760	0.0865	0.1061	0.1371
2015	0.1327	0.1345	0.1348	0.1393	0.1294	0.1318	0.1320	0.1383	0.1484	0.1251	0.1175	0.1175	0.1237	0.1364	0.1545	0.1018	0.0973	0.1009	0.1097	0.1265	0.1538	0.0846	0.0765	0.0739	0.0761	0.0870	0.1064	0.1369
2016	0.1335	0.1349	0.1356	0.1400	0.1301	0.1323	0.1329	0.1389	0.1490	0.1261	0.1181	0.1180	0.1242	0.1374	0.1553	0.1025	0.0974	0.1015	0.1102	0.1272	0.1543	0.0848	0.0768	0.0740	0.0763	0.0874	0.1067	0.1370
2017	0.1344	0.1358	0.1362	0.1411	0.1309	0.1328	0.1336	0.1397	0.1489	0.1271	0.1186	0.1183	0.1249	0.1383	0.1560	0.1031	0.0978	0.1020	0.1108	0.1277	0.1543	0.0850	0.0769	0.0743	0.0768	0.0874	0.1069	0.1375
2018	0.1354	0.1365	0.1368	0.1421	0.1316	0.1332	0.1342	0.1405	0.1488	0.1280	0.1191	0.1185	0.1256	0.1392	0.1566	0.1037	0.0983	0.1024	0.1113	0.1281	0.1543	0.0851	0.0770	0.0746	0.0772	0.0875	0.1072	0.1380
2019	0.1363	0.1369	0.1369	0.1425	0.1322	0.1339	0.1345	0.1411	0.1490	0.1284	0.1195	0.1189	0.1265	0.1392	0.1567	0.1040	0.0988	0.1027	0.1115	0.1284	0.1548	0.0849	0.0770	0.0755	0.0774	0.0882	0.1075	0.1382
2020	0.1372	0.1373	0.1371	0.1430	0.1328	0.1345	0.1348	0.1418	0.1492	0.1288	0.1200	0.1193	0.1273	0.1391	0.1568	0.1043	0.0993	0.1030	0.1116	0.1286	0.1552	0.0848	0.0770	0.0764	0.0775	0.0889	0.1079	0.1385
2021	0.1376	0.1378	0.1377	0.1431	0.1333	0.1350	0.1358	0.1425	0.1496	0.1288	0.1205	0.1200	0.1277	0.1391	0.1575	0.1044	0.0998	0.1033	0.1121	0.1288	0.1556	0.0849	0.0773	0.0767	0.0775	0.0894	0.1083	0.1395
2022	0.1381	0.1383	0.1384	0.1432	0.1338	0.1355	0.1369	0.1433	0.1499	0.1288	0.1210	0.1207	0.1281	0.1391	0.1583	0.1045	0.1003	0.1036	0.1126	0.1290	0.1561	0.0850	0.0777	0.0770	0.0776	0.0898	0.1087	0.1404
2023	0.1385	0.1390	0.1390	0.1439	0.1340	0.1361	0.1375	0.1437	0.1506	0.1295	0.1214	0.1212	0.1284	0.1397	0.1587	0.1053	0.1001	0.1043	0.1135	0.1296	0.1571	0.0858	0.0778	0.0771	0.0783	0.0899	0.1094	0.1414
2024	0.1389	0.1398	0.1397	0.1446	0.1341	0.1368	0.1379	0.1441	0.1513	0.1304	0.1218	0.1216	0.1287	0.1404	0.1592	0.1062	0.0996	0.1051	0.1145	0.1302	0.1582	0.0867	0.0778	0.0771	0.0791	0.0900	0.1102	0.1423
2025	0.1390	0.1402	0.1403	0.1452	0.1345	0.1374	0.1385	0.1445	0.1522	0.1311	0.1222	0.1222	0.1288	0.1412	0.1600	0.1065	0.1001	0.1055	0.1149	0.1310	0.1590	0.0872	0.0783	0.0770	0.0801	0.0902	0.1105	0.1427
2026	0.1390	0.1404	0.1410	0.1458	0.1351	0.1378	0.1391	0.1449	0.1532	0.1318	0.1225	0.1229	0.1288	0.1420	0.1608	0.1063	0.1011	0.1057	0.1149	0.1319	0.1595	0.0875	0.0790	0.0769	0.0810	0.0905	0.1106	0.1430
2027	0.1394	0.1406	0.1418	0.1467	0.1358	0.1380	0.1399	0.1455	0.1541	0.1324	0.1229	0.1234	0.1291	0.1427	0.1616	0.1064	0.1019	0.1059	0.1151	0.1326	0.1599	0.0878	0.0796	0.0772	0.0813	0.0910	0.1107	0.1429
2028	0.1403	0.1408	0.1427	0.1478	0.1366	0.1381	0.1408	0.1463	0.1550	0.1328	0.1235	0.1237	0.1297	0.1433	0.1623	0.1068	0.1026	0.1062	0.1154	0.1333	0.1602	0.0883	0.0802	0.0778	0.0812	0.0915	0.1110	0.1426
2029	0.1410	0.1413	0.1435	0.1487	0.1372	0.1383	0.1413	0.1470	0.1557	0.1331	0.1240	0.1239	0.1303	0.1441	0.1630	0.1070	0.1031	0.1065	0.1158	0.1341	0.1607	0.0889	0.0807	0.0782	0.0811	0.0919	0.1113	0.1427
2030	0.1412	0.1424	0.1440	0.1490	0.1375	0.1386	0.1410	0.1473	0.1559	0.1333	0.1246	0.1240	0.1308	0.1452	0.1635	0.1071	0.1032	0.1071	0.1165	0.1352	0.1612	0.0896	0.0812	0.0783	0.0813	0.0922	0.1116	0.1433
2031	0.1415	0.1435	0.1446	0.1494	0.1377	0.1389	0.1410	0.1476	0.1563	0.1334	0.1251	0.1243	0.1313	0.1461	0.1640	0.1073	0.1034	0.1076	0.1172	0.1361	0.1617	0.0901	0.0817	0.0785	0.0816	0.0924	0.1118	0.1439
2032	0.1418	0.1439	0.1451	0.1500	0.1378	0.1392	0.1416	0.1477	0.1571	0.1333	0.1255	0.1251	0.1315	0.1461	0.1642	0.1079	0.1037	0.1080	0.1176	0.1364	0.1617	0.0901	0.0819	0.0789	0.0823	0.0921	0.1120	0.1446
2033	0.1421	0.1443	0.1455	0.1505	0.1379	0.1395	0.1422	0.1479	0.1579	0.1332	0.1259	0.1258	0.1317	0.1461	0.1643	0.1085	0.1040	0.1085	0.1181	0.1366	0.1617	0.0901	0.0822	0.0792	0.0830	0.0918	0.1122	0.1454
2034	0.1424	0.1450	0.1459	0.1507	0.1386	0.1399	0.1430	0.1491	0.1584	0.1344	0.1261	0.1259	0.1326	0.1464	0.1645	0.1089	0.1044	0.1084	0.1181	0.1367	0.1620	0.0902	0.0820	0.0797	0.0830	0.0919	0.1123	0.1459
2035	0.1428	0.1456	0.1462	0.1508	0.1393	0.1403	0.1437	0.1502	0.1590	0.1356	0.1262	0.1260	0.1335	0.1467	0.1647	0.1093	0.1048	0.1083	0.1181	0.1369	0.1622	0.0903	0.0818	0.0801	0.0830	0.0919	0.1124	0.1463
2036	0.1437	0.1465	0.1464	0.1514	0.1399	0.1410	0.1445	0.1507	0.1591	0.1361	0.1268	0.1267	0.1339	0.1474	0.1654	0.1099	0.1052	0.1089	0.1184	0.1372	0.1630	0.0909	0.0820	0.0802	0.0833	0.0924	0.1127	0.1469
2037	0.1445	0.1474	0.1466	0.1519	0.1407	0.1417	0.1453	0.1512	0.1592	0.1365	0.1274	0.1274	0.1344	0.1482	0.1662	0.1104	0.1055	0.1095	0.1188	0.1375	0.1639	0.0916	0.0822	0.0803	0.0836	0.0930	0.1130	0.1475
2038	0.1450	0.1482	0.1471	0.1528	0.1417	0.1426	0.1456	0.1512	0.1599	0.1368	0.1281	0.1277	0.1349	0.1488	0.1670	0.1108	0.1059	0.1101	0.1195	0.1377	0.1644	0.0918	0.0828	0.0806	0.0840	0.0934	0.1136	0.1477
2039	0.1455	0.1488	0.1476	0.1537	0.1426	0.1435	0.1458	0.1511	0.1607	0.1372	0.1287	0.1280	0.1355	0.1492	0.1678	0.1111	0.1064	0.1107	0.1203	0.1378	0.1649	0.0918	0.0835	0.0808	0.0844	0.0939	0.1143	0.1478
2040	0.1459	0.1492	0.1480	0.1541	0.1432	0.1442	0.1461	0.1513	0.1613	0.1374	0.1296	0.1286	0.1363	0.1496	0.1688	0.1117	0.1070	0.1112	0.1211	0.1378	0.1652	0.0919	0.0840	0.0814	0.0847	0.0942	0.1146	0.1481
2041	0.1464	0.1494	0.1481	0.1541	0.1436	0.1446	0.1465	0.1516	0.1618	0.1376	0.1307	0.1293	0.1371	0.1498	0.1697	0.1124	0.1074	0.1117	0.1217	0.1380	0.1654	0.0921	0.0842	0.0822	0.0849	0.0944	0.1147	0.1483
2042	0.1468	0.1498	0.1487	0.1544	0.1440	0.1449	0.1469	0.1519	0.1621	0.1380	0.1312	0.1300	0.1375	0.1501	0.1705	0.1129	0.1078	0.1120	0.1222	0.1383	0.1655	0.0923	0.0845	0.0827	0.0852	0.0947	0.1148	0.1484
2043	0.1472	0.1504	0.1500	0.1551	0.1443	0.1452	0.1472	0.1520	0.1624	0.1385	0.1308	0.1307	0.1373	0.1506	0.1715	0.1132	0.1081	0.1122	0.1226	0.1388	0.1656	0.0924	0.0848	0.0826	0.0854	0.0951	0.1148	0.1482
2044	0.1479	0.1510	0.1512	0.1557	0.1447	0.1455	0.1474	0.1522	0.1629	0.1390	0.1307	0.1312	0.1373	0.1512	0.1723	0.1135	0.1084	0.1124	0.1229	0.1391	0.1660	0.0925	0.0850	0.0826	0.0856	0.0955	0.1149	0.1481
2045	0.1490	0.1518	0.1524	0.1561	0.1450	0.1458	0.1477	0.1525	0.1638	0.1395	0.1310	0.1315	0.1377	0.1517	0.1727	0.1139	0.1091	0.1128	0.1232	0.1393	0.1671	0.0928	0.0851	0.0826	0.0858	0.0956	0.1149	0.1486
2046	0.1500	0.1525	0.1535	0.1565	0.1454	0.1460	0.1480	0.1530	0.1646	0.1399	0.1315	0.1317	0.1381	0.1522	0.1730	0.1143	0.1098	0.1132	0.1235	0.1395	0.1681	0.0931	0.0852	0.0828	0.0860	0.0957	0.1150	0.1491
2047	0.1503	0.1529	0.1542	0.1567	0.1464	0.1463	0.1482	0.1541	0.1651	0.1401	0.1324	0.1321	0.1388	0.1529	0.1731	0.1150	0.1104	0.1137	0.1237	0.1397	0.1687	0.0938	0.0853	0.0830	0.0859	0.0960	0.1154	0.1493
2048	0.1506	0.1533	0.1549	0.1570	0.1474	0.1466	0.1483	0.1552	0.1657	0.1404	0.1333	0.1325	0.1396	0.1536	0.1732	0.1156	0.1110	0.1142	0.1239	0.1400	0.1692	0.0945	0.0854	0.0833	0.0858	0.0963	0.1158	0.1494
2049	0.1507	0.1531	0.1553	0.1575	0.1477	0.1470	0.1486	0.1564	0.1658	0.1410	0.1337	0.1331	0.1407	0.1534	0.1738	0.1158	0.1111	0.1148	0.1243	0.1405	0.1693	0.0949	0.0851	0.0838	0.0863	0.0967	0.1163	0.1495
2050	0.1508	0.1529	0.1558	0.1581	0.1479	0.1475	0.1489	0.1576	0.1659	0.1416	0.1340	0.1337	0.1418	0.1532	0.1745	0.1159	0.1112	0.1153	0.1248	0.1410	0.1694	0.0953	0.0848	0.0842	0.0868	0.0971	0.1167	0.1497
2051	0.1513	0.1534	0.1558	0.1591	0.1484	0.1482	0.1496	0.1582	0.1665	0.1427	0.1344	0.1340	0.1418	0.1536	0.1749	0.1160	0.1113	0.1155	0.1253	0.1415	0.1701	0.0953	0.0852	0.0850	0.0875	0.0971	0.1169	0.1501
2052	0.1519	0.1539	0.1556	0.1601	0.1489	0.1491	0.1505	0.1586	0.1672	0.1438	0.1348	0.1342	0.1418	0.1541	0.1753	0.1162	0.1115	0.1158	0.1260	0.1421	0.1711	0.0953	0.0858	0.0858	0.0882	0.0971	0.1171	0.1506
2053	0.1529	0.1547	0.1558	0.1606	0.1495	0.1499	0.1512	0.1590	0.1679	0.1447	0.1353	0.1350	0.1422	0.1549	0.1756	0.1167	0.1114	0.1159	0.1263	0.1427	0.1716	0.0957	0.0863	0.0859	0.0885	0.0973	0.1176	0.1509
2054	0.1541	0.1555	0.1562	0.1610	0.1502	0.1506	0.1517	0.1594	0.1686	0.1455	0.1358	0.1359	0.1427	0.1558	0.1760	0.1174	0.1111	0.1160	0.1263	0.1433	0.1719	0.0962	0.0866	0.0858	0.0886	0.0975	0.1182	0.1512
2055	0.1547	0.1558	0.1565	0.1613	0.1510	0.1512	0.1521	0.1597	0.1692	0.1460	0.1363	0.1362	0.1430	0.1565	0.1764	0.1177	0.1115	0.1163	0.1264	0.1439	0.1720	0.0965	0.0870	0.0856	0.0887	0.0980	0.1187	0.1515
2056	0.1548	0.1558	0.1569	0.1616	0.1519	0.1516	0.1524	0.1600	0.1698	0.1461	0.1367	0.1363	0.1431	0.1572	0.1769	0.1177	0.1125	0.1166	0.1263	0.1444	0.1718	0.0965	0.0876	0.0854	0.0888	0.0985	0.1192	0.1519
2057	0.1548	0.1563	0.1575	0.1624	0.1525	0.1523	0.1527	0.1603	0.1703	0.1463	0.1371	0.1364	0.1434	0.1578	0.1773	0.1180	0.1132	0.1167	0.1261	0.1448	0.1717	0.0967	0.0879	0.0855	0.0889	0.0992	0.1195	0.1522
2058	0.1553	0.1571	0.1583	0.1633	0.1530	0.1531	0.1532	0.1605	0.1705	0.1466	0.1373	0.1365	0.1440	0.1581	0.1776	0.1185	0.1136	0.1169	0.1260	0.1450	0.1719	0.0971	0.0881	0.0859	0.0888	0.0999	0.1196	0.1525
2059	0.1557	0.1577	0.1591	0.1640	0.1534	0.1539	0.1538	0.1608	0.1707	0.1467	0.1374	0.1367	0.1445	0.1584	0.1780	0.1189	0.1140	0.1172	0.1261	0.1453	0.1724	0.0973	0.0884	0.0864	0.0888	0.1002	0.1196	0.1528
2060	0.1561	0.1580	0.1599	0.1643	0.1535	0.1545	0.1548	0.1616	0.1711	0.1466	0.1374	0.1370	0.1448	0.1593	0.1787	0.1191	0.1141	0.1179	0.1269	0.1460	0.1733	0.0975	0.0888	0.0868	0.0890	0.1000	0.1192	0.1532
2061	0.1565	0.1582	0.1607	0.1647	0.1536	0.1550	0.1557	0.1623	0.1714	0.1466	0.1375	0.1373	0.1452	0.1601	0.1794	0.1193	0.1143	0.1185	0.1277	0.1465	0.1741	0.0976	0.0893	0.0871	0.0892	0.0999	0.1188	0.1536
2062	0.1565	0.1586	0.1609	0.1651	0.1542	0.1549	0.1558	0.1626	0.1719	0.1470	0.1379	0.1377	0.1457	0.1601	0.1793	0.1198	0.1146	0.1191	0.1283	0.1468	0.1744	0.0979	0.0894	0.0874	0.0895	0.1002	0.1190	0.1541
2063	0.1565	0.1592	0.1611	0.1656	0.1547	0.1549	0.1559	0.1630	0.1726	0.1474	0.1385	0.1380	0.1462	0.1603	0.1793	0.1203	0.1149	0.1197	0.1289	0.1471	0.1746	0.0982	0.0896	0.0878	0.0897	0.1006	0.1193	0.1547
2064	0.1573	0.1600	0.1613	0.1661	0.1554	0.1548	0.1557	0.1638	0.1734	0.1484	0.1392	0.1385	0.1466	0.1615	0.1795	0.1206	0.1152	0.1195	0.1296	0.1475	0.1748	0.0987	0.0898	0.0882	0.0901	0.1012	0.1202	0.1551
2065	0.1580	0.1607	0.1616	0.1668	0.1561	0.1547	0.1556	0.1647	0.1743	0.1494	0.1398	0.1390	0.1471	0.1628	0.1797	0.1209	0.1155	0.1194	0.1303	0.1479	0.1749	0.0993	0.0901	0.0887	0.0905	0.1019	0.1212	0.1555
2066	0.1584	0.1614	0.1622	0.1672	0.1565	0.1549	0.1565	0.1652	0.1746	0.1496	0.1402	0.1395	0.1475	0.1626	0.1801	0.1210	0.1160	0.1194	0.1305	0.1482	0.1755	0.0999	0.0900	0.0887	0.0911	0.1019	0.1212	0.1557
2067	0.1588	0.1620	0.1626	0.1677	0.1568	0.1553	0.1575	0.1658	0.1749	0.1495	0.1406	0.1400	0.1480	0.1622	0.1804	0.1209	0.1165	0.1195	0.1307	0.1484	0.1761	0.1005	0.0900	0.0887	0.0917	0.1018	0.1212	0.1559
2068	0.1596	0.1626	0.1627	0.1683	0.1569	0.1561	0.1585	0.1660	0.1755	0.1496	0.1409	0.1404	0.1484	0.1620	0.1812	0.1208	0.1170	0.1200	0.1308	0.1489	0.1766	0.1004	0.0899	0.0883	0.0921	0.1019	0.1217	0.1558
2069	0.1605	0.1634	0.1627	0.1691	0.1570	0.1568	0.1594	0.1661	0.1764	0.1498	0.1413	0.1409	0.1489	0.1619	0.1821	0.1208	0.1175	0.1207	0.1308	0.1496	0.1772	0.1001	0.0898	0.0879	0.0923	0.1022	0.1221	0.1557
2070	0.1609	0.1639	0.1629	0.1694	0.1576	0.1576	0.1600	0.1663	0.1772	0.1504	0.1418	0.1414	0.1492	0.1621	0.1827	0.1214	0.1176	0.1211	0.1310	0.1501	0.1775	0.1000	0.0903	0.0879	0.0925	0.1026	0.1226	0.1558
2071	0.1611	0.1644	0.1631	0.1693	0.1584	0.1581	0.1606	0.1666	0.1781	0.1510	0.1422	0.1419	0.1493	0.1625	0.1832	0.1223	0.1174	0.1214	0.1312	0.1503	0.1773	0.1002	0.0910	0.0884	0.0927	0.1031	0.1233	0.1559
2072	0.1610	0.1649	0.1633	0.1693	0.1591	0.1586	0.1610	0.1668	0.1787	0.1516	0.1430	0.1425	0.1496	0.1630	0.1835	0.1228	0.1178	0.1216	0.1314	0.1507	0.1772	0.1005	0.0916	0.0890	0.0927	0.1033	0.1235	0.1561
2073	0.1607	0.1653	0.1634	0.1693	0.1596	0.1588	0.1615	0.1670	0.1790	0.1522	0.1439	0.1433	0.1501	0.1636	0.1835	0.1231	0.1190	0.1219	0.1317	0.1511	0.1772	0.1009	0.0921	0.0894	0.0925	0.1034	0.1233	0.1567
2074	0.1605	0.1656	0.1635	0.1694	0.1598	0.1591	0.1619	0.1673	0.1793	0.1527	0.1446	0.1440	0.1504	0.1642	0.1836	0.1236	0.1199	0.1219	0.1318	0.1514	0.1776	0.1013	0.0925	0.0897	0.0924	0.1035	0.1233	0.1571
2075	0.1611	0.1656	0.1639	0.1698	0.1598	0.1595	0.1621	0.1681	0.1795	0.1529	0.1452	0.1442	0.1509	0.1648	0.1839	0.1246	0.1204	0.1217	0.1314	0.1512	0.1785	0.1018	0.0926	0.0899	0.0926	0.1039	0.1236	0.1573
2076	0.1618	0.1658	0.1644	0.1704	0.1598	0.1599	0.1622	0.1687	0.1796	0.1531	0.1457	0.1443	0.1512	0.1652	0.1843	0.1254	0.1206	0.1216	0.1312	0.1511	0.1793	0.1022	0.0927	0.0903	0.0927	0.1040	0.1238	0.1578
2077	0.1625	0.1665	0.1654	0.1717	0.1605	0.1604	0.1624	0.1690	0.1797	0.1535	0.1457	0.1444	0.1511	0.1655	0.1848	0.1256	0.1198	0.1221	0.1316	0.1507	0.1801	0.1023	0.0930	0.0912	0.0928	0.1035	0.1240	0.1588
2078	0.1632	0.1672	0.1663	0.1728	0.1612	0.1608	0.1627	0.1694	0.1799	0.1539	0.1456	0.1447	0.1510	0.1659	0.1854	0.1258	0.1191	0.1225	0.1319	0.1504	0.1807	0.1024	0.0933	0.0920	0.0930	0.1032	0.1240	0.1597
2079	0.1639	0.1673	0.1670	0.1735	0.1616	0.1610	0.1631	0.1698	0.1802	0.1546	0.1456	0.1456	0.1511	0.1671	0.1857	0.1264	0.1193	0.1233	0.1325	0.1511	0.1809	0.1025	0.0937	0.0917	0.0930	0.1036	0.1243	0.1598
2080	0.1646	0.1674	0.1677	0.1742	0.1620	0.1611	0.1634	0.1703	0.1805	0.1553	0.1456	0.1464	0.1512	0.1682	0.1860	0.1270	0.1196	0.1240	0.1331	0.1518	0.1812	0.1026	0.0942	0.0915	0.0930	0.1039	0.1247	0.1599
2081	0.1646	0.1674	0.1684	0.1747	0.1623	0.1616	0.1636	0.1708	0.1814	0.1560	0.1459	0.1459	0.1514	0.1685	0.1863	0.1272	0.1197	0.1244	0.1338	0.1525	0.1818	0.1028	0.0952	0.0913	0.0936	0.1039	0.1249	0.1603
2082	0.1645	0.1674	0.1690	0.1752	0.1626	0.1622	0.1639	0.1713	0.1824	0.1568	0.1462	0.1453	0.1517	0.1686	0.1865	0.1274	0.1198	0.1247	0.1344	0.1532	0.1824	0.1030	0.0962	0.0911	0.0942	0.1039	0.1251	0.1608
2083	0.1649	0.1679	0.1697	0.1756	0.1631	0.1630	0.1645	0.1715	0.1828	0.1574	0.1466	0.1456	0.1527	0.1690	0.1869	0.1278	0.1202	0.1252	0.1349	0.1533	0.1825	0.1030	0.0968	0.0915	0.0946	0.1041	0.1253	0.1613
2084	0.1654	0.1686	0.1702	0.1758	0.1637	0.1639	0.1651	0.1717	0.1832	0.1580	0.1470	0.1463	0.1538	0.1695	0.1873	0.1282	0.1207	0.1258	0.1353	0.1533	0.1825	0.1030	0.0973	0.0920	0.0951	0.1041	0.1255	0.1617
2085	0.1659	0.1694	0.1708	0.1764	0.1643	0.1644	0.1653	0.1723	0.1833	0.1581	0.1475	0.1471	0.1548	0.1698	0.1878	0.1283	0.1214	0.1263	0.1359	0.1539	0.1826	0.1033	0.0971	0.0923	0.0953	0.1043	0.1258	0.1618
2086	0.1665	0.1704	0.1715	0.1772	0.1650	0.1646	0.1655	0.1729	0.1831	0.1580	0.1481	0.1480	0.1556	0.1701	0.1886	0.1284	0.1220	0.1266	0.1367	0.1548	0.1829	0.1037	0.0965	0.0926	0.0953	0.1047	0.1260	0.1617
2087	0.1669	0.1714	0.1718	0.1776	0.1655	0.1651	0.1658	0.1733	0.1832	0.1582	0.1489	0.1486	0.1560	0.1704	0.1891	0.1289	0.1227	0.1268	0.1375	0.1555	0.1833	0.1038	0.0960	0.0928	0.0953	0.1049	0.1263	0.1614
2088	0.1672	0.1722	0.1719	0.1777	0.1659	0.1658	0.1663	0.1735	0.1834	0.1583	0.1499	0.1487	0.1565	0.1706	0.1893	0.1296	0.1233	0.1269	0.1380	0.1560	0.1835	0.1036	0.0960	0.0929	0.0953	0.1050	0.1266	0.1609
2089	0.1676	0.1728	0.1722	0.1777	0.1662	0.1662	0.1667	0.1740	0.1836	0.1586	0.1507	0.1490	0.1572	0.1710	0.1895	0.1298	0.1235	0.1270	0.1384	0.1564	0.1841	0.1037	0.0960	0.0933	0.0955	0.1052	0.1270	0.1609
2090	0.1681	0.1733	0.1727	0.1777	0.1663	0.1661	0.1668	0.1747	0.1841	0.1588	0.1514	0.1496	0.1578	0.1717	0.1898	0.1295	0.1232	0.1271	0.1387	0.1569	0.1849	0.1040	0.0962	0.0939	0.0962	0.1057	0.1276	0.1616
2091	0.1686	0.1738	0.1731	0.1778	0.1665	0.1662	0.1671	0.1754	0.1845	0.1589	0.1518	0.1501	0.1582	0.1721	0.1902	0.1294	0.1230	0.1273	0.1390	0.1573	0.1855	0.1044	0.0965	0.0942	0.0969	0.1063	0.1283	0.1620
2092	0.1691	0.1742	0.1735	0.1781	0.1671	0.1667	0.1677	0.1758	0.1848	0.1592	0.1517	0.1502	0.1584	0.1723	0.1906	0.1298	0.1232	0.1277	0.1390	0.1577	0.1862	0.1053	0.0967	0.0937	0.0972	0.1067	0.1289	0.1618
2093	0.1696	0.1745	0.1737	0.1785	0.1676	0.1672	0.1683	0.1763	0.1853	0.1595	0.1517	0.1505	0.1586	0.1725	0.1910	0.1302	0.1235	0.1281	0.1389	0.1578	0.1868	0.1060	0.0970	0.0931	0.0974	0.1072	0.1294	0.1616
2094	0.1701	0.1748	0.1738	0.1792	0.1679	0.1679	0.1687	0.1769	0.1864	0.1597	0.1518	0.1507	0.1586	0.1726	0.1918	0.1304	0.1240	0.1290	0.1391	0.1571	0.1868	0.1060	0.0969	0.0930	0.0973	0.1075	0.1291	0.1619
2095	0.1706	0.1751	0.1739	0.1799	0.1683	0.1684	0.1691	0.1773	0.1873	0.1600	0.1520	0.1509	0.1586	0.1728	0.1926	0.1307	0.1245	0.1298	0.1392	0.1566	0.1868	0.1060	0.0968	0.0929	0.0972	0.1078	0.1288	0.1624
2096	0.1716	0.1753	0.1742	0.1803	0.1692	0.1688	0.1691	0.1775	0.1876	0.1603	0.1520	0.1513	0.1588	0.1731	0.1926	0.1310	0.1250	0.1300	0.1392	0.1569	0.1871	0.1062	0.0968	0.0938	0.0971	0.1081	0.1290	0.1633
2097	0.1726	0.1756	0.1745	0.1806	0.1700	0.1692	0.1690	0.1776	0.1878	0.1607	0.1519	0.1517	0.1591	0.1734	0.1925	0.1312	0.1254	0.1301	0.1391	0.1572	0.1873	0.1063	0.0969	0.0948	0.0969	0.1085	0.1294	0.1643
2098	0.1734	0.1764	0.1748	0.1812	0.1702	0.1695	0.1696	0.1782	0.1883	0.1610	0.1522	0.1518	0.1594	0.1737	0.1930	0.1319	0.1257	0.1300	0.1394	0.1576	0.1876	0.1065	0.0971	0.0951	0.0972	0.1089	0.1296	0.1645
2099	0.1740	0.1772	0.1750	0.1818	0.1703	0.1698	0.1703	0.1788	0.1885	0.1613	0.1527	0.1519	0.1597	0.1740	0.1935	0.1326	0.1259	0.1298	0.1398	0.1580	0.1879	0.1068	0.0974	0.0953	0.0976	0.1091	0.1297	0.1647
2100	0.1743	0.1777	0.1759	0.1823	0.1705	0.1702	0.1707	0.1789	0.1892	0.1614	0.1535	0.1524	0.1606	0.1741	0.1939	0.1334	0.1261	0.1303	0.1400	0.1582	0.1883	0.1076	0.0978	0.0954	0.0977	0.1095	0.1299	0.1650
2101	0.1746	0.1782	0.1770	0.1828	0.1708	0.1708	0.1711	0.1791	0.1902	0.1617	0.1543	0.1530	0.1615	0.1742	0.1943	0.1343	0.1263	0.1309	0.1401	0.1582	0.1886	0.1083	0.0981	0.0955	0.0977	0.1100	0.1302	0.1652
2102	0.1746	0.1783	0.1774	0.1829	0.1710	0.1710	0.1718	0.1795	0.1910	0.1622	0.1543	0.1533	0.1617	0.1748	0.1946	0.1349	0.1266	0.1317	0.1401	0.1588	0.1887	0.1088	0.0983	0.0957	0.0983	0.1103	0.1302	0.1653
2103	0.1748	0.1781	0.1776	0.1829	0.1712	0.1711	0.1728	0.1800	0.1916	0.1630	0.1542	0.1533	0.1618	0.1757	0.1950	0.1353	0.1270	0.1325	0.1401	0.1593	0.1890	0.1091	0.0983	0.0958	0.0991	0.1104	0.1304	0.1653
2104	0.1751	0.1780	0.1778	0.1829	0.1715	0.1712	0.1735	0.1803	0.1919	0.1636	0.1546	0.1539	0.1619	0.1766	0.1953	0.1352	0.1274	0.1327	0.1405	0.1599	0.1894	0.1093	0.0985	0.0959	0.0997	0.1103	0.1306	0.1652
2105	0.1758	0.1779	0.1782	0.1830	0.1720	0.1714	0.1740	0.1806	0.1919	0.1640	0.1554	0.1547	0.1620	0.1773	0.1956	0.1349	0.1278	0.1323	0.1414	0.1607	0.1900	0.1093	0.0988	0.0962	0.1003	0.1099	0.1307	0.1654
2106	0.1763	0.1779	0.1787	0.1834	0.1725	0.1718	0.1747	0.1811	0.1923	0.1644	0.1563	0.1551	0.1626	0.1779	0.1961	0.1347	0.1283	0.1322	0.1421	0.1613	0.1901	0.1092	0.0992	0.0963	0.1006	0.1097	0.1310	0.1657
2107	0.1766	0.1782	0.1790	0.1838	0.1730	0.1724	0.1755	0.1817	0.1928	0.1651	0.1575	0.1549	0.1636	0.1782	0.1967	0.1346	0.1287	0.1329	0.1428	0.1617	0.1896	0.1090	0.0996	0.0967	0.1006	0.1101	0.1314	0.1660
2108	0.1769	0.1787	0.1794	0.1843	0.1734	0.1731	0.1761	0.1820	0.1932	0.1655	0.1584	0.1548	0.1646	0.1785	0.1972	0.1345	0.1288	0.1336	0.1434	0.1619	0.1896	0.1089	0.1000	0.0971	0.1006	0.1106	0.1317	0.1663
2109	0.1770	0.1798	0.1797	0.1849	0.1735	0.1740	0.1765	0.1823	0.1932	0.1650	0.1588	0.1551	0.1654	0.1789	0.1980	0.1351	0.1288	0.1340	0.1438	0.1618	0.1901	0.1089	0.1001	0.0974	0.1003	0.1107	0.1314	0.1670
2110	0.1771	0.1810	0.1799	0.1856	0.1738	0.1748	0.1768	0.1826	0.1934	0.1646	0.1590	0.1553	0.1658	0.1793	0.1988	0.1358	0.1289	0.1343	0.1442	0.1620	0.1905	0.1090	0.1001	0.0977	0.0999	0.1109	0.1310	0.1677
2111	0.1773	0.1818	0.1806	0.1862	0.1745	0.1754	0.1773	0.1827	0.1941	0.1648	0.1594	0.1552	0.1655	0.1800	0.1991	0.1360	0.1290	0.1338	0.1450	0.1624	0.1908	0.1092	0.0998	0.0979	0.0998	0.1113	0.1309	0.1682
2112	0.1776	0.1824	0.1812	0.1867	0.1752	0.1759	0.1776	0.1827	0.1948	0.1651	0.1598	0.1553	0.1654	0.1806	0.1993	0.1362	0.1291	0.1334	0.1457	0.1628	0.1911	0.1096	0.0995	0.0979	0.0997	0.1117	0.1310	0.1686
2113	0.1785	0.1827	0.1819	0.1869	0.1758	0.1764	0.1769	0.1831	0.1952	0.1659	0.1601	0.1559	0.1659	0.1799	0.1996	0.1363	0.1299	0.1332	0.1460	0.1632	0.1921	0.1100	0.0997	0.0973	0.0997	0.1117	0.1314	0.1685
2114	0.1793	0.1828	0.1827	0.1872	0.1764	0.1768	0.1762	0.1836	0.1956	0.1667	0.1604	0.1564	0.1663	0.1792	0.1999	0.1365	0.1307	0.1330	0.1463	0.1635	0.1931	0.1105	0.0998	0.0969	0.0997	0.1118	0.1318	0.1684
2115	0.1802	0.1830	0.1834	0.1877	0.1768	0.1769	0.1766	0.1840	0.1958	0.1671	0.1612	0.1568	0.1666	0.1791	0.2008	0.1363	0.1308	0.1329	0.1463	0.1638	0.1941	0.1110	0.1001	0.0971	0.1004	0.1118	0.1326	0.1688
2116	0.1811	0.1831	0.1839	0.1882	0.1772	0.1771	0.1772	0.1845	0.1959	0.1674	0.1621	0.1572	0.1670	0.1793	0.2018	0.1360	0.1308	0.1328	0.1464	0.1640	0.1951	0.1116	0.1003	0.0972	0.1012	0.1117	0.1335	0.1692
2117	0.1814	0.1836	0.1843	0.1888	0.1773	0.1773	0.1775	0.1848	0.1967	0.1679	0.1627	0.1576	0.1672	0.1796	0.2022	0.1362	0.1311	0.1333	0.1467	0.1643	0.1953	0.1121	0.1006	0.0977	0.1014	0.1121	0.1336	0.1696
2118	0.1817	0.1841	0.1847	0.1894	0.1774	0.1774	0.1777	0.1851	0.1977	0.1684	0.1631	0.1579	0.1675	0.1801	0.2023	0.1365	0.1316	0.1338	0.1471	0.1648	0.1952	0.1125	0.1009	0.0983	0.1015	0.1125	0.1336	0.1699
2119	0.1818	0.1843	0.1849	0.1897	0.1777	0.1775	0.1782	0.1861	0.1981	0.1683	0.1633	0.1583	0.1678	0.1805	0.2022	0.1369	0.1320	0.1343	0.1476	0.1650	0.1954	0.1124	0.1009	0.0986	0.1018	0.1126	0.1337	0.1702
2120	0.1818	0.1844	0.1853	0.1901	0.1780	0.1777	0.1788	0.1872	0.1983	0.1682	0.1634	0.1586	0.1682	0.1810	0.2018	0.1374	0.1322	0.1346	0.1481	0.1650	0.1956	0.1123	0.1009	0.0987	0.1021	0.1126	0.1338	0.1706
2121	0.1817	0.1845	0.1856	0.1904	0.1784	0.1780	0.1793	0.1877	0.1987	0.1685	0.1634	0.1591	0.1686	0.1813	0.2018	0.1380	0.1325	0.1347	0.1481	0.1652	0.1960	0.1122	0.1011	0.0990	0.1026	0.1124	0.1338	0.1707
2122	0.1814	0.1846	0.1860	0.1907	0.1790	0.1786	0.1799	0.1880	0.1989	0.1691	0.1637	0.1596	0.1692	0.1811	0.2021	0.1386	0.1327	0.1350	0.1479	0.1656	0.1964	0.1119	0.1013	0.0998	0.1031	0.1123	0.1338	0.1705
2123	0.1814	0.1848	0.1863	0.1913	0.1792	0.1791	0.1801	0.1881	0.1992	0.1703	0.1638	0.1598	0.1696	0.1812	0.2024	0.1393	0.1332	0.1355	0.1479	0.1659	0.1967	0.1117	0.1017	0.1004	0.1034	0.1125	0.1337	0.1707
2124	0.1815	0.1851	0.1865	0.1922	0.1788	0.1793	0.1803	0.1878	0.1999	0.1716	0.1636	0.1598	0.1698	0.1817	0.2031	0.1401	0.1337	0.1364	0.1478	0.1661	0.1973	0.1115	0.1019	0.1007	0.1032	0.1131	0.1336	0.1712
2125	0.1818	0.1856	0.1867	0.1928	0.1786	0.1793	0.1804	0.1878	0.2002	0.1723	0.1639	0.1600	0.1703	0.1819	0.2037	0.1403	0.1340	0.1371	0.1475	0.1664	0.1977	0.1113	0.1022	0.1010	0.1030	0.1137	0.1338	0.1717
2126	0.1827	0.1861	0.1869	0.1933	0.1783	0.1790	0.1805	0.1874	0.2003	0.1721	0.1644	0.1599	0.1705	0.1819	0.2044	0.1400	0.1348	0.1375	0.1479	0.1669	0.1978	0.1115	0.1029	0.1011	0.1029	0.1144	0.1344	0.1721
2127	0.1834	0.1865	0.1872	0.1936	0.1781	0.1788	0.1809	0.1872	0.2004	0.1718	0.1647	0.1600	0.1705	0.1823	0.2050	0.1399	0.1356	0.1378	0.1482	0.1673	0.1978	0.1117	0.1034	0.1013	0.1030	0.1154	0.1349	0.1725
2128	0.1834	0.1866	0.1871	0.1932	0.1779	0.1791	0.1820	0.1878	0.2003	0.1712	0.1652	0.1609	0.1703	0.1830	0.2048	0.1405	0.1363	0.1378	0.1482	0.1677	0.1980	0.1115	0.1035	0.1018	0.1033	0.1158	0.1351	0.1726
2129	0.1834	0.1868	0.1870	0.1929	0.1778	0.1794	0.1829	0.1885	0.2003	0.1707	0.1655	0.1617	0.1701	0.1837	0.2045	0.1408	0.1368	0.1378	0.1484	0.1679	0.1983	0.1114	0.1036	0.1023	0.1036	0.1162	0.1353	0.1727
2130	0.1834	0.1868	0.1874	0.1932	0.1785	0.1802	0.1832	0.1890	0.2004	0.1707	0.1654	0.1624	0.1705	0.1842	0.2044	0.1408	0.1365	0.1378	0.1493	0.1676	0.1987	0.1115	0.1035	0.1026	0.1037	0.1161	0.1357	0.1728
2131	0.1834	0.1869	0.1877	0.1936	0.1793	0.1808	0.1834	0.1897	0.2005	0.1708	0.1654	0.1630	0.1710	0.1846	0.2044	0.1408	0.1363	0.1380	0.1501	0.1674	0.1989	0.1116	0.1034	0.1028	0.1039	0.1159	0.1361	0.1729
2132	0.1832	0.1873	0.1880	0.1941	0.1797	0.1813	0.1832	0.1905	0.2008	0.1710	0.1655	0.1631	0.1714	0.1850	0.2044	0.1406	0.1359	0.1381	0.1498	0.1679	0.1987	0.1115	0.1029	0.1025	0.1042	0.1160	0.1363	0.1729
2133	0.1831	0.1878	0.1882	0.1946	0.1800	0.1818	0.1829	0.1913	0.2009	0.1714	0.1656	0.1631	0.1717	0.1854	0.2044	0.1404	0.1355	0.1382	0.1494	0.1682	0.1985	0.1116	0.1023	0.1022	0.1046	0.1161	0.1363	0.1728
2134	0.1835	0.1881	0.1889	0.1950	0.1801	0.1819	0.1827	0.1916	0.2007	0.1718	0.1661	0.1630	0.1726	0.1853	0.2048	0.1405	0.1354	0.1380	0.1496	0.1680	0.1982	0.1116	0.1023	0.1021	0.1049	0.1159	0.1366	0.1722
2135	0.1840	0.1883	0.1896	0.1952	0.1802	0.1819	0.1824	0.1916	0.2006	0.1720	0.1666	0.1630	0.1737	0.1852	0.2051	0.1406	0.1354	0.1379	0.1499	0.1677	0.1979	0.1114	0.1024	0.1017	0.1051	0.1156	0.1370	0.1716
2136	0.1842	0.1880	0.1894	0.1948	0.1804	0.1815	0.1828	0.1910	0.2007	0.1724	0.1663	0.1632	0.1734	0.1846	0.2050	0.1405	0.1352	0.1381	0.1498	0.1678	0.1979	0.1121	0.1028	0.1016	0.1052	0.1155	0.1375	0.1715
2137	0.1844	0.1878	0.1891	0.1945	0.1802	0.1810	0.1833	0.1906	0.2008	0.1728	0.1661	0.1635	0.1727	0.1840	0.2050	0.1405	0.1349	0.1381	0.1498	0.1681	0.1980	0.1129	0.1033	0.1018	0.1054	0.1153	0.1383	0.1715
2138	0.1842	0.1876	0.1892	0.1942	0.1801	0.1810	0.1834	0.1909	0.2014	0.1727	0.1660	0.1637	0.1719	0.1837	0.2053	0.1406	0.1350	0.1381	0.1499	0.1685	0.1983	0.1132	0.1035	0.1021	0.1053	0.1148	0.1387	0.1714
2139	0.1840	0.1878	0.1896	0.1941	0.1801	0.1814	0.1836	0.1913	0.2022	0.1724	0.1658	0.1636	0.1713	0.1836	0.2055	0.1407	0.1353	0.1384	0.1500	0.1690	0.1988	0.1136	0.1035	0.1022	0.1050	0.1145	0.1389	0.1711
2140	0.1842	0.1878	0.1895	0.1944	0.1805	0.1817	0.1834	0.1914	0.2030	0.1724	0.1657	0.1634	0.1711	0.1840	0.2059	0.1410	0.1354	0.1386	0.1497	0.1689	0.1991	0.1141	0.1035	0.1023	0.1052	0.1145	0.1387	0.1712
2141	0.1844	0.1882	0.1889	0.1945	0.1811	0.1819	0.1826	0.1913	0.2034	0.1726	0.1660	0.1633	0.1711	0.1850	0.2064	0.1412	0.1359	0.1387	0.1490	0.1688	0.1994	0.1145	0.1039	0.1024	0.1057	0.1146	0.1383	0.1714
2142	0.1845	0.1887	0.1886	0.1944	0.1818	0.1826	0.1824	0.1917	0.2033	0.1725	0.1665	0.1634	0.1714	0.1859	0.2065	0.1412	0.1364	0.1387	0.1491	0.1687	0.1991	0.1147	0.1040	0.1023	0.1053	0.1149	0.1380	0.1718
2143	0.1847	0.1888	0.1886	0.1943	0.1826	0.1835	0.1828	0.1924	0.2031	0.1725	0.1669	0.1636	0.1720	0.1863	0.2060	0.1412	0.1366	0.1387	0.1497	0.1686	0.1981	0.1149	0.1039	0.1021	0.1046	0.1152	0.1374	0.1723
2144	0.1849	0.1892	0.1888	0.1946	0.1831	0.1843	0.1832	0.1930	0.2033	0.1727	0.1671	0.1641	0.1725	0.1867	0.2056	0.1415	0.1365	0.1388	0.1500	0.1686	0.1976	0.1152	0.1039	0.1020	0.1042	0.1156	0.1369	0.1725
2145	0.1849	0.1893	0.1889	0.1955	0.1828	0.1850	0.1836	0.1933	0.2037	0.1733	0.1669	0.1646	0.1725	0.1866	0.2055	0.1418	0.1359	0.1392	0.1503	0.1687	0.1980	0.1153	0.1040	0.1017	0.1041	0.1163	0.1368	0.1724
2146	0.1852	0.1894	0.1890	0.1959	0.1825	0.1853	0.1842	0.1934	0.2039	0.1740	0.1667	0.1648	0.1724	0.1864	0.2054	0.1420	0.1355	0.1394	0.1506	0.1690	0.1983	0.1153	0.1040	0.1012	0.1039	0.1170	0.1369	0.1725
2147	0.1851	0.1902	0.1893	0.1954	0.1825	0.1840	0.1847	0.1931	0.2037	0.1745	0.1666	0.1641	0.1726	0.1861	0.2059	0.1415	0.1359	0.1397	0.1509	0.1693	0.1983	0.1151	0.1043	0.1011	0.1042	0.1173	0.1369	0.1723
2148	0.1847	0.1906	0.1896	0.1951	0.1827	0.1827	0.1850	0.1927	0.2034	0.1749	0.1665	0.1634	0.1728	0.1860	0.2061	0.1410	0.1364	0.1399	0.1511	0.1695	0.1980	0.1146	0.1046	0.1009	0.1046	0.1174	0.1369	0.1721
2149	0.1842	0.1897	0.1893	0.1947	0.1823	0.1817	0.1846	0.1919	0.2026	0.1742	0.1657	0.1631	0.1727	0.1861	0.2058	0.1409	0.1364	0.1392	0.1503	0.1693	0.1975	0.1144	0.1047	0.1007	0.1050	0.1172	0.1373	0.1719
2150	0.1838	0.1887	0.1889	0.1943	0.1818	0.1808	0.1840	0.1911	0.2018	0.1735	0.1648	0.1628	0.1727	0.1862	0.2055	0.1410	0.1363	0.1385	0.1498	0.1690	0.1971	0.1144	0.1048	0.1005	0.1053	0.1170	0.1375	0.1716
2151	0.1846	0.1881	0.1892	0.1942	0.1824	0.1811	0.1829	0.1903	0.2012	0.1734	0.1642	0.1631	0.1726	0.1861	0.2054	0.1412	0.1357	0.1383	0.1497	0.1684	0.1973	0.1145	0.1044	0.1006	0.1050	0.1164	0.1372	0.1715
2152	0.1854	0.1876	0.1894	0.1942	0.1830	0.1815	0.1819	0.1896	0.2006	0.1733	0.1639	0.1635	0.1725	0.1860	0.2054	0.1415	0.1350	0.1381	0.1497	0.1676	0.1976	0.1144	0.1039	0.1006	0.1046	0.1159	0.1369	0.1715
2153	0.1859	0.1877	0.1898	0.1940	0.1828	0.1818	0.1820	0.1900	0.2004	0.1732	0.1640	0.1628	0.1723	0.1857	0.2057	0.1414	0.1344	0.1378	0.1500	0.1676	0.1975	0.1142	0.1036	0.1005	0.1040	0.1158	0.1366	0.1720
2154	0.1863	0.1879	0.1903	0.1937	0.1827	0.1820	0.1822	0.1906	0.2004	0.1732	0.1642	0.1619	0.1721	0.1854	0.2060	0.1411	0.1339	0.1377	0.1504	0.1677	0.1974	0.1139	0.1035	0.1005	0.1035	0.1158	0.1365	0.1726
2155	0.1862	0.1879	0.1902	0.1926	0.1823	0.1813	0.1822	0.1911	0.2003	0.1727	0.1647	0.1617	0.1719	0.1848	0.2061	0.1408	0.1337	0.1374	0.1503	0.1677	0.1975	0.1133	0.1039	0.0998	0.1029	0.1156	0.1362	0.1722
2156	0.1861	0.1878	0.1898	0.1915	0.1818	0.1803	0.1824	0.1915	0.2000	0.1721	0.1653	0.1615	0.1714	0.1843	0.2061	0.1403	0.1333	0.1372	0.1502	0.1676	0.1976	0.1128	0.1042	0.0989	0.1024	0.1154	0.1356	0.1713
2157	0.1855	0.1879	0.1894	0.1913	0.1816	0.1802	0.1825	0.1914	0.2002	0.1723	0.1653	0.1619	0.1709	0.1840	0.2063	0.1402	0.1332	0.1367	0.1496	0.1674	0.1976	0.1127	0.1046	0.0987	0.1026	0.1152	0.1353	0.1707
2158	0.1845	0.1882	0.1889	0.1914	0.1814	0.1804	0.1826	0.1912	0.2005	0.1725	0.1650	0.1626	0.1707	0.1839	0.2063	0.1407	0.1332	0.1362	0.1491	0.1672	0.1978	0.1127	0.1048	0.0988	0.1028	0.1151	0.1351	0.1705
2159	0.1845	0.1885	0.1890	0.1920	0.1812	0.1803	0.1824	0.1909	0.2006	0.1729	0.1654	0.1629	0.1706	0.1842	0.2061	0.1407	0.1335	0.1364	0.1490	0.1672	0.1977	0.1131	0.1046	0.0989	0.1027	0.1152	0.1352	0.1704
2160	0.1848	0.1889	0.1894	0.1926	0.1811	0.1800	0.1819	0.1903	0.2005	0.1731	0.1660	0.1629	0.1704	0.1845	0.2056	0.1405	0.1341	0.1370	0.1488	0.1675	0.1975	0.1132	0.1045	0.0991	0.1023	0.1152	0.1356	0.1703
2161	0.1849	0.1891	0.1893	0.1930	0.1815	0.1798	0.1821	0.1900	0.2005	0.1728	0.1661	0.1628	0.1701	0.1845	0.2055	0.1408	0.1343	0.1373	0.1492	0.1675	0.1975	0.1131	0.1044	0.0993	0.1020	0.1149	0.1359	0.1701
2162	0.1848	0.1889	0.1889	0.1931	0.1821	0.1794	0.1825	0.1899	0.2002	0.1725	0.1656	0.1629	0.1699	0.1842	0.2055	0.1411	0.1343	0.1378	0.1502	0.1675	0.1974	0.1130	0.1042	0.0995	0.1019	0.1145	0.1364	0.1698
2163	0.1841	0.1886	0.1887	0.1931	0.1825	0.1794	0.1825	0.1896	0.2001	0.1724	0.1650	0.1631	0.1697	0.1843	0.2052	0.1409	0.1339	0.1379	0.1505	0.1677	0.1973	0.1125	0.1042	0.0999	0.1021	0.1144	0.1370	0.1696
2164	0.1834	0.1881	0.1885	0.1928	0.1822	0.1799	0.1829	0.1893	0.2005	0.1723	0.1643	0.1628	0.1695	0.1845	0.2050	0.1405	0.1337	0.1374	0.1502	0.1678	0.1974	0.1120	0.1043	0.1008	0.1028	0.1143	0.1370	0.1699
2165	0.1830	0.1874	0.1881	0.1925	0.1817	0.1800	0.1827	0.1889	0.2008	0.1725	0.1640	0.1623	0.1694	0.1845	0.2047	0.1399	0.1337	0.1371	0.1496	0.1680	0.1973	0.1120	0.1040	0.1013	0.1033	0.1141	0.1370	0.1706
2166	0.1830	0.1867	0.1874	0.1925	0.1812	0.1797	0.1820	0.1890	0.2005	0.1721	0.1637	0.1620	0.1695	0.1840	0.2039	0.1394	0.1335	0.1369	0.1485	0.1678	0.1967	0.1125	0.1032	0.1004	0.1032	0.1142	0.1367	0.1711
2167	0.1829	0.1862	0.1867	0.1927	0.1809	0.1794	0.1817	0.1891	0.2002	0.1715	0.1635	0.1619	0.1695	0.1834	0.2032	0.1391	0.1330	0.1368	0.1476	0.1673	0.1962	0.1127	0.1025	0.0995	0.1030	0.1143	0.1363	0.1717
2168	0.1831	0.1864	0.1858	0.1931	0.1807	0.1787	0.1818	0.1890	0.1997	0.1718	0.1633	0.1616	0.1690	0.1830	0.2033	0.1391	0.1327	0.1367	0.1477	0.1665	0.1957	0.1125	0.1026	0.0992	0.1029	0.1142	0.1356	0.1715
2169	0.1832	0.1864	0.1851	0.1932	0.1803	0.1782	0.1820	0.1887	0.1991	0.1720	0.1630	0.1612	0.1683	0.1828	0.2034	0.1392	0.1325	0.1366	0.1480	0.1658	0.1953	0.1124	0.1026	0.0993	0.1027	0.1140	0.1348	0.1711
2170	0.1828	0.1856	0.1852	0.1920	0.1795	0.1780	0.1818	0.1884	0.1989	0.1716	0.1629	0.1606	0.1678	0.1829	0.2032	0.1389	0.1323	0.1363	0.1483	0.1656	0.1955	0.1121	0.1031	0.1002	0.1028	0.1134	0.1344	0.1707
2171	0.1822	0.1849	0.1851	0.1908	0.1788	0.1779	0.1815	0.1880	0.1989	0.1711	0.1627	0.1599	0.1674	0.1830	0.2031	0.1385	0.1323	0.1359	0.1486	0.1653	0.1956	0.1118	0.1036	0.1008	0.1029	0.1128	0.1341	0.1702
2172	0.1822	0.1848	0.1845	0.1901	0.1789	0.1782	0.1807	0.1879	0.1991	0.1707	0.1618	0.1593	0.1673	0.1828	0.2033	0.1381	0.1325	0.1351	0.1482	0.1654	0.1954	0.1116	0.1034	0.1005	0.1031	0.1122	0.1342	0.1696
2173	0.1824	0.1848	0.1839	0.1896	0.1793	0.1785	0.1799	0.1879	0.1992	0.1703	0.1610	0.1589	0.1671	0.1825	0.2036	0.1380	0.1328	0.1345	0.1477	0.1657	0.1953	0.1115	0.1032	0.1000	0.1032	0.1117	0.1345	0.1691
2174	0.1822	0.1849	0.1838	0.1895	0.1797	0.1781	0.1803	0.1877	0.1991	0.1703	0.1614	0.1589	0.1673	0.1814	0.2035	0.1375	0.1326	0.1346	0.1473	0.1661	0.1952	0.1113	0.1031	0.0996	0.1035	0.1112	0.1343	0.1690
2175	0.1819	0.1849	0.1839	0.1894	0.1799	0.1775	0.1807	0.1874	0.1989	0.1704	0.1619	0.1591	0.1675	0.1802	0.2032	0.1368	0.1324	0.1349	0.1470	0.1663	0.1949	0.1109	0.1027	0.0994	0.1037	0.1107	0.1340	0.1689
2176	0.1814	0.1851	0.1836	0.1896	0.1795	0.1775	0.1806	0.1872	0.1989	0.1704	0.1616	0.1595	0.1677	0.1803	0.2023	0.1366	0.1322	0.1351	0.1475	0.1660	0.1942	0.1103	0.1026	0.0987	0.1033	0.1104	0.1345	0.1688
2177	0.1808	0.1853	0.1832	0.1900	0.1788	0.1780	0.1807	0.1871	0.1990	0.1704	0.1612	0.1599	0.1677	0.1807	0.2015	0.1366	0.1321	0.1352	0.1479	0.1658	0.1935	0.1098	0.1025	0.0979	0.1026	0.1100	0.1350	0.1686
2178	0.1805	0.1852	0.1830	0.1896	0.1783	0.1779	0.1805	0.1875	0.1989	0.1699	0.1605	0.1598	0.1671	0.1807	0.2010	0.1363	0.1320	0.1353	0.1477	0.1657	0.1926	0.1097	0.1015	0.0977	0.1017	0.1105	0.1344	0.1681
2179	0.1803	0.1851	0.1826	0.1888	0.1783	0.1776	0.1800	0.1877	0.1986	0.1693	0.1599	0.1594	0.1663	0.1806	0.2006	0.1361	0.1319	0.1355	0.1477	0.1655	0.1920	0.1098	0.1009	0.0977	0.1011	0.1112	0.1336	0.1674
2180	0.1799	0.1850	0.1825	0.1882	0.1775	0.1773	0.1797	0.1871	0.1978	0.1692	0.1595	0.1591	0.1661	0.1802	0.2003	0.1359	0.1322	0.1352	0.1477	0.1656	0.1917	0.1103	0.1004	0.0978	0.1012	0.1110	0.1331	0.1674
2181	0.1795	0.1848	0.1827	0.1880	0.1767	0.1771	0.1792	0.1865	0.1972	0.1691	0.1589	0.1589	0.1662	0.1796	0.1998	0.1357	0.1328	0.1347	0.1476	0.1660	0.1916	0.1109	0.0999	0.0979	0.1016	0.1106	0.1328	0.1681
2182	0.1791	0.1840	0.1830	0.1882	0.1762	0.1766	0.1788	0.1859	0.1968	0.1688	0.1584	0.1587	0.1660	0.1794	0.1997	0.1356	0.1332	0.1348	0.1468	0.1662	0.1917	0.1108	0.0999	0.0978	0.1020	0.1102	0.1325	0.1683
2183	0.1789	0.1834	0.1834	0.1885	0.1757	0.1759	0.1788	0.1851	0.1964	0.1685	0.1581	0.1588	0.1656	0.1794	0.1996	0.1356	0.1331	0.1348	0.1452	0.1659	0.1916	0.1100	0.1002	0.0980	0.1024	0.1097	0.1324	0.1681
2184	0.1786	0.1835	0.1836	0.1890	0.1754	0.1759	0.1785	0.1844	0.1958	0.1681	0.1581	0.1588	0.1656	0.1796	0.1994	0.1354	0.1330	0.1347	0.1437	0.1654	0.1911	0.1096	0.1003	0.0982	0.1024	0.1096	0.1323	0.1680
2185	0.1781	0.1839	0.1838	0.1897	0.1752	0.1762	0.1776	0.1838	0.1948	0.1678	0.1583	0.1584	0.1656	0.1800	0.1995	0.1349	0.1326	0.1348	0.1428	0.1649	0.1901	0.1093	0.0998	0.0983	0.1017	0.1101	0.1318	0.1678
2186	0.1779	0.1839	0.1842	0.1902	0.1751	0.1766	0.1768	0.1836	0.1938	0.1675	0.1585	0.1578	0.1656	0.1802	0.1998	0.1346	0.1321	0.1346	0.1425	0.1644	0.1892	0.1092	0.0991	0.0984	0.1017	0.1104	0.1315	0.1675
2187	0.1777	0.1829	0.1844	0.1898	0.1750	0.1766	0.1759	0.1841	0.1933	0.1666	0.1586	0.1569	0.1655	0.1794	0.1998	0.1344	0.1314	0.1340	0.1429	0.1639	0.1885	0.1092	0.0984	0.0981	0.1018	0.1107	0.1315	0.1665
2188	0.1778	0.1818	0.1841	0.1892	0.1749	0.1762	0.1754	0.1846	0.1932	0.1656	0.1586	0.1561	0.1652	0.1786	0.1995	0.1340	0.1303	0.1334	0.1432	0.1633	0.1878	0.1090	0.0979	0.0982	0.1016	0.1110	0.1318	0.1653
2189	0.1780	0.1811	0.1834	0.1885	0.1747	0.1751	0.1758	0.1847	0.1933	0.1659	0.1587	0.1562	0.1641	0.1782	0.1989	0.1335	0.1292	0.1327	0.1435	0.1623	0.1877	0.1090	0.0980	0.0984	0.1014	0.1106	0.1326	0.1646
2190	0.1781	0.1806	0.1829	0.1878	0.1739	0.1738	0.1760	0.1847	0.1934	0.1663	0.1586	0.1562	0.1631	0.1778	0.1981	0.1334	0.1283	0.1324	0.1434	0.1613	0.1877	0.1092	0.0985	0.0981	0.1007	0.1101	0.1329	0.1641
2191	0.1784	0.1805	0.1821	0.1876	0.1731	0.1729	0.1762	0.1845	0.1934	0.1659	0.1577	0.1559	0.1622	0.1769	0.1980	0.1333	0.1280	0.1328	0.1434	0.1605	0.1878	0.1095	0.0989	0.0972	0.0998	0.1103	0.1326	0.1652
2192	0.1789	0.1803	0.1812	0.1872	0.1725	0.1724	0.1763	0.1842	0.1934	0.1655	0.1568	0.1557	0.1613	0.1758	0.1978	0.1331	0.1280	0.1331	0.1436	0.1599	0.1880	0.1100	0.0994	0.0962	0.0992	0.1105	0.1325	0.1664
2193	0.1788	0.1802	0.1802	0.1858	0.1726	0.1722	0.1768	0.1839	0.1936	0.1653	0.1561	0.1553	0.1610	0.1755	0.1973	0.1330	0.1279	0.1328	0.1433	0.1599	0.1881	0.1106	0.0998	0.0957	0.0988	0.1101	0.1325	0.1668
2194	0.1785	0.1801	0.1795	0.1845	0.1728	0.1720	0.1773	0.1835	0.1938	0.1650	0.1554	0.1550	0.1607	0.1754	0.1970	0.1328	0.1278	0.1325	0.1431	0.1599	0.1880	0.1109	0.0999	0.0951	0.0985	0.1095	0.1325	0.1669
2195	0.1783	0.1796	0.1791	0.1843	0.1728	0.1724	0.1776	0.1828	0.1933	0.1653	0.1553	0.1553	0.1604	0.1756	0.1971	0.1326	0.1283	0.1320	0.1430	0.1603	0.1877	0.1107	0.0993	0.0945	0.0983	0.1087	0.1323	0.1659
2196	0.1782	0.1792	0.1786	0.1845	0.1729	0.1729	0.1778	0.1820	0.1926	0.1656	0.1555	0.1556	0.1602	0.1760	0.1971	0.1325	0.1289	0.1315	0.1429	0.1608	0.1874	0.1104	0.0988	0.0941	0.0980	0.1079	0.1319	0.1646
2197	0.1779	0.1791	0.1783	0.1847	0.1731	0.1732	0.1774	0.1814	0.1920	0.1653	0.1552	0.1558	0.1603	0.1765	0.1968	0.1320	0.1290	0.1311	0.1427	0.1609	0.1877	0.1097	0.0984	0.0941	0.0984	0.1076	0.1314	0.1632
2198	0.1776	0.1791	0.1782	0.1846	0.1731	0.1735	0.1767	0.1808	0.1912	0.1650	0.1546	0.1559	0.1605	0.1768	0.1963	0.1316	0.1288	0.1308	0.1427	0.1609	0.1881	0.1087	0.0981	0.0941	0.0990	0.1076	0.1311	0.1618
2199	0.1772	0.1793	0.1781	0.1838	0.1731	0.1734	0.1757	0.1807	0.1906	0.1650	0.1546	0.1562	0.1606	0.1766	0.1957	0.1320	0.1280	0.1306	0.1427	0.1607	0.1875	0.1076	0.0982	0.0953	0.0995	0.1082	0.1307	0.1614
2200	0.1769	0.1792	0.1778	0.1830	0.1729	0.1730	0.1746	0.1807	0.1901	0.1647	0.1547	0.1568	0.1607	0.1765	0.1955	0.1326	0.1272	0.1305	0.1426	0.1602	0.1868	0.1067	0.0980	0.0964	0.0999	0.1091	0.1302	0.1612
2201	0.1764	0.1792	0.1778	0.1828	0.1727	0.1728	0.1749	0.1806	0.1901	0.1647	0.1551	0.1559	0.1610	0.1760	0.1958	0.1322	0.1268	0.1302	0.1429	0.1604	0.1869	0.1061	0.0971	0.0969	0.0992	0.1098	0.1299	0.1611
2202	0.1758	0.1796	0.1779	0.1831	0.1726	0.1730	0.1755	0.1801	0.1900	0.1654	0.1560	0.1546	0.1611	0.1755	0.1964	0.1319	0.1261	0.1296	0.1431	0.1608	0.1872	0.1054	0.0965	0.0978	0.0984	0.1104	0.1296	0.1615
2203	0.1756	0.1795	0.1784	0.1833	0.1725	0.1730	0.1753	0.1797	0.1898	0.1655	0.1561	0.1537	0.1611	0.1753	0.1965	0.1317	0.1259	0.1298	0.1424	0.1607	0.1869	0.1056	0.0969	0.0980	0.0982	0.1109	0.1295	0.1618
2204	0.1752	0.1792	0.1790	0.1834	0.1727	0.1729	0.1745	0.1796	0.1900	0.1652	0.1559	0.1534	0.1613	0.1750	0.1962	0.1314	0.1259	0.1303	0.1416	0.1604	0.1864	0.1064	0.0978	0.0976	0.0983	0.1112	0.1293	0.1615
2205	0.1748	0.1791	0.1793	0.1829	0.1725	0.1728	0.1737	0.1794	0.1899	0.1648	0.1556	0.1533	0.1610	0.1753	0.1962	0.1306	0.1261	0.1309	0.1416	0.1599	0.1864	0.1069	0.0988	0.0974	0.0988	0.1112	0.1295	0.1620
2206	0.1746	0.1794	0.1791	0.1822	0.1718	0.1726	0.1736	0.1787	0.1896	0.1640	0.1551	0.1533	0.1602	0.1758	0.1960	0.1298	0.1272	0.1318	0.1418	0.1594	0.1866	0.1078	0.0997	0.0973	0.0992	0.1110	0.1299	0.1629
2207	0.1747	0.1799	0.1789	0.1816	0.1714	0.1719	0.1737	0.1788	0.1895	0.1631	0.1545	0.1533	0.1600	0.1762	0.1956	0.1294	0.1277	0.1317	0.1419	0.1591	0.1869	0.1079	0.1000	0.0971	0.0996	0.1108	0.1302	0.1634
2208	0.1748	0.1807	0.1790	0.1812	0.1719	0.1712	0.1738	0.1794	0.1896	0.1624	0.1543	0.1528	0.1603	0.1766	0.1952	0.1294	0.1279	0.1309	0.1415	0.1590	0.1873	0.1072	0.1000	0.0964	0.0994	0.1102	0.1303	0.1640
2209	0.1748	0.1811	0.1791	0.1818	0.1720	0.1704	0.1736	0.1797	0.1897	0.1626	0.1544	0.1524	0.1604	0.1770	0.1954	0.1300	0.1284	0.1303	0.1403	0.1591	0.1876	0.1074	0.0998	0.0959	0.0993	0.1095	0.1306	0.1641
2210	0.1746	0.1808	0.1791	0.1830	0.1720	0.1696	0.1737	0.1802	0.1897	0.1635	0.1547	0.1523	0.1610	0.1769	0.1956	0.1306	0.1285	0.1298	0.1392	0.1592	0.1880	0.1085	0.0992	0.0954	0.0995	0.1096	0.1316	0.1633
2211	0.1748	0.1803	0.1794	0.1838	0.1723	0.1694	0.1741	0.1808	0.1898	0.1640	0.1547	0.1525	0.1613	0.1771	0.1956	0.1310	0.1285	0.1293	0.1388	0.1590	0.1883	0.1094	0.0985	0.0949	0.0993	0.1098	0.1320	0.1627
2212	0.1750	0.1797	0.1791	0.1840	0.1718	0.1695	0.1746	0.1806	0.1906	0.1645	0.1543	0.1534	0.1608	0.1774	0.1953	0.1315	0.1286	0.1289	0.1396	0.1589	0.1887	0.1095	0.0981	0.0958	0.0991	0.1099	0.1307	0.1625
2213	0.1750	0.1793	0.1791	0.1842	0.1713	0.1697	0.1752	0.1807	0.1913	0.1650	0.1542	0.1542	0.1607	0.1776	0.1950	0.1322	0.1283	0.1290	0.1406	0.1590	0.1892	0.1096	0.0986	0.0966	0.0989	0.1101	0.1299	0.1623
2214	0.1759	0.1797	0.1799	0.1849	0.1710	0.1704	0.1757	0.1814	0.1918	0.1653	0.1545	0.1545	0.1607	0.1778	0.1951	0.1332	0.1272	0.1302	0.1422	0.1594	0.1892	0.1093	0.0994	0.0968	0.0986	0.1105	0.1296	0.1620
2215	0.1763	0.1801	0.1803	0.1858	0.1706	0.1709	0.1757	0.1820	0.1921	0.1653	0.1549	0.1544	0.1608	0.1778	0.1949	0.1340	0.1262	0.1312	0.1435	0.1600	0.1889	0.1089	0.1000	0.0973	0.0987	0.1110	0.1292	0.1620
2216	0.1755	0.1802	0.1802	0.1855	0.1706	0.1705	0.1760	0.1817	0.1921	0.1643	0.1548	0.1545	0.1607	0.1779	0.1949	0.1336	0.1270	0.1311	0.1441	0.1603	0.1887	0.1085	0.1008	0.0975	0.0992	0.1116	0.1299	0.1633
2217	0.1749	0.1799	0.1801	0.1852	0.1709	0.1699	0.1763	0.1811	0.1922	0.1637	0.1544	0.1549	0.1606	0.1782	0.1949	0.1330	0.1279	0.1309	0.1445	0.1604	0.1886	0.1083	0.1013	0.0978	0.0996	0.1120	0.1307	0.1645
2218	0.1751	0.1789	0.1795	0.1854	0.1714	0.1700	0.1758	0.1805	0.1922	0.1637	0.1539	0.1555	0.1612	0.1784	0.1947	0.1323	0.1271	0.1313	0.1433	0.1607	0.1887	0.1082	0.1007	0.0980	0.0991	0.1114	0.1306	0.1646
2219	0.1756	0.1780	0.1789	0.1858	0.1717	0.1704	0.1753	0.1802	0.1918	0.1636	0.1536	0.1557	0.1618	0.1785	0.1947	0.1320	0.1264	0.1317	0.1420	0.1610	0.1886	0.1081	0.0999	0.0978	0.0986	0.1109	0.1304	0.1646
2220	0.1766	0.1783	0.1787	0.1861	0.1721	0.1715	0.1746	0.1803	0.1910	0.1635	0.1538	0.1551	0.1621	0.1780	0.1954	0.1323	0.1266	0.1315	0.1417	0.1615	0.1882	0.1082	0.0990	0.0974	0.0989	0.1110	0.1302	0.1644
2221	0.1776	0.1788	0.1787	0.1864	0.1724	0.1726	0.1738	0.1804	0.1904	0.1639	0.1540	0.1547	0.1623	0.1775	0.1960	0.1325	0.1269	0.1314	0.1416	0.1619	0.1880	0.1083	0.0984	0.0970	0.0994	0.1112	0.1303	0.1640
2222	0.1781	0.1793	0.1792	0.1868	0.1724	0.1734	0.1736	0.1814	0.1906	0.1649	0.1546	0.1544	0.1620	0.1769	0.1963	0.1323	0.1270	0.1319	0.1414	0.1619	0.1882	0.1081	0.0987	0.0960	0.0993	0.1109	0.1316	0.1641
2223	0.1783	0.1797	0.1797	0.1868	0.1726	0.1741	0.1740	0.1826	0.1910	0.1658	0.1551	0.1542	0.1618	0.1763	0.1965	0.1320	0.1270	0.1321	0.1411	0.1616	0.1885	0.1076	0.0989	0.0951	0.0989	0.1106	0.1327	0.1645
2224	0.1779	0.1799	0.1802	0.1853	0.1735	0.1737	0.1749	0.1831	0.1910	0.1658	0.1542	0.1543	0.1614	0.1761	0.1964	0.1315	0.1274	0.1315	0.1417	0.1607	0.1881	0.1073	0.0993	0.0945	0.0989	0.1108	0.1321	0.1641
2225	0.1774	0.1801	0.1803	0.1837	0.1747	0.1728	0.1757	0.1835	0.1909	0.1657	0.1533	0.1542	0.1606	0.1764	0.1964	0.1312	0.1278	0.1313	0.1425	0.1599	0.1879	0.1074	0.0999	0.0941	0.0991	0.1108	0.1314	0.1635
2226	0.1771	0.1797	0.1803	0.1830	0.1754	0.1726	0.1760	0.1833	0.1904	0.1657	0.1537	0.1541	0.1608	0.1768	0.1967	0.1316	0.1281	0.1326	0.1424	0.1600	0.1880	0.1081	0.0995	0.0944	0.0997	0.1106	0.1309	0.1647
2227	0.1770	0.1790	0.1805	0.1827	0.1758	0.1726	0.1765	0.1825	0.1898	0.1657	0.1544	0.1539	0.1611	0.1770	0.1968	0.1322	0.1284	0.1338	0.1420	0.1602	0.1877	0.1089	0.0986	0.0947	0.1004	0.1103	0.1302	0.1661
2228	0.1768	0.1793	0.1805	0.1831	0.1762	0.1731	0.1769	0.1825	0.1909	0.1658	0.1548	0.1530	0.1611	0.1773	0.1963	0.1330	0.1285	0.1345	0.1424	0.1602	0.1878	0.1088	0.0983	0.0953	0.1002	0.1100	0.1298	0.1665
2229	0.1765	0.1801	0.1807	0.1840	0.1766	0.1740	0.1768	0.1827	0.1924	0.1660	0.1550	0.1524	0.1621	0.1779	0.1956	0.1335	0.1286	0.1353	0.1433	0.1601	0.1878	0.1083	0.0985	0.0961	0.0993	0.1101	0.1298	0.1669
2230	0.1762	0.1798	0.1802	0.1848	0.1763	0.1742	0.1765	0.1817	0.1926	0.1659	0.1558	0.1523	0.1625	0.1779	0.1959	0.1339	0.1288	0.1352	0.1431	0.1595	0.1878	0.1084	0.0984	0.0963	0.0988	0.1104	0.1292	0.1668
2231	0.1758	0.1790	0.1796	0.1850	0.1756	0.1744	0.1763	0.1804	0.1922	0.1659	0.1566	0.1525	0.1621	0.1776	0.1968	0.1345	0.1291	0.1348	0.1427	0.1585	0.1877	0.1087	0.0982	0.0961	0.0990	0.1107	0.1284	0.1666
2232	0.1768	0.1794	0.1794	0.1852	0.1751	0.1749	0.1759	0.1798	0.1916	0.1661	0.1571	0.1533	0.1622	0.1779	0.1970	0.1346	0.1293	0.1341	0.1424	0.1580	0.1871	0.1089	0.0986	0.0961	0.0994	0.1112	0.1285	0.1661
2233	0.1787	0.1806	0.1795	0.1853	0.1746	0.1750	0.1757	0.1801	0.1911	0.1663	0.1579	0.1546	0.1624	0.1779	0.1967	0.1345	0.1296	0.1335	0.1423	0.1579	0.1870	0.1092	0.0989	0.0962	0.0993	0.1112	0.1291	0.1656
2234	0.1791	0.1814	0.1791	0.1853	0.1747	0.1743	0.1756	0.1805	0.1911	0.1662	0.1576	0.1554	0.1630	0.1773	0.1963	0.1341	0.1298	0.1332	0.1427	0.1581	0.1872	0.1100	0.0992	0.0961	0.0991	0.1107	0.1294	0.1654
2235	0.1789	0.1818	0.1781	0.1854	0.1749	0.1736	0.1759	0.1805	0.1916	0.1656	0.1564	0.1556	0.1639	0.1767	0.1962	0.1334	0.1299	0.1326	0.1431	0.1585	0.1875	0.1107	0.0989	0.0959	0.0993	0.1100	0.1291	0.1647
2236	0.1785	0.1815	0.1774	0.1850	0.1744	0.1735	0.1763	0.1806	0.1925	0.1654	0.1559	0.1555	0.1637	0.1765	0.1962	0.1329	0.1298	0.1322	0.1431	0.1593	0.1874	0.1110	0.0990	0.0960	0.0996	0.1093	0.1291	0.1643
2237	0.1777	0.1811	0.1771	0.1847	0.1734	0.1739	0.1758	0.1810	0.1936	0.1652	0.1555	0.1546	0.1630	0.1770	0.1966	0.1327	0.1297	0.1324	0.1428	0.1603	0.1868	0.1111	0.0992	0.0960	0.1001	0.1091	0.1288	0.1644
2238	0.1771	0.1807	0.1772	0.1845	0.1725	0.1742	0.1757	0.1816	0.1939	0.1649	0.1551	0.1538	0.1628	0.1775	0.1966	0.1329	0.1295	0.1323	0.1424	0.1607	0.1863	0.1107	0.0994	0.0963	0.1005	0.1088	0.1287	0.1640
2239	0.1765	0.1805	0.1778	0.1841	0.1723	0.1741	0.1764	0.1821	0.1933	0.1652	0.1552	0.1537	0.1632	0.1779	0.1961	0.1335	0.1297	0.1315	0.1425	0.1603	0.1861	0.1098	0.0999	0.0965	0.1007	0.1089	0.1288	0.1632
2240	0.1764	0.1804	0.1780	0.1840	0.1722	0.1739	0.1766	0.1821	0.1926	0.1659	0.1552	0.1537	0.1635	0.1780	0.1955	0.1341	0.1301	0.1312	0.1428	0.1600	0.1859	0.1090	0.0999	0.0964	0.1009	0.1091	0.1285	0.1633
2241	0.1769	0.1795	0.1779	0.1842	0.1731	0.1734	0.1760	0.1816	0.1920	0.1670	0.1548	0.1539	0.1634	0.1782	0.1953	0.1337	0.1307	0.1319	0.1425	0.1599	0.1858	0.1083	0.0996	0.0969	0.1004	0.1089	0.1289	0.1643
2242	0.1775	0.1789	0.1782	0.1848	0.1736	0.1729	0.1755	0.1812	0.1917	0.1677	0.1547	0.1543	0.1635	0.1781	0.1955	0.1332	0.1312	0.1330	0.1423	0.1602	0.1859	0.1075	0.0997	0.0974	0.0998	0.1084	0.1295	0.1653
2243	0.1782	0.1788	0.1784	0.1852	0.1725	0.1730	0.1759	0.1811	0.1912	0.1676	0.1546	0.1545	0.1632	0.1768	0.1957	0.1326	0.1308	0.1341	0.1427	0.1612	0.1876	0.1081	0.1006	0.0972	0.0999	0.1080	0.1297	0.1667
2244	0.1787	0.1787	0.1784	0.1850	0.1718	0.1731	0.1767	0.1814	0.1906	0.1676	0.1545	0.1544	0.1629	0.1757	0.1958	0.1320	0.1302	0.1348	0.1430	0.1618	0.1890	0.1087	0.1015	0.0973	0.1002	0.1081	0.1300	0.1676
2245	0.1781	0.1795	0.1780	0.1850	0.1722	0.1732	0.1778	0.1821	0.1909	0.1674	0.1552	0.1546	0.1632	0.1750	0.1961	0.1321	0.1294	0.1339	0.1431	0.1621	0.1891	0.1089	0.1013	0.0980	0.1007	0.1097	0.1302	0.1672
2246	0.1774	0.1801	0.1777	0.1852	0.1725	0.1734	0.1785	0.1828	0.1912	0.1670	0.1557	0.1548	0.1634	0.1748	0.1961	0.1320	0.1289	0.1329	0.1430	0.1624	0.1891	0.1087	0.1004	0.0988	0.1010	0.1111	0.1304	0.1666
2247	0.1773	0.1803	0.1784	0.1852	0.1729	0.1738	0.1789	0.1831	0.1912	0.1668	0.1556	0.1544	0.1627	0.1756	0.1957	0.1325	0.1291	0.1323	0.1430	0.1622	0.1886	0.1079	0.0991	0.0987	0.1003	0.1114	0.1307	0.1661
2248	0.1773	0.1803	0.1795	0.1851	0.1732	0.1741	0.1790	0.1830	0.1915	0.1666	0.1556	0.1540	0.1616	0.1765	0.1953	0.1333	0.1290	0.1318	0.1431	0.1618	0.1880	0.1071	0.0981	0.0984	0.0995	0.1115	0.1311	0.1657
2249	0.1779	0.1796	0.1797	0.1851	0.1728	0.1739	0.1782	0.1819	0.1922	0.1661	0.1556	0.1538	0.1613	0.1764	0.1955	0.1342	0.1282	0.1316	0.1431	0.1610	0.1874	0.1067	0.0985	0.0977	0.0992	0.1112	0.1311	0.1653
2250	0.1785	0.1790	0.1795	0.1848	0.1722	0.1734	0.1773	0.1812	0.1926	0.1656	0.1554	0.1537	0.1613	0.1761	0.1960	0.1348	0.1275	0.1315	0.1428	0.1603	0.1869	0.1067	0.0993	0.0971	0.0989	0.1108	0.1307	0.1650
2251	0.1791	0.1796	0.1799	0.1843	0.1719	0.1732	0.1765	0.1817	0.1920	0.1651	0.1557	0.1537	0.1622	0.1764	0.1968	0.1342	0.1276	0.1314	0.1424	0.1598	0.1871	0.1070	0.0997	0.0965	0.0984	0.1107	0.1305	0.1640
2252	0.1795	0.1804	0.1804	0.1840	0.1717	0.1731	0.1757	0.1821	0.1913	0.1647	0.1561	0.1539	0.1631	0.1770	0.1973	0.1335	0.1278	0.1313	0.1420	0.1595	0.1874	0.1074	0.0998	0.0961	0.0977	0.1109	0.1306	0.1630
2253	0.1791	0.1807	0.1805	0.1843	0.1720	0.1733	0.1754	0.1826	0.1902	0.1655	0.1560	0.1539	0.1634	0.1772	0.1963	0.1331	0.1277	0.1313	0.1415	0.1593	0.1880	0.1073	0.0995	0.0958	0.0973	0.1106	0.1306	0.1637
2254	0.1786	0.1810	0.1806	0.1846	0.1724	0.1735	0.1753	0.1830	0.1890	0.1667	0.1562	0.1539	0.1634	0.1773	0.1952	0.1325	0.1277	0.1313	0.1409	0.1589	0.1889	0.1073	0.0993	0.0955	0.0970	0.1101	0.1302	0.1645
2255	0.1784	0.1806	0.1806	0.1847	0.1728	0.1730	0.1760	0.1826	0.1885	0.1668	0.1563	0.1540	0.1629	0.1765	0.1956	0.1322	0.1284	0.1319	0.1408	0.1583	0.1888	0.1078	0.0992	0.0955	0.0977	0.1104	0.1296	0.1641
2256	0.1783	0.1800	0.1809	0.1849	0.1731	0.1725	0.1764	0.1824	0.1879	0.1666	0.1561	0.1541	0.1623	0.1755	0.1965	0.1320	0.1291	0.1325	0.1405	0.1576	0.1883	0.1083	0.0989	0.0958	0.0985	0.1111	0.1292	0.1638
2257	0.1781	0.1801	0.1801	0.1849	0.1738	0.1731	0.1759	0.1825	0.1882	0.1661	0.1560	0.1541	0.1623	0.1753	0.1970	0.1318	0.1299	0.1333	0.1410	0.1572	0.1888	0.1077	0.0990	0.0961	0.0985	0.1121	0.1299	0.1643
2258	0.1779	0.1801	0.1794	0.1843	0.1745	0.1740	0.1757	0.1824	0.1889	0.1655	0.1560	0.1542	0.1624	0.1755	0.1973	0.1320	0.1309	0.1340	0.1417	0.1573	0.1895	0.1071	0.0992	0.0959	0.0981	0.1130	0.1308	0.1644
2259	0.1776	0.1805	0.1794	0.1843	0.1747	0.1747	0.1757	0.1820	0.1894	0.1654	0.1560	0.1537	0.1622	0.1762	0.1973	0.1322	0.1319	0.1341	0.1417	0.1583	0.1899	0.1072	0.0995	0.0958	0.0974	0.1127	0.1317	0.1649
2260	0.1771	0.1813	0.1797	0.1847	0.1748	0.1749	0.1757	0.1815	0.1903	0.1656	0.1561	0.1532	0.1620	0.1768	0.1972	0.1321	0.1325	0.1338	0.1414	0.1593	0.1901	0.1072	0.0998	0.0960	0.0967	0.1125	0.1319	0.1656
2261	0.1766	0.1812	0.1800	0.1850	0.1744	0.1744	0.1752	0.1815	0.1907	0.1653	0.1563	0.1533	0.1626	0.1769	0.1963	0.1320	0.1326	0.1335	0.1412	0.1598	0.1899	0.1076	0.0996	0.0962	0.0968	0.1121	0.1314	0.1654
2262	0.1757	0.1809	0.1799	0.1852	0.1737	0.1739	0.1751	0.1814	0.1905	0.1649	0.1563	0.1531	0.1634	0.1767	0.1944	0.1320	0.1327	0.1333	0.1411	0.1596	0.1893	0.1078	0.0992	0.0963	0.0978	0.1115	0.1311	0.1650
2263	0.1751	0.1808	0.1796	0.1852	0.1733	0.1735	0.1750	0.1805	0.1910	0.1642	0.1558	0.1531	0.1630	0.1761	0.1941	0.1315	0.1316	0.1329	0.1409	0.1598	0.1888	0.1077	0.0990	0.0961	0.0984	0.1107	0.1313	0.1643
2264	0.1753	0.1802	0.1793	0.1849	0.1732	0.1730	0.1743	0.1796	0.1921	0.1637	0.1547	0.1535	0.1619	0.1752	0.1948	0.1309	0.1299	0.1323	0.1410	0.1601	0.1886	0.1081	0.0995	0.0959	0.0987	0.1097	0.1314	0.1641
2265	0.1758	0.1795	0.1788	0.1842	0.1734	0.1732	0.1742	0.1795	0.1928	0.1634	0.1540	0.1537	0.1610	0.1746	0.1942	0.1318	0.1288	0.1322	0.1415	0.1601	0.1879	0.1086	0.1003	0.0957	0.0997	0.1093	0.1310	0.1642
2266	0.1764	0.1792	0.1777	0.1836	0.1734	0.1735	0.1747	0.1801	0.1932	0.1632	0.1542	0.1538	0.1610	0.1747	0.1933	0.1340	0.1286	0.1326	0.1419	0.1600	0.1871	0.1092	0.1006	0.0958	0.1009	0.1093	0.1303	0.1642
2267	0.1768	0.1791	0.1774	0.1833	0.1736	0.1734	0.1751	0.1803	0.1933	0.1634	0.1548	0.1544	0.1615	0.1752	0.1936	0.1356	0.1292	0.1325	0.1422	0.1597	0.1870	0.1093	0.1009	0.0961	0.1017	0.1098	0.1296	0.1639
2268	0.1772	0.1799	0.1778	0.1834	0.1744	0.1731	0.1753	0.1797	0.1924	0.1645	0.1556	0.1549	0.1622	0.1757	0.1943	0.1360	0.1297	0.1319	0.1424	0.1593	0.1874	0.1087	0.1011	0.0970	0.1016	0.1102	0.1297	0.1635
2269	0.1777	0.1806	0.1782	0.1841	0.1747	0.1730	0.1753	0.1794	0.1918	0.1653	0.1564	0.1551	0.1627	0.1757	0.1945	0.1355	0.1299	0.1310	0.1422	0.1593	0.1875	0.1080	0.1009	0.0976	0.1014	0.1103	0.1299	0.1629
2270	0.1776	0.1800	0.1789	0.1845	0.1740	0.1738	0.1749	0.1801	0.1920	0.1650	0.1571	0.1555	0.1625	0.1759	0.1941	0.1352	0.1298	0.1299	0.1417	0.1596	0.1875	0.1081	0.1004	0.0977	0.1013	0.1105	0.1297	0.1623
2271	0.1769	0.1795	0.1794	0.1847	0.1737	0.1741	0.1741	0.1805	0.1918	0.1646	0.1573	0.1557	0.1628	0.1760	0.1938	0.1347	0.1298	0.1294	0.1415	0.1597	0.1877	0.1083	0.1001	0.0978	0.1008	0.1106	0.1296	0.1621
2272	0.1759	0.1792	0.1791	0.1847	0.1736	0.1733	0.1737	0.1803	0.1919	0.1648	0.1567	0.1550	0.1634	0.1755	0.1937	0.1331	0.1301	0.1296	0.1418	0.1595	0.1878	0.1082	0.0996	0.0971	0.1005	0.1112	0.1299	0.1622
2273	0.1753	0.1790	0.1785	0.1848	0.1733	0.1731	0.1735	0.1805	0.1921	0.1645	0.1560	0.1544	0.1639	0.1752	0.1936	0.1321	0.1300	0.1296	0.1419	0.1591	0.1877	0.1085	0.0988	0.0963	0.1004	0.1118	0.1302	0.1621
2274	0.1755	0.1796	0.1788	0.1851	0.1739	0.1724	0.1739	0.1806	0.1919	0.1643	0.1560	0.1540	0.1639	0.1748	0.1937	0.1322	0.1291	0.1300	0.1409	0.1588	0.1880	0.1084	0.0984	0.0956	0.1006	0.1116	0.1303	0.1624
2275	0.1759	0.1801	0.1791	0.1850	0.1741	0.1717	0.1744	0.1807	0.1916	0.1643	0.1563	0.1536	0.1638	0.1747	0.1938	0.1324	0.1284	0.1306	0.1402	0.1585	0.1884	0.1080	0.0984	0.0950	0.1008	0.1116	0.1303	0.1626
2276	0.1761	0.1805	0.1793	0.1844	0.1733	0.1717	0.1740	0.1808	0.1908	0.1635	0.1566	0.1528	0.1644	0.1756	0.1938	0.1326	0.1276	0.1310	0.1398	0.1588	0.1877	0.1079	0.0980	0.0958	0.0996	0.1121	0.1293	0.1629
2277	0.1762	0.1808	0.1795	0.1839	0.1728	0.1713	0.1739	0.1805	0.1900	0.1626	0.1567	0.1520	0.1647	0.1764	0.1938	0.1327	0.1269	0.1315	0.1396	0.1590	0.1870	0.1073	0.0978	0.0966	0.0984	0.1119	0.1285	0.1633
2278	0.1762	0.1804	0.1791	0.1835	0.1728	0.1711	0.1745	0.1798	0.1893	0.1619	0.1569	0.1514	0.1633	0.1766	0.1939	0.1323	0.1268	0.1315	0.1408	0.1581	0.1867	0.1067	0.0982	0.0972	0.0979	0.1109	0.1295	0.1630
2279	0.1758	0.1801	0.1789	0.1832	0.1730	0.1712	0.1748	0.1790	0.1891	0.1616	0.1568	0.1511	0.1620	0.1768	0.1938	0.1318	0.1268	0.1314	0.1417	0.1570	0.1865	0.1065	0.0981	0.0977	0.0975	0.1099	0.1301	0.1626
2280	0.1751	0.1793	0.1787	0.1830	0.1726	0.1714	0.1744	0.1784	0.1892	0.1621	0.1564	0.1522	0.1624	0.1766	0.1940	0.1320	0.1274	0.1314	0.1417	0.1564	0.1858	0.1071	0.0979	0.0970	0.0984	0.1085	0.1294	0.1626
2281	0.1747	0.1786	0.1786	0.1828	0.1721	0.1715	0.1741	0.1779	0.1892	0.1627	0.1560	0.1531	0.1630	0.1765	0.1945	0.1322	0.1280	0.1315	0.1417	0.1561	0.1852	0.1079	0.0979	0.0964	0.0996	0.1073	0.1288	0.1626
2282	0.1753	0.1786	0.1785	0.1822	0.1717	0.1712	0.1737	0.1778	0.1893	0.1634	0.1554	0.1527	0.1637	0.1762	0.1947	0.1314	0.1287	0.1312	0.1420	0.1565	0.1856	0.1090	0.0979	0.0964	0.0997	0.1070	0.1284	0.1626
2283	0.1759	0.1787	0.1783	0.1818	0.1717	0.1709	0.1736	0.1778	0.1895	0.1641	0.1547	0.1520	0.1642	0.1757	0.1949	0.1307	0.1293	0.1308	0.1423	0.1571	0.1860	0.1098	0.0980	0.0963	0.0992	0.1071	0.1279	0.1628
2284	0.1759	0.1789	0.1780	0.1822	0.1723	0.1709	0.1737	0.1787	0.1904	0.1637	0.1548	0.1518	0.1639	0.1756	0.1953	0.1311	0.1297	0.1309	0.1424	0.1577	0.1865	0.1099	0.0978	0.0967	0.0981	0.1087	0.1279	0.1637
2285	0.1756	0.1788	0.1777	0.1827	0.1729	0.1710	0.1737	0.1796	0.1911	0.1632	0.1549	0.1516	0.1638	0.1758	0.1957	0.1314	0.1299	0.1310	0.1424	0.1584	0.1871	0.1098	0.0972	0.0971	0.0971	0.1103	0.1279	0.1645
2286	0.1749	0.1781	0.1776	0.1825	0.1733	0.1715	0.1739	0.1808	0.1904	0.1626	0.1550	0.1514	0.1642	0.1765	0.1960	0.1319	0.1297	0.1315	0.1423	0.1589	0.1869	0.1096	0.0964	0.0970	0.0973	0.1101	0.1283	0.1647
2287	0.1746	0.1775	0.1776	0.1820	0.1734	0.1720	0.1742	0.1821	0.1893	0.1618	0.1552	0.1513	0.1641	0.1773	0.1964	0.1325	0.1294	0.1320	0.1420	0.1593	0.1864	0.1095	0.0957	0.0968	0.0977	0.1096	0.1289	0.1648
2288	0.1754	0.1766	0.1775	0.1815	0.1732	0.1717	0.1744	0.1825	0.1882	0.1614	0.1552	0.1517	0.1638	0.1769	0.1960	0.1322	0.1293	0.1311	0.1417	0.1594	0.1868	0.1092	0.0956	0.0969	0.0985	0.1089	0.1289	0.1641
2289	0.1761	0.1757	0.1776	0.1807	0.1728	0.1712	0.1745	0.1826	0.1875	0.1611	0.1551	0.1523	0.1637	0.1761	0.1953	0.1318	0.1292	0.1297	0.1415	0.1597	0.1874	0.1085	0.0956	0.0969	0.0992	0.1084	0.1286	0.1633
2290	0.1768	0.1761	0.1783	0.1798	0.1732	0.1715	0.1754	0.1822	0.1876	0.1607	0.1553	0.1536	0.1636	0.1759	0.1954	0.1321	0.1287	0.1304	0.1420	0.1599	0.1880	0.1079	0.0971	0.0972	0.0997	0.1089	0.1285	0.1626
2291	0.1773	0.1767	0.1792	0.1793	0.1739	0.1717	0.1761	0.1816	0.1879	0.1603	0.1553	0.1546	0.1634	0.1760	0.1955	0.1328	0.1284	0.1315	0.1427	0.1599	0.1884	0.1076	0.0990	0.0973	0.1000	0.1096	0.1283	0.1618
2292	0.1767	0.1774	0.1798	0.1801	0.1739	0.1716	0.1756	0.1816	0.1888	0.1611	0.1549	0.1546	0.1632	0.1751	0.1949	0.1325	0.1284	0.1306	0.1426	0.1594	0.1884	0.1075	0.0987	0.0964	0.1002	0.1100	0.1283	0.1620
2293	0.1760	0.1778	0.1805	0.1811	0.1736	0.1716	0.1749	0.1817	0.1895	0.1622	0.1546	0.1541	0.1629	0.1739	0.1940	0.1324	0.1281	0.1294	0.1421	0.1587	0.1887	0.1077	0.0981	0.0951	0.1004	0.1101	0.1285	0.1626
2294	0.1760	0.1773	0.1806	0.1822	0.1734	0.1719	0.1743	0.1818	0.1897	0.1633	0.1540	0.1537	0.1627	0.1729	0.1939	0.1320	0.1276	0.1291	0.1410	0.1583	0.1879	0.1076	0.0974	0.0945	0.0998	0.1090	0.1283	0.1631
2295	0.1765	0.1766	0.1805	0.1831	0.1732	0.1721	0.1740	0.1821	0.1897	0.1640	0.1532	0.1535	0.1625	0.1720	0.1940	0.1311	0.1270	0.1289	0.1399	0.1581	0.1869	0.1074	0.0967	0.0944	0.0986	0.1078	0.1281	0.1637
2296	0.1758	0.1766	0.1796	0.1827	0.1730	0.1717	0.1730	0.1818	0.1895	0.1635	0.1537	0.1532	0.1620	0.1723	0.1940	0.1309	0.1269	0.1285	0.1390	0.1581	0.1877	0.1072	0.0971	0.0950	0.0976	0.1073	0.1281	0.1640
2297	0.1746	0.1772	0.1781	0.1821	0.1723	0.1708	0.1717	0.1811	0.1893	0.1626	0.1537	0.1529	0.1614	0.1732	0.1940	0.1306	0.1270	0.1281	0.1385	0.1581	0.1883	0.1070	0.0977	0.0960	0.0972	0.1071	0.1284	0.1636
2298	0.1735	0.1770	0.1769	0.1816	0.1715	0.1697	0.1710	0.1802	0.1891	0.1617	0.1540	0.1528	0.1608	0.1733	0.1930	0.1307	0.1267	0.1278	0.1386	0.1580	0.1882	0.1069	0.0969	0.0955	0.0971	0.1071	0.1284	0.1637
2299	0.1727	0.1765	0.1764	0.1813	0.1709	0.1689	0.1705	0.1795	0.1892	0.1609	0.1548	0.1526	0.1605	0.1729	0.1916	0.1309	0.1264	0.1279	0.1393	0.1577	0.1882	0.1070	0.0959	0.0949	0.0972	0.1068	0.1284	0.1643
2300	0.1726	0.1767	0.1761	0.1809	0.1703	0.1684	0.1707	0.1789	0.1892	0.1600	0.1547	0.1522	0.1610	0.1735	0.1910	0.1313	0.1263	0.1281	0.1399	0.1573	0.1872	0.1071	0.0955	0.0946	0.0974	0.1074	0.1287	0.1641
2301	0.1726	0.1773	0.1758	0.1805	0.1696	0.1680	0.1709	0.1785	0.1887	0.1596	0.1543	0.1514	0.1619	0.1747	0.1905	0.1323	0.1262	0.1284	0.1402	0.1574	0.1858	0.1067	0.0956	0.0946	0.0976	0.1089	0.1286	0.1633
2302	0.1728	0.1775	0.1756	0.1805	0.1692	0.1681	0.1712	0.1784	0.1882	0.1603	0.1538	0.1509	0.1628	0.1756	0.1896	0.1318	0.1267	0.1286	0.1406	0.1571	0.1855	0.1059	0.0963	0.0947	0.0978	0.1095	0.1285	0.1628
2303	0.1735	0.1774	0.1761	0.1810	0.1691	0.1681	0.1718	0.1779	0.1877	0.1611	0.1531	0.1513	0.1632	0.1761	0.1887	0.1306	0.1270	0.1287	0.1409	0.1562	0.1855	0.1054	0.0968	0.0946	0.0977	0.1094	0.1290	0.1629
2304	0.1736	0.1772	0.1763	0.1810	0.1695	0.1684	0.1720	0.1777	0.1881	0.1608	0.1531	0.1517	0.1626	0.1762	0.1888	0.1300	0.1270	0.1293	0.1407	0.1559	0.1853	0.1050	0.0971	0.0944	0.0976	0.1093	0.1298	0.1632
2305	0.1732	0.1765	0.1763	0.1809	0.1702	0.1690	0.1721	0.1777	0.1892	0.1599	0.1533	0.1519	0.1615	0.1756	0.1895	0.1299	0.1273	0.1298	0.1398	0.1560	0.1858	0.1049	0.0966	0.0945	0.0975	0.1095	0.1305	0.1636
2306	0.1732	0.1757	0.1762	0.1806	0.1702	0.1695	0.1720	0.1777	0.1894	0.1598	0.1538	0.1525	0.1615	0.1744	0.1902	0.1300	0.1277	0.1299	0.1389	0.1560	0.1860	0.1047	0.0961	0.0946	0.0978	0.1095	0.1306	0.1637
2307	0.1731	0.1755	0.1759	0.1808	0.1697	0.1702	0.1717	0.1780	0.1889	0.1605	0.1543	0.1530	0.1622	0.1737	0.1908	0.1294	0.1274	0.1299	0.1379	0.1562	0.1854	0.1042	0.0965	0.0948	0.0981	0.1092	0.1307	0.1634
2308	0.1729	0.1751	0.1758	0.1811	0.1690	0.1707	0.1712	0.1786	0.1883	0.1611	0.1537	0.1531	0.1630	0.1730	0.1909	0.1286	0.1273	0.1298	0.1375	0.1557	0.1846	0.1035	0.0970	0.0948	0.0985	0.1088	0.1301	0.1633
2309	0.1726	0.1745	0.1755	0.1813	0.1675	0.1715	0.1708	0.1791	0.1874	0.1608	0.1520	0.1525	0.1638	0.1723	0.1903	0.1282	0.1273	0.1296	0.1377	0.1547	0.1842	0.1036	0.0975	0.0941	0.0991	0.1093	0.1294	0.1628
2310	0.1723	0.1747	0.1749	0.1812	0.1668	0.1715	0.1704	0.1791	0.1864	0.1603	0.1514	0.1514	0.1642	0.1724	0.1902	0.1281	0.1270	0.1294	0.1377	0.1545	0.1836	0.1047	0.0977	0.0931	0.0997	0.1095	0.1293	0.1621
2311	0.1727	0.1751	0.1741	0.1807	0.1671	0.1703	0.1696	0.1783	0.1858	0.1598	0.1521	0.1505	0.1639	0.1734	0.1915	0.1283	0.1264	0.1300	0.1378	0.1550	0.1825	0.1057	0.0972	0.0922	0.1000	0.1085	0.1293	0.1614
2312	0.1728	0.1753	0.1736	0.1812	0.1678	0.1698	0.1694	0.1776	0.1853	0.1595	0.1525	0.1501	0.1636	0.1743	0.1924	0.1283	0.1262	0.1305	0.1377	0.1554	0.1821	0.1063	0.0968	0.0912	0.0999	0.1077	0.1292	0.1616
2313	0.1725	0.1758	0.1732	0.1819	0.1690	0.1701	0.1700	0.1770	0.1852	0.1596	0.1534	0.1497	0.1630	0.1744	0.1921	0.1277	0.1259	0.1309	0.1379	0.1554	0.1826	0.1064	0.0963	0.0910	0.0992	0.1068	0.1293	0.1625
2314	0.1726	0.1758	0.1730	0.1814	0.1692	0.1699	0.1702	0.1765	0.1852	0.1595	0.1541	0.1494	0.1622	0.1743	0.1916	0.1273	0.1254	0.1308	0.1383	0.1556	0.1832	0.1061	0.0961	0.0911	0.0989	0.1064	0.1292	0.1627
2315	0.1730	0.1748	0.1736	0.1799	0.1681	0.1690	0.1702	0.1763	0.1851	0.1591	0.1545	0.1503	0.1613	0.1741	0.1905	0.1278	0.1250	0.1295	0.1391	0.1560	0.1842	0.1048	0.0962	0.0914	0.0993	0.1071	0.1289	0.1631
2316	0.1734	0.1744	0.1742	0.1786	0.1667	0.1684	0.1700	0.1763	0.1849	0.1588	0.1544	0.1512	0.1604	0.1734	0.1898	0.1283	0.1244	0.1285	0.1399	0.1560	0.1845	0.1039	0.0963	0.0917	0.0987	0.1075	0.1287	0.1630
2317	0.1736	0.1750	0.1744	0.1779	0.1651	0.1676	0.1692	0.1770	0.1857	0.1588	0.1539	0.1508	0.1599	0.1723	0.1906	0.1291	0.1238	0.1287	0.1397	0.1547	0.1846	0.1045	0.0967	0.0924	0.0977	0.1070	0.1286	0.1611
2318	0.1732	0.1753	0.1748	0.1774	0.1645	0.1668	0.1688	0.1774	0.1867	0.1592	0.1538	0.1500	0.1596	0.1716	0.1909	0.1294	0.1238	0.1293	0.1394	0.1537	0.1849	0.1049	0.0971	0.0933	0.0969	0.1068	0.1283	0.1598
2319	0.1720	0.1751	0.1752	0.1763	0.1655	0.1670	0.1681	0.1762	0.1876	0.1604	0.1536	0.1492	0.1598	0.1715	0.1909	0.1282	0.1261	0.1302	0.1397	0.1537	0.1841	0.1055	0.0974	0.0944	0.0958	0.1069	0.1281	0.1603
2320	0.1711	0.1751	0.1753	0.1755	0.1666	0.1674	0.1676	0.1752	0.1885	0.1611	0.1533	0.1483	0.1597	0.1715	0.1913	0.1271	0.1278	0.1305	0.1398	0.1534	0.1834	0.1060	0.0974	0.0954	0.0950	0.1067	0.1281	0.1605
2321	0.1714	0.1744	0.1746	0.1756	0.1675	0.1681	0.1681	0.1748	0.1883	0.1606	0.1533	0.1484	0.1589	0.1718	0.1910	0.1263	0.1274	0.1293	0.1398	0.1538	0.1831	0.1056	0.0971	0.0958	0.0950	0.1064	0.1283	0.1611
2322	0.1715	0.1738	0.1739	0.1756	0.1681	0.1687	0.1682	0.1740	0.1878	0.1599	0.1533	0.1487	0.1586	0.1723	0.1905	0.1258	0.1273	0.1280	0.1400	0.1540	0.1828	0.1055	0.0968	0.0957	0.0951	0.1062	0.1285	0.1617
2323	0.1710	0.1740	0.1742	0.1757	0.1681	0.1697	0.1678	0.1745	0.1867	0.1579	0.1525	0.1483	0.1589	0.1731	0.1905	0.1267	0.1278	0.1269	0.1389	0.1533	0.1837	0.1061	0.0959	0.0946	0.0953	0.1067	0.1286	0.1619
2324	0.1710	0.1740	0.1742	0.1760	0.1681	0.1709	0.1671	0.1750	0.1860	0.1567	0.1519	0.1479	0.1589	0.1738	0.1904	0.1278	0.1277	0.1261	0.1376	0.1527	0.1845	0.1065	0.0950	0.0939	0.0956	0.1070	0.1289	0.1622
2325	0.1715	0.1738	0.1735	0.1766	0.1684	0.1702	0.1666	0.1754	0.1864	0.1569	0.1510	0.1468	0.1584	0.1734	0.1900	0.1289	0.1263	0.1258	0.1377	0.1536	0.1842	0.1059	0.0945	0.0937	0.0954	0.1063	0.1289	0.1621
2326	0.1721	0.1735	0.1728	0.1770	0.1687	0.1688	0.1665	0.1761	0.1868	0.1572	0.1499	0.1456	0.1577	0.1726	0.1892	0.1299	0.1252	0.1257	0.1379	0.1545	0.1835	0.1052	0.0941	0.0935	0.0950	0.1059	0.1285	0.1617
2327	0.1733	0.1731	0.1713	0.1775	0.1701	0.1673	0.1675	0.1767	0.1858	0.1576	0.1495	0.1452	0.1568	0.1717	0.1881	0.1303	0.1250	0.1257	0.1383	0.1542	0.1817	0.1043	0.0943	0.0934	0.0942	0.1059	0.1276	0.1607
2328	0.1738	0.1727	0.1701	0.1778	0.1715	0.1662	0.1683	0.1775	0.1845	0.1576	0.1493	0.1453	0.1563	0.1711	0.1872	0.1302	0.1246	0.1262	0.1390	0.1541	0.1803	0.1034	0.0943	0.0932	0.0937	0.1057	0.1267	0.1601
2329	0.1731	0.1727	0.1697	0.1776	0.1710	0.1659	0.1676	0.1779	0.1838	0.1575	0.1496	0.1463	0.1560	0.1711	0.1875	0.1294	0.1241	0.1276	0.1389	0.1548	0.1805	0.1032	0.0948	0.0934	0.0940	0.1044	0.1258	0.1598
2330	0.1723	0.1731	0.1695	0.1772	0.1702	0.1657	0.1666	0.1781	0.1832	0.1573	0.1500	0.1472	0.1554	0.1707	0.1880	0.1290	0.1238	0.1286	0.1383	0.1555	0.1807	0.1032	0.0954	0.0936	0.0943	0.1032	0.1248	0.1594
2331	0.1702	0.1734	0.1700	0.1762	0.1683	0.1658	0.1653	0.1780	0.1834	0.1568	0.1497	0.1470	0.1548	0.1696	0.1875	0.1288	0.1242	0.1291	0.1370	0.1553	0.1813	0.1028	0.0954	0.0936	0.0951	0.1034	0.1253	0.1586
2332	0.1682	0.1735	0.1704	0.1755	0.1666	0.1661	0.1643	0.1777	0.1838	0.1561	0.1492	0.1467	0.1542	0.1685	0.1868	0.1283	0.1245	0.1293	0.1357	0.1549	0.1820	0.1021	0.0952	0.0932	0.0960	0.1035	0.1259	0.1581
2333	0.1677	0.1723	0.1709	0.1760	0.1661	0.1661	0.1650	0.1771	0.1847	0.1559	0.1483	0.1471	0.1544	0.1681	0.1858	0.1273	0.1247	0.1286	0.1353	0.1544	0.1820	0.1016	0.0948	0.0927	0.0962	0.1025	0.1258	0.1591
2334	0.1674	0.1709	0.1714	0.1766	0.1657	0.1658	0.1658	0.1765	0.1854	0.1559	0.1475	0.1474	0.1548	0.1678	0.1848	0.1263	0.1248	0.1280	0.1354	0.1539	0.1819	0.1016	0.0943	0.0926	0.0963	0.1015	0.1256	0.1601
2335	0.1686	0.1697	0.1713	0.1770	0.1648	0.1651	0.1660	0.1751	0.1855	0.1562	0.1471	0.1473	0.1554	0.1679	0.1852	0.1258	0.1235	0.1273	0.1357	0.1531	0.1822	0.1033	0.0941	0.0927	0.0958	0.1014	0.1261	0.1599
2336	0.1702	0.1685	0.1709	0.1772	0.1639	0.1645	0.1660	0.1737	0.1855	0.1565	0.1469	0.1472	0.1557	0.1680	0.1858	0.1255	0.1217	0.1263	0.1359	0.1520	0.1822	0.1048	0.0938	0.0926	0.0950	0.1015	0.1266	0.1593
2337	0.1703	0.1684	0.1700	0.1767	0.1647	0.1648	0.1655	0.1730	0.1853	0.1574	0.1469	0.1482	0.1556	0.1685	0.1865	0.1258	0.1210	0.1253	0.1366	0.1516	0.1820	0.1038	0.0933	0.0919	0.0938	0.1026	0.1253	0.1572
2338	0.1701	0.1684	0.1689	0.1761	0.1656	0.1650	0.1650	0.1725	0.1851	0.1582	0.1471	0.1493	0.1555	0.1691	0.1873	0.1260	0.1210	0.1243	0.1374	0.1514	0.1820	0.1024	0.0927	0.0911	0.0928	0.1038	0.1239	0.1549
2339	0.1690	0.1690	0.1687	0.1751	0.1660	0.1655	0.1658	0.1723	0.1844	0.1580	0.1476	0.1484	0.1554	0.1684	0.1877	0.1262	0.1213	0.1228	0.1368	0.1505	0.1826	0.1029	0.0933	0.0913	0.0934	0.1042	0.1245	0.1549
2340	0.1679	0.1695	0.1687	0.1737	0.1664	0.1661	0.1667	0.1718	0.1836	0.1577	0.1479	0.1470	0.1551	0.1672	0.1882	0.1264	0.1211	0.1217	0.1358	0.1494	0.1831	0.1037	0.0941	0.0919	0.0941	0.1046	0.1256	0.1553
2341	0.1689	0.1693	0.1695	0.1734	0.1660	0.1654	0.1675	0.1701	0.1825	0.1567	0.1488	0.1460	0.1549	0.1663	0.1883	0.1268	0.1213	0.1227	0.1360	0.1494	0.1824	0.1031	0.0955	0.0920	0.0944	0.1048	0.1248	0.1564
2342	0.1701	0.1693	0.1702	0.1737	0.1656	0.1642	0.1678	0.1684	0.1812	0.1556	0.1499	0.1449	0.1547	0.1658	0.1883	0.1270	0.1217	0.1242	0.1362	0.1498	0.1816	0.1022	0.0968	0.0921	0.0944	0.1051	0.1235	0.1575
2343	0.1704	0.1693	0.1713	0.1738	0.1657	0.1634	0.1675	0.1689	0.1798	0.1543	0.1494	0.1445	0.1547	0.1662	0.1886	0.1264	0.1229	0.1253	0.1343	0.1507	0.1819	0.1015	0.0970	0.0920	0.0932	0.1053	0.1234	0.1578
2344	0.1708	0.1691	0.1726	0.1734	0.1655	0.1626	0.1677	0.1698	0.1787	0.1530	0.1487	0.1439	0.1545	0.1665	0.1891	0.1257	0.1245	0.1262	0.1319	0.1515	0.1826	0.1006	0.0969	0.0916	0.0916	0.1054	0.1236	0.1578
2345	0.1691	0.1685	0.1717	0.1733	0.1645	0.1624	0.1672	0.1695	0.1786	0.1523	0.1487	0.1437	0.1538	0.1668	0.1884	0.1255	0.1245	0.1268	0.1305	0.1523	0.1822	0.1000	0.0954	0.0910	0.0920	0.1038	0.1234	0.1574
2346	0.1666	0.1679	0.1700	0.1736	0.1637	0.1627	0.1665	0.1691	0.1783	0.1517	0.1490	0.1438	0.1535	0.1667	0.1871	0.1252	0.1239	0.1273	0.1296	0.1533	0.1813	0.0995	0.0937	0.0903	0.0933	0.1019	0.1228	0.1567
2347	0.1651	0.1673	0.1687	0.1734	0.1631	0.1625	0.1652	0.1692	0.1780	0.1511	0.1491	0.1432	0.1533	0.1668	0.1861	0.1237	0.1233	0.1263	0.1294	0.1527	0.1807	0.0995	0.0924	0.0899	0.0943	0.1015	0.1228	0.1570
2348	0.1636	0.1667	0.1679	0.1732	0.1622	0.1621	0.1639	0.1695	0.1777	0.1501	0.1491	0.1424	0.1527	0.1675	0.1849	0.1223	0.1226	0.1249	0.1292	0.1517	0.1802	0.0998	0.0912	0.0897	0.0951	0.1015	0.1233	0.1579
2349	0.1632	0.1663	0.1671	0.1732	0.1608	0.1627	0.1638	0.1704	0.1779	0.1507	0.1496	0.1427	0.1519	0.1675	0.1851	0.1230	0.1211	0.1245	0.1304	0.1518	0.1801	0.1003	0.0919	0.0895	0.0945	0.1020	0.1233	0.1574
2350	0.1635	0.1664	0.1663	0.1730	0.1596	0.1632	0.1639	0.1712	0.1781	0.1520	0.1501	0.1433	0.1512	0.1674	0.1860	0.1241	0.1199	0.1247	0.1321	0.1524	0.1802	0.1011	0.0929	0.0891	0.0934	0.1026	0.1236	0.1565
2351	0.1632	0.1654	0.1670	0.1722	0.1591	0.1626	0.1649	0.1713	0.1781	0.1515	0.1498	0.1434	0.1511	0.1684	0.1854	0.1251	0.1187	0.1247	0.1324	0.1526	0.1805	0.1019	0.0936	0.0895	0.0928	0.1031	0.1236	0.1564
2352	0.1624	0.1640	0.1679	0.1711	0.1591	0.1622	0.1658	0.1716	0.1784	0.1507	0.1493	0.1431	0.1511	0.1693	0.1842	0.1259	0.1178	0.1246	0.1323	0.1525	0.1805	0.1023	0.0945	0.0902	0.0927	0.1031	0.1237	0.1566
2353	0.1614	0.1644	0.1678	0.1699	0.1584	0.1611	0.1656	0.1707	0.1783	0.1507	0.1481	0.1431	0.1516	0.1692	0.1837	0.1255	0.1175	0.1245	0.1320	0.1527	0.1805	0.1034	0.0949	0.0909	0.0931	0.1026	0.1245	0.1572
2354	0.1603	0.1654	0.1676	0.1687	0.1573	0.1595	0.1647	0.1701	0.1782	0.1505	0.1463	0.1434	0.1523	0.1687	0.1833	0.1244	0.1172	0.1242	0.1313	0.1530	0.1805	0.1047	0.0950	0.0913	0.0933	0.1021	0.1253	0.1579
2355	0.1609	0.1657	0.1668	0.1678	0.1566	0.1593	0.1641	0.1700	0.1790	0.1505	0.1451	0.1439	0.1515	0.1669	0.1833	0.1239	0.1174	0.1241	0.1304	0.1520	0.1815	0.1043	0.0945	0.0915	0.0932	0.1008	0.1251	0.1575
2356	0.1619	0.1657	0.1660	0.1672	0.1559	0.1599	0.1640	0.1696	0.1804	0.1507	0.1444	0.1444	0.1501	0.1650	0.1836	0.1243	0.1178	0.1240	0.1300	0.1506	0.1823	0.1033	0.0935	0.0921	0.0928	0.0991	0.1244	0.1569
2357	0.1624	0.1655	0.1649	0.1673	0.1567	0.1609	0.1638	0.1701	0.1809	0.1517	0.1436	0.1434	0.1494	0.1639	0.1830	0.1246	0.1177	0.1230	0.1307	0.1508	0.1811	0.1026	0.0929	0.0915	0.0916	0.0990	0.1229	0.1566
2358	0.1628	0.1652	0.1632	0.1671	0.1583	0.1620	0.1637	0.1708	0.1806	0.1533	0.1421	0.1420	0.1492	0.1632	0.1819	0.1241	0.1167	0.1213	0.1316	0.1518	0.1793	0.1018	0.0927	0.0902	0.0903	0.1002	0.1210	0.1563
2359	0.1622	0.1654	0.1627	0.1674	0.1584	0.1623	0.1633	0.1710	0.1791	0.1535	0.1416	0.1413	0.1491	0.1632	0.1814	0.1235	0.1158	0.1199	0.1323	0.1520	0.1784	0.1006	0.0922	0.0898	0.0905	0.1018	0.1201	0.1558
2360	0.1610	0.1656	0.1630	0.1681	0.1577	0.1616	0.1623	0.1710	0.1772	0.1529	0.1416	0.1409	0.1487	0.1631	0.1812	0.1232	0.1153	0.1193	0.1331	0.1511	0.1782	0.0994	0.0912	0.0898	0.0912	0.1034	0.1196	0.1549
2361	0.1602	0.1654	0.1630	0.1684	0.1572	0.1607	0.1609	0.1703	0.1761	0.1515	0.1416	0.1404	0.1476	0.1616	0.1810	0.1223	0.1155	0.1194	0.1326	0.1507	0.1778	0.0998	0.0904	0.0897	0.0910	0.1029	0.1188	0.1548
2362	0.1596	0.1652	0.1631	0.1683	0.1565	0.1602	0.1597	0.1691	0.1749	0.1502	0.1415	0.1397	0.1460	0.1593	0.1804	0.1214	0.1161	0.1195	0.1309	0.1512	0.1775	0.1015	0.0900	0.0898	0.0910	0.1010	0.1179	0.1552
2363	0.1594	0.1646	0.1627	0.1675	0.1560	0.1603	0.1589	0.1690	0.1744	0.1490	0.1417	0.1395	0.1454	0.1582	0.1806	0.1209	0.1167	0.1190	0.1308	0.1507	0.1773	0.1016	0.0893	0.0894	0.0909	0.0997	0.1171	0.1560
2364	0.1591	0.1638	0.1615	0.1665	0.1555	0.1605	0.1583	0.1696	0.1743	0.1480	0.1419	0.1395	0.1460	0.1584	0.1812	0.1207	0.1169	0.1183	0.1313	0.1494	0.1768	0.0999	0.0882	0.0890	0.0903	0.0992	0.1164	0.1568
2365	0.1588	0.1633	0.1620	0.1662	0.1555	0.1597	0.1584	0.1703	0.1750	0.1485	0.1418	0.1390	0.1461	0.1587	0.1809	0.1213	0.1163	0.1190	0.1310	0.1489	0.1766	0.0985	0.0875	0.0885	0.0903	0.0988	0.1176	0.1562
2366	0.1582	0.1629	0.1638	0.1667	0.1560	0.1584	0.1586	0.1713	0.1761	0.1496	0.1418	0.1386	0.1450	0.1587	0.1806	0.1221	0.1153	0.1206	0.1307	0.1484	0.1764	0.0970	0.0874	0.0874	0.0906	0.0987	0.1203	0.1547
2367	0.1575	0.1623	0.1645	0.1661	0.1559	0.1569	0.1577	0.1699	0.1761	0.1503	0.1410	0.1372	0.1445	0.1589	0.1799	0.1228	0.1150	0.1215	0.1299	0.1483	0.1771	0.0962	0.0873	0.0872	0.0905	0.0987	0.1217	0.1536
2368	0.1567	0.1615	0.1646	0.1640	0.1556	0.1551	0.1563	0.1673	0.1754	0.1507	0.1398	0.1351	0.1446	0.1592	0.1790	0.1238	0.1153	0.1217	0.1285	0.1486	0.1783	0.0967	0.0870	0.0877	0.0904	0.0988	0.1213	0.1531
2369	0.1562	0.1607	0.1641	0.1621	0.1551	0.1549	0.1554	0.1645	0.1749	0.1504	0.1400	0.1334	0.1450	0.1593	0.1788	0.1231	0.1152	0.1212	0.1282	0.1487	0.1777	0.0970	0.0866	0.0868	0.0906	0.0990	0.1208	0.1536
2370	0.1560	0.1600	0.1634	0.1604	0.1541	0.1563	0.1549	0.1618	0.1747	0.1489	0.1407	0.1319	0.1457	0.1596	0.1789	0.1212	0.1150	0.1206	0.1291	0.1488	0.1761	0.0965	0.0861	0.0850	0.0904	0.0991	0.1212	0.1546
2371	0.1554	0.1589	0.1629	0.1596	0.1536	0.1557	0.1547	0.1608	0.1742	0.1471	0.1410	0.1310	0.1457	0.1596	0.1788	0.1203	0.1148	0.1204	0.1300	0.1480	0.1747	0.0959	0.0864	0.0837	0.0902	0.0987	0.1212	0.1551
2372	0.1545	0.1577	0.1625	0.1598	0.1542	0.1533	0.1547	0.1606	0.1731	0.1457	0.1411	0.1305	0.1456	0.1593	0.1782	0.1204	0.1144	0.1204	0.1310	0.1466	0.1740	0.0958	0.0872	0.0831	0.0899	0.0981	0.1209	0.1553
2373	0.1542	0.1567	0.1612	0.1603	0.1544	0.1515	0.1553	0.1605	0.1719	0.1445	0.1416	0.1310	0.1456	0.1595	0.1770	0.1193	0.1136	0.1202	0.1308	0.1455	0.1740	0.0955	0.0874	0.0834	0.0900	0.0981	0.1202	0.1556
2374	0.1547	0.1557	0.1591	0.1613	0.1541	0.1503	0.1559	0.1603	0.1712	0.1434	0.1429	0.1326	0.1456	0.1600	0.1754	0.1169	0.1120	0.1202	0.1291	0.1445	0.1741	0.0950	0.0872	0.0842	0.0901	0.0981	0.1189	0.1558
2375	0.1543	0.1552	0.1572	0.1624	0.1531	0.1506	0.1559	0.1596	0.1705	0.1438	0.1434	0.1327	0.1445	0.1605	0.1742	0.1156	0.1114	0.1197	0.1277	0.1444	0.1739	0.0947	0.0869	0.0849	0.0901	0.0981	0.1183	0.1556
2376	0.1527	0.1552	0.1552	0.1632	0.1513	0.1522	0.1557	0.1586	0.1695	0.1450	0.1429	0.1312	0.1421	0.1604	0.1733	0.1156	0.1117	0.1189	0.1265	0.1450	0.1731	0.0947	0.0869	0.0854	0.0900	0.0981	0.1183	0.1551
2377	0.1522	0.1552	0.1547	0.1633	0.1505	0.1531	0.1551	0.1580	0.1689	0.1460	0.1414	0.1302	0.1407	0.1598	0.1733	0.1155	0.1128	0.1177	0.1260	0.1450	0.1732	0.0950	0.0874	0.0860	0.0892	0.0979	0.1190	0.1538
2378	0.1525	0.1557	0.1555	0.1624	0.1510	0.1530	0.1540	0.1578	0.1683	0.1464	0.1383	0.1300	0.1403	0.1591	0.1745	0.1151	0.1148	0.1161	0.1265	0.1442	0.1742	0.0956	0.0879	0.0866	0.0879	0.0977	0.1200	0.1518
2379	0.1539	0.1557	0.1564	0.1621	0.1514	0.1523	0.1529	0.1578	0.1681	0.1468	0.1362	0.1300	0.1405	0.1588	0.1755	0.1150	0.1154	0.1150	0.1275	0.1431	0.1746	0.0962	0.0874	0.0867	0.0869	0.0975	0.1210	0.1511
2380	0.1559	0.1554	0.1575	0.1629	0.1511	0.1515	0.1517	0.1579	0.1685	0.1481	0.1354	0.1306	0.1414	0.1592	0.1761	0.1156	0.1147	0.1142	0.1288	0.1419	0.1744	0.0968	0.0868	0.0863	0.0860	0.0977	0.1218	0.1517
2381	0.1574	0.1554	0.1583	0.1624	0.1513	0.1512	0.1513	0.1579	0.1678	0.1473	0.1348	0.1312	0.1415	0.1589	0.1761	0.1160	0.1135	0.1137	0.1289	0.1414	0.1745	0.0969	0.0866	0.0851	0.0861	0.0983	0.1219	0.1519
2382	0.1585	0.1552	0.1588	0.1604	0.1518	0.1517	0.1518	0.1580	0.1662	0.1442	0.1344	0.1317	0.1408	0.1581	0.1758	0.1161	0.1115	0.1129	0.1276	0.1419	0.1752	0.0963	0.0864	0.0832	0.0867	0.0989	0.1218	0.1519
2383	0.1583	0.1554	0.1590	0.1601	0.1521	0.1522	0.1526	0.1586	0.1657	0.1422	0.1339	0.1314	0.1406	0.1570	0.1755	0.1168	0.1100	0.1129	0.1269	0.1411	0.1751	0.0963	0.0863	0.0834	0.0873	0.0978	0.1210	0.1514
2384	0.1564	0.1566	0.1585	0.1620	0.1523	0.1524	0.1537	0.1602	0.1661	0.1414	0.1338	0.1302	0.1407	0.1547	0.1751	0.1178	0.1095	0.1139	0.1264	0.1387	0.1737	0.0969	0.0865	0.0857	0.0882	0.0949	0.1195	0.1502
2385	0.1546	0.1567	0.1578	0.1633	0.1516	0.1518	0.1539	0.1612	0.1664	0.1414	0.1334	0.1289	0.1401	0.1529	0.1743	0.1184	0.1085	0.1147	0.1260	0.1376	0.1724	0.0970	0.0870	0.0871	0.0889	0.0923	0.1178	0.1486
2386	0.1532	0.1554	0.1568	0.1634	0.1503	0.1500	0.1532	0.1611	0.1664	0.1420	0.1326	0.1277	0.1389	0.1519	0.1729	0.1186	0.1071	0.1157	0.1256	0.1381	0.1716	0.0960	0.0872	0.0871	0.0895	0.0907	0.1159	0.1463
2387	0.1524	0.1545	0.1552	0.1634	0.1489	0.1486	0.1523	0.1611	0.1661	0.1418	0.1318	0.1270	0.1380	0.1512	0.1724	0.1181	0.1060	0.1165	0.1253	0.1387	0.1711	0.0951	0.0871	0.0865	0.0897	0.0904	0.1146	0.1455
2388	0.1522	0.1539	0.1527	0.1634	0.1471	0.1479	0.1512	0.1614	0.1660	0.1408	0.1304	0.1269	0.1378	0.1513	0.1728	0.1171	0.1058	0.1168	0.1249	0.1392	0.1711	0.0945	0.0873	0.0856	0.0896	0.0915	0.1142	0.1469
2389	0.1514	0.1536	0.1516	0.1626	0.1458	0.1471	0.1508	0.1608	0.1655	0.1395	0.1299	0.1271	0.1377	0.1518	0.1736	0.1166	0.1058	0.1166	0.1240	0.1398	0.1704	0.0935	0.0872	0.0845	0.0896	0.0921	0.1146	0.1481
2390	0.1494	0.1535	0.1522	0.1616	0.1449	0.1465	0.1513	0.1589	0.1644	0.1378	0.1308	0.1277	0.1373	0.1529	0.1746	0.1166	0.1056	0.1156	0.1225	0.1404	0.1682	0.0916	0.0864	0.0829	0.0896	0.0928	0.1163	0.1490
2391	0.1476	0.1529	0.1523	0.1606	0.1441	0.1466	0.1514	0.1575	0.1638	0.1369	0.1313	0.1278	0.1366	0.1533	0.1736	0.1156	0.1057	0.1153	0.1208	0.1406	0.1662	0.0906	0.0860	0.0814	0.0900	0.0931	0.1172	0.1496
2392	0.1464	0.1518	0.1522	0.1593	0.1437	0.1477	0.1514	0.1567	0.1635	0.1368	0.1312	0.1270	0.1359	0.1525	0.1704	0.1128	0.1061	0.1159	0.1188	0.1402	0.1646	0.0913	0.0867	0.0798	0.0911	0.0927	0.1166	0.1498
2393	0.1463	0.1513	0.1512	0.1575	0.1432	0.1487	0.1509	0.1556	0.1642	0.1377	0.1311	0.1266	0.1349	0.1517	0.1682	0.1112	0.1068	0.1169	0.1179	0.1395	0.1639	0.0919	0.0870	0.0783	0.0915	0.0925	0.1160	0.1492
2394	0.1472	0.1519	0.1493	0.1549	0.1427	0.1495	0.1495	0.1543	0.1663	0.1396	0.1306	0.1271	0.1336	0.1510	0.1679	0.1115	0.1071	0.1189	0.1187	0.1386	0.1647	0.0921	0.0859	0.0769	0.0912	0.0921	0.1152	0.1471
2395	0.1479	0.1518	0.1476	0.1527	0.1430	0.1503	0.1482	0.1535	0.1678	0.1402	0.1305	0.1276	0.1329	0.1510	0.1681	0.1122	0.1074	0.1197	0.1198	0.1373	0.1653	0.0921	0.0847	0.0768	0.0902	0.0920	0.1143	0.1467
2396	0.1487	0.1502	0.1456	0.1513	0.1446	0.1507	0.1470	0.1532	0.1682	0.1396	0.1312	0.1284	0.1330	0.1526	0.1684	0.1138	0.1082	0.1184	0.1210	0.1357	0.1658	0.0919	0.0837	0.0792	0.0885	0.0925	0.1133	0.1488
2397	0.1489	0.1494	0.1449	0.1510	0.1450	0.1505	0.1471	0.1533	0.1682	0.1387	0.1311	0.1292	0.1343	0.1536	0.1682	0.1141	0.1095	0.1167	0.1215	0.1349	0.1656	0.0913	0.0832	0.0806	0.0867	0.0928	0.1129	0.1501
2398	0.1482	0.1502	0.1464	0.1527	0.1442	0.1493	0.1496	0.1537	0.1677	0.1376	0.1298	0.1297	0.1374	0.1537	0.1669	0.1123	0.1115	0.1140	0.1213	0.1351	0.1642	0.0906	0.0841	0.0802	0.0846	0.0935	0.1134	0.1502
2399	0.1478	0.1506	0.1475	0.1535	0.1439	0.1476	0.1514	0.1534	0.1666	0.1368	0.1283	0.1295	0.1389	0.1531	0.1658	0.1111	0.1125	0.1121	0.1217	0.1345	0.1630	0.0901	0.0845	0.0803	0.0832	0.0941	0.1136	0.1497
2400	0.1476	0.1504	0.1480	0.1525	0.1440	0.1453	0.1520	0.1519	0.1653	0.1361	0.1267	0.1279	0.1380	0.1509	0.1648	0.1107	0.1121	0.1119	0.1227	0.1329	0.1623	0.0896	0.0835	0.0813	0.0830	0.0943	0.1134	0.1478
2401	0.1483	0.1506	0.1482	0.1519	0.1443	0.1435	0.1520	0.1514	0.1642	0.1359	0.1260	0.1264	0.1368	0.1501	0.1634	0.1111	0.1111	0.1115	0.1231	0.1319	0.1617	0.0898	0.0831	0.0818	0.0828	0.0945	0.1129	0.1471
2402	0.1504	0.1518	0.1478	0.1519	0.1449	0.1426	0.1508	0.1521	0.1631	0.1365	0.1273	0.1250	0.1353	0.1520	0.1618	0.1128	0.1092	0.1108	0.1223	0.1314	0.1618	0.0907	0.0834	0.0815	0.0829	0.0948	0.1116	0.1487
2403	0.1511	0.1523	0.1479	0.1515	0.1441	0.1420	0.1496	0.1525	0.1617	0.1364	0.1286	0.1236	0.1339	0.1532	0.1612	0.1144	0.1070	0.1104	0.1213	0.1320	0.1624	0.0919	0.0834	0.0808	0.0830	0.0948	0.1105	0.1494
2404	0.1503	0.1515	0.1494	0.1502	0.1410	0.1423	0.1486	0.1524	0.1601	0.1351	0.1298	0.1227	0.1323	0.1526	0.1623	0.1157	0.1045	0.1103	0.1202	0.1349	0.1641	0.0937	0.0832	0.0800	0.0831	0.0941	0.1104	0.1491
2405	0.1487	0.1504	0.1495	0.1489	0.1385	0.1421	0.1474	0.1528	0.1587	0.1340	0.1301	0.1222	0.1304	0.1512	0.1632	0.1159	0.1024	0.1100	0.1190	0.1379	0.1643	0.0945	0.0828	0.0792	0.0828	0.0932	0.1103	0.1486
2406	0.1459	0.1485	0.1473	0.1483	0.1371	0.1412	0.1456	0.1535	0.1579	0.1334	0.1291	0.1223	0.1282	0.1490	0.1633	0.1141	0.1013	0.1092	0.1178	0.1414	0.1619	0.0932	0.0816	0.0785	0.0819	0.0923	0.1102	0.1472
2407	0.1442	0.1471	0.1457	0.1474	0.1368	0.1402	0.1442	0.1530	0.1574	0.1329	0.1271	0.1223	0.1272	0.1471	0.1637	0.1120	0.1010	0.1088	0.1167	0.1429	0.1602	0.0919	0.0807	0.0783	0.0815	0.0920	0.1097	0.1460
2408	0.1446	0.1466	0.1450	0.1457	0.1382	0.1388	0.1438	0.1503	0.1570	0.1325	0.1234	0.1223	0.1286	0.1455	0.1646	0.1095	0.1020	0.1091	0.1160	0.1406	0.1600	0.0906	0.0805	0.0790	0.0818	0.0927	0.1084	0.1453
2409	0.1449	0.1469	0.1443	0.1447	0.1386	0.1381	0.1435	0.1488	0.1569	0.1317	0.1213	0.1226	0.1289	0.1444	0.1648	0.1074	0.1036	0.1080	0.1157	0.1383	0.1604	0.0896	0.0800	0.0798	0.0824	0.0924	0.1076	0.1449
2410	0.1447	0.1488	0.1435	0.1452	0.1375	0.1385	0.1431	0.1498	0.1572	0.1303	0.1222	0.1230	0.1271	0.1445	0.1641	0.1061	0.1058	0.1049	0.1162	0.1359	0.1617	0.0892	0.0789	0.0807	0.0837	0.0899	0.1077	0.1447
2411	0.1451	0.1492	0.1428	0.1457	0.1373	0.1393	0.1425	0.1505	0.1571	0.1291	0.1233	0.1226	0.1269	0.1441	0.1636	0.1054	0.1057	0.1031	0.1164	0.1338	0.1615	0.0889	0.0788	0.0812	0.0843	0.0875	0.1077	0.1440
2412	0.1465	0.1466	0.1423	0.1463	0.1390	0.1407	0.1416	0.1508	0.1561	0.1281	0.1247	0.1205	0.1296	0.1424	0.1630	0.1057	0.1016	0.1036	0.1162	0.1327	0.1586	0.0888	0.0804	0.0806	0.0832	0.0850	0.1076	0.1424
2413	0.1465	0.1447	0.1419	0.1472	0.1391	0.1414	0.1402	0.1511	0.1541	0.1280	0.1258	0.1187	0.1317	0.1408	0.1618	0.1061	0.0985	0.1049	0.1158	0.1320	0.1566	0.0889	0.0821	0.0803	0.0830	0.0837	0.1080	0.1420
2414	0.1442	0.1438	0.1414	0.1489	0.1364	0.1410	0.1381	0.1510	0.1498	0.1297	0.1264	0.1175	0.1327	0.1396	0.1598	0.1068	0.0971	0.1073	0.1150	0.1324	0.1560	0.0894	0.0836	0.0807	0.0842	0.0846	0.1096	0.1436
2415	0.1432	0.1425	0.1413	0.1496	0.1345	0.1404	0.1369	0.1499	0.1470	0.1307	0.1260	0.1167	0.1330	0.1392	0.1582	0.1070	0.0969	0.1094	0.1141	0.1324	0.1560	0.0889	0.0833	0.0805	0.0853	0.0857	0.1107	0.1431
2416	0.1448	0.1404	0.1416	0.1487	0.1341	0.1395	0.1376	0.1471	0.1469	0.1303	0.1237	0.1168	0.1319	0.1405	0.1575	0.1065	0.0988	0.1107	0.1129	0.1314	0.1571	0.0864	0.0798	0.0795	0.0860	0.0874	0.1111	0.1386
2417	0.1445	0.1390	0.1422	0.1486	0.1345	0.1383	0.1380	0.1447	0.1477	0.1299	0.1220	0.1173	0.1317	0.1422	0.1575	0.1059	0.0998	0.1109	0.1125	0.1311	0.1576	0.0843	0.0770	0.0789	0.0864	0.0892	0.1111	0.1352
2418	0.1407	0.1389	0.1429	0.1502	0.1362	0.1365	0.1378	0.1427	0.1501	0.1293	0.1216	0.1186	0.1329	0.1448	0.1587	0.1053	0.0993	0.1090	0.1135	0.1320	0.1572	0.0829	0.0757	0.0789	0.0862	0.0913	0.1103	0.1340
2419	0.1389	0.1386	0.1434	0.1509	0.1374	0.1353	0.1383	0.1414	0.1512	0.1297	0.1216	0.1197	0.1338	0.1468	0.1592	0.1051	0.0995	0.1073	0.1138	0.1316	0.1566	0.0820	0.0752	0.0793	0.0857	0.0923	0.1096	0.1341
2420	0.1408	0.1382	0.1437	0.1498	0.1376	0.1349	0.1398	0.1415	0.1497	0.1319	0.1222	0.1207	0.1340	0.1476	0.1582	0.1058	0.1010	0.1061	0.1126	0.1288	0.1559	0.0819	0.0759	0.0802	0.0847	0.0913	0.1088	0.1365
2421	0.1414	0.1377	0.1426	0.1487	0.1375	0.1351	0.1413	0.1423	0.1495	0.1328	0.1212	0.1209	0.1333	0.1475	0.1570	0.1057	0.1021	0.1048	0.1113	0.1264	0.1566	0.0822	0.0762	0.0800	0.0839	0.0906	0.1079	0.1381
2422	0.1396	0.1373	0.1392	0.1479	0.1367	0.1365	0.1428	0.1442	0.1516	0.1316	0.1172	0.1196	0.1310	0.1456	0.1553	0.1039	0.1024	0.1036	0.1099	0.1248	0.1600	0.0835	0.0758	0.0778	0.0835	0.0903	0.1071	0.1383
2423	0.1382	0.1378	0.1361	0.1468	0.1371	0.1365	0.1429	0.1456	0.1534	0.1298	0.1156	0.1182	0.1291	0.1439	0.1541	0.1024	0.1019	0.1027	0.1099	0.1229	0.1621	0.0839	0.0765	0.0759	0.0828	0.0899	0.1063	0.1380
2424	0.1373	0.1396	0.1336	0.1451	0.1399	0.1342	0.1406	0.1462	0.1552	0.1273	0.1186	0.1166	0.1281	0.1425	0.1537	0.1017	0.0996	0.1026	0.1122	0.1203	0.1619	0.0828	0.0793	0.0747	0.0820	0.0892	0.1057	0.1372
2425	0.1371	0.1412	0.1326	0.1445	0.1413	0.1329	0.1384	0.1465	0.1557	0.1255	0.1201	0.1157	0.1273	0.1405	0.1530	0.1011	0.0983	0.1025	0.1125	0.1192	0.1607	0.0835	0.0810	0.0739	0.0821	0.0882	0.1048	0.1365
2426	0.1380	0.1425	0.1343	0.1455	0.1406	0.1333	0.1362	0.1462	0.1538	0.1250	0.1191	0.1162	0.1269	0.1374	0.1518	0.1006	0.0986	0.1023	0.1096	0.1213	0.1577	0.0873	0.0806	0.0738	0.0838	0.0863	0.1036	0.1359
2427	0.1382	0.1422	0.1353	0.1473	0.1393	0.1348	0.1350	0.1455	0.1520	0.1244	0.1180	0.1168	0.1264	0.1349	0.1519	0.1004	0.0993	0.1011	0.1081	0.1232	0.1557	0.0899	0.0803	0.0740	0.0844	0.0843	0.1024	0.1365
2428	0.1373	0.1388	0.1353	0.1510	0.1372	0.1378	0.1357	0.1442	0.1504	0.1239	0.1166	0.1173	0.1260	0.1337	0.1541	0.1010	0.1007	0.0985	0.1092	0.1250	0.1552	0.0902	0.0799	0.0746	0.0831	0.0821	0.1015	0.1388
2429	0.1378	0.1369	0.1353	0.1524	0.1355	0.1396	0.1359	0.1433	0.1492	0.1235	0.1156	0.1176	0.1252	0.1336	0.1556	0.1016	0.1021	0.0976	0.1108	0.1252	0.1547	0.0897	0.0789	0.0745	0.0817	0.0802	0.1017	0.1401
2430	0.1404	0.1374	0.1352	0.1497	0.1343	0.1394	0.1355	0.1430	0.1483	0.1235	0.1155	0.1172	0.1237	0.1352	0.1554	0.1024	0.1032	0.0996	0.1131	0.1230	0.1544	0.0878	0.0767	0.0731	0.0801	0.0791	0.1039	0.1398
2431	0.1419	0.1374	0.1349	0.1465	0.1330	0.1374	0.1348	0.1422	0.1473	0.1240	0.1151	0.1166	0.1224	0.1365	0.1539	0.1029	0.1044	0.1011	0.1142	0.1217	0.1543	0.0855	0.0750	0.0717	0.0783	0.0792	0.1053	0.1397
2432	0.1410	0.1366	0.1347	0.1423	0.1312	0.1326	0.1337	0.1407	0.1459	0.1250	0.1135	0.1154	0.1216	0.1369	0.1509	0.1024	0.1058	0.1018	0.1135	0.1214	0.1543	0.0825	0.0743	0.0711	0.0759	0.0814	0.1054	0.1396
2433	0.1396	0.1365	0.1344	0.1384	0.1293	0.1282	0.1344	0.1396	0.1438	0.1255	0.1115	0.1152	0.1212	0.1365	0.1488	0.1020	0.1066	0.1018	0.1122	0.1213	0.1547	0.0806	0.0735	0.0706	0.0745	0.0842	0.1045	0.1388
2434	0.1380	0.1370	0.1341	0.1354	0.1279	0.1244	0.1377	0.1389	0.1406	0.1256	0.1090	0.1167	0.1213	0.1348	0.1481	0.1019	0.1059	0.1008	0.1102	0.1214	0.1558	0.0802	0.0730	0.0698	0.0750	0.0876	0.1023	0.1374
2435	0.1360	0.1364	0.1342	0.1349	0.1273	0.1233	0.1388	0.1384	0.1391	0.1250	0.1072	0.1164	0.1219	0.1328	0.1476	0.1016	0.1048	0.0995	0.1090	0.1223	0.1560	0.0796	0.0729	0.0690	0.0757	0.0900	0.1009	0.1348
2436	0.1338	0.1342	0.1345	0.1387	0.1280	0.1266	0.1370	0.1381	0.1400	0.1238	0.1068	0.1131	0.1232	0.1301	0.1474	0.1012	0.1025	0.0978	0.1086	0.1245	0.1550	0.0786	0.0728	0.0685	0.0768	0.0909	0.1017	0.1306
2437	0.1309	0.1336	0.1341	0.1418	0.1291	0.1293	0.1358	0.1375	0.1403	0.1228	0.1078	0.1096	0.1235	0.1286	0.1468	0.1006	0.1011	0.0976	0.1085	0.1253	0.1549	0.0777	0.0730	0.0677	0.0770	0.0913	0.1020	0.1282
2438	0.1265	0.1353	0.1337	0.1432	0.1308	0.1317	0.1344	0.1367	0.1402	0.1209	0.1110	0.1056	0.1223	0.1289	0.1455	0.1003	0.1015	0.0992	0.1086	0.1249	0.1558	0.0773	0.0745	0.0665	0.0760	0.0904	0.1012	0.1280
2439	0.1245	0.1360	0.1331	0.1437	0.1319	0.1318	0.1320	0.1366	0.1414	0.1198	0.1123	0.1037	0.1221	0.1286	0.1447	0.0993	0.1024	0.1000	0.1097	0.1244	0.1547	0.0770	0.0744	0.0666	0.0761	0.0887	0.1002	0.1282
2440	0.1262	0.1351	0.1320	0.1428	0.1309	0.1281	0.1287	0.1369	0.1444	0.1206	0.1108	0.1048	0.1236	0.1279	0.1454	0.0964	0.1040	0.0988	0.1121	0.1229	0.1507	0.0765	0.0721	0.0683	0.0770	0.0867	0.0989	0.1290
2441	0.1272	0.1342	0.1309	0.1411	0.1295	0.1251	0.1260	0.1365	0.1452	0.1212	0.1090	0.1068	0.1229	0.1283	0.1455	0.0947	0.1034	0.0980	0.1129	0.1215	0.1474	0.0765	0.0720	0.0691	0.0763	0.0859	0.0977	0.1306
2442	0.1264	0.1337	0.1299	0.1380	0.1274	0.1222	0.1250	0.1347	0.1432	0.1206	0.1076	0.1102	0.1189	0.1297	0.1440	0.0944	0.0988	0.0979	0.1122	0.1200	0.1445	0.0779	0.0752	0.0689	0.0739	0.0869	0.0962	0.1336
2443	0.1262	0.1334	0.1286	0.1361	0.1249	0.1198	0.1254	0.1337	0.1415	0.1209	0.1090	0.1117	0.1154	0.1309	0.1425	0.0943	0.0957	0.0983	0.1123	0.1184	0.1408	0.0778	0.0756	0.0684	0.0729	0.0865	0.0956	0.1344
2444	0.1270	0.1329	0.1268	0.1367	0.1232	0.1193	0.1281	0.1352	0.1398	0.1229	0.1138	0.1102	0.1133	0.1317	0.1408	0.0956	0.0942	0.1003	0.1123	0.1164	0.1370	0.0758	0.0704	0.0669	0.0734	0.0837	0.0954	0.1326
2445	0.1277	0.1301	0.1262	0.1366	0.1239	0.1203	0.1301	0.1340	0.1380	0.1230	0.1178	0.1096	0.1127	0.1322	0.1389	0.0972	0.0938	0.1020	0.1108	0.1146	0.1363	0.0733	0.0669	0.0656	0.0741	0.0825	0.0953	0.1316
2446	0.1285	0.1248	0.1265	0.1349	0.1283	0.1227	0.1316	0.1291	0.1349	0.1209	0.1195	0.1098	0.1134	0.1327	0.1367	0.0983	0.0956	0.1031	0.1083	0.1139	0.1400	0.0697	0.0672	0.0653	0.0746	0.0833	0.0962	0.1305
2447	0.1274	0.1217	0.1258	0.1332	0.1314	0.1237	0.1312	0.1257	0.1318	0.1205	0.1190	0.1060	0.1148	0.1337	0.1355	0.0963	0.0955	0.1041	0.1059	0.1152	0.1436	0.0677	0.0681	0.0675	0.0745	0.0836	0.0975	0.1298
2448	0.1238	0.1219	0.1252	0.1320	0.1316	0.1237	0.1286	0.1238	0.1295	0.1217	0.1167	0.0978	0.1171	0.1346	0.1371	0.0912	0.0934	0.1046	0.1032	0.1180	0.1463	0.0676	0.0695	0.0721	0.0736	0.0839	0.0996	0.1310
2449	0.1232	0.1227	0.1255	0.1300	0.1306	0.1206	0.1271	0.1250	0.1302	0.1183	0.1144	0.0935	0.1163	0.1352	0.1375	0.0897	0.0915	0.1052	0.1019	0.1206	0.1468	0.0691	0.0706	0.0749	0.0705	0.0844	0.1003	0.1312
2450	0.1257	0.1233	0.1265	0.1278	0.1270	0.1134	0.1253	0.1293	0.1336	0.1110	0.1139	0.0941	0.1113	0.1348	0.1354	0.0920	0.0899	0.1063	0.1040	0.1232	0.1446	0.0729	0.0718	0.0758	0.0648	0.0844	0.0998	0.1302
2451	0.1252	0.1248	0.1282	0.1253	0.1234	0.1104	0.1242	0.1322	0.1371	0.1092	0.1142	0.0953	0.1084	0.1343	0.1371	0.0926	0.0880	0.1070	0.1055	0.1235	0.1444	0.0769	0.0724	0.0749	0.0650	0.0823	0.1007	0.1279
2452	0.1236	0.1263	0.1301	0.1218	0.1202	0.1130	0.1248	0.1348	0.1407	0.1114	0.1128	0.0984	0.1088	0.1347	0.1427	0.0920	0.0851	0.1065	0.1054	0.1206	0.1473	0.0810	0.0735	0.0722	0.0718	0.0788	0.1021	0.1241
2453	0.1244	0.1283	0.1302	0.1204	0.1179	0.1173	0.1260	0.1352	0.1408	0.1146	0.1118	0.1004	0.1125	0.1344	0.1449	0.0919	0.0829	0.1054	0.1048	0.1161	0.1476	0.0836	0.0756	0.0716	0.0780	0.0773	0.1018	0.1241
2454	0.1252	0.1300	0.1281	0.1205	0.1182	0.1230	0.1273	0.1332	0.1381	0.1199	0.1109	0.1014	0.1189	0.1314	0.1437	0.0922	0.0824	0.1045	0.1030	0.1112	0.1448	0.0841	0.0782	0.0723	0.0838	0.0773	0.1003	0.1274
2455	0.1218	0.1309	0.1255	0.1227	0.1191	0.1266	0.1309	0.1340	0.1362	0.1184	0.1089	0.1049	0.1219	0.1269	0.1453	0.0889	0.0806	0.1066	0.0992	0.1094	0.1430	0.0830	0.0787	0.0706	0.0827	0.0764	0.1011	0.1307
2456	0.1140	0.1331	0.1216	0.1257	0.1210	0.1264	0.1379	0.1384	0.1356	0.1116	0.1084	0.1094	0.1220	0.1218	0.1482	0.0816	0.0788	0.1122	0.0950	0.1080	0.1424	0.0824	0.0755	0.0652	0.0754	0.0745	0.1041	0.1347
2457	0.1088	0.1342	0.1218	0.1235	0.1173	0.1239	0.1381	0.1385	0.1335	0.1090	0.1098	0.1087	0.1193	0.1203	0.1474	0.0770	0.0815	0.1080	0.0944	0.1060	0.1415	0.0800	0.0719	0.0619	0.0699	0.0752	0.1070	0.1359
2458	0.1050	0.1344	0.1244	0.1202	0.1081	0.1202	0.1322	0.1336	0.1295	0.1089	0.1119	0.1037	0.1132	0.1227	0.1423	0.0742	0.0878	0.0946	0.0960	0.1068	0.1406	0.0758	0.0682	0.0624	0.0653	0.0794	0.1087	0.1342
2459	0.1041	0.1359	0.1262	0.1147	0.1069	0.1183	0.1291	0.1334	0.1257	0.1080	0.1153	0.0989	0.1112	0.1225	0.1365	0.0719	0.0935	0.0906	0.0988	0.1110	0.1417	0.0771	0.0703	0.0644	0.0660	0.0812	0.1099	0.1310
2460	0.1086	0.1391	0.1314	0.1065	0.1132	0.1173	0.1282	0.1394	0.1220	0.1056	0.1193	0.0910	0.1122	0.1216	0.1324	0.0716	0.0969	0.0912	0.1017	0.1160	0.1445	0.0814	0.0792	0.0682	0.0699	0.0804	0.1099	0.1271
2461	0.1091	0.1391	0.1309	0.1082	0.1203	0.1196	0.1248	0.1435	0.1213	0.1037	0.1193	0.0881	0.1150	0.1260	0.1320	0.0763	0.0941	0.0904	0.1036	0.1187	0.1421	0.0809	0.0813	0.0680	0.0692	0.0789	0.1058	0.1319
2462	0.1064	0.1374	0.1242	0.1157	0.1273	0.1291	0.1170	0.1416	0.1219	0.1043	0.1161	0.0911	0.1192	0.1340	0.1340	0.0864	0.0875	0.0916	0.1059	0.1221	0.1363	0.0788	0.0763	0.0651	0.0658	0.0769	0.0988	0.1437
2463	0.1078	0.1376	0.1202	0.1212	0.1293	0.1360	0.1132	0.1390	0.1250	0.1079	0.1166	0.0912	0.1212	0.1383	0.1298	0.0958	0.0891	0.0951	0.1022	0.1253	0.1354	0.0742	0.0738	0.0618	0.0627	0.0791	0.0924	0.1468
2464	0.1139	0.1364	0.1167	0.1253	0.1260	0.1354	0.1136	0.1327	0.1327	0.1113	0.1186	0.0912	0.1219	0.1361	0.1219	0.1006	0.0941	0.1010	0.0944	0.1269	0.1355	0.0643	0.0756	0.0564	0.0628	0.0836	0.0890	0.1433
2465	0.1237	0.1354	0.1114	0.1284	0.1144	0.1345	0.1143	0.1274	0.1339	0.1137	0.1150	0.0919	0.1191	0.1316	0.1172	0.0998	0.1006	0.1058	0.0922	0.1303	0.1344	0.0611	0.0769	0.0535	0.0726	0.0778	0.0875	0.1384
2466	0.1322	0.1309	0.1089	0.1321	0.0992	0.1356	0.1159	0.1304	0.1285	0.1185	0.1106	0.0945	0.1188	0.1272	0.1133	0.0969	0.1086	0.1086	0.0954	0.1326	0.1330	0.0646	0.0772	0.0514	0.0855	0.0666	0.0850	0.1336
2467	0.1278	0.1288	0.1038	0.1296	0.0923	0.1331	0.1215	0.1338	0.1177	0.1160	0.1153	0.0971	0.1140	0.1245	0.1101	0.0947	0.1059	0.1098	0.0993	0.1252	0.1340	0.0725	0.0766	0.0577	0.0895	0.0610	0.0872	0.1276
2468	0.1177	0.1342	0.0967	0.1214	0.0884	0.1319	0.1282	0.1368	0.1037	0.1079	0.1267	0.0966	0.1000	0.1272	0.1074	0.0953	0.0991	0.1116	0.1016	0.1156	0.1356	0.0841	0.0760	0.0720	0.0837	0.0574	0.0947	0.1184
2469	0.1111	0.1348	0.1045	0.1161	0.0966	0.1341	0.1393	0.1311	0.1033	0.1008	0.1358	0.0988	0.0908	0.1354	0.1092	0.0955	0.0934	0.1135	0.1020	0.1107	0.1324	0.0871	0.0694	0.0778	0.0722	0.0622	0.1001	0.1093
2470	0.1047	0.1323	0.1138	0.1124	0.1107	0.1345	0.1535	0.1223	0.1077	0.0960	0.1425	0.1020	0.0858	0.1441	0.1131	0.0942	0.0897	0.1149	0.1012	0.1083	0.1303	0.0820	0.0565	0.0771	0.0692	0.0743	0.1003	0.1031
2471	0.1034	0.1288	0.1180	0.1093	0.1076	0.1306	0.1482	0.1333	0.1092	0.0934	0.1386	0.1030	0.0966	0.1502	0.1204	0.0945	0.0915	0.1117	0.1069	0.1111	0.1302	0.0748	0.0507	0.0799	0.0715	0.0869	0.0985	0.0993
2472	0.1074	0.1239	0.1250	0.1065	0.0977	0.1248	0.1344	0.1459	0.1134	0.0884	0.1289	0.1034	0.1171	0.1536	0.1287	0.0945	0.0949	0.1105	0.1170	0.1123	0.1315	0.0675	0.0535	0.0874	0.0679	0.0948	0.0979	0.0930
2473	0.1160	0.1213	0.1250	0.1056	0.0949	0.1250	0.1257	0.1538	0.1184	0.0942	0.1207	0.1017	0.1310	0.1466	0.1264	0.0887	0.1009	0.1103	0.1215	0.1096	0.1406	0.0651	0.0618	0.0888	0.0654	0.0925	0.0935	0.0943
2474	0.1220	0.1189	0.1201	0.1061	0.0985	0.1239	0.1216	0.1682	0.1237	0.1059	0.1132	0.1022	0.1404	0.1362	0.1256	0.0799	0.1021	0.1058	0.1202	0.1011	0.1463	0.0698	0.0678	0.0845	0.0652	0.0874	0.0911	0.1018
2475	0.1113	0.1171	0.1076	0.1067	0.1054	0.1203	0.1185	0.1670	0.1252	0.1122	0.1177	0.1048	0.1351	0.1318	0.1213	0.0739	0.1074	0.1005	0.1184	0.1020	0.1464	0.0818	0.0838	0.0870	0.0657	0.0872	0.0879	0.1008
2476	0.0998	0.1121	0.0931	0.1098	0.1124	0.1210	0.1106	0.1560	0.1242	0.1151	0.1291	0.1080	0.1270	0.1301	0.1135	0.0706	0.1209	0.0914	0.1226	0.1178	0.1446	0.0964	0.1043	0.0936	0.0665	0.0948	0.0805	0.0978
2477	0.0954	0.1151	0.0878	0.1067	0.1110	0.1202	0.1212	0.1406	0.1263	0.1203	0.1255	0.1014	0.1280	0.1501	0.1183	0.0695	0.1221	0.0888	0.1283	0.1241	0.1306	0.0976	0.0904	0.0873	0.0539	0.1046	0.0738	0.0974
2478	0.0877	0.1197	0.0865	0.1000	0.1060	0.1193	0.1407	0.1262	0.1268	0.1222	0.1117	0.0954	0.1299	0.1718	0.1236	0.0687	0.1127	0.0941	0.1327	0.1243	0.1150	0.0932	0.0659	0.0742	0.0352	0.1038	0.0667	0.0986
2479	0.0737	0.1204	0.0995	0.1103	0.1199	0.1188	0.1414	0.1053	0.1230	0.1165	0.1111	0.0916	0.1161	0.1599	0.1244	0.0756	0.1110	0.1017	0.1462	0.1293	0.1146	0.0878	0.0467	0.0700	0.0307	0.1048	0.0701	0.1148
2480	0.0625	0.1287	0.1130	0.1249	0.1399	0.1180	0.1391	0.0815	0.1218	0.1143	0.1139	0.0808	0.0997	0.1415	0.1243	0.0788	0.1219	0.1053	0.1606	0.1339	0.1204	0.0757	0.0259	0.0687	0.0332	0.1102	0.0758	0.1252
2481	0.0784	0.1277	0.1174	0.1297	0.1342	0.1239	0.1445	0.0838	0.1329	0.1124	0.1151	0.0918	0.1011	0.1274	0.1243	0.0831	0.1256	0.1025	0.1518	0.1297	0.1382	0.0669	0.0169	0.0683	0.0541	0.1194	0.0837	0.1268
2482	0.1002	0.1180	0.1179	0.1320	0.1219	0.1305	0.1519	0.0874	0.1488	0.1095	0.1161	0.1077	0.1011	0.1130	0.1307	0.0898	0.1207	0.0988	0.1328	0.1237	0.1645	0.0648	0.0127	0.0707	0.0747	0.1354	0.1026	0.1272
2483	0.1119	0.1103	0.1176	0.1325	0.1140	0.1225	0.1610	0.0952	0.1645	0.1110	0.1111	0.1057	0.1064	0.1147	0.1540	0.0940	0.1116	0.0978	0.1083	0.1316	0.1700	0.0580	0.0277	0.0725	0.0630	0.1351	0.1137	0.1317
2484	0.1209	0.1052	0.1217	0.1362	0.1080	0.1074	0.1636	0.1111	0.1787	0.1143	0.1105	0.0989	0.1184	0.1270	0.1756	0.1060	0.1038	0.0989	0.0902	0.1399	0.1629	0.0444	0.0464	0.0731	0.0508	0.1362	0.1107	0.1488
2485	0.1166	0.0966	0.0978	0.1421	0.0974	0.1104	0.1483	0.1302	0.1853	0.1250	0.1088	0.1024	0.1369	0.1207	0.1789	0.1071	0.0936	0.1074	0.0937	0.1277	0.1517	0.0327	0.0558	0.0810	0.0546	0.1137	0.1173	0.1527
2486	0.1147	0.0905	0.0711	0.1424	0.0856	0.1224	0.1338	0.1412	0.1857	0.1372	0.1068	0.1069	0.1609	0.1104	0.1786	0.1005	0.0804	0.1192	0.1045	0.1146	0.1468	0.0314	0.0618	0.0874	0.0596	0.0791	0.1309	0.1443
2487	0.1183	0.0938	0.0832	0.1287	0.0755	0.1320	0.1384	0.1381	0.1632	0.1459	0.1164	0.1052	0.1578	0.1184	0.1719	0.0845	0.0858	0.1191	0.1244	0.1128	0.1506	0.0640	0.0696	0.0934	0.0712	0.0728	0.1427	0.1244
2488	0.1087	0.0957	0.1036	0.1144	0.0659	0.1408	0.1487	0.1397	0.1386	0.1579	0.1211	0.1084	0.1324	0.1275	0.1641	0.0643	0.0997	0.1171	0.1498	0.1094	0.1526	0.0981	0.0810	0.1069	0.0897	0.0669	0.1498	0.1072
2489	0.0985	0.0998	0.1100	0.1235	0.0701	0.1552	0.1390	0.1450	0.1234	0.1687	0.1264	0.1292	0.1163	0.1245	0.1713	0.0634	0.1031	0.1197	0.1686	0.1111	0.1568	0.1073	0.0943	0.1240	0.1055	0.0702	0.1482	0.1108
2490	0.0945	0.1043	0.1031	0.1387	0.0789	0.1707	0.1226	0.1500	0.1124	0.1777	0.1292	0.1500	0.1127	0.1139	0.1759	0.0647	0.1004	0.1109	0.1733	0.1179	0.1688	0.1069	0.1069	0.1354	0.1083	0.0830	0.1482	0.1140
2491	0.0960	0.0970	0.0870	0.1259	0.0831	0.1584	0.1239	0.1593	0.1194	0.1712	0.1140	0.1370	0.1192	0.1046	0.1540	0.0538	0.0952	0.0900	0.1434	0.1315	0.1727	0.0808	0.0837	0.1123	0.0863	0.0858	0.1370	0.1473
2492	0.0994	0.0892	0.0764	0.1087	0.0844	0.1404	0.1300	0.1646	0.1270	0.1591	0.1134	0.1165	0.1308	0.1070	0.1267	0.0404	0.0929	0.0803	0.1049	0.1407	0.1742	0.0496	0.0632	0.0846	0.0672	0.0811	0.1244	0.1930
2493	0.1090	0.1009	0.0836	0.1054	0.0911	0.1312	0.1285	0.1461	0.1470	0.1270	0.1320	0.0863	0.1322	0.1088	0.1209	0.0430	0.0723	0.0873	0.0898	0.1295	0.1736	0.0440	0.0832	0.0839	0.0522	0.0716	0.1226	0.1883
2494	0.1200	0.1110	0.0978	0.0905	0.0947	0.1309	0.1210	0.1244	0.1756	0.0841	0.1389	0.0543	0.1358	0.1076	0.1275	0.0535	0.0557	0.0977	0.0825	0.1203	0.1566	0.0503	0.0987	0.0824	0.0375	0.0697	0.1230	0.1695
2495	0.1215	0.1050	0.1192	0.0924	0.0946	0.1541	0.1032	0.1061	0.1888	0.0857	0.1330	0.0484	0.1659	0.1335	0.1385	0.0352	0.0881	0.1087	0.0631	0.1375	0.1538	0.0615	0.0870	0.0686	0.0456	0.0705	0.1166	0.1588
2496	0.1206	0.1025	0.1401	0.1212	0.0868	0.1711	0.0848	0.0822	0.1921	0.0982	0.1246	0.0544	0.1866	0.1580	0.1458	0.0023	0.1221	0.1129	0.0565	0.1668	0.1685	0.0723	0.0632	0.0590	0.0537	0.0665	0.1078	0.1371
2497	0.1026	0.1058	0.1525	0.1217	0.0725	0.1626	0.0971	0.0648	0.1847	0.0782	0.1325	0.0765	0.1574	0.1621	0.1440	0.0113	0.1126	0.1242	0.0863	0.1788	0.1816	0.0574	0.0488	0.0774	0.0463	0.0658	0.1113	0.1090
2498	0.0840	0.1046	0.1616	0.1055	0.0562	0.1407	0.1191	0.0607	0.1691	0.0561	0.1458	0.1066	0.1277	0.1682	0.1383	0.0446	0.1039	0.1450	0.1079	0.1741	0.1907	0.0397	0.0494	0.1027	0.0434	0.0685	0.1230	0.0917
2499	0.0889	0.0857	0.1476	0.1155	0.0301	0.0917	0.1365	0.0728	0.1603	0.0395	0.1502	0.1076	0.1071	0.1658	0.1107	0.0653	0.1229	0.1621	0.1081	0.1151	0.1721	0.0564	0.0812	0.1059	0.0661	0.0734	0.1394	0.1006
2500	0.0891	0.0624	0.1196	0.1240	0.0224	0.0585	0.1519	0.0985	0.1756	0.0406	0.1585	0.0836	0.0918	0.1550	0.0778	0.0736	0.1284	0.1664	0.1199	0.0617	0.1409	0.0916	0.1079	0.0990	0.0921	0.0740	0.1421	0.1171
