Wvl	1	2	3	4	5	6	7	8	9	10	11	12	13	14	15	16	17	18	19	20	21	22	23	24	25	26	27	28
350	0.0515	0.0662	0.0630	0.0471	0.0378	0.0580	0.0628	0.0638	0.0558	0.0279	0.0375	0.0398	0.0428	0.0540	0.0637	0.0111	0.0127	0.0150	0.0220	0.0418	0.0589	0.0011	0.0000	0.0004	0.0000	0.0081	0.0180	0.0561
351	0.0529	0.0610	0.0572	0.0392	0.0416	0.0667	0.0531	0.0669	0.0545	0.0269	0.0266	0.0465	0.0411	0.0526	0.0610	0.0081	0.0088	0.0189	0.0237	0.0348	0.0586	0.0000	0.0000	0.0036	0.0041	0.0103	0.0212	0.0513
352	0.0622	0.0650	0.0626	0.0500	0.0459	0.0605	0.0663	0.0652	0.0653	0.0291	0.0325	0.0477	0.0476	0.0570	0.0660	0.0195	0.0106	0.0222	0.0302	0.0486	0.0711	0.0000	0.0000	0.0066	0.0068	0.0150	0.0274	0.0563
353	0.0604	0.0628	0.0589	0.0512	0.0440	0.0546	0.0660	0.0640	0.0648	0.0279	0.0332	0.0455	0.0486	0.0560	0.0652	0.0195	0.0113	0.0196	0.0300	0.0490	0.0718	0.0009	0.0000	0.0070	0.0063	0.0125	0.0264	0.0569
354	0.0531	0.0577	0.0507	0.0460	0.0384	0.0506	0.0574	0.0629	0.0576	0.0246	0.0304	0.0413	0.0461	0.0522	0.0616	0.0122	0.0117	0.0144	0.0255	0.0414	0.0653	0.0010	0.0000	0.0056	0.0049	0.0064	0.0223	0.0554
355	0.0612	0.0636	0.0554	0.0450	0.0377	0.0551	0.0602	0.0606	0.0596	0.0247	0.0307	0.0402	0.0466	0.0551	0.0664	0.0119	0.0176	0.0190	0.0252	0.0437	0.0678	0.0034	0.0002	0.0043	0.0115	0.0087	0.0309	0.0618
356	0.0619	0.0642	0.0541	0.0437	0.0364	0.0544	0.0605	0.0607	0.0555	0.0235	0.0295	0.0377	0.0460	0.0574	0.0661	0.0130	0.0159	0.0201	0.0257	0.0446	0.0677	0.0032	0.0009	0.0029	0.0081	0.0112	0.0292	0.0649
357	0.0601	0.0640	0.0529	0.0439	0.0366	0.0533	0.0607	0.0622	0.0524	0.0231	0.0294	0.0368	0.0460	0.0589	0.0650	0.0156	0.0135	0.0194	0.0265	0.0456	0.0679	0.0033	0.0016	0.0034	0.0048	0.0146	0.0271	0.0656
358	0.0601	0.0679	0.0588	0.0488	0.0414	0.0564	0.0629	0.0649	0.0586	0.0265	0.0341	0.0415	0.0489	0.0593	0.0677	0.0211	0.0174	0.0176	0.0274	0.0486	0.0718	0.0066	0.0074	0.0091	0.0132	0.0204	0.0356	0.0638
359	0.0580	0.0633	0.0561	0.0474	0.0377	0.0540	0.0603	0.0622	0.0590	0.0274	0.0347	0.0413	0.0475	0.0575	0.0676	0.0193	0.0181	0.0209	0.0297	0.0488	0.0730	0.0049	0.0078	0.0099	0.0130	0.0165	0.0342	0.0625
360	0.0568	0.0595	0.0535	0.0462	0.0352	0.0530	0.0592	0.0603	0.0584	0.0270	0.0338	0.0404	0.0471	0.0577	0.0668	0.0174	0.0174	0.0229	0.0322	0.0491	0.0732	0.0038	0.0072	0.0092	0.0117	0.0136	0.0329	0.0633
361	0.0574	0.0589	0.0537	0.0468	0.0366	0.0553	0.0616	0.0608	0.0579	0.0254	0.0319	0.0396	0.0490	0.0608	0.0661	0.0174	0.0154	0.0220	0.0346	0.0503	0.0729	0.0050	0.0067	0.0080	0.0112	0.0148	0.0343	0.0667
362	0.0581	0.0583	0.0527	0.0456	0.0396	0.0556	0.0608	0.0593	0.0574	0.0243	0.0345	0.0363	0.0475	0.0591	0.0674	0.0158	0.0161	0.0243	0.0325	0.0491	0.0731	0.0077	0.0083	0.0079	0.0108	0.0165	0.0330	0.0694
363	0.0587	0.0590	0.0518	0.0449	0.0393	0.0541	0.0609	0.0591	0.0566	0.0248	0.0341	0.0373	0.0474	0.0584	0.0677	0.0150	0.0180	0.0226	0.0312	0.0493	0.0724	0.0092	0.0085	0.0082	0.0115	0.0167	0.0329	0.0699
364	0.0589	0.0606	0.0514	0.0449	0.0365	0.0518	0.0614	0.0599	0.0557	0.0267	0.0316	0.0413	0.0482	0.0588	0.0676	0.0149	0.0205	0.0187	0.0308	0.0505	0.0715	0.0096	0.0075	0.0088	0.0130	0.0159	0.0338	0.0689
365	0.0567	0.0598	0.0529	0.0463	0.0358	0.0551	0.0592	0.0591	0.0548	0.0289	0.0317	0.0393	0.0460	0.0608	0.0694	0.0176	0.0191	0.0222	0.0311	0.0499	0.0741	0.0092	0.0073	0.0093	0.0139	0.0163	0.0345	0.0680
366	0.0579	0.0609	0.0541	0.0469	0.0378	0.0559	0.0604	0.0608	0.0573	0.0301	0.0329	0.0407	0.0466	0.0619	0.0694	0.0194	0.0187	0.0234	0.0334	0.0498	0.0750	0.0102	0.0081	0.0108	0.0151	0.0193	0.0369	0.0687
367	0.0592	0.0622	0.0549	0.0472	0.0397	0.0558	0.0621	0.0625	0.0599	0.0298	0.0342	0.0424	0.0481	0.0623	0.0689	0.0199	0.0191	0.0234	0.0353	0.0499	0.0755	0.0108	0.0090	0.0117	0.0157	0.0220	0.0385	0.0696
368	0.0562	0.0613	0.0547	0.0477	0.0378	0.0563	0.0611	0.0608	0.0586	0.0261	0.0339	0.0408	0.0485	0.0620	0.0692	0.0183	0.0207	0.0234	0.0338	0.0499	0.0767	0.0080	0.0091	0.0092	0.0137	0.0203	0.0359	0.0689
369	0.0550	0.0602	0.0541	0.0464	0.0375	0.0544	0.0591	0.0603	0.0574	0.0252	0.0329	0.0398	0.0494	0.0605	0.0701	0.0178	0.0197	0.0244	0.0337	0.0489	0.0762	0.0094	0.0092	0.0098	0.0145	0.0198	0.0355	0.0689
370	0.0552	0.0603	0.0543	0.0459	0.0378	0.0538	0.0593	0.0605	0.0577	0.0258	0.0332	0.0401	0.0504	0.0607	0.0706	0.0189	0.0197	0.0255	0.0341	0.0489	0.0763	0.0114	0.0102	0.0114	0.0156	0.0201	0.0365	0.0696
371	0.0568	0.0623	0.0560	0.0471	0.0383	0.0560	0.0634	0.0616	0.0601	0.0277	0.0354	0.0423	0.0514	0.0637	0.0704	0.0218	0.0221	0.0264	0.0350	0.0509	0.0779	0.0130	0.0124	0.0132	0.0159	0.0210	0.0388	0.0711
372	0.0578	0.0626	0.0559	0.0470	0.0392	0.0561	0.0617	0.0628	0.0597	0.0287	0.0352	0.0415	0.0516	0.0636	0.0705	0.0212	0.0215	0.0265	0.0350	0.0522	0.0766	0.0136	0.0111	0.0127	0.0169	0.0220	0.0382	0.0702
373	0.0587	0.0635	0.0558	0.0481	0.0399	0.0569	0.0614	0.0638	0.0603	0.0292	0.0359	0.0422	0.0517	0.0635	0.0716	0.0218	0.0218	0.0269	0.0352	0.0530	0.0766	0.0138	0.0117	0.0128	0.0166	0.0231	0.0380	0.0709
374	0.0594	0.0649	0.0558	0.0499	0.0402	0.0580	0.0624	0.0645	0.0616	0.0293	0.0373	0.0440	0.0518	0.0637	0.0733	0.0234	0.0229	0.0274	0.0357	0.0533	0.0778	0.0135	0.0138	0.0133	0.0153	0.0242	0.0383	0.0729
375	0.0591	0.0642	0.0551	0.0492	0.0408	0.0564	0.0620	0.0639	0.0611	0.0299	0.0351	0.0431	0.0519	0.0635	0.0727	0.0223	0.0222	0.0263	0.0366	0.0528	0.0782	0.0121	0.0120	0.0130	0.0165	0.0237	0.0404	0.0719
376	0.0586	0.0628	0.0542	0.0489	0.0407	0.0566	0.0613	0.0632	0.0603	0.0288	0.0346	0.0418	0.0510	0.0625	0.0718	0.0214	0.0216	0.0257	0.0362	0.0521	0.0779	0.0125	0.0117	0.0126	0.0163	0.0235	0.0399	0.0713
377	0.0584	0.0620	0.0539	0.0490	0.0404	0.0575	0.0612	0.0629	0.0598	0.0278	0.0350	0.0410	0.0505	0.0618	0.0715	0.0211	0.0216	0.0260	0.0356	0.0519	0.0778	0.0137	0.0125	0.0124	0.0160	0.0236	0.0387	0.0712
378	0.0598	0.0640	0.0566	0.0498	0.0404	0.0579	0.0636	0.0635	0.0611	0.0294	0.0358	0.0428	0.0524	0.0631	0.0734	0.0223	0.0236	0.0281	0.0361	0.0538	0.0795	0.0142	0.0141	0.0131	0.0178	0.0244	0.0403	0.0726
379	0.0591	0.0635	0.0561	0.0483	0.0404	0.0574	0.0632	0.0629	0.0604	0.0293	0.0361	0.0427	0.0523	0.0630	0.0722	0.0212	0.0228	0.0285	0.0351	0.0535	0.0794	0.0140	0.0126	0.0134	0.0169	0.0233	0.0396	0.0722
380	0.0587	0.0628	0.0553	0.0474	0.0402	0.0572	0.0625	0.0624	0.0598	0.0291	0.0357	0.0419	0.0518	0.0628	0.0709	0.0208	0.0219	0.0281	0.0348	0.0526	0.0789	0.0132	0.0113	0.0135	0.0159	0.0224	0.0386	0.0718
381	0.0594	0.0629	0.0553	0.0482	0.0399	0.0578	0.0629	0.0626	0.0601	0.0294	0.0348	0.0410	0.0514	0.0630	0.0710	0.0226	0.0217	0.0271	0.0362	0.0515	0.0784	0.0118	0.0117	0.0132	0.0158	0.0223	0.0379	0.0720
382	0.0609	0.0634	0.0570	0.0507	0.0408	0.0584	0.0635	0.0633	0.0618	0.0306	0.0362	0.0428	0.0521	0.0645	0.0729	0.0233	0.0231	0.0282	0.0375	0.0527	0.0788	0.0133	0.0132	0.0140	0.0166	0.0234	0.0402	0.0726
383	0.0606	0.0640	0.0569	0.0511	0.0412	0.0581	0.0635	0.0637	0.0618	0.0307	0.0371	0.0436	0.0524	0.0648	0.0740	0.0235	0.0234	0.0284	0.0374	0.0535	0.0788	0.0141	0.0136	0.0139	0.0168	0.0234	0.0406	0.0730
384	0.0589	0.0646	0.0552	0.0495	0.0412	0.0573	0.0629	0.0640	0.0603	0.0300	0.0376	0.0432	0.0524	0.0638	0.0741	0.0235	0.0229	0.0277	0.0361	0.0538	0.0787	0.0143	0.0128	0.0132	0.0167	0.0227	0.0391	0.0732
385	0.0593	0.0651	0.0571	0.0512	0.0434	0.0595	0.0637	0.0654	0.0616	0.0313	0.0379	0.0444	0.0537	0.0651	0.0743	0.0242	0.0242	0.0294	0.0379	0.0546	0.0798	0.0154	0.0144	0.0143	0.0176	0.0246	0.0415	0.0742
386	0.0609	0.0660	0.0579	0.0518	0.0438	0.0600	0.0647	0.0658	0.0625	0.0322	0.0385	0.0448	0.0540	0.0658	0.0748	0.0244	0.0253	0.0300	0.0380	0.0554	0.0806	0.0161	0.0144	0.0147	0.0181	0.0254	0.0421	0.0748
387	0.0625	0.0668	0.0582	0.0518	0.0435	0.0596	0.0655	0.0657	0.0631	0.0328	0.0391	0.0447	0.0540	0.0660	0.0753	0.0242	0.0259	0.0300	0.0374	0.0558	0.0808	0.0163	0.0137	0.0149	0.0184	0.0256	0.0418	0.0749
388	0.0617	0.0663	0.0580	0.0516	0.0434	0.0599	0.0652	0.0658	0.0625	0.0332	0.0389	0.0448	0.0544	0.0655	0.0754	0.0237	0.0253	0.0296	0.0380	0.0551	0.0792	0.0158	0.0137	0.0148	0.0191	0.0255	0.0413	0.0744
389	0.0626	0.0665	0.0597	0.0526	0.0441	0.0612	0.0657	0.0669	0.0637	0.0340	0.0393	0.0454	0.0547	0.0664	0.0757	0.0247	0.0260	0.0304	0.0390	0.0562	0.0804	0.0163	0.0146	0.0153	0.0193	0.0262	0.0421	0.0745
390	0.0635	0.0666	0.0606	0.0533	0.0447	0.0620	0.0662	0.0674	0.0647	0.0343	0.0395	0.0459	0.0548	0.0672	0.0758	0.0258	0.0265	0.0310	0.0399	0.0569	0.0816	0.0165	0.0153	0.0159	0.0192	0.0264	0.0425	0.0748
391	0.0634	0.0662	0.0594	0.0529	0.0449	0.0616	0.0664	0.0665	0.0644	0.0334	0.0391	0.0459	0.0545	0.0669	0.0752	0.0262	0.0260	0.0307	0.0405	0.0563	0.0817	0.0160	0.0152	0.0164	0.0188	0.0257	0.0417	0.0749
392	0.0632	0.0665	0.0589	0.0527	0.0446	0.0618	0.0659	0.0664	0.0644	0.0330	0.0396	0.0464	0.0552	0.0664	0.0755	0.0259	0.0262	0.0304	0.0405	0.0564	0.0818	0.0169	0.0151	0.0164	0.0192	0.0252	0.0416	0.0750
393	0.0636	0.0670	0.0590	0.0528	0.0444	0.0616	0.0658	0.0666	0.0644	0.0335	0.0402	0.0465	0.0557	0.0663	0.0761	0.0260	0.0262	0.0305	0.0400	0.0564	0.0821	0.0175	0.0151	0.0165	0.0193	0.0253	0.0420	0.0752
394	0.0644	0.0675	0.0596	0.0530	0.0444	0.0609	0.0664	0.0672	0.0647	0.0347	0.0407	0.0462	0.0557	0.0666	0.0770	0.0267	0.0262	0.0310	0.0393	0.0564	0.0827	0.0176	0.0152	0.0167	0.0190	0.0263	0.0426	0.0756
395	0.0643	0.0680	0.0596	0.0540	0.0462	0.0622	0.0669	0.0677	0.0654	0.0347	0.0408	0.0467	0.0564	0.0671	0.0775	0.0277	0.0278	0.0313	0.0402	0.0570	0.0830	0.0177	0.0159	0.0167	0.0200	0.0274	0.0425	0.0766
396	0.0649	0.0687	0.0604	0.0545	0.0471	0.0631	0.0673	0.0681	0.0660	0.0349	0.0415	0.0472	0.0566	0.0678	0.0780	0.0282	0.0282	0.0317	0.0412	0.0577	0.0830	0.0182	0.0163	0.0171	0.0205	0.0275	0.0432	0.0764
397	0.0656	0.0692	0.0613	0.0547	0.0474	0.0635	0.0677	0.0685	0.0666	0.0352	0.0425	0.0476	0.0566	0.0685	0.0783	0.0282	0.0279	0.0321	0.0419	0.0583	0.0831	0.0187	0.0164	0.0177	0.0207	0.0270	0.0441	0.0758
398	0.0649	0.0689	0.0612	0.0551	0.0471	0.0631	0.0681	0.0688	0.0670	0.0355	0.0434	0.0472	0.0565	0.0686	0.0782	0.0274	0.0278	0.0321	0.0415	0.0583	0.0841	0.0186	0.0171	0.0176	0.0204	0.0274	0.0438	0.0762
399	0.0648	0.0695	0.0616	0.0553	0.0469	0.0632	0.0689	0.0686	0.0667	0.0360	0.0430	0.0475	0.0569	0.0689	0.0781	0.0277	0.0277	0.0325	0.0420	0.0583	0.0838	0.0187	0.0169	0.0178	0.0209	0.0279	0.0447	0.0763
400	0.0651	0.0700	0.0620	0.0555	0.0471	0.0633	0.0692	0.0684	0.0666	0.0366	0.0425	0.0480	0.0574	0.0692	0.0783	0.0284	0.0280	0.0328	0.0423	0.0585	0.0836	0.0192	0.0168	0.0182	0.0214	0.0281	0.0453	0.0766
401	0.0659	0.0699	0.0620	0.0558	0.0475	0.0631	0.0686	0.0688	0.0672	0.0370	0.0430	0.0482	0.0578	0.0693	0.0794	0.0290	0.0290	0.0330	0.0418	0.0589	0.0840	0.0199	0.0172	0.0184	0.0213	0.0282	0.0448	0.0775
402	0.0662	0.0700	0.0624	0.0556	0.0480	0.0635	0.0691	0.0694	0.0675	0.0369	0.0430	0.0485	0.0570	0.0691	0.0793	0.0284	0.0286	0.0333	0.0418	0.0587	0.0841	0.0196	0.0168	0.0184	0.0212	0.0279	0.0444	0.0772
403	0.0666	0.0703	0.0625	0.0558	0.0485	0.0642	0.0695	0.0700	0.0680	0.0372	0.0434	0.0488	0.0572	0.0694	0.0796	0.0284	0.0289	0.0336	0.0421	0.0590	0.0845	0.0196	0.0173	0.0188	0.0213	0.0279	0.0443	0.0772
404	0.0672	0.0708	0.0622	0.0566	0.0488	0.0653	0.0697	0.0707	0.0688	0.0380	0.0441	0.0491	0.0586	0.0705	0.0805	0.0290	0.0302	0.0341	0.0427	0.0598	0.0855	0.0201	0.0189	0.0198	0.0218	0.0282	0.0444	0.0775
405	0.0673	0.0714	0.0633	0.0574	0.0490	0.0653	0.0697	0.0704	0.0687	0.0380	0.0444	0.0485	0.0588	0.0703	0.0799	0.0297	0.0299	0.0340	0.0430	0.0602	0.0851	0.0209	0.0185	0.0193	0.0232	0.0288	0.0448	0.0779
406	0.0674	0.0715	0.0637	0.0576	0.0494	0.0649	0.0697	0.0699	0.0689	0.0383	0.0444	0.0487	0.0590	0.0700	0.0800	0.0299	0.0295	0.0340	0.0431	0.0600	0.0850	0.0211	0.0180	0.0188	0.0228	0.0286	0.0453	0.0776
407	0.0674	0.0712	0.0636	0.0574	0.0499	0.0645	0.0698	0.0696	0.0691	0.0387	0.0443	0.0492	0.0591	0.0696	0.0804	0.0297	0.0292	0.0340	0.0431	0.0596	0.0852	0.0210	0.0178	0.0184	0.0215	0.0283	0.0457	0.0771
408	0.0675	0.0709	0.0634	0.0578	0.0502	0.0653	0.0700	0.0705	0.0688	0.0386	0.0449	0.0495	0.0586	0.0700	0.0807	0.0296	0.0294	0.0336	0.0429	0.0591	0.0851	0.0214	0.0184	0.0186	0.0215	0.0288	0.0455	0.0772
409	0.0679	0.0714	0.0637	0.0573	0.0498	0.0656	0.0704	0.0706	0.0688	0.0386	0.0446	0.0496	0.0588	0.0704	0.0806	0.0296	0.0297	0.0338	0.0432	0.0591	0.0851	0.0206	0.0186	0.0191	0.0220	0.0292	0.0448	0.0774
410	0.0684	0.0719	0.0640	0.0570	0.0498	0.0661	0.0707	0.0706	0.0689	0.0387	0.0445	0.0498	0.0592	0.0707	0.0805	0.0298	0.0301	0.0343	0.0434	0.0595	0.0853	0.0201	0.0187	0.0196	0.0227	0.0294	0.0446	0.0779
411	0.0688	0.0719	0.0640	0.0579	0.0507	0.0673	0.0704	0.0709	0.0693	0.0390	0.0454	0.0501	0.0598	0.0709	0.0808	0.0304	0.0306	0.0346	0.0433	0.0602	0.0857	0.0208	0.0190	0.0200	0.0233	0.0291	0.0457	0.0789
412	0.0684	0.0728	0.0639	0.0581	0.0507	0.0670	0.0706	0.0718	0.0691	0.0386	0.0456	0.0499	0.0600	0.0708	0.0814	0.0305	0.0309	0.0349	0.0441	0.0604	0.0859	0.0209	0.0193	0.0198	0.0233	0.0297	0.0460	0.0787
413	0.0686	0.0732	0.0642	0.0584	0.0509	0.0668	0.0708	0.0721	0.0695	0.0389	0.0460	0.0503	0.0601	0.0712	0.0818	0.0309	0.0311	0.0353	0.0449	0.0608	0.0866	0.0211	0.0194	0.0199	0.0235	0.0300	0.0463	0.0790
414	0.0694	0.0730	0.0648	0.0592	0.0515	0.0671	0.0708	0.0715	0.0705	0.0402	0.0467	0.0513	0.0599	0.0720	0.0821	0.0314	0.0312	0.0360	0.0457	0.0614	0.0876	0.0215	0.0194	0.0204	0.0240	0.0298	0.0468	0.0798
415	0.0692	0.0733	0.0649	0.0594	0.0512	0.0671	0.0713	0.0719	0.0706	0.0398	0.0461	0.0509	0.0604	0.0715	0.0821	0.0315	0.0308	0.0357	0.0445	0.0611	0.0871	0.0218	0.0193	0.0203	0.0235	0.0300	0.0466	0.0791
416	0.0694	0.0736	0.0653	0.0595	0.0516	0.0674	0.0717	0.0723	0.0708	0.0402	0.0462	0.0513	0.0606	0.0717	0.0821	0.0317	0.0311	0.0358	0.0447	0.0614	0.0871	0.0220	0.0194	0.0203	0.0231	0.0302	0.0465	0.0791
417	0.0698	0.0739	0.0657	0.0597	0.0524	0.0678	0.0722	0.0726	0.0710	0.0408	0.0465	0.0519	0.0607	0.0722	0.0821	0.0320	0.0317	0.0360	0.0456	0.0619	0.0875	0.0220	0.0197	0.0205	0.0230	0.0305	0.0467	0.0795
418	0.0703	0.0743	0.0660	0.0598	0.0527	0.0682	0.0729	0.0729	0.0712	0.0409	0.0467	0.0523	0.0612	0.0729	0.0823	0.0323	0.0320	0.0361	0.0454	0.0621	0.0880	0.0220	0.0201	0.0210	0.0238	0.0309	0.0474	0.0801
419	0.0702	0.0745	0.0662	0.0606	0.0524	0.0685	0.0730	0.0732	0.0716	0.0413	0.0471	0.0524	0.0614	0.0733	0.0829	0.0324	0.0321	0.0365	0.0458	0.0625	0.0884	0.0224	0.0203	0.0210	0.0240	0.0310	0.0474	0.0802
420	0.0702	0.0746	0.0665	0.0611	0.0524	0.0686	0.0729	0.0734	0.0719	0.0416	0.0475	0.0524	0.0615	0.0735	0.0833	0.0325	0.0323	0.0368	0.0461	0.0627	0.0885	0.0229	0.0204	0.0209	0.0241	0.0310	0.0474	0.0803
421	0.0707	0.0746	0.0670	0.0608	0.0532	0.0686	0.0730	0.0736	0.0718	0.0415	0.0477	0.0525	0.0616	0.0734	0.0833	0.0331	0.0325	0.0368	0.0460	0.0629	0.0883	0.0232	0.0207	0.0212	0.0244	0.0310	0.0477	0.0808
422	0.0708	0.0752	0.0672	0.0610	0.0533	0.0687	0.0732	0.0737	0.0723	0.0418	0.0476	0.0527	0.0619	0.0740	0.0832	0.0332	0.0329	0.0375	0.0463	0.0628	0.0884	0.0233	0.0208	0.0214	0.0245	0.0307	0.0477	0.0809
423	0.0711	0.0757	0.0675	0.0612	0.0535	0.0692	0.0734	0.0740	0.0727	0.0423	0.0479	0.0529	0.0622	0.0745	0.0837	0.0333	0.0331	0.0378	0.0466	0.0629	0.0888	0.0233	0.0209	0.0214	0.0246	0.0311	0.0478	0.0809
424	0.0718	0.0760	0.0679	0.0613	0.0540	0.0702	0.0737	0.0745	0.0729	0.0428	0.0486	0.0531	0.0626	0.0747	0.0848	0.0333	0.0333	0.0376	0.0469	0.0633	0.0892	0.0234	0.0211	0.0213	0.0247	0.0322	0.0481	0.0809
425	0.0721	0.0760	0.0680	0.0617	0.0542	0.0703	0.0741	0.0750	0.0736	0.0430	0.0490	0.0536	0.0630	0.0749	0.0849	0.0340	0.0335	0.0379	0.0469	0.0636	0.0896	0.0236	0.0213	0.0218	0.0249	0.0320	0.0483	0.0814
426	0.0725	0.0764	0.0683	0.0624	0.0547	0.0706	0.0745	0.0755	0.0739	0.0431	0.0492	0.0539	0.0632	0.0750	0.0853	0.0343	0.0340	0.0383	0.0474	0.0638	0.0900	0.0239	0.0214	0.0222	0.0252	0.0321	0.0485	0.0815
427	0.0729	0.0771	0.0686	0.0632	0.0553	0.0710	0.0749	0.0758	0.0741	0.0433	0.0495	0.0542	0.0634	0.0749	0.0858	0.0345	0.0347	0.0387	0.0479	0.0640	0.0903	0.0244	0.0216	0.0226	0.0256	0.0325	0.0487	0.0815
428	0.0734	0.0770	0.0688	0.0632	0.0555	0.0713	0.0748	0.0759	0.0748	0.0436	0.0502	0.0543	0.0639	0.0753	0.0856	0.0346	0.0347	0.0386	0.0478	0.0641	0.0902	0.0247	0.0222	0.0227	0.0259	0.0328	0.0490	0.0821
429	0.0735	0.0772	0.0689	0.0632	0.0558	0.0714	0.0750	0.0758	0.0747	0.0437	0.0502	0.0544	0.0642	0.0755	0.0855	0.0346	0.0344	0.0387	0.0478	0.0641	0.0904	0.0246	0.0221	0.0225	0.0257	0.0327	0.0492	0.0823
430	0.0735	0.0774	0.0691	0.0634	0.0561	0.0715	0.0753	0.0759	0.0746	0.0438	0.0500	0.0547	0.0643	0.0757	0.0858	0.0347	0.0344	0.0389	0.0479	0.0642	0.0907	0.0247	0.0220	0.0225	0.0255	0.0327	0.0493	0.0824
431	0.0741	0.0778	0.0695	0.0640	0.0564	0.0720	0.0759	0.0766	0.0753	0.0443	0.0503	0.0553	0.0643	0.0761	0.0868	0.0350	0.0351	0.0393	0.0483	0.0647	0.0911	0.0251	0.0226	0.0230	0.0257	0.0329	0.0494	0.0827
432	0.0746	0.0785	0.0704	0.0645	0.0571	0.0725	0.0764	0.0770	0.0760	0.0449	0.0510	0.0557	0.0650	0.0767	0.0874	0.0358	0.0355	0.0398	0.0488	0.0652	0.0916	0.0255	0.0230	0.0232	0.0263	0.0333	0.0499	0.0829
433	0.0750	0.0791	0.0711	0.0650	0.0576	0.0730	0.0770	0.0775	0.0766	0.0454	0.0515	0.0562	0.0654	0.0773	0.0879	0.0363	0.0358	0.0403	0.0492	0.0657	0.0921	0.0258	0.0232	0.0236	0.0268	0.0337	0.0504	0.0833
434	0.0754	0.0797	0.0714	0.0654	0.0577	0.0736	0.0776	0.0782	0.0768	0.0460	0.0519	0.0569	0.0656	0.0778	0.0881	0.0362	0.0361	0.0407	0.0494	0.0659	0.0923	0.0263	0.0233	0.0243	0.0271	0.0340	0.0507	0.0838
435	0.0758	0.0799	0.0717	0.0657	0.0581	0.0737	0.0777	0.0784	0.0773	0.0465	0.0523	0.0571	0.0661	0.0782	0.0887	0.0366	0.0365	0.0408	0.0498	0.0665	0.0927	0.0264	0.0236	0.0242	0.0273	0.0344	0.0507	0.0836
436	0.0762	0.0803	0.0719	0.0662	0.0586	0.0741	0.0780	0.0787	0.0778	0.0469	0.0526	0.0573	0.0665	0.0784	0.0888	0.0370	0.0368	0.0410	0.0501	0.0667	0.0929	0.0266	0.0238	0.0243	0.0275	0.0346	0.0508	0.0837
437	0.0766	0.0808	0.0722	0.0667	0.0592	0.0747	0.0783	0.0791	0.0782	0.0471	0.0529	0.0575	0.0668	0.0787	0.0888	0.0374	0.0369	0.0413	0.0504	0.0668	0.0931	0.0267	0.0239	0.0245	0.0278	0.0346	0.0511	0.0841
438	0.0770	0.0815	0.0731	0.0672	0.0594	0.0754	0.0790	0.0798	0.0787	0.0476	0.0535	0.0579	0.0673	0.0793	0.0899	0.0382	0.0373	0.0418	0.0508	0.0672	0.0939	0.0272	0.0243	0.0249	0.0278	0.0349	0.0515	0.0846
439	0.0776	0.0819	0.0734	0.0675	0.0600	0.0758	0.0795	0.0801	0.0790	0.0480	0.0539	0.0584	0.0677	0.0797	0.0902	0.0384	0.0376	0.0422	0.0511	0.0677	0.0945	0.0274	0.0246	0.0251	0.0281	0.0353	0.0517	0.0850
440	0.0782	0.0822	0.0736	0.0679	0.0606	0.0761	0.0799	0.0804	0.0794	0.0484	0.0543	0.0588	0.0680	0.0801	0.0904	0.0386	0.0380	0.0425	0.0515	0.0681	0.0948	0.0276	0.0248	0.0253	0.0284	0.0356	0.0520	0.0854
441	0.0786	0.0826	0.0742	0.0687	0.0612	0.0766	0.0804	0.0808	0.0798	0.0488	0.0548	0.0591	0.0683	0.0805	0.0909	0.0389	0.0386	0.0429	0.0518	0.0685	0.0951	0.0281	0.0250	0.0256	0.0287	0.0357	0.0524	0.0857
442	0.0791	0.0832	0.0748	0.0690	0.0614	0.0770	0.0806	0.0813	0.0803	0.0495	0.0553	0.0597	0.0689	0.0810	0.0914	0.0394	0.0387	0.0433	0.0523	0.0689	0.0954	0.0282	0.0252	0.0260	0.0289	0.0362	0.0528	0.0858
443	0.0795	0.0836	0.0752	0.0693	0.0617	0.0773	0.0808	0.0818	0.0808	0.0500	0.0556	0.0602	0.0694	0.0813	0.0918	0.0398	0.0390	0.0435	0.0526	0.0692	0.0956	0.0284	0.0254	0.0262	0.0291	0.0365	0.0531	0.0859
444	0.0798	0.0837	0.0754	0.0696	0.0621	0.0776	0.0810	0.0820	0.0810	0.0501	0.0557	0.0602	0.0698	0.0812	0.0920	0.0398	0.0395	0.0437	0.0527	0.0696	0.0959	0.0288	0.0255	0.0263	0.0292	0.0364	0.0530	0.0861
445	0.0801	0.0842	0.0757	0.0699	0.0626	0.0780	0.0814	0.0824	0.0813	0.0503	0.0559	0.0605	0.0699	0.0816	0.0923	0.0402	0.0395	0.0439	0.0530	0.0697	0.0960	0.0288	0.0257	0.0264	0.0294	0.0365	0.0532	0.0865
446	0.0804	0.0846	0.0760	0.0702	0.0629	0.0783	0.0818	0.0826	0.0816	0.0505	0.0563	0.0607	0.0701	0.0820	0.0926	0.0403	0.0398	0.0440	0.0533	0.0699	0.0963	0.0289	0.0260	0.0265	0.0297	0.0367	0.0533	0.0867
447	0.0807	0.0848	0.0762	0.0705	0.0630	0.0785	0.0822	0.0829	0.0818	0.0508	0.0566	0.0610	0.0703	0.0824	0.0928	0.0403	0.0401	0.0442	0.0536	0.0701	0.0967	0.0291	0.0263	0.0267	0.0300	0.0371	0.0535	0.0870
448	0.0811	0.0851	0.0765	0.0708	0.0635	0.0790	0.0825	0.0832	0.0822	0.0512	0.0570	0.0614	0.0707	0.0825	0.0932	0.0407	0.0404	0.0446	0.0535	0.0703	0.0971	0.0294	0.0263	0.0270	0.0299	0.0371	0.0538	0.0872
449	0.0814	0.0853	0.0769	0.0711	0.0638	0.0793	0.0828	0.0836	0.0826	0.0514	0.0572	0.0617	0.0709	0.0828	0.0936	0.0411	0.0406	0.0449	0.0539	0.0705	0.0973	0.0297	0.0266	0.0272	0.0300	0.0373	0.0540	0.0873
450	0.0816	0.0856	0.0772	0.0714	0.0641	0.0795	0.0830	0.0839	0.0829	0.0516	0.0574	0.0619	0.0710	0.0832	0.0939	0.0413	0.0408	0.0452	0.0544	0.0708	0.0975	0.0299	0.0268	0.0273	0.0301	0.0375	0.0541	0.0875
451	0.0819	0.0859	0.0775	0.0717	0.0644	0.0797	0.0832	0.0841	0.0833	0.0519	0.0576	0.0620	0.0713	0.0834	0.0941	0.0415	0.0409	0.0454	0.0546	0.0710	0.0975	0.0301	0.0268	0.0275	0.0306	0.0375	0.0542	0.0876
452	0.0820	0.0862	0.0777	0.0719	0.0647	0.0800	0.0835	0.0843	0.0833	0.0522	0.0579	0.0621	0.0716	0.0835	0.0944	0.0417	0.0411	0.0455	0.0547	0.0712	0.0977	0.0302	0.0270	0.0276	0.0306	0.0377	0.0545	0.0877
453	0.0821	0.0865	0.0778	0.0721	0.0649	0.0803	0.0837	0.0844	0.0834	0.0524	0.0581	0.0624	0.0718	0.0836	0.0946	0.0419	0.0412	0.0456	0.0547	0.0714	0.0979	0.0303	0.0271	0.0277	0.0306	0.0379	0.0547	0.0877
454	0.0824	0.0867	0.0780	0.0723	0.0650	0.0803	0.0840	0.0845	0.0839	0.0525	0.0585	0.0627	0.0719	0.0839	0.0946	0.0418	0.0412	0.0457	0.0548	0.0717	0.0982	0.0304	0.0271	0.0279	0.0307	0.0381	0.0548	0.0878
455	0.0826	0.0865	0.0780	0.0725	0.0649	0.0804	0.0841	0.0847	0.0839	0.0527	0.0585	0.0627	0.0719	0.0839	0.0946	0.0418	0.0411	0.0456	0.0546	0.0715	0.0982	0.0303	0.0272	0.0276	0.0306	0.0379	0.0547	0.0881
456	0.0827	0.0867	0.0781	0.0726	0.0651	0.0805	0.0841	0.0848	0.0841	0.0528	0.0586	0.0628	0.0720	0.0841	0.0947	0.0419	0.0413	0.0458	0.0549	0.0716	0.0984	0.0303	0.0273	0.0276	0.0306	0.0381	0.0548	0.0883
457	0.0827	0.0870	0.0784	0.0727	0.0654	0.0807	0.0842	0.0849	0.0843	0.0530	0.0587	0.0630	0.0723	0.0843	0.0949	0.0421	0.0417	0.0462	0.0553	0.0718	0.0986	0.0304	0.0274	0.0278	0.0307	0.0383	0.0550	0.0884
458	0.0829	0.0871	0.0784	0.0730	0.0656	0.0807	0.0846	0.0854	0.0843	0.0531	0.0587	0.0631	0.0726	0.0844	0.0952	0.0423	0.0419	0.0462	0.0554	0.0720	0.0988	0.0308	0.0275	0.0280	0.0309	0.0385	0.0551	0.0886
459	0.0830	0.0871	0.0785	0.0731	0.0656	0.0808	0.0846	0.0855	0.0843	0.0532	0.0587	0.0631	0.0727	0.0843	0.0952	0.0425	0.0419	0.0462	0.0555	0.0720	0.0987	0.0308	0.0275	0.0280	0.0311	0.0384	0.0551	0.0886
460	0.0830	0.0872	0.0786	0.0731	0.0655	0.0809	0.0846	0.0854	0.0844	0.0533	0.0586	0.0632	0.0726	0.0843	0.0952	0.0426	0.0419	0.0463	0.0555	0.0720	0.0986	0.0307	0.0276	0.0279	0.0311	0.0383	0.0551	0.0886
461	0.0832	0.0871	0.0788	0.0732	0.0659	0.0811	0.0846	0.0854	0.0846	0.0532	0.0589	0.0631	0.0725	0.0844	0.0956	0.0426	0.0418	0.0465	0.0555	0.0721	0.0988	0.0307	0.0276	0.0280	0.0311	0.0385	0.0551	0.0886
462	0.0833	0.0874	0.0788	0.0732	0.0659	0.0813	0.0847	0.0855	0.0847	0.0534	0.0591	0.0633	0.0727	0.0846	0.0956	0.0426	0.0420	0.0465	0.0556	0.0722	0.0989	0.0308	0.0277	0.0281	0.0312	0.0386	0.0552	0.0887
463	0.0834	0.0876	0.0789	0.0733	0.0660	0.0814	0.0848	0.0857	0.0848	0.0536	0.0593	0.0634	0.0728	0.0847	0.0956	0.0427	0.0421	0.0465	0.0557	0.0723	0.0990	0.0309	0.0278	0.0282	0.0313	0.0387	0.0554	0.0888
464	0.0837	0.0878	0.0792	0.0736	0.0663	0.0815	0.0850	0.0858	0.0849	0.0538	0.0594	0.0636	0.0730	0.0849	0.0958	0.0430	0.0422	0.0466	0.0560	0.0725	0.0992	0.0311	0.0279	0.0284	0.0315	0.0387	0.0556	0.0890
465	0.0836	0.0877	0.0792	0.0736	0.0663	0.0814	0.0849	0.0856	0.0850	0.0538	0.0594	0.0635	0.0728	0.0850	0.0959	0.0431	0.0422	0.0466	0.0558	0.0725	0.0993	0.0310	0.0279	0.0283	0.0313	0.0387	0.0555	0.0889
466	0.0837	0.0878	0.0792	0.0738	0.0663	0.0814	0.0851	0.0857	0.0852	0.0539	0.0594	0.0637	0.0729	0.0851	0.0960	0.0431	0.0423	0.0467	0.0558	0.0726	0.0994	0.0311	0.0279	0.0283	0.0314	0.0388	0.0556	0.0890
467	0.0839	0.0879	0.0794	0.0740	0.0664	0.0816	0.0853	0.0861	0.0854	0.0541	0.0596	0.0640	0.0730	0.0853	0.0961	0.0431	0.0426	0.0470	0.0560	0.0727	0.0995	0.0313	0.0280	0.0285	0.0317	0.0389	0.0557	0.0892
468	0.0841	0.0881	0.0795	0.0740	0.0665	0.0819	0.0854	0.0861	0.0853	0.0542	0.0599	0.0640	0.0733	0.0853	0.0962	0.0432	0.0426	0.0469	0.0561	0.0728	0.0995	0.0314	0.0281	0.0285	0.0317	0.0390	0.0556	0.0891
469	0.0841	0.0883	0.0797	0.0741	0.0666	0.0820	0.0854	0.0861	0.0854	0.0542	0.0599	0.0641	0.0734	0.0854	0.0963	0.0432	0.0426	0.0470	0.0561	0.0729	0.0997	0.0314	0.0282	0.0285	0.0317	0.0390	0.0557	0.0892
470	0.0841	0.0884	0.0798	0.0742	0.0667	0.0820	0.0854	0.0861	0.0856	0.0542	0.0598	0.0641	0.0735	0.0854	0.0964	0.0433	0.0426	0.0471	0.0562	0.0730	0.0998	0.0314	0.0282	0.0285	0.0317	0.0390	0.0557	0.0893
471	0.0843	0.0884	0.0798	0.0742	0.0670	0.0822	0.0855	0.0863	0.0858	0.0544	0.0599	0.0641	0.0736	0.0854	0.0965	0.0435	0.0427	0.0472	0.0564	0.0729	0.0997	0.0313	0.0281	0.0285	0.0319	0.0392	0.0557	0.0893
472	0.0844	0.0884	0.0799	0.0744	0.0671	0.0822	0.0856	0.0865	0.0859	0.0545	0.0600	0.0643	0.0736	0.0855	0.0967	0.0435	0.0428	0.0472	0.0565	0.0730	0.0998	0.0315	0.0282	0.0287	0.0318	0.0392	0.0558	0.0895
473	0.0845	0.0885	0.0800	0.0746	0.0672	0.0823	0.0858	0.0866	0.0860	0.0546	0.0601	0.0645	0.0737	0.0856	0.0967	0.0435	0.0430	0.0472	0.0566	0.0731	0.1000	0.0316	0.0284	0.0288	0.0318	0.0392	0.0560	0.0896
474	0.0846	0.0888	0.0802	0.0746	0.0673	0.0823	0.0859	0.0867	0.0862	0.0547	0.0602	0.0645	0.0738	0.0858	0.0967	0.0438	0.0432	0.0474	0.0566	0.0733	0.1001	0.0316	0.0285	0.0289	0.0320	0.0393	0.0562	0.0896
475	0.0847	0.0889	0.0804	0.0749	0.0675	0.0827	0.0861	0.0868	0.0864	0.0549	0.0605	0.0648	0.0739	0.0860	0.0970	0.0438	0.0433	0.0476	0.0566	0.0734	0.1003	0.0319	0.0286	0.0289	0.0320	0.0394	0.0562	0.0897
476	0.0848	0.0889	0.0805	0.0751	0.0676	0.0828	0.0862	0.0870	0.0864	0.0550	0.0606	0.0648	0.0740	0.0861	0.0972	0.0439	0.0432	0.0477	0.0567	0.0735	0.1004	0.0319	0.0286	0.0289	0.0320	0.0395	0.0562	0.0898
477	0.0848	0.0890	0.0806	0.0751	0.0676	0.0828	0.0862	0.0871	0.0862	0.0550	0.0606	0.0648	0.0742	0.0862	0.0973	0.0438	0.0433	0.0478	0.0569	0.0735	0.1003	0.0317	0.0285	0.0290	0.0322	0.0395	0.0561	0.0899
478	0.0851	0.0893	0.0808	0.0752	0.0679	0.0831	0.0864	0.0872	0.0866	0.0553	0.0609	0.0651	0.0743	0.0864	0.0973	0.0442	0.0435	0.0480	0.0570	0.0736	0.1006	0.0320	0.0287	0.0292	0.0323	0.0396	0.0564	0.0899
479	0.0855	0.0895	0.0810	0.0754	0.0680	0.0833	0.0867	0.0875	0.0869	0.0556	0.0610	0.0654	0.0745	0.0865	0.0976	0.0444	0.0437	0.0481	0.0572	0.0739	0.1008	0.0322	0.0289	0.0293	0.0324	0.0397	0.0566	0.0901
480	0.0857	0.0898	0.0811	0.0757	0.0682	0.0835	0.0869	0.0878	0.0872	0.0558	0.0612	0.0655	0.0748	0.0866	0.0978	0.0445	0.0439	0.0481	0.0574	0.0741	0.1010	0.0323	0.0290	0.0294	0.0325	0.0399	0.0567	0.0904
481	0.0857	0.0900	0.0813	0.0760	0.0685	0.0837	0.0869	0.0879	0.0872	0.0558	0.0613	0.0656	0.0750	0.0868	0.0980	0.0446	0.0440	0.0482	0.0576	0.0743	0.1010	0.0325	0.0290	0.0293	0.0327	0.0399	0.0568	0.0903
482	0.0860	0.0902	0.0815	0.0762	0.0687	0.0839	0.0871	0.0881	0.0875	0.0559	0.0616	0.0657	0.0752	0.0870	0.0981	0.0448	0.0441	0.0484	0.0577	0.0744	0.1011	0.0326	0.0291	0.0296	0.0328	0.0400	0.0569	0.0906
483	0.0863	0.0903	0.0817	0.0764	0.0689	0.0841	0.0873	0.0883	0.0878	0.0562	0.0618	0.0659	0.0753	0.0871	0.0983	0.0450	0.0441	0.0486	0.0577	0.0744	0.1014	0.0326	0.0293	0.0298	0.0328	0.0401	0.0569	0.0908
484	0.0864	0.0905	0.0819	0.0765	0.0692	0.0842	0.0875	0.0884	0.0879	0.0565	0.0619	0.0662	0.0754	0.0874	0.0986	0.0452	0.0442	0.0487	0.0580	0.0745	0.1017	0.0325	0.0295	0.0301	0.0328	0.0403	0.0570	0.0907
485	0.0867	0.0907	0.0822	0.0768	0.0694	0.0844	0.0877	0.0887	0.0881	0.0567	0.0620	0.0663	0.0756	0.0875	0.0988	0.0453	0.0444	0.0489	0.0581	0.0748	0.1018	0.0328	0.0295	0.0301	0.0331	0.0405	0.0572	0.0908
486	0.0870	0.0909	0.0825	0.0771	0.0697	0.0847	0.0880	0.0889	0.0884	0.0570	0.0623	0.0665	0.0759	0.0877	0.0989	0.0455	0.0447	0.0491	0.0583	0.0750	0.1020	0.0331	0.0297	0.0301	0.0333	0.0406	0.0575	0.0910
487	0.0874	0.0913	0.0829	0.0774	0.0700	0.0851	0.0883	0.0892	0.0888	0.0572	0.0628	0.0669	0.0762	0.0880	0.0991	0.0458	0.0450	0.0494	0.0586	0.0751	0.1023	0.0333	0.0300	0.0302	0.0335	0.0408	0.0578	0.0913
488	0.0877	0.0915	0.0832	0.0777	0.0701	0.0853	0.0887	0.0894	0.0889	0.0574	0.0629	0.0671	0.0763	0.0883	0.0993	0.0459	0.0453	0.0495	0.0588	0.0754	0.1023	0.0333	0.0300	0.0303	0.0336	0.0409	0.0577	0.0913
489	0.0879	0.0918	0.0834	0.0780	0.0704	0.0855	0.0889	0.0897	0.0891	0.0576	0.0632	0.0672	0.0766	0.0886	0.0997	0.0461	0.0454	0.0497	0.0589	0.0756	0.1026	0.0334	0.0301	0.0304	0.0338	0.0411	0.0577	0.0915
490	0.0882	0.0921	0.0836	0.0783	0.0707	0.0857	0.0891	0.0900	0.0895	0.0579	0.0635	0.0674	0.0769	0.0889	0.1001	0.0463	0.0455	0.0500	0.0591	0.0758	0.1029	0.0336	0.0303	0.0306	0.0339	0.0412	0.0579	0.0918
491	0.0885	0.0926	0.0840	0.0786	0.0713	0.0863	0.0895	0.0904	0.0898	0.0583	0.0637	0.0679	0.0773	0.0892	0.1004	0.0467	0.0457	0.0502	0.0595	0.0761	0.1033	0.0337	0.0306	0.0309	0.0340	0.0415	0.0582	0.0920
492	0.0888	0.0928	0.0843	0.0788	0.0716	0.0866	0.0897	0.0907	0.0902	0.0587	0.0641	0.0682	0.0775	0.0894	0.1006	0.0469	0.0458	0.0503	0.0596	0.0763	0.1035	0.0340	0.0306	0.0310	0.0341	0.0416	0.0583	0.0922
493	0.0891	0.0931	0.0846	0.0791	0.0718	0.0868	0.0900	0.0909	0.0906	0.0590	0.0643	0.0684	0.0776	0.0897	0.1009	0.0471	0.0461	0.0505	0.0598	0.0765	0.1037	0.0342	0.0307	0.0311	0.0342	0.0417	0.0585	0.0923
494	0.0894	0.0936	0.0851	0.0795	0.0722	0.0871	0.0904	0.0912	0.0910	0.0591	0.0645	0.0689	0.0779	0.0900	0.1014	0.0475	0.0465	0.0508	0.0600	0.0770	0.1039	0.0346	0.0309	0.0314	0.0344	0.0420	0.0589	0.0925
495	0.0900	0.0939	0.0854	0.0800	0.0725	0.0876	0.0908	0.0917	0.0914	0.0596	0.0650	0.0691	0.0783	0.0904	0.1017	0.0478	0.0469	0.0511	0.0603	0.0772	0.1043	0.0348	0.0312	0.0317	0.0347	0.0422	0.0591	0.0928
496	0.0903	0.0942	0.0857	0.0804	0.0729	0.0880	0.0911	0.0920	0.0917	0.0599	0.0653	0.0693	0.0786	0.0907	0.1020	0.0480	0.0471	0.0513	0.0606	0.0774	0.1045	0.0349	0.0314	0.0319	0.0349	0.0423	0.0592	0.0931
497	0.0905	0.0945	0.0859	0.0807	0.0733	0.0882	0.0914	0.0923	0.0918	0.0600	0.0655	0.0695	0.0788	0.0909	0.1022	0.0480	0.0473	0.0515	0.0609	0.0776	0.1047	0.0350	0.0315	0.0320	0.0351	0.0423	0.0594	0.0932
498	0.0911	0.0952	0.0866	0.0812	0.0738	0.0888	0.0920	0.0928	0.0924	0.0605	0.0661	0.0700	0.0794	0.0913	0.1028	0.0484	0.0477	0.0521	0.0613	0.0780	0.1053	0.0353	0.0319	0.0322	0.0354	0.0428	0.0597	0.0935
499	0.0915	0.0955	0.0869	0.0816	0.0741	0.0891	0.0923	0.0931	0.0927	0.0609	0.0664	0.0703	0.0797	0.0916	0.1032	0.0488	0.0480	0.0523	0.0615	0.0783	0.1055	0.0354	0.0321	0.0323	0.0355	0.0430	0.0598	0.0936
500	0.0918	0.0957	0.0871	0.0819	0.0743	0.0892	0.0924	0.0933	0.0930	0.0612	0.0666	0.0706	0.0799	0.0920	0.1034	0.0491	0.0481	0.0524	0.0617	0.0786	0.1057	0.0356	0.0323	0.0323	0.0355	0.0430	0.0600	0.0938
501	0.0921	0.0961	0.0877	0.0822	0.0747	0.0898	0.0929	0.0938	0.0935	0.0616	0.0669	0.0710	0.0803	0.0923	0.1037	0.0494	0.0483	0.0527	0.0620	0.0789	0.1060	0.0359	0.0324	0.0325	0.0359	0.0433	0.0602	0.0941
502	0.0925	0.0966	0.0881	0.0827	0.0752	0.0902	0.0934	0.0943	0.0939	0.0620	0.0674	0.0714	0.0806	0.0927	0.1041	0.0497	0.0487	0.0530	0.0624	0.0791	0.1064	0.0361	0.0326	0.0328	0.0361	0.0435	0.0605	0.0944
503	0.0930	0.0970	0.0885	0.0832	0.0757	0.0906	0.0938	0.0948	0.0943	0.0624	0.0678	0.0718	0.0809	0.0931	0.1045	0.0501	0.0491	0.0533	0.0628	0.0793	0.1068	0.0364	0.0329	0.0331	0.0363	0.0437	0.0607	0.0946
504	0.0934	0.0973	0.0890	0.0837	0.0761	0.0912	0.0942	0.0951	0.0946	0.0629	0.0683	0.0722	0.0814	0.0935	0.1049	0.0503	0.0495	0.0536	0.0630	0.0797	0.1071	0.0367	0.0331	0.0334	0.0366	0.0440	0.0608	0.0949
505	0.0937	0.0978	0.0893	0.0839	0.0764	0.0915	0.0944	0.0954	0.0951	0.0632	0.0684	0.0725	0.0818	0.0938	0.1052	0.0506	0.0496	0.0539	0.0631	0.0801	0.1073	0.0368	0.0332	0.0334	0.0367	0.0442	0.0611	0.0951
506	0.0941	0.0982	0.0896	0.0843	0.0768	0.0918	0.0948	0.0958	0.0955	0.0635	0.0687	0.0728	0.0822	0.0941	0.1056	0.0508	0.0498	0.0542	0.0634	0.0804	0.1076	0.0370	0.0334	0.0336	0.0369	0.0445	0.0613	0.0953
507	0.0946	0.0985	0.0900	0.0847	0.0772	0.0921	0.0952	0.0962	0.0958	0.0639	0.0692	0.0733	0.0825	0.0945	0.1060	0.0511	0.0502	0.0546	0.0638	0.0807	0.1081	0.0373	0.0336	0.0339	0.0370	0.0447	0.0614	0.0956
508	0.0951	0.0990	0.0906	0.0852	0.0777	0.0926	0.0957	0.0967	0.0965	0.0643	0.0696	0.0735	0.0828	0.0949	0.1064	0.0515	0.0505	0.0549	0.0642	0.0810	0.1084	0.0376	0.0339	0.0341	0.0373	0.0448	0.0619	0.0959
509	0.0955	0.0995	0.0910	0.0855	0.0781	0.0930	0.0961	0.0970	0.0968	0.0647	0.0699	0.0739	0.0831	0.0952	0.1068	0.0519	0.0508	0.0551	0.0645	0.0812	0.1087	0.0378	0.0340	0.0343	0.0375	0.0450	0.0621	0.0961
510	0.0958	0.0999	0.0912	0.0859	0.0785	0.0932	0.0965	0.0973	0.0970	0.0651	0.0702	0.0743	0.0834	0.0956	0.1072	0.0521	0.0510	0.0553	0.0647	0.0814	0.1090	0.0380	0.0342	0.0345	0.0376	0.0453	0.0622	0.0964
511	0.0963	0.1004	0.0917	0.0864	0.0790	0.0938	0.0968	0.0978	0.0975	0.0655	0.0707	0.0746	0.0837	0.0960	0.1075	0.0524	0.0513	0.0556	0.0650	0.0818	0.1094	0.0383	0.0346	0.0348	0.0379	0.0454	0.0624	0.0965
512	0.0968	0.1009	0.0922	0.0868	0.0793	0.0943	0.0972	0.0983	0.0981	0.0658	0.0711	0.0750	0.0843	0.0964	0.1079	0.0528	0.0516	0.0560	0.0653	0.0821	0.1097	0.0386	0.0349	0.0351	0.0381	0.0457	0.0627	0.0969
513	0.0972	0.1013	0.0926	0.0872	0.0796	0.0948	0.0977	0.0986	0.0986	0.0662	0.0715	0.0754	0.0847	0.0967	0.1082	0.0531	0.0520	0.0563	0.0655	0.0824	0.1100	0.0388	0.0351	0.0352	0.0383	0.0459	0.0630	0.0971
514	0.0974	0.1017	0.0928	0.0876	0.0799	0.0950	0.0980	0.0989	0.0989	0.0664	0.0717	0.0757	0.0850	0.0971	0.1086	0.0532	0.0521	0.0565	0.0658	0.0827	0.1103	0.0390	0.0351	0.0354	0.0385	0.0461	0.0631	0.0973
515	0.0981	0.1022	0.0933	0.0882	0.0805	0.0956	0.0985	0.0995	0.0993	0.0669	0.0722	0.0760	0.0853	0.0975	0.1091	0.0536	0.0525	0.0569	0.0662	0.0831	0.1106	0.0393	0.0354	0.0356	0.0388	0.0463	0.0634	0.0975
516	0.0986	0.1026	0.0938	0.0887	0.0811	0.0961	0.0990	0.1000	0.0997	0.0674	0.0726	0.0764	0.0857	0.0979	0.1095	0.0540	0.0529	0.0573	0.0666	0.0835	0.1109	0.0396	0.0356	0.0359	0.0390	0.0466	0.0636	0.0977
517	0.0989	0.1029	0.0943	0.0891	0.0816	0.0964	0.0995	0.1004	0.1002	0.0678	0.0730	0.0767	0.0861	0.0982	0.1098	0.0544	0.0533	0.0576	0.0669	0.0839	0.1113	0.0397	0.0357	0.0360	0.0391	0.0468	0.0637	0.0981
518	0.0993	0.1034	0.0948	0.0895	0.0819	0.0968	0.0996	0.1008	0.1006	0.0683	0.0734	0.0770	0.0866	0.0986	0.1104	0.0547	0.0535	0.0579	0.0672	0.0841	0.1117	0.0400	0.0361	0.0363	0.0394	0.0470	0.0640	0.0983
519	0.0997	0.1038	0.0952	0.0899	0.0823	0.0971	0.1001	0.1011	0.1010	0.0686	0.0737	0.0775	0.0869	0.0989	0.1108	0.0550	0.0537	0.0583	0.0675	0.0844	0.1121	0.0401	0.0363	0.0365	0.0396	0.0472	0.0643	0.0985
520	0.1002	0.1043	0.0956	0.0903	0.0828	0.0974	0.1006	0.1015	0.1015	0.0690	0.0741	0.0779	0.0871	0.0993	0.1111	0.0554	0.0540	0.0585	0.0677	0.0847	0.1124	0.0403	0.0365	0.0367	0.0398	0.0475	0.0646	0.0987
521	0.1007	0.1048	0.0961	0.0908	0.0833	0.0979	0.1010	0.1019	0.1018	0.0694	0.0746	0.0783	0.0877	0.0998	0.1116	0.0557	0.0545	0.0588	0.0681	0.0851	0.1127	0.0408	0.0367	0.0369	0.0401	0.0477	0.0648	0.0990
522	0.1011	0.1052	0.0966	0.0912	0.0837	0.0984	0.1014	0.1024	0.1023	0.0698	0.0749	0.0787	0.0880	0.1002	0.1120	0.0560	0.0548	0.0590	0.0684	0.0854	0.1130	0.0410	0.0369	0.0372	0.0403	0.0479	0.0650	0.0993
523	0.1016	0.1056	0.0971	0.0916	0.0841	0.0989	0.1019	0.1029	0.1028	0.0703	0.0753	0.0791	0.0884	0.1006	0.1124	0.0563	0.0551	0.0593	0.0688	0.0857	0.1134	0.0413	0.0372	0.0374	0.0405	0.0482	0.0653	0.0996
524	0.1022	0.1062	0.0975	0.0923	0.0847	0.0994	0.1024	0.1033	0.1033	0.0708	0.0758	0.0796	0.0888	0.1010	0.1128	0.0567	0.0555	0.0598	0.0692	0.0861	0.1139	0.0415	0.0376	0.0377	0.0409	0.0486	0.0656	0.1000
525	0.1026	0.1066	0.0979	0.0928	0.0850	0.0998	0.1028	0.1037	0.1037	0.0712	0.0763	0.0799	0.0893	0.1014	0.1132	0.0570	0.0558	0.0600	0.0696	0.0864	0.1141	0.0418	0.0378	0.0379	0.0411	0.0487	0.0658	0.1001
526	0.1030	0.1070	0.0983	0.0932	0.0854	0.1003	0.1032	0.1042	0.1041	0.0716	0.0766	0.0803	0.0897	0.1018	0.1136	0.0573	0.0561	0.0603	0.0699	0.0868	0.1144	0.0420	0.0379	0.0381	0.0413	0.0489	0.0660	0.1004
527	0.1034	0.1075	0.0987	0.0935	0.0860	0.1008	0.1036	0.1047	0.1045	0.0721	0.0770	0.0806	0.0900	0.1022	0.1141	0.0576	0.0564	0.0607	0.0702	0.0872	0.1147	0.0421	0.0381	0.0383	0.0415	0.0492	0.0662	0.1008
528	0.1039	0.1081	0.0992	0.0940	0.0864	0.1012	0.1040	0.1052	0.1051	0.0724	0.0774	0.0811	0.0904	0.1026	0.1145	0.0581	0.0567	0.0610	0.0704	0.0875	0.1151	0.0424	0.0384	0.0385	0.0417	0.0494	0.0666	0.1010
529	0.1044	0.1085	0.0997	0.0945	0.0868	0.1016	0.1044	0.1056	0.1056	0.0728	0.0778	0.0815	0.0908	0.1030	0.1149	0.0584	0.0570	0.0613	0.0707	0.0878	0.1155	0.0427	0.0387	0.0387	0.0418	0.0496	0.0669	0.1012
530	0.1048	0.1089	0.1002	0.0951	0.0872	0.1020	0.1049	0.1060	0.1060	0.0732	0.0782	0.0819	0.0912	0.1034	0.1153	0.0587	0.0573	0.0617	0.0710	0.0881	0.1158	0.0430	0.0389	0.0389	0.0420	0.0499	0.0672	0.1015
531	0.1054	0.1094	0.1007	0.0955	0.0878	0.1025	0.1055	0.1064	0.1065	0.0736	0.0787	0.0823	0.0917	0.1039	0.1157	0.0590	0.0577	0.0621	0.0714	0.0885	0.1163	0.0434	0.0391	0.0392	0.0424	0.0502	0.0674	0.1018
532	0.1059	0.1099	0.1012	0.0960	0.0884	0.1031	0.1059	0.1069	0.1071	0.0742	0.0791	0.0827	0.0921	0.1043	0.1163	0.0594	0.0581	0.0624	0.0718	0.0888	0.1167	0.0436	0.0393	0.0395	0.0427	0.0505	0.0676	0.1020
533	0.1064	0.1104	0.1017	0.0965	0.0889	0.1037	0.1064	0.1074	0.1076	0.0747	0.0796	0.0832	0.0925	0.1048	0.1168	0.0598	0.0585	0.0627	0.0722	0.0892	0.1171	0.0439	0.0396	0.0398	0.0429	0.0507	0.0679	0.1023
534	0.1069	0.1110	0.1022	0.0971	0.0894	0.1040	0.1069	0.1079	0.1080	0.0751	0.0801	0.0836	0.0929	0.1053	0.1171	0.0601	0.0588	0.0631	0.0726	0.0895	0.1175	0.0441	0.0398	0.0400	0.0432	0.0510	0.0681	0.1026
535	0.1074	0.1115	0.1027	0.0976	0.0898	0.1046	0.1073	0.1085	0.1085	0.0756	0.0805	0.0841	0.0934	0.1057	0.1176	0.0606	0.0592	0.0635	0.0730	0.0899	0.1179	0.0444	0.0401	0.0402	0.0434	0.0512	0.0683	0.1029
536	0.1080	0.1121	0.1033	0.0981	0.0903	0.1052	0.1078	0.1090	0.1090	0.0761	0.0809	0.0845	0.0939	0.1062	0.1181	0.0610	0.0596	0.0638	0.0734	0.0904	0.1183	0.0447	0.0404	0.0405	0.0436	0.0514	0.0686	0.1033
537	0.1085	0.1126	0.1038	0.0985	0.0908	0.1056	0.1084	0.1095	0.1095	0.0766	0.0815	0.0850	0.0944	0.1066	0.1185	0.0614	0.0599	0.0642	0.0737	0.0907	0.1187	0.0450	0.0407	0.0407	0.0439	0.0517	0.0690	0.1035
538	0.1090	0.1131	0.1043	0.0991	0.0914	0.1062	0.1089	0.1099	0.1100	0.0770	0.0819	0.0854	0.0947	0.1071	0.1190	0.0617	0.0602	0.0646	0.0740	0.0912	0.1191	0.0453	0.0410	0.0410	0.0442	0.0519	0.0692	0.1038
539	0.1096	0.1136	0.1049	0.0997	0.0919	0.1067	0.1094	0.1105	0.1106	0.0775	0.0824	0.0859	0.0951	0.1076	0.1196	0.0621	0.0607	0.0649	0.0743	0.0916	0.1196	0.0456	0.0412	0.0413	0.0445	0.0522	0.0695	0.1041
540	0.1102	0.1143	0.1054	0.1003	0.0925	0.1073	0.1099	0.1111	0.1112	0.0781	0.0829	0.0864	0.0957	0.1080	0.1202	0.0626	0.0612	0.0653	0.0748	0.0920	0.1200	0.0459	0.0415	0.0416	0.0448	0.0526	0.0699	0.1044
541	0.1107	0.1148	0.1060	0.1009	0.0931	0.1077	0.1105	0.1116	0.1118	0.0786	0.0834	0.0869	0.0963	0.1085	0.1208	0.0630	0.0615	0.0658	0.0752	0.0924	0.1204	0.0462	0.0418	0.0418	0.0450	0.0528	0.0701	0.1048
542	0.1113	0.1154	0.1066	0.1015	0.0937	0.1083	0.1110	0.1121	0.1124	0.0791	0.0839	0.0874	0.0967	0.1090	0.1213	0.0634	0.0619	0.0662	0.0757	0.0927	0.1208	0.0465	0.0421	0.0421	0.0453	0.0531	0.0704	0.1051
543	0.1118	0.1160	0.1071	0.1021	0.0942	0.1089	0.1115	0.1127	0.1129	0.0795	0.0844	0.0878	0.0971	0.1095	0.1217	0.0637	0.0623	0.0665	0.0761	0.0931	0.1212	0.0468	0.0424	0.0425	0.0456	0.0534	0.0707	0.1054
544	0.1124	0.1165	0.1077	0.1025	0.0947	0.1094	0.1121	0.1132	0.1135	0.0800	0.0848	0.0883	0.0976	0.1100	0.1222	0.0642	0.0627	0.0669	0.0765	0.0936	0.1216	0.0472	0.0426	0.0427	0.0459	0.0537	0.0709	0.1057
545	0.1131	0.1171	0.1083	0.1032	0.0953	0.1100	0.1127	0.1138	0.1140	0.0806	0.0854	0.0889	0.0982	0.1106	0.1227	0.0647	0.0630	0.0673	0.0769	0.0940	0.1221	0.0475	0.0430	0.0430	0.0463	0.0541	0.0713	0.1060
546	0.1137	0.1177	0.1089	0.1038	0.0959	0.1106	0.1133	0.1144	0.1146	0.0811	0.0859	0.0894	0.0987	0.1111	0.1233	0.0651	0.0635	0.0677	0.0773	0.0945	0.1226	0.0478	0.0433	0.0433	0.0466	0.0544	0.0716	0.1064
547	0.1142	0.1183	0.1094	0.1043	0.0965	0.1112	0.1138	0.1148	0.1152	0.0816	0.0864	0.0898	0.0992	0.1116	0.1238	0.0655	0.0639	0.0681	0.0777	0.0949	0.1230	0.0480	0.0435	0.0437	0.0467	0.0546	0.0719	0.1067
548	0.1149	0.1190	0.1101	0.1050	0.0972	0.1118	0.1144	0.1154	0.1159	0.0823	0.0869	0.0904	0.0997	0.1122	0.1244	0.0660	0.0643	0.0686	0.0782	0.0954	0.1235	0.0485	0.0439	0.0439	0.0471	0.0549	0.0723	0.1071
549	0.1155	0.1196	0.1107	0.1057	0.0978	0.1124	0.1150	0.1160	0.1165	0.0829	0.0875	0.0910	0.1003	0.1128	0.1250	0.0664	0.0648	0.0690	0.0786	0.0959	0.1240	0.0488	0.0443	0.0442	0.0474	0.0552	0.0726	0.1074
550	0.1161	0.1201	0.1113	0.1063	0.0983	0.1130	0.1156	0.1167	0.1170	0.0834	0.0881	0.0915	0.1008	0.1133	0.1255	0.0668	0.0652	0.0695	0.0790	0.0963	0.1245	0.0492	0.0446	0.0445	0.0478	0.0555	0.0729	0.1077
551	0.1168	0.1208	0.1120	0.1070	0.0990	0.1136	0.1162	0.1172	0.1177	0.0839	0.0887	0.0920	0.1013	0.1139	0.1261	0.0673	0.0657	0.0699	0.0794	0.0967	0.1249	0.0495	0.0448	0.0447	0.0480	0.0559	0.0732	0.1081
552	0.1175	0.1215	0.1127	0.1077	0.0997	0.1143	0.1169	0.1179	0.1184	0.0845	0.0893	0.0926	0.1019	0.1144	0.1267	0.0678	0.0661	0.0704	0.0799	0.0971	0.1254	0.0499	0.0452	0.0451	0.0484	0.0562	0.0736	0.1085
553	0.1181	0.1222	0.1134	0.1084	0.1004	0.1150	0.1176	0.1187	0.1191	0.0852	0.0898	0.0932	0.1025	0.1149	0.1274	0.0683	0.0666	0.0709	0.0805	0.0976	0.1260	0.0502	0.0456	0.0455	0.0487	0.0566	0.0740	0.1088
554	0.1188	0.1228	0.1140	0.1090	0.1010	0.1155	0.1181	0.1193	0.1196	0.0858	0.0904	0.0937	0.1031	0.1155	0.1279	0.0688	0.0671	0.0713	0.0809	0.0981	0.1265	0.0506	0.0459	0.0459	0.0490	0.0569	0.0743	0.1092
555	0.1194	0.1234	0.1147	0.1097	0.1016	0.1161	0.1187	0.1199	0.1203	0.0864	0.0910	0.0942	0.1036	0.1161	0.1285	0.0693	0.0675	0.0718	0.0813	0.0986	0.1269	0.0509	0.0462	0.0462	0.0494	0.0572	0.0747	0.1095
556	0.1201	0.1240	0.1153	0.1104	0.1022	0.1168	0.1193	0.1205	0.1210	0.0870	0.0915	0.0948	0.1042	0.1167	0.1291	0.0697	0.0680	0.0722	0.0818	0.0991	0.1274	0.0513	0.0465	0.0464	0.0497	0.0575	0.0750	0.1099
557	0.1207	0.1247	0.1159	0.1111	0.1029	0.1174	0.1200	0.1211	0.1216	0.0876	0.0921	0.0953	0.1048	0.1173	0.1297	0.0702	0.0684	0.0727	0.0822	0.0996	0.1279	0.0516	0.0468	0.0467	0.0500	0.0578	0.0753	0.1102
558	0.1214	0.1255	0.1166	0.1117	0.1035	0.1181	0.1206	0.1218	0.1223	0.0882	0.0927	0.0960	0.1054	0.1178	0.1302	0.0706	0.0690	0.0732	0.0827	0.1001	0.1284	0.0520	0.0472	0.0471	0.0503	0.0582	0.0756	0.1106
559	0.1222	0.1262	0.1173	0.1124	0.1042	0.1188	0.1212	0.1224	0.1230	0.0888	0.0933	0.0966	0.1060	0.1184	0.1309	0.0712	0.0695	0.0737	0.0832	0.1006	0.1289	0.0524	0.0476	0.0474	0.0506	0.0586	0.0760	0.1109
560	0.1228	0.1269	0.1181	0.1132	0.1049	0.1195	0.1220	0.1231	0.1237	0.0895	0.0940	0.0972	0.1066	0.1191	0.1316	0.0718	0.0700	0.0742	0.0838	0.1011	0.1295	0.0528	0.0479	0.0478	0.0510	0.0589	0.0764	0.1113
561	0.1236	0.1276	0.1188	0.1139	0.1057	0.1201	0.1227	0.1239	0.1245	0.0901	0.0946	0.0979	0.1072	0.1197	0.1323	0.0723	0.0704	0.0747	0.0843	0.1017	0.1301	0.0531	0.0483	0.0481	0.0514	0.0594	0.0768	0.1118
562	0.1242	0.1283	0.1195	0.1146	0.1063	0.1208	0.1233	0.1245	0.1251	0.0908	0.0952	0.0985	0.1078	0.1203	0.1329	0.0728	0.0709	0.0751	0.0847	0.1021	0.1306	0.0535	0.0487	0.0485	0.0517	0.0598	0.0772	0.1122
563	0.1249	0.1290	0.1202	0.1153	0.1068	0.1215	0.1239	0.1252	0.1258	0.0914	0.0958	0.0990	0.1084	0.1210	0.1335	0.0733	0.0714	0.0756	0.0851	0.1026	0.1311	0.0539	0.0491	0.0489	0.0520	0.0601	0.0775	0.1125
564	0.1255	0.1296	0.1208	0.1159	0.1075	0.1221	0.1246	0.1259	0.1265	0.0919	0.0963	0.0996	0.1090	0.1215	0.1341	0.0737	0.0719	0.0761	0.0857	0.1031	0.1315	0.0543	0.0493	0.0492	0.0524	0.0604	0.0779	0.1128
565	0.1262	0.1303	0.1215	0.1166	0.1082	0.1227	0.1252	0.1265	0.1271	0.0925	0.0969	0.1002	0.1095	0.1221	0.1347	0.0742	0.0723	0.0765	0.0862	0.1035	0.1320	0.0546	0.0497	0.0495	0.0527	0.0607	0.0782	0.1132
566	0.1269	0.1310	0.1221	0.1173	0.1089	0.1234	0.1258	0.1271	0.1278	0.0931	0.0975	0.1007	0.1101	0.1227	0.1353	0.0747	0.0728	0.0770	0.0866	0.1040	0.1325	0.0549	0.0500	0.0498	0.0530	0.0610	0.0785	0.1136
567	0.1277	0.1317	0.1229	0.1179	0.1096	0.1241	0.1265	0.1278	0.1284	0.0938	0.0982	0.1014	0.1107	0.1233	0.1360	0.0752	0.0733	0.0775	0.0872	0.1045	0.1331	0.0554	0.0503	0.0502	0.0534	0.0615	0.0790	0.1140
568	0.1284	0.1324	0.1236	0.1187	0.1103	0.1248	0.1272	0.1285	0.1290	0.0944	0.0987	0.1019	0.1113	0.1239	0.1365	0.0757	0.0739	0.0780	0.0876	0.1051	0.1337	0.0557	0.0507	0.0505	0.0537	0.0618	0.0793	0.1144
569	0.1290	0.1331	0.1243	0.1194	0.1109	0.1254	0.1278	0.1291	0.1297	0.0950	0.0993	0.1025	0.1119	0.1245	0.1371	0.0762	0.0743	0.0784	0.0881	0.1055	0.1342	0.0561	0.0510	0.0508	0.0541	0.0621	0.0796	0.1148
570	0.1296	0.1337	0.1249	0.1200	0.1116	0.1260	0.1284	0.1297	0.1303	0.0956	0.0999	0.1030	0.1124	0.1250	0.1377	0.0766	0.0747	0.0789	0.0885	0.1059	0.1346	0.0564	0.0513	0.0512	0.0544	0.0624	0.0799	0.1151
571	0.1302	0.1344	0.1255	0.1206	0.1123	0.1267	0.1291	0.1303	0.1310	0.0962	0.1004	0.1036	0.1130	0.1256	0.1383	0.0771	0.0752	0.0794	0.0890	0.1064	0.1351	0.0567	0.0517	0.0514	0.0547	0.0627	0.0803	0.1155
572	0.1309	0.1350	0.1261	0.1213	0.1128	0.1273	0.1297	0.1309	0.1316	0.0967	0.1010	0.1041	0.1135	0.1262	0.1388	0.0776	0.0756	0.0798	0.0894	0.1069	0.1356	0.0571	0.0520	0.0517	0.0550	0.0631	0.0806	0.1158
573	0.1315	0.1357	0.1267	0.1219	0.1134	0.1278	0.1303	0.1315	0.1322	0.0973	0.1015	0.1047	0.1140	0.1267	0.1394	0.0780	0.0760	0.0802	0.0899	0.1074	0.1361	0.0575	0.0523	0.0520	0.0553	0.0634	0.0810	0.1161
574	0.1322	0.1362	0.1274	0.1224	0.1140	0.1285	0.1309	0.1321	0.1328	0.0978	0.1020	0.1052	0.1146	0.1273	0.1400	0.0785	0.0765	0.0806	0.0903	0.1078	0.1365	0.0577	0.0526	0.0524	0.0556	0.0637	0.0813	0.1164
575	0.1328	0.1369	0.1280	0.1231	0.1147	0.1290	0.1315	0.1327	0.1334	0.0984	0.1026	0.1058	0.1151	0.1278	0.1406	0.0789	0.0769	0.0811	0.0908	0.1083	0.1370	0.0581	0.0529	0.0527	0.0559	0.0640	0.0816	0.1168
576	0.1334	0.1375	0.1286	0.1237	0.1153	0.1296	0.1320	0.1333	0.1340	0.0990	0.1031	0.1063	0.1157	0.1284	0.1411	0.0794	0.0773	0.0815	0.0912	0.1088	0.1375	0.0585	0.0532	0.0530	0.0563	0.0643	0.0819	0.1172
577	0.1340	0.1381	0.1292	0.1243	0.1159	0.1302	0.1325	0.1338	0.1346	0.0995	0.1037	0.1067	0.1162	0.1289	0.1417	0.0798	0.0778	0.0819	0.0916	0.1092	0.1380	0.0587	0.0535	0.0533	0.0565	0.0646	0.0822	0.1175
578	0.1345	0.1386	0.1297	0.1248	0.1164	0.1307	0.1330	0.1343	0.1351	0.1000	0.1042	0.1072	0.1167	0.1294	0.1421	0.0802	0.0781	0.0823	0.0920	0.1096	0.1384	0.0590	0.0538	0.0535	0.0568	0.0649	0.0825	0.1179
579	0.1350	0.1391	0.1302	0.1254	0.1169	0.1313	0.1336	0.1349	0.1357	0.1005	0.1046	0.1077	0.1172	0.1298	0.1426	0.0806	0.0785	0.0827	0.0924	0.1100	0.1388	0.0593	0.0541	0.0538	0.0570	0.0652	0.0829	0.1182
580	0.1356	0.1397	0.1308	0.1259	0.1174	0.1318	0.1341	0.1354	0.1362	0.1010	0.1051	0.1082	0.1176	0.1303	0.1431	0.0810	0.0789	0.0831	0.0928	0.1103	0.1392	0.0596	0.0543	0.0541	0.0574	0.0655	0.0832	0.1184
581	0.1362	0.1402	0.1312	0.1264	0.1180	0.1323	0.1347	0.1359	0.1366	0.1015	0.1056	0.1087	0.1181	0.1308	0.1436	0.0814	0.0793	0.0835	0.0932	0.1108	0.1396	0.0599	0.0546	0.0544	0.0577	0.0658	0.0835	0.1188
582	0.1366	0.1407	0.1317	0.1269	0.1184	0.1328	0.1351	0.1364	0.1371	0.1019	0.1060	0.1091	0.1185	0.1312	0.1441	0.0818	0.0797	0.0839	0.0936	0.1112	0.1400	0.0602	0.0548	0.0546	0.0579	0.0660	0.0837	0.1191
583	0.1370	0.1411	0.1322	0.1273	0.1189	0.1333	0.1355	0.1368	0.1376	0.1023	0.1065	0.1095	0.1190	0.1317	0.1445	0.0821	0.0800	0.0842	0.0940	0.1116	0.1404	0.0605	0.0551	0.0548	0.0581	0.0663	0.0840	0.1195
584	0.1376	0.1415	0.1326	0.1278	0.1193	0.1337	0.1360	0.1373	0.1380	0.1027	0.1069	0.1099	0.1195	0.1321	0.1449	0.0824	0.0804	0.0845	0.0944	0.1120	0.1407	0.0607	0.0554	0.0551	0.0584	0.0665	0.0843	0.1198
585	0.1381	0.1420	0.1330	0.1283	0.1198	0.1342	0.1365	0.1377	0.1385	0.1032	0.1073	0.1104	0.1199	0.1325	0.1454	0.0828	0.0807	0.0849	0.0947	0.1123	0.1411	0.0609	0.0556	0.0554	0.0586	0.0668	0.0846	0.1201
586	0.1385	0.1425	0.1335	0.1287	0.1203	0.1346	0.1369	0.1382	0.1389	0.1036	0.1077	0.1108	0.1203	0.1329	0.1458	0.0832	0.0810	0.0852	0.0950	0.1126	0.1415	0.0612	0.0559	0.0556	0.0589	0.0671	0.0849	0.1204
587	0.1390	0.1428	0.1340	0.1292	0.1208	0.1350	0.1373	0.1386	0.1394	0.1040	0.1080	0.1111	0.1206	0.1334	0.1462	0.0835	0.0813	0.0856	0.0954	0.1130	0.1419	0.0615	0.0562	0.0558	0.0591	0.0674	0.0852	0.1207
588	0.1393	0.1432	0.1344	0.1296	0.1212	0.1355	0.1377	0.1390	0.1398	0.1044	0.1084	0.1115	0.1210	0.1337	0.1466	0.0839	0.0817	0.0859	0.0957	0.1133	0.1423	0.0617	0.0564	0.0560	0.0593	0.0676	0.0854	0.1209
589	0.1397	0.1436	0.1348	0.1300	0.1215	0.1359	0.1381	0.1394	0.1402	0.1048	0.1088	0.1119	0.1214	0.1341	0.1470	0.0841	0.0819	0.0861	0.0960	0.1137	0.1427	0.0619	0.0566	0.0562	0.0595	0.0678	0.0856	0.1212
590	0.1401	0.1441	0.1352	0.1305	0.1219	0.1362	0.1384	0.1398	0.1406	0.1052	0.1092	0.1122	0.1217	0.1344	0.1474	0.0844	0.0821	0.0863	0.0962	0.1140	0.1429	0.0621	0.0567	0.0564	0.0597	0.0679	0.0858	0.1215
591	0.1404	0.1444	0.1356	0.1309	0.1222	0.1364	0.1388	0.1402	0.1410	0.1055	0.1095	0.1125	0.1219	0.1347	0.1478	0.0846	0.0824	0.0866	0.0964	0.1141	0.1432	0.0623	0.0569	0.0565	0.0599	0.0680	0.0859	0.1216
592	0.1407	0.1448	0.1361	0.1313	0.1225	0.1368	0.1391	0.1405	0.1415	0.1058	0.1097	0.1127	0.1222	0.1349	0.1482	0.0848	0.0826	0.0868	0.0965	0.1142	0.1435	0.0625	0.0570	0.0567	0.0600	0.0681	0.0860	0.1218
593	0.1409	0.1453	0.1366	0.1318	0.1228	0.1371	0.1394	0.1409	0.1419	0.1060	0.1100	0.1129	0.1224	0.1351	0.1486	0.0850	0.0828	0.0869	0.0967	0.1143	0.1438	0.0626	0.0571	0.0568	0.0601	0.0682	0.0860	0.1219
594	0.1412	0.1458	0.1370	0.1322	0.1230	0.1373	0.1397	0.1412	0.1423	0.1061	0.1101	0.1130	0.1225	0.1353	0.1489	0.0850	0.0828	0.0870	0.0967	0.1142	0.1439	0.0626	0.0570	0.0567	0.0601	0.0682	0.0858	0.1218
595	0.1416	0.1461	0.1374	0.1325	0.1233	0.1377	0.1400	0.1416	0.1428	0.1063	0.1104	0.1133	0.1227	0.1356	0.1492	0.0852	0.0830	0.0872	0.0969	0.1145	0.1442	0.0627	0.0572	0.0569	0.0602	0.0683	0.0859	0.1219
596	0.1419	0.1464	0.1377	0.1329	0.1236	0.1380	0.1403	0.1420	0.1431	0.1066	0.1106	0.1136	0.1230	0.1360	0.1496	0.0855	0.0833	0.0874	0.0972	0.1149	0.1444	0.0629	0.0574	0.0571	0.0604	0.0685	0.0862	0.1221
597	0.1422	0.1467	0.1380	0.1332	0.1239	0.1384	0.1407	0.1423	0.1434	0.1069	0.1109	0.1139	0.1234	0.1364	0.1498	0.0857	0.0835	0.0877	0.0975	0.1153	0.1446	0.0632	0.0576	0.0573	0.0606	0.0688	0.0867	0.1223
598	0.1426	0.1469	0.1381	0.1334	0.1243	0.1386	0.1410	0.1425	0.1435	0.1072	0.1113	0.1143	0.1238	0.1369	0.1500	0.0861	0.0838	0.0880	0.0979	0.1159	0.1449	0.0634	0.0578	0.0575	0.0609	0.0692	0.0871	0.1227
599	0.1428	0.1470	0.1382	0.1335	0.1246	0.1388	0.1412	0.1427	0.1436	0.1075	0.1115	0.1145	0.1241	0.1371	0.1501	0.0863	0.0840	0.0883	0.0982	0.1162	0.1450	0.0636	0.0580	0.0577	0.0611	0.0694	0.0875	0.1229
600	0.1429	0.1471	0.1383	0.1337	0.1248	0.1390	0.1414	0.1428	0.1437	0.1077	0.1117	0.1147	0.1243	0.1371	0.1501	0.0865	0.0843	0.0885	0.0984	0.1164	0.1451	0.0637	0.0582	0.0579	0.0613	0.0696	0.0876	0.1228
601	0.1430	0.1472	0.1384	0.1338	0.1250	0.1391	0.1414	0.1429	0.1438	0.1078	0.1118	0.1147	0.1244	0.1372	0.1501	0.0866	0.0843	0.0886	0.0985	0.1163	0.1449	0.0637	0.0582	0.0579	0.0613	0.0697	0.0876	0.1227
602	0.1433	0.1474	0.1386	0.1339	0.1252	0.1393	0.1417	0.1431	0.1440	0.1080	0.1121	0.1149	0.1246	0.1374	0.1502	0.0868	0.0845	0.0888	0.0987	0.1165	0.1450	0.0638	0.0583	0.0580	0.0614	0.0698	0.0878	0.1228
603	0.1436	0.1477	0.1388	0.1341	0.1254	0.1396	0.1420	0.1434	0.1443	0.1083	0.1123	0.1152	0.1249	0.1377	0.1504	0.0870	0.0847	0.0890	0.0989	0.1167	0.1452	0.0640	0.0585	0.0581	0.0616	0.0700	0.0880	0.1229
604	0.1438	0.1478	0.1390	0.1344	0.1257	0.1399	0.1422	0.1436	0.1445	0.1086	0.1126	0.1156	0.1251	0.1380	0.1506	0.0872	0.0850	0.0891	0.0992	0.1169	0.1455	0.0642	0.0587	0.0583	0.0617	0.0702	0.0882	0.1232
605	0.1440	0.1480	0.1391	0.1346	0.1259	0.1400	0.1424	0.1438	0.1446	0.1087	0.1127	0.1157	0.1253	0.1383	0.1508	0.0873	0.0851	0.0893	0.0993	0.1172	0.1458	0.0643	0.0588	0.0585	0.0618	0.0703	0.0883	0.1235
606	0.1441	0.1482	0.1393	0.1347	0.1261	0.1401	0.1425	0.1440	0.1448	0.1089	0.1129	0.1158	0.1255	0.1385	0.1510	0.0875	0.0852	0.0895	0.0995	0.1175	0.1460	0.0643	0.0589	0.0586	0.0620	0.0704	0.0885	0.1237
607	0.1444	0.1484	0.1395	0.1350	0.1263	0.1404	0.1428	0.1443	0.1451	0.1091	0.1131	0.1161	0.1257	0.1388	0.1514	0.0877	0.0854	0.0896	0.0996	0.1178	0.1463	0.0645	0.0590	0.0588	0.0622	0.0706	0.0888	0.1240
608	0.1446	0.1487	0.1397	0.1351	0.1263	0.1406	0.1430	0.1444	0.1453	0.1092	0.1132	0.1162	0.1258	0.1390	0.1517	0.0877	0.0855	0.0897	0.0997	0.1179	0.1466	0.0645	0.0590	0.0588	0.0622	0.0706	0.0888	0.1242
609	0.1448	0.1488	0.1399	0.1353	0.1265	0.1408	0.1431	0.1446	0.1455	0.1093	0.1133	0.1163	0.1259	0.1391	0.1519	0.0878	0.0856	0.0897	0.0998	0.1179	0.1468	0.0646	0.0591	0.0588	0.0622	0.0706	0.0888	0.1242
610	0.1449	0.1489	0.1400	0.1355	0.1267	0.1409	0.1432	0.1447	0.1457	0.1096	0.1134	0.1164	0.1260	0.1392	0.1520	0.0879	0.0856	0.0898	0.0998	0.1179	0.1469	0.0648	0.0592	0.0588	0.0622	0.0706	0.0888	0.1242
611	0.1449	0.1490	0.1402	0.1357	0.1268	0.1410	0.1433	0.1447	0.1458	0.1096	0.1135	0.1164	0.1260	0.1391	0.1520	0.0880	0.0857	0.0899	0.0998	0.1177	0.1468	0.0648	0.0592	0.0589	0.0622	0.0706	0.0887	0.1241
612	0.1450	0.1492	0.1404	0.1359	0.1269	0.1410	0.1433	0.1448	0.1460	0.1098	0.1136	0.1165	0.1261	0.1391	0.1521	0.0881	0.0858	0.0900	0.0999	0.1177	0.1469	0.0649	0.0592	0.0590	0.0623	0.0706	0.0887	0.1241
613	0.1452	0.1494	0.1406	0.1361	0.1271	0.1411	0.1434	0.1450	0.1463	0.1099	0.1138	0.1166	0.1262	0.1392	0.1523	0.0883	0.0859	0.0902	0.1000	0.1178	0.1471	0.0651	0.0594	0.0591	0.0625	0.0707	0.0886	0.1244
614	0.1453	0.1496	0.1409	0.1362	0.1274	0.1413	0.1436	0.1452	0.1465	0.1102	0.1139	0.1168	0.1263	0.1394	0.1527	0.0884	0.0860	0.0903	0.1001	0.1179	0.1473	0.0653	0.0596	0.0592	0.0626	0.0708	0.0888	0.1246
615	0.1455	0.1498	0.1410	0.1364	0.1276	0.1415	0.1439	0.1455	0.1467	0.1105	0.1140	0.1170	0.1265	0.1395	0.1529	0.0886	0.0861	0.0904	0.1002	0.1181	0.1476	0.0655	0.0597	0.0593	0.0626	0.0709	0.0889	0.1249
616	0.1456	0.1500	0.1412	0.1367	0.1277	0.1417	0.1441	0.1457	0.1468	0.1106	0.1141	0.1171	0.1267	0.1396	0.1531	0.0887	0.0862	0.0905	0.1004	0.1183	0.1478	0.0656	0.0597	0.0593	0.0626	0.0710	0.0890	0.1252
617	0.1458	0.1502	0.1415	0.1369	0.1277	0.1418	0.1442	0.1459	0.1471	0.1105	0.1143	0.1173	0.1269	0.1398	0.1533	0.0886	0.0864	0.0906	0.1004	0.1183	0.1480	0.0655	0.0597	0.0593	0.0627	0.0711	0.0890	0.1253
618	0.1460	0.1504	0.1417	0.1371	0.1278	0.1420	0.1444	0.1461	0.1473	0.1106	0.1144	0.1174	0.1270	0.1400	0.1533	0.0887	0.0865	0.0907	0.1006	0.1184	0.1480	0.0655	0.0597	0.0594	0.0628	0.0711	0.0891	0.1251
619	0.1462	0.1507	0.1419	0.1373	0.1279	0.1422	0.1446	0.1462	0.1475	0.1107	0.1145	0.1175	0.1272	0.1402	0.1534	0.0888	0.0866	0.0908	0.1007	0.1185	0.1479	0.0655	0.0598	0.0594	0.0629	0.0712	0.0891	0.1249
620	0.1464	0.1509	0.1422	0.1376	0.1281	0.1424	0.1448	0.1463	0.1477	0.1108	0.1147	0.1177	0.1273	0.1403	0.1536	0.0889	0.0867	0.0909	0.1009	0.1187	0.1478	0.0655	0.0598	0.0595	0.0629	0.0714	0.0891	0.1249
621	0.1465	0.1510	0.1423	0.1377	0.1282	0.1425	0.1449	0.1465	0.1478	0.1108	0.1148	0.1178	0.1274	0.1404	0.1537	0.0890	0.0867	0.0909	0.1009	0.1187	0.1478	0.0655	0.0598	0.0596	0.0629	0.0713	0.0891	0.1248
622	0.1466	0.1512	0.1424	0.1378	0.1283	0.1426	0.1450	0.1466	0.1478	0.1109	0.1148	0.1179	0.1274	0.1403	0.1537	0.0890	0.0867	0.0910	0.1009	0.1187	0.1478	0.0655	0.0598	0.0596	0.0629	0.0713	0.0891	0.1246
623	0.1467	0.1513	0.1425	0.1379	0.1283	0.1427	0.1451	0.1467	0.1479	0.1109	0.1149	0.1179	0.1274	0.1403	0.1537	0.0890	0.0868	0.0910	0.1010	0.1186	0.1478	0.0655	0.0599	0.0595	0.0630	0.0713	0.0890	0.1245
624	0.1467	0.1514	0.1426	0.1379	0.1283	0.1427	0.1452	0.1468	0.1479	0.1109	0.1149	0.1179	0.1274	0.1404	0.1537	0.0890	0.0868	0.0910	0.1009	0.1186	0.1478	0.0654	0.0599	0.0596	0.0630	0.0713	0.0890	0.1244
625	0.1468	0.1514	0.1426	0.1381	0.1285	0.1428	0.1453	0.1468	0.1480	0.1110	0.1150	0.1180	0.1275	0.1405	0.1538	0.0891	0.0870	0.0911	0.1009	0.1187	0.1478	0.0654	0.0599	0.0596	0.0631	0.0713	0.0890	0.1245
626	0.1470	0.1515	0.1427	0.1382	0.1286	0.1430	0.1454	0.1468	0.1481	0.1111	0.1151	0.1181	0.1276	0.1406	0.1540	0.0892	0.0871	0.0912	0.1011	0.1188	0.1479	0.0655	0.0600	0.0597	0.0631	0.0714	0.0891	0.1246
627	0.1471	0.1517	0.1428	0.1383	0.1287	0.1431	0.1455	0.1470	0.1483	0.1111	0.1153	0.1182	0.1278	0.1408	0.1542	0.0893	0.0872	0.0913	0.1012	0.1189	0.1480	0.0656	0.0600	0.0599	0.0632	0.0714	0.0893	0.1248
628	0.1473	0.1517	0.1429	0.1384	0.1289	0.1432	0.1456	0.1471	0.1483	0.1112	0.1153	0.1183	0.1278	0.1409	0.1542	0.0894	0.0872	0.0914	0.1013	0.1190	0.1481	0.0656	0.0601	0.0599	0.0633	0.0716	0.0893	0.1248
629	0.1473	0.1518	0.1430	0.1384	0.1290	0.1433	0.1457	0.1472	0.1484	0.1113	0.1155	0.1184	0.1279	0.1409	0.1543	0.0895	0.0873	0.0915	0.1013	0.1191	0.1482	0.0657	0.0602	0.0599	0.0634	0.0717	0.0894	0.1248
630	0.1473	0.1519	0.1432	0.1385	0.1291	0.1434	0.1458	0.1474	0.1485	0.1116	0.1157	0.1185	0.1281	0.1410	0.1544	0.0896	0.0874	0.0917	0.1014	0.1193	0.1484	0.0658	0.0603	0.0600	0.0634	0.0718	0.0895	0.1250
631	0.1474	0.1519	0.1432	0.1386	0.1292	0.1435	0.1459	0.1474	0.1486	0.1117	0.1157	0.1186	0.1282	0.1411	0.1545	0.0898	0.0875	0.0918	0.1016	0.1194	0.1485	0.0658	0.0604	0.0601	0.0635	0.0718	0.0896	0.1251
632	0.1475	0.1520	0.1433	0.1387	0.1294	0.1435	0.1459	0.1475	0.1487	0.1118	0.1158	0.1187	0.1283	0.1413	0.1546	0.0899	0.0876	0.0918	0.1016	0.1194	0.1486	0.0659	0.0605	0.0602	0.0636	0.0719	0.0897	0.1252
633	0.1477	0.1520	0.1434	0.1389	0.1295	0.1436	0.1460	0.1476	0.1488	0.1119	0.1160	0.1188	0.1283	0.1414	0.1547	0.0899	0.0877	0.0919	0.1017	0.1195	0.1487	0.0660	0.0606	0.0604	0.0637	0.0720	0.0898	0.1253
634	0.1478	0.1523	0.1436	0.1391	0.1296	0.1438	0.1461	0.1477	0.1490	0.1120	0.1161	0.1189	0.1285	0.1415	0.1548	0.0901	0.0878	0.0920	0.1018	0.1196	0.1488	0.0661	0.0606	0.0604	0.0637	0.0720	0.0899	0.1254
635	0.1480	0.1524	0.1437	0.1392	0.1297	0.1440	0.1463	0.1479	0.1492	0.1122	0.1162	0.1191	0.1287	0.1417	0.1550	0.0902	0.0879	0.0922	0.1020	0.1198	0.1490	0.0663	0.0607	0.0605	0.0639	0.0722	0.0900	0.1256
636	0.1481	0.1525	0.1438	0.1393	0.1299	0.1441	0.1465	0.1481	0.1493	0.1124	0.1163	0.1193	0.1288	0.1419	0.1552	0.0903	0.0881	0.0923	0.1021	0.1200	0.1492	0.0664	0.0608	0.0606	0.0640	0.0723	0.0902	0.1257
637	0.1482	0.1526	0.1439	0.1394	0.1300	0.1440	0.1466	0.1482	0.1494	0.1125	0.1164	0.1194	0.1289	0.1420	0.1553	0.0904	0.0881	0.0923	0.1022	0.1200	0.1493	0.0665	0.0609	0.0605	0.0640	0.0723	0.0903	0.1258
638	0.1483	0.1527	0.1441	0.1395	0.1302	0.1443	0.1467	0.1483	0.1495	0.1127	0.1165	0.1195	0.1290	0.1421	0.1554	0.0905	0.0882	0.0925	0.1023	0.1202	0.1494	0.0665	0.0610	0.0606	0.0641	0.0724	0.0903	0.1259
639	0.1484	0.1528	0.1442	0.1396	0.1303	0.1444	0.1468	0.1484	0.1496	0.1128	0.1167	0.1196	0.1291	0.1423	0.1555	0.0906	0.0883	0.0926	0.1024	0.1203	0.1496	0.0666	0.0611	0.0607	0.0642	0.0725	0.0904	0.1260
640	0.1486	0.1529	0.1443	0.1398	0.1305	0.1446	0.1470	0.1485	0.1498	0.1129	0.1169	0.1198	0.1292	0.1424	0.1556	0.0907	0.0885	0.0927	0.1026	0.1204	0.1497	0.0667	0.0611	0.0608	0.0643	0.0726	0.0906	0.1263
641	0.1487	0.1531	0.1444	0.1400	0.1306	0.1447	0.1471	0.1487	0.1500	0.1130	0.1169	0.1199	0.1294	0.1426	0.1558	0.0908	0.0886	0.0928	0.1027	0.1206	0.1499	0.0668	0.0612	0.0609	0.0644	0.0727	0.0908	0.1264
642	0.1489	0.1533	0.1446	0.1402	0.1307	0.1449	0.1473	0.1488	0.1502	0.1132	0.1171	0.1201	0.1296	0.1427	0.1560	0.0910	0.0888	0.0929	0.1029	0.1208	0.1501	0.0668	0.0613	0.0610	0.0645	0.0729	0.0909	0.1266
643	0.1490	0.1535	0.1448	0.1403	0.1309	0.1451	0.1474	0.1490	0.1504	0.1134	0.1172	0.1202	0.1297	0.1428	0.1562	0.0911	0.0889	0.0931	0.1030	0.1210	0.1501	0.0670	0.0613	0.0611	0.0645	0.0730	0.0910	0.1267
644	0.1492	0.1535	0.1449	0.1404	0.1310	0.1451	0.1476	0.1492	0.1505	0.1134	0.1173	0.1203	0.1299	0.1430	0.1563	0.0912	0.0889	0.0931	0.1031	0.1211	0.1502	0.0671	0.0614	0.0611	0.0645	0.0730	0.0911	0.1268
645	0.1493	0.1536	0.1450	0.1405	0.1312	0.1452	0.1477	0.1493	0.1506	0.1136	0.1174	0.1204	0.1300	0.1431	0.1564	0.0913	0.0890	0.0932	0.1032	0.1211	0.1503	0.0671	0.0615	0.0612	0.0646	0.0731	0.0911	0.1268
646	0.1494	0.1537	0.1451	0.1406	0.1313	0.1454	0.1478	0.1494	0.1507	0.1137	0.1175	0.1205	0.1301	0.1432	0.1566	0.0913	0.0890	0.0933	0.1033	0.1213	0.1505	0.0672	0.0616	0.0613	0.0647	0.0732	0.0912	0.1270
647	0.1496	0.1540	0.1454	0.1409	0.1314	0.1456	0.1480	0.1496	0.1510	0.1139	0.1177	0.1206	0.1303	0.1434	0.1568	0.0914	0.0892	0.0934	0.1035	0.1215	0.1507	0.0673	0.0617	0.0614	0.0649	0.0733	0.0914	0.1272
648	0.1497	0.1542	0.1455	0.1409	0.1316	0.1457	0.1481	0.1497	0.1512	0.1140	0.1178	0.1208	0.1304	0.1435	0.1569	0.0915	0.0893	0.0935	0.1036	0.1215	0.1509	0.0674	0.0617	0.0614	0.0649	0.0733	0.0915	0.1273
649	0.1499	0.1543	0.1456	0.1411	0.1318	0.1459	0.1482	0.1499	0.1513	0.1141	0.1179	0.1209	0.1305	0.1436	0.1570	0.0916	0.0893	0.0936	0.1036	0.1216	0.1509	0.0674	0.0617	0.0614	0.0650	0.0734	0.0915	0.1273
650	0.1500	0.1544	0.1457	0.1413	0.1319	0.1460	0.1483	0.1500	0.1513	0.1142	0.1181	0.1209	0.1306	0.1438	0.1571	0.0917	0.0894	0.0937	0.1037	0.1218	0.1510	0.0675	0.0617	0.0615	0.0650	0.0734	0.0916	0.1274
651	0.1501	0.1546	0.1458	0.1414	0.1320	0.1461	0.1485	0.1502	0.1515	0.1143	0.1182	0.1211	0.1308	0.1439	0.1572	0.0918	0.0896	0.0938	0.1038	0.1219	0.1512	0.0676	0.0618	0.0616	0.0651	0.0736	0.0917	0.1275
652	0.1503	0.1547	0.1459	0.1416	0.1321	0.1462	0.1486	0.1503	0.1517	0.1144	0.1183	0.1213	0.1309	0.1440	0.1574	0.0919	0.0897	0.0940	0.1040	0.1220	0.1513	0.0676	0.0620	0.0617	0.0652	0.0737	0.0918	0.1275
653	0.1505	0.1548	0.1461	0.1417	0.1322	0.1464	0.1488	0.1505	0.1518	0.1145	0.1184	0.1214	0.1310	0.1442	0.1575	0.0920	0.0898	0.0940	0.1040	0.1221	0.1514	0.0676	0.0621	0.0618	0.0652	0.0737	0.0918	0.1276
654	0.1506	0.1549	0.1463	0.1418	0.1323	0.1466	0.1490	0.1506	0.1519	0.1147	0.1185	0.1215	0.1311	0.1443	0.1577	0.0921	0.0899	0.0941	0.1041	0.1222	0.1515	0.0678	0.0622	0.0618	0.0653	0.0738	0.0919	0.1277
655	0.1507	0.1551	0.1465	0.1420	0.1325	0.1466	0.1491	0.1508	0.1521	0.1148	0.1186	0.1216	0.1312	0.1444	0.1578	0.0922	0.0900	0.0942	0.1042	0.1223	0.1516	0.0678	0.0622	0.0619	0.0653	0.0739	0.0920	0.1278
656	0.1509	0.1553	0.1466	0.1421	0.1327	0.1468	0.1492	0.1509	0.1523	0.1149	0.1188	0.1218	0.1314	0.1445	0.1579	0.0923	0.0901	0.0943	0.1043	0.1224	0.1517	0.0678	0.0623	0.0619	0.0654	0.0740	0.0921	0.1279
657	0.1510	0.1554	0.1467	0.1423	0.1329	0.1470	0.1492	0.1510	0.1524	0.1151	0.1189	0.1218	0.1315	0.1447	0.1581	0.0924	0.0901	0.0945	0.1044	0.1225	0.1518	0.0680	0.0623	0.0619	0.0655	0.0740	0.0921	0.1279
658	0.1511	0.1556	0.1469	0.1425	0.1330	0.1471	0.1494	0.1512	0.1526	0.1153	0.1191	0.1221	0.1317	0.1448	0.1582	0.0926	0.0903	0.0946	0.1046	0.1226	0.1520	0.0681	0.0624	0.0621	0.0656	0.0741	0.0923	0.1280
659	0.1513	0.1557	0.1470	0.1427	0.1331	0.1472	0.1496	0.1514	0.1527	0.1154	0.1192	0.1222	0.1318	0.1449	0.1584	0.0927	0.0904	0.0947	0.1048	0.1228	0.1521	0.0681	0.0625	0.0622	0.0657	0.0743	0.0924	0.1281
660	0.1513	0.1559	0.1472	0.1428	0.1332	0.1474	0.1497	0.1515	0.1527	0.1154	0.1194	0.1223	0.1320	0.1450	0.1585	0.0928	0.0905	0.0948	0.1048	0.1230	0.1522	0.0682	0.0625	0.0623	0.0658	0.0744	0.0924	0.1282
661	0.1515	0.1559	0.1472	0.1428	0.1334	0.1475	0.1497	0.1516	0.1529	0.1155	0.1194	0.1223	0.1321	0.1451	0.1586	0.0928	0.0905	0.0948	0.1049	0.1229	0.1523	0.0683	0.0626	0.0623	0.0657	0.0744	0.0924	0.1282
662	0.1517	0.1561	0.1474	0.1430	0.1335	0.1476	0.1499	0.1517	0.1531	0.1157	0.1195	0.1224	0.1322	0.1453	0.1588	0.0929	0.0906	0.0949	0.1049	0.1230	0.1524	0.0683	0.0627	0.0623	0.0658	0.0744	0.0925	0.1283
663	0.1519	0.1563	0.1477	0.1433	0.1336	0.1477	0.1501	0.1519	0.1534	0.1159	0.1197	0.1226	0.1323	0.1455	0.1589	0.0930	0.0907	0.0951	0.1051	0.1231	0.1525	0.0684	0.0627	0.0625	0.0660	0.0745	0.0927	0.1285
664	0.1519	0.1565	0.1478	0.1433	0.1337	0.1479	0.1502	0.1520	0.1535	0.1159	0.1198	0.1227	0.1324	0.1456	0.1590	0.0931	0.0909	0.0952	0.1051	0.1232	0.1526	0.0684	0.0627	0.0625	0.0661	0.0746	0.0927	0.1286
665	0.1521	0.1566	0.1479	0.1434	0.1339	0.1481	0.1504	0.1522	0.1536	0.1161	0.1199	0.1229	0.1326	0.1457	0.1592	0.0933	0.0910	0.0953	0.1053	0.1234	0.1528	0.0686	0.0629	0.0627	0.0662	0.0747	0.0928	0.1287
666	0.1523	0.1567	0.1481	0.1436	0.1342	0.1482	0.1507	0.1524	0.1538	0.1163	0.1201	0.1231	0.1328	0.1459	0.1594	0.0935	0.0912	0.0955	0.1054	0.1236	0.1529	0.0687	0.0630	0.0628	0.0663	0.0749	0.0929	0.1288
667	0.1524	0.1568	0.1482	0.1438	0.1343	0.1484	0.1508	0.1525	0.1539	0.1164	0.1203	0.1232	0.1328	0.1460	0.1594	0.0935	0.0912	0.0955	0.1056	0.1237	0.1530	0.0687	0.0630	0.0628	0.0663	0.0749	0.0930	0.1288
668	0.1526	0.1571	0.1484	0.1440	0.1345	0.1486	0.1510	0.1527	0.1541	0.1165	0.1204	0.1234	0.1330	0.1462	0.1597	0.0937	0.0913	0.0957	0.1057	0.1238	0.1532	0.0688	0.0632	0.0629	0.0664	0.0750	0.0931	0.1289
669	0.1527	0.1573	0.1485	0.1442	0.1346	0.1487	0.1511	0.1529	0.1543	0.1167	0.1206	0.1235	0.1332	0.1463	0.1599	0.0938	0.0914	0.0958	0.1058	0.1239	0.1533	0.0689	0.0633	0.0630	0.0665	0.0750	0.0932	0.1291
670	0.1529	0.1574	0.1487	0.1444	0.1348	0.1489	0.1512	0.1530	0.1544	0.1169	0.1207	0.1237	0.1333	0.1464	0.1600	0.0939	0.0916	0.0959	0.1059	0.1239	0.1533	0.0690	0.0633	0.0630	0.0665	0.0751	0.0933	0.1292
671	0.1530	0.1575	0.1489	0.1446	0.1349	0.1490	0.1514	0.1532	0.1547	0.1170	0.1209	0.1238	0.1335	0.1467	0.1602	0.0940	0.0917	0.0960	0.1061	0.1241	0.1535	0.0691	0.0634	0.0632	0.0667	0.0752	0.0934	0.1293
672	0.1531	0.1577	0.1490	0.1447	0.1350	0.1491	0.1515	0.1534	0.1548	0.1172	0.1211	0.1239	0.1336	0.1469	0.1603	0.0941	0.0918	0.0961	0.1062	0.1242	0.1536	0.0691	0.0635	0.0632	0.0668	0.0753	0.0934	0.1294
673	0.1533	0.1578	0.1492	0.1447	0.1352	0.1492	0.1517	0.1535	0.1549	0.1172	0.1212	0.1240	0.1337	0.1470	0.1604	0.0942	0.0919	0.0962	0.1063	0.1243	0.1537	0.0692	0.0635	0.0632	0.0668	0.0753	0.0935	0.1294
674	0.1534	0.1580	0.1493	0.1449	0.1353	0.1494	0.1518	0.1536	0.1550	0.1174	0.1212	0.1242	0.1338	0.1471	0.1606	0.0943	0.0921	0.0963	0.1064	0.1245	0.1539	0.0694	0.0637	0.0634	0.0668	0.0754	0.0937	0.1296
675	0.1536	0.1582	0.1495	0.1451	0.1355	0.1496	0.1520	0.1537	0.1552	0.1175	0.1213	0.1243	0.1340	0.1472	0.1607	0.0944	0.0921	0.0964	0.1065	0.1246	0.1540	0.0694	0.0638	0.0634	0.0669	0.0755	0.0937	0.1296
676	0.1538	0.1583	0.1496	0.1452	0.1356	0.1496	0.1521	0.1538	0.1553	0.1176	0.1214	0.1244	0.1341	0.1473	0.1608	0.0945	0.0921	0.0965	0.1066	0.1247	0.1542	0.0694	0.0638	0.0635	0.0670	0.0756	0.0938	0.1296
677	0.1539	0.1585	0.1498	0.1454	0.1357	0.1497	0.1522	0.1540	0.1555	0.1177	0.1215	0.1245	0.1341	0.1474	0.1609	0.0946	0.0922	0.0966	0.1067	0.1248	0.1542	0.0695	0.0638	0.0636	0.0670	0.0757	0.0939	0.1298
678	0.1540	0.1586	0.1499	0.1456	0.1359	0.1500	0.1523	0.1541	0.1557	0.1179	0.1217	0.1246	0.1343	0.1475	0.1611	0.0947	0.0924	0.0967	0.1068	0.1249	0.1543	0.0696	0.0639	0.0637	0.0671	0.0758	0.0939	0.1298
679	0.1542	0.1588	0.1501	0.1458	0.1360	0.1502	0.1525	0.1543	0.1558	0.1180	0.1218	0.1248	0.1344	0.1477	0.1613	0.0948	0.0926	0.0968	0.1069	0.1250	0.1544	0.0697	0.0640	0.0637	0.0672	0.0759	0.0940	0.1299
680	0.1544	0.1590	0.1502	0.1459	0.1361	0.1503	0.1526	0.1544	0.1559	0.1181	0.1219	0.1249	0.1346	0.1478	0.1614	0.0949	0.0927	0.0969	0.1070	0.1250	0.1546	0.0698	0.0640	0.0637	0.0674	0.0759	0.0942	0.1300
681	0.1545	0.1590	0.1504	0.1461	0.1363	0.1504	0.1528	0.1546	0.1561	0.1182	0.1221	0.1251	0.1347	0.1479	0.1615	0.0950	0.0928	0.0970	0.1071	0.1252	0.1547	0.0699	0.0641	0.0639	0.0674	0.0760	0.0942	0.1301
682	0.1547	0.1592	0.1506	0.1463	0.1365	0.1506	0.1530	0.1548	0.1562	0.1184	0.1223	0.1252	0.1349	0.1481	0.1617	0.0952	0.0929	0.0972	0.1072	0.1254	0.1548	0.0700	0.0643	0.0640	0.0675	0.0760	0.0943	0.1302
683	0.1549	0.1594	0.1508	0.1464	0.1367	0.1508	0.1531	0.1550	0.1564	0.1186	0.1224	0.1254	0.1351	0.1483	0.1619	0.0954	0.0930	0.0973	0.1074	0.1255	0.1550	0.0700	0.0644	0.0641	0.0676	0.0762	0.0944	0.1303
684	0.1550	0.1595	0.1509	0.1466	0.1369	0.1509	0.1532	0.1551	0.1567	0.1187	0.1225	0.1255	0.1352	0.1483	0.1621	0.0954	0.0931	0.0974	0.1075	0.1257	0.1552	0.0701	0.0644	0.0641	0.0676	0.0762	0.0946	0.1304
685	0.1551	0.1597	0.1510	0.1468	0.1370	0.1510	0.1534	0.1552	0.1567	0.1188	0.1227	0.1256	0.1353	0.1485	0.1622	0.0955	0.0932	0.0975	0.1076	0.1257	0.1552	0.0701	0.0644	0.0641	0.0677	0.0763	0.0946	0.1305
686	0.1553	0.1598	0.1512	0.1469	0.1371	0.1511	0.1535	0.1553	0.1568	0.1190	0.1228	0.1257	0.1354	0.1487	0.1623	0.0955	0.0933	0.0976	0.1078	0.1257	0.1553	0.0702	0.0645	0.0642	0.0678	0.0763	0.0946	0.1306
687	0.1555	0.1600	0.1514	0.1471	0.1373	0.1514	0.1537	0.1556	0.1571	0.1192	0.1230	0.1259	0.1356	0.1489	0.1625	0.0957	0.0935	0.0977	0.1079	0.1260	0.1555	0.0704	0.0646	0.0644	0.0680	0.0765	0.0947	0.1308
688	0.1556	0.1602	0.1515	0.1473	0.1374	0.1515	0.1538	0.1557	0.1573	0.1193	0.1231	0.1260	0.1357	0.1490	0.1626	0.0959	0.0935	0.0978	0.1080	0.1261	0.1556	0.0705	0.0647	0.0645	0.0680	0.0766	0.0948	0.1309
689	0.1557	0.1603	0.1516	0.1475	0.1376	0.1516	0.1540	0.1558	0.1574	0.1194	0.1232	0.1261	0.1359	0.1490	0.1628	0.0960	0.0936	0.0979	0.1081	0.1262	0.1557	0.0705	0.0648	0.0645	0.0680	0.0767	0.0949	0.1309
690	0.1558	0.1604	0.1519	0.1476	0.1377	0.1517	0.1542	0.1561	0.1575	0.1194	0.1234	0.1262	0.1360	0.1492	0.1629	0.0960	0.0937	0.0981	0.1082	0.1263	0.1557	0.0705	0.0648	0.0646	0.0681	0.0768	0.0950	0.1309
691	0.1560	0.1606	0.1521	0.1478	0.1379	0.1519	0.1543	0.1562	0.1578	0.1196	0.1235	0.1265	0.1362	0.1494	0.1631	0.0962	0.0939	0.0982	0.1083	0.1265	0.1559	0.0706	0.0649	0.0647	0.0682	0.0769	0.0951	0.1311
692	0.1562	0.1608	0.1522	0.1480	0.1381	0.1521	0.1545	0.1563	0.1580	0.1198	0.1237	0.1266	0.1363	0.1495	0.1633	0.0964	0.0940	0.0983	0.1084	0.1266	0.1561	0.0708	0.0650	0.0648	0.0683	0.0770	0.0952	0.1312
693	0.1564	0.1610	0.1524	0.1481	0.1383	0.1523	0.1547	0.1564	0.1581	0.1200	0.1239	0.1267	0.1365	0.1497	0.1634	0.0965	0.0942	0.0984	0.1086	0.1268	0.1563	0.0709	0.0651	0.0648	0.0684	0.0771	0.0953	0.1313
694	0.1567	0.1611	0.1525	0.1482	0.1384	0.1524	0.1549	0.1566	0.1583	0.1202	0.1240	0.1268	0.1367	0.1499	0.1636	0.0966	0.0943	0.0985	0.1087	0.1269	0.1564	0.0709	0.0652	0.0650	0.0685	0.0772	0.0954	0.1314
695	0.1568	0.1613	0.1526	0.1484	0.1385	0.1526	0.1550	0.1568	0.1584	0.1203	0.1242	0.1270	0.1368	0.1500	0.1638	0.0966	0.0943	0.0986	0.1088	0.1270	0.1566	0.0710	0.0653	0.0650	0.0686	0.0773	0.0955	0.1315
696	0.1570	0.1614	0.1528	0.1486	0.1387	0.1527	0.1552	0.1570	0.1585	0.1204	0.1243	0.1272	0.1368	0.1501	0.1639	0.0967	0.0944	0.0987	0.1090	0.1271	0.1567	0.0711	0.0654	0.0650	0.0686	0.0774	0.0955	0.1316
697	0.1571	0.1616	0.1530	0.1487	0.1389	0.1530	0.1554	0.1571	0.1587	0.1206	0.1243	0.1273	0.1370	0.1503	0.1639	0.0969	0.0945	0.0990	0.1092	0.1272	0.1567	0.0712	0.0655	0.0652	0.0687	0.0774	0.0956	0.1317
698	0.1573	0.1618	0.1532	0.1489	0.1391	0.1531	0.1555	0.1573	0.1589	0.1207	0.1245	0.1274	0.1372	0.1504	0.1642	0.0970	0.0947	0.0991	0.1093	0.1273	0.1569	0.0713	0.0655	0.0653	0.0688	0.0775	0.0957	0.1318
699	0.1574	0.1620	0.1534	0.1491	0.1393	0.1532	0.1556	0.1575	0.1591	0.1208	0.1247	0.1276	0.1373	0.1505	0.1644	0.0971	0.0949	0.0992	0.1094	0.1274	0.1570	0.0714	0.0656	0.0654	0.0689	0.0776	0.0958	0.1319
700	0.1576	0.1621	0.1535	0.1493	0.1394	0.1534	0.1558	0.1577	0.1593	0.1210	0.1249	0.1277	0.1374	0.1507	0.1645	0.0973	0.0950	0.0993	0.1095	0.1276	0.1572	0.0715	0.0657	0.0655	0.0691	0.0778	0.0960	0.1320
701	0.1578	0.1623	0.1537	0.1495	0.1396	0.1536	0.1559	0.1578	0.1595	0.1212	0.1250	0.1279	0.1376	0.1509	0.1646	0.0975	0.0951	0.0994	0.1095	0.1277	0.1574	0.0716	0.0658	0.0655	0.0691	0.0778	0.0961	0.1322
702	0.1579	0.1625	0.1539	0.1496	0.1397	0.1538	0.1561	0.1579	0.1597	0.1214	0.1252	0.1281	0.1378	0.1510	0.1648	0.0976	0.0952	0.0995	0.1097	0.1279	0.1575	0.0717	0.0659	0.0655	0.0692	0.0779	0.0962	0.1323
703	0.1581	0.1626	0.1541	0.1498	0.1399	0.1540	0.1563	0.1581	0.1599	0.1215	0.1253	0.1282	0.1379	0.1512	0.1650	0.0977	0.0953	0.0996	0.1099	0.1280	0.1576	0.0718	0.0659	0.0657	0.0692	0.0779	0.0963	0.1323
704	0.1582	0.1628	0.1542	0.1499	0.1400	0.1541	0.1564	0.1583	0.1600	0.1216	0.1254	0.1283	0.1381	0.1513	0.1651	0.0977	0.0954	0.0997	0.1100	0.1280	0.1577	0.0718	0.0660	0.0658	0.0694	0.0779	0.0963	0.1323
705	0.1584	0.1629	0.1543	0.1501	0.1402	0.1543	0.1566	0.1584	0.1602	0.1218	0.1255	0.1285	0.1382	0.1514	0.1652	0.0978	0.0955	0.0999	0.1100	0.1281	0.1579	0.0719	0.0660	0.0659	0.0694	0.0780	0.0964	0.1324
706	0.1585	0.1630	0.1545	0.1502	0.1404	0.1545	0.1567	0.1586	0.1603	0.1219	0.1257	0.1286	0.1383	0.1516	0.1654	0.0979	0.0956	0.1000	0.1102	0.1283	0.1580	0.0720	0.0662	0.0659	0.0695	0.0782	0.0965	0.1325
707	0.1588	0.1632	0.1546	0.1505	0.1405	0.1546	0.1569	0.1588	0.1605	0.1221	0.1258	0.1287	0.1384	0.1517	0.1655	0.0981	0.0958	0.1001	0.1103	0.1285	0.1581	0.0721	0.0663	0.0660	0.0696	0.0783	0.0965	0.1326
708	0.1590	0.1634	0.1549	0.1507	0.1407	0.1548	0.1571	0.1589	0.1607	0.1223	0.1260	0.1289	0.1386	0.1519	0.1657	0.0983	0.0959	0.1002	0.1105	0.1286	0.1582	0.0722	0.0664	0.0661	0.0697	0.0784	0.0967	0.1327
709	0.1591	0.1636	0.1551	0.1508	0.1409	0.1549	0.1573	0.1591	0.1609	0.1224	0.1262	0.1291	0.1388	0.1521	0.1659	0.0984	0.0960	0.1004	0.1106	0.1288	0.1584	0.0724	0.0665	0.0662	0.0698	0.0786	0.0969	0.1329
710	0.1593	0.1638	0.1553	0.1510	0.1410	0.1551	0.1575	0.1592	0.1610	0.1226	0.1264	0.1292	0.1389	0.1522	0.1661	0.0986	0.0961	0.1004	0.1106	0.1289	0.1585	0.0724	0.0666	0.0664	0.0699	0.0786	0.0970	0.1330
711	0.1595	0.1640	0.1554	0.1512	0.1413	0.1553	0.1576	0.1595	0.1612	0.1227	0.1265	0.1293	0.1390	0.1524	0.1663	0.0987	0.0963	0.1006	0.1108	0.1290	0.1587	0.0725	0.0667	0.0664	0.0700	0.0787	0.0970	0.1332
712	0.1596	0.1641	0.1555	0.1514	0.1414	0.1554	0.1578	0.1597	0.1613	0.1229	0.1266	0.1295	0.1392	0.1526	0.1664	0.0988	0.0964	0.1007	0.1109	0.1292	0.1589	0.0725	0.0667	0.0665	0.0701	0.0787	0.0970	0.1333
713	0.1598	0.1643	0.1557	0.1516	0.1416	0.1556	0.1579	0.1599	0.1615	0.1231	0.1268	0.1297	0.1394	0.1528	0.1665	0.0989	0.0965	0.1008	0.1111	0.1293	0.1590	0.0726	0.0668	0.0666	0.0702	0.0789	0.0971	0.1333
714	0.1599	0.1644	0.1558	0.1517	0.1417	0.1557	0.1581	0.1600	0.1617	0.1232	0.1269	0.1298	0.1395	0.1528	0.1667	0.0990	0.0966	0.1010	0.1112	0.1295	0.1590	0.0727	0.0669	0.0666	0.0702	0.0790	0.0973	0.1334
715	0.1601	0.1646	0.1560	0.1519	0.1419	0.1559	0.1583	0.1601	0.1619	0.1234	0.1271	0.1300	0.1396	0.1530	0.1669	0.0991	0.0967	0.1011	0.1113	0.1296	0.1592	0.0728	0.0670	0.0667	0.0703	0.0791	0.0974	0.1335
716	0.1603	0.1649	0.1563	0.1521	0.1420	0.1561	0.1584	0.1603	0.1620	0.1236	0.1272	0.1301	0.1398	0.1533	0.1671	0.0993	0.0969	0.1012	0.1114	0.1298	0.1594	0.0729	0.0671	0.0668	0.0704	0.0792	0.0975	0.1336
717	0.1605	0.1651	0.1564	0.1522	0.1422	0.1562	0.1586	0.1605	0.1623	0.1237	0.1274	0.1302	0.1400	0.1534	0.1672	0.0993	0.0970	0.1013	0.1115	0.1298	0.1595	0.0730	0.0671	0.0669	0.0704	0.0793	0.0976	0.1337
718	0.1607	0.1652	0.1566	0.1524	0.1424	0.1564	0.1588	0.1607	0.1624	0.1239	0.1276	0.1304	0.1402	0.1536	0.1674	0.0994	0.0972	0.1015	0.1117	0.1300	0.1597	0.0730	0.0672	0.0670	0.0706	0.0794	0.0977	0.1339
719	0.1609	0.1654	0.1568	0.1526	0.1426	0.1566	0.1590	0.1609	0.1626	0.1240	0.1277	0.1305	0.1404	0.1538	0.1675	0.0996	0.0974	0.1016	0.1118	0.1302	0.1598	0.0732	0.0673	0.0671	0.0707	0.0794	0.0978	0.1340
720	0.1610	0.1655	0.1570	0.1528	0.1428	0.1568	0.1591	0.1611	0.1628	0.1242	0.1279	0.1307	0.1405	0.1539	0.1678	0.0997	0.0975	0.1018	0.1120	0.1303	0.1600	0.0733	0.0675	0.0672	0.0708	0.0795	0.0979	0.1341
721	0.1611	0.1657	0.1572	0.1530	0.1430	0.1569	0.1592	0.1613	0.1630	0.1242	0.1280	0.1308	0.1406	0.1540	0.1679	0.0999	0.0976	0.1019	0.1121	0.1304	0.1600	0.0734	0.0675	0.0672	0.0709	0.0796	0.0980	0.1341
722	0.1613	0.1659	0.1574	0.1532	0.1432	0.1571	0.1594	0.1614	0.1631	0.1243	0.1281	0.1310	0.1408	0.1542	0.1681	0.1000	0.0977	0.1020	0.1122	0.1305	0.1602	0.0734	0.0676	0.0673	0.0709	0.0797	0.0980	0.1342
723	0.1615	0.1660	0.1576	0.1533	0.1433	0.1573	0.1596	0.1616	0.1633	0.1246	0.1283	0.1312	0.1410	0.1544	0.1683	0.1001	0.0977	0.1021	0.1123	0.1306	0.1604	0.0735	0.0677	0.0674	0.0711	0.0799	0.0981	0.1343
724	0.1617	0.1662	0.1578	0.1536	0.1435	0.1575	0.1598	0.1618	0.1635	0.1248	0.1285	0.1313	0.1411	0.1546	0.1685	0.1003	0.0980	0.1023	0.1125	0.1308	0.1606	0.0737	0.0677	0.0675	0.0712	0.0800	0.0983	0.1344
725	0.1619	0.1664	0.1579	0.1537	0.1437	0.1576	0.1600	0.1620	0.1636	0.1250	0.1286	0.1315	0.1413	0.1547	0.1687	0.1004	0.0981	0.1023	0.1127	0.1309	0.1607	0.0737	0.0678	0.0676	0.0713	0.0800	0.0984	0.1346
726	0.1621	0.1665	0.1581	0.1538	0.1438	0.1578	0.1601	0.1621	0.1638	0.1251	0.1287	0.1316	0.1414	0.1548	0.1688	0.1005	0.0982	0.1024	0.1129	0.1310	0.1607	0.0738	0.0679	0.0676	0.0713	0.0801	0.0984	0.1347
727	0.1623	0.1668	0.1583	0.1541	0.1440	0.1580	0.1603	0.1623	0.1640	0.1253	0.1290	0.1319	0.1417	0.1551	0.1690	0.1007	0.0984	0.1026	0.1130	0.1313	0.1609	0.0739	0.0680	0.0678	0.0714	0.0801	0.0986	0.1348
728	0.1624	0.1669	0.1584	0.1542	0.1441	0.1581	0.1605	0.1625	0.1642	0.1255	0.1291	0.1320	0.1418	0.1552	0.1691	0.1008	0.0984	0.1027	0.1130	0.1314	0.1610	0.0740	0.0681	0.0679	0.0715	0.0803	0.0986	0.1349
729	0.1626	0.1671	0.1586	0.1544	0.1443	0.1582	0.1607	0.1626	0.1644	0.1256	0.1293	0.1321	0.1419	0.1553	0.1692	0.1009	0.0985	0.1029	0.1131	0.1314	0.1612	0.0740	0.0682	0.0679	0.0716	0.0804	0.0987	0.1350
730	0.1628	0.1673	0.1589	0.1546	0.1444	0.1586	0.1608	0.1628	0.1646	0.1258	0.1295	0.1323	0.1421	0.1555	0.1694	0.1011	0.0987	0.1030	0.1132	0.1316	0.1614	0.0743	0.0683	0.0681	0.0717	0.0805	0.0989	0.1352
731	0.1630	0.1675	0.1591	0.1548	0.1447	0.1588	0.1610	0.1630	0.1647	0.1260	0.1296	0.1325	0.1423	0.1556	0.1696	0.1012	0.0988	0.1032	0.1134	0.1317	0.1615	0.0743	0.0684	0.0682	0.0718	0.0806	0.0990	0.1353
732	0.1631	0.1677	0.1592	0.1550	0.1449	0.1589	0.1612	0.1632	0.1649	0.1261	0.1297	0.1326	0.1423	0.1558	0.1697	0.1013	0.0989	0.1033	0.1135	0.1318	0.1616	0.0744	0.0684	0.0682	0.0719	0.0807	0.0990	0.1354
733	0.1632	0.1678	0.1593	0.1550	0.1450	0.1589	0.1613	0.1633	0.1650	0.1262	0.1298	0.1327	0.1425	0.1559	0.1698	0.1013	0.0990	0.1033	0.1136	0.1319	0.1618	0.0745	0.0684	0.0684	0.0719	0.0807	0.0991	0.1354
734	0.1634	0.1680	0.1595	0.1553	0.1452	0.1591	0.1614	0.1635	0.1652	0.1263	0.1300	0.1329	0.1426	0.1561	0.1700	0.1015	0.0992	0.1035	0.1137	0.1321	0.1619	0.0745	0.0686	0.0684	0.0721	0.0808	0.0992	0.1355
735	0.1635	0.1682	0.1597	0.1555	0.1453	0.1593	0.1616	0.1637	0.1654	0.1265	0.1302	0.1331	0.1428	0.1562	0.1702	0.1017	0.0993	0.1037	0.1139	0.1322	0.1620	0.0746	0.0687	0.0685	0.0721	0.0809	0.0993	0.1356
736	0.1637	0.1683	0.1598	0.1556	0.1455	0.1594	0.1618	0.1638	0.1656	0.1266	0.1303	0.1332	0.1429	0.1564	0.1703	0.1018	0.0994	0.1038	0.1140	0.1324	0.1621	0.0747	0.0688	0.0685	0.0722	0.0810	0.0994	0.1357
737	0.1639	0.1685	0.1600	0.1558	0.1456	0.1596	0.1619	0.1640	0.1657	0.1267	0.1305	0.1333	0.1430	0.1564	0.1705	0.1019	0.0995	0.1039	0.1141	0.1324	0.1622	0.0748	0.0688	0.0686	0.0722	0.0810	0.0994	0.1357
738	0.1641	0.1687	0.1602	0.1560	0.1458	0.1598	0.1621	0.1641	0.1660	0.1269	0.1306	0.1334	0.1432	0.1566	0.1707	0.1020	0.0996	0.1040	0.1142	0.1326	0.1624	0.0749	0.0689	0.0687	0.0724	0.0811	0.0996	0.1358
739	0.1642	0.1689	0.1603	0.1562	0.1460	0.1600	0.1624	0.1643	0.1662	0.1271	0.1307	0.1336	0.1434	0.1569	0.1709	0.1021	0.0997	0.1041	0.1144	0.1327	0.1625	0.0750	0.0690	0.0688	0.0725	0.0813	0.0997	0.1360
740	0.1645	0.1690	0.1605	0.1563	0.1462	0.1602	0.1625	0.1645	0.1663	0.1273	0.1309	0.1338	0.1436	0.1571	0.1710	0.1022	0.0998	0.1043	0.1145	0.1328	0.1627	0.0751	0.0691	0.0688	0.0726	0.0814	0.0998	0.1361
741	0.1646	0.1692	0.1607	0.1565	0.1463	0.1603	0.1627	0.1646	0.1665	0.1274	0.1310	0.1339	0.1438	0.1572	0.1712	0.1023	0.1000	0.1043	0.1147	0.1329	0.1628	0.0752	0.0692	0.0690	0.0727	0.0815	0.0999	0.1362
742	0.1648	0.1694	0.1608	0.1567	0.1465	0.1604	0.1628	0.1648	0.1666	0.1275	0.1312	0.1340	0.1439	0.1573	0.1713	0.1025	0.1002	0.1044	0.1148	0.1330	0.1629	0.0752	0.0692	0.0691	0.0727	0.0815	0.0999	0.1363
743	0.1649	0.1695	0.1609	0.1568	0.1466	0.1606	0.1629	0.1650	0.1667	0.1277	0.1313	0.1341	0.1439	0.1575	0.1714	0.1026	0.1002	0.1045	0.1148	0.1332	0.1630	0.0752	0.0694	0.0691	0.0728	0.0815	0.1000	0.1364
744	0.1651	0.1697	0.1611	0.1570	0.1468	0.1607	0.1631	0.1651	0.1669	0.1277	0.1314	0.1343	0.1441	0.1576	0.1716	0.1027	0.1004	0.1047	0.1150	0.1334	0.1632	0.0754	0.0694	0.0692	0.0729	0.0816	0.1001	0.1364
745	0.1652	0.1698	0.1613	0.1571	0.1470	0.1609	0.1633	0.1652	0.1670	0.1279	0.1316	0.1344	0.1442	0.1578	0.1717	0.1028	0.1005	0.1048	0.1151	0.1335	0.1633	0.0755	0.0695	0.0693	0.0730	0.0817	0.1002	0.1365
746	0.1654	0.1700	0.1615	0.1573	0.1471	0.1610	0.1634	0.1654	0.1672	0.1280	0.1319	0.1346	0.1444	0.1579	0.1719	0.1029	0.1006	0.1049	0.1152	0.1336	0.1634	0.0755	0.0696	0.0694	0.0731	0.0818	0.1003	0.1367
747	0.1656	0.1702	0.1616	0.1574	0.1472	0.1612	0.1637	0.1656	0.1674	0.1282	0.1320	0.1347	0.1445	0.1581	0.1720	0.1030	0.1007	0.1051	0.1154	0.1337	0.1635	0.0756	0.0697	0.0695	0.0732	0.0819	0.1004	0.1368
748	0.1657	0.1704	0.1618	0.1575	0.1474	0.1614	0.1638	0.1657	0.1675	0.1284	0.1322	0.1349	0.1447	0.1582	0.1721	0.1031	0.1008	0.1052	0.1155	0.1338	0.1637	0.0756	0.0698	0.0695	0.0733	0.0820	0.1005	0.1368
749	0.1659	0.1705	0.1620	0.1577	0.1475	0.1616	0.1639	0.1659	0.1676	0.1285	0.1323	0.1350	0.1449	0.1583	0.1723	0.1032	0.1008	0.1053	0.1155	0.1339	0.1638	0.0757	0.0698	0.0696	0.0733	0.0821	0.1006	0.1369
750	0.1660	0.1706	0.1621	0.1579	0.1477	0.1617	0.1641	0.1661	0.1678	0.1286	0.1324	0.1352	0.1450	0.1585	0.1725	0.1034	0.1010	0.1054	0.1156	0.1340	0.1639	0.0758	0.0699	0.0696	0.0733	0.0821	0.1007	0.1370
751	0.1663	0.1709	0.1623	0.1582	0.1479	0.1620	0.1643	0.1662	0.1680	0.1288	0.1326	0.1353	0.1452	0.1586	0.1726	0.1035	0.1012	0.1055	0.1158	0.1342	0.1640	0.0759	0.0701	0.0698	0.0735	0.0822	0.1008	0.1371
752	0.1664	0.1710	0.1624	0.1583	0.1480	0.1621	0.1644	0.1664	0.1682	0.1289	0.1327	0.1355	0.1453	0.1587	0.1728	0.1037	0.1013	0.1056	0.1159	0.1343	0.1641	0.0760	0.0701	0.0699	0.0736	0.0824	0.1008	0.1372
753	0.1665	0.1711	0.1626	0.1584	0.1482	0.1622	0.1645	0.1665	0.1683	0.1290	0.1327	0.1357	0.1453	0.1589	0.1729	0.1037	0.1013	0.1057	0.1159	0.1344	0.1642	0.0760	0.0701	0.0699	0.0736	0.0824	0.1009	0.1372
754	0.1666	0.1713	0.1628	0.1586	0.1483	0.1623	0.1647	0.1667	0.1685	0.1292	0.1328	0.1358	0.1455	0.1590	0.1730	0.1038	0.1015	0.1058	0.1161	0.1345	0.1644	0.0761	0.0702	0.0700	0.0737	0.0825	0.1011	0.1373
755	0.1668	0.1715	0.1629	0.1587	0.1485	0.1625	0.1649	0.1668	0.1687	0.1293	0.1329	0.1360	0.1457	0.1592	0.1732	0.1040	0.1016	0.1060	0.1162	0.1347	0.1645	0.0762	0.0703	0.0701	0.0738	0.0826	0.1011	0.1375
756	0.1670	0.1716	0.1630	0.1589	0.1486	0.1626	0.1651	0.1670	0.1688	0.1295	0.1332	0.1361	0.1458	0.1593	0.1733	0.1041	0.1017	0.1061	0.1163	0.1348	0.1646	0.0763	0.0704	0.0701	0.0739	0.0827	0.1011	0.1376
757	0.1672	0.1717	0.1632	0.1590	0.1488	0.1628	0.1652	0.1672	0.1689	0.1296	0.1333	0.1362	0.1459	0.1594	0.1734	0.1042	0.1018	0.1062	0.1165	0.1349	0.1647	0.0764	0.0705	0.0702	0.0739	0.0828	0.1013	0.1376
758	0.1673	0.1719	0.1634	0.1592	0.1489	0.1629	0.1653	0.1673	0.1691	0.1297	0.1335	0.1363	0.1461	0.1596	0.1736	0.1043	0.1020	0.1063	0.1166	0.1350	0.1649	0.0765	0.0705	0.0703	0.0740	0.0828	0.1013	0.1377
759	0.1674	0.1721	0.1635	0.1593	0.1491	0.1631	0.1654	0.1675	0.1692	0.1299	0.1337	0.1364	0.1463	0.1598	0.1737	0.1044	0.1021	0.1064	0.1167	0.1351	0.1650	0.0766	0.0706	0.0704	0.0741	0.0828	0.1014	0.1378
760	0.1675	0.1722	0.1637	0.1595	0.1492	0.1632	0.1656	0.1676	0.1693	0.1300	0.1337	0.1366	0.1464	0.1598	0.1738	0.1045	0.1022	0.1065	0.1168	0.1352	0.1651	0.0766	0.0708	0.0705	0.0742	0.0829	0.1015	0.1379
761	0.1677	0.1724	0.1638	0.1596	0.1494	0.1634	0.1658	0.1677	0.1695	0.1300	0.1338	0.1366	0.1465	0.1600	0.1739	0.1045	0.1023	0.1066	0.1169	0.1354	0.1652	0.0766	0.0707	0.0705	0.0742	0.0830	0.1015	0.1380
762	0.1678	0.1725	0.1640	0.1598	0.1495	0.1636	0.1659	0.1679	0.1696	0.1302	0.1339	0.1368	0.1466	0.1602	0.1741	0.1046	0.1024	0.1067	0.1170	0.1355	0.1653	0.0767	0.0707	0.0706	0.0743	0.0831	0.1016	0.1381
763	0.1680	0.1727	0.1642	0.1599	0.1498	0.1637	0.1661	0.1680	0.1697	0.1303	0.1341	0.1369	0.1468	0.1603	0.1743	0.1048	0.1025	0.1069	0.1172	0.1356	0.1653	0.0769	0.0709	0.0708	0.0744	0.0833	0.1017	0.1383
764	0.1681	0.1728	0.1643	0.1600	0.1497	0.1638	0.1661	0.1682	0.1698	0.1304	0.1341	0.1370	0.1469	0.1603	0.1743	0.1048	0.1025	0.1069	0.1172	0.1357	0.1655	0.0769	0.0709	0.0707	0.0744	0.0832	0.1018	0.1383
765	0.1682	0.1729	0.1644	0.1601	0.1498	0.1639	0.1662	0.1683	0.1700	0.1305	0.1342	0.1371	0.1469	0.1604	0.1744	0.1049	0.1026	0.1069	0.1172	0.1358	0.1657	0.0769	0.0709	0.0707	0.0745	0.0832	0.1018	0.1383
766	0.1683	0.1730	0.1645	0.1602	0.1500	0.1640	0.1664	0.1684	0.1701	0.1306	0.1344	0.1373	0.1470	0.1605	0.1744	0.1050	0.1027	0.1070	0.1174	0.1359	0.1658	0.0770	0.0710	0.0708	0.0745	0.0833	0.1019	0.1383
767	0.1685	0.1732	0.1646	0.1603	0.1501	0.1642	0.1664	0.1686	0.1702	0.1307	0.1345	0.1374	0.1472	0.1606	0.1746	0.1051	0.1027	0.1072	0.1175	0.1359	0.1659	0.0771	0.0711	0.0709	0.0746	0.0834	0.1020	0.1384
768	0.1686	0.1733	0.1647	0.1604	0.1502	0.1643	0.1666	0.1687	0.1704	0.1308	0.1347	0.1375	0.1473	0.1607	0.1748	0.1052	0.1029	0.1073	0.1176	0.1360	0.1660	0.0771	0.0712	0.0710	0.0747	0.0835	0.1021	0.1385
769	0.1687	0.1735	0.1648	0.1605	0.1503	0.1643	0.1668	0.1688	0.1705	0.1309	0.1348	0.1376	0.1473	0.1608	0.1749	0.1053	0.1030	0.1074	0.1177	0.1361	0.1661	0.0772	0.0713	0.0712	0.0748	0.0836	0.1021	0.1386
770	0.1687	0.1735	0.1649	0.1607	0.1504	0.1644	0.1668	0.1688	0.1706	0.1310	0.1347	0.1377	0.1474	0.1609	0.1750	0.1053	0.1030	0.1074	0.1177	0.1361	0.1660	0.0772	0.0712	0.0712	0.0748	0.0837	0.1022	0.1386
771	0.1688	0.1736	0.1650	0.1608	0.1505	0.1645	0.1669	0.1689	0.1706	0.1311	0.1348	0.1377	0.1475	0.1611	0.1750	0.1053	0.1031	0.1075	0.1178	0.1362	0.1661	0.0773	0.0712	0.0712	0.0748	0.0837	0.1022	0.1387
772	0.1689	0.1737	0.1651	0.1609	0.1506	0.1646	0.1669	0.1690	0.1707	0.1312	0.1349	0.1378	0.1476	0.1611	0.1751	0.1053	0.1032	0.1075	0.1178	0.1363	0.1662	0.0774	0.0712	0.0712	0.0748	0.0837	0.1023	0.1388
773	0.1690	0.1737	0.1652	0.1611	0.1506	0.1648	0.1670	0.1692	0.1708	0.1312	0.1351	0.1379	0.1477	0.1610	0.1753	0.1054	0.1033	0.1076	0.1179	0.1364	0.1663	0.0774	0.0714	0.0712	0.0749	0.0838	0.1024	0.1388
774	0.1692	0.1739	0.1653	0.1611	0.1507	0.1648	0.1671	0.1693	0.1710	0.1313	0.1351	0.1380	0.1478	0.1612	0.1753	0.1056	0.1033	0.1077	0.1180	0.1364	0.1664	0.0774	0.0714	0.0712	0.0750	0.0838	0.1024	0.1389
775	0.1693	0.1741	0.1654	0.1612	0.1509	0.1649	0.1672	0.1693	0.1710	0.1314	0.1352	0.1381	0.1479	0.1613	0.1754	0.1057	0.1033	0.1078	0.1181	0.1365	0.1665	0.0774	0.0715	0.0713	0.0750	0.0838	0.1024	0.1389
776	0.1693	0.1742	0.1654	0.1612	0.1510	0.1650	0.1674	0.1694	0.1711	0.1315	0.1353	0.1382	0.1480	0.1614	0.1755	0.1057	0.1034	0.1078	0.1182	0.1366	0.1665	0.0775	0.0715	0.0713	0.0751	0.0839	0.1025	0.1390
777	0.1693	0.1742	0.1655	0.1612	0.1510	0.1650	0.1674	0.1694	0.1712	0.1316	0.1355	0.1382	0.1480	0.1614	0.1756	0.1057	0.1034	0.1078	0.1182	0.1367	0.1666	0.0775	0.0716	0.0714	0.0752	0.0840	0.1025	0.1391
778	0.1694	0.1743	0.1656	0.1614	0.1511	0.1651	0.1675	0.1695	0.1713	0.1317	0.1355	0.1383	0.1481	0.1616	0.1757	0.1058	0.1034	0.1079	0.1183	0.1367	0.1667	0.0775	0.0716	0.0715	0.0752	0.0840	0.1026	0.1391
779	0.1695	0.1743	0.1657	0.1615	0.1511	0.1651	0.1676	0.1696	0.1714	0.1317	0.1355	0.1384	0.1482	0.1617	0.1757	0.1058	0.1035	0.1080	0.1183	0.1368	0.1667	0.0776	0.0716	0.0715	0.0752	0.0841	0.1027	0.1391
780	0.1696	0.1744	0.1658	0.1616	0.1513	0.1653	0.1677	0.1697	0.1714	0.1318	0.1356	0.1385	0.1483	0.1617	0.1758	0.1059	0.1037	0.1081	0.1184	0.1369	0.1668	0.0777	0.0717	0.0715	0.0752	0.0841	0.1028	0.1392
781	0.1697	0.1746	0.1659	0.1617	0.1514	0.1654	0.1678	0.1699	0.1715	0.1319	0.1356	0.1385	0.1484	0.1618	0.1759	0.1060	0.1038	0.1082	0.1185	0.1370	0.1670	0.0777	0.0718	0.0716	0.0753	0.0842	0.1028	0.1393
782	0.1698	0.1746	0.1660	0.1617	0.1514	0.1654	0.1678	0.1700	0.1716	0.1319	0.1357	0.1386	0.1485	0.1619	0.1759	0.1061	0.1038	0.1083	0.1185	0.1370	0.1670	0.0777	0.0719	0.0717	0.0754	0.0842	0.1028	0.1393
783	0.1699	0.1747	0.1661	0.1618	0.1515	0.1655	0.1678	0.1700	0.1717	0.1319	0.1357	0.1386	0.1486	0.1620	0.1760	0.1061	0.1038	0.1083	0.1184	0.1371	0.1670	0.0777	0.0718	0.0717	0.0753	0.0842	0.1028	0.1392
784	0.1698	0.1747	0.1661	0.1619	0.1516	0.1655	0.1679	0.1701	0.1717	0.1320	0.1359	0.1387	0.1485	0.1620	0.1760	0.1062	0.1038	0.1082	0.1185	0.1371	0.1670	0.0778	0.0718	0.0716	0.0754	0.0842	0.1028	0.1393
785	0.1699	0.1748	0.1661	0.1620	0.1517	0.1656	0.1680	0.1701	0.1718	0.1321	0.1359	0.1388	0.1486	0.1621	0.1761	0.1062	0.1039	0.1083	0.1186	0.1371	0.1671	0.0778	0.0718	0.0716	0.0755	0.0843	0.1029	0.1394
786	0.1700	0.1749	0.1663	0.1620	0.1517	0.1658	0.1681	0.1702	0.1718	0.1322	0.1360	0.1389	0.1487	0.1622	0.1763	0.1063	0.1039	0.1085	0.1188	0.1372	0.1672	0.0779	0.0718	0.0717	0.0756	0.0844	0.1030	0.1396
787	0.1701	0.1749	0.1662	0.1621	0.1518	0.1658	0.1681	0.1701	0.1720	0.1322	0.1360	0.1388	0.1486	0.1621	0.1763	0.1063	0.1040	0.1085	0.1188	0.1372	0.1672	0.0779	0.0719	0.0718	0.0756	0.0844	0.1030	0.1395
788	0.1701	0.1749	0.1662	0.1621	0.1518	0.1658	0.1682	0.1702	0.1720	0.1322	0.1360	0.1389	0.1487	0.1621	0.1763	0.1063	0.1040	0.1084	0.1188	0.1373	0.1672	0.0779	0.0720	0.0719	0.0755	0.0844	0.1030	0.1395
789	0.1701	0.1749	0.1662	0.1621	0.1519	0.1658	0.1682	0.1703	0.1721	0.1322	0.1361	0.1389	0.1487	0.1621	0.1763	0.1063	0.1040	0.1084	0.1188	0.1373	0.1673	0.0779	0.0720	0.0719	0.0755	0.0844	0.1030	0.1395
790	0.1702	0.1751	0.1664	0.1622	0.1519	0.1659	0.1682	0.1703	0.1722	0.1322	0.1361	0.1390	0.1488	0.1621	0.1764	0.1064	0.1041	0.1084	0.1189	0.1373	0.1673	0.0779	0.0720	0.0718	0.0756	0.0845	0.1030	0.1396
791	0.1703	0.1751	0.1664	0.1623	0.1519	0.1660	0.1683	0.1704	0.1722	0.1323	0.1362	0.1390	0.1489	0.1623	0.1765	0.1065	0.1041	0.1085	0.1189	0.1374	0.1674	0.0780	0.0720	0.0719	0.0757	0.0845	0.1031	0.1397
792	0.1703	0.1751	0.1665	0.1623	0.1519	0.1661	0.1684	0.1704	0.1722	0.1324	0.1363	0.1390	0.1489	0.1624	0.1766	0.1065	0.1042	0.1085	0.1189	0.1374	0.1674	0.0780	0.0721	0.0719	0.0757	0.0845	0.1031	0.1398
793	0.1703	0.1752	0.1665	0.1623	0.1519	0.1661	0.1683	0.1705	0.1722	0.1324	0.1361	0.1390	0.1489	0.1623	0.1765	0.1065	0.1042	0.1085	0.1189	0.1374	0.1675	0.0780	0.0720	0.0719	0.0756	0.0846	0.1031	0.1397
794	0.1704	0.1753	0.1666	0.1623	0.1520	0.1661	0.1684	0.1705	0.1722	0.1325	0.1362	0.1391	0.1489	0.1624	0.1766	0.1064	0.1042	0.1086	0.1189	0.1375	0.1675	0.0780	0.0720	0.0720	0.0756	0.0846	0.1032	0.1397
795	0.1704	0.1753	0.1666	0.1624	0.1521	0.1662	0.1684	0.1705	0.1723	0.1325	0.1363	0.1392	0.1490	0.1625	0.1766	0.1065	0.1043	0.1087	0.1189	0.1375	0.1675	0.0780	0.0721	0.0720	0.0757	0.0846	0.1032	0.1398
796	0.1704	0.1752	0.1666	0.1624	0.1521	0.1662	0.1686	0.1705	0.1724	0.1325	0.1363	0.1393	0.1490	0.1625	0.1766	0.1066	0.1043	0.1086	0.1190	0.1376	0.1675	0.0780	0.0720	0.0720	0.0758	0.0846	0.1031	0.1398
797	0.1704	0.1752	0.1666	0.1624	0.1522	0.1662	0.1685	0.1705	0.1724	0.1325	0.1363	0.1392	0.1490	0.1624	0.1767	0.1065	0.1043	0.1087	0.1191	0.1375	0.1676	0.0780	0.0720	0.0719	0.0756	0.0846	0.1032	0.1397
798	0.1705	0.1752	0.1666	0.1625	0.1522	0.1662	0.1685	0.1706	0.1724	0.1325	0.1364	0.1392	0.1491	0.1625	0.1767	0.1066	0.1043	0.1087	0.1191	0.1376	0.1676	0.0780	0.0721	0.0719	0.0757	0.0847	0.1032	0.1398
799	0.1705	0.1753	0.1667	0.1625	0.1522	0.1662	0.1685	0.1706	0.1725	0.1325	0.1364	0.1393	0.1491	0.1625	0.1768	0.1066	0.1043	0.1087	0.1192	0.1377	0.1677	0.0780	0.0722	0.0720	0.0758	0.0847	0.1033	0.1399
800	0.1705	0.1753	0.1667	0.1625	0.1521	0.1662	0.1685	0.1706	0.1724	0.1325	0.1364	0.1393	0.1491	0.1625	0.1767	0.1065	0.1043	0.1087	0.1191	0.1376	0.1677	0.0780	0.0722	0.0720	0.0757	0.0847	0.1032	0.1399
801	0.1705	0.1753	0.1667	0.1625	0.1521	0.1663	0.1685	0.1706	0.1724	0.1325	0.1363	0.1393	0.1491	0.1626	0.1768	0.1066	0.1044	0.1087	0.1191	0.1377	0.1677	0.0781	0.0722	0.0721	0.0757	0.0847	0.1032	0.1399
802	0.1706	0.1754	0.1667	0.1625	0.1522	0.1664	0.1686	0.1707	0.1725	0.1326	0.1364	0.1393	0.1491	0.1627	0.1769	0.1066	0.1044	0.1088	0.1191	0.1378	0.1677	0.0781	0.0722	0.0721	0.0758	0.0847	0.1033	0.1400
803	0.1706	0.1754	0.1668	0.1625	0.1522	0.1664	0.1687	0.1706	0.1726	0.1327	0.1365	0.1394	0.1492	0.1626	0.1769	0.1067	0.1044	0.1088	0.1192	0.1377	0.1678	0.0780	0.0721	0.0722	0.0759	0.0848	0.1034	0.1400
804	0.1706	0.1753	0.1667	0.1626	0.1522	0.1664	0.1686	0.1707	0.1726	0.1326	0.1366	0.1393	0.1491	0.1626	0.1769	0.1067	0.1043	0.1088	0.1191	0.1377	0.1677	0.0781	0.0722	0.0721	0.0759	0.0847	0.1034	0.1400
805	0.1706	0.1753	0.1667	0.1626	0.1522	0.1664	0.1686	0.1708	0.1726	0.1326	0.1366	0.1393	0.1491	0.1626	0.1768	0.1066	0.1043	0.1088	0.1191	0.1377	0.1677	0.0781	0.0722	0.0721	0.0758	0.0847	0.1033	0.1399
806	0.1705	0.1753	0.1668	0.1625	0.1522	0.1663	0.1685	0.1708	0.1725	0.1326	0.1365	0.1393	0.1491	0.1627	0.1768	0.1066	0.1043	0.1088	0.1190	0.1376	0.1676	0.0781	0.0721	0.0720	0.0758	0.0847	0.1032	0.1399
807	0.1706	0.1754	0.1668	0.1626	0.1522	0.1664	0.1686	0.1708	0.1725	0.1326	0.1366	0.1393	0.1492	0.1627	0.1769	0.1067	0.1044	0.1088	0.1192	0.1377	0.1678	0.0782	0.0721	0.0722	0.0759	0.0848	0.1034	0.1400
808	0.1706	0.1754	0.1667	0.1626	0.1521	0.1663	0.1686	0.1707	0.1725	0.1326	0.1365	0.1393	0.1492	0.1627	0.1769	0.1066	0.1044	0.1088	0.1192	0.1377	0.1678	0.0781	0.0721	0.0722	0.0759	0.0848	0.1034	0.1401
809	0.1705	0.1753	0.1666	0.1625	0.1521	0.1662	0.1686	0.1707	0.1725	0.1326	0.1364	0.1393	0.1491	0.1626	0.1768	0.1065	0.1044	0.1087	0.1191	0.1376	0.1678	0.0780	0.0720	0.0721	0.0759	0.0847	0.1034	0.1401
810	0.1705	0.1753	0.1667	0.1626	0.1522	0.1662	0.1686	0.1707	0.1725	0.1326	0.1364	0.1393	0.1491	0.1626	0.1769	0.1065	0.1043	0.1088	0.1192	0.1377	0.1677	0.0780	0.0721	0.0720	0.0759	0.0847	0.1034	0.1400
811	0.1705	0.1753	0.1668	0.1626	0.1522	0.1662	0.1686	0.1707	0.1725	0.1326	0.1364	0.1393	0.1491	0.1625	0.1769	0.1066	0.1044	0.1088	0.1191	0.1377	0.1678	0.0780	0.0722	0.0721	0.0758	0.0847	0.1034	0.1400
812	0.1705	0.1753	0.1668	0.1626	0.1522	0.1662	0.1686	0.1708	0.1725	0.1326	0.1365	0.1393	0.1491	0.1625	0.1768	0.1066	0.1044	0.1088	0.1191	0.1377	0.1678	0.0780	0.0722	0.0721	0.0759	0.0848	0.1034	0.1400
813	0.1706	0.1753	0.1668	0.1626	0.1522	0.1663	0.1686	0.1708	0.1726	0.1327	0.1366	0.1393	0.1492	0.1626	0.1769	0.1067	0.1044	0.1088	0.1192	0.1377	0.1678	0.0781	0.0721	0.0721	0.0760	0.0848	0.1033	0.1400
814	0.1706	0.1753	0.1668	0.1626	0.1522	0.1663	0.1686	0.1707	0.1726	0.1327	0.1365	0.1394	0.1492	0.1626	0.1769	0.1067	0.1044	0.1089	0.1193	0.1378	0.1678	0.0781	0.0721	0.0721	0.0759	0.0848	0.1034	0.1400
815	0.1706	0.1753	0.1667	0.1626	0.1522	0.1663	0.1686	0.1707	0.1725	0.1326	0.1365	0.1394	0.1492	0.1627	0.1769	0.1066	0.1044	0.1089	0.1193	0.1378	0.1678	0.0781	0.0722	0.0721	0.0758	0.0848	0.1034	0.1400
816	0.1705	0.1754	0.1667	0.1626	0.1522	0.1663	0.1687	0.1707	0.1726	0.1326	0.1365	0.1393	0.1492	0.1627	0.1769	0.1066	0.1044	0.1088	0.1192	0.1379	0.1678	0.0781	0.0721	0.0721	0.0758	0.0848	0.1034	0.1400
817	0.1705	0.1753	0.1666	0.1625	0.1521	0.1662	0.1686	0.1707	0.1725	0.1325	0.1365	0.1392	0.1491	0.1626	0.1768	0.1066	0.1044	0.1088	0.1191	0.1377	0.1678	0.0780	0.0721	0.0721	0.0758	0.0848	0.1033	0.1401
818	0.1704	0.1753	0.1666	0.1625	0.1520	0.1661	0.1685	0.1707	0.1725	0.1325	0.1364	0.1392	0.1491	0.1625	0.1767	0.1066	0.1043	0.1088	0.1191	0.1377	0.1678	0.0780	0.0721	0.0720	0.0758	0.0847	0.1033	0.1401
819	0.1704	0.1752	0.1666	0.1624	0.1520	0.1661	0.1685	0.1706	0.1724	0.1325	0.1363	0.1393	0.1491	0.1625	0.1767	0.1065	0.1043	0.1087	0.1191	0.1377	0.1677	0.0779	0.0721	0.0720	0.0757	0.0846	0.1033	0.1401
820	0.1704	0.1751	0.1666	0.1623	0.1519	0.1662	0.1685	0.1706	0.1723	0.1324	0.1364	0.1392	0.1490	0.1625	0.1767	0.1065	0.1043	0.1086	0.1191	0.1377	0.1678	0.0779	0.0721	0.0720	0.0756	0.0846	0.1033	0.1400
821	0.1704	0.1751	0.1666	0.1624	0.1519	0.1661	0.1685	0.1705	0.1722	0.1324	0.1364	0.1392	0.1490	0.1625	0.1767	0.1065	0.1043	0.1086	0.1191	0.1377	0.1677	0.0780	0.0721	0.0720	0.0756	0.0847	0.1033	0.1401
822	0.1704	0.1752	0.1665	0.1624	0.1520	0.1662	0.1685	0.1705	0.1723	0.1325	0.1364	0.1392	0.1490	0.1626	0.1767	0.1065	0.1044	0.1087	0.1192	0.1377	0.1677	0.0780	0.0721	0.0720	0.0757	0.0847	0.1034	0.1401
823	0.1704	0.1752	0.1665	0.1624	0.1521	0.1663	0.1684	0.1705	0.1724	0.1326	0.1365	0.1392	0.1491	0.1626	0.1768	0.1067	0.1043	0.1088	0.1192	0.1377	0.1678	0.0780	0.0723	0.0721	0.0759	0.0847	0.1034	0.1402
824	0.1703	0.1751	0.1665	0.1623	0.1520	0.1662	0.1685	0.1705	0.1724	0.1325	0.1364	0.1393	0.1492	0.1625	0.1768	0.1065	0.1043	0.1088	0.1192	0.1376	0.1678	0.0780	0.0721	0.0721	0.0758	0.0847	0.1034	0.1401
825	0.1703	0.1751	0.1665	0.1623	0.1520	0.1661	0.1684	0.1705	0.1724	0.1324	0.1363	0.1392	0.1491	0.1624	0.1767	0.1064	0.1043	0.1087	0.1191	0.1376	0.1677	0.0780	0.0721	0.0721	0.0758	0.0847	0.1033	0.1400
826	0.1703	0.1751	0.1665	0.1623	0.1520	0.1659	0.1682	0.1705	0.1723	0.1325	0.1364	0.1392	0.1490	0.1624	0.1766	0.1064	0.1043	0.1087	0.1191	0.1376	0.1676	0.0780	0.0720	0.0721	0.0759	0.0847	0.1032	0.1401
827	0.1702	0.1749	0.1664	0.1623	0.1518	0.1659	0.1682	0.1705	0.1722	0.1323	0.1363	0.1391	0.1488	0.1623	0.1766	0.1064	0.1042	0.1086	0.1190	0.1375	0.1676	0.0779	0.0720	0.0720	0.0757	0.0847	0.1032	0.1400
828	0.1702	0.1749	0.1664	0.1622	0.1517	0.1659	0.1683	0.1704	0.1721	0.1323	0.1362	0.1391	0.1488	0.1623	0.1765	0.1064	0.1042	0.1085	0.1189	0.1375	0.1676	0.0778	0.0720	0.0719	0.0757	0.0847	0.1032	0.1399
829	0.1701	0.1750	0.1665	0.1622	0.1518	0.1658	0.1684	0.1704	0.1721	0.1323	0.1362	0.1391	0.1490	0.1625	0.1765	0.1064	0.1043	0.1085	0.1190	0.1376	0.1677	0.0777	0.0720	0.0720	0.0757	0.0847	0.1033	0.1399
830	0.1702	0.1749	0.1664	0.1621	0.1519	0.1658	0.1682	0.1703	0.1722	0.1323	0.1361	0.1391	0.1489	0.1624	0.1766	0.1063	0.1042	0.1085	0.1189	0.1375	0.1677	0.0778	0.0719	0.0719	0.0757	0.0846	0.1032	0.1400
831	0.1701	0.1749	0.1663	0.1621	0.1518	0.1658	0.1681	0.1703	0.1721	0.1323	0.1361	0.1390	0.1488	0.1623	0.1766	0.1063	0.1042	0.1085	0.1189	0.1375	0.1675	0.0778	0.0719	0.0719	0.0757	0.0845	0.1032	0.1399
832	0.1700	0.1748	0.1662	0.1621	0.1516	0.1658	0.1681	0.1703	0.1720	0.1322	0.1361	0.1389	0.1488	0.1622	0.1765	0.1063	0.1041	0.1085	0.1189	0.1374	0.1674	0.0777	0.0719	0.0719	0.0756	0.0844	0.1032	0.1399
833	0.1699	0.1747	0.1661	0.1620	0.1516	0.1657	0.1680	0.1703	0.1719	0.1320	0.1361	0.1389	0.1488	0.1621	0.1764	0.1062	0.1041	0.1085	0.1188	0.1374	0.1674	0.0776	0.0717	0.0718	0.0755	0.0843	0.1031	0.1399
834	0.1699	0.1747	0.1662	0.1620	0.1516	0.1657	0.1680	0.1701	0.1718	0.1320	0.1360	0.1389	0.1487	0.1621	0.1764	0.1061	0.1040	0.1084	0.1188	0.1374	0.1674	0.0776	0.0717	0.0717	0.0756	0.0844	0.1030	0.1398
835	0.1699	0.1747	0.1661	0.1620	0.1515	0.1656	0.1680	0.1700	0.1718	0.1320	0.1360	0.1388	0.1486	0.1621	0.1764	0.1061	0.1039	0.1084	0.1188	0.1373	0.1674	0.0776	0.0718	0.0717	0.0756	0.0845	0.1029	0.1398
836	0.1699	0.1748	0.1660	0.1620	0.1515	0.1656	0.1680	0.1700	0.1718	0.1320	0.1359	0.1388	0.1487	0.1620	0.1763	0.1062	0.1040	0.1084	0.1188	0.1372	0.1674	0.0776	0.0718	0.0718	0.0756	0.0845	0.1031	0.1398
837	0.1699	0.1746	0.1661	0.1618	0.1516	0.1656	0.1679	0.1700	0.1719	0.1321	0.1360	0.1388	0.1486	0.1622	0.1763	0.1062	0.1041	0.1084	0.1188	0.1373	0.1674	0.0775	0.0719	0.0718	0.0755	0.0845	0.1030	0.1398
838	0.1698	0.1745	0.1661	0.1618	0.1516	0.1656	0.1679	0.1699	0.1718	0.1320	0.1359	0.1387	0.1486	0.1621	0.1763	0.1061	0.1040	0.1083	0.1187	0.1372	0.1674	0.0775	0.0718	0.0717	0.0754	0.0844	0.1030	0.1398
839	0.1697	0.1744	0.1660	0.1618	0.1515	0.1656	0.1678	0.1698	0.1717	0.1318	0.1358	0.1386	0.1486	0.1620	0.1762	0.1060	0.1039	0.1083	0.1186	0.1371	0.1672	0.0776	0.0716	0.0717	0.0754	0.0844	0.1030	0.1398
840	0.1696	0.1744	0.1658	0.1617	0.1513	0.1654	0.1677	0.1698	0.1718	0.1317	0.1357	0.1386	0.1485	0.1620	0.1761	0.1059	0.1039	0.1083	0.1186	0.1371	0.1671	0.0776	0.0716	0.0716	0.0755	0.0842	0.1030	0.1398
841	0.1696	0.1744	0.1658	0.1616	0.1512	0.1654	0.1677	0.1698	0.1717	0.1317	0.1357	0.1385	0.1485	0.1619	0.1761	0.1059	0.1037	0.1082	0.1185	0.1371	0.1671	0.0774	0.0715	0.0716	0.0754	0.0843	0.1030	0.1397
842	0.1695	0.1744	0.1658	0.1616	0.1512	0.1654	0.1677	0.1699	0.1716	0.1317	0.1357	0.1384	0.1484	0.1619	0.1761	0.1059	0.1037	0.1081	0.1185	0.1371	0.1672	0.0774	0.0715	0.0716	0.0754	0.0844	0.1030	0.1397
843	0.1695	0.1744	0.1658	0.1617	0.1512	0.1654	0.1678	0.1699	0.1716	0.1318	0.1358	0.1385	0.1485	0.1619	0.1760	0.1058	0.1039	0.1082	0.1186	0.1371	0.1674	0.0775	0.0718	0.0716	0.0755	0.0844	0.1030	0.1397
844	0.1696	0.1744	0.1658	0.1616	0.1512	0.1654	0.1678	0.1698	0.1716	0.1318	0.1357	0.1386	0.1484	0.1619	0.1761	0.1059	0.1038	0.1082	0.1186	0.1371	0.1673	0.0774	0.0717	0.0716	0.0755	0.0844	0.1029	0.1398
845	0.1696	0.1743	0.1658	0.1616	0.1513	0.1653	0.1678	0.1697	0.1716	0.1318	0.1357	0.1386	0.1484	0.1618	0.1761	0.1060	0.1038	0.1082	0.1187	0.1371	0.1673	0.0774	0.0717	0.0716	0.0755	0.0844	0.1029	0.1398
846	0.1697	0.1742	0.1659	0.1617	0.1513	0.1652	0.1678	0.1697	0.1716	0.1318	0.1358	0.1385	0.1485	0.1618	0.1761	0.1061	0.1038	0.1082	0.1188	0.1373	0.1673	0.0775	0.0717	0.0716	0.0756	0.0844	0.1030	0.1399
847	0.1694	0.1741	0.1657	0.1615	0.1511	0.1651	0.1676	0.1696	0.1715	0.1316	0.1356	0.1384	0.1483	0.1617	0.1761	0.1059	0.1036	0.1081	0.1184	0.1371	0.1672	0.0774	0.0716	0.0715	0.0754	0.0842	0.1029	0.1398
848	0.1693	0.1740	0.1656	0.1614	0.1511	0.1651	0.1675	0.1695	0.1715	0.1315	0.1355	0.1384	0.1482	0.1617	0.1760	0.1059	0.1036	0.1080	0.1184	0.1370	0.1671	0.0774	0.0715	0.0716	0.0753	0.0840	0.1029	0.1396
849	0.1692	0.1740	0.1655	0.1614	0.1511	0.1652	0.1675	0.1695	0.1714	0.1315	0.1355	0.1384	0.1482	0.1616	0.1760	0.1058	0.1036	0.1080	0.1184	0.1370	0.1671	0.0773	0.0715	0.0717	0.0754	0.0839	0.1029	0.1395
850	0.1693	0.1740	0.1655	0.1613	0.1510	0.1651	0.1674	0.1695	0.1714	0.1315	0.1355	0.1384	0.1482	0.1616	0.1760	0.1057	0.1037	0.1081	0.1183	0.1371	0.1671	0.0773	0.0715	0.0717	0.0754	0.0840	0.1028	0.1397
851	0.1693	0.1740	0.1656	0.1613	0.1510	0.1651	0.1674	0.1695	0.1714	0.1315	0.1355	0.1384	0.1482	0.1616	0.1759	0.1057	0.1038	0.1081	0.1184	0.1369	0.1671	0.0773	0.0715	0.0716	0.0753	0.0842	0.1028	0.1396
852	0.1693	0.1740	0.1656	0.1612	0.1510	0.1651	0.1674	0.1694	0.1714	0.1315	0.1354	0.1383	0.1481	0.1617	0.1758	0.1058	0.1038	0.1081	0.1184	0.1369	0.1670	0.0773	0.0715	0.0715	0.0753	0.0843	0.1028	0.1396
853	0.1692	0.1739	0.1653	0.1611	0.1509	0.1650	0.1672	0.1694	0.1713	0.1313	0.1353	0.1383	0.1481	0.1615	0.1758	0.1057	0.1035	0.1079	0.1183	0.1369	0.1669	0.0771	0.0715	0.0714	0.0753	0.0842	0.1028	0.1395
854	0.1692	0.1739	0.1653	0.1611	0.1509	0.1649	0.1672	0.1694	0.1711	0.1314	0.1353	0.1382	0.1480	0.1616	0.1757	0.1057	0.1035	0.1079	0.1183	0.1368	0.1669	0.0773	0.0715	0.0714	0.0754	0.0842	0.1028	0.1396
855	0.1691	0.1738	0.1653	0.1611	0.1508	0.1648	0.1672	0.1694	0.1711	0.1313	0.1353	0.1382	0.1480	0.1615	0.1757	0.1057	0.1034	0.1078	0.1182	0.1368	0.1669	0.0773	0.0715	0.0714	0.0753	0.0841	0.1028	0.1397
856	0.1690	0.1738	0.1652	0.1611	0.1507	0.1648	0.1672	0.1694	0.1711	0.1311	0.1352	0.1381	0.1480	0.1613	0.1756	0.1056	0.1034	0.1078	0.1182	0.1368	0.1669	0.0771	0.0715	0.0713	0.0752	0.0839	0.1027	0.1396
857	0.1690	0.1738	0.1651	0.1611	0.1507	0.1647	0.1671	0.1693	0.1710	0.1312	0.1352	0.1380	0.1479	0.1614	0.1756	0.1056	0.1035	0.1079	0.1181	0.1368	0.1669	0.0772	0.0714	0.0714	0.0751	0.0842	0.1026	0.1395
858	0.1689	0.1737	0.1651	0.1611	0.1507	0.1647	0.1670	0.1692	0.1710	0.1312	0.1352	0.1379	0.1479	0.1614	0.1755	0.1055	0.1035	0.1079	0.1181	0.1367	0.1668	0.0772	0.0713	0.0714	0.0751	0.0842	0.1027	0.1395
859	0.1689	0.1736	0.1652	0.1610	0.1507	0.1648	0.1670	0.1691	0.1711	0.1312	0.1352	0.1379	0.1478	0.1613	0.1754	0.1055	0.1035	0.1078	0.1181	0.1366	0.1668	0.0771	0.0713	0.0713	0.0752	0.0840	0.1028	0.1395
860	0.1690	0.1738	0.1652	0.1609	0.1506	0.1647	0.1670	0.1691	0.1712	0.1312	0.1352	0.1381	0.1478	0.1614	0.1756	0.1055	0.1035	0.1078	0.1181	0.1367	0.1668	0.0772	0.0714	0.0713	0.0752	0.0842	0.1027	0.1396
861	0.1689	0.1736	0.1651	0.1609	0.1505	0.1647	0.1669	0.1691	0.1710	0.1312	0.1351	0.1380	0.1478	0.1613	0.1755	0.1055	0.1033	0.1077	0.1181	0.1367	0.1668	0.0770	0.0714	0.0713	0.0752	0.0841	0.1026	0.1395
862	0.1686	0.1734	0.1650	0.1608	0.1503	0.1646	0.1668	0.1690	0.1708	0.1311	0.1350	0.1379	0.1478	0.1611	0.1753	0.1054	0.1032	0.1077	0.1180	0.1366	0.1667	0.0769	0.0713	0.0712	0.0751	0.0839	0.1025	0.1393
863	0.1684	0.1734	0.1649	0.1607	0.1503	0.1645	0.1668	0.1689	0.1708	0.1309	0.1350	0.1380	0.1478	0.1610	0.1753	0.1054	0.1032	0.1075	0.1179	0.1366	0.1667	0.0769	0.0712	0.0712	0.0750	0.0839	0.1025	0.1393
864	0.1685	0.1734	0.1650	0.1607	0.1505	0.1644	0.1668	0.1690	0.1707	0.1310	0.1349	0.1378	0.1477	0.1610	0.1754	0.1054	0.1031	0.1076	0.1180	0.1366	0.1667	0.0769	0.0712	0.0713	0.0750	0.0840	0.1026	0.1394
865	0.1687	0.1734	0.1650	0.1607	0.1505	0.1644	0.1668	0.1691	0.1707	0.1310	0.1350	0.1378	0.1477	0.1611	0.1754	0.1054	0.1032	0.1077	0.1181	0.1365	0.1667	0.0770	0.0712	0.0714	0.0750	0.0840	0.1026	0.1394
866	0.1687	0.1734	0.1648	0.1607	0.1505	0.1645	0.1668	0.1691	0.1708	0.1309	0.1351	0.1381	0.1479	0.1611	0.1753	0.1054	0.1033	0.1077	0.1182	0.1365	0.1667	0.0771	0.0713	0.0715	0.0752	0.0840	0.1026	0.1395
867	0.1687	0.1734	0.1649	0.1607	0.1505	0.1645	0.1668	0.1690	0.1708	0.1310	0.1350	0.1380	0.1476	0.1611	0.1753	0.1054	0.1033	0.1077	0.1180	0.1365	0.1667	0.0770	0.0713	0.0713	0.0751	0.0839	0.1026	0.1394
868	0.1686	0.1733	0.1648	0.1606	0.1503	0.1644	0.1668	0.1689	0.1708	0.1310	0.1350	0.1379	0.1475	0.1612	0.1752	0.1053	0.1033	0.1076	0.1180	0.1365	0.1666	0.0768	0.0712	0.0711	0.0750	0.0839	0.1026	0.1394
869	0.1685	0.1733	0.1647	0.1605	0.1502	0.1643	0.1668	0.1688	0.1707	0.1308	0.1349	0.1378	0.1475	0.1611	0.1752	0.1052	0.1033	0.1075	0.1179	0.1365	0.1666	0.0767	0.0711	0.0711	0.0750	0.0839	0.1026	0.1394
870	0.1685	0.1732	0.1648	0.1605	0.1503	0.1643	0.1668	0.1688	0.1708	0.1308	0.1350	0.1377	0.1475	0.1611	0.1754	0.1053	0.1031	0.1076	0.1181	0.1366	0.1667	0.0768	0.0713	0.0714	0.0752	0.0840	0.1026	0.1395
871	0.1684	0.1732	0.1648	0.1605	0.1503	0.1644	0.1667	0.1688	0.1707	0.1308	0.1349	0.1378	0.1476	0.1610	0.1753	0.1053	0.1031	0.1077	0.1179	0.1366	0.1667	0.0769	0.0712	0.0713	0.0751	0.0840	0.1026	0.1395
872	0.1683	0.1732	0.1648	0.1605	0.1502	0.1644	0.1666	0.1687	0.1706	0.1308	0.1349	0.1378	0.1476	0.1610	0.1752	0.1053	0.1031	0.1077	0.1178	0.1366	0.1666	0.0770	0.0712	0.0711	0.0751	0.0840	0.1026	0.1395
873	0.1684	0.1732	0.1649	0.1605	0.1503	0.1644	0.1666	0.1689	0.1705	0.1310	0.1350	0.1379	0.1475	0.1611	0.1753	0.1054	0.1032	0.1077	0.1180	0.1366	0.1665	0.0770	0.0712	0.0713	0.0752	0.0840	0.1027	0.1396
874	0.1683	0.1731	0.1647	0.1603	0.1502	0.1643	0.1666	0.1687	0.1705	0.1308	0.1348	0.1377	0.1475	0.1609	0.1753	0.1052	0.1031	0.1075	0.1179	0.1365	0.1665	0.0769	0.0711	0.0712	0.0751	0.0839	0.1026	0.1395
875	0.1683	0.1731	0.1646	0.1603	0.1501	0.1642	0.1665	0.1686	0.1705	0.1306	0.1346	0.1376	0.1474	0.1608	0.1752	0.1051	0.1031	0.1074	0.1178	0.1363	0.1666	0.0768	0.0710	0.0711	0.0749	0.0838	0.1025	0.1394
876	0.1682	0.1730	0.1646	0.1605	0.1500	0.1640	0.1665	0.1687	0.1705	0.1306	0.1345	0.1375	0.1472	0.1607	0.1751	0.1051	0.1029	0.1073	0.1178	0.1362	0.1666	0.0767	0.0709	0.0711	0.0749	0.0836	0.1025	0.1395
877	0.1681	0.1730	0.1645	0.1603	0.1500	0.1641	0.1664	0.1686	0.1705	0.1305	0.1346	0.1376	0.1472	0.1608	0.1750	0.1051	0.1029	0.1072	0.1178	0.1361	0.1665	0.0765	0.0710	0.0710	0.0748	0.0837	0.1024	0.1393
878	0.1681	0.1730	0.1646	0.1603	0.1501	0.1641	0.1664	0.1686	0.1704	0.1306	0.1346	0.1376	0.1474	0.1609	0.1751	0.1051	0.1029	0.1073	0.1178	0.1362	0.1665	0.0766	0.0711	0.0711	0.0749	0.0838	0.1025	0.1393
879	0.1683	0.1731	0.1646	0.1605	0.1501	0.1641	0.1665	0.1686	0.1703	0.1306	0.1347	0.1377	0.1476	0.1609	0.1752	0.1052	0.1031	0.1075	0.1178	0.1364	0.1667	0.0768	0.0711	0.0713	0.0750	0.0838	0.1026	0.1393
880	0.1683	0.1730	0.1644	0.1603	0.1499	0.1641	0.1665	0.1685	0.1704	0.1307	0.1346	0.1375	0.1474	0.1608	0.1751	0.1052	0.1031	0.1074	0.1178	0.1363	0.1664	0.0767	0.0710	0.0712	0.0749	0.0837	0.1025	0.1391
881	0.1682	0.1728	0.1643	0.1603	0.1500	0.1640	0.1665	0.1684	0.1704	0.1307	0.1345	0.1375	0.1475	0.1607	0.1750	0.1051	0.1030	0.1074	0.1178	0.1363	0.1664	0.0767	0.0711	0.0711	0.0750	0.0838	0.1024	0.1393
882	0.1681	0.1728	0.1643	0.1603	0.1500	0.1639	0.1664	0.1684	0.1704	0.1307	0.1345	0.1375	0.1475	0.1607	0.1749	0.1050	0.1030	0.1075	0.1178	0.1363	0.1664	0.0767	0.0711	0.0711	0.0750	0.0838	0.1025	0.1394
883	0.1681	0.1730	0.1645	0.1603	0.1500	0.1640	0.1664	0.1684	0.1704	0.1305	0.1344	0.1372	0.1474	0.1607	0.1749	0.1050	0.1030	0.1074	0.1177	0.1362	0.1664	0.0767	0.0711	0.0711	0.0746	0.0837	0.1025	0.1393
884	0.1682	0.1730	0.1644	0.1602	0.1500	0.1640	0.1665	0.1685	0.1703	0.1305	0.1345	0.1374	0.1473	0.1607	0.1750	0.1051	0.1031	0.1072	0.1177	0.1364	0.1666	0.0767	0.0711	0.0711	0.0747	0.0837	0.1024	0.1394
885	0.1683	0.1729	0.1644	0.1601	0.1499	0.1640	0.1665	0.1686	0.1702	0.1305	0.1345	0.1375	0.1472	0.1606	0.1751	0.1051	0.1031	0.1072	0.1177	0.1364	0.1666	0.0767	0.0710	0.0711	0.0748	0.0838	0.1024	0.1394
886	0.1682	0.1727	0.1645	0.1601	0.1498	0.1641	0.1664	0.1686	0.1700	0.1305	0.1345	0.1375	0.1471	0.1604	0.1749	0.1049	0.1028	0.1074	0.1177	0.1362	0.1664	0.0766	0.0707	0.0710	0.0747	0.0838	0.1023	0.1393
887	0.1684	0.1728	0.1645	0.1603	0.1500	0.1641	0.1664	0.1686	0.1703	0.1306	0.1348	0.1376	0.1472	0.1608	0.1752	0.1052	0.1030	0.1075	0.1180	0.1365	0.1665	0.0767	0.0710	0.0711	0.0749	0.0838	0.1025	0.1395
888	0.1684	0.1729	0.1645	0.1604	0.1501	0.1640	0.1664	0.1686	0.1704	0.1306	0.1348	0.1375	0.1472	0.1608	0.1752	0.1052	0.1030	0.1075	0.1180	0.1365	0.1665	0.0767	0.0712	0.0712	0.0750	0.0839	0.1026	0.1395
889	0.1684	0.1730	0.1644	0.1604	0.1500	0.1640	0.1663	0.1685	0.1704	0.1306	0.1346	0.1374	0.1471	0.1606	0.1751	0.1051	0.1029	0.1075	0.1178	0.1364	0.1664	0.0767	0.0712	0.0711	0.0751	0.0839	0.1025	0.1395
890	0.1682	0.1728	0.1644	0.1603	0.1499	0.1640	0.1664	0.1685	0.1704	0.1306	0.1346	0.1374	0.1472	0.1607	0.1751	0.1051	0.1030	0.1074	0.1178	0.1364	0.1665	0.0766	0.0711	0.0710	0.0749	0.0837	0.1024	0.1393
891	0.1681	0.1727	0.1642	0.1602	0.1498	0.1640	0.1663	0.1684	0.1702	0.1305	0.1345	0.1374	0.1472	0.1606	0.1750	0.1050	0.1029	0.1072	0.1175	0.1362	0.1664	0.0765	0.0710	0.0709	0.0748	0.0835	0.1023	0.1393
892	0.1681	0.1726	0.1641	0.1602	0.1498	0.1640	0.1662	0.1683	0.1701	0.1303	0.1343	0.1374	0.1471	0.1605	0.1749	0.1050	0.1028	0.1071	0.1173	0.1360	0.1664	0.0765	0.0711	0.0709	0.0748	0.0835	0.1022	0.1394
893	0.1680	0.1727	0.1644	0.1602	0.1499	0.1639	0.1661	0.1685	0.1701	0.1303	0.1344	0.1373	0.1472	0.1605	0.1751	0.1049	0.1028	0.1072	0.1174	0.1361	0.1665	0.0765	0.0712	0.0711	0.0748	0.0837	0.1024	0.1394
894	0.1681	0.1729	0.1645	0.1603	0.1498	0.1640	0.1661	0.1685	0.1702	0.1304	0.1345	0.1374	0.1472	0.1608	0.1752	0.1052	0.1029	0.1073	0.1177	0.1362	0.1665	0.0766	0.0712	0.0711	0.0750	0.0838	0.1024	0.1394
895	0.1682	0.1729	0.1645	0.1602	0.1497	0.1641	0.1662	0.1685	0.1703	0.1305	0.1346	0.1375	0.1472	0.1609	0.1751	0.1053	0.1030	0.1074	0.1179	0.1363	0.1666	0.0767	0.0711	0.0712	0.0751	0.0838	0.1024	0.1394
896	0.1683	0.1727	0.1644	0.1601	0.1499	0.1641	0.1664	0.1685	0.1705	0.1306	0.1346	0.1377	0.1473	0.1609	0.1749	0.1050	0.1030	0.1075	0.1180	0.1363	0.1665	0.0767	0.0709	0.0712	0.0749	0.0838	0.1025	0.1393
897	0.1680	0.1727	0.1644	0.1601	0.1499	0.1641	0.1665	0.1684	0.1705	0.1305	0.1347	0.1376	0.1472	0.1605	0.1751	0.1048	0.1031	0.1074	0.1179	0.1364	0.1664	0.0767	0.0709	0.0713	0.0749	0.0838	0.1024	0.1393
898	0.1679	0.1727	0.1643	0.1601	0.1499	0.1640	0.1665	0.1682	0.1704	0.1304	0.1347	0.1375	0.1471	0.1604	0.1751	0.1047	0.1030	0.1072	0.1177	0.1363	0.1665	0.0765	0.0708	0.0712	0.0747	0.0837	0.1023	0.1393
899	0.1680	0.1727	0.1641	0.1600	0.1498	0.1638	0.1663	0.1682	0.1702	0.1303	0.1345	0.1373	0.1471	0.1604	0.1750	0.1047	0.1028	0.1070	0.1175	0.1361	0.1665	0.0762	0.0707	0.0710	0.0746	0.0835	0.1023	0.1392
900	0.1679	0.1728	0.1640	0.1600	0.1497	0.1639	0.1660	0.1684	0.1701	0.1303	0.1345	0.1372	0.1470	0.1605	0.1748	0.1048	0.1029	0.1071	0.1175	0.1361	0.1664	0.0764	0.0707	0.0710	0.0748	0.0837	0.1026	0.1393
901	0.1679	0.1728	0.1641	0.1601	0.1497	0.1640	0.1661	0.1685	0.1702	0.1304	0.1344	0.1373	0.1471	0.1606	0.1749	0.1049	0.1030	0.1072	0.1176	0.1362	0.1665	0.0766	0.0710	0.0711	0.0748	0.0837	0.1025	0.1393
902	0.1680	0.1728	0.1643	0.1603	0.1498	0.1640	0.1663	0.1685	0.1703	0.1304	0.1343	0.1374	0.1473	0.1607	0.1750	0.1050	0.1030	0.1073	0.1178	0.1363	0.1667	0.0768	0.0712	0.0712	0.0749	0.0837	0.1023	0.1393
903	0.1683	0.1728	0.1644	0.1602	0.1498	0.1640	0.1665	0.1685	0.1702	0.1304	0.1346	0.1376	0.1472	0.1607	0.1749	0.1052	0.1030	0.1075	0.1179	0.1365	0.1666	0.0767	0.0713	0.0712	0.0751	0.0838	0.1024	0.1396
904	0.1681	0.1728	0.1642	0.1601	0.1499	0.1639	0.1664	0.1685	0.1702	0.1305	0.1346	0.1375	0.1471	0.1606	0.1749	0.1050	0.1029	0.1074	0.1178	0.1364	0.1666	0.0765	0.0711	0.0711	0.0749	0.0839	0.1023	0.1395
905	0.1681	0.1728	0.1641	0.1602	0.1500	0.1639	0.1663	0.1684	0.1703	0.1304	0.1345	0.1374	0.1471	0.1605	0.1749	0.1049	0.1029	0.1073	0.1178	0.1363	0.1666	0.0764	0.0710	0.0710	0.0747	0.0838	0.1023	0.1395
906	0.1683	0.1728	0.1641	0.1604	0.1500	0.1640	0.1662	0.1683	0.1704	0.1302	0.1345	0.1374	0.1471	0.1605	0.1749	0.1050	0.1030	0.1074	0.1179	0.1363	0.1668	0.0765	0.0712	0.0711	0.0750	0.0837	0.1026	0.1394
907	0.1681	0.1728	0.1641	0.1601	0.1498	0.1638	0.1662	0.1682	0.1702	0.1303	0.1345	0.1375	0.1470	0.1606	0.1750	0.1050	0.1030	0.1071	0.1176	0.1362	0.1666	0.0765	0.0709	0.0710	0.0747	0.0836	0.1026	0.1394
908	0.1680	0.1727	0.1642	0.1599	0.1498	0.1637	0.1662	0.1683	0.1702	0.1303	0.1345	0.1374	0.1470	0.1606	0.1751	0.1051	0.1030	0.1071	0.1175	0.1362	0.1665	0.0766	0.0708	0.0710	0.0747	0.0836	0.1025	0.1395
909	0.1681	0.1726	0.1643	0.1599	0.1500	0.1638	0.1663	0.1687	0.1704	0.1304	0.1345	0.1372	0.1471	0.1607	0.1750	0.1053	0.1031	0.1073	0.1176	0.1364	0.1665	0.0767	0.0709	0.0711	0.0749	0.0838	0.1024	0.1396
910	0.1682	0.1729	0.1644	0.1601	0.1500	0.1640	0.1665	0.1687	0.1706	0.1309	0.1346	0.1375	0.1475	0.1610	0.1754	0.1051	0.1032	0.1074	0.1178	0.1367	0.1667	0.0768	0.0711	0.0712	0.0752	0.0838	0.1025	0.1396
911	0.1682	0.1730	0.1644	0.1602	0.1500	0.1640	0.1665	0.1685	0.1704	0.1308	0.1346	0.1375	0.1474	0.1607	0.1752	0.1052	0.1031	0.1073	0.1177	0.1365	0.1668	0.0768	0.0710	0.0711	0.0752	0.0838	0.1025	0.1396
912	0.1681	0.1730	0.1643	0.1603	0.1499	0.1638	0.1663	0.1683	0.1703	0.1305	0.1346	0.1374	0.1472	0.1604	0.1750	0.1052	0.1029	0.1073	0.1175	0.1363	0.1667	0.0767	0.0709	0.0711	0.0750	0.0837	0.1024	0.1395
913	0.1681	0.1730	0.1644	0.1604	0.1499	0.1640	0.1663	0.1684	0.1703	0.1306	0.1347	0.1375	0.1472	0.1607	0.1750	0.1049	0.1028	0.1075	0.1175	0.1365	0.1667	0.0767	0.0710	0.0712	0.0749	0.0839	0.1025	0.1395
914	0.1680	0.1728	0.1644	0.1604	0.1498	0.1640	0.1663	0.1684	0.1704	0.1306	0.1345	0.1374	0.1473	0.1607	0.1750	0.1047	0.1028	0.1073	0.1175	0.1364	0.1666	0.0766	0.0710	0.0712	0.0748	0.0837	0.1024	0.1395
915	0.1680	0.1726	0.1645	0.1604	0.1498	0.1639	0.1664	0.1684	0.1704	0.1307	0.1345	0.1374	0.1474	0.1606	0.1750	0.1048	0.1029	0.1072	0.1175	0.1364	0.1666	0.0765	0.0709	0.0712	0.0749	0.0835	0.1024	0.1396
916	0.1682	0.1726	0.1646	0.1605	0.1501	0.1637	0.1666	0.1687	0.1703	0.1308	0.1347	0.1375	0.1474	0.1606	0.1752	0.1053	0.1031	0.1075	0.1177	0.1367	0.1667	0.0767	0.0710	0.0712	0.0750	0.0838	0.1025	0.1397
917	0.1683	0.1728	0.1647	0.1602	0.1500	0.1639	0.1666	0.1687	0.1704	0.1306	0.1347	0.1376	0.1474	0.1606	0.1751	0.1052	0.1031	0.1076	0.1178	0.1366	0.1668	0.0767	0.0711	0.0711	0.0749	0.0839	0.1026	0.1394
918	0.1683	0.1728	0.1647	0.1601	0.1500	0.1640	0.1665	0.1686	0.1705	0.1306	0.1347	0.1377	0.1473	0.1606	0.1751	0.1051	0.1032	0.1076	0.1178	0.1364	0.1668	0.0767	0.0712	0.0712	0.0749	0.0840	0.1024	0.1394
919	0.1682	0.1727	0.1645	0.1603	0.1500	0.1641	0.1663	0.1686	0.1704	0.1308	0.1346	0.1376	0.1473	0.1606	0.1753	0.1051	0.1032	0.1076	0.1177	0.1364	0.1667	0.0766	0.0713	0.0713	0.0749	0.0838	0.1021	0.1396
920	0.1685	0.1730	0.1646	0.1605	0.1501	0.1641	0.1666	0.1686	0.1707	0.1309	0.1349	0.1377	0.1476	0.1607	0.1752	0.1053	0.1033	0.1076	0.1178	0.1367	0.1670	0.0767	0.0712	0.0712	0.0752	0.0842	0.1025	0.1398
921	0.1684	0.1730	0.1646	0.1604	0.1501	0.1641	0.1667	0.1685	0.1707	0.1308	0.1350	0.1376	0.1476	0.1607	0.1752	0.1051	0.1033	0.1075	0.1178	0.1365	0.1668	0.0766	0.0710	0.0713	0.0751	0.0841	0.1024	0.1397
922	0.1682	0.1728	0.1646	0.1602	0.1501	0.1640	0.1666	0.1685	0.1706	0.1307	0.1349	0.1375	0.1474	0.1606	0.1752	0.1047	0.1032	0.1074	0.1178	0.1362	0.1665	0.0767	0.0708	0.0714	0.0750	0.0838	0.1023	0.1395
923	0.1682	0.1729	0.1646	0.1602	0.1501	0.1641	0.1666	0.1687	0.1702	0.1308	0.1348	0.1373	0.1471	0.1607	0.1752	0.1050	0.1031	0.1075	0.1178	0.1365	0.1667	0.0769	0.0711	0.0714	0.0749	0.0836	0.1025	0.1395
924	0.1680	0.1730	0.1647	0.1603	0.1501	0.1643	0.1668	0.1687	0.1705	0.1309	0.1349	0.1377	0.1473	0.1609	0.1752	0.1051	0.1031	0.1075	0.1179	0.1366	0.1670	0.0768	0.0711	0.0713	0.0751	0.0837	0.1027	0.1397
925	0.1681	0.1731	0.1647	0.1604	0.1502	0.1644	0.1669	0.1688	0.1708	0.1309	0.1349	0.1380	0.1476	0.1610	0.1753	0.1052	0.1032	0.1075	0.1180	0.1367	0.1671	0.0767	0.0711	0.0714	0.0752	0.0839	0.1028	0.1398
926	0.1686	0.1733	0.1647	0.1606	0.1503	0.1644	0.1666	0.1691	0.1708	0.1309	0.1349	0.1378	0.1477	0.1611	0.1755	0.1053	0.1034	0.1077	0.1180	0.1366	0.1669	0.0767	0.0712	0.0714	0.0750	0.0837	0.1029	0.1398
927	0.1687	0.1733	0.1647	0.1607	0.1504	0.1643	0.1667	0.1690	0.1709	0.1307	0.1351	0.1380	0.1479	0.1610	0.1755	0.1053	0.1036	0.1080	0.1179	0.1367	0.1670	0.0768	0.0715	0.0714	0.0751	0.0841	0.1031	0.1399
928	0.1687	0.1732	0.1646	0.1608	0.1503	0.1643	0.1667	0.1688	0.1707	0.1307	0.1350	0.1379	0.1479	0.1610	0.1754	0.1053	0.1034	0.1078	0.1179	0.1366	0.1671	0.0769	0.0715	0.0714	0.0752	0.0842	0.1031	0.1399
929	0.1686	0.1733	0.1644	0.1608	0.1501	0.1645	0.1665	0.1686	0.1703	0.1308	0.1348	0.1376	0.1477	0.1611	0.1754	0.1054	0.1031	0.1073	0.1180	0.1366	0.1670	0.0769	0.0712	0.0714	0.0752	0.0838	0.1028	0.1399
930	0.1686	0.1733	0.1649	0.1606	0.1503	0.1644	0.1667	0.1690	0.1706	0.1310	0.1351	0.1378	0.1473	0.1608	0.1754	0.1053	0.1031	0.1075	0.1181	0.1370	0.1671	0.0769	0.0713	0.0714	0.0752	0.0838	0.1026	0.1400
931	0.1686	0.1735	0.1650	0.1605	0.1505	0.1645	0.1669	0.1692	0.1707	0.1310	0.1352	0.1380	0.1475	0.1610	0.1755	0.1053	0.1033	0.1078	0.1181	0.1371	0.1671	0.0770	0.0713	0.0713	0.0753	0.0840	0.1029	0.1400
932	0.1686	0.1735	0.1649	0.1606	0.1507	0.1646	0.1670	0.1693	0.1709	0.1310	0.1352	0.1380	0.1478	0.1613	0.1755	0.1054	0.1035	0.1080	0.1181	0.1370	0.1671	0.0770	0.0713	0.0713	0.0755	0.0842	0.1031	0.1400
933	0.1685	0.1731	0.1645	0.1607	0.1506	0.1646	0.1667	0.1691	0.1711	0.1310	0.1349	0.1378	0.1477	0.1609	0.1756	0.1061	0.1036	0.1075	0.1183	0.1372	0.1672	0.0769	0.0712	0.0714	0.0754	0.0841	0.1028	0.1400
934	0.1684	0.1731	0.1647	0.1610	0.1504	0.1645	0.1668	0.1691	0.1711	0.1311	0.1350	0.1380	0.1475	0.1611	0.1757	0.1058	0.1035	0.1075	0.1182	0.1368	0.1671	0.0767	0.0711	0.0714	0.0752	0.0839	0.1028	0.1400
935	0.1686	0.1732	0.1650	0.1611	0.1504	0.1644	0.1669	0.1692	0.1711	0.1311	0.1352	0.1383	0.1475	0.1613	0.1757	0.1056	0.1034	0.1077	0.1181	0.1367	0.1672	0.0769	0.0712	0.0714	0.0752	0.0838	0.1029	0.1401
936	0.1690	0.1735	0.1654	0.1612	0.1507	0.1645	0.1668	0.1691	0.1713	0.1311	0.1351	0.1382	0.1479	0.1613	0.1758	0.1058	0.1033	0.1080	0.1184	0.1370	0.1677	0.0777	0.0715	0.0715	0.0758	0.0840	0.1033	0.1405
937	0.1689	0.1735	0.1652	0.1611	0.1508	0.1645	0.1671	0.1689	0.1708	0.1311	0.1351	0.1381	0.1481	0.1614	0.1756	0.1056	0.1035	0.1081	0.1185	0.1371	0.1672	0.0773	0.0713	0.0715	0.0756	0.0841	0.1030	0.1401
938	0.1689	0.1735	0.1651	0.1608	0.1507	0.1645	0.1671	0.1689	0.1707	0.1312	0.1351	0.1381	0.1480	0.1613	0.1756	0.1055	0.1034	0.1080	0.1184	0.1371	0.1672	0.0772	0.0712	0.0716	0.0754	0.0840	0.1029	0.1399
939	0.1690	0.1737	0.1650	0.1605	0.1506	0.1645	0.1670	0.1693	0.1709	0.1314	0.1350	0.1383	0.1477	0.1610	0.1755	0.1056	0.1032	0.1078	0.1181	0.1369	0.1676	0.0773	0.0713	0.0719	0.0754	0.0838	0.1029	0.1399
940	0.1688	0.1735	0.1649	0.1607	0.1508	0.1648	0.1671	0.1692	0.1710	0.1313	0.1354	0.1385	0.1480	0.1610	0.1757	0.1054	0.1036	0.1080	0.1181	0.1368	0.1674	0.0770	0.0714	0.0716	0.0754	0.0841	0.1029	0.1402
941	0.1688	0.1736	0.1649	0.1608	0.1507	0.1648	0.1671	0.1692	0.1711	0.1312	0.1354	0.1385	0.1480	0.1614	0.1757	0.1056	0.1037	0.1081	0.1181	0.1368	0.1674	0.0767	0.0715	0.0716	0.0754	0.0842	0.1029	0.1401
942	0.1689	0.1738	0.1650	0.1610	0.1505	0.1647	0.1671	0.1692	0.1712	0.1313	0.1352	0.1383	0.1479	0.1617	0.1757	0.1059	0.1035	0.1081	0.1182	0.1369	0.1675	0.0767	0.0716	0.0718	0.0755	0.0843	0.1030	0.1399
943	0.1690	0.1739	0.1656	0.1611	0.1509	0.1648	0.1675	0.1692	0.1712	0.1315	0.1352	0.1385	0.1479	0.1614	0.1759	0.1060	0.1038	0.1081	0.1188	0.1373	0.1675	0.0771	0.0718	0.0717	0.0755	0.0843	0.1029	0.1400
944	0.1689	0.1738	0.1654	0.1611	0.1508	0.1646	0.1672	0.1691	0.1710	0.1316	0.1352	0.1383	0.1478	0.1614	0.1760	0.1057	0.1038	0.1080	0.1187	0.1373	0.1675	0.0771	0.0717	0.0717	0.0754	0.0843	0.1028	0.1404
945	0.1689	0.1737	0.1651	0.1610	0.1506	0.1646	0.1669	0.1691	0.1709	0.1315	0.1353	0.1381	0.1478	0.1614	0.1760	0.1054	0.1036	0.1080	0.1184	0.1371	0.1674	0.0771	0.0715	0.0715	0.0754	0.0843	0.1027	0.1405
946	0.1691	0.1734	0.1651	0.1607	0.1506	0.1648	0.1672	0.1692	0.1710	0.1309	0.1354	0.1379	0.1480	0.1613	0.1756	0.1053	0.1035	0.1083	0.1182	0.1370	0.1672	0.0770	0.0716	0.0713	0.0751	0.0843	0.1027	0.1400
947	0.1690	0.1738	0.1654	0.1609	0.1509	0.1649	0.1670	0.1695	0.1711	0.1309	0.1355	0.1382	0.1479	0.1614	0.1756	0.1055	0.1034	0.1083	0.1184	0.1370	0.1672	0.0771	0.0714	0.0716	0.0753	0.0843	0.1025	0.1402
948	0.1691	0.1739	0.1656	0.1611	0.1510	0.1649	0.1671	0.1695	0.1712	0.1313	0.1355	0.1384	0.1480	0.1616	0.1757	0.1058	0.1035	0.1083	0.1187	0.1371	0.1674	0.0771	0.0713	0.0718	0.0755	0.0843	0.1027	0.1403
949	0.1696	0.1737	0.1656	0.1613	0.1509	0.1649	0.1674	0.1693	0.1714	0.1318	0.1354	0.1386	0.1483	0.1617	0.1759	0.1061	0.1037	0.1084	0.1189	0.1373	0.1677	0.0770	0.0714	0.0718	0.0758	0.0843	0.1033	0.1402
950	0.1695	0.1738	0.1657	0.1612	0.1511	0.1651	0.1673	0.1692	0.1715	0.1316	0.1356	0.1384	0.1482	0.1618	0.1762	0.1060	0.1039	0.1085	0.1185	0.1375	0.1676	0.0771	0.0713	0.0719	0.0757	0.0846	0.1032	0.1403
951	0.1692	0.1738	0.1656	0.1610	0.1509	0.1649	0.1675	0.1692	0.1714	0.1313	0.1354	0.1385	0.1483	0.1615	0.1761	0.1060	0.1038	0.1081	0.1183	0.1374	0.1677	0.0770	0.0714	0.0717	0.0755	0.0847	0.1030	0.1403
952	0.1690	0.1736	0.1655	0.1610	0.1507	0.1647	0.1676	0.1693	0.1712	0.1311	0.1351	0.1387	0.1484	0.1612	0.1759	0.1061	0.1036	0.1078	0.1183	0.1372	0.1679	0.0769	0.0715	0.0714	0.0754	0.0846	0.1027	0.1402
953	0.1696	0.1738	0.1656	0.1614	0.1510	0.1651	0.1672	0.1695	0.1710	0.1315	0.1355	0.1386	0.1482	0.1618	0.1762	0.1059	0.1041	0.1082	0.1184	0.1371	0.1676	0.0771	0.0716	0.0716	0.0754	0.0846	0.1030	0.1402
954	0.1694	0.1738	0.1656	0.1613	0.1510	0.1650	0.1672	0.1695	0.1711	0.1315	0.1355	0.1384	0.1479	0.1618	0.1760	0.1059	0.1040	0.1081	0.1182	0.1369	0.1676	0.0771	0.0717	0.0715	0.0754	0.0845	0.1026	0.1402
955	0.1692	0.1738	0.1657	0.1612	0.1510	0.1649	0.1674	0.1695	0.1712	0.1314	0.1357	0.1383	0.1478	0.1618	0.1759	0.1060	0.1039	0.1081	0.1182	0.1371	0.1677	0.0771	0.0718	0.0715	0.0755	0.0844	0.1025	0.1403
956	0.1693	0.1743	0.1660	0.1616	0.1512	0.1650	0.1677	0.1698	0.1712	0.1316	0.1361	0.1386	0.1482	0.1621	0.1763	0.1062	0.1040	0.1084	0.1188	0.1377	0.1678	0.0776	0.0721	0.0719	0.0759	0.0845	0.1034	0.1406
957	0.1692	0.1737	0.1654	0.1612	0.1505	0.1649	0.1673	0.1698	0.1714	0.1316	0.1362	0.1386	0.1480	0.1619	0.1761	0.1061	0.1039	0.1082	0.1185	0.1373	0.1679	0.0774	0.0717	0.0717	0.0759	0.0844	0.1031	0.1403
958	0.1692	0.1736	0.1650	0.1611	0.1505	0.1651	0.1672	0.1699	0.1715	0.1317	0.1361	0.1387	0.1480	0.1616	0.1760	0.1061	0.1038	0.1082	0.1184	0.1372	0.1679	0.0774	0.0717	0.0717	0.0758	0.0843	0.1030	0.1402
959	0.1693	0.1741	0.1650	0.1615	0.1514	0.1656	0.1674	0.1701	0.1717	0.1318	0.1359	0.1388	0.1483	0.1613	0.1760	0.1063	0.1038	0.1083	0.1185	0.1375	0.1679	0.0777	0.0720	0.0718	0.0754	0.0842	0.1033	0.1403
960	0.1692	0.1737	0.1655	0.1612	0.1513	0.1654	0.1674	0.1698	0.1713	0.1312	0.1356	0.1382	0.1484	0.1610	0.1759	0.1059	0.1036	0.1085	0.1185	0.1374	0.1678	0.0773	0.0715	0.0721	0.0755	0.0841	0.1030	0.1405
961	0.1692	0.1736	0.1655	0.1610	0.1513	0.1652	0.1670	0.1697	0.1712	0.1310	0.1354	0.1381	0.1482	0.1613	0.1758	0.1058	0.1037	0.1082	0.1185	0.1370	0.1676	0.0770	0.0713	0.0720	0.0756	0.0840	0.1029	0.1402
962	0.1692	0.1737	0.1654	0.1610	0.1513	0.1652	0.1666	0.1697	0.1713	0.1311	0.1351	0.1383	0.1480	0.1619	0.1757	0.1059	0.1038	0.1077	0.1186	0.1367	0.1674	0.0769	0.0713	0.0718	0.0756	0.0840	0.1028	0.1398
963	0.1694	0.1739	0.1655	0.1614	0.1514	0.1654	0.1674	0.1698	0.1715	0.1317	0.1355	0.1387	0.1478	0.1620	0.1760	0.1064	0.1034	0.1080	0.1188	0.1373	0.1677	0.0773	0.0718	0.0718	0.0755	0.0842	0.1030	0.1403
964	0.1695	0.1738	0.1655	0.1616	0.1509	0.1654	0.1674	0.1698	0.1712	0.1318	0.1357	0.1388	0.1480	0.1621	0.1763	0.1064	0.1035	0.1082	0.1189	0.1374	0.1678	0.0773	0.0719	0.0718	0.0756	0.0842	0.1031	0.1405
965	0.1696	0.1738	0.1655	0.1615	0.1507	0.1654	0.1673	0.1697	0.1710	0.1318	0.1359	0.1389	0.1482	0.1621	0.1765	0.1062	0.1039	0.1084	0.1189	0.1374	0.1679	0.0772	0.0720	0.0718	0.0758	0.0843	0.1032	0.1406
966	0.1697	0.1745	0.1654	0.1611	0.1514	0.1655	0.1676	0.1694	0.1711	0.1323	0.1361	0.1387	0.1481	0.1620	0.1763	0.1061	0.1042	0.1084	0.1186	0.1376	0.1682	0.0771	0.0724	0.0721	0.0759	0.0846	0.1032	0.1406
967	0.1697	0.1743	0.1653	0.1612	0.1512	0.1654	0.1678	0.1696	0.1712	0.1321	0.1360	0.1386	0.1481	0.1617	0.1760	0.1062	0.1040	0.1085	0.1185	0.1375	0.1677	0.0766	0.0718	0.0719	0.0756	0.0841	0.1029	0.1401
968	0.1695	0.1740	0.1653	0.1612	0.1510	0.1653	0.1677	0.1695	0.1713	0.1318	0.1358	0.1385	0.1479	0.1616	0.1758	0.1063	0.1037	0.1083	0.1183	0.1371	0.1673	0.0763	0.0713	0.0715	0.0752	0.0838	0.1027	0.1399
969	0.1692	0.1736	0.1652	0.1611	0.1507	0.1653	0.1673	0.1692	0.1713	0.1313	0.1355	0.1382	0.1476	0.1617	0.1757	0.1063	0.1033	0.1078	0.1181	0.1365	0.1671	0.0763	0.0714	0.0711	0.0749	0.0841	0.1026	0.1402
970	0.1693	0.1735	0.1653	0.1617	0.1511	0.1647	0.1672	0.1695	0.1711	0.1312	0.1356	0.1384	0.1483	0.1616	0.1758	0.1059	0.1038	0.1079	0.1181	0.1372	0.1673	0.0770	0.0715	0.0719	0.0753	0.0838	0.1025	0.1407
971	0.1696	0.1739	0.1655	0.1618	0.1509	0.1647	0.1670	0.1696	0.1711	0.1314	0.1356	0.1385	0.1485	0.1616	0.1759	0.1061	0.1040	0.1079	0.1182	0.1375	0.1677	0.0771	0.0715	0.0722	0.0756	0.0838	0.1025	0.1410
972	0.1699	0.1745	0.1657	0.1616	0.1505	0.1648	0.1669	0.1696	0.1711	0.1317	0.1355	0.1385	0.1484	0.1617	0.1760	0.1065	0.1041	0.1081	0.1183	0.1374	0.1682	0.0769	0.0715	0.0720	0.0758	0.0840	0.1027	0.1411
973	0.1693	0.1743	0.1655	0.1614	0.1514	0.1647	0.1671	0.1698	0.1712	0.1318	0.1357	0.1389	0.1486	0.1616	0.1762	0.1062	0.1041	0.1083	0.1186	0.1372	0.1684	0.0771	0.0714	0.0719	0.0755	0.0841	0.1028	0.1401
974	0.1693	0.1743	0.1653	0.1614	0.1516	0.1649	0.1671	0.1699	0.1712	0.1317	0.1358	0.1388	0.1482	0.1615	0.1763	0.1060	0.1040	0.1084	0.1186	0.1371	0.1681	0.0768	0.0715	0.0721	0.0755	0.0842	0.1029	0.1401
975	0.1694	0.1743	0.1655	0.1613	0.1515	0.1652	0.1672	0.1698	0.1712	0.1317	0.1358	0.1386	0.1479	0.1614	0.1764	0.1058	0.1038	0.1086	0.1186	0.1371	0.1678	0.0767	0.0717	0.0723	0.0756	0.0845	0.1029	0.1404
976	0.1666	0.1721	0.1642	0.1608	0.1503	0.1631	0.1648	0.1672	0.1697	0.1313	0.1346	0.1369	0.1466	0.1593	0.1729	0.1051	0.1029	0.1075	0.1169	0.1348	0.1631	0.0767	0.0707	0.0712	0.0756	0.0838	0.1019	0.1352
977	0.1667	0.1722	0.1641	0.1609	0.1501	0.1630	0.1649	0.1673	0.1700	0.1314	0.1346	0.1371	0.1470	0.1594	0.1732	0.1052	0.1030	0.1076	0.1171	0.1350	0.1631	0.0766	0.0705	0.0713	0.0758	0.0841	0.1022	0.1350
978	0.1669	0.1724	0.1643	0.1609	0.1498	0.1628	0.1650	0.1674	0.1704	0.1308	0.1340	0.1372	0.1472	0.1594	0.1734	0.1056	0.1034	0.1076	0.1175	0.1355	0.1629	0.0766	0.0711	0.0717	0.0757	0.0839	0.1025	0.1355
979	0.1671	0.1724	0.1645	0.1609	0.1497	0.1626	0.1651	0.1675	0.1705	0.1304	0.1337	0.1373	0.1473	0.1594	0.1736	0.1059	0.1037	0.1076	0.1177	0.1358	0.1627	0.0764	0.0715	0.0718	0.0753	0.0839	0.1026	0.1358
980	0.1673	0.1720	0.1643	0.1614	0.1503	0.1627	0.1650	0.1674	0.1700	0.1307	0.1342	0.1374	0.1470	0.1592	0.1735	0.1062	0.1032	0.1074	0.1177	0.1359	0.1628	0.0765	0.0718	0.0717	0.0751	0.0842	0.1020	0.1356
981	0.1676	0.1716	0.1642	0.1617	0.1508	0.1628	0.1650	0.1674	0.1697	0.1309	0.1347	0.1374	0.1468	0.1592	0.1733	0.1065	0.1027	0.1073	0.1179	0.1358	0.1629	0.0767	0.0721	0.0718	0.0750	0.0844	0.1016	0.1355
982	0.1673	0.1716	0.1645	0.1609	0.1503	0.1628	0.1652	0.1680	0.1697	0.1306	0.1348	0.1373	0.1468	0.1595	0.1731	0.1064	0.1026	0.1075	0.1178	0.1355	0.1633	0.0766	0.0723	0.0715	0.0752	0.0841	0.1018	0.1356
983	0.1670	0.1716	0.1647	0.1602	0.1499	0.1629	0.1653	0.1685	0.1697	0.1304	0.1348	0.1372	0.1468	0.1597	0.1729	0.1063	0.1027	0.1077	0.1177	0.1352	0.1636	0.0764	0.0725	0.0713	0.0754	0.0839	0.1020	0.1357
984	0.1669	0.1717	0.1648	0.1603	0.1500	0.1629	0.1652	0.1684	0.1693	0.1304	0.1348	0.1374	0.1470	0.1598	0.1728	0.1063	0.1029	0.1081	0.1178	0.1352	0.1635	0.0761	0.0725	0.0714	0.0753	0.0842	0.1017	0.1359
985	0.1668	0.1718	0.1648	0.1604	0.1503	0.1629	0.1651	0.1681	0.1689	0.1305	0.1349	0.1377	0.1472	0.1598	0.1729	0.1061	0.1030	0.1085	0.1181	0.1353	0.1632	0.0760	0.0724	0.0716	0.0752	0.0846	0.1013	0.1361
986	0.1672	0.1721	0.1647	0.1605	0.1502	0.1632	0.1655	0.1679	0.1688	0.1307	0.1349	0.1378	0.1469	0.1598	0.1731	0.1058	0.1030	0.1083	0.1177	0.1355	0.1633	0.0762	0.0721	0.0715	0.0749	0.0845	0.1018	0.1359
987	0.1675	0.1724	0.1646	0.1603	0.1501	0.1636	0.1658	0.1677	0.1687	0.1310	0.1351	0.1380	0.1466	0.1597	0.1733	0.1053	0.1032	0.1082	0.1173	0.1357	0.1635	0.0763	0.0718	0.0714	0.0747	0.0845	0.1023	0.1357
988	0.1673	0.1724	0.1648	0.1604	0.1502	0.1635	0.1658	0.1680	0.1687	0.1312	0.1353	0.1378	0.1464	0.1596	0.1734	0.1054	0.1031	0.1081	0.1176	0.1359	0.1637	0.0764	0.0719	0.0714	0.0747	0.0845	0.1024	0.1360
989	0.1671	0.1724	0.1649	0.1607	0.1503	0.1631	0.1657	0.1683	0.1690	0.1313	0.1354	0.1375	0.1466	0.1593	0.1734	0.1057	0.1028	0.1080	0.1180	0.1361	0.1640	0.0767	0.0723	0.0717	0.0747	0.0844	0.1024	0.1363
990	0.1672	0.1727	0.1649	0.1610	0.1504	0.1632	0.1657	0.1684	0.1694	0.1310	0.1355	0.1373	0.1470	0.1592	0.1733	0.1057	0.1029	0.1079	0.1179	0.1360	0.1639	0.0769	0.0723	0.0719	0.0746	0.0843	0.1025	0.1368
991	0.1675	0.1727	0.1649	0.1612	0.1505	0.1635	0.1657	0.1685	0.1696	0.1306	0.1355	0.1372	0.1474	0.1595	0.1731	0.1055	0.1032	0.1078	0.1175	0.1357	0.1636	0.0766	0.0721	0.0720	0.0747	0.0842	0.1025	0.1373
992	0.1676	0.1724	0.1650	0.1613	0.1505	0.1635	0.1656	0.1685	0.1699	0.1307	0.1353	0.1371	0.1475	0.1597	0.1729	0.1053	0.1032	0.1078	0.1173	0.1356	0.1636	0.0763	0.0719	0.0719	0.0749	0.0844	0.1023	0.1375
993	0.1676	0.1723	0.1649	0.1613	0.1504	0.1632	0.1654	0.1683	0.1702	0.1307	0.1350	0.1373	0.1475	0.1599	0.1731	0.1053	0.1028	0.1079	0.1177	0.1358	0.1638	0.0764	0.0717	0.0720	0.0753	0.0845	0.1021	0.1371
994	0.1677	0.1723	0.1646	0.1612	0.1502	0.1632	0.1654	0.1681	0.1704	0.1304	0.1348	0.1374	0.1474	0.1600	0.1733	0.1054	0.1026	0.1079	0.1180	0.1360	0.1639	0.0766	0.0717	0.0722	0.0757	0.0843	0.1020	0.1369
995	0.1681	0.1719	0.1641	0.1611	0.1502	0.1636	0.1655	0.1680	0.1704	0.1306	0.1347	0.1374	0.1471	0.1601	0.1736	0.1056	0.1030	0.1074	0.1180	0.1359	0.1640	0.0764	0.0719	0.0724	0.0756	0.0843	0.1023	0.1370
996	0.1682	0.1716	0.1637	0.1611	0.1501	0.1639	0.1655	0.1679	0.1704	0.1310	0.1346	0.1373	0.1468	0.1600	0.1738	0.1057	0.1035	0.1070	0.1179	0.1358	0.1640	0.0763	0.0719	0.0725	0.0756	0.0844	0.1027	0.1371
997	0.1675	0.1717	0.1642	0.1612	0.1500	0.1638	0.1655	0.1679	0.1703	0.1311	0.1348	0.1373	0.1468	0.1599	0.1739	0.1061	0.1037	0.1074	0.1178	0.1359	0.1637	0.0766	0.0718	0.0723	0.0755	0.0847	0.1028	0.1373
998	0.1670	0.1718	0.1647	0.1613	0.1499	0.1637	0.1655	0.1679	0.1701	0.1312	0.1350	0.1372	0.1468	0.1599	0.1740	0.1065	0.1038	0.1079	0.1178	0.1360	0.1635	0.0769	0.0717	0.0721	0.0754	0.0850	0.1028	0.1374
999	0.1671	0.1718	0.1649	0.1613	0.1498	0.1637	0.1657	0.1681	0.1702	0.1314	0.1352	0.1371	0.1470	0.1599	0.1742	0.1062	0.1039	0.1080	0.1181	0.1361	0.1637	0.0771	0.0717	0.0720	0.0755	0.0848	0.1026	0.1374
1000	0.1674	0.1718	0.1650	0.1613	0.1497	0.1636	0.1659	0.1683	0.1703	0.1315	0.1355	0.1370	0.1472	0.1600	0.1742	0.1058	0.1040	0.1080	0.1183	0.1362	0.1638	0.0772	0.0717	0.0719	0.0758	0.0845	0.1024	0.1372
1001	0.1674	0.1721	0.1651	0.1612	0.1499	0.1636	0.1659	0.1683	0.1704	0.1312	0.1358	0.1373	0.1471	0.1601	0.1739	0.1058	0.1041	0.1080	0.1186	0.1363	0.1637	0.0772	0.0717	0.0718	0.0756	0.0847	0.1023	0.1372
1002	0.1674	0.1723	0.1652	0.1610	0.1501	0.1638	0.1658	0.1684	0.1704	0.1309	0.1359	0.1376	0.1470	0.1603	0.1736	0.1057	0.1043	0.1080	0.1188	0.1363	0.1636	0.0772	0.0716	0.0718	0.0754	0.0850	0.1024	0.1372
1003	0.1675	0.1723	0.1652	0.1614	0.1499	0.1639	0.1660	0.1685	0.1706	0.1310	0.1356	0.1376	0.1468	0.1603	0.1739	0.1055	0.1041	0.1078	0.1186	0.1362	0.1639	0.0772	0.0714	0.0719	0.0756	0.0851	0.1024	0.1374
1004	0.1677	0.1723	0.1654	0.1619	0.1499	0.1638	0.1661	0.1686	0.1709	0.1311	0.1354	0.1377	0.1467	0.1603	0.1743	0.1055	0.1039	0.1079	0.1185	0.1364	0.1644	0.0773	0.0714	0.0720	0.0755	0.0852	0.1023	0.1376
1005	0.1680	0.1722	0.1654	0.1619	0.1500	0.1636	0.1662	0.1687	0.1710	0.1311	0.1351	0.1374	0.1468	0.1604	0.1746	0.1058	0.1040	0.1079	0.1185	0.1366	0.1647	0.0772	0.0717	0.0719	0.0754	0.0850	0.1022	0.1374
1006	0.1682	0.1720	0.1652	0.1615	0.1500	0.1636	0.1661	0.1687	0.1709	0.1309	0.1344	0.1369	0.1469	0.1603	0.1747	0.1061	0.1041	0.1078	0.1185	0.1365	0.1648	0.0770	0.0719	0.0720	0.0756	0.0847	0.1023	0.1370
1007	0.1682	0.1720	0.1651	0.1612	0.1502	0.1638	0.1659	0.1686	0.1707	0.1308	0.1341	0.1368	0.1471	0.1605	0.1748	0.1063	0.1043	0.1077	0.1187	0.1364	0.1647	0.0771	0.0719	0.0721	0.0757	0.0845	0.1025	0.1370
1008	0.1678	0.1721	0.1651	0.1613	0.1507	0.1641	0.1659	0.1683	0.1704	0.1308	0.1344	0.1372	0.1472	0.1608	0.1748	0.1063	0.1045	0.1077	0.1191	0.1364	0.1644	0.0774	0.0718	0.0721	0.0755	0.0846	0.1026	0.1372
1009	0.1675	0.1723	0.1649	0.1613	0.1508	0.1640	0.1659	0.1681	0.1702	0.1308	0.1347	0.1374	0.1471	0.1609	0.1748	0.1062	0.1045	0.1078	0.1191	0.1364	0.1642	0.0772	0.0717	0.0720	0.0754	0.0846	0.1027	0.1372
1010	0.1674	0.1726	0.1647	0.1613	0.1502	0.1639	0.1658	0.1681	0.1704	0.1308	0.1348	0.1375	0.1472	0.1607	0.1744	0.1060	0.1041	0.1082	0.1189	0.1363	0.1644	0.0770	0.0715	0.0719	0.0757	0.0846	0.1029	0.1373
1011	0.1676	0.1727	0.1647	0.1614	0.1502	0.1638	0.1660	0.1683	0.1707	0.1311	0.1350	0.1379	0.1474	0.1606	0.1742	0.1059	0.1038	0.1085	0.1187	0.1364	0.1647	0.0769	0.0714	0.0719	0.0761	0.0848	0.1031	0.1376
1012	0.1680	0.1724	0.1648	0.1613	0.1505	0.1637	0.1658	0.1684	0.1707	0.1314	0.1352	0.1383	0.1475	0.1609	0.1745	0.1062	0.1038	0.1085	0.1189	0.1365	0.1651	0.0768	0.0715	0.0720	0.0762	0.0851	0.1032	0.1380
1013	0.1682	0.1721	0.1649	0.1612	0.1506	0.1637	0.1656	0.1685	0.1707	0.1314	0.1353	0.1384	0.1474	0.1613	0.1748	0.1063	0.1038	0.1086	0.1192	0.1367	0.1653	0.0767	0.0717	0.0721	0.0763	0.0853	0.1032	0.1382
1014	0.1680	0.1722	0.1650	0.1615	0.1505	0.1640	0.1656	0.1686	0.1709	0.1312	0.1352	0.1380	0.1473	0.1610	0.1749	0.1062	0.1038	0.1084	0.1191	0.1368	0.1651	0.0766	0.0719	0.0721	0.0762	0.0849	0.1030	0.1380
1015	0.1677	0.1723	0.1649	0.1617	0.1504	0.1642	0.1657	0.1686	0.1711	0.1309	0.1351	0.1376	0.1473	0.1607	0.1749	0.1060	0.1038	0.1080	0.1188	0.1368	0.1650	0.0765	0.0720	0.0720	0.0761	0.0845	0.1028	0.1378
1016	0.1678	0.1721	0.1646	0.1618	0.1504	0.1642	0.1657	0.1686	0.1711	0.1311	0.1353	0.1377	0.1474	0.1607	0.1750	0.1059	0.1039	0.1080	0.1187	0.1370	0.1651	0.0765	0.0721	0.0720	0.0758	0.0848	0.1029	0.1379
1017	0.1681	0.1720	0.1644	0.1618	0.1505	0.1641	0.1656	0.1687	0.1712	0.1314	0.1357	0.1379	0.1476	0.1610	0.1751	0.1058	0.1040	0.1082	0.1186	0.1372	0.1653	0.0766	0.0721	0.0721	0.0756	0.0853	0.1031	0.1381
1018	0.1680	0.1722	0.1646	0.1617	0.1506	0.1640	0.1655	0.1687	0.1713	0.1317	0.1358	0.1378	0.1476	0.1611	0.1751	0.1058	0.1039	0.1084	0.1186	0.1373	0.1654	0.0766	0.0721	0.0721	0.0756	0.0855	0.1032	0.1379
1019	0.1677	0.1725	0.1649	0.1614	0.1506	0.1640	0.1655	0.1687	0.1713	0.1321	0.1357	0.1379	0.1474	0.1610	0.1750	0.1059	0.1037	0.1085	0.1186	0.1372	0.1655	0.0764	0.0722	0.0721	0.0755	0.0855	0.1031	0.1377
1020	0.1679	0.1727	0.1651	0.1617	0.1507	0.1639	0.1660	0.1689	0.1712	0.1320	0.1356	0.1379	0.1473	0.1612	0.1750	0.1060	0.1037	0.1084	0.1189	0.1372	0.1654	0.0764	0.0722	0.0721	0.0756	0.0854	0.1031	0.1378
1021	0.1681	0.1726	0.1648	0.1619	0.1507	0.1638	0.1663	0.1690	0.1711	0.1317	0.1356	0.1379	0.1473	0.1614	0.1751	0.1064	0.1037	0.1083	0.1192	0.1372	0.1654	0.0766	0.0722	0.0724	0.0756	0.0854	0.1031	0.1379
1022	0.1681	0.1724	0.1647	0.1621	0.1506	0.1639	0.1661	0.1691	0.1712	0.1314	0.1357	0.1380	0.1472	0.1613	0.1753	0.1066	0.1036	0.1081	0.1193	0.1371	0.1654	0.0768	0.0723	0.0725	0.0758	0.0854	0.1030	0.1384
1023	0.1681	0.1725	0.1651	0.1621	0.1506	0.1640	0.1660	0.1690	0.1713	0.1312	0.1358	0.1382	0.1474	0.1614	0.1755	0.1065	0.1039	0.1079	0.1192	0.1370	0.1653	0.0770	0.0725	0.0722	0.0760	0.0854	0.1029	0.1386
1024	0.1680	0.1724	0.1654	0.1620	0.1507	0.1643	0.1660	0.1687	0.1715	0.1313	0.1359	0.1382	0.1477	0.1614	0.1757	0.1065	0.1042	0.1079	0.1190	0.1372	0.1654	0.0772	0.0724	0.0719	0.0761	0.0851	0.1028	0.1386
1025	0.1680	0.1723	0.1653	0.1620	0.1508	0.1644	0.1658	0.1690	0.1720	0.1313	0.1358	0.1381	0.1479	0.1615	0.1757	0.1064	0.1041	0.1082	0.1190	0.1373	0.1653	0.0772	0.0720	0.0721	0.0760	0.0850	0.1028	0.1385
1026	0.1680	0.1724	0.1652	0.1619	0.1506	0.1645	0.1658	0.1692	0.1722	0.1312	0.1358	0.1380	0.1478	0.1617	0.1758	0.1063	0.1040	0.1086	0.1190	0.1374	0.1651	0.0772	0.0720	0.0723	0.0760	0.0850	0.1031	0.1385
1027	0.1682	0.1726	0.1652	0.1619	0.1506	0.1646	0.1660	0.1691	0.1721	0.1313	0.1359	0.1382	0.1475	0.1618	0.1758	0.1061	0.1041	0.1086	0.1190	0.1376	0.1651	0.0771	0.0723	0.0723	0.0760	0.0850	0.1032	0.1388
1028	0.1684	0.1727	0.1652	0.1620	0.1506	0.1647	0.1661	0.1690	0.1718	0.1314	0.1359	0.1383	0.1475	0.1619	0.1756	0.1061	0.1042	0.1086	0.1191	0.1377	0.1651	0.0770	0.0724	0.0721	0.0760	0.0849	0.1032	0.1390
1029	0.1683	0.1727	0.1650	0.1621	0.1506	0.1646	0.1663	0.1691	0.1714	0.1313	0.1359	0.1382	0.1476	0.1618	0.1754	0.1061	0.1043	0.1086	0.1191	0.1374	0.1652	0.0770	0.0722	0.0721	0.0758	0.0849	0.1033	0.1391
1030	0.1680	0.1727	0.1650	0.1621	0.1506	0.1645	0.1664	0.1691	0.1711	0.1313	0.1359	0.1382	0.1477	0.1618	0.1753	0.1063	0.1043	0.1087	0.1190	0.1371	0.1652	0.0770	0.0721	0.0723	0.0756	0.0850	0.1035	0.1392
1031	0.1677	0.1726	0.1652	0.1622	0.1505	0.1644	0.1665	0.1690	0.1710	0.1314	0.1359	0.1383	0.1477	0.1616	0.1754	0.1066	0.1042	0.1088	0.1189	0.1369	0.1652	0.0772	0.0722	0.0724	0.0760	0.0853	0.1036	0.1391
1032	0.1677	0.1726	0.1653	0.1623	0.1505	0.1643	0.1665	0.1692	0.1710	0.1316	0.1359	0.1382	0.1476	0.1616	0.1754	0.1069	0.1042	0.1090	0.1188	0.1369	0.1652	0.0774	0.0723	0.0725	0.0763	0.0855	0.1036	0.1391
1033	0.1678	0.1727	0.1655	0.1623	0.1506	0.1643	0.1665	0.1694	0.1713	0.1316	0.1359	0.1380	0.1476	0.1616	0.1753	0.1068	0.1043	0.1090	0.1188	0.1372	0.1653	0.0772	0.0724	0.0724	0.0764	0.0852	0.1035	0.1391
1034	0.1680	0.1727	0.1657	0.1623	0.1507	0.1643	0.1664	0.1697	0.1717	0.1316	0.1358	0.1378	0.1476	0.1616	0.1753	0.1066	0.1044	0.1090	0.1189	0.1375	0.1655	0.0772	0.0725	0.0722	0.0763	0.0850	0.1034	0.1389
1035	0.1681	0.1725	0.1657	0.1623	0.1508	0.1642	0.1663	0.1696	0.1718	0.1316	0.1358	0.1378	0.1477	0.1615	0.1754	0.1065	0.1045	0.1091	0.1192	0.1377	0.1659	0.0774	0.0722	0.0722	0.0763	0.0850	0.1035	0.1386
1036	0.1680	0.1724	0.1656	0.1621	0.1509	0.1642	0.1661	0.1695	0.1717	0.1315	0.1358	0.1378	0.1478	0.1615	0.1754	0.1065	0.1045	0.1091	0.1192	0.1379	0.1661	0.0775	0.0719	0.0724	0.0762	0.0850	0.1037	0.1384
1037	0.1678	0.1723	0.1654	0.1620	0.1510	0.1642	0.1662	0.1694	0.1715	0.1314	0.1357	0.1379	0.1477	0.1615	0.1755	0.1067	0.1046	0.1090	0.1191	0.1377	0.1662	0.0773	0.0717	0.0724	0.0762	0.0851	0.1037	0.1386
1038	0.1677	0.1722	0.1651	0.1619	0.1514	0.1641	0.1664	0.1691	0.1713	0.1315	0.1356	0.1379	0.1476	0.1615	0.1755	0.1070	0.1045	0.1090	0.1190	0.1376	0.1660	0.0771	0.0717	0.0726	0.0764	0.0853	0.1037	0.1388
1039	0.1679	0.1725	0.1650	0.1618	0.1514	0.1639	0.1666	0.1689	0.1712	0.1318	0.1358	0.1381	0.1477	0.1614	0.1755	0.1071	0.1042	0.1091	0.1190	0.1376	0.1659	0.0771	0.0718	0.0725	0.0764	0.0855	0.1038	0.1390
1040	0.1679	0.1730	0.1652	0.1618	0.1512	0.1636	0.1664	0.1691	0.1712	0.1318	0.1356	0.1383	0.1476	0.1614	0.1753	0.1068	0.1039	0.1091	0.1191	0.1374	0.1660	0.0772	0.0719	0.0723	0.0764	0.0855	0.1039	0.1391
1041	0.1678	0.1733	0.1654	0.1618	0.1512	0.1637	0.1664	0.1692	0.1711	0.1315	0.1355	0.1384	0.1476	0.1614	0.1751	0.1064	0.1040	0.1092	0.1193	0.1374	0.1660	0.0772	0.0720	0.0723	0.0763	0.0853	0.1038	0.1392
1042	0.1678	0.1731	0.1657	0.1617	0.1513	0.1639	0.1664	0.1692	0.1714	0.1313	0.1356	0.1384	0.1477	0.1614	0.1752	0.1063	0.1043	0.1091	0.1194	0.1376	0.1658	0.0773	0.0720	0.0722	0.0761	0.0851	0.1036	0.1392
1043	0.1677	0.1729	0.1660	0.1617	0.1514	0.1640	0.1664	0.1692	0.1716	0.1314	0.1355	0.1384	0.1479	0.1614	0.1753	0.1062	0.1045	0.1090	0.1193	0.1377	0.1659	0.0773	0.0722	0.0723	0.0760	0.0851	0.1037	0.1393
1044	0.1677	0.1728	0.1658	0.1618	0.1511	0.1639	0.1665	0.1692	0.1716	0.1315	0.1354	0.1385	0.1480	0.1614	0.1753	0.1060	0.1045	0.1089	0.1192	0.1375	0.1661	0.0774	0.0725	0.0722	0.0760	0.0851	0.1039	0.1393
1045	0.1680	0.1728	0.1656	0.1620	0.1509	0.1638	0.1664	0.1691	0.1715	0.1315	0.1355	0.1385	0.1480	0.1615	0.1754	0.1058	0.1044	0.1088	0.1192	0.1375	0.1662	0.0775	0.0727	0.0719	0.0761	0.0852	0.1041	0.1392
1046	0.1683	0.1726	0.1655	0.1622	0.1508	0.1639	0.1662	0.1691	0.1715	0.1317	0.1356	0.1383	0.1479	0.1615	0.1754	0.1058	0.1043	0.1088	0.1192	0.1376	0.1662	0.0773	0.0726	0.0718	0.0761	0.0853	0.1041	0.1390
1047	0.1684	0.1725	0.1655	0.1622	0.1508	0.1640	0.1662	0.1691	0.1716	0.1318	0.1357	0.1381	0.1477	0.1614	0.1754	0.1062	0.1042	0.1089	0.1192	0.1375	0.1661	0.0772	0.0726	0.0718	0.0760	0.0854	0.1042	0.1388
1048	0.1684	0.1725	0.1655	0.1620	0.1506	0.1641	0.1664	0.1692	0.1718	0.1317	0.1357	0.1381	0.1476	0.1614	0.1756	0.1065	0.1043	0.1090	0.1191	0.1375	0.1660	0.0771	0.0726	0.0720	0.0761	0.0854	0.1042	0.1387
1049	0.1684	0.1725	0.1655	0.1620	0.1506	0.1641	0.1666	0.1693	0.1720	0.1315	0.1358	0.1381	0.1477	0.1615	0.1758	0.1067	0.1044	0.1089	0.1190	0.1376	0.1660	0.0770	0.0724	0.0722	0.0762	0.0854	0.1041	0.1388
1050	0.1684	0.1726	0.1655	0.1620	0.1506	0.1642	0.1666	0.1692	0.1719	0.1315	0.1357	0.1379	0.1478	0.1616	0.1760	0.1067	0.1044	0.1087	0.1191	0.1376	0.1659	0.0770	0.0723	0.0723	0.0760	0.0855	0.1040	0.1390
1051	0.1682	0.1726	0.1655	0.1619	0.1508	0.1643	0.1666	0.1691	0.1717	0.1316	0.1355	0.1378	0.1479	0.1616	0.1760	0.1067	0.1044	0.1086	0.1191	0.1376	0.1659	0.0772	0.0722	0.0724	0.0758	0.0856	0.1039	0.1391
1052	0.1680	0.1728	0.1657	0.1618	0.1509	0.1643	0.1665	0.1690	0.1716	0.1315	0.1353	0.1378	0.1480	0.1616	0.1758	0.1067	0.1042	0.1086	0.1192	0.1377	0.1659	0.0772	0.0720	0.0725	0.0760	0.0856	0.1039	0.1391
1053	0.1679	0.1730	0.1658	0.1619	0.1508	0.1643	0.1664	0.1691	0.1715	0.1315	0.1354	0.1377	0.1481	0.1617	0.1755	0.1066	0.1042	0.1086	0.1193	0.1378	0.1659	0.0771	0.0720	0.0724	0.0763	0.0855	0.1039	0.1391
1054	0.1679	0.1731	0.1655	0.1621	0.1508	0.1642	0.1665	0.1691	0.1714	0.1317	0.1355	0.1378	0.1481	0.1617	0.1756	0.1066	0.1040	0.1087	0.1194	0.1378	0.1660	0.0770	0.0720	0.0724	0.0764	0.0854	0.1040	0.1392
1055	0.1678	0.1730	0.1654	0.1621	0.1507	0.1640	0.1666	0.1691	0.1712	0.1317	0.1357	0.1379	0.1480	0.1617	0.1758	0.1066	0.1039	0.1087	0.1194	0.1379	0.1661	0.0769	0.0720	0.0725	0.0764	0.0855	0.1041	0.1392
1056	0.1678	0.1729	0.1655	0.1620	0.1508	0.1638	0.1668	0.1690	0.1712	0.1317	0.1358	0.1380	0.1480	0.1616	0.1758	0.1067	0.1039	0.1087	0.1193	0.1379	0.1660	0.0769	0.0721	0.0725	0.0763	0.0858	0.1042	0.1393
1057	0.1680	0.1728	0.1654	0.1621	0.1510	0.1639	0.1669	0.1691	0.1713	0.1317	0.1358	0.1381	0.1481	0.1614	0.1757	0.1068	0.1041	0.1088	0.1193	0.1379	0.1660	0.0770	0.0723	0.0724	0.0762	0.0858	0.1040	0.1392
1058	0.1682	0.1727	0.1653	0.1622	0.1511	0.1642	0.1670	0.1693	0.1716	0.1318	0.1357	0.1381	0.1480	0.1614	0.1756	0.1067	0.1041	0.1090	0.1195	0.1379	0.1661	0.0770	0.0724	0.0722	0.0763	0.0857	0.1038	0.1392
1059	0.1682	0.1727	0.1654	0.1623	0.1510	0.1644	0.1670	0.1692	0.1717	0.1317	0.1357	0.1378	0.1479	0.1615	0.1757	0.1067	0.1040	0.1091	0.1196	0.1378	0.1663	0.0768	0.0723	0.0722	0.0765	0.0858	0.1037	0.1392
1060	0.1681	0.1727	0.1654	0.1624	0.1510	0.1645	0.1668	0.1693	0.1718	0.1314	0.1357	0.1377	0.1479	0.1615	0.1758	0.1066	0.1040	0.1090	0.1196	0.1377	0.1664	0.0768	0.0723	0.0722	0.0766	0.0858	0.1038	0.1394
1061	0.1681	0.1728	0.1654	0.1625	0.1510	0.1645	0.1665	0.1694	0.1717	0.1313	0.1356	0.1378	0.1478	0.1615	0.1759	0.1065	0.1042	0.1088	0.1195	0.1378	0.1662	0.0768	0.0722	0.0721	0.0765	0.0857	0.1039	0.1395
1062	0.1682	0.1729	0.1656	0.1626	0.1509	0.1643	0.1664	0.1694	0.1714	0.1314	0.1356	0.1378	0.1479	0.1615	0.1759	0.1064	0.1043	0.1088	0.1195	0.1378	0.1661	0.0768	0.0720	0.0721	0.0764	0.0857	0.1041	0.1396
1063	0.1683	0.1728	0.1656	0.1625	0.1510	0.1642	0.1664	0.1693	0.1713	0.1315	0.1357	0.1379	0.1480	0.1616	0.1758	0.1064	0.1043	0.1089	0.1195	0.1380	0.1661	0.0768	0.0720	0.0721	0.0765	0.0856	0.1042	0.1398
1064	0.1682	0.1728	0.1657	0.1624	0.1511	0.1641	0.1664	0.1692	0.1714	0.1315	0.1359	0.1380	0.1480	0.1617	0.1758	0.1065	0.1043	0.1089	0.1193	0.1380	0.1663	0.0769	0.0720	0.0722	0.0764	0.0855	0.1043	0.1400
1065	0.1679	0.1727	0.1657	0.1624	0.1511	0.1641	0.1663	0.1691	0.1714	0.1315	0.1361	0.1381	0.1479	0.1618	0.1759	0.1064	0.1043	0.1088	0.1192	0.1379	0.1663	0.0770	0.0720	0.0723	0.0763	0.0856	0.1044	0.1401
1066	0.1677	0.1727	0.1657	0.1624	0.1511	0.1641	0.1663	0.1691	0.1713	0.1316	0.1361	0.1382	0.1480	0.1617	0.1758	0.1064	0.1044	0.1086	0.1192	0.1379	0.1663	0.0770	0.0720	0.0723	0.0762	0.0858	0.1045	0.1400
1067	0.1677	0.1727	0.1657	0.1624	0.1512	0.1642	0.1664	0.1692	0.1712	0.1317	0.1360	0.1383	0.1481	0.1617	0.1758	0.1064	0.1043	0.1086	0.1192	0.1379	0.1662	0.0771	0.0721	0.0722	0.0763	0.0860	0.1045	0.1399
1068	0.1677	0.1729	0.1657	0.1624	0.1512	0.1642	0.1666	0.1693	0.1713	0.1318	0.1360	0.1383	0.1483	0.1617	0.1760	0.1066	0.1042	0.1087	0.1192	0.1379	0.1663	0.0772	0.0722	0.0722	0.0764	0.0859	0.1046	0.1399
1069	0.1678	0.1730	0.1657	0.1624	0.1511	0.1641	0.1667	0.1694	0.1715	0.1317	0.1360	0.1384	0.1484	0.1616	0.1761	0.1068	0.1042	0.1088	0.1195	0.1380	0.1664	0.0773	0.0723	0.0724	0.0763	0.0857	0.1047	0.1401
1070	0.1679	0.1731	0.1656	0.1624	0.1510	0.1641	0.1666	0.1694	0.1715	0.1315	0.1358	0.1384	0.1484	0.1616	0.1760	0.1067	0.1043	0.1090	0.1196	0.1381	0.1666	0.0773	0.0722	0.0725	0.0761	0.0856	0.1049	0.1402
1071	0.1680	0.1730	0.1656	0.1623	0.1508	0.1641	0.1664	0.1693	0.1715	0.1315	0.1355	0.1384	0.1484	0.1617	0.1759	0.1066	0.1044	0.1089	0.1195	0.1381	0.1669	0.0773	0.0722	0.0725	0.0761	0.0856	0.1050	0.1402
1072	0.1680	0.1728	0.1657	0.1622	0.1507	0.1642	0.1665	0.1693	0.1715	0.1314	0.1353	0.1384	0.1485	0.1617	0.1759	0.1064	0.1044	0.1087	0.1193	0.1381	0.1671	0.0772	0.0723	0.0724	0.0763	0.0856	0.1050	0.1404
1073	0.1682	0.1728	0.1655	0.1621	0.1508	0.1643	0.1665	0.1694	0.1715	0.1314	0.1354	0.1384	0.1484	0.1617	0.1760	0.1063	0.1045	0.1087	0.1193	0.1382	0.1672	0.0771	0.0722	0.0725	0.0764	0.0856	0.1049	0.1406
1074	0.1683	0.1729	0.1654	0.1621	0.1510	0.1643	0.1663	0.1694	0.1716	0.1315	0.1356	0.1383	0.1484	0.1616	0.1760	0.1064	0.1046	0.1087	0.1194	0.1383	0.1673	0.0770	0.0723	0.0726	0.0765	0.0859	0.1049	0.1407
1075	0.1683	0.1729	0.1654	0.1622	0.1511	0.1644	0.1663	0.1694	0.1719	0.1316	0.1359	0.1383	0.1485	0.1615	0.1761	0.1065	0.1046	0.1088	0.1197	0.1385	0.1673	0.0767	0.0725	0.0725	0.0767	0.0861	0.1049	0.1407
1076	0.1682	0.1728	0.1654	0.1622	0.1511	0.1644	0.1664	0.1692	0.1719	0.1316	0.1360	0.1383	0.1486	0.1616	0.1763	0.1066	0.1046	0.1087	0.1199	0.1385	0.1674	0.0766	0.0725	0.0725	0.0768	0.0861	0.1049	0.1406
1077	0.1680	0.1727	0.1654	0.1623	0.1511	0.1644	0.1664	0.1692	0.1717	0.1316	0.1361	0.1383	0.1486	0.1616	0.1763	0.1066	0.1045	0.1087	0.1198	0.1385	0.1675	0.0766	0.0724	0.0726	0.0767	0.0861	0.1049	0.1407
1078	0.1679	0.1727	0.1655	0.1623	0.1511	0.1643	0.1664	0.1692	0.1716	0.1317	0.1361	0.1383	0.1487	0.1617	0.1762	0.1065	0.1043	0.1088	0.1199	0.1387	0.1676	0.0767	0.0723	0.0725	0.0765	0.0859	0.1049	0.1407
1079	0.1678	0.1727	0.1656	0.1623	0.1510	0.1643	0.1664	0.1692	0.1717	0.1317	0.1360	0.1382	0.1486	0.1619	0.1762	0.1064	0.1041	0.1088	0.1199	0.1387	0.1675	0.0768	0.0722	0.0725	0.0765	0.0858	0.1049	0.1408
1080	0.1678	0.1727	0.1656	0.1623	0.1509	0.1642	0.1664	0.1692	0.1718	0.1317	0.1360	0.1381	0.1485	0.1621	0.1762	0.1064	0.1041	0.1087	0.1200	0.1387	0.1673	0.0769	0.0720	0.0725	0.0765	0.0857	0.1049	0.1410
1081	0.1677	0.1727	0.1655	0.1622	0.1508	0.1643	0.1665	0.1691	0.1719	0.1315	0.1359	0.1382	0.1485	0.1622	0.1762	0.1065	0.1042	0.1086	0.1199	0.1387	0.1672	0.0769	0.0720	0.0726	0.0766	0.0858	0.1049	0.1411
1082	0.1677	0.1727	0.1655	0.1621	0.1509	0.1643	0.1666	0.1689	0.1719	0.1313	0.1358	0.1383	0.1486	0.1623	0.1761	0.1066	0.1044	0.1086	0.1198	0.1387	0.1673	0.0769	0.0721	0.0727	0.0767	0.0859	0.1050	0.1410
1083	0.1678	0.1727	0.1654	0.1622	0.1510	0.1644	0.1667	0.1689	0.1719	0.1313	0.1357	0.1383	0.1486	0.1623	0.1760	0.1065	0.1045	0.1087	0.1197	0.1387	0.1674	0.0770	0.0721	0.0726	0.0766	0.0859	0.1050	0.1409
1084	0.1680	0.1727	0.1653	0.1622	0.1511	0.1643	0.1667	0.1691	0.1720	0.1312	0.1358	0.1384	0.1485	0.1622	0.1760	0.1065	0.1044	0.1088	0.1196	0.1387	0.1674	0.0772	0.0721	0.0725	0.0765	0.0859	0.1051	0.1410
1085	0.1679	0.1727	0.1653	0.1621	0.1510	0.1642	0.1665	0.1692	0.1721	0.1313	0.1359	0.1385	0.1484	0.1622	0.1761	0.1066	0.1043	0.1089	0.1195	0.1387	0.1676	0.0773	0.0721	0.0724	0.0764	0.0858	0.1054	0.1411
1086	0.1678	0.1727	0.1654	0.1621	0.1510	0.1642	0.1664	0.1692	0.1721	0.1314	0.1358	0.1385	0.1484	0.1623	0.1763	0.1067	0.1042	0.1090	0.1196	0.1388	0.1677	0.0773	0.0723	0.0724	0.0763	0.0859	0.1055	0.1413
1087	0.1677	0.1728	0.1654	0.1621	0.1509	0.1641	0.1665	0.1691	0.1722	0.1314	0.1357	0.1384	0.1484	0.1622	0.1764	0.1069	0.1043	0.1091	0.1197	0.1388	0.1676	0.0772	0.0723	0.0726	0.0761	0.0860	0.1056	0.1414
1088	0.1677	0.1728	0.1653	0.1620	0.1508	0.1640	0.1664	0.1692	0.1724	0.1313	0.1356	0.1382	0.1485	0.1621	0.1765	0.1069	0.1043	0.1093	0.1196	0.1387	0.1675	0.0772	0.0724	0.0726	0.0762	0.0862	0.1056	0.1414
1089	0.1679	0.1725	0.1652	0.1622	0.1507	0.1639	0.1663	0.1693	0.1723	0.1313	0.1357	0.1382	0.1486	0.1620	0.1767	0.1068	0.1043	0.1093	0.1196	0.1387	0.1677	0.0771	0.0724	0.0726	0.0764	0.0862	0.1055	0.1413
1090	0.1679	0.1724	0.1653	0.1624	0.1508	0.1641	0.1663	0.1694	0.1721	0.1313	0.1358	0.1382	0.1486	0.1620	0.1767	0.1066	0.1044	0.1092	0.1197	0.1389	0.1678	0.0770	0.0724	0.0727	0.0766	0.0861	0.1053	0.1413
1091	0.1680	0.1725	0.1654	0.1623	0.1508	0.1642	0.1662	0.1694	0.1721	0.1314	0.1358	0.1382	0.1486	0.1620	0.1767	0.1066	0.1045	0.1093	0.1198	0.1390	0.1679	0.0768	0.0725	0.0727	0.0767	0.0860	0.1053	0.1414
1092	0.1679	0.1726	0.1656	0.1624	0.1508	0.1642	0.1661	0.1693	0.1720	0.1315	0.1358	0.1383	0.1487	0.1620	0.1767	0.1066	0.1044	0.1092	0.1197	0.1389	0.1678	0.0769	0.0723	0.0727	0.0766	0.0859	0.1055	0.1417
1093	0.1678	0.1727	0.1656	0.1625	0.1509	0.1642	0.1661	0.1695	0.1721	0.1315	0.1356	0.1384	0.1487	0.1621	0.1768	0.1065	0.1044	0.1091	0.1197	0.1388	0.1679	0.0771	0.0722	0.0725	0.0766	0.0858	0.1057	0.1419
1094	0.1678	0.1727	0.1655	0.1624	0.1509	0.1643	0.1661	0.1697	0.1722	0.1315	0.1356	0.1385	0.1487	0.1622	0.1769	0.1065	0.1044	0.1090	0.1199	0.1389	0.1680	0.0772	0.0720	0.0725	0.0765	0.0858	0.1058	0.1418
1095	0.1677	0.1727	0.1656	0.1623	0.1510	0.1644	0.1663	0.1698	0.1723	0.1315	0.1356	0.1384	0.1488	0.1623	0.1770	0.1065	0.1043	0.1091	0.1200	0.1390	0.1681	0.0773	0.0719	0.0725	0.0764	0.0860	0.1059	0.1418
1096	0.1677	0.1727	0.1658	0.1622	0.1510	0.1644	0.1664	0.1696	0.1723	0.1317	0.1356	0.1384	0.1489	0.1625	0.1772	0.1065	0.1044	0.1093	0.1200	0.1390	0.1681	0.0771	0.0719	0.0725	0.0765	0.0862	0.1060	0.1419
1097	0.1678	0.1727	0.1659	0.1623	0.1509	0.1643	0.1666	0.1695	0.1723	0.1317	0.1356	0.1383	0.1488	0.1625	0.1773	0.1065	0.1046	0.1093	0.1200	0.1392	0.1682	0.0769	0.0720	0.0725	0.0766	0.0864	0.1059	0.1420
1098	0.1678	0.1726	0.1658	0.1625	0.1507	0.1643	0.1666	0.1695	0.1722	0.1316	0.1354	0.1382	0.1487	0.1626	0.1773	0.1065	0.1046	0.1093	0.1201	0.1394	0.1683	0.0770	0.0720	0.0724	0.0768	0.0864	0.1058	0.1421
1099	0.1678	0.1727	0.1657	0.1626	0.1507	0.1643	0.1665	0.1695	0.1720	0.1315	0.1354	0.1381	0.1487	0.1627	0.1774	0.1065	0.1045	0.1092	0.1201	0.1395	0.1684	0.0771	0.0720	0.0724	0.0768	0.0865	0.1057	0.1421
1100	0.1678	0.1727	0.1656	0.1627	0.1508	0.1643	0.1665	0.1694	0.1720	0.1316	0.1356	0.1382	0.1487	0.1627	0.1774	0.1065	0.1045	0.1091	0.1201	0.1396	0.1686	0.0772	0.0720	0.0725	0.0768	0.0865	0.1056	0.1421
1101	0.1678	0.1728	0.1656	0.1627	0.1508	0.1641	0.1666	0.1695	0.1719	0.1318	0.1357	0.1384	0.1487	0.1629	0.1774	0.1065	0.1044	0.1090	0.1201	0.1395	0.1688	0.0772	0.0721	0.0725	0.0768	0.0866	0.1057	0.1422
1102	0.1677	0.1726	0.1656	0.1626	0.1508	0.1640	0.1666	0.1696	0.1719	0.1317	0.1357	0.1384	0.1486	0.1630	0.1774	0.1065	0.1043	0.1089	0.1200	0.1396	0.1689	0.0771	0.0723	0.0726	0.0768	0.0866	0.1058	0.1424
1103	0.1677	0.1726	0.1655	0.1626	0.1508	0.1641	0.1665	0.1697	0.1721	0.1316	0.1358	0.1384	0.1486	0.1629	0.1775	0.1066	0.1044	0.1089	0.1199	0.1397	0.1689	0.0771	0.0723	0.0727	0.0768	0.0866	0.1060	0.1426
1104	0.1677	0.1726	0.1656	0.1626	0.1508	0.1641	0.1666	0.1697	0.1722	0.1316	0.1358	0.1383	0.1486	0.1627	0.1776	0.1065	0.1045	0.1089	0.1201	0.1398	0.1689	0.0771	0.0724	0.0727	0.0767	0.0865	0.1061	0.1426
1105	0.1676	0.1726	0.1658	0.1627	0.1510	0.1641	0.1667	0.1697	0.1723	0.1316	0.1357	0.1383	0.1487	0.1626	0.1775	0.1064	0.1044	0.1089	0.1201	0.1397	0.1689	0.0770	0.0725	0.0728	0.0767	0.0865	0.1062	0.1426
1106	0.1675	0.1726	0.1657	0.1627	0.1510	0.1640	0.1668	0.1698	0.1723	0.1314	0.1357	0.1383	0.1488	0.1626	0.1775	0.1064	0.1045	0.1091	0.1202	0.1397	0.1690	0.0770	0.0725	0.0727	0.0767	0.0865	0.1062	0.1426
1107	0.1676	0.1725	0.1657	0.1626	0.1509	0.1640	0.1667	0.1699	0.1724	0.1314	0.1358	0.1384	0.1488	0.1627	0.1777	0.1064	0.1046	0.1092	0.1204	0.1399	0.1691	0.0770	0.0724	0.0727	0.0767	0.0865	0.1061	0.1426
1108	0.1678	0.1725	0.1657	0.1626	0.1508	0.1640	0.1666	0.1700	0.1726	0.1316	0.1357	0.1384	0.1488	0.1629	0.1778	0.1064	0.1047	0.1093	0.1205	0.1400	0.1692	0.0770	0.0722	0.0727	0.0768	0.0866	0.1061	0.1428
1109	0.1678	0.1726	0.1657	0.1626	0.1508	0.1639	0.1667	0.1701	0.1726	0.1317	0.1357	0.1385	0.1488	0.1629	0.1778	0.1064	0.1048	0.1093	0.1205	0.1401	0.1693	0.0770	0.0722	0.0727	0.0767	0.0866	0.1061	0.1431
1110	0.1678	0.1725	0.1657	0.1627	0.1509	0.1639	0.1667	0.1701	0.1724	0.1318	0.1358	0.1385	0.1487	0.1629	0.1778	0.1066	0.1049	0.1093	0.1205	0.1402	0.1694	0.0769	0.0722	0.0728	0.0766	0.0867	0.1061	0.1432
1111	0.1678	0.1726	0.1656	0.1626	0.1510	0.1641	0.1666	0.1699	0.1722	0.1317	0.1358	0.1385	0.1487	0.1628	0.1779	0.1065	0.1048	0.1094	0.1204	0.1403	0.1696	0.0771	0.0723	0.0728	0.0767	0.0868	0.1063	0.1433
1112	0.1678	0.1728	0.1656	0.1626	0.1511	0.1642	0.1665	0.1698	0.1721	0.1316	0.1358	0.1384	0.1487	0.1628	0.1779	0.1066	0.1047	0.1094	0.1203	0.1404	0.1698	0.0772	0.0723	0.0727	0.0768	0.0869	0.1064	0.1435
1113	0.1679	0.1729	0.1656	0.1626	0.1512	0.1642	0.1666	0.1698	0.1724	0.1315	0.1358	0.1385	0.1486	0.1630	0.1779	0.1065	0.1047	0.1094	0.1203	0.1405	0.1698	0.0772	0.0724	0.0727	0.0769	0.0869	0.1064	0.1435
1114	0.1679	0.1729	0.1657	0.1625	0.1512	0.1642	0.1666	0.1698	0.1726	0.1315	0.1359	0.1385	0.1485	0.1631	0.1780	0.1065	0.1048	0.1095	0.1204	0.1405	0.1697	0.0772	0.0724	0.0728	0.0769	0.0868	0.1064	0.1435
1115	0.1679	0.1728	0.1657	0.1623	0.1511	0.1641	0.1666	0.1699	0.1726	0.1315	0.1359	0.1385	0.1486	0.1632	0.1780	0.1064	0.1046	0.1093	0.1204	0.1404	0.1697	0.0772	0.0725	0.0729	0.0768	0.0866	0.1064	0.1436
1116	0.1679	0.1727	0.1658	0.1623	0.1509	0.1640	0.1666	0.1699	0.1726	0.1316	0.1359	0.1385	0.1487	0.1632	0.1781	0.1063	0.1045	0.1092	0.1204	0.1404	0.1696	0.0772	0.0725	0.0728	0.0767	0.0864	0.1064	0.1438
1117	0.1679	0.1727	0.1658	0.1624	0.1510	0.1640	0.1667	0.1699	0.1726	0.1317	0.1358	0.1386	0.1488	0.1633	0.1781	0.1064	0.1045	0.1092	0.1204	0.1404	0.1696	0.0772	0.0724	0.0727	0.0767	0.0864	0.1066	0.1438
1118	0.1679	0.1726	0.1658	0.1625	0.1511	0.1640	0.1667	0.1698	0.1727	0.1318	0.1358	0.1386	0.1489	0.1633	0.1781	0.1064	0.1045	0.1093	0.1204	0.1403	0.1697	0.0772	0.0723	0.0726	0.0767	0.0866	0.1068	0.1437
1119	0.1679	0.1727	0.1658	0.1625	0.1512	0.1639	0.1666	0.1697	0.1726	0.1317	0.1359	0.1385	0.1489	0.1633	0.1781	0.1065	0.1045	0.1092	0.1205	0.1403	0.1697	0.0772	0.0724	0.0726	0.0768	0.0867	0.1070	0.1436
1120	0.1678	0.1729	0.1657	0.1625	0.1512	0.1639	0.1664	0.1697	0.1726	0.1316	0.1359	0.1385	0.1490	0.1633	0.1782	0.1066	0.1045	0.1092	0.1206	0.1403	0.1697	0.0772	0.0725	0.0725	0.0769	0.0868	0.1070	0.1436
1121	0.1678	0.1727	0.1657	0.1626	0.1510	0.1640	0.1664	0.1698	0.1726	0.1315	0.1359	0.1386	0.1491	0.1633	0.1782	0.1066	0.1044	0.1093	0.1207	0.1403	0.1698	0.0773	0.0724	0.0724	0.0770	0.0869	0.1069	0.1438
1122	0.1679	0.1724	0.1659	0.1625	0.1509	0.1640	0.1665	0.1700	0.1727	0.1315	0.1360	0.1385	0.1492	0.1634	0.1782	0.1065	0.1045	0.1094	0.1208	0.1402	0.1700	0.0772	0.0723	0.0723	0.0770	0.0869	0.1069	0.1439
1123	0.1678	0.1722	0.1659	0.1625	0.1510	0.1640	0.1666	0.1699	0.1727	0.1316	0.1359	0.1384	0.1491	0.1636	0.1782	0.1065	0.1046	0.1094	0.1208	0.1403	0.1701	0.0771	0.0724	0.0724	0.0768	0.0868	0.1069	0.1440
1124	0.1676	0.1724	0.1660	0.1626	0.1510	0.1639	0.1666	0.1698	0.1726	0.1317	0.1358	0.1385	0.1490	0.1636	0.1782	0.1065	0.1046	0.1094	0.1208	0.1404	0.1701	0.0771	0.0724	0.0724	0.0767	0.0867	0.1068	0.1440
1125	0.1676	0.1725	0.1661	0.1626	0.1511	0.1639	0.1665	0.1697	0.1726	0.1318	0.1357	0.1383	0.1489	0.1636	0.1782	0.1065	0.1046	0.1092	0.1208	0.1404	0.1702	0.0771	0.0724	0.0725	0.0767	0.0867	0.1068	0.1439
1126	0.1677	0.1723	0.1660	0.1626	0.1511	0.1639	0.1664	0.1698	0.1725	0.1317	0.1356	0.1382	0.1488	0.1635	0.1782	0.1065	0.1045	0.1091	0.1208	0.1404	0.1701	0.0773	0.0724	0.0726	0.0767	0.0868	0.1069	0.1438
1127	0.1677	0.1723	0.1659	0.1625	0.1511	0.1639	0.1665	0.1698	0.1725	0.1315	0.1355	0.1381	0.1488	0.1634	0.1784	0.1064	0.1043	0.1092	0.1207	0.1404	0.1700	0.0772	0.0724	0.0726	0.0767	0.0869	0.1070	0.1440
1128	0.1679	0.1723	0.1659	0.1625	0.1511	0.1640	0.1667	0.1697	0.1727	0.1315	0.1356	0.1379	0.1487	0.1634	0.1785	0.1063	0.1044	0.1092	0.1206	0.1403	0.1700	0.0770	0.0724	0.0726	0.0767	0.0868	0.1071	0.1441
1129	0.1680	0.1723	0.1658	0.1624	0.1512	0.1641	0.1667	0.1696	0.1727	0.1315	0.1359	0.1379	0.1486	0.1634	0.1786	0.1061	0.1044	0.1091	0.1205	0.1404	0.1699	0.0769	0.0724	0.0727	0.0768	0.0867	0.1071	0.1441
1130	0.1678	0.1724	0.1655	0.1623	0.1512	0.1639	0.1666	0.1695	0.1727	0.1314	0.1360	0.1381	0.1487	0.1636	0.1787	0.1060	0.1044	0.1091	0.1205	0.1405	0.1701	0.0768	0.0725	0.0727	0.0770	0.0867	0.1069	0.1441
1131	0.1677	0.1725	0.1654	0.1622	0.1512	0.1638	0.1666	0.1695	0.1727	0.1314	0.1359	0.1382	0.1487	0.1638	0.1787	0.1060	0.1044	0.1092	0.1204	0.1405	0.1702	0.0767	0.0725	0.0726	0.0772	0.0866	0.1067	0.1441
1132	0.1677	0.1725	0.1654	0.1623	0.1511	0.1639	0.1668	0.1695	0.1727	0.1314	0.1358	0.1383	0.1487	0.1638	0.1786	0.1060	0.1043	0.1093	0.1204	0.1405	0.1703	0.0768	0.0724	0.0726	0.0772	0.0866	0.1067	0.1441
1133	0.1677	0.1724	0.1654	0.1624	0.1510	0.1639	0.1669	0.1696	0.1727	0.1314	0.1357	0.1383	0.1486	0.1637	0.1784	0.1061	0.1041	0.1093	0.1204	0.1405	0.1702	0.0770	0.0723	0.0726	0.0771	0.0866	0.1066	0.1440
1134	0.1676	0.1723	0.1654	0.1623	0.1510	0.1640	0.1667	0.1696	0.1726	0.1313	0.1356	0.1381	0.1485	0.1635	0.1783	0.1061	0.1042	0.1092	0.1204	0.1405	0.1699	0.0771	0.0723	0.0726	0.0770	0.0867	0.1067	0.1441
1135	0.1676	0.1724	0.1654	0.1622	0.1509	0.1639	0.1666	0.1696	0.1726	0.1312	0.1356	0.1379	0.1483	0.1635	0.1781	0.1061	0.1042	0.1091	0.1205	0.1404	0.1697	0.0771	0.0723	0.0727	0.0770	0.0868	0.1067	0.1442
1136	0.1676	0.1724	0.1654	0.1621	0.1510	0.1637	0.1666	0.1697	0.1726	0.1313	0.1355	0.1379	0.1483	0.1636	0.1780	0.1063	0.1041	0.1090	0.1205	0.1402	0.1696	0.0769	0.0722	0.0726	0.0770	0.0867	0.1067	0.1443
1137	0.1675	0.1724	0.1653	0.1620	0.1510	0.1635	0.1666	0.1698	0.1725	0.1312	0.1354	0.1379	0.1483	0.1637	0.1779	0.1063	0.1042	0.1089	0.1204	0.1401	0.1695	0.0768	0.0721	0.0725	0.0770	0.0866	0.1068	0.1443
1138	0.1675	0.1724	0.1651	0.1618	0.1508	0.1634	0.1665	0.1699	0.1724	0.1312	0.1354	0.1380	0.1482	0.1636	0.1779	0.1062	0.1043	0.1089	0.1205	0.1401	0.1694	0.0768	0.0721	0.0724	0.0769	0.0866	0.1067	0.1444
1139	0.1675	0.1723	0.1649	0.1617	0.1505	0.1635	0.1663	0.1698	0.1723	0.1312	0.1355	0.1380	0.1480	0.1635	0.1779	0.1061	0.1043	0.1090	0.1205	0.1402	0.1694	0.0769	0.0722	0.0723	0.0767	0.0866	0.1067	0.1445
1140	0.1675	0.1723	0.1649	0.1618	0.1504	0.1635	0.1663	0.1697	0.1723	0.1313	0.1355	0.1379	0.1479	0.1633	0.1780	0.1061	0.1042	0.1091	0.1204	0.1401	0.1695	0.0769	0.0722	0.0723	0.0766	0.0866	0.1067	0.1445
1141	0.1675	0.1724	0.1649	0.1619	0.1505	0.1635	0.1663	0.1698	0.1723	0.1313	0.1354	0.1379	0.1479	0.1632	0.1780	0.1061	0.1042	0.1092	0.1204	0.1400	0.1695	0.0769	0.0721	0.0723	0.0765	0.0865	0.1066	0.1443
1142	0.1675	0.1723	0.1649	0.1620	0.1507	0.1634	0.1662	0.1697	0.1722	0.1311	0.1353	0.1378	0.1479	0.1632	0.1779	0.1061	0.1042	0.1092	0.1203	0.1399	0.1694	0.0768	0.0721	0.0722	0.0764	0.0865	0.1066	0.1443
1143	0.1675	0.1722	0.1649	0.1621	0.1508	0.1632	0.1661	0.1695	0.1721	0.1309	0.1354	0.1376	0.1480	0.1632	0.1777	0.1061	0.1040	0.1092	0.1202	0.1397	0.1695	0.0767	0.0722	0.0723	0.0764	0.0865	0.1066	0.1442
1144	0.1676	0.1722	0.1649	0.1621	0.1508	0.1632	0.1660	0.1696	0.1721	0.1309	0.1353	0.1376	0.1480	0.1632	0.1777	0.1059	0.1040	0.1091	0.1200	0.1396	0.1696	0.0766	0.0721	0.0724	0.0765	0.0866	0.1066	0.1442
1145	0.1676	0.1722	0.1649	0.1620	0.1508	0.1633	0.1659	0.1696	0.1721	0.1308	0.1352	0.1377	0.1480	0.1631	0.1777	0.1058	0.1040	0.1090	0.1199	0.1396	0.1695	0.0766	0.0720	0.0725	0.0765	0.0867	0.1067	0.1441
1146	0.1675	0.1721	0.1649	0.1619	0.1508	0.1634	0.1658	0.1696	0.1720	0.1307	0.1351	0.1377	0.1480	0.1630	0.1777	0.1057	0.1039	0.1089	0.1199	0.1396	0.1694	0.0766	0.0719	0.0725	0.0765	0.0867	0.1067	0.1441
1147	0.1674	0.1720	0.1648	0.1617	0.1506	0.1633	0.1658	0.1694	0.1719	0.1308	0.1350	0.1376	0.1479	0.1629	0.1776	0.1056	0.1038	0.1088	0.1198	0.1396	0.1693	0.0766	0.0718	0.0723	0.0764	0.0865	0.1066	0.1439
1148	0.1673	0.1719	0.1645	0.1616	0.1504	0.1632	0.1658	0.1694	0.1718	0.1309	0.1349	0.1375	0.1478	0.1628	0.1775	0.1056	0.1038	0.1087	0.1196	0.1395	0.1693	0.0766	0.0718	0.0721	0.0763	0.0865	0.1064	0.1438
1149	0.1673	0.1718	0.1643	0.1617	0.1503	0.1630	0.1658	0.1693	0.1718	0.1310	0.1350	0.1376	0.1476	0.1628	0.1773	0.1057	0.1036	0.1086	0.1196	0.1397	0.1694	0.0767	0.0717	0.0721	0.0762	0.0865	0.1062	0.1438
1150	0.1672	0.1718	0.1642	0.1618	0.1503	0.1629	0.1657	0.1692	0.1717	0.1310	0.1351	0.1377	0.1475	0.1628	0.1772	0.1058	0.1036	0.1085	0.1196	0.1398	0.1694	0.0767	0.0717	0.0721	0.0761	0.0866	0.1061	0.1437
1151	0.1670	0.1717	0.1642	0.1617	0.1503	0.1629	0.1655	0.1693	0.1715	0.1309	0.1350	0.1376	0.1474	0.1626	0.1773	0.1058	0.1037	0.1086	0.1196	0.1398	0.1693	0.0766	0.0718	0.0721	0.0762	0.0865	0.1060	0.1438
1152	0.1669	0.1717	0.1642	0.1617	0.1503	0.1628	0.1654	0.1693	0.1714	0.1308	0.1349	0.1375	0.1473	0.1626	0.1774	0.1057	0.1038	0.1087	0.1196	0.1397	0.1694	0.0766	0.0719	0.0721	0.0762	0.0865	0.1059	0.1437
1153	0.1669	0.1718	0.1642	0.1616	0.1502	0.1626	0.1654	0.1692	0.1714	0.1309	0.1347	0.1375	0.1472	0.1626	0.1774	0.1057	0.1037	0.1086	0.1196	0.1396	0.1694	0.0766	0.0718	0.0722	0.0762	0.0863	0.1060	0.1435
1154	0.1670	0.1719	0.1642	0.1616	0.1501	0.1624	0.1655	0.1691	0.1714	0.1309	0.1346	0.1375	0.1472	0.1626	0.1775	0.1056	0.1036	0.1085	0.1195	0.1395	0.1695	0.0767	0.0718	0.0722	0.0762	0.0861	0.1060	0.1433
1155	0.1671	0.1719	0.1642	0.1615	0.1502	0.1625	0.1655	0.1689	0.1714	0.1308	0.1346	0.1376	0.1472	0.1626	0.1775	0.1056	0.1035	0.1085	0.1195	0.1394	0.1693	0.0766	0.0718	0.0719	0.0762	0.0861	0.1060	0.1434
1156	0.1673	0.1719	0.1643	0.1614	0.1503	0.1626	0.1656	0.1687	0.1713	0.1307	0.1346	0.1376	0.1471	0.1626	0.1776	0.1056	0.1034	0.1085	0.1194	0.1393	0.1691	0.0766	0.0718	0.0716	0.0762	0.0861	0.1060	0.1434
1157	0.1672	0.1719	0.1644	0.1614	0.1502	0.1627	0.1657	0.1686	0.1713	0.1306	0.1347	0.1374	0.1472	0.1627	0.1774	0.1056	0.1034	0.1085	0.1193	0.1393	0.1691	0.0766	0.0717	0.0715	0.0761	0.0861	0.1060	0.1436
1158	0.1670	0.1718	0.1644	0.1615	0.1502	0.1627	0.1658	0.1686	0.1712	0.1305	0.1347	0.1373	0.1474	0.1628	0.1773	0.1056	0.1035	0.1084	0.1192	0.1393	0.1691	0.0765	0.0716	0.0715	0.0760	0.0861	0.1060	0.1437
1159	0.1670	0.1719	0.1643	0.1615	0.1502	0.1627	0.1659	0.1686	0.1712	0.1306	0.1347	0.1371	0.1474	0.1629	0.1772	0.1056	0.1035	0.1084	0.1195	0.1393	0.1692	0.0765	0.0716	0.0716	0.0758	0.0861	0.1060	0.1435
1160	0.1671	0.1718	0.1643	0.1614	0.1503	0.1628	0.1660	0.1687	0.1713	0.1306	0.1347	0.1369	0.1474	0.1629	0.1773	0.1056	0.1034	0.1085	0.1197	0.1393	0.1692	0.0765	0.0717	0.0718	0.0756	0.0860	0.1059	0.1433
1161	0.1671	0.1718	0.1642	0.1613	0.1503	0.1627	0.1660	0.1687	0.1713	0.1305	0.1347	0.1369	0.1474	0.1627	0.1773	0.1055	0.1034	0.1084	0.1198	0.1393	0.1691	0.0764	0.0716	0.0719	0.0756	0.0858	0.1060	0.1432
1162	0.1672	0.1717	0.1641	0.1613	0.1501	0.1626	0.1658	0.1686	0.1714	0.1303	0.1346	0.1370	0.1475	0.1625	0.1772	0.1055	0.1034	0.1083	0.1198	0.1392	0.1690	0.0764	0.0715	0.0721	0.0757	0.0857	0.1061	0.1431
1163	0.1672	0.1717	0.1640	0.1614	0.1501	0.1627	0.1658	0.1686	0.1714	0.1302	0.1345	0.1372	0.1476	0.1625	0.1772	0.1056	0.1034	0.1082	0.1198	0.1392	0.1689	0.0764	0.0714	0.0721	0.0757	0.0858	0.1061	0.1431
1164	0.1670	0.1717	0.1640	0.1614	0.1500	0.1629	0.1657	0.1686	0.1713	0.1303	0.1344	0.1373	0.1475	0.1625	0.1773	0.1057	0.1034	0.1082	0.1198	0.1392	0.1688	0.0762	0.0715	0.0722	0.0757	0.0860	0.1061	0.1433
1165	0.1670	0.1718	0.1639	0.1614	0.1499	0.1630	0.1657	0.1686	0.1712	0.1305	0.1344	0.1373	0.1475	0.1625	0.1773	0.1058	0.1034	0.1082	0.1198	0.1391	0.1687	0.0761	0.0715	0.0721	0.0757	0.0861	0.1062	0.1434
1166	0.1670	0.1719	0.1639	0.1614	0.1498	0.1629	0.1657	0.1687	0.1710	0.1306	0.1345	0.1372	0.1473	0.1624	0.1770	0.1056	0.1034	0.1082	0.1196	0.1390	0.1688	0.0762	0.0715	0.0718	0.0758	0.0860	0.1060	0.1434
1167	0.1669	0.1719	0.1640	0.1613	0.1497	0.1628	0.1655	0.1687	0.1710	0.1306	0.1345	0.1371	0.1472	0.1623	0.1768	0.1055	0.1035	0.1083	0.1193	0.1390	0.1687	0.0763	0.0715	0.0717	0.0759	0.0860	0.1059	0.1434
1168	0.1670	0.1719	0.1641	0.1612	0.1496	0.1628	0.1654	0.1687	0.1712	0.1306	0.1346	0.1371	0.1473	0.1623	0.1768	0.1055	0.1034	0.1084	0.1192	0.1389	0.1686	0.0764	0.0715	0.0717	0.0759	0.0862	0.1058	0.1433
1169	0.1671	0.1718	0.1641	0.1611	0.1496	0.1628	0.1654	0.1688	0.1713	0.1306	0.1346	0.1372	0.1473	0.1622	0.1767	0.1056	0.1034	0.1085	0.1191	0.1388	0.1685	0.0765	0.0715	0.0717	0.0759	0.0862	0.1057	0.1433
1170	0.1672	0.1715	0.1639	0.1610	0.1497	0.1627	0.1653	0.1688	0.1712	0.1306	0.1347	0.1371	0.1474	0.1621	0.1767	0.1055	0.1034	0.1083	0.1191	0.1389	0.1684	0.0764	0.0714	0.0718	0.0760	0.0862	0.1056	0.1431
1171	0.1673	0.1713	0.1637	0.1610	0.1498	0.1626	0.1653	0.1688	0.1711	0.1307	0.1348	0.1370	0.1475	0.1619	0.1766	0.1054	0.1033	0.1082	0.1192	0.1390	0.1683	0.0763	0.0714	0.0718	0.0761	0.0861	0.1055	0.1430
1172	0.1673	0.1713	0.1639	0.1609	0.1498	0.1626	0.1653	0.1687	0.1710	0.1306	0.1348	0.1370	0.1474	0.1619	0.1767	0.1054	0.1034	0.1083	0.1192	0.1388	0.1685	0.0764	0.0715	0.0718	0.0761	0.0860	0.1055	0.1431
1173	0.1672	0.1712	0.1642	0.1609	0.1499	0.1627	0.1653	0.1687	0.1711	0.1306	0.1347	0.1371	0.1473	0.1618	0.1768	0.1055	0.1034	0.1084	0.1193	0.1386	0.1687	0.0765	0.0715	0.0718	0.0760	0.0859	0.1055	0.1431
1174	0.1672	0.1714	0.1641	0.1611	0.1499	0.1626	0.1654	0.1687	0.1712	0.1305	0.1347	0.1371	0.1472	0.1620	0.1768	0.1055	0.1034	0.1083	0.1193	0.1387	0.1688	0.0764	0.0716	0.0717	0.0759	0.0860	0.1055	0.1431
1175	0.1671	0.1715	0.1641	0.1612	0.1499	0.1626	0.1655	0.1687	0.1713	0.1304	0.1347	0.1372	0.1472	0.1621	0.1768	0.1056	0.1034	0.1083	0.1193	0.1387	0.1688	0.0763	0.0716	0.0717	0.0758	0.0861	0.1055	0.1430
1176	0.1671	0.1715	0.1641	0.1612	0.1498	0.1627	0.1654	0.1685	0.1712	0.1305	0.1347	0.1371	0.1474	0.1621	0.1769	0.1055	0.1034	0.1083	0.1194	0.1388	0.1689	0.0763	0.0717	0.0716	0.0758	0.0860	0.1056	0.1430
1177	0.1670	0.1715	0.1640	0.1613	0.1498	0.1628	0.1654	0.1684	0.1710	0.1306	0.1346	0.1371	0.1475	0.1621	0.1769	0.1055	0.1033	0.1083	0.1195	0.1389	0.1690	0.0763	0.0719	0.0716	0.0758	0.0859	0.1055	0.1429
1178	0.1669	0.1715	0.1640	0.1612	0.1498	0.1626	0.1654	0.1685	0.1711	0.1306	0.1346	0.1372	0.1475	0.1622	0.1769	0.1055	0.1033	0.1082	0.1195	0.1390	0.1688	0.0763	0.0719	0.0717	0.0758	0.0859	0.1055	0.1428
1179	0.1669	0.1716	0.1640	0.1612	0.1499	0.1625	0.1654	0.1686	0.1712	0.1307	0.1346	0.1373	0.1474	0.1623	0.1768	0.1056	0.1033	0.1080	0.1194	0.1390	0.1686	0.0763	0.0718	0.0718	0.0758	0.0859	0.1054	0.1427
1180	0.1669	0.1715	0.1640	0.1612	0.1499	0.1625	0.1655	0.1686	0.1711	0.1306	0.1346	0.1372	0.1475	0.1622	0.1767	0.1056	0.1033	0.1080	0.1194	0.1390	0.1683	0.0764	0.0717	0.0718	0.0758	0.0858	0.1054	0.1426
1181	0.1669	0.1714	0.1641	0.1612	0.1498	0.1626	0.1655	0.1684	0.1710	0.1304	0.1346	0.1370	0.1476	0.1620	0.1767	0.1056	0.1034	0.1081	0.1193	0.1390	0.1681	0.0765	0.0715	0.0718	0.0758	0.0858	0.1055	0.1426
1182	0.1668	0.1714	0.1641	0.1611	0.1498	0.1627	0.1655	0.1683	0.1710	0.1304	0.1344	0.1369	0.1476	0.1619	0.1767	0.1055	0.1035	0.1080	0.1193	0.1390	0.1680	0.0765	0.0714	0.0718	0.0759	0.0857	0.1054	0.1425
1183	0.1668	0.1714	0.1640	0.1610	0.1499	0.1627	0.1655	0.1683	0.1709	0.1304	0.1343	0.1370	0.1476	0.1619	0.1766	0.1053	0.1035	0.1078	0.1192	0.1390	0.1680	0.0765	0.0715	0.0718	0.0759	0.0857	0.1052	0.1424
1184	0.1667	0.1714	0.1641	0.1610	0.1499	0.1627	0.1655	0.1682	0.1709	0.1304	0.1343	0.1371	0.1476	0.1620	0.1765	0.1052	0.1035	0.1077	0.1192	0.1390	0.1680	0.0765	0.0716	0.0718	0.0758	0.0857	0.1052	0.1425
1185	0.1668	0.1712	0.1641	0.1610	0.1499	0.1627	0.1653	0.1681	0.1709	0.1304	0.1344	0.1371	0.1475	0.1621	0.1765	0.1052	0.1035	0.1076	0.1191	0.1390	0.1681	0.0765	0.0717	0.0718	0.0757	0.0856	0.1053	0.1424
1186	0.1667	0.1711	0.1642	0.1610	0.1499	0.1627	0.1652	0.1681	0.1709	0.1303	0.1345	0.1371	0.1474	0.1621	0.1765	0.1051	0.1035	0.1076	0.1191	0.1389	0.1682	0.0764	0.0717	0.0718	0.0757	0.0855	0.1053	0.1424
1187	0.1667	0.1711	0.1642	0.1610	0.1499	0.1628	0.1652	0.1682	0.1708	0.1302	0.1344	0.1371	0.1474	0.1621	0.1767	0.1051	0.1036	0.1076	0.1191	0.1388	0.1681	0.0764	0.0716	0.0718	0.0758	0.0855	0.1054	0.1423
1188	0.1667	0.1711	0.1641	0.1610	0.1498	0.1628	0.1652	0.1683	0.1708	0.1302	0.1344	0.1371	0.1473	0.1620	0.1768	0.1052	0.1037	0.1077	0.1191	0.1388	0.1681	0.0764	0.0715	0.0719	0.0759	0.0855	0.1054	0.1422
1189	0.1668	0.1711	0.1641	0.1610	0.1497	0.1627	0.1653	0.1683	0.1708	0.1302	0.1345	0.1373	0.1474	0.1620	0.1767	0.1052	0.1037	0.1078	0.1191	0.1387	0.1681	0.0763	0.0715	0.0719	0.0758	0.0855	0.1054	0.1423
1190	0.1669	0.1711	0.1641	0.1610	0.1497	0.1627	0.1653	0.1683	0.1709	0.1303	0.1345	0.1375	0.1474	0.1620	0.1766	0.1053	0.1037	0.1079	0.1190	0.1387	0.1680	0.0762	0.0715	0.0720	0.0757	0.0855	0.1054	0.1424
1191	0.1670	0.1712	0.1642	0.1610	0.1498	0.1627	0.1651	0.1683	0.1710	0.1304	0.1345	0.1374	0.1473	0.1620	0.1765	0.1053	0.1035	0.1079	0.1190	0.1387	0.1681	0.0762	0.0714	0.0719	0.0758	0.0855	0.1054	0.1423
1192	0.1671	0.1714	0.1644	0.1610	0.1500	0.1627	0.1650	0.1683	0.1711	0.1305	0.1345	0.1374	0.1472	0.1620	0.1765	0.1054	0.1033	0.1080	0.1190	0.1386	0.1681	0.0763	0.0713	0.0719	0.0760	0.0855	0.1054	0.1423
1193	0.1670	0.1714	0.1643	0.1610	0.1499	0.1628	0.1650	0.1683	0.1712	0.1305	0.1346	0.1374	0.1472	0.1620	0.1765	0.1054	0.1034	0.1080	0.1190	0.1386	0.1680	0.0763	0.0713	0.0718	0.0761	0.0856	0.1053	0.1423
1194	0.1669	0.1715	0.1643	0.1610	0.1499	0.1629	0.1650	0.1683	0.1713	0.1305	0.1347	0.1373	0.1472	0.1619	0.1765	0.1054	0.1034	0.1080	0.1190	0.1386	0.1679	0.0764	0.0714	0.0718	0.0761	0.0857	0.1052	0.1422
1195	0.1669	0.1714	0.1642	0.1611	0.1498	0.1629	0.1651	0.1683	0.1713	0.1306	0.1347	0.1371	0.1472	0.1619	0.1764	0.1053	0.1035	0.1081	0.1189	0.1385	0.1678	0.0764	0.0713	0.0719	0.0761	0.0857	0.1052	0.1421
1196	0.1669	0.1712	0.1641	0.1612	0.1497	0.1629	0.1652	0.1683	0.1713	0.1307	0.1347	0.1370	0.1471	0.1619	0.1763	0.1052	0.1035	0.1081	0.1187	0.1385	0.1677	0.0765	0.0713	0.0720	0.0760	0.0856	0.1051	0.1419
1197	0.1670	0.1713	0.1642	0.1611	0.1497	0.1629	0.1651	0.1683	0.1712	0.1307	0.1347	0.1371	0.1472	0.1619	0.1763	0.1054	0.1035	0.1081	0.1187	0.1383	0.1677	0.0765	0.0713	0.0719	0.0760	0.0855	0.1052	0.1420
1198	0.1670	0.1714	0.1643	0.1610	0.1498	0.1628	0.1650	0.1683	0.1711	0.1308	0.1347	0.1372	0.1474	0.1618	0.1764	0.1056	0.1034	0.1081	0.1187	0.1382	0.1677	0.0764	0.0714	0.0717	0.0759	0.0854	0.1053	0.1420
1199	0.1671	0.1713	0.1644	0.1610	0.1498	0.1628	0.1652	0.1683	0.1711	0.1307	0.1348	0.1373	0.1475	0.1617	0.1763	0.1057	0.1034	0.1081	0.1189	0.1382	0.1677	0.0765	0.0714	0.0718	0.0758	0.0853	0.1053	0.1419
1200	0.1672	0.1712	0.1644	0.1611	0.1497	0.1629	0.1653	0.1683	0.1711	0.1306	0.1348	0.1374	0.1476	0.1618	0.1763	0.1057	0.1033	0.1081	0.1190	0.1384	0.1677	0.0765	0.0715	0.0718	0.0756	0.0854	0.1052	0.1418
1201	0.1673	0.1712	0.1645	0.1611	0.1497	0.1629	0.1654	0.1684	0.1712	0.1306	0.1348	0.1375	0.1476	0.1618	0.1762	0.1057	0.1034	0.1080	0.1190	0.1385	0.1677	0.0765	0.0715	0.0718	0.0755	0.0853	0.1053	0.1418
1202	0.1673	0.1712	0.1645	0.1612	0.1499	0.1628	0.1653	0.1684	0.1712	0.1306	0.1348	0.1375	0.1476	0.1618	0.1763	0.1057	0.1035	0.1079	0.1190	0.1385	0.1676	0.0765	0.0715	0.0717	0.0754	0.0852	0.1053	0.1417
1203	0.1673	0.1712	0.1645	0.1612	0.1500	0.1627	0.1653	0.1684	0.1711	0.1306	0.1347	0.1375	0.1476	0.1619	0.1763	0.1057	0.1036	0.1078	0.1191	0.1386	0.1676	0.0765	0.0715	0.0716	0.0755	0.0852	0.1052	0.1416
1204	0.1672	0.1712	0.1644	0.1612	0.1501	0.1627	0.1654	0.1684	0.1710	0.1306	0.1345	0.1375	0.1476	0.1618	0.1763	0.1056	0.1035	0.1079	0.1191	0.1385	0.1676	0.0765	0.0716	0.0716	0.0757	0.0853	0.1052	0.1416
1205	0.1672	0.1712	0.1643	0.1612	0.1501	0.1627	0.1654	0.1684	0.1708	0.1306	0.1344	0.1376	0.1475	0.1618	0.1763	0.1055	0.1035	0.1079	0.1191	0.1385	0.1676	0.0765	0.0716	0.0716	0.0757	0.0853	0.1051	0.1416
1206	0.1672	0.1712	0.1644	0.1612	0.1500	0.1628	0.1654	0.1684	0.1708	0.1305	0.1344	0.1376	0.1474	0.1617	0.1763	0.1055	0.1035	0.1079	0.1191	0.1386	0.1675	0.0764	0.0716	0.0716	0.0757	0.0852	0.1050	0.1415
1207	0.1673	0.1712	0.1645	0.1612	0.1499	0.1628	0.1654	0.1683	0.1708	0.1305	0.1344	0.1376	0.1474	0.1616	0.1763	0.1054	0.1035	0.1079	0.1192	0.1386	0.1674	0.0764	0.0715	0.0716	0.0757	0.0852	0.1049	0.1414
1208	0.1672	0.1711	0.1645	0.1612	0.1498	0.1628	0.1654	0.1684	0.1708	0.1306	0.1345	0.1375	0.1473	0.1615	0.1762	0.1053	0.1035	0.1079	0.1191	0.1383	0.1673	0.0764	0.0716	0.0717	0.0758	0.0852	0.1049	0.1413
1209	0.1671	0.1711	0.1645	0.1612	0.1498	0.1628	0.1654	0.1685	0.1707	0.1307	0.1346	0.1374	0.1473	0.1614	0.1760	0.1052	0.1034	0.1079	0.1190	0.1381	0.1673	0.0764	0.0716	0.0717	0.0759	0.0852	0.1048	0.1413
1210	0.1671	0.1711	0.1645	0.1612	0.1499	0.1628	0.1654	0.1683	0.1706	0.1306	0.1345	0.1375	0.1474	0.1614	0.1760	0.1052	0.1033	0.1079	0.1190	0.1381	0.1673	0.0763	0.0716	0.0716	0.0759	0.0853	0.1048	0.1413
1211	0.1672	0.1711	0.1645	0.1612	0.1500	0.1628	0.1654	0.1682	0.1706	0.1305	0.1345	0.1375	0.1474	0.1614	0.1759	0.1051	0.1033	0.1080	0.1190	0.1381	0.1673	0.0763	0.0716	0.0716	0.0759	0.0853	0.1048	0.1412
1212	0.1672	0.1712	0.1645	0.1612	0.1500	0.1628	0.1653	0.1684	0.1706	0.1305	0.1345	0.1374	0.1474	0.1613	0.1761	0.1051	0.1033	0.1080	0.1191	0.1381	0.1673	0.0763	0.0715	0.0716	0.0758	0.0853	0.1050	0.1413
1213	0.1672	0.1713	0.1645	0.1612	0.1501	0.1628	0.1652	0.1685	0.1705	0.1305	0.1346	0.1373	0.1473	0.1613	0.1762	0.1052	0.1034	0.1080	0.1191	0.1382	0.1673	0.0764	0.0715	0.0716	0.0757	0.0853	0.1051	0.1414
1214	0.1672	0.1713	0.1645	0.1611	0.1501	0.1627	0.1652	0.1685	0.1707	0.1304	0.1346	0.1373	0.1475	0.1613	0.1761	0.1053	0.1033	0.1080	0.1190	0.1382	0.1672	0.0764	0.0715	0.0715	0.0757	0.0853	0.1050	0.1414
1215	0.1672	0.1714	0.1644	0.1611	0.1500	0.1626	0.1652	0.1684	0.1710	0.1304	0.1347	0.1372	0.1478	0.1614	0.1760	0.1053	0.1033	0.1081	0.1189	0.1383	0.1672	0.0765	0.0715	0.0714	0.0757	0.0853	0.1049	0.1414
1216	0.1673	0.1714	0.1645	0.1610	0.1499	0.1626	0.1652	0.1684	0.1709	0.1304	0.1347	0.1372	0.1476	0.1613	0.1760	0.1053	0.1033	0.1081	0.1189	0.1382	0.1672	0.0764	0.0716	0.0715	0.0757	0.0852	0.1047	0.1415
1217	0.1672	0.1715	0.1646	0.1610	0.1498	0.1626	0.1651	0.1684	0.1708	0.1304	0.1347	0.1372	0.1474	0.1613	0.1761	0.1053	0.1033	0.1081	0.1189	0.1382	0.1672	0.0764	0.0716	0.0716	0.0757	0.0852	0.1046	0.1416
1218	0.1672	0.1713	0.1646	0.1609	0.1499	0.1626	0.1652	0.1684	0.1708	0.1304	0.1347	0.1371	0.1474	0.1613	0.1760	0.1054	0.1032	0.1079	0.1189	0.1382	0.1671	0.0763	0.0716	0.0716	0.0756	0.0852	0.1045	0.1415
1219	0.1671	0.1711	0.1646	0.1608	0.1500	0.1627	0.1653	0.1684	0.1709	0.1303	0.1347	0.1371	0.1474	0.1612	0.1760	0.1055	0.1032	0.1078	0.1190	0.1382	0.1670	0.0762	0.0715	0.0715	0.0755	0.0853	0.1045	0.1413
1220	0.1671	0.1711	0.1646	0.1608	0.1500	0.1628	0.1654	0.1684	0.1709	0.1303	0.1347	0.1372	0.1474	0.1614	0.1759	0.1055	0.1032	0.1078	0.1190	0.1382	0.1671	0.0762	0.0715	0.0716	0.0755	0.0853	0.1046	0.1412
1221	0.1672	0.1711	0.1645	0.1608	0.1500	0.1628	0.1655	0.1684	0.1710	0.1304	0.1348	0.1374	0.1474	0.1617	0.1758	0.1056	0.1034	0.1078	0.1190	0.1381	0.1672	0.0761	0.0716	0.0716	0.0756	0.0854	0.1046	0.1410
1222	0.1672	0.1712	0.1645	0.1608	0.1499	0.1628	0.1656	0.1684	0.1710	0.1305	0.1348	0.1375	0.1474	0.1618	0.1758	0.1056	0.1034	0.1078	0.1189	0.1382	0.1672	0.0761	0.0715	0.0716	0.0756	0.0853	0.1047	0.1412
1223	0.1672	0.1713	0.1645	0.1608	0.1499	0.1628	0.1656	0.1684	0.1711	0.1306	0.1348	0.1375	0.1475	0.1618	0.1758	0.1056	0.1034	0.1077	0.1188	0.1382	0.1671	0.0761	0.0714	0.0717	0.0757	0.0852	0.1047	0.1415
1224	0.1672	0.1713	0.1645	0.1609	0.1499	0.1628	0.1657	0.1684	0.1711	0.1306	0.1347	0.1375	0.1474	0.1618	0.1758	0.1056	0.1034	0.1077	0.1187	0.1383	0.1671	0.0761	0.0714	0.0718	0.0757	0.0852	0.1046	0.1415
1225	0.1672	0.1714	0.1645	0.1609	0.1499	0.1629	0.1658	0.1685	0.1712	0.1305	0.1346	0.1374	0.1474	0.1618	0.1759	0.1057	0.1036	0.1078	0.1189	0.1383	0.1671	0.0762	0.0716	0.0718	0.0757	0.0852	0.1046	0.1413
1226	0.1672	0.1714	0.1645	0.1609	0.1499	0.1629	0.1659	0.1685	0.1713	0.1305	0.1347	0.1374	0.1474	0.1617	0.1759	0.1057	0.1036	0.1079	0.1190	0.1383	0.1671	0.0762	0.0716	0.0718	0.0757	0.0852	0.1046	0.1412
1227	0.1673	0.1715	0.1647	0.1609	0.1498	0.1628	0.1658	0.1684	0.1713	0.1305	0.1348	0.1374	0.1476	0.1615	0.1759	0.1056	0.1036	0.1080	0.1190	0.1383	0.1671	0.0761	0.0715	0.0718	0.0756	0.0851	0.1048	0.1411
1228	0.1673	0.1715	0.1648	0.1610	0.1498	0.1628	0.1658	0.1683	0.1712	0.1305	0.1349	0.1374	0.1477	0.1614	0.1760	0.1056	0.1036	0.1080	0.1190	0.1383	0.1671	0.0760	0.0714	0.0718	0.0756	0.0851	0.1049	0.1410
1229	0.1673	0.1715	0.1648	0.1610	0.1499	0.1629	0.1657	0.1682	0.1711	0.1305	0.1350	0.1375	0.1475	0.1614	0.1760	0.1056	0.1036	0.1080	0.1190	0.1381	0.1671	0.0760	0.0713	0.0717	0.0755	0.0852	0.1049	0.1409
1230	0.1673	0.1714	0.1648	0.1610	0.1499	0.1631	0.1657	0.1681	0.1711	0.1305	0.1351	0.1375	0.1474	0.1615	0.1761	0.1056	0.1036	0.1080	0.1190	0.1381	0.1671	0.0760	0.0713	0.0717	0.0755	0.0853	0.1048	0.1409
1231	0.1674	0.1715	0.1648	0.1611	0.1498	0.1632	0.1656	0.1683	0.1710	0.1305	0.1351	0.1375	0.1475	0.1614	0.1760	0.1056	0.1036	0.1079	0.1191	0.1381	0.1671	0.0761	0.0712	0.0718	0.0755	0.0852	0.1047	0.1408
1232	0.1674	0.1716	0.1648	0.1612	0.1497	0.1633	0.1655	0.1685	0.1710	0.1305	0.1351	0.1375	0.1476	0.1614	0.1759	0.1056	0.1037	0.1079	0.1191	0.1382	0.1670	0.0761	0.0712	0.0718	0.0754	0.0852	0.1047	0.1408
1233	0.1674	0.1716	0.1647	0.1611	0.1498	0.1632	0.1655	0.1685	0.1710	0.1305	0.1349	0.1375	0.1476	0.1614	0.1759	0.1056	0.1036	0.1079	0.1190	0.1382	0.1670	0.0763	0.0714	0.0719	0.0755	0.0853	0.1046	0.1408
1234	0.1674	0.1717	0.1647	0.1609	0.1498	0.1631	0.1655	0.1684	0.1710	0.1306	0.1348	0.1374	0.1476	0.1614	0.1759	0.1057	0.1036	0.1079	0.1189	0.1381	0.1670	0.0764	0.0715	0.0720	0.0757	0.0853	0.1045	0.1408
1235	0.1673	0.1716	0.1647	0.1610	0.1499	0.1630	0.1654	0.1684	0.1711	0.1306	0.1347	0.1375	0.1475	0.1615	0.1759	0.1056	0.1035	0.1079	0.1189	0.1382	0.1669	0.0764	0.0716	0.0718	0.0758	0.0853	0.1046	0.1407
1236	0.1673	0.1715	0.1647	0.1610	0.1500	0.1630	0.1654	0.1685	0.1712	0.1306	0.1347	0.1375	0.1475	0.1616	0.1760	0.1056	0.1034	0.1080	0.1189	0.1382	0.1669	0.0764	0.0717	0.0717	0.0760	0.0853	0.1047	0.1407
1237	0.1671	0.1715	0.1647	0.1612	0.1499	0.1630	0.1655	0.1685	0.1712	0.1306	0.1347	0.1375	0.1474	0.1615	0.1759	0.1055	0.1034	0.1080	0.1189	0.1382	0.1669	0.0764	0.0717	0.0716	0.0760	0.0853	0.1047	0.1406
1238	0.1670	0.1716	0.1647	0.1613	0.1497	0.1629	0.1656	0.1685	0.1711	0.1305	0.1348	0.1374	0.1475	0.1615	0.1758	0.1054	0.1033	0.1080	0.1189	0.1381	0.1670	0.0764	0.0716	0.0716	0.0760	0.0854	0.1047	0.1405
1239	0.1670	0.1716	0.1646	0.1613	0.1497	0.1630	0.1655	0.1685	0.1711	0.1305	0.1349	0.1374	0.1475	0.1614	0.1757	0.1054	0.1032	0.1079	0.1189	0.1382	0.1669	0.0765	0.0716	0.0716	0.0760	0.0854	0.1047	0.1405
1240	0.1669	0.1716	0.1646	0.1613	0.1497	0.1630	0.1655	0.1685	0.1711	0.1304	0.1350	0.1374	0.1475	0.1614	0.1756	0.1054	0.1031	0.1078	0.1188	0.1382	0.1668	0.0765	0.0716	0.0717	0.0759	0.0854	0.1047	0.1404
1241	0.1670	0.1716	0.1646	0.1613	0.1498	0.1631	0.1655	0.1685	0.1711	0.1304	0.1349	0.1374	0.1474	0.1615	0.1756	0.1054	0.1031	0.1078	0.1188	0.1382	0.1668	0.0765	0.0716	0.0717	0.0759	0.0854	0.1045	0.1404
1242	0.1671	0.1716	0.1646	0.1614	0.1500	0.1631	0.1657	0.1685	0.1711	0.1304	0.1347	0.1374	0.1473	0.1616	0.1757	0.1054	0.1032	0.1079	0.1187	0.1381	0.1668	0.0764	0.0716	0.0718	0.0758	0.0853	0.1044	0.1405
1243	0.1672	0.1717	0.1646	0.1614	0.1501	0.1632	0.1657	0.1685	0.1711	0.1303	0.1347	0.1373	0.1473	0.1615	0.1757	0.1054	0.1032	0.1079	0.1188	0.1381	0.1667	0.0764	0.0716	0.0719	0.0758	0.0853	0.1044	0.1405
1244	0.1671	0.1718	0.1646	0.1615	0.1501	0.1634	0.1657	0.1685	0.1711	0.1303	0.1347	0.1373	0.1473	0.1614	0.1758	0.1055	0.1033	0.1078	0.1189	0.1380	0.1666	0.0763	0.0716	0.0720	0.0758	0.0854	0.1044	0.1406
1245	0.1671	0.1717	0.1646	0.1616	0.1501	0.1634	0.1656	0.1685	0.1711	0.1303	0.1347	0.1373	0.1474	0.1613	0.1757	0.1055	0.1034	0.1078	0.1189	0.1380	0.1666	0.0763	0.0717	0.0720	0.0758	0.0854	0.1044	0.1406
1246	0.1670	0.1717	0.1647	0.1616	0.1500	0.1633	0.1655	0.1686	0.1711	0.1302	0.1347	0.1373	0.1475	0.1613	0.1756	0.1056	0.1035	0.1078	0.1189	0.1380	0.1667	0.0762	0.0718	0.0721	0.0758	0.0853	0.1043	0.1405
1247	0.1670	0.1716	0.1647	0.1616	0.1499	0.1633	0.1655	0.1686	0.1710	0.1303	0.1347	0.1374	0.1474	0.1613	0.1756	0.1056	0.1036	0.1078	0.1189	0.1380	0.1669	0.0762	0.0718	0.0720	0.0757	0.0852	0.1043	0.1405
1248	0.1670	0.1715	0.1648	0.1616	0.1498	0.1633	0.1656	0.1686	0.1709	0.1304	0.1347	0.1374	0.1473	0.1613	0.1756	0.1055	0.1036	0.1076	0.1188	0.1381	0.1670	0.0762	0.0718	0.0719	0.0757	0.0852	0.1043	0.1405
1249	0.1671	0.1716	0.1648	0.1616	0.1498	0.1633	0.1657	0.1686	0.1708	0.1304	0.1347	0.1374	0.1472	0.1613	0.1757	0.1055	0.1037	0.1075	0.1187	0.1380	0.1670	0.0762	0.0717	0.0717	0.0757	0.0851	0.1043	0.1405
1250	0.1671	0.1717	0.1647	0.1615	0.1499	0.1633	0.1657	0.1687	0.1708	0.1304	0.1348	0.1374	0.1472	0.1613	0.1757	0.1056	0.1036	0.1075	0.1187	0.1379	0.1669	0.0762	0.0717	0.0717	0.0758	0.0851	0.1042	0.1405
1251	0.1672	0.1719	0.1646	0.1614	0.1500	0.1633	0.1657	0.1688	0.1708	0.1304	0.1348	0.1374	0.1473	0.1613	0.1756	0.1057	0.1036	0.1076	0.1187	0.1378	0.1668	0.0762	0.0717	0.0717	0.0759	0.0852	0.1042	0.1405
1252	0.1672	0.1719	0.1646	0.1614	0.1500	0.1632	0.1657	0.1689	0.1710	0.1304	0.1348	0.1374	0.1473	0.1613	0.1755	0.1057	0.1036	0.1077	0.1188	0.1377	0.1667	0.0761	0.0716	0.0718	0.0759	0.0852	0.1041	0.1405
1253	0.1672	0.1720	0.1646	0.1613	0.1500	0.1631	0.1657	0.1689	0.1711	0.1304	0.1348	0.1374	0.1473	0.1613	0.1754	0.1057	0.1036	0.1078	0.1189	0.1377	0.1667	0.0761	0.0716	0.0720	0.0759	0.0852	0.1041	0.1404
1254	0.1671	0.1720	0.1646	0.1614	0.1499	0.1630	0.1657	0.1687	0.1710	0.1305	0.1347	0.1374	0.1473	0.1615	0.1755	0.1058	0.1036	0.1080	0.1189	0.1378	0.1666	0.0761	0.0717	0.0719	0.0759	0.0852	0.1042	0.1404
1255	0.1671	0.1720	0.1646	0.1614	0.1498	0.1629	0.1657	0.1686	0.1709	0.1305	0.1347	0.1374	0.1472	0.1616	0.1755	0.1058	0.1035	0.1081	0.1189	0.1379	0.1666	0.0761	0.0718	0.0719	0.0759	0.0852	0.1042	0.1404
1256	0.1670	0.1719	0.1645	0.1614	0.1498	0.1630	0.1657	0.1686	0.1708	0.1305	0.1346	0.1373	0.1472	0.1615	0.1756	0.1057	0.1035	0.1080	0.1188	0.1378	0.1666	0.0761	0.0717	0.0719	0.0758	0.0851	0.1042	0.1403
1257	0.1670	0.1718	0.1645	0.1614	0.1498	0.1631	0.1656	0.1685	0.1707	0.1306	0.1344	0.1373	0.1471	0.1614	0.1757	0.1056	0.1035	0.1079	0.1187	0.1377	0.1666	0.0762	0.0717	0.0719	0.0756	0.0851	0.1042	0.1403
1258	0.1671	0.1719	0.1645	0.1614	0.1499	0.1631	0.1655	0.1686	0.1708	0.1306	0.1344	0.1372	0.1471	0.1616	0.1756	0.1057	0.1034	0.1080	0.1187	0.1378	0.1666	0.0761	0.0716	0.0718	0.0757	0.0851	0.1042	0.1403
1259	0.1671	0.1719	0.1645	0.1615	0.1500	0.1630	0.1655	0.1687	0.1709	0.1306	0.1344	0.1372	0.1471	0.1617	0.1755	0.1057	0.1033	0.1081	0.1187	0.1379	0.1665	0.0761	0.0715	0.0717	0.0757	0.0851	0.1042	0.1402
1260	0.1672	0.1718	0.1644	0.1615	0.1498	0.1630	0.1655	0.1687	0.1708	0.1306	0.1345	0.1372	0.1471	0.1615	0.1754	0.1056	0.1033	0.1081	0.1187	0.1378	0.1665	0.0761	0.0716	0.0717	0.0758	0.0852	0.1041	0.1402
1261	0.1672	0.1716	0.1643	0.1615	0.1497	0.1630	0.1655	0.1686	0.1708	0.1306	0.1345	0.1372	0.1470	0.1613	0.1753	0.1054	0.1034	0.1081	0.1188	0.1377	0.1665	0.0762	0.0717	0.0716	0.0760	0.0853	0.1041	0.1401
1262	0.1672	0.1716	0.1644	0.1614	0.1497	0.1631	0.1656	0.1686	0.1709	0.1305	0.1347	0.1372	0.1470	0.1612	0.1754	0.1055	0.1034	0.1081	0.1189	0.1375	0.1664	0.0762	0.0717	0.0716	0.0760	0.0853	0.1041	0.1401
1263	0.1671	0.1717	0.1646	0.1614	0.1497	0.1631	0.1656	0.1686	0.1709	0.1304	0.1348	0.1372	0.1470	0.1610	0.1755	0.1057	0.1035	0.1082	0.1189	0.1374	0.1663	0.0761	0.0716	0.0715	0.0760	0.0854	0.1041	0.1401
1264	0.1672	0.1717	0.1646	0.1613	0.1497	0.1631	0.1656	0.1685	0.1710	0.1304	0.1348	0.1372	0.1470	0.1610	0.1755	0.1057	0.1035	0.1082	0.1189	0.1374	0.1663	0.0762	0.0716	0.0716	0.0759	0.0852	0.1041	0.1400
1265	0.1673	0.1718	0.1645	0.1613	0.1496	0.1631	0.1656	0.1684	0.1710	0.1305	0.1348	0.1372	0.1470	0.1611	0.1755	0.1057	0.1034	0.1081	0.1189	0.1374	0.1663	0.0763	0.0715	0.0717	0.0757	0.0850	0.1040	0.1399
1266	0.1673	0.1718	0.1644	0.1613	0.1497	0.1631	0.1656	0.1684	0.1710	0.1305	0.1347	0.1372	0.1470	0.1611	0.1754	0.1056	0.1034	0.1081	0.1188	0.1375	0.1663	0.0763	0.0715	0.0719	0.0757	0.0849	0.1039	0.1399
1267	0.1672	0.1717	0.1644	0.1613	0.1498	0.1631	0.1656	0.1683	0.1710	0.1305	0.1346	0.1373	0.1470	0.1611	0.1754	0.1055	0.1034	0.1080	0.1187	0.1375	0.1662	0.0762	0.0714	0.0720	0.0757	0.0849	0.1038	0.1400
1268	0.1672	0.1718	0.1643	0.1612	0.1498	0.1631	0.1656	0.1683	0.1710	0.1305	0.1345	0.1372	0.1470	0.1611	0.1753	0.1054	0.1034	0.1079	0.1187	0.1375	0.1661	0.0762	0.0714	0.0720	0.0757	0.0849	0.1038	0.1401
1269	0.1673	0.1719	0.1643	0.1612	0.1497	0.1630	0.1656	0.1683	0.1710	0.1304	0.1345	0.1371	0.1469	0.1611	0.1753	0.1054	0.1035	0.1078	0.1187	0.1375	0.1661	0.0762	0.0713	0.0719	0.0757	0.0850	0.1038	0.1400
1270	0.1673	0.1719	0.1643	0.1612	0.1497	0.1630	0.1655	0.1683	0.1709	0.1304	0.1345	0.1370	0.1469	0.1611	0.1753	0.1054	0.1035	0.1078	0.1186	0.1375	0.1662	0.0763	0.0712	0.0718	0.0756	0.0850	0.1037	0.1400
1271	0.1673	0.1719	0.1643	0.1613	0.1498	0.1631	0.1654	0.1682	0.1709	0.1303	0.1346	0.1370	0.1470	0.1611	0.1752	0.1053	0.1034	0.1078	0.1185	0.1374	0.1662	0.0763	0.0712	0.0718	0.0756	0.0850	0.1037	0.1399
1272	0.1672	0.1719	0.1643	0.1613	0.1498	0.1631	0.1654	0.1681	0.1708	0.1302	0.1347	0.1370	0.1470	0.1611	0.1752	0.1053	0.1034	0.1079	0.1184	0.1374	0.1662	0.0763	0.0712	0.0718	0.0755	0.0850	0.1036	0.1398
1273	0.1672	0.1719	0.1642	0.1614	0.1499	0.1630	0.1656	0.1682	0.1707	0.1303	0.1346	0.1369	0.1469	0.1612	0.1751	0.1053	0.1033	0.1080	0.1184	0.1375	0.1662	0.0763	0.0712	0.0717	0.0755	0.0850	0.1035	0.1397
1274	0.1672	0.1719	0.1641	0.1613	0.1499	0.1629	0.1658	0.1682	0.1706	0.1303	0.1346	0.1369	0.1469	0.1612	0.1750	0.1053	0.1032	0.1080	0.1184	0.1376	0.1661	0.0763	0.0712	0.0717	0.0755	0.0850	0.1035	0.1396
1275	0.1671	0.1719	0.1642	0.1613	0.1498	0.1628	0.1657	0.1682	0.1706	0.1303	0.1345	0.1369	0.1469	0.1613	0.1751	0.1050	0.1032	0.1079	0.1184	0.1376	0.1660	0.0764	0.0712	0.0717	0.0755	0.0850	0.1035	0.1396
1276	0.1671	0.1719	0.1642	0.1612	0.1497	0.1628	0.1657	0.1682	0.1706	0.1303	0.1343	0.1369	0.1468	0.1613	0.1751	0.1048	0.1033	0.1078	0.1185	0.1375	0.1660	0.0764	0.0713	0.0717	0.0755	0.0849	0.1035	0.1397
1277	0.1671	0.1717	0.1641	0.1612	0.1497	0.1628	0.1657	0.1683	0.1707	0.1302	0.1343	0.1369	0.1468	0.1611	0.1752	0.1049	0.1033	0.1077	0.1186	0.1375	0.1660	0.0763	0.0713	0.0717	0.0755	0.0850	0.1034	0.1397
1278	0.1671	0.1716	0.1641	0.1612	0.1496	0.1628	0.1657	0.1684	0.1707	0.1302	0.1343	0.1369	0.1468	0.1610	0.1753	0.1050	0.1033	0.1077	0.1187	0.1375	0.1660	0.0761	0.0713	0.0716	0.0755	0.0850	0.1033	0.1397
1279	0.1671	0.1717	0.1642	0.1610	0.1497	0.1628	0.1657	0.1683	0.1706	0.1302	0.1343	0.1370	0.1469	0.1610	0.1752	0.1051	0.1033	0.1077	0.1186	0.1373	0.1660	0.0762	0.0714	0.0717	0.0755	0.0849	0.1033	0.1397
1280	0.1671	0.1718	0.1642	0.1608	0.1498	0.1629	0.1657	0.1683	0.1705	0.1303	0.1343	0.1370	0.1469	0.1610	0.1751	0.1052	0.1033	0.1077	0.1184	0.1372	0.1659	0.0762	0.0715	0.0717	0.0754	0.0848	0.1032	0.1398
1281	0.1671	0.1717	0.1643	0.1609	0.1499	0.1629	0.1655	0.1683	0.1704	0.1303	0.1343	0.1370	0.1469	0.1610	0.1752	0.1052	0.1033	0.1078	0.1184	0.1371	0.1658	0.0762	0.0715	0.0716	0.0754	0.0849	0.1033	0.1397
1282	0.1670	0.1716	0.1643	0.1610	0.1499	0.1629	0.1654	0.1683	0.1703	0.1303	0.1343	0.1369	0.1468	0.1611	0.1752	0.1052	0.1033	0.1078	0.1183	0.1371	0.1658	0.0763	0.0715	0.0716	0.0754	0.0850	0.1034	0.1395
1283	0.1670	0.1716	0.1643	0.1611	0.1499	0.1629	0.1653	0.1683	0.1703	0.1303	0.1343	0.1369	0.1468	0.1611	0.1751	0.1052	0.1032	0.1078	0.1183	0.1371	0.1657	0.0762	0.0714	0.0716	0.0754	0.0850	0.1035	0.1395
1284	0.1671	0.1716	0.1643	0.1611	0.1498	0.1630	0.1652	0.1682	0.1702	0.1304	0.1344	0.1369	0.1467	0.1611	0.1750	0.1052	0.1030	0.1078	0.1183	0.1371	0.1657	0.0762	0.0714	0.0716	0.0755	0.0850	0.1035	0.1394
1285	0.1671	0.1716	0.1643	0.1610	0.1498	0.1629	0.1653	0.1682	0.1702	0.1302	0.1344	0.1368	0.1467	0.1611	0.1749	0.1051	0.1029	0.1077	0.1183	0.1372	0.1657	0.0762	0.0714	0.0716	0.0755	0.0849	0.1036	0.1394
1286	0.1671	0.1716	0.1642	0.1610	0.1497	0.1629	0.1654	0.1681	0.1703	0.1300	0.1344	0.1368	0.1466	0.1612	0.1749	0.1050	0.1029	0.1077	0.1183	0.1374	0.1657	0.0763	0.0715	0.0717	0.0755	0.0848	0.1037	0.1393
1287	0.1671	0.1716	0.1641	0.1609	0.1496	0.1629	0.1654	0.1680	0.1702	0.1300	0.1344	0.1368	0.1466	0.1611	0.1748	0.1051	0.1029	0.1077	0.1183	0.1373	0.1657	0.0762	0.0715	0.0716	0.0756	0.0848	0.1036	0.1392
1288	0.1671	0.1715	0.1640	0.1609	0.1496	0.1629	0.1654	0.1680	0.1702	0.1301	0.1345	0.1368	0.1466	0.1610	0.1748	0.1051	0.1029	0.1078	0.1183	0.1371	0.1655	0.0761	0.0716	0.0716	0.0756	0.0849	0.1036	0.1391
1289	0.1670	0.1715	0.1641	0.1608	0.1495	0.1629	0.1654	0.1680	0.1702	0.1301	0.1346	0.1368	0.1466	0.1610	0.1748	0.1051	0.1030	0.1077	0.1182	0.1371	0.1655	0.0761	0.0715	0.0716	0.0755	0.0848	0.1035	0.1392
1290	0.1670	0.1714	0.1642	0.1607	0.1493	0.1629	0.1653	0.1680	0.1703	0.1301	0.1346	0.1369	0.1465	0.1610	0.1749	0.1050	0.1030	0.1077	0.1182	0.1372	0.1654	0.0760	0.0714	0.0715	0.0754	0.0847	0.1035	0.1393
1291	0.1670	0.1715	0.1642	0.1607	0.1493	0.1628	0.1653	0.1679	0.1703	0.1301	0.1346	0.1369	0.1465	0.1610	0.1749	0.1050	0.1031	0.1077	0.1182	0.1372	0.1654	0.0760	0.0714	0.0714	0.0754	0.0846	0.1035	0.1394
1292	0.1671	0.1717	0.1642	0.1608	0.1494	0.1628	0.1652	0.1679	0.1702	0.1301	0.1345	0.1370	0.1465	0.1610	0.1750	0.1050	0.1032	0.1078	0.1181	0.1371	0.1654	0.0760	0.0713	0.0714	0.0754	0.0846	0.1034	0.1394
1293	0.1671	0.1717	0.1641	0.1608	0.1495	0.1627	0.1652	0.1678	0.1702	0.1300	0.1345	0.1369	0.1465	0.1609	0.1749	0.1050	0.1032	0.1078	0.1180	0.1370	0.1654	0.0760	0.0713	0.0714	0.0754	0.0846	0.1034	0.1395
1294	0.1671	0.1717	0.1641	0.1608	0.1494	0.1627	0.1650	0.1677	0.1703	0.1299	0.1345	0.1368	0.1462	0.1609	0.1749	0.1049	0.1031	0.1077	0.1179	0.1370	0.1655	0.0759	0.0713	0.0714	0.0754	0.0846	0.1033	0.1394
1295	0.1670	0.1717	0.1640	0.1607	0.1494	0.1626	0.1649	0.1677	0.1703	0.1299	0.1344	0.1367	0.1461	0.1608	0.1749	0.1048	0.1030	0.1076	0.1179	0.1370	0.1655	0.0758	0.0712	0.0714	0.0754	0.0846	0.1033	0.1394
1296	0.1669	0.1715	0.1639	0.1607	0.1493	0.1625	0.1650	0.1678	0.1703	0.1298	0.1344	0.1366	0.1461	0.1608	0.1749	0.1049	0.1029	0.1076	0.1179	0.1370	0.1655	0.0758	0.0712	0.0713	0.0754	0.0845	0.1032	0.1394
1297	0.1668	0.1714	0.1638	0.1607	0.1493	0.1624	0.1650	0.1678	0.1703	0.1298	0.1344	0.1366	0.1461	0.1607	0.1749	0.1050	0.1029	0.1076	0.1179	0.1370	0.1656	0.0757	0.0711	0.0713	0.0753	0.0845	0.1032	0.1395
1298	0.1668	0.1712	0.1637	0.1607	0.1492	0.1625	0.1651	0.1680	0.1702	0.1298	0.1342	0.1367	0.1462	0.1607	0.1749	0.1050	0.1028	0.1075	0.1180	0.1370	0.1655	0.0756	0.0710	0.0713	0.0752	0.0845	0.1034	0.1394
1299	0.1667	0.1710	0.1637	0.1606	0.1492	0.1626	0.1651	0.1680	0.1701	0.1298	0.1341	0.1368	0.1462	0.1608	0.1749	0.1050	0.1028	0.1075	0.1181	0.1370	0.1655	0.0756	0.0710	0.0713	0.0751	0.0845	0.1035	0.1394
1300	0.1668	0.1710	0.1638	0.1606	0.1492	0.1625	0.1651	0.1679	0.1701	0.1297	0.1341	0.1367	0.1462	0.1609	0.1749	0.1050	0.1028	0.1075	0.1181	0.1369	0.1656	0.0757	0.0710	0.0713	0.0749	0.0845	0.1034	0.1395
1301	0.1668	0.1710	0.1639	0.1606	0.1493	0.1625	0.1651	0.1677	0.1701	0.1296	0.1341	0.1367	0.1462	0.1609	0.1748	0.1049	0.1027	0.1075	0.1182	0.1368	0.1657	0.0757	0.0710	0.0714	0.0749	0.0845	0.1034	0.1395
1302	0.1667	0.1709	0.1639	0.1605	0.1493	0.1623	0.1650	0.1677	0.1700	0.1297	0.1340	0.1365	0.1463	0.1609	0.1749	0.1049	0.1027	0.1075	0.1181	0.1368	0.1658	0.0757	0.0710	0.0713	0.0750	0.0846	0.1033	0.1396
1303	0.1666	0.1708	0.1639	0.1605	0.1494	0.1622	0.1649	0.1677	0.1700	0.1297	0.1340	0.1364	0.1463	0.1608	0.1749	0.1048	0.1028	0.1074	0.1180	0.1368	0.1658	0.0758	0.0710	0.0713	0.0751	0.0846	0.1033	0.1397
1304	0.1666	0.1708	0.1639	0.1604	0.1494	0.1622	0.1648	0.1677	0.1699	0.1297	0.1339	0.1363	0.1463	0.1608	0.1750	0.1048	0.1027	0.1074	0.1180	0.1368	0.1658	0.0758	0.0710	0.0713	0.0751	0.0845	0.1035	0.1397
1305	0.1666	0.1707	0.1639	0.1604	0.1494	0.1622	0.1647	0.1678	0.1698	0.1298	0.1339	0.1362	0.1462	0.1608	0.1750	0.1047	0.1027	0.1073	0.1180	0.1368	0.1659	0.0757	0.0711	0.0714	0.0752	0.0844	0.1036	0.1397
1306	0.1665	0.1708	0.1638	0.1603	0.1494	0.1621	0.1647	0.1677	0.1699	0.1298	0.1338	0.1363	0.1463	0.1607	0.1749	0.1047	0.1027	0.1073	0.1180	0.1369	0.1659	0.0757	0.0710	0.0712	0.0752	0.0845	0.1035	0.1399
1307	0.1664	0.1709	0.1636	0.1603	0.1493	0.1620	0.1647	0.1677	0.1701	0.1298	0.1338	0.1364	0.1463	0.1607	0.1748	0.1047	0.1027	0.1073	0.1180	0.1369	0.1659	0.0757	0.0710	0.0711	0.0752	0.0846	0.1035	0.1400
1308	0.1664	0.1708	0.1637	0.1602	0.1493	0.1621	0.1647	0.1677	0.1701	0.1297	0.1338	0.1364	0.1463	0.1607	0.1749	0.1046	0.1027	0.1072	0.1179	0.1370	0.1660	0.0757	0.0709	0.0711	0.0751	0.0845	0.1036	0.1401
1309	0.1664	0.1707	0.1638	0.1602	0.1493	0.1621	0.1646	0.1677	0.1701	0.1297	0.1338	0.1364	0.1462	0.1608	0.1750	0.1046	0.1027	0.1071	0.1178	0.1372	0.1661	0.0756	0.0709	0.0710	0.0751	0.0844	0.1036	0.1402
1310	0.1664	0.1706	0.1637	0.1600	0.1492	0.1621	0.1644	0.1677	0.1701	0.1296	0.1337	0.1364	0.1461	0.1607	0.1751	0.1045	0.1027	0.1071	0.1179	0.1372	0.1661	0.0755	0.0709	0.0711	0.0750	0.0845	0.1036	0.1403
1311	0.1663	0.1704	0.1635	0.1598	0.1491	0.1621	0.1643	0.1676	0.1701	0.1295	0.1337	0.1363	0.1460	0.1607	0.1753	0.1045	0.1026	0.1072	0.1179	0.1372	0.1661	0.0754	0.0709	0.0712	0.0748	0.0846	0.1037	0.1404
1312	0.1663	0.1703	0.1635	0.1599	0.1490	0.1620	0.1643	0.1675	0.1701	0.1294	0.1336	0.1363	0.1460	0.1607	0.1753	0.1044	0.1026	0.1071	0.1179	0.1372	0.1664	0.0754	0.0709	0.0711	0.0748	0.0847	0.1038	0.1405
1313	0.1663	0.1704	0.1634	0.1599	0.1489	0.1620	0.1643	0.1675	0.1701	0.1293	0.1336	0.1363	0.1460	0.1608	0.1752	0.1043	0.1027	0.1070	0.1180	0.1373	0.1666	0.0754	0.0710	0.0710	0.0749	0.0847	0.1039	0.1405
1314	0.1663	0.1703	0.1633	0.1599	0.1488	0.1619	0.1642	0.1674	0.1700	0.1293	0.1335	0.1363	0.1460	0.1608	0.1753	0.1043	0.1026	0.1069	0.1180	0.1373	0.1667	0.0753	0.0709	0.0710	0.0749	0.0847	0.1039	0.1407
1315	0.1664	0.1701	0.1632	0.1599	0.1487	0.1618	0.1642	0.1675	0.1699	0.1293	0.1334	0.1363	0.1460	0.1608	0.1753	0.1042	0.1025	0.1069	0.1179	0.1372	0.1667	0.0752	0.0709	0.0711	0.0750	0.0847	0.1038	0.1408
1316	0.1663	0.1701	0.1631	0.1598	0.1486	0.1617	0.1641	0.1674	0.1698	0.1293	0.1333	0.1363	0.1459	0.1608	0.1753	0.1043	0.1024	0.1069	0.1179	0.1373	0.1667	0.0752	0.0708	0.0710	0.0751	0.0847	0.1038	0.1409
1317	0.1662	0.1702	0.1631	0.1597	0.1486	0.1615	0.1641	0.1674	0.1697	0.1293	0.1333	0.1363	0.1459	0.1609	0.1754	0.1042	0.1022	0.1069	0.1180	0.1374	0.1668	0.0752	0.0708	0.0710	0.0751	0.0846	0.1039	0.1410
1318	0.1661	0.1702	0.1631	0.1597	0.1486	0.1614	0.1640	0.1673	0.1698	0.1292	0.1333	0.1363	0.1459	0.1609	0.1754	0.1042	0.1022	0.1069	0.1179	0.1374	0.1668	0.0753	0.0708	0.0709	0.0751	0.0846	0.1040	0.1411
1319	0.1661	0.1701	0.1631	0.1597	0.1486	0.1614	0.1641	0.1673	0.1700	0.1292	0.1334	0.1363	0.1461	0.1607	0.1755	0.1043	0.1022	0.1069	0.1179	0.1374	0.1669	0.0754	0.0708	0.0709	0.0750	0.0847	0.1040	0.1412
1320	0.1660	0.1701	0.1630	0.1597	0.1486	0.1613	0.1641	0.1672	0.1701	0.1291	0.1334	0.1362	0.1461	0.1607	0.1755	0.1043	0.1021	0.1068	0.1178	0.1375	0.1670	0.0754	0.0707	0.0709	0.0750	0.0847	0.1041	0.1413
1321	0.1660	0.1700	0.1629	0.1597	0.1484	0.1612	0.1640	0.1672	0.1699	0.1289	0.1334	0.1362	0.1459	0.1606	0.1755	0.1043	0.1021	0.1068	0.1178	0.1376	0.1670	0.0752	0.0707	0.0708	0.0749	0.0847	0.1041	0.1413
1322	0.1659	0.1700	0.1629	0.1596	0.1483	0.1611	0.1639	0.1672	0.1697	0.1288	0.1333	0.1361	0.1458	0.1606	0.1755	0.1042	0.1021	0.1068	0.1178	0.1377	0.1670	0.0751	0.0707	0.0708	0.0749	0.0847	0.1041	0.1413
1323	0.1658	0.1701	0.1628	0.1597	0.1482	0.1610	0.1639	0.1671	0.1697	0.1288	0.1332	0.1360	0.1457	0.1607	0.1756	0.1041	0.1021	0.1067	0.1179	0.1377	0.1670	0.0750	0.0707	0.0708	0.0749	0.0848	0.1041	0.1413
1324	0.1657	0.1701	0.1628	0.1596	0.1481	0.1609	0.1639	0.1671	0.1697	0.1288	0.1331	0.1360	0.1456	0.1607	0.1756	0.1039	0.1021	0.1067	0.1179	0.1377	0.1669	0.0749	0.0707	0.0708	0.0749	0.0848	0.1042	0.1414
1325	0.1656	0.1700	0.1628	0.1595	0.1481	0.1608	0.1640	0.1671	0.1697	0.1289	0.1332	0.1361	0.1457	0.1608	0.1756	0.1039	0.1021	0.1068	0.1180	0.1375	0.1668	0.0749	0.0707	0.0707	0.0748	0.0848	0.1043	0.1414
1326	0.1656	0.1700	0.1628	0.1594	0.1480	0.1607	0.1640	0.1671	0.1696	0.1290	0.1332	0.1361	0.1456	0.1609	0.1755	0.1038	0.1022	0.1069	0.1180	0.1374	0.1667	0.0749	0.0706	0.0707	0.0748	0.0847	0.1043	0.1414
1327	0.1655	0.1698	0.1627	0.1593	0.1480	0.1605	0.1638	0.1671	0.1696	0.1289	0.1330	0.1359	0.1454	0.1608	0.1756	0.1038	0.1022	0.1068	0.1179	0.1375	0.1667	0.0749	0.0706	0.0707	0.0748	0.0845	0.1043	0.1416
1328	0.1655	0.1697	0.1626	0.1592	0.1480	0.1603	0.1636	0.1671	0.1696	0.1288	0.1328	0.1356	0.1453	0.1608	0.1755	0.1038	0.1021	0.1066	0.1178	0.1376	0.1668	0.0749	0.0706	0.0707	0.0747	0.0843	0.1042	0.1417
1329	0.1653	0.1697	0.1625	0.1592	0.1479	0.1603	0.1636	0.1671	0.1695	0.1287	0.1327	0.1356	0.1452	0.1607	0.1754	0.1037	0.1019	0.1067	0.1178	0.1376	0.1669	0.0749	0.0705	0.0706	0.0747	0.0843	0.1043	0.1419
1330	0.1652	0.1697	0.1625	0.1592	0.1478	0.1603	0.1636	0.1671	0.1694	0.1287	0.1326	0.1355	0.1452	0.1606	0.1754	0.1036	0.1017	0.1067	0.1178	0.1376	0.1669	0.0748	0.0703	0.0705	0.0746	0.0843	0.1043	0.1420
1331	0.1649	0.1694	0.1624	0.1591	0.1478	0.1602	0.1635	0.1670	0.1694	0.1285	0.1326	0.1354	0.1452	0.1605	0.1753	0.1036	0.1017	0.1066	0.1177	0.1375	0.1669	0.0748	0.0704	0.0706	0.0746	0.0843	0.1043	0.1419
1332	0.1647	0.1692	0.1622	0.1590	0.1477	0.1601	0.1634	0.1668	0.1693	0.1284	0.1325	0.1352	0.1452	0.1604	0.1753	0.1036	0.1018	0.1064	0.1177	0.1374	0.1669	0.0748	0.0705	0.0706	0.0746	0.0842	0.1042	0.1419
1333	0.1647	0.1692	0.1623	0.1588	0.1476	0.1601	0.1634	0.1667	0.1693	0.1283	0.1324	0.1352	0.1452	0.1602	0.1753	0.1037	0.1017	0.1064	0.1176	0.1373	0.1669	0.0749	0.0704	0.0706	0.0744	0.0842	0.1042	0.1419
1334	0.1647	0.1693	0.1623	0.1587	0.1475	0.1600	0.1634	0.1666	0.1693	0.1282	0.1323	0.1352	0.1452	0.1601	0.1754	0.1037	0.1015	0.1064	0.1175	0.1373	0.1670	0.0749	0.0703	0.0705	0.0743	0.0843	0.1042	0.1420
1335	0.1648	0.1692	0.1622	0.1586	0.1474	0.1600	0.1632	0.1665	0.1693	0.1281	0.1321	0.1351	0.1452	0.1600	0.1753	0.1037	0.1015	0.1063	0.1174	0.1372	0.1668	0.0749	0.0700	0.0705	0.0744	0.0842	0.1042	0.1420
1336	0.1648	0.1691	0.1621	0.1584	0.1473	0.1600	0.1629	0.1665	0.1693	0.1280	0.1319	0.1350	0.1452	0.1600	0.1753	0.1037	0.1014	0.1061	0.1174	0.1372	0.1667	0.0748	0.0698	0.0705	0.0744	0.0841	0.1041	0.1421
1337	0.1646	0.1689	0.1620	0.1585	0.1471	0.1600	0.1628	0.1663	0.1692	0.1279	0.1318	0.1349	0.1452	0.1600	0.1752	0.1036	0.1013	0.1061	0.1172	0.1372	0.1666	0.0747	0.0698	0.0705	0.0744	0.0840	0.1041	0.1420
1338	0.1644	0.1687	0.1619	0.1585	0.1470	0.1599	0.1627	0.1662	0.1691	0.1279	0.1317	0.1348	0.1452	0.1600	0.1751	0.1034	0.1012	0.1060	0.1169	0.1372	0.1666	0.0746	0.0699	0.0704	0.0743	0.0839	0.1040	0.1419
1339	0.1643	0.1686	0.1619	0.1585	0.1469	0.1598	0.1627	0.1661	0.1690	0.1277	0.1318	0.1348	0.1451	0.1599	0.1750	0.1033	0.1012	0.1060	0.1169	0.1372	0.1666	0.0745	0.0699	0.0705	0.0742	0.0840	0.1039	0.1418
1340	0.1641	0.1685	0.1619	0.1584	0.1469	0.1597	0.1626	0.1661	0.1689	0.1276	0.1318	0.1347	0.1449	0.1597	0.1749	0.1033	0.1014	0.1060	0.1168	0.1371	0.1666	0.0745	0.0698	0.0705	0.0741	0.0841	0.1038	0.1418
1341	0.1640	0.1685	0.1617	0.1584	0.1468	0.1596	0.1626	0.1660	0.1688	0.1275	0.1319	0.1346	0.1448	0.1597	0.1748	0.1032	0.1013	0.1060	0.1168	0.1370	0.1667	0.0745	0.0697	0.0704	0.0741	0.0841	0.1038	0.1418
1342	0.1640	0.1686	0.1614	0.1583	0.1467	0.1595	0.1625	0.1658	0.1686	0.1275	0.1319	0.1345	0.1448	0.1596	0.1747	0.1032	0.1012	0.1059	0.1168	0.1368	0.1668	0.0745	0.0697	0.0703	0.0741	0.0841	0.1039	0.1417
1343	0.1641	0.1686	0.1613	0.1582	0.1467	0.1595	0.1625	0.1657	0.1685	0.1275	0.1319	0.1344	0.1449	0.1594	0.1746	0.1031	0.1011	0.1058	0.1168	0.1367	0.1668	0.0746	0.0697	0.0702	0.0740	0.0840	0.1039	0.1417
1344	0.1641	0.1685	0.1613	0.1582	0.1466	0.1595	0.1624	0.1657	0.1684	0.1276	0.1319	0.1343	0.1449	0.1592	0.1744	0.1029	0.1011	0.1057	0.1168	0.1366	0.1666	0.0747	0.0697	0.0702	0.0739	0.0839	0.1039	0.1416
1345	0.1640	0.1685	0.1614	0.1581	0.1466	0.1595	0.1623	0.1656	0.1683	0.1276	0.1318	0.1343	0.1449	0.1591	0.1743	0.1029	0.1010	0.1057	0.1168	0.1366	0.1665	0.0747	0.0697	0.0701	0.0738	0.0838	0.1039	0.1415
1346	0.1639	0.1684	0.1614	0.1580	0.1465	0.1595	0.1621	0.1655	0.1682	0.1275	0.1317	0.1341	0.1448	0.1591	0.1743	0.1030	0.1009	0.1057	0.1166	0.1366	0.1665	0.0747	0.0696	0.0700	0.0738	0.0838	0.1039	0.1413
1347	0.1638	0.1682	0.1614	0.1579	0.1465	0.1595	0.1620	0.1655	0.1681	0.1274	0.1316	0.1341	0.1447	0.1590	0.1742	0.1029	0.1008	0.1056	0.1165	0.1365	0.1665	0.0745	0.0696	0.0700	0.0739	0.0838	0.1038	0.1412
1348	0.1637	0.1681	0.1614	0.1578	0.1464	0.1594	0.1620	0.1655	0.1680	0.1272	0.1315	0.1341	0.1445	0.1590	0.1742	0.1027	0.1008	0.1054	0.1164	0.1365	0.1664	0.0744	0.0695	0.0699	0.0739	0.0837	0.1036	0.1412
1349	0.1636	0.1680	0.1613	0.1577	0.1464	0.1594	0.1619	0.1654	0.1680	0.1271	0.1314	0.1340	0.1444	0.1589	0.1741	0.1026	0.1007	0.1052	0.1163	0.1365	0.1664	0.0743	0.0695	0.0699	0.0739	0.0837	0.1035	0.1412
1350	0.1636	0.1678	0.1611	0.1576	0.1463	0.1593	0.1618	0.1653	0.1680	0.1271	0.1314	0.1339	0.1444	0.1588	0.1740	0.1026	0.1006	0.1052	0.1163	0.1364	0.1663	0.0742	0.0695	0.0700	0.0739	0.0838	0.1035	0.1412
1351	0.1636	0.1678	0.1610	0.1575	0.1463	0.1592	0.1617	0.1651	0.1679	0.1270	0.1314	0.1338	0.1444	0.1588	0.1739	0.1026	0.1006	0.1052	0.1163	0.1364	0.1662	0.0742	0.0695	0.0700	0.0738	0.0838	0.1034	0.1412
1352	0.1635	0.1677	0.1609	0.1574	0.1463	0.1592	0.1617	0.1650	0.1677	0.1270	0.1313	0.1337	0.1443	0.1587	0.1739	0.1027	0.1005	0.1052	0.1164	0.1364	0.1662	0.0742	0.0695	0.0700	0.0737	0.0836	0.1034	0.1412
1353	0.1634	0.1676	0.1608	0.1573	0.1463	0.1592	0.1616	0.1649	0.1675	0.1270	0.1312	0.1336	0.1442	0.1587	0.1738	0.1027	0.1005	0.1051	0.1165	0.1364	0.1662	0.0742	0.0695	0.0699	0.0737	0.0835	0.1034	0.1411
1354	0.1633	0.1675	0.1608	0.1572	0.1463	0.1591	0.1615	0.1649	0.1675	0.1270	0.1312	0.1336	0.1441	0.1586	0.1736	0.1027	0.1005	0.1050	0.1164	0.1363	0.1660	0.0743	0.0695	0.0698	0.0736	0.0835	0.1034	0.1412
1355	0.1631	0.1674	0.1608	0.1571	0.1462	0.1590	0.1614	0.1649	0.1675	0.1270	0.1312	0.1336	0.1441	0.1586	0.1735	0.1027	0.1005	0.1048	0.1164	0.1362	0.1658	0.0744	0.0695	0.0697	0.0736	0.0834	0.1034	0.1413
1356	0.1631	0.1674	0.1606	0.1571	0.1461	0.1589	0.1615	0.1648	0.1674	0.1269	0.1310	0.1335	0.1440	0.1583	0.1734	0.1028	0.1005	0.1049	0.1164	0.1362	0.1657	0.0742	0.0695	0.0696	0.0736	0.0833	0.1032	0.1410
1357	0.1631	0.1674	0.1605	0.1571	0.1459	0.1588	0.1616	0.1647	0.1673	0.1269	0.1308	0.1335	0.1440	0.1581	0.1732	0.1028	0.1005	0.1050	0.1163	0.1361	0.1657	0.0741	0.0694	0.0696	0.0735	0.0832	0.1030	0.1408
1358	0.1630	0.1674	0.1603	0.1570	0.1458	0.1586	0.1616	0.1646	0.1673	0.1269	0.1309	0.1335	0.1439	0.1581	0.1731	0.1027	0.1004	0.1050	0.1163	0.1360	0.1656	0.0740	0.0694	0.0696	0.0736	0.0831	0.1031	0.1407
1359	0.1630	0.1674	0.1601	0.1568	0.1456	0.1585	0.1615	0.1646	0.1673	0.1268	0.1309	0.1335	0.1438	0.1580	0.1731	0.1027	0.1004	0.1050	0.1162	0.1359	0.1655	0.0739	0.0694	0.0697	0.0737	0.0831	0.1031	0.1405
1360	0.1628	0.1673	0.1599	0.1567	0.1455	0.1585	0.1613	0.1645	0.1672	0.1267	0.1308	0.1334	0.1437	0.1579	0.1729	0.1026	0.1004	0.1050	0.1162	0.1359	0.1653	0.0741	0.0692	0.0697	0.0735	0.0830	0.1029	0.1403
1361	0.1627	0.1672	0.1598	0.1566	0.1454	0.1585	0.1611	0.1645	0.1671	0.1266	0.1308	0.1334	0.1436	0.1577	0.1727	0.1026	0.1004	0.1050	0.1162	0.1359	0.1652	0.0742	0.0691	0.0697	0.0734	0.0830	0.1027	0.1402
1362	0.1626	0.1671	0.1597	0.1566	0.1453	0.1584	0.1611	0.1644	0.1670	0.1266	0.1307	0.1333	0.1435	0.1578	0.1726	0.1026	0.1003	0.1049	0.1159	0.1357	0.1650	0.0741	0.0691	0.0696	0.0734	0.0829	0.1028	0.1400
1363	0.1625	0.1670	0.1596	0.1566	0.1451	0.1582	0.1610	0.1644	0.1670	0.1265	0.1306	0.1333	0.1434	0.1578	0.1724	0.1026	0.1001	0.1048	0.1157	0.1354	0.1648	0.0740	0.0691	0.0696	0.0733	0.0829	0.1028	0.1399
1364	0.1624	0.1670	0.1595	0.1565	0.1450	0.1581	0.1608	0.1643	0.1668	0.1264	0.1306	0.1331	0.1432	0.1576	0.1722	0.1023	0.1001	0.1048	0.1155	0.1352	0.1647	0.0739	0.0691	0.0696	0.0733	0.0828	0.1026	0.1396
1365	0.1623	0.1670	0.1594	0.1563	0.1448	0.1580	0.1606	0.1642	0.1666	0.1263	0.1305	0.1329	0.1430	0.1574	0.1719	0.1021	0.1000	0.1047	0.1154	0.1349	0.1646	0.0738	0.0692	0.0697	0.0732	0.0828	0.1024	0.1394
1366	0.1622	0.1669	0.1592	0.1561	0.1447	0.1579	0.1606	0.1640	0.1665	0.1262	0.1304	0.1327	0.1429	0.1571	0.1717	0.1020	0.0999	0.1046	0.1153	0.1347	0.1644	0.0738	0.0690	0.0696	0.0731	0.0826	0.1022	0.1391
1367	0.1620	0.1668	0.1592	0.1560	0.1445	0.1579	0.1605	0.1638	0.1664	0.1260	0.1304	0.1326	0.1429	0.1568	0.1715	0.1019	0.0997	0.1046	0.1153	0.1345	0.1641	0.0737	0.0689	0.0696	0.0730	0.0824	0.1021	0.1388
1368	0.1619	0.1665	0.1591	0.1559	0.1445	0.1578	0.1604	0.1636	0.1661	0.1260	0.1303	0.1324	0.1428	0.1566	0.1713	0.1019	0.0995	0.1045	0.1151	0.1344	0.1639	0.0736	0.0687	0.0694	0.0729	0.0823	0.1019	0.1386
1369	0.1617	0.1662	0.1590	0.1558	0.1445	0.1577	0.1603	0.1635	0.1658	0.1259	0.1302	0.1322	0.1426	0.1564	0.1711	0.1018	0.0993	0.1044	0.1150	0.1343	0.1637	0.0735	0.0686	0.0693	0.0729	0.0823	0.1017	0.1385
1370	0.1616	0.1662	0.1588	0.1556	0.1444	0.1574	0.1602	0.1633	0.1655	0.1257	0.1300	0.1321	0.1424	0.1562	0.1709	0.1017	0.0993	0.1042	0.1148	0.1341	0.1635	0.0735	0.0685	0.0691	0.0728	0.0822	0.1015	0.1383
1371	0.1615	0.1663	0.1587	0.1555	0.1443	0.1571	0.1601	0.1631	0.1653	0.1255	0.1299	0.1320	0.1421	0.1562	0.1706	0.1016	0.0993	0.1041	0.1146	0.1339	0.1632	0.0735	0.0684	0.0689	0.0728	0.0820	0.1013	0.1381
1372	0.1613	0.1662	0.1584	0.1553	0.1441	0.1569	0.1599	0.1628	0.1650	0.1253	0.1297	0.1319	0.1418	0.1559	0.1703	0.1014	0.0993	0.1038	0.1143	0.1337	0.1630	0.0734	0.0684	0.0688	0.0726	0.0818	0.1012	0.1379
1373	0.1611	0.1660	0.1582	0.1551	0.1439	0.1567	0.1597	0.1625	0.1648	0.1251	0.1294	0.1318	0.1415	0.1556	0.1700	0.1012	0.0991	0.1035	0.1141	0.1334	0.1626	0.0732	0.0685	0.0688	0.0725	0.0817	0.1011	0.1376
1374	0.1610	0.1658	0.1581	0.1548	0.1438	0.1565	0.1595	0.1622	0.1645	0.1250	0.1291	0.1316	0.1412	0.1553	0.1698	0.1010	0.0990	0.1034	0.1138	0.1331	0.1623	0.0731	0.0684	0.0686	0.0724	0.0815	0.1009	0.1373
1375	0.1609	0.1655	0.1580	0.1545	0.1436	0.1564	0.1593	0.1621	0.1641	0.1249	0.1289	0.1315	0.1411	0.1550	0.1696	0.1010	0.0988	0.1033	0.1135	0.1328	0.1620	0.0731	0.0682	0.0685	0.0724	0.0813	0.1007	0.1371
1376	0.1606	0.1652	0.1578	0.1542	0.1433	0.1561	0.1591	0.1618	0.1638	0.1247	0.1286	0.1313	0.1409	0.1547	0.1694	0.1009	0.0986	0.1031	0.1133	0.1325	0.1617	0.0729	0.0680	0.0684	0.0722	0.0811	0.1004	0.1368
1377	0.1603	0.1648	0.1575	0.1538	0.1431	0.1557	0.1589	0.1616	0.1635	0.1244	0.1284	0.1311	0.1407	0.1544	0.1691	0.1007	0.0985	0.1029	0.1131	0.1321	0.1614	0.0726	0.0678	0.0684	0.0720	0.0809	0.1001	0.1365
1378	0.1601	0.1645	0.1572	0.1534	0.1428	0.1554	0.1586	0.1612	0.1633	0.1241	0.1281	0.1309	0.1405	0.1541	0.1688	0.1005	0.0983	0.1028	0.1129	0.1319	0.1611	0.0724	0.0677	0.0683	0.0719	0.0807	0.0998	0.1362
1379	0.1600	0.1642	0.1570	0.1532	0.1426	0.1552	0.1584	0.1609	0.1631	0.1239	0.1279	0.1306	0.1402	0.1537	0.1684	0.1004	0.0981	0.1026	0.1128	0.1317	0.1606	0.0723	0.0676	0.0680	0.0717	0.0806	0.0996	0.1361
1380	0.1596	0.1638	0.1565	0.1528	0.1423	0.1550	0.1579	0.1605	0.1629	0.1237	0.1277	0.1303	0.1400	0.1534	0.1680	0.1002	0.0979	0.1024	0.1126	0.1314	0.1602	0.0723	0.0675	0.0677	0.0715	0.0804	0.0994	0.1358
1381	0.1592	0.1634	0.1560	0.1525	0.1419	0.1547	0.1573	0.1601	0.1624	0.1236	0.1274	0.1300	0.1398	0.1530	0.1676	0.0999	0.0976	0.1021	0.1124	0.1312	0.1599	0.0722	0.0673	0.0674	0.0714	0.0803	0.0992	0.1355
1382	0.1588	0.1630	0.1556	0.1520	0.1414	0.1544	0.1567	0.1598	0.1619	0.1234	0.1272	0.1297	0.1394	0.1527	0.1671	0.0997	0.0973	0.1017	0.1120	0.1309	0.1596	0.0721	0.0671	0.0671	0.0711	0.0801	0.0990	0.1351
1383	0.1586	0.1625	0.1553	0.1516	0.1409	0.1540	0.1563	0.1593	0.1614	0.1229	0.1268	0.1294	0.1390	0.1525	0.1665	0.0993	0.0970	0.1013	0.1116	0.1304	0.1593	0.0719	0.0669	0.0668	0.0708	0.0799	0.0986	0.1348
1384	0.1582	0.1620	0.1550	0.1511	0.1404	0.1536	0.1559	0.1589	0.1609	0.1224	0.1264	0.1291	0.1386	0.1521	0.1660	0.0989	0.0967	0.1009	0.1112	0.1299	0.1588	0.0717	0.0666	0.0665	0.0705	0.0797	0.0983	0.1344
1385	0.1575	0.1616	0.1546	0.1507	0.1400	0.1531	0.1555	0.1584	0.1605	0.1218	0.1260	0.1286	0.1382	0.1515	0.1654	0.0986	0.0964	0.1005	0.1108	0.1294	0.1581	0.0714	0.0665	0.0663	0.0703	0.0793	0.0979	0.1340
1386	0.1569	0.1611	0.1540	0.1502	0.1396	0.1526	0.1550	0.1579	0.1600	0.1214	0.1256	0.1280	0.1378	0.1509	0.1648	0.0983	0.0961	0.1001	0.1103	0.1289	0.1575	0.0711	0.0663	0.0661	0.0700	0.0790	0.0976	0.1336
1387	0.1565	0.1606	0.1534	0.1497	0.1391	0.1522	0.1545	0.1574	0.1594	0.1208	0.1252	0.1275	0.1373	0.1503	0.1642	0.0979	0.0957	0.0996	0.1100	0.1285	0.1569	0.0708	0.0661	0.0659	0.0698	0.0788	0.0971	0.1330
1388	0.1560	0.1601	0.1527	0.1491	0.1386	0.1517	0.1539	0.1569	0.1587	0.1202	0.1248	0.1270	0.1368	0.1498	0.1636	0.0976	0.0953	0.0991	0.1096	0.1280	0.1564	0.0706	0.0659	0.0658	0.0695	0.0785	0.0967	0.1325
1389	0.1554	0.1595	0.1520	0.1484	0.1382	0.1511	0.1533	0.1562	0.1582	0.1198	0.1242	0.1264	0.1363	0.1492	0.1630	0.0971	0.0948	0.0988	0.1091	0.1275	0.1559	0.0704	0.0654	0.0655	0.0692	0.0782	0.0964	0.1321
1390	0.1548	0.1589	0.1514	0.1477	0.1377	0.1506	0.1526	0.1555	0.1576	0.1193	0.1237	0.1259	0.1358	0.1486	0.1625	0.0967	0.0943	0.0984	0.1086	0.1269	0.1555	0.0702	0.0651	0.0653	0.0689	0.0779	0.0961	0.1317
1391	0.1541	0.1582	0.1506	0.1472	0.1370	0.1500	0.1519	0.1549	0.1568	0.1188	0.1231	0.1255	0.1351	0.1481	0.1618	0.0962	0.0938	0.0980	0.1081	0.1264	0.1549	0.0698	0.0648	0.0650	0.0685	0.0774	0.0956	0.1312
1392	0.1534	0.1575	0.1499	0.1466	0.1363	0.1494	0.1511	0.1543	0.1560	0.1183	0.1226	0.1250	0.1344	0.1476	0.1611	0.0958	0.0933	0.0975	0.1076	0.1259	0.1543	0.0694	0.0645	0.0648	0.0681	0.0769	0.0951	0.1307
1393	0.1526	0.1570	0.1492	0.1459	0.1356	0.1487	0.1505	0.1535	0.1552	0.1177	0.1219	0.1244	0.1337	0.1468	0.1604	0.0953	0.0928	0.0971	0.1070	0.1253	0.1536	0.0689	0.0641	0.0642	0.0678	0.0764	0.0946	0.1303
1394	0.1518	0.1564	0.1486	0.1452	0.1350	0.1481	0.1498	0.1527	0.1544	0.1171	0.1212	0.1238	0.1331	0.1461	0.1596	0.0949	0.0923	0.0968	0.1063	0.1247	0.1529	0.0684	0.0637	0.0636	0.0674	0.0760	0.0940	0.1299
1395	0.1511	0.1556	0.1480	0.1445	0.1343	0.1474	0.1493	0.1519	0.1537	0.1163	0.1206	0.1231	0.1324	0.1453	0.1589	0.0943	0.0920	0.0962	0.1057	0.1241	0.1522	0.0682	0.0633	0.0632	0.0670	0.0757	0.0937	0.1292
1396	0.1504	0.1548	0.1474	0.1438	0.1335	0.1466	0.1487	0.1511	0.1531	0.1156	0.1200	0.1224	0.1316	0.1445	0.1581	0.0936	0.0917	0.0956	0.1050	0.1235	0.1516	0.0679	0.0629	0.0629	0.0665	0.0754	0.0933	0.1286
1397	0.1497	0.1539	0.1465	0.1429	0.1328	0.1458	0.1480	0.1503	0.1523	0.1150	0.1193	0.1216	0.1308	0.1438	0.1574	0.0931	0.0911	0.0949	0.1045	0.1228	0.1510	0.0674	0.0625	0.0626	0.0661	0.0749	0.0928	0.1281
1398	0.1490	0.1531	0.1456	0.1420	0.1321	0.1449	0.1472	0.1495	0.1515	0.1144	0.1187	0.1209	0.1300	0.1431	0.1567	0.0926	0.0905	0.0943	0.1040	0.1221	0.1504	0.0669	0.0622	0.0623	0.0657	0.0744	0.0923	0.1276
1399	0.1484	0.1523	0.1448	0.1413	0.1313	0.1442	0.1465	0.1488	0.1507	0.1138	0.1180	0.1202	0.1294	0.1422	0.1559	0.0921	0.0899	0.0938	0.1034	0.1215	0.1497	0.0664	0.0619	0.0621	0.0653	0.0740	0.0919	0.1271
1400	0.1477	0.1516	0.1440	0.1406	0.1305	0.1435	0.1457	0.1480	0.1499	0.1132	0.1173	0.1195	0.1289	0.1413	0.1551	0.0915	0.0892	0.0933	0.1028	0.1209	0.1490	0.0660	0.0615	0.0618	0.0649	0.0736	0.0915	0.1265
1401	0.1468	0.1508	0.1432	0.1397	0.1298	0.1428	0.1449	0.1473	0.1492	0.1126	0.1166	0.1189	0.1282	0.1407	0.1544	0.0909	0.0888	0.0928	0.1025	0.1203	0.1483	0.0656	0.0612	0.0614	0.0645	0.0731	0.0910	0.1259
1402	0.1459	0.1499	0.1424	0.1389	0.1290	0.1421	0.1442	0.1466	0.1484	0.1119	0.1159	0.1182	0.1275	0.1402	0.1537	0.0904	0.0883	0.0922	0.1021	0.1196	0.1476	0.0653	0.0609	0.0609	0.0641	0.0726	0.0905	0.1254
1403	0.1452	0.1491	0.1417	0.1381	0.1284	0.1415	0.1434	0.1458	0.1477	0.1113	0.1153	0.1175	0.1268	0.1395	0.1530	0.0899	0.0878	0.0917	0.1016	0.1191	0.1469	0.0650	0.0606	0.0606	0.0638	0.0722	0.0901	0.1249
1404	0.1446	0.1484	0.1409	0.1374	0.1277	0.1410	0.1427	0.1449	0.1470	0.1106	0.1147	0.1169	0.1259	0.1388	0.1523	0.0895	0.0872	0.0911	0.1011	0.1186	0.1463	0.0648	0.0603	0.0602	0.0635	0.0719	0.0896	0.1244
1405	0.1439	0.1478	0.1402	0.1366	0.1271	0.1403	0.1419	0.1441	0.1462	0.1100	0.1141	0.1163	0.1253	0.1382	0.1515	0.0890	0.0866	0.0907	0.1006	0.1181	0.1457	0.0645	0.0599	0.0599	0.0632	0.0716	0.0892	0.1239
1406	0.1431	0.1471	0.1396	0.1358	0.1265	0.1396	0.1412	0.1434	0.1455	0.1094	0.1136	0.1157	0.1248	0.1376	0.1508	0.0885	0.0861	0.0901	0.1000	0.1175	0.1451	0.0642	0.0596	0.0597	0.0628	0.0712	0.0887	0.1235
1407	0.1423	0.1465	0.1389	0.1351	0.1258	0.1388	0.1405	0.1428	0.1449	0.1089	0.1130	0.1151	0.1243	0.1369	0.1501	0.0879	0.0856	0.0897	0.0995	0.1170	0.1444	0.0639	0.0593	0.0594	0.0624	0.0708	0.0883	0.1230
1408	0.1416	0.1459	0.1382	0.1344	0.1252	0.1381	0.1399	0.1422	0.1443	0.1083	0.1126	0.1145	0.1237	0.1363	0.1494	0.0875	0.0851	0.0892	0.0989	0.1164	0.1438	0.0636	0.0591	0.0592	0.0620	0.0705	0.0880	0.1227
1409	0.1410	0.1453	0.1376	0.1339	0.1246	0.1374	0.1394	0.1416	0.1437	0.1077	0.1120	0.1140	0.1232	0.1357	0.1489	0.0871	0.0848	0.0888	0.0984	0.1158	0.1432	0.0633	0.0587	0.0588	0.0617	0.0702	0.0877	0.1223
1410	0.1405	0.1446	0.1371	0.1334	0.1240	0.1368	0.1388	0.1410	0.1431	0.1072	0.1115	0.1134	0.1226	0.1351	0.1484	0.0866	0.0846	0.0884	0.0979	0.1153	0.1426	0.0629	0.0583	0.0584	0.0615	0.0698	0.0874	0.1218
1411	0.1401	0.1441	0.1365	0.1329	0.1234	0.1363	0.1383	0.1405	0.1425	0.1067	0.1110	0.1130	0.1221	0.1346	0.1479	0.0862	0.0842	0.0881	0.0974	0.1148	0.1420	0.0626	0.0580	0.0581	0.0613	0.0695	0.0872	0.1213
1412	0.1397	0.1438	0.1360	0.1324	0.1229	0.1358	0.1378	0.1400	0.1420	0.1063	0.1105	0.1126	0.1217	0.1342	0.1474	0.0859	0.0838	0.0877	0.0971	0.1145	0.1416	0.0623	0.0577	0.0578	0.0609	0.0692	0.0868	0.1209
1413	0.1393	0.1433	0.1356	0.1319	0.1225	0.1354	0.1374	0.1395	0.1414	0.1059	0.1101	0.1122	0.1212	0.1337	0.1470	0.0856	0.0834	0.0874	0.0968	0.1141	0.1412	0.0621	0.0575	0.0576	0.0606	0.0689	0.0865	0.1206
1414	0.1389	0.1429	0.1352	0.1313	0.1222	0.1350	0.1369	0.1391	0.1409	0.1055	0.1097	0.1118	0.1208	0.1332	0.1466	0.0853	0.0831	0.0870	0.0965	0.1137	0.1410	0.0619	0.0574	0.0575	0.0604	0.0686	0.0863	0.1202
1415	0.1385	0.1425	0.1349	0.1309	0.1219	0.1346	0.1366	0.1387	0.1405	0.1052	0.1093	0.1115	0.1204	0.1328	0.1462	0.0851	0.0828	0.0867	0.0962	0.1133	0.1407	0.0616	0.0572	0.0573	0.0602	0.0684	0.0860	0.1199
1416	0.1380	0.1421	0.1346	0.1305	0.1217	0.1342	0.1363	0.1383	0.1403	0.1050	0.1091	0.1112	0.1202	0.1325	0.1458	0.0849	0.0827	0.0864	0.0960	0.1131	0.1403	0.0613	0.0570	0.0571	0.0600	0.0682	0.0857	0.1197
1417	0.1376	0.1418	0.1343	0.1302	0.1215	0.1338	0.1360	0.1380	0.1400	0.1047	0.1089	0.1109	0.1199	0.1322	0.1454	0.0847	0.0825	0.0861	0.0957	0.1128	0.1400	0.0612	0.0568	0.0569	0.0599	0.0680	0.0855	0.1194
1418	0.1373	0.1416	0.1341	0.1298	0.1212	0.1335	0.1357	0.1377	0.1396	0.1043	0.1086	0.1107	0.1196	0.1319	0.1451	0.0844	0.0823	0.0860	0.0954	0.1125	0.1398	0.0611	0.0568	0.0568	0.0597	0.0679	0.0853	0.1191
1419	0.1370	0.1413	0.1338	0.1296	0.1209	0.1332	0.1354	0.1375	0.1392	0.1040	0.1084	0.1105	0.1193	0.1317	0.1448	0.0843	0.0821	0.0859	0.0952	0.1122	0.1395	0.0610	0.0567	0.0566	0.0596	0.0677	0.0850	0.1189
1420	0.1368	0.1410	0.1336	0.1294	0.1207	0.1330	0.1351	0.1372	0.1390	0.1040	0.1082	0.1104	0.1190	0.1315	0.1445	0.0842	0.0820	0.0857	0.0950	0.1120	0.1391	0.0608	0.0564	0.0565	0.0595	0.0676	0.0847	0.1187
1421	0.1366	0.1408	0.1333	0.1292	0.1205	0.1329	0.1349	0.1370	0.1388	0.1039	0.1080	0.1102	0.1187	0.1313	0.1443	0.0840	0.0818	0.0856	0.0948	0.1118	0.1388	0.0607	0.0561	0.0565	0.0594	0.0675	0.0844	0.1186
1422	0.1365	0.1406	0.1331	0.1291	0.1203	0.1328	0.1347	0.1368	0.1386	0.1037	0.1078	0.1100	0.1186	0.1311	0.1441	0.0838	0.0817	0.0854	0.0946	0.1116	0.1387	0.0606	0.0561	0.0564	0.0592	0.0673	0.0844	0.1184
1423	0.1364	0.1405	0.1329	0.1290	0.1201	0.1327	0.1345	0.1366	0.1384	0.1035	0.1076	0.1099	0.1184	0.1309	0.1438	0.0836	0.0816	0.0853	0.0944	0.1113	0.1385	0.0605	0.0560	0.0563	0.0591	0.0672	0.0842	0.1182
1424	0.1363	0.1404	0.1327	0.1287	0.1199	0.1325	0.1344	0.1363	0.1381	0.1034	0.1075	0.1097	0.1183	0.1307	0.1437	0.0834	0.0816	0.0852	0.0942	0.1112	0.1383	0.0605	0.0560	0.0561	0.0590	0.0671	0.0841	0.1180
1425	0.1362	0.1403	0.1325	0.1285	0.1197	0.1323	0.1343	0.1361	0.1378	0.1033	0.1073	0.1096	0.1182	0.1306	0.1435	0.0832	0.0815	0.0851	0.0940	0.1110	0.1381	0.0604	0.0559	0.0560	0.0590	0.0670	0.0839	0.1178
1426	0.1360	0.1400	0.1323	0.1282	0.1196	0.1321	0.1340	0.1360	0.1376	0.1031	0.1072	0.1095	0.1180	0.1305	0.1432	0.0830	0.0814	0.0850	0.0939	0.1109	0.1379	0.0604	0.0559	0.0558	0.0588	0.0669	0.0838	0.1176
1427	0.1358	0.1398	0.1320	0.1280	0.1195	0.1319	0.1338	0.1359	0.1374	0.1028	0.1072	0.1094	0.1178	0.1304	0.1429	0.0828	0.0813	0.0849	0.0938	0.1107	0.1377	0.0603	0.0559	0.0557	0.0587	0.0667	0.0837	0.1173
1428	0.1358	0.1396	0.1319	0.1279	0.1193	0.1318	0.1337	0.1358	0.1372	0.1027	0.1070	0.1093	0.1176	0.1303	0.1428	0.0828	0.0810	0.0848	0.0936	0.1106	0.1376	0.0602	0.0559	0.0557	0.0587	0.0666	0.0835	0.1172
1429	0.1357	0.1394	0.1318	0.1278	0.1190	0.1317	0.1337	0.1356	0.1370	0.1026	0.1067	0.1092	0.1173	0.1300	0.1427	0.0827	0.0808	0.0846	0.0935	0.1105	0.1374	0.0601	0.0558	0.0557	0.0587	0.0665	0.0833	0.1170
1430	0.1356	0.1393	0.1316	0.1278	0.1189	0.1316	0.1336	0.1354	0.1369	0.1024	0.1067	0.1091	0.1172	0.1299	0.1426	0.0825	0.0806	0.0845	0.0934	0.1103	0.1371	0.0600	0.0556	0.0556	0.0587	0.0664	0.0833	0.1168
1431	0.1355	0.1391	0.1315	0.1277	0.1187	0.1315	0.1335	0.1352	0.1368	0.1022	0.1066	0.1089	0.1171	0.1297	0.1425	0.0823	0.0804	0.0844	0.0934	0.1102	0.1369	0.0599	0.0556	0.0556	0.0587	0.0663	0.0832	0.1166
1432	0.1353	0.1390	0.1314	0.1275	0.1186	0.1314	0.1332	0.1351	0.1366	0.1021	0.1065	0.1088	0.1170	0.1297	0.1422	0.0824	0.0804	0.0843	0.0933	0.1100	0.1367	0.0599	0.0555	0.0555	0.0586	0.0663	0.0831	0.1165
1433	0.1352	0.1388	0.1314	0.1274	0.1184	0.1313	0.1330	0.1350	0.1364	0.1020	0.1064	0.1087	0.1169	0.1296	0.1420	0.0825	0.0803	0.0841	0.0932	0.1098	0.1366	0.0599	0.0555	0.0553	0.0585	0.0662	0.0830	0.1165
1434	0.1351	0.1387	0.1312	0.1272	0.1184	0.1311	0.1329	0.1349	0.1363	0.1020	0.1062	0.1085	0.1168	0.1294	0.1419	0.0825	0.0803	0.0840	0.0931	0.1098	0.1365	0.0598	0.0554	0.0553	0.0585	0.0661	0.0829	0.1164
1435	0.1350	0.1387	0.1311	0.1270	0.1183	0.1310	0.1328	0.1349	0.1362	0.1019	0.1060	0.1084	0.1167	0.1293	0.1418	0.0824	0.0802	0.0840	0.0930	0.1097	0.1365	0.0597	0.0553	0.0552	0.0585	0.0660	0.0828	0.1163
1436	0.1348	0.1386	0.1310	0.1269	0.1182	0.1307	0.1327	0.1347	0.1361	0.1018	0.1060	0.1083	0.1166	0.1292	0.1417	0.0823	0.0801	0.0839	0.0929	0.1095	0.1363	0.0597	0.0553	0.0552	0.0585	0.0659	0.0826	0.1162
1437	0.1346	0.1385	0.1308	0.1268	0.1180	0.1304	0.1327	0.1345	0.1360	0.1017	0.1059	0.1082	0.1166	0.1292	0.1416	0.0822	0.0800	0.0838	0.0928	0.1093	0.1362	0.0596	0.0553	0.0552	0.0584	0.0659	0.0825	0.1161
1438	0.1345	0.1384	0.1307	0.1267	0.1178	0.1303	0.1326	0.1345	0.1360	0.1017	0.1058	0.1080	0.1164	0.1291	0.1415	0.0821	0.0801	0.0837	0.0928	0.1093	0.1360	0.0596	0.0552	0.0551	0.0583	0.0658	0.0824	0.1161
1439	0.1345	0.1382	0.1305	0.1268	0.1177	0.1303	0.1325	0.1345	0.1359	0.1016	0.1056	0.1079	0.1163	0.1290	0.1414	0.0821	0.0800	0.0836	0.0927	0.1094	0.1359	0.0596	0.0551	0.0549	0.0582	0.0658	0.0822	0.1160
1440	0.1344	0.1380	0.1304	0.1267	0.1177	0.1302	0.1324	0.1344	0.1358	0.1015	0.1056	0.1078	0.1162	0.1289	0.1413	0.0820	0.0799	0.0835	0.0926	0.1093	0.1359	0.0595	0.0551	0.0549	0.0581	0.0658	0.0822	0.1159
1441	0.1343	0.1379	0.1303	0.1267	0.1177	0.1301	0.1323	0.1343	0.1357	0.1015	0.1056	0.1078	0.1162	0.1287	0.1411	0.0819	0.0798	0.0834	0.0924	0.1092	0.1359	0.0595	0.0552	0.0549	0.0578	0.0657	0.0821	0.1158
1442	0.1342	0.1378	0.1301	0.1266	0.1176	0.1300	0.1322	0.1341	0.1357	0.1014	0.1055	0.1077	0.1161	0.1286	0.1410	0.0819	0.0797	0.0834	0.0923	0.1091	0.1358	0.0594	0.0552	0.0549	0.0578	0.0656	0.0821	0.1156
1443	0.1340	0.1378	0.1301	0.1264	0.1175	0.1300	0.1321	0.1340	0.1357	0.1014	0.1054	0.1076	0.1160	0.1286	0.1409	0.0819	0.0798	0.0834	0.0922	0.1090	0.1356	0.0593	0.0552	0.0550	0.0578	0.0656	0.0820	0.1155
1444	0.1340	0.1377	0.1301	0.1264	0.1175	0.1299	0.1320	0.1339	0.1356	0.1013	0.1053	0.1076	0.1159	0.1285	0.1408	0.0819	0.0797	0.0834	0.0923	0.1089	0.1355	0.0592	0.0551	0.0550	0.0578	0.0655	0.0819	0.1154
1445	0.1339	0.1377	0.1301	0.1264	0.1175	0.1299	0.1319	0.1339	0.1354	0.1013	0.1053	0.1076	0.1159	0.1283	0.1408	0.0818	0.0796	0.0833	0.0924	0.1087	0.1354	0.0592	0.0550	0.0550	0.0577	0.0654	0.0818	0.1153
1446	0.1339	0.1376	0.1301	0.1263	0.1174	0.1298	0.1318	0.1339	0.1353	0.1012	0.1052	0.1075	0.1158	0.1281	0.1407	0.0818	0.0796	0.0832	0.0924	0.1086	0.1353	0.0592	0.0551	0.0549	0.0576	0.0654	0.0818	0.1152
1447	0.1338	0.1376	0.1300	0.1263	0.1173	0.1298	0.1318	0.1338	0.1353	0.1012	0.1052	0.1074	0.1157	0.1280	0.1406	0.0818	0.0795	0.0831	0.0924	0.1085	0.1353	0.0592	0.0551	0.0549	0.0576	0.0655	0.0818	0.1153
1448	0.1338	0.1376	0.1300	0.1261	0.1172	0.1298	0.1318	0.1337	0.1353	0.1013	0.1052	0.1073	0.1157	0.1279	0.1406	0.0818	0.0795	0.0830	0.0922	0.1084	0.1352	0.0592	0.0550	0.0549	0.0576	0.0654	0.0817	0.1152
1449	0.1337	0.1376	0.1300	0.1260	0.1172	0.1298	0.1317	0.1336	0.1352	0.1013	0.1053	0.1073	0.1156	0.1279	0.1407	0.0817	0.0794	0.0830	0.0920	0.1083	0.1350	0.0592	0.0549	0.0550	0.0578	0.0652	0.0816	0.1151
1450	0.1336	0.1376	0.1300	0.1260	0.1172	0.1299	0.1317	0.1336	0.1352	0.1013	0.1053	0.1073	0.1155	0.1278	0.1406	0.0817	0.0793	0.0830	0.0920	0.1082	0.1349	0.0592	0.0549	0.0549	0.0578	0.0652	0.0815	0.1150
1451	0.1336	0.1375	0.1299	0.1260	0.1173	0.1301	0.1318	0.1335	0.1351	0.1013	0.1053	0.1073	0.1154	0.1279	0.1405	0.0816	0.0794	0.0830	0.0920	0.1081	0.1349	0.0592	0.0549	0.0549	0.0576	0.0652	0.0815	0.1149
1452	0.1336	0.1375	0.1298	0.1259	0.1173	0.1301	0.1317	0.1335	0.1350	0.1011	0.1053	0.1072	0.1153	0.1278	0.1403	0.0815	0.0794	0.0829	0.0919	0.1081	0.1348	0.0592	0.0550	0.0548	0.0576	0.0652	0.0814	0.1148
1453	0.1336	0.1374	0.1297	0.1258	0.1173	0.1301	0.1317	0.1334	0.1351	0.1010	0.1053	0.1071	0.1153	0.1277	0.1402	0.0815	0.0793	0.0828	0.0918	0.1082	0.1347	0.0593	0.0550	0.0547	0.0576	0.0651	0.0814	0.1146
1454	0.1336	0.1374	0.1297	0.1257	0.1172	0.1300	0.1316	0.1334	0.1351	0.1009	0.1053	0.1071	0.1153	0.1277	0.1401	0.0816	0.0793	0.0828	0.0917	0.1082	0.1346	0.0592	0.0550	0.0546	0.0576	0.0651	0.0813	0.1145
1455	0.1335	0.1374	0.1297	0.1257	0.1170	0.1300	0.1315	0.1333	0.1351	0.1009	0.1052	0.1070	0.1153	0.1277	0.1402	0.0815	0.0794	0.0828	0.0917	0.1081	0.1345	0.0592	0.0549	0.0547	0.0576	0.0652	0.0812	0.1145
1456	0.1334	0.1373	0.1296	0.1257	0.1170	0.1300	0.1315	0.1333	0.1351	0.1009	0.1051	0.1070	0.1153	0.1277	0.1401	0.0815	0.0794	0.0828	0.0917	0.1081	0.1345	0.0592	0.0548	0.0547	0.0576	0.0652	0.0811	0.1145
1457	0.1334	0.1373	0.1296	0.1258	0.1170	0.1299	0.1315	0.1332	0.1351	0.1010	0.1050	0.1069	0.1153	0.1277	0.1401	0.0814	0.0794	0.0828	0.0917	0.1081	0.1345	0.0592	0.0548	0.0548	0.0576	0.0652	0.0812	0.1145
1458	0.1334	0.1373	0.1297	0.1258	0.1171	0.1299	0.1314	0.1332	0.1350	0.1011	0.1051	0.1069	0.1153	0.1277	0.1400	0.0814	0.0794	0.0828	0.0917	0.1081	0.1346	0.0592	0.0548	0.0549	0.0576	0.0652	0.0812	0.1144
1459	0.1334	0.1374	0.1297	0.1258	0.1172	0.1300	0.1314	0.1332	0.1351	0.1010	0.1051	0.1070	0.1153	0.1277	0.1401	0.0815	0.0793	0.0828	0.0917	0.1081	0.1346	0.0592	0.0549	0.0548	0.0576	0.0650	0.0812	0.1144
1460	0.1335	0.1375	0.1297	0.1258	0.1172	0.1300	0.1314	0.1332	0.1351	0.1010	0.1052	0.1070	0.1153	0.1278	0.1401	0.0815	0.0792	0.0828	0.0917	0.1081	0.1345	0.0593	0.0549	0.0548	0.0576	0.0649	0.0812	0.1143
1461	0.1336	0.1374	0.1297	0.1258	0.1171	0.1301	0.1314	0.1333	0.1350	0.1009	0.1052	0.1071	0.1155	0.1278	0.1400	0.0816	0.0792	0.0828	0.0917	0.1081	0.1344	0.0593	0.0548	0.0548	0.0575	0.0650	0.0811	0.1142
1462	0.1337	0.1374	0.1297	0.1258	0.1171	0.1301	0.1314	0.1334	0.1350	0.1009	0.1053	0.1072	0.1156	0.1279	0.1399	0.0816	0.0793	0.0828	0.0917	0.1081	0.1344	0.0593	0.0548	0.0548	0.0575	0.0650	0.0811	0.1142
1463	0.1337	0.1375	0.1298	0.1259	0.1172	0.1301	0.1317	0.1335	0.1351	0.1009	0.1054	0.1073	0.1155	0.1279	0.1400	0.0816	0.0794	0.0829	0.0918	0.1081	0.1345	0.0593	0.0548	0.0548	0.0575	0.0650	0.0812	0.1142
1464	0.1338	0.1376	0.1299	0.1260	0.1173	0.1301	0.1318	0.1336	0.1351	0.1009	0.1054	0.1073	0.1155	0.1279	0.1401	0.0815	0.0795	0.0830	0.0919	0.1082	0.1345	0.0593	0.0548	0.0547	0.0576	0.0651	0.0812	0.1142
1465	0.1340	0.1377	0.1300	0.1261	0.1174	0.1303	0.1320	0.1337	0.1352	0.1011	0.1055	0.1072	0.1156	0.1280	0.1402	0.0816	0.0796	0.0831	0.0921	0.1083	0.1346	0.0593	0.0548	0.0547	0.0576	0.0651	0.0813	0.1142
1466	0.1341	0.1378	0.1301	0.1263	0.1175	0.1304	0.1321	0.1338	0.1353	0.1012	0.1056	0.1073	0.1157	0.1280	0.1403	0.0817	0.0797	0.0833	0.0922	0.1084	0.1347	0.0594	0.0549	0.0547	0.0576	0.0652	0.0813	0.1142
1467	0.1341	0.1380	0.1303	0.1264	0.1177	0.1304	0.1322	0.1339	0.1354	0.1014	0.1056	0.1074	0.1158	0.1281	0.1404	0.0818	0.0798	0.0833	0.0922	0.1084	0.1348	0.0594	0.0549	0.0548	0.0577	0.0653	0.0813	0.1142
1468	0.1341	0.1381	0.1304	0.1265	0.1178	0.1305	0.1323	0.1340	0.1354	0.1015	0.1057	0.1076	0.1158	0.1282	0.1406	0.0819	0.0799	0.0834	0.0922	0.1085	0.1350	0.0595	0.0549	0.0549	0.0578	0.0653	0.0814	0.1142
1469	0.1342	0.1383	0.1305	0.1266	0.1179	0.1307	0.1324	0.1342	0.1355	0.1015	0.1058	0.1076	0.1159	0.1281	0.1407	0.0820	0.0800	0.0835	0.0921	0.1085	0.1350	0.0596	0.0550	0.0550	0.0578	0.0654	0.0814	0.1142
1470	0.1343	0.1385	0.1307	0.1268	0.1180	0.1309	0.1325	0.1343	0.1357	0.1015	0.1059	0.1077	0.1161	0.1281	0.1408	0.0821	0.0800	0.0835	0.0921	0.1086	0.1351	0.0597	0.0551	0.0550	0.0578	0.0654	0.0814	0.1143
1471	0.1344	0.1387	0.1308	0.1270	0.1182	0.1310	0.1328	0.1345	0.1358	0.1016	0.1060	0.1079	0.1162	0.1282	0.1409	0.0823	0.0801	0.0836	0.0922	0.1088	0.1351	0.0597	0.0551	0.0551	0.0579	0.0654	0.0815	0.1144
1472	0.1346	0.1390	0.1310	0.1272	0.1184	0.1311	0.1330	0.1347	0.1360	0.1018	0.1061	0.1080	0.1163	0.1284	0.1410	0.0825	0.0802	0.0838	0.0923	0.1089	0.1350	0.0597	0.0552	0.0551	0.0580	0.0655	0.0816	0.1145
1473	0.1349	0.1391	0.1311	0.1273	0.1185	0.1312	0.1332	0.1349	0.1362	0.1020	0.1063	0.1081	0.1165	0.1285	0.1410	0.0826	0.0802	0.0839	0.0924	0.1090	0.1351	0.0597	0.0554	0.0552	0.0581	0.0655	0.0817	0.1146
1474	0.1351	0.1393	0.1312	0.1275	0.1186	0.1313	0.1334	0.1351	0.1364	0.1022	0.1064	0.1083	0.1167	0.1287	0.1411	0.0828	0.0804	0.0841	0.0926	0.1090	0.1351	0.0598	0.0555	0.0553	0.0583	0.0656	0.0818	0.1147
1475	0.1353	0.1395	0.1313	0.1277	0.1187	0.1315	0.1335	0.1353	0.1365	0.1024	0.1066	0.1086	0.1168	0.1289	0.1412	0.0829	0.0804	0.0842	0.0928	0.1091	0.1352	0.0598	0.0555	0.0554	0.0584	0.0657	0.0818	0.1147
1476	0.1355	0.1397	0.1315	0.1279	0.1187	0.1318	0.1335	0.1354	0.1366	0.1026	0.1067	0.1089	0.1169	0.1291	0.1414	0.0829	0.0805	0.0844	0.0929	0.1092	0.1352	0.0599	0.0555	0.0556	0.0585	0.0659	0.0818	0.1147
1477	0.1356	0.1399	0.1317	0.1281	0.1189	0.1320	0.1337	0.1355	0.1368	0.1028	0.1068	0.1089	0.1172	0.1292	0.1416	0.0829	0.0806	0.0844	0.0930	0.1093	0.1353	0.0600	0.0557	0.0557	0.0586	0.0660	0.0818	0.1148
1478	0.1357	0.1400	0.1319	0.1284	0.1192	0.1321	0.1339	0.1357	0.1369	0.1029	0.1069	0.1090	0.1174	0.1294	0.1417	0.0830	0.0808	0.0844	0.0932	0.1094	0.1354	0.0601	0.0558	0.0558	0.0587	0.0661	0.0818	0.1149
1479	0.1359	0.1403	0.1321	0.1286	0.1193	0.1323	0.1341	0.1359	0.1371	0.1030	0.1072	0.1092	0.1175	0.1296	0.1418	0.0831	0.0809	0.0846	0.0933	0.1096	0.1355	0.0603	0.0559	0.0560	0.0588	0.0661	0.0819	0.1149
1480	0.1361	0.1405	0.1323	0.1288	0.1195	0.1326	0.1344	0.1361	0.1373	0.1031	0.1074	0.1093	0.1176	0.1297	0.1419	0.0832	0.0811	0.0847	0.0934	0.1097	0.1356	0.0604	0.0560	0.0562	0.0588	0.0661	0.0819	0.1148
1481	0.1363	0.1407	0.1325	0.1290	0.1197	0.1328	0.1346	0.1362	0.1376	0.1034	0.1076	0.1094	0.1178	0.1299	0.1420	0.0834	0.0812	0.0848	0.0936	0.1098	0.1358	0.0605	0.0561	0.0563	0.0589	0.0662	0.0820	0.1149
1482	0.1365	0.1408	0.1327	0.1293	0.1199	0.1330	0.1348	0.1364	0.1379	0.1037	0.1077	0.1095	0.1179	0.1300	0.1422	0.0837	0.0813	0.0849	0.0937	0.1098	0.1359	0.0606	0.0562	0.0564	0.0589	0.0663	0.0821	0.1149
1483	0.1367	0.1411	0.1329	0.1294	0.1201	0.1332	0.1350	0.1366	0.1381	0.1039	0.1079	0.1097	0.1180	0.1302	0.1423	0.0838	0.0815	0.0851	0.0939	0.1099	0.1361	0.0607	0.0563	0.0564	0.0591	0.0664	0.0822	0.1149
1484	0.1370	0.1413	0.1331	0.1295	0.1203	0.1333	0.1352	0.1368	0.1383	0.1041	0.1080	0.1100	0.1182	0.1303	0.1425	0.0840	0.0816	0.0853	0.0941	0.1100	0.1362	0.0608	0.0565	0.0565	0.0592	0.0665	0.0824	0.1149
1485	0.1372	0.1415	0.1333	0.1297	0.1205	0.1335	0.1354	0.1370	0.1384	0.1043	0.1082	0.1101	0.1184	0.1305	0.1426	0.0841	0.0818	0.0855	0.0941	0.1101	0.1362	0.0609	0.0566	0.0566	0.0592	0.0667	0.0825	0.1150
1486	0.1374	0.1416	0.1335	0.1299	0.1208	0.1337	0.1357	0.1373	0.1386	0.1044	0.1083	0.1103	0.1187	0.1306	0.1427	0.0842	0.0820	0.0856	0.0942	0.1102	0.1364	0.0609	0.0568	0.0566	0.0593	0.0668	0.0826	0.1151
1487	0.1377	0.1419	0.1338	0.1302	0.1210	0.1339	0.1359	0.1375	0.1388	0.1046	0.1085	0.1105	0.1189	0.1309	0.1429	0.0844	0.0822	0.0857	0.0944	0.1103	0.1366	0.0611	0.0569	0.0567	0.0594	0.0669	0.0826	0.1152
1488	0.1380	0.1422	0.1340	0.1304	0.1213	0.1341	0.1361	0.1377	0.1390	0.1048	0.1087	0.1107	0.1191	0.1310	0.1430	0.0844	0.0824	0.0858	0.0947	0.1104	0.1369	0.0612	0.0569	0.0568	0.0595	0.0670	0.0827	0.1153
1489	0.1381	0.1424	0.1342	0.1307	0.1215	0.1343	0.1362	0.1379	0.1392	0.1049	0.1089	0.1109	0.1193	0.1312	0.1432	0.0846	0.0825	0.0859	0.0948	0.1106	0.1370	0.0613	0.0570	0.0569	0.0596	0.0670	0.0828	0.1155
1490	0.1382	0.1426	0.1344	0.1309	0.1216	0.1346	0.1364	0.1382	0.1393	0.1051	0.1091	0.1112	0.1196	0.1313	0.1435	0.0847	0.0826	0.0860	0.0950	0.1109	0.1371	0.0614	0.0571	0.0570	0.0597	0.0670	0.0829	0.1156
1491	0.1385	0.1428	0.1346	0.1311	0.1219	0.1348	0.1365	0.1384	0.1395	0.1052	0.1092	0.1114	0.1198	0.1316	0.1437	0.0850	0.0828	0.0862	0.0951	0.1111	0.1372	0.0615	0.0572	0.0571	0.0598	0.0671	0.0831	0.1157
1492	0.1388	0.1430	0.1347	0.1312	0.1221	0.1351	0.1367	0.1386	0.1397	0.1054	0.1094	0.1116	0.1199	0.1318	0.1439	0.0852	0.0829	0.0863	0.0952	0.1112	0.1374	0.0617	0.0572	0.0571	0.0599	0.0673	0.0832	0.1157
1493	0.1390	0.1432	0.1350	0.1314	0.1223	0.1352	0.1369	0.1388	0.1399	0.1056	0.1096	0.1118	0.1200	0.1319	0.1441	0.0854	0.0830	0.0864	0.0953	0.1113	0.1375	0.0617	0.0573	0.0572	0.0600	0.0674	0.0833	0.1158
1494	0.1393	0.1434	0.1353	0.1317	0.1225	0.1354	0.1371	0.1390	0.1402	0.1058	0.1099	0.1119	0.1202	0.1321	0.1442	0.0855	0.0832	0.0866	0.0953	0.1113	0.1376	0.0618	0.0573	0.0573	0.0602	0.0675	0.0833	0.1159
1495	0.1395	0.1436	0.1355	0.1320	0.1227	0.1356	0.1373	0.1391	0.1405	0.1060	0.1100	0.1121	0.1204	0.1322	0.1444	0.0856	0.0834	0.0867	0.0955	0.1115	0.1377	0.0619	0.0575	0.0574	0.0603	0.0676	0.0833	0.1160
1496	0.1398	0.1438	0.1357	0.1322	0.1230	0.1359	0.1375	0.1392	0.1407	0.1061	0.1102	0.1124	0.1207	0.1324	0.1446	0.0857	0.0836	0.0868	0.0957	0.1117	0.1378	0.0620	0.0576	0.0576	0.0603	0.0677	0.0835	0.1161
1497	0.1400	0.1441	0.1360	0.1325	0.1232	0.1361	0.1377	0.1394	0.1410	0.1063	0.1104	0.1126	0.1209	0.1326	0.1448	0.0859	0.0837	0.0869	0.0958	0.1119	0.1380	0.0621	0.0578	0.0576	0.0603	0.0678	0.0835	0.1162
1498	0.1402	0.1445	0.1363	0.1327	0.1233	0.1363	0.1380	0.1396	0.1412	0.1065	0.1106	0.1127	0.1211	0.1328	0.1450	0.0862	0.0837	0.0871	0.0959	0.1120	0.1381	0.0622	0.0579	0.0576	0.0604	0.0679	0.0836	0.1162
1499	0.1403	0.1447	0.1365	0.1328	0.1235	0.1366	0.1382	0.1398	0.1414	0.1066	0.1108	0.1129	0.1213	0.1330	0.1451	0.0864	0.0839	0.0872	0.0961	0.1122	0.1382	0.0623	0.0579	0.0578	0.0604	0.0680	0.0837	0.1163
1500	0.1405	0.1449	0.1367	0.1329	0.1238	0.1368	0.1385	0.1401	0.1416	0.1069	0.1110	0.1131	0.1215	0.1332	0.1452	0.0867	0.0840	0.0874	0.0962	0.1124	0.1384	0.0624	0.0579	0.0579	0.0606	0.0682	0.0838	0.1164
1501	0.1408	0.1451	0.1369	0.1331	0.1241	0.1371	0.1387	0.1403	0.1417	0.1071	0.1112	0.1133	0.1217	0.1333	0.1453	0.0868	0.0843	0.0876	0.0964	0.1125	0.1385	0.0625	0.0580	0.0581	0.0607	0.0683	0.0839	0.1165
1502	0.1410	0.1453	0.1371	0.1334	0.1243	0.1373	0.1389	0.1405	0.1419	0.1072	0.1115	0.1134	0.1218	0.1335	0.1455	0.0869	0.0844	0.0879	0.0966	0.1126	0.1386	0.0626	0.0581	0.0581	0.0609	0.0683	0.0841	0.1165
1503	0.1413	0.1455	0.1373	0.1336	0.1245	0.1376	0.1391	0.1408	0.1421	0.1074	0.1117	0.1135	0.1220	0.1336	0.1457	0.0870	0.0845	0.0881	0.0967	0.1127	0.1387	0.0628	0.0583	0.0582	0.0610	0.0684	0.0842	0.1166
1504	0.1414	0.1456	0.1376	0.1338	0.1247	0.1378	0.1393	0.1411	0.1424	0.1075	0.1118	0.1136	0.1222	0.1337	0.1459	0.0871	0.0846	0.0882	0.0967	0.1129	0.1388	0.0629	0.0583	0.0583	0.0610	0.0685	0.0843	0.1167
1505	0.1416	0.1458	0.1378	0.1340	0.1249	0.1379	0.1396	0.1412	0.1426	0.1077	0.1120	0.1138	0.1224	0.1339	0.1461	0.0872	0.0848	0.0883	0.0968	0.1130	0.1389	0.0629	0.0584	0.0583	0.0611	0.0686	0.0844	0.1167
1506	0.1419	0.1461	0.1380	0.1343	0.1249	0.1381	0.1397	0.1414	0.1428	0.1079	0.1122	0.1140	0.1226	0.1341	0.1463	0.0873	0.0849	0.0884	0.0969	0.1132	0.1391	0.0630	0.0586	0.0584	0.0612	0.0687	0.0845	0.1167
1507	0.1421	0.1464	0.1382	0.1345	0.1250	0.1383	0.1399	0.1416	0.1430	0.1081	0.1124	0.1142	0.1228	0.1343	0.1465	0.0875	0.0850	0.0885	0.0971	0.1133	0.1392	0.0631	0.0587	0.0585	0.0613	0.0688	0.0845	0.1168
1508	0.1424	0.1466	0.1384	0.1346	0.1253	0.1385	0.1401	0.1419	0.1432	0.1084	0.1125	0.1143	0.1230	0.1344	0.1465	0.0877	0.0851	0.0886	0.0973	0.1134	0.1393	0.0632	0.0589	0.0586	0.0615	0.0689	0.0846	0.1168
1509	0.1426	0.1468	0.1387	0.1347	0.1256	0.1387	0.1403	0.1420	0.1434	0.1085	0.1127	0.1144	0.1231	0.1346	0.1467	0.0878	0.0852	0.0887	0.0974	0.1135	0.1394	0.0633	0.0589	0.0587	0.0616	0.0690	0.0847	0.1169
1510	0.1428	0.1471	0.1389	0.1349	0.1258	0.1389	0.1404	0.1422	0.1436	0.1087	0.1130	0.1146	0.1233	0.1349	0.1468	0.0879	0.0854	0.0890	0.0975	0.1137	0.1397	0.0633	0.0590	0.0588	0.0616	0.0691	0.0848	0.1170
1511	0.1430	0.1473	0.1392	0.1351	0.1259	0.1391	0.1406	0.1425	0.1438	0.1088	0.1132	0.1148	0.1235	0.1351	0.1471	0.0881	0.0856	0.0891	0.0976	0.1139	0.1398	0.0635	0.0591	0.0590	0.0617	0.0692	0.0849	0.1171
1512	0.1432	0.1475	0.1394	0.1353	0.1261	0.1393	0.1409	0.1427	0.1440	0.1090	0.1133	0.1150	0.1236	0.1353	0.1474	0.0883	0.0856	0.0892	0.0978	0.1140	0.1399	0.0636	0.0593	0.0590	0.0618	0.0692	0.0850	0.1171
1513	0.1434	0.1477	0.1396	0.1356	0.1263	0.1395	0.1412	0.1429	0.1441	0.1092	0.1135	0.1152	0.1238	0.1354	0.1477	0.0884	0.0858	0.0893	0.0980	0.1141	0.1400	0.0638	0.0594	0.0591	0.0619	0.0692	0.0850	0.1172
1514	0.1436	0.1480	0.1398	0.1359	0.1264	0.1397	0.1414	0.1432	0.1443	0.1094	0.1138	0.1154	0.1240	0.1356	0.1478	0.0884	0.0860	0.0895	0.0981	0.1142	0.1401	0.0640	0.0594	0.0592	0.0621	0.0694	0.0851	0.1174
1515	0.1438	0.1482	0.1400	0.1361	0.1265	0.1399	0.1416	0.1433	0.1444	0.1096	0.1140	0.1156	0.1242	0.1358	0.1479	0.0885	0.0862	0.0896	0.0983	0.1144	0.1402	0.0641	0.0595	0.0593	0.0623	0.0695	0.0852	0.1175
1516	0.1441	0.1485	0.1402	0.1363	0.1268	0.1401	0.1418	0.1435	0.1446	0.1098	0.1142	0.1158	0.1243	0.1360	0.1482	0.0887	0.0863	0.0898	0.0984	0.1146	0.1403	0.0641	0.0597	0.0594	0.0624	0.0697	0.0854	0.1175
1517	0.1443	0.1487	0.1405	0.1365	0.1270	0.1403	0.1420	0.1436	0.1449	0.1100	0.1144	0.1160	0.1245	0.1362	0.1483	0.0889	0.0863	0.0899	0.0985	0.1148	0.1405	0.0642	0.0598	0.0594	0.0625	0.0697	0.0855	0.1175
1518	0.1445	0.1488	0.1407	0.1366	0.1272	0.1405	0.1422	0.1438	0.1451	0.1101	0.1146	0.1161	0.1247	0.1364	0.1484	0.0889	0.0865	0.0899	0.0987	0.1150	0.1406	0.0642	0.0598	0.0595	0.0625	0.0698	0.0855	0.1176
1519	0.1447	0.1490	0.1410	0.1368	0.1274	0.1407	0.1424	0.1440	0.1453	0.1102	0.1147	0.1162	0.1248	0.1366	0.1485	0.0889	0.0866	0.0900	0.0988	0.1151	0.1407	0.0643	0.0599	0.0596	0.0625	0.0698	0.0855	0.1176
1520	0.1450	0.1492	0.1412	0.1370	0.1276	0.1409	0.1425	0.1442	0.1455	0.1103	0.1149	0.1164	0.1250	0.1366	0.1487	0.0891	0.0867	0.0901	0.0988	0.1151	0.1408	0.0645	0.0599	0.0597	0.0626	0.0699	0.0856	0.1177
1521	0.1452	0.1494	0.1414	0.1372	0.1279	0.1411	0.1427	0.1444	0.1457	0.1105	0.1150	0.1166	0.1251	0.1367	0.1489	0.0893	0.0868	0.0903	0.0990	0.1152	0.1408	0.0646	0.0600	0.0598	0.0627	0.0700	0.0858	0.1177
1522	0.1453	0.1496	0.1416	0.1374	0.1280	0.1412	0.1429	0.1446	0.1458	0.1106	0.1151	0.1167	0.1252	0.1368	0.1490	0.0894	0.0868	0.0904	0.0991	0.1153	0.1410	0.0647	0.0602	0.0600	0.0626	0.0701	0.0859	0.1177
1523	0.1455	0.1497	0.1417	0.1375	0.1282	0.1414	0.1431	0.1448	0.1459	0.1107	0.1152	0.1169	0.1254	0.1369	0.1492	0.0895	0.0870	0.0906	0.0992	0.1154	0.1411	0.0648	0.0603	0.0600	0.0626	0.0701	0.0860	0.1177
1524	0.1457	0.1499	0.1419	0.1377	0.1283	0.1417	0.1434	0.1449	0.1461	0.1109	0.1152	0.1172	0.1255	0.1371	0.1494	0.0897	0.0873	0.0908	0.0994	0.1156	0.1412	0.0648	0.0603	0.0600	0.0628	0.0703	0.0861	0.1178
1525	0.1459	0.1501	0.1422	0.1378	0.1285	0.1420	0.1436	0.1451	0.1464	0.1111	0.1153	0.1174	0.1256	0.1373	0.1496	0.0898	0.0875	0.0910	0.0996	0.1157	0.1413	0.0648	0.0604	0.0600	0.0628	0.0704	0.0863	0.1178
1526	0.1461	0.1503	0.1423	0.1380	0.1288	0.1421	0.1437	0.1452	0.1465	0.1113	0.1155	0.1175	0.1258	0.1374	0.1496	0.0900	0.0875	0.0910	0.0996	0.1158	0.1413	0.0648	0.0605	0.0602	0.0629	0.0704	0.0863	0.1178
1527	0.1463	0.1506	0.1425	0.1382	0.1290	0.1422	0.1438	0.1453	0.1466	0.1114	0.1156	0.1176	0.1260	0.1376	0.1497	0.0901	0.0877	0.0910	0.0997	0.1159	0.1415	0.0649	0.0605	0.0603	0.0630	0.0705	0.0863	0.1179
1528	0.1465	0.1507	0.1427	0.1384	0.1292	0.1423	0.1439	0.1455	0.1467	0.1115	0.1158	0.1177	0.1262	0.1377	0.1499	0.0903	0.0879	0.0913	0.0998	0.1159	0.1417	0.0651	0.0606	0.0603	0.0631	0.0707	0.0863	0.1179
1529	0.1467	0.1509	0.1429	0.1386	0.1293	0.1425	0.1440	0.1457	0.1468	0.1115	0.1159	0.1179	0.1264	0.1378	0.1500	0.0905	0.0880	0.0914	0.1000	0.1160	0.1418	0.0653	0.0607	0.0604	0.0632	0.0708	0.0864	0.1180
1530	0.1469	0.1510	0.1431	0.1388	0.1295	0.1427	0.1442	0.1459	0.1469	0.1116	0.1162	0.1180	0.1266	0.1380	0.1502	0.0906	0.0880	0.0916	0.1001	0.1160	0.1419	0.0653	0.0608	0.0606	0.0633	0.0709	0.0865	0.1181
1531	0.1471	0.1512	0.1432	0.1389	0.1297	0.1429	0.1444	0.1461	0.1471	0.1117	0.1164	0.1181	0.1268	0.1381	0.1503	0.0907	0.0881	0.0917	0.1002	0.1161	0.1419	0.0653	0.0609	0.0608	0.0633	0.0710	0.0866	0.1182
1532	0.1472	0.1512	0.1434	0.1390	0.1299	0.1430	0.1446	0.1462	0.1472	0.1119	0.1165	0.1183	0.1269	0.1382	0.1505	0.0908	0.0883	0.0917	0.1003	0.1162	0.1420	0.0654	0.0609	0.0610	0.0635	0.0710	0.0867	0.1183
1533	0.1473	0.1513	0.1435	0.1391	0.1301	0.1432	0.1448	0.1463	0.1474	0.1120	0.1167	0.1185	0.1270	0.1383	0.1507	0.0909	0.0885	0.0917	0.1004	0.1163	0.1420	0.0655	0.0609	0.0611	0.0636	0.0710	0.0868	0.1183
1534	0.1475	0.1516	0.1438	0.1393	0.1302	0.1433	0.1450	0.1464	0.1476	0.1121	0.1168	0.1186	0.1271	0.1384	0.1508	0.0911	0.0887	0.0918	0.1006	0.1165	0.1421	0.0655	0.0611	0.0612	0.0637	0.0711	0.0868	0.1184
1535	0.1477	0.1518	0.1441	0.1395	0.1303	0.1435	0.1452	0.1465	0.1479	0.1122	0.1170	0.1187	0.1272	0.1385	0.1509	0.0913	0.0888	0.0919	0.1007	0.1167	0.1422	0.0656	0.0613	0.0612	0.0637	0.0711	0.0868	0.1185
1536	0.1478	0.1519	0.1440	0.1395	0.1304	0.1437	0.1452	0.1466	0.1479	0.1123	0.1171	0.1189	0.1273	0.1387	0.1510	0.0913	0.0888	0.0920	0.1008	0.1168	0.1423	0.0657	0.0612	0.0612	0.0637	0.0710	0.0869	0.1185
1537	0.1479	0.1521	0.1440	0.1396	0.1305	0.1439	0.1453	0.1467	0.1480	0.1124	0.1171	0.1191	0.1274	0.1388	0.1511	0.0914	0.0888	0.0922	0.1009	0.1169	0.1424	0.0658	0.0612	0.0613	0.0637	0.0711	0.0870	0.1185
1538	0.1481	0.1523	0.1442	0.1399	0.1308	0.1441	0.1454	0.1469	0.1482	0.1126	0.1172	0.1192	0.1275	0.1390	0.1513	0.0914	0.0889	0.0923	0.1009	0.1171	0.1426	0.0658	0.0613	0.0613	0.0638	0.0713	0.0871	0.1186
1539	0.1483	0.1525	0.1444	0.1401	0.1310	0.1442	0.1455	0.1471	0.1484	0.1127	0.1173	0.1193	0.1277	0.1392	0.1514	0.0915	0.0890	0.0924	0.1010	0.1173	0.1427	0.0658	0.0614	0.0612	0.0639	0.0715	0.0872	0.1188
1540	0.1485	0.1526	0.1446	0.1402	0.1312	0.1443	0.1457	0.1473	0.1485	0.1128	0.1176	0.1193	0.1278	0.1393	0.1515	0.0915	0.0891	0.0924	0.1009	0.1173	0.1428	0.0659	0.0616	0.0613	0.0641	0.0715	0.0873	0.1188
1541	0.1487	0.1527	0.1448	0.1403	0.1313	0.1444	0.1459	0.1474	0.1486	0.1130	0.1178	0.1194	0.1280	0.1395	0.1517	0.0915	0.0892	0.0925	0.1009	0.1174	0.1429	0.0659	0.0617	0.0615	0.0643	0.0715	0.0874	0.1188
1542	0.1488	0.1529	0.1449	0.1404	0.1314	0.1445	0.1460	0.1476	0.1488	0.1131	0.1179	0.1196	0.1282	0.1396	0.1518	0.0916	0.0893	0.0926	0.1010	0.1175	0.1429	0.0660	0.0617	0.0615	0.0643	0.0715	0.0874	0.1188
1543	0.1488	0.1530	0.1450	0.1405	0.1315	0.1446	0.1462	0.1478	0.1489	0.1132	0.1179	0.1197	0.1284	0.1397	0.1519	0.0918	0.0893	0.0926	0.1012	0.1177	0.1429	0.0661	0.0617	0.0616	0.0644	0.0715	0.0874	0.1188
1544	0.1490	0.1532	0.1450	0.1406	0.1315	0.1448	0.1464	0.1479	0.1490	0.1133	0.1180	0.1200	0.1285	0.1398	0.1520	0.0918	0.0893	0.0927	0.1013	0.1178	0.1431	0.0662	0.0618	0.0615	0.0645	0.0716	0.0874	0.1189
1545	0.1492	0.1535	0.1451	0.1408	0.1316	0.1450	0.1465	0.1480	0.1490	0.1134	0.1181	0.1201	0.1286	0.1399	0.1521	0.0918	0.0893	0.0928	0.1015	0.1179	0.1432	0.0662	0.0618	0.0615	0.0646	0.0717	0.0875	0.1190
1546	0.1493	0.1536	0.1453	0.1411	0.1317	0.1451	0.1467	0.1481	0.1493	0.1136	0.1181	0.1201	0.1287	0.1399	0.1521	0.0919	0.0895	0.0929	0.1016	0.1180	0.1433	0.0662	0.0619	0.0616	0.0646	0.0718	0.0876	0.1190
1547	0.1495	0.1537	0.1454	0.1414	0.1319	0.1452	0.1468	0.1483	0.1495	0.1137	0.1182	0.1202	0.1288	0.1399	0.1522	0.0919	0.0897	0.0931	0.1018	0.1180	0.1435	0.0662	0.0619	0.0616	0.0646	0.0719	0.0876	0.1191
1548	0.1496	0.1539	0.1456	0.1415	0.1320	0.1454	0.1469	0.1485	0.1496	0.1140	0.1184	0.1203	0.1289	0.1402	0.1523	0.0920	0.0897	0.0932	0.1019	0.1181	0.1435	0.0663	0.0620	0.0616	0.0646	0.0719	0.0876	0.1191
1549	0.1497	0.1540	0.1457	0.1416	0.1321	0.1456	0.1470	0.1487	0.1497	0.1142	0.1185	0.1205	0.1289	0.1404	0.1525	0.0921	0.0898	0.0933	0.1020	0.1181	0.1435	0.0664	0.0621	0.0616	0.0645	0.0720	0.0876	0.1190
1550	0.1498	0.1541	0.1457	0.1418	0.1321	0.1456	0.1471	0.1488	0.1499	0.1142	0.1187	0.1207	0.1291	0.1406	0.1526	0.0922	0.0899	0.0934	0.1021	0.1183	0.1436	0.0665	0.0622	0.0617	0.0646	0.0720	0.0877	0.1191
1551	0.1500	0.1542	0.1458	0.1419	0.1322	0.1456	0.1472	0.1489	0.1500	0.1142	0.1188	0.1209	0.1292	0.1407	0.1527	0.0923	0.0901	0.0935	0.1023	0.1184	0.1437	0.0665	0.0623	0.0617	0.0647	0.0721	0.0877	0.1192
1552	0.1501	0.1544	0.1459	0.1421	0.1324	0.1457	0.1474	0.1489	0.1503	0.1144	0.1189	0.1209	0.1293	0.1407	0.1527	0.0924	0.0902	0.0936	0.1023	0.1184	0.1437	0.0665	0.0624	0.0618	0.0648	0.0721	0.0877	0.1191
1553	0.1502	0.1547	0.1461	0.1423	0.1325	0.1457	0.1475	0.1490	0.1504	0.1145	0.1189	0.1209	0.1294	0.1408	0.1528	0.0926	0.0902	0.0937	0.1023	0.1184	0.1438	0.0665	0.0625	0.0619	0.0649	0.0721	0.0878	0.1191
1554	0.1503	0.1548	0.1462	0.1423	0.1326	0.1459	0.1476	0.1491	0.1505	0.1146	0.1189	0.1210	0.1295	0.1409	0.1530	0.0927	0.0903	0.0938	0.1024	0.1185	0.1438	0.0666	0.0626	0.0619	0.0650	0.0722	0.0879	0.1191
1555	0.1505	0.1549	0.1463	0.1424	0.1326	0.1461	0.1478	0.1492	0.1506	0.1146	0.1190	0.1211	0.1296	0.1410	0.1531	0.0929	0.0903	0.0939	0.1025	0.1187	0.1439	0.0667	0.0626	0.0619	0.0651	0.0723	0.0880	0.1192
1556	0.1506	0.1550	0.1464	0.1425	0.1328	0.1463	0.1480	0.1493	0.1506	0.1147	0.1191	0.1212	0.1297	0.1411	0.1533	0.0929	0.0904	0.0940	0.1027	0.1188	0.1440	0.0668	0.0626	0.0621	0.0651	0.0723	0.0881	0.1194
1557	0.1507	0.1551	0.1466	0.1426	0.1329	0.1465	0.1481	0.1493	0.1507	0.1148	0.1193	0.1213	0.1297	0.1412	0.1534	0.0930	0.0905	0.0941	0.1029	0.1188	0.1441	0.0669	0.0626	0.0622	0.0651	0.0724	0.0881	0.1195
1558	0.1508	0.1552	0.1467	0.1427	0.1330	0.1466	0.1483	0.1494	0.1509	0.1148	0.1195	0.1213	0.1299	0.1413	0.1535	0.0930	0.0906	0.0941	0.1029	0.1189	0.1442	0.0669	0.0626	0.0623	0.0651	0.0724	0.0882	0.1197
1559	0.1508	0.1553	0.1468	0.1429	0.1330	0.1467	0.1484	0.1494	0.1510	0.1149	0.1196	0.1213	0.1300	0.1414	0.1535	0.0930	0.0906	0.0941	0.1028	0.1189	0.1443	0.0669	0.0626	0.0624	0.0651	0.0724	0.0884	0.1198
1560	0.1509	0.1555	0.1469	0.1429	0.1332	0.1469	0.1486	0.1495	0.1511	0.1150	0.1197	0.1214	0.1302	0.1416	0.1535	0.0931	0.0907	0.0942	0.1028	0.1189	0.1443	0.0670	0.0626	0.0624	0.0652	0.0726	0.0885	0.1198
1561	0.1510	0.1557	0.1470	0.1429	0.1334	0.1471	0.1487	0.1496	0.1512	0.1151	0.1198	0.1216	0.1303	0.1417	0.1535	0.0933	0.0907	0.0943	0.1028	0.1189	0.1444	0.0671	0.0627	0.0625	0.0653	0.0727	0.0885	0.1198
1562	0.1512	0.1557	0.1471	0.1430	0.1335	0.1473	0.1487	0.1498	0.1513	0.1152	0.1199	0.1217	0.1304	0.1419	0.1536	0.0933	0.0908	0.0944	0.1029	0.1189	0.1445	0.0671	0.0627	0.0626	0.0654	0.0728	0.0885	0.1198
1563	0.1513	0.1558	0.1472	0.1431	0.1336	0.1473	0.1487	0.1500	0.1514	0.1153	0.1200	0.1217	0.1305	0.1420	0.1537	0.0933	0.0909	0.0945	0.1030	0.1189	0.1446	0.0672	0.0627	0.0626	0.0654	0.0728	0.0885	0.1198
1564	0.1514	0.1558	0.1474	0.1432	0.1337	0.1475	0.1488	0.1499	0.1514	0.1153	0.1201	0.1217	0.1305	0.1421	0.1538	0.0934	0.0911	0.0945	0.1030	0.1191	0.1447	0.0673	0.0628	0.0627	0.0655	0.0729	0.0886	0.1198
1565	0.1514	0.1558	0.1477	0.1433	0.1337	0.1477	0.1488	0.1499	0.1515	0.1153	0.1201	0.1217	0.1306	0.1421	0.1539	0.0935	0.0912	0.0946	0.1030	0.1192	0.1447	0.0673	0.0630	0.0627	0.0656	0.0729	0.0886	0.1198
1566	0.1515	0.1559	0.1477	0.1434	0.1338	0.1479	0.1490	0.1501	0.1515	0.1154	0.1202	0.1219	0.1307	0.1422	0.1540	0.0936	0.0912	0.0946	0.1031	0.1194	0.1448	0.0674	0.0631	0.0628	0.0657	0.0729	0.0886	0.1199
1567	0.1515	0.1560	0.1478	0.1435	0.1339	0.1480	0.1491	0.1504	0.1516	0.1154	0.1202	0.1221	0.1309	0.1422	0.1540	0.0937	0.0912	0.0946	0.1032	0.1195	0.1450	0.0675	0.0631	0.0628	0.0658	0.0729	0.0886	0.1199
1568	0.1516	0.1561	0.1479	0.1435	0.1339	0.1481	0.1492	0.1505	0.1516	0.1156	0.1203	0.1221	0.1309	0.1422	0.1541	0.0938	0.0913	0.0947	0.1033	0.1196	0.1450	0.0675	0.0632	0.0629	0.0658	0.0730	0.0886	0.1200
1569	0.1518	0.1562	0.1480	0.1436	0.1340	0.1482	0.1493	0.1506	0.1516	0.1157	0.1204	0.1222	0.1309	0.1423	0.1543	0.0940	0.0914	0.0948	0.1035	0.1197	0.1451	0.0675	0.0632	0.0630	0.0658	0.0731	0.0886	0.1200
1570	0.1519	0.1563	0.1481	0.1436	0.1340	0.1482	0.1493	0.1507	0.1517	0.1158	0.1205	0.1223	0.1310	0.1424	0.1544	0.0940	0.0914	0.0949	0.1036	0.1198	0.1451	0.0675	0.0632	0.0629	0.0658	0.0732	0.0887	0.1201
1571	0.1521	0.1563	0.1481	0.1437	0.1340	0.1483	0.1494	0.1508	0.1517	0.1158	0.1206	0.1225	0.1311	0.1425	0.1544	0.0940	0.0915	0.0950	0.1036	0.1200	0.1450	0.0675	0.0632	0.0629	0.0658	0.0732	0.0889	0.1200
1572	0.1521	0.1564	0.1482	0.1438	0.1342	0.1483	0.1495	0.1510	0.1519	0.1159	0.1207	0.1226	0.1311	0.1425	0.1545	0.0939	0.0915	0.0951	0.1037	0.1199	0.1452	0.0675	0.0632	0.0630	0.0658	0.0732	0.0888	0.1201
1573	0.1521	0.1564	0.1483	0.1440	0.1344	0.1483	0.1496	0.1512	0.1520	0.1161	0.1208	0.1227	0.1311	0.1425	0.1546	0.0939	0.0915	0.0951	0.1038	0.1198	0.1454	0.0675	0.0632	0.0630	0.0658	0.0732	0.0887	0.1202
1574	0.1522	0.1566	0.1484	0.1441	0.1346	0.1484	0.1497	0.1513	0.1522	0.1161	0.1208	0.1228	0.1312	0.1426	0.1547	0.0939	0.0916	0.0951	0.1038	0.1199	0.1455	0.0676	0.0633	0.0630	0.0659	0.0732	0.0887	0.1202
1575	0.1523	0.1567	0.1484	0.1441	0.1347	0.1484	0.1498	0.1513	0.1523	0.1161	0.1208	0.1228	0.1313	0.1427	0.1548	0.0940	0.0917	0.0950	0.1039	0.1199	0.1455	0.0675	0.0635	0.0629	0.0659	0.0731	0.0888	0.1202
1576	0.1525	0.1568	0.1485	0.1443	0.1348	0.1485	0.1499	0.1514	0.1523	0.1162	0.1209	0.1229	0.1314	0.1428	0.1548	0.0941	0.0917	0.0951	0.1040	0.1199	0.1456	0.0676	0.0635	0.0630	0.0660	0.0732	0.0889	0.1202
1577	0.1526	0.1569	0.1485	0.1445	0.1349	0.1487	0.1501	0.1516	0.1524	0.1163	0.1210	0.1229	0.1315	0.1430	0.1547	0.0941	0.0917	0.0952	0.1040	0.1199	0.1456	0.0677	0.0635	0.0631	0.0661	0.0732	0.0890	0.1203
1578	0.1527	0.1571	0.1486	0.1446	0.1350	0.1487	0.1502	0.1516	0.1524	0.1163	0.1211	0.1231	0.1316	0.1430	0.1547	0.0942	0.0918	0.0953	0.1041	0.1200	0.1456	0.0678	0.0635	0.0633	0.0661	0.0733	0.0890	0.1203
1579	0.1528	0.1573	0.1486	0.1448	0.1352	0.1488	0.1503	0.1517	0.1523	0.1163	0.1213	0.1233	0.1316	0.1431	0.1547	0.0942	0.0918	0.0954	0.1042	0.1201	0.1457	0.0679	0.0635	0.0634	0.0661	0.0734	0.0891	0.1202
1580	0.1529	0.1575	0.1487	0.1448	0.1352	0.1489	0.1503	0.1518	0.1524	0.1165	0.1214	0.1233	0.1318	0.1432	0.1547	0.0942	0.0919	0.0954	0.1043	0.1201	0.1457	0.0679	0.0635	0.0635	0.0662	0.0735	0.0891	0.1203
1581	0.1530	0.1576	0.1488	0.1448	0.1351	0.1491	0.1503	0.1519	0.1525	0.1167	0.1214	0.1234	0.1319	0.1432	0.1548	0.0943	0.0921	0.0955	0.1043	0.1201	0.1457	0.0678	0.0636	0.0636	0.0663	0.0736	0.0890	0.1204
1582	0.1531	0.1577	0.1489	0.1449	0.1351	0.1491	0.1506	0.1520	0.1526	0.1167	0.1215	0.1234	0.1319	0.1433	0.1549	0.0945	0.0921	0.0956	0.1044	0.1203	0.1456	0.0678	0.0636	0.0636	0.0663	0.0736	0.0891	0.1203
1583	0.1532	0.1578	0.1489	0.1450	0.1352	0.1492	0.1508	0.1522	0.1527	0.1167	0.1217	0.1233	0.1319	0.1433	0.1551	0.0946	0.0922	0.0956	0.1044	0.1205	0.1457	0.0678	0.0636	0.0636	0.0664	0.0736	0.0892	0.1203
1584	0.1532	0.1579	0.1489	0.1451	0.1352	0.1492	0.1509	0.1522	0.1527	0.1168	0.1217	0.1235	0.1319	0.1434	0.1551	0.0946	0.0922	0.0957	0.1045	0.1205	0.1457	0.0679	0.0636	0.0637	0.0664	0.0737	0.0892	0.1203
1585	0.1533	0.1579	0.1489	0.1451	0.1353	0.1492	0.1509	0.1522	0.1527	0.1169	0.1217	0.1236	0.1319	0.1435	0.1552	0.0946	0.0922	0.0958	0.1046	0.1206	0.1457	0.0680	0.0636	0.0638	0.0663	0.0737	0.0892	0.1204
1586	0.1533	0.1580	0.1490	0.1452	0.1354	0.1493	0.1509	0.1523	0.1528	0.1169	0.1217	0.1236	0.1320	0.1436	0.1552	0.0946	0.0923	0.0959	0.1047	0.1206	0.1457	0.0680	0.0637	0.0638	0.0663	0.0739	0.0893	0.1203
1587	0.1534	0.1580	0.1491	0.1452	0.1355	0.1494	0.1510	0.1524	0.1529	0.1169	0.1217	0.1236	0.1321	0.1437	0.1553	0.0946	0.0924	0.0959	0.1047	0.1205	0.1458	0.0681	0.0638	0.0638	0.0664	0.0740	0.0894	0.1202
1588	0.1535	0.1581	0.1492	0.1453	0.1356	0.1495	0.1510	0.1525	0.1530	0.1169	0.1218	0.1236	0.1323	0.1438	0.1554	0.0947	0.0924	0.0960	0.1048	0.1205	0.1459	0.0682	0.0637	0.0638	0.0665	0.0741	0.0895	0.1202
1589	0.1535	0.1582	0.1493	0.1454	0.1357	0.1495	0.1511	0.1526	0.1531	0.1170	0.1219	0.1237	0.1324	0.1439	0.1554	0.0948	0.0923	0.0962	0.1048	0.1206	0.1460	0.0681	0.0636	0.0639	0.0667	0.0742	0.0895	0.1202
1590	0.1536	0.1582	0.1494	0.1454	0.1358	0.1496	0.1512	0.1526	0.1531	0.1170	0.1220	0.1238	0.1324	0.1440	0.1555	0.0948	0.0923	0.0962	0.1048	0.1207	0.1460	0.0681	0.0636	0.0638	0.0668	0.0742	0.0895	0.1203
1591	0.1537	0.1582	0.1496	0.1454	0.1358	0.1496	0.1512	0.1526	0.1531	0.1171	0.1220	0.1239	0.1325	0.1440	0.1555	0.0949	0.0923	0.0962	0.1048	0.1207	0.1460	0.0682	0.0636	0.0638	0.0669	0.0741	0.0895	0.1205
1592	0.1538	0.1582	0.1495	0.1454	0.1358	0.1497	0.1512	0.1527	0.1532	0.1172	0.1220	0.1240	0.1325	0.1440	0.1556	0.0949	0.0924	0.0962	0.1049	0.1208	0.1460	0.0682	0.0637	0.0638	0.0668	0.0741	0.0896	0.1206
1593	0.1539	0.1583	0.1495	0.1455	0.1358	0.1498	0.1512	0.1528	0.1532	0.1173	0.1221	0.1240	0.1326	0.1439	0.1557	0.0949	0.0924	0.0962	0.1050	0.1208	0.1461	0.0683	0.0638	0.0638	0.0667	0.0742	0.0897	0.1206
1594	0.1539	0.1583	0.1496	0.1455	0.1358	0.1498	0.1512	0.1528	0.1533	0.1172	0.1221	0.1241	0.1327	0.1439	0.1557	0.0949	0.0925	0.0962	0.1051	0.1208	0.1460	0.0684	0.0639	0.0638	0.0667	0.0742	0.0897	0.1207
1595	0.1539	0.1582	0.1496	0.1455	0.1359	0.1499	0.1512	0.1528	0.1533	0.1171	0.1222	0.1241	0.1329	0.1438	0.1557	0.0950	0.0926	0.0961	0.1050	0.1209	0.1460	0.0684	0.0639	0.0638	0.0668	0.0742	0.0897	0.1209
1596	0.1540	0.1584	0.1496	0.1456	0.1360	0.1500	0.1514	0.1527	0.1534	0.1172	0.1223	0.1243	0.1329	0.1439	0.1558	0.0950	0.0927	0.0962	0.1051	0.1208	0.1461	0.0684	0.0640	0.0638	0.0667	0.0741	0.0897	0.1208
1597	0.1542	0.1586	0.1496	0.1457	0.1361	0.1501	0.1515	0.1527	0.1536	0.1173	0.1223	0.1245	0.1329	0.1441	0.1559	0.0951	0.0927	0.0962	0.1051	0.1208	0.1462	0.0684	0.0640	0.0638	0.0667	0.0741	0.0897	0.1208
1598	0.1542	0.1587	0.1497	0.1457	0.1362	0.1501	0.1515	0.1527	0.1536	0.1175	0.1223	0.1245	0.1330	0.1442	0.1560	0.0951	0.0927	0.0963	0.1051	0.1209	0.1462	0.0685	0.0640	0.0638	0.0668	0.0741	0.0897	0.1209
1599	0.1543	0.1588	0.1498	0.1457	0.1362	0.1501	0.1515	0.1527	0.1537	0.1176	0.1223	0.1245	0.1330	0.1444	0.1561	0.0951	0.0926	0.0963	0.1052	0.1209	0.1463	0.0686	0.0641	0.0638	0.0670	0.0741	0.0897	0.1209
1600	0.1543	0.1587	0.1499	0.1457	0.1363	0.1502	0.1516	0.1528	0.1537	0.1177	0.1225	0.1244	0.1331	0.1445	0.1562	0.0952	0.0927	0.0964	0.1052	0.1210	0.1463	0.0686	0.0641	0.0639	0.0670	0.0742	0.0898	0.1210
1601	0.1542	0.1587	0.1499	0.1457	0.1363	0.1503	0.1517	0.1528	0.1537	0.1177	0.1226	0.1244	0.1332	0.1445	0.1563	0.0954	0.0928	0.0965	0.1053	0.1212	0.1463	0.0685	0.0642	0.0640	0.0671	0.0743	0.0898	0.1211
1602	0.1542	0.1588	0.1499	0.1457	0.1363	0.1504	0.1518	0.1528	0.1538	0.1178	0.1227	0.1244	0.1332	0.1445	0.1563	0.0954	0.0928	0.0966	0.1054	0.1213	0.1463	0.0685	0.0642	0.0640	0.0671	0.0743	0.0898	0.1211
1603	0.1543	0.1588	0.1500	0.1458	0.1363	0.1505	0.1519	0.1527	0.1539	0.1178	0.1227	0.1245	0.1331	0.1445	0.1564	0.0954	0.0928	0.0966	0.1056	0.1213	0.1463	0.0685	0.0643	0.0640	0.0671	0.0743	0.0898	0.1211
1604	0.1543	0.1588	0.1501	0.1459	0.1364	0.1505	0.1520	0.1528	0.1540	0.1179	0.1226	0.1246	0.1332	0.1446	0.1564	0.0955	0.0928	0.0967	0.1056	0.1214	0.1463	0.0685	0.0643	0.0641	0.0671	0.0743	0.0898	0.1211
1605	0.1543	0.1588	0.1502	0.1459	0.1365	0.1505	0.1520	0.1530	0.1540	0.1180	0.1226	0.1247	0.1333	0.1446	0.1565	0.0956	0.0929	0.0967	0.1056	0.1214	0.1464	0.0685	0.0643	0.0642	0.0670	0.0743	0.0898	0.1211
1606	0.1544	0.1588	0.1503	0.1460	0.1366	0.1506	0.1520	0.1531	0.1540	0.1180	0.1227	0.1248	0.1332	0.1447	0.1564	0.0956	0.0930	0.0968	0.1055	0.1214	0.1465	0.0686	0.0643	0.0642	0.0670	0.0744	0.0898	0.1212
1607	0.1545	0.1588	0.1504	0.1460	0.1367	0.1506	0.1521	0.1532	0.1540	0.1180	0.1228	0.1249	0.1332	0.1448	0.1562	0.0956	0.0931	0.0968	0.1054	0.1214	0.1466	0.0686	0.0643	0.0641	0.0671	0.0745	0.0899	0.1213
1608	0.1546	0.1589	0.1503	0.1461	0.1368	0.1507	0.1521	0.1533	0.1541	0.1180	0.1229	0.1249	0.1333	0.1448	0.1563	0.0957	0.0932	0.0968	0.1056	0.1214	0.1466	0.0686	0.0644	0.0642	0.0672	0.0746	0.0899	0.1213
1609	0.1547	0.1590	0.1502	0.1461	0.1369	0.1508	0.1521	0.1534	0.1541	0.1180	0.1229	0.1249	0.1334	0.1448	0.1564	0.0958	0.0933	0.0968	0.1057	0.1214	0.1465	0.0687	0.0644	0.0642	0.0672	0.0748	0.0900	0.1212
1610	0.1549	0.1590	0.1503	0.1462	0.1369	0.1508	0.1523	0.1534	0.1542	0.1180	0.1230	0.1249	0.1334	0.1448	0.1564	0.0958	0.0933	0.0968	0.1058	0.1215	0.1465	0.0687	0.0644	0.0642	0.0672	0.0748	0.0901	0.1213
1611	0.1550	0.1591	0.1503	0.1463	0.1369	0.1508	0.1524	0.1535	0.1543	0.1181	0.1230	0.1249	0.1334	0.1449	0.1564	0.0958	0.0934	0.0968	0.1059	0.1215	0.1464	0.0687	0.0645	0.0643	0.0671	0.0748	0.0902	0.1214
1612	0.1550	0.1592	0.1504	0.1463	0.1368	0.1509	0.1525	0.1535	0.1544	0.1181	0.1230	0.1249	0.1335	0.1450	0.1565	0.0957	0.0934	0.0969	0.1060	0.1214	0.1465	0.0687	0.0645	0.0644	0.0672	0.0748	0.0901	0.1213
1613	0.1551	0.1592	0.1505	0.1464	0.1367	0.1510	0.1524	0.1535	0.1546	0.1182	0.1231	0.1250	0.1336	0.1450	0.1565	0.0957	0.0935	0.0970	0.1060	0.1214	0.1466	0.0687	0.0644	0.0644	0.0674	0.0748	0.0901	0.1212
1614	0.1551	0.1592	0.1505	0.1464	0.1368	0.1510	0.1525	0.1535	0.1546	0.1183	0.1230	0.1251	0.1337	0.1451	0.1565	0.0958	0.0934	0.0971	0.1059	0.1214	0.1466	0.0687	0.0645	0.0643	0.0674	0.0748	0.0900	0.1212
1615	0.1551	0.1591	0.1506	0.1464	0.1369	0.1510	0.1525	0.1535	0.1546	0.1184	0.1230	0.1252	0.1338	0.1452	0.1565	0.0959	0.0934	0.0973	0.1058	0.1215	0.1467	0.0688	0.0645	0.0643	0.0673	0.0748	0.0900	0.1213
1616	0.1553	0.1591	0.1506	0.1463	0.1369	0.1510	0.1526	0.1535	0.1546	0.1185	0.1230	0.1253	0.1338	0.1451	0.1566	0.0959	0.0934	0.0972	0.1058	0.1215	0.1467	0.0687	0.0645	0.0643	0.0674	0.0748	0.0901	0.1212
1617	0.1554	0.1591	0.1506	0.1463	0.1369	0.1510	0.1526	0.1535	0.1546	0.1186	0.1231	0.1253	0.1338	0.1451	0.1567	0.0960	0.0935	0.0972	0.1058	0.1216	0.1468	0.0686	0.0645	0.0643	0.0676	0.0748	0.0902	0.1211
1618	0.1555	0.1591	0.1506	0.1463	0.1369	0.1510	0.1526	0.1536	0.1546	0.1186	0.1232	0.1253	0.1337	0.1451	0.1566	0.0959	0.0936	0.0972	0.1057	0.1216	0.1468	0.0685	0.0645	0.0644	0.0675	0.0748	0.0902	0.1211
1619	0.1556	0.1591	0.1507	0.1463	0.1369	0.1510	0.1526	0.1537	0.1547	0.1185	0.1233	0.1252	0.1336	0.1452	0.1565	0.0959	0.0936	0.0972	0.1057	0.1216	0.1468	0.0685	0.0645	0.0645	0.0674	0.0748	0.0901	0.1210
1620	0.1556	0.1592	0.1507	0.1465	0.1369	0.1510	0.1526	0.1537	0.1548	0.1184	0.1233	0.1252	0.1337	0.1453	0.1565	0.0959	0.0936	0.0973	0.1058	0.1215	0.1467	0.0686	0.0645	0.0645	0.0674	0.0747	0.0901	0.1211
1621	0.1556	0.1594	0.1506	0.1467	0.1370	0.1511	0.1527	0.1536	0.1548	0.1184	0.1233	0.1253	0.1337	0.1453	0.1565	0.0959	0.0936	0.0973	0.1059	0.1215	0.1468	0.0688	0.0645	0.0646	0.0673	0.0747	0.0900	0.1211
1622	0.1557	0.1595	0.1507	0.1466	0.1371	0.1512	0.1528	0.1537	0.1548	0.1184	0.1234	0.1253	0.1339	0.1454	0.1566	0.0959	0.0936	0.0973	0.1060	0.1215	0.1468	0.0688	0.0646	0.0646	0.0674	0.0748	0.0901	0.1212
1623	0.1557	0.1595	0.1508	0.1465	0.1373	0.1513	0.1528	0.1537	0.1548	0.1184	0.1235	0.1254	0.1340	0.1455	0.1568	0.0960	0.0936	0.0973	0.1062	0.1216	0.1468	0.0688	0.0648	0.0646	0.0674	0.0748	0.0901	0.1213
1624	0.1556	0.1596	0.1509	0.1465	0.1373	0.1513	0.1528	0.1538	0.1547	0.1184	0.1235	0.1253	0.1340	0.1455	0.1568	0.0959	0.0937	0.0973	0.1062	0.1216	0.1468	0.0688	0.0648	0.0645	0.0674	0.0749	0.0902	0.1213
1625	0.1555	0.1596	0.1510	0.1466	0.1374	0.1514	0.1527	0.1538	0.1546	0.1183	0.1235	0.1252	0.1339	0.1455	0.1568	0.0957	0.0937	0.0972	0.1063	0.1215	0.1469	0.0688	0.0648	0.0645	0.0674	0.0749	0.0903	0.1212
1626	0.1556	0.1596	0.1509	0.1466	0.1375	0.1514	0.1526	0.1538	0.1546	0.1184	0.1235	0.1252	0.1340	0.1455	0.1569	0.0958	0.0938	0.0973	0.1063	0.1216	0.1470	0.0688	0.0649	0.0645	0.0675	0.0750	0.0903	0.1212
1627	0.1557	0.1596	0.1509	0.1467	0.1376	0.1514	0.1526	0.1538	0.1547	0.1185	0.1234	0.1252	0.1341	0.1454	0.1571	0.0958	0.0938	0.0974	0.1063	0.1218	0.1472	0.0689	0.0649	0.0645	0.0677	0.0750	0.0903	0.1213
1628	0.1557	0.1596	0.1510	0.1467	0.1376	0.1514	0.1527	0.1539	0.1548	0.1185	0.1235	0.1253	0.1341	0.1455	0.1571	0.0959	0.0939	0.0975	0.1063	0.1218	0.1472	0.0689	0.0649	0.0646	0.0677	0.0750	0.0903	0.1213
1629	0.1557	0.1597	0.1511	0.1467	0.1375	0.1513	0.1529	0.1539	0.1549	0.1184	0.1235	0.1254	0.1342	0.1455	0.1571	0.0960	0.0939	0.0975	0.1063	0.1218	0.1472	0.0690	0.0649	0.0646	0.0677	0.0750	0.0904	0.1213
1630	0.1557	0.1598	0.1511	0.1468	0.1375	0.1513	0.1529	0.1539	0.1548	0.1185	0.1236	0.1255	0.1342	0.1456	0.1571	0.0961	0.0939	0.0975	0.1063	0.1219	0.1472	0.0690	0.0649	0.0645	0.0677	0.0749	0.0903	0.1213
1631	0.1557	0.1599	0.1512	0.1468	0.1375	0.1513	0.1530	0.1538	0.1546	0.1186	0.1238	0.1255	0.1342	0.1457	0.1572	0.0962	0.0939	0.0975	0.1062	0.1220	0.1472	0.0690	0.0649	0.0644	0.0677	0.0748	0.0903	0.1214
1632	0.1559	0.1599	0.1513	0.1469	0.1375	0.1515	0.1531	0.1538	0.1546	0.1186	0.1238	0.1257	0.1342	0.1456	0.1571	0.0962	0.0939	0.0975	0.1064	0.1220	0.1472	0.0690	0.0648	0.0645	0.0676	0.0748	0.0903	0.1214
1633	0.1560	0.1600	0.1513	0.1470	0.1375	0.1517	0.1531	0.1539	0.1547	0.1185	0.1238	0.1258	0.1341	0.1456	0.1570	0.0961	0.0939	0.0975	0.1065	0.1220	0.1471	0.0690	0.0648	0.0646	0.0676	0.0748	0.0904	0.1214
1634	0.1560	0.1599	0.1514	0.1470	0.1376	0.1517	0.1532	0.1540	0.1548	0.1186	0.1238	0.1259	0.1340	0.1457	0.1571	0.0961	0.0940	0.0976	0.1065	0.1220	0.1471	0.0690	0.0647	0.0646	0.0676	0.0749	0.0904	0.1214
1635	0.1560	0.1598	0.1514	0.1470	0.1377	0.1517	0.1532	0.1540	0.1549	0.1186	0.1239	0.1259	0.1340	0.1458	0.1571	0.0961	0.0940	0.0976	0.1064	0.1220	0.1470	0.0690	0.0646	0.0646	0.0675	0.0750	0.0903	0.1214
1636	0.1561	0.1598	0.1514	0.1469	0.1377	0.1517	0.1531	0.1541	0.1550	0.1187	0.1238	0.1259	0.1340	0.1458	0.1571	0.0962	0.0941	0.0976	0.1064	0.1220	0.1471	0.0690	0.0647	0.0647	0.0675	0.0751	0.0904	0.1213
1637	0.1562	0.1599	0.1514	0.1468	0.1377	0.1516	0.1529	0.1541	0.1550	0.1188	0.1237	0.1259	0.1340	0.1458	0.1570	0.0963	0.0940	0.0977	0.1063	0.1219	0.1472	0.0689	0.0648	0.0647	0.0675	0.0751	0.0905	0.1213
1638	0.1562	0.1600	0.1514	0.1468	0.1377	0.1517	0.1530	0.1541	0.1550	0.1188	0.1237	0.1260	0.1341	0.1457	0.1571	0.0964	0.0940	0.0977	0.1064	0.1219	0.1472	0.0690	0.0648	0.0647	0.0674	0.0752	0.0905	0.1213
1639	0.1562	0.1600	0.1514	0.1469	0.1377	0.1518	0.1531	0.1542	0.1550	0.1187	0.1238	0.1260	0.1342	0.1457	0.1573	0.0964	0.0939	0.0977	0.1064	0.1219	0.1472	0.0691	0.0648	0.0647	0.0673	0.0753	0.0905	0.1214
1640	0.1562	0.1601	0.1514	0.1469	0.1378	0.1518	0.1532	0.1542	0.1550	0.1188	0.1239	0.1260	0.1342	0.1457	0.1572	0.0965	0.0940	0.0977	0.1064	0.1220	0.1472	0.0691	0.0648	0.0647	0.0673	0.0753	0.0905	0.1214
1641	0.1563	0.1602	0.1514	0.1468	0.1378	0.1518	0.1534	0.1543	0.1549	0.1188	0.1240	0.1260	0.1342	0.1458	0.1571	0.0965	0.0940	0.0978	0.1064	0.1220	0.1471	0.0690	0.0648	0.0646	0.0672	0.0754	0.0905	0.1215
1642	0.1563	0.1603	0.1515	0.1470	0.1379	0.1518	0.1533	0.1543	0.1550	0.1189	0.1240	0.1260	0.1343	0.1459	0.1572	0.0966	0.0941	0.0978	0.1065	0.1221	0.1471	0.0691	0.0648	0.0646	0.0673	0.0753	0.0905	0.1215
1643	0.1563	0.1603	0.1516	0.1472	0.1380	0.1518	0.1533	0.1543	0.1551	0.1190	0.1239	0.1260	0.1343	0.1459	0.1572	0.0966	0.0942	0.0979	0.1066	0.1222	0.1471	0.0691	0.0648	0.0647	0.0675	0.0752	0.0905	0.1215
1644	0.1562	0.1603	0.1515	0.1472	0.1380	0.1518	0.1533	0.1544	0.1551	0.1189	0.1240	0.1260	0.1343	0.1459	0.1572	0.0965	0.0943	0.0979	0.1066	0.1222	0.1471	0.0690	0.0648	0.0647	0.0676	0.0751	0.0904	0.1214
1645	0.1561	0.1603	0.1515	0.1472	0.1380	0.1518	0.1532	0.1544	0.1551	0.1188	0.1240	0.1261	0.1343	0.1459	0.1571	0.0964	0.0945	0.0979	0.1065	0.1223	0.1470	0.0690	0.0648	0.0648	0.0677	0.0751	0.0903	0.1213
1646	0.1562	0.1602	0.1515	0.1471	0.1380	0.1518	0.1532	0.1543	0.1551	0.1190	0.1239	0.1261	0.1342	0.1458	0.1571	0.0964	0.0943	0.0979	0.1064	0.1222	0.1471	0.0690	0.0649	0.0649	0.0677	0.0751	0.0902	0.1214
1647	0.1563	0.1602	0.1516	0.1471	0.1381	0.1518	0.1533	0.1543	0.1550	0.1191	0.1239	0.1261	0.1342	0.1457	0.1571	0.0963	0.0941	0.0978	0.1064	0.1221	0.1471	0.0691	0.0650	0.0651	0.0677	0.0751	0.0901	0.1215
1648	0.1564	0.1602	0.1515	0.1471	0.1381	0.1518	0.1532	0.1543	0.1551	0.1191	0.1240	0.1260	0.1343	0.1456	0.1572	0.0963	0.0941	0.0977	0.1064	0.1221	0.1470	0.0692	0.0650	0.0650	0.0677	0.0751	0.0902	0.1215
1649	0.1564	0.1602	0.1514	0.1470	0.1382	0.1518	0.1531	0.1543	0.1552	0.1190	0.1241	0.1258	0.1343	0.1456	0.1573	0.0963	0.0942	0.0975	0.1065	0.1221	0.1469	0.0692	0.0649	0.0650	0.0677	0.0751	0.0903	0.1215
1650	0.1564	0.1603	0.1514	0.1471	0.1381	0.1519	0.1531	0.1542	0.1553	0.1190	0.1241	0.1259	0.1343	0.1457	0.1573	0.0963	0.0941	0.0976	0.1064	0.1221	0.1469	0.0691	0.0650	0.0650	0.0677	0.0751	0.0902	0.1214
1651	0.1564	0.1604	0.1515	0.1472	0.1380	0.1519	0.1531	0.1542	0.1553	0.1190	0.1242	0.1259	0.1343	0.1459	0.1572	0.0963	0.0940	0.0977	0.1064	0.1221	0.1469	0.0690	0.0650	0.0651	0.0676	0.0751	0.0901	0.1213
1652	0.1564	0.1603	0.1515	0.1472	0.1380	0.1518	0.1533	0.1542	0.1554	0.1191	0.1242	0.1260	0.1342	0.1458	0.1572	0.0962	0.0940	0.0978	0.1064	0.1221	0.1470	0.0691	0.0650	0.0651	0.0677	0.0750	0.0902	0.1213
1653	0.1563	0.1602	0.1515	0.1471	0.1380	0.1517	0.1535	0.1542	0.1554	0.1192	0.1243	0.1261	0.1342	0.1458	0.1572	0.0962	0.0940	0.0978	0.1064	0.1222	0.1470	0.0692	0.0650	0.0651	0.0678	0.0750	0.0903	0.1212
1654	0.1563	0.1602	0.1514	0.1472	0.1380	0.1517	0.1535	0.1541	0.1553	0.1192	0.1243	0.1261	0.1342	0.1458	0.1572	0.0963	0.0939	0.0979	0.1064	0.1222	0.1470	0.0692	0.0650	0.0651	0.0678	0.0750	0.0903	0.1212
1655	0.1562	0.1602	0.1513	0.1472	0.1380	0.1518	0.1535	0.1540	0.1551	0.1191	0.1244	0.1262	0.1342	0.1458	0.1572	0.0964	0.0938	0.0979	0.1065	0.1222	0.1469	0.0693	0.0649	0.0651	0.0678	0.0750	0.0904	0.1212
1656	0.1562	0.1603	0.1515	0.1472	0.1381	0.1520	0.1534	0.1541	0.1553	0.1191	0.1244	0.1262	0.1342	0.1458	0.1572	0.0964	0.0939	0.0978	0.1065	0.1222	0.1469	0.0692	0.0650	0.0650	0.0677	0.0750	0.0903	0.1213
1657	0.1561	0.1604	0.1516	0.1473	0.1381	0.1521	0.1534	0.1541	0.1554	0.1191	0.1244	0.1263	0.1342	0.1459	0.1572	0.0964	0.0940	0.0978	0.1065	0.1222	0.1468	0.0692	0.0651	0.0650	0.0676	0.0750	0.0903	0.1213
1658	0.1561	0.1604	0.1515	0.1472	0.1382	0.1521	0.1533	0.1540	0.1554	0.1190	0.1242	0.1263	0.1342	0.1459	0.1571	0.0965	0.0940	0.0978	0.1065	0.1221	0.1468	0.0693	0.0652	0.0649	0.0675	0.0750	0.0903	0.1212
1659	0.1562	0.1603	0.1514	0.1471	0.1382	0.1521	0.1533	0.1538	0.1555	0.1188	0.1241	0.1262	0.1343	0.1460	0.1570	0.0965	0.0940	0.0977	0.1066	0.1221	0.1467	0.0693	0.0653	0.0649	0.0675	0.0750	0.0903	0.1210
1660	0.1562	0.1603	0.1514	0.1471	0.1383	0.1522	0.1534	0.1540	0.1554	0.1190	0.1241	0.1261	0.1343	0.1459	0.1569	0.0966	0.0940	0.0977	0.1065	0.1222	0.1468	0.0693	0.0651	0.0649	0.0675	0.0750	0.0903	0.1211
1661	0.1562	0.1603	0.1515	0.1471	0.1383	0.1522	0.1535	0.1541	0.1554	0.1191	0.1241	0.1260	0.1343	0.1459	0.1569	0.0966	0.0939	0.0977	0.1065	0.1223	0.1468	0.0693	0.0650	0.0650	0.0674	0.0750	0.0903	0.1211
1662	0.1563	0.1602	0.1515	0.1471	0.1381	0.1523	0.1535	0.1541	0.1553	0.1190	0.1242	0.1259	0.1343	0.1458	0.1569	0.0966	0.0940	0.0978	0.1065	0.1221	0.1469	0.0692	0.0650	0.0650	0.0675	0.0751	0.0903	0.1210
1663	0.1563	0.1601	0.1516	0.1471	0.1380	0.1524	0.1535	0.1541	0.1553	0.1189	0.1242	0.1258	0.1343	0.1458	0.1570	0.0966	0.0941	0.0978	0.1065	0.1220	0.1469	0.0692	0.0651	0.0650	0.0676	0.0751	0.0902	0.1209
1664	0.1563	0.1603	0.1517	0.1470	0.1379	0.1523	0.1535	0.1541	0.1553	0.1189	0.1241	0.1257	0.1344	0.1457	0.1571	0.0966	0.0941	0.0977	0.1065	0.1220	0.1469	0.0692	0.0650	0.0648	0.0676	0.0751	0.0901	0.1209
1665	0.1563	0.1604	0.1518	0.1469	0.1378	0.1522	0.1534	0.1542	0.1553	0.1188	0.1240	0.1257	0.1345	0.1457	0.1572	0.0966	0.0942	0.0977	0.1065	0.1220	0.1468	0.0693	0.0650	0.0647	0.0676	0.0751	0.0901	0.1209
1666	0.1563	0.1605	0.1518	0.1470	0.1379	0.1522	0.1533	0.1543	0.1552	0.1189	0.1241	0.1258	0.1345	0.1457	0.1571	0.0965	0.0943	0.0978	0.1066	0.1221	0.1467	0.0693	0.0649	0.0648	0.0677	0.0751	0.0900	0.1210
1667	0.1564	0.1605	0.1518	0.1471	0.1380	0.1521	0.1532	0.1543	0.1552	0.1189	0.1241	0.1259	0.1345	0.1458	0.1571	0.0965	0.0944	0.0979	0.1066	0.1221	0.1466	0.0693	0.0648	0.0648	0.0677	0.0751	0.0900	0.1210
1668	0.1565	0.1605	0.1518	0.1471	0.1380	0.1520	0.1532	0.1543	0.1552	0.1190	0.1241	0.1260	0.1346	0.1458	0.1570	0.0965	0.0944	0.0979	0.1066	0.1220	0.1467	0.0693	0.0647	0.0650	0.0678	0.0753	0.0901	0.1209
1669	0.1565	0.1604	0.1518	0.1470	0.1379	0.1520	0.1533	0.1543	0.1552	0.1191	0.1242	0.1261	0.1346	0.1459	0.1570	0.0965	0.0943	0.0979	0.1066	0.1219	0.1467	0.0693	0.0646	0.0651	0.0680	0.0754	0.0902	0.1209
1670	0.1566	0.1604	0.1518	0.1471	0.1380	0.1521	0.1534	0.1543	0.1550	0.1190	0.1241	0.1260	0.1346	0.1458	0.1570	0.0965	0.0942	0.0979	0.1066	0.1220	0.1466	0.0692	0.0646	0.0650	0.0679	0.0752	0.0902	0.1209
1671	0.1566	0.1603	0.1518	0.1473	0.1381	0.1521	0.1535	0.1543	0.1549	0.1189	0.1241	0.1260	0.1345	0.1458	0.1570	0.0965	0.0941	0.0979	0.1066	0.1220	0.1465	0.0691	0.0647	0.0650	0.0679	0.0751	0.0902	0.1210
1672	0.1563	0.1605	0.1517	0.1473	0.1381	0.1523	0.1534	0.1543	0.1549	0.1190	0.1243	0.1259	0.1346	0.1457	0.1570	0.0965	0.0942	0.0979	0.1066	0.1219	0.1465	0.0692	0.0648	0.0650	0.0678	0.0751	0.0902	0.1209
1673	0.1562	0.1606	0.1516	0.1474	0.1381	0.1524	0.1534	0.1543	0.1550	0.1190	0.1243	0.1258	0.1347	0.1457	0.1571	0.0964	0.0942	0.0979	0.1065	0.1219	0.1466	0.0692	0.0650	0.0650	0.0678	0.0750	0.0902	0.1209
1674	0.1563	0.1605	0.1515	0.1473	0.1381	0.1523	0.1533	0.1546	0.1549	0.1190	0.1242	0.1259	0.1347	0.1457	0.1571	0.0963	0.0942	0.0981	0.1064	0.1218	0.1466	0.0692	0.0649	0.0649	0.0679	0.0750	0.0901	0.1209
1675	0.1564	0.1605	0.1514	0.1473	0.1381	0.1522	0.1533	0.1547	0.1549	0.1189	0.1241	0.1260	0.1347	0.1457	0.1570	0.0962	0.0941	0.0982	0.1063	0.1218	0.1466	0.0692	0.0649	0.0648	0.0679	0.0750	0.0901	0.1208
1676	0.1565	0.1605	0.1516	0.1475	0.1380	0.1522	0.1534	0.1546	0.1550	0.1189	0.1241	0.1260	0.1346	0.1457	0.1570	0.0962	0.0942	0.0982	0.1064	0.1217	0.1466	0.0692	0.0650	0.0648	0.0678	0.0750	0.0901	0.1206
1677	0.1565	0.1606	0.1518	0.1476	0.1380	0.1522	0.1535	0.1546	0.1550	0.1189	0.1240	0.1260	0.1345	0.1457	0.1571	0.0962	0.0942	0.0982	0.1065	0.1217	0.1466	0.0692	0.0651	0.0648	0.0676	0.0750	0.0901	0.1205
1678	0.1566	0.1605	0.1519	0.1475	0.1381	0.1522	0.1536	0.1547	0.1552	0.1190	0.1240	0.1261	0.1345	0.1456	0.1571	0.0962	0.0942	0.0981	0.1065	0.1218	0.1465	0.0693	0.0652	0.0649	0.0676	0.0750	0.0901	0.1205
1679	0.1566	0.1605	0.1519	0.1475	0.1381	0.1522	0.1537	0.1548	0.1553	0.1191	0.1240	0.1261	0.1346	0.1456	0.1571	0.0963	0.0941	0.0980	0.1066	0.1218	0.1464	0.0694	0.0652	0.0649	0.0676	0.0750	0.0902	0.1205
1680	0.1566	0.1606	0.1518	0.1476	0.1381	0.1523	0.1539	0.1547	0.1554	0.1190	0.1240	0.1260	0.1348	0.1457	0.1570	0.0964	0.0941	0.0979	0.1065	0.1218	0.1465	0.0694	0.0650	0.0649	0.0677	0.0749	0.0902	0.1205
1681	0.1566	0.1607	0.1517	0.1476	0.1381	0.1524	0.1540	0.1547	0.1554	0.1189	0.1240	0.1260	0.1349	0.1458	0.1569	0.0964	0.0941	0.0978	0.1065	0.1219	0.1466	0.0693	0.0649	0.0648	0.0677	0.0748	0.0902	0.1205
1682	0.1565	0.1608	0.1517	0.1477	0.1380	0.1524	0.1538	0.1546	0.1554	0.1189	0.1240	0.1261	0.1348	0.1457	0.1569	0.0964	0.0942	0.0976	0.1064	0.1218	0.1465	0.0693	0.0649	0.0648	0.0676	0.0749	0.0901	0.1203
1683	0.1564	0.1609	0.1517	0.1477	0.1381	0.1524	0.1537	0.1545	0.1554	0.1189	0.1240	0.1262	0.1347	0.1458	0.1570	0.0964	0.0942	0.0975	0.1064	0.1218	0.1464	0.0692	0.0649	0.0648	0.0676	0.0750	0.0901	0.1202
1684	0.1564	0.1609	0.1518	0.1476	0.1381	0.1524	0.1537	0.1544	0.1553	0.1189	0.1241	0.1262	0.1348	0.1459	0.1570	0.0964	0.0942	0.0976	0.1065	0.1219	0.1465	0.0690	0.0649	0.0647	0.0677	0.0750	0.0902	0.1202
1685	0.1564	0.1608	0.1518	0.1475	0.1382	0.1524	0.1538	0.1543	0.1553	0.1189	0.1242	0.1262	0.1348	0.1460	0.1570	0.0964	0.0943	0.0977	0.1066	0.1219	0.1465	0.0689	0.0649	0.0647	0.0678	0.0750	0.0902	0.1202
1686	0.1565	0.1608	0.1518	0.1475	0.1383	0.1523	0.1538	0.1544	0.1553	0.1190	0.1241	0.1261	0.1348	0.1460	0.1570	0.0964	0.0944	0.0978	0.1065	0.1219	0.1464	0.0689	0.0649	0.0649	0.0678	0.0750	0.0900	0.1201
1687	0.1565	0.1607	0.1518	0.1474	0.1383	0.1523	0.1538	0.1544	0.1553	0.1190	0.1241	0.1260	0.1348	0.1459	0.1570	0.0964	0.0944	0.0979	0.1064	0.1219	0.1464	0.0689	0.0649	0.0649	0.0678	0.0750	0.0900	0.1201
1688	0.1565	0.1607	0.1519	0.1475	0.1382	0.1523	0.1537	0.1544	0.1554	0.1188	0.1240	0.1260	0.1348	0.1457	0.1570	0.0964	0.0943	0.0979	0.1064	0.1218	0.1465	0.0689	0.0649	0.0649	0.0678	0.0750	0.0900	0.1200
1689	0.1565	0.1608	0.1519	0.1476	0.1382	0.1523	0.1536	0.1544	0.1554	0.1187	0.1239	0.1260	0.1347	0.1456	0.1570	0.0964	0.0943	0.0979	0.1064	0.1218	0.1465	0.0690	0.0650	0.0648	0.0677	0.0749	0.0901	0.1200
1690	0.1564	0.1609	0.1519	0.1474	0.1380	0.1523	0.1536	0.1544	0.1555	0.1187	0.1239	0.1260	0.1348	0.1457	0.1570	0.0964	0.0943	0.0979	0.1065	0.1217	0.1464	0.0691	0.0651	0.0648	0.0677	0.0750	0.0901	0.1201
1691	0.1563	0.1610	0.1519	0.1474	0.1380	0.1523	0.1536	0.1544	0.1556	0.1187	0.1240	0.1260	0.1347	0.1457	0.1571	0.0964	0.0944	0.0979	0.1066	0.1217	0.1462	0.0692	0.0652	0.0648	0.0677	0.0750	0.0901	0.1202
1692	0.1562	0.1609	0.1520	0.1475	0.1381	0.1523	0.1536	0.1544	0.1556	0.1188	0.1241	0.1260	0.1347	0.1457	0.1571	0.0965	0.0944	0.0979	0.1064	0.1216	0.1462	0.0691	0.0650	0.0648	0.0676	0.0751	0.0900	0.1202
1693	0.1562	0.1609	0.1521	0.1476	0.1381	0.1523	0.1536	0.1544	0.1555	0.1189	0.1242	0.1260	0.1346	0.1457	0.1571	0.0966	0.0943	0.0979	0.1064	0.1216	0.1461	0.0690	0.0649	0.0649	0.0676	0.0751	0.0900	0.1201
1694	0.1562	0.1609	0.1519	0.1476	0.1381	0.1522	0.1535	0.1544	0.1554	0.1189	0.1242	0.1259	0.1346	0.1456	0.1571	0.0965	0.0942	0.0979	0.1065	0.1216	0.1459	0.0691	0.0648	0.0650	0.0677	0.0751	0.0899	0.1201
1695	0.1563	0.1609	0.1519	0.1476	0.1380	0.1522	0.1535	0.1545	0.1554	0.1189	0.1242	0.1258	0.1346	0.1457	0.1569	0.0964	0.0941	0.0978	0.1065	0.1216	0.1459	0.0691	0.0647	0.0650	0.0677	0.0751	0.0899	0.1201
1696	0.1562	0.1609	0.1518	0.1475	0.1380	0.1522	0.1535	0.1545	0.1554	0.1188	0.1242	0.1259	0.1347	0.1459	0.1567	0.0962	0.0941	0.0979	0.1066	0.1216	0.1459	0.0691	0.0647	0.0649	0.0678	0.0752	0.0897	0.1202
1697	0.1562	0.1609	0.1518	0.1475	0.1378	0.1522	0.1535	0.1546	0.1554	0.1187	0.1242	0.1260	0.1347	0.1460	0.1566	0.0962	0.0941	0.0979	0.1066	0.1216	0.1459	0.0691	0.0647	0.0649	0.0678	0.0752	0.0897	0.1202
1698	0.1562	0.1608	0.1518	0.1476	0.1376	0.1523	0.1534	0.1545	0.1552	0.1187	0.1241	0.1260	0.1347	0.1459	0.1565	0.0962	0.0941	0.0978	0.1065	0.1216	0.1458	0.0691	0.0648	0.0649	0.0677	0.0750	0.0898	0.1203
1699	0.1563	0.1607	0.1518	0.1477	0.1375	0.1523	0.1533	0.1544	0.1552	0.1186	0.1241	0.1259	0.1347	0.1459	0.1565	0.0962	0.0941	0.0978	0.1065	0.1216	0.1458	0.0691	0.0648	0.0649	0.0677	0.0749	0.0898	0.1202
1700	0.1563	0.1607	0.1518	0.1476	0.1377	0.1523	0.1534	0.1543	0.1553	0.1185	0.1240	0.1259	0.1347	0.1459	0.1567	0.0962	0.0941	0.0977	0.1065	0.1215	0.1459	0.0692	0.0648	0.0649	0.0677	0.0748	0.0898	0.1202
1701	0.1563	0.1607	0.1518	0.1476	0.1377	0.1523	0.1534	0.1543	0.1554	0.1185	0.1239	0.1259	0.1347	0.1458	0.1567	0.0962	0.0941	0.0975	0.1065	0.1215	0.1459	0.0692	0.0648	0.0648	0.0677	0.0749	0.0898	0.1201
1702	0.1563	0.1607	0.1519	0.1476	0.1377	0.1522	0.1534	0.1544	0.1554	0.1185	0.1238	0.1258	0.1347	0.1457	0.1566	0.0962	0.0939	0.0974	0.1065	0.1214	0.1459	0.0692	0.0648	0.0648	0.0677	0.0749	0.0899	0.1200
1703	0.1563	0.1607	0.1519	0.1477	0.1376	0.1522	0.1533	0.1544	0.1555	0.1185	0.1238	0.1257	0.1346	0.1456	0.1566	0.0963	0.0938	0.0974	0.1064	0.1214	0.1459	0.0691	0.0647	0.0648	0.0676	0.0749	0.0898	0.1200
1704	0.1564	0.1607	0.1520	0.1477	0.1375	0.1522	0.1533	0.1545	0.1556	0.1184	0.1238	0.1256	0.1345	0.1456	0.1567	0.0964	0.0938	0.0974	0.1064	0.1214	0.1460	0.0689	0.0647	0.0647	0.0675	0.0748	0.0898	0.1199
1705	0.1564	0.1607	0.1519	0.1477	0.1375	0.1522	0.1532	0.1544	0.1556	0.1184	0.1239	0.1256	0.1345	0.1455	0.1567	0.0964	0.0939	0.0975	0.1064	0.1215	0.1459	0.0688	0.0647	0.0647	0.0675	0.0747	0.0897	0.1197
1706	0.1564	0.1606	0.1518	0.1476	0.1375	0.1523	0.1530	0.1544	0.1556	0.1182	0.1241	0.1256	0.1346	0.1453	0.1566	0.0964	0.0941	0.0976	0.1064	0.1215	0.1457	0.0687	0.0647	0.0648	0.0675	0.0746	0.0895	0.1195
1707	0.1563	0.1606	0.1518	0.1475	0.1375	0.1523	0.1530	0.1543	0.1555	0.1182	0.1241	0.1256	0.1346	0.1453	0.1566	0.0962	0.0940	0.0976	0.1063	0.1216	0.1455	0.0688	0.0648	0.0648	0.0675	0.0746	0.0895	0.1194
1708	0.1563	0.1606	0.1518	0.1474	0.1375	0.1523	0.1531	0.1543	0.1554	0.1183	0.1241	0.1256	0.1346	0.1454	0.1565	0.0960	0.0939	0.0976	0.1062	0.1216	0.1454	0.0689	0.0647	0.0648	0.0674	0.0747	0.0895	0.1195
1709	0.1563	0.1605	0.1518	0.1474	0.1375	0.1523	0.1532	0.1543	0.1553	0.1183	0.1240	0.1255	0.1345	0.1455	0.1565	0.0959	0.0939	0.0976	0.1061	0.1215	0.1454	0.0689	0.0647	0.0648	0.0673	0.0747	0.0895	0.1194
1710	0.1563	0.1605	0.1518	0.1474	0.1374	0.1523	0.1533	0.1541	0.1552	0.1182	0.1239	0.1255	0.1343	0.1454	0.1565	0.0958	0.0939	0.0976	0.1061	0.1214	0.1453	0.0688	0.0647	0.0648	0.0672	0.0747	0.0894	0.1193
1711	0.1562	0.1604	0.1517	0.1475	0.1374	0.1522	0.1532	0.1541	0.1551	0.1182	0.1238	0.1255	0.1342	0.1455	0.1565	0.0959	0.0940	0.0976	0.1060	0.1213	0.1454	0.0687	0.0647	0.0649	0.0673	0.0748	0.0894	0.1194
1712	0.1561	0.1603	0.1518	0.1475	0.1374	0.1521	0.1530	0.1542	0.1551	0.1182	0.1237	0.1255	0.1341	0.1455	0.1566	0.0960	0.0941	0.0976	0.1060	0.1213	0.1454	0.0687	0.0647	0.0650	0.0674	0.0748	0.0895	0.1196
1713	0.1562	0.1602	0.1518	0.1475	0.1373	0.1521	0.1529	0.1541	0.1551	0.1182	0.1237	0.1255	0.1341	0.1455	0.1566	0.0961	0.0940	0.0976	0.1060	0.1212	0.1454	0.0687	0.0647	0.0650	0.0674	0.0748	0.0895	0.1196
1714	0.1563	0.1602	0.1518	0.1474	0.1372	0.1522	0.1529	0.1541	0.1550	0.1183	0.1236	0.1255	0.1342	0.1454	0.1565	0.0962	0.0938	0.0976	0.1061	0.1212	0.1454	0.0688	0.0647	0.0649	0.0675	0.0747	0.0895	0.1196
1715	0.1563	0.1603	0.1518	0.1473	0.1374	0.1521	0.1529	0.1540	0.1550	0.1182	0.1236	0.1254	0.1341	0.1453	0.1564	0.0962	0.0938	0.0975	0.1060	0.1211	0.1454	0.0688	0.0646	0.0648	0.0674	0.0746	0.0895	0.1195
1716	0.1562	0.1603	0.1517	0.1472	0.1375	0.1520	0.1531	0.1539	0.1550	0.1181	0.1237	0.1254	0.1340	0.1453	0.1563	0.0961	0.0937	0.0974	0.1059	0.1210	0.1454	0.0688	0.0646	0.0647	0.0674	0.0746	0.0896	0.1194
1717	0.1561	0.1603	0.1517	0.1471	0.1374	0.1519	0.1530	0.1540	0.1550	0.1180	0.1236	0.1253	0.1339	0.1452	0.1563	0.0960	0.0936	0.0974	0.1058	0.1210	0.1453	0.0687	0.0645	0.0647	0.0673	0.0746	0.0894	0.1193
1718	0.1561	0.1603	0.1517	0.1470	0.1373	0.1518	0.1529	0.1541	0.1550	0.1178	0.1235	0.1252	0.1338	0.1450	0.1563	0.0958	0.0936	0.0975	0.1056	0.1210	0.1452	0.0687	0.0645	0.0647	0.0673	0.0747	0.0893	0.1191
1719	0.1560	0.1602	0.1517	0.1471	0.1372	0.1518	0.1528	0.1540	0.1550	0.1179	0.1235	0.1253	0.1338	0.1449	0.1562	0.0958	0.0937	0.0975	0.1056	0.1210	0.1452	0.0688	0.0644	0.0647	0.0673	0.0746	0.0893	0.1191
1720	0.1559	0.1602	0.1516	0.1471	0.1372	0.1518	0.1527	0.1539	0.1550	0.1180	0.1235	0.1254	0.1339	0.1448	0.1561	0.0957	0.0937	0.0974	0.1056	0.1209	0.1451	0.0688	0.0644	0.0647	0.0675	0.0744	0.0894	0.1191
1721	0.1559	0.1602	0.1515	0.1471	0.1371	0.1518	0.1526	0.1539	0.1549	0.1179	0.1234	0.1254	0.1340	0.1447	0.1560	0.0957	0.0937	0.0975	0.1055	0.1209	0.1450	0.0686	0.0643	0.0648	0.0676	0.0745	0.0894	0.1191
1722	0.1558	0.1602	0.1513	0.1472	0.1371	0.1517	0.1525	0.1539	0.1548	0.1179	0.1233	0.1253	0.1340	0.1447	0.1558	0.0957	0.0936	0.0975	0.1055	0.1209	0.1450	0.0685	0.0641	0.0648	0.0677	0.0746	0.0893	0.1190
1723	0.1558	0.1601	0.1513	0.1470	0.1372	0.1516	0.1525	0.1538	0.1547	0.1178	0.1233	0.1253	0.1340	0.1446	0.1559	0.0958	0.0935	0.0975	0.1055	0.1208	0.1450	0.0684	0.0643	0.0646	0.0677	0.0746	0.0892	0.1190
1724	0.1558	0.1600	0.1513	0.1469	0.1372	0.1515	0.1526	0.1537	0.1547	0.1177	0.1234	0.1253	0.1340	0.1446	0.1559	0.0960	0.0934	0.0974	0.1056	0.1208	0.1450	0.0683	0.0644	0.0644	0.0677	0.0746	0.0891	0.1189
1725	0.1556	0.1599	0.1512	0.1469	0.1373	0.1514	0.1524	0.1537	0.1546	0.1177	0.1232	0.1252	0.1340	0.1448	0.1560	0.0960	0.0935	0.0973	0.1057	0.1209	0.1450	0.0683	0.0645	0.0643	0.0675	0.0745	0.0890	0.1190
1726	0.1555	0.1598	0.1511	0.1469	0.1373	0.1514	0.1522	0.1537	0.1545	0.1178	0.1230	0.1250	0.1340	0.1449	0.1561	0.0960	0.0935	0.0972	0.1058	0.1209	0.1450	0.0684	0.0646	0.0642	0.0673	0.0745	0.0888	0.1190
1727	0.1556	0.1597	0.1510	0.1469	0.1372	0.1514	0.1522	0.1535	0.1544	0.1177	0.1230	0.1250	0.1339	0.1447	0.1559	0.0959	0.0934	0.0970	0.1057	0.1209	0.1450	0.0683	0.0645	0.0643	0.0672	0.0744	0.0888	0.1190
1728	0.1557	0.1596	0.1509	0.1470	0.1372	0.1513	0.1523	0.1534	0.1544	0.1177	0.1230	0.1251	0.1337	0.1445	0.1557	0.0958	0.0933	0.0968	0.1056	0.1208	0.1449	0.0682	0.0644	0.0643	0.0671	0.0743	0.0888	0.1189
1729	0.1556	0.1596	0.1509	0.1467	0.1371	0.1512	0.1523	0.1533	0.1544	0.1177	0.1229	0.1252	0.1336	0.1445	0.1557	0.0958	0.0934	0.0967	0.1057	0.1207	0.1447	0.0683	0.0643	0.0641	0.0671	0.0743	0.0888	0.1188
1730	0.1556	0.1595	0.1509	0.1465	0.1371	0.1510	0.1524	0.1533	0.1543	0.1177	0.1229	0.1253	0.1335	0.1444	0.1557	0.0957	0.0934	0.0967	0.1057	0.1206	0.1446	0.0683	0.0643	0.0641	0.0671	0.0743	0.0887	0.1187
1731	0.1554	0.1595	0.1509	0.1465	0.1371	0.1509	0.1524	0.1532	0.1542	0.1177	0.1229	0.1253	0.1333	0.1444	0.1557	0.0956	0.0933	0.0966	0.1056	0.1205	0.1446	0.0682	0.0643	0.0643	0.0671	0.0743	0.0888	0.1186
1732	0.1553	0.1594	0.1509	0.1464	0.1371	0.1508	0.1523	0.1532	0.1540	0.1176	0.1229	0.1252	0.1332	0.1443	0.1557	0.0955	0.0933	0.0965	0.1055	0.1204	0.1446	0.0681	0.0642	0.0645	0.0672	0.0743	0.0888	0.1185
1733	0.1553	0.1595	0.1508	0.1464	0.1372	0.1508	0.1521	0.1531	0.1540	0.1176	0.1229	0.1252	0.1332	0.1441	0.1555	0.0954	0.0933	0.0966	0.1054	0.1204	0.1446	0.0681	0.0641	0.0644	0.0675	0.0742	0.0888	0.1187
1734	0.1553	0.1596	0.1507	0.1464	0.1372	0.1508	0.1519	0.1530	0.1539	0.1176	0.1229	0.1252	0.1332	0.1440	0.1554	0.0953	0.0933	0.0967	0.1053	0.1204	0.1446	0.0682	0.0640	0.0644	0.0676	0.0741	0.0887	0.1188
1735	0.1552	0.1596	0.1507	0.1462	0.1371	0.1509	0.1519	0.1530	0.1539	0.1174	0.1229	0.1251	0.1333	0.1440	0.1553	0.0955	0.0934	0.0968	0.1053	0.1205	0.1445	0.0681	0.0640	0.0645	0.0674	0.0742	0.0887	0.1186
1736	0.1552	0.1595	0.1506	0.1461	0.1369	0.1510	0.1518	0.1530	0.1539	0.1172	0.1228	0.1251	0.1333	0.1441	0.1551	0.0955	0.0934	0.0968	0.1054	0.1205	0.1444	0.0681	0.0640	0.0645	0.0673	0.0743	0.0886	0.1185
1737	0.1553	0.1593	0.1504	0.1458	0.1367	0.1508	0.1518	0.1529	0.1539	0.1174	0.1228	0.1250	0.1332	0.1440	0.1550	0.0953	0.0933	0.0967	0.1053	0.1204	0.1444	0.0682	0.0640	0.0644	0.0672	0.0741	0.0886	0.1186
1738	0.1552	0.1591	0.1502	0.1457	0.1364	0.1507	0.1518	0.1528	0.1539	0.1174	0.1227	0.1249	0.1331	0.1440	0.1549	0.0951	0.0933	0.0966	0.1052	0.1204	0.1444	0.0682	0.0640	0.0643	0.0671	0.0740	0.0886	0.1186
1739	0.1549	0.1590	0.1501	0.1458	0.1363	0.1506	0.1517	0.1527	0.1538	0.1174	0.1228	0.1249	0.1330	0.1441	0.1549	0.0951	0.0932	0.0966	0.1051	0.1202	0.1444	0.0682	0.0641	0.0642	0.0671	0.0740	0.0885	0.1185
1740	0.1547	0.1590	0.1500	0.1459	0.1363	0.1506	0.1516	0.1527	0.1536	0.1174	0.1227	0.1248	0.1328	0.1441	0.1549	0.0951	0.0931	0.0965	0.1050	0.1202	0.1443	0.0682	0.0642	0.0642	0.0671	0.0739	0.0885	0.1184
1741	0.1546	0.1591	0.1502	0.1458	0.1362	0.1505	0.1515	0.1526	0.1535	0.1174	0.1225	0.1248	0.1328	0.1438	0.1550	0.0952	0.0931	0.0965	0.1049	0.1201	0.1442	0.0683	0.0641	0.0643	0.0671	0.0737	0.0886	0.1183
1742	0.1546	0.1590	0.1503	0.1457	0.1362	0.1504	0.1514	0.1525	0.1534	0.1173	0.1224	0.1247	0.1328	0.1436	0.1549	0.0952	0.0930	0.0964	0.1049	0.1200	0.1441	0.0683	0.0641	0.0644	0.0671	0.0737	0.0887	0.1183
1743	0.1546	0.1589	0.1502	0.1457	0.1362	0.1504	0.1513	0.1524	0.1535	0.1171	0.1224	0.1245	0.1326	0.1436	0.1548	0.0951	0.0929	0.0963	0.1050	0.1199	0.1439	0.0682	0.0639	0.0644	0.0668	0.0739	0.0888	0.1183
1744	0.1547	0.1587	0.1502	0.1457	0.1363	0.1503	0.1512	0.1523	0.1536	0.1170	0.1224	0.1243	0.1327	0.1435	0.1547	0.0949	0.0929	0.0963	0.1050	0.1198	0.1438	0.0681	0.0639	0.0643	0.0667	0.0740	0.0887	0.1183
1745	0.1547	0.1586	0.1501	0.1456	0.1365	0.1502	0.1510	0.1521	0.1535	0.1169	0.1225	0.1243	0.1329	0.1434	0.1546	0.0949	0.0930	0.0962	0.1048	0.1198	0.1437	0.0680	0.0638	0.0642	0.0667	0.0738	0.0885	0.1181
1746	0.1547	0.1585	0.1501	0.1455	0.1365	0.1501	0.1508	0.1520	0.1534	0.1168	0.1224	0.1242	0.1329	0.1434	0.1545	0.0949	0.0930	0.0962	0.1047	0.1198	0.1437	0.0679	0.0637	0.0641	0.0668	0.0738	0.0883	0.1180
1747	0.1546	0.1585	0.1500	0.1452	0.1363	0.1500	0.1505	0.1520	0.1532	0.1167	0.1222	0.1242	0.1328	0.1433	0.1545	0.0949	0.0930	0.0963	0.1046	0.1198	0.1436	0.0679	0.0636	0.0640	0.0668	0.0738	0.0882	0.1180
1748	0.1544	0.1584	0.1499	0.1450	0.1362	0.1499	0.1503	0.1520	0.1531	0.1167	0.1220	0.1241	0.1327	0.1432	0.1545	0.0949	0.0930	0.0963	0.1046	0.1197	0.1436	0.0678	0.0637	0.0640	0.0669	0.0738	0.0881	0.1180
1749	0.1542	0.1583	0.1496	0.1450	0.1361	0.1498	0.1502	0.1518	0.1529	0.1168	0.1219	0.1240	0.1324	0.1432	0.1545	0.0949	0.0928	0.0964	0.1045	0.1196	0.1435	0.0677	0.0637	0.0640	0.0669	0.0737	0.0880	0.1179
1750	0.1541	0.1581	0.1494	0.1450	0.1359	0.1498	0.1502	0.1518	0.1529	0.1168	0.1218	0.1239	0.1322	0.1431	0.1545	0.0948	0.0928	0.0965	0.1044	0.1196	0.1435	0.0677	0.0638	0.0640	0.0668	0.0736	0.0880	0.1179
1751	0.1541	0.1579	0.1493	0.1450	0.1356	0.1498	0.1503	0.1518	0.1529	0.1167	0.1216	0.1237	0.1321	0.1430	0.1544	0.0946	0.0928	0.0965	0.1045	0.1195	0.1436	0.0677	0.0638	0.0639	0.0668	0.0736	0.0881	0.1179
1752	0.1540	0.1578	0.1492	0.1447	0.1354	0.1497	0.1505	0.1517	0.1528	0.1165	0.1217	0.1237	0.1320	0.1428	0.1543	0.0946	0.0926	0.0964	0.1045	0.1194	0.1436	0.0675	0.0637	0.0639	0.0667	0.0735	0.0881	0.1179
1753	0.1539	0.1578	0.1492	0.1445	0.1351	0.1496	0.1507	0.1515	0.1525	0.1163	0.1219	0.1237	0.1320	0.1427	0.1542	0.0946	0.0925	0.0962	0.1044	0.1193	0.1435	0.0674	0.0637	0.0638	0.0667	0.0734	0.0880	0.1178
1754	0.1538	0.1577	0.1491	0.1443	0.1350	0.1495	0.1506	0.1514	0.1524	0.1163	0.1217	0.1237	0.1319	0.1428	0.1541	0.0946	0.0924	0.0960	0.1043	0.1193	0.1434	0.0674	0.0636	0.0637	0.0666	0.0734	0.0879	0.1177
1755	0.1537	0.1576	0.1490	0.1442	0.1350	0.1494	0.1504	0.1514	0.1523	0.1164	0.1216	0.1237	0.1317	0.1429	0.1540	0.0945	0.0923	0.0957	0.1042	0.1193	0.1433	0.0675	0.0636	0.0636	0.0665	0.0734	0.0879	0.1175
1756	0.1536	0.1576	0.1489	0.1443	0.1349	0.1492	0.1502	0.1514	0.1522	0.1164	0.1215	0.1235	0.1317	0.1428	0.1538	0.0944	0.0922	0.0956	0.1042	0.1192	0.1433	0.0676	0.0636	0.0635	0.0665	0.0733	0.0879	0.1175
1757	0.1536	0.1575	0.1487	0.1445	0.1348	0.1490	0.1501	0.1514	0.1523	0.1163	0.1214	0.1234	0.1317	0.1427	0.1536	0.0943	0.0921	0.0956	0.1043	0.1192	0.1433	0.0677	0.0636	0.0634	0.0665	0.0732	0.0879	0.1174
1758	0.1536	0.1575	0.1486	0.1444	0.1348	0.1490	0.1500	0.1512	0.1522	0.1162	0.1213	0.1234	0.1318	0.1425	0.1535	0.0942	0.0920	0.0956	0.1041	0.1191	0.1433	0.0676	0.0636	0.0636	0.0664	0.0731	0.0878	0.1174
1759	0.1535	0.1574	0.1484	0.1444	0.1347	0.1489	0.1498	0.1511	0.1521	0.1160	0.1212	0.1233	0.1319	0.1423	0.1535	0.0942	0.0918	0.0956	0.1040	0.1190	0.1432	0.0675	0.0635	0.0638	0.0664	0.0730	0.0877	0.1175
1760	0.1533	0.1573	0.1484	0.1442	0.1347	0.1489	0.1498	0.1510	0.1520	0.1159	0.1212	0.1233	0.1316	0.1422	0.1535	0.0941	0.0918	0.0955	0.1040	0.1189	0.1430	0.0675	0.0636	0.0637	0.0663	0.0730	0.0879	0.1174
1761	0.1531	0.1571	0.1484	0.1441	0.1347	0.1488	0.1499	0.1509	0.1519	0.1157	0.1212	0.1232	0.1313	0.1421	0.1535	0.0941	0.0918	0.0955	0.1040	0.1187	0.1428	0.0674	0.0636	0.0636	0.0664	0.0730	0.0879	0.1174
1762	0.1529	0.1570	0.1483	0.1440	0.1347	0.1487	0.1499	0.1507	0.1517	0.1158	0.1212	0.1231	0.1311	0.1421	0.1533	0.0942	0.0918	0.0956	0.1041	0.1189	0.1428	0.0674	0.0635	0.0635	0.0664	0.0732	0.0878	0.1171
1763	0.1528	0.1568	0.1481	0.1438	0.1347	0.1487	0.1499	0.1504	0.1515	0.1159	0.1212	0.1229	0.1310	0.1422	0.1531	0.0942	0.0918	0.0957	0.1041	0.1191	0.1427	0.0673	0.0635	0.0634	0.0665	0.0733	0.0877	0.1169
1764	0.1528	0.1568	0.1480	0.1437	0.1347	0.1486	0.1499	0.1503	0.1515	0.1157	0.1212	0.1229	0.1309	0.1420	0.1530	0.0941	0.0917	0.0956	0.1040	0.1188	0.1426	0.0672	0.0634	0.0634	0.0664	0.0733	0.0877	0.1170
1765	0.1527	0.1567	0.1480	0.1437	0.1346	0.1485	0.1500	0.1502	0.1515	0.1155	0.1212	0.1230	0.1309	0.1419	0.1528	0.0939	0.0916	0.0955	0.1038	0.1186	0.1425	0.0671	0.0633	0.0633	0.0662	0.0732	0.0877	0.1170
1766	0.1526	0.1566	0.1480	0.1437	0.1346	0.1486	0.1500	0.1502	0.1514	0.1153	0.1212	0.1228	0.1309	0.1419	0.1528	0.0939	0.0917	0.0954	0.1038	0.1186	0.1423	0.0671	0.0633	0.0631	0.0662	0.0732	0.0876	0.1171
1767	0.1526	0.1565	0.1480	0.1438	0.1346	0.1486	0.1499	0.1502	0.1513	0.1152	0.1212	0.1227	0.1309	0.1420	0.1527	0.0939	0.0919	0.0953	0.1038	0.1185	0.1421	0.0672	0.0634	0.0630	0.0661	0.0732	0.0875	0.1171
1768	0.1526	0.1564	0.1478	0.1436	0.1343	0.1486	0.1497	0.1502	0.1511	0.1152	0.1211	0.1228	0.1309	0.1418	0.1526	0.0939	0.0917	0.0953	0.1039	0.1185	0.1421	0.0671	0.0633	0.0631	0.0659	0.0731	0.0873	0.1170
1769	0.1526	0.1563	0.1477	0.1435	0.1341	0.1485	0.1495	0.1502	0.1511	0.1151	0.1210	0.1229	0.1308	0.1418	0.1525	0.0938	0.0915	0.0953	0.1039	0.1185	0.1420	0.0670	0.0633	0.0633	0.0658	0.0730	0.0871	0.1169
1770	0.1526	0.1563	0.1477	0.1435	0.1342	0.1483	0.1494	0.1503	0.1510	0.1151	0.1210	0.1228	0.1308	0.1418	0.1526	0.0937	0.0914	0.0954	0.1037	0.1184	0.1421	0.0670	0.0632	0.0635	0.0659	0.0730	0.0872	0.1170
1771	0.1526	0.1563	0.1477	0.1434	0.1342	0.1481	0.1492	0.1504	0.1510	0.1151	0.1210	0.1227	0.1308	0.1418	0.1526	0.0935	0.0914	0.0954	0.1036	0.1184	0.1422	0.0670	0.0633	0.0636	0.0660	0.0729	0.0873	0.1170
1772	0.1525	0.1563	0.1477	0.1435	0.1341	0.1479	0.1491	0.1502	0.1510	0.1152	0.1209	0.1227	0.1308	0.1417	0.1526	0.0935	0.0914	0.0952	0.1037	0.1182	0.1423	0.0671	0.0633	0.0635	0.0660	0.0728	0.0871	0.1170
1773	0.1523	0.1563	0.1476	0.1435	0.1340	0.1478	0.1490	0.1501	0.1508	0.1152	0.1207	0.1226	0.1308	0.1416	0.1525	0.0935	0.0914	0.0951	0.1037	0.1181	0.1423	0.0672	0.0633	0.0634	0.0659	0.0729	0.0871	0.1170
1774	0.1523	0.1564	0.1475	0.1434	0.1339	0.1477	0.1491	0.1501	0.1507	0.1150	0.1208	0.1227	0.1307	0.1415	0.1524	0.0936	0.0914	0.0950	0.1035	0.1181	0.1422	0.0672	0.0633	0.0633	0.0659	0.0731	0.0874	0.1168
1775	0.1523	0.1564	0.1475	0.1433	0.1338	0.1477	0.1491	0.1501	0.1506	0.1149	0.1208	0.1226	0.1308	0.1414	0.1523	0.0937	0.0914	0.0949	0.1034	0.1181	0.1421	0.0672	0.0632	0.0632	0.0659	0.0733	0.0876	0.1168
1776	0.1523	0.1563	0.1474	0.1433	0.1338	0.1476	0.1491	0.1501	0.1507	0.1147	0.1206	0.1225	0.1307	0.1411	0.1522	0.0937	0.0913	0.0948	0.1032	0.1180	0.1420	0.0672	0.0632	0.0632	0.0659	0.0731	0.0875	0.1168
1777	0.1523	0.1561	0.1474	0.1433	0.1339	0.1475	0.1489	0.1500	0.1506	0.1146	0.1205	0.1224	0.1307	0.1409	0.1521	0.0937	0.0912	0.0947	0.1031	0.1179	0.1419	0.0671	0.0632	0.0631	0.0660	0.0730	0.0874	0.1169
1778	0.1523	0.1561	0.1472	0.1432	0.1338	0.1475	0.1487	0.1499	0.1505	0.1147	0.1206	0.1222	0.1306	0.1408	0.1521	0.0937	0.0912	0.0948	0.1031	0.1179	0.1420	0.0671	0.0632	0.0630	0.0662	0.0730	0.0873	0.1168
1779	0.1523	0.1561	0.1471	0.1432	0.1338	0.1475	0.1486	0.1497	0.1504	0.1148	0.1205	0.1222	0.1306	0.1407	0.1520	0.0936	0.0912	0.0949	0.1032	0.1179	0.1420	0.0670	0.0631	0.0630	0.0663	0.0730	0.0873	0.1168
1780	0.1521	0.1562	0.1470	0.1432	0.1338	0.1474	0.1486	0.1496	0.1504	0.1148	0.1204	0.1220	0.1306	0.1408	0.1520	0.0936	0.0911	0.0948	0.1034	0.1181	0.1419	0.0668	0.0631	0.0629	0.0662	0.0729	0.0873	0.1169
1781	0.1521	0.1562	0.1469	0.1431	0.1337	0.1475	0.1486	0.1495	0.1505	0.1149	0.1204	0.1218	0.1305	0.1409	0.1519	0.0936	0.0910	0.0947	0.1035	0.1181	0.1418	0.0667	0.0630	0.0628	0.0661	0.0729	0.0872	0.1170
1782	0.1520	0.1561	0.1470	0.1429	0.1336	0.1477	0.1488	0.1494	0.1504	0.1150	0.1206	0.1218	0.1304	0.1409	0.1516	0.0938	0.0908	0.0947	0.1035	0.1180	0.1416	0.0667	0.0630	0.0627	0.0660	0.0729	0.0870	0.1170
1783	0.1520	0.1562	0.1469	0.1427	0.1336	0.1478	0.1488	0.1493	0.1504	0.1150	0.1205	0.1218	0.1303	0.1408	0.1516	0.0937	0.0908	0.0947	0.1034	0.1178	0.1416	0.0668	0.0630	0.0627	0.0659	0.0728	0.0869	0.1170
1784	0.1519	0.1564	0.1470	0.1425	0.1337	0.1478	0.1488	0.1492	0.1504	0.1150	0.1201	0.1219	0.1302	0.1408	0.1516	0.0935	0.0909	0.0949	0.1033	0.1176	0.1418	0.0668	0.0629	0.0627	0.0659	0.0727	0.0868	0.1169
1785	0.1520	0.1563	0.1470	0.1424	0.1338	0.1477	0.1487	0.1492	0.1502	0.1151	0.1200	0.1220	0.1302	0.1409	0.1516	0.0935	0.0910	0.0949	0.1032	0.1176	0.1417	0.0668	0.0629	0.0628	0.0658	0.0726	0.0869	0.1168
1786	0.1521	0.1561	0.1471	0.1424	0.1338	0.1476	0.1486	0.1493	0.1500	0.1151	0.1200	0.1220	0.1302	0.1411	0.1516	0.0935	0.0909	0.0948	0.1031	0.1175	0.1416	0.0668	0.0630	0.0629	0.0657	0.0725	0.0872	0.1168
1787	0.1519	0.1560	0.1469	0.1424	0.1338	0.1475	0.1486	0.1493	0.1500	0.1150	0.1200	0.1220	0.1302	0.1411	0.1516	0.0934	0.0910	0.0947	0.1030	0.1175	0.1417	0.0668	0.0631	0.0630	0.0656	0.0725	0.0873	0.1167
1788	0.1518	0.1559	0.1466	0.1425	0.1339	0.1476	0.1488	0.1492	0.1502	0.1149	0.1201	0.1220	0.1301	0.1410	0.1517	0.0932	0.0912	0.0947	0.1029	0.1175	0.1418	0.0669	0.0631	0.0630	0.0655	0.0727	0.0873	0.1166
1789	0.1517	0.1559	0.1467	0.1426	0.1338	0.1476	0.1487	0.1493	0.1503	0.1148	0.1201	0.1219	0.1301	0.1409	0.1518	0.0932	0.0912	0.0947	0.1029	0.1175	0.1418	0.0668	0.0631	0.0630	0.0655	0.0727	0.0874	0.1166
1790	0.1517	0.1559	0.1469	0.1427	0.1336	0.1475	0.1486	0.1494	0.1502	0.1147	0.1201	0.1219	0.1301	0.1409	0.1517	0.0934	0.0912	0.0948	0.1029	0.1176	0.1417	0.0668	0.0630	0.0630	0.0657	0.0726	0.0874	0.1165
1791	0.1518	0.1559	0.1469	0.1427	0.1335	0.1475	0.1486	0.1495	0.1501	0.1146	0.1202	0.1219	0.1300	0.1408	0.1516	0.0934	0.0911	0.0949	0.1030	0.1176	0.1415	0.0668	0.0630	0.0630	0.0655	0.0726	0.0874	0.1165
1792	0.1518	0.1560	0.1469	0.1427	0.1335	0.1474	0.1487	0.1496	0.1501	0.1144	0.1202	0.1220	0.1299	0.1407	0.1516	0.0934	0.0910	0.0951	0.1030	0.1176	0.1414	0.0668	0.0631	0.0630	0.0654	0.0726	0.0873	0.1164
1793	0.1517	0.1558	0.1471	0.1429	0.1335	0.1474	0.1488	0.1496	0.1501	0.1144	0.1202	0.1218	0.1299	0.1406	0.1516	0.0932	0.0911	0.0951	0.1030	0.1176	0.1414	0.0669	0.0631	0.0630	0.0654	0.0727	0.0871	0.1165
1794	0.1516	0.1557	0.1473	0.1430	0.1334	0.1474	0.1488	0.1496	0.1501	0.1145	0.1202	0.1217	0.1298	0.1405	0.1516	0.0929	0.0911	0.0950	0.1029	0.1177	0.1414	0.0670	0.0631	0.0631	0.0654	0.0727	0.0870	0.1166
1795	0.1516	0.1559	0.1473	0.1428	0.1334	0.1474	0.1488	0.1496	0.1501	0.1147	0.1203	0.1218	0.1298	0.1406	0.1516	0.0929	0.0912	0.0949	0.1030	0.1176	0.1414	0.0669	0.0630	0.0631	0.0655	0.0726	0.0871	0.1165
1796	0.1515	0.1560	0.1473	0.1426	0.1333	0.1473	0.1488	0.1496	0.1500	0.1147	0.1204	0.1219	0.1298	0.1406	0.1517	0.0930	0.0912	0.0947	0.1031	0.1175	0.1413	0.0668	0.0630	0.0631	0.0655	0.0726	0.0872	0.1165
1797	0.1517	0.1558	0.1472	0.1427	0.1333	0.1474	0.1486	0.1496	0.1502	0.1146	0.1202	0.1221	0.1300	0.1406	0.1516	0.0930	0.0914	0.0946	0.1030	0.1176	0.1414	0.0667	0.0630	0.0631	0.0654	0.0728	0.0872	0.1164
1798	0.1518	0.1557	0.1472	0.1427	0.1334	0.1475	0.1483	0.1496	0.1503	0.1144	0.1201	0.1222	0.1302	0.1406	0.1516	0.0930	0.0916	0.0946	0.1029	0.1177	0.1415	0.0666	0.0630	0.0631	0.0653	0.0731	0.0872	0.1164
1799	0.1517	0.1558	0.1472	0.1427	0.1335	0.1476	0.1483	0.1496	0.1501	0.1145	0.1202	0.1220	0.1303	0.1406	0.1513	0.0930	0.0916	0.0947	0.1030	0.1177	0.1414	0.0669	0.0631	0.0630	0.0655	0.0731	0.0873	0.1167
1800	0.1515	0.1560	0.1472	0.1426	0.1336	0.1476	0.1483	0.1497	0.1499	0.1146	0.1203	0.1218	0.1303	0.1406	0.1511	0.0930	0.0915	0.0948	0.1031	0.1176	0.1414	0.0671	0.0632	0.0630	0.0657	0.0731	0.0873	0.1169
1801	0.1504	0.1535	0.1462	0.1438	0.1352	0.1470	0.1483	0.1495	0.1517	0.1171	0.1195	0.1224	0.1317	0.1459	0.1587	0.0944	0.0923	0.0966	0.1055	0.1249	0.1536	0.0689	0.0629	0.0635	0.0664	0.0765	0.0948	0.1328
1802	0.1507	0.1532	0.1460	0.1437	0.1347	0.1472	0.1482	0.1497	0.1518	0.1168	0.1200	0.1231	0.1314	0.1458	0.1590	0.0939	0.0923	0.0968	0.1047	0.1249	0.1533	0.0683	0.0629	0.0640	0.0664	0.0770	0.0947	0.1326
1803	0.1510	0.1530	0.1462	0.1435	0.1342	0.1470	0.1487	0.1494	0.1522	0.1164	0.1207	0.1233	0.1314	0.1460	0.1589	0.0935	0.0924	0.0969	0.1048	0.1251	0.1526	0.0680	0.0626	0.0644	0.0666	0.0772	0.0945	0.1324
1804	0.1511	0.1530	0.1466	0.1431	0.1340	0.1469	0.1492	0.1492	0.1522	0.1159	0.1209	0.1230	0.1317	0.1465	0.1584	0.0933	0.0921	0.0971	0.1055	0.1256	0.1521	0.0675	0.0621	0.0649	0.0666	0.0770	0.0940	0.1324
1805	0.1510	0.1529	0.1461	0.1426	0.1342	0.1472	0.1488	0.1495	0.1523	0.1159	0.1208	0.1229	0.1318	0.1467	0.1581	0.0930	0.0920	0.0971	0.1056	0.1259	0.1526	0.0673	0.0621	0.0647	0.0667	0.0764	0.0941	0.1324
1806	0.1504	0.1526	0.1456	0.1418	0.1341	0.1477	0.1483	0.1498	0.1527	0.1164	0.1208	0.1228	0.1319	0.1465	0.1578	0.0930	0.0921	0.0968	0.1057	0.1260	0.1530	0.0680	0.0628	0.0645	0.0669	0.0761	0.0948	0.1315
1807	0.1502	0.1525	0.1453	0.1413	0.1341	0.1480	0.1480	0.1501	0.1531	0.1167	0.1207	0.1227	0.1319	0.1461	0.1579	0.0932	0.0921	0.0967	0.1060	0.1259	0.1536	0.0688	0.0635	0.0649	0.0669	0.0759	0.0954	0.1307
1808	0.1506	0.1526	0.1455	0.1413	0.1344	0.1481	0.1478	0.1500	0.1529	0.1165	0.1209	0.1228	0.1320	0.1456	0.1582	0.0937	0.0927	0.0967	0.1065	0.1252	0.1541	0.0694	0.0639	0.0653	0.0670	0.0757	0.0956	0.1307
1809	0.1512	0.1526	0.1458	0.1416	0.1348	0.1480	0.1479	0.1499	0.1525	0.1161	0.1209	0.1229	0.1324	0.1451	0.1583	0.0939	0.0933	0.0965	0.1067	0.1244	0.1543	0.0699	0.0641	0.0653	0.0672	0.0756	0.0956	0.1311
1810	0.1514	0.1522	0.1462	0.1423	0.1350	0.1478	0.1485	0.1500	0.1521	0.1161	0.1205	0.1228	0.1330	0.1448	0.1582	0.0938	0.0932	0.0962	0.1065	0.1242	0.1534	0.0702	0.0642	0.0650	0.0675	0.0757	0.0951	0.1313
1811	0.1512	0.1519	0.1463	0.1433	0.1350	0.1474	0.1489	0.1503	0.1519	0.1164	0.1201	0.1226	0.1337	0.1448	0.1582	0.0939	0.0925	0.0961	0.1060	0.1245	0.1524	0.0703	0.0642	0.0647	0.0677	0.0759	0.0947	0.1312
1812	0.1509	0.1521	0.1467	0.1439	0.1351	0.1472	0.1489	0.1504	0.1523	0.1167	0.1204	0.1229	0.1339	0.1452	0.1585	0.0949	0.0921	0.0963	0.1056	0.1249	0.1523	0.0700	0.0643	0.0644	0.0679	0.0761	0.0946	0.1309
1813	0.1510	0.1526	0.1469	0.1439	0.1352	0.1472	0.1485	0.1502	0.1531	0.1171	0.1207	0.1234	0.1337	0.1452	0.1588	0.0956	0.0919	0.0965	0.1057	0.1253	0.1526	0.0698	0.0645	0.0641	0.0680	0.0762	0.0945	0.1305
1814	0.1511	0.1528	0.1464	0.1438	0.1350	0.1471	0.1486	0.1499	0.1532	0.1174	0.1211	0.1235	0.1334	0.1455	0.1590	0.0956	0.0913	0.0964	0.1060	0.1249	0.1523	0.0700	0.0645	0.0642	0.0678	0.0762	0.0940	0.1305
1815	0.1510	0.1529	0.1463	0.1432	0.1348	0.1472	0.1491	0.1494	0.1529	0.1171	0.1213	0.1232	0.1334	0.1461	0.1585	0.0955	0.0913	0.0966	0.1058	0.1245	0.1523	0.0697	0.0643	0.0645	0.0672	0.0765	0.0943	0.1304
1816	0.1509	0.1529	0.1464	0.1425	0.1347	0.1472	0.1493	0.1490	0.1530	0.1167	0.1212	0.1231	0.1334	0.1464	0.1581	0.0953	0.0914	0.0968	0.1056	0.1243	0.1525	0.0691	0.0644	0.0648	0.0670	0.0765	0.0949	0.1306
1817	0.1506	0.1533	0.1467	0.1419	0.1347	0.1470	0.1490	0.1496	0.1531	0.1168	0.1210	0.1232	0.1332	0.1463	0.1576	0.0949	0.0915	0.0966	0.1058	0.1244	0.1530	0.0686	0.0648	0.0648	0.0671	0.0763	0.0953	0.1313
1818	0.1502	0.1537	0.1466	0.1415	0.1347	0.1471	0.1487	0.1504	0.1530	0.1171	0.1211	0.1233	0.1328	0.1462	0.1572	0.0945	0.0915	0.0963	0.1060	0.1246	0.1537	0.0683	0.0650	0.0646	0.0672	0.0760	0.0956	0.1318
1819	0.1500	0.1540	0.1459	0.1416	0.1346	0.1477	0.1485	0.1506	0.1523	0.1176	0.1217	0.1236	0.1328	0.1464	0.1576	0.0940	0.0914	0.0965	0.1063	0.1246	0.1539	0.0685	0.0644	0.0642	0.0677	0.0760	0.0960	0.1319
1820	0.1502	0.1541	0.1453	0.1417	0.1347	0.1482	0.1486	0.1504	0.1517	0.1180	0.1221	0.1239	0.1331	0.1467	0.1583	0.0934	0.0912	0.0969	0.1066	0.1245	0.1536	0.0688	0.0636	0.0639	0.0682	0.0760	0.0965	0.1320
1821	0.1504	0.1540	0.1453	0.1418	0.1349	0.1479	0.1486	0.1502	0.1512	0.1179	0.1219	0.1237	0.1332	0.1466	0.1585	0.0932	0.0914	0.0969	0.1068	0.1245	0.1532	0.0689	0.0635	0.0638	0.0681	0.0756	0.0965	0.1320
1822	0.1503	0.1538	0.1454	0.1418	0.1352	0.1478	0.1485	0.1502	0.1510	0.1178	0.1215	0.1235	0.1331	0.1466	0.1583	0.0932	0.0917	0.0967	0.1069	0.1246	0.1529	0.0687	0.0639	0.0639	0.0680	0.0749	0.0958	0.1318
1823	0.1502	0.1534	0.1453	0.1417	0.1359	0.1477	0.1491	0.1502	0.1515	0.1174	0.1213	0.1235	0.1331	0.1470	0.1582	0.0938	0.0915	0.0968	0.1072	0.1250	0.1534	0.0685	0.0641	0.0636	0.0683	0.0752	0.0950	0.1317
1824	0.1506	0.1529	0.1453	0.1416	0.1363	0.1474	0.1493	0.1502	0.1521	0.1173	0.1209	0.1239	0.1333	0.1474	0.1584	0.0941	0.0915	0.0968	0.1070	0.1255	0.1542	0.0689	0.0640	0.0633	0.0685	0.0762	0.0947	0.1313
1825	0.1507	0.1524	0.1456	0.1413	0.1362	0.1475	0.1492	0.1500	0.1523	0.1173	0.1206	0.1238	0.1334	0.1476	0.1587	0.0940	0.0915	0.0965	0.1063	0.1259	0.1547	0.0692	0.0641	0.0633	0.0681	0.0768	0.0944	0.1307
1826	0.1501	0.1522	0.1464	0.1415	0.1360	0.1483	0.1493	0.1499	0.1526	0.1171	0.1204	0.1234	0.1332	0.1475	0.1591	0.0936	0.0912	0.0963	0.1060	0.1262	0.1549	0.0697	0.0640	0.0636	0.0677	0.0765	0.0941	0.1306
1827	0.1496	0.1524	0.1468	0.1417	0.1355	0.1491	0.1495	0.1498	0.1527	0.1167	0.1203	0.1233	0.1329	0.1473	0.1595	0.0933	0.0911	0.0965	0.1060	0.1263	0.1548	0.0700	0.0638	0.0639	0.0675	0.0761	0.0940	0.1306
1828	0.1497	0.1530	0.1464	0.1418	0.1345	0.1490	0.1493	0.1500	0.1523	0.1166	0.1203	0.1232	0.1327	0.1465	0.1592	0.0933	0.0913	0.0971	0.1065	0.1259	0.1547	0.0695	0.0639	0.0640	0.0677	0.0761	0.0942	0.1304
1829	0.1502	0.1534	0.1457	0.1420	0.1338	0.1487	0.1490	0.1503	0.1518	0.1167	0.1203	0.1230	0.1327	0.1457	0.1586	0.0934	0.0916	0.0976	0.1068	0.1254	0.1547	0.0688	0.0642	0.0640	0.0679	0.0763	0.0945	0.1303
1830	0.1510	0.1538	0.1452	0.1423	0.1342	0.1482	0.1491	0.1506	0.1514	0.1169	0.1205	0.1227	0.1332	0.1460	0.1585	0.0935	0.0918	0.0971	0.1069	0.1247	0.1541	0.0683	0.0640	0.0642	0.0674	0.0769	0.0949	0.1306
1831	0.1515	0.1541	0.1446	0.1424	0.1347	0.1476	0.1493	0.1508	0.1512	0.1169	0.1208	0.1226	0.1336	0.1467	0.1590	0.0938	0.0920	0.0966	0.1072	0.1240	0.1532	0.0681	0.0638	0.0650	0.0666	0.0775	0.0952	0.1309
1832	0.1511	0.1539	0.1447	0.1423	0.1347	0.1472	0.1490	0.1509	0.1513	0.1170	0.1213	0.1229	0.1337	0.1467	0.1589	0.0941	0.0925	0.0965	0.1072	0.1242	0.1526	0.0685	0.0634	0.0654	0.0662	0.0774	0.0951	0.1311
1833	0.1507	0.1536	0.1455	0.1421	0.1351	0.1481	0.1489	0.1507	0.1514	0.1168	0.1217	0.1232	0.1337	0.1467	0.1586	0.0942	0.0930	0.0962	0.1071	0.1250	0.1523	0.0690	0.0628	0.0653	0.0664	0.0772	0.0949	0.1308
1834	0.1504	0.1531	0.1456	0.1419	0.1355	0.1489	0.1492	0.1505	0.1514	0.1164	0.1217	0.1232	0.1337	0.1467	0.1584	0.0944	0.0933	0.0962	0.1072	0.1256	0.1520	0.0696	0.0627	0.0650	0.0670	0.0770	0.0953	0.1306
1835	0.1503	0.1534	0.1454	0.1418	0.1354	0.1492	0.1497	0.1504	0.1511	0.1164	0.1211	0.1229	0.1338	0.1462	0.1583	0.0945	0.0929	0.0966	0.1072	0.1258	0.1516	0.0696	0.0630	0.0645	0.0668	0.0767	0.0956	0.1309
1836	0.1502	0.1535	0.1455	0.1418	0.1352	0.1493	0.1502	0.1501	0.1508	0.1166	0.1205	0.1227	0.1338	0.1460	0.1584	0.0946	0.0925	0.0969	0.1071	0.1259	0.1514	0.0694	0.0634	0.0644	0.0668	0.0765	0.0955	0.1310
1837	0.1502	0.1530	0.1455	0.1418	0.1350	0.1492	0.1500	0.1498	0.1510	0.1164	0.1203	0.1224	0.1334	0.1466	0.1585	0.0945	0.0924	0.0965	0.1070	0.1257	0.1521	0.0690	0.0639	0.0646	0.0672	0.0766	0.0954	0.1307
1838	0.1503	0.1526	0.1455	0.1417	0.1346	0.1491	0.1493	0.1495	0.1514	0.1161	0.1201	0.1222	0.1329	0.1469	0.1583	0.0943	0.0923	0.0960	0.1069	0.1255	0.1528	0.0687	0.0643	0.0647	0.0677	0.0766	0.0954	0.1305
1839	0.1504	0.1531	0.1453	0.1417	0.1343	0.1488	0.1485	0.1494	0.1518	0.1161	0.1199	0.1226	0.1323	0.1466	0.1578	0.0938	0.0921	0.0957	0.1065	0.1254	0.1529	0.0687	0.0643	0.0646	0.0676	0.0762	0.0949	0.1306
1840	0.1507	0.1537	0.1452	0.1417	0.1342	0.1482	0.1479	0.1493	0.1519	0.1162	0.1197	0.1232	0.1316	0.1464	0.1574	0.0933	0.0920	0.0954	0.1061	0.1255	0.1526	0.0687	0.0641	0.0645	0.0674	0.0757	0.0943	0.1308
1841	0.1509	0.1529	0.1451	0.1415	0.1340	0.1476	0.1477	0.1494	0.1515	0.1160	0.1199	0.1228	0.1313	0.1466	0.1568	0.0932	0.0920	0.0951	0.1056	0.1255	0.1526	0.0684	0.0641	0.0647	0.0667	0.0756	0.0941	0.1306
1842	0.1507	0.1519	0.1451	0.1415	0.1335	0.1472	0.1472	0.1497	0.1510	0.1159	0.1201	0.1225	0.1312	0.1468	0.1565	0.0934	0.0920	0.0952	0.1054	0.1251	0.1530	0.0681	0.0640	0.0648	0.0661	0.0752	0.0941	0.1299
1843	0.1503	0.1515	0.1451	0.1413	0.1332	0.1466	0.1472	0.1497	0.1507	0.1158	0.1200	0.1222	0.1308	0.1465	0.1568	0.0935	0.0920	0.0952	0.1051	0.1249	0.1530	0.0679	0.0642	0.0646	0.0660	0.0748	0.0940	0.1295
1844	0.1502	0.1512	0.1446	0.1407	0.1331	0.1463	0.1475	0.1495	0.1506	0.1157	0.1198	0.1218	0.1306	0.1455	0.1563	0.0937	0.0919	0.0951	0.1050	0.1249	0.1525	0.0681	0.0645	0.0641	0.0658	0.0744	0.0939	0.1296
1845	0.1501	0.1509	0.1443	0.1403	0.1329	0.1461	0.1477	0.1490	0.1503	0.1156	0.1197	0.1216	0.1304	0.1448	0.1554	0.0939	0.0918	0.0951	0.1051	0.1246	0.1522	0.0684	0.0645	0.0636	0.0656	0.0741	0.0938	0.1298
1846	0.1491	0.1507	0.1443	0.1399	0.1327	0.1459	0.1476	0.1485	0.1501	0.1154	0.1196	0.1216	0.1306	0.1448	0.1553	0.0937	0.0920	0.0950	0.1049	0.1245	0.1523	0.0685	0.0640	0.0638	0.0657	0.0741	0.0936	0.1300
1847	0.1482	0.1506	0.1443	0.1395	0.1325	0.1457	0.1474	0.1481	0.1499	0.1150	0.1193	0.1216	0.1309	0.1448	0.1553	0.0934	0.0921	0.0950	0.1048	0.1246	0.1521	0.0685	0.0635	0.0639	0.0658	0.0742	0.0934	0.1301
1848	0.1482	0.1503	0.1438	0.1391	0.1324	0.1452	0.1471	0.1479	0.1497	0.1147	0.1185	0.1214	0.1310	0.1447	0.1553	0.0931	0.0919	0.0949	0.1046	0.1244	0.1518	0.0682	0.0635	0.0637	0.0661	0.0744	0.0933	0.1303
1849	0.1485	0.1501	0.1432	0.1387	0.1324	0.1446	0.1468	0.1477	0.1494	0.1145	0.1178	0.1212	0.1310	0.1446	0.1552	0.0929	0.0915	0.0947	0.1044	0.1241	0.1516	0.0680	0.0636	0.0636	0.0664	0.0745	0.0932	0.1306
1850	0.1482	0.1502	0.1430	0.1384	0.1325	0.1440	0.1462	0.1474	0.1492	0.1144	0.1178	0.1205	0.1308	0.1438	0.1550	0.0923	0.0910	0.0944	0.1042	0.1239	0.1512	0.0679	0.0634	0.0636	0.0665	0.0746	0.0929	0.1303
1851	0.1480	0.1502	0.1431	0.1382	0.1324	0.1434	0.1458	0.1471	0.1491	0.1146	0.1180	0.1199	0.1302	0.1429	0.1548	0.0917	0.0904	0.0942	0.1042	0.1238	0.1507	0.0679	0.0629	0.0636	0.0667	0.0747	0.0923	0.1295
1852	0.1479	0.1496	0.1428	0.1378	0.1321	0.1433	0.1455	0.1470	0.1489	0.1144	0.1177	0.1194	0.1291	0.1427	0.1545	0.0910	0.0894	0.0944	0.1041	0.1234	0.1504	0.0680	0.0621	0.0633	0.0664	0.0741	0.0922	0.1290
1853	0.1476	0.1492	0.1425	0.1375	0.1320	0.1436	0.1455	0.1466	0.1483	0.1137	0.1170	0.1193	0.1284	0.1428	0.1537	0.0904	0.0886	0.0946	0.1039	0.1229	0.1500	0.0677	0.0609	0.0624	0.0658	0.0735	0.0924	0.1286
1854	0.1470	0.1492	0.1420	0.1375	0.1320	0.1438	0.1458	0.1461	0.1478	0.1130	0.1166	0.1191	0.1278	0.1429	0.1532	0.0900	0.0882	0.0944	0.1038	0.1227	0.1499	0.0675	0.0600	0.0614	0.0654	0.0732	0.0927	0.1282
1855	0.1467	0.1495	0.1413	0.1374	0.1310	0.1436	0.1455	0.1459	0.1479	0.1125	0.1165	0.1187	0.1274	0.1423	0.1531	0.0899	0.0883	0.0944	0.1040	0.1225	0.1502	0.0673	0.0599	0.0615	0.0651	0.0729	0.0928	0.1281
1856	0.1463	0.1495	0.1407	0.1370	0.1298	0.1434	0.1450	0.1456	0.1477	0.1120	0.1164	0.1182	0.1270	0.1417	0.1530	0.0899	0.0884	0.0943	0.1041	0.1222	0.1504	0.0669	0.0598	0.0617	0.0648	0.0728	0.0926	0.1281
1857	0.1456	0.1488	0.1406	0.1364	0.1287	0.1431	0.1445	0.1448	0.1470	0.1117	0.1159	0.1179	0.1271	0.1409	0.1528	0.0901	0.0883	0.0939	0.1036	0.1216	0.1499	0.0663	0.0599	0.0614	0.0648	0.0729	0.0921	0.1281
1858	0.1450	0.1480	0.1405	0.1357	0.1277	0.1427	0.1439	0.1440	0.1462	0.1115	0.1153	0.1176	0.1273	0.1401	0.1526	0.0902	0.0880	0.0934	0.1032	0.1211	0.1494	0.0658	0.0600	0.0611	0.0647	0.0729	0.0916	0.1280
1859	0.1451	0.1474	0.1400	0.1350	0.1273	0.1424	0.1431	0.1433	0.1455	0.1110	0.1148	0.1168	0.1273	0.1394	0.1522	0.0901	0.0874	0.0931	0.1027	0.1204	0.1487	0.0658	0.0599	0.0610	0.0646	0.0726	0.0913	0.1278
1860	0.1453	0.1468	0.1391	0.1342	0.1270	0.1420	0.1422	0.1426	0.1449	0.1103	0.1143	0.1158	0.1272	0.1388	0.1517	0.0901	0.0868	0.0928	0.1021	0.1197	0.1480	0.0659	0.0598	0.0609	0.0645	0.0722	0.0909	0.1275
1861	0.1446	0.1462	0.1381	0.1336	0.1269	0.1410	0.1417	0.1420	0.1440	0.1095	0.1141	0.1155	0.1271	0.1386	0.1512	0.0897	0.0860	0.0922	0.1011	0.1191	0.1472	0.0656	0.0597	0.0607	0.0641	0.0718	0.0906	0.1270
1862	0.1435	0.1454	0.1369	0.1332	0.1268	0.1399	0.1414	0.1417	0.1429	0.1086	0.1141	0.1152	0.1267	0.1381	0.1507	0.0891	0.0856	0.0913	0.1002	0.1186	0.1462	0.0650	0.0595	0.0602	0.0635	0.0712	0.0903	0.1265
1863	0.1423	0.1440	0.1358	0.1326	0.1262	0.1392	0.1409	0.1412	0.1421	0.1079	0.1138	0.1149	0.1258	0.1376	0.1499	0.0886	0.0852	0.0906	0.0992	0.1179	0.1456	0.0645	0.0594	0.0597	0.0627	0.0706	0.0900	0.1262
1864	0.1414	0.1428	0.1352	0.1318	0.1253	0.1388	0.1396	0.1406	0.1415	0.1079	0.1130	0.1143	0.1247	0.1375	0.1485	0.0881	0.0846	0.0907	0.0983	0.1171	0.1457	0.0643	0.0592	0.0593	0.0625	0.0702	0.0898	0.1261
1865	0.1405	0.1417	0.1345	0.1313	0.1244	0.1383	0.1383	0.1401	0.1408	0.1078	0.1121	0.1135	0.1235	0.1370	0.1471	0.0876	0.0839	0.0905	0.0978	0.1166	0.1457	0.0642	0.0589	0.0589	0.0623	0.0700	0.0895	0.1256
1866	0.1397	0.1404	0.1335	0.1306	0.1233	0.1373	0.1371	0.1392	0.1396	0.1073	0.1115	0.1129	0.1224	0.1362	0.1463	0.0872	0.0831	0.0896	0.0972	0.1166	0.1449	0.0636	0.0585	0.0582	0.0615	0.0703	0.0889	0.1251
1867	0.1389	0.1393	0.1325	0.1297	0.1222	0.1363	0.1359	0.1380	0.1385	0.1065	0.1110	0.1123	0.1213	0.1354	0.1458	0.0867	0.0824	0.0887	0.0963	0.1163	0.1440	0.0631	0.0582	0.0575	0.0606	0.0705	0.0883	0.1246
1868	0.1378	0.1387	0.1320	0.1284	0.1215	0.1350	0.1350	0.1364	0.1378	0.1055	0.1100	0.1114	0.1201	0.1342	0.1455	0.0854	0.0817	0.0876	0.0956	0.1156	0.1431	0.0629	0.0575	0.0574	0.0598	0.0700	0.0876	0.1237
1869	0.1365	0.1381	0.1316	0.1273	0.1208	0.1337	0.1343	0.1349	0.1372	0.1045	0.1087	0.1105	0.1189	0.1328	0.1452	0.0840	0.0809	0.0865	0.0950	0.1149	0.1423	0.0626	0.0567	0.0575	0.0590	0.0695	0.0870	0.1229
1870	0.1348	0.1371	0.1308	0.1264	0.1199	0.1325	0.1334	0.1338	0.1359	0.1030	0.1076	0.1093	0.1179	0.1317	0.1440	0.0829	0.0806	0.0855	0.0941	0.1137	0.1413	0.0616	0.0558	0.0567	0.0583	0.0688	0.0864	0.1223
1871	0.1331	0.1360	0.1298	0.1255	0.1191	0.1312	0.1321	0.1326	0.1347	0.1014	0.1066	0.1079	0.1172	0.1307	0.1426	0.0822	0.0802	0.0844	0.0929	0.1124	0.1403	0.0608	0.0551	0.0557	0.0577	0.0679	0.0858	0.1215
1872	0.1313	0.1349	0.1283	0.1239	0.1178	0.1300	0.1311	0.1315	0.1335	0.1004	0.1052	0.1064	0.1161	0.1295	0.1411	0.0815	0.0795	0.0836	0.0921	0.1117	0.1393	0.0600	0.0542	0.0550	0.0574	0.0670	0.0848	0.1203
1873	0.1294	0.1338	0.1266	0.1222	0.1160	0.1290	0.1303	0.1304	0.1322	0.0994	0.1036	0.1051	0.1150	0.1282	0.1396	0.0806	0.0789	0.0827	0.0917	0.1108	0.1383	0.0589	0.0534	0.0543	0.0573	0.0665	0.0838	0.1191
1874	0.1279	0.1323	0.1249	0.1208	0.1144	0.1278	0.1292	0.1294	0.1308	0.0984	0.1025	0.1042	0.1140	0.1270	0.1381	0.0796	0.0780	0.0815	0.0911	0.1096	0.1370	0.0583	0.0529	0.0537	0.0569	0.0659	0.0827	0.1180
1875	0.1266	0.1305	0.1233	0.1197	0.1129	0.1260	0.1276	0.1285	0.1295	0.0970	0.1017	0.1034	0.1122	0.1259	0.1369	0.0784	0.0766	0.0803	0.0902	0.1083	0.1357	0.0580	0.0519	0.0532	0.0562	0.0649	0.0817	0.1176
1876	0.1254	0.1289	0.1217	0.1184	0.1112	0.1244	0.1258	0.1275	0.1284	0.0955	0.1009	0.1023	0.1104	0.1247	0.1360	0.0772	0.0753	0.0793	0.0893	0.1070	0.1344	0.0578	0.0509	0.0526	0.0554	0.0640	0.0807	0.1174
1877	0.1243	0.1271	0.1203	0.1168	0.1096	0.1230	0.1242	0.1260	0.1269	0.0940	0.0999	0.1009	0.1090	0.1230	0.1346	0.0761	0.0740	0.0786	0.0884	0.1056	0.1333	0.0569	0.0502	0.0516	0.0545	0.0634	0.0799	0.1166
1878	0.1230	0.1254	0.1189	0.1152	0.1079	0.1214	0.1226	0.1243	0.1252	0.0925	0.0987	0.0994	0.1077	0.1213	0.1332	0.0750	0.0727	0.0777	0.0876	0.1044	0.1322	0.0559	0.0497	0.0506	0.0535	0.0626	0.0792	0.1157
1879	0.1217	0.1241	0.1171	0.1137	0.1061	0.1199	0.1213	0.1225	0.1233	0.0909	0.0974	0.0980	0.1065	0.1199	0.1315	0.0736	0.0717	0.0764	0.0867	0.1035	0.1311	0.0545	0.0493	0.0501	0.0529	0.0617	0.0787	0.1147
1880	0.1204	0.1230	0.1151	0.1122	0.1043	0.1184	0.1200	0.1207	0.1213	0.0892	0.0962	0.0966	0.1055	0.1185	0.1299	0.0722	0.0708	0.0751	0.0855	0.1027	0.1300	0.0532	0.0489	0.0498	0.0523	0.0609	0.0782	0.1139
1881	0.1184	0.1213	0.1134	0.1105	0.1030	0.1164	0.1181	0.1190	0.1200	0.0879	0.0945	0.0952	0.1040	0.1169	0.1283	0.0708	0.0697	0.0734	0.0839	0.1012	0.1286	0.0525	0.0482	0.0490	0.0514	0.0602	0.0774	0.1129
1882	0.1163	0.1197	0.1118	0.1085	0.1020	0.1141	0.1160	0.1172	0.1187	0.0867	0.0924	0.0936	0.1021	0.1154	0.1267	0.0693	0.0685	0.0716	0.0822	0.0996	0.1268	0.0522	0.0474	0.0481	0.0507	0.0594	0.0766	0.1116
1883	0.1145	0.1180	0.1099	0.1066	0.1005	0.1123	0.1141	0.1153	0.1171	0.0854	0.0899	0.0919	0.1005	0.1138	0.1253	0.0681	0.0672	0.0702	0.0804	0.0980	0.1253	0.0516	0.0464	0.0473	0.0502	0.0587	0.0757	0.1105
1884	0.1127	0.1162	0.1078	0.1048	0.0989	0.1108	0.1124	0.1133	0.1151	0.0839	0.0879	0.0903	0.0994	0.1121	0.1239	0.0669	0.0661	0.0693	0.0788	0.0968	0.1243	0.0508	0.0454	0.0464	0.0499	0.0576	0.0746	0.1095
1885	0.1109	0.1146	0.1059	0.1030	0.0975	0.1092	0.1108	0.1113	0.1129	0.0826	0.0862	0.0886	0.0982	0.1105	0.1225	0.0658	0.0650	0.0686	0.0773	0.0959	0.1231	0.0500	0.0446	0.0456	0.0495	0.0565	0.0737	0.1083
1886	0.1095	0.1133	0.1044	0.1014	0.0956	0.1076	0.1091	0.1096	0.1110	0.0818	0.0845	0.0869	0.0963	0.1087	0.1206	0.0650	0.0641	0.0678	0.0763	0.0947	0.1215	0.0489	0.0441	0.0443	0.0484	0.0555	0.0727	0.1072
1887	0.1080	0.1117	0.1031	0.0997	0.0938	0.1061	0.1075	0.1080	0.1093	0.0808	0.0829	0.0852	0.0945	0.1070	0.1188	0.0640	0.0632	0.0670	0.0754	0.0935	0.1200	0.0478	0.0437	0.0430	0.0474	0.0546	0.0717	0.1062
1888	0.1068	0.1098	0.1022	0.0981	0.0923	0.1046	0.1062	0.1066	0.1079	0.0792	0.0818	0.0837	0.0934	0.1058	0.1170	0.0628	0.0618	0.0661	0.0741	0.0923	0.1189	0.0470	0.0430	0.0422	0.0463	0.0537	0.0709	0.1056
1889	0.1055	0.1080	0.1013	0.0965	0.0908	0.1031	0.1050	0.1052	0.1064	0.0777	0.0806	0.0823	0.0923	0.1047	0.1152	0.0615	0.0603	0.0650	0.0727	0.0912	0.1178	0.0461	0.0422	0.0414	0.0453	0.0527	0.0701	0.1051
1890	0.1040	0.1065	0.0993	0.0949	0.0890	0.1020	0.1034	0.1041	0.1047	0.0764	0.0789	0.0812	0.0911	0.1034	0.1138	0.0606	0.0593	0.0640	0.0722	0.0902	0.1164	0.0449	0.0413	0.0407	0.0444	0.0517	0.0696	0.1046
1891	0.1024	0.1049	0.0973	0.0934	0.0872	0.1009	0.1018	0.1030	0.1029	0.0750	0.0772	0.0800	0.0897	0.1021	0.1126	0.0598	0.0583	0.0630	0.0717	0.0891	0.1151	0.0436	0.0406	0.0400	0.0434	0.0509	0.0690	0.1040
1892	0.1007	0.1038	0.0960	0.0918	0.0857	0.0992	0.1002	0.1016	0.1014	0.0734	0.0766	0.0790	0.0884	0.1009	0.1115	0.0589	0.0571	0.0618	0.0707	0.0883	0.1139	0.0430	0.0398	0.0397	0.0423	0.0502	0.0681	0.1028
1893	0.0991	0.1031	0.0946	0.0899	0.0843	0.0974	0.0987	0.1003	0.1000	0.0718	0.0762	0.0781	0.0873	0.0995	0.1104	0.0578	0.0557	0.0603	0.0696	0.0873	0.1129	0.0424	0.0389	0.0395	0.0414	0.0497	0.0670	0.1016
1894	0.0979	0.1018	0.0933	0.0879	0.0827	0.0960	0.0971	0.0991	0.0984	0.0701	0.0754	0.0772	0.0862	0.0981	0.1090	0.0569	0.0545	0.0590	0.0684	0.0863	0.1119	0.0417	0.0379	0.0389	0.0405	0.0495	0.0659	0.1007
1895	0.0969	0.0999	0.0922	0.0861	0.0813	0.0946	0.0957	0.0977	0.0964	0.0684	0.0743	0.0764	0.0852	0.0967	0.1073	0.0560	0.0536	0.0581	0.0674	0.0855	0.1105	0.0407	0.0369	0.0379	0.0398	0.0486	0.0651	0.1002
1896	0.0960	0.0981	0.0912	0.0846	0.0802	0.0934	0.0944	0.0962	0.0949	0.0669	0.0733	0.0756	0.0845	0.0956	0.1056	0.0548	0.0529	0.0575	0.0666	0.0846	0.1093	0.0396	0.0364	0.0371	0.0393	0.0476	0.0644	0.0997
1897	0.0949	0.0969	0.0905	0.0839	0.0792	0.0929	0.0935	0.0949	0.0942	0.0658	0.0724	0.0750	0.0837	0.0948	0.1045	0.0538	0.0526	0.0575	0.0660	0.0834	0.1085	0.0389	0.0367	0.0362	0.0395	0.0473	0.0639	0.0992
1898	0.0935	0.0957	0.0896	0.0832	0.0782	0.0922	0.0927	0.0939	0.0934	0.0646	0.0715	0.0741	0.0828	0.0942	0.1035	0.0528	0.0524	0.0573	0.0653	0.0823	0.1076	0.0383	0.0367	0.0356	0.0395	0.0469	0.0633	0.0985
1899	0.0916	0.0947	0.0882	0.0830	0.0771	0.0916	0.0919	0.0929	0.0927	0.0638	0.0708	0.0725	0.0816	0.0939	0.1028	0.0521	0.0516	0.0566	0.0643	0.0815	0.1073	0.0383	0.0358	0.0355	0.0388	0.0463	0.0629	0.0978
1900	0.0897	0.0936	0.0869	0.0827	0.0759	0.0909	0.0910	0.0918	0.0921	0.0631	0.0701	0.0709	0.0806	0.0936	0.1020	0.0515	0.0508	0.0560	0.0634	0.0808	0.1070	0.0384	0.0349	0.0355	0.0382	0.0456	0.0625	0.0972
1901	0.0890	0.0924	0.0863	0.0821	0.0751	0.0901	0.0903	0.0910	0.0914	0.0626	0.0693	0.0699	0.0797	0.0925	0.1013	0.0509	0.0503	0.0551	0.0628	0.0802	0.1064	0.0381	0.0345	0.0351	0.0378	0.0450	0.0621	0.0969
1902	0.0887	0.0912	0.0857	0.0812	0.0743	0.0891	0.0896	0.0903	0.0907	0.0618	0.0687	0.0689	0.0791	0.0914	0.1007	0.0501	0.0500	0.0540	0.0622	0.0797	0.1057	0.0377	0.0342	0.0347	0.0371	0.0446	0.0618	0.0964
1903	0.0887	0.0905	0.0849	0.0803	0.0736	0.0883	0.0889	0.0894	0.0899	0.0613	0.0674	0.0684	0.0787	0.0907	0.1000	0.0495	0.0497	0.0528	0.0617	0.0789	0.1047	0.0373	0.0338	0.0342	0.0369	0.0444	0.0614	0.0958
1904	0.0887	0.0899	0.0841	0.0797	0.0731	0.0877	0.0880	0.0886	0.0895	0.0610	0.0657	0.0679	0.0781	0.0902	0.0995	0.0488	0.0493	0.0520	0.0612	0.0781	0.1036	0.0369	0.0335	0.0337	0.0369	0.0441	0.0610	0.0951
1905	0.0885	0.0895	0.0833	0.0789	0.0727	0.0871	0.0874	0.0881	0.0889	0.0602	0.0647	0.0676	0.0777	0.0895	0.0987	0.0483	0.0488	0.0514	0.0608	0.0775	0.1029	0.0365	0.0331	0.0332	0.0365	0.0438	0.0607	0.0946
1906	0.0880	0.0891	0.0824	0.0776	0.0723	0.0861	0.0873	0.0879	0.0879	0.0594	0.0647	0.0673	0.0776	0.0887	0.0977	0.0480	0.0488	0.0512	0.0606	0.0772	0.1029	0.0360	0.0327	0.0330	0.0360	0.0436	0.0605	0.0942
1907	0.0874	0.0886	0.0815	0.0764	0.0717	0.0852	0.0871	0.0877	0.0871	0.0589	0.0646	0.0669	0.0774	0.0879	0.0968	0.0478	0.0487	0.0511	0.0603	0.0768	0.1028	0.0358	0.0323	0.0328	0.0356	0.0434	0.0602	0.0937
1908	0.0871	0.0882	0.0810	0.0760	0.0711	0.0847	0.0869	0.0879	0.0866	0.0585	0.0643	0.0670	0.0769	0.0876	0.0967	0.0480	0.0480	0.0508	0.0598	0.0766	0.1024	0.0354	0.0319	0.0327	0.0350	0.0430	0.0597	0.0937
1909	0.0868	0.0879	0.0804	0.0755	0.0705	0.0843	0.0865	0.0881	0.0862	0.0581	0.0639	0.0670	0.0763	0.0874	0.0968	0.0480	0.0473	0.0503	0.0593	0.0764	0.1020	0.0350	0.0316	0.0325	0.0346	0.0426	0.0593	0.0937
1910	0.0857	0.0877	0.0796	0.0753	0.0701	0.0838	0.0857	0.0879	0.0860	0.0583	0.0634	0.0668	0.0755	0.0871	0.0965	0.0477	0.0468	0.0498	0.0591	0.0761	0.1013	0.0347	0.0313	0.0322	0.0346	0.0420	0.0591	0.0934
1911	0.0847	0.0876	0.0789	0.0752	0.0696	0.0834	0.0849	0.0875	0.0859	0.0586	0.0629	0.0665	0.0746	0.0869	0.0962	0.0474	0.0464	0.0492	0.0589	0.0757	0.1006	0.0344	0.0309	0.0319	0.0345	0.0415	0.0589	0.0930
1912	0.0848	0.0874	0.0788	0.0754	0.0696	0.0834	0.0843	0.0867	0.0857	0.0582	0.0627	0.0659	0.0737	0.0865	0.0959	0.0470	0.0460	0.0490	0.0588	0.0751	0.0999	0.0343	0.0312	0.0322	0.0341	0.0411	0.0587	0.0929
1913	0.0853	0.0873	0.0787	0.0757	0.0695	0.0835	0.0837	0.0859	0.0855	0.0577	0.0625	0.0653	0.0727	0.0860	0.0958	0.0467	0.0456	0.0488	0.0586	0.0745	0.0992	0.0343	0.0314	0.0325	0.0339	0.0408	0.0587	0.0928
1914	0.0854	0.0870	0.0786	0.0755	0.0693	0.0833	0.0834	0.0857	0.0854	0.0574	0.0624	0.0650	0.0725	0.0856	0.0954	0.0465	0.0456	0.0485	0.0582	0.0742	0.0991	0.0342	0.0314	0.0323	0.0337	0.0412	0.0586	0.0926
1915	0.0852	0.0866	0.0785	0.0750	0.0690	0.0829	0.0831	0.0859	0.0852	0.0574	0.0623	0.0647	0.0727	0.0854	0.0948	0.0463	0.0459	0.0484	0.0580	0.0740	0.0992	0.0339	0.0315	0.0320	0.0333	0.0413	0.0587	0.0925
1916	0.0848	0.0861	0.0783	0.0747	0.0688	0.0824	0.0832	0.0855	0.0848	0.0575	0.0621	0.0644	0.0726	0.0850	0.0948	0.0460	0.0460	0.0485	0.0578	0.0741	0.0994	0.0338	0.0314	0.0317	0.0332	0.0414	0.0584	0.0924
1917	0.0842	0.0855	0.0782	0.0747	0.0688	0.0818	0.0837	0.0847	0.0844	0.0574	0.0618	0.0641	0.0725	0.0844	0.0948	0.0459	0.0459	0.0484	0.0576	0.0745	0.0994	0.0338	0.0310	0.0315	0.0333	0.0417	0.0578	0.0923
1918	0.0838	0.0851	0.0780	0.0746	0.0687	0.0812	0.0839	0.0843	0.0839	0.0572	0.0615	0.0639	0.0724	0.0838	0.0948	0.0460	0.0458	0.0484	0.0573	0.0746	0.0994	0.0337	0.0305	0.0315	0.0333	0.0419	0.0575	0.0922
1919	0.0832	0.0851	0.0774	0.0742	0.0680	0.0809	0.0839	0.0843	0.0834	0.0563	0.0607	0.0643	0.0723	0.0842	0.0945	0.0462	0.0455	0.0484	0.0571	0.0742	0.0993	0.0338	0.0301	0.0313	0.0332	0.0421	0.0575	0.0921
1920	0.0825	0.0852	0.0769	0.0738	0.0674	0.0807	0.0838	0.0842	0.0830	0.0555	0.0599	0.0647	0.0722	0.0846	0.0942	0.0463	0.0451	0.0483	0.0570	0.0739	0.0992	0.0339	0.0298	0.0312	0.0331	0.0423	0.0575	0.0920
1921	0.0824	0.0854	0.0768	0.0733	0.0675	0.0809	0.0830	0.0835	0.0830	0.0554	0.0598	0.0647	0.0726	0.0847	0.0943	0.0462	0.0448	0.0480	0.0573	0.0736	0.0986	0.0338	0.0300	0.0310	0.0328	0.0418	0.0577	0.0918
1922	0.0823	0.0855	0.0768	0.0728	0.0676	0.0810	0.0823	0.0828	0.0830	0.0555	0.0598	0.0647	0.0729	0.0848	0.0944	0.0461	0.0445	0.0478	0.0577	0.0734	0.0980	0.0336	0.0302	0.0308	0.0325	0.0412	0.0579	0.0916
1923	0.0820	0.0851	0.0769	0.0725	0.0673	0.0812	0.0824	0.0829	0.0828	0.0556	0.0600	0.0642	0.0728	0.0848	0.0945	0.0461	0.0444	0.0480	0.0579	0.0734	0.0984	0.0334	0.0298	0.0306	0.0328	0.0410	0.0575	0.0914
1924	0.0817	0.0846	0.0771	0.0724	0.0669	0.0814	0.0826	0.0833	0.0826	0.0557	0.0604	0.0635	0.0725	0.0846	0.0947	0.0460	0.0442	0.0483	0.0581	0.0735	0.0990	0.0332	0.0294	0.0304	0.0330	0.0407	0.0570	0.0912
1925	0.0818	0.0844	0.0771	0.0724	0.0672	0.0813	0.0825	0.0832	0.0825	0.0558	0.0607	0.0634	0.0722	0.0843	0.0947	0.0459	0.0443	0.0488	0.0580	0.0738	0.0994	0.0334	0.0292	0.0309	0.0333	0.0408	0.0567	0.0910
1926	0.0820	0.0840	0.0770	0.0725	0.0678	0.0810	0.0824	0.0827	0.0828	0.0558	0.0609	0.0635	0.0720	0.0838	0.0944	0.0457	0.0446	0.0493	0.0580	0.0741	0.0997	0.0338	0.0291	0.0315	0.0337	0.0410	0.0564	0.0908
1927	0.0824	0.0837	0.0771	0.0727	0.0683	0.0810	0.0823	0.0826	0.0830	0.0559	0.0608	0.0637	0.0718	0.0834	0.0941	0.0455	0.0447	0.0493	0.0579	0.0742	0.0998	0.0340	0.0292	0.0317	0.0338	0.0411	0.0565	0.0906
1928	0.0827	0.0836	0.0775	0.0727	0.0688	0.0811	0.0825	0.0826	0.0831	0.0564	0.0603	0.0640	0.0718	0.0836	0.0940	0.0453	0.0450	0.0492	0.0577	0.0740	0.0996	0.0342	0.0296	0.0317	0.0337	0.0410	0.0569	0.0905
1929	0.0829	0.0835	0.0777	0.0728	0.0691	0.0812	0.0827	0.0827	0.0832	0.0567	0.0601	0.0641	0.0717	0.0839	0.0941	0.0455	0.0451	0.0491	0.0577	0.0740	0.0995	0.0341	0.0301	0.0317	0.0336	0.0409	0.0572	0.0904
1930	0.0828	0.0838	0.0776	0.0730	0.0686	0.0811	0.0829	0.0832	0.0832	0.0564	0.0603	0.0643	0.0714	0.0840	0.0942	0.0457	0.0450	0.0485	0.0579	0.0742	0.0993	0.0337	0.0305	0.0315	0.0334	0.0408	0.0570	0.0908
1931	0.0827	0.0842	0.0776	0.0732	0.0681	0.0811	0.0832	0.0837	0.0831	0.0561	0.0605	0.0645	0.0711	0.0842	0.0944	0.0459	0.0449	0.0480	0.0581	0.0743	0.0992	0.0334	0.0309	0.0314	0.0332	0.0407	0.0570	0.0912
1932	0.0827	0.0846	0.0776	0.0734	0.0680	0.0812	0.0834	0.0839	0.0835	0.0564	0.0607	0.0646	0.0712	0.0845	0.0944	0.0459	0.0451	0.0483	0.0580	0.0743	0.0993	0.0334	0.0310	0.0316	0.0331	0.0408	0.0572	0.0914
1933	0.0827	0.0850	0.0776	0.0736	0.0678	0.0812	0.0835	0.0842	0.0840	0.0567	0.0610	0.0648	0.0714	0.0849	0.0943	0.0459	0.0453	0.0486	0.0579	0.0744	0.0995	0.0333	0.0311	0.0318	0.0331	0.0409	0.0574	0.0916
1934	0.0826	0.0852	0.0775	0.0739	0.0677	0.0814	0.0835	0.0842	0.0840	0.0571	0.0614	0.0646	0.0720	0.0851	0.0944	0.0459	0.0455	0.0487	0.0579	0.0744	0.0996	0.0337	0.0306	0.0316	0.0335	0.0410	0.0574	0.0917
1935	0.0824	0.0855	0.0776	0.0742	0.0678	0.0816	0.0834	0.0842	0.0840	0.0575	0.0619	0.0644	0.0728	0.0853	0.0945	0.0458	0.0458	0.0489	0.0580	0.0743	0.0996	0.0341	0.0300	0.0315	0.0338	0.0411	0.0575	0.0918
1936	0.0828	0.0857	0.0777	0.0745	0.0683	0.0816	0.0833	0.0838	0.0840	0.0575	0.0624	0.0643	0.0729	0.0852	0.0946	0.0462	0.0459	0.0491	0.0582	0.0743	0.0995	0.0343	0.0296	0.0318	0.0340	0.0410	0.0578	0.0919
1937	0.0834	0.0859	0.0779	0.0748	0.0689	0.0815	0.0831	0.0832	0.0841	0.0574	0.0629	0.0643	0.0729	0.0851	0.0948	0.0469	0.0460	0.0493	0.0582	0.0743	0.0992	0.0344	0.0292	0.0321	0.0339	0.0408	0.0582	0.0920
1938	0.0835	0.0861	0.0783	0.0748	0.0691	0.0816	0.0830	0.0833	0.0842	0.0575	0.0631	0.0644	0.0730	0.0851	0.0952	0.0475	0.0461	0.0493	0.0582	0.0745	0.0990	0.0345	0.0294	0.0320	0.0336	0.0407	0.0583	0.0918
1939	0.0834	0.0864	0.0790	0.0746	0.0691	0.0818	0.0832	0.0841	0.0843	0.0578	0.0633	0.0646	0.0731	0.0853	0.0957	0.0476	0.0464	0.0492	0.0584	0.0747	0.0990	0.0345	0.0300	0.0316	0.0333	0.0408	0.0584	0.0918
1940	0.0835	0.0867	0.0795	0.0745	0.0692	0.0821	0.0834	0.0849	0.0844	0.0581	0.0633	0.0650	0.0735	0.0855	0.0959	0.0477	0.0466	0.0493	0.0585	0.0748	0.0992	0.0345	0.0305	0.0315	0.0332	0.0411	0.0585	0.0919
1941	0.0838	0.0867	0.0795	0.0745	0.0693	0.0823	0.0835	0.0855	0.0843	0.0583	0.0627	0.0654	0.0741	0.0856	0.0957	0.0478	0.0465	0.0494	0.0584	0.0747	0.0998	0.0346	0.0310	0.0318	0.0335	0.0415	0.0589	0.0921
1942	0.0842	0.0868	0.0796	0.0745	0.0694	0.0826	0.0837	0.0861	0.0842	0.0584	0.0621	0.0659	0.0745	0.0858	0.0955	0.0478	0.0465	0.0496	0.0583	0.0746	0.1003	0.0346	0.0314	0.0322	0.0339	0.0418	0.0592	0.0923
1943	0.0843	0.0871	0.0797	0.0748	0.0695	0.0830	0.0839	0.0862	0.0843	0.0587	0.0621	0.0663	0.0744	0.0862	0.0954	0.0475	0.0468	0.0499	0.0586	0.0748	0.1002	0.0348	0.0313	0.0323	0.0342	0.0420	0.0591	0.0920
1944	0.0844	0.0874	0.0799	0.0751	0.0696	0.0835	0.0841	0.0863	0.0844	0.0589	0.0621	0.0668	0.0742	0.0867	0.0953	0.0472	0.0471	0.0503	0.0588	0.0749	0.1001	0.0350	0.0313	0.0323	0.0345	0.0422	0.0589	0.0918
1945	0.0842	0.0877	0.0801	0.0755	0.0701	0.0832	0.0843	0.0860	0.0849	0.0591	0.0626	0.0668	0.0740	0.0871	0.0957	0.0476	0.0472	0.0501	0.0589	0.0749	0.1002	0.0350	0.0307	0.0323	0.0345	0.0426	0.0591	0.0920
1946	0.0841	0.0881	0.0803	0.0758	0.0707	0.0828	0.0846	0.0857	0.0856	0.0593	0.0632	0.0666	0.0738	0.0874	0.0961	0.0479	0.0472	0.0500	0.0591	0.0749	0.1002	0.0349	0.0301	0.0323	0.0344	0.0430	0.0595	0.0922
1947	0.0845	0.0882	0.0805	0.0763	0.0711	0.0829	0.0851	0.0859	0.0862	0.0594	0.0639	0.0669	0.0743	0.0874	0.0965	0.0482	0.0469	0.0500	0.0590	0.0751	0.1007	0.0347	0.0302	0.0323	0.0345	0.0429	0.0594	0.0925
1948	0.0850	0.0883	0.0807	0.0769	0.0713	0.0831	0.0855	0.0864	0.0867	0.0594	0.0646	0.0673	0.0750	0.0873	0.0968	0.0484	0.0464	0.0500	0.0588	0.0756	0.1012	0.0343	0.0306	0.0325	0.0346	0.0428	0.0592	0.0928
1949	0.0854	0.0884	0.0808	0.0771	0.0716	0.0833	0.0855	0.0867	0.0869	0.0595	0.0647	0.0676	0.0753	0.0874	0.0975	0.0487	0.0463	0.0503	0.0589	0.0761	0.1018	0.0343	0.0312	0.0327	0.0346	0.0423	0.0590	0.0930
1950	0.0856	0.0885	0.0810	0.0771	0.0719	0.0837	0.0854	0.0870	0.0869	0.0595	0.0648	0.0678	0.0753	0.0877	0.0981	0.0488	0.0464	0.0508	0.0590	0.0767	0.1023	0.0344	0.0318	0.0329	0.0347	0.0416	0.0587	0.0932
1951	0.0858	0.0887	0.0813	0.0772	0.0724	0.0840	0.0854	0.0873	0.0871	0.0595	0.0648	0.0680	0.0753	0.0878	0.0984	0.0486	0.0466	0.0512	0.0591	0.0770	0.1025	0.0346	0.0325	0.0333	0.0350	0.0413	0.0586	0.0935
1952	0.0861	0.0890	0.0819	0.0774	0.0733	0.0842	0.0858	0.0876	0.0873	0.0596	0.0649	0.0679	0.0752	0.0878	0.0984	0.0481	0.0467	0.0513	0.0594	0.0772	0.1025	0.0350	0.0331	0.0336	0.0353	0.0418	0.0588	0.0937
1953	0.0866	0.0892	0.0824	0.0775	0.0738	0.0844	0.0861	0.0878	0.0876	0.0596	0.0650	0.0680	0.0754	0.0878	0.0986	0.0479	0.0469	0.0516	0.0597	0.0774	0.1026	0.0355	0.0335	0.0338	0.0356	0.0422	0.0591	0.0939
1954	0.0874	0.0889	0.0827	0.0777	0.0736	0.0849	0.0866	0.0882	0.0882	0.0597	0.0653	0.0687	0.0763	0.0882	0.0991	0.0486	0.0475	0.0517	0.0601	0.0775	0.1028	0.0361	0.0332	0.0340	0.0361	0.0426	0.0595	0.0937
1955	0.0882	0.0886	0.0831	0.0778	0.0735	0.0855	0.0870	0.0884	0.0888	0.0598	0.0656	0.0692	0.0771	0.0886	0.0997	0.0493	0.0483	0.0517	0.0605	0.0775	0.1030	0.0368	0.0330	0.0341	0.0364	0.0431	0.0599	0.0935
1956	0.0883	0.0890	0.0832	0.0781	0.0736	0.0857	0.0874	0.0884	0.0889	0.0605	0.0661	0.0690	0.0776	0.0893	0.0998	0.0499	0.0488	0.0520	0.0606	0.0778	0.1033	0.0370	0.0330	0.0335	0.0363	0.0435	0.0602	0.0933
1957	0.0884	0.0893	0.0834	0.0785	0.0738	0.0858	0.0877	0.0884	0.0890	0.0612	0.0666	0.0687	0.0780	0.0899	0.0999	0.0505	0.0493	0.0522	0.0607	0.0781	0.1035	0.0371	0.0331	0.0328	0.0362	0.0440	0.0605	0.0931
1958	0.0887	0.0899	0.0831	0.0787	0.0740	0.0861	0.0884	0.0888	0.0893	0.0618	0.0667	0.0687	0.0788	0.0901	0.1002	0.0504	0.0493	0.0524	0.0606	0.0781	0.1035	0.0376	0.0332	0.0330	0.0362	0.0437	0.0605	0.0937
1959	0.0890	0.0906	0.0827	0.0789	0.0744	0.0865	0.0890	0.0893	0.0896	0.0623	0.0668	0.0688	0.0795	0.0901	0.1006	0.0503	0.0493	0.0525	0.0605	0.0782	0.1035	0.0382	0.0333	0.0333	0.0362	0.0433	0.0605	0.0943
1960	0.0892	0.0906	0.0829	0.0793	0.0749	0.0869	0.0893	0.0897	0.0899	0.0629	0.0668	0.0691	0.0799	0.0904	0.1010	0.0503	0.0493	0.0528	0.0611	0.0783	0.1036	0.0385	0.0336	0.0335	0.0362	0.0434	0.0610	0.0944
1961	0.0895	0.0903	0.0832	0.0797	0.0757	0.0874	0.0894	0.0901	0.0902	0.0634	0.0666	0.0696	0.0802	0.0907	0.1014	0.0503	0.0494	0.0533	0.0620	0.0784	0.1038	0.0385	0.0339	0.0338	0.0363	0.0438	0.0618	0.0943
1962	0.0896	0.0905	0.0837	0.0801	0.0760	0.0879	0.0897	0.0906	0.0906	0.0638	0.0667	0.0700	0.0803	0.0911	0.1017	0.0503	0.0498	0.0539	0.0626	0.0787	0.1041	0.0384	0.0341	0.0340	0.0367	0.0443	0.0622	0.0946
1963	0.0895	0.0913	0.0844	0.0806	0.0759	0.0885	0.0902	0.0914	0.0910	0.0640	0.0670	0.0703	0.0802	0.0915	0.1017	0.0503	0.0507	0.0545	0.0629	0.0791	0.1047	0.0382	0.0340	0.0342	0.0369	0.0445	0.0621	0.0952
1964	0.0896	0.0918	0.0848	0.0810	0.0758	0.0889	0.0905	0.0922	0.0914	0.0642	0.0675	0.0705	0.0804	0.0919	0.1017	0.0504	0.0513	0.0550	0.0631	0.0796	0.1053	0.0382	0.0337	0.0341	0.0371	0.0446	0.0620	0.0958
1965	0.0899	0.0920	0.0847	0.0814	0.0761	0.0890	0.0906	0.0929	0.0916	0.0647	0.0682	0.0708	0.0808	0.0919	0.1017	0.0504	0.0512	0.0551	0.0630	0.0800	0.1058	0.0387	0.0333	0.0336	0.0374	0.0448	0.0620	0.0961
1966	0.0903	0.0923	0.0846	0.0819	0.0764	0.0892	0.0907	0.0935	0.0918	0.0651	0.0689	0.0712	0.0810	0.0920	0.1017	0.0505	0.0512	0.0552	0.0630	0.0805	0.1062	0.0390	0.0331	0.0333	0.0376	0.0449	0.0621	0.0964
1967	0.0910	0.0927	0.0852	0.0827	0.0770	0.0900	0.0909	0.0936	0.0920	0.0655	0.0692	0.0715	0.0808	0.0922	0.1023	0.0511	0.0513	0.0556	0.0631	0.0808	0.1065	0.0390	0.0339	0.0336	0.0373	0.0454	0.0625	0.0966
1968	0.0917	0.0931	0.0857	0.0835	0.0776	0.0909	0.0911	0.0936	0.0922	0.0660	0.0695	0.0718	0.0805	0.0924	0.1029	0.0516	0.0514	0.0559	0.0631	0.0811	0.1067	0.0389	0.0347	0.0340	0.0370	0.0458	0.0629	0.0968
1969	0.0924	0.0931	0.0863	0.0833	0.0776	0.0914	0.0914	0.0940	0.0927	0.0661	0.0700	0.0722	0.0807	0.0927	0.1036	0.0522	0.0514	0.0560	0.0633	0.0808	0.1071	0.0386	0.0350	0.0346	0.0370	0.0460	0.0630	0.0972
1970	0.0932	0.0932	0.0869	0.0830	0.0777	0.0920	0.0916	0.0945	0.0932	0.0662	0.0704	0.0727	0.0808	0.0929	0.1043	0.0529	0.0515	0.0561	0.0636	0.0805	0.1076	0.0383	0.0352	0.0352	0.0369	0.0461	0.0631	0.0977
1971	0.0932	0.0937	0.0872	0.0831	0.0779	0.0925	0.0919	0.0944	0.0940	0.0666	0.0707	0.0733	0.0811	0.0932	0.1049	0.0533	0.0516	0.0562	0.0640	0.0808	0.1079	0.0384	0.0356	0.0356	0.0373	0.0464	0.0637	0.0977
1972	0.0930	0.0945	0.0875	0.0833	0.0781	0.0930	0.0921	0.0941	0.0947	0.0671	0.0710	0.0738	0.0816	0.0936	0.1054	0.0536	0.0517	0.0563	0.0643	0.0812	0.1082	0.0387	0.0360	0.0359	0.0378	0.0467	0.0644	0.0977
1973	0.0932	0.0949	0.0878	0.0839	0.0786	0.0934	0.0924	0.0942	0.0950	0.0675	0.0712	0.0741	0.0821	0.0939	0.1056	0.0540	0.0518	0.0564	0.0647	0.0817	0.1082	0.0386	0.0361	0.0363	0.0384	0.0469	0.0648	0.0980
1974	0.0937	0.0951	0.0880	0.0848	0.0794	0.0937	0.0928	0.0945	0.0949	0.0678	0.0713	0.0742	0.0827	0.0944	0.1056	0.0546	0.0520	0.0564	0.0652	0.0822	0.1081	0.0383	0.0361	0.0368	0.0392	0.0471	0.0651	0.0985
1975	0.0939	0.0955	0.0884	0.0856	0.0800	0.0940	0.0932	0.0949	0.0950	0.0682	0.0715	0.0744	0.0832	0.0948	0.1057	0.0550	0.0522	0.0568	0.0657	0.0827	0.1083	0.0382	0.0360	0.0371	0.0398	0.0472	0.0653	0.0989
1976	0.0937	0.0960	0.0889	0.0862	0.0804	0.0943	0.0935	0.0954	0.0952	0.0688	0.0716	0.0748	0.0835	0.0953	0.1060	0.0553	0.0526	0.0576	0.0662	0.0831	0.1088	0.0385	0.0360	0.0372	0.0402	0.0470	0.0655	0.0990
1977	0.0936	0.0964	0.0893	0.0866	0.0807	0.0945	0.0940	0.0958	0.0955	0.0692	0.0718	0.0753	0.0838	0.0958	0.1062	0.0556	0.0530	0.0582	0.0667	0.0834	0.1093	0.0388	0.0360	0.0374	0.0403	0.0469	0.0657	0.0992
1978	0.0938	0.0968	0.0895	0.0866	0.0808	0.0947	0.0950	0.0961	0.0961	0.0692	0.0723	0.0758	0.0841	0.0963	0.1063	0.0558	0.0535	0.0583	0.0673	0.0837	0.1096	0.0392	0.0362	0.0377	0.0400	0.0471	0.0656	0.0996
1979	0.0940	0.0973	0.0896	0.0866	0.0809	0.0949	0.0959	0.0964	0.0966	0.0693	0.0728	0.0764	0.0844	0.0967	0.1064	0.0561	0.0539	0.0584	0.0678	0.0840	0.1099	0.0397	0.0365	0.0379	0.0397	0.0473	0.0656	0.1000
1980	0.0947	0.0977	0.0897	0.0869	0.0815	0.0947	0.0961	0.0970	0.0972	0.0696	0.0734	0.0765	0.0847	0.0966	0.1070	0.0559	0.0542	0.0583	0.0681	0.0844	0.1100	0.0401	0.0367	0.0380	0.0394	0.0477	0.0654	0.1003
1981	0.0954	0.0982	0.0898	0.0873	0.0821	0.0945	0.0964	0.0977	0.0978	0.0699	0.0740	0.0766	0.0849	0.0966	0.1075	0.0557	0.0544	0.0583	0.0684	0.0848	0.1102	0.0405	0.0370	0.0380	0.0392	0.0481	0.0652	0.1007
1982	0.0963	0.0987	0.0905	0.0873	0.0823	0.0949	0.0967	0.0979	0.0982	0.0702	0.0744	0.0770	0.0857	0.0968	0.1081	0.0558	0.0548	0.0587	0.0684	0.0849	0.1102	0.0409	0.0370	0.0383	0.0397	0.0481	0.0653	0.1006
1983	0.0972	0.0992	0.0914	0.0874	0.0825	0.0953	0.0971	0.0981	0.0986	0.0704	0.0746	0.0774	0.0867	0.0969	0.1086	0.0559	0.0552	0.0591	0.0684	0.0850	0.1103	0.0412	0.0369	0.0387	0.0403	0.0481	0.0653	0.1005
1984	0.0976	0.0998	0.0922	0.0879	0.0826	0.0955	0.0975	0.0984	0.0989	0.0706	0.0747	0.0775	0.0870	0.0974	0.1091	0.0562	0.0554	0.0592	0.0686	0.0853	0.1105	0.0414	0.0374	0.0384	0.0405	0.0483	0.0658	0.1007
1985	0.0979	0.1003	0.0930	0.0885	0.0827	0.0956	0.0980	0.0988	0.0992	0.0708	0.0748	0.0774	0.0870	0.0980	0.1095	0.0565	0.0555	0.0592	0.0690	0.0856	0.1109	0.0415	0.0381	0.0379	0.0406	0.0486	0.0664	0.1009
1986	0.0982	0.1006	0.0935	0.0893	0.0831	0.0959	0.0984	0.0991	0.0995	0.0710	0.0748	0.0776	0.0868	0.0984	0.1097	0.0567	0.0561	0.0594	0.0695	0.0858	0.1114	0.0417	0.0384	0.0378	0.0407	0.0488	0.0666	0.1012
1987	0.0985	0.1006	0.0937	0.0902	0.0837	0.0963	0.0988	0.0992	0.0998	0.0712	0.0748	0.0780	0.0864	0.0988	0.1097	0.0567	0.0568	0.0598	0.0700	0.0859	0.1119	0.0418	0.0385	0.0380	0.0407	0.0487	0.0666	0.1016
1988	0.0988	0.1009	0.0940	0.0908	0.0844	0.0968	0.0992	0.0995	0.0999	0.0715	0.0749	0.0785	0.0865	0.0993	0.1099	0.0571	0.0571	0.0602	0.0702	0.0863	0.1124	0.0420	0.0385	0.0384	0.0407	0.0488	0.0667	0.1020
1989	0.0993	0.1017	0.0945	0.0912	0.0852	0.0978	0.0995	0.0999	0.0999	0.0718	0.0754	0.0792	0.0871	0.1000	0.1103	0.0580	0.0566	0.0604	0.0699	0.0868	0.1129	0.0421	0.0384	0.0389	0.0409	0.0491	0.0669	0.1026
1990	0.0998	0.1023	0.0949	0.0915	0.0859	0.0987	0.0999	0.1003	0.1002	0.0722	0.0759	0.0798	0.0877	0.1005	0.1108	0.0588	0.0563	0.0607	0.0697	0.0873	0.1135	0.0425	0.0383	0.0393	0.0412	0.0494	0.0671	0.1030
1991	0.1001	0.1025	0.0954	0.0913	0.0861	0.0995	0.1006	0.1006	0.1010	0.0726	0.0766	0.0801	0.0880	0.1006	0.1114	0.0593	0.0567	0.0610	0.0695	0.0876	0.1142	0.0433	0.0384	0.0397	0.0416	0.0498	0.0671	0.1031
1992	0.1005	0.1027	0.0958	0.0912	0.0864	0.1001	0.1013	0.1010	0.1019	0.0730	0.0772	0.0805	0.0884	0.1007	0.1119	0.0598	0.0570	0.0613	0.0694	0.0879	0.1148	0.0441	0.0384	0.0401	0.0420	0.0502	0.0672	0.1032
1993	0.1008	0.1028	0.0961	0.0918	0.0869	0.0996	0.1017	0.1012	0.1021	0.0734	0.0773	0.0807	0.0888	0.1012	0.1121	0.0595	0.0571	0.0613	0.0698	0.0882	0.1149	0.0439	0.0386	0.0404	0.0421	0.0504	0.0678	0.1027
1994	0.1011	0.1029	0.0964	0.0924	0.0874	0.0991	0.1021	0.1014	0.1023	0.0738	0.0774	0.0810	0.0892	0.1017	0.1124	0.0592	0.0571	0.0612	0.0702	0.0884	0.1150	0.0438	0.0388	0.0407	0.0421	0.0506	0.0683	0.1021
1995	0.1016	0.1034	0.0965	0.0925	0.0875	0.0991	0.1021	0.1016	0.1025	0.0740	0.0775	0.0810	0.0893	0.1024	0.1125	0.0596	0.0571	0.0610	0.0709	0.0886	0.1157	0.0435	0.0391	0.0412	0.0422	0.0509	0.0682	0.1021
1996	0.1021	0.1039	0.0966	0.0926	0.0876	0.0991	0.1021	0.1018	0.1027	0.0742	0.0776	0.0810	0.0894	0.1030	0.1126	0.0600	0.0570	0.0609	0.0716	0.0887	0.1165	0.0432	0.0396	0.0417	0.0423	0.0511	0.0681	0.1021
1997	0.1027	0.1048	0.0971	0.0930	0.0876	0.0998	0.1023	0.1024	0.1031	0.0744	0.0779	0.0812	0.0899	0.1034	0.1127	0.0605	0.0576	0.0613	0.0714	0.0889	0.1167	0.0434	0.0397	0.0418	0.0428	0.0513	0.0684	0.1025
1998	0.1033	0.1057	0.0979	0.0935	0.0877	0.1007	0.1027	0.1031	0.1035	0.0746	0.0783	0.0815	0.0906	0.1037	0.1128	0.0610	0.0583	0.0619	0.0710	0.0893	0.1167	0.0437	0.0397	0.0418	0.0434	0.0514	0.0687	0.1030
1999	0.1038	0.1064	0.0983	0.0938	0.0881	0.1014	0.1032	0.1032	0.1042	0.0748	0.0789	0.0815	0.0909	0.1038	0.1133	0.0612	0.0592	0.0626	0.0711	0.0897	0.1168	0.0440	0.0401	0.0417	0.0440	0.0516	0.0691	0.1033
2000	0.1041	0.1068	0.0987	0.0940	0.0887	0.1020	0.1038	0.1029	0.1050	0.0749	0.0797	0.0814	0.0910	0.1037	0.1142	0.0612	0.0600	0.0633	0.0715	0.0903	0.1169	0.0443	0.0408	0.0417	0.0444	0.0519	0.0693	0.1034
2001	0.1044	0.1072	0.0989	0.0942	0.0890	0.1025	0.1045	0.1031	0.1054	0.0750	0.0802	0.0815	0.0912	0.1039	0.1149	0.0612	0.0605	0.0638	0.0719	0.0905	0.1168	0.0447	0.0412	0.0418	0.0447	0.0521	0.0695	0.1036
2002	0.1049	0.1073	0.0989	0.0944	0.0890	0.1027	0.1051	0.1041	0.1052	0.0751	0.0803	0.0820	0.0915	0.1045	0.1151	0.0614	0.0603	0.0638	0.0722	0.0903	0.1163	0.0451	0.0411	0.0422	0.0445	0.0522	0.0695	0.1039
2003	0.1053	0.1076	0.0991	0.0947	0.0891	0.1030	0.1056	0.1050	0.1052	0.0754	0.0805	0.0825	0.0917	0.1049	0.1154	0.0617	0.0602	0.0638	0.0726	0.0902	0.1160	0.0454	0.0411	0.0425	0.0444	0.0524	0.0695	0.1044
2004	0.1057	0.1080	0.0999	0.0952	0.0896	0.1035	0.1059	0.1058	0.1058	0.0761	0.0810	0.0830	0.0919	0.1052	0.1157	0.0622	0.0601	0.0639	0.0729	0.0909	0.1163	0.0455	0.0411	0.0427	0.0443	0.0528	0.0700	0.1050
2005	0.1061	0.1084	0.1006	0.0958	0.0901	0.1040	0.1063	0.1066	0.1065	0.0769	0.0814	0.0834	0.0921	0.1054	0.1160	0.0627	0.0601	0.0640	0.0732	0.0915	0.1167	0.0456	0.0411	0.0428	0.0442	0.0533	0.0704	0.1057
2006	0.1067	0.1087	0.1011	0.0961	0.0905	0.1045	0.1060	0.1071	0.1070	0.0776	0.0817	0.0838	0.0926	0.1053	0.1164	0.0630	0.0605	0.0645	0.0738	0.0919	0.1174	0.0457	0.0412	0.0428	0.0444	0.0537	0.0706	0.1061
2007	0.1072	0.1091	0.1016	0.0965	0.0910	0.1049	0.1058	0.1075	0.1075	0.0784	0.0820	0.0841	0.0930	0.1052	0.1167	0.0633	0.0608	0.0651	0.0743	0.0924	0.1181	0.0457	0.0414	0.0429	0.0446	0.0541	0.0709	0.1065
2008	0.1078	0.1091	0.1020	0.0967	0.0914	0.1048	0.1064	0.1081	0.1079	0.0785	0.0826	0.0846	0.0936	0.1055	0.1169	0.0637	0.0610	0.0654	0.0745	0.0923	0.1185	0.0463	0.0420	0.0429	0.0448	0.0542	0.0706	0.1068
2009	0.1084	0.1091	0.1024	0.0969	0.0917	0.1045	0.1070	0.1086	0.1083	0.0786	0.0833	0.0851	0.0942	0.1058	0.1171	0.0641	0.0612	0.0656	0.0747	0.0922	0.1189	0.0469	0.0427	0.0430	0.0450	0.0543	0.0704	0.1071
2010	0.1088	0.1093	0.1027	0.0974	0.0924	0.1047	0.1074	0.1086	0.1083	0.0789	0.0836	0.0854	0.0945	0.1067	0.1174	0.0645	0.0617	0.0661	0.0749	0.0925	0.1193	0.0473	0.0429	0.0432	0.0454	0.0545	0.0709	0.1072
2011	0.1091	0.1096	0.1030	0.0979	0.0933	0.1049	0.1079	0.1084	0.1083	0.0792	0.0838	0.0857	0.0946	0.1077	0.1177	0.0649	0.0622	0.0667	0.0752	0.0930	0.1197	0.0478	0.0430	0.0434	0.0459	0.0548	0.0717	0.1072
2012	0.1095	0.1101	0.1034	0.0984	0.0938	0.1055	0.1082	0.1087	0.1084	0.0796	0.0839	0.0861	0.0950	0.1082	0.1181	0.0652	0.0628	0.0668	0.0755	0.0934	0.1199	0.0479	0.0432	0.0436	0.0463	0.0549	0.0724	0.1072
2013	0.1101	0.1107	0.1038	0.0989	0.0939	0.1063	0.1085	0.1094	0.1085	0.0800	0.0840	0.0866	0.0955	0.1085	0.1186	0.0656	0.0633	0.0666	0.0759	0.0937	0.1200	0.0479	0.0436	0.0438	0.0467	0.0550	0.0730	0.1073
2014	0.1106	0.1113	0.1043	0.0993	0.0941	0.1069	0.1089	0.1100	0.1087	0.0804	0.0843	0.0868	0.0957	0.1084	0.1189	0.0658	0.0637	0.0667	0.0763	0.0939	0.1200	0.0479	0.0438	0.0441	0.0469	0.0550	0.0734	0.1075
2015	0.1110	0.1118	0.1050	0.0995	0.0941	0.1072	0.1095	0.1107	0.1091	0.0807	0.0848	0.0868	0.0954	0.1079	0.1189	0.0658	0.0640	0.0670	0.0766	0.0939	0.1200	0.0481	0.0441	0.0444	0.0469	0.0549	0.0736	0.1078
2016	0.1114	0.1123	0.1054	0.0998	0.0943	0.1076	0.1101	0.1111	0.1095	0.0811	0.0852	0.0869	0.0955	0.1075	0.1190	0.0658	0.0643	0.0675	0.0769	0.0939	0.1202	0.0483	0.0443	0.0447	0.0469	0.0550	0.0738	0.1080
2017	0.1119	0.1127	0.1055	0.1001	0.0945	0.1079	0.1103	0.1107	0.1100	0.0815	0.0852	0.0876	0.0963	0.1078	0.1193	0.0659	0.0645	0.0684	0.0768	0.0940	0.1209	0.0484	0.0446	0.0449	0.0470	0.0554	0.0741	0.1081
2018	0.1123	0.1131	0.1056	0.1005	0.0949	0.1083	0.1105	0.1104	0.1106	0.0820	0.0853	0.0882	0.0971	0.1081	0.1197	0.0661	0.0647	0.0692	0.0768	0.0941	0.1216	0.0484	0.0449	0.0450	0.0471	0.0557	0.0744	0.1081
2019	0.1125	0.1135	0.1062	0.1009	0.0958	0.1087	0.1106	0.1109	0.1111	0.0823	0.0854	0.0885	0.0976	0.1089	0.1208	0.0663	0.0648	0.0696	0.0768	0.0943	0.1216	0.0480	0.0449	0.0447	0.0476	0.0559	0.0747	0.1081
2020	0.1127	0.1138	0.1067	0.1014	0.0967	0.1092	0.1107	0.1113	0.1116	0.0827	0.0855	0.0888	0.0981	0.1096	0.1219	0.0666	0.0650	0.0700	0.0768	0.0946	0.1217	0.0477	0.0450	0.0445	0.0481	0.0560	0.0750	0.1081
2021	0.1129	0.1141	0.1068	0.1023	0.0976	0.1094	0.1109	0.1120	0.1124	0.0832	0.0861	0.0893	0.0981	0.1095	0.1219	0.0669	0.0651	0.0697	0.0768	0.0952	0.1221	0.0481	0.0449	0.0447	0.0479	0.0560	0.0751	0.1088
2022	0.1133	0.1144	0.1069	0.1032	0.0986	0.1096	0.1111	0.1126	0.1132	0.0837	0.0867	0.0899	0.0982	0.1094	0.1219	0.0672	0.0651	0.0693	0.0769	0.0958	0.1226	0.0485	0.0447	0.0450	0.0476	0.0560	0.0752	0.1094
2023	0.1133	0.1150	0.1072	0.1036	0.0986	0.1100	0.1118	0.1130	0.1137	0.0840	0.0872	0.0901	0.0986	0.1102	0.1221	0.0675	0.0654	0.0694	0.0771	0.0964	0.1229	0.0492	0.0445	0.0453	0.0477	0.0559	0.0753	0.1096
2024	0.1133	0.1156	0.1076	0.1040	0.0983	0.1104	0.1126	0.1135	0.1140	0.0844	0.0876	0.0902	0.0991	0.1112	0.1224	0.0679	0.0657	0.0695	0.0773	0.0969	0.1232	0.0500	0.0442	0.0456	0.0478	0.0558	0.0754	0.1095
2025	0.1138	0.1159	0.1079	0.1040	0.0986	0.1106	0.1132	0.1139	0.1144	0.0846	0.0879	0.0901	0.0995	0.1120	0.1229	0.0681	0.0662	0.0701	0.0780	0.0973	0.1235	0.0502	0.0444	0.0459	0.0483	0.0562	0.0752	0.1095
2026	0.1145	0.1161	0.1081	0.1038	0.0991	0.1107	0.1138	0.1144	0.1148	0.0848	0.0881	0.0899	0.0997	0.1126	0.1234	0.0682	0.0668	0.0708	0.0790	0.0978	0.1238	0.0501	0.0448	0.0462	0.0489	0.0568	0.0749	0.1094
2027	0.1148	0.1163	0.1084	0.1040	0.0995	0.1109	0.1139	0.1148	0.1152	0.0849	0.0883	0.0901	0.0996	0.1128	0.1241	0.0684	0.0670	0.0712	0.0797	0.0980	0.1242	0.0502	0.0452	0.0465	0.0492	0.0572	0.0747	0.1095
2028	0.1148	0.1164	0.1088	0.1045	0.0996	0.1111	0.1135	0.1151	0.1156	0.0851	0.0886	0.0907	0.0993	0.1125	0.1250	0.0685	0.0669	0.0713	0.0801	0.0981	0.1247	0.0504	0.0455	0.0469	0.0492	0.0576	0.0747	0.1097
2029	0.1150	0.1166	0.1092	0.1050	0.0997	0.1115	0.1135	0.1155	0.1160	0.0852	0.0889	0.0912	0.0993	0.1124	0.1255	0.0687	0.0668	0.0715	0.0804	0.0980	0.1251	0.0505	0.0458	0.0470	0.0495	0.0579	0.0748	0.1101
2030	0.1156	0.1169	0.1094	0.1055	0.0997	0.1121	0.1141	0.1157	0.1163	0.0851	0.0893	0.0919	0.0999	0.1127	0.1253	0.0693	0.0670	0.0719	0.0804	0.0978	0.1252	0.0506	0.0459	0.0469	0.0501	0.0579	0.0749	0.1108
2031	0.1161	0.1172	0.1096	0.1060	0.0998	0.1128	0.1145	0.1160	0.1166	0.0851	0.0898	0.0924	0.1005	0.1130	0.1253	0.0697	0.0672	0.0722	0.0804	0.0976	0.1253	0.0508	0.0462	0.0468	0.0506	0.0580	0.0751	0.1113
2032	0.1166	0.1178	0.1100	0.1066	0.1001	0.1134	0.1148	0.1164	0.1167	0.0853	0.0906	0.0920	0.1010	0.1134	0.1252	0.0700	0.0673	0.0721	0.0808	0.0974	0.1254	0.0510	0.0469	0.0470	0.0507	0.0578	0.0754	0.1117
2033	0.1170	0.1183	0.1104	0.1072	0.1003	0.1139	0.1152	0.1168	0.1168	0.0854	0.0913	0.0917	0.1014	0.1139	0.1252	0.0702	0.0674	0.0720	0.0811	0.0973	0.1254	0.0513	0.0475	0.0472	0.0507	0.0577	0.0756	0.1121
2034	0.1173	0.1182	0.1101	0.1076	0.1004	0.1143	0.1160	0.1163	0.1172	0.0858	0.0912	0.0919	0.1017	0.1144	0.1255	0.0698	0.0680	0.0722	0.0808	0.0975	0.1262	0.0512	0.0476	0.0475	0.0505	0.0577	0.0761	0.1121
2035	0.1176	0.1180	0.1098	0.1080	0.1004	0.1146	0.1168	0.1159	0.1176	0.0862	0.0912	0.0920	0.1021	0.1148	0.1257	0.0695	0.0685	0.0724	0.0804	0.0977	0.1270	0.0511	0.0476	0.0477	0.0503	0.0577	0.0767	0.1121
2036	0.1176	0.1188	0.1099	0.1082	0.1008	0.1157	0.1170	0.1160	0.1179	0.0869	0.0913	0.0922	0.1024	0.1155	0.1266	0.0704	0.0686	0.0728	0.0805	0.0989	0.1273	0.0510	0.0477	0.0484	0.0503	0.0579	0.0770	0.1124
2037	0.1175	0.1197	0.1100	0.1083	0.1011	0.1167	0.1171	0.1161	0.1184	0.0875	0.0916	0.0923	0.1028	0.1162	0.1277	0.0715	0.0687	0.0732	0.0807	0.1002	0.1275	0.0508	0.0477	0.0491	0.0504	0.0582	0.0772	0.1127
2038	0.1175	0.1199	0.1108	0.1086	0.1016	0.1170	0.1178	0.1167	0.1187	0.0881	0.0920	0.0927	0.1032	0.1170	0.1280	0.0724	0.0694	0.0736	0.0812	0.1005	0.1278	0.0511	0.0478	0.0491	0.0502	0.0584	0.0774	0.1130
2039	0.1176	0.1200	0.1119	0.1090	0.1023	0.1171	0.1187	0.1175	0.1190	0.0886	0.0926	0.0932	0.1034	0.1178	0.1281	0.0732	0.0702	0.0739	0.0817	0.1004	0.1280	0.0516	0.0480	0.0489	0.0500	0.0584	0.0775	0.1132
2040	0.1180	0.1205	0.1126	0.1095	0.1029	0.1172	0.1192	0.1181	0.1191	0.0889	0.0930	0.0938	0.1037	0.1179	0.1282	0.0731	0.0706	0.0741	0.0822	0.1004	0.1279	0.0519	0.0481	0.0486	0.0502	0.0587	0.0777	0.1134
2041	0.1186	0.1212	0.1133	0.1102	0.1035	0.1172	0.1193	0.1185	0.1191	0.0892	0.0933	0.0943	0.1039	0.1177	0.1282	0.0726	0.0708	0.0741	0.0828	0.1005	0.1276	0.0522	0.0481	0.0482	0.0505	0.0590	0.0780	0.1135
2042	0.1191	0.1217	0.1138	0.1108	0.1040	0.1170	0.1194	0.1189	0.1192	0.0891	0.0936	0.0945	0.1042	0.1175	0.1282	0.0721	0.0708	0.0742	0.0832	0.1007	0.1272	0.0523	0.0483	0.0482	0.0509	0.0591	0.0781	0.1136
2043	0.1195	0.1221	0.1143	0.1114	0.1043	0.1168	0.1195	0.1193	0.1193	0.0888	0.0940	0.0942	0.1047	0.1174	0.1283	0.0718	0.0707	0.0744	0.0836	0.1010	0.1269	0.0524	0.0487	0.0486	0.0513	0.0591	0.0781	0.1135
2044	0.1199	0.1223	0.1148	0.1117	0.1044	0.1169	0.1195	0.1198	0.1193	0.0886	0.0943	0.0942	0.1051	0.1176	0.1285	0.0715	0.0709	0.0746	0.0840	0.1013	0.1269	0.0524	0.0490	0.0490	0.0516	0.0592	0.0781	0.1136
2045	0.1202	0.1224	0.1149	0.1114	0.1047	0.1178	0.1198	0.1201	0.1195	0.0891	0.0941	0.0950	0.1048	0.1183	0.1291	0.0714	0.0713	0.0751	0.0844	0.1015	0.1275	0.0525	0.0488	0.0497	0.0519	0.0597	0.0779	0.1140
2046	0.1204	0.1225	0.1150	0.1112	0.1048	0.1186	0.1201	0.1204	0.1198	0.0895	0.0940	0.0955	0.1047	0.1189	0.1297	0.0713	0.0717	0.0755	0.0846	0.1017	0.1281	0.0526	0.0487	0.0503	0.0519	0.0603	0.0778	0.1143
2047	0.1206	0.1230	0.1151	0.1112	0.1048	0.1183	0.1204	0.1208	0.1198	0.0896	0.0940	0.0957	0.1049	0.1194	0.1300	0.0720	0.0718	0.0759	0.0844	0.1021	0.1284	0.0525	0.0491	0.0500	0.0516	0.0608	0.0779	0.1144
2048	0.1207	0.1234	0.1153	0.1113	0.1049	0.1179	0.1206	0.1211	0.1199	0.0896	0.0939	0.0960	0.1051	0.1199	0.1303	0.0726	0.0718	0.0762	0.0842	0.1025	0.1287	0.0525	0.0495	0.0497	0.0512	0.0613	0.0780	0.1145
2049	0.1210	0.1234	0.1155	0.1117	0.1054	0.1186	0.1208	0.1211	0.1208	0.0900	0.0942	0.0965	0.1054	0.1193	0.1304	0.0729	0.0717	0.0764	0.0842	0.1034	0.1294	0.0531	0.0493	0.0498	0.0513	0.0616	0.0784	0.1145
2050	0.1213	0.1235	0.1157	0.1121	0.1059	0.1193	0.1210	0.1210	0.1216	0.0904	0.0945	0.0969	0.1056	0.1188	0.1305	0.0731	0.0716	0.0764	0.0842	0.1042	0.1300	0.0536	0.0492	0.0498	0.0515	0.0619	0.0789	0.1145
2051	0.1216	0.1237	0.1161	0.1126	0.1065	0.1199	0.1211	0.1216	0.1223	0.0906	0.0949	0.0973	0.1062	0.1188	0.1306	0.0733	0.0722	0.0763	0.0843	0.1042	0.1305	0.0537	0.0489	0.0496	0.0511	0.0620	0.0792	0.1144
2052	0.1218	0.1240	0.1166	0.1130	0.1071	0.1203	0.1213	0.1222	0.1231	0.0907	0.0953	0.0977	0.1069	0.1191	0.1308	0.0733	0.0728	0.0763	0.0842	0.1040	0.1309	0.0538	0.0485	0.0493	0.0506	0.0620	0.0793	0.1144
2053	0.1221	0.1242	0.1171	0.1133	0.1074	0.1207	0.1214	0.1227	0.1234	0.0915	0.0953	0.0980	0.1071	0.1194	0.1310	0.0738	0.0734	0.0762	0.0846	0.1038	0.1311	0.0541	0.0487	0.0495	0.0508	0.0619	0.0796	0.1146
2054	0.1224	0.1243	0.1176	0.1135	0.1075	0.1211	0.1214	0.1229	0.1236	0.0924	0.0953	0.0983	0.1072	0.1198	0.1311	0.0745	0.0740	0.0762	0.0852	0.1036	0.1310	0.0544	0.0491	0.0498	0.0512	0.0617	0.0798	0.1151
2055	0.1229	0.1246	0.1180	0.1138	0.1077	0.1211	0.1217	0.1231	0.1241	0.0928	0.0956	0.0990	0.1071	0.1202	0.1316	0.0750	0.0743	0.0762	0.0858	0.1037	0.1311	0.0543	0.0495	0.0501	0.0519	0.0617	0.0801	0.1157
2056	0.1236	0.1249	0.1184	0.1140	0.1079	0.1210	0.1222	0.1231	0.1247	0.0927	0.0960	0.1000	0.1068	0.1206	0.1320	0.0754	0.0745	0.0762	0.0862	0.1040	0.1314	0.0541	0.0502	0.0503	0.0527	0.0620	0.0804	0.1162
2057	0.1241	0.1253	0.1186	0.1145	0.1080	0.1207	0.1226	0.1235	0.1253	0.0928	0.0963	0.1005	0.1070	0.1211	0.1324	0.0757	0.0744	0.0763	0.0865	0.1040	0.1316	0.0542	0.0507	0.0505	0.0532	0.0621	0.0806	0.1165
2058	0.1240	0.1260	0.1185	0.1152	0.1082	0.1206	0.1227	0.1242	0.1256	0.0931	0.0965	0.1005	0.1078	0.1214	0.1326	0.0757	0.0741	0.0764	0.0867	0.1039	0.1317	0.0547	0.0509	0.0506	0.0532	0.0620	0.0808	0.1164
2059	0.1240	0.1265	0.1187	0.1157	0.1084	0.1207	0.1230	0.1247	0.1259	0.0933	0.0969	0.1005	0.1085	0.1216	0.1328	0.0758	0.0740	0.0765	0.0870	0.1040	0.1318	0.0551	0.0510	0.0507	0.0532	0.0620	0.0811	0.1164
2060	0.1245	0.1272	0.1194	0.1157	0.1083	0.1209	0.1235	0.1251	0.1261	0.0928	0.0976	0.1008	0.1089	0.1218	0.1332	0.0760	0.0745	0.0769	0.0872	0.1046	0.1322	0.0552	0.0509	0.0508	0.0535	0.0619	0.0812	0.1166
2061	0.1249	0.1278	0.1201	0.1158	0.1084	0.1212	0.1240	0.1254	0.1263	0.0926	0.0982	0.1012	0.1092	0.1218	0.1336	0.0761	0.0749	0.0773	0.0874	0.1052	0.1324	0.0554	0.0509	0.0510	0.0537	0.0618	0.0813	0.1169
2062	0.1251	0.1281	0.1204	0.1160	0.1091	0.1216	0.1244	0.1254	0.1265	0.0934	0.0987	0.1016	0.1090	0.1217	0.1340	0.0760	0.0748	0.0780	0.0876	0.1052	0.1326	0.0557	0.0513	0.0510	0.0539	0.0620	0.0814	0.1168
2063	0.1255	0.1284	0.1207	0.1162	0.1098	0.1220	0.1248	0.1254	0.1267	0.0942	0.0992	0.1019	0.1088	0.1217	0.1344	0.0759	0.0747	0.0787	0.0878	0.1052	0.1327	0.0561	0.0517	0.0510	0.0540	0.0624	0.0813	0.1166
2064	0.1260	0.1280	0.1208	0.1160	0.1102	0.1223	0.1248	0.1252	0.1271	0.0948	0.0987	0.1020	0.1085	0.1224	0.1344	0.0761	0.0747	0.0786	0.0876	0.1054	0.1326	0.0564	0.0519	0.0515	0.0543	0.0626	0.0812	0.1162
2065	0.1265	0.1275	0.1210	0.1158	0.1106	0.1227	0.1248	0.1249	0.1275	0.0953	0.0981	0.1021	0.1082	0.1231	0.1344	0.0763	0.0747	0.0785	0.0874	0.1057	0.1326	0.0567	0.0521	0.0520	0.0547	0.0628	0.0812	0.1158
2066	0.1268	0.1282	0.1215	0.1157	0.1107	0.1227	0.1250	0.1253	0.1276	0.0958	0.0986	0.1021	0.1085	0.1236	0.1351	0.0769	0.0744	0.0781	0.0880	0.1062	0.1329	0.0570	0.0520	0.0519	0.0552	0.0627	0.0816	0.1159
2067	0.1270	0.1291	0.1219	0.1156	0.1108	0.1227	0.1253	0.1257	0.1277	0.0963	0.0992	0.1020	0.1091	0.1240	0.1359	0.0775	0.0740	0.0778	0.0887	0.1067	0.1331	0.0574	0.0519	0.0518	0.0555	0.0627	0.0822	0.1160
2068	0.1271	0.1299	0.1223	0.1155	0.1110	0.1230	0.1254	0.1261	0.1275	0.0966	0.0994	0.1023	0.1097	0.1241	0.1365	0.0778	0.0739	0.0782	0.0892	0.1067	0.1335	0.0575	0.0518	0.0515	0.0558	0.0629	0.0824	0.1164
2069	0.1271	0.1307	0.1228	0.1154	0.1112	0.1235	0.1255	0.1265	0.1271	0.0969	0.0995	0.1028	0.1104	0.1240	0.1370	0.0779	0.0739	0.0789	0.0897	0.1065	0.1340	0.0575	0.0517	0.0511	0.0560	0.0633	0.0825	0.1169
2070	0.1273	0.1309	0.1230	0.1156	0.1116	0.1240	0.1258	0.1267	0.1272	0.0970	0.0994	0.1028	0.1110	0.1238	0.1370	0.0781	0.0741	0.0795	0.0899	0.1066	0.1340	0.0577	0.0519	0.0513	0.0560	0.0636	0.0825	0.1171
2071	0.1278	0.1304	0.1231	0.1162	0.1121	0.1245	0.1262	0.1268	0.1278	0.0970	0.0991	0.1027	0.1116	0.1236	0.1368	0.0783	0.0744	0.0798	0.0900	0.1071	0.1339	0.0583	0.0524	0.0518	0.0558	0.0638	0.0825	0.1171
2072	0.1282	0.1303	0.1232	0.1169	0.1123	0.1250	0.1269	0.1270	0.1282	0.0969	0.0994	0.1028	0.1121	0.1236	0.1369	0.0783	0.0748	0.0802	0.0899	0.1071	0.1339	0.0584	0.0526	0.0523	0.0558	0.0641	0.0824	0.1172
2073	0.1286	0.1304	0.1231	0.1177	0.1124	0.1254	0.1275	0.1272	0.1286	0.0966	0.1004	0.1030	0.1123	0.1238	0.1373	0.0781	0.0751	0.0807	0.0897	0.1068	0.1340	0.0580	0.0525	0.0528	0.0555	0.0644	0.0826	0.1173
2074	0.1289	0.1306	0.1232	0.1183	0.1126	0.1258	0.1280	0.1274	0.1292	0.0963	0.1014	0.1032	0.1124	0.1240	0.1376	0.0779	0.0755	0.0811	0.0897	0.1069	0.1342	0.0579	0.0525	0.0532	0.0553	0.0645	0.0827	0.1175
2075	0.1285	0.1310	0.1236	0.1186	0.1131	0.1258	0.1281	0.1280	0.1300	0.0961	0.1021	0.1033	0.1120	0.1242	0.1379	0.0780	0.0761	0.0811	0.0900	0.1075	0.1344	0.0582	0.0526	0.0534	0.0553	0.0645	0.0825	0.1177
2076	0.1284	0.1315	0.1241	0.1188	0.1135	0.1258	0.1283	0.1285	0.1306	0.0960	0.1027	0.1034	0.1116	0.1243	0.1381	0.0780	0.0767	0.0809	0.0902	0.1081	0.1347	0.0584	0.0527	0.0536	0.0554	0.0643	0.0823	0.1178
2077	0.1293	0.1317	0.1247	0.1188	0.1138	0.1259	0.1282	0.1284	0.1309	0.0963	0.1026	0.1038	0.1116	0.1242	0.1377	0.0778	0.0772	0.0804	0.0903	0.1086	0.1353	0.0585	0.0531	0.0541	0.0560	0.0640	0.0829	0.1178
2078	0.1300	0.1318	0.1254	0.1190	0.1142	0.1260	0.1282	0.1284	0.1312	0.0966	0.1025	0.1042	0.1115	0.1242	0.1374	0.0777	0.0776	0.0799	0.0904	0.1090	0.1357	0.0586	0.0534	0.0545	0.0565	0.0637	0.0835	0.1179
2079	0.1304	0.1319	0.1253	0.1197	0.1147	0.1266	0.1287	0.1283	0.1312	0.0973	0.1026	0.1043	0.1119	0.1247	0.1374	0.0783	0.0776	0.0807	0.0907	0.1090	0.1360	0.0586	0.0536	0.0546	0.0563	0.0635	0.0837	0.1182
2080	0.1307	0.1321	0.1251	0.1204	0.1151	0.1272	0.1292	0.1283	0.1311	0.0980	0.1027	0.1045	0.1123	0.1252	0.1374	0.0790	0.0776	0.0816	0.0910	0.1089	0.1363	0.0587	0.0537	0.0547	0.0561	0.0633	0.0838	0.1186
2081	0.1304	0.1322	0.1250	0.1211	0.1155	0.1275	0.1294	0.1284	0.1314	0.0983	0.1028	0.1046	0.1129	0.1259	0.1376	0.0792	0.0770	0.0813	0.0909	0.1091	0.1365	0.0588	0.0536	0.0545	0.0559	0.0635	0.0835	0.1189
2082	0.1301	0.1322	0.1250	0.1217	0.1159	0.1278	0.1296	0.1285	0.1316	0.0986	0.1027	0.1048	0.1135	0.1268	0.1378	0.0794	0.0765	0.0808	0.0906	0.1093	0.1366	0.0590	0.0533	0.0541	0.0560	0.0637	0.0831	0.1190
2083	0.1300	0.1324	0.1252	0.1219	0.1155	0.1281	0.1294	0.1290	0.1313	0.0995	0.1029	0.1051	0.1136	0.1270	0.1378	0.0795	0.0769	0.0813	0.0906	0.1096	0.1373	0.0590	0.0534	0.0544	0.0563	0.0639	0.0827	0.1187
2084	0.1301	0.1326	0.1255	0.1220	0.1150	0.1283	0.1292	0.1295	0.1309	0.1003	0.1030	0.1054	0.1138	0.1272	0.1379	0.0797	0.0774	0.0819	0.0906	0.1100	0.1381	0.0591	0.0536	0.0550	0.0567	0.0643	0.0822	0.1184
2085	0.1308	0.1331	0.1257	0.1219	0.1149	0.1284	0.1293	0.1296	0.1309	0.1006	0.1033	0.1054	0.1141	0.1273	0.1380	0.0803	0.0782	0.0823	0.0905	0.1102	0.1385	0.0589	0.0535	0.0551	0.0569	0.0647	0.0822	0.1185
2086	0.1316	0.1335	0.1256	0.1216	0.1149	0.1288	0.1296	0.1297	0.1312	0.1006	0.1038	0.1052	0.1144	0.1273	0.1383	0.0811	0.0790	0.0826	0.0904	0.1102	0.1385	0.0586	0.0532	0.0548	0.0570	0.0650	0.0826	0.1189
2087	0.1321	0.1340	0.1259	0.1216	0.1152	0.1290	0.1304	0.1300	0.1311	0.1005	0.1041	0.1054	0.1143	0.1278	0.1388	0.0813	0.0792	0.0828	0.0905	0.1101	0.1383	0.0588	0.0532	0.0547	0.0571	0.0654	0.0826	0.1193
2088	0.1321	0.1343	0.1266	0.1218	0.1159	0.1290	0.1312	0.1304	0.1311	0.1005	0.1042	0.1059	0.1140	0.1287	0.1393	0.0812	0.0794	0.0826	0.0908	0.1099	0.1381	0.0593	0.0533	0.0547	0.0576	0.0657	0.0823	0.1197
2089	0.1320	0.1345	0.1272	0.1221	0.1166	0.1290	0.1312	0.1310	0.1312	0.1006	0.1045	0.1065	0.1139	0.1289	0.1398	0.0813	0.0795	0.0827	0.0911	0.1098	0.1382	0.0599	0.0535	0.0548	0.0580	0.0662	0.0822	0.1200
2090	0.1322	0.1347	0.1274	0.1228	0.1173	0.1290	0.1306	0.1318	0.1314	0.1009	0.1048	0.1072	0.1143	0.1283	0.1399	0.0818	0.0796	0.0831	0.0916	0.1101	0.1385	0.0606	0.0539	0.0548	0.0582	0.0666	0.0827	0.1201
2091	0.1325	0.1349	0.1276	0.1234	0.1180	0.1292	0.1303	0.1324	0.1317	0.1010	0.1050	0.1076	0.1148	0.1280	0.1401	0.0821	0.0796	0.0834	0.0922	0.1103	0.1387	0.0611	0.0542	0.0548	0.0585	0.0671	0.0831	0.1202
2092	0.1331	0.1350	0.1276	0.1241	0.1183	0.1295	0.1301	0.1325	0.1322	0.1012	0.1051	0.1076	0.1154	0.1284	0.1406	0.0821	0.0797	0.0840	0.0929	0.1105	0.1390	0.0610	0.0541	0.0545	0.0590	0.0674	0.0839	0.1206
2093	0.1337	0.1352	0.1277	0.1248	0.1185	0.1300	0.1300	0.1326	0.1326	0.1014	0.1052	0.1076	0.1158	0.1287	0.1411	0.0820	0.0799	0.0845	0.0934	0.1106	0.1393	0.0607	0.0541	0.0544	0.0593	0.0674	0.0847	0.1209
2094	0.1341	0.1359	0.1282	0.1251	0.1181	0.1307	0.1307	0.1322	0.1330	0.1015	0.1052	0.1074	0.1161	0.1285	0.1415	0.0825	0.0804	0.0845	0.0931	0.1105	0.1391	0.0604	0.0537	0.0552	0.0587	0.0671	0.0850	0.1209
2095	0.1345	0.1366	0.1288	0.1254	0.1179	0.1315	0.1314	0.1320	0.1333	0.1015	0.1053	0.1072	0.1166	0.1283	0.1418	0.0829	0.0809	0.0846	0.0927	0.1105	0.1390	0.0601	0.0536	0.0560	0.0581	0.0667	0.0852	0.1210
2096	0.1343	0.1368	0.1295	0.1252	0.1182	0.1321	0.1319	0.1330	0.1336	0.1018	0.1057	0.1078	0.1173	0.1288	0.1420	0.0833	0.0813	0.0842	0.0926	0.1102	0.1394	0.0604	0.0543	0.0560	0.0578	0.0663	0.0852	0.1211
2097	0.1341	0.1370	0.1303	0.1249	0.1185	0.1328	0.1324	0.1340	0.1339	0.1020	0.1062	0.1085	0.1181	0.1294	0.1423	0.0836	0.0817	0.0837	0.0925	0.1099	0.1398	0.0607	0.0551	0.0559	0.0575	0.0659	0.0852	0.1213
2098	0.1340	0.1370	0.1300	0.1245	0.1183	0.1327	0.1320	0.1342	0.1339	0.1028	0.1063	0.1089	0.1179	0.1297	0.1422	0.0839	0.0818	0.0837	0.0926	0.1104	0.1401	0.0612	0.0554	0.0559	0.0574	0.0659	0.0854	0.1210
2099	0.1339	0.1371	0.1295	0.1242	0.1181	0.1324	0.1315	0.1344	0.1337	0.1036	0.1063	0.1092	0.1175	0.1300	0.1420	0.0843	0.0821	0.0838	0.0927	0.1110	0.1404	0.0618	0.0558	0.0561	0.0574	0.0658	0.0856	0.1207
2100	0.1348	0.1372	0.1292	0.1240	0.1180	0.1324	0.1318	0.1345	0.1338	0.1032	0.1065	0.1093	0.1177	0.1301	0.1424	0.0839	0.0820	0.0834	0.0933	0.1115	0.1404	0.0616	0.0561	0.0560	0.0574	0.0659	0.0855	0.1213
2101	0.1359	0.1373	0.1288	0.1240	0.1180	0.1325	0.1324	0.1347	0.1343	0.1025	0.1067	0.1094	0.1180	0.1300	0.1428	0.0835	0.0820	0.0830	0.0939	0.1120	0.1404	0.0614	0.0564	0.0558	0.0575	0.0662	0.0851	0.1219
2102	0.1364	0.1377	0.1293	0.1242	0.1181	0.1329	0.1330	0.1348	0.1348	0.1021	0.1065	0.1094	0.1185	0.1301	0.1430	0.0835	0.0818	0.0833	0.0940	0.1121	0.1404	0.0613	0.0564	0.0558	0.0579	0.0665	0.0852	0.1219
2103	0.1364	0.1382	0.1303	0.1248	0.1184	0.1337	0.1337	0.1345	0.1354	0.1020	0.1064	0.1093	0.1190	0.1303	0.1432	0.0836	0.0817	0.0839	0.0938	0.1119	0.1404	0.0613	0.0566	0.0558	0.0583	0.0669	0.0854	0.1216
2104	0.1364	0.1385	0.1308	0.1254	0.1190	0.1339	0.1343	0.1345	0.1360	0.1021	0.1069	0.1093	0.1195	0.1306	0.1433	0.0840	0.0819	0.0847	0.0936	0.1121	0.1406	0.0614	0.0568	0.0561	0.0584	0.0673	0.0855	0.1216
2105	0.1366	0.1384	0.1310	0.1261	0.1198	0.1336	0.1349	0.1350	0.1365	0.1024	0.1078	0.1093	0.1200	0.1311	0.1431	0.0844	0.0824	0.0856	0.0934	0.1122	0.1412	0.0613	0.0568	0.0567	0.0585	0.0675	0.0855	0.1219
2106	0.1363	0.1384	0.1312	0.1265	0.1203	0.1334	0.1352	0.1356	0.1368	0.1030	0.1084	0.1095	0.1201	0.1312	0.1429	0.0844	0.0827	0.0860	0.0936	0.1124	0.1417	0.0613	0.0569	0.0571	0.0588	0.0676	0.0856	0.1224
2107	0.1362	0.1385	0.1315	0.1265	0.1210	0.1334	0.1351	0.1365	0.1371	0.1037	0.1089	0.1099	0.1197	0.1309	0.1430	0.0843	0.0827	0.0856	0.0942	0.1132	0.1419	0.0614	0.0572	0.0570	0.0595	0.0675	0.0860	0.1228
2108	0.1363	0.1388	0.1317	0.1267	0.1215	0.1337	0.1352	0.1373	0.1375	0.1044	0.1094	0.1101	0.1197	0.1307	0.1433	0.0843	0.0827	0.0855	0.0945	0.1139	0.1418	0.0613	0.0574	0.0567	0.0602	0.0674	0.0863	0.1228
2109	0.1365	0.1398	0.1320	0.1271	0.1212	0.1347	0.1353	0.1377	0.1374	0.1052	0.1098	0.1100	0.1199	0.1307	0.1439	0.0844	0.0824	0.0858	0.0942	0.1144	0.1411	0.0616	0.0574	0.0568	0.0609	0.0671	0.0865	0.1227
2110	0.1366	0.1406	0.1323	0.1275	0.1211	0.1356	0.1354	0.1381	0.1374	0.1059	0.1101	0.1100	0.1201	0.1308	0.1444	0.0843	0.0821	0.0862	0.0940	0.1148	0.1405	0.0621	0.0575	0.0570	0.0613	0.0670	0.0869	0.1228
2111	0.1373	0.1405	0.1323	0.1277	0.1217	0.1358	0.1354	0.1381	0.1378	0.1059	0.1101	0.1102	0.1207	0.1313	0.1446	0.0842	0.0822	0.0864	0.0943	0.1146	0.1406	0.0624	0.0576	0.0573	0.0613	0.0673	0.0878	0.1233
2112	0.1381	0.1405	0.1324	0.1279	0.1224	0.1360	0.1353	0.1380	0.1382	0.1057	0.1100	0.1104	0.1213	0.1317	0.1448	0.0840	0.0825	0.0864	0.0946	0.1143	0.1408	0.0626	0.0577	0.0577	0.0613	0.0675	0.0887	0.1238
2113	0.1383	0.1406	0.1328	0.1284	0.1228	0.1360	0.1354	0.1380	0.1386	0.1055	0.1099	0.1109	0.1212	0.1322	0.1451	0.0845	0.0830	0.0863	0.0947	0.1140	0.1413	0.0623	0.0580	0.0579	0.0610	0.0675	0.0884	0.1239
2114	0.1384	0.1407	0.1331	0.1290	0.1231	0.1359	0.1356	0.1383	0.1390	0.1054	0.1097	0.1115	0.1209	0.1327	0.1454	0.0850	0.0834	0.0864	0.0947	0.1137	0.1419	0.0621	0.0583	0.0582	0.0607	0.0675	0.0880	0.1238
2115	0.1384	0.1406	0.1334	0.1291	0.1232	0.1360	0.1363	0.1389	0.1394	0.1059	0.1096	0.1117	0.1205	0.1328	0.1455	0.0851	0.0837	0.0867	0.0948	0.1139	0.1422	0.0622	0.0580	0.0583	0.0603	0.0676	0.0877	0.1241
2116	0.1385	0.1405	0.1337	0.1292	0.1235	0.1364	0.1371	0.1395	0.1399	0.1066	0.1097	0.1118	0.1202	0.1330	0.1456	0.0852	0.0841	0.0869	0.0948	0.1143	0.1426	0.0623	0.0577	0.0585	0.0599	0.0678	0.0875	0.1245
2117	0.1387	0.1405	0.1335	0.1290	0.1238	0.1366	0.1374	0.1401	0.1402	0.1066	0.1097	0.1117	0.1203	0.1339	0.1458	0.0857	0.0843	0.0867	0.0953	0.1150	0.1430	0.0624	0.0577	0.0583	0.0600	0.0684	0.0873	0.1246
2118	0.1389	0.1405	0.1335	0.1287	0.1239	0.1365	0.1374	0.1405	0.1404	0.1064	0.1096	0.1117	0.1203	0.1349	0.1458	0.0861	0.0842	0.0866	0.0958	0.1158	0.1431	0.0625	0.0579	0.0582	0.0605	0.0690	0.0871	0.1246
2119	0.1391	0.1413	0.1337	0.1287	0.1240	0.1364	0.1375	0.1401	0.1403	0.1061	0.1100	0.1118	0.1203	0.1353	0.1462	0.0861	0.0840	0.0864	0.0958	0.1159	0.1433	0.0625	0.0580	0.0581	0.0604	0.0690	0.0871	0.1247
2120	0.1392	0.1424	0.1338	0.1289	0.1240	0.1363	0.1375	0.1397	0.1402	0.1058	0.1106	0.1121	0.1206	0.1351	0.1470	0.0859	0.0836	0.0864	0.0957	0.1157	0.1436	0.0625	0.0578	0.0576	0.0603	0.0688	0.0871	0.1249
2121	0.1395	0.1430	0.1342	0.1296	0.1240	0.1365	0.1374	0.1393	0.1402	0.1060	0.1109	0.1120	0.1211	0.1347	0.1472	0.0858	0.0832	0.0864	0.0956	0.1154	0.1437	0.0632	0.0574	0.0576	0.0602	0.0685	0.0867	0.1252
2122	0.1400	0.1432	0.1350	0.1303	0.1243	0.1370	0.1373	0.1391	0.1404	0.1065	0.1111	0.1119	0.1217	0.1347	0.1471	0.0857	0.0829	0.0865	0.0955	0.1149	0.1436	0.0641	0.0574	0.0583	0.0598	0.0681	0.0859	0.1257
2123	0.1404	0.1434	0.1358	0.1308	0.1248	0.1373	0.1376	0.1391	0.1404	0.1069	0.1111	0.1119	0.1221	0.1348	0.1473	0.0857	0.0833	0.0867	0.0956	0.1148	0.1435	0.0644	0.0577	0.0587	0.0600	0.0684	0.0855	0.1260
2124	0.1403	0.1436	0.1363	0.1312	0.1253	0.1372	0.1382	0.1393	0.1405	0.1073	0.1107	0.1122	0.1225	0.1351	0.1476	0.0859	0.0843	0.0869	0.0960	0.1154	0.1431	0.0645	0.0582	0.0587	0.0607	0.0694	0.0859	0.1259
2125	0.1402	0.1438	0.1366	0.1315	0.1255	0.1371	0.1386	0.1396	0.1406	0.1077	0.1107	0.1126	0.1227	0.1355	0.1477	0.0862	0.0851	0.0871	0.0964	0.1158	0.1430	0.0647	0.0586	0.0589	0.0614	0.0703	0.0864	0.1257
2126	0.1398	0.1437	0.1368	0.1311	0.1253	0.1369	0.1385	0.1400	0.1407	0.1081	0.1113	0.1133	0.1224	0.1356	0.1476	0.0865	0.0855	0.0871	0.0967	0.1158	0.1434	0.0649	0.0591	0.0594	0.0620	0.0702	0.0867	0.1257
2127	0.1394	0.1437	0.1365	0.1308	0.1248	0.1368	0.1384	0.1403	0.1408	0.1085	0.1119	0.1137	0.1223	0.1356	0.1478	0.0870	0.0858	0.0871	0.0970	0.1157	0.1433	0.0649	0.0596	0.0598	0.0624	0.0700	0.0872	0.1256
2128	0.1395	0.1439	0.1354	0.1309	0.1243	0.1370	0.1382	0.1404	0.1406	0.1086	0.1125	0.1132	0.1228	0.1352	0.1479	0.0871	0.0857	0.0870	0.0973	0.1162	0.1434	0.0648	0.0600	0.0600	0.0623	0.0699	0.0872	0.1256
2129	0.1396	0.1442	0.1348	0.1309	0.1239	0.1375	0.1381	0.1407	0.1403	0.1088	0.1131	0.1127	0.1232	0.1349	0.1478	0.0870	0.0855	0.0870	0.0976	0.1166	0.1435	0.0648	0.0603	0.0601	0.0622	0.0698	0.0871	0.1258
2130	0.1399	0.1440	0.1353	0.1316	0.1239	0.1379	0.1383	0.1410	0.1404	0.1091	0.1136	0.1121	0.1229	0.1350	0.1478	0.0868	0.0851	0.0875	0.0979	0.1161	0.1434	0.0647	0.0600	0.0600	0.0622	0.0701	0.0875	0.1260
2131	0.1402	0.1438	0.1359	0.1322	0.1240	0.1382	0.1384	0.1413	0.1405	0.1095	0.1140	0.1115	0.1226	0.1353	0.1479	0.0867	0.0847	0.0879	0.0980	0.1156	0.1433	0.0647	0.0595	0.0599	0.0622	0.0704	0.0880	0.1261
2132	0.1405	0.1438	0.1362	0.1319	0.1241	0.1376	0.1384	0.1414	0.1405	0.1097	0.1137	0.1121	0.1221	0.1355	0.1479	0.0870	0.0842	0.0886	0.0979	0.1152	0.1437	0.0646	0.0593	0.0600	0.0618	0.0701	0.0881	0.1263
2133	0.1407	0.1438	0.1365	0.1315	0.1242	0.1371	0.1384	0.1416	0.1403	0.1099	0.1135	0.1129	0.1218	0.1358	0.1480	0.0871	0.0837	0.0893	0.0978	0.1148	0.1443	0.0645	0.0592	0.0601	0.0614	0.0697	0.0883	0.1265
2134	0.1410	0.1436	0.1363	0.1313	0.1246	0.1369	0.1388	0.1421	0.1401	0.1095	0.1131	0.1139	0.1218	0.1358	0.1481	0.0871	0.0840	0.0898	0.0978	0.1152	0.1445	0.0645	0.0592	0.0601	0.0610	0.0693	0.0882	0.1262
2135	0.1416	0.1437	0.1360	0.1311	0.1251	0.1369	0.1394	0.1426	0.1400	0.1092	0.1126	0.1147	0.1219	0.1359	0.1481	0.0873	0.0845	0.0904	0.0977	0.1156	0.1446	0.0645	0.0592	0.0601	0.0604	0.0688	0.0879	0.1259
2136	0.1425	0.1437	0.1353	0.1314	0.1256	0.1371	0.1394	0.1421	0.1404	0.1090	0.1122	0.1154	0.1217	0.1358	0.1480	0.0872	0.0848	0.0900	0.0978	0.1159	0.1456	0.0645	0.0591	0.0599	0.0605	0.0689	0.0879	0.1250
2137	0.1432	0.1436	0.1345	0.1319	0.1261	0.1374	0.1390	0.1415	0.1407	0.1085	0.1118	0.1159	0.1213	0.1356	0.1478	0.0869	0.0851	0.0890	0.0980	0.1166	0.1466	0.0645	0.0591	0.0594	0.0611	0.0691	0.0881	0.1240
2138	0.1435	0.1441	0.1346	0.1322	0.1259	0.1380	0.1385	0.1412	0.1408	0.1085	0.1116	0.1155	0.1213	0.1354	0.1478	0.0873	0.0855	0.0880	0.0983	0.1172	0.1463	0.0645	0.0594	0.0595	0.0615	0.0696	0.0883	0.1238
2139	0.1435	0.1445	0.1354	0.1324	0.1256	0.1384	0.1381	0.1412	0.1407	0.1088	0.1116	0.1148	0.1215	0.1353	0.1479	0.0879	0.0860	0.0874	0.0989	0.1176	0.1458	0.0642	0.0597	0.0597	0.0620	0.0703	0.0886	0.1239
2140	0.1433	0.1447	0.1361	0.1328	0.1258	0.1382	0.1382	0.1411	0.1412	0.1088	0.1118	0.1139	0.1225	0.1353	0.1484	0.0885	0.0859	0.0872	0.0995	0.1178	0.1453	0.0645	0.0601	0.0594	0.0624	0.0707	0.0889	0.1242
2141	0.1430	0.1448	0.1363	0.1333	0.1263	0.1377	0.1386	0.1410	0.1418	0.1086	0.1124	0.1134	0.1240	0.1353	0.1490	0.0888	0.0855	0.0876	0.0997	0.1179	0.1445	0.0650	0.0603	0.0592	0.0627	0.0712	0.0893	0.1244
2142	0.1427	0.1449	0.1364	0.1334	0.1265	0.1376	0.1388	0.1413	0.1422	0.1088	0.1132	0.1134	0.1249	0.1355	0.1493	0.0888	0.0851	0.0878	0.1001	0.1180	0.1442	0.0654	0.0604	0.0592	0.0630	0.0714	0.0893	0.1245
2143	0.1421	0.1452	0.1369	0.1331	0.1259	0.1381	0.1389	0.1416	0.1426	0.1091	0.1139	0.1136	0.1248	0.1357	0.1496	0.0889	0.0849	0.0875	0.1005	0.1184	0.1445	0.0658	0.0607	0.0593	0.0634	0.0709	0.0889	0.1247
2144	0.1418	0.1453	0.1372	0.1330	0.1256	0.1387	0.1390	0.1416	0.1429	0.1095	0.1141	0.1140	0.1244	0.1359	0.1497	0.0889	0.0848	0.0874	0.1005	0.1186	0.1448	0.0658	0.0610	0.0595	0.0634	0.0705	0.0885	0.1248
2145	0.1423	0.1450	0.1373	0.1334	0.1256	0.1392	0.1390	0.1414	0.1432	0.1097	0.1137	0.1143	0.1241	0.1364	0.1496	0.0888	0.0852	0.0878	0.1000	0.1181	0.1450	0.0655	0.0608	0.0597	0.0633	0.0703	0.0883	0.1249
2146	0.1429	0.1450	0.1375	0.1336	0.1258	0.1395	0.1390	0.1411	0.1436	0.1095	0.1133	0.1146	0.1238	0.1366	0.1497	0.0886	0.0856	0.0882	0.0994	0.1173	0.1452	0.0653	0.0605	0.0599	0.0633	0.0706	0.0881	0.1248
2147	0.1427	0.1451	0.1374	0.1335	0.1260	0.1389	0.1390	0.1413	0.1430	0.1089	0.1128	0.1149	0.1241	0.1370	0.1495	0.0881	0.0861	0.0884	0.0988	0.1162	0.1451	0.0650	0.0600	0.0602	0.0630	0.0716	0.0882	0.1243
2148	0.1424	0.1452	0.1372	0.1334	0.1260	0.1385	0.1390	0.1417	0.1424	0.1084	0.1124	0.1151	0.1243	0.1376	0.1494	0.0875	0.0865	0.0888	0.0983	0.1153	0.1449	0.0649	0.0593	0.0605	0.0626	0.0722	0.0882	0.1240
2149	0.1423	0.1454	0.1370	0.1327	0.1262	0.1380	0.1390	0.1417	0.1419	0.1081	0.1121	0.1147	0.1245	0.1374	0.1490	0.0870	0.0866	0.0896	0.0978	0.1153	0.1452	0.0651	0.0585	0.0606	0.0623	0.0722	0.0887	0.1248
2150	0.1421	0.1456	0.1370	0.1320	0.1265	0.1375	0.1391	0.1416	0.1415	0.1080	0.1118	0.1143	0.1246	0.1372	0.1485	0.0868	0.0867	0.0903	0.0976	0.1154	0.1455	0.0653	0.0579	0.0605	0.0619	0.0720	0.0891	0.1255
2151	0.1419	0.1462	0.1370	0.1325	0.1264	0.1382	0.1390	0.1419	0.1414	0.1087	0.1119	0.1145	0.1247	0.1369	0.1483	0.0873	0.0865	0.0898	0.0983	0.1158	0.1450	0.0652	0.0580	0.0602	0.0617	0.0712	0.0888	0.1255
2152	0.1418	0.1470	0.1369	0.1331	0.1262	0.1389	0.1388	0.1421	0.1415	0.1093	0.1121	0.1148	0.1249	0.1364	0.1481	0.0877	0.0864	0.0891	0.0990	0.1163	0.1444	0.0650	0.0583	0.0600	0.0616	0.0703	0.0883	0.1253
2153	0.1416	0.1464	0.1370	0.1333	0.1258	0.1389	0.1387	0.1418	0.1408	0.1100	0.1123	0.1147	0.1246	0.1361	0.1480	0.0883	0.0868	0.0888	0.0989	0.1164	0.1438	0.0648	0.0589	0.0600	0.0621	0.0702	0.0877	0.1253
2154	0.1414	0.1455	0.1370	0.1333	0.1254	0.1387	0.1388	0.1415	0.1398	0.1109	0.1126	0.1147	0.1241	0.1357	0.1479	0.0888	0.0872	0.0885	0.0987	0.1163	0.1429	0.0646	0.0596	0.0601	0.0627	0.0703	0.0871	0.1255
2155	0.1417	0.1451	0.1366	0.1335	0.1257	0.1388	0.1383	0.1411	0.1397	0.1105	0.1132	0.1146	0.1236	0.1349	0.1479	0.0883	0.0872	0.0884	0.0984	0.1163	0.1425	0.0646	0.0600	0.0602	0.0629	0.0704	0.0875	0.1252
2156	0.1421	0.1448	0.1362	0.1337	0.1262	0.1389	0.1378	0.1408	0.1398	0.1100	0.1139	0.1146	0.1229	0.1341	0.1479	0.0877	0.0875	0.0883	0.0981	0.1165	0.1424	0.0648	0.0602	0.0600	0.0631	0.0706	0.0883	0.1247
2157	0.1421	0.1451	0.1355	0.1335	0.1262	0.1390	0.1381	0.1408	0.1402	0.1098	0.1141	0.1149	0.1225	0.1338	0.1482	0.0877	0.0875	0.0882	0.0975	0.1164	0.1422	0.0652	0.0602	0.0592	0.0631	0.0707	0.0883	0.1245
2158	0.1418	0.1454	0.1349	0.1332	0.1262	0.1389	0.1385	0.1410	0.1407	0.1096	0.1141	0.1151	0.1220	0.1339	0.1483	0.0877	0.0872	0.0881	0.0969	0.1161	0.1424	0.0654	0.0598	0.0583	0.0628	0.0707	0.0881	0.1243
2159	0.1416	0.1455	0.1349	0.1328	0.1260	0.1384	0.1385	0.1411	0.1408	0.1091	0.1136	0.1148	0.1218	0.1343	0.1479	0.0878	0.0870	0.0881	0.0972	0.1162	0.1433	0.0652	0.0595	0.0579	0.0625	0.0702	0.0881	0.1242
2160	0.1415	0.1455	0.1355	0.1325	0.1258	0.1377	0.1383	0.1409	0.1408	0.1085	0.1130	0.1139	0.1219	0.1345	0.1475	0.0884	0.0868	0.0882	0.0982	0.1164	0.1438	0.0649	0.0593	0.0582	0.0622	0.0697	0.0878	0.1243
2161	0.1418	0.1452	0.1359	0.1322	0.1256	0.1373	0.1385	0.1406	0.1408	0.1080	0.1126	0.1137	0.1221	0.1347	0.1474	0.0887	0.0861	0.0886	0.0987	0.1164	0.1437	0.0648	0.0588	0.0587	0.0619	0.0692	0.0874	0.1242
2162	0.1420	0.1447	0.1358	0.1322	0.1256	0.1370	0.1389	0.1400	0.1410	0.1079	0.1121	0.1142	0.1222	0.1350	0.1473	0.0887	0.0854	0.0890	0.0989	0.1162	0.1433	0.0651	0.0584	0.0592	0.0617	0.0686	0.0872	0.1238
2163	0.1420	0.1443	0.1356	0.1322	0.1254	0.1366	0.1390	0.1393	0.1409	0.1078	0.1119	0.1143	0.1221	0.1353	0.1472	0.0886	0.0851	0.0891	0.0991	0.1159	0.1427	0.0653	0.0582	0.0597	0.0619	0.0680	0.0872	0.1234
2164	0.1414	0.1436	0.1352	0.1319	0.1252	0.1369	0.1388	0.1392	0.1405	0.1076	0.1123	0.1140	0.1218	0.1359	0.1471	0.0879	0.0847	0.0889	0.0986	0.1155	0.1423	0.0652	0.0578	0.0601	0.0620	0.0681	0.0873	0.1234
2165	0.1408	0.1430	0.1350	0.1316	0.1251	0.1373	0.1386	0.1393	0.1401	0.1076	0.1126	0.1135	0.1218	0.1363	0.1468	0.0871	0.0842	0.0888	0.0980	0.1153	0.1422	0.0648	0.0578	0.0604	0.0622	0.0684	0.0875	0.1233
2166	0.1403	0.1429	0.1354	0.1313	0.1248	0.1377	0.1378	0.1393	0.1402	0.1079	0.1127	0.1126	0.1220	0.1357	0.1462	0.0868	0.0839	0.0893	0.0975	0.1153	0.1422	0.0645	0.0582	0.0606	0.0621	0.0686	0.0879	0.1229
2167	0.1401	0.1426	0.1357	0.1308	0.1249	0.1380	0.1373	0.1394	0.1405	0.1081	0.1128	0.1120	0.1221	0.1351	0.1456	0.0865	0.0837	0.0898	0.0970	0.1152	0.1422	0.0645	0.0586	0.0607	0.0620	0.0686	0.0886	0.1226
2168	0.1404	0.1420	0.1358	0.1305	0.1254	0.1381	0.1374	0.1399	0.1405	0.1082	0.1124	0.1121	0.1224	0.1341	0.1452	0.0860	0.0839	0.0894	0.0968	0.1152	0.1423	0.0649	0.0592	0.0605	0.0617	0.0688	0.0894	0.1227
2169	0.1408	0.1415	0.1359	0.1302	0.1257	0.1383	0.1375	0.1404	0.1405	0.1082	0.1120	0.1122	0.1226	0.1335	0.1451	0.0858	0.0841	0.0889	0.0965	0.1153	0.1422	0.0651	0.0596	0.0602	0.0612	0.0691	0.0899	0.1229
2170	0.1410	0.1412	0.1356	0.1299	0.1260	0.1379	0.1384	0.1403	0.1402	0.1080	0.1114	0.1122	0.1220	0.1340	0.1454	0.0865	0.0838	0.0884	0.0961	0.1156	0.1422	0.0644	0.0595	0.0602	0.0612	0.0699	0.0897	0.1232
2171	0.1411	0.1410	0.1352	0.1297	0.1262	0.1376	0.1391	0.1402	0.1400	0.1078	0.1111	0.1122	0.1213	0.1345	0.1456	0.0871	0.0836	0.0880	0.0958	0.1159	0.1422	0.0638	0.0594	0.0602	0.0612	0.0705	0.0894	0.1236
2172	0.1412	0.1411	0.1349	0.1300	0.1260	0.1379	0.1386	0.1399	0.1401	0.1074	0.1117	0.1122	0.1211	0.1349	0.1457	0.0877	0.0837	0.0880	0.0957	0.1157	0.1419	0.0637	0.0599	0.0596	0.0609	0.0703	0.0883	0.1235
2173	0.1413	0.1413	0.1347	0.1304	0.1258	0.1383	0.1379	0.1394	0.1401	0.1071	0.1123	0.1121	0.1210	0.1353	0.1458	0.0883	0.0839	0.0882	0.0956	0.1156	0.1415	0.0636	0.0603	0.0588	0.0606	0.0699	0.0874	0.1232
2174	0.1409	0.1421	0.1345	0.1307	0.1260	0.1378	0.1376	0.1387	0.1392	0.1070	0.1119	0.1121	0.1210	0.1352	0.1454	0.0883	0.0843	0.0875	0.0956	0.1150	0.1414	0.0639	0.0605	0.0580	0.0605	0.0693	0.0873	0.1228
2175	0.1405	0.1428	0.1345	0.1310	0.1263	0.1371	0.1374	0.1382	0.1381	0.1068	0.1114	0.1123	0.1210	0.1350	0.1449	0.0883	0.0847	0.0868	0.0957	0.1145	0.1412	0.0644	0.0607	0.0573	0.0604	0.0689	0.0875	0.1225
2176	0.1397	0.1433	0.1345	0.1314	0.1258	0.1361	0.1375	0.1387	0.1377	0.1065	0.1111	0.1129	0.1207	0.1351	0.1452	0.0879	0.0848	0.0873	0.0956	0.1142	0.1411	0.0650	0.0605	0.0567	0.0603	0.0689	0.0875	0.1224
2177	0.1389	0.1438	0.1346	0.1318	0.1249	0.1349	0.1375	0.1394	0.1376	0.1064	0.1110	0.1134	0.1204	0.1352	0.1457	0.0873	0.0847	0.0878	0.0955	0.1138	0.1413	0.0654	0.0601	0.0564	0.0600	0.0691	0.0873	0.1224
2178	0.1387	0.1429	0.1347	0.1314	0.1243	0.1347	0.1371	0.1395	0.1374	0.1063	0.1107	0.1135	0.1203	0.1351	0.1455	0.0866	0.0847	0.0879	0.0956	0.1135	0.1415	0.0653	0.0599	0.0559	0.0596	0.0694	0.0870	0.1225
2179	0.1388	0.1418	0.1345	0.1306	0.1236	0.1351	0.1366	0.1392	0.1373	0.1059	0.1104	0.1132	0.1203	0.1346	0.1453	0.0862	0.0847	0.0883	0.0957	0.1130	0.1414	0.0652	0.0599	0.0552	0.0592	0.0694	0.0866	0.1227
2180	0.1389	0.1415	0.1341	0.1298	0.1229	0.1351	0.1362	0.1387	0.1372	0.1057	0.1099	0.1126	0.1202	0.1346	0.1447	0.0864	0.0850	0.0885	0.0957	0.1121	0.1401	0.0649	0.0597	0.0551	0.0590	0.0691	0.0864	0.1226
2181	0.1390	0.1414	0.1337	0.1295	0.1228	0.1349	0.1360	0.1382	0.1370	0.1061	0.1092	0.1122	0.1200	0.1350	0.1443	0.0867	0.0855	0.0888	0.0957	0.1116	0.1389	0.0645	0.0598	0.0556	0.0590	0.0687	0.0866	0.1225
2182	0.1386	0.1410	0.1334	0.1295	0.1226	0.1348	0.1358	0.1380	0.1366	0.1063	0.1092	0.1121	0.1198	0.1347	0.1441	0.0869	0.0851	0.0885	0.0960	0.1116	0.1385	0.0642	0.0601	0.0558	0.0594	0.0683	0.0866	0.1221
2183	0.1382	0.1405	0.1333	0.1294	0.1221	0.1348	0.1348	0.1378	0.1361	0.1066	0.1099	0.1118	0.1196	0.1341	0.1440	0.0864	0.0845	0.0882	0.0964	0.1119	0.1380	0.0639	0.0600	0.0557	0.0595	0.0683	0.0865	0.1218
2184	0.1381	0.1401	0.1336	0.1292	0.1221	0.1345	0.1341	0.1377	0.1360	0.1070	0.1103	0.1114	0.1196	0.1338	0.1439	0.0855	0.0839	0.0880	0.0968	0.1124	0.1384	0.0633	0.0597	0.0559	0.0595	0.0690	0.0866	0.1218
2185	0.1384	0.1395	0.1343	0.1289	0.1222	0.1339	0.1342	0.1380	0.1362	0.1069	0.1102	0.1112	0.1201	0.1329	0.1435	0.0847	0.0833	0.0875	0.0970	0.1128	0.1394	0.0629	0.0594	0.0565	0.0594	0.0693	0.0872	0.1219
2186	0.1386	0.1389	0.1346	0.1284	0.1223	0.1336	0.1342	0.1385	0.1366	0.1068	0.1100	0.1112	0.1206	0.1326	0.1433	0.0841	0.0829	0.0871	0.0966	0.1128	0.1400	0.0628	0.0598	0.0570	0.0591	0.0690	0.0878	0.1222
2187	0.1383	0.1391	0.1344	0.1278	0.1219	0.1340	0.1341	0.1389	0.1371	0.1071	0.1096	0.1112	0.1202	0.1330	0.1429	0.0841	0.0827	0.0869	0.0955	0.1127	0.1402	0.0630	0.0605	0.0578	0.0587	0.0686	0.0875	0.1224
2188	0.1382	0.1392	0.1342	0.1273	0.1214	0.1347	0.1344	0.1389	0.1373	0.1074	0.1093	0.1111	0.1200	0.1327	0.1427	0.0841	0.0826	0.0866	0.0946	0.1126	0.1400	0.0632	0.0605	0.0584	0.0586	0.0684	0.0871	0.1222
2189	0.1384	0.1391	0.1334	0.1267	0.1209	0.1350	0.1349	0.1387	0.1375	0.1073	0.1090	0.1111	0.1201	0.1321	0.1435	0.0841	0.0829	0.0868	0.0950	0.1123	0.1390	0.0630	0.0597	0.0583	0.0589	0.0683	0.0866	0.1215
2190	0.1387	0.1393	0.1326	0.1262	0.1204	0.1351	0.1352	0.1383	0.1378	0.1071	0.1087	0.1109	0.1196	0.1322	0.1442	0.0841	0.0832	0.0869	0.0953	0.1122	0.1383	0.0629	0.0590	0.0580	0.0595	0.0680	0.0858	0.1209
2191	0.1391	0.1399	0.1319	0.1258	0.1209	0.1350	0.1352	0.1379	0.1383	0.1066	0.1094	0.1102	0.1188	0.1326	0.1443	0.0835	0.0831	0.0869	0.0949	0.1127	0.1387	0.0632	0.0583	0.0576	0.0600	0.0676	0.0847	0.1210
2192	0.1392	0.1402	0.1310	0.1256	0.1215	0.1350	0.1350	0.1374	0.1385	0.1063	0.1102	0.1095	0.1181	0.1327	0.1443	0.0829	0.0826	0.0869	0.0946	0.1132	0.1390	0.0635	0.0578	0.0574	0.0603	0.0672	0.0839	0.1210
2193	0.1385	0.1397	0.1305	0.1251	0.1220	0.1353	0.1343	0.1368	0.1380	0.1060	0.1103	0.1096	0.1173	0.1319	0.1440	0.0831	0.0820	0.0867	0.0946	0.1135	0.1390	0.0635	0.0577	0.0575	0.0597	0.0673	0.0838	0.1204
2194	0.1381	0.1392	0.1302	0.1249	0.1224	0.1354	0.1336	0.1360	0.1374	0.1056	0.1102	0.1098	0.1168	0.1312	0.1437	0.0835	0.0817	0.0864	0.0947	0.1139	0.1391	0.0634	0.0576	0.0578	0.0591	0.0674	0.0836	0.1198
2195	0.1384	0.1399	0.1298	0.1259	0.1222	0.1355	0.1330	0.1352	0.1365	0.1051	0.1098	0.1101	0.1165	0.1306	0.1434	0.0844	0.0824	0.0857	0.0950	0.1144	0.1388	0.0626	0.0575	0.0582	0.0593	0.0676	0.0843	0.1203
2196	0.1386	0.1409	0.1294	0.1271	0.1219	0.1356	0.1323	0.1345	0.1357	0.1049	0.1093	0.1103	0.1161	0.1299	0.1431	0.0852	0.0833	0.0849	0.0953	0.1146	0.1384	0.0617	0.0573	0.0582	0.0596	0.0678	0.0851	0.1210
2197	0.1380	0.1414	0.1297	0.1274	0.1221	0.1353	0.1321	0.1336	0.1362	0.1051	0.1089	0.1105	0.1157	0.1295	0.1429	0.0852	0.0836	0.0850	0.0956	0.1136	0.1381	0.0613	0.0575	0.0572	0.0600	0.0678	0.0852	0.1204
2198	0.1374	0.1415	0.1301	0.1273	0.1223	0.1347	0.1321	0.1326	0.1369	0.1053	0.1082	0.1108	0.1155	0.1292	0.1427	0.0851	0.0836	0.0853	0.0957	0.1126	0.1379	0.0612	0.0577	0.0562	0.0605	0.0676	0.0852	0.1194
2199	0.1368	0.1407	0.1301	0.1262	0.1225	0.1335	0.1325	0.1325	0.1378	0.1051	0.1074	0.1107	0.1164	0.1296	0.1426	0.0853	0.0831	0.0854	0.0953	0.1119	0.1383	0.0610	0.0576	0.0559	0.0606	0.0673	0.0851	0.1190
2200	0.1365	0.1399	0.1301	0.1250	0.1229	0.1322	0.1328	0.1325	0.1388	0.1049	0.1070	0.1106	0.1178	0.1300	0.1425	0.0855	0.0825	0.0854	0.0951	0.1114	0.1387	0.0608	0.0575	0.0558	0.0605	0.0668	0.0846	0.1188
2201	0.1369	0.1396	0.1296	0.1252	0.1226	0.1320	0.1334	0.1330	0.1386	0.1050	0.1077	0.1107	0.1183	0.1305	0.1426	0.0850	0.0820	0.0854	0.0947	0.1109	0.1387	0.0620	0.0574	0.0560	0.0601	0.0668	0.0845	0.1189
2202	0.1373	0.1392	0.1291	0.1254	0.1221	0.1323	0.1341	0.1341	0.1382	0.1051	0.1085	0.1107	0.1186	0.1311	0.1424	0.0844	0.0816	0.0858	0.0938	0.1104	0.1388	0.0630	0.0574	0.0562	0.0598	0.0668	0.0845	0.1191
2203	0.1374	0.1387	0.1289	0.1262	0.1217	0.1331	0.1346	0.1345	0.1383	0.1055	0.1091	0.1102	0.1184	0.1309	0.1425	0.0845	0.0820	0.0856	0.0936	0.1100	0.1385	0.0634	0.0571	0.0565	0.0598	0.0667	0.0845	0.1192
2204	0.1374	0.1383	0.1290	0.1273	0.1212	0.1341	0.1349	0.1341	0.1382	0.1060	0.1094	0.1095	0.1183	0.1306	0.1429	0.0850	0.0825	0.0851	0.0939	0.1092	0.1384	0.0636	0.0563	0.0565	0.0600	0.0662	0.0846	0.1192
2205	0.1374	0.1382	0.1293	0.1278	0.1214	0.1342	0.1349	0.1341	0.1370	0.1061	0.1092	0.1091	0.1188	0.1301	0.1426	0.0853	0.0831	0.0849	0.0935	0.1090	0.1384	0.0634	0.0557	0.0564	0.0604	0.0662	0.0850	0.1185
2206	0.1377	0.1382	0.1299	0.1282	0.1222	0.1340	0.1350	0.1341	0.1360	0.1060	0.1090	0.1095	0.1190	0.1294	0.1424	0.0856	0.0837	0.0846	0.0928	0.1089	0.1382	0.0630	0.0556	0.0563	0.0606	0.0668	0.0852	0.1175
2207	0.1377	0.1379	0.1306	0.1284	0.1228	0.1340	0.1346	0.1340	0.1354	0.1060	0.1090	0.1101	0.1189	0.1292	0.1421	0.0857	0.0841	0.0850	0.0918	0.1090	0.1377	0.0629	0.0553	0.0559	0.0603	0.0668	0.0847	0.1172
2208	0.1374	0.1378	0.1311	0.1280	0.1232	0.1343	0.1336	0.1338	0.1355	0.1061	0.1086	0.1104	0.1180	0.1291	0.1415	0.0852	0.0843	0.0852	0.0915	0.1091	0.1376	0.0636	0.0552	0.0557	0.0595	0.0661	0.0835	0.1169
2209	0.1368	0.1379	0.1309	0.1272	0.1229	0.1350	0.1330	0.1338	0.1353	0.1055	0.1083	0.1105	0.1174	0.1292	0.1413	0.0847	0.0837	0.0849	0.0919	0.1095	0.1376	0.0636	0.0556	0.0558	0.0588	0.0654	0.0826	0.1171
2210	0.1359	0.1382	0.1306	0.1271	0.1216	0.1356	0.1332	0.1338	0.1349	0.1050	0.1087	0.1097	0.1173	0.1301	0.1405	0.0841	0.0825	0.0848	0.0925	0.1107	0.1379	0.0634	0.0560	0.0563	0.0587	0.0652	0.0820	0.1182
2211	0.1353	0.1386	0.1307	0.1275	0.1203	0.1363	0.1333	0.1343	0.1349	0.1049	0.1092	0.1091	0.1171	0.1307	0.1399	0.0834	0.0816	0.0850	0.0932	0.1114	0.1383	0.0631	0.0567	0.0565	0.0591	0.0657	0.0816	0.1191
2212	0.1355	0.1395	0.1310	0.1273	0.1201	0.1370	0.1336	0.1348	0.1349	0.1046	0.1098	0.1095	0.1176	0.1299	0.1398	0.0843	0.0810	0.0856	0.0938	0.1117	0.1384	0.0620	0.0571	0.0567	0.0596	0.0665	0.0827	0.1196
2213	0.1358	0.1403	0.1314	0.1271	0.1202	0.1372	0.1341	0.1353	0.1348	0.1046	0.1107	0.1099	0.1182	0.1293	0.1398	0.0854	0.0807	0.0863	0.0946	0.1122	0.1385	0.0614	0.0574	0.0566	0.0600	0.0676	0.0839	0.1195
2214	0.1368	0.1402	0.1310	0.1274	0.1204	0.1364	0.1340	0.1361	0.1349	0.1056	0.1105	0.1094	0.1184	0.1291	0.1406	0.0854	0.0818	0.0863	0.0956	0.1126	0.1381	0.0627	0.0577	0.0568	0.0601	0.0683	0.0847	0.1191
2215	0.1376	0.1401	0.1307	0.1278	0.1208	0.1354	0.1341	0.1367	0.1349	0.1063	0.1097	0.1092	0.1188	0.1288	0.1414	0.0856	0.0826	0.0863	0.0961	0.1129	0.1375	0.0640	0.0577	0.0572	0.0601	0.0686	0.0855	0.1188
2216	0.1377	0.1400	0.1307	0.1280	0.1216	0.1349	0.1340	0.1362	0.1352	0.1071	0.1087	0.1096	0.1189	0.1290	0.1417	0.0851	0.0832	0.0867	0.0953	0.1132	0.1379	0.0644	0.0580	0.0577	0.0595	0.0685	0.0862	0.1184
2217	0.1379	0.1396	0.1307	0.1280	0.1223	0.1348	0.1340	0.1356	0.1358	0.1079	0.1078	0.1100	0.1189	0.1291	0.1419	0.0848	0.0841	0.0869	0.0948	0.1135	0.1382	0.0646	0.0586	0.0583	0.0586	0.0683	0.0868	0.1180
2218	0.1377	0.1393	0.1307	0.1279	0.1223	0.1344	0.1347	0.1352	0.1371	0.1075	0.1070	0.1110	0.1188	0.1293	0.1427	0.0854	0.0843	0.0866	0.0955	0.1134	0.1378	0.0644	0.0590	0.0592	0.0590	0.0679	0.0863	0.1176
2219	0.1375	0.1392	0.1307	0.1277	0.1223	0.1339	0.1354	0.1349	0.1383	0.1069	0.1065	0.1121	0.1188	0.1297	0.1435	0.0858	0.0842	0.0865	0.0962	0.1134	0.1377	0.0639	0.0592	0.0600	0.0598	0.0676	0.0856	0.1173
2220	0.1377	0.1389	0.1313	0.1275	0.1222	0.1339	0.1357	0.1355	0.1389	0.1064	0.1070	0.1128	0.1186	0.1307	0.1441	0.0857	0.0832	0.0863	0.0971	0.1130	0.1382	0.0634	0.0582	0.0599	0.0602	0.0669	0.0848	0.1172
2221	0.1379	0.1387	0.1318	0.1273	0.1220	0.1339	0.1358	0.1360	0.1392	0.1060	0.1076	0.1132	0.1181	0.1315	0.1447	0.0856	0.0823	0.0859	0.0979	0.1124	0.1386	0.0629	0.0573	0.0596	0.0604	0.0661	0.0841	0.1174
2222	0.1379	0.1388	0.1310	0.1272	0.1221	0.1334	0.1356	0.1363	0.1388	0.1062	0.1088	0.1127	0.1179	0.1316	0.1448	0.0858	0.0823	0.0857	0.0974	0.1120	0.1389	0.0620	0.0575	0.0592	0.0603	0.0658	0.0839	0.1182
2223	0.1381	0.1391	0.1302	0.1273	0.1224	0.1329	0.1355	0.1365	0.1382	0.1066	0.1101	0.1123	0.1179	0.1317	0.1447	0.0861	0.0824	0.0855	0.0967	0.1117	0.1392	0.0611	0.0579	0.0589	0.0604	0.0656	0.0836	0.1189
2224	0.1380	0.1393	0.1307	0.1274	0.1226	0.1334	0.1356	0.1367	0.1373	0.1067	0.1107	0.1124	0.1182	0.1320	0.1437	0.0860	0.0827	0.0859	0.0969	0.1114	0.1385	0.0615	0.0577	0.0587	0.0607	0.0653	0.0839	0.1185
2225	0.1379	0.1394	0.1315	0.1271	0.1229	0.1343	0.1355	0.1368	0.1367	0.1066	0.1111	0.1123	0.1184	0.1322	0.1423	0.0858	0.0829	0.0865	0.0968	0.1113	0.1376	0.0623	0.0577	0.0588	0.0609	0.0648	0.0844	0.1181
2226	0.1385	0.1393	0.1320	0.1274	0.1233	0.1349	0.1356	0.1371	0.1370	0.1058	0.1101	0.1113	0.1180	0.1324	0.1419	0.0863	0.0832	0.0872	0.0964	0.1115	0.1377	0.0622	0.0577	0.0594	0.0603	0.0653	0.0846	0.1185
2227	0.1392	0.1395	0.1323	0.1280	0.1237	0.1352	0.1359	0.1375	0.1375	0.1049	0.1088	0.1100	0.1174	0.1325	0.1421	0.0867	0.0837	0.0879	0.0964	0.1114	0.1384	0.0622	0.0581	0.0599	0.0594	0.0664	0.0847	0.1187
2228	0.1393	0.1397	0.1319	0.1291	0.1238	0.1354	0.1363	0.1378	0.1372	0.1037	0.1087	0.1094	0.1177	0.1325	0.1426	0.0870	0.0837	0.0880	0.0958	0.1117	0.1380	0.0628	0.0584	0.0587	0.0589	0.0667	0.0844	0.1188
2229	0.1388	0.1400	0.1314	0.1305	0.1240	0.1353	0.1368	0.1382	0.1371	0.1024	0.1088	0.1093	0.1178	0.1320	0.1430	0.0873	0.0833	0.0880	0.0946	0.1121	0.1377	0.0633	0.0586	0.0570	0.0586	0.0665	0.0840	0.1191
2230	0.1380	0.1406	0.1311	0.1310	0.1244	0.1354	0.1367	0.1389	0.1366	0.1023	0.1089	0.1095	0.1183	0.1316	0.1431	0.0875	0.0833	0.0877	0.0940	0.1122	0.1377	0.0630	0.0578	0.0567	0.0593	0.0670	0.0839	0.1196
2231	0.1371	0.1408	0.1312	0.1310	0.1248	0.1357	0.1364	0.1389	0.1362	0.1027	0.1085	0.1097	0.1192	0.1319	0.1433	0.0882	0.0834	0.0872	0.0942	0.1118	0.1373	0.0622	0.0566	0.0568	0.0599	0.0674	0.0840	0.1200
2232	0.1366	0.1407	0.1315	0.1300	0.1252	0.1356	0.1364	0.1387	0.1371	0.1034	0.1082	0.1097	0.1197	0.1323	0.1437	0.0885	0.0833	0.0871	0.0947	0.1119	0.1374	0.0620	0.0559	0.0575	0.0607	0.0676	0.0834	0.1197
2233	0.1367	0.1410	0.1317	0.1290	0.1249	0.1356	0.1365	0.1385	0.1380	0.1042	0.1085	0.1093	0.1198	0.1328	0.1440	0.0882	0.0833	0.0874	0.0951	0.1120	0.1376	0.0624	0.0552	0.0584	0.0620	0.0681	0.0825	0.1189
2234	0.1370	0.1407	0.1322	0.1288	0.1244	0.1356	0.1364	0.1375	0.1382	0.1050	0.1086	0.1094	0.1203	0.1330	0.1440	0.0877	0.0833	0.0881	0.0953	0.1115	0.1377	0.0628	0.0549	0.0588	0.0627	0.0687	0.0819	0.1182
2235	0.1378	0.1397	0.1326	0.1286	0.1238	0.1354	0.1364	0.1369	0.1379	0.1061	0.1089	0.1093	0.1208	0.1327	0.1439	0.0871	0.0832	0.0886	0.0953	0.1115	0.1378	0.0635	0.0553	0.0586	0.0631	0.0689	0.0817	0.1181
2236	0.1383	0.1393	0.1326	0.1282	0.1229	0.1348	0.1359	0.1367	0.1375	0.1069	0.1092	0.1091	0.1207	0.1323	0.1439	0.0869	0.0835	0.0887	0.0951	0.1114	0.1374	0.0644	0.0561	0.0580	0.0629	0.0688	0.0814	0.1182
2237	0.1373	0.1396	0.1324	0.1278	0.1230	0.1339	0.1358	0.1368	0.1373	0.1068	0.1091	0.1096	0.1201	0.1319	0.1440	0.0873	0.0842	0.0892	0.0946	0.1118	0.1371	0.0649	0.0571	0.0577	0.0617	0.0691	0.0810	0.1184
2238	0.1367	0.1396	0.1322	0.1275	0.1235	0.1336	0.1361	0.1369	0.1373	0.1067	0.1088	0.1097	0.1196	0.1317	0.1442	0.0878	0.0843	0.0892	0.0940	0.1123	0.1372	0.0651	0.0577	0.0575	0.0612	0.0695	0.0811	0.1183
2239	0.1366	0.1392	0.1323	0.1275	0.1239	0.1339	0.1360	0.1370	0.1367	0.1061	0.1084	0.1085	0.1196	0.1313	0.1442	0.0881	0.0835	0.0883	0.0938	0.1125	0.1376	0.0646	0.0575	0.0568	0.0613	0.0694	0.0810	0.1181
2240	0.1365	0.1385	0.1326	0.1277	0.1239	0.1338	0.1359	0.1371	0.1362	0.1056	0.1083	0.1074	0.1196	0.1314	0.1438	0.0878	0.0829	0.0877	0.0939	0.1126	0.1381	0.0637	0.0575	0.0563	0.0612	0.0685	0.0810	0.1182
2241	0.1370	0.1374	0.1335	0.1280	0.1228	0.1343	0.1358	0.1369	0.1357	0.1056	0.1078	0.1078	0.1194	0.1318	0.1434	0.0872	0.0829	0.0875	0.0950	0.1124	0.1389	0.0628	0.0579	0.0566	0.0618	0.0677	0.0815	0.1186
2242	0.1373	0.1368	0.1344	0.1285	0.1221	0.1343	0.1357	0.1364	0.1349	0.1053	0.1072	0.1084	0.1190	0.1322	0.1430	0.0868	0.0831	0.0870	0.0963	0.1120	0.1396	0.0621	0.0579	0.0573	0.0620	0.0676	0.0818	0.1187
2243	0.1374	0.1372	0.1347	0.1300	0.1227	0.1341	0.1357	0.1359	0.1346	0.1055	0.1069	0.1084	0.1190	0.1327	0.1422	0.0863	0.0833	0.0865	0.0969	0.1114	0.1394	0.0624	0.0578	0.0580	0.0612	0.0682	0.0822	0.1178
2244	0.1373	0.1376	0.1350	0.1312	0.1231	0.1341	0.1358	0.1356	0.1343	0.1057	0.1066	0.1087	0.1195	0.1326	0.1417	0.0859	0.0835	0.0862	0.0972	0.1108	0.1393	0.0626	0.0580	0.0580	0.0607	0.0684	0.0826	0.1171
2245	0.1368	0.1376	0.1343	0.1308	0.1232	0.1343	0.1362	0.1361	0.1342	0.1058	0.1069	0.1102	0.1205	0.1314	0.1418	0.0865	0.0839	0.0859	0.0973	0.1104	0.1383	0.0621	0.0580	0.0576	0.0603	0.0678	0.0829	0.1168
2246	0.1363	0.1375	0.1334	0.1302	0.1235	0.1351	0.1364	0.1365	0.1344	0.1062	0.1076	0.1113	0.1211	0.1305	0.1418	0.0872	0.0842	0.0855	0.0973	0.1099	0.1373	0.0617	0.0577	0.0573	0.0600	0.0670	0.0833	0.1167
2247	0.1354	0.1371	0.1325	0.1296	0.1236	0.1361	0.1354	0.1361	0.1344	0.1063	0.1084	0.1109	0.1203	0.1303	0.1414	0.0878	0.0839	0.0860	0.0971	0.1098	0.1373	0.0619	0.0577	0.0573	0.0602	0.0672	0.0843	0.1170
2248	0.1346	0.1366	0.1318	0.1290	0.1233	0.1368	0.1344	0.1356	0.1345	0.1062	0.1091	0.1104	0.1196	0.1300	0.1411	0.0882	0.0838	0.0867	0.0966	0.1096	0.1373	0.0622	0.0578	0.0574	0.0602	0.0677	0.0849	0.1173
2249	0.1351	0.1367	0.1315	0.1283	0.1227	0.1361	0.1343	0.1354	0.1351	0.1062	0.1097	0.1103	0.1192	0.1294	0.1412	0.0882	0.0849	0.0870	0.0958	0.1091	0.1372	0.0616	0.0575	0.0578	0.0600	0.0683	0.0850	0.1180
2250	0.1357	0.1369	0.1310	0.1278	0.1222	0.1352	0.1343	0.1353	0.1354	0.1061	0.1103	0.1103	0.1191	0.1287	0.1414	0.0881	0.0859	0.0871	0.0950	0.1089	0.1373	0.0609	0.0571	0.0581	0.0599	0.0687	0.0852	0.1184
2251	0.1360	0.1367	0.1302	0.1281	0.1218	0.1348	0.1338	0.1350	0.1357	0.1059	0.1102	0.1103	0.1199	0.1285	0.1417	0.0875	0.0858	0.0865	0.0948	0.1093	0.1374	0.0610	0.0572	0.0578	0.0600	0.0689	0.0852	0.1176
2252	0.1366	0.1365	0.1296	0.1284	0.1216	0.1350	0.1333	0.1346	0.1363	0.1058	0.1096	0.1104	0.1210	0.1283	0.1420	0.0868	0.0854	0.0857	0.0948	0.1098	0.1375	0.0616	0.0574	0.0574	0.0602	0.0688	0.0851	0.1169
2253	0.1373	0.1364	0.1300	0.1284	0.1210	0.1349	0.1333	0.1338	0.1362	0.1054	0.1090	0.1109	0.1209	0.1281	0.1412	0.0865	0.0851	0.0851	0.0952	0.1107	0.1378	0.0619	0.0574	0.0574	0.0597	0.0679	0.0847	0.1170
2254	0.1379	0.1364	0.1308	0.1285	0.1201	0.1344	0.1332	0.1331	0.1357	0.1049	0.1085	0.1115	0.1204	0.1280	0.1403	0.0863	0.0853	0.0848	0.0955	0.1118	0.1380	0.0622	0.0573	0.0577	0.0587	0.0670	0.0841	0.1173
2255	0.1375	0.1375	0.1311	0.1285	0.1200	0.1340	0.1332	0.1336	0.1355	0.1044	0.1084	0.1115	0.1199	0.1284	0.1405	0.0864	0.0848	0.0849	0.0952	0.1122	0.1383	0.0630	0.0568	0.0578	0.0591	0.0662	0.0834	0.1183
2256	0.1369	0.1387	0.1309	0.1283	0.1201	0.1338	0.1334	0.1345	0.1358	0.1042	0.1084	0.1114	0.1195	0.1287	0.1409	0.0865	0.0840	0.0848	0.0948	0.1125	0.1385	0.0635	0.0561	0.0579	0.0600	0.0655	0.0824	0.1194
2257	0.1376	0.1394	0.1316	0.1276	0.1202	0.1336	0.1338	0.1349	0.1365	0.1043	0.1084	0.1114	0.1198	0.1285	0.1408	0.0864	0.0831	0.0851	0.0947	0.1125	0.1381	0.0635	0.0567	0.0578	0.0603	0.0657	0.0821	0.1200
2258	0.1384	0.1398	0.1329	0.1269	0.1206	0.1333	0.1338	0.1349	0.1369	0.1046	0.1080	0.1112	0.1206	0.1283	0.1407	0.0865	0.0822	0.0856	0.0944	0.1124	0.1373	0.0635	0.0576	0.0575	0.0604	0.0661	0.0820	0.1205
2259	0.1388	0.1394	0.1334	0.1266	0.1209	0.1331	0.1327	0.1351	0.1367	0.1052	0.1078	0.1112	0.1207	0.1286	0.1407	0.0860	0.0824	0.0853	0.0938	0.1124	0.1366	0.0634	0.0579	0.0570	0.0597	0.0666	0.0822	0.1197
2260	0.1390	0.1388	0.1333	0.1267	0.1209	0.1334	0.1319	0.1350	0.1362	0.1060	0.1084	0.1117	0.1203	0.1293	0.1405	0.0855	0.0829	0.0849	0.0935	0.1118	0.1361	0.0634	0.0582	0.0564	0.0589	0.0672	0.0825	0.1183
2261	0.1384	0.1386	0.1327	0.1267	0.1206	0.1338	0.1319	0.1353	0.1362	0.1064	0.1090	0.1119	0.1200	0.1299	0.1404	0.0857	0.0835	0.0851	0.0938	0.1110	0.1360	0.0634	0.0581	0.0571	0.0591	0.0675	0.0825	0.1177
2262	0.1373	0.1389	0.1324	0.1263	0.1200	0.1343	0.1322	0.1363	0.1371	0.1060	0.1097	0.1116	0.1198	0.1300	0.1403	0.0856	0.0841	0.0858	0.0944	0.1107	0.1359	0.0630	0.0573	0.0581	0.0595	0.0675	0.0827	0.1177
2263	0.1367	0.1390	0.1324	0.1259	0.1200	0.1344	0.1329	0.1368	0.1373	0.1061	0.1105	0.1114	0.1195	0.1301	0.1395	0.0854	0.0842	0.0866	0.0943	0.1105	0.1355	0.0634	0.0570	0.0584	0.0595	0.0674	0.0832	0.1169
2264	0.1363	0.1387	0.1324	0.1257	0.1203	0.1343	0.1336	0.1363	0.1368	0.1063	0.1109	0.1115	0.1194	0.1302	0.1391	0.0856	0.0843	0.0870	0.0941	0.1105	0.1350	0.0641	0.0575	0.0587	0.0595	0.0671	0.0840	0.1162
2265	0.1359	0.1382	0.1326	0.1259	0.1206	0.1340	0.1342	0.1355	0.1370	0.1064	0.1107	0.1113	0.1190	0.1297	0.1389	0.0857	0.0843	0.0875	0.0934	0.1100	0.1350	0.0645	0.0582	0.0588	0.0601	0.0667	0.0842	0.1164
2266	0.1361	0.1378	0.1327	0.1264	0.1210	0.1330	0.1347	0.1350	0.1375	0.1068	0.1106	0.1102	0.1181	0.1297	0.1386	0.0860	0.0839	0.0876	0.0922	0.1097	0.1354	0.0646	0.0590	0.0587	0.0606	0.0660	0.0839	0.1168
2267	0.1362	0.1379	0.1328	0.1269	0.1212	0.1325	0.1345	0.1350	0.1374	0.1064	0.1100	0.1095	0.1181	0.1298	0.1384	0.0860	0.0834	0.0869	0.0917	0.1097	0.1362	0.0638	0.0592	0.0585	0.0607	0.0655	0.0839	0.1173
2268	0.1359	0.1386	0.1331	0.1276	0.1221	0.1326	0.1341	0.1350	0.1374	0.1054	0.1093	0.1102	0.1195	0.1297	0.1383	0.0859	0.0826	0.0861	0.0915	0.1095	0.1366	0.0625	0.0584	0.0584	0.0611	0.0655	0.0837	0.1175
2269	0.1360	0.1394	0.1330	0.1280	0.1229	0.1328	0.1335	0.1346	0.1374	0.1047	0.1088	0.1104	0.1204	0.1298	0.1388	0.0861	0.0817	0.0856	0.0911	0.1095	0.1367	0.0615	0.0577	0.0590	0.0615	0.0659	0.0838	0.1171
2270	0.1363	0.1394	0.1323	0.1278	0.1230	0.1337	0.1328	0.1341	0.1368	0.1042	0.1088	0.1097	0.1205	0.1299	0.1407	0.0853	0.0808	0.0854	0.0911	0.1101	0.1366	0.0611	0.0576	0.0599	0.0615	0.0663	0.0845	0.1161
2271	0.1366	0.1389	0.1312	0.1272	0.1232	0.1345	0.1324	0.1338	0.1362	0.1039	0.1089	0.1090	0.1202	0.1302	0.1420	0.0847	0.0800	0.0849	0.0913	0.1105	0.1368	0.0610	0.0574	0.0602	0.0613	0.0667	0.0848	0.1154
2272	0.1367	0.1376	0.1300	0.1262	0.1236	0.1346	0.1330	0.1347	0.1365	0.1040	0.1082	0.1090	0.1192	0.1304	0.1411	0.0844	0.0797	0.0845	0.0916	0.1108	0.1372	0.0614	0.0573	0.0602	0.0609	0.0674	0.0846	0.1155
2273	0.1367	0.1366	0.1293	0.1256	0.1238	0.1351	0.1333	0.1355	0.1365	0.1045	0.1078	0.1091	0.1183	0.1304	0.1406	0.0838	0.0798	0.0844	0.0915	0.1113	0.1374	0.0620	0.0570	0.0600	0.0605	0.0678	0.0845	0.1159
2274	0.1367	0.1365	0.1299	0.1253	0.1246	0.1354	0.1329	0.1356	0.1357	0.1052	0.1078	0.1099	0.1177	0.1304	0.1413	0.0837	0.0809	0.0849	0.0906	0.1117	0.1380	0.0622	0.0568	0.0598	0.0594	0.0677	0.0843	0.1168
2275	0.1366	0.1363	0.1305	0.1251	0.1250	0.1352	0.1327	0.1359	0.1351	0.1057	0.1076	0.1109	0.1169	0.1303	0.1416	0.0835	0.0815	0.0858	0.0903	0.1116	0.1391	0.0623	0.0568	0.0600	0.0583	0.0674	0.0843	0.1177
2276	0.1365	0.1372	0.1311	0.1253	0.1240	0.1342	0.1324	0.1360	0.1347	0.1059	0.1076	0.1113	0.1157	0.1304	0.1412	0.0830	0.0810	0.0862	0.0914	0.1116	0.1405	0.0621	0.0567	0.0601	0.0578	0.0673	0.0842	0.1176
2277	0.1366	0.1382	0.1315	0.1256	0.1232	0.1331	0.1320	0.1363	0.1343	0.1062	0.1075	0.1115	0.1152	0.1306	0.1411	0.0830	0.0811	0.0864	0.0923	0.1118	0.1414	0.0620	0.0566	0.0599	0.0577	0.0675	0.0842	0.1170
2278	0.1364	0.1376	0.1313	0.1257	0.1224	0.1329	0.1323	0.1360	0.1338	0.1063	0.1077	0.1121	0.1158	0.1307	0.1415	0.0841	0.0818	0.0861	0.0925	0.1120	0.1410	0.0624	0.0562	0.0590	0.0582	0.0672	0.0844	0.1168
2279	0.1361	0.1372	0.1313	0.1257	0.1218	0.1326	0.1326	0.1358	0.1333	0.1060	0.1084	0.1127	0.1160	0.1308	0.1420	0.0845	0.0823	0.0858	0.0926	0.1122	0.1403	0.0625	0.0558	0.0583	0.0585	0.0668	0.0843	0.1167
2280	0.1358	0.1371	0.1321	0.1263	0.1218	0.1320	0.1322	0.1354	0.1328	0.1063	0.1089	0.1134	0.1160	0.1308	0.1423	0.0845	0.0823	0.0858	0.0928	0.1117	0.1391	0.0625	0.0558	0.0580	0.0586	0.0667	0.0841	0.1164
2281	0.1355	0.1369	0.1323	0.1269	0.1219	0.1316	0.1317	0.1348	0.1321	0.1067	0.1091	0.1136	0.1162	0.1308	0.1422	0.0847	0.0824	0.0860	0.0930	0.1108	0.1383	0.0627	0.0561	0.0579	0.0587	0.0668	0.0839	0.1161
2282	0.1355	0.1370	0.1309	0.1270	0.1222	0.1330	0.1315	0.1335	0.1321	0.1068	0.1088	0.1126	0.1161	0.1307	0.1414	0.0852	0.0821	0.0854	0.0937	0.1098	0.1383	0.0633	0.0571	0.0589	0.0586	0.0668	0.0835	0.1162
2283	0.1356	0.1371	0.1295	0.1270	0.1224	0.1345	0.1317	0.1323	0.1323	0.1067	0.1085	0.1115	0.1158	0.1305	0.1406	0.0857	0.0819	0.0847	0.0942	0.1094	0.1380	0.0640	0.0577	0.0596	0.0588	0.0668	0.0830	0.1164
2284	0.1349	0.1373	0.1290	0.1266	0.1216	0.1342	0.1327	0.1322	0.1321	0.1064	0.1078	0.1109	0.1156	0.1299	0.1404	0.0857	0.0814	0.0845	0.0940	0.1103	0.1372	0.0637	0.0576	0.0589	0.0596	0.0665	0.0825	0.1159
2285	0.1343	0.1376	0.1288	0.1262	0.1208	0.1335	0.1335	0.1323	0.1317	0.1059	0.1071	0.1105	0.1154	0.1295	0.1404	0.0854	0.0809	0.0846	0.0936	0.1112	0.1364	0.0632	0.0575	0.0582	0.0600	0.0662	0.0822	0.1153
2286	0.1344	0.1378	0.1289	0.1261	0.1207	0.1333	0.1331	0.1322	0.1311	0.1057	0.1067	0.1096	0.1150	0.1299	0.1407	0.0852	0.0807	0.0852	0.0934	0.1110	0.1361	0.0629	0.0573	0.0579	0.0594	0.0663	0.0830	0.1153
2287	0.1344	0.1378	0.1289	0.1261	0.1209	0.1330	0.1328	0.1324	0.1305	0.1058	0.1062	0.1086	0.1145	0.1305	0.1410	0.0852	0.0805	0.0861	0.0932	0.1105	0.1357	0.0628	0.0572	0.0576	0.0589	0.0665	0.0840	0.1156
2288	0.1345	0.1374	0.1291	0.1255	0.1212	0.1320	0.1323	0.1334	0.1304	0.1057	0.1060	0.1087	0.1145	0.1311	0.1406	0.0854	0.0804	0.0867	0.0932	0.1103	0.1354	0.0623	0.0573	0.0575	0.0589	0.0666	0.0838	0.1163
2289	0.1347	0.1370	0.1294	0.1246	0.1215	0.1310	0.1319	0.1342	0.1305	0.1054	0.1060	0.1088	0.1148	0.1315	0.1401	0.0852	0.0806	0.0870	0.0933	0.1104	0.1351	0.0618	0.0575	0.0574	0.0590	0.0666	0.0832	0.1169
2290	0.1347	0.1364	0.1293	0.1245	0.1217	0.1309	0.1322	0.1338	0.1311	0.1052	0.1067	0.1094	0.1154	0.1301	0.1402	0.0838	0.0808	0.0861	0.0937	0.1108	0.1354	0.0615	0.0580	0.0567	0.0595	0.0663	0.0838	0.1163
2291	0.1346	0.1358	0.1292	0.1246	0.1219	0.1307	0.1326	0.1333	0.1318	0.1049	0.1073	0.1103	0.1160	0.1283	0.1404	0.0824	0.0812	0.0850	0.0944	0.1106	0.1358	0.0611	0.0582	0.0559	0.0599	0.0657	0.0848	0.1157
2292	0.1336	0.1359	0.1299	0.1249	0.1221	0.1309	0.1328	0.1329	0.1316	0.1045	0.1074	0.1105	0.1166	0.1274	0.1407	0.0819	0.0814	0.0853	0.0946	0.1098	0.1360	0.0603	0.0579	0.0562	0.0601	0.0652	0.0860	0.1158
2293	0.1327	0.1360	0.1306	0.1254	0.1222	0.1314	0.1326	0.1327	0.1313	0.1040	0.1069	0.1105	0.1170	0.1269	0.1410	0.0821	0.0812	0.0856	0.0946	0.1095	0.1361	0.0595	0.0577	0.0568	0.0602	0.0647	0.0874	0.1159
2294	0.1324	0.1364	0.1307	0.1257	0.1222	0.1318	0.1316	0.1330	0.1326	0.1031	0.1073	0.1105	0.1174	0.1271	0.1404	0.0830	0.0811	0.0848	0.0940	0.1090	0.1355	0.0598	0.0575	0.0568	0.0597	0.0651	0.0875	0.1160
2295	0.1318	0.1370	0.1306	0.1262	0.1223	0.1320	0.1309	0.1330	0.1339	0.1021	0.1085	0.1104	0.1180	0.1273	0.1400	0.0842	0.0808	0.0841	0.0929	0.1085	0.1347	0.0604	0.0571	0.0567	0.0591	0.0659	0.0871	0.1160
2296	0.1321	0.1368	0.1305	0.1265	0.1225	0.1328	0.1306	0.1330	0.1330	0.1026	0.1086	0.1100	0.1185	0.1280	0.1392	0.0851	0.0800	0.0842	0.0921	0.1089	0.1344	0.0614	0.0573	0.0570	0.0587	0.0659	0.0866	0.1165
2297	0.1325	0.1363	0.1304	0.1263	0.1224	0.1335	0.1303	0.1329	0.1318	0.1034	0.1083	0.1093	0.1188	0.1290	0.1386	0.0850	0.0796	0.0846	0.0917	0.1098	0.1344	0.0626	0.0577	0.0573	0.0587	0.0655	0.0862	0.1170
2298	0.1328	0.1353	0.1299	0.1267	0.1216	0.1334	0.1312	0.1334	0.1305	0.1032	0.1075	0.1087	0.1189	0.1288	0.1381	0.0841	0.0796	0.0856	0.0919	0.1096	0.1347	0.0628	0.0567	0.0577	0.0587	0.0658	0.0861	0.1173
2299	0.1334	0.1348	0.1290	0.1271	0.1206	0.1329	0.1322	0.1337	0.1291	0.1026	0.1065	0.1086	0.1190	0.1281	0.1377	0.0835	0.0802	0.0864	0.0927	0.1085	0.1353	0.0627	0.0553	0.0584	0.0586	0.0666	0.0858	0.1175
2300	0.1336	0.1347	0.1287	0.1263	0.1194	0.1323	0.1322	0.1330	0.1294	0.1027	0.1062	0.1086	0.1185	0.1280	0.1376	0.0833	0.0812	0.0865	0.0931	0.1084	0.1341	0.0617	0.0552	0.0578	0.0582	0.0674	0.0856	0.1175
2301	0.1339	0.1346	0.1290	0.1257	0.1182	0.1315	0.1316	0.1320	0.1305	0.1034	0.1061	0.1084	0.1177	0.1282	0.1372	0.0834	0.0816	0.0862	0.0930	0.1087	0.1320	0.0605	0.0558	0.0565	0.0574	0.0672	0.0850	0.1172
2302	0.1338	0.1350	0.1288	0.1247	0.1176	0.1307	0.1310	0.1314	0.1317	0.1042	0.1061	0.1086	0.1173	0.1285	0.1373	0.0838	0.0809	0.0854	0.0930	0.1081	0.1314	0.0602	0.0562	0.0560	0.0573	0.0665	0.0849	0.1173
2303	0.1336	0.1356	0.1278	0.1238	0.1177	0.1300	0.1304	0.1315	0.1327	0.1050	0.1065	0.1092	0.1171	0.1289	0.1377	0.0850	0.0796	0.0845	0.0933	0.1073	0.1318	0.0600	0.0559	0.0552	0.0574	0.0662	0.0859	0.1178
2304	0.1330	0.1352	0.1271	0.1232	0.1183	0.1292	0.1303	0.1320	0.1326	0.1053	0.1075	0.1104	0.1170	0.1287	0.1375	0.0849	0.0787	0.0839	0.0937	0.1063	0.1326	0.0607	0.0561	0.0547	0.0565	0.0656	0.0856	0.1180
2305	0.1324	0.1342	0.1273	0.1227	0.1188	0.1288	0.1305	0.1320	0.1316	0.1051	0.1083	0.1117	0.1168	0.1275	0.1369	0.0837	0.0786	0.0835	0.0937	0.1059	0.1332	0.0618	0.0569	0.0550	0.0560	0.0649	0.0845	0.1185
2306	0.1328	0.1337	0.1276	0.1231	0.1189	0.1289	0.1305	0.1321	0.1310	0.1045	0.1085	0.1113	0.1168	0.1267	0.1365	0.0837	0.0795	0.0835	0.0929	0.1060	0.1340	0.0620	0.0568	0.0551	0.0560	0.0643	0.0839	0.1189
2307	0.1329	0.1342	0.1280	0.1241	0.1185	0.1291	0.1308	0.1324	0.1311	0.1036	0.1081	0.1096	0.1167	0.1265	0.1357	0.0841	0.0815	0.0836	0.0923	0.1060	0.1350	0.0623	0.0561	0.0554	0.0558	0.0635	0.0832	0.1185
2308	0.1327	0.1348	0.1283	0.1243	0.1185	0.1293	0.1311	0.1324	0.1316	0.1031	0.1076	0.1079	0.1163	0.1264	0.1351	0.0842	0.0828	0.0837	0.0919	0.1059	0.1357	0.0628	0.0558	0.0551	0.0560	0.0630	0.0828	0.1180
2309	0.1328	0.1348	0.1286	0.1230	0.1189	0.1292	0.1314	0.1323	0.1326	0.1031	0.1069	0.1067	0.1160	0.1260	0.1352	0.0841	0.0828	0.0836	0.0913	0.1054	0.1363	0.0630	0.0562	0.0543	0.0569	0.0631	0.0829	0.1169
2310	0.1324	0.1345	0.1290	0.1224	0.1191	0.1293	0.1312	0.1318	0.1335	0.1034	0.1063	0.1066	0.1157	0.1258	0.1359	0.0833	0.0825	0.0829	0.0909	0.1051	0.1361	0.0629	0.0566	0.0540	0.0573	0.0631	0.0825	0.1160
2311	0.1315	0.1342	0.1292	0.1227	0.1193	0.1298	0.1309	0.1305	0.1343	0.1036	0.1063	0.1073	0.1153	0.1259	0.1372	0.0828	0.0814	0.0815	0.0905	0.1059	0.1353	0.0622	0.0566	0.0534	0.0574	0.0633	0.0814	0.1156
2312	0.1310	0.1339	0.1292	0.1229	0.1189	0.1303	0.1308	0.1293	0.1342	0.1036	0.1064	0.1074	0.1153	0.1255	0.1380	0.0824	0.0805	0.0810	0.0904	0.1067	0.1347	0.0609	0.0566	0.0526	0.0576	0.0634	0.0808	0.1151
2313	0.1319	0.1340	0.1286	0.1226	0.1179	0.1309	0.1299	0.1293	0.1327	0.1037	0.1065	0.1068	0.1159	0.1253	0.1379	0.0817	0.0794	0.0816	0.0903	0.1071	0.1336	0.0591	0.0560	0.0525	0.0574	0.0635	0.0806	0.1139
2314	0.1323	0.1340	0.1280	0.1221	0.1171	0.1312	0.1294	0.1295	0.1311	0.1031	0.1063	0.1066	0.1164	0.1253	0.1379	0.0815	0.0782	0.0819	0.0900	0.1073	0.1329	0.0579	0.0555	0.0524	0.0572	0.0637	0.0811	0.1131
2315	0.1308	0.1338	0.1274	0.1220	0.1169	0.1312	0.1299	0.1295	0.1294	0.1020	0.1051	0.1069	0.1172	0.1250	0.1377	0.0815	0.0781	0.0818	0.0898	0.1069	0.1331	0.0584	0.0552	0.0531	0.0572	0.0637	0.0824	0.1134
2316	0.1295	0.1334	0.1268	0.1218	0.1170	0.1315	0.1297	0.1294	0.1285	0.1014	0.1039	0.1073	0.1175	0.1248	0.1375	0.0815	0.0782	0.0821	0.0896	0.1061	0.1333	0.0594	0.0553	0.0538	0.0569	0.0638	0.0831	0.1140
2317	0.1284	0.1325	0.1265	0.1215	0.1167	0.1321	0.1288	0.1289	0.1289	0.1005	0.1034	0.1078	0.1165	0.1245	0.1373	0.0809	0.0798	0.0832	0.0896	0.1053	0.1337	0.0597	0.0559	0.0539	0.0567	0.0636	0.0834	0.1150
2318	0.1280	0.1319	0.1260	0.1211	0.1164	0.1325	0.1282	0.1283	0.1291	0.0997	0.1035	0.1080	0.1155	0.1244	0.1371	0.0803	0.0811	0.0838	0.0895	0.1049	0.1342	0.0593	0.0567	0.0543	0.0568	0.0636	0.0837	0.1153
2319	0.1290	0.1323	0.1252	0.1211	0.1165	0.1320	0.1283	0.1285	0.1292	0.1004	0.1043	0.1072	0.1146	0.1249	0.1372	0.0793	0.0805	0.0839	0.0892	0.1044	0.1346	0.0588	0.0575	0.0538	0.0566	0.0642	0.0837	0.1146
2320	0.1298	0.1325	0.1248	0.1211	0.1167	0.1315	0.1285	0.1287	0.1294	0.1010	0.1049	0.1063	0.1137	0.1252	0.1369	0.0785	0.0801	0.0838	0.0889	0.1039	0.1346	0.0586	0.0579	0.0527	0.0563	0.0643	0.0837	0.1143
2321	0.1296	0.1325	0.1248	0.1209	0.1171	0.1310	0.1285	0.1285	0.1297	0.1021	0.1039	0.1057	0.1133	0.1246	0.1361	0.0785	0.0800	0.0824	0.0890	0.1045	0.1336	0.0585	0.0575	0.0523	0.0554	0.0637	0.0838	0.1143
2322	0.1298	0.1324	0.1244	0.1209	0.1171	0.1304	0.1279	0.1283	0.1296	0.1031	0.1029	0.1055	0.1127	0.1237	0.1357	0.0787	0.0803	0.0811	0.0887	0.1051	0.1323	0.0585	0.0566	0.0517	0.0545	0.0636	0.0838	0.1142
2323	0.1312	0.1317	0.1240	0.1207	0.1155	0.1299	0.1268	0.1274	0.1291	0.1024	0.1023	0.1059	0.1118	0.1223	0.1359	0.0796	0.0809	0.0800	0.0881	0.1054	0.1307	0.0600	0.0561	0.0506	0.0552	0.0644	0.0834	0.1147
2324	0.1320	0.1313	0.1238	0.1201	0.1144	0.1296	0.1260	0.1268	0.1286	0.1015	0.1015	0.1061	0.1112	0.1214	0.1361	0.0805	0.0812	0.0792	0.0878	0.1059	0.1296	0.0616	0.0558	0.0498	0.0562	0.0648	0.0831	0.1154
2325	0.1315	0.1318	0.1244	0.1198	0.1147	0.1299	0.1257	0.1277	0.1285	0.1001	0.1012	0.1065	0.1102	0.1220	0.1364	0.0810	0.0804	0.0801	0.0874	0.1061	0.1301	0.0624	0.0549	0.0500	0.0571	0.0644	0.0826	0.1157
2326	0.1308	0.1324	0.1249	0.1201	0.1150	0.1302	0.1256	0.1287	0.1285	0.0990	0.1010	0.1069	0.1094	0.1224	0.1364	0.0813	0.0797	0.0810	0.0872	0.1061	0.1306	0.0631	0.0541	0.0504	0.0578	0.0641	0.0821	0.1157
2327	0.1306	0.1337	0.1250	0.1214	0.1146	0.1303	0.1261	0.1290	0.1281	0.0985	0.1011	0.1070	0.1095	0.1226	0.1364	0.0809	0.0792	0.0807	0.0876	0.1054	0.1316	0.0619	0.0535	0.0513	0.0590	0.0640	0.0812	0.1144
2328	0.1303	0.1348	0.1249	0.1227	0.1140	0.1302	0.1266	0.1293	0.1277	0.0979	0.1015	0.1072	0.1094	0.1231	0.1365	0.0805	0.0788	0.0806	0.0878	0.1047	0.1328	0.0607	0.0528	0.0523	0.0602	0.0641	0.0803	0.1133
2329	0.1292	0.1344	0.1245	0.1225	0.1144	0.1293	0.1258	0.1279	0.1271	0.0975	0.1021	0.1065	0.1094	0.1244	0.1364	0.0801	0.0784	0.0808	0.0876	0.1044	0.1339	0.0595	0.0527	0.0532	0.0599	0.0641	0.0806	0.1134
2330	0.1281	0.1340	0.1240	0.1223	0.1153	0.1283	0.1246	0.1265	0.1263	0.0971	0.1025	0.1058	0.1094	0.1253	0.1362	0.0797	0.0780	0.0811	0.0872	0.1040	0.1348	0.0586	0.0526	0.0538	0.0596	0.0638	0.0810	0.1135
2331	0.1276	0.1333	0.1236	0.1218	0.1164	0.1274	0.1239	0.1262	0.1258	0.0976	0.1032	0.1058	0.1100	0.1254	0.1353	0.0793	0.0783	0.0829	0.0869	0.1041	0.1340	0.0589	0.0527	0.0539	0.0580	0.0623	0.0810	0.1130
2332	0.1271	0.1322	0.1231	0.1212	0.1169	0.1268	0.1236	0.1260	0.1256	0.0982	0.1038	0.1058	0.1107	0.1250	0.1344	0.0788	0.0786	0.0847	0.0867	0.1044	0.1328	0.0592	0.0532	0.0539	0.0563	0.0609	0.0805	0.1125
2333	0.1260	0.1301	0.1227	0.1206	0.1152	0.1265	0.1237	0.1267	0.1260	0.0992	0.1035	0.1057	0.1108	0.1233	0.1338	0.0785	0.0784	0.0844	0.0871	0.1043	0.1317	0.0592	0.0539	0.0531	0.0559	0.0619	0.0789	0.1121
2334	0.1249	0.1282	0.1223	0.1201	0.1134	0.1262	0.1239	0.1276	0.1264	0.1000	0.1033	0.1056	0.1104	0.1216	0.1334	0.0782	0.0780	0.0839	0.0877	0.1040	0.1310	0.0593	0.0542	0.0521	0.0557	0.0628	0.0774	0.1115
2335	0.1250	0.1288	0.1223	0.1196	0.1133	0.1261	0.1240	0.1285	0.1274	0.0999	0.1034	0.1050	0.1094	0.1205	0.1333	0.0792	0.0771	0.0829	0.0889	0.1034	0.1303	0.0589	0.0534	0.0511	0.0552	0.0616	0.0782	0.1110
2336	0.1252	0.1301	0.1227	0.1191	0.1136	0.1265	0.1239	0.1292	0.1280	0.0998	0.1035	0.1043	0.1085	0.1196	0.1333	0.0805	0.0764	0.0819	0.0899	0.1032	0.1295	0.0585	0.0529	0.0502	0.0545	0.0601	0.0790	0.1106
2337	0.1254	0.1315	0.1230	0.1185	0.1138	0.1276	0.1239	0.1290	0.1268	0.1002	0.1042	0.1039	0.1087	0.1204	0.1343	0.0809	0.0768	0.0806	0.0901	0.1046	0.1294	0.0586	0.0530	0.0504	0.0542	0.0595	0.0792	0.1105
2338	0.1254	0.1327	0.1233	0.1175	0.1137	0.1285	0.1242	0.1287	0.1256	0.1005	0.1049	0.1035	0.1091	0.1213	0.1354	0.0809	0.0775	0.0790	0.0901	0.1058	0.1294	0.0588	0.0529	0.0509	0.0541	0.0591	0.0793	0.1106
2339	0.1261	0.1324	0.1234	0.1165	0.1129	0.1283	0.1250	0.1286	0.1251	0.1003	0.1045	0.1029	0.1095	0.1217	0.1348	0.0792	0.0785	0.0780	0.0898	0.1059	0.1277	0.0585	0.0522	0.0519	0.0539	0.0596	0.0789	0.1121
2340	0.1273	0.1318	0.1236	0.1157	0.1122	0.1282	0.1257	0.1284	0.1244	0.1001	0.1039	0.1021	0.1094	0.1222	0.1336	0.0772	0.0795	0.0774	0.0895	0.1060	0.1255	0.0579	0.0514	0.0529	0.0537	0.0602	0.0785	0.1136
2341	0.1266	0.1310	0.1242	0.1167	0.1117	0.1275	0.1260	0.1280	0.1234	0.0999	0.1037	0.1024	0.1090	0.1218	0.1327	0.0764	0.0802	0.0772	0.0885	0.1050	0.1259	0.0569	0.0513	0.0537	0.0536	0.0602	0.0791	0.1134
2342	0.1254	0.1303	0.1247	0.1180	0.1111	0.1264	0.1262	0.1276	0.1223	0.0997	0.1035	0.1029	0.1087	0.1214	0.1319	0.0759	0.0809	0.0768	0.0874	0.1038	0.1272	0.0563	0.0514	0.0544	0.0535	0.0602	0.0799	0.1132
2343	0.1241	0.1305	0.1242	0.1181	0.1109	0.1257	0.1272	0.1272	0.1228	0.0991	0.1037	0.1038	0.1097	0.1219	0.1308	0.0765	0.0800	0.0774	0.0858	0.1038	0.1293	0.0568	0.0515	0.0553	0.0535	0.0616	0.0792	0.1130
2344	0.1228	0.1307	0.1237	0.1183	0.1112	0.1253	0.1282	0.1270	0.1237	0.0987	0.1041	0.1046	0.1108	0.1226	0.1298	0.0775	0.0786	0.0782	0.0842	0.1043	0.1312	0.0574	0.0516	0.0565	0.0531	0.0633	0.0777	0.1131
2345	0.1239	0.1306	0.1237	0.1186	0.1126	0.1245	0.1275	0.1265	0.1243	0.0992	0.1027	0.1045	0.1101	0.1233	0.1298	0.0790	0.0780	0.0785	0.0842	0.1039	0.1310	0.0570	0.0513	0.0554	0.0532	0.0619	0.0771	0.1139
2346	0.1251	0.1307	0.1241	0.1184	0.1143	0.1236	0.1265	0.1258	0.1247	0.0997	0.1008	0.1043	0.1087	0.1238	0.1301	0.0804	0.0776	0.0789	0.0842	0.1032	0.1299	0.0565	0.0508	0.0537	0.0533	0.0598	0.0769	0.1149
2347	0.1268	0.1306	0.1240	0.1182	0.1143	0.1235	0.1249	0.1260	0.1247	0.0994	0.1004	0.1042	0.1093	0.1238	0.1312	0.0792	0.0760	0.0791	0.0848	0.1025	0.1287	0.0568	0.0503	0.0537	0.0537	0.0592	0.0767	0.1146
2348	0.1285	0.1304	0.1239	0.1182	0.1139	0.1236	0.1236	0.1262	0.1245	0.0989	0.1005	0.1042	0.1106	0.1239	0.1324	0.0774	0.0739	0.0792	0.0853	0.1020	0.1278	0.0571	0.0499	0.0541	0.0544	0.0585	0.0766	0.1139
2349	0.1278	0.1301	0.1240	0.1185	0.1139	0.1229	0.1240	0.1257	0.1246	0.0984	0.1001	0.1039	0.1106	0.1236	0.1321	0.0764	0.0731	0.0791	0.0865	0.1024	0.1288	0.0573	0.0503	0.0540	0.0544	0.0587	0.0766	0.1137
2350	0.1269	0.1295	0.1241	0.1188	0.1137	0.1218	0.1248	0.1253	0.1247	0.0984	0.0994	0.1038	0.1104	0.1233	0.1315	0.0755	0.0725	0.0790	0.0876	0.1033	0.1306	0.0578	0.0508	0.0540	0.0542	0.0595	0.0765	0.1133
2351	0.1267	0.1287	0.1236	0.1187	0.1125	0.1220	0.1245	0.1244	0.1249	0.0970	0.0995	0.1050	0.1109	0.1223	0.1323	0.0762	0.0718	0.0786	0.0868	0.1037	0.1299	0.0574	0.0507	0.0539	0.0543	0.0591	0.0774	0.1133
2352	0.1268	0.1280	0.1233	0.1183	0.1113	0.1232	0.1233	0.1233	0.1252	0.0949	0.0999	0.1064	0.1112	0.1210	0.1335	0.0776	0.0710	0.0780	0.0855	0.1036	0.1279	0.0567	0.0505	0.0540	0.0543	0.0582	0.0788	0.1136
2353	0.1264	0.1283	0.1224	0.1187	0.1110	0.1243	0.1229	0.1230	0.1252	0.0946	0.0996	0.1058	0.1100	0.1201	0.1336	0.0776	0.0723	0.0781	0.0847	0.1035	0.1270	0.0565	0.0507	0.0537	0.0546	0.0581	0.0791	0.1147
2354	0.1258	0.1290	0.1211	0.1193	0.1110	0.1252	0.1226	0.1229	0.1252	0.0951	0.0992	0.1045	0.1083	0.1195	0.1333	0.0770	0.0745	0.0784	0.0838	0.1033	0.1268	0.0566	0.0511	0.0535	0.0554	0.0583	0.0788	0.1164
2355	0.1262	0.1282	0.1203	0.1184	0.1115	0.1260	0.1230	0.1230	0.1252	0.0956	0.0994	0.1031	0.1081	0.1191	0.1322	0.0767	0.0759	0.0794	0.0837	0.1034	0.1274	0.0569	0.0515	0.0536	0.0554	0.0589	0.0789	0.1159
2356	0.1272	0.1270	0.1194	0.1166	0.1118	0.1266	0.1242	0.1235	0.1254	0.0959	0.0998	0.1016	0.1090	0.1190	0.1308	0.0767	0.0772	0.0807	0.0837	0.1039	0.1277	0.0573	0.0518	0.0536	0.0555	0.0598	0.0793	0.1141
2357	0.1276	0.1278	0.1183	0.1159	0.1113	0.1273	0.1239	0.1237	0.1250	0.0954	0.1008	0.1016	0.1094	0.1198	0.1303	0.0764	0.0765	0.0810	0.0842	0.1039	0.1274	0.0571	0.0518	0.0537	0.0563	0.0604	0.0792	0.1138
2358	0.1277	0.1296	0.1172	0.1164	0.1108	0.1281	0.1227	0.1238	0.1245	0.0946	0.1021	0.1020	0.1092	0.1208	0.1302	0.0758	0.0751	0.0806	0.0848	0.1035	0.1272	0.0561	0.0516	0.0537	0.0565	0.0610	0.0788	0.1143
2359	0.1269	0.1302	0.1170	0.1172	0.1100	0.1272	0.1216	0.1236	0.1251	0.0946	0.1022	0.1008	0.1087	0.1211	0.1300	0.0760	0.0738	0.0800	0.0849	0.1041	0.1278	0.0562	0.0510	0.0539	0.0564	0.0612	0.0779	0.1138
2360	0.1260	0.1304	0.1173	0.1184	0.1090	0.1258	0.1207	0.1231	0.1262	0.0950	0.1019	0.0991	0.1081	0.1213	0.1303	0.0764	0.0724	0.0790	0.0848	0.1051	0.1292	0.0572	0.0504	0.0540	0.0568	0.0610	0.0768	0.1131
2361	0.1254	0.1303	0.1181	0.1183	0.1090	0.1251	0.1209	0.1236	0.1260	0.0955	0.1006	0.0995	0.1073	0.1212	0.1296	0.0768	0.0738	0.0800	0.0841	0.1051	0.1296	0.0580	0.0507	0.0529	0.0566	0.0605	0.0768	0.1128
2362	0.1247	0.1303	0.1186	0.1166	0.1089	0.1250	0.1222	0.1248	0.1248	0.0962	0.0987	0.1011	0.1067	0.1209	0.1281	0.0771	0.0762	0.0818	0.0829	0.1047	0.1291	0.0590	0.0516	0.0517	0.0558	0.0600	0.0772	0.1126
2363	0.1247	0.1305	0.1183	0.1149	0.1088	0.1245	0.1226	0.1251	0.1237	0.0961	0.0983	0.1023	0.1065	0.1198	0.1275	0.0770	0.0765	0.0817	0.0832	0.1038	0.1280	0.0592	0.0523	0.0520	0.0551	0.0595	0.0773	0.1124
2364	0.1251	0.1307	0.1178	0.1133	0.1091	0.1237	0.1220	0.1248	0.1224	0.0957	0.0988	0.1030	0.1061	0.1187	0.1270	0.0774	0.0758	0.0807	0.0841	0.1026	0.1263	0.0588	0.0532	0.0529	0.0545	0.0591	0.0774	0.1122
2365	0.1246	0.1304	0.1182	0.1129	0.1101	0.1231	0.1208	0.1242	0.1220	0.0953	0.0991	0.1030	0.1063	0.1182	0.1273	0.0768	0.0749	0.0794	0.0850	0.1021	0.1252	0.0575	0.0532	0.0534	0.0541	0.0591	0.0770	0.1117
2366	0.1237	0.1294	0.1197	0.1134	0.1115	0.1228	0.1192	0.1233	0.1224	0.0947	0.0997	0.1024	0.1069	0.1175	0.1279	0.0753	0.0741	0.0780	0.0856	0.1019	0.1248	0.0554	0.0525	0.0535	0.0537	0.0590	0.0765	0.1107
2367	0.1237	0.1285	0.1197	0.1140	0.1118	0.1214	0.1185	0.1234	0.1232	0.0941	0.0995	0.1019	0.1072	0.1176	0.1276	0.0747	0.0741	0.0777	0.0852	0.1017	0.1251	0.0544	0.0524	0.0538	0.0538	0.0591	0.0758	0.1105
2368	0.1242	0.1279	0.1183	0.1143	0.1115	0.1196	0.1187	0.1246	0.1240	0.0942	0.0983	0.1014	0.1073	0.1182	0.1275	0.0750	0.0743	0.0781	0.0849	0.1014	0.1257	0.0538	0.0519	0.0550	0.0539	0.0595	0.0751	0.1113
2369	0.1247	0.1284	0.1171	0.1145	0.1107	0.1200	0.1186	0.1251	0.1235	0.0947	0.0970	0.1010	0.1077	0.1186	0.1279	0.0753	0.0740	0.0785	0.0839	0.1007	0.1261	0.0532	0.0512	0.0558	0.0527	0.0597	0.0748	0.1119
2370	0.1252	0.1298	0.1160	0.1149	0.1091	0.1219	0.1185	0.1253	0.1221	0.0950	0.0958	0.1003	0.1080	0.1187	0.1285	0.0756	0.0740	0.0783	0.0824	0.0996	0.1265	0.0522	0.0507	0.0556	0.0506	0.0604	0.0746	0.1118
2371	0.1250	0.1300	0.1172	0.1149	0.1083	0.1227	0.1196	0.1255	0.1222	0.0950	0.0959	0.0994	0.1077	0.1192	0.1283	0.0756	0.0745	0.0786	0.0816	0.0993	0.1260	0.0525	0.0501	0.0548	0.0500	0.0606	0.0750	0.1115
2372	0.1247	0.1297	0.1206	0.1147	0.1082	0.1227	0.1215	0.1254	0.1233	0.0950	0.0973	0.0984	0.1068	0.1197	0.1276	0.0749	0.0748	0.0802	0.0812	0.0996	0.1243	0.0542	0.0500	0.0541	0.0505	0.0603	0.0758	0.1112
2373	0.1241	0.1285	0.1215	0.1148	0.1084	0.1223	0.1228	0.1248	0.1242	0.0950	0.0978	0.0991	0.1060	0.1202	0.1275	0.0745	0.0750	0.0804	0.0813	0.0990	0.1230	0.0556	0.0504	0.0527	0.0512	0.0601	0.0761	0.1106
2374	0.1236	0.1262	0.1199	0.1140	0.1092	0.1212	0.1233	0.1240	0.1249	0.0949	0.0970	0.1013	0.1054	0.1211	0.1278	0.0751	0.0747	0.0793	0.0822	0.0975	0.1226	0.0570	0.0511	0.0509	0.0518	0.0600	0.0758	0.1097
2375	0.1234	0.1249	0.1179	0.1131	0.1098	0.1205	0.1223	0.1233	0.1251	0.0942	0.0969	0.1023	0.1048	0.1217	0.1286	0.0758	0.0745	0.0788	0.0825	0.0972	0.1237	0.0575	0.0520	0.0503	0.0521	0.0605	0.0751	0.1091
2376	0.1236	0.1249	0.1157	0.1133	0.1102	0.1204	0.1199	0.1232	0.1251	0.0928	0.0977	0.1020	0.1042	0.1222	0.1293	0.0765	0.0743	0.0786	0.0821	0.0979	0.1262	0.0572	0.0528	0.0509	0.0525	0.0608	0.0740	0.1089
2377	0.1234	0.1248	0.1148	0.1122	0.1094	0.1206	0.1189	0.1224	0.1248	0.0919	0.0981	0.1012	0.1040	0.1214	0.1292	0.0759	0.0738	0.0780	0.0814	0.0979	0.1272	0.0561	0.0531	0.0517	0.0522	0.0604	0.0732	0.1089
2378	0.1229	0.1243	0.1152	0.1093	0.1074	0.1212	0.1192	0.1202	0.1239	0.0918	0.0983	0.0999	0.1039	0.1189	0.1291	0.0742	0.0732	0.0772	0.0800	0.0974	0.1263	0.0542	0.0530	0.0522	0.0514	0.0600	0.0732	0.1090
2379	0.1240	0.1237	0.1156	0.1089	0.1057	0.1219	0.1199	0.1187	0.1228	0.0927	0.0975	0.0987	0.1040	0.1170	0.1283	0.0734	0.0728	0.0765	0.0790	0.0970	0.1256	0.0528	0.0534	0.0520	0.0511	0.0594	0.0733	0.1091
2380	0.1262	0.1230	0.1158	0.1114	0.1046	0.1224	0.1208	0.1175	0.1216	0.0939	0.0954	0.0981	0.1045	0.1160	0.1270	0.0734	0.0725	0.0751	0.0786	0.0966	0.1261	0.0517	0.0543	0.0514	0.0507	0.0589	0.0729	0.1090
2381	0.1265	0.1224	0.1159	0.1130	0.1054	0.1219	0.1211	0.1173	0.1208	0.0946	0.0937	0.0983	0.1048	0.1145	0.1260	0.0730	0.0718	0.0743	0.0784	0.0967	0.1259	0.0514	0.0545	0.0503	0.0500	0.0580	0.0738	0.1089
2382	0.1249	0.1221	0.1162	0.1135	0.1077	0.1198	0.1209	0.1187	0.1206	0.0950	0.0924	0.0991	0.1054	0.1126	0.1249	0.0721	0.0709	0.0741	0.0792	0.0974	0.1245	0.0517	0.0540	0.0487	0.0487	0.0560	0.0761	0.1092
2383	0.1236	0.1217	0.1165	0.1129	0.1085	0.1177	0.1203	0.1193	0.1201	0.0945	0.0915	0.0990	0.1053	0.1114	0.1246	0.0715	0.0697	0.0739	0.0797	0.0976	0.1232	0.0521	0.0528	0.0475	0.0485	0.0554	0.0782	0.1089
2384	0.1231	0.1212	0.1167	0.1112	0.1075	0.1162	0.1192	0.1196	0.1196	0.0932	0.0913	0.0977	0.1044	0.1109	0.1254	0.0715	0.0677	0.0739	0.0794	0.0976	0.1218	0.0539	0.0507	0.0468	0.0500	0.0567	0.0805	0.1079
2385	0.1227	0.1210	0.1167	0.1105	0.1064	0.1156	0.1180	0.1197	0.1199	0.0922	0.0918	0.0975	0.1044	0.1107	0.1254	0.0715	0.0672	0.0748	0.0802	0.0983	0.1218	0.0548	0.0498	0.0471	0.0509	0.0573	0.0825	0.1074
2386	0.1218	0.1214	0.1162	0.1114	0.1058	0.1160	0.1166	0.1196	0.1207	0.0919	0.0933	0.0991	0.1052	0.1109	0.1252	0.0712	0.0685	0.0767	0.0818	0.0995	0.1239	0.0539	0.0504	0.0482	0.0512	0.0568	0.0838	0.1074
2387	0.1210	0.1218	0.1156	0.1107	0.1059	0.1162	0.1158	0.1190	0.1215	0.0908	0.0941	0.1004	0.1055	0.1112	0.1246	0.0711	0.0692	0.0781	0.0824	0.0992	0.1251	0.0535	0.0503	0.0491	0.0520	0.0558	0.0827	0.1083
2388	0.1205	0.1221	0.1150	0.1083	0.1073	0.1159	0.1162	0.1177	0.1218	0.0885	0.0939	0.1011	0.1049	0.1122	0.1234	0.0708	0.0696	0.0785	0.0829	0.0971	0.1256	0.0535	0.0495	0.0494	0.0529	0.0550	0.0781	0.1098
2389	0.1194	0.1225	0.1144	0.1076	0.1081	0.1162	0.1164	0.1174	0.1217	0.0874	0.0930	0.1008	0.1041	0.1133	0.1238	0.0717	0.0698	0.0782	0.0828	0.0956	0.1253	0.0529	0.0495	0.0490	0.0530	0.0547	0.0756	0.1106
2390	0.1174	0.1225	0.1137	0.1091	0.1079	0.1175	0.1161	0.1177	0.1216	0.0877	0.0917	0.0987	0.1027	0.1143	0.1258	0.0747	0.0696	0.0770	0.0817	0.0953	0.1237	0.0509	0.0505	0.0480	0.0522	0.0548	0.0763	0.1109
2391	0.1166	0.1218	0.1135	0.1097	0.1079	0.1186	0.1160	0.1175	0.1210	0.0884	0.0912	0.0965	0.1011	0.1151	0.1275	0.0763	0.0699	0.0767	0.0809	0.0959	0.1222	0.0493	0.0506	0.0476	0.0506	0.0552	0.0764	0.1105
2392	0.1170	0.1200	0.1145	0.1088	0.1083	0.1190	0.1161	0.1167	0.1197	0.0901	0.0919	0.0943	0.0998	0.1150	0.1290	0.0754	0.0713	0.0781	0.0803	0.0976	0.1205	0.0485	0.0489	0.0483	0.0485	0.0557	0.0751	0.1090
2393	0.1179	0.1184	0.1153	0.1074	0.1091	0.1192	0.1164	0.1156	0.1178	0.0914	0.0933	0.0930	0.1000	0.1144	0.1301	0.0749	0.0727	0.0790	0.0800	0.0983	0.1192	0.0480	0.0475	0.0484	0.0475	0.0566	0.0735	0.1090
2394	0.1193	0.1172	0.1157	0.1058	0.1098	0.1191	0.1170	0.1147	0.1147	0.0921	0.0959	0.0927	0.1022	0.1132	0.1302	0.0750	0.0743	0.0791	0.0804	0.0976	0.1186	0.0480	0.0469	0.0472	0.0478	0.0586	0.0714	0.1113
2395	0.1198	0.1171	0.1157	0.1043	0.1099	0.1203	0.1178	0.1143	0.1128	0.0918	0.0974	0.0924	0.1038	0.1128	0.1294	0.0750	0.0745	0.0784	0.0808	0.0963	0.1184	0.0488	0.0473	0.0473	0.0475	0.0598	0.0697	0.1118
2396	0.1190	0.1186	0.1152	0.1026	0.1093	0.1232	0.1192	0.1142	0.1132	0.0896	0.0969	0.0924	0.1043	0.1139	0.1272	0.0750	0.0721	0.0763	0.0816	0.0940	0.1188	0.0506	0.0490	0.0496	0.0466	0.0593	0.0683	0.1099
2397	0.1190	0.1193	0.1148	0.1017	0.1081	0.1252	0.1199	0.1146	0.1142	0.0885	0.0971	0.0922	0.1042	0.1141	0.1259	0.0742	0.0705	0.0747	0.0828	0.0917	0.1198	0.0526	0.0494	0.0508	0.0453	0.0581	0.0683	0.1077
2398	0.1201	0.1185	0.1148	0.1020	0.1064	0.1252	0.1197	0.1155	0.1158	0.0893	0.0986	0.0914	0.1028	0.1127	0.1263	0.0721	0.0701	0.0743	0.0845	0.0902	0.1216	0.0544	0.0481	0.0506	0.0433	0.0557	0.0707	0.1049
2399	0.1204	0.1177	0.1151	0.1029	0.1049	0.1237	0.1194	0.1160	0.1171	0.0899	0.0989	0.0918	0.1023	0.1118	0.1264	0.0699	0.0700	0.0742	0.0849	0.0901	0.1221	0.0551	0.0474	0.0500	0.0423	0.0543	0.0726	0.1033
2400	0.1191	0.1172	0.1158	0.1046	0.1040	0.1205	0.1186	0.1155	0.1180	0.0899	0.0966	0.0940	0.1030	0.1119	0.1263	0.0676	0.0707	0.0748	0.0828	0.0923	0.1203	0.0542	0.0475	0.0493	0.0429	0.0549	0.0736	0.1034
2401	0.1172	0.1171	0.1171	0.1060	0.1025	0.1172	0.1178	0.1149	0.1185	0.0897	0.0945	0.0954	0.1033	0.1117	0.1264	0.0655	0.0704	0.0760	0.0810	0.0938	0.1185	0.0534	0.0479	0.0483	0.0442	0.0553	0.0740	0.1044
2402	0.1144	0.1174	0.1193	0.1073	0.1004	0.1133	0.1167	0.1145	0.1179	0.0893	0.0924	0.0953	0.1032	0.1113	0.1262	0.0637	0.0684	0.0782	0.0799	0.0946	0.1167	0.0528	0.0490	0.0469	0.0470	0.0555	0.0730	0.1067
2403	0.1131	0.1179	0.1196	0.1080	0.0993	0.1109	0.1158	0.1140	0.1170	0.0897	0.0915	0.0950	0.1033	0.1106	0.1255	0.0639	0.0672	0.0797	0.0785	0.0956	0.1157	0.0518	0.0506	0.0459	0.0485	0.0555	0.0722	0.1089
2404	0.1146	0.1185	0.1165	0.1076	0.0999	0.1115	0.1150	0.1131	0.1156	0.0919	0.0928	0.0944	0.1038	0.1096	0.1235	0.0670	0.0674	0.0798	0.0764	0.0968	0.1158	0.0502	0.0532	0.0453	0.0476	0.0551	0.0719	0.1107
2405	0.1162	0.1183	0.1133	0.1068	0.1015	0.1125	0.1137	0.1125	0.1148	0.0927	0.0941	0.0942	0.1038	0.1091	0.1226	0.0695	0.0674	0.0791	0.0761	0.0981	0.1166	0.0497	0.0542	0.0451	0.0469	0.0544	0.0715	0.1110
2406	0.1179	0.1167	0.1096	0.1048	0.1046	0.1143	0.1114	0.1122	0.1156	0.0915	0.0954	0.0952	0.1030	0.1094	0.1237	0.0705	0.0666	0.0770	0.0784	0.0995	0.1186	0.0514	0.0519	0.0453	0.0469	0.0536	0.0712	0.1087
2407	0.1193	0.1157	0.1070	0.1036	0.1068	0.1149	0.1098	0.1129	0.1160	0.0905	0.0957	0.0958	0.1018	0.1104	0.1240	0.0702	0.0657	0.0751	0.0802	0.0997	0.1208	0.0529	0.0495	0.0456	0.0471	0.0525	0.0711	0.1064
2408	0.1201	0.1159	0.1066	0.1040	0.1075	0.1135	0.1098	0.1155	0.1156	0.0898	0.0944	0.0957	0.0993	0.1123	0.1227	0.0677	0.0647	0.0734	0.0808	0.0980	0.1235	0.0542	0.0471	0.0461	0.0474	0.0505	0.0716	0.1036
2409	0.1207	0.1160	0.1066	0.1043	0.1074	0.1126	0.1101	0.1168	0.1159	0.0890	0.0938	0.0953	0.0978	0.1133	0.1222	0.0662	0.0638	0.0716	0.0808	0.0972	0.1250	0.0558	0.0459	0.0466	0.0483	0.0492	0.0714	0.1014
2410	0.1209	0.1159	0.1074	0.1043	0.1059	0.1123	0.1109	0.1156	0.1176	0.0879	0.0942	0.0943	0.0984	0.1129	0.1231	0.0664	0.0635	0.0697	0.0800	0.0978	0.1242	0.0579	0.0466	0.0470	0.0503	0.0490	0.0698	0.1006
2411	0.1200	0.1164	0.1087	0.1043	0.1054	0.1116	0.1119	0.1141	0.1185	0.0874	0.0936	0.0938	0.0989	0.1128	0.1239	0.0674	0.0634	0.0685	0.0791	0.0981	0.1226	0.0594	0.0476	0.0472	0.0514	0.0500	0.0689	0.1011
2412	0.1172	0.1178	0.1110	0.1041	0.1068	0.1105	0.1130	0.1117	0.1179	0.0882	0.0911	0.0940	0.0994	0.1130	0.1243	0.0698	0.0638	0.0689	0.0782	0.0979	0.1198	0.0595	0.0492	0.0473	0.0505	0.0531	0.0692	0.1043
2413	0.1143	0.1180	0.1129	0.1035	0.1079	0.1099	0.1134	0.1098	0.1175	0.0884	0.0890	0.0946	0.0996	0.1120	0.1235	0.0716	0.0636	0.0681	0.0773	0.0976	0.1174	0.0591	0.0499	0.0473	0.0490	0.0553	0.0697	0.1065
2414	0.1112	0.1160	0.1143	0.1019	0.1084	0.1102	0.1125	0.1089	0.1176	0.0873	0.0879	0.0955	0.0994	0.1090	0.1206	0.0724	0.0626	0.0648	0.0768	0.0971	0.1155	0.0578	0.0492	0.0474	0.0464	0.0555	0.0706	0.1066
2415	0.1098	0.1145	0.1148	0.1009	0.1079	0.1106	0.1112	0.1082	0.1170	0.0868	0.0876	0.0958	0.0989	0.1080	0.1181	0.0731	0.0626	0.0630	0.0749	0.0964	0.1147	0.0558	0.0486	0.0472	0.0445	0.0553	0.0708	0.1068
2416	0.1113	0.1137	0.1140	0.1008	0.1057	0.1112	0.1092	0.1079	0.1149	0.0873	0.0887	0.0949	0.0981	0.1105	0.1162	0.0738	0.0646	0.0643	0.0707	0.0955	0.1159	0.0525	0.0480	0.0466	0.0442	0.0542	0.0699	0.1070
2417	0.1117	0.1131	0.1130	0.1010	0.1032	0.1109	0.1079	0.1077	0.1140	0.0872	0.0898	0.0942	0.0978	0.1122	0.1153	0.0740	0.0661	0.0656	0.0686	0.0951	0.1167	0.0494	0.0471	0.0460	0.0446	0.0538	0.0696	0.1068
2418	0.1103	0.1129	0.1119	0.1020	0.1006	0.1090	0.1078	0.1075	0.1151	0.0862	0.0909	0.0939	0.0986	0.1121	0.1163	0.0734	0.0665	0.0673	0.0704	0.0957	0.1168	0.0467	0.0461	0.0454	0.0463	0.0547	0.0703	0.1058
2419	0.1094	0.1135	0.1123	0.1030	0.0993	0.1079	0.1080	0.1087	0.1161	0.0858	0.0918	0.0935	0.1000	0.1115	0.1173	0.0729	0.0654	0.0683	0.0729	0.0967	0.1162	0.0452	0.0456	0.0456	0.0476	0.0558	0.0708	0.1051
2420	0.1095	0.1154	0.1153	0.1040	0.1002	0.1080	0.1084	0.1124	0.1169	0.0862	0.0926	0.0927	0.1024	0.1096	0.1183	0.0722	0.0615	0.0682	0.0763	0.0982	0.1145	0.0460	0.0462	0.0470	0.0481	0.0572	0.0708	0.1049
2421	0.1094	0.1167	0.1170	0.1046	0.1010	0.1081	0.1091	0.1145	0.1161	0.0861	0.0930	0.0925	0.1037	0.1075	0.1190	0.0711	0.0592	0.0683	0.0780	0.0986	0.1135	0.0473	0.0464	0.0474	0.0482	0.0580	0.0707	0.1050
2422	0.1087	0.1168	0.1164	0.1047	0.1012	0.1083	0.1101	0.1137	0.1125	0.0850	0.0927	0.0936	0.1031	0.1051	0.1194	0.0692	0.0595	0.0689	0.0767	0.0968	0.1139	0.0493	0.0460	0.0458	0.0474	0.0573	0.0705	0.1059
2423	0.1078	0.1158	0.1151	0.1040	0.1004	0.1090	0.1114	0.1129	0.1112	0.0848	0.0920	0.0947	0.1021	0.1042	0.1200	0.0680	0.0597	0.0701	0.0756	0.0954	0.1142	0.0511	0.0460	0.0450	0.0468	0.0567	0.0701	0.1060
2424	0.1065	0.1127	0.1125	0.1021	0.0981	0.1106	0.1130	0.1124	0.1141	0.0861	0.0907	0.0958	0.1002	0.1061	0.1210	0.0679	0.0595	0.0722	0.0750	0.0949	0.1146	0.0527	0.0469	0.0455	0.0465	0.0564	0.0691	0.1047
2425	0.1059	0.1106	0.1109	0.1018	0.0955	0.1111	0.1137	0.1116	0.1155	0.0865	0.0894	0.0967	0.0986	0.1075	0.1213	0.0671	0.0592	0.0735	0.0743	0.0942	0.1154	0.0540	0.0470	0.0462	0.0461	0.0567	0.0686	0.1037
2426	0.1066	0.1101	0.1108	0.1044	0.0924	0.1093	0.1127	0.1099	0.1144	0.0855	0.0876	0.0974	0.0972	0.1081	0.1205	0.0651	0.0586	0.0737	0.0733	0.0934	0.1172	0.0551	0.0459	0.0472	0.0452	0.0580	0.0692	0.1034
2427	0.1073	0.1098	0.1113	0.1058	0.0905	0.1083	0.1129	0.1087	0.1133	0.0850	0.0864	0.0965	0.0965	0.1082	0.1200	0.0635	0.0589	0.0739	0.0726	0.0929	0.1183	0.0551	0.0458	0.0487	0.0437	0.0575	0.0690	0.1025
2428	0.1078	0.1096	0.1127	0.1049	0.0906	0.1085	0.1146	0.1085	0.1121	0.0856	0.0866	0.0931	0.0969	0.1074	0.1206	0.0629	0.0607	0.0744	0.0720	0.0927	0.1185	0.0532	0.0473	0.0511	0.0411	0.0538	0.0675	0.1007
2429	0.1085	0.1089	0.1128	0.1048	0.0914	0.1090	0.1143	0.1086	0.1118	0.0851	0.0860	0.0906	0.0971	0.1069	0.1205	0.0633	0.0618	0.0738	0.0717	0.0926	0.1183	0.0524	0.0490	0.0529	0.0397	0.0499	0.0667	0.1001
2430	0.1097	0.1077	0.1110	0.1061	0.0933	0.1101	0.1112	0.1093	0.1129	0.0830	0.0844	0.0898	0.0970	0.1068	0.1190	0.0657	0.0615	0.0712	0.0716	0.0929	0.1172	0.0534	0.0506	0.0533	0.0401	0.0465	0.0665	0.1014
2431	0.1102	0.1066	0.1092	0.1069	0.0950	0.1113	0.1093	0.1098	0.1145	0.0827	0.0840	0.0894	0.0968	0.1063	0.1194	0.0671	0.0611	0.0686	0.0720	0.0934	0.1172	0.0545	0.0511	0.0515	0.0407	0.0448	0.0656	0.1032
2432	0.1101	0.1057	0.1071	0.1069	0.0966	0.1125	0.1097	0.1101	0.1164	0.0856	0.0855	0.0899	0.0963	0.1053	0.1220	0.0670	0.0607	0.0660	0.0732	0.0944	0.1197	0.0566	0.0494	0.0459	0.0417	0.0456	0.0645	0.1062
2433	0.1106	0.1062	0.1067	0.1051	0.0976	0.1135	0.1106	0.1101	0.1170	0.0866	0.0873	0.0899	0.0962	0.1056	0.1243	0.0673	0.0601	0.0648	0.0739	0.0954	0.1209	0.0555	0.0478	0.0428	0.0425	0.0467	0.0638	0.1069
2434	0.1119	0.1090	0.1092	0.1010	0.0978	0.1141	0.1120	0.1099	0.1156	0.0846	0.0893	0.0891	0.0968	0.1080	0.1259	0.0681	0.0590	0.0654	0.0741	0.0962	0.1199	0.0492	0.0463	0.0430	0.0427	0.0480	0.0634	0.1039
2435	0.1128	0.1111	0.1101	0.0973	0.0973	0.1131	0.1130	0.1098	0.1130	0.0831	0.0901	0.0883	0.0972	0.1104	0.1258	0.0685	0.0581	0.0667	0.0739	0.0950	0.1186	0.0463	0.0457	0.0442	0.0427	0.0482	0.0639	0.1017
2436	0.1125	0.1117	0.1086	0.0939	0.0957	0.1099	0.1130	0.1098	0.1088	0.0814	0.0890	0.0881	0.0974	0.1121	0.1238	0.0674	0.0581	0.0690	0.0726	0.0911	0.1165	0.0486	0.0469	0.0471	0.0422	0.0467	0.0651	0.1012
2437	0.1116	0.1141	0.1084	0.0916	0.0948	0.1076	0.1124	0.1102	0.1065	0.0809	0.0891	0.0879	0.0970	0.1127	0.1224	0.0665	0.0589	0.0703	0.0724	0.0899	0.1146	0.0488	0.0460	0.0468	0.0409	0.0450	0.0664	0.0997
2438	0.1102	0.1188	0.1097	0.0906	0.0953	0.1067	0.1107	0.1116	0.1069	0.0819	0.0909	0.0875	0.0955	0.1124	0.1219	0.0667	0.0609	0.0703	0.0738	0.0929	0.1132	0.0460	0.0418	0.0418	0.0388	0.0431	0.0683	0.0969
2439	0.1105	0.1218	0.1094	0.0906	0.0966	0.1067	0.1092	0.1118	0.1078	0.0818	0.0930	0.0865	0.0948	0.1112	0.1201	0.0662	0.0632	0.0693	0.0744	0.0936	0.1126	0.0446	0.0393	0.0397	0.0375	0.0438	0.0698	0.0950
2440	0.1134	0.1218	0.1076	0.0916	0.0985	0.1088	0.1084	0.1102	0.1093	0.0811	0.0960	0.0843	0.0956	0.1078	0.1165	0.0657	0.0648	0.0670	0.0738	0.0901	0.1129	0.0448	0.0395	0.0419	0.0376	0.0484	0.0709	0.0955
2441	0.1152	0.1196	0.1050	0.0923	0.1006	0.1096	0.1069	0.1085	0.1078	0.0806	0.0971	0.0814	0.0959	0.1050	0.1144	0.0658	0.0653	0.0652	0.0727	0.0874	0.1128	0.0456	0.0406	0.0447	0.0367	0.0514	0.0699	0.0953
2442	0.1157	0.1154	0.1009	0.0946	0.1021	0.1073	0.1039	0.1065	0.1016	0.0804	0.0955	0.0792	0.0953	0.1036	0.1145	0.0664	0.0647	0.0636	0.0702	0.0869	0.1127	0.0471	0.0435	0.0477	0.0352	0.0517	0.0663	0.0933
2443	0.1159	0.1129	0.0978	0.0972	0.1039	0.1052	0.1027	0.1038	0.0979	0.0804	0.0933	0.0780	0.0945	0.1019	0.1153	0.0664	0.0630	0.0621	0.0694	0.0871	0.1147	0.0468	0.0467	0.0496	0.0354	0.0499	0.0635	0.0922
2444	0.1153	0.1134	0.0972	0.0989	0.1065	0.1042	0.1038	0.1001	0.0976	0.0798	0.0889	0.0771	0.0943	0.1001	0.1171	0.0644	0.0604	0.0612	0.0705	0.0874	0.1194	0.0451	0.0493	0.0489	0.0374	0.0455	0.0620	0.0922
2445	0.1131	0.1154	0.0987	0.0982	0.1066	0.1035	0.1033	0.0990	0.0975	0.0789	0.0850	0.0775	0.0931	0.0972	0.1194	0.0630	0.0587	0.0622	0.0729	0.0871	0.1212	0.0459	0.0506	0.0461	0.0397	0.0432	0.0592	0.0928
2446	0.1096	0.1188	0.1013	0.0950	0.1036	0.1034	0.1010	0.1006	0.0976	0.0781	0.0833	0.0804	0.0909	0.0932	0.1212	0.0630	0.0572	0.0666	0.0768	0.0870	0.1184	0.0481	0.0505	0.0428	0.0425	0.0433	0.0565	0.0933
2447	0.1073	0.1198	0.1025	0.0952	0.1015	0.1043	0.1002	0.1020	0.0985	0.0795	0.0826	0.0823	0.0903	0.0948	0.1200	0.0643	0.0585	0.0705	0.0782	0.0866	0.1144	0.0485	0.0505	0.0423	0.0438	0.0430	0.0568	0.0953
2448	0.1066	0.1164	0.1037	0.0989	0.1009	0.1058	0.1017	0.1035	0.1003	0.0829	0.0832	0.0830	0.0913	0.1042	0.1161	0.0676	0.0641	0.0734	0.0782	0.0850	0.1090	0.0482	0.0512	0.0444	0.0444	0.0429	0.0588	0.1002
2449	0.1040	0.1154	0.1042	0.1018	0.1021	0.1075	0.1048	0.1062	0.0971	0.0844	0.0824	0.0840	0.0925	0.1107	0.1137	0.0647	0.0658	0.0727	0.0756	0.0839	0.1064	0.0488	0.0503	0.0452	0.0471	0.0441	0.0602	0.1017
2450	0.0996	0.1173	0.1030	0.1038	0.1045	0.1098	0.1118	0.1093	0.0879	0.0832	0.0785	0.0842	0.0934	0.1130	0.1130	0.0547	0.0634	0.0674	0.0695	0.0822	0.1080	0.0502	0.0464	0.0425	0.0512	0.0462	0.0607	0.1000
2451	0.0966	0.1146	0.1027	0.1042	0.1050	0.1089	0.1130	0.1090	0.0850	0.0814	0.0750	0.0851	0.0909	0.1125	0.1139	0.0516	0.0640	0.0621	0.0653	0.0823	0.1106	0.0513	0.0412	0.0405	0.0520	0.0472	0.0598	0.0977
2452	0.0945	0.1071	0.1033	0.1020	0.1035	0.1042	0.1040	0.1063	0.0893	0.0789	0.0736	0.0880	0.0864	0.1082	0.1161	0.0537	0.0677	0.0573	0.0634	0.0860	0.1142	0.0514	0.0330	0.0414	0.0493	0.0466	0.0581	0.0958
2453	0.0949	0.1004	0.1039	0.1003	0.1025	0.1015	0.0985	0.1003	0.0962	0.0800	0.0727	0.0878	0.0841	0.1056	0.1169	0.0553	0.0674	0.0560	0.0641	0.0883	0.1147	0.0510	0.0309	0.0422	0.0452	0.0453	0.0576	0.0959
2454	0.0975	0.0968	0.1041	0.0993	0.1023	0.1012	0.0970	0.0910	0.1049	0.0850	0.0723	0.0838	0.0824	0.1041	0.1157	0.0592	0.0611	0.0580	0.0662	0.0894	0.1124	0.0497	0.0381	0.0452	0.0393	0.0444	0.0583	0.0951
2455	0.0962	0.0980	0.1042	0.0987	0.0982	0.1002	0.0943	0.0882	0.1064	0.0855	0.0741	0.0804	0.0826	0.1028	0.1155	0.0619	0.0555	0.0649	0.0667	0.0936	0.1108	0.0510	0.0419	0.0477	0.0328	0.0449	0.0567	0.0930
2456	0.0918	0.1035	0.1042	0.1016	0.0911	0.1002	0.0922	0.0937	0.1011	0.0814	0.0762	0.0790	0.0858	0.1016	0.1166	0.0618	0.0515	0.0761	0.0676	0.0993	0.1097	0.0564	0.0416	0.0457	0.0259	0.0462	0.0519	0.0900
2457	0.0910	0.1058	0.1053	0.1035	0.0893	0.1022	0.0951	0.0986	0.1018	0.0781	0.0744	0.0785	0.0928	0.1018	0.1159	0.0632	0.0516	0.0797	0.0659	0.0997	0.1112	0.0600	0.0443	0.0415	0.0247	0.0479	0.0494	0.0900
2458	0.0931	0.1042	0.1103	0.1024	0.0915	0.1045	0.1037	0.1009	0.1068	0.0753	0.0704	0.0785	0.1021	0.1044	0.1119	0.0670	0.0541	0.0770	0.0627	0.0975	0.1135	0.0604	0.0523	0.0367	0.0279	0.0498	0.0496	0.0946
2459	0.0883	0.1058	0.1132	0.1017	0.0928	0.1042	0.1064	0.1034	0.1072	0.0769	0.0688	0.0795	0.1071	0.1044	0.1088	0.0648	0.0526	0.0725	0.0599	0.0942	0.1202	0.0587	0.0566	0.0341	0.0310	0.0521	0.0502	0.0940
2460	0.0796	0.1080	0.1110	0.1024	0.0929	0.1002	0.1029	0.1053	0.1053	0.0839	0.0676	0.0825	0.1072	0.1022	0.1096	0.0569	0.0492	0.0665	0.0580	0.0880	0.1291	0.0547	0.0561	0.0355	0.0369	0.0552	0.0498	0.0882
2461	0.0784	0.1107	0.1110	0.1021	0.0917	0.0984	0.0997	0.1034	0.1042	0.0796	0.0651	0.0885	0.1047	0.0986	0.1114	0.0514	0.0505	0.0610	0.0575	0.0880	0.1295	0.0527	0.0546	0.0375	0.0433	0.0574	0.0530	0.0916
2462	0.0829	0.1146	0.1135	0.0983	0.0895	0.1022	0.0970	0.0973	0.1057	0.0658	0.0618	0.0951	0.1008	0.0929	0.1143	0.0483	0.0573	0.0550	0.0576	0.0936	0.1255	0.0570	0.0502	0.0371	0.0448	0.0607	0.0598	0.1053
2463	0.0888	0.1095	0.1130	0.1006	0.0912	0.1043	0.0977	0.0943	0.1118	0.0590	0.0619	0.0970	0.0965	0.0960	0.1157	0.0442	0.0587	0.0491	0.0581	0.0958	0.1202	0.0623	0.0545	0.0357	0.0425	0.0556	0.0619	0.1102
2464	0.0921	0.1002	0.1098	0.1094	0.0960	0.1007	0.0957	0.0936	0.1179	0.0575	0.0680	0.0963	0.0902	0.1053	0.1163	0.0390	0.0561	0.0428	0.0535	0.0944	0.1160	0.0655	0.0649	0.0331	0.0401	0.0419	0.0589	0.1054
2465	0.0934	0.0994	0.1042	0.1137	0.0952	0.1026	0.0929	0.0975	0.1151	0.0578	0.0765	0.0972	0.0905	0.1056	0.1158	0.0469	0.0589	0.0486	0.0486	0.0994	0.1156	0.0620	0.0632	0.0410	0.0375	0.0386	0.0603	0.1032
2466	0.0956	0.1039	0.0971	0.1146	0.0904	0.1111	0.0927	0.1050	0.1068	0.0591	0.0836	0.1006	0.0981	0.0992	0.1126	0.0598	0.0623	0.0638	0.0468	0.1079	0.1161	0.0530	0.0549	0.0558	0.0375	0.0409	0.0683	0.1065
2467	0.0951	0.1035	0.0902	0.1155	0.0936	0.1129	0.0936	0.1042	0.1060	0.0643	0.0815	0.1045	0.1011	0.0929	0.1141	0.0600	0.0708	0.0689	0.0496	0.1020	0.1151	0.0479	0.0479	0.0564	0.0405	0.0430	0.0682	0.1037
2468	0.0937	0.1005	0.0835	0.1175	0.1021	0.1103	0.0954	0.1033	0.1141	0.0712	0.0714	0.1054	0.1022	0.0928	0.1175	0.0556	0.0843	0.0672	0.0570	0.0889	0.1107	0.0486	0.0422	0.0507	0.0445	0.0490	0.0622	0.0925
2469	0.1010	0.0957	0.0764	0.1163	0.1044	0.1099	0.1045	0.1018	0.1208	0.0770	0.0665	0.1020	0.0999	0.0982	0.1135	0.0489	0.0888	0.0693	0.0571	0.0750	0.1054	0.0492	0.0396	0.0448	0.0472	0.0449	0.0591	0.0900
2470	0.1074	0.0903	0.0691	0.1128	0.1013	0.1097	0.1198	0.0955	0.1237	0.0817	0.0694	0.0984	0.0953	0.1023	0.1072	0.0435	0.0886	0.0704	0.0507	0.0627	0.1038	0.0451	0.0364	0.0392	0.0492	0.0383	0.0573	0.0951
2471	0.1106	0.0842	0.0735	0.1078	0.1001	0.1057	0.1165	0.0897	0.1247	0.0847	0.0772	0.0941	0.0820	0.1006	0.1093	0.0386	0.0831	0.0741	0.0439	0.0645	0.1005	0.0463	0.0394	0.0386	0.0547	0.0429	0.0536	0.1015
2472	0.1175	0.0756	0.0828	0.1031	0.1009	0.0993	0.1025	0.0820	0.1229	0.0886	0.0894	0.0836	0.0668	0.0968	0.1159	0.0346	0.0732	0.0775	0.0425	0.0721	0.0935	0.0508	0.0451	0.0397	0.0590	0.0447	0.0476	0.1071
2473	0.1128	0.0684	0.0957	0.1035	0.1042	0.0922	0.0952	0.0781	0.1188	0.0838	0.0931	0.0815	0.0724	0.1023	0.1199	0.0470	0.0623	0.0783	0.0421	0.0698	0.0960	0.0493	0.0466	0.0432	0.0478	0.0393	0.0518	0.1084
2474	0.1042	0.0627	0.1077	0.1005	0.1098	0.0856	0.0895	0.0783	0.1134	0.0682	0.0900	0.0832	0.0837	0.1110	0.1215	0.0681	0.0562	0.0868	0.0367	0.0640	0.1052	0.0492	0.0501	0.0499	0.0352	0.0365	0.0569	0.1103
2475	0.1061	0.0659	0.1011	0.0937	0.1175	0.0917	0.0900	0.0828	0.1247	0.0686	0.0810	0.0867	0.0858	0.1281	0.1155	0.0899	0.0499	0.0987	0.0431	0.0701	0.0999	0.0602	0.0527	0.0469	0.0269	0.0377	0.0631	0.1111
2476	0.1152	0.0694	0.0924	0.0861	0.1290	0.1028	0.0913	0.0886	0.1414	0.0838	0.0680	0.1012	0.0834	0.1450	0.1090	0.1031	0.0334	0.1092	0.0549	0.0808	0.0881	0.0790	0.0519	0.0371	0.0213	0.0369	0.0741	0.1058
2477	0.1125	0.0610	0.0902	0.0668	0.1289	0.1166	0.0912	0.0965	0.1320	0.0854	0.0756	0.1021	0.0835	0.1361	0.1061	0.1039	0.0279	0.1070	0.0634	0.0828	0.0892	0.0884	0.0505	0.0348	0.0296	0.0448	0.0673	0.0979
2478	0.1031	0.0465	0.0865	0.0500	0.1225	0.1247	0.0994	0.1048	0.1198	0.0793	0.0938	0.0964	0.0879	0.1211	0.0982	0.1070	0.0353	0.1026	0.0737	0.0812	0.0945	0.0860	0.0429	0.0316	0.0389	0.0542	0.0618	0.0872
2479	0.0949	0.0632	0.0920	0.0629	0.1277	0.1201	0.0950	0.1011	0.1167	0.0673	0.1011	0.0996	0.0955	0.1185	0.1081	0.1043	0.0414	0.0973	0.0707	0.0830	0.1057	0.0777	0.0364	0.0290	0.0418	0.0421	0.0694	0.0657
2480	0.0849	0.0987	0.1027	0.0772	0.1360	0.1173	0.0824	0.0983	0.1111	0.0581	0.1035	0.1010	0.1044	0.1195	0.1228	0.0991	0.0443	0.0884	0.0620	0.0866	0.1147	0.0629	0.0390	0.0339	0.0427	0.0258	0.0733	0.0454
2481	0.0947	0.1054	0.1110	0.0963	0.1370	0.1209	0.0798	0.0995	0.0996	0.0487	0.0926	0.0958	0.0983	0.1015	0.1287	0.0876	0.0481	0.0766	0.0725	0.0933	0.1004	0.0553	0.0349	0.0289	0.0531	0.0238	0.0802	0.0361
2482	0.1058	0.0977	0.1174	0.1153	0.1349	0.1255	0.0740	0.1015	0.0879	0.0327	0.0805	0.0857	0.0851	0.0800	0.1350	0.0740	0.0514	0.0618	0.0907	0.0976	0.0854	0.0582	0.0238	0.0214	0.0643	0.0260	0.0895	0.0343
2483	0.0991	0.1005	0.1218	0.1165	0.1246	0.1227	0.0753	0.1169	0.0862	0.0344	0.0870	0.0786	0.0858	0.0826	0.1326	0.0589	0.0519	0.0587	0.0967	0.0965	0.0863	0.0536	0.0312	0.0416	0.0695	0.0365	0.0906	0.0459
2484	0.0893	0.0989	0.1235	0.1185	0.1145	0.1273	0.0855	0.1286	0.0925	0.0504	0.0930	0.0805	0.0876	0.0876	0.1298	0.0444	0.0512	0.0644	0.0965	0.0990	0.0892	0.0455	0.0411	0.0626	0.0761	0.0511	0.0862	0.0606
2485	0.0884	0.0921	0.0965	0.1079	0.1047	0.1448	0.0893	0.1293	0.0930	0.0532	0.0990	0.0832	0.0850	0.0915	0.1269	0.0303	0.0612	0.0822	0.1034	0.0951	0.1039	0.0379	0.0255	0.0593	0.0783	0.0583	0.0776	0.0785
2486	0.0938	0.0866	0.0667	0.0918	0.0895	0.1532	0.0877	0.1311	0.0874	0.0467	0.1051	0.0812	0.0788	0.1012	0.1240	0.0144	0.0689	0.1105	0.1063	0.0790	0.1232	0.0287	0.0095	0.0527	0.0776	0.0547	0.0662	0.0896
2487	0.1016	0.0861	0.0775	0.0921	0.0683	0.1514	0.1071	0.1372	0.0736	0.0570	0.0985	0.0862	0.0667	0.1164	0.1237	0.0362	0.0552	0.1298	0.0956	0.0684	0.1267	0.0283	0.0137	0.0418	0.0732	0.0501	0.0732	0.0803
2488	0.1109	0.0909	0.0929	0.0910	0.0475	0.1580	0.1312	0.1431	0.0661	0.0661	0.0896	0.0987	0.0688	0.1342	0.1284	0.0680	0.0425	0.1321	0.0844	0.0639	0.1308	0.0291	0.0252	0.0324	0.0643	0.0531	0.0906	0.0819
2489	0.1141	0.0811	0.0730	0.0824	0.0475	0.1569	0.1204	0.1169	0.0630	0.0745	0.0927	0.1126	0.0893	0.1228	0.1310	0.0836	0.0327	0.1181	0.0805	0.0837	0.1277	0.0301	0.0333	0.0387	0.0705	0.0247	0.0863	0.1143
2490	0.1169	0.0701	0.0451	0.0772	0.0583	0.1435	0.1013	0.0852	0.0491	0.0839	0.0987	0.1172	0.1009	0.1017	0.1304	0.0940	0.0220	0.1015	0.0817	0.1156	0.1148	0.0310	0.0455	0.0458	0.0827	0.0000	0.0770	0.1383
2491	0.1056	0.0553	0.0397	0.0776	0.0735	0.1298	0.0880	0.0798	0.0551	0.0813	0.0842	0.1076	0.1026	0.1050	0.1340	0.0710	0.0283	0.0910	0.0795	0.1070	0.1133	0.0286	0.0514	0.0473	0.0740	0.0028	0.0809	0.1225
2492	0.0873	0.0453	0.0444	0.0791	0.0882	0.1199	0.0809	0.0815	0.0655	0.0717	0.0659	0.0906	0.1065	0.1136	0.1285	0.0479	0.0534	0.0903	0.0765	0.0871	0.1140	0.0309	0.0401	0.0512	0.0606	0.0261	0.0856	0.0933
2493	0.0807	0.0530	0.0335	0.0762	0.1045	0.1011	0.0757	0.1019	0.0782	0.0521	0.0722	0.0570	0.1023	0.1059	0.1126	0.0590	0.0862	0.0826	0.0736	0.1036	0.1231	0.0474	0.0253	0.0698	0.0477	0.0513	0.0720	0.0577
2494	0.0724	0.0588	0.0251	0.0742	0.1185	0.0927	0.0664	0.1201	0.0926	0.0385	0.0871	0.0340	0.0880	0.0991	0.1039	0.0749	0.1046	0.0741	0.0650	0.1283	0.1399	0.0674	0.0246	0.0856	0.0458	0.0662	0.0525	0.0313
2495	0.0598	0.0684	0.0426	0.0642	0.1064	0.1425	0.0592	0.1023	0.1125	0.0352	0.0981	0.0507	0.0838	0.1317	0.1141	0.0846	0.1026	0.0810	0.0418	0.1241	0.1518	0.0707	0.0294	0.0733	0.0570	0.0475	0.0512	0.0260
2496	0.0534	0.0849	0.0534	0.0607	0.0776	0.2043	0.0610	0.0861	0.1397	0.0371	0.0991	0.0780	0.0802	0.1709	0.1300	0.0871	0.0806	0.0773	0.0277	0.1010	0.1568	0.0683	0.0258	0.0573	0.0645	0.0255	0.0601	0.0285
2497	0.0716	0.1051	0.0641	0.0752	0.0727	0.2326	0.0895	0.0792	0.1171	0.0347	0.0808	0.1011	0.0967	0.1647	0.1068	0.1056	0.0541	0.0620	0.0290	0.0763	0.1508	0.0600	0.0252	0.0406	0.0755	0.0220	0.0773	0.0452
2498	0.0906	0.1069	0.0869	0.0763	0.0859	0.2316	0.1283	0.0739	0.0890	0.0366	0.0601	0.1085	0.1256	0.1424	0.0650	0.1338	0.0542	0.0488	0.0176	0.0532	0.1409	0.0467	0.0255	0.0203	0.0716	0.0412	0.0913	0.0625
2499	0.0865	0.0848	0.1148	0.0552	0.0846	0.1941	0.1678	0.0981	0.0868	0.0541	0.0552	0.0960	0.1238	0.1099	0.0439	0.1489	0.0765	0.0441	0.0000	0.0516	0.1084	0.0370	0.0266	0.0058	0.0524	0.0729	0.0997	0.0717
2500	0.0812	0.0661	0.1484	0.0482	0.0837	0.1443	0.1808	0.1132	0.0788	0.0586	0.0597	0.0982	0.1192	0.0721	0.0347	0.1537	0.0974	0.0488	0.0000	0.0615	0.0917	0.0258	0.0294	0.0052	0.0432	0.0899	0.0999	0.0740
