"ID","Cab","Car","Anth","LMA","EWT","N","LIDFa","LAI","tto","B1","B2","B3","B4","B5","B6","B7","B8","B8A","B9","B11","B12"
1,47.7627627438645,9.04749558934708,0.344093415420502,0.0143911768117729,0.0148300733992194,2.00331580801867,43.2811544742435,3.21508665918373,24.7165348415729,0.0167670660826706,0.0263162632312058,0.0643422922839577,0.0178398483892393,0.0882264143851214,0.322999847685927,0.400862872498304,0.402414526923481,0.402771233770096,0.394970996996692,0.188072530750278,0.0647954647062392
2,29.897230751775,5.79559258794188,2.75624027301092,0.0146358300470249,0.0146963705786084,1.78377741179429,51.1117086000741,4.92786056781188,26.228546340717,0.0150872551029452,0.0259366196984993,0.0599185102744829,0.019319865564717,0.108793623713914,0.331648331562758,0.391924105116015,0.392107599352583,0.391679227211508,0.380703028950031,0.163412990545431,0.0510969007277863
3,26.5959547128076,4.77037878597908,3.83710557979066,0.0161226588820948,0.015612102974798,1.79015480680391,42.4536186270416,2.71596224233508,15.7858671422582,0.018744373080762,0.0311071572748093,0.0639682613557712,0.0264235164006611,0.128629461470789,0.327746068109353,0.369880334522191,0.371952599725632,0.372800208505957,0.36714161439504,0.175677031090706,0.0582391578626416
4,48.9090795074528,10.371154485651,1.44794690783601,0.0162713674362685,0.0141867499849871,2.29139155428857,64.0951956808567,2.8746438070666,25.013220742112,0.0161668421530154,0.0231026372910294,0.0509277930017611,0.0220343769858687,0.0767358234886332,0.248352789015104,0.304844015107333,0.308021838322374,0.309551351938904,0.307582891903938,0.166263019611224,0.0696943258033131
5,62.100405479987,11.079045258041,2.29934737889562,0.0155547964629132,0.0151433182774628,2.25356508325785,42.6848507672548,2.79835397633724,23.0059385066852,0.0175072846080824,0.0237846110974914,0.0493859798876618,0.0181428987258804,0.0778647622102319,0.306254204595939,0.391749414194409,0.393843336850181,0.394515346259524,0.38838199181284,0.194266794758507,0.0706839957834212
6,46.3314028271855,8.84994469381391,3.67340595996939,0.0145952096305548,0.0150593947931426,1.73162535508163,61.0289702937007,4.09322090027854,26.9066845590714,0.0130452093394708,0.01728011820371,0.0353363596903858,0.014067492326958,0.0667969959835195,0.267589005240206,0.340927635982684,0.342092183913209,0.342238186745139,0.333825255500246,0.144771640680182,0.0468763708382774
7,53.9788534364559,10.6641647404647,2.97427428828087,0.0149314398262327,0.0154975905297311,1.90240998519585,51.9425209891051,2.39210207061842,17.937245266512,0.0186809579636714,0.0234418685055055,0.0452023177436807,0.0218297393974906,0.0767657426219078,0.277120155791859,0.34436123649078,0.347851767799353,0.34947500401678,0.346587058206398,0.180732843170432,0.0693992844436535
8,59.9318203306322,11.5457297761731,3.8976405991707,0.013060587550367,0.0135360862286436,1.7778061660938,39.7645736858249,3.22652472229674,24.5668786705937,0.0170521016626553,0.0202508786836629,0.0376645437012707,0.0161645506635588,0.0691202480735355,0.313565608611179,0.412805447454744,0.414594229643301,0.414991102793685,0.407310372839427,0.195739543470416,0.0663022379087749
9,45.8459262598393,9.78249144673684,3.96226482850034,0.014537783598989,0.0148012729685287,2.00745420204476,46.2125361058861,2.6843993156217,25.058522131294,0.0175456361803581,0.0233394503761115,0.0488320618432517,0.0200366585063026,0.0909243025012452,0.310924440987083,0.378404056729651,0.380804584872279,0.381753122336308,0.376454798455243,0.188876135567845,0.0683734444491229
10,39.9142871381778,7.53669167018585,1.41534082358703,0.0148047391513247,0.0149225738987229,1.84624479338527,62.9532421566546,4.88044062745757,26.6898738755845,0.0121274966707083,0.0198435576962446,0.0480118506132243,0.0138829244572103,0.0742189729577947,0.273231402022469,0.341461301900168,0.341981246288254,0.341749842449437,0.332014670287317,0.139931526543517,0.0449193416965854
11,25.5767728361529,5.29549358779535,2.01098837563768,0.0146450409171575,0.0154793195907485,1.9546394678764,58.9352695737034,4.81930008158088,25.0977863499429,0.0141577793022065,0.028213112432793,0.0686472580135364,0.0216715511550204,0.114478871475236,0.31600927895181,0.36591816178795,0.366247528230862,0.365954130187621,0.355397048887498,0.15118374661054,0.0492453527109169
12,39.2385842223027,8.39385763948747,1.96223353233654,0.0162942518721128,0.0139275208935084,1.79796831239946,66.1802535131574,3.61311996704899,15.4741831007414,0.0140216930763152,0.020142339040044,0.0448306063341695,0.0189960448453253,0.0734363541416143,0.238651015388105,0.289702193438949,0.292318606813857,0.293515499495461,0.290337487613801,0.143636029953833,0.0545237095986345
13,42.3113338691516,9.07487257179192,4.46058205724694,0.0122252984665503,0.0146960005091118,1.8589619838167,67.7930081635714,2.81723183905706,15.1429566869047,0.0180735249637115,0.022845337875704,0.0410099080193728,0.0271232560663394,0.0776758697461306,0.237928995114202,0.290346389629445,0.29519300991965,0.297719419358314,0.297781601833296,0.168882894029458,0.0791965729115976
14,39.3617901836634,8.3687385889021,1.79614989913534,0.0146772583656293,0.0160794584109554,1.76797412219457,69.6115570608526,4.43866241769865,17.7596882230137,0.0118914378349245,0.0174279557954806,0.03997154649661,0.0159490148869069,0.0650676132153577,0.229647471681221,0.286550618526917,0.288469973971812,0.289154437649321,0.282673881958687,0.123845204998318,0.0456019995921707
15,31.9895781732325,6.27532431585147,0.764741575112566,0.0140302114306044,0.01375288436114,2.27710081962869,51.9783953856677,2.6895521862898,18.0459095549304,0.0183933354648268,0.0357770967198379,0.0862944826782125,0.0271292884933038,0.120330820935454,0.321544982097319,0.370743740518727,0.373445066564907,0.374675568953186,0.370850995791231,0.197700679360128,0.0783451387608111
16,6.40235454411626,1.39832491105562,2.62274032551795,0.0135428403181663,0.0139416203028739,2.45126661844552,46.2812719959766,2.87598572601564,27.0845151564572,0.0493108363085868,0.0882072266086199,0.143748992565341,0.109356438314848,0.275775330331153,0.391030544066434,0.404851745932529,0.406524013464607,0.407231866203809,0.401185318572616,0.208289416937308,0.0814281966435329
17,44.7798680763128,9.44506690416894,3.25455519254319,0.0166756503942607,0.0167365859138797,1.70063138869591,47.7994194254279,4.05462088529021,20.6971761176828,0.0154397913863195,0.0201064206335729,0.0429736542907783,0.0156356038979981,0.0788393829604551,0.298647003248511,0.370850655847799,0.371589851347542,0.371450434188931,0.361567782715486,0.151229714153578,0.0443192998451258
18,37.8769776947156,6.69371215186077,1.55391497618984,0.0127471312810007,0.0149927009466244,1.7820527148433,31.0680276714265,3.60199635801837,21.2427138711791,0.0181900393545587,0.0298268944493948,0.069177793473576,0.0197736077020943,0.1081199237777,0.367210365347934,0.443974383680794,0.444967603814753,0.444929132748732,0.43428791921153,0.197727862333846,0.0651026665088366
19,55.0158083466606,10.4395691706541,3.99105257971678,0.0158751449915867,0.0164972359315544,2.42795973364264,63.8174843043089,3.75570816942491,20.6963656540029,0.0134479412096463,0.0188024416552343,0.0387276181620186,0.0164839978215765,0.0686786928259938,0.253880382904143,0.325735177927049,0.327661893112868,0.328283718538104,0.321824666311537,0.151527887144675,0.0578578039134069
20,44.2556511840491,8.61870625822067,2.16594127728604,0.0139838344329209,0.0151571173395301,2.32489908742718,66.11691782251,3.38387610064819,18.6573818942998,0.014707332952161,0.0225421523920682,0.0490313389431366,0.0208299926253637,0.0784755623742132,0.254592793155407,0.314226424202275,0.317192145127905,0.318526244949036,0.314645884202633,0.160326242989568,0.0672168300409987
21,45.2211205741885,9.39755313963684,0.476342156413011,0.0155969235038797,0.0167444647214013,1.77388487942517,40.4004736896604,4.56587327830493,25.3755242738407,0.016419507650751,0.0242116164175864,0.0610261159711454,0.0164125283931204,0.0856100365365707,0.325531436774961,0.407014121745808,0.407353213370657,0.406887123448284,0.394951428712096,0.165297618803355,0.0496813897681463
22,64.5218219339698,13.106462656222,3.95991606730968,0.0142203779479402,0.0163802550870756,1.72682979283854,66.7344233766198,3.96402122429572,25.8187228208408,0.0123959554716648,0.0144096944509509,0.0255053040932644,0.013918906260752,0.046332895728904,0.222824484334137,0.307859362712156,0.309748476844554,0.310263254199656,0.302798504911469,0.131067758013107,0.0459611467299632
23,21.0358149156192,4.73500649749751,0.328949564835057,0.0148384164541897,0.0138759973411927,2.13746665627696,57.3844643961638,3.47746673133224,26.0110120719764,0.0174412007853562,0.0410596540488824,0.106524249831503,0.031206239709321,0.138997107316906,0.321696518447962,0.358565533021771,0.360030248827297,0.360551966807018,0.354312909148428,0.172388223048209,0.0624710383644905
24,51.0550065429073,10.406813112902,0.735315287369303,0.0141906921523872,0.0128755247382281,1.76644254359417,38.6719848588109,2.97326555429026,25.8918665314559,0.0175171506777363,0.0237293443601073,0.0551439369601743,0.0174500393463552,0.08001274533989,0.31784997413921,0.399583258901172,0.401495196621663,0.402091412061076,0.39602766348518,0.196560405474758,0.0663632608690465
25,48.2512970694092,9.53782142877768,0.779954037861899,0.0143101345225569,0.0147759310079048,1.98887070221826,34.2030101455748,3.63397919642739,21.7257351544686,0.0175824290001587,0.0265192877808328,0.0646663466132989,0.0179443090452695,0.0924413086859709,0.345092701252799,0.431128385395026,0.432122752894415,0.432076591617013,0.422438606917812,0.19734451552721,0.0665701133305563
26,71.181402591176,14.2795862555411,1.51555454358459,0.014819323515952,0.0155371562896093,1.63366630277596,38.5957675427198,4.08460917300545,18.917144543957,0.0167300594344534,0.018986579513891,0.0351789036406797,0.0148523976571407,0.0543784600796896,0.292317638031186,0.406778557422171,0.407798909698247,0.407589996770408,0.396932677954176,0.170179149279281,0.0508553951241192
27,33.9824104918771,5.81294322669909,0.349187513929792,0.0138975327099981,0.0142412752809488,1.5892029250972,54.2129908688366,4.50156332110055,21.3258742529433,0.014390705851884,0.026497886477252,0.0656585114793672,0.0162481590881946,0.0900657248230203,0.309936946283537,0.375882166059095,0.376560165540803,0.376417861231314,0.36652427127848,0.156618182983629,0.0479254143954844
28,10.0907570492234,2.44102974152212,0.910064418101683,0.0154208352342422,0.0140812858033959,2.48785396828316,67.1783291082829,2.74714573356323,17.967318847077,0.0306232162391099,0.0620022488597582,0.122495444779539,0.065273648253396,0.173029127550271,0.273132465715099,0.288834203118587,0.292995616485792,0.29528641881,0.29582532644513,0.17441475557836,0.0829811488297567
29,64.8372955860148,13.6281783999565,2.68117444391828,0.0149916178413308,0.0142670104204304,1.81975739519112,36.9166058767587,4.34850975940935,27.2858430817723,0.0168807069472467,0.0197903582016199,0.0389304338015376,0.015239325843835,0.0651584054835225,0.311557257088874,0.420614779098847,0.421355688885442,0.421036912764624,0.410766677041255,0.185444345386326,0.0589827520755397
30,27.0878551551408,5.51673161019776,1.8285682926653,0.0150330032767412,0.0180797374005516,2.48268402321264,33.2375190872699,2.72768399724737,29.5220273605082,0.0213823696451777,0.0446119571955525,0.103422124715228,0.0345782057466474,0.158446823677458,0.378546125162815,0.425025043968217,0.426451234877012,0.426823965744977,0.417993429634494,0.20052791803431,0.0734303190062694
31,52.8760876457685,10.5095433840335,3.37303050421178,0.0142330710262,0.0125274902970054,2.17659157188609,45.337791480124,2.9073504479602,24.8564236157108,0.0170242954635308,0.0231168527527621,0.049051404992777,0.0184734248253833,0.085164540248143,0.315162535189771,0.394939218462994,0.397057409584889,0.397806154972036,0.392731830471362,0.205919446077439,0.0770866220825715
32,71.2902103696942,14.7081401424236,4.20495045371354,0.0130849413679698,0.0136340494902825,1.74269784940407,39.7081435285509,2.47760212793946,26.5690356516279,0.018557476864746,0.0204622860795071,0.0338648516120872,0.0183244653757989,0.0607302781420493,0.291126104651046,0.389895733880108,0.392910432708239,0.394082288605262,0.38949710852478,0.199969550095286,0.0713518946395361
33,68.9726514651031,13.7846600867822,0.655344698578119,0.016340435118132,0.0145092523157202,1.70593618531711,54.1956001799554,4.542302506743,20.8410812763032,0.0140887043424012,0.0168179145633909,0.0342140476841291,0.012987814676545,0.0498087305875706,0.258461433376786,0.35862964275921,0.359516588093777,0.359352336572535,0.350427746491336,0.151192723566778,0.0455424118624574
34,47.5578922529139,9.37343385423992,1.61931123118848,0.013272968769648,0.0153171012182986,1.88552740891464,61.0836642049253,2.29936968884431,29.3292076396756,0.0191413828397088,0.0255200730555201,0.051384308093053,0.0255236993135143,0.0797240867648599,0.258771432870145,0.315568661854172,0.319805267866948,0.321950937651812,0.320845491305801,0.177868460781076,0.076989712048373
35,52.6817644030406,10.2246838158958,1.76131930283736,0.0153453283231882,0.0153255037296174,1.99994845991023,43.9376626349986,3.10700506600551,20.8485409396235,0.0168222373748016,0.0233222238811519,0.0519095591422446,0.0174248181808014,0.0808952757708821,0.309461929864014,0.388788656467845,0.390504337279521,0.390959850072534,0.383700700423634,0.182180910952831,0.0620352581902881
36,27.8536361471647,5.03169186067024,0.338768988498487,0.0133472504045001,0.0146194713370988,1.70608165953308,66.447217296809,4.79237929242663,20.5994801188353,0.0121203926106929,0.0256004257857413,0.0649861293217093,0.0170712469799722,0.0882569936544121,0.272962802673932,0.324926275890707,0.32595354065974,0.326098125464997,0.317311414274127,0.134270947554948,0.0449437440781917
37,64.9512768843051,14.0933252435388,0.81158954591956,0.0163720011000434,0.0157976891804885,2.39899660623632,47.6560830604285,2.09566810703836,19.0073077543639,0.020560050867961,0.0265274020030541,0.0565585125906285,0.0242941615740882,0.0805711507354797,0.282955964885853,0.354289872129248,0.357985351797288,0.359728921535394,0.357727565577007,0.198024218630798,0.0816394111808028
38,50.4679288566928,11.4173664666227,2.58951490768231,0.0153083725268033,0.0155487835947803,2.28697984176688,61.0330973286182,4.38760814070702,28.1154187233187,0.012780696656802,0.0182583349885304,0.0437311344446781,0.0144090765250751,0.0724501753920135,0.276294227730247,0.354186898775833,0.355006039995442,0.354911327274902,0.345720651106228,0.154110440565375,0.0539207746878493
39,47.8782775306709,10.4032741041499,0.747382091009058,0.0155468264739403,0.0147536130351829,1.74495689640753,38.1873820815235,2.49491245043464,28.4412913955748,0.0186222529945058,0.0250261608649626,0.058697138495925,0.0195798121914133,0.0852012247782504,0.308521054205782,0.376826237212101,0.379285582968648,0.380273356562989,0.375314588290209,0.185425492731628,0.0622716452000189
40,71.1513217307064,14.0608050119647,2.42661233979743,0.0162290531246665,0.013800016689657,1.90552802174352,45.2825766149908,4.15991882956587,24.8169564956333,0.0157011442244198,0.0184986803481984,0.0356157486735382,0.0143011643776897,0.0577436815510437,0.28517849423123,0.39091635367301,0.391861553120692,0.391719448597237,0.383120985924077,0.1761881431462,0.0564776252014715
41,62.6645470757024,12.5278128246919,1.01184492011089,0.0131507633243321,0.0160722503410216,2.03768128762022,69.8998223803937,2.68448033300228,22.0638240070548,0.018818452632002,0.0232934763102956,0.041956497574665,0.0280377252640783,0.0625795757300117,0.212168609236577,0.275023831751017,0.280087304718384,0.282703863638813,0.283146368242805,0.163937418541116,0.0812696747656412
42,43.1451853119811,9.65078521154044,2.75331187807024,0.0151070037952822,0.01511211524869,2.22390809864737,57.7378164790571,2.16439856751822,28.9304134680424,0.0201514223575164,0.027693354012679,0.0575517452618671,0.0279460175237365,0.095164782566861,0.274226679990107,0.324366905410635,0.328414513647991,0.330487433084453,0.32972875861054,0.187660665840764,0.0816961983568772
43,60.0748360503386,11.0233089992979,1.14109897683375,0.0143372842213437,0.0163300927295188,1.62717487872578,46.0824428219348,4.42967468244024,23.404647189891,0.0155136603489925,0.0193941486843929,0.0397375810019818,0.014157467517577,0.0601308007816641,0.294138739740975,0.397247387640285,0.397984547591236,0.397639163039478,0.385812446467077,0.158711548145541,0.0470830982436245
44,65.7052520293609,12.3834839132274,3.02592606609687,0.0144793146932598,0.0159419663932456,2.22303146985359,36.6510580852628,4.53387449262664,17.8537770628463,0.0169660540752476,0.0219328895207912,0.0453176822086428,0.0159676519308127,0.0752208228068302,0.329544752751751,0.442596377285796,0.443250046084703,0.442802988283157,0.430846426592271,0.195631564969388,0.0678077817013961
45,26.5497585284378,5.01569047288777,1.82927034411114,0.0154681448966005,0.0165334430224299,1.71462496044114,68.0145205650479,2.5941534715239,28.5233960731421,0.0185530507537584,0.0298956003669378,0.0613659141198871,0.0303310311674124,0.0991285686489616,0.239206483175898,0.271019467097808,0.275041428468303,0.277181311179582,0.276470334909735,0.150594736353691,0.0680644653921762
46,59.3565668073538,11.2604767721136,2.02862456731964,0.016263443392927,0.015675313327973,1.71985330153257,62.6052732486278,2.72112536476925,27.4191306845751,0.016572387848791,0.0202458956056933,0.0372389087522425,0.0204475519612135,0.0595143348256825,0.231761129033531,0.296955492215678,0.300289068606373,0.30185323629223,0.299348583435794,0.152374501100066,0.0594881885287628
47,27.5367892870176,5.88607314887726,1.10913208813872,0.015846196308571,0.015295930227756,1.72720566624776,44.6341281104833,4.0846517062746,19.8899191408418,0.0165738226216925,0.0309893913195321,0.080084098371069,0.0219793260586772,0.119789554994452,0.336516087896351,0.388010075708034,0.388578436215595,0.38843703211296,0.378829167212713,0.164841623125368,0.0499882064277711
48,68.9719974264445,14.0538118389679,4.35379167704377,0.0150637501511077,0.0158384064714909,2.25551769766025,43.168529374525,2.89945279038511,19.5279179583304,0.0172463891718401,0.0208332938616192,0.0400098575306976,0.0173236851462674,0.0710521801285001,0.301351578195078,0.396391659876109,0.398468608951545,0.399057836464959,0.392076992726105,0.191867200918768,0.0695357705152974
49,31.2199219058572,6.00884962030729,3.9923666829709,0.0130333502364081,0.0149157575064854,1.63546894746833,61.9810709543526,3.82996456441469,20.5334768397734,0.0137004144184644,0.0204785026413056,0.0428594627403189,0.0179794663140172,0.0892604288243952,0.284271429040056,0.339257336965566,0.341013902957788,0.341592583452618,0.334156709713274,0.148605756240975,0.0505690782704381
50,60.9971211342176,11.5469726321243,3.04772998101544,0.0157057883758439,0.0154072312963355,1.78748029493727,45.5297999083996,2.54799849237315,22.2833455796354,0.0180168637251788,0.0215751180506826,0.0397561830120057,0.0187533887931538,0.0677766577665574,0.281298597880895,0.360014150107552,0.362773586335783,0.363891097028957,0.359274042809998,0.1770274296151,0.0612020095829654
51,53.6724111967851,10.1595417317466,0.441255050827749,0.0136360776127771,0.0165181097952387,2.03794813365676,45.5224605184048,3.03753094002604,15.7223918661475,0.0168410094839628,0.0246419870250372,0.0578306115271464,0.0177108297366137,0.0806870745213417,0.313241764048831,0.39714212394741,0.399149684872113,0.399718373106816,0.391628147613305,0.183439075913575,0.0646105230819341
52,65.2169745790015,12.381378021194,2.4095435369527,0.0138843190533405,0.0157078089790767,2.21270206081681,51.3058975245804,3.61485927202739,16.0009232105222,0.0152870735871939,0.0200279941185899,0.0420537979052211,0.0153961395175287,0.0675570629738417,0.29446669739698,0.394168633874447,0.395812011603024,0.396076537823723,0.387273188808693,0.180464386350026,0.0647636809368403
53,38.2575045254207,7.53630864615164,1.83281998685561,0.0152605420536485,0.0163531322056145,2.15141329262406,60.3152717836201,3.56704558758065,27.8667422023136,0.0142085685389807,0.0240267776896551,0.056894828466452,0.0185890990695567,0.0896233406574552,0.28530653932792,0.343359377517198,0.3448588332423,0.345282779579674,0.337802761503153,0.154612445736373,0.0551605442586434
54,43.7871581120137,8.89424998929982,2.50434903928544,0.0155501899225304,0.0157908781226667,1.52392180613242,46.8616820778698,4.02609507204033,15.1087520364672,0.0156275007655428,0.0203139634319415,0.0434181590384512,0.0154424189189497,0.0760519381791877,0.299708196908212,0.374244037814732,0.375144129726084,0.375090528540664,0.36539869371735,0.152605629088043,0.043740360130178
55,48.2923084942731,8.92450363786241,2.10250177653506,0.014788798869761,0.0150273723680795,2.01134027051739,43.1290035042912,3.22288197791204,19.3803819338791,0.0168159854494052,0.0245911521773733,0.0546514309071113,0.0178580990392422,0.087707534811098,0.32086230809542,0.398235802078232,0.399800798494498,0.400167386663706,0.392447306753731,0.186339636823332,0.0638513028460486
56,69.5840202350875,14.0540993741479,2.26201104721986,0.0139618701654197,0.0143026138749945,2.03798749158159,67.7772782742977,4.59918407490477,19.5544537506066,0.011541776694923,0.0141751563496752,0.0281311765167554,0.0128674986395429,0.0455272155076451,0.221004009932973,0.315029780424205,0.316821186443866,0.317229850737787,0.310083875153471,0.140044556564373,0.0513234865978123
57,46.4138845578921,9.29755379933778,3.48622393654659,0.0156212213216531,0.0148250069676575,1.80964467092417,68.7066044751555,4.12340607889928,15.7896283955779,0.012647353669753,0.0166467311169268,0.0330084972669714,0.0164793062006668,0.0602907924576215,0.222896328340639,0.283242887888761,0.285579418525799,0.286537035488795,0.281974187143841,0.13210240866492,0.0499542361612823
58,58.7538777295929,10.9969777614494,1.05002654367127,0.0140859927241878,0.0159661060864623,1.57873459579423,54.6021957602352,3.48893611342646,24.2531203175895,0.0148612740180248,0.0185426624490277,0.037721299716934,0.0147752958326652,0.0570338534298793,0.268477739850987,0.356772547882842,0.358567211839034,0.358996872383965,0.35080690310894,0.152453724069713,0.0481427878566162
59,63.7014782592392,11.8973302726622,1.55800345900934,0.0147410013204397,0.0145707558804119,1.79398301406763,62.9916440416127,3.62694453401491,19.999066949822,0.0137400195513635,0.017115853743861,0.0335204840218343,0.0152888407027308,0.0522035212530707,0.237789816308985,0.321166557097643,0.323470207692359,0.324280175579928,0.318770028503196,0.149546066633995,0.0533081459998393
60,21.4688565260452,4.72744884413485,1.18095456599258,0.0153262204267832,0.0134722428737008,1.86395040061325,38.2131207268685,4.75979000097141,27.3302261112258,0.018927693531378,0.0408926901052696,0.103421777629052,0.0306774054677018,0.154500605502099,0.3747226084113,0.42044742541093,0.420528626482367,0.420127220935488,0.410129082361697,0.188111252487077,0.060586574645158
61,22.1893007189751,3.95062378924967,0.718725949293002,0.015840155824165,0.01487206566066,2.39179730205797,36.1053061299026,3.47116536670364,24.434386852663,0.0226285870896792,0.0560331931338691,0.127023461783864,0.038460633482644,0.170841838165942,0.383066079068756,0.424653787654231,0.425378346147017,0.425390127353879,0.416810172045918,0.203142902868368,0.0727999195224423
62,53.618149573887,12.6502460804161,2.47248897375539,0.0141281313966448,0.0152131588472545,2.49291942943819,64.9882488045841,3.51660374831408,16.5003359271213,0.0142096642280908,0.0196438869303592,0.044435509078978,0.018814729787183,0.0718376794232501,0.255034097481651,0.326143488823247,0.328886426204083,0.33001764390398,0.325350196892381,0.164021498713682,0.0680061066004661
63,56.6028321971574,10.3295295142839,2.9529293171363,0.0150778203579834,0.014449028007162,2.26882492145523,62.4874867592007,2.79608151107095,24.6939267916605,0.0164495348758027,0.0220731124643664,0.0430525275742921,0.0211722604802936,0.0711542296965244,0.252089825031903,0.318573818682963,0.321886817862485,0.323434454899595,0.321035011023897,0.172512806140186,0.0720666550866052
64,52.3835646833777,9.50849535983743,2.13158449530602,0.0144662737413891,0.0147636205850206,2.14281006343663,42.2121665254235,4.31271628499962,26.015886941459,0.0162176496911012,0.023910580188935,0.0535368696457498,0.0164624390304606,0.0850582141109243,0.331586254153891,0.424872517812974,0.425519812881961,0.425216824382173,0.414653838095534,0.190996932144115,0.0657940268269525
65,70.7253752400681,14.1317166754041,1.70513706339989,0.0144210466497746,0.0164186270733512,2.26828919537365,62.2053566947579,4.41458633402362,22.9028810164891,0.0125672949284454,0.0161964168595862,0.0348590548138852,0.012880770153402,0.0535892629550368,0.252142459207524,0.352992956947589,0.354276464052756,0.354295959138088,0.344634489835579,0.150886085224291,0.0536067066794723
66,11.0350790535726,1.92676875439471,2.52612475014757,0.0168419251973893,0.0149808284873781,1.99918971466832,59.1041342262179,3.8807442006655,27.1373011800461,0.0241196571137236,0.051854515435217,0.0959378465650886,0.0512156262771417,0.180700161435976,0.318547381590532,0.338463268829978,0.339289776240633,0.339484311835971,0.332268357923942,0.150931277245836,0.0502212132179453
67,41.4691510184504,9.59035750458689,3.99551078514196,0.0143682558378821,0.0159377850657889,1.79590396233834,60.1544384658337,2.64599364483729,22.4790882971138,0.0172904949223083,0.0220281478143145,0.043629767711925,0.0226784743093604,0.082905589289322,0.264831970436517,0.31873957130362,0.322226446366014,0.323906999355558,0.32101445472492,0.164205665025723,0.0649376257940587
68,19.6076497382003,5.13750559179093,3.59598529490177,0.0153608100842388,0.014912550407205,2.28569266758859,48.9244767650962,3.26236093603075,16.9811170385219,0.0194692510719364,0.0368408235802197,0.0833025374713977,0.0385544885937065,0.163347201918134,0.351239120756452,0.386290413930904,0.387694115440797,0.388157575678214,0.38125403416185,0.186340055926289,0.0676087010225626
69,35.9763409664676,7.58529804490105,0.45623270503711,0.0155982799194385,0.0157969059396541,2.42294862610288,57.0888297539204,2.52985800942406,27.2035618324298,0.0183034694970213,0.0328885849377877,0.0801576524027258,0.0270503923152626,0.10833429543509,0.292600043385158,0.339672523785222,0.342684404690387,0.344118643277693,0.340920986093866,0.181103663799708,0.0743172103765459
70,61.558937714309,13.1638572711614,0.250936752883717,0.0163735691209236,0.0144013322636462,2.21602439181879,58.4818091150373,4.27818216849118,15.2882250992116,0.0135395091813704,0.0187507319902995,0.0458204449841922,0.0140740821313072,0.0634205704465867,0.266640753614989,0.353303463888996,0.354553983190302,0.35469898397277,0.34723659555267,0.161465277363508,0.056210308900874
71,64.4749184557792,12.0783431233207,2.54347770265304,0.0142050180190054,0.0159573107305194,2.25204799533822,45.4927615728229,2.56771295354702,25.5902508634608,0.0179084244671841,0.0232727871409007,0.04708485738179,0.019115961065861,0.0754090481718713,0.30015972631086,0.386805706109701,0.389460530341226,0.390452497433208,0.384785416187652,0.19448900591351,0.0737118814113083
72,26.6699074074883,6.1586521820417,2.97321725590155,0.0150484206002692,0.0157170502259711,1.79042418673635,43.1956402398646,3.84606887493283,24.4306894065812,0.0168857558766218,0.0283167769156514,0.0677703112690625,0.0235782417259846,0.127027738769918,0.347328249006057,0.398437612617998,0.399116557730306,0.399028047202047,0.38909526550544,0.170642571860865,0.0533428851253507
73,53.4754805471428,9.92863927941567,1.16009365394711,0.0134935233107826,0.014140315597346,1.91339185880497,63.6884135939181,2.87938998849131,22.6778306532651,0.0162162699256069,0.0218372780012433,0.0446195464450284,0.0208407542912927,0.0671477390877561,0.247513677778079,0.314592388601531,0.318154287522172,0.319839857468387,0.317475269618577,0.168139773445263,0.0693762766100639
74,29.5268855407224,6.40971359403963,4.22324249579106,0.012622038973259,0.0145814171717832,2.23550463933498,58.5942947026342,3.70698552695103,27.465290579712,0.0148628295520343,0.0253433213133658,0.0565435701464829,0.0229267226840983,0.113905640354744,0.323063817550632,0.378212718368874,0.379594817107034,0.379942520341327,0.371706310330853,0.175632945701967,0.0655815983756202
75,39.6010627351346,9.03073348901381,4.34944117697887,0.0147691867119905,0.0152092711183515,1.73515416611917,51.0736325569451,4.91851846245117,25.0492514565121,0.0146245897020586,0.019284356548657,0.0417682537360701,0.0156497124701615,0.0860385410967811,0.313672142881845,0.388488047566667,0.388786114911798,0.388350798391581,0.377102681014814,0.158836179296908,0.048611248071435
76,39.8733941755736,8.49322903941145,2.63537078909576,0.0139467128152452,0.0156417428189469,2.0507003609091,54.162373971194,3.35445353551768,25.1058677025139,0.0153437340754806,0.023392177644611,0.0546182406134781,0.0187840887852724,0.0933289603684972,0.308541270101795,0.373863582628008,0.37554090750991,0.376023367765162,0.368309684807688,0.171884255556302,0.0609015192266627
77,36.6073284067608,7.47312810139906,0.442112800315954,0.0149513017591454,0.0144221629778683,2.44960339786485,35.7192096486688,3.7705357959494,24.2961491004098,0.0182656157739588,0.0368891111032291,0.0956316970598822,0.0244027224600493,0.127157541338433,0.371648199015079,0.439230875991027,0.439917337297106,0.439788218095158,0.430465275295147,0.210716258616935,0.0773441070383513
78,46.9240006877271,9.35991427914261,2.48061007505748,0.0156194972829431,0.0129871701545267,2.40111961774528,65.509790610522,4.39508658298291,22.5072067987639,0.0121966111489125,0.0191684974704814,0.0442870173899737,0.015417066120117,0.0723204036920696,0.257277897345879,0.325187491110024,0.326523782494659,0.32685565041275,0.320798044210668,0.154843547830596,0.0580992177669396
79,61.8243986071177,11.9718160873598,3.71396706230007,0.0143697852805122,0.0156104110894544,2.05045999237336,63.42962667346,2.02739009051584,22.6298270432744,0.0230700874916383,0.0272980529029663,0.0444391949271833,0.0326064489311424,0.0739670374213364,0.23316441855905,0.291075623838505,0.296707698159449,0.299711445503115,0.301922974220262,0.18653547705248,0.0920045817044855
80,26.4310370316108,5.11934126928351,1.68650338961743,0.0143748715340542,0.0145283666696921,1.55575369135477,63.7156291864812,3.76684351102449,29.4561539834831,0.0135357115464007,0.0244956911834996,0.0580569236250795,0.0190865979125997,0.0953769887407037,0.275463533431866,0.319600531842945,0.321010241152605,0.321469888982569,0.314631424876928,0.139742090983286,0.0462557541138237
81,74.5829660885821,15.9727705756337,3.80321999802254,0.0134525698757766,0.01472433076755,2.03632446634583,34.6333841234446,3.91751288087107,19.250408783555,0.0173277042937627,0.0197218234293994,0.0367393181141791,0.0156216712386672,0.0640331998262845,0.319107455910927,0.444023313612979,0.445189629884593,0.445011373509648,0.434379093253198,0.202185046049011,0.0698006276184375
82,30.7585208410708,6.35511350746703,3.13597949710675,0.0152299754650448,0.0152706597975957,1.54865897446871,37.9314480908215,2.96152720879763,16.7393912246916,0.0179404462355005,0.0263494540452034,0.0579741317746345,0.0211978268454108,0.111072849218322,0.329591431684944,0.381979557474228,0.383703241819004,0.384276868112693,0.377197058642022,0.171639110672037,0.0523084190680594
83,69.0759867148434,13.433856210992,0.769693061825819,0.0138286761838325,0.016015518984899,2.01769188931212,64.5843491423875,3.68257369706407,15.8014111511875,0.0136986102620444,0.0173109753677495,0.0352504984730658,0.0159269387774907,0.0518003220112556,0.234422615978794,0.323408745028452,0.326049066119884,0.326991769707403,0.320976285441631,0.150226198578831,0.0572116613407598
84,16.255602389133,2.84609666230356,1.58259239641484,0.0147219382640918,0.0143305123306931,1.99648995464668,47.8718264494091,4.30559588689357,22.2317598480731,0.0216149798406072,0.0516628317584436,0.109827545075625,0.0400975737839458,0.174110586623845,0.367771580427493,0.402417017777903,0.402797787809882,0.40260988605888,0.392919351542047,0.179003938223907,0.0597831497357378
85,46.0813076256749,10.6609818675875,0.757530892034993,0.0155119082077066,0.0168230697178381,1.95946151739918,51.0894327703863,2.25309735536575,15.2738608082291,0.019655344760134,0.0268264511736343,0.0620148249900721,0.0243954340213528,0.0894717651034028,0.284110627451291,0.340983558635673,0.344633353286285,0.3463902723766,0.343686867330014,0.179180553423541,0.0700211448331017
86,46.8620278306893,9.36984033435965,3.79153977299575,0.0152116142243965,0.0134342142838248,2.14710911922157,45.2589852828532,4.91420033643954,19.067551929038,0.015734086993831,0.0225405523448495,0.0495718913784558,0.016902269375376,0.0906096200187969,0.330328720253299,0.415404175897533,0.415841798524182,0.415483580787447,0.40572965833578,0.190191764384355,0.0654944412874997
87,49.0736293344523,10.0787188885917,3.25609488424379,0.015423690276779,0.0143915738717822,1.85084297251888,50.7131120283157,3.6038086253684,20.5458946467843,0.0153446850043783,0.0200632989313152,0.0424680282576956,0.0159305107399449,0.0761295670682087,0.295458309785298,0.372085565550125,0.373475593519159,0.373756676228342,0.36629413885719,0.169352213644373,0.055525866609029
88,17.4749531764942,3.74002079375928,2.47207263938617,0.014938041703822,0.0161372341206054,2.35131256794557,41.2449187785387,3.09378631785512,29.6372777922079,0.0237842099741214,0.050927446178427,0.108756739072192,0.0466210688282971,0.187259034081261,0.37808357107136,0.410882896200703,0.41202001722654,0.412297996191148,0.403929927593382,0.194125519710699,0.0700970922857465
89,24.3997480649362,4.81274843499906,2.47294670634437,0.0136100659688528,0.0157182077112099,1.67207802692428,57.680741623044,2.65316421701573,28.7222505058162,0.0177562286473847,0.0304064276875129,0.0663907638810654,0.0272311561735748,0.118285627435351,0.295377773440261,0.333170749951497,0.336135862872952,0.337555342219186,0.333472984619104,0.164997106338882,0.0615476755445155
90,42.3996391478799,9.8940566866547,4.06747818295844,0.0161847743101348,0.0154425535980516,2.38069607643411,40.1485380996019,4.93382492056116,23.6150316917337,0.0166862625494074,0.0250454745352853,0.0587003630123869,0.0200963145509237,0.108209893836921,0.349753792013371,0.426166437957343,0.426361706411338,0.425868510579211,0.41492950117184,0.191763333756263,0.0668720682113366
91,72.9650119061746,15.8858526664095,1.20229487679899,0.0167342711583423,0.0155782938152468,1.7621273805853,48.0257756914943,3.21783374832012,15.5134063807782,0.0162025505838775,0.0184687708938746,0.0354705836596598,0.015593197486159,0.0535988184704501,0.265107275573912,0.359697839160736,0.361608304044604,0.362110541017361,0.35538525665366,0.162604447735019,0.0515999090386828
92,33.9378889862966,7.0835865032282,2.32207723532338,0.0165768216629899,0.0155176273648388,2.49919438478537,69.6809948794544,2.5395117434673,21.5025373664685,0.0207335660975137,0.0311318819565784,0.0608601628316674,0.035525119717007,0.096926238626012,0.229937947667556,0.264590966204591,0.269556482019145,0.272277536931889,0.274241517831618,0.169055380546383,0.086901287976374
93,48.230972202711,10.4737256362478,3.51594649523031,0.0148246349064627,0.017641611698876,1.6665060648229,43.3779434394091,3.25300625921227,17.9112180217635,0.0166742088891226,0.0204937483987651,0.0416714576916568,0.0166999402510268,0.0776154313433853,0.306399758843047,0.383721850867026,0.385273918950165,0.385578738178697,0.376199128456465,0.160859722044937,0.049250116670189
94,40.8175821411232,8.56948493519481,2.21465251164045,0.0179556756142498,0.0162182708102631,2.22248103073798,69.0377841610461,4.90128556569107,24.7914344107267,0.0109375386271327,0.0176280611268805,0.0420677839234491,0.0144254764996107,0.0684608662922332,0.23153533742554,0.285529408675934,0.286278389965836,0.286301256897931,0.278812997026288,0.120152166903973,0.0417492707594191
95,60.6540811984865,11.8571055387597,3.46735023229849,0.0150234388559618,0.0153304843381782,1.92669096239842,61.1820346303284,4.48279436375014,27.6548870990518,0.0126085441674621,0.0156650900813623,0.0312323773064118,0.0125648946695583,0.0554497756671996,0.256653856462622,0.347471102765969,0.348369392436477,0.348248576773086,0.338844944925751,0.145629163458503,0.0476283530545528
96,63.3315903130896,12.9988857317014,1.49244574550539,0.0147820884129321,0.0162038233762684,1.59340088022873,60.3720242530107,3.78113442123868,18.7812688399572,0.0137497090041837,0.0162741633938542,0.0316313465985847,0.0142334511928712,0.0496191686156137,0.242725978266192,0.330487518049314,0.332376910136363,0.33286918760712,0.325230819902085,0.139766471467716,0.0449983035222002
97,53.6636433335779,10.1900673681683,2.38886456354521,0.012998605499114,0.0154947650213349,2.15780611103401,44.4783129636198,3.47124321013689,18.8717573101167,0.016356994002601,0.0232296380331587,0.0514941557854119,0.0169928426351531,0.0836227396051474,0.327634691674262,0.419821039760877,0.421293519076042,0.421486181346673,0.412000046867134,0.193292602902985,0.0693063944197291
98,60.1263317467644,11.5932264616347,3.75779181788675,0.0151485112304853,0.0149524201436511,1.93305280664936,50.9278208017349,4.91205535223708,25.630827503046,0.0145748910938624,0.0180440524505514,0.035657744414389,0.0137422172197719,0.0643753310007338,0.292270142084294,0.392340977382298,0.392859283610688,0.392437824916149,0.3816357076423,0.166228022483082,0.0533852356111729
99,52.9168088057021,11.2112678054912,2.51386318251025,0.0123013694176789,0.014671236063338,2.11931615578942,37.8012116998434,3.58184578851797,29.6007550845388,0.0170390590277839,0.0232887488434977,0.0532112377469365,0.0172646158287693,0.0878017967839598,0.347356946681808,0.445719278252875,0.446912369302897,0.44690213515426,0.436603962714855,0.206964722922601,0.0745137390003546
100,48.1326820905278,10.0508371036723,0.482461100793444,0.0147206696089083,0.0157489040235634,2.30626440420747,39.181589782238,4.09718704572879,24.5863684569485,0.0168341858814522,0.0275769140440759,0.071462790414385,0.0184450073226591,0.0978195063123482,0.346674578628006,0.43262484176467,0.433257136568716,0.432968605690316,0.422093306435884,0.195271044450821,0.0687691222578639
101,42.4010808966626,8.42970566678922,1.6008236099733,0.0160328051167335,0.0162474846775284,2.050772983348,53.10641345568,4.72636418510228,19.6787834423594,0.014445960868323,0.0232668340695398,0.0566671372382343,0.0162636181239929,0.0875060026309135,0.306524091881548,0.378855081401333,0.379309649205596,0.378987216767093,0.368417030973581,0.158732851383238,0.0512825449360656
102,58.3043097111208,12.423886522177,1.02814265806228,0.0163326246455844,0.0153868096789977,2.468004261842,68.5212451312691,2.82002513064072,17.6355221809354,0.0180161045655525,0.0238746782409013,0.0476134666619749,0.0268704969805143,0.0698009011523828,0.219457631759264,0.275849722520431,0.280334779459876,0.282650402979616,0.28310753195857,0.16462089247918,0.0794341055674813
103,48.8416333495997,11.2107915527063,3.5516849134583,0.015745280932191,0.0151231144584549,2.45915744639933,61.7119517643005,2.92730061104521,29.6810147166252,0.0155570077867727,0.0216022922693491,0.0469167210620049,0.0205638044572674,0.0812628324320696,0.266671553722208,0.327634108624887,0.330197304552538,0.331310259241735,0.327349722169374,0.169304866545987,0.0684173219760235
104,58.540788289356,12.3799647021179,2.06762167881243,0.0161893464481162,0.0148797801873542,1.88663854124025,67.4952535051852,4.40175390988588,22.0854183565825,0.0117511468538678,0.0148516260200063,0.0311572252909793,0.0133525727897729,0.0504991978187972,0.220917787067724,0.29586731577754,0.297394418177633,0.29778342968191,0.29134069661117,0.129746989591775,0.0451971285208924
105,73.8668965194115,13.5840086429032,4.24263376055751,0.0157525829011955,0.014525972492134,1.62421413813718,52.4594904948026,4.66570822149515,23.0965234944597,0.0143503234097855,0.0158093281561867,0.0253126257668877,0.0129223881646713,0.0458115935472914,0.257904884427608,0.367742941145717,0.368576720998274,0.368309622837357,0.358640642343392,0.15228982858176,0.0449522078395565
106,51.070504996423,10.2345397200382,1.43851117836311,0.0142892086468977,0.0157807174975557,2.23682499839924,49.0643099136651,4.90999757684767,28.0978931346908,0.0150042418094884,0.022934714578777,0.0557710786369702,0.0157597301689351,0.083748601186559,0.323158704184384,0.416235404033957,0.416594537192183,0.416081440429368,0.404019157524218,0.178811675890684,0.0617780277618542
107,41.7960097433329,9.40926860911855,3.62490672699641,0.0151012817625142,0.0137684943320027,2.48665674147196,59.4997972808778,2.83057392202318,25.4439772269689,0.0164992072024783,0.0246304086679684,0.0540827694075823,0.0232551565593815,0.0951991512393195,0.284563122830269,0.34021297180628,0.343001462374469,0.344283563274518,0.341185603665485,0.184021391690501,0.0758568154657392
108,59.0523870974151,11.7771244475308,1.67592281266116,0.0153431780243208,0.0145222721150159,1.8024666220881,48.3501778636128,3.82577213970944,25.4489116987679,0.0154044822264585,0.0194144441550585,0.0411987428641703,0.0146823330140777,0.0646268082201286,0.290112298024799,0.381992392353508,0.38313709443081,0.383179283493258,0.37462700009744,0.169074226645638,0.0537865574607393
109,22.1859810659702,3.62218893296358,1.41020968649536,0.014430226876028,0.0152555751284942,1.77656736853532,42.423881329596,4.52891447418369,15.4362383892294,0.0184293920468543,0.0414097720243193,0.0932452031490135,0.0277406131557691,0.144574426027267,0.365593665859536,0.41342469982626,0.413705003730472,0.413363189581651,0.402142574676266,0.174415056743329,0.0546898640843623
110,43.935077234765,8.51692369436305,0.767406259663403,0.0140847240977583,0.0165811271152201,1.74200860504061,48.3250698726624,4.08851567772217,23.8837896112818,0.0153543038772083,0.0232135569683561,0.0565704968599922,0.0157912539673973,0.0820883139314977,0.314747996217314,0.394362786036478,0.395165235832858,0.394988338297431,0.38375714731946,0.161264640736982,0.0500011134467411
111,43.2365326243541,8.53143843854264,4.06942276982591,0.0144260767897436,0.0165220524429819,2.07171104219742,48.9792253170162,4.73085813550279,26.1826547712553,0.0151221035533851,0.0219930876432511,0.0479557015977947,0.0167332349424732,0.091410698096133,0.327506594681855,0.408443457927477,0.408786155013129,0.408313918142071,0.39606083029897,0.170051219478181,0.0562590866340904
112,32.4601798803779,6.77759714919922,0.38494447816629,0.0135056066831745,0.0157494734552424,2.2518442266155,45.0691073387861,3.78480532113463,20.5848635290749,0.0170440215872906,0.0352061865377663,0.0931210131529866,0.023748277735745,0.124175550144057,0.359316852653968,0.422461673357186,0.423346363310535,0.42331091509124,0.412974783156118,0.191080959811726,0.0683558307178792
113,56.2503254667934,12.1533272626272,2.33074002969079,0.0156143741957455,0.0139894591770822,2.13650406873785,32.6584744080901,2.80294113280252,17.1993236441631,0.0184945201053342,0.0243136017791463,0.0540899722966011,0.0187592621426191,0.0868870089791626,0.329252301739935,0.412886168388193,0.414718258609463,0.415251715700549,0.408988661858303,0.206867486367699,0.0731563119245674
114,56.3802228976974,11.1742232219842,4.20130764821079,0.0144357646061751,0.0137039555053721,2.33425403875299,48.4419254865497,3.84286434692331,23.6136342049576,0.0154694000151496,0.0209957187292688,0.044481452000504,0.0161769160758727,0.080555560965721,0.315225329176879,0.407161961058755,0.408320440405569,0.408376518752505,0.400044917635804,0.194521804331829,0.071032034024375
115,31.7015085125506,6.93788525981492,2.65053433715366,0.0154510553450864,0.0154328335640629,1.92714541452006,41.8709005042911,4.12053607194684,17.1740008075722,0.0168089925009348,0.0279193787778949,0.0671851302763908,0.0216319219945318,0.11775392689392,0.347202739915015,0.406836097012109,0.40738586598917,0.407185750471599,0.397084120259791,0.177153410809401,0.0569127345105827
116,11.3111358148917,0.454446935630229,2.83345762244426,0.0171943978389036,0.0140548785301245,2.13443934731185,57.9802716057748,4.13662712648511,28.6821884452365,0.0301683847544618,0.0661335680065986,0.0961348354842376,0.0527277334490119,0.185052084512836,0.327606245662082,0.348304711596959,0.348801333696672,0.348805711992995,0.341412057042589,0.157930683611027,0.0529969832701961
117,49.3125348550187,9.46322709317104,0.683802818879485,0.014490704133711,0.0143069105916821,2.45764832524583,51.5999543480575,2.20565891265869,18.1222739524674,0.0201097079269264,0.0309976331933233,0.0692989621164373,0.0262110540750347,0.0965550393749949,0.296519712043983,0.35735326923357,0.361128234461245,0.362976450399697,0.36143914757298,0.206287713816555,0.0885951232302458
118,54.6699752327759,11.5479018391092,2.08592944114935,0.0147828694620588,0.0156583503957467,2.40576583123766,30.1385997328907,3.4990423026029,18.2124761177693,0.0182185611759103,0.0264822463747817,0.0627099208973446,0.0190458226133185,0.0972432952028033,0.355836130513468,0.448261687909266,0.449247904796958,0.449156917125883,0.439215646689341,0.211539229881016,0.0766590590070111
119,62.6382860012841,11.6518150863808,3.22172413591761,0.0154809705551625,0.0150336557835875,1.71865479042754,57.4429889116436,3.22373780515045,17.894955718657,0.0152259571964578,0.0180901464893281,0.0324880369404391,0.0162683720461878,0.0564046436648118,0.252313647185197,0.333724470781953,0.336136348893246,0.337023913966759,0.33172839329233,0.156260121059149,0.0535058195476043
120,36.7777647539747,7.09739970164442,1.59488064888865,0.0149363737090616,0.0164378891415717,2.38468697620556,42.9974656831473,4.53804586338811,17.310985479271,0.0168990357781664,0.0323676335113831,0.0786309477858069,0.0222373015482027,0.118264660642106,0.357715234031593,0.427853509929528,0.428202322148855,0.427794915261917,0.4161127684106,0.188540650942347,0.0665406977270453
121,34.8364234172155,6.55145367827613,2.0734760746127,0.0137786755404267,0.0138168789336009,2.09300785162486,54.8823304101825,4.73179627303034,27.0481391460635,0.014401697685414,0.0262274461893334,0.0624592820919756,0.0184180799936,0.10167388893701,0.326925195126744,0.395505906661654,0.395946900449965,0.395655154239087,0.385489405386016,0.174839009052967,0.060438037454114
122,51.1595271423927,9.91819005171209,0.719684931216761,0.0140854568089479,0.016606644338645,2.27768168714829,43.6646991875023,2.02720542671159,20.5698275368195,0.0210978960410561,0.0308309935068278,0.0684591941408434,0.0256612019278534,0.0962410426841672,0.308615852057168,0.373296714352736,0.377013999749479,0.37876942851049,0.375797749436641,0.203644380031282,0.0833748847881869
123,28.2399959503455,5.71689738510957,0.0302657783031464,0.0139630211259384,0.015529584847339,1.71416302467696,50.9258277341723,4.55199205945246,26.325657425914,0.0153488111654246,0.0317714611132107,0.0870323599739834,0.0199715935036498,0.112010686691995,0.334775075316762,0.392752386234368,0.393108025908819,0.392770188380875,0.381364102908183,0.160306219132171,0.0495652873399595
124,48.0238301522743,9.61325698088391,2.39764183899388,0.0167977938409361,0.0148461636679878,2.22931051510386,41.5174797177315,3.00022561755031,21.7928305850364,0.0173538995827763,0.0257564706410367,0.0586337733682334,0.0193910328737861,0.0945380711947261,0.320036812179016,0.389926489155591,0.391524060561044,0.391980008755986,0.385540743011371,0.190160979459333,0.0667456441106496
125,32.3538382762903,6.79363380904718,3.21802424336784,0.0165140995458023,0.0149235310827861,2.46889249817468,40.7560972124338,2.31488850945607,18.8962896703742,0.0206134850737448,0.0355686351951135,0.0782959048733438,0.0309390467587498,0.134869825076979,0.337253403380062,0.382803256993584,0.385367834038319,0.386533678220599,0.382747812893944,0.205616455132088,0.0801406837452261
126,38.773504762016,7.7982492416254,1.88949282537214,0.0142062369644601,0.0144203057616284,1.88960012746975,65.0934795010835,2.87995962193236,17.1337504615076,0.0169361811844176,0.0244947293696038,0.0516632789978025,0.0244137537617589,0.0830393655667321,0.249901759313953,0.299273606925978,0.303150026114197,0.30511183194482,0.303843840687932,0.164350412842347,0.0702377423127695
127,28.8268028988978,5.7011319830489,4.03207057854161,0.0149127586668228,0.0148902552276046,1.89272563159466,67.3173132818192,4.38289510132745,28.8258129393216,0.0120028918697726,0.0198492726740751,0.0429664171371325,0.0176725815487147,0.088434715533102,0.263799904637916,0.310925531252322,0.311818962023583,0.311950622041108,0.304102787594721,0.13250564661889,0.0454828362829405
128,72.4824388272046,14.2173070968163,3.88494079001248,0.0156558847656519,0.0145311878933721,1.76632142183371,34.9479019735008,4.16524581681006,28.6227520939428,0.017182259912448,0.0191485025222676,0.0327659395133779,0.0151909490337058,0.0579842363835568,0.300170827440472,0.414460366849666,0.415316435378736,0.415043383141478,0.405101542839404,0.181549956652709,0.0561160411032997
129,49.3662285337806,9.57323515876317,2.02521152340341,0.0162019415187552,0.0134368470035565,2.1955776992254,33.3530207630247,4.89747755951248,17.1735023183282,0.0175613547646292,0.0265134207969366,0.0615471804787972,0.0183303637877607,0.0963854259211912,0.34791490027673,0.435548921220787,0.435905205483265,0.435495228518015,0.425853920523492,0.204416647738201,0.070426315632707
130,5.21637980629207,1.9695280088825,0.611653251922689,0.0145426035569243,0.0149063522966129,1.57130130333826,53.672707779333,2.19791658362374,17.2330035211053,0.0389822551974079,0.0810889574659655,0.173398149547397,0.0988394117239096,0.233492257483492,0.312000359439792,0.322647285830241,0.326631809900584,0.328789124970698,0.327897170716345,0.177435969658495,0.0700097965711325
131,46.6823808002299,8.35849622911695,3.43004220421426,0.014791403086409,0.0142685387158123,2.29058528528549,41.9412320014089,4.51281333412044,28.7079962063581,0.0163664195074455,0.0254701999112278,0.0557038561433636,0.0180841421604582,0.0973841417135922,0.343844766385262,0.429261272995668,0.429709606022127,0.429339853645978,0.418968769468317,0.197236676371582,0.0698660350828927
132,50.5837486515131,8.81779122732033,2.67833299341146,0.0156283239604044,0.0137487216844906,1.60179458162747,49.0552478190511,3.02688671159558,29.3518797308207,0.0162494482603262,0.0208540158911869,0.0405907019759324,0.0165609294715658,0.0699543873740664,0.282985453850358,0.356009021396253,0.357982780201616,0.35866901288287,0.35314284892921,0.167982445617514,0.0538725569613299
133,74.7482047539811,14.979416999244,1.44770817970857,0.0155172864980466,0.0149536512657134,2.47669840953313,41.5067800693214,3.03738875780255,22.1535085199866,0.017139489090413,0.0222288094331586,0.0482234034737189,0.0169146315558189,0.0711704794777617,0.305233096972351,0.407178219105931,0.408998228479823,0.409409538662047,0.402362869431454,0.201784455787163,0.0751289040447876
134,52.1621312560514,10.4024699439499,4.15320153068751,0.0149299757506189,0.0154554318898522,1.81209450727329,50.1515592820942,4.65992185985669,20.7134939299431,0.0148187631904178,0.0185225459699426,0.0369341109148459,0.014398455716381,0.0707285697766255,0.299761096504264,0.389988561155646,0.390590060473897,0.390261503651477,0.379400816122606,0.162184457590067,0.0506637730561223
135,42.6695213425213,8.69296820845236,0.181245506973937,0.0152547698790986,0.0139465040787102,1.85338282049634,37.4716742057353,3.6647480558604,21.4722016558517,0.0171686689712708,0.027295686235105,0.0705329949427912,0.0180823807400111,0.0950095545344169,0.335623976044624,0.410292755136947,0.41125919665196,0.411282959375413,0.402777225793515,0.188246512665139,0.0610185146012058
136,64.3860850399345,13.3822800719255,1.34254276973661,0.0138142945666501,0.0151934251338205,1.78226469433866,41.8926240224391,3.16850576200522,21.0903306270484,0.0169010919475911,0.0203125715582356,0.0417840267124657,0.0160355804319523,0.0639317539998595,0.299895133978645,0.399379421370515,0.401246600482047,0.401667509337008,0.393562826044567,0.182233333746715,0.060165454861724
137,40.1943451637209,7.33240092812813,0.777059199870564,0.014888613781997,0.0146915268894975,1.74057907983661,63.0561093147844,4.08558755554259,27.8270871913992,0.0127548453703306,0.02083752812965,0.0501650352922835,0.0148349546835631,0.0727533387130342,0.265205760538839,0.328509731826032,0.32966975634887,0.329881872496681,0.322161986179403,0.141445293321912,0.0465205642147442
138,56.2086635383358,11.9590364892251,4.24945133342408,0.0130055305963942,0.0159448635479133,1.57319753221236,62.5701920501888,2.18103473982774,17.4865639640484,0.0215823723262813,0.0246274640291924,0.038802830313578,0.0295735188639538,0.0689506997425132,0.233594455356098,0.292950514859181,0.298466382556913,0.301367587006713,0.302542729342486,0.175462335915261,0.0812596669200144
139,39.8073668564176,8.46576823226642,2.56695669481996,0.0148553247240904,0.0154562168376324,2.46048206812702,63.1441015284508,4.62113615707494,28.0119668401312,0.0125080608181422,0.0215312892998773,0.0523472606461092,0.0167393501559002,0.0866865792407142,0.286156163041554,0.352290319543359,0.352929570473193,0.352779491381748,0.343286742765086,0.153341141440722,0.0554822468914886
140,53.4558723677458,10.729308178651,1.21716544381343,0.0159114737529889,0.015744228269898,2.48401339491829,45.6425577308983,3.12699843081646,22.7011311845854,0.016704870407462,0.0259642196639003,0.0623547103015505,0.0187857793556402,0.0903232557756256,0.317112669523264,0.394812928951769,0.396405907647302,0.396797782275607,0.389500440381505,0.191152868709721,0.0704937077426371
141,34.6173230560998,7.04854083958366,0.578799505485222,0.0165614458674855,0.0139569484471066,1.98910102434456,54.876662036404,4.28016413166188,17.3543273750693,0.0145885917693336,0.0271464714601588,0.0707821173566369,0.0184839889188748,0.0982070977286649,0.303997603726751,0.36160475598898,0.362403290920762,0.362424643072002,0.354669057252372,0.162624384754275,0.0533759059061539
142,38.6980917901505,8.7815237857635,1.23011325462721,0.0170283959780787,0.0133690811589181,1.84018330299295,53.1874080747366,3.97302875202149,15.3372536273673,0.0148041894089219,0.022731370818097,0.0582529403673575,0.0170185500521212,0.0882984685387405,0.294744238516908,0.355601938372927,0.356652934940869,0.356833374727448,0.35008835102338,0.162632922685447,0.0519298698971118
143,11.8823427076532,2.86088740118282,3.10423774737865,0.0148167063417209,0.016852560732624,1.75180425704457,56.445782231167,4.9153465477284,29.4159510440659,0.0195722806691367,0.0398158135261404,0.0835174703840431,0.0440556140090647,0.178492348563187,0.344653751466991,0.370764889506771,0.37064448110961,0.370133364365924,0.357949788013169,0.143216197485578,0.043143197841531
144,57.7979020220643,11.7737420429644,2.7351013122825,0.0135006171940152,0.0148500530659577,1.67531839921139,50.4740396421403,3.6871085378807,22.1937551430892,0.0152366701239893,0.0183050032362963,0.0361437639104409,0.0146860079463533,0.062283572633158,0.289040228267906,0.383796619256788,0.385307653325069,0.385529318086917,0.376657728207969,0.167562365901963,0.0537912703658145
145,56.7594217798653,12.4908827020962,2.8107244761195,0.0152468540302369,0.0158950066177571,1.68299698457122,44.6160395350307,2.33906772476621,21.5549494454172,0.018973535273595,0.0221613538019347,0.0418555576528569,0.0203205939886186,0.0713308746252271,0.282052914717648,0.354779219955357,0.357984419678168,0.359396348738593,0.355493946013685,0.176896823270302,0.062059407140205
146,71.1275283599414,14.7425543195383,2.28575531614479,0.0145260758337927,0.0146157695087786,1.62661180854775,33.9305040147156,2.93051263457164,15.4564537236001,0.0181230922138528,0.0201133209964462,0.0354241502800937,0.016626504498533,0.0575281122804978,0.294983814375449,0.399594706050523,0.40169003194124,0.402242443543464,0.39509875355543,0.185043356868288,0.0584385097811774
147,44.432352649843,8.74428111862464,3.74833496182691,0.0144609923215795,0.0154988311578924,2.34125474910252,48.5707166604698,4.91783139924519,26.2793537706602,0.0152828644559328,0.0238014132273752,0.0535962727341395,0.0177500773097448,0.0966934126682123,0.335667935079224,0.418969486860404,0.41927599972616,0.41879098736875,0.407103425136249,0.183667798934157,0.0648679074468239
148,53.4349096491202,10.8642427914718,2.21661290782504,0.0145810596070106,0.0151083587511087,2.36136007145979,65.1688993815333,4.28372916183434,24.6342271124013,0.0122120942417231,0.0178699776960055,0.0410785195177422,0.0144463994670113,0.0656476447283719,0.25592317038127,0.333966996050649,0.335337788296142,0.33558775684106,0.327783495827796,0.150183395846846,0.0558518339675779
149,43.9132659044321,7.98297075692086,0.479892795556225,0.0139191033524778,0.0150019303165041,1.5000314838253,31.2784619163722,2.85207454091869,16.4726826769765,0.0185728252805204,0.0264527278512806,0.0605144053838227,0.0182868279286146,0.0860092958725177,0.327417878245988,0.401785991909161,0.40376076822322,0.404376088308617,0.396946457381527,0.182204812618721,0.0558952598181111
150,44.1078013011584,8.4941777289809,2.77311574621126,0.0146832045093185,0.0153479798466246,2.37858543917537,44.9106580205262,4.29490362736396,26.8815363734029,0.0160795449515218,0.0264267477526438,0.061196570773854,0.0188995266598247,0.101629411758728,0.342670618850697,0.422631251304957,0.423168391251444,0.422860608162294,0.412184954627138,0.19115927551606,0.068292025276483
151,65.1857168868559,12.8908851476399,3.95162341464311,0.0139582051920702,0.0139557305352154,1.55143408011645,58.6233949568123,3.15970262070186,26.5315517631825,0.0150090699116357,0.016902097569372,0.0280526984395629,0.0159581197364179,0.0508825459290747,0.246876300954918,0.334092991218457,0.336643604298303,0.337597057395442,0.332538357291738,0.158576830316578,0.0544979974569776
152,53.7386430407152,10.8827755014768,0.885565033997409,0.0147326065532607,0.0144607452574546,1.95731021091342,52.102248352021,4.51719102961943,24.6168381522875,0.0144891952179919,0.020360587502108,0.0487046072090669,0.0143564196272376,0.0711178713187037,0.298397145193094,0.389569302786921,0.390283098730887,0.39004495026484,0.380133184269716,0.169560142652207,0.0558259130488958
153,74.6959307208446,15.0965764416287,1.47746674076188,0.015780990300662,0.0145454456438279,1.7091026972048,33.4111171308905,4.15602773637511,18.5789799294434,0.0174468779850169,0.0196867738582704,0.0363034045120022,0.0153422274694485,0.0555056580300068,0.296994218923594,0.413602763890134,0.414535814583186,0.414294085920628,0.404450546232332,0.180279944906672,0.0547551260848541
154,54.3169895315408,11.3582754879048,3.61164244904649,0.0150862946021245,0.0140916218174871,1.81972097675316,46.4974809531122,3.8564181253314,25.2818882663269,0.0156687411218562,0.0192810464095668,0.0390411913073267,0.0151745703059084,0.0712918012205102,0.302155456160417,0.390649143263565,0.39171347579425,0.391727722725646,0.383144022465704,0.175097912005425,0.0563041826998112
155,46.1490132728038,8.58127863651211,0.12910450680647,0.0158191545939103,0.0140450128173507,1.92475033132359,30.2246511820704,3.43297595460899,28.8914304028731,0.0181994896580494,0.0290785471346224,0.0717131925596793,0.0185927001717486,0.0956586856707349,0.343192878149287,0.421171244862671,0.422168870512274,0.42220320022213,0.413904612941543,0.197041337572458,0.0644315561627433
156,53.9578119775858,10.2100028345557,3.98408057761844,0.01558019467953,0.0144186683330598,2.1607313961722,32.6483504939824,2.24617156200111,17.7973827836104,0.0200645669274125,0.0263223765583227,0.0520739570341015,0.0216887554437686,0.0926412923774203,0.324323831032075,0.397481275536391,0.400205636367432,0.401342498470628,0.397212584709109,0.210670157794385,0.0782570465119057
157,41.630741194922,8.91184508150975,2.26446993823629,0.0151820902936292,0.0146351005056613,2.1861953784246,49.4934172835201,4.21639862377197,15.9075337112881,0.0153618632716911,0.0244173991139542,0.0594663619620307,0.0181421399951472,0.0968492864426284,0.324893243483635,0.397721497351512,0.398511938970513,0.398418758280482,0.389208100096107,0.180378985709068,0.0624050738386347
158,66.2415511334274,12.9661336204903,4.02672609267756,0.0148511460583672,0.0142764363846263,2.3014387099538,36.2203050497919,2.80907835951075,19.4855376519263,0.0180969205155808,0.0226912749869958,0.0449072932514323,0.0180325607637851,0.0782823134351233,0.320262654320329,0.415550422651764,0.417555606964471,0.418125416485415,0.411690745660524,0.210143064826019,0.0776504331235594
159,57.7269570985193,11.1040518707036,3.22454628185369,0.0143741272306822,0.0143147377992592,2.30818878067657,57.4246005527675,4.05440207431093,24.5915462519042,0.0138057185754813,0.019106697284089,0.0412310064400652,0.0147142463486885,0.0702699767246853,0.285791303357317,0.375502951091006,0.376752607036718,0.376866692582586,0.368556928590658,0.173313756999374,0.062928793587768
160,31.5633007224544,5.00116478346504,0.0758247978519648,0.015086058773756,0.014639643785219,1.8629654943943,64.7965751308948,3.63396381563507,27.8963525639847,0.0138176420523667,0.0288678274000028,0.0683707181307018,0.0192351224370793,0.0889804233742586,0.266199196102777,0.313812007405478,0.315548549053531,0.316206551337507,0.310448154371622,0.144993484079093,0.0520188343693728
161,73.0884256119628,14.4115688320132,4.07546678837389,0.0131165898585106,0.0141927815582221,1.99311135616153,40.5680936016142,3.61260163155384,15.1303039386403,0.0166852418749151,0.019232723444407,0.0348416670819257,0.0153675390013129,0.0619001084867397,0.307690713229967,0.426332511967269,0.427886805618484,0.428001161410554,0.418811414290225,0.198328404460573,0.0691610764610972
162,47.8864164740111,8.83452663297128,3.11965342308395,0.0142463707585293,0.012744683635237,2.33236457384191,58.8774169143289,3.83493116125464,24.4791310303845,0.0139395485066173,0.0214558603514426,0.0472388473984544,0.016547365721082,0.0808788437604798,0.291174999452228,0.366811764882201,0.368304266851168,0.3686801200567,0.362214470204691,0.179621536479799,0.067498273181105
163,46.9309634349815,9.72078891809682,1.60389786888845,0.0152491742855735,0.0174774632276897,1.96456861891784,50.8677593804896,3.49962562858127,27.5526673556305,0.0153811299128709,0.0222681433229776,0.0527659885733743,0.016595786922875,0.08193810281879,0.302046525482275,0.375708585696896,0.376959754132317,0.37711555917506,0.367699916684742,0.160674297715923,0.0526262350804749
164,56.3832047729623,9.95514402132594,0.900951364659704,0.0151414515633588,0.0145503669467124,2.23764429008588,32.6070560049266,4.08332856209017,26.5298743941821,0.01765081056339,0.0269289313841007,0.062146306954743,0.0175056261028177,0.0883451931263445,0.344566954800587,0.441771393875924,0.4424556533043,0.442171048964373,0.432078483700496,0.20563019103862,0.0719967879408012
165,32.8927073252499,6.2507732380924,3.2996598710306,0.015203407445337,0.013607827487535,1.82754405820742,50.173962386325,4.78779280860908,16.6152110102121,0.0151996566333927,0.0245626470185723,0.0547518319265993,0.0185799268988791,0.103407659463421,0.326249682203041,0.389262084401416,0.389688176133836,0.389428345890083,0.379972540877442,0.170214854235866,0.0542936198202853
166,49.7456047002608,8.92958243744292,4.42257873457856,0.0141996669633761,0.0147508615502158,2.17306097084656,55.7367233280092,2.52509792032652,18.3420187805314,0.0180537461606118,0.0242261945612639,0.0459577438566191,0.0226815561257296,0.0846345163181519,0.282308039063157,0.346431635749971,0.349891782055579,0.351518195796553,0.348832216592532,0.187565602015531,0.0764180766686469
167,48.0205359046077,9.73707418822229,3.1579714306863,0.0174882747864626,0.0157323927845889,2.10801536543295,59.1068906430155,2.76878779777326,18.1620171619579,0.0168664579657405,0.0228340328286196,0.0465773305185802,0.0215257033285463,0.0798707874253339,0.260017996967309,0.316230186385012,0.319238644617255,0.320639731280983,0.317777744655516,0.163515621774237,0.0635431907958651
168,68.4499148883759,13.3187006444302,3.22101585043129,0.015151565365138,0.0179836067040376,2.21916192094795,34.4764104578644,3.68525063386187,28.2870706217363,0.0173979765759794,0.0217376528840789,0.0439541174820902,0.0162685395659119,0.0734812892062678,0.323715167602313,0.43146559501076,0.432399837069228,0.43214682776402,0.420465998973219,0.186870279760699,0.0630341985154441
169,39.9109695083826,7.99114772563125,2.22790341940708,0.0145962702807248,0.0127117422828469,2.38161129201762,50.1392668858171,2.47928701830097,20.8562064310536,0.018663149519575,0.0303617909708549,0.0683394833532806,0.0253035593433623,0.108475955905912,0.314099646547201,0.370030138453525,0.373004475459772,0.374401432007656,0.371863348815775,0.208203075022571,0.0849041942754373
170,60.3207151292214,11.9929924597962,1.77498917479534,0.0145296522016647,0.0144389199751231,2.19291135342792,35.441974028945,4.00661370810121,24.7962554509286,0.0172108412420081,0.0233805062858382,0.0526875869879292,0.0166151822021585,0.0808866427620054,0.335367522787231,0.438641547499798,0.439488266388735,0.439265589267627,0.429224855317874,0.203648202836999,0.0714526812550874
171,42.603970601063,8.8258479755522,4.43967667187098,0.0152424912190348,0.0141950977748433,2.37553336657584,61.4582956209779,3.69123979983851,22.6228362461552,0.0139316793628843,0.0208701406015256,0.0450987200306251,0.018369057591735,0.0856965031139619,0.280315976337586,0.343194362178914,0.344917953112124,0.345489939892983,0.339539658730623,0.1661590383949,0.062950698854422
172,62.2188391709932,12.4115324795121,0.746029647882096,0.0163641091739132,0.0157292177131835,2.16721045551822,52.9364635702223,3.50471402914263,27.5036908721086,0.0150240395192951,0.0204800843058026,0.0469851322765589,0.0153271364680279,0.0672370882359151,0.280505092454365,0.36628442419204,0.367701352403974,0.367948215911572,0.360292184861602,0.167345455594823,0.0574823063082745
173,47.5059460320387,10.6185341108109,2.10105311230291,0.0141949332107249,0.0155759457489362,1.91026191762649,42.4163674656302,4.4305540593341,19.4876760186162,0.0161600278177032,0.022088767044146,0.0524105704283292,0.0163900921708402,0.085625337638118,0.331296517034002,0.419867691284628,0.420457673037214,0.420113908269569,0.408646149942071,0.179299281256262,0.0582783935566599
174,55.3601827999555,10.301451574426,4.29979039938189,0.0145515269521521,0.0152392500334608,2.37982460903004,33.8048267923295,4.51458063046448,16.5795282041654,0.0174879442587787,0.0245354131748373,0.0515535921957906,0.0179683870992189,0.0931226350003517,0.353124741821491,0.453319102337415,0.453850682904666,0.453421149747988,0.442005327814741,0.208099275571083,0.0750197119155509
175,26.6568088071128,4.28319732362092,1.57810279133264,0.016114619390985,0.0164699897728957,1.93172493763268,50.0667842943221,3.96911751152948,16.848859526217,0.0166426420034053,0.0353650006700857,0.079265329602694,0.0237905961374498,0.123329482385527,0.328990907084624,0.376580513599927,0.377323017798579,0.377295054769872,0.367837911043867,0.16044112150242,0.0510661831940886
176,65.6021380718865,13.3071023987229,3.32567696319893,0.0156603999532936,0.0146017895960963,1.73437461513095,35.2618900220841,3.99738461035304,24.7922064049635,0.0171948587703339,0.019655606928383,0.0359866755909095,0.0154254531521948,0.0628202371983613,0.305216262698507,0.410439124213541,0.411345663267573,0.411157648595489,0.401521687380333,0.179730032258631,0.05513301550103
177,25.7670237957178,5.01295291975318,1.0592143102549,0.0139505984000871,0.0148943805873499,1.92994846799411,35.8542639389634,3.29439015430398,21.5739240450785,0.0191404510348683,0.0401408535811426,0.0984633727568681,0.0278690164661174,0.143690442338444,0.372013548533523,0.422328024660992,0.423453635329853,0.423648782575826,0.414828286647747,0.195055085861619,0.0658504115771577
178,44.4714999801239,9.13805220537308,0.728989983676001,0.0148823264079059,0.0151187678676916,2.14270213362761,53.9599567838013,2.64178450242616,28.5098763671704,0.017192238680022,0.0266715952513825,0.0638883634082603,0.0214117882260454,0.0905968491741256,0.292983109941944,0.353666828135945,0.356367984033872,0.357546189885806,0.353299375694038,0.181279603370111,0.0694347878749052
179,30.0756610160005,5.28063398980051,2.28185170562938,0.0158563372360904,0.0138331773488258,2.08230583695695,37.1547623258084,3.59358427510597,28.3604243129957,0.018335041759154,0.0353869286592147,0.0796091816348622,0.0250853426473018,0.131426688362001,0.359465443475533,0.413962677629879,0.414729499347562,0.414734629993793,0.406573476370592,0.195669711088037,0.066337525937561
180,44.9025069469093,8.46583679706532,2.20703975495417,0.0142413836810481,0.0164495165318429,2.0540723213926,35.4574965406209,2.19173729442991,18.1963546795305,0.0202825367144657,0.0296305317891703,0.0640962035284492,0.02347799091922,0.102860841375,0.329481725067393,0.393681939542846,0.396652478072618,0.397937551415596,0.393062813820924,0.200831645227915,0.0745458883541498
181,68.279246781089,13.7782392597073,1.96067882340867,0.0139154595894194,0.0161075288820823,1.62951246835291,35.020895358175,2.23010215023533,24.6785212378018,0.0198562308428805,0.0224307667884727,0.0396895033748866,0.0197859033629251,0.0629902075100797,0.290380708661221,0.380745936778589,0.384026040039377,0.38537284893084,0.380538096297491,0.186997196581696,0.063945731425083
182,55.8081199395656,10.8775221527429,1.74169291311409,0.0151576223177568,0.0148633217884424,2.49049806245603,38.4961947519332,3.26503537851386,17.3705408291426,0.0173662578605306,0.0263708393246677,0.061573734477827,0.018651391154169,0.0925157450369707,0.335987864024524,0.423179445001856,0.424550352644627,0.424755152683028,0.416727355531268,0.207012693320642,0.0768966846000693
183,61.4913919693597,12.8747083066306,0.786790893296711,0.0133946889320144,0.0149171036073626,2.251588745974,66.0096564143896,2.9612062391825,26.9817398919258,0.0155806437996995,0.0205068097981922,0.0433092751111535,0.0204280354146382,0.0629657121385411,0.238931106109176,0.312125150566648,0.315533147778119,0.317089370820122,0.314097979333286,0.165856734811783,0.0713376463288129
184,43.5832017468365,8.72644230049127,1.74900270905346,0.0164669339128483,0.0156208173831043,1.94994233874604,55.3870006185025,4.44773807004094,25.8205802051816,0.0139711734938499,0.021337066762077,0.0510417159728324,0.015273117780115,0.0804748574268751,0.291380531362536,0.361563796522515,0.362132832009527,0.361924077265827,0.352470993810204,0.152657358817359,0.048353979124782
185,64.4373976796273,11.9536883449167,0.945701063261367,0.014887838573172,0.0134412476683137,1.63707357691601,44.6596146374941,2.05324200051837,19.6634744550101,0.0207785368840557,0.0246159076768849,0.0446923544949006,0.0230162439534294,0.0661840331459174,0.269772379878063,0.344844130692485,0.348960484995104,0.350958439243381,0.350059925356173,0.193650675881659,0.0736487516588971
186,50.0724123267522,9.93527566777239,1.55832882877439,0.0143053636593632,0.0153581365795514,2.43709200969897,64.1807318665087,4.07236857758835,24.0801741660107,0.0127642951089838,0.0201917689127672,0.0479258873752935,0.0157625284228657,0.072500206805401,0.266465891762078,0.34109836583495,0.342621498297896,0.342976595796182,0.335320360724136,0.155974967344198,0.0592135863625058
187,53.6575910645927,10.434316353073,3.88434853625949,0.0142364776409524,0.0161520611128284,2.01095836772583,63.8731378596276,4.13871176168323,20.5573581322096,0.0127050173769246,0.016624685102564,0.0336081081180123,0.014348190136027,0.0617864956964655,0.254310072642326,0.333760233141301,0.335373192659311,0.335734164741948,0.327529154186243,0.14425376600435,0.0509983093556084
188,71.7553820709819,14.2834614534313,0.30306902853772,0.01503633515162,0.0131074173192831,2.33872343995608,40.4040914122015,2.45030547678471,20.3201807267033,0.0187210444317287,0.0244157064073915,0.053312328960385,0.0194224835130603,0.0736039679197038,0.3021102744313,0.394020988848259,0.396793289246185,0.397884177480268,0.394101018534686,0.214893781496311,0.0835852687416688
189,66.1425255170901,13.7086054305733,3.10147326998413,0.0144916446161796,0.0162783158825927,2.3845107560046,49.1073019709438,2.03512744279578,15.5351320572663,0.0211981058472762,0.0261170625358462,0.0494642064425869,0.0255474070670237,0.0801215641235762,0.283209079569968,0.357191566970377,0.361348553360323,0.363341990513779,0.361568229460877,0.202419624299475,0.0867351761122134
190,35.0617737982788,6.31590222707498,4.05417256755754,0.0145238297488174,0.0153068232954153,1.64408505568281,36.143380664289,2.50460316054523,15.1855055044871,0.0190716515056751,0.0267708099124366,0.0532216576972609,0.0220243839188335,0.107092151330945,0.328285410042233,0.384000093473104,0.386488928425958,0.387521606454783,0.382012733431794,0.184671242739883,0.0610436572887539
191,48.2988190208336,9.51690023917395,1.09511059010401,0.0136827466444508,0.0163429439434609,2.23433707351796,54.1149827931076,2.72065903618932,24.6205512341112,0.0169911607065957,0.0258431919995912,0.059783618941827,0.0207751269009123,0.087384835873279,0.29673919918736,0.364956389283807,0.36770030991157,0.368831665735421,0.363427352660876,0.181968186104997,0.0707781394436752
192,62.2494661486663,12.1098097325762,0.2117994655855,0.0160972896340493,0.0143450103134581,2.46022641099989,62.2027269378304,2.70431085769087,17.0305946376175,0.0174353424318031,0.0242083168796547,0.0516908145304646,0.0229321166434978,0.0713127440685891,0.247323931658477,0.314219262068981,0.317954651978148,0.319762016047824,0.318583135831872,0.178335746671491,0.0776286445327523
193,62.965731350063,12.361140543175,2.50180860178079,0.0157618316146188,0.0137424092641338,2.38149365130812,34.653088292107,2.46564343059435,27.3231296986341,0.0190198644412084,0.0253668184310129,0.0538023773264838,0.0198248471379476,0.0850429598315251,0.321069855075159,0.405737681823403,0.408059705006521,0.408907078622562,0.404152545440733,0.215577118106747,0.0816525939140133
194,48.2124294203293,9.3131124633466,1.60188638290856,0.0139020863331995,0.0144045430245911,1.52915508300066,34.7768468502909,3.38985532568768,24.6475968556479,0.017542166649057,0.0227111312415947,0.0486275633565622,0.0166224251969392,0.0776132380317036,0.323079394124212,0.408160169593462,0.409539857845121,0.40974040123416,0.400966443348513,0.180293323752953,0.054772165193797
195,38.0337117649051,6.34297569348771,1.83301898476202,0.0151278918972749,0.0144501366372995,2.33476386847906,60.112449452281,2.34437128808349,18.7339256017003,0.0201030153701196,0.0328258421076673,0.0665660888764901,0.0298191536398796,0.102198895788872,0.273602069091778,0.319084196737748,0.323263069021563,0.325437226990658,0.325237541821955,0.188372611681873,0.0842038943549579
196,55.12961073842,11.6999392332955,4.08008248871192,0.0141270940272454,0.0147257334286263,1.81673463294283,35.8929594606161,3.09023001953028,24.4108014274389,0.0176651730233046,0.0211635689024493,0.0412763268564463,0.017071766798784,0.0774076231996825,0.321968790764506,0.411391504472949,0.413068234743269,0.413438446809133,0.405477818002659,0.191366828883368,0.0633266034503534
197,24.4554137080685,4.60786046577326,1.64581161551178,0.0147567160542217,0.0146799678058758,1.5348618098069,40.2719603665173,4.71375618781894,29.1218932683114,0.0172584244157252,0.0327193190277415,0.0780598356865056,0.0227696706149151,0.127701001535429,0.353955938440852,0.406142039674229,0.406260101360194,0.405818331795993,0.394619796938379,0.166781851379009,0.0484741588247502
198,25.6520007517771,5.48987632620776,0.185212125303224,0.0139643795723814,0.0132367768034112,1.97335876710713,62.9216704331338,4.86430924478918,25.4966208629776,0.0132406195490029,0.0300138851923177,0.0822573092546983,0.0205088645111558,0.107199995351976,0.302292758912167,0.352352947830781,0.352883085051292,0.352761604989129,0.343930964760569,0.153617956181094,0.0523769978826819
199,42.5112254756795,7.70300067091491,1.80477185791824,0.0156996675678275,0.0132224004131531,1.60717186913826,37.5911256019026,4.75053218961693,23.678976141382,0.0168385340151085,0.0240848822056198,0.0533238288012935,0.016569975686153,0.0862740707690441,0.327221979157598,0.40625276676209,0.406623318490394,0.406263177085611,0.396635880499933,0.176920565931815,0.0527616288210674
200,42.8882874437036,9.14419831711805,0.587190257851034,0.0149384317653132,0.0147281518831163,2.27094191708602,43.823399124667,2.31264064088464,29.238450526027,0.0192714424361354,0.0310453661104079,0.0764672031792595,0.0242092371466592,0.105651772506966,0.320021018907398,0.379334225276083,0.382159679102186,0.383422308476724,0.37961359061549,0.202693762013956,0.0788627233093979
201,34.972085767688,6.977737532825,1.52428486151621,0.0143454486282543,0.014316204972023,2.36347739980556,63.1261116266251,4.58668666076846,15.0129147735424,0.013135411115281,0.0252340459403236,0.0619465395568402,0.0189387477397285,0.0942743954521227,0.290454371793835,0.350864003714164,0.352048692036176,0.3522622412376,0.344323137206708,0.159833024941603,0.0593499480048052
202,68.580576077359,13.1037686034183,0.332687994232401,0.0153607078829671,0.0153313313916312,2.3478588105645,45.0652274861932,4.00677625625394,29.1977331612725,0.0157808750713905,0.0219806187980205,0.0510209561532267,0.0151391721856761,0.0701245477199524,0.306538170568938,0.41175299931738,0.412662960371835,0.412466676547429,0.402643642894805,0.187837281159531,0.0662125838639367
203,34.5195788893571,7.08447757657023,3.14571608346887,0.0138699996429867,0.0144095092545012,2.32861235900782,39.1492971498519,2.32696463237517,16.1743979214225,0.0202299222782134,0.0336081035967253,0.0744168879484674,0.0283619593407925,0.128995021941712,0.347794857311714,0.400931097803671,0.40367571134095,0.404899792414686,0.400672603098758,0.215769316635697,0.0851824312109494
204,29.5213442441923,5.73611942344523,2.76213617180474,0.0144401161078608,0.0163824068784071,2.01369232754223,48.0284460540861,3.45255321031436,24.4167401839513,0.0167368372925331,0.0301458665512547,0.0687673041254166,0.0234687449125482,0.121535481139965,0.338838589987987,0.392027341394573,0.393204801591975,0.393410517638482,0.384283413540689,0.173861860164857,0.0587933920425843
205,43.5121339903269,8.85079432447596,0.374570273095742,0.0163829916929414,0.0134715607526425,1.83634131681174,63.7419678643346,2.93439833610319,26.4105037401896,0.0157175216241004,0.0230556512134352,0.0532474843946164,0.0206287545004329,0.0745431315376933,0.245101856121937,0.297681649324971,0.300651812787041,0.302083116307003,0.299994953344249,0.157459111949344,0.0615315030169374
206,58.582493776221,10.6682095783914,2.77977534534875,0.0155863207115354,0.0162168303140032,1.96061591734178,63.8994090911001,3.12892143428326,16.9888501579408,0.0154543956166341,0.0196710445500096,0.0369351615040557,0.0193604319843457,0.0615479297247412,0.236199574986817,0.304839621234925,0.30800669353188,0.309419487565368,0.305876594611783,0.151930600014828,0.0601043016129413
207,25.9890792762101,5.07631940613501,2.67118764726911,0.0152329290968231,0.0149872880739018,2.49788319319487,41.0775046888739,2.17870197305456,20.3686176112387,0.0230419121585348,0.0441099127312763,0.0935879688682148,0.0383742749613049,0.155493147122385,0.347559007858509,0.385885601127733,0.388782637285275,0.390171870805973,0.386849911497722,0.212276960767812,0.0859303865618608
208,30.2041449339362,5.82252565310063,0.709432928008027,0.0152871369874634,0.0162866839765914,2.17651080409996,45.2483654953539,2.66436506249011,25.6197288748808,0.0189068620224131,0.0381971765315626,0.0928213155052119,0.0273679789620848,0.128095068903147,0.333834873687948,0.380848426630808,0.382958161987653,0.383799598981745,0.377762991405973,0.186068165155881,0.0676601174753702
209,73.0051016143483,14.7761231013032,3.90196660836227,0.01496769645877,0.0158642244439574,2.13885789946653,52.8706453088671,4.74099879944697,15.2356855140533,0.014323252143301,0.0169856720347651,0.0326065177695359,0.0134178610153602,0.0572234479380288,0.279290551711322,0.391586756343083,0.392483628529321,0.392194080473691,0.381372507146964,0.167425405946372,0.0564372587107403
210,33.0223320324319,6.08371603508145,2.17359349806793,0.0151605042726355,0.0164470075164122,1.9653748923447,50.3324504196644,4.91409158054739,29.0159081993625,0.0152471446178073,0.0275651084347077,0.0645586121891324,0.0192117996875074,0.106964750596509,0.332085534802974,0.39578822604342,0.395872496747799,0.395339596033639,0.383300392394628,0.161677368501078,0.0513754059126343
211,17.6553187544483,4.03128702102306,2.01211582962424,0.0159713253752649,0.012772483769157,1.52905869623646,32.5521063152701,4.22927198722027,21.7038731987122,0.019749312244427,0.0389557448775057,0.0935354709039634,0.0328079269499367,0.163914086161997,0.368889799960146,0.40580072088293,0.406134847450046,0.405946090880723,0.397313628110428,0.18017766252529,0.0526849320249901
212,43.1752398913917,9.24414475657625,1.04304360214155,0.0151524721531033,0.0135996367618549,1.87976225139573,46.257463498041,3.93050139280967,21.0791178513318,0.01579776610613,0.0237895753931698,0.0598183215766856,0.0168869340816501,0.0886144760058462,0.319308546825347,0.394003448401309,0.394943904248413,0.394959360986999,0.386652668333694,0.17987182168951,0.0589394337095399
213,50.7394679785263,9.35475205719677,2.26947679580189,0.0137389584765023,0.0165462602467915,2.44706824887544,66.7737729940563,3.89369603618979,20.5878249602392,0.0130204000077367,0.0199627288923972,0.0435704623404179,0.0171452973045336,0.0695276236732227,0.251597457091809,0.323126811328271,0.325321031811642,0.32608332325508,0.319292243542383,0.149762287472494,0.0601081792390272
214,57.7530179882702,11.8066645319445,3.86637083126698,0.0148873334316009,0.0152636555677881,1.84410576662049,35.2327982336283,3.86306755547412,28.1179510464426,0.0172289350153069,0.0207362913112297,0.0405111344751182,0.0160550049220705,0.0742391454827548,0.322954468617781,0.420880245700048,0.421761489386391,0.421577772235209,0.411320357953519,0.184612548924034,0.0588088612146453
215,31.7902093591459,6.71462688612849,0.564832365140319,0.0148773032012635,0.0165708757053392,2.007213142002,51.8418573774397,4.84153998503461,25.1225871581119,0.0150957311690746,0.0296681401001556,0.0794765745405383,0.0199475898539041,0.109607363785472,0.33206190500899,0.39389106341264,0.394086005958262,0.393622338312203,0.381667150611349,0.161355427212743,0.0521139126159838
216,65.4425024194123,13.3707674807938,2.67491697706282,0.0146250276629214,0.0134634605636327,2.16029370808974,56.9999330397695,3.06184256984852,28.6181448516436,0.015353267147189,0.0191776426816127,0.0387650599980792,0.0167187293265148,0.0634431414112165,0.268192901172959,0.354145108702883,0.356511059073948,0.357377044236844,0.352610046314096,0.179912860507001,0.0679147478238256
217,55.650477426072,10.7835913828343,4.0476609634934,0.015082083112065,0.013342791734634,2.13948046043515,51.58228344284,4.94408561475575,19.6725254401099,0.0145311274879628,0.0192852615168979,0.0402017495836493,0.0145609728615868,0.0735722426354276,0.302941697674999,0.397522066987889,0.398136812683112,0.397838564038111,0.388407841020462,0.180254012230983,0.0619979424761256
218,61.7354578870418,13.3998891127529,3.65818845655303,0.0159014291339265,0.0158508909489362,2.35659008217044,35.5135529767722,2.07795691024512,19.4886082399171,0.0207397438632904,0.0259044170629536,0.051922809397602,0.0228665648121008,0.0878252366872506,0.312384264693586,0.388143551976005,0.391268071615353,0.39262733957142,0.38895344531542,0.20863952044618,0.0812304641594132
219,61.6680801191223,12.1951665240635,3.09449447330553,0.0150058359034011,0.0137052030067932,1.74530964531004,50.1476875972003,3.58196545694955,22.3582361487206,0.0153834976764169,0.0182660410386354,0.0347214141498437,0.0148101231416628,0.0603425629509729,0.280533477342614,0.37302599361106,0.374583733353451,0.374893344944377,0.367684470504557,0.17095935956517,0.0553725236585711
220,30.6497049288057,6.51912975788509,2.6020002522273,0.0152340512967259,0.0149471736025347,1.91326095303521,31.6324688121676,3.40497360448353,18.2965640968177,0.0186278620887583,0.0314145276259527,0.074386146330723,0.0241838127695135,0.129495575496803,0.36528405378406,0.422117031768844,0.423052493956237,0.423114957678936,0.414211628248362,0.193196713940141,0.063127797340564
221,37.7386232931932,7.45558697873526,0.85047366307117,0.0153407105387033,0.0139020062381026,1.96975367702544,37.4634120427072,4.36995202070102,22.5402252946515,0.0171898025321445,0.0299786924081557,0.0758023841203402,0.0197640495887717,0.108255081041272,0.351257748769541,0.422601365815183,0.42304280781719,0.422749278957482,0.41299224374066,0.191610701750344,0.063239364157989
222,52.4227749770014,9.97361578650856,3.05986638797913,0.0158239773883985,0.0161766840042953,2.0853447758127,62.5093463528901,4.68955382448621,28.2808774884325,0.0122065838157056,0.0170349349710816,0.0370059658680894,0.0129744240139302,0.0639948052174036,0.261263172220242,0.340227150490682,0.340835331738961,0.340598187302633,0.330791627821128,0.140268984867734,0.0462729323376741
223,45.4592968222891,8.48273613872766,3.4950807132991,0.0151550001215955,0.016735591377504,1.52775494894013,62.2961098048836,2.18797798850574,27.9709424951579,0.0204208247031275,0.0250096845498443,0.0428808234706757,0.0277695938527367,0.0760953397658736,0.237407597758228,0.286101320838219,0.290778272422009,0.293231767675043,0.293240465182312,0.162001457440707,0.0710563517132834
224,73.1555792023575,14.3446327738801,0.135482780984603,0.0163110054343661,0.0152431152156345,1.76089126314037,33.5514599271119,4.20453470060602,15.4722737555858,0.0174303046544174,0.0206414455571793,0.0416395895986411,0.015400934462561,0.0578395982977737,0.298598564466075,0.411387594825602,0.412229549109735,0.411946185127039,0.401805991786894,0.177160637729933,0.0536274426562455
225,34.134983350556,6.8600275936531,1.23509688070044,0.0154704384494826,0.0148346475818349,2.21881477814168,61.7098083067685,4.05576660274528,20.1182563276961,0.0137687386369971,0.0260009345224355,0.0643610357786338,0.0194679697636054,0.0954839487691824,0.286866204777541,0.341347268448905,0.342663686272759,0.343005492453304,0.335887223390657,0.156223724094834,0.0562012773270613
226,32.0747074751048,7.27115576336078,2.02889593562577,0.0157520099906063,0.0131561261669877,2.38390552671626,34.3134392611682,2.42776954965666,21.6863255691715,0.0204196096935459,0.0367520168401956,0.0888169862057922,0.0299078561510063,0.13905775319869,0.356444229044163,0.405746738064969,0.407924740024928,0.408851017483642,0.404638646062762,0.219734747064575,0.0840892899928994
227,27.9480734963997,5.52603067503915,4.04302543785889,0.0168664050516073,0.0141975051017808,2.25531244883314,58.0959724634886,2.83048029476777,26.4878644840792,0.0174474694647561,0.0297080181324986,0.0615055791401763,0.0281381872800755,0.118764445003497,0.292716497080298,0.331293910628037,0.333723192906936,0.334863696263133,0.331542704002093,0.173180315199408,0.066927634434713
228,29.0313897715814,6.33911422888522,1.69548058288638,0.014849100482876,0.0158852417925069,1.62003123061731,69.2331056296825,4.84720572340302,26.2901780172251,0.0110168127721451,0.0188839575884789,0.047332852008302,0.0152997972455126,0.0777064912546295,0.246844380420988,0.29466823917714,0.295376183018013,0.295368183972044,0.286496338543221,0.115572827711022,0.0374960968162463
229,36.2984657563126,6.52281699734455,4.14163661759812,0.0167254481590697,0.0172719303591592,1.95820383634418,51.3300378341228,4.47317350073718,27.2052337951027,0.014932245962746,0.0233273940139919,0.0494337155335139,0.0178187912035029,0.0975729355568881,0.312599031030849,0.374412464833898,0.374723632237693,0.374360221556224,0.363488471770926,0.152357321647871,0.0470662551641453
230,68.2501184491303,13.2420276219399,0.160076060215943,0.0143947044492701,0.0154764256420002,2.49832416232675,53.5196894779801,4.73663876811042,27.3301136540249,0.0141301849707597,0.0205299861159593,0.0496117023441511,0.0139128785805749,0.0672109620031273,0.29535337313228,0.404934522370521,0.405636522082582,0.40525312974611,0.394152614798866,0.179304446307459,0.0651391445318868
231,24.0405916294071,3.90103137992495,3.92044400051236,0.015414656571313,0.0142409428321322,1.7242600878235,63.6990675330162,2.56140633067116,29.0518190560397,0.0185181627880405,0.0296945020368015,0.0553898831345313,0.0300057147605114,0.111553312104702,0.262342700194019,0.293990557067206,0.29756792869273,0.299448723753147,0.298416799791127,0.162311822881472,0.0672395946949441
232,54.7004261650134,11.6847655272104,3.42390912165865,0.0154345051530329,0.0162261693912145,1.71041745971888,54.6521841548383,2.00592655385844,29.1447678068653,0.0211900415739945,0.0247541373251841,0.0431504721902383,0.0263273940378745,0.0746214856396953,0.255908728914654,0.314869691147172,0.319314574621057,0.321575863259139,0.321000248269964,0.176654210909816,0.073050402315945
233,37.0576549873528,7.71234883310007,3.92560632561799,0.0148151333707106,0.0146272515196127,1.52074888953939,49.081312790513,4.13833233597688,27.1602451521903,0.0151849925392758,0.0201315067095834,0.0421071886476641,0.0160118498438495,0.0861424878523342,0.309504243460604,0.377150151009266,0.377860907848261,0.377741874289501,0.368160517228756,0.156848180565073,0.0459872356603532
234,49.6131744637369,9.20029964999253,0.281309100799263,0.0159794275346654,0.0135486653783532,1.90595186315477,35.1600023545325,2.12568708858453,29.2899280157872,0.0203778818179717,0.0294008694588573,0.0663448516687353,0.0223099201977576,0.0908141267457479,0.310633165628455,0.37569466715971,0.378762609921209,0.38016841748691,0.377445211036577,0.203399591380628,0.0740809382931559
235,59.0203404172032,11.8132319190793,3.86597653815988,0.0155528900117037,0.0135228448733716,2.15407615760341,50.3463581763208,3.45680249575526,17.3442894453183,0.0155981360216531,0.019989163125004,0.0407499692271305,0.0161029853666046,0.0726429714106325,0.293639547545629,0.379646291015422,0.381296166683543,0.381709120102164,0.375301155119506,0.184735918135243,0.0655932431336192
236,39.7798098838672,7.90555460826643,2.48891316843219,0.0158234563996102,0.014968091507807,1.79691311530769,60.4465561173856,3.65736103081144,26.278809173964,0.0138515747389042,0.0204006703166834,0.0457623123986213,0.0165034925568638,0.0786023033107077,0.270681946895309,0.329727745371214,0.331240787542721,0.33169685573454,0.325094090168424,0.147667419846731,0.0493397084103361
237,52.3484500631201,10.3928398818773,2.28335921501275,0.013273472750779,0.0149466470386795,2.22494133887812,66.1122931726277,2.36638358864002,22.4839853926096,0.0203018234887333,0.0264030241415347,0.0492795903259272,0.0298130726669025,0.0780265697472858,0.238901866046083,0.294512733235642,0.299608367599088,0.302294209257143,0.303367101281775,0.18226978696283,0.0890751768712371
238,44.9436034748587,8.92401207056616,1.0454568809364,0.0146079572281368,0.0149188016476143,1.66392924287356,65.907373689115,3.19106213469058,16.2111986114178,0.015451563460463,0.0210965169188395,0.0446389714828125,0.0206618747616248,0.0676314657913063,0.234868840556636,0.291595595851762,0.295044939696183,0.296702360880597,0.294217070487879,0.148903074297891,0.0597702866322257
239,14.4593179616807,3.15529312779619,0.155063132056966,0.0139018568974404,0.0129819908079691,1.88096428802237,36.8539935071021,4.56495514488779,21.6467826836742,0.0244432050625916,0.0648110183700869,0.160766666256393,0.0471345223864148,0.198715868856174,0.402372512013475,0.436823314320267,0.436985771285326,0.436663055366474,0.426581329536331,0.19983283930695,0.0670068542896364
240,48.9663162953769,9.49433408166108,4.4216471813852,0.0137327395830759,0.0144240468488642,2.192130434094,35.9831119794399,3.91172645846382,29.5078261638992,0.0172340583147709,0.024073742290611,0.0508690083405104,0.0181769459066756,0.0960840564818905,0.353262925187159,0.443984344259288,0.444770211808427,0.444568774068245,0.434285634390986,0.206334973991854,0.0733729706380545
241,49.1371921877333,10.7555124763413,1.0415481145028,0.0165051715752903,0.0153589873655004,1.68699119170196,45.7019333727658,4.42106381361373,22.6613147940952,0.0156010227281588,0.0206384437043906,0.0489932401063916,0.0150427681879935,0.0735427217596714,0.300035774346357,0.381161416995668,0.381709485655667,0.381425019241195,0.371490785871886,0.158405334805346,0.0465492666125801
242,46.3389840456113,8.13052687499061,0.416348616359755,0.0149618993896458,0.0145247030256041,1.94459420884959,37.9628766793758,3.55990518047474,24.051146262791,0.0171519282697701,0.0278267189614629,0.0665440653080987,0.0177600539512681,0.0914686205452307,0.33418772121978,0.413705972831923,0.414766639007356,0.414813128521919,0.406029354685675,0.189879342216844,0.0629843452191747
243,21.4956839716652,4.61739813454187,3.84016516827978,0.0138233532928986,0.0156242050775176,1.53404713375494,58.8860785029829,2.846274782205,28.5528740147129,0.0169148777058175,0.026960592485113,0.0562453879733747,0.0270777540677381,0.120987484311828,0.292241350302569,0.326875564695739,0.329527170450754,0.330767392876591,0.326087527871581,0.15563880017288,0.0555253196872367
244,49.2202294001574,10.3140638437855,0.677599882590584,0.0150365700798692,0.016128794215518,1.60934252268635,48.8511994574219,3.28651857562363,22.8220193122979,0.0159349034345553,0.0211071356040934,0.04892348434724,0.0160934781006308,0.0714021028775518,0.289769711215923,0.365570157647101,0.36725489513536,0.367688787813083,0.359761956567871,0.158175710898976,0.0489963902867839
245,67.5538669812969,13.4353470484982,0.905862275627442,0.016883805636981,0.0159266266684094,2.38537678332068,34.380057733506,4.37004905589856,29.814828322269,0.0172685295857915,0.023661450020899,0.0546413941032872,0.0163933299770983,0.0777157004788885,0.324959011739301,0.429163596724653,0.429700037011065,0.429278519332715,0.418715200829054,0.194743450230245,0.0671812117399681
246,71.9488408561042,14.7565782974762,3.35049539606553,0.0170449735252538,0.0134747523936187,1.70553615014069,31.0658060293645,4.63512842776254,22.2358296322636,0.0177262912200807,0.0195653040572829,0.0337360370507981,0.0155421319909126,0.0579879321682472,0.299189645266352,0.410770431885892,0.411422450151211,0.411070926689358,0.401843669159394,0.182437129677748,0.0546555515549093
247,16.7428990196893,3.70574858464765,1.1477010184899,0.0156098997561815,0.0155895273889727,2.13167561101727,40.549607584253,3.65980797307566,16.219845470041,0.02291816809734,0.0540873089088131,0.126424456155178,0.0443312598916636,0.184804761492662,0.377188907899814,0.410257416059851,0.410933866212517,0.410926048282718,0.401717564066149,0.186243804748062,0.0630615867963943
248,62.2044454844515,12.0267291587638,0.550994419259951,0.0161274814483343,0.0159724567404145,1.55891197687015,60.1387658622116,2.6486694382038,17.5984369323123,0.0174768978265443,0.0210012869304037,0.0389863667557431,0.0211622345568179,0.0569209969855585,0.231299369870657,0.299537133495958,0.303262369809195,0.305032505903922,0.302909357610091,0.153212584458709,0.0586635918204653
249,67.5899620494528,14.1409827551515,4.22938168456312,0.0140993235577684,0.0136617391958252,2.44749173964374,35.3364130109549,3.66263528750278,19.6478362858761,0.0173538936356422,0.0219348258720033,0.0455115794714048,0.0168338746221918,0.0798627117257151,0.3355362977158,0.446004942650217,0.44720116837623,0.447172223301275,0.438285440587526,0.21930768046241,0.0824060112755367
250,44.0104356170796,9.56740438281823,0.025664116605185,0.0137185930196699,0.0156179332462449,2.31083272048272,39.1211640741676,4.28414877876639,15.2485398540739,0.0169631410457427,0.0296664546180445,0.08099788505688,0.0196178656093437,0.105714458596082,0.359765037477585,0.444801994280631,0.445394199217499,0.445062834864118,0.433467573597548,0.200352540959285,0.0718972373925287
251,51.9243475723772,10.1453384611768,1.03046484652441,0.0162723527892996,0.0145329395566965,2.3788898140192,50.3688998613507,2.86847470677458,26.459567922866,0.0167085649493079,0.025765870645822,0.0605129826207016,0.019421181923589,0.0868941855371043,0.299177307549403,0.369171864839808,0.371266756005779,0.372041564247676,0.36695545290957,0.187616170343437,0.070417298267259
252,48.2978433640878,9.60682729578481,0.875933897215873,0.0150398785253044,0.0140395846217159,1.88172632781789,41.072448566556,2.45296226697974,29.0448597609065,0.0185798046721138,0.0262579709059242,0.0602505008320137,0.0202427944952424,0.0875760628771745,0.30948237864263,0.377737851968595,0.380364123368417,0.381467066426537,0.377193441439435,0.193905521469736,0.0690130379705819
253,69.1615154622457,14.3980271106553,3.41578008583747,0.0158829705348975,0.013283989805254,2.49985019583255,60.9630504623055,3.41504889307544,23.2760800374672,0.0142969660893606,0.0182297050383319,0.0372056929757266,0.016243379399159,0.0621498498916171,0.254469457731205,0.339327203396063,0.341544993597612,0.342332562229163,0.33785323021284,0.174113037194614,0.0682198408432327
254,74.6261899310999,14.67556750777,2.58901568152942,0.0157585274005502,0.0153865930652925,1.83619986707345,54.0482671372592,3.7462984144222,29.0602677315474,0.0145181466017205,0.0166822329092741,0.030436654182438,0.0137450401315129,0.049869187851841,0.258645774433642,0.36052645322205,0.361891058413573,0.362007762566151,0.353685978044923,0.157051128269982,0.0502440348045724
255,39.2052508977693,8.2400706757586,4.31282628932968,0.0143175442353993,0.0127604916640308,2.20150501490571,63.6493113078177,3.20308089745231,16.7570849333424,0.0154040189213118,0.0222275794172925,0.0457989893292239,0.0220229341717218,0.0874994172670168,0.267562896415021,0.321977777134212,0.325000354530792,0.326431890265432,0.32395297506314,0.173934799616606,0.0716206395675001
256,27.7396782419068,6.00963988398576,0.451844570226967,0.0156916576700666,0.0148263271571483,1.92629432701506,65.513550946489,4.3511925174389,18.1088318559341,0.0129786264144282,0.026069628535562,0.0690973915619986,0.0198047512438279,0.09475934465094,0.267373740616335,0.311841588984701,0.31319915369013,0.313617112291776,0.306947136247997,0.137885800062693,0.0480269255950862
257,50.224565007703,9.496785369178,2.92090290016495,0.0159330088346809,0.0142157253448515,2.41816860856488,33.8787188474089,2.76456257957034,26.5518910728861,0.0185723378511714,0.0281070598946785,0.0620466219383533,0.0208178068165683,0.101906432448348,0.341027698974008,0.415825481962098,0.417531489459566,0.418035016145264,0.411801619000565,0.212350173441884,0.0786470882075649
258,53.8149297828935,10.3954981957473,1.60892367793713,0.0145049744606274,0.0158608339602466,1.94590084441006,65.8986192848533,3.74756187666208,15.1501282677054,0.0135674173183576,0.0183474545296024,0.038683856601771,0.0168077761436862,0.0604876840105703,0.237520431652134,0.308868976038299,0.311441199745431,0.312454811060651,0.307110785692486,0.144207438430209,0.0550210702099272
259,18.6157158183603,4.05784577666325,3.78030774719082,0.0150241365471556,0.014921298555721,2.35830939630978,45.0108773633838,2.36632613069378,16.7316481517628,0.0240664581723431,0.0449165184630868,0.0904334698732661,0.0466236101573685,0.176535315053684,0.349297151690132,0.379093376074619,0.38181019205058,0.383115849927208,0.379395678170031,0.203258557690976,0.0803246964342077
260,54.5119239788726,10.860988148951,3.37429350300226,0.0146653690698416,0.0156690470139264,1.69800760573708,68.7511499039829,4.66603926895186,29.1239479766227,0.0108413958126405,0.0135035887615115,0.0268027509696685,0.0117682228519444,0.0485382453396438,0.223926015793686,0.301804092512142,0.302696391231262,0.302657449455712,0.293726570300479,0.120533585601005,0.0395779728735378
261,68.7005151471664,13.7091163704346,2.44442087702919,0.0154466135310071,0.0148410006569852,2.23635684000328,32.5357208866626,4.64111874275841,20.9845172404312,0.0175365237963121,0.0222119908342418,0.0468299539672397,0.0162454948676695,0.0745395568587343,0.3298077053331,0.443767347260652,0.444371383171947,0.443928671151942,0.433061829040464,0.202846101874952,0.0703213539769354
262,53.4566855741153,11.1634313781113,0.910384662332945,0.0148289153529722,0.0145180343581133,1.60523266112432,43.0483238305897,3.23423384781927,19.9404334940482,0.0167046184603345,0.0210705367531723,0.0464395820161556,0.0161523759189588,0.0693308162240523,0.297964631222636,0.381622908985324,0.383342630760307,0.383780806086839,0.376453778469398,0.17246953830237,0.0537876479166945
263,7.04721997724968,1.61646976009778,2.65526989975479,0.014712199135733,0.0158131824816307,2.06235733465292,69.5988365635276,4.63206227030605,25.6487317476422,0.0254707536631121,0.0488430172952135,0.0863402219060851,0.0610687051840099,0.180422327330225,0.286410927411911,0.30032969246496,0.301144109608753,0.301334781035423,0.293277641172846,0.126489851135436,0.0456430395857438
264,39.912750172866,8.29560431871894,0.379597582505085,0.0150629674730429,0.0134774557593257,1.75670985574834,68.0942962504923,3.59301112964749,22.9489767411724,0.0136296579353659,0.0207173995548583,0.0495181037362927,0.0185938267460212,0.0696651620175679,0.23414189136362,0.287062208706069,0.28964855924328,0.290829314623148,0.287528163292979,0.143141335793763,0.0556558919113601
265,46.8229251205262,8.39043732945425,4.47857901337557,0.0163598994598548,0.0154826611598365,1.52725030458532,53.4460012707859,4.93362972699106,24.7189170657657,0.0141085275581043,0.0174960175152872,0.0325175515164796,0.0135726833668446,0.0663297257704509,0.279590211561182,0.357543610465225,0.357877666293699,0.357473825909648,0.347053740490123,0.140215293026854,0.039031715994556
266,43.2749898786838,8.56332691877098,0.176405799225904,0.0138377827132016,0.014152936245425,1.5026391025167,44.4136544968933,4.44571524788626,19.2089261021465,0.0158444945752249,0.0229378590550522,0.0567700958203837,0.0154090749335655,0.0781684833690646,0.317191287927195,0.400782309182468,0.401462489985317,0.401225514077933,0.390722634309547,0.167237833514763,0.0496045984928673
267,52.4175164877041,10.4250862944105,0.332735948148184,0.0150356962208532,0.0156585248566216,2.18063554842956,64.6696616522968,3.57126663159579,23.0311321641784,0.0136896537648426,0.0203773611852711,0.0480935414394515,0.0169542324243426,0.0668447232363066,0.249499595656068,0.318821614548949,0.321047590302828,0.321879867075643,0.316282337243718,0.151081522891143,0.0578513292973841
268,49.4076246632426,10.2332709878829,3.38311855006032,0.0154453466049054,0.0156394851511837,2.45735269691795,57.3417283222079,2.10570367937908,22.842882288387,0.02109359992542,0.0284646326958297,0.0557035861167482,0.0291544294879685,0.0929552470042561,0.272034017228856,0.325939749974038,0.330292560288051,0.332528254656521,0.332260851245154,0.193249238745958,0.0873592219825115
269,41.2186141135471,7.90387432614579,2.8545095192967,0.0133164211207709,0.013861088429552,1.55521628120914,31.7370664607733,3.19298714911565,17.7876352448948,0.0181497024757795,0.0242555055141065,0.0509512220273139,0.0181828232560836,0.0923184461117553,0.3413447867501,0.417462876023935,0.419021273001528,0.419378965975635,0.411255007697054,0.191201399811741,0.0600943543878206
270,71.0230952408915,14.3567239768301,2.55827329249587,0.0168097043061288,0.016276087469294,1.59353454061784,51.6585316043347,2.70676776883192,16.0360841103829,0.0172201422537765,0.0192123389345151,0.0321190122685606,0.0181293492888123,0.0526273738452998,0.247705212210372,0.330412476298456,0.333315003165082,0.334494305841858,0.330102156447945,0.156065640237828,0.0521472534884289
271,27.3506955554426,5.43728690581854,0.388988039223477,0.0143430231251806,0.0125546891399514,2.31461038812995,50.4109810106456,4.09651817334816,16.9026395003311,0.0171762219167889,0.0398737430612185,0.101270935888508,0.0269553876632466,0.133425383203744,0.351591254424825,0.404734942748031,0.405579162403943,0.405643195652165,0.397875614734688,0.196737770431937,0.0724313643183717
272,67.9401238788452,12.7079586871109,4.30094101151917,0.0146991397977674,0.0147389802218865,1.7528407080099,66.5148316323757,4.70179647137411,20.824882700108,0.0115344666340709,0.013392805934024,0.0231523231780318,0.0121080087139423,0.0427080338970444,0.220027499185521,0.312881094652251,0.314299307736273,0.314487059308283,0.306546789524697,0.131320168289092,0.0438013189909546
273,68.2685899660187,13.9580861807405,4.21121142525226,0.0147375543133338,0.016726283651246,1.71586794336326,35.5469876434654,3.82351421564817,19.9957430362701,0.0172262992150674,0.0191325594252825,0.0328731732759234,0.0154221896301861,0.0602529985053572,0.304314354168845,0.414839820223036,0.415902615704154,0.415722647921419,0.404535923236262,0.172563782124555,0.0523435141356376
274,34.3719103948228,7.06011376308658,3.98581425170414,0.0137994704712819,0.0138478682045427,1.51193113089539,37.0185184385628,3.03557864180766,24.6680706669576,0.0177360839626604,0.023819864039691,0.0492117823934004,0.0194272017371448,0.101975122215217,0.334087062737509,0.395782916320184,0.397520230918005,0.398070148718317,0.391017876266453,0.182698923632065,0.0570444694371194
275,19.1123938123191,3.63144186817465,2.17731376597658,0.0148910877138478,0.0154452613388358,1.57393871014938,31.4682851545513,3.3121751579456,27.4034446792211,0.0202784109181429,0.040566856054876,0.0908864984383638,0.0318861571211371,0.160931942615936,0.369595532283403,0.407793477235403,0.408761061101473,0.408900600647765,0.399776125738198,0.176720919531125,0.052615857503153
276,52.9276296364894,12.2275986359508,0.878374183550477,0.0139240794286134,0.0144571525243456,1.85868683340959,32.8257377445698,2.94772181962617,20.8118994499091,0.0182200854899759,0.0236844887121824,0.0567963938805244,0.0179276834245015,0.0834434100382267,0.331944644155994,0.418698047455837,0.420494744892722,0.420956301005869,0.413410700416592,0.199549687032775,0.0674722015786177
277,74.9014674338969,15.0273093863172,1.62884161435068,0.0163504307767089,0.0138759872444898,2.13131540175527,37.3476165626198,3.12873828830197,25.364915082464,0.0174336545720463,0.0211157042104993,0.0428126345233225,0.0163129116474427,0.0648679126585963,0.29994954493208,0.4028917187102,0.404520603562085,0.404833019256037,0.398062120259452,0.19688847367276,0.0679408421441315
278,43.0516254744911,9.45031551003303,3.05834703182336,0.014163482713472,0.0155638034747926,2.36957562319003,56.4633151609451,2.09536060364917,25.1566588506103,0.0210415685874729,0.0294071910186177,0.0603522082513356,0.0297453882843107,0.100779895329257,0.283539419773594,0.334580357374874,0.338881822419307,0.34108961656036,0.340396134452772,0.196203779247428,0.0879360086726637
279,44.3266956282237,8.41640748117153,3.43861885042861,0.0136496280887798,0.0163157918180651,1.75282698473893,48.9238208997995,4.39246267359704,20.4010661377106,0.0151559947485611,0.0206655824701737,0.0436001663081319,0.0155061289417414,0.0813644639790315,0.317221900901369,0.400879114111094,0.401562715934453,0.401279762641299,0.389411103891486,0.162979351429723,0.0509650266431369
280,40.3595302253513,8.2130507840533,3.35309417790268,0.0140956441929354,0.0172239693229793,1.59028491401114,68.5528873000294,3.56358332443051,23.416205184767,0.0136666325954708,0.0180805971932411,0.0357045674494792,0.0184634709386487,0.0662896836275017,0.231079768301618,0.285761405655341,0.288415408300533,0.289562516185893,0.284240655748239,0.129141624603853,0.0499123956342152
281,53.3793184516363,10.5270553215756,4.41105030477047,0.0152853419431254,0.0138439508483884,2.23449366912246,48.8664343487471,2.37860305327922,26.099002979463,0.0186035188908178,0.0242316961761258,0.0472857614473503,0.0218895810128326,0.085998933195671,0.295034411180176,0.362967539048467,0.366041025567756,0.367435908059859,0.364594088293235,0.198505205760745,0.0782588751783903
282,73.2904421242468,14.5464823351668,1.47449959942605,0.0152724648277404,0.0128882905027482,1.6905886027962,59.4993619807065,3.47077313414775,15.5396028561518,0.0145202380067838,0.0167491736756595,0.0303254974605602,0.0153231342341423,0.0468656537952818,0.236562280648899,0.328957330179739,0.331406281238657,0.332283266608,0.327836744002849,0.159653756024532,0.055159123105347
283,63.2723889155413,12.8470459371379,0.159873111289926,0.0138687492537872,0.0150177703847418,1.58986288146116,40.7303439918905,4.9557209899649,27.8025522187818,0.0162472425949814,0.0196395277468833,0.0419253464466283,0.0144502530966782,0.0587130510826433,0.303295778479565,0.418300620462442,0.41883262765267,0.418300104346371,0.40598936789928,0.170626904963316,0.0510925817700225
284,18.8086292516381,3.13275798016547,1.62745121272746,0.0143219307834136,0.014629434977547,2.14671104913577,60.7481687609106,2.56341330753639,19.9469965416938,0.0223210706046568,0.0461791767369917,0.0926065222814426,0.0405339693130503,0.144528185242679,0.294800851705065,0.322742669468148,0.326380077610878,0.328277762742412,0.326758496605965,0.179970013248007,0.0767541957383161
285,37.273299188453,7.69212822393019,0.00998604437336326,0.0154829948708561,0.0145679256196992,1.663127734093,51.1041984520853,3.10564374364913,26.6849257866852,0.0160679122787715,0.0261153985185846,0.0680711219928136,0.0185220960901417,0.0902109151097211,0.297073835478488,0.354621466730721,0.356462536141133,0.357122057784402,0.351102160592376,0.16430690355187,0.0533653987439139
286,32.0032182050146,5.52697441772755,0.910169520881027,0.0163061025488423,0.0128464617798627,2.07062670448795,32.7448226138949,3.50505858752877,24.3998192064464,0.0188411692823734,0.0385229085081416,0.0915014368969181,0.0244922775544746,0.129139817667421,0.36177202184342,0.418561533212799,0.419400061328907,0.419461873834805,0.412137890167686,0.204189813144069,0.0694415732788624
287,59.0758810620593,10.9585182098137,2.0376848357264,0.0156364218569366,0.0155501429484875,1.57120093470439,63.5581105481833,4.01151770609431,28.8582822773606,0.0125967444787964,0.0154965657877238,0.0300558035492797,0.0130527295451158,0.0489951997249006,0.233778591581686,0.314147087577492,0.315466828958872,0.315687917980912,0.307959765725536,0.130593164178039,0.0411206778528483
288,56.8477484000329,12.3391241182266,1.61768043134362,0.0164368635132121,0.0159385638032462,1.77375706192106,47.0390784088522,3.42317148530856,29.3008259497583,0.0158803102898372,0.0197131153973753,0.0428408659070097,0.015405674457574,0.0671244285744771,0.287266490247248,0.370011671624997,0.371315412147656,0.371500592643045,0.363320077218303,0.161320890007221,0.0499937004739618
289,35.7004359426452,7.24574288662276,0.043900583521463,0.0124249227928131,0.0155831022668731,1.55386204645038,39.3916480802,4.16773369698785,18.0209664395079,0.0167820239108221,0.0277662810974399,0.0741380117037462,0.0178292103915011,0.0986987446291459,0.349774880582787,0.426322393733531,0.427040484400765,0.426799028595358,0.41458051847236,0.174604209781828,0.0533072999134429
290,15.4973218119978,2.08959174848803,4.26750067330431,0.0147802773515519,0.015293195353544,2.00386934913695,47.8597948513925,2.5929635730572,29.3906315881759,0.0243915224779647,0.0465300220089257,0.0808497492638112,0.0457746046452797,0.17841613132207,0.343261633101371,0.369830972749282,0.37209885826617,0.373131822890766,0.368096798637103,0.184537140322634,0.0671957786220625
291,71.9490713287157,14.4196370964047,3.56496256054379,0.0166766965129753,0.0153258834829811,2.28017739485949,30.2096123527735,4.26007937407121,19.0936337190215,0.017901390624666,0.0218651345717148,0.0435760885459276,0.0164642348231994,0.0735178548002546,0.325180963143374,0.435989995935022,0.43667876198577,0.436320293850981,0.426129857674397,0.200337219021027,0.0685417428328101
292,13.3257728280696,2.81172091303227,1.57703201996628,0.0150944628064893,0.0161317874713651,1.50330732250586,49.5907783787698,3.3489543015603,15.271784310462,0.0204711641680431,0.045484672500718,0.10215531785905,0.039704455606643,0.170067312729878,0.333236694990054,0.358875005150193,0.360298155117943,0.360775751490794,0.352974889022985,0.152729578363143,0.0460584435974156
293,35.0932733039803,6.81235450821169,1.96825470705517,0.0162941985140378,0.0143065003187654,2.49795656674542,54.7586863860488,3.18118430348113,24.1196858917829,0.0164614094929445,0.0309796513235443,0.0719227841394085,0.0239742894780607,0.111592908847501,0.310307139387881,0.362203860388103,0.363961585559885,0.364613441941024,0.359232048392412,0.182327577270428,0.0693209316842944
294,55.8997577146048,11.5727056124653,3.00230635225307,0.0140167370545682,0.0162958348654863,1.68466679821722,46.0431285668164,4.43669200967997,26.263890650589,0.0154995201422155,0.0186781134174923,0.0374405500210818,0.0144075371067292,0.0660333588364902,0.303917773202203,0.403362768792703,0.404024356600801,0.40364968164553,0.391572916514663,0.162439694410807,0.0492935670230444
295,45.7648473276808,8.48339660189182,0.451544667826965,0.0149931094707103,0.0152942596114374,1.77706870203838,47.7625710796565,4.11466222140007,24.8340550402645,0.0154183292722672,0.0236943144753627,0.0574219980990369,0.0156496695795186,0.0802796104722988,0.310226842838888,0.389615673126871,0.390389092999167,0.390239133756026,0.380288684369965,0.165713148457576,0.0517288003663391
296,49.8433091388099,9.95329013442893,3.30138563050423,0.0143784963214294,0.0149487687520567,1.64841620670632,51.5212955418974,3.61914744181558,19.909828385571,0.0152026716192968,0.0189876861486943,0.0380359114907074,0.0152976990521159,0.069576236042668,0.289647195564319,0.370187262585368,0.371697711017219,0.372007340136272,0.363869846276111,0.161902433164867,0.0512106297654
297,70.030265047269,13.6631478560336,1.60355943592731,0.0157409701231215,0.0165407313438183,1.65226685185917,66.7629200872034,3.0522040699143,25.9321944729891,0.0152852038784752,0.0178647176013375,0.0308354030669406,0.0194160422953901,0.0478984698707473,0.207976497552468,0.281284476442029,0.284576574043799,0.286057224468183,0.282893865439261,0.138944557895548,0.0554993304077402
298,21.8441983712184,4.77975807537056,2.8473315120209,0.0147098590874702,0.0136770451530174,1.66077086795121,32.6338216103613,4.67677118675783,24.2007738689426,0.0189043055656701,0.0340288548718348,0.0790753475299984,0.0284639434090658,0.150982476639629,0.380100565859553,0.428462603808041,0.428603398715322,0.428206029850063,0.417662694012549,0.187123817069724,0.0576625125709918
299,38.3096437577365,7.14380684190167,3.82255410240032,0.0138987507311428,0.0143640601817605,2.16271613095887,47.3885067738593,3.05662045348436,18.9859624276869,0.0169650179267772,0.0267383272375613,0.0573163767523325,0.0214248724436123,0.106722853698564,0.33085222959881,0.394339620672151,0.396235037542026,0.396880053594923,0.390348095477775,0.194075824681701,0.0713563129533305
300,18.3532112683601,4.05199144845747,1.34743856394198,0.0157205227957012,0.0158261966845836,1.71064882096834,50.5289478879422,2.43218043749221,26.7480680043809,0.0207237959241356,0.0415492338888606,0.0971167803378839,0.0362354297439334,0.149704190741346,0.311725964220584,0.339921577844615,0.342781921760484,0.344181898537523,0.340552764719513,0.169918811326071,0.0607600698574611
301,73.2961047719653,15.8561246354675,1.42336698516738,0.0147033546604257,0.0146751601602677,2.0226344470866,44.4833524059504,4.71123525081202,21.0892549739219,0.0157253793444284,0.018698071970933,0.0391510425987408,0.0142552916561695,0.0594186682017605,0.297228652082428,0.416208102462663,0.416983557783115,0.416603415970784,0.405787536487058,0.182792428305611,0.0609555940087733
302,7.88137138314198,1.63573172945039,1.24590212304611,0.014409272940262,0.0146259561010026,1.73259662021883,67.9008924774826,3.02358899638057,17.4854975170456,0.028497404010253,0.0586555763900119,0.109559702331802,0.0622388494066121,0.172109034227186,0.26568119810998,0.279601087428449,0.283441038044525,0.285521762202239,0.284723411295487,0.153934698559624,0.0675504251354811
303,26.5610337431776,4.77657473135012,2.93124996148981,0.0154393863990929,0.013481183171564,2.05362025788054,46.9374755304307,4.65653373324312,15.0366354652215,0.0169862619676677,0.0330906672434807,0.0728964878265172,0.025311556924368,0.131703888383675,0.351165051470993,0.403681676986552,0.404044466332958,0.403796885117842,0.394583450831161,0.183616420004287,0.0618189345238118
304,50.0605868560225,10.4369584529094,3.65576870902441,0.013620873824383,0.0145083215330742,1.90326363220811,66.8158795870841,2.32963525340892,21.9948646577541,0.0209142531056158,0.0255174290882506,0.0438764197827137,0.0308757612916927,0.0758171579345351,0.229592605629533,0.28133425788276,0.286714273063816,0.289601680708145,0.291578793651944,0.178074663868798,0.0874420976049536
305,55.7541945662757,10.9070696825235,4.01947323291097,0.0145264836598242,0.0138888660599554,2.17100462596864,33.8107328303158,4.9623821596615,27.7487645996734,0.0173571278530423,0.0229890826772902,0.0480007128838768,0.0170548216796161,0.0867956220915497,0.346976726065812,0.450332664805579,0.450739905700892,0.450241534984397,0.439215958423343,0.207312029719294,0.0726086518075765
306,65.6939725488465,12.6442651040861,3.95020181138534,0.0144947846721369,0.0132917517381229,2.4147763599176,68.4729610383511,4.45570933120325,22.9842314240523,0.0115271218704281,0.0150038206331308,0.0298800197465442,0.0135693791551206,0.0522683977370462,0.226676001296637,0.313062579392714,0.3148031304972,0.315265038164958,0.309223181773639,0.148217798772805,0.0577006958163245
307,25.0159743316184,4.56377342001414,2.45796761463862,0.0142975331453685,0.0150947490113785,1.73603139235638,48.05300693959,4.05341991293244,22.2389492788352,0.0165047655044133,0.0312613067564392,0.0706709821403797,0.0233930752039435,0.126179011126827,0.342655979729227,0.392702777887328,0.393382467360491,0.393299462018359,0.383371181686056,0.167501789228337,0.0526569226492985
308,44.3091557208595,8.44500938365709,0.812982512405142,0.0141160109145155,0.0146736514361635,1.94834552705288,32.7475566975772,2.84766569058411,16.6593691566959,0.0185392158368198,0.0290375081963613,0.0697474561108654,0.019928145715678,0.0998670334794364,0.344626957601016,0.41851250430623,0.420320843672601,0.420852147329137,0.41360284016571,0.202088196847256,0.0697540389509679
309,69.6501088546559,13.7293041610626,4.44200092437677,0.0153498320565204,0.0150757299647819,2.24888136563823,34.4940502662212,4.83349716686644,16.9255719264038,0.0172518386087446,0.0209915005628139,0.0407852283837253,0.0159695227866404,0.0729943223300921,0.326379592206358,0.442130413739235,0.442711003041543,0.442231848860368,0.431019881878071,0.200085417606352,0.0694123749672496
310,54.9366545619283,11.042327087288,1.40423574484885,0.0159308329290508,0.0162259079752118,1.63191056321375,56.1033301707357,2.3944372353144,27.7736646286212,0.0182829468023425,0.0224594708595265,0.0436020910149804,0.0215868534058237,0.0672493307874013,0.252494672929983,0.315924194654039,0.319462070158611,0.321142666501959,0.318564827187281,0.161633385580655,0.0607772839418841
311,53.0420632536762,10.4276573781497,2.88557578402106,0.0154177179598728,0.0156551899499962,2.20493674720638,69.1574414540082,4.2576414772775,17.6197479350958,0.0122412441273691,0.0168596334754392,0.0350718141735274,0.0159413325134578,0.0592073303646192,0.224242139085399,0.291983003225372,0.294144924197008,0.294940555020196,0.289429179062594,0.135354023143217,0.0531186344764134
312,46.2732481203829,8.00318666727107,3.2833686437225,0.0142474063772167,0.0145795734626165,1.71630053385161,50.8555483259261,2.55781153286807,25.8384665579069,0.017671603129343,0.0233670297775787,0.0449504497169783,0.0201078780923465,0.080727359247432,0.287500754989367,0.352008605089958,0.354992710833378,0.356322583031125,0.352446303673111,0.178108382002068,0.0642545146876528
313,27.6339787047425,6.02114852558145,1.18795863515697,0.0159968989152476,0.0151854083767236,2.33005851251073,57.1928470488638,4.44612680142745,20.9513631707523,0.0152083070192349,0.0324303041659695,0.0824115846856801,0.0244295288509576,0.120450055422145,0.319239714802309,0.368081758090033,0.368687932136779,0.368600209705162,0.359711110301812,0.164094202112709,0.057399284547766
314,56.9944532650993,11.7850406806848,4.11336082883645,0.0166379020588679,0.0154417984889381,2.43902192194946,53.7156812846661,3.11399465124123,17.1734600595664,0.0159063382148531,0.0213847007543799,0.0447424252998403,0.0182368757863723,0.0791558143589612,0.286050518569434,0.360467902748281,0.362539176755769,0.363259691408811,0.357689067622537,0.178320680903451,0.0669047894491892
315,45.8270108072546,9.57152455905459,4.27589179971255,0.0167903104319711,0.0145527914824944,1.84079416072927,30.6979660782963,2.38031482161023,20.6597483111545,0.0196638756825476,0.0249347224162677,0.0495841484151911,0.020913879031338,0.0950493629196299,0.321603458541316,0.386033757158823,0.388397552919612,0.389353976782232,0.384692028650111,0.193508537338501,0.0647757303730234
316,42.5269934364484,8.3935719925704,2.09637785330415,0.0147137784480975,0.0139683980140437,1.79902359610423,59.7561007924378,4.64040829334408,22.0126728806645,0.012999153239381,0.0192027203428786,0.0445751502260434,0.0142236588694124,0.0739708960141492,0.281079361518125,0.353934257377669,0.354735620234642,0.354664326708875,0.34582812186499,0.151440126140972,0.0488317664579707
317,61.6622196137714,13.1853177711551,2.90573285717983,0.0141750037833282,0.0154450297069272,2.21552680106834,44.489269675687,4.46995688392781,23.4921630111057,0.0157782543053918,0.0203372434956307,0.0446052353789643,0.0152875052415431,0.0744492615231313,0.31913730119127,0.425451316828687,0.426163681783255,0.425803591433162,0.414468909677837,0.188041886613095,0.0655120883201902
318,63.7308192458629,13.1851740294107,2.35968091199175,0.0146838880579551,0.0138262841551552,1.80324522801675,48.5859611909837,3.05332248681225,22.6592907845043,0.0163536272377047,0.0194245352837802,0.0379369811399794,0.0162769549694816,0.0622455001157791,0.2818938603625,0.372134302159585,0.37431284592358,0.375021182949229,0.369209113824676,0.179619464015347,0.0612392576767754
319,65.3877756480019,12.9651693445601,0.275883755763061,0.0149618526845627,0.0156140669314036,1.7266805479303,35.2217096555978,4.71368813095614,21.5272698097397,0.017120966417572,0.0210017208853925,0.0447953037976348,0.0152709175819909,0.0628747909460143,0.310756240469036,0.423292834748273,0.423875353117505,0.423396599493345,0.411545390613947,0.176544563874959,0.0537576050112635
320,51.0816923983382,9.40633542743893,2.0239877194399,0.016068559627303,0.0142523551474847,1.80144560686313,41.1434536613524,4.22539296955802,29.2506277514622,0.016308724700661,0.0221964799455236,0.0479416867526764,0.015688473260045,0.077335390616448,0.313839116015285,0.399522739997672,0.400129482136393,0.399877808491934,0.390468471411056,0.175475216655232,0.0544478432797094
321,52.2318376889163,11.1247335815326,1.37119062070269,0.016019165044268,0.0151489425922333,1.7718443479389,46.3986629247665,4.31433501769789,28.3841028925963,0.0154693789922132,0.0202774772117544,0.0466905945770291,0.0148362341304383,0.071796662855321,0.300684557597124,0.386585169503115,0.387181546782496,0.386905003908545,0.376976534673388,0.16364188181543,0.049840946402534
322,56.4989471123719,10.5856483661246,4.38268231926486,0.0161267679422236,0.0146690816574222,2.40213937079534,63.5974027775228,4.81594382366166,20.3562949807383,0.0120774912568771,0.0168578324687179,0.0352186876456994,0.013467245134741,0.0644958397456175,0.256429081803684,0.337303844789269,0.338274346496854,0.338272440634585,0.330217556233845,0.150442702584306,0.0538876698394769
323,70.6740664025995,15.0019860966812,3.93597151595168,0.0155693031226665,0.0152865810845752,2.165076256264,60.9062500856817,4.18633722909726,28.3861702750437,0.0128892179248653,0.015357916057293,0.0299864649737732,0.0129053729375558,0.052922444556692,0.251042072804374,0.347368824270406,0.348528192380198,0.348549718610412,0.340067425894237,0.152467983236451,0.0525411585710784
324,56.0168311966043,11.0354505899268,2.7926123306388,0.0137957574846218,0.0138714221039624,2.22426387225278,47.7780743967742,2.99725186638534,26.8210105178878,0.0165423700375687,0.0225807454176321,0.0486851904241973,0.0177713016754596,0.0806655255026089,0.310100742316614,0.394711110582643,0.39676540360681,0.397421557026259,0.391215598907447,0.198050350919505,0.0740873705737256
325,47.4173019517472,8.9047287703105,1.0624976787949,0.0157929515729062,0.0151624021826758,1.65322376624681,35.074246795848,3.32477580429986,15.7376946788281,0.0176171446297118,0.0244148343789467,0.0549277330705098,0.017165574098786,0.0821803786964143,0.319032610057696,0.39631418267525,0.397611441432871,0.39781150415574,0.389508280990102,0.175235473396896,0.0530006629039131
326,51.4667772412453,10.4752959143742,4.13531055324711,0.0147142271266298,0.0161341339960304,2.05677452287637,69.9876440130174,2.96594004542567,20.1175010344014,0.0171721418992696,0.0214826805025214,0.0378099310673185,0.0257261345710598,0.0671907749605046,0.216152573332526,0.270784201232676,0.275158567233048,0.277398609913279,0.276900422313839,0.153489437779651,0.0728086078872267
327,57.4692196719429,11.4039064093668,4.3149553356925,0.0160704262667555,0.0158366694367228,1.90381294325925,67.5221669208258,2.07244668831117,29.8863105964847,0.0225910698884443,0.0265030980550978,0.0419039810102084,0.0332512714686811,0.0718272428061616,0.215163417345072,0.264884581169267,0.270323399789974,0.273274259372025,0.27579219989222,0.171996079300211,0.0871468483653103
328,47.7670786455207,9.72479724211925,3.26367976481561,0.0148262311534034,0.0155030407585102,2.1235566707328,40.0185237452388,4.42421130696312,29.053699123906,0.0165289791734658,0.0235474882230247,0.052793312895673,0.0173854089170112,0.0925669091179535,0.340399596098368,0.42741388817255,0.427858188428259,0.427449583007624,0.416181401835921,0.187989936793571,0.0635056918006072
329,19.8142366029793,2.98068817772024,2.72451849316712,0.0149971373790802,0.0149825773350741,2.2772012790665,35.7813628483564,2.79942454025149,20.9567395469639,0.0243898102878161,0.0528982322037238,0.102828785299424,0.0424280610000634,0.179748356063931,0.379124007327588,0.414907715209299,0.416446565438706,0.416982198860804,0.410134467016051,0.205697075066799,0.0749510611273846
330,44.4670039160164,8.64017876710635,4.29492877819575,0.0161805778980405,0.0149285052553318,1.96658929623663,42.6173473522067,3.05887285736389,16.6204612283036,0.0171459437027855,0.0234188647778558,0.0480765532514592,0.01885739184741,0.0924956903497654,0.316269792371807,0.383747180648019,0.385413325300121,0.385910532748455,0.379276392312861,0.18175723111646,0.0610089490593523
331,46.44558225305,9.33696573953774,1.30940972990356,0.0163303300188909,0.0130611954368818,1.98888158309273,56.2277575675398,4.7858231975697,26.4620638929773,0.0136293542054468,0.0207160488019873,0.0505258161648288,0.0144870558762641,0.0762494376658869,0.288442579013846,0.363940406629952,0.364434610155109,0.364199521956721,0.355882605455188,0.162574505740831,0.0530483316644007
332,47.7290206298046,8.43887352148877,2.22747433092445,0.0156352598758296,0.0146319636582735,1.58410008111969,65.7882699649781,3.26168917608447,29.7754485730547,0.0140574505728392,0.0186982122418073,0.0368011147950781,0.0172663668615981,0.0611660035927011,0.232314336947541,0.292045866322293,0.294451731503849,0.29548698296525,0.29139216645357,0.139724652997198,0.0510881871793003
333,53.303757072151,10.173313215632,2.93550360237714,0.0162567185673082,0.0166788235135522,1.62346730288118,52.4555665720254,4.64018965279683,15.1528632163536,0.0144401867564404,0.0178878376589043,0.0353801538923497,0.0137318363443987,0.0624086504250054,0.277327718107777,0.362347276539831,0.362990413288788,0.362711418525784,0.352078554342281,0.142238119859776,0.0407393391705334
334,61.7758329142187,12.6501930769631,3.35422855848446,0.0165494813396691,0.0150461284991019,2.14878892339766,32.4856852274388,3.04113061050884,15.8272035699338,0.0181698727992099,0.0228331761715071,0.0469051084562537,0.0176710797774504,0.0799735979802018,0.32191079079085,0.411690455750405,0.413187499818499,0.413469321395906,0.406036103739116,0.197327024003245,0.0673790625808335
335,68.8189344802754,14.0656998249352,4.0865171039477,0.0169363297391687,0.0171110530501937,1.8219613339752,62.7301381900907,2.36517862300389,26.7796598235145,0.0190152571913171,0.0216067478487996,0.0344040615322659,0.0247088222643753,0.0590194852947439,0.222181941927692,0.287389137028973,0.291588358722431,0.293675582298752,0.292781578544706,0.157677533601256,0.0675674858516412
336,46.6001184629092,10.3382038756296,0.168416921398602,0.0149761871217995,0.0167407956448855,2.16075785364956,43.2625947427005,4.83027946669608,24.5306202059146,0.0160416924275268,0.0256527373773154,0.0693963129959541,0.0173024545790739,0.0929690629664074,0.336669236290097,0.422398185108772,0.422676305058341,0.422138348613468,0.409680902152135,0.178613102360545,0.0597268685517996
337,36.8814259224078,6.28715365466903,0.951261016423814,0.0147079031690418,0.0165788229291055,2.44815451907925,50.8014552295208,2.85003270441666,23.3552738162689,0.0176996789392104,0.0350668753881357,0.080685948259078,0.0245148018081951,0.11344141221242,0.323371857270616,0.379450036511336,0.381568295602504,0.382368271482174,0.375944788267216,0.186164894909028,0.0713683312547451
338,71.6176919083382,13.5831842492659,3.75472792529035,0.0161062469282701,0.0131212247438897,2.19795410218649,51.8609663657844,3.79151774966158,28.4198190411553,0.01484833147003,0.018137873556645,0.0349362913920511,0.0143041533520752,0.0602840119459387,0.277937802389469,0.377617243897046,0.378888598527409,0.379006834703369,0.371956909129162,0.180721286963274,0.0631218923937275
339,30.7869928279182,5.77442439162191,3.36471468186937,0.0153285245864142,0.0151361676557179,2.2004295703955,30.0240801647305,3.85815914650448,18.1161871855147,0.0193206152009086,0.0350658591374649,0.0773002302377613,0.0269196456440035,0.140309975546964,0.382822978363737,0.442238857125774,0.442747197330104,0.442524851698418,0.432433180599656,0.204234377867705,0.0705355155691568
340,61.8103721655264,11.4907741745244,2.3495000009425,0.0151222028115237,0.0142236885653967,2.24271290819161,67.6901107467711,4.55541873094626,25.2645088720601,0.0113677552557807,0.0154692429961493,0.032715048468666,0.0128286123417395,0.0527014688941809,0.230107424315878,0.313272350628884,0.314589573429945,0.314802983647549,0.307633286018549,0.140292897601913,0.0513461228668542
341,38.1280433839369,7.5590502812506,3.2533672421705,0.0147128202589136,0.0150954588434529,2.31820858037099,43.6132109537721,4.35291862091981,23.1745733914431,0.0165193091515499,0.0279489786759835,0.0642306013148464,0.0209677765077029,0.112875318146786,0.35278991847133,0.424783161369029,0.425257066977359,0.424950414590035,0.414363224291266,0.192448690185265,0.0681885100131221
342,39.0557340103189,8.07145977166131,2.68674568331335,0.0143539643058675,0.0164029378539501,2.20013836026192,48.9110515266657,4.64104411378503,25.0255886977538,0.0153782679713014,0.0253468061968359,0.0605080899092715,0.0187407852881662,0.102614281778759,0.337869068142116,0.412420672617893,0.412778926935907,0.412350958252715,0.400351893767449,0.175370964560727,0.059909768358132
343,64.9661439025489,14.0914387889814,2.47130481305066,0.0154398690521702,0.0160794214179967,1.67826255853288,61.9238524604589,4.848198186839,23.1507116637658,0.0122888952626656,0.0142379894282845,0.0276803746523771,0.011819367165294,0.0464241689758981,0.239665500860039,0.334458905608629,0.335284552130396,0.335073633147836,0.325024551976831,0.131347055240617,0.0397126910991708
344,64.2459422093444,12.7447934761769,2.44563256390393,0.0150058034452299,0.0157479977759635,1.67402441310696,51.704257465899,2.52834021160379,19.2009493382648,0.0179060815789157,0.0207854268613931,0.0370634364056939,0.0195564186110714,0.0608482999871962,0.261730619859567,0.340644188898993,0.343940494708708,0.345378983415003,0.34163093933079,0.169503364392216,0.060810468809116
345,36.4248271746394,6.59854868051666,1.4487996858079,0.0138543282786386,0.0145431867148166,2.49343435140327,39.1108900588006,2.83750197570771,24.635992187541,0.0189364926210792,0.0371718180610776,0.0866883123806768,0.0259148990630494,0.127252971575711,0.360942199043169,0.422498534348578,0.424248645668298,0.424810631689425,0.417953382688006,0.214904322583259,0.0830529741918966
346,55.5178680717097,10.7491379958969,3.07661438395735,0.0159500760050275,0.0170215718305832,1.94983474886976,67.3050309158862,2.35451593832113,17.1828106837347,0.0215088174857002,0.0261533207883439,0.0437865563220275,0.0320390213402315,0.0720715341946822,0.216604121252159,0.2674506514844,0.272951725604058,0.275899674405111,0.277878441911812,0.166645783121017,0.083547580025628
347,54.7068971458765,12.14965425084,1.10445779724978,0.0175539856171245,0.0158571634539837,1.52257728925906,53.2018434721977,2.3236154676415,29.2695909831673,0.0186233077136998,0.0221475817981572,0.0435949122140982,0.0213203702616767,0.0661163018749531,0.250055909665923,0.311093527168881,0.314494094102793,0.316117139342161,0.313830466779882,0.158028822815363,0.0565636572218002
348,59.1999803782593,12.7658293608181,3.8137275549816,0.0151632029112352,0.0150444726125827,1.5196948016528,57.3050372675061,3.88601998146623,16.3432452594861,0.0140859502892122,0.015930652707909,0.0282567630225776,0.0139778589059174,0.0525774145492955,0.253709558014417,0.340118279882085,0.341727036638487,0.342073124452467,0.33443351569581,0.14429774833963,0.0441602509027115
349,34.4004506162935,7.69274883077398,2.15396230132319,0.0170824727357849,0.0146691004909385,1.93061008211225,57.9912574775517,2.41869314084761,18.8525981304701,0.0189793229854382,0.0279696426382669,0.061424914149908,0.0270841246928819,0.100362181894542,0.269266389410494,0.310733392527461,0.314389510073631,0.316266134942389,0.315309931709423,0.172171715701335,0.0694926820303556
350,47.0089286951122,9.18285655529546,2.49608731898479,0.0158717822346609,0.0135948229771968,2.25906658056192,49.7581689804792,4.29996213805862,18.8771746668499,0.0151889222346156,0.023547660775919,0.0545901029209855,0.016963553565456,0.0892576303951077,0.316073526885522,0.394075025542647,0.394842274100813,0.394741609815599,0.386379000602732,0.184116052921053,0.0644407996043736
351,32.5710105562921,6.69685021765883,1.27539770922158,0.0145090047766585,0.0152493119944026,1.71889342856593,55.1673241239041,2.16256222035736,16.5387051785365,0.0208112964492027,0.0314204168363534,0.0691355617869747,0.029174107694319,0.105238300515345,0.279596728193454,0.321377677641839,0.325727903983819,0.327998593984848,0.327453491214159,0.180979905645338,0.0746524240202173
352,43.4599738755651,7.98270198157385,4.15244592621457,0.0120401928656532,0.0132440878108008,2.28412706288509,30.0791618879884,2.29249086417258,20.9736374288332,0.0203261084792708,0.0303689028875073,0.0630043616392726,0.024280102825462,0.115937022352965,0.36433873681808,0.435429321920845,0.438135516846118,0.439253369938971,0.434484553105785,0.238778315128868,0.0957280129254721
353,59.2669382721204,12.1985924827029,2.63084159104619,0.0133209976160606,0.0148756361567922,2.23956385510974,59.4827872980386,3.51944761560299,19.1960543731693,0.0143588373825778,0.0190767082226518,0.0410244645278295,0.0161613590266042,0.0675020812402845,0.274670006226434,0.361608264141244,0.363799541600112,0.364494729654616,0.357779186686499,0.172843392645092,0.0657801257885915
354,33.6024811134668,7.06127400262698,2.34882851305883,0.0158353008817541,0.0145009901234332,2.00498612062074,66.2295631598681,3.89796705939807,17.6145873265341,0.0133971333841941,0.0217994636636094,0.050100020141133,0.0194935284758503,0.0847386147199933,0.254027521380252,0.302148187371563,0.304210513393143,0.305063634757954,0.300284540255911,0.143575598923769,0.0538055939154191
355,57.041783529268,10.3501037245434,2.88226278231014,0.0149814792276556,0.0159065137762907,1.90555313415825,65.1762455049902,2.79469935689121,26.7874048242811,0.016406163961287,0.0206465261661208,0.0376481106290235,0.0214223248066772,0.0629703890458906,0.232475638726321,0.296602732464456,0.300135284780188,0.301817011846683,0.299375224748864,0.15543992648533,0.0647515302883515
356,70.260788347163,13.2550300524632,0.278378974995576,0.0140091524171616,0.0144166543645065,1.92156757530756,55.9922002628446,2.92261156835593,15.2144319552463,0.0162792152293051,0.0202762395095051,0.0407568838677011,0.0177829034032246,0.057685382131807,0.260013618285575,0.350033385742285,0.353049372492575,0.354260059305326,0.349947089204501,0.176420541712592,0.0660433191132488
357,45.820176549745,9.41077589955708,4.44872527371626,0.0155991210345918,0.0163298912889647,2.02155425143428,45.8130895905197,2.80552328494377,18.7903958698735,0.0173406332656665,0.023110123804421,0.0472362826434331,0.0196629328031834,0.0908210426036902,0.308851460473582,0.375274683347637,0.37741028420799,0.378180499673844,0.371854449897832,0.178368837289675,0.0622229916417499
358,72.1480458236566,14.6865404532388,1.09491754544433,0.0166351725984194,0.0144980979286491,2.01242960616946,40.2140413317829,2.85727893654257,20.5683628376573,0.0175862414961382,0.0212380798822327,0.043275856187207,0.0169681487714092,0.0638557960894574,0.289517594784608,0.383780771758624,0.385821944228307,0.386431614943923,0.380590498582215,0.187502241034749,0.0638819633901169
359,46.8042432632463,8.67165301334556,1.48438364861067,0.0130720460950717,0.0158335076519922,2.10077261179686,58.4446414653212,4.67656406154856,17.0872833416797,0.0133731990290662,0.0213310234547212,0.0506083704543416,0.0148597765303294,0.077470076231324,0.298592528137597,0.38422581957298,0.385142588953869,0.384995823608237,0.373850333110973,0.161736690190395,0.0561911845789608
360,27.8349149059939,4.82719673239451,2.01023560424801,0.0141759007639597,0.0145131668395573,1.84324578172527,59.0696111973375,3.25347177684307,28.8439052423928,0.0155421639292089,0.0292061173856924,0.0651037734569896,0.0224621440537004,0.107981124550228,0.298053209709984,0.343647972808561,0.345548217930944,0.34629599442974,0.340401423961585,0.162371042217206,0.0576476212957132
361,36.3135931172799,7.29830868727637,1.6869335436495,0.0153486222083088,0.014304542389531,1.52819837909192,59.1327915154397,2.24331563245505,16.145814252086,0.0204427003453404,0.0277978384003528,0.0561288504385541,0.0280514304067495,0.0897027986998148,0.254058072046913,0.29691062253536,0.301539331355444,0.303999982656415,0.304684517739876,0.172332446909569,0.0724465081154108
362,26.0395371682479,4.6259649246475,2.68392178032082,0.0144710794530833,0.0151395233341985,2.16956304130144,42.3291570600122,4.35495747625828,28.0086893797852,0.0183032052183613,0.0373861233475477,0.0822439847871885,0.0281503293616668,0.143178418445464,0.372458561879137,0.426207527684345,0.426488262696887,0.426136926251725,0.415188872433063,0.18974547486132,0.0653851868084564
363,52.0104479675013,9.87003600669752,1.97708427510224,0.0156584505405314,0.0161959579242869,1.66826751688495,44.4764735456556,4.6631549037993,15.2775195159484,0.015784435818634,0.0204666857102425,0.0432696113323332,0.0148699459800953,0.0704040684757705,0.303215492217578,0.392682635784605,0.393196918275428,0.392808133192678,0.38149617118868,0.158291269344549,0.0463969222055505
364,50.8246124854059,10.5827093954634,2.08718837366905,0.0146652027785089,0.0155968104230419,2.16897587804124,63.2573828287423,4.49992627324536,19.6744489541743,0.012430362337274,0.0179492308656962,0.0419394457341917,0.014166389837543,0.0674076216858396,0.264144215499454,0.342598261238133,0.34380836083617,0.343932588565907,0.335200353175948,0.14829246359639,0.0523631584857395
365,39.1905278039905,7.68088779571071,2.0139116900973,0.0161023762116264,0.0127784176523711,2.09651934751309,59.7520654182881,4.58365376270376,24.1895830084104,0.0131973293771493,0.0221633442392111,0.0531213214184609,0.0161105283238259,0.0854560094813419,0.287042182198045,0.350904619620695,0.351617345934933,0.351582972197113,0.34420308216603,0.160722794649794,0.0547028694474127
366,44.0055901624986,8.48600001990781,0.912494897609577,0.0146083887416206,0.0147726177564936,1.73694609268568,69.9392490833998,3.70138026401401,28.5074414941482,0.0127298962707403,0.0185711549320438,0.0415817793152976,0.0168336902796039,0.0616630448767173,0.225231570206884,0.28293039149114,0.285105438378213,0.286002159003421,0.281174350488487,0.132753181765336,0.051083693115226
367,57.9193721053847,11.6950066119082,3.02522672933992,0.0156400331198599,0.0138610466698218,2.02609070716426,68.7798239290714,3.7109451959841,27.3576052521821,0.0127837485800605,0.0162471812958049,0.0319801568028318,0.0159916412184495,0.0543974582649576,0.219706854333107,0.288943177745896,0.2911442766425,0.292013975411733,0.287772628492078,0.141039547740103,0.05475981273817
368,25.9666840718978,4.77079581399087,2.31179675878957,0.0153177971025106,0.0149863770816743,1.64010850223713,63.6597596947104,2.09949742280878,27.8000533813611,0.0223083745568571,0.0339094238281975,0.0654317892768432,0.0356103799539937,0.110226152772468,0.250165868586872,0.280280542419875,0.285271848514326,0.288020199856799,0.289726768806907,0.172828201147934,0.080395123793993
369,60.7766623131624,11.9044660905311,4.44495691044722,0.014846168341494,0.0131899042894938,2.09547582711093,43.0221354123205,4.93842089688405,24.6100838575512,0.015934693919352,0.0198781775264262,0.0393804591473585,0.0151310594072885,0.0730675276695316,0.317525315507046,0.423173032073592,0.42372278836306,0.423321283463947,0.413340108687461,0.194174315337304,0.0667030128175084
370,57.2729644970772,11.1239837557219,2.61205533414613,0.0165515046913698,0.0168518971277934,2.46836950047873,41.4081276021898,3.77680347091518,28.159805922769,0.0165123517546503,0.0240718974515471,0.0543258871756095,0.0172334277661012,0.0868485121979292,0.324044455570506,0.411746090227549,0.412535681712462,0.412352454326379,0.402365542712695,0.186247478350202,0.0653286119930949
371,51.1339644396054,9.57723087977728,2.57461841020267,0.0160845118210227,0.0169220352461177,2.19931477005593,32.375056296587,2.56759898690507,18.5119228495751,0.0190845921299351,0.027389502150884,0.0592580722080922,0.020545883380612,0.0962056460308824,0.33236759704006,0.40595983378565,0.407940739368122,0.40857381874089,0.401578167812996,0.195348030189933,0.0685252295943058
372,43.7983781249457,8.27000248589888,1.34693575766869,0.0159891102388819,0.0139987630162358,2.26111386390403,44.9764558207244,4.06566830840893,20.4173658520449,0.0161509446450347,0.0276356174028382,0.0667928448898834,0.0185974564709972,0.0986942646451786,0.330856949838007,0.404796131930885,0.405536806509488,0.405434329383198,0.396872608908089,0.189588366126866,0.0661257081342059
373,50.5461747780212,9.48472206396812,1.76961616426706,0.0136178666173276,0.0157841939414048,1.65432505635545,38.3471314609051,3.21881386800669,28.2897793210577,0.0172150097597948,0.0226241418000583,0.048124818091328,0.0166432426293859,0.0770970215878289,0.319665074915781,0.405655033920773,0.407200493651021,0.407475867046681,0.398299589461181,0.177706905456448,0.0559195038791017
374,48.3086186928236,8.9384196317733,3.18086240824778,0.0137130892626691,0.0146953686390095,2.43556241132319,59.8951406497508,2.41903146798722,20.6333752151113,0.0189758537957771,0.0270640818577151,0.0535198945235935,0.0262862854188902,0.0893196329490272,0.274020162842142,0.332695304648172,0.336748178257944,0.338771782638119,0.337574833836821,0.192040108617787,0.0857877280581693
375,37.0186049678848,7.53382861868674,2.183459892869,0.0149140652238059,0.0147869506985519,2.47016316791996,43.4221881907433,3.01805325923488,24.5114717062097,0.0178230683881265,0.0321621615149374,0.0762428752277781,0.0243852155055678,0.120367613269833,0.34596945639231,0.406306276330358,0.407882767102592,0.408351254711587,0.401419039732124,0.20220143247096,0.0761787680383549
376,51.3040043872019,9.58630329223438,2.04495040141046,0.0154819198966598,0.0154740571790252,1.87320940895006,64.6668476238847,2.2516114115715,28.4503601572942,0.020173082317032,0.0256914259805953,0.0469288142566509,0.0282539559573102,0.0741520638111558,0.232652117211294,0.284419530108887,0.289085036988205,0.291541311793218,0.292195933884157,0.169501703914137,0.077999697549456
377,37.278003378299,8.08388183093395,4.14087160129566,0.014704700620005,0.013513487134915,1.88975824532099,39.3789852317423,3.51552241574973,22.1495751617476,0.0170833797082992,0.0243034866788894,0.0533586596121729,0.0196970541594633,0.105958725695871,0.342786738434781,0.409802859018065,0.410911242038602,0.411063883792684,0.403127572649662,0.19252420772603,0.0642523218882705
378,34.6733076985529,5.97558629254623,3.82359565549996,0.014395479980212,0.0139244437089207,2.48032147740014,50.4015094880015,2.61668910738081,21.0353274503723,0.0187187350255893,0.0324778159894237,0.0666581751778109,0.0273536165967444,0.120588205447021,0.325508773140649,0.377205529535905,0.37983554014767,0.381015242182808,0.377117192602438,0.20345986636255,0.0822127140197034
379,62.5991215704095,13.2992469965607,1.77684228890575,0.0146807974692959,0.0158026060523637,2.1876208181493,53.0924637243152,3.51248744805343,25.1946223131381,0.0150334669556719,0.0196008410413845,0.0437610490852078,0.0154162324521773,0.0677675295709889,0.287300529233182,0.379053341444202,0.380633911079337,0.380924065810501,0.372677008706765,0.173270076019894,0.0613132328240897
380,43.4777304643318,7.85733608100555,4.2344451189274,0.0139255745900432,0.0150070437686589,1.54886985011399,50.3478987887502,2.54395985603333,17.7871613146272,0.0179540993836341,0.022515945538062,0.0410239011171667,0.0204472985695288,0.0809216971245093,0.285594898510991,0.347449050027711,0.350657146109707,0.352120794195756,0.348324391437406,0.172821579435938,0.0609966340797564
381,54.6621910360482,10.3505754807848,0.438543302938342,0.0148741359120247,0.0137257126857547,2.18660658574663,50.9721264056861,2.86348637426272,18.5642543400172,0.0167676565288408,0.0248086482921098,0.0575135314027765,0.0188151262087099,0.0798494295055252,0.294875749644523,0.370715330212525,0.373180833345243,0.374149933735184,0.369586599286644,0.191219818324089,0.0721194481024976
382,13.3003949845495,1.96905234315264,1.08120883908123,0.015485682445002,0.0135151451896954,2.08913703332655,33.4912717621773,3.71072227647528,21.2706995964982,0.0308770220102754,0.0774877148016285,0.15001198260396,0.0572762579935404,0.215944564408573,0.399637718968954,0.427587932708936,0.428107346760975,0.428054784513632,0.419615401526503,0.203627138853077,0.0697761876625067
383,47.0610502128042,10.0690816080091,1.80755223473534,0.0164520263756572,0.0164471676040749,2.46669097407721,65.3415198531002,3.89163534669206,21.4409344014712,0.0131024064612523,0.020459178727035,0.0485461268319937,0.0173798973675078,0.0748533629340403,0.252834456772157,0.314804545144314,0.316578789289975,0.317167697060466,0.310909972451255,0.146085112732296,0.0559941820494226
384,62.9671356328558,12.8078518180003,3.4208625596948,0.014697016760075,0.014182029162629,2.17976539721712,32.7401872165501,2.23458019457757,22.2565281484276,0.0200158783996979,0.0247498180845184,0.0487810026494612,0.020774355157905,0.0826049121339442,0.319036736790351,0.403416383346063,0.406285009140361,0.407453586614812,0.403296055137054,0.215924225963182,0.0817452375884001
385,67.5510465572127,13.0575658691426,0.527719013043679,0.0158486456399956,0.0125876293615529,1.56339105521329,68.8570697139949,2.71287985472009,17.2830585879274,0.0189229924384207,0.0222986961911085,0.0369738715605152,0.0275194843143003,0.0544455790047174,0.195404878746615,0.256688602912127,0.261796877213469,0.26449893930288,0.266924267585808,0.16171275134926,0.0765092988882493
386,50.412940099045,10.1234245426952,4.20877116406336,0.0147915420250671,0.0149315320612709,1.81893497193232,61.5463198814541,2.61282063624822,21.5623059729114,0.0175951624789539,0.0216088291443106,0.03892117922218,0.0226944907314067,0.0719077807880096,0.249131261296081,0.308900406374831,0.312705562506041,0.314576365809668,0.312935347386211,0.166993934502202,0.0683828440501404
387,64.6079210287154,12.6913783301544,1.70352751587052,0.0169066024946438,0.0148463027872296,1.5269131178502,37.8505023568869,4.02898433571681,27.0695130270906,0.0168067748664055,0.0192868645743517,0.0358291061016023,0.0149420088171691,0.0564491359743968,0.285851876855429,0.384224777097437,0.38506566309752,0.384886744803542,0.375669714566518,0.161114864051292,0.0450692010463932
388,27.6680913236867,5.88544711119676,1.85964799043722,0.0141800131230992,0.0149862410732752,2.124428371666,33.7377328891307,3.18969631544314,24.2932428151835,0.0193800153102912,0.0377119760736731,0.0917145084159398,0.0287309126208806,0.145512123885665,0.377990746083526,0.430531101648565,0.431662943302415,0.431857916654084,0.423180386446818,0.20383973409012,0.0715805143832565
389,28.1933061472579,5.46208877588228,3.24961327691562,0.0152665682922623,0.0157791045818987,2.29423776920885,63.2758015673608,2.62424020050094,21.476393941557,0.018971785141074,0.0316005293698662,0.0637812661513174,0.0317683097583708,0.113518864667876,0.272139972745212,0.308590788851447,0.312296552248575,0.314204472374813,0.312681472149867,0.171222339155799,0.0750662748928393
390,60.2624154306158,11.5754044497903,2.76936488749925,0.0146287034071041,0.0162578328412763,2.36639964417554,34.9054806772619,4.92077760538086,28.9901454071514,0.0171998058783452,0.0239340466319128,0.052677016636277,0.0169475263896945,0.0855702449533312,0.344615971632466,0.452447878126683,0.452808680966876,0.452203128369587,0.439477713433991,0.200244256650408,0.0709037430324863
391,50.8305141703197,9.99861946706622,0.207586172036827,0.014629948402765,0.0138061554950926,2.03620665171184,34.0833755210042,3.73296566680074,15.8364014374092,0.0175685580571309,0.0267140824893055,0.0664105028344702,0.0176828322544521,0.0898857820217185,0.342631390810271,0.43182334129063,0.432806589534052,0.432760890190258,0.42378898913209,0.203110205181873,0.0696140231753795
392,74.6776904345172,13.8568878796,4.21184583159629,0.012824852891724,0.0137902336746629,2.37105504260398,65.9519483428448,3.98415977973491,28.2164771261159,0.0123136621651115,0.0152225637577799,0.0285939388923543,0.0136135366799555,0.0500353521568013,0.238271361372511,0.340366433867295,0.342284872064431,0.3427423519237,0.335712999377381,0.160680677927472,0.0626677124176815
393,18.8976623963309,4.00042987664249,1.34023207286373,0.0151971810524837,0.0140118109963706,1.85571195790544,54.2073799669743,4.13809133530594,17.7961819292977,0.0172392603329169,0.0387848031404947,0.0936390966837798,0.030585934620416,0.144667055071704,0.332846278887123,0.369583785788698,0.370368093385467,0.370446565492202,0.362285273084758,0.164375068043101,0.0536234708802492
394,40.4881384226189,8.81571185043735,1.19887132931035,0.0161423579224016,0.0140488730318195,2.40409592911601,32.0883322600275,4.02192698349245,20.3508782945573,0.0182336152299795,0.0322191157864225,0.0828737409258789,0.0225739883258114,0.119499538579283,0.366754624273975,0.438748982219573,0.439275543255219,0.439045457254862,0.429920639946757,0.210842657352235,0.0755771022316469
395,9.87448081605679,1.72150533296769,2.22004942002241,0.0152978989099387,0.0145981689475739,2.08313351706602,35.3172283340245,4.28963462263346,26.2685914139729,0.035458665603071,0.075995051394154,0.136929925835238,0.0740115440480917,0.244175934691651,0.409135416473835,0.431540997996376,0.431627111722173,0.431292945087161,0.421007001787002,0.195349319787933,0.0657753601249417
396,42.7108457218988,8.85833223421467,2.80240625655279,0.0153307901004836,0.0145329827143068,1.54518092074431,67.6783936563879,3.0227681545075,26.8139000691008,0.01545861812601,0.0198614951408881,0.0383585562624683,0.0211579634096602,0.0670253199906643,0.225322832141086,0.276019705411196,0.279323851176948,0.28095710144884,0.278993405064047,0.143737802789464,0.0585390407713208
397,65.0270087664872,12.7599802111521,2.5885904916795,0.0138388320263166,0.0151552902238532,2.48034076206386,32.0191296376288,2.70091161876917,28.6856717371847,0.0186801298505151,0.0252440263060108,0.0545513611308544,0.0189723226633427,0.0863334616007913,0.338848238545037,0.436421108667267,0.438390253548705,0.438902139287119,0.431510379243039,0.220549040598521,0.0844642785706278
398,48.9990147801695,10.0245725794159,3.53301289456431,0.0153234710252111,0.015642062488651,1.57962564262562,30.275420891121,3.32886248989962,27.5868966488633,0.0181368811646812,0.0219030316309222,0.0427524379326004,0.0170905961260203,0.0798485607864958,0.324501400004292,0.406826971874807,0.408038921707273,0.408142999720278,0.39893873922848,0.175416226998889,0.0516735291598159
399,62.261932137197,11.2942748968256,4.09996237861924,0.0136129125800459,0.0156994684940204,1.59419462224469,45.1256462186575,3.44406127929688,19.9803540227003,0.0162091671486696,0.0185769668857518,0.0316943279175606,0.0151870423646927,0.0590441210840222,0.29033766162678,0.389997691848167,0.391673546133411,0.391954079077716,0.382826632736807,0.167574156157612,0.0520700686197523
400,34.7351244418808,7.35263479269134,0.860635360702872,0.0167618300129189,0.0150639130362264,2.18283363967203,38.430832894519,3.27763327141292,25.7291020418052,0.017874376772512,0.0332940128116909,0.0856188945027388,0.0233039319135893,0.120495341853214,0.344994649229143,0.401835931795099,0.402885626821533,0.403050370982218,0.395317663383062,0.189546950851227,0.0645623895136733
401,51.7119418661811,10.9191824485823,3.97808565292507,0.0157698824766672,0.0144171688763862,2.25916014262475,37.8874200116843,2.10188624076545,27.9640679096337,0.0204540715564895,0.0268075497086866,0.0544373954778567,0.0236612243015052,0.0962463104881416,0.315437346478886,0.38145313819143,0.384551960905128,0.385963482480911,0.383018209618666,0.209705544677839,0.0816393735976861
402,34.7883657126615,7.30459082277135,1.17261308874004,0.0155257086542655,0.014222955422525,1.81923570553772,61.1150276754051,4.22401142865419,25.5196389975026,0.0131469422419954,0.022239389898856,0.0566034665557023,0.0163858232893423,0.0855005209561042,0.280017770089291,0.337011709716451,0.337965598924948,0.338086237192554,0.330395354299687,0.146928074908016,0.0479192513614522
403,69.2271554010298,13.1611046185779,1.20407565298956,0.014757504187277,0.0143481831598189,1.64804140874185,40.3296171315014,4.06859738752246,26.4433987706434,0.0164456858127636,0.0192423144117742,0.036736666350325,0.0146642423482417,0.0555136005476843,0.292523244753548,0.404344699443813,0.405358899682644,0.405191500422967,0.395404106528683,0.174762863934689,0.0533014950463652
404,24.7705202233048,4.81179201788044,1.99983065749984,0.0143471538827173,0.0150356960623575,1.67132222605869,54.5664507336915,2.49604707653634,18.2712068944238,0.019037532666766,0.0328758593608984,0.0723442489429765,0.0287539623610737,0.121251643214701,0.296869396688891,0.333809218006364,0.33718266168093,0.338864600552355,0.336148435882466,0.173033711188275,0.065207451592078
405,49.0609324028778,9.76900456290996,1.9370950270677,0.0134442647234476,0.0135678515240043,1.63657629233785,58.3050108980387,3.76659707399085,18.6245164868888,0.0140787788544233,0.0184715227293225,0.0397249198003733,0.0149144710654496,0.0653165184595571,0.273821875820392,0.353118750214559,0.354938428602533,0.355464344959303,0.348579172815829,0.160291593294661,0.0535325750340762
406,44.3022704343708,8.72262125200873,4.0171923263697,0.0149854679463935,0.0161694450529544,1.87872643303126,59.6700665913522,2.29164927499369,23.1278301298153,0.0196182371892456,0.0251230304123282,0.0461965998056471,0.0264136904911817,0.0845821287628735,0.258846987244337,0.310145085279467,0.31437356697169,0.316532540060218,0.315565674674871,0.172558954837103,0.0733792838219431
407,51.3503678224218,11.1199428800373,0.223937230417505,0.0146688517632991,0.0151002851458253,1.61745338328183,64.9429172370583,3.17085425253026,26.0143656958826,0.0147063240818933,0.0191159446568708,0.0423802360375675,0.0181363374224261,0.0600366500036788,0.234787709338642,0.299596623858155,0.302442936936381,0.303699070431673,0.299786659378785,0.14535033324503,0.0547565159192123
408,49.8256933113051,9.67756302226026,3.85784310707822,0.0149195245356087,0.0141874442348704,2.07073299610056,51.8777879979461,2.39841697062366,17.7275944012217,0.018702140311876,0.0245058771922639,0.0477209368006569,0.022675883218203,0.0854873664432587,0.286781587850964,0.350242843309187,0.353665908820176,0.355285346300419,0.352951652530713,0.191313214330341,0.0757256364798747
409,53.2133757972872,10.7714294523819,0.411381517304108,0.0143194149431954,0.0158564501677843,2.3004027956631,37.1330441720784,3.77194425044581,25.8996256627142,0.0171334861263392,0.0266751748567381,0.0671693239610896,0.0178380237555857,0.0918066235874358,0.344374271236963,0.436841019066205,0.437713907081273,0.437538348282001,0.426920378863333,0.199246103942712,0.07073801859113
410,23.6655547358413,4.82300838334325,4.46619215095416,0.0169282927912756,0.0157653742080314,2.14087244775146,33.5675399471074,4.85461028199643,24.2622662207577,0.019707817620596,0.0357979252738292,0.075466228520528,0.032508372017775,0.158307601305642,0.379632514689437,0.426281495097873,0.42623758831673,0.42572796897451,0.414758856592547,0.187703378135523,0.0614893848487887
411,49.0251706693852,9.62346128176618,0.703458825009875,0.0150542221642414,0.017195968381827,1.90895906300284,66.5921525284648,3.30242714076303,15.9830351639539,0.0150822200744122,0.0210895444256159,0.0455436326519272,0.0203246325444117,0.0663705240723033,0.232772691636262,0.292544569858428,0.295811679259651,0.297312037104121,0.2935856331879,0.143296874182103,0.0585178023955765
412,34.4278742436243,6.62059072953151,1.60167346685193,0.0149087958897783,0.0147851594716698,1.55810177698731,49.2118012718856,4.04644145676866,21.3024623156525,0.0153739023912449,0.0242469741385568,0.0575076996862484,0.0170358353320076,0.0926480617101594,0.312957434790212,0.375800118790885,0.37663422423984,0.37661015100465,0.367350542017574,0.157761049709376,0.0468932582329814
413,21.4943192447629,4.01411138486416,2.65494376199786,0.0152188004979398,0.0152880299466909,1.92259433004074,40.9460481256247,4.83798775682226,21.7029832850676,0.0188897995840315,0.0386669790574371,0.0850267180814805,0.0308076310742126,0.153687826803418,0.372056594030656,0.417851054646908,0.417893065838554,0.417423103970793,0.406076083712763,0.178648846619869,0.057221953928943
414,38.106137598271,6.7018434724006,3.38150832988322,0.0154491751195478,0.0155404301503635,1.92952171899378,63.1416559591889,4.73940289905295,18.0623021023348,0.0124390247198972,0.019636382280611,0.0423287363090379,0.0152253225566038,0.0786138174153359,0.27058601365608,0.332894663275374,0.333788761069162,0.333808155975654,0.324992307358753,0.139089646848141,0.0458744518761789
415,36.0466473703164,5.79348493862815,0.966579973348416,0.0162377350943054,0.0151011851353004,1.96122543048114,39.6307181287557,3.59500402631238,24.8052384308539,0.0173350600570555,0.0329753745109033,0.0764272733013495,0.0204804489012164,0.109683077887864,0.33852632834446,0.400207410015189,0.401066360577286,0.401078058666814,0.392426692131166,0.18073817191789,0.0584940807067816
416,32.8107365052734,5.31511237100376,1.70077217789367,0.0147497174499274,0.0164854522704012,1.78063021507114,59.5488565601408,4.90177160920575,15.4326058505103,0.0133561725930262,0.0247207663239004,0.0563727355849472,0.0165163128998542,0.0904373263873859,0.294704356517854,0.355251153848937,0.355834915310472,0.355623463507341,0.344786781247251,0.140604982873936,0.0437787047381985
417,46.8881127830477,9.94506755887748,3.7229635695694,0.0157859851913753,0.0142267025831921,1.55304525489919,58.3097999729216,4.43424905301072,25.1807817374356,0.0132984132837619,0.0163853779742751,0.0329383279676,0.013350939691283,0.0635118275898499,0.266527488313077,0.341065017186688,0.341859908481917,0.341791372975309,0.333300826638189,0.141622544281131,0.0419227772000918
418,44.1303084908883,9.41690084241181,4.35266345087439,0.0147770629529285,0.0156923640070167,2.23008280503564,46.7516318056732,3.80603710794821,17.1807410556357,0.0159267674123528,0.0229577974337848,0.0507277552110846,0.0184149152595899,0.096683548783643,0.329820473828619,0.405527050320955,0.406539477156138,0.406548284357978,0.397054667971108,0.183634942720355,0.0642714694202846
419,39.7378145918252,8.44499464285209,2.85942018195055,0.0139763812814988,0.0161125007007155,1.55918522854336,67.6419530436397,4.60843696957454,19.0914576966316,0.0116230395398429,0.0158114885865889,0.0343156046935475,0.0140593220510706,0.0627975577073349,0.240306282153189,0.303600859310884,0.30503826221004,0.305372179815561,0.296997956085624,0.121952505314909,0.0405240175391765
420,57.7889240814461,10.4432259913681,1.01236993318889,0.0152292569269405,0.0145642755963272,2.18148832023144,48.8685309607536,2.91090200422332,19.9146274826489,0.0167569741615255,0.0240366045366296,0.0531601977680271,0.0180654948691108,0.0771605542066398,0.296290864530647,0.376385235992785,0.378619755847728,0.379412567122881,0.373905726303014,0.187903913865371,0.068943344967504
421,42.4764132854333,8.66635391722292,4.11155752523337,0.0140891544475216,0.01346416159653,2.30143089126796,40.6386709492654,3.28843735461123,28.6235842632595,0.0171780549096346,0.026047868093447,0.0575922796986703,0.0205242940941811,0.10710960801938,0.348564829441949,0.422105140042036,0.423413387925394,0.423663566147398,0.416106051151455,0.209160458952084,0.0772998572276794
422,61.3526893625789,12.2264464475457,4.00594095513225,0.0153824009027695,0.0158227591345182,2.11759018013254,65.8685223944485,2.09585400857031,28.3227401319891,0.0221311686008911,0.026253158595759,0.0428886474743554,0.0318866889020391,0.0720969659256596,0.224358893017206,0.279556283393742,0.284856909363907,0.287686439489239,0.289599581774982,0.177876749218126,0.088358242286801
423,58.8678807085607,11.3141006957444,3.89421976532321,0.0151188494919066,0.0160168875567026,1.59874054184183,55.7226829323918,4.16855242243037,27.559590007877,0.0139143140796838,0.0162615683865528,0.0294338662993456,0.0132287714210886,0.0549172671613946,0.265433704155503,0.356254765166302,0.357217962103805,0.357122139998359,0.347271102019928,0.143590598375716,0.042722967481737
424,72.2809570230946,14.3772466168254,3.24247579195071,0.0142605961690254,0.0132454330179208,2.01492972578853,54.8510882817209,4.53080230019987,29.4213648489676,0.0138663818431562,0.0163945404143345,0.0315019305834227,0.0128680048119887,0.0537040382633332,0.273747315238643,0.38666233130535,0.387583835433932,0.387369095805476,0.378125222495391,0.173617935361987,0.0590145832151192
425,40.063000854666,9.15055516536664,2.43258736690041,0.0145109472831378,0.0152508107040844,1.95886779506691,52.4631729070097,3.91632918990217,22.3734881251585,0.0148941262456272,0.0220612535733514,0.0536918952555737,0.0172467112142054,0.091077608124434,0.312877160106676,0.382555922185753,0.383592820561697,0.383655688067438,0.374522128321397,0.168280329923257,0.0562099294280615
426,59.7424246765296,12.5551495005113,1.13404051749967,0.0141504330495095,0.0173149461274193,2.0220359840896,64.6190577745438,4.68966907146387,17.4652554199565,0.0119940838253513,0.0159155552704878,0.0363809550132122,0.0128653403799822,0.0547910653054,0.246227304569009,0.3357544900578,0.337057931421141,0.337127417812772,0.327014448416177,0.135888093565781,0.0466282755777877
427,46.1459498265442,10.8561876133553,1.71667790994979,0.0154784610134004,0.0159638681493137,1.5791070049163,31.7550640925765,4.48471753415652,17.7447004895657,0.0176743614960094,0.0222217280172523,0.0511911554218178,0.0167536670499108,0.0827955806636484,0.331159242420405,0.416299705660227,0.41673113168333,0.416310596540706,0.404696054395988,0.169570509497083,0.0486878938927309
428,31.4474358615956,6.28605305562869,0.733986129169352,0.0137320798757736,0.0150993421768868,1.73446960793808,68.1833683140576,3.59615175542422,23.7791808648035,0.0137910532936877,0.0236802129167542,0.0569768967798422,0.0203126004905113,0.0825073903830493,0.248716258710564,0.295295249582322,0.297817487233272,0.298947393285016,0.29428625877519,0.14018783954873,0.0545647477457587
429,51.1825945646401,10.69738140733,0.294480774435215,0.0155275792815844,0.0152391433344688,1.93104304210283,51.0566676966846,3.6751952515915,16.0758565133438,0.0152792354133381,0.0219239816987186,0.0543073385781032,0.0158624919698755,0.0752239323200953,0.294636687755672,0.373695943594662,0.375064715221931,0.375302352296303,0.367289187420133,0.167530460694776,0.0553627109818156
430,48.6916373600207,9.05764825202329,3.36066496325657,0.013822751231619,0.0166192296922541,1.83562722126953,51.5833859983832,4.0074356123805,29.1729369561654,0.0147737315918468,0.0199073410863823,0.0415175053239482,0.0149887047170894,0.0754006590755299,0.3047763450905,0.389703882011389,0.390593012855876,0.390448071433559,0.379372021293059,0.160978469584298,0.0515373899484652
431,63.577218171411,13.0976238764242,3.15719877742231,0.0154156074765674,0.0152093035022382,2.49474811227992,32.4904430285096,4.62715199985541,29.8200090124737,0.0175550968707219,0.0236877768056327,0.0523743287406623,0.0172748168844051,0.0861644319032816,0.344382540369661,0.451882928346788,0.452361154124677,0.451874379224506,0.440717713618331,0.209772490233073,0.0761244293459754
432,60.2389379352409,12.5518863400092,2.84822772501502,0.0153528276683828,0.0160146581683815,1.59775559278205,39.9344269465655,2.98580514197238,18.4384361235425,0.0174002124035185,0.0199836334849191,0.037009403608791,0.0165452498616219,0.0637229733502919,0.291169750295336,0.379147728162955,0.381102517014099,0.381644476822678,0.374183978543581,0.168096559106587,0.051552472032575
433,63.7268349897605,13.0962690788602,2.01772678771522,0.0148037463926772,0.015202359048624,2.47056110971607,30.8819749671966,2.09056017175317,21.822540492285,0.0208380024101747,0.0276852278427032,0.0594913605143386,0.0224912574190036,0.0905110379879945,0.327840586701938,0.410506772376923,0.413476620705984,0.414705621385396,0.410496847242228,0.223040914388752,0.0884799669670779
434,25.8586850122916,5.50108901376397,2.68092436355073,0.0158219650876952,0.0144194401414507,1.76837689382955,59.3818673864007,3.3443512103986,22.8189726965502,0.0153672421969321,0.0263483736762265,0.0602433621272214,0.0231492043605043,0.109300776714843,0.287588568025807,0.327878019934561,0.329782523614613,0.330569085159353,0.325396059041903,0.154414787062551,0.0532129888692634
435,70.1961642988861,14.0093914380147,2.8249522150727,0.0157814337740972,0.0142213260515776,2.11039527226239,32.4405551608652,4.24553093127906,15.6872362992726,0.0175906493720385,0.0213470386726703,0.0426921862653152,0.0160378020928576,0.0699977258670851,0.321129923378236,0.433368988961482,0.434171053327138,0.433884144905898,0.424149909728674,0.200311818033044,0.0677886593023022
436,52.0961743571114,9.60682096767929,3.31619258201681,0.0162349517031361,0.0153010428384229,2.00088833621703,54.4486747682095,3.63636246556416,15.2568650536705,0.0148760244127603,0.0201455587810947,0.0415375533958884,0.0159056577437836,0.0730941947007233,0.282027604586213,0.357400544680643,0.358932336567571,0.359301326786621,0.352147991207869,0.16256902240798,0.054802498443857
437,58.36634761105,9.9141624600731,1.86560700286645,0.0148271766270447,0.0143630922017465,2.08586665173061,43.8172538392246,4.5734991596546,19.1161409486085,0.0159123074950724,0.02252354795209,0.0483354429879396,0.0153707104451506,0.0751168453427372,0.317427476787133,0.417858070324823,0.418531334117643,0.418212464774847,0.407912901082356,0.187326346090355,0.0635773690867482
438,38.7646805631258,7.23141353721434,2.30187489045784,0.0138554526074687,0.0155721643434474,2.10869849147275,41.7625999264419,2.99335585231893,24.4439115026034,0.0175752807791058,0.0291451980187471,0.0665333103654604,0.0213434681270779,0.108925027952558,0.342084014168744,0.407816042868121,0.409510102411751,0.409994227152512,0.402166775590515,0.193443434425508,0.0688613732617748
439,41.7746173617633,8.67326342109569,4.20858352887444,0.0146218710958687,0.0146622441660097,1.96531230746768,49.9677476473153,2.7114023277536,21.2994434474967,0.0173274323315557,0.0236264919674664,0.0487576268051111,0.0208746007255339,0.0937737922785938,0.304172626509817,0.36522378299485,0.367792144989333,0.368878229571314,0.364204333874708,0.183783168913548,0.0671886316296661
440,50.1456379422722,8.72913718736236,4.13098847516812,0.0153072679606936,0.014597101055442,1.52258919132873,52.3116130847484,2.91559103224427,28.6556420987472,0.016199780591764,0.0197130312419866,0.0349931857954855,0.017049257866448,0.0673846592736658,0.272165344545196,0.342255871333827,0.344567984237786,0.345464541001019,0.34027539077884,0.160251462164536,0.0521020281860403
441,64.2919871216738,12.5191024951969,3.398839742993,0.0137107160998354,0.0138339114011186,2.24064802750945,63.4723402466625,2.13230242114514,29.6083809121046,0.0209519356772871,0.0253588643956869,0.043580762634871,0.028846710221011,0.0715623761867844,0.239815978180416,0.303810520341641,0.308766469054897,0.31135082994632,0.312611140567041,0.191782739485726,0.0917531906099481
442,40.1114518558315,6.94571835789766,1.6772121777758,0.0143128760621813,0.0151871073000912,2.02410075441003,32.7045062277466,3.47633503051475,22.9955781041645,0.0181245268788882,0.0308371946893494,0.0708710859229842,0.020404776339701,0.109459720337275,0.359719788495242,0.433367631769054,0.434349798056987,0.434349662568143,0.424711623720863,0.198728523128147,0.0674359403241632
443,23.1029553022207,5.23634957216621,3.34866665862501,0.0154120252026864,0.0139164586835315,2.24252563272603,68.3001779299229,2.34424738050438,15.2788722433615,0.023822943353522,0.0358733149785292,0.0670108505872019,0.0440518079571827,0.119826408485421,0.242312123081863,0.268709738182645,0.274459419306479,0.277691224899548,0.281456913527015,0.18365878974783,0.0962744438136486
444,52.1579330039826,10.5450399233813,1.94725728419144,0.0144166697876507,0.0149734142016735,2.18631003377959,57.7477683778852,4.55648437468335,16.1492309253663,0.0135258568363545,0.0197237285362792,0.0462966498643308,0.0145791725148101,0.0731675996009226,0.289306346709403,0.375823128146589,0.376819502802622,0.376763651982486,0.367255739330732,0.165276123768463,0.0578250816561217
445,33.0529985374086,7.19849197898069,0.882957914262079,0.0152436620451572,0.015037773647532,1.96410353388637,42.2100211121142,4.05798804108053,17.1060706861317,0.0167873696797817,0.0304336357117415,0.0803028614963826,0.0212347357166314,0.115329615194018,0.346683028346424,0.408538269291542,0.409168571215819,0.409015303137398,0.399241921408796,0.180921494989941,0.0592014245772384
446,55.7531833359867,11.1643723230059,3.18800158845261,0.0142141962273514,0.0150758137723498,2.34828517492861,31.8439252115786,3.27766946237534,22.9733164748177,0.0180822215744968,0.02522267217313,0.0555745554450627,0.0186453069741505,0.0934359016902335,0.35043966254046,0.443650710350767,0.444906546915192,0.444988787916855,0.435862338267997,0.21317534773564,0.077871087584968
447,27.4573426047343,5.29963273864085,1.7554467759328,0.0142456747514417,0.0151164748336893,2.00881682895124,36.2434389349073,2.08208871353418,19.3415187613573,0.0220976827508548,0.0404118516645345,0.0908658555964761,0.0324103504326553,0.142277102751138,0.344152377117623,0.38589371635541,0.389070897195922,0.39060041777824,0.387228698917771,0.206617159910064,0.0786225628408586
448,71.5177220257752,13.9543458669585,2.54805952543393,0.0146333372491021,0.0150427896333184,1.95313407084905,57.762886825949,2.61300040502101,18.9612471673172,0.0174902192419244,0.0205700952225599,0.0364731514031109,0.020456715976363,0.0588753136423304,0.249168437663571,0.331163671588303,0.334779540029218,0.336409904540782,0.333722096282539,0.174989964913799,0.0693038141812367
449,57.0900732185398,11.8869953051109,1.03018896142021,0.016021515174338,0.0142419749690033,2.10133809456602,62.5257108267397,3.42787998868152,15.9591663919855,0.0144619828508942,0.01952342251147,0.0433889994276435,0.0172868604261385,0.0642705414216753,0.247695783608749,0.31907551464041,0.321592191211543,0.322616918972684,0.318541446526769,0.158937756902538,0.0603215079110105
450,45.901994144994,9.51038288298692,0.22572305041831,0.0139653628552541,0.0154055478399261,2.08496396872215,69.1926788631827,3.73130232910626,25.8427539956756,0.0129568698708478,0.0198300877664893,0.0477985463855316,0.0175621639991332,0.0659263131146201,0.235458982855312,0.297454307832439,0.299785289427341,0.300727487886559,0.295458016700067,0.141003161761397,0.0564584584611119
451,30.553729810485,6.2473912048482,3.51704686728772,0.0132145483171534,0.0159204314473553,1.78251254162751,39.3124634679407,2.83773266733624,20.0055562122725,0.0182220596352113,0.0283457837542497,0.0623718008293249,0.0234281220561231,0.121246781610416,0.347962728434352,0.402763231411046,0.404712565514199,0.405382449601081,0.397684393875471,0.186204917839978,0.0627836653767015
452,65.1444675329246,13.9578979043377,3.89950989978388,0.0140568154785814,0.0149140748555073,1.71701241959818,50.393383782357,4.24585531232879,21.0184147604741,0.0148875343450879,0.0168174831242215,0.0305216411454687,0.013758295042002,0.0558887852651573,0.282542136819984,0.389073833890115,0.390152842517317,0.390031738103526,0.379906645745855,0.164701226692257,0.0517362989479064
453,51.8224801300148,10.8509393652127,1.73789426498115,0.0154031944807022,0.0160600745996065,2.26212290395051,45.2538491878659,4.40272233402357,17.2711273503955,0.0157993364139807,0.0233546656789253,0.0563640163580461,0.0166438263486016,0.0864932935912428,0.324429514120161,0.412475370261838,0.41309602797975,0.412788449754026,0.401987042294798,0.181549271786943,0.0623705606082869
454,27.5132076411968,6.0383457682537,3.13072655000724,0.0166296461911715,0.0161487758891948,1.58623995189555,50.3144343569875,4.07787181949243,23.036721625831,0.0153908730263728,0.0241795909992787,0.05580001057614,0.0197765917316867,0.108414030954708,0.311445805387278,0.359716043754375,0.360324017294706,0.360225239648444,0.350818115214658,0.145765963413112,0.041704478015484
455,29.8971007708801,5.75905459672704,3.36317873687949,0.0144064013188137,0.0164017599540406,2.377696612617,61.3228969182819,4.92172788339667,17.0313541882206,0.0137913890348053,0.0264132230396698,0.0592086928963273,0.0215301525116755,0.10856651685116,0.309651903961038,0.365712104649796,0.36633785862411,0.366172776837293,0.355563367051994,0.15487288211579,0.0553454859973953
456,40.6396972926715,8.03958991741485,4.48295024607796,0.0141867063974125,0.0138038626101769,1.89217026135884,41.1403939221054,4.96621347381733,27.8393168072216,0.0163489093006738,0.0228730566981447,0.0482479440318354,0.0176706784253895,0.0975564395573229,0.345958721640381,0.427615736651163,0.427878824603007,0.427402855528157,0.41635633891115,0.188424197071464,0.0620266438907964
457,26.7223519962728,5.95188931365516,0.12160475703422,0.0153660454937475,0.0162540177673657,2.45973345730454,44.0399880986661,2.38094813376665,15.8330905262846,0.0215232534994227,0.0462703455613702,0.117378354465036,0.0355409220210127,0.14846043649593,0.342651308896794,0.38276489004422,0.385383243358418,0.386572123827765,0.381995729532754,0.199769156499135,0.0785130899197645
458,60.1254524641537,11.2483185417674,4.17308149603195,0.0145766861481695,0.014122526494864,1.52623267308809,47.3508711252362,4.42253683041781,24.3917971348856,0.0153006502605015,0.0174133971603371,0.0298507684416825,0.0138840203677051,0.0566569842020954,0.285560816550738,0.387123786310256,0.387950460331615,0.387725025099427,0.377768529877163,0.161862113862968,0.0476929816140597
459,67.5640725390458,14.3465654733682,2.56566254678182,0.0150828740333841,0.015616449632967,2.22078145458363,55.5189003515989,3.46360890078358,23.4834211994894,0.0148028918704487,0.0184560878248675,0.0385784666358748,0.0153311999248515,0.0626024043526404,0.273287302280527,0.365892336419556,0.367696337259219,0.368130337235257,0.360771642352648,0.170176406224974,0.0611826152225458
460,65.9951688821936,13.5279078437988,0.983509897487238,0.0167888027016658,0.016371563622928,1.81543954415247,60.6979967374355,3.15744303632528,25.8582241286058,0.0148892100994986,0.0180775378896859,0.0360760809671781,0.0165646740049095,0.0537996864116569,0.236692434103321,0.313698259582895,0.316079147663895,0.316976962691028,0.311844744289528,0.145675725781573,0.051274695004561
461,52.699966895908,10.9014052753856,0.615723248454742,0.0147405292145233,0.0141819414157732,1.93221286777407,31.2066612672061,4.81673562363721,20.8439335296862,0.0177540221069753,0.0248615680636551,0.0603187219643906,0.0170849040689442,0.0855368378002308,0.34526398149178,0.443896052412294,0.444326878095803,0.44386348155357,0.432806595194501,0.198705915941579,0.0655707602553217
462,50.8004066888684,9.66263464387496,3.82348523440305,0.014061584584135,0.0165933510263067,1.60412528179586,38.3530144393444,3.75794210168533,19.4223346235231,0.0168944302025624,0.0205596121226048,0.0390860602178151,0.0159231486930751,0.0743469947087754,0.31849965680449,0.408613414368934,0.409651532923872,0.409562749509761,0.398481281581684,0.167791923495937,0.0500785579274675
463,59.8366874293324,13.1026965547878,2.49944424501155,0.0149511913204902,0.017536892136056,1.51162654929794,41.2037262134254,3.6409139696043,23.7305162544362,0.0165285494921329,0.0187203681412568,0.0352427695638251,0.0151012394146179,0.059863087477165,0.291756915659896,0.387484117433386,0.388669930039755,0.388644087616399,0.377855238848682,0.153660845041246,0.0435736692588227
464,35.9719252523741,6.20242076904978,0.119305978179909,0.0159824197869305,0.0138167285098677,2.45951784658246,51.5226962510496,3.48719837027602,19.2226685537025,0.0165555615562154,0.0361231320744685,0.0878376634862244,0.0228620628796238,0.112722501726975,0.324131816137849,0.381467775558797,0.382822645448527,0.383194644943398,0.376752559103399,0.188498776920309,0.070002582345852
465,23.2642648701001,5.17092790532665,3.4221854461357,0.0151688976299004,0.0159052341992226,1.69711549743079,46.7516154143959,3.98371814005077,20.309247697005,0.0166208514832408,0.0284334871563549,0.0649349399502514,0.0248427312330014,0.131680628252992,0.34060124515522,0.385781844232681,0.386431158150575,0.38634587364923,0.376374554739532,0.161057351409148,0.0488978995825968
466,51.709872574426,10.0528974647584,1.13537501706742,0.0151392689670641,0.0143051921702266,1.9087749037426,64.9485042411834,2.22093914938159,19.5433512388263,0.0217204246124472,0.0277137205198513,0.0513623681094507,0.0314157390630285,0.0766540062841656,0.230386387611175,0.281134587245944,0.286535474413761,0.289447057477194,0.291871928932851,0.180042867534231,0.0872017144291814
467,47.6512140231632,9.87759558724186,1.29368401912507,0.0159106011041096,0.0165745779775286,1.94295260007493,30.8167056459934,2.64522589393891,26.3493109925184,0.0189571722753916,0.0269015799309399,0.0631053741199777,0.0198247218261505,0.0946308075466448,0.3318508153868,0.403530193860966,0.405385702017593,0.405949156945336,0.398642715691101,0.188634733857753,0.0623964004310144
468,18.635164988669,3.84509938988842,2.62835655792151,0.0148003018583686,0.0154642339946599,1.55612320872024,37.6934389118105,3.12776119308546,22.8791248169728,0.0194842962190257,0.036847905153553,0.0824611780249035,0.0316425316132256,0.156598408318712,0.354545123337125,0.390301489165352,0.391642539434429,0.392031590770262,0.383956524229723,0.171485518066624,0.0518609157240957
469,64.96061982985,11.9722730695349,2.24068801989779,0.0151415795711284,0.0138119690132259,2.14252070803195,37.3472285270691,2.15523172565736,29.848060249351,0.0200524841158721,0.0254038166034741,0.0497658533575865,0.0212473757173464,0.0780613087346605,0.303632245966763,0.385183113318189,0.388323338242107,0.389688727001277,0.386600845437146,0.210996352336723,0.080888183582866
470,10.6644618498678,2.21366521351519,2.20364564051852,0.013721493151352,0.0165517494089019,2.31659634737298,63.7311780080199,4.42191036627628,29.7003313922323,0.0246112165473171,0.0527636227642267,0.101779127674084,0.0534626573603263,0.183413761855114,0.331670872314287,0.354211139081238,0.354650746887629,0.354523712594196,0.344051870124248,0.148469166313026,0.0531653345983013
471,48.1207097884045,7.97684889517022,0.467472685268149,0.0137401336735354,0.0155249952840509,2.0121484559495,32.1311159804463,2.26396078732796,24.9940873822197,0.0200465814118362,0.0316340122548248,0.0709558783752261,0.0218813324445748,0.0978030480935627,0.335239086091208,0.406791588869051,0.409548770761203,0.410674449924301,0.405358381125144,0.20730267425541,0.0758758146161427
472,73.091026627019,15.1095181763455,3.07669319794513,0.0155820302715599,0.0144762146647274,2.24489180534147,61.4753758348525,4.83658539247699,20.8765293785837,0.0124419498093666,0.0152161730937347,0.030916334419279,0.0122704759585994,0.0516566314947462,0.24898750861718,0.351082292694435,0.352114025143055,0.352014418592617,0.343311789035932,0.154642228564133,0.0538179555948859
473,44.6237962872386,8.16621231807466,1.08962276321836,0.0150208715657988,0.0155154225970435,2.25161306443624,31.1041139066219,4.29562834626995,18.0153120076284,0.0181273512489081,0.0312854319676686,0.0753357979839503,0.0201952675565336,0.108264944730392,0.36564511744831,0.448886720477381,0.449330939035171,0.44893977753046,0.437745413595071,0.20379031054778,0.0709962091237175
474,43.3468536173296,8.90160844168336,2.12854048667941,0.0151821544559975,0.0142698688615979,1.50653330492787,56.4781162142754,2.44709172309376,15.9814658621326,0.0185555309474097,0.0235976540511574,0.0466454541177617,0.0229300598036462,0.0776351908017095,0.259266461654672,0.313265047141621,0.317135074988078,0.319074206870385,0.317815117517469,0.168027409847074,0.0640723682396923
475,45.7491902368294,8.19864964849674,0.136394927976653,0.0147328062631235,0.0140637697899319,1.50867672008462,34.1963922418654,4.09834566712379,22.4941945611499,0.0173786772471273,0.0250727774702327,0.0585622978899734,0.0163938240601178,0.0799581745741926,0.3264423629295,0.411113577618534,0.411860304385294,0.411676384601887,0.40180691167181,0.176036910404001,0.0515648536621224
476,66.8298635631073,13.5068318220132,0.751409996766597,0.0143287001777252,0.0166187697262838,1.5299507828895,65.6971130892634,3.97483954345807,17.3483104887418,0.0129030135849577,0.0152401067144077,0.0288556865585,0.0145194819035361,0.0430812273581038,0.216875248439182,0.303629590749477,0.305897540123827,0.306616742704888,0.299643855861062,0.128100454289677,0.0438225206962558
477,43.3593713715077,8.55938105037175,1.97645136388019,0.0136857641771353,0.0153808997103857,1.81434346898459,68.3799738623202,2.0766030093655,23.2318000774831,0.0243223421977621,0.0308785662545255,0.0541624447340875,0.0379281658199855,0.0852148195239242,0.22348320811423,0.265120368844405,0.271415189204395,0.274908201406032,0.278816067176199,0.182131616236607,0.0973888072683851
478,26.0611161748337,5.94115783986268,4.21447518432979,0.0153899672877369,0.0159180923851835,2.19111507455818,42.7099921181798,2.47406301251613,25.2128265181091,0.0199652027976847,0.0334548445909434,0.072260625658644,0.0322546212300803,0.144019222090753,0.341552227120034,0.382083311575697,0.384417330770901,0.385431607744553,0.380252547429932,0.192643330325443,0.0712779253589733
479,31.1235195345331,6.07083303502164,1.65995813172776,0.015122856558842,0.0126791699696645,1.89906683331355,55.9291050210595,3.96214261418208,29.4477575132623,0.014599069716716,0.026849042378924,0.065274183839133,0.0193131606034254,0.103308813309793,0.309944273932978,0.364503371048223,0.365399976086125,0.365517237140309,0.358342269762663,0.169095960748939,0.0566456482281652
480,18.1859392149191,3.10091683588324,2.37493263348006,0.0174033735258814,0.0140643934088225,2.37023293622769,36.6888870578259,4.56792369717732,24.3172675254755,0.024551084119644,0.0555433491518342,0.1115069593425,0.045446260080848,0.187040322955571,0.385668883428783,0.421142045492543,0.421193451423564,0.420836042619438,0.411698183453403,0.198045183466298,0.0687830359807609
481,42.6659348234472,8.01416393182086,3.7714186917292,0.013394792898965,0.0155143517668243,1.77390504465438,34.4601517915726,4.48835264891386,27.53168201074,0.0173316637583426,0.0237923868772082,0.0496254868471507,0.017656596441122,0.0950423660476607,0.354221309864558,0.4415035817133,0.441931041848672,0.441473334476196,0.428961451939494,0.186408902676245,0.0594028483334777
482,45.3898593791658,8.41431386926808,3.98735165724065,0.0149411248224597,0.0128090509081239,2.36620557890274,59.8241788335145,4.71576926042326,19.9831067025661,0.013136591782359,0.0205254050363264,0.0448440213377453,0.0157575592750054,0.0823450017248655,0.29190811811122,0.367662577904406,0.368534537294931,0.368516657479276,0.360677812958959,0.172014886641688,0.062721938639184
483,56.8444023384042,11.247819353626,3.04103311803192,0.0151687562537987,0.0167077006329177,2.04954735655338,57.2258900105953,2.14311031880789,28.8029693195131,0.0201503117697508,0.024979863301197,0.0460551280339946,0.025634241483933,0.0764732048009715,0.259280027478827,0.32103627678631,0.325199820334585,0.327270138942453,0.325912267553323,0.178631428580973,0.0760037776389479
484,51.3041616229427,8.94943936450323,2.35712320148014,0.0156253826812802,0.0149669423961229,2.34287751000375,55.6879599485546,4.60361015144736,15.6073066173121,0.014001437847135,0.0221206505972221,0.0495651254412377,0.0154334223549191,0.0794095815846538,0.296629383236934,0.379155620832428,0.379971254458907,0.379842422918705,0.370617340277348,0.16991706188131,0.0598957144751857
485,62.7074144698723,12.7036243759419,2.21546969166957,0.0160289348580953,0.013286240625294,2.1978114026133,50.1323789358139,2.54419783782214,26.6977514605969,0.0176992641070069,0.0226173226119757,0.0464414828474106,0.0196106788124322,0.0732267440845769,0.281420282848629,0.358282824852704,0.361104675962771,0.362314532186672,0.359236781252534,0.193256951495196,0.074063999572813
486,56.8324045059759,11.0785790977987,3.83147981821094,0.0159387420302642,0.0133901193602691,1.92369208694436,66.5998503658921,3.30929874163121,27.50384937739,0.0140685268990483,0.0174523866030468,0.0323466368752589,0.0175706165925977,0.0578636457601385,0.22675048075937,0.293184972906132,0.2957932153812,0.296937144479247,0.293862374849797,0.149833506469282,0.0583894964487266
487,65.3600425505827,13.0142911041901,3.15778301598039,0.0150257718325228,0.0167654916615239,1.63815113878809,55.2297305315733,3.14627697155811,25.234466342954,0.0154135870664087,0.0176504389914835,0.0310829162180394,0.0158227716263731,0.05378113732029,0.255788772760881,0.342676323185156,0.344902752234931,0.345615594623045,0.338701609961578,0.150874798497972,0.0493594934148685
488,52.8013457786093,9.80038063700049,3.84447100642137,0.0139157477031943,0.0144372170887549,2.48193098511547,44.1287032328546,2.87246775743552,29.4971782097127,0.0172511498680554,0.0252232938499096,0.0534895940246533,0.0195942763446585,0.0933504402000395,0.328246645412855,0.40887079382882,0.410820609190043,0.411426295933806,0.404878140641944,0.207782218625748,0.0803594620025037
489,51.5388882188836,11.0223090781081,0.979324657120742,0.0148471099122854,0.0140741941098847,1.77942914306186,58.5989901889116,3.26295958901756,23.3885237015784,0.014881180086802,0.0196979471997141,0.044700056911243,0.0165884273971587,0.0668531395891553,0.265017307937335,0.337154451649829,0.339403956890845,0.340255214348454,0.33510782550583,0.161467922571447,0.0566887043475093
490,58.3611564477017,11.8159120313072,1.86466294177808,0.0139336877812525,0.0152816850619721,1.77258100314066,51.0652086045593,2.2438162821345,24.5571152656339,0.0193567493330128,0.0234851170771818,0.0449724155612251,0.0222668082493602,0.0710758778657521,0.272920564223872,0.344720309709237,0.348549762116655,0.350358653508417,0.347930902825335,0.184010097739928,0.0713699283266145
491,58.4401674643484,11.3633523034257,2.55690712085925,0.0153689988022421,0.014206513403949,2.38191397092305,46.500339936465,4.45622530789115,17.2204467526171,0.0155614152715482,0.022175778171165,0.0498813861221592,0.0158937715107876,0.0802569536827233,0.317318748527624,0.413338946634698,0.414091752354819,0.413861920471772,0.404390799733144,0.192088125797221,0.0688253411883995
492,51.0109620911136,9.65518673129037,1.57060199801344,0.013851110848829,0.0166298882834944,1.55645493301563,37.950784098357,3.05412305565551,18.3475366712082,0.0175255990382878,0.0223891333116053,0.0466691756472161,0.0168912361741616,0.0739347783368011,0.311600735713937,0.39534017441037,0.397171984608508,0.397622426279416,0.388768124673816,0.170083303614536,0.0519744078994111
493,42.8007869816965,7.46308820147106,0.242108848644421,0.0163685857328774,0.0149999758882339,1.69261782499962,68.2727147266269,2.33197117946111,21.6220358968712,0.0215565169717099,0.0295632218258714,0.0561888327151092,0.0329481883147135,0.0788100111701096,0.21573461955415,0.256501324145382,0.261942999650521,0.26493244259027,0.267760870670689,0.165526118060694,0.0828705532116875
494,53.8081873967363,10.5525815527395,0.474424746818841,0.0162647133295061,0.0141318456430919,2.33911761734635,40.1835761684924,4.65762656019069,15.1894661667757,0.0165583070865266,0.0261764380320987,0.0651070803962775,0.01721227305899,0.0891427555722343,0.332154585352932,0.42237448837743,0.422882969174169,0.422543755671489,0.412958234597549,0.196749881628682,0.069055048689689
495,60.9490459460996,11.0582700306306,0.211285343742929,0.0170898375656837,0.0160774527399286,2.0977944615297,63.6712451931089,2.44828330143355,26.679671992315,0.0185292990927023,0.0244517135594743,0.0480924299469104,0.0247433402393772,0.0670729815663703,0.230658980309854,0.290342837049374,0.294348320677392,0.296358972575556,0.295641175900966,0.163378956496865,0.0714547802939659
496,35.5511672837689,7.45772761793482,1.88395455933642,0.0141625198228831,0.0157802701935409,1.92768298415467,59.3732180073857,2.51084521203302,19.072894945275,0.0184628586657779,0.0277426338078976,0.060937455571924,0.0261680170296375,0.0976145110049309,0.276049325985937,0.323069482800464,0.326854156359518,0.328746898076267,0.326635553214429,0.173435879491166,0.0714517373405881
497,21.2718562635234,4.48494354089691,3.72165957908146,0.0160427126273279,0.0136744011326439,1.92522218148224,63.3307736832649,4.79908103682101,20.571864740923,0.0137080435709767,0.0256402639732772,0.0561498512231009,0.0240276585261998,0.116830040330343,0.29051502810571,0.328443795228769,0.329082875524132,0.329099932409699,0.321502805289303,0.143184347403589,0.0472366006510396
498,10.1141513007917,1.85793561526584,4.23628434108105,0.014493443874073,0.0151932440912688,1.75327215204015,60.1925793476403,4.15063472697511,16.6597615834326,0.0217427448073206,0.040341520560201,0.071105371701382,0.049904617734221,0.181558722787071,0.324030355160343,0.345025854795529,0.346062624303308,0.346331102373242,0.338118773649907,0.14759388108328,0.0483654418754087
499,33.2024743490435,7.28779457082613,2.39270484249573,0.0144613076223675,0.015895732136119,1.68906772462651,39.4992787577212,4.64937297417782,19.8699113214388,0.0167623610925224,0.0256697181190174,0.0619013317416934,0.0192622529253288,0.108141105738719,0.349177518017844,0.417080464438231,0.417353299625294,0.416902699522083,0.404795959320414,0.170600443825017,0.0516279292092685
500,15.1952173237632,2.09844613988678,0.749748567352071,0.0149916295573445,0.0142201636036372,2.46770546888001,44.5886347722262,2.64154927479103,15.6766050041188,0.0314733682503874,0.078197962517599,0.148477623070415,0.0562743069365909,0.198632940919963,0.365781961531183,0.392325874512394,0.394448042575707,0.395403120006283,0.390655340679291,0.206901552794215,0.0809053775552131
501,63.4805733730091,11.9512304868515,4.14421628345735,0.0145987188412212,0.0162035719838343,1.69605047977529,47.6641443930566,4.03721705148928,27.6524595462251,0.0153577859713418,0.0177252087968432,0.0313263460590954,0.0141230721382807,0.0581822028318299,0.287042674470035,0.38918826023435,0.390164529774272,0.389993687130101,0.379278866296295,0.160104613493343,0.0487356251937371
502,18.2579402469192,4.0714523337309,2.1468649887247,0.01580480702553,0.0150915799732782,2.47929441137239,61.8050230573863,3.4162454942707,21.0102427506354,0.0193218575850793,0.040828503433805,0.0889447243526099,0.0388629546261944,0.147162166052363,0.305009959370696,0.334447736382703,0.336366413869724,0.337195861160523,0.332075485682868,0.165505882084917,0.0648232926203604
503,68.7178614480133,14.0130734086221,1.94563421560451,0.0136103766182224,0.0152878572790807,1.63690076186322,33.4247605316341,4.71835075737908,21.8573375197593,0.0173797835916627,0.0197070686265249,0.0366456347844095,0.0152856502419006,0.0585678988334544,0.312359637211885,0.436611420545727,0.437320188051764,0.43682965164954,0.42429064171912,0.181242439928537,0.0554225088179636
504,66.353711742306,14.1011326309698,1.5827782577835,0.0149839060228109,0.0154197232953085,1.97940650279634,62.234085034579,4.24252944788896,17.6005481975153,0.012868430458325,0.0159005531744752,0.0335836496098318,0.0134005641072688,0.0521914638035491,0.24519684583894,0.337438889512132,0.339018522636586,0.339300832462194,0.33136942671798,0.147170652907589,0.0505889203825867
505,60.999947021822,11.6543094028936,0.379284515278414,0.0147537505621822,0.0160225026271287,2.11171223176643,58.1785671133548,4.40662041632459,18.092262391001,0.0134588477537141,0.0190074411365861,0.0444953261575444,0.013655709844046,0.0622249726934228,0.273177180552997,0.366961808754754,0.368081852098583,0.368049271088844,0.358306732370295,0.157019505050226,0.0535507482441707
506,66.9178355558716,13.6129802852031,0.161798572749831,0.012809514463772,0.0145428810387464,2.04572984972037,52.1955286152661,4.20714603574015,26.1911301361397,0.0145534392915775,0.0190151507588135,0.0439856243237042,0.0138291585131139,0.0609750799035915,0.293633568992827,0.406677066362314,0.407832373881819,0.407713019918212,0.397310763162188,0.180111452193235,0.0628202457381188
507,54.1753653274371,10.5848320209232,0.82896479847841,0.0152999615234343,0.0136716971299157,2.20728947175667,49.926917552948,3.97497670562007,17.2994129208382,0.0152273796000564,0.0228797887405482,0.0551454422036869,0.015900921893971,0.0788388469757677,0.306425762204323,0.39285137246721,0.393968476508503,0.394035412122021,0.3860667767748,0.185029654391312,0.0651560569021531
508,70.4137380104901,14.8619111094783,0.389014181331731,0.0148749101467292,0.0162579029502578,2.27673202822916,44.9835262261331,3.52615939313546,24.957624503877,0.0161144080941576,0.0210008462469289,0.0486081250428379,0.0155447478066995,0.0677992323934017,0.302176222983063,0.406626017210748,0.407987888816508,0.408058082484927,0.398657582115908,0.185072344035172,0.0651473707811104
509,29.9598548361522,6.01052889387313,4.2239490870852,0.014277562263375,0.0140186950366079,2.34941575792618,45.9056905191392,2.08141970424913,21.8189395288937,0.0219270962373826,0.0354744677479463,0.0718010617334652,0.0339974704661,0.136189457825743,0.328231264423693,0.370256248130621,0.373813309813759,0.375606567052289,0.373880619936246,0.213346712575207,0.0895266369413831
510,41.0868396613197,9.13962403797603,4.46166263439227,0.0149986344489435,0.0165503331199727,2.42238884209655,67.2054414544255,2.04417753242888,17.1854864282068,0.0253776968349954,0.0325502723813698,0.056102563848198,0.041225558170445,0.0980377366014007,0.234805525340335,0.273398414744514,0.279734217733943,0.283251871308968,0.287220926362801,0.189440372300787,0.103536533073718
511,47.7488217791043,9.44122030587509,0.155001869774424,0.0141435556711555,0.0158641404151439,2.19732591789216,69.9040681309998,4.56552061601542,20.1790648978204,0.0114941038077516,0.0184244710929923,0.0451877816000279,0.0150806110917019,0.0617074257000113,0.23175685797946,0.300095562511046,0.301853163996859,0.302375605685249,0.295195301345272,0.132109134958508,0.0508868525464337
512,58.8732980737483,12.047516136867,1.96739512088243,0.015745118993932,0.016162510878809,2.29112188587897,38.223079200834,2.64143352140673,29.2204200848937,0.018209161390254,0.0247484989023638,0.0549947700742604,0.0191178675338518,0.0848950123330835,0.317664881151814,0.399276388213363,0.401317240289338,0.40196403216002,0.395360397150922,0.195837569258083,0.070865965642635
513,26.6074676427667,5.32343950778094,0.908746275817975,0.0141633199498052,0.0153470792932243,1.70700362813659,59.6916278917342,3.56302299210802,20.4859413939994,0.0149316728287074,0.0288034937882925,0.0719860505250733,0.0215258550146949,0.105724596642488,0.294363200417252,0.339817033359354,0.341600452071776,0.342246526363287,0.335391717485814,0.151683566946599,0.0514992994779223
514,44.182706372264,8.56352055750038,0.711240443517454,0.0145433688601462,0.0128464244779257,2.39600824564695,42.0663286186755,4.73739123111591,15.5393961654045,0.0165654096801727,0.0299617897092518,0.0756988042647376,0.0194501583614909,0.104797153519869,0.352688367055568,0.436432516619962,0.436935283519609,0.436628658593553,0.427146134068005,0.209640839081935,0.0773897564923343
515,37.9312300125959,7.33228802052486,4.05048490315676,0.0145693183524855,0.0140255419643075,1.8286301237531,35.4236102662981,3.74902253015898,29.2279209906701,0.0174427405207826,0.0251089691259193,0.0532882333070326,0.0192815663438353,0.105238705712076,0.35040798432632,0.421553800689738,0.422354711875833,0.422279482401309,0.413022622269235,0.191545454265769,0.0621867797387326
516,54.4502817708528,11.4394860619862,3.88701434188988,0.0144451888589619,0.0154091209014079,2.42189817293547,38.9151871018112,2.91629686253145,28.5554294509348,0.0176406257310189,0.024293983277481,0.0528978412842241,0.0192000247936418,0.0929131960023216,0.334532990964194,0.418356191809494,0.42006950462241,0.420495114026852,0.412881303753467,0.205512548971453,0.0767181843492157
517,73.4699514526478,14.9240344413222,1.97228769748472,0.0147011416288434,0.0145964423020993,2.27329982607625,31.7816370911896,3.78661967557855,29.1797240066808,0.0177238691707079,0.0220681821806256,0.046581225110693,0.0162932680722034,0.071682725571783,0.327802799401957,0.445168961316252,0.4461995430224,0.446012784077882,0.436151634487127,0.209810947416454,0.0746640780154858
518,47.0188581205213,10.2665694589876,2.32844456797466,0.013905823034699,0.0147589392476612,1.55114571168087,45.4845518339425,4.34004031773657,25.6359316315502,0.0156306471065985,0.0196323303015435,0.0427539538159059,0.0149557144764002,0.073501800378814,0.311268440030883,0.398924089692062,0.399623974499812,0.399371638333433,0.388583797365998,0.165032395365341,0.0492678743777493
519,38.4203142583309,8.36340955506085,0.165858289925382,0.016021487179409,0.0133512967598681,1.94137196801603,66.0263560712337,4.08040732354857,21.6893183381762,0.0126464632713473,0.0211013105428898,0.0555288530842498,0.0166235246276297,0.075105138282159,0.249879518114494,0.304736207517907,0.306388246329488,0.306982077845334,0.301846233088374,0.143166198685108,0.0513684736939862
520,38.8636078768074,7.29553011954872,4.31627643888351,0.0151066505430848,0.0153899829570843,1.7375053500291,36.9598332885653,3.14722815342247,29.7440226667095,0.0175709585629629,0.0241947954845465,0.0490936843204633,0.0190366911296966,0.0993556494064149,0.333027125653217,0.398907268892501,0.400260265403012,0.400543607872343,0.392313103215792,0.179201365523402,0.0564722750987058
521,63.1328823986942,12.5749862557556,1.72094818891492,0.0152954156692755,0.017084062328674,2.07802330027334,38.8327772635967,3.95198029908352,24.8375571880024,0.0167253381133106,0.0216736682323168,0.0472463267490644,0.0157595505581295,0.0727255183156139,0.316937899034287,0.418739339477497,0.419563962739844,0.419291544281804,0.408007991420661,0.179687964467603,0.0589616059223137
522,64.1879693929881,12.731240623591,2.93376135779545,0.0152443884512766,0.0147338455656375,1.92998515604995,51.3434013165534,4.79908342007548,18.9784157113172,0.0145670638816144,0.0177862756576464,0.0356138181137405,0.0136197861160034,0.0604767448611142,0.285289490795604,0.388566084494721,0.389286227844603,0.388974460241223,0.378757832634577,0.166610769968062,0.0537513726731299
523,56.1217678660799,11.1364862408443,3.02646859106608,0.0162518608057962,0.0160992332164809,2.1262766320724,31.7790707014501,2.08586130966432,17.5805165281054,0.0208508169611713,0.0268548246459008,0.0541039881080952,0.0225128281043416,0.0900614765242988,0.31653822272474,0.388048451453202,0.391028004240256,0.392312188334838,0.388228420735073,0.202124083840352,0.074365195235628
524,32.6852435574124,6.06450091851407,3.21293067187071,0.0132092150894382,0.0149274248985281,1.6226146069821,60.6487459968776,3.67046565166675,23.8803739717696,0.0140147679179303,0.0214257378333323,0.0459303920393274,0.0177201787768163,0.088024435771181,0.286256851932682,0.34268957535078,0.34442910299706,0.344997580290588,0.337632263205759,0.150889071312729,0.0508284509101396
525,57.7073647794411,13.145293670497,3.85687668516766,0.0161877400395267,0.0145275172936809,2.06004517059773,37.0624201931059,3.19398973719217,22.7041718945839,0.0174347687901034,0.0213317239814698,0.044301419827245,0.0171739362008248,0.0796297081593817,0.317245167741303,0.403606176001708,0.405025498604719,0.405282386554121,0.397886603177695,0.19193797139311,0.0648072681757534
526,60.9504840373663,13.0174673718769,2.5574948892463,0.0145780658401901,0.0168414200299788,2.21062303776853,40.9514469467103,2.0454712449573,29.0841784898657,0.0206370105091809,0.0257967014733548,0.0520763336276775,0.0232002736583708,0.0834742390230689,0.302067185842301,0.377011942041921,0.380479489868772,0.382033646419002,0.378340778069967,0.199990652507076,0.0787564031152294
527,42.3986640041848,9.20184484222774,0.728239897638559,0.0156684750456701,0.0140023232054177,2.23796531674452,42.2970806155354,4.15336610563099,19.4329050276428,0.0164988607636216,0.0279675635255219,0.0735437482029049,0.0192314544177186,0.102960078892429,0.340548280830189,0.41497188526614,0.415621898586486,0.415452873240528,0.406436092433668,0.19372804381733,0.0675235375206473
528,17.6142710008344,4.06120197982426,3.355049814214,0.0144327258825571,0.0145553952748275,2.26620168611407,54.6176052000374,2.84841673984192,26.3854039460421,0.0209501229695685,0.0403553833501167,0.0847613443754219,0.0420031522817693,0.163772231552018,0.332957735852016,0.362821306942125,0.365039125315978,0.366043173094042,0.36123068655491,0.18521364057816,0.071547488327982
529,33.0360680622906,6.44855083556626,4.35757474950515,0.014772715230249,0.0160299682518075,2.27942097536288,41.5467171277851,4.16685455827974,23.7612265453208,0.0172416812101512,0.0294025740953706,0.0640276064755168,0.0237949936061484,0.125839705944304,0.362761434896933,0.426372547259283,0.426822764641325,0.426521913783891,0.415479149718976,0.189642248810992,0.0661159370346304
530,53.6814657487242,11.7825304923095,3.47867697465699,0.0151985547317613,0.0143950831851903,2.01529695675708,38.1929828319699,2.21350580733269,23.5389683477115,0.0198405237881325,0.0246529897212786,0.0496712007872469,0.0217143374930657,0.0868488712942207,0.309316236573072,0.380241660785331,0.383299151076297,0.384652481461788,0.381224422709618,0.20259499184126,0.075452051586298
531,53.2352237606304,10.6161875230219,2.22507810301613,0.0150045973594618,0.0150905527158741,2.26494647329673,47.8208236675709,2.10257800552063,24.7392431739718,0.0204041207384909,0.0276623916884187,0.0572827042154628,0.024863768372977,0.0899704466844385,0.294485751682743,0.358718537669042,0.362397882976029,0.364165669373545,0.362130509337131,0.201056308125048,0.0826452670997924
532,36.7565848279518,8.63372493438161,0.244798882165924,0.0162309808480062,0.0153978576037009,2.11892513022758,51.2826744839549,3.81965606752783,24.4252433173824,0.0153547886497675,0.0272448323516454,0.076359521441867,0.0194314730591144,0.101949694511246,0.315985928386083,0.376294831553377,0.377202038165775,0.377253599189332,0.36882672695308,0.168931745126796,0.0567850499988082
533,26.6476147581163,5.11362784227421,3.21368989627808,0.0130066356921386,0.0139589308431933,2.3962627754081,42.5148820597678,4.99172837473452,25.4021473287139,0.0185930735600031,0.0374040983450616,0.0825656090498123,0.0300618432379064,0.149228646263249,0.392225441891179,0.453439655003695,0.453563312312197,0.45306996017276,0.441337518407019,0.208991622736759,0.0779376735817733
534,73.0832694905977,15.3825419228859,3.73284427647013,0.014009997975945,0.0133250945405632,2.01579685066827,49.0342694986612,2.04056123364717,25.2010400639847,0.0208082981389332,0.0235706081475385,0.0397526162042807,0.0239949060699076,0.0669749158631853,0.269614071209677,0.351116699709519,0.355382416157285,0.357443116507869,0.35680294361476,0.206120368468676,0.0858147458462661
535,28.9063956404467,6.5239247502919,1.23069640563335,0.0141342059892571,0.0174957766293314,2.1279938921798,32.112666638568,2.60934088565409,22.3165799479466,0.0201583595384985,0.038354145152052,0.0975042361343511,0.0293158916305578,0.143627483620855,0.369851084982532,0.419948883360345,0.421767311432849,0.422362930685288,0.414159706899966,0.197111428506326,0.0694647900621827
536,33.1572526957108,7.60307723659814,2.8328575839987,0.0151619016742929,0.0152324152049371,1.84556034905836,47.5627307035029,3.46963404747657,15.4211126512382,0.0162389157582832,0.0249628908292776,0.0595392887313107,0.0203561436516945,0.107049030593659,0.324292275983316,0.381312181720963,0.382634368716356,0.382941389487747,0.374993299432318,0.171483771557902,0.0559912919494365
537,45.953281237764,8.64336418098113,4.05281459761318,0.0165704759024642,0.0149750697365476,1.5853929205332,45.6490448117256,3.95864486205392,15.0874852726702,0.0158338713368811,0.0198689417799821,0.0382983765624728,0.0155239735981344,0.0752071392635803,0.296831140002611,0.371041685135134,0.371953544499397,0.371941018853581,0.363288284793369,0.156924117246782,0.0454838785123278
538,68.5453079993062,12.9830704808792,2.74575831543189,0.0156354096820931,0.0147639969826921,1.81031758082099,40.6665250193328,4.73030747310258,17.0605670486111,0.0163308641845582,0.0191860590193279,0.03586587687967,0.0146523341463522,0.0597535893236672,0.297575040786398,0.40868152898328,0.409347517560712,0.408958986827962,0.398392001405795,0.17546657492535,0.0545609185420357
539,66.7557504447222,13.3057688046192,4.09152654418722,0.0149751442772909,0.0156796599157598,1.89513092697598,30.5330642126501,3.38941916287877,24.4535392639227,0.0180681492944186,0.0208983998610019,0.0381885317145203,0.0164655247256509,0.068877068134815,0.319752221023193,0.425340316490743,0.426618075940648,0.426637387683783,0.417049314137088,0.190900157882195,0.0617867865872211
540,26.1292829850184,5.14311509215177,0.492681300966069,0.0143077638442133,0.0161568803564737,1.89246178255416,36.486209128052,3.69800300244242,17.2884525032714,0.0186695620464252,0.0403956753320983,0.103435398105364,0.0265757069873293,0.139921946536649,0.3706817130158,0.42308570950103,0.423813575336986,0.423721810435304,0.413108055074475,0.18391685203345,0.0596122610639802
541,32.1992434191179,6.97136921695823,1.30037568742409,0.0166112597114348,0.0149302356479589,2.44132122164592,37.3877535853535,3.49446143605746,18.594998071203,0.0186055289190838,0.0371387546955622,0.093459067488867,0.027202260502012,0.13567764685905,0.361928180447354,0.416971054563394,0.41779880929225,0.417829790126033,0.409602768752736,0.200127362318607,0.0715881172798724
542,49.0155777118775,9.49293235607705,3.63185810227878,0.0137078406592594,0.0153278196213243,1.54645254719071,45.3587669599801,3.67382791172713,18.140291729942,0.0160132832187658,0.0195748690158221,0.0376473555160842,0.0154704792215967,0.071481963398793,0.305108568831539,0.390595455422108,0.391930386428434,0.392078477048692,0.382585773550622,0.165431656423781,0.0502819306428059
543,16.8191805930633,4.9138312707471,1.0655760532245,0.0145376003723753,0.0151164696904676,2.04894699249417,52.1385937556624,4.89783637411892,15.5321484734304,0.0182942279428178,0.0411588668343425,0.112163897422901,0.0378004846083443,0.165816247800488,0.360769672032376,0.397679781536988,0.397882742906148,0.397546727325218,0.386663915067506,0.170306596639587,0.0569777395409655
544,58.1836035687585,11.3769341965179,3.75645396660548,0.0138601566173391,0.0136235775507213,2.40746484417468,43.6374115850776,2.10342289158143,21.3309263647534,0.0204579612292968,0.0268067430375765,0.052771876020254,0.0240710798123535,0.0898414434935066,0.308254372051457,0.381727090700071,0.385339575612064,0.387031037535915,0.384972779722322,0.220304960772467,0.092531081366968
545,74.5752437602998,14.4680059658971,1.00763906445354,0.0150775058972924,0.013433859293631,1.79089933237992,65.804103910923,2.15575004159473,23.6779351125006,0.0221557323536753,0.0255656731701797,0.0408180885626551,0.0315009966760724,0.0605855762812091,0.209958756326309,0.274106039750035,0.279766206231397,0.282785800630636,0.285864702145872,0.181171696351877,0.0890038852151269
546,31.9731568948183,5.45656056611804,3.59294193063397,0.0158793196424971,0.0153651944303791,1.56314088543877,42.6143725775182,3.27220330759883,15.9031802800018,0.0170381861118989,0.0256059966181651,0.0523555475773309,0.0197221532478539,0.10408317917993,0.319110595845181,0.372970204513047,0.37437590405704,0.374752674104281,0.367159275508955,0.163095336813472,0.0487250681948953
547,64.0146703108892,12.5959188559664,4.23728561284952,0.0145648116300179,0.0129508661280742,2.22458882350475,52.9785665590316,2.91861177026294,21.8901250872295,0.0163252812621941,0.0202962809397776,0.0390373797100801,0.0177511852528579,0.0696142922958645,0.282629016108172,0.368249831290614,0.370799081938089,0.371781671021167,0.36756375335605,0.193407443219238,0.0742586659082216
548,70.1594579295134,13.8968689070574,1.04349673306569,0.0150825290476467,0.0166496864549963,2.07763483165763,42.9234117455781,2.00777226430364,27.7294985647313,0.0209084075818826,0.0253811759364142,0.0491038232305557,0.0231835053811333,0.0717945787302735,0.283033831136613,0.362990446179179,0.366750791444147,0.368468597474695,0.365585212057929,0.194589866178832,0.0763563274566725
549,34.2996565926577,6.77513993597432,3.16725897230208,0.0148365647737967,0.0136036812701001,1.86297796899453,31.5711124893278,3.32138501573354,15.6878047459759,0.0184164982563891,0.0287955719351452,0.0644233244247421,0.0218719888755018,0.118064392120699,0.359329878135418,0.422161551314212,0.423304892088619,0.423493273745364,0.415617886236819,0.200125579278466,0.066289791994517
550,63.2042526364081,13.5775398512998,3.41161944007035,0.0150507618326819,0.0145766702021726,2.43468685471453,32.5753160659224,3.47601494030096,26.0131683130749,0.0177952626033436,0.0232731129265721,0.0508558062365159,0.017614554585022,0.085488481632769,0.339926667640372,0.440711246229023,0.441826739374109,0.441800768900212,0.432868253005156,0.213592578625022,0.0782813818050438
551,42.682955036162,8.85505048505162,2.62321546836756,0.0155641696238926,0.0149121691423345,1.59907981730066,47.5867957063019,3.76659235567786,19.2764775990508,0.0156616044739567,0.0207886345968955,0.0453573792858145,0.0159983377434916,0.0799633099645519,0.301509279334705,0.372536747294119,0.373641450739352,0.3737571680211,0.365287906807755,0.15979216408696,0.0478884442694799
552,50.5052654320292,8.64798357268226,1.06201699341182,0.0145344517619291,0.0149812804785295,2.47067569801584,67.3352075275034,3.70058312825859,24.2431415850297,0.013288408687053,0.0216633732384336,0.0479302026532807,0.0177840437703864,0.0694852711360504,0.245582976624861,0.312391530523551,0.314672287502485,0.315563228939936,0.310440735073616,0.153071469825015,0.0624407041102914
553,54.5260306499432,11.0813697236876,3.77782485459466,0.0154080301448103,0.015941893390661,1.87181840999983,32.7667228132486,3.48492956371047,24.1616377991159,0.0177480829068789,0.0219701657935309,0.0440062400144903,0.0169528028888013,0.0803831705987138,0.327751597076517,0.417338320015332,0.418408923531488,0.418385705340415,0.408689732064083,0.184286190213591,0.0585658729761503
554,70.4324396114364,13.5665040446957,2.95105396583676,0.0150827870667074,0.013973333941642,2.28483227291144,60.0621619075537,3.9138608800713,15.8729453058913,0.0136686474022181,0.0173174140350588,0.0348096020256807,0.0144452409216563,0.057461534170344,0.25711583710097,0.352129157621657,0.353982728697032,0.35444971336452,0.347984099057417,0.167995426061486,0.062098428193345
555,46.2760615284945,9.14255806037708,1.32996344205458,0.0155741981570821,0.0133662274593007,2.29672554298304,39.535560393706,2.53093343134969,28.8818470796105,0.0186252701796864,0.0294892107864002,0.0694610318610732,0.0218855734813762,0.102104027656925,0.328080242588238,0.394440278086506,0.396694103732273,0.397593289217547,0.393157961738097,0.209541938114765,0.079032651625338
556,29.9868313423039,6.41843249336003,0.614762138575315,0.0171867376663048,0.0152071391701533,2.36957882647403,41.4666531793773,3.12143226806074,27.3750273871701,0.0186231345704422,0.0392160428481207,0.100426206488553,0.0280402503451551,0.135396856628429,0.346331940130128,0.39415135123597,0.395325047282054,0.395614142339435,0.388567598086409,0.190480396512966,0.0674005193458071
557,41.0241011757783,7.55490981434528,1.77427417854778,0.0160298415564784,0.0178768739269534,2.35973490960896,31.9781939405948,3.315533521818,23.4874442860018,0.0185554605983,0.033035008265123,0.0774103364952208,0.0224875219846043,0.117386433099059,0.360177225060199,0.428891150475419,0.429768257581393,0.429704902157681,0.419382262727681,0.193088691918114,0.0667713943541542
558,63.654749292031,13.1766758361111,1.31092027563136,0.015192780428639,0.0151516237765712,2.47566789155826,60.9519284870476,3.29049477027729,29.2472387175076,0.0143578781616253,0.0197710187981023,0.0446409216694678,0.0165597858023126,0.0660081915929043,0.261630876788556,0.343020355226995,0.345105910964662,0.345804038625257,0.340023465749596,0.168140545168838,0.0652557194643322
559,38.6358623891925,6.89905102826321,3.70600836770609,0.0133785163220635,0.0145200140123974,1.72579147526994,65.436131907627,3.2373613496311,24.4840852695052,0.0147007500677991,0.0205835284125423,0.0402056531374965,0.0197294483660843,0.0764696027405598,0.25381905324443,0.308926198824618,0.311804571058903,0.313119389803404,0.309185471439212,0.152865876499083,0.0595136906424102
560,67.1655770784878,12.5652948365783,0.484658002853394,0.0126824673376943,0.0163737599276737,1.90113545302302,51.2386774644256,3.30461882124655,23.9163494564127,0.0155852199183041,0.0198751193130503,0.041979954654201,0.0153948917607939,0.059950449965734,0.285931498256506,0.388916765280426,0.390933653940662,0.39139081914574,0.3824673861094,0.173154792228756,0.0599180393593257
561,45.13996916482,9.27012566313748,0.268132481840439,0.0144316718477436,0.0169385500810777,2.31806948943995,35.9941205196083,2.90815925132483,15.4328311805148,0.0182765121724396,0.0311377246911381,0.0800538335650562,0.0212672167211565,0.106892560201074,0.349002823737429,0.422402372475192,0.42403115328248,0.424418744206651,0.415789333615395,0.199245038180044,0.0720353504098013
562,53.7634714747542,11.3857443607192,3.18284897273406,0.0154294722171207,0.0165511010812643,2.27029593591578,31.1071964818984,2.63728604605421,24.0716342395172,0.0189664706471743,0.025693023357631,0.056276007392989,0.0200915484024894,0.0950639398211325,0.338432182488407,0.418074984037838,0.419938121024586,0.420467189618355,0.413003181081478,0.202294663136572,0.0722364816039418
563,63.4010678513414,13.1660083076289,3.33957369974814,0.0160477622609604,0.0153601976780878,2.01926799491048,36.4648384228349,2.33071540971287,26.4765532349702,0.0193314556610829,0.0231311018422293,0.0443862935246636,0.0198060644875618,0.0755802575574125,0.301730411898875,0.383097155246149,0.385796215648442,0.386868487715391,0.382228920157042,0.19465594353539,0.0693346392045309
564,65.6819455538931,13.2942574384962,2.97519959171768,0.0133006042261665,0.0150341272588052,1.9709464290645,43.2481908332556,3.9602849050425,22.9609911865555,0.0160968664993673,0.0194570955244161,0.0388648916503372,0.0149846098684614,0.0658323399007027,0.310857088065208,0.422750443917591,0.423893143931508,0.42377128597088,0.413201795301349,0.187494171759758,0.0636236295322281
565,73.5033912953416,14.3734470166065,0.293972495826893,0.0157387210350046,0.0137066144223665,1.63564826571383,60.9736860450357,4.82624787464738,28.9617538056336,0.0124135718625829,0.0145977868856164,0.0288862471148553,0.0114925813162434,0.0410530263724242,0.234026516821525,0.337463985419444,0.338212479224917,0.337958778143897,0.329130192064098,0.140054100451759,0.0421928973797979
566,59.1533876330714,11.610905769437,3.80298163136467,0.0141778797742435,0.014252405261457,1.92853025929071,58.6231472436339,2.87336053769104,24.2896985833067,0.0160666261028354,0.0196008185287506,0.0363937342892114,0.0185344794805551,0.0649098583665755,0.261134347200644,0.337557180444331,0.340526882332232,0.341798410847811,0.337987971692558,0.172495078259888,0.0658439164032897
567,73.3821702802725,14.2126235378914,0.870442322571762,0.0147775870800162,0.0140126784421798,2.41564640821889,34.4845833070576,4.72787457122467,27.8317635250278,0.0172232366734735,0.0230301355625908,0.0517335634764924,0.0159979047808549,0.0735702454941553,0.330008982514102,0.452105562972555,0.452765347519419,0.452316882120064,0.441660141776835,0.213311355174241,0.0779365146195996
568,62.8454833759696,12.6460432663779,0.98115049127955,0.0153574859063952,0.0163736712290174,1.91340787545778,33.1197492778301,4.18770022224635,23.8885285123251,0.0174763721545817,0.0222024564891926,0.0486920030552992,0.0159978707492295,0.071517693209341,0.322376019219156,0.427496451720305,0.428180159450383,0.427808802975097,0.416324527229601,0.182514947746794,0.05779313997441
569,33.6478088544695,7.99001207778305,2.86182668188121,0.0163413719131165,0.016724792290434,2.20033354801126,59.8907057195902,2.2576762821991,20.0910289515741,0.0205432364144554,0.0300211346926362,0.0634690244459657,0.0316991592444374,0.10765759028068,0.26957464290859,0.308654302112852,0.312851271630831,0.315046132225398,0.314457572624766,0.175896157061275,0.0775821821590923
570,57.7073008869278,11.6243775754692,1.21798148704693,0.0169029177163761,0.0159234229147217,1.96219239127822,30.6288580130786,3.73741503176279,15.3554035525303,0.0179660940420859,0.0237895399300453,0.0535389753671977,0.0169727111560614,0.0796259678316226,0.325600350918986,0.41647912229755,0.417306869554885,0.417141669138731,0.407478805559371,0.184521526838166,0.058287565477361
571,64.3283343155526,13.2289170341166,1.9178330542054,0.0139644422345346,0.0163961174965286,2.23549109767191,57.8419051412493,3.97917458834127,28.2478199887555,0.0136833890078577,0.0179995790718961,0.0399625179578873,0.0139490377281368,0.0624259155166769,0.277011442572279,0.374717065319586,0.375961253361035,0.375982613718066,0.366090141353218,0.162861885020195,0.0576012856908789
572,28.0445565085916,5.92196063565127,0.56474501627963,0.0153018347190103,0.0167286514941532,1.81099426932633,64.9516951106489,3.02139517082833,24.7310107934754,0.0160476532262741,0.0287502761895124,0.0702186922776926,0.0248883473416562,0.098331450895136,0.259097870657859,0.297449470337588,0.300373962250841,0.301781183436872,0.298054684128036,0.145895161163401,0.0575955476355281
573,30.629713642559,6.78594931824504,3.25887298746966,0.0146439157851649,0.0154688826893773,1.62702636420727,62.625296516344,3.88247377355583,27.0694788952824,0.0132674950911148,0.0199735099926399,0.045421164986356,0.0174683377156558,0.0882613506412249,0.275382924498786,0.325922418155771,0.327238393405454,0.327588737672853,0.31989688027891,0.138435988902089,0.0451064395943979
574,64.4640152717535,12.2661075334366,1.7329451367259,0.0140766446218534,0.0139043952718083,1.93378570559435,36.6318059526384,2.01071257865988,18.3477844088338,0.0211265185273681,0.0257662102214358,0.049231025943485,0.0226180967250834,0.0757098880090367,0.29925139617958,0.379968875762914,0.383722149137863,0.385455015075349,0.383255932406344,0.211731668813062,0.0818961350836852
575,74.5109163470582,14.7048662511835,0.622071647434495,0.0138691331661567,0.0171949878017687,1.93940866342746,34.9572667479515,2.68481174297631,28.0652424925938,0.0183645123139591,0.0219745103888757,0.0440941024968371,0.0173807351094999,0.0632731532190847,0.30404707781945,0.410074780384337,0.412338296209055,0.41294320737985,0.404735714313906,0.188891068869758,0.0643495470045897
576,71.4495263550016,14.6903588748178,2.0912477618549,0.0139293625603824,0.0149044984948494,1.94516553729773,53.5565896518528,3.5584891543258,28.8210310810246,0.0148109668137296,0.0175538639624631,0.0346389353882916,0.0143540536261944,0.0552218165871619,0.273328768000385,0.377749454925807,0.379409134361268,0.379683278641815,0.371447841817668,0.171073638242617,0.0585867026895687
577,9.53404709332638,3.13391734819205,1.58494496298954,0.0127060140278026,0.014675352657216,1.67877615522593,33.5706106666476,4.00062934285961,21.6258961823769,0.0270643704980953,0.0585491019611415,0.142030115495746,0.0666514760686588,0.240470334594649,0.416458919826615,0.440766510499386,0.441166173343705,0.440965773529254,0.429699664775873,0.191110257822591,0.0611104329521581
578,47.6951103974166,10.0039215871846,1.57669366139453,0.0144205123188932,0.0128248461215064,1.70232134498656,62.0052377320826,4.51725831255317,18.4442275331821,0.0126334634169402,0.0171463097232953,0.039518265103036,0.0134628751669381,0.0628953379107684,0.261815709384954,0.339142731109784,0.340379797187005,0.340576302014716,0.333286992711576,0.150269107004012,0.0492569652981785
579,30.9265657412149,6.5921901622423,2.01050249661785,0.0138247650614711,0.0171020807421397,1.68583792401478,55.8177403453737,2.40015587816015,23.1850898999255,0.0188263770324931,0.0285162238020984,0.0633880314083737,0.0262618673112836,0.105201180815874,0.286943493941271,0.330428116373192,0.334041569919697,0.335817795928128,0.332549541161623,0.167279750612807,0.064639519679311
580,56.3152804803686,11.0927002819383,0.0619149478152394,0.0155135325698923,0.0153921709689582,2.34472183021717,48.3041828125715,2.81457766960375,15.2288409357425,0.0171713175255916,0.0259046136662379,0.0622859743571918,0.0192722798123883,0.0833264762403595,0.301610123498734,0.378195409082818,0.380522728868575,0.381380116083194,0.375886693910474,0.190064404534068,0.0715566010150418
581,63.2054030709011,12.191082469509,2.77011203253642,0.0141990465608264,0.0157843313112806,1.5740543405991,42.0657688844949,3.45708962343633,21.0815824137535,0.0165704429393641,0.0190501729652717,0.0343706874227125,0.0152746724339389,0.0586986656063945,0.291811918176205,0.392020056617344,0.393562288453936,0.393761974211689,0.384491380953822,0.167084760621512,0.050616868908817
582,54.0211420064289,11.5923716447185,2.37764564808458,0.0158281453238391,0.0128385751401673,2.11046278383583,49.9411794170737,2.62338854465634,23.9064556045923,0.0174908905028582,0.0229981499369564,0.0495021738591871,0.0197865908436168,0.080148068856444,0.289323573685647,0.359645670219747,0.362346450112544,0.363516222568652,0.360381022274804,0.193087468621439,0.0728371048640592
583,42.7746571469308,8.617594140574,0.951767058111727,0.0166353576668007,0.0139215606787054,1.99918196862563,55.3146330919117,2.94947871402837,17.3746308591217,0.0163305497939384,0.0251791471423656,0.0596128621602263,0.020046123268404,0.0868533837208903,0.2814048491342,0.338807999399867,0.341243496992544,0.342296742333588,0.338519902346753,0.171970348361941,0.0625529876084789
584,21.5118427766758,3.64294967463253,3.25909333303571,0.0153304683976252,0.0161316857394836,2.41974605340511,46.5664212219417,4.24693087674677,23.0220343312249,0.0204031993496044,0.0435036263466204,0.0879399322867497,0.0363088508315403,0.161933551856632,0.369970505170476,0.412660811464938,0.412996507236521,0.412724250162839,0.402129443322198,0.184327058372156,0.0653328781483753
585,32.4384577955191,7.17627341163691,4.45246757869609,0.0150953234242183,0.0144003956844693,1.51589750056155,34.3330489750952,3.32919083279558,23.1293081771582,0.0177913996488779,0.0236108644545466,0.0490447277544379,0.0197743656051484,0.107200713900836,0.338088719658119,0.396924947708865,0.398131078556289,0.398362494787631,0.390233309748495,0.175434887570147,0.051945224913217
586,61.0106327755671,11.9102717834714,1.76040793117136,0.0139411910783368,0.0143796275222119,2.35499388165772,30.5395770911127,3.02821493381634,19.8046555335168,0.0184365934309855,0.0258026572333268,0.0582140850524771,0.018460385518838,0.0881291920910968,0.345910686823039,0.44404438558375,0.445634348641638,0.445913386769253,0.437867678109241,0.220824400047702,0.0822863699949228
587,40.5310275034932,8.26989889339138,0.697650091722608,0.0138765940881901,0.01519617634594,1.56279347348027,58.5686393454671,3.6748673110269,26.4775093481876,0.0140369618636505,0.0208041899370371,0.0510187758722616,0.015568582526671,0.0744925978929636,0.279225487363135,0.345888566984715,0.347430632160812,0.347832206354604,0.339939620113994,0.148484332683476,0.0475659518561041
588,36.8369152499095,7.41833035828387,4.24906230519991,0.0144441622034047,0.0141762170579124,2.12250356469303,62.5636548921466,3.31709844549187,18.5971514135599,0.0149779706065157,0.0223589892194479,0.0465315267423639,0.0210984642300431,0.0903320422004361,0.274972749964272,0.328714935990783,0.331269389239528,0.332391655118546,0.328184032839145,0.165552399955139,0.0646692248616044
589,52.129855863718,9.8035481769728,0.778336576768197,0.0155140965072215,0.0145727219608065,2.36326026916504,35.7201620656997,4.28353088721633,20.2597279194742,0.0172933718922609,0.0280911427565795,0.0683039295934673,0.0182693477385787,0.0954643016104127,0.346906192207062,0.437274016918382,0.437850960686136,0.437538396129294,0.427512987188622,0.204415399559707,0.0728147040034913
590,48.8024438659809,10.8527819927706,2.2317334410036,0.0140727809396006,0.0147870543072563,2.4658963244874,50.5790123809129,4.23114515538327,29.5500969188288,0.0149819610971071,0.0231690792834452,0.0574667897327791,0.0171630724464033,0.0911031470357835,0.32682062369185,0.412795994040556,0.413504689376955,0.413283336001156,0.403121932610994,0.18921156187307,0.0695554027094684
591,56.9510395004762,12.1553074152659,2.05803550884593,0.0152777253300969,0.0142481754085134,2.35129199852236,43.8741802237928,4.60274458583444,28.4167799446732,0.0158654493477209,0.0224031139412716,0.0531072992104928,0.0161380621272482,0.0828569961109066,0.325469757797592,0.422126525847836,0.422649765875414,0.422274197079424,0.412149959088202,0.194421215747218,0.0690438103505115
592,43.0224652692018,8.62407346410315,2.63580220879521,0.0143282341142016,0.0143115232660895,1.89134335354902,46.8934057280421,4.22669012425467,22.8432634449564,0.0155701893657777,0.0226370001805707,0.0516436023734441,0.0166133255546661,0.088872734294683,0.324958867903595,0.403979229415148,0.404715175599175,0.404550666929787,0.394733896982131,0.178327305591933,0.0585616646572837
593,12.172305564039,2.41900191149603,0.580301352893002,0.0154467687665333,0.0140961346110564,2.23420255375095,53.0610628705472,3.00035655265674,23.5402658139355,0.0287679029974609,0.0705733813072338,0.14851675228066,0.0578051045900031,0.195878360030139,0.342722242762748,0.364482117808828,0.366326217897741,0.367139477523401,0.362091310086033,0.183779297279135,0.0685350389633396
594,29.119162830865,6.1854148193004,0.110777452471666,0.014229533044922,0.0126637898524916,2.01324150967412,55.4051574319601,3.65708881383762,24.2957332951482,0.0154661438344407,0.0322785379503192,0.0874104416302128,0.0222752888184575,0.113354638912598,0.319675319975602,0.371541876949785,0.372904263356334,0.373308237215072,0.366865704081729,0.179435591687082,0.0637363427500322
595,36.9982462533114,7.13403270144597,1.35913062316831,0.013991859169157,0.0158742357743785,2.36485423101112,30.7797915115952,2.25975473294966,24.5825555850752,0.0209308752074697,0.0379436269038688,0.0892484505670996,0.0277341445424226,0.130473145821136,0.362459550479549,0.42018729756611,0.422639057508566,0.423636284470038,0.417913579068869,0.217780326655251,0.0837900807848275
596,53.3801713611514,9.95419572453441,4.17607125698123,0.0139977498842762,0.0151767210343494,2.28509560832754,45.8070632535964,3.78338355547749,28.05062858155,0.0158784401567579,0.0222234528999947,0.0466849674291225,0.0166997349363781,0.0851586868797229,0.326179641137019,0.416951479188893,0.417979028945045,0.417924315321363,0.408141713533852,0.191366183163504,0.0685564477600327
597,55.9486740292923,11.6575115861225,2.81371939613018,0.0161141255647289,0.0158612562253725,2.48557881847955,63.8638783153147,3.10715970792808,21.0367392213084,0.0153598578621911,0.0210690083210565,0.0441572156768473,0.0202092524933186,0.0719787892170544,0.248870662251078,0.31413405979435,0.317042781621112,0.318329874117331,0.314785030654123,0.162327203787721,0.0673287042123529
598,58.1909078470499,12.5365593169303,4.34158674697392,0.0150540639496508,0.0143980752178309,2.22160381870344,68.9381940290332,4.54564070096239,24.0118038200308,0.0112749175463473,0.014359951506034,0.0291284045922523,0.013370663418868,0.0537364709258934,0.225679282513413,0.30337766938794,0.304849931944144,0.305188142756597,0.298431831889097,0.136397073668793,0.0508443639323046
599,37.7712837098948,7.94911385961943,3.26461603073403,0.0154720447519748,0.0161109635243372,2.10840832791291,60.1757981069386,4.49196393811144,22.8616960078944,0.0131961044468589,0.0208856249657427,0.0485210771626303,0.016691368923801,0.0879714709272508,0.289823866041867,0.352761724525479,0.353502026809976,0.353414607113747,0.343897731798508,0.14911264656535,0.0501452326933917
600,53.4314036814526,10.249528453231,3.0966354617849,0.0158424097578009,0.0147784345976883,2.34953213809058,61.7001339141279,3.18138068937697,18.0515568621922,0.0152318831236479,0.0213212873041139,0.0441626788339977,0.0192427661633802,0.0741245094706577,0.259929477093109,0.326746614569928,0.329433115912883,0.330580877928347,0.326736985163102,0.167525281946677,0.066675437733811
601,40.5964784165025,8.36636286436573,3.21449991920963,0.014592228900839,0.0151387814927274,1.62348427507095,44.7008043061942,3.95555985160172,29.379728960339,0.0159031454707407,0.0213754058728974,0.0462496439817502,0.0163511300233017,0.0864653849448509,0.319614423097158,0.393389661767826,0.39415987081449,0.394033666683183,0.384017558118366,0.165691620222028,0.0500049648069206
602,23.5613590568857,4.00499846267796,0.92259825929068,0.0155679523531378,0.0137741123508949,2.00356581411324,54.3335313349962,3.85205002082512,19.9893992382567,0.0168862442026706,0.0394725434008939,0.0913007273221124,0.0266627630293386,0.130266633180367,0.324957786433262,0.36720950200412,0.368245831483834,0.368475816181303,0.361264165255806,0.16997056143738,0.0577628191768579
603,30.3318117216961,6.37401310163867,0.934227696270682,0.0145216082783273,0.0171239003696256,1.56064732931554,38.7703001964837,2.72229496086948,15.7696899329312,0.0184059742562618,0.0304627758757691,0.0764941398750994,0.0223266464494568,0.11334995984366,0.329102974154246,0.37992228652132,0.382044712534949,0.382834656962865,0.375495380677389,0.168106543027954,0.0524432134089183
604,36.5480887242563,7.30110488125364,0.828982304083183,0.014421503908392,0.0149334507891812,1.93918446963653,49.5157920476049,3.80078902025707,27.6885469572153,0.0155655293930885,0.0274110001238752,0.0699064359604916,0.0186129102541566,0.100282129863365,0.325903899240069,0.391519530595403,0.392459206015433,0.392487873434317,0.383340953853696,0.173954472526237,0.0578958307317366
605,71.1205718017222,13.920894147474,2.93842093739659,0.0160073474228203,0.0146061411365952,2.0137796534691,37.5700126122683,2.11649636528455,26.865947971819,0.0203010356497229,0.0237128158895852,0.0427139722982064,0.0212033811565049,0.0697441372269447,0.289137100144235,0.373092478421198,0.376376574781759,0.377811445032165,0.374832681318334,0.200348238304585,0.0745468274608089
606,33.7228172146666,6.61602960597208,1.75201051204931,0.0147723079475615,0.0162803066945923,1.99005584721453,51.1739822942764,3.34720973204821,18.9605881541502,0.0161390922038216,0.0283144733608495,0.0676068280924234,0.0210501985865424,0.106922222898627,0.319340637160728,0.375718925426366,0.377261835539543,0.377692415909385,0.369705353371367,0.169372905300453,0.0578771655193668
607,59.1674297321264,11.1707674708748,1.96095676836558,0.0143865268651775,0.013585156434797,2.43511487287469,43.3342583850026,4.56159908743575,19.2746208154131,0.0160385257858447,0.0236609136804675,0.0542171023940963,0.016322594045107,0.0832179455584182,0.330869909874526,0.433913426753499,0.434630618385961,0.434336868989697,0.424458967324227,0.205551263696737,0.0759693073727461
608,47.5794180434978,9.41623345734377,0.518194694188423,0.0157205715987175,0.013492388504198,1.89606788498349,35.0325997080654,4.6653519263491,15.1132104964927,0.0172610144910075,0.0259101422188192,0.0638359299370989,0.0172360205861568,0.0892568837993903,0.337688917420332,0.423821153369158,0.424275888020381,0.423926558585319,0.414236110776421,0.192098270046795,0.062148933302337
609,64.3287261368395,13.6782109329982,0.86395178118255,0.0146287624485402,0.015924625845338,1.74838017951697,47.2788896225393,3.79159411299042,18.9463854453061,0.0156391380694546,0.0188574076080999,0.0400800553195962,0.0146220922301062,0.0593633044102911,0.287307092088619,0.387917206044572,0.389215419378156,0.389260397331566,0.379582574084103,0.165116898756742,0.0517498873719178
610,24.0959653610824,4.38347871720667,2.82434911723249,0.0157614793871732,0.017010197548098,1.56818622723222,41.4372349809855,4.85970452125184,16.822310553398,0.0171718394158985,0.0305872553529208,0.0674255749725868,0.0232072815757645,0.128169221682994,0.346593683040436,0.395868115460095,0.395910369317169,0.395394778946515,0.383071707428182,0.153095885769062,0.0428138181367854
611,21.4034129723326,5.71170359940452,0.386307577835396,0.0157970839989521,0.0128881266181476,1.96039535547607,42.4487678147852,4.932107625762,15.4028713807929,0.0181917971187835,0.040054304396787,0.115535902780465,0.0312067655759681,0.15305118577111,0.366573198859627,0.411027525379741,0.411167910535255,0.410827433917069,0.401631127910637,0.1878561755451,0.061867809184723
612,19.7342375993255,3.19399733284868,4.07256519142538,0.0145411449185012,0.0155041565333078,2.3822957589291,36.6646242234856,2.72999971173704,15.5351916037034,0.0244536643661236,0.0484672139498768,0.091422792480861,0.0443668678456402,0.183057465040529,0.381735972248671,0.41740075287789,0.419089697231915,0.41970549077698,0.412798339653884,0.20808860187394,0.0779032209126223
613,63.5808382201496,13.0589306520317,2.95033992407843,0.0151078687295624,0.0142714871514431,1.9416679861024,58.8721266854554,4.76834427728318,16.8462673248723,0.0131005958072672,0.0160232212823821,0.0324945193490577,0.0127757929946198,0.0555340467838957,0.262231263345953,0.359385004377097,0.360387317613977,0.360295873637233,0.351328162034463,0.155293323969922,0.0511843669488672
614,71.3546703922971,15.4793897863364,2.33095154387411,0.0149139683858498,0.015232491275634,2.46247543534264,66.3694439269602,2.16997308703139,15.1253413665108,0.023358745051466,0.0278420457498669,0.0470481250163574,0.0347479152614482,0.0724372494629533,0.221239024292898,0.281800940918071,0.287849887991726,0.291096422670325,0.294432534099173,0.190545510005367,0.100241071988919
615,36.6272210199652,7.37552363525719,0.387675813515671,0.0156408578098954,0.0167228230587248,1.64920670702122,30.5153596587479,2.25267326668836,18.7745331705082,0.0202763110861024,0.0316910363714768,0.0778077367217886,0.0229677234631837,0.107324015293929,0.326681956122277,0.380987685743971,0.383671795624862,0.384821286013361,0.37950197078255,0.181674767175707,0.0591152914448505
616,67.4712780358701,14.4313872425423,1.82074959052261,0.0160369166972949,0.0152773069475478,1.93030894943513,59.9691879935563,3.98856763890944,19.8009412398096,0.0134845131079036,0.0162633756033985,0.0333174755856595,0.013737959527361,0.0525402774018925,0.247434773061314,0.337396865462465,0.338942335295322,0.339239013504523,0.331866889328781,0.148947300322573,0.0498167153328061
617,58.3488263497312,11.3692474015088,4.47170143341646,0.0158888606388203,0.0164205056153525,1.84559075976722,51.2502390611917,4.74596344050951,19.7392558807041,0.014595149278084,0.0176062436010568,0.0333639117465041,0.0138211878148157,0.063741915927693,0.285886191595473,0.379494689444275,0.380072492847043,0.379704564281958,0.368684638212281,0.154357710353003,0.047314027189946
618,67.8594858285475,13.851992947871,3.65575288399123,0.0149124984265845,0.0150709605863583,2.0030995819252,62.2612285520881,2.60414238390513,29.890558157349,0.0169854656047735,0.0199200562864692,0.0347454508375137,0.0209836334810907,0.0593450849969862,0.237927617719692,0.312208218600156,0.315742560043376,0.317384958491575,0.315067253098249,0.167383252829394,0.0688175302585656
619,30.2128934080349,6.55453150151482,0.902431377209723,0.0134090184985282,0.0138988846657681,2.24111447436735,31.0444759111851,3.48932663258165,15.689386142185,0.0194621188721588,0.0395171874215917,0.102349265870749,0.0280029709247307,0.144291791552514,0.392721629501995,0.453814613774897,0.454728126372934,0.454753816542312,0.445571905230633,0.220121931484983,0.080670219369988
620,56.3256434368384,11.5734008523014,0.441908725071698,0.0138724152826826,0.0154514571004049,1.60175632312894,64.0957826282829,3.08654359425418,21.3348675775342,0.0153565251744861,0.0192524330192185,0.0394145768241081,0.0188863197512487,0.0572389256661815,0.234371682677558,0.305126070996658,0.308404158815279,0.30987425124783,0.306211974016947,0.149786881945992,0.0575682001223025
621,37.0128772344863,6.18182783262337,3.73506482387893,0.014364372306373,0.0143825932331235,1.91705771838315,37.7967251744121,4.04225049470551,21.425428603543,0.0172333365694886,0.0272256791101092,0.0569958659755011,0.0197531889577132,0.108584747867096,0.353856436876089,0.42541026017854,0.426065016181244,0.425880638644435,0.415866545693351,0.191114118994064,0.06321653220348
622,18.9428197778908,3.90711361613325,3.369530446711,0.0150843869852439,0.0154635018085064,1.66847280180082,59.8262822534889,2.56131860148162,24.7721642511897,0.0193797831517664,0.032822770937349,0.0663504734504492,0.0342198231202237,0.132829435733032,0.282931839386645,0.310662623088874,0.314052824353585,0.315796248917288,0.313544844806609,0.161947981044827,0.063250292189028
623,46.1828401235717,9.52696915549374,4.02514573303051,0.0147750574248166,0.0139946373094184,2.01234626839869,57.8614220861346,4.64118951046839,26.8595917476341,0.0133215135178971,0.0183641438715863,0.0399315571942254,0.0144265710037303,0.0760144447776892,0.291102417203613,0.369983595900748,0.370618759809604,0.370415948604568,0.361106116456568,0.161559658658128,0.0540769092928203
624,54.2156283601077,10.0653779594416,1.93776550074108,0.0160367114304376,0.0161383809729206,2.04301159549505,59.8583168908954,3.37451248452999,19.3041131808423,0.0146567040981946,0.0202564854740646,0.0430301551635585,0.0168349906388455,0.0680050981579999,0.26044276285532,0.331668313266543,0.333817312124562,0.334586396741142,0.328720654239568,0.154599171368734,0.0555934192366564
625,38.3584815062133,8.17551643076431,3.85529142734595,0.0163035130025416,0.0153408588661898,1.85141702461988,44.5123731158674,3.44759672763757,27.9000904387794,0.0163723848810623,0.0230932475807407,0.050539024669313,0.0185823863988729,0.0976337432166797,0.318942518297794,0.381249991806039,0.3823360193439,0.382490353779188,0.37438486797688,0.170089846982086,0.0539057774572633
626,62.5907219976894,13.2741396340843,4.04057444469072,0.0161803086123515,0.0162814288907637,1.7726978410501,69.1379579529166,4.88185229082592,16.9668701954652,0.0111269585504968,0.0130599621222297,0.0237686022815514,0.0126559287268102,0.043670824391119,0.204753471633498,0.282878637009656,0.284405806962089,0.284739141074315,0.277462265568869,0.116583769067947,0.0398904512086783
627,69.7021994821855,14.4410614726794,3.94587920734193,0.0154590278615644,0.0148961337713656,2.27462388831191,41.2972627952695,4.00852599879727,21.7331805790309,0.0163719002969895,0.0199792126656019,0.0401029013740237,0.0154433257892058,0.0698970077287416,0.310764233954913,0.418485970861299,0.419453190137832,0.419283067639482,0.409716957439206,0.192919215466824,0.0674237787030803
628,27.2957414118496,5.12656833701007,0.358464758377522,0.0150010887063455,0.0149854848723886,1.55808212282136,50.0096315797418,4.92545572016388,28.1091905885842,0.0153659018641626,0.031117297000474,0.080884761304812,0.0192164915534146,0.109460516850342,0.327442931106337,0.382712988848955,0.38280410018458,0.382340111182681,0.371190903372582,0.15322505117091,0.0443472295070775
629,13.6768072632029,1.85774022794983,4.04240032075904,0.0152767348133885,0.0170977266089011,2.2812134672422,44.3589994031936,3.31897122459486,17.2498628986068,0.0282161826459628,0.0559156069109022,0.0950244964886109,0.0557022913623399,0.203715279367998,0.375180233198878,0.401718972841586,0.402749338315462,0.40296309639403,0.39392810503419,0.18247725937733,0.064092487231391
630,70.273806949315,13.05914395468,1.81448421534151,0.0165086463115309,0.015132219091419,1.64655908173881,30.7939871493727,3.39307927316986,17.5419992697425,0.0180542864049187,0.020720407830296,0.0373437393344948,0.0160867378649674,0.0584533734218724,0.296651192313656,0.400164997393883,0.401500628691238,0.401593767500703,0.393102814292838,0.176093062124945,0.0521127303424542
631,35.6311794353,7.55086493470267,3.70406407839619,0.0144434518910795,0.0143933624917897,1.6228238476906,62.9593639913946,3.81220027944073,28.23693151935,0.0131532390868938,0.0183942055577842,0.0395576311004531,0.016116375669549,0.0784805332723286,0.26828072650732,0.325171171484388,0.326627332321896,0.327057717857048,0.320141599666539,0.143066232431482,0.0474879053459765
632,65.5601681087506,12.7443162077194,2.36103566328529,0.0155924541371608,0.014770200680908,2.41050561168231,49.1332296095788,3.19308730447665,22.3725035903044,0.0160773888773617,0.0215991183320609,0.0464015434043261,0.016745576320423,0.0730641413986331,0.295407498179457,0.385694871067656,0.38750981562884,0.387986840120426,0.38135801122318,0.189383658463695,0.0701489403983983
633,39.4506967358771,7.73262172413226,2.43209991103504,0.0144745577966669,0.0159441564477006,2.14861812419258,66.4723386988044,4.75647624908015,23.9070828713011,0.0116395486570095,0.0192247015188715,0.0449862806307878,0.0150536760456055,0.0755008109264195,0.262540471366062,0.326842104248004,0.327744395951163,0.327752342597223,0.318499041026229,0.136467510824183,0.048028740318921
634,47.5310564874156,8.68097742278075,3.34244526014663,0.0141266104504799,0.0135882796503095,1.684944069013,32.4159020185471,4.39862969098613,17.7127296337858,0.0176098843139631,0.0229321263474489,0.0461841650847119,0.0168488669802589,0.0846642934572327,0.341406012548538,0.433223716054036,0.433850364818026,0.433551902231183,0.423192617419462,0.191968955820595,0.0604818053396506
635,54.5495888605414,10.7767409289361,3.201744939317,0.0148880744247468,0.017588484140466,1.59620855585672,60.3998347185552,2.01240077568218,18.798993921373,0.0227784201017596,0.0265663593271728,0.0433192441412448,0.0308393961923875,0.07304990730766,0.235426821875342,0.289685384551726,0.295134245843201,0.298014638365434,0.299101821736618,0.171160337117918,0.0785982623008546
636,59.9928212308538,11.5642233402698,3.68070668983273,0.0161148946966684,0.015502828270517,2.15292771277018,36.7133938428015,2.39769933512434,27.1681907214224,0.0190755974274363,0.0241418364633482,0.0473570056900926,0.0199233452351917,0.0819677417188228,0.310048825552718,0.38888031423738,0.391364151327628,0.392315106310632,0.387235144975382,0.197167655884843,0.0712059185120271
637,48.9698405507919,10.0880926686016,3.05309844959993,0.0163327979022147,0.0145483016459343,1.79409746173769,46.6668409667909,2.43508389033377,26.0289256414399,0.0183718132433798,0.0232607036776336,0.0466254942134067,0.020461743792443,0.0812542847918057,0.287063502698916,0.350376083645811,0.3532363693537,0.354513946039233,0.351083254681493,0.179231975787833,0.0633472436505081
638,74.0553409261017,15.1469195507569,3.06291673227679,0.0149183086805446,0.0150829852551656,1.68637020536698,60.1487936545163,3.54289499018341,25.2671810751781,0.0140054033934238,0.0156832957538904,0.0267496124358589,0.0144538268068402,0.0452849673414977,0.236308687625379,0.331697032969006,0.333760773412955,0.334348979166114,0.32778654706392,0.148456636871787,0.0496614485536241
639,47.2034779151538,8.8728000803925,1.14481858466752,0.016337101489964,0.0156353927461096,1.84592696651816,67.9557830095291,2.33103662100621,28.0743979790714,0.0202753922987635,0.0267194903596601,0.0503001215526431,0.0300672805978718,0.0751083581719104,0.219486834914923,0.264639475910074,0.269467165101135,0.272064458868419,0.273463672779139,0.162368917147527,0.0784853457757859
640,16.8887729262142,3.34682649207878,0.966581165674143,0.015173038200665,0.0142188308149515,1.77832860872149,47.1483649127185,4.33438391960226,23.5441248805728,0.0195633277334818,0.0473948756858927,0.112120378166977,0.0350811785874705,0.163140137183071,0.357352066654896,0.392652756117733,0.392997660071009,0.392793778742323,0.383247908347873,0.170426105160491,0.0534819081937338
641,11.0441185684765,1.93066559699357,2.94767604209483,0.0146883991020643,0.0161447666402876,2.13513374980539,42.0603130757809,4.14435565890744,27.5561616523191,0.0307573294548466,0.0634553811417867,0.114336339541141,0.0647106303289807,0.225630028623027,0.396680925867485,0.421408676796356,0.421600818482605,0.421289738152386,0.410095886928954,0.183635248359484,0.0620542201448873
642,34.6310195215385,7.13866561531349,3.42197054042481,0.0150770462714583,0.0158442528585513,1.8382757762447,67.3061319161206,2.7212806136813,27.2870403982233,0.0172620841374072,0.024091925139211,0.0472228531220237,0.0261806794004297,0.0861155269451196,0.239933608004138,0.281267222213995,0.28505652716957,0.28701267952185,0.285711472009427,0.153595039449219,0.0674661331807456
643,48.6390598367054,9.48372500627757,0.431125632952899,0.0134420824016281,0.014924620484184,1.77268773387186,47.5462917145342,4.85287443455309,24.1088260919787,0.0152344177296189,0.0222617800423446,0.0544425057815298,0.0149219902155435,0.0765280927323656,0.318818461717364,0.413076667638979,0.413559718361977,0.413115843741731,0.401159211409862,0.172149287745473,0.0548530867278193
644,63.5642511363757,12.1778038272668,3.26917208754458,0.0165292309346433,0.0155773590208308,2.30572771490552,56.9807062484324,2.9491155911237,17.8918416739907,0.0161059893623847,0.0207995702583293,0.0411012551387614,0.01852295117117,0.0687343629876813,0.264395197803095,0.340531530004854,0.343160013556951,0.344217321598364,0.339853872029314,0.171788800448642,0.0658050677154864
645,52.5817080233095,10.2497633424867,1.47964565001894,0.0151400709353882,0.0147107842095333,1.9755321610719,49.5027763489634,2.50003581261262,19.944061167771,0.0181279611472517,0.0245485599840583,0.0525799315722075,0.0206357685127994,0.0801667672567278,0.288462637819812,0.357239629518066,0.360263842792611,0.361603329660618,0.358039100618234,0.18570764864782,0.0694884300689589
646,37.8402310161951,7.40968529853737,4.20214405632578,0.0151564431519246,0.0162761947181372,1.9518609486986,56.7459096107632,3.95402650046162,20.244849238079,0.0142693846559391,0.0211591102151252,0.0452740927919621,0.0173427745179144,0.089813473580067,0.297312686865425,0.360021390526308,0.361150199299831,0.361297426646822,0.352384512533681,0.154465814288873,0.0511867664155673
647,25.3110179958995,5.39908247471718,0.502766691846773,0.0140006779443855,0.0153614828650775,2.16799179231748,57.1293630264699,2.7455077287741,22.7236050541978,0.0185511200479443,0.0383629057347055,0.0949931017662959,0.0307099958910612,0.128492818287587,0.309520982163048,0.348714227759622,0.351519105839631,0.352836692830518,0.348706414850224,0.179178786200814,0.0708645783594343
648,26.363927353103,4.57152346161527,3.42728417983744,0.0147610740066923,0.0148182614071467,1.98154857661575,69.3911880999804,4.9664272388909,29.2299730761442,0.0113813728118166,0.0214951810716728,0.0460531388347132,0.0176769893899972,0.0898837293651936,0.260900235363399,0.306029049694452,0.306430255334104,0.306267244524921,0.297365501528438,0.125560061040089,0.042824748577956
649,50.0262709511184,8.68642923960212,0.902258561225608,0.015150057920979,0.0152217289083259,1.79607488936745,36.4384631160647,4.14992488734424,23.5912904399447,0.0170606193302595,0.0249043034957514,0.0561602118696399,0.0164478365862003,0.0818399283011356,0.328516682817349,0.417097199438218,0.41775507884719,0.417480797398391,0.406937595063071,0.179962052358073,0.056173810625751
650,55.2251112545487,10.862271133642,2.59495194861665,0.0137312599218373,0.0149255487750544,2.15216462663375,43.3628286980093,2.71965332096443,15.5706713895779,0.0177557185720038,0.023986396399964,0.051221227954071,0.0191206636368132,0.0839528987776538,0.315925360183545,0.397819230759278,0.400252116597248,0.401133908448354,0.395189474385115,0.199600824118408,0.0743073348273316
651,70.7343376987265,13.7211416361475,1.12095889588818,0.015768070900586,0.0153947461548499,2.19651357550174,36.3411921914667,4.797444233438,27.9532343661413,0.0169327339395249,0.0218594377275088,0.0475471085853943,0.0155180823231069,0.069451642053029,0.317666131491897,0.431996800212091,0.432520829843622,0.432017690408238,0.420787872087296,0.19218268451107,0.0650749893401381
652,52.5366140140521,9.99792818899469,2.51034375128802,0.0172529894864577,0.0146262459205364,1.59415479353629,39.8174290917814,4.74973467178643,22.1970407513436,0.0164456938048016,0.0204126571766027,0.0408265808134613,0.0151535537311401,0.069427487589574,0.300307741040488,0.386457344826418,0.38685141771921,0.386462885559171,0.376657983766176,0.161121896237346,0.0455656633899249
653,59.0106251198128,12.896161824843,4.43680195463821,0.0153931878434304,0.0152948695225173,2.34984307200648,65.6629771366715,2.53451517433859,21.2767105491366,0.0188424418158286,0.0231032043593722,0.0411565152193359,0.0267706516948492,0.0718067224050704,0.232974242576328,0.292510727579471,0.297000985172122,0.29930265031233,0.299454593236672,0.173429993357721,0.081289195933723
654,13.879374863961,2.35995285659037,0.323318298440427,0.0147612991848731,0.0160785097072602,2.22167428932153,47.5420859828591,2.89561589178629,26.4882750646211,0.0286998516087014,0.074573272670906,0.15588661498035,0.053830899890473,0.195636615514567,0.360095077581729,0.385563155241791,0.387245246211717,0.387897369748631,0.381034513279169,0.185124080717899,0.0673952320701971
655,11.0132324072796,1.61157067199142,0.558505736058578,0.0134303573439938,0.0148368882776078,2.2987344278954,66.1986535880715,3.49858279549517,15.6179313885514,0.0282882896576654,0.0681525419381765,0.127643115159355,0.0542364484641045,0.170084312610968,0.297974584260826,0.318332109710794,0.321052362857011,0.322387612279548,0.318366955697954,0.161815284784554,0.0678175943695013
656,34.714801044017,7.31387780112395,4.23872190224938,0.0141798472813257,0.0135517427685204,2.39210433093831,48.37696114555,4.63097990816459,17.0863375451881,0.0159751222799444,0.0270973070512442,0.0613231935359045,0.0222879341884004,0.118039159405314,0.352694239821369,0.421206373372271,0.421719263277872,0.421474881821526,0.411743841688675,0.197136114211095,0.0724502442325894
657,57.6244510137155,11.5999575170654,1.83476485137362,0.014088934093324,0.0145099615638276,2.01575643057004,62.544857673347,4.05489540519193,20.2537830511574,0.0130134928921551,0.0173060021132947,0.0378549570801128,0.0142344106473837,0.0599177302347817,0.256970614918169,0.342061694702539,0.343772788075298,0.344191489169661,0.336894217138529,0.154862118769022,0.0552702058214814
658,54.3548185355638,11.1066793767022,0.709157190634869,0.0144833944570855,0.0146738828357076,1.52364522241987,44.6391153987497,2.2648340286687,29.5802545419428,0.01915867643611,0.0234707294478871,0.0478469266837774,0.0205352749049687,0.0703291669124216,0.280035458551644,0.351043929644829,0.354456603642865,0.356019893118975,0.352919449796614,0.179688747392133,0.0630384853930524
659,48.0097986858347,9.41739222530075,1.56763244688045,0.0130427353359761,0.013188959638281,1.80076285428368,60.4297259543091,4.85821167915128,17.1173367812298,0.0127590152134581,0.01815210723487,0.0421304864675736,0.0133510980122121,0.0665375338485802,0.280302455204853,0.367550793690035,0.368564431230728,0.368528894927362,0.359315807115901,0.159319577642902,0.0533800562747054
660,30.891498799053,5.57603991393622,3.44156241766177,0.0141736745634579,0.0154279560054435,1.98907014238648,54.7287035547197,2.78459116234444,24.9457747663837,0.0172839443452462,0.0285818158079737,0.0597894430968802,0.0246099674354773,0.111675597852261,0.306785909358563,0.354259007803463,0.356811066346044,0.357935365583779,0.353018338290068,0.175601173542403,0.0655615056340762
661,45.6017688785088,9.15206822518891,2.30157992709428,0.0153058763507696,0.0164235139564367,1.67911902396008,53.9859871007502,4.51640863693319,17.8872362617403,0.0142141179624168,0.019254415706111,0.0427050792043788,0.0144027062727573,0.072443332699637,0.289231187113166,0.366753821181649,0.367448090758793,0.3672346114192,0.356600252685152,0.146350115832968,0.0436857798951786
662,22.7090220020709,4.0215589513274,1.52007882774342,0.0137232009751249,0.0149260360073183,2.20033595734276,32.2657274920493,4.65567510924302,25.0841574766673,0.0216223638496881,0.0497918966067684,0.111648683735757,0.0354443433744301,0.169760854084711,0.409091248369041,0.461077981368886,0.461156551601455,0.460661576068232,0.448639236526109,0.208512497354969,0.0737643363787
663,46.0316745235584,9.15884784726008,0.197027464513667,0.0151573211809619,0.0150540275191917,1.80880134785548,58.2765441760421,4.14053313527256,18.5661775711924,0.0136893712420979,0.0208486977403842,0.0522694850342441,0.0147771444128666,0.0717109051039901,0.277488752269058,0.350749166603678,0.351951689798073,0.352114639549057,0.343833690028553,0.151199757843326,0.0490208943227867
664,25.5980654933273,5.07717079568872,0.833824423723854,0.0145253317390055,0.014910600928035,2.41954925726168,34.2649658676237,3.17983330832794,26.2054087920114,0.0212188065926745,0.048796191139902,0.117474284365057,0.0345989573990453,0.161383756879531,0.387450200244346,0.43565431894792,0.436695684178233,0.436862955940226,0.428391239324504,0.212241299606273,0.0784738745633795
665,6.18982383658761,1.33210474558678,1.29267314064782,0.0150187504174572,0.0142265580210406,2.24329287256114,38.4340908564627,3.89776442409493,23.9346886170097,0.052258987899635,0.107807801929072,0.187930273093573,0.111999879542622,0.288673292047267,0.413598571913948,0.427926209349843,0.428262460833885,0.428123575932123,0.418846917992092,0.200789125686674,0.0708123839917278
666,41.8330606163367,9.30887006411733,2.60268273192924,0.016380168553927,0.0164638320558836,2.41286862478592,44.0384770650417,2.10951368743554,23.2763156492729,0.0206808815263849,0.0309774606352599,0.06913485773317,0.0275628721598363,0.111705291172909,0.313414603434718,0.365963114484235,0.369173028492599,0.370692743057279,0.367624122299924,0.197939463384797,0.0792732014540611
667,39.2411880187552,8.71827151191798,0.572760317008942,0.0150314666418965,0.0162972899709789,1.97739196941257,31.2661518901587,3.82962063746527,23.8737982988823,0.0180678674479783,0.0297107305181604,0.0792310333872725,0.020346994079364,0.11021218069201,0.360350588381065,0.433354542296568,0.433970182964555,0.433724296889356,0.422713031441008,0.18936195320746,0.0615841878646467
668,51.3198698740892,9.29040857841528,2.38599205389619,0.0137284606092757,0.0156001462531922,1.88175624958239,50.8569759037346,3.48731417884119,17.4133117846213,0.0155097460903587,0.0212992180689631,0.045109800765761,0.0161037551778625,0.0749570850263512,0.300749907781096,0.384191879065015,0.385860049236054,0.386231613570271,0.377770477101366,0.171937457384378,0.0581805968841918
669,60.6590610481547,12.1855205683095,3.88464376889169,0.0163702161703746,0.0160056313313905,2.41701556742191,48.3557698037475,2.55309390509501,23.2099671580363,0.0178795287615655,0.023307857012282,0.0469504634934765,0.0202305181848798,0.0807974611800804,0.292486005570642,0.367531704153984,0.370149235219735,0.371201689783075,0.366567968502499,0.188695210606384,0.072453250345209
670,13.7548353654216,4.15429894271134,1.21436111989897,0.0134191798690012,0.0135110415108548,1.58640692522749,38.3911412023008,3.83940562931821,22.5112395593897,0.0206865100067059,0.0445630694120657,0.121136642951661,0.0426465162003407,0.189586004566713,0.38421512239828,0.415890829098977,0.416568388283797,0.416565328590481,0.407251736809864,0.184773005320837,0.057788738766438
671,18.4789697343947,4.00667506041329,2.54804017371498,0.0145885528977452,0.0156143780698323,2.15631913463585,61.4565501641482,2.88276435341686,29.2084712348878,0.0192304887694717,0.0377253659614887,0.0807205705581698,0.0369933493779866,0.14284363334944,0.299881373372858,0.328850607360122,0.33137946121877,0.332583801715934,0.328306968625861,0.165769425306604,0.0655465576939979
672,33.210627157045,6.33052404324596,3.77476986043621,0.015670921426654,0.0154380783075553,1.71700951945968,39.5802109222859,4.42841967334971,15.2329189726152,0.016853430989222,0.0253732042864946,0.0544300661817501,0.019489957186587,0.108259600169699,0.341233638368231,0.404567826270017,0.404950216707898,0.404624683637926,0.393960996147542,0.169734962197881,0.0510639479031124
673,17.2295372397148,3.79185707384481,3.95774723310024,0.0149315237515774,0.0148157339509837,2.26035154145211,48.0207046121359,3.07095993962139,24.3276532692835,0.0217032957923359,0.0417799994595452,0.0850609805266377,0.0437623949514042,0.176133673284929,0.35680754322383,0.388049893631679,0.389575169816061,0.390130146031306,0.383512757895642,0.189483000871046,0.0693107798963195
674,33.6030472180796,7.21445819469243,0.783304221695289,0.0162125981175819,0.0161195514869637,1.87778139812872,50.8154676668346,4.80839503905736,18.7567467126064,0.015051902657412,0.0268862914169208,0.071296761153804,0.0184752606701957,0.101893127144392,0.319013448381976,0.379918482995929,0.380204378374579,0.379832004636412,0.369102817945274,0.156320078968483,0.0481921035706216
675,48.1073128309349,10.7608742349999,3.39448063366581,0.014761355838243,0.0153454399610684,2.27719388366677,51.2811353150755,3.03792503406294,17.9395512642805,0.0163414679179169,0.0228383732443299,0.0511814973694912,0.0193386687068359,0.0894099222923618,0.306242384352295,0.377193948575025,0.379299027240467,0.380036845082436,0.373823450509832,0.184764043595766,0.0688691356115038
676,44.536364502203,8.37734108857909,2.23914301721379,0.0159694992600156,0.0148678146055155,2.340328438906,48.9589224848896,3.7011251160875,23.5226655495353,0.0157571078508131,0.0260645716459371,0.0604353984889314,0.0186185702676529,0.0961252740246979,0.319701457220834,0.390656956148542,0.391701807118014,0.391795503180844,0.383701869762235,0.183034101468984,0.0649381043083741
677,50.6532791500289,10.2681850798549,4.20828223088756,0.0170079888799713,0.0143743189176016,1.7786545814015,37.6676380168647,4.03443095437251,29.4561147247441,0.0168444216736181,0.0208301053197027,0.0411524785682241,0.016150484528238,0.0789453634411165,0.314373829755317,0.396314354832007,0.396956499243437,0.396756063758414,0.38783000640766,0.174737342061991,0.053042023378879
678,39.7693761280374,8.51996604120949,0.962190693360753,0.0151734476164559,0.0155219061462352,1.53450012370013,37.1308030933142,4.18431725958362,15.7867763168178,0.0170036201016667,0.0241798353264424,0.0595555898436782,0.0170300620085284,0.089299484224885,0.328825526977208,0.403010668362674,0.403616255163896,0.403369703544801,0.392666673325743,0.165437305468256,0.0474837039303953
679,51.7844761532118,11.7085920558977,1.1806725935312,0.0144782550784589,0.0145271365511126,2.02688617748208,44.8879149928689,2.69639846682549,25.1227462047245,0.0175613509539427,0.023741105454634,0.0561478074267283,0.0190845284659732,0.0838038336772705,0.308491618819168,0.383627566783313,0.386011276020638,0.386916015737468,0.381541424975876,0.192339248101195,0.0696789808424368
680,47.8762479802537,9.86142788964751,2.73996790603269,0.014912639228989,0.0148005632857392,1.66710217483342,46.1163181439042,3.10623655235395,22.9749397421256,0.016536713203361,0.021085014473339,0.0440351305458423,0.0169414146708163,0.0769134478851375,0.299243139603118,0.373254937320102,0.375110608425552,0.375683460353538,0.368881954793939,0.171143206605787,0.0549721733058593
681,44.281896888155,8.85668188355974,0.550295379012823,0.0144742055723203,0.0141151904349719,2.2127056682948,43.4867149591446,2.25742229796015,25.0737023097463,0.019627663496408,0.0312190158972065,0.074417133629144,0.0241822391578784,0.102815865565799,0.318218584915981,0.379210035171919,0.382295601762798,0.383714658921167,0.380561100742788,0.207309083983669,0.0816818845339786
682,45.4678868733093,9.75842925737867,0.824773214058951,0.0150260099992035,0.0148744570564235,2.4853732122574,50.2242243103683,4.79831219348125,27.4886375467759,0.015045989844001,0.0261882751933945,0.0687933378636684,0.0179049097490007,0.0964465522428323,0.329921405352024,0.411204744535612,0.41157097702866,0.411163273256072,0.400547106549876,0.185730927497812,0.0671314362789051
683,32.4053943717405,5.90099590139999,1.50583343126345,0.0130332869515941,0.0164585643940597,1.76391902565956,62.0171435363591,4.01701418100856,26.7459412501194,0.0133279483795804,0.023838477070793,0.0566567808921603,0.0172395689093524,0.0894082863199653,0.290237678954483,0.348724283159573,0.34993733641241,0.350134082875843,0.340466204908445,0.143793979033483,0.0480648217246449
684,59.6547247503516,11.4582941984401,1.82781619706657,0.0158322275824663,0.0141736000437681,2.16021118010394,58.7000115495175,4.03042170568369,24.2577779979911,0.0135814069155462,0.0186128836817246,0.0410780720857173,0.0141846064174894,0.0639070378600271,0.268202010220843,0.353301164395653,0.354571702910588,0.354747762069724,0.34739441418949,0.162232985532232,0.0565322468459294
685,28.0244317021118,5.16784622273645,2.5997879547067,0.0160988339024852,0.0150174715314058,1.83508343715221,47.6855777483433,2.13885266543366,23.2197612826712,0.0209555302649357,0.0344153019779033,0.0717986563752846,0.0302692816915701,0.124021004758921,0.303214937565782,0.340943726315687,0.344453531416711,0.346233749639608,0.344407770661229,0.18472297821835,0.0704781714220292
686,51.667667239901,9.8245292223807,2.74047807371244,0.0158713255162536,0.0171369400757021,1.83877416350879,58.5854441020638,3.30474866111763,28.0865786899813,0.01461951461545,0.0192322223416654,0.0394156353435632,0.0161239316218151,0.0672395958586111,0.263593068829892,0.333835056700064,0.335677200641139,0.336250972571159,0.329170682545686,0.146898109927487,0.0495560166978195
687,74.8478586240914,15.2022678285035,0.717167920083739,0.01468940560809,0.0147946170047265,2.05208061961457,31.8257785309106,4.73993493895978,24.0909004036803,0.01760934589774,0.0214261651328971,0.0452940270314634,0.0157166592240877,0.0650033640087231,0.321047322846356,0.446883537465791,0.447563966991079,0.447081039258325,0.435617497608847,0.199888693795686,0.0674186559948303
688,33.7333718211716,6.54023865415199,4.47487453697249,0.016251704131091,0.0152503566419416,1.65110846562311,30.8408982027322,3.9502498942893,28.3646773640066,0.0180537226941131,0.0253791236457659,0.052043623806249,0.0200808871403123,0.110534507282147,0.347893032854381,0.410149226219004,0.410654257965271,0.410425425260647,0.400467953484581,0.175059883146514,0.0513797679828992
689,24.9200192143297,5.63845962497877,3.13913110736758,0.0163268038542528,0.0166739834707177,2.36504134722054,69.8935857880861,2.80418788292445,20.7177050574683,0.0194902073984394,0.0309776013563775,0.0613288357868693,0.0360916255330009,0.108221808587823,0.237309533393489,0.266307560944351,0.270670344519415,0.273025951020152,0.273300200089766,0.157041667561397,0.0772293813690562
690,21.6382425260834,4.96631797481642,0.829411274171434,0.0158606326352779,0.0166363770681025,2.08014026819728,30.0038677081466,4.30329100461677,26.7718619573861,0.0210815207166435,0.047493809045586,0.12188185043753,0.035797491507836,0.169952256242957,0.393053583045517,0.437508766457633,0.437597579847165,0.437144944873017,0.425453017847329,0.189698745655939,0.0619288390467447
691,40.4011603039558,8.68077860537827,1.12891144969035,0.0148006936142543,0.0158362753494459,1.84010250261053,58.3423701114953,3.10665472620167,21.8228533328511,0.0154904741605097,0.0231398775412805,0.0556577798782306,0.0191505169362087,0.0837610422216274,0.278448231598391,0.336923433490598,0.339302784101409,0.340270483305952,0.334779656019791,0.15881008374287,0.0568413754718971
692,53.2530941623653,10.861043513866,1.80428459797986,0.0139859389008697,0.0160573712054055,1.86467823176645,47.7626344189048,2.26975557138212,15.4601776390336,0.0194462893811633,0.0248198811281009,0.0508000248209142,0.0222892819603745,0.0799248941396952,0.289077487692245,0.358192415518585,0.361801839948281,0.36346910395429,0.360152416011285,0.186442063717045,0.0711633909629161
693,50.8648807511506,9.41968112212518,2.90829607984051,0.0162767677693413,0.0146526081209988,2.24242926598527,49.4865085929632,3.62850642693229,17.2393707640003,0.0156172566969365,0.0229809891561772,0.0502788431761518,0.0170511424422687,0.0842650856209455,0.305628385402498,0.382337932943138,0.383612587470609,0.383826347496129,0.376379525823406,0.180020524757515,0.0629887418449236
694,69.1898811794154,14.110726807645,2.51377775100991,0.0129216376617678,0.0149086334335736,2.10561915603466,44.7283160686493,2.71945600258186,24.9661886296235,0.0174677526123028,0.0211880328707002,0.0420200567427184,0.0177273470066813,0.0679072016962081,0.300021578416922,0.398881013233313,0.401477241377208,0.402364623492855,0.396165848983288,0.199175793338847,0.0744543489160603
695,28.5074873336535,5.27320877674468,1.52482836507261,0.0154673156952233,0.0149027214712902,1.9633518550545,61.2974462565035,2.71907996945083,25.2332478796598,0.0176121306358745,0.0315895060184118,0.069791996227172,0.0271285919511929,0.107817264857096,0.275301442691191,0.31396226911904,0.317097084537595,0.318655471499635,0.316162937578865,0.165583724047085,0.0661540543763838
696,33.0298038298236,6.64635916107974,1.93339772557374,0.0154799228877108,0.0163145055337472,1.63044536113739,63.5672179888934,2.35385488905013,15.8934593747836,0.0205206063139061,0.0288309330549412,0.0574694938146451,0.0306784591199196,0.0934507056999627,0.243894720111942,0.281784181754622,0.286646236855547,0.289253843134992,0.289950595072923,0.163364920857244,0.0736370210472972
697,41.5617506286123,7.86669867845563,3.94608654105105,0.0153238537785142,0.0149705033006907,2.28710913844407,43.6926013045013,2.47970747551881,15.4649464110844,0.0188711836407971,0.0284934014522693,0.0594851272012908,0.0239215779986148,0.108006139024387,0.3234034156548,0.38245394183273,0.38505723109815,0.386175071529583,0.381768419912495,0.199784730679352,0.0763095271787211
698,49.3499810626737,9.93118463288921,2.54119437583722,0.0158350107198269,0.0152940049193642,2.49456536676735,55.9981648437679,3.69449095637538,27.3205869609956,0.0145284108607827,0.0226921854499005,0.0527995582719261,0.0172667232201233,0.0851580500832372,0.296370476832255,0.369604460499696,0.370841472162912,0.371045167949808,0.36333753179105,0.173232813694518,0.0636173499222773
699,22.6127137352366,4.70924298783812,0.881942749489099,0.0158293872041569,0.0154532381202401,2.32069569593295,37.2548251505941,4.50175771978684,23.3557283424307,0.0208562546660979,0.0491291940266545,0.119419731272743,0.0359212948713294,0.165712950631757,0.385857671351958,0.431651188742245,0.431764396773853,0.431351588614812,0.420577727350581,0.195153464520453,0.0678150177199528
700,57.9854361454792,10.287701310032,3.65520481334534,0.0152893560240242,0.0143679345540255,2.30020644445904,57.1177135966718,2.46718899486586,25.9808583150152,0.0180202514514017,0.0237715216099239,0.0449825615931294,0.0223105710036965,0.0767298572600362,0.268665507570011,0.336413470012189,0.339852950331108,0.341473716083071,0.339365844994496,0.186421244048992,0.0772295180755659
701,68.1840940103761,13.0035181823796,2.00170042121317,0.0151787425683847,0.0140307810471142,1.68240922968835,34.9307850748301,2.80831514392048,23.6363279179204,0.0181659271955682,0.0210129461518134,0.0384496145659248,0.0169601891108459,0.0611728713843848,0.295187740346884,0.392251359643619,0.394405303179542,0.395059399188664,0.388922381776329,0.187666475072555,0.0604513867144711
702,60.0138922856157,12.2473153485746,1.36813846277073,0.0166162887914055,0.0152004910504311,2.1471788038034,42.1961817145348,2.99728236533701,15.6452963990159,0.017209116916123,0.0230060313477226,0.0515416909162021,0.0175109641837926,0.0770277315365982,0.303510936227945,0.386505453843442,0.388304093564975,0.388809888038772,0.382296108688547,0.186197883485008,0.0645293802579846
703,61.4211467496459,11.2314235528939,1.20809271989856,0.0146822129887974,0.0146906380109894,1.75662501598708,55.3082432318479,2.83287655864842,27.899238030659,0.0162259223133406,0.0203981590153849,0.0403540051207672,0.0175500584991533,0.0610238020469176,0.262856338122905,0.34278305877383,0.345480727677036,0.346563473464494,0.341953763995848,0.168080771626144,0.0598645243304832
704,47.7609243236206,9.37845563346846,3.84917580743786,0.0159621118040213,0.0162219331018589,2.18739254656248,69.129451662302,4.59627792867832,29.6667133877054,0.0109158977338813,0.0155601911009972,0.033305080292827,0.0132456479685142,0.0611027235916902,0.233356697765032,0.299043360044259,0.299836702289273,0.299815953882331,0.291432239463619,0.124759893518877,0.0439801894466182
705,56.9247256948888,10.8874013073494,2.71965525113046,0.0158913528958517,0.0155096263672884,2.38046563183889,45.5350189004093,2.89670744747855,27.0817687734962,0.0170080082977812,0.0240086202260464,0.0519943964364314,0.0185193315197484,0.084203552000733,0.308544890724369,0.387617187446904,0.389505056589667,0.390082588344009,0.38362787935925,0.19065421045427,0.0701130259461869
706,38.1239587546267,7.52301762071377,3.75017388013657,0.0149347294499393,0.0153549109322293,2.2639768186491,31.8600403610617,2.85372620960698,16.6270003141835,0.019042802238644,0.0304901014283012,0.0671160488470012,0.0239293999600581,0.122239724698465,0.36199784728057,0.425721571957784,0.427262452745665,0.427674200191202,0.420071337473808,0.207842109942629,0.074815577444825
707,35.8290816917777,7.38906474066841,3.56277440185659,0.0147645473135722,0.0151080477954656,1.64949629665352,38.7291394453496,2.82883195648901,20.5833762232214,0.0179484636716503,0.0248842279378132,0.0529944037185676,0.0203052102552193,0.10260957106487,0.326729781084644,0.385678651067577,0.387638554587106,0.388333552322301,0.381710149196945,0.179078431584873,0.057404587246809
708,42.1177273325272,7.22317585163342,1.39752035576385,0.0138047825839831,0.0143109866069088,1.85877645690925,51.975557282567,4.89994959300384,17.9228157713078,0.0146041110495796,0.0238839682001054,0.0554434166272063,0.0156454962039229,0.085015913837828,0.317425116413936,0.399018371603988,0.399550369121859,0.399225458991636,0.388400067025448,0.170230481872266,0.0555953395916975
709,51.2689710653199,10.0099116769447,3.22567229834385,0.0155598690316007,0.0148168903557851,1.90042430674657,34.8832987807691,2.22483836603351,17.700350593077,0.0200110757757222,0.025582548421252,0.0507710499008618,0.0214754901460885,0.0882134788978065,0.312708783705681,0.381857519464735,0.384797736716249,0.38607845083923,0.382213865758922,0.198022943580732,0.0707280422738487
710,46.1491216848606,8.9661051497346,3.79640022909734,0.0165424628317314,0.0164207799677719,2.35135924676433,58.2613104302436,2.45212628180161,23.7868950830307,0.0184232090488248,0.0258932693708244,0.051464946759485,0.0249552796443466,0.0901132937516571,0.271026768041456,0.324512672075568,0.327935556147627,0.32959577407034,0.32725553746124,0.175388799564366,0.0730321563350253
711,5.76719294270692,0.785944227402873,1.21657291136216,0.0145427000661203,0.013731768702889,2.19802989228629,40.5837826803327,2.9037594771944,17.5442337593995,0.0599547382333236,0.122228943257085,0.189978934757107,0.116067073594136,0.285282758130244,0.393878487959219,0.406434268057212,0.407957582382963,0.408581394774271,0.402499539810822,0.205301006786028,0.075371007240938
712,27.0397617632651,3.8427263171677,3.37593789619859,0.0150426240430153,0.0159391909222559,2.42271092929877,30.5071779340506,4.01546379225329,24.6831590461079,0.0214456867220041,0.0449626271908107,0.0889913995042304,0.0329836064465148,0.159681173454563,0.398310738279764,0.452652164088709,0.452965361263675,0.452621399512986,0.441530723974145,0.208340332124167,0.0747843354919065
713,28.6137434259003,7.30241917459674,3.70434504083823,0.0144891414312461,0.0156133035866081,2.33400947530754,44.7394451312721,4.22289821272716,26.5757730114274,0.017024746860117,0.0297665267715655,0.0721420569514713,0.026948223699404,0.136755470078844,0.366143593288232,0.422990840194392,0.423395308720186,0.42310302413552,0.41224839501358,0.189644554562585,0.0672713415336326
714,71.1024334456732,14.2478896092725,4.14226700167637,0.0165696434732764,0.0149031897842767,1.51524459850043,41.0856803320348,3.09593542804942,28.9322963787708,0.0169996440572873,0.0183106022470831,0.0285888909468408,0.0156805999788231,0.051475442007327,0.269941598767283,0.366089068714193,0.367889246233654,0.368327236504543,0.361471893162686,0.162647294797959,0.0478200214504305
715,37.0748327975514,6.90017873752573,3.04699440300465,0.014950628563761,0.0146349080565237,1.9348931920249,47.6421111635864,4.14974975236692,22.2400723176543,0.0156893372671872,0.0250165673819759,0.0558801054871276,0.0183829105566532,0.100327718932144,0.329049336366084,0.39673179353503,0.397428015921864,0.397298484836043,0.387785017631934,0.175130925198183,0.0573892371115519
716,34.4205708785014,5.9687936041547,0.05074858374428,0.0155475522480041,0.0146347722428781,1.71143250050955,32.9364120401442,3.02712883404456,26.8434057512786,0.018457557022279,0.0343604270279122,0.08520237595546,0.020969574517756,0.110910520165111,0.341831124275418,0.40057917463353,0.401996025244816,0.402367173060154,0.394964886617713,0.184717138823416,0.0579930315098434
717,33.9965915127729,6.53103500973248,2.3893667946104,0.0151876019091915,0.014951349962889,1.80400978820398,50.5594778247178,4.23152722837403,24.2832908174023,0.0151846626807439,0.0249970384513863,0.0581121720116447,0.0181492272561522,0.0999111425390593,0.320044940244128,0.38206859390897,0.382693493724365,0.382545485558369,0.372929150950885,0.163343691764496,0.0513703428307072
718,8.83174622055891,0.906137953536496,3.09562261251267,0.016265177712658,0.0167714231039196,2.30557899316773,45.0907062646002,4.49038821016438,21.0401104087941,0.0407954735258572,0.0794631607398733,0.12063594220246,0.0806416304487995,0.243227007309004,0.388768342740361,0.407765690472836,0.407789628547013,0.407406244257057,0.396380017068065,0.176809369993151,0.0599394956051507
719,45.1534347625502,9.0767066940689,0.961173099931329,0.0143742170138089,0.0145552320783916,1.98639038298279,33.0947677511722,3.79416473722085,19.8020209476817,0.0177252942955105,0.0274114895818773,0.0675976565805185,0.0185769978163556,0.0981600380100294,0.352299778529734,0.435385207212866,0.436225733774161,0.436100196224247,0.426242527774818,0.199169360618556,0.067096674798734
720,55.3915772635558,10.7942670285611,3.73386331263464,0.0166681996653964,0.0142389003519836,2.26984945544973,69.1960969474167,4.46540640178137,25.8896406786516,0.0112810101437917,0.0153015625085971,0.0315573356401329,0.0136566821274893,0.0558786005490083,0.221960044139941,0.291136751840167,0.292454290256582,0.292773279322372,0.28674188622751,0.132749346321652,0.0490980457718694
721,57.9651898813347,12.4911536650065,3.48781400348525,0.0157679596510273,0.0172194361977284,2.44971746741794,51.9228670187294,3.23526179394685,25.0157000741456,0.0156712341204511,0.0211756234007073,0.0464007398808196,0.017331368723122,0.0791448908778672,0.295859046259509,0.376576449896716,0.378250076332081,0.378652796327349,0.370766634537443,0.174913691542069,0.0639857340309851
722,50.7679343473804,9.74636480659403,0.875379244680516,0.0175175658473353,0.0152081084289789,2.04448681906797,50.218260968104,4.42085156077519,25.3361911524553,0.0148926687150855,0.0224328736078455,0.0538139690776667,0.0152360705451146,0.0774232712831692,0.295842475529537,0.373640383488732,0.374179447228946,0.373930714121777,0.36484896962837,0.162760423468041,0.0518728715854571
723,71.3071420686984,13.1395704320202,0.30647650687024,0.0162914683228549,0.0154009444980824,1.70296120084822,35.7075397204608,4.50179967051372,17.6850846013986,0.0170784469912358,0.0204615637124626,0.0404107819625469,0.0150771614275144,0.0567764086666803,0.295006101791049,0.40686042126769,0.407559794866482,0.407185484287853,0.396565395865666,0.171106310786434,0.0506717371676597
724,54.4686483772344,10.2662152526129,0.849127483321354,0.0134956747651438,0.0171082171688496,2.35020561818965,64.0056744497269,3.60113965696655,20.2588938327972,0.0138189347030995,0.0209484272066385,0.0479544370645464,0.0171645984181677,0.0690641448847048,0.260499162492428,0.337245715610477,0.339577433676678,0.340383200508528,0.333307328052564,0.155828978331302,0.0612943028474868
725,52.5686806585151,9.73030254397448,0.114583707181737,0.0160393680587083,0.0133220483972476,1.5067552595865,63.9909612201154,3.58172185858712,27.8892021195497,0.013384544969864,0.0179879710707308,0.0391647645590269,0.014983060301719,0.0544604749349503,0.232364984305088,0.30052935126796,0.302464671553479,0.303180010414088,0.298465587277935,0.139595100479252,0.0467865762039993
726,42.4445847808257,9.18611784836456,3.9491249275161,0.0151114961635303,0.0159628558583367,2.03236519545317,33.6791504360735,3.25155246490613,29.778088380117,0.0178965593889073,0.0250408988970723,0.0552141603021317,0.0197815063476671,0.103975244549061,0.348015348376555,0.420502967101039,0.42161760564382,0.421709332154018,0.412484970110495,0.191406927521529,0.0639422201872913
727,60.7503451320069,12.021217610952,1.46470892778598,0.0135746089422153,0.0153688015738181,2.01318340795115,33.8048298098147,3.52675423375331,28.5091748996638,0.0175629727831959,0.0229998877128213,0.0507163239957413,0.0165869834302069,0.0770031067540668,0.333675039899209,0.437940452474005,0.439130815941617,0.439089748105482,0.428838111944867,0.198815353376007,0.0679042176387995
728,42.6762537828171,8.45902491404353,2.44520022533834,0.0144050463780655,0.01542475632229,2.10996593441814,32.8282912727445,3.26168801449239,20.4504617932253,0.0181431391087003,0.0280903976531732,0.0649725981096814,0.0203472312297116,0.107069907785481,0.356375532842998,0.431449758526791,0.43264166386327,0.432767039556422,0.423630619893848,0.201068761121558,0.0696430537537815
729,52.1945207993994,10.5522365748298,0.385011379374191,0.0149934615241662,0.0147873054917297,2.29126331605949,64.5790109969676,4.10918633244,21.2450464745052,0.0126923683746383,0.0196713367212212,0.0484493053613989,0.0152379877581197,0.0671840535588483,0.255532091221009,0.329742098838464,0.331386661647208,0.331835403827479,0.325068524660657,0.152248625506455,0.0567961552299231
730,28.9578080290621,4.75665619496192,3.55714814469684,0.0148298442399911,0.0168109987907642,2.09535219124518,63.0774688906968,3.70100373984315,19.5139798661694,0.0146315380701449,0.0263250634854522,0.0540534225036519,0.0223956902493945,0.102785445264736,0.283372324701628,0.329353749545208,0.331179971852923,0.331839945761769,0.324844371335978,0.148026285101255,0.0543001288405086
731,51.3727377975756,10.9400293850028,2.77340735995676,0.0143179605826694,0.0139384898617301,1.98893015785143,44.6615007333457,2.59871128154919,20.604056767188,0.017959632023314,0.0234097447430387,0.0498344081073073,0.0196823326729196,0.0841840599642068,0.307313988392687,0.380996275331545,0.383644241591153,0.384727177581242,0.380214226488726,0.196315867367458,0.0721215303967514
732,39.0563213563066,7.08414199288259,1.84325121087022,0.0144890141515651,0.0153415299798167,1.66543788532726,67.5895402487367,3.518188317772,21.969965697499,0.0139523937404118,0.0205254146471493,0.0432862768917303,0.0189305210477372,0.0704485404250508,0.236920849363805,0.289966833496093,0.292677441464505,0.293896446462786,0.289708978566548,0.138311022557625,0.0534163631988636
733,61.8854754822103,13.5805267638088,4.26490630034823,0.014611632381069,0.0138579243434782,2.16577978711575,41.526575833559,2.23337274300866,24.2723141494207,0.0195830397264178,0.0234705710286537,0.0448117686420135,0.0213746413995448,0.0798606326726246,0.302056075026087,0.381194016975254,0.384405004843809,0.38582008806769,0.382761639274953,0.208964915592461,0.0814881870799994
734,30.5236276128944,4.48212835453518,3.20642636634875,0.0138944708574265,0.0152225462523058,2.0576371892821,54.780686814338,3.9933860974852,19.6825414022896,0.0154500652232233,0.029388842347357,0.0607731027096294,0.0213248040303285,0.111672910257292,0.326019022966575,0.383133476909065,0.384166436440798,0.3842742977202,0.375070946126076,0.169829363366284,0.05878644419746
735,44.3742266051081,9.15103558173162,1.34173572342843,0.0171227888111943,0.0152041522583787,1.96767687262036,60.925820376724,3.58618100243621,20.6857941707131,0.0140919786828319,0.020999604713213,0.0495502379763009,0.016961673086126,0.0753338492715944,0.260993244719112,0.32065422800643,0.322437063899459,0.323064353525065,0.317476010886515,0.148528314164493,0.0516073407186304
736,53.6582534528552,9.56277982390883,1.72746070765425,0.013913307043461,0.0153612518969586,1.65155449556187,62.2270985506475,4.14848691457883,29.0442378795706,0.0126690977783728,0.0168262646141032,0.0351658143035645,0.0130154630091157,0.0561827317402801,0.255865325847099,0.339643475348945,0.340818590085146,0.340903873339049,0.331832443354756,0.140440608133111,0.0450188503895068
737,44.1616847459361,9.22415633984815,1.79332527949009,0.0145475108173128,0.0153923106468642,2.43699769675732,58.2749673351645,2.99121041758917,20.343151143752,0.0161090976280698,0.0256443779328396,0.0598838317116948,0.0215575646554095,0.0919656921491765,0.29006855260409,0.351866028674843,0.354448795766465,0.355534028222523,0.350735053257162,0.179036267089373,0.0715880927576089
738,60.7841856211965,11.419904599677,0.606755250133574,0.0146541803698723,0.0150857240759904,1.77965976903215,43.7159939203411,2.62881135172211,20.2654684963636,0.0178877459470173,0.0227928507113655,0.0474781901700157,0.0182221659806019,0.0683296464424774,0.290383638839833,0.374025534071704,0.376679088534156,0.377696748314837,0.372432131225769,0.182626900087256,0.062965247986281
739,62.3832243521549,11.9537594178295,3.48147127171978,0.0144204990511615,0.0134260967348715,2.34283679234795,47.6189985591918,3.6409281140659,23.1223183334805,0.0157133314748687,0.0209595425295576,0.0439801509785389,0.0159118940710067,0.0750835273823442,0.309419476142285,0.406789428639021,0.408176525568726,0.408352777079418,0.400656397032351,0.198305050970103,0.0731357436130043
740,70.8574367991342,14.107960785435,0.957594375126064,0.0145255021383428,0.0145802644205689,1.66115476004779,35.8946687262505,4.81549422675744,24.9759517307393,0.0169981199178288,0.0196316392813759,0.0379039914786443,0.0149384377859725,0.0562589392466383,0.30237169080719,0.424019820867749,0.424685274913253,0.424217267257203,0.412762130425222,0.179357487779672,0.054682726879132
741,41.5288306553472,8.26421527500617,0.229187615797855,0.0149459316316502,0.0158360582048682,2.26288273208775,59.4476561620831,4.95078690443188,29.6009784343187,0.0130613543946249,0.0243429650114847,0.0644989912250682,0.015749324462231,0.0858787967859849,0.298447073334192,0.371195618614245,0.371468830263336,0.371037804811807,0.360017479950747,0.155563966504833,0.0531779330646744
742,44.6906846427625,9.07384013924339,4.26923074212391,0.0127476349579854,0.0150540491063713,1.90593944769353,59.9715376179665,3.71473069186322,26.2351515842602,0.0137760139191795,0.0185488790148659,0.0385392215095005,0.0158339976718001,0.0756300370881822,0.285909694808241,0.360704714800994,0.362368910856879,0.362793191586158,0.354621772355547,0.161184168321476,0.0569470439770644
743,58.6483984278845,10.8664044594089,0.282617395394482,0.015228993154312,0.013134392520464,2.05366258881986,31.9037468545139,4.48911525472067,25.8869594126008,0.017646364408586,0.025265041644123,0.0590335908860199,0.0167012374213933,0.0807773231255354,0.337347235718847,0.439926542964404,0.440529664143313,0.440190485539825,0.430589657989192,0.206429754386499,0.0703879081087953
744,12.9608630750283,2.5619231637102,0.652572282473557,0.0163875164036584,0.0155417641780689,2.12809892953373,69.3354999646544,3.98824732727371,22.4382739327848,0.019547718880527,0.047168299911987,0.10146615325159,0.0401175173160338,0.138725879380755,0.262209747380555,0.282752765807004,0.284574261820674,0.285396837649364,0.280528324660819,0.132722360391967,0.0517977044961357
745,59.2927373347568,12.8860613971835,4.35021421895362,0.0156448400262175,0.0145337271605532,2.15266192494892,43.1679300405085,3.2810824601911,25.0751964957453,0.0166002943635107,0.0205452542486333,0.0418316503255319,0.0166548667068614,0.0768121130196503,0.309238461451174,0.397381813207163,0.39885858835479,0.399138445260826,0.391728863112497,0.189544971852764,0.0659659485777977
746,15.4176651890127,2.96327782263195,2.05240752291866,0.0146910016617021,0.0145836077161403,1.97032811050303,41.1002774257213,4.40690529486164,25.0287349813152,0.0229792653306031,0.0519665044417632,0.110259593162338,0.0442182681820675,0.188293064582992,0.386685135665476,0.420883804026825,0.42106058852302,0.420732909495317,0.410203706275456,0.186037102214501,0.0614998917170512
747,44.0001760640053,8.57063822233318,1.34511601296254,0.014324268651684,0.0153498144453535,1.77517507830635,67.1500661689788,4.96554703218862,20.1511182042304,0.0112403451951059,0.0168070184203859,0.0395985556422491,0.0129957998162802,0.0614010392332496,0.24429713963319,0.314728201343788,0.3157737349499,0.315840925462449,0.306932023757494,0.127759254976888,0.0424431637225091
748,52.7149204535678,11.3569113353816,2.88417587417644,0.0138685113551737,0.0132760006446602,1.85589660285041,60.2859416417778,3.45756329107098,21.7926435219124,0.0143126797991087,0.0181309899239526,0.0377620892298301,0.0160835346078131,0.0654919611689225,0.265201515798796,0.342082902295484,0.344327110791679,0.34515118344374,0.339918521725414,0.166105791310383,0.0601339457571863
749,58.0893694255721,11.7964317233283,1.85253423464019,0.0152187318774961,0.0140335092015415,2.02057342301123,40.3285418637097,4.8135804196354,17.6857229915913,0.0163991911988321,0.0216594232871182,0.0483446881560862,0.0156252164943859,0.0757383872287774,0.321474832928001,0.422437634306341,0.422983830980875,0.422591876726295,0.412271362825879,0.189600754089303,0.0632117566944522
750,66.8169513837285,11.9962788859807,1.84033452335279,0.0132381738789338,0.0149807864214622,1.87037478690036,43.1215493567288,4.2212347004097,22.2895152610727,0.0160296159756945,0.019933185683733,0.0396565493481369,0.0146445071816163,0.0622541723785485,0.307377357661224,0.423546087526728,0.424555392226394,0.424317209707296,0.413151204856495,0.183753992092761,0.0607307532779034
751,11.3996359361436,2.59515916390779,4.06928277842235,0.0153870690685444,0.013217609228447,1.83246053173207,33.2154461275786,3.57945242756978,18.6983971239533,0.0262737427202706,0.049274032279828,0.0942465457488663,0.0594950845032383,0.221698617055078,0.392693213569424,0.416949169741268,0.417624875009624,0.417685358009971,0.409722313179166,0.195765466492843,0.0635997146383587
752,47.0665353877822,9.28388158614948,3.05766412778758,0.0157623559517186,0.0161493102893373,2.49300890858285,30.9141225088388,3.36240896466188,17.6483588910196,0.0184337929019562,0.0292088585336393,0.0666484601779284,0.0213028840709102,0.110666410087244,0.360498708940086,0.438466376748945,0.43941670344488,0.439384044412707,0.429928246090511,0.207544871660597,0.075102597350944
753,67.9740544880547,14.0907224403187,3.5109509647591,0.0151452413978025,0.0152882443249371,1.99254744546488,39.8801572714001,3.09978564269841,20.2816514961887,0.0172247724801163,0.020223874573315,0.0385439697854797,0.0164202482891051,0.0666801166032735,0.301807911563637,0.400351008039991,0.40212331818208,0.402508295056768,0.394850507531264,0.187367722568122,0.0634564278398793
754,9.6959884044781,1.98872231836697,3.87831697007641,0.0150139364196153,0.0153114523496774,1.52454532240517,57.2783283703029,3.28604046767578,28.4099834924564,0.0222287144894544,0.0408811185334781,0.0745220129355132,0.0510214310131941,0.184365072141465,0.316435623699976,0.334759695537171,0.336349134880267,0.336996685819444,0.330544593013935,0.148318989623755,0.0476479945253617
755,33.2835215184064,6.00353522699512,0.144195810193196,0.0129163561098677,0.0169528108501779,1.65495510515757,31.1917700618505,3.5763507084921,20.0700596894603,0.0183151428800001,0.033930357599713,0.0863244889954141,0.0206153460436695,0.114317769413846,0.366765183835841,0.435197815670988,0.436117805097097,0.436027425620206,0.424060686377223,0.180683225360074,0.0557582370735942
756,29.0962941517005,5.75457885962188,4.02623658638913,0.0147771314918885,0.0161491307633456,1.97493646247312,69.8235391359776,2.34239416127093,21.7302191618364,0.0225587642901723,0.0311280143927189,0.0546399937176843,0.038599735577834,0.10102942291825,0.229042565773204,0.260227538841969,0.265917573526717,0.269080700306125,0.271911333499109,0.170524423781531,0.0899681072988973
757,56.4577016245713,12.139894130358,3.95434092718642,0.0152837365653408,0.0160748294026201,2.46015303535387,67.3744334280491,3.234582422534,22.6995478814933,0.0149021277599846,0.0194938010066107,0.0384193269537561,0.0205007658421288,0.0669159407894165,0.233686526698059,0.298446780821293,0.30156738157862,0.302983868190188,0.299680591773759,0.154698554331778,0.0667911532386929
758,41.1890425529355,7.88002155005443,0.0640654989983886,0.015134593742891,0.016195388332409,2.01744713750668,35.607579536736,2.93922126642428,23.4029321372509,0.0181865966196301,0.0315737239783154,0.0801471993906439,0.0206002136095369,0.105157289130866,0.341278569879642,0.408475119137378,0.410024852691565,0.410413469177125,0.40232988815573,0.189424734664271,0.0640042706703016
759,27.307839129323,5.40742913534785,1.4335299882805,0.0148900025991276,0.0155479887462384,1.75249720970169,52.8587131761014,2.50195869384333,17.5701071857475,0.0188486795987535,0.0329462757152949,0.0758327889519513,0.0273705350223439,0.117629737110549,0.299751236956782,0.33970611053502,0.342875810438835,0.344415469956152,0.341135854764354,0.173085170633556,0.0642060973524877
760,21.7232100461815,4.81072181983608,3.99512314097956,0.0160255478204364,0.015824005264885,2.46492051193491,59.839756321162,4.20121497381479,26.857622632524,0.0162730070027835,0.0317925908365354,0.0684229075287913,0.0311123651513567,0.136883815702466,0.318238828316604,0.356320547465088,0.356974764602246,0.3569656180861,0.34830823412947,0.159024747991589,0.0570682875699144
761,44.9967759820695,10.2795147151698,0.96905259496998,0.0140517537354215,0.0162369026354867,2.02486899681389,44.8559574503452,2.11038043838926,29.0986406255979,0.020216002609835,0.0283749660382662,0.0666740509298446,0.0245915084659889,0.0972472679252328,0.307036807288422,0.366814260543008,0.370304985075095,0.371947999040138,0.368624698988453,0.194479833094733,0.075959638766687
762,53.8501784134096,10.2646717201345,0.375893756747246,0.0149996265100418,0.0145960558958153,1.99014115147293,56.1143501661718,4.02740375464782,26.8854190350976,0.014004024307335,0.020573330448689,0.0493313957549354,0.0144058216501961,0.0686559040887493,0.283270081278645,0.367408082683489,0.368496634140747,0.368545865338333,0.360051686469767,0.163209916547246,0.0548057038935078
763,61.3486582774105,13.1181108459913,0.211444412358105,0.0135023994969647,0.0136220811486324,1.61193665582687,42.1491994522512,3.44225478847511,19.20825622743,0.0165884353418094,0.0200505586836351,0.0436455909187295,0.0154254287549831,0.0616421500712619,0.298986880309576,0.399685069605872,0.401364947728229,0.401683197837283,0.393734289858062,0.182485948241762,0.0583303342313812
764,54.1113957433255,11.4312831765004,0.663777544861659,0.0139633825999564,0.0152712192979394,1.97777692950331,51.8749131914228,3.56968850153498,29.361140972469,0.0150709284516817,0.0209100879140049,0.0506138638079963,0.015441579267851,0.0726247376594042,0.298325620110209,0.385076773732853,0.386462935304878,0.386660462741545,0.377923062570666,0.172857456488274,0.0590129455544962
765,54.345551244486,9.8399684141112,0.109949005069211,0.0152944569184838,0.0145658603983098,1.8257230266463,60.1350137311965,2.20147263258696,19.0710333455354,0.020718983680157,0.027195093107907,0.0532789128843734,0.0274822378533692,0.0740604066530016,0.244392554065618,0.301473618672603,0.306249632072227,0.308739633990915,0.309541776517748,0.179653202609994,0.0792074000989438
766,56.8999009894515,12.0214206918209,0.384940673829988,0.014996803095699,0.0137291744174807,2.06865668250248,52.2617618832737,4.47226762096398,26.5282127796672,0.0144507409869128,0.0202686058721262,0.0502088759738767,0.0142885574497588,0.0700162050126618,0.29640543584976,0.389943791714058,0.390693311842441,0.39048685600617,0.381284717970058,0.175407551944921,0.059405210242402
767,44.387591233273,9.78757429711923,2.40664353466127,0.0158797023373815,0.0143271899024993,1.64004812925123,55.1937057543546,4.41535968403332,24.7719873616006,0.0139486521504539,0.0183853389402022,0.0416366489614824,0.0142222811515347,0.0717804589374368,0.282825833542807,0.355866415588258,0.356564375644638,0.356437366486559,0.347616241023142,0.149565271559931,0.0448326959920861
768,23.4886215692883,3.92060240423939,1.6786806442542,0.0149680814623444,0.0140897876841641,2.37849502684548,64.8672180995345,2.80272515141405,29.8512807686348,0.0189249676965483,0.0386216378368022,0.0794483696885615,0.0331172534457481,0.122475705370576,0.277764499885808,0.310375828849082,0.313376998444908,0.314900259222099,0.312684586624503,0.170425405366443,0.0730671756890792
769,17.0312112781587,3.52784113884614,3.60413400200196,0.0139311828106926,0.0146776584229538,1.70554779004306,48.441887171939,2.21364448801614,23.8891473622061,0.0225029814792301,0.0390108547928848,0.0777535628818615,0.0408555037860313,0.161324982912109,0.322300038995047,0.349574293604083,0.353073930814011,0.354869544729215,0.352572726782956,0.187274763626339,0.0712459566839234
770,28.3761310511593,6.24539758336733,4.38875137874857,0.0167708862804229,0.0158033354472729,1.78610995784402,54.2181610036641,2.65016585239209,17.0309591421392,0.0178461929178604,0.0261446431045101,0.0538490597701642,0.0258377924396066,0.112080846584139,0.289066621051122,0.328358446038999,0.331173514961231,0.332512037659216,0.329004890911124,0.163341130747339,0.0587587575501271
771,69.1810239616442,14.7887409869389,0.195163868833333,0.014527930130693,0.0157630428234083,1.5690102505032,35.8224125299603,4.72028766572475,20.050317310961,0.0170340455979944,0.0194712805968807,0.039053394611517,0.0149575830528314,0.0551137025547455,0.29945004747754,0.41857828743909,0.419247870580249,0.418769040833959,0.406531898458854,0.169159347309749,0.0493248304012493
772,39.9451478878757,6.6620923165741,4.00243733113166,0.0153175325627193,0.0146776804848952,1.79974965867586,66.2826688308269,4.30499715777114,27.2284687310457,0.0119457147474926,0.0175432229492129,0.0353422911639551,0.0144786929544324,0.0692240738091194,0.249934593300995,0.31012679444828,0.311240797303697,0.311452427160055,0.304083104047974,0.133206337055708,0.0448543056188543
773,25.8933316075295,6.20274362233981,0.258979954873212,0.0156821383597311,0.0145033351401449,2.07664686022326,59.6945785544813,2.76160003640689,18.9797473442741,0.0180205525269338,0.0346690178499458,0.0902245500694852,0.0297902455954327,0.119367095100673,0.286834393023078,0.323236731904684,0.326304346948933,0.327827653652416,0.32535047856878,0.171963696025996,0.0685548123153893
774,63.9856209463893,13.2660613802954,2.63181850395631,0.013375475043871,0.0145548172937902,2.0709334355779,51.2441318947822,2.46278780838475,21.046630673809,0.0181961907426454,0.0222101173838158,0.0432511815984239,0.020454017152055,0.0706039863741448,0.282252836697017,0.36472928534593,0.368137195678089,0.36963352268958,0.366206064218887,0.194439547599867,0.0768166648026649
775,27.2390794643986,4.45005847082774,3.62138015229721,0.015375081535359,0.015783211150552,1.57732724584639,52.7930697705597,2.13933426025324,29.1208008932881,0.0205591302269893,0.0311246927652566,0.0588444198309371,0.0292081380875656,0.114775333708382,0.284980501619697,0.321154843623244,0.32498432225802,0.326960834598036,0.325399700394737,0.171689059405359,0.0660969271478838
776,47.7088177008547,8.93451218179794,4.02523708110675,0.0161083535507302,0.0134436801468226,2.37403708649799,42.8582374099642,4.69058125372976,18.5013279563282,0.0162519732176639,0.0246511287518627,0.053579352013449,0.018158444336653,0.0968243132286584,0.336162289589789,0.418523841906658,0.418993068724585,0.418684508399236,0.409573268235239,0.197890740732842,0.070454341575723
777,47.5299584773502,9.19807204545487,2.82759721577168,0.0154734255132767,0.0147136918934397,2.18170748534612,53.535568350926,3.37780152866617,22.0283346518409,0.0153617416431771,0.0226398662984557,0.050114917973559,0.0176666634584378,0.0845161144914255,0.297532772234554,0.36839723905574,0.370062107335176,0.370545545217138,0.36390974464244,0.175632019865028,0.0628006143042849
778,31.4775527976876,5.62565694002911,2.12676201132126,0.0147006144867891,0.0147435116633772,1.58986027352512,36.0184708517045,3.60257548606023,24.3998214346357,0.0176180846318934,0.0289568943665858,0.0654905069627471,0.0202135932216283,0.111614270441051,0.345562741236481,0.40536192338421,0.406287525121669,0.40632554266522,0.397100764799092,0.176230311672304,0.0530970633903872
779,44.7426632428737,9.45998956675772,3.08389434346464,0.0159948310627397,0.0149893951480648,2.28348676301539,35.3330784197897,2.35985641973093,16.7731567576993,0.0196394082067586,0.0287108859751507,0.063761979087259,0.0234659649910059,0.10786665955771,0.333197765950553,0.396046529781417,0.398487578797396,0.399491874271815,0.394808673678761,0.206525521979427,0.0770333368304331
780,41.0608037748867,7.63498665258631,2.23748177848756,0.0147558402798416,0.0149326440990384,1.51822986081243,65.8171491697431,2.15888415882364,24.8049777082633,0.0220338362236948,0.028122297486795,0.049804408026729,0.0324809331279935,0.0813524238985145,0.22739843589848,0.269461804863011,0.274940087853151,0.277937288191041,0.280392120344142,0.170846468468782,0.0827072176209834
781,70.7370655918066,13.3916179299229,0.875488838064484,0.0148575314470535,0.0155586985348799,1.73530355934054,51.7861143406481,3.98623459413648,17.7215718047228,0.0148395404135305,0.0177582797207065,0.0349079180350398,0.0138586804768145,0.0515648942149309,0.268659672462276,0.374059577580892,0.375401735204746,0.375452629904162,0.366145248769791,0.158725966935713,0.0496868636774183
782,61.2611163798903,13.5157948105239,1.79203087475616,0.0131615775741988,0.0142701994078865,1.67879580147564,34.864457976073,2.76021617581137,21.7351986095309,0.0182778752436508,0.0213161270075861,0.0427659545617951,0.0173822248384971,0.0682127619333298,0.311360020675112,0.406951825262797,0.409291387027368,0.410040933732599,0.403377569013594,0.195323440011605,0.0653347629196646
783,21.1899557120505,4.17317312614767,1.44352779455949,0.0156672957843006,0.0135543578701829,2.47889207862318,39.8020797222853,4.97465174039826,27.5682454474736,0.0220636758795716,0.0519525248508082,0.117306214545207,0.039803296342388,0.173903785022713,0.390907751237085,0.435263100632587,0.435250514399802,0.43480354731526,0.424891815638374,0.20632533070583,0.0752150006968188
784,57.9820746978973,10.6103031050726,1.3075232359115,0.0147129061052901,0.0144692860326625,1.5973218025174,43.3668370265514,3.80595845426433,16.8840331840329,0.0161955239982827,0.0202450416445337,0.0410802002320191,0.0150092778929189,0.0631337624901261,0.296088432491223,0.391228347116398,0.392452138568611,0.392509867316815,0.383563607368451,0.169656110178197,0.0514961367828349
785,64.9889483453988,13.3537312610369,0.371277725324035,0.0147108550860263,0.0151906530422839,2.36203246377409,31.114448113367,3.20472080702893,22.4467764690053,0.0181676442424391,0.0252697677059708,0.0604340178919304,0.0177166562613354,0.0829552537601429,0.338118478692465,0.439976420917018,0.44134660933697,0.441459404156805,0.432622764742316,0.212107143114656,0.0771013597089553
786,40.2303966301893,7.98525059046982,2.60742587491404,0.0149944162814248,0.0152886142789976,1.74590896070004,56.1876398511231,3.05984973954037,21.8759235343896,0.0157642834803764,0.0223103723742444,0.0482674811337159,0.0188168488592136,0.0837720900124173,0.28205147205793,0.340883038743169,0.343200647336199,0.344136805671926,0.338763643956573,0.1608094863215,0.0558109657704729
787,40.0504826427914,7.48182133232178,3.10255507926922,0.0184569718730844,0.0167274959759998,1.64895627298392,69.456253638491,3.89632212067954,17.4746181140654,0.0132275468259063,0.0181116313388787,0.0354682532248856,0.0182288528377891,0.0637919902211007,0.209602917675457,0.255417372606701,0.257826081559296,0.258910580009467,0.255164409241722,0.117986144007687,0.0450971244041926
788,71.6721518743296,14.8088148969355,0.689527443959378,0.0155262966479493,0.0141171699750388,1.73476358433254,51.0340363066643,4.85782157559879,21.2907099444419,0.0145850456454939,0.0170756050287737,0.0345052861744373,0.0131505623153136,0.0503614297278013,0.269596710009218,0.380375360261712,0.381125459174638,0.380802665028379,0.370976180775306,0.161297702653319,0.0494455819787741
789,23.2523138089507,4.38931958299192,1.47221048804931,0.0164792976084095,0.0160672014123928,2.2856580701191,58.8751117233187,4.34304845356382,28.5222265077755,0.0160421294473461,0.0368695197946564,0.0851869139607188,0.0274344189368011,0.129017224918137,0.314965322406731,0.355464155644853,0.355900519249477,0.355745946926484,0.346539438408742,0.153687421382186,0.0524201105688359
790,55.7989592629652,11.2398355033602,2.21014831576031,0.0143723596758178,0.0147418509684193,1.89417620981112,36.7233365681022,2.90039483667351,16.0628882527817,0.0179055136922611,0.0229446470432083,0.0486024267231811,0.0177193143977841,0.0788998975412036,0.319420257598742,0.4059226909585,0.407882161613991,0.408448784773228,0.401408302497326,0.19411159852493,0.0660657658905061
791,33.1840839715191,6.36664881373916,0.895444144145586,0.0131720027694613,0.0157318585944867,1.66436126129702,44.4857464078814,4.16292379843071,28.1637144216802,0.0161344110441306,0.028234561775368,0.0710493055476726,0.0185191974017634,0.10428411503623,0.343705328574165,0.412100713961822,0.412690608321526,0.412431073117064,0.400713710244029,0.169846274912298,0.0526571194071483
792,40.9466396978514,8.58842664628388,0.763645424391143,0.0137638696647417,0.0164295194684661,1.64132854971103,52.4061606638134,4.05104988161474,27.6569336524699,0.0146612533270727,0.0218914921235724,0.0552855890312435,0.0154207904743154,0.0808638367602723,0.305923824313953,0.38047275111084,0.38132636211357,0.381213006726904,0.370275299372463,0.153461899692969,0.046903272530535
793,41.9904170971338,8.45228202557662,3.4000708287349,0.0158821524985089,0.0121762701737516,1.53099424997345,50.8553582150489,3.94408127944916,24.8106110666413,0.0149875480404898,0.0194096189835079,0.0400372762579487,0.0152435168136639,0.0762309131741663,0.291280697546082,0.360519712014613,0.361541896517162,0.361677650742908,0.354882220538226,0.163313839234988,0.0491336379671826
794,74.1826785228019,14.0555544513475,1.28922245884314,0.016689732310131,0.0153578981740423,1.73174015572295,48.0826847348362,2.08282809378579,23.2417263253592,0.0205071291989333,0.0234393118689364,0.0399032437687904,0.0230506757414617,0.0598094627958656,0.253082201686029,0.330571757642608,0.334556341864861,0.336451997410397,0.335031577484634,0.179195076739913,0.0680351614212713
795,37.2659948449182,7.1823954382263,1.30343599570915,0.0143956113167005,0.0153942853795642,1.86034123157151,42.6866986136883,4.55201496509835,28.310876697069,0.0162787979706796,0.0274268478661691,0.0673268163216441,0.0183549552729223,0.102055463838584,0.343594124773707,0.416995145857761,0.417320848123501,0.416897758360716,0.405336815856815,0.17654446609531,0.0563760989402776
796,18.1657201207275,3.24959019970705,3.52806340588722,0.0137504238465624,0.015739676546848,2.45148566644639,42.8544091433287,3.26709155575372,21.0183914517984,0.0240662613445935,0.0496237695444442,0.0966876672761878,0.0460264443700175,0.186266986969653,0.386329747846362,0.422529466168513,0.423669597538816,0.42392021395202,0.415076491551284,0.201279659737586,0.0754036085491457
797,52.6458217648831,9.21510219077359,3.55334284866694,0.0151796123601041,0.0147537454924886,1.99580985959619,58.2087857369334,3.21908005489968,29.6378496475518,0.0148188257172756,0.0199292524296158,0.0394591200665703,0.0165896207230262,0.070285463039644,0.27136438605776,0.344124711329453,0.34610970685428,0.346794208624889,0.340958906145448,0.163934267489305,0.0585731211290811
798,27.5247441120937,5.05616933334157,0.139089369331487,0.0148585811569354,0.0144475027005218,2.41481913835742,43.8024230580777,2.43886000546627,21.6274562745821,0.0213520981964515,0.0483373416127546,0.114698950761592,0.0336389659095068,0.145089476400945,0.345316280334909,0.38783366897678,0.390357228763254,0.391501273418496,0.387342798464238,0.207493716052737,0.0817805205904076
799,34.2058727890196,6.66532323624796,1.64466351165902,0.0165551311749541,0.0155653196940587,2.03625585464761,33.488977951929,4.95964961801656,26.2829570949543,0.0180061828232032,0.0324712799863207,0.0786038229682341,0.0223012996387927,0.121189833067379,0.361622931445242,0.426542894427781,0.426591398017017,0.42605835354058,0.414886418484239,0.185934595984004,0.0598695457221232
800,54.8429075038988,11.6988392371096,3.74297042225953,0.0147127180937498,0.0147934952284135,1.66261453251354,60.5219466239214,4.6059940198902,24.5212660124525,0.0127263833581111,0.0151946141096639,0.0297521084762081,0.0125617976916567,0.055787379168668,0.258593840422866,0.345639709421049,0.346520992061,0.346410369937456,0.337025768726279,0.141800023652724,0.0438791332112591
801,63.8109963289795,13.4861721288744,2.55252040782943,0.0152957506554309,0.0153703956056184,1.71380771999247,63.8541726954281,4.22418472450227,17.6390632975381,0.012646293968879,0.0148999421717091,0.0284974412682215,0.0134024761842304,0.0479264131314133,0.231149046168673,0.317313365723657,0.319006445848724,0.319402864338599,0.312115467501338,0.135673314812128,0.0449135572340403
802,39.9667918041763,7.75788643210763,2.73031259374693,0.0172188447680768,0.0160815893662129,1.59655007533729,50.2315832022578,3.16825719806366,21.9531428196933,0.0160530645720165,0.0220617517874666,0.0468209045787982,0.0175954543822329,0.0830343236825938,0.284916516084367,0.342625137757602,0.344318101936405,0.344874834879329,0.338349251473358,0.150468271915579,0.0458685966044435
803,33.6443507415009,7.47054216031651,2.74690398958046,0.0152364078644832,0.016743700398515,2.33295204560272,60.5098339542747,4.35284865577705,19.1514047083911,0.0137137281657976,0.0242439808991428,0.0586895441988904,0.0199743119015461,0.100735579024415,0.299323331530337,0.356180713024629,0.357110249750758,0.357151831036208,0.347757219698554,0.153775901027775,0.0545543934008537
804,44.7592160241169,9.08058160784506,2.17136224487331,0.0167060387738875,0.0133806666035804,2.40966357896104,62.349975798279,4.91458371072076,27.8419951151591,0.0123311686094372,0.0204541254684982,0.0495720343916916,0.0149767402752125,0.0787943935898502,0.274929685289065,0.343458050845444,0.34392783056543,0.343722639031003,0.335800048861965,0.155773269192476,0.0548208298651323
805,20.6082491143983,3.50015474922912,3.43581687344704,0.0146443367298784,0.0147584251625156,1.72917526657693,51.4623430557549,4.9259754079394,24.809013500344,0.0165657544652354,0.032186731908718,0.0668839339357184,0.0264878694653501,0.137821223612052,0.344471666794471,0.388552949305992,0.388653683277801,0.388240110705839,0.377279394837029,0.160467582163015,0.0494176584654331
806,61.2930968667167,12.7068326112059,0.769871808006428,0.0140521312146942,0.0148267141957349,2.46978453174233,35.562461046502,2.95271097985096,27.0154701545835,0.0179255912054491,0.0258733869685926,0.0623970168591751,0.0185087745363556,0.0877145174884494,0.337453117680904,0.43230920690838,0.434012804816416,0.43437849681373,0.426619952812744,0.215497232596553,0.0816952000749165
807,56.5599201502893,11.6287375761927,1.55282223480754,0.0164773332483614,0.0160620288092973,1.65122227044776,33.0529259610921,2.98565754643641,15.4149646789301,0.0181542507576199,0.0221303254777221,0.0457665618637826,0.0170907858996988,0.0714857776283765,0.305262245878766,0.388725008775078,0.390386339406993,0.390778176994638,0.383068604346191,0.172250402248477,0.0517052220648632
808,70.5977626187962,13.4726762338658,1.37191112386063,0.014817176606924,0.0156042836579064,1.81668145768344,37.6289243251085,2.79647501348518,29.8405971005559,0.0178516984157547,0.0211876014180142,0.0407655148038732,0.0168760117104435,0.0617635545347851,0.295361099014807,0.394719526346187,0.396841395719997,0.397435501960136,0.390303156841881,0.184357653251076,0.0609267284338523
809,38.8574964419721,8.4952143854047,3.81611919484567,0.0158585656641216,0.0147736462469033,1.5128971664235,53.6984015628695,3.30317717022263,16.9395244179759,0.015482459311962,0.0197644996836586,0.0403101745430587,0.0172289902424305,0.0802014790342354,0.280496065360396,0.339250542223486,0.341143021302281,0.341823746586315,0.335853593585472,0.152266496657421,0.0475530416480286
810,42.3606744094467,9.08979590312944,2.90495807805564,0.0146313070245463,0.0170346205123031,2.39908348862082,65.2160425391048,3.48636547522619,29.5560013584327,0.0136608256072065,0.0210977699258165,0.0479262967489204,0.0188169690895353,0.0812279806097695,0.264700520463945,0.324165912418387,0.326059543266209,0.32672210862507,0.319922958670847,0.149791074573583,0.0583725818603297
811,67.1161830506196,12.775238598564,3.16424858768005,0.0150283209144095,0.0135921900538917,2.05538343382068,36.1618422251195,3.98394160787575,26.5211366652511,0.017072674248289,0.0209659865076291,0.041281085462195,0.0157187932019979,0.0696970535940357,0.318295488379596,0.4273182207831,0.428269187454875,0.428103911603607,0.4189666529266,0.199878716320048,0.0681327261056508
812,21.4326312888962,3.67718490513547,1.52854581666179,0.0151346527669126,0.0145217831098991,1.81661449722014,43.2231095340103,2.76221654214896,16.8402055813931,0.0201366161842728,0.0430127526387854,0.094975804489305,0.0318781029701514,0.148475979566433,0.340728396413354,0.377311224454492,0.379367624511927,0.380233642101326,0.374806620766803,0.18397201978798,0.0627603816301965
813,66.4375621232623,13.4855468519899,4.39351837139111,0.0153806652281288,0.0144571328656124,1.6696157741826,69.188713459298,3.41624791314825,24.6125825762283,0.0140701940598674,0.0161154003715707,0.0260358247180323,0.0182523692468945,0.0467679905361488,0.202054438947881,0.274112070168023,0.27717268413334,0.278542396406155,0.275712587742103,0.137917943822058,0.055511187685641
814,70.4359453661321,13.7541796372283,1.45605254662223,0.0156580406895404,0.0169137263572822,2.49521682970226,68.4052924159914,2.75634318683296,20.5295182275586,0.0180125789759631,0.0227754907944189,0.0418945592149644,0.0260647863100061,0.0626477560632236,0.214453581208404,0.280170108861743,0.284659596603642,0.286910783645778,0.286511740108097,0.162203508594688,0.0782788674090436
815,55.3474537810632,11.087745172242,0.517169755068608,0.0148130286165661,0.0139567570494287,2.04303347063251,41.1110091209412,3.26721423887648,17.0508687011898,0.0169501217247784,0.0239974815770148,0.0571788631207746,0.017066496260055,0.080275459254036,0.318235090190145,0.405370616608177,0.406942413362392,0.40728293403085,0.399979257813131,0.194897896831112,0.0676824967987186
816,49.566291914565,10.3736941749721,0.635998709709384,0.0157337021532628,0.0135628037193232,2.47202928457409,68.9359726104885,2.66871215985157,27.5960820063483,0.017823926786713,0.0254222223352113,0.0536996201511643,0.0269778706621261,0.0760159028306197,0.227526888227948,0.27818069855681,0.282312708804625,0.284477556886086,0.284997244395246,0.16944865124333,0.080950470657217
817,63.8176658702424,13.1200591620343,1.52668563241605,0.014680510638219,0.0142369215603356,1.53487150929868,40.9198196139187,2.25467616436072,28.7840908253565,0.0193777325718702,0.0221246223478377,0.0401736900092293,0.0199327812873189,0.0625077497803286,0.277311619861095,0.358748456288932,0.362127207826135,0.363623169005022,0.360459553130482,0.184228704418689,0.0635920886726778
818,55.5466257472424,10.6843438519779,0.0465468970360234,0.0168605866474756,0.0158494425989444,2.38224495085888,46.5431868191808,4.40424476424232,27.1691688615829,0.0155400641128257,0.0249703269398369,0.0626860768917679,0.016153883950234,0.0827759452333199,0.31312422520383,0.399816989947204,0.400332012806367,0.39999964677797,0.390005249213357,0.17856857950994,0.0613700737463396
819,41.7865887006417,7.18843509755431,3.03324485581834,0.0152892079903257,0.0148017409726131,1.57140293088742,54.7430077847093,2.32045742636546,24.0983203437645,0.0190025016878913,0.0250561156743304,0.0468415290487688,0.0234986370115155,0.0831050203494833,0.267218237478407,0.319354502420601,0.323120433167283,0.325002177802982,0.32341668034243,0.170588190008228,0.0649987243957143
820,52.2732222994045,10.6764841546868,2.31060426961631,0.0143320617157031,0.0158278387439822,1.60333427391015,42.1748239826411,2.28272498375736,19.5766102080233,0.0193802832405828,0.0234710758799527,0.0455314541274332,0.0207540318021194,0.0757780665996368,0.290904991260849,0.361426720409572,0.364763009742701,0.366255265095655,0.362305368213589,0.180193969278787,0.0629234990997391
821,30.9344259610619,6.61986873300188,1.78419169143308,0.0151000025294726,0.0139313606264864,1.75273161171935,67.3515900503844,4.75650596362539,18.7161192263011,0.011738200507593,0.0198387634776424,0.0487289491369335,0.0162600432879251,0.0800798275079218,0.253359115695119,0.303777434400411,0.304975481688447,0.305277983095973,0.298378074934325,0.131132225363513,0.0444308456202533
822,63.5804045341678,12.0755330257213,3.60796513000969,0.0146139298955017,0.0139843772452097,2.15702189737931,37.1910829562694,4.83193162502721,29.3863676022738,0.016808278150034,0.0213856633817636,0.0432816553328199,0.0157740072918208,0.0751572572492899,0.329008657485435,0.440530612773094,0.441058138949331,0.440588945226307,0.429732226901307,0.201272332594907,0.0699217929464634
823,39.3556381512441,7.75241797956557,3.80806618917268,0.0152156799696923,0.0160681684010887,2.12336675310507,52.2954555228353,4.49214639887214,27.258473552065,0.0147098360465628,0.0229019789543759,0.0510641486857606,0.0175713702161151,0.0958711539578127,0.319579173681184,0.389763979846742,0.39019943395168,0.389873632687691,0.37906830420358,0.165770146904289,0.0551847903570284
824,31.5050476606104,6.5819336300594,4.46935592126101,0.0155211318098354,0.0166532441972772,1.98252624412999,31.0217289160937,2.26649572560564,24.7395700716879,0.020592126728216,0.0310579136564926,0.0650313013278997,0.0275147424304837,0.131437098816032,0.347808612436065,0.396038119872237,0.398463012019888,0.399482524192863,0.393855505678807,0.195000037042756,0.068120031892506
825,35.9651302579372,8.57929077055453,1.49459589959588,0.0159439749565694,0.0136009150218272,1.79352634190582,68.8110302295536,4.49001354747452,23.0475016753189,0.0115448432283036,0.0176135721462572,0.0444641741765173,0.0154207280647482,0.070255029400224,0.236049271889943,0.288003484857415,0.28935501166746,0.289779113427077,0.284015973097091,0.128763833146888,0.0450706682974169
826,18.3043683467142,3.65659807307225,3.65044339781161,0.015003902002109,0.0146715358968734,1.6594370980747,36.4992457907647,3.49292394006625,23.7041112442967,0.019741252721629,0.036295268970073,0.0763285923969023,0.0334848811348617,0.163746417719705,0.366746314820932,0.403474335322177,0.404341394096662,0.404444324064267,0.395708350796588,0.178618779132088,0.054898533523152
827,48.8219170469105,9.71498519812789,1.65805966209155,0.0162539777571499,0.0148606508656204,2.49527090112679,34.1598273068666,4.66540709463879,18.1178201304283,0.0176143662764271,0.0290264643749082,0.0703948787547688,0.0198095049398628,0.104903698174152,0.355742823633077,0.44093961876757,0.441293197437139,0.440868606535732,0.430529131468873,0.206415289981231,0.0742780622770757
828,35.668466018586,7.02982805974342,2.95101233606692,0.015465253482289,0.0148261400793549,1.50503187510185,45.3738649468869,4.12657508649863,25.2394203655422,0.0158274550309297,0.0223007056484993,0.0485831733957489,0.016757761395154,0.090770186346194,0.315118396494006,0.37992319595901,0.380566586290385,0.380419234187219,0.370826797178057,0.157308057401948,0.0450501818382463
829,14.4987790001842,3.76689600031847,1.861553553259,0.0141702751587697,0.0125045076460727,1.9388799762819,63.4494547452778,2.73962633660994,16.9701798423193,0.0215402136531959,0.0412039013330015,0.0907424309399843,0.0449888814901037,0.151796809951299,0.284824360181752,0.307602924138522,0.311405133975562,0.313451159906062,0.31319401384572,0.178191285021488,0.0764959463185204
830,50.9479197617338,10.6290150202374,1.48168768070173,0.0154493566156493,0.0138469314249967,2.25642226799391,55.6956394109875,4.04579765326343,23.3439773472492,0.0141850582747747,0.0212995677686784,0.0517917970678246,0.0156554918015888,0.07824959178272,0.293377970109283,0.372726218899532,0.373828914319167,0.373929715378676,0.366218774592166,0.173911337390311,0.0617033751273121
831,71.2024781097473,13.6052553062717,2.04452442156617,0.0147010553542763,0.0150283624271911,2.06613657134585,35.3681502304971,2.83008012874052,18.9628792810254,0.0181241329212984,0.0221474227188976,0.0437893484222276,0.0172855354167984,0.0683903999777803,0.309505386815587,0.41133224347614,0.413388162232796,0.413934705379779,0.406881928580146,0.19966575950488,0.0700114172215078
832,66.9939532418427,13.6627812043739,0.127547915093601,0.0154406973092432,0.0152681445070832,2.43580382876098,65.170732177794,2.45514761772938,27.8677279001568,0.0185579136300169,0.0240567245434796,0.0482817696332321,0.0254621962270115,0.0670157137222987,0.231663642975168,0.297330823149447,0.301549092009941,0.303663285638796,0.303266453431414,0.174339051498592,0.0806207327908276
833,49.3458364546883,9.60240653135867,2.41202237270772,0.01437224776734,0.0157510658520693,2.3093278973829,33.4634812362492,3.41187413688749,27.6914754789323,0.0178623458035782,0.0272263751688862,0.0626063157522525,0.0193351834769559,0.100475385058681,0.354460827555639,0.439724416956933,0.440765557330513,0.44074160275179,0.430884758524051,0.205192012469391,0.0734223126893274
834,48.5767846446399,9.18362985641658,3.99078779958654,0.0163464111727082,0.0158636234509278,2.35839816532098,49.1800392977893,3.12871889816597,20.9377301484346,0.0163749886812394,0.0239940796111502,0.050841814428361,0.0191185872952272,0.0912462203544678,0.307825697102829,0.377319829563278,0.379017214035477,0.37951824496759,0.372757725273722,0.181127884946832,0.0655928049911595
835,57.8505218034654,11.8329655660007,0.443151642917655,0.0156274746314251,0.0149910274239774,2.19125012285076,43.1564247049391,4.13149438006803,16.9123570877127,0.0161325357539447,0.0231865670617947,0.0567504737167717,0.0160075928254694,0.0787177019505653,0.317314754003274,0.411108661586981,0.411940752003127,0.411763266870136,0.402156342407926,0.186562199275691,0.0638374877742214
836,51.1035022712863,9.357171598665,1.5757893724367,0.0149304891604594,0.0161570209665942,2.35227158805355,44.1966081224382,3.74423451395705,21.5733306971379,0.0162780139912863,0.0260194385974068,0.0607070871207636,0.0176984261752997,0.09097424759502,0.329590741489809,0.414209765048235,0.415197572167161,0.415141483954364,0.405253251163425,0.188255133552383,0.0668698584230252
837,50.7316664268912,10.8507789718781,1.47622770373709,0.0135700587117626,0.0133231139975607,1.70530878356658,47.5626842305064,3.80427055410109,17.1087765845004,0.0156260169563357,0.0203239516625873,0.0462615150384908,0.0153508965586947,0.0725833565811474,0.306739851135083,0.395309209138884,0.396656583350833,0.396837454862112,0.388581512491435,0.179765118667397,0.0586699699263768
838,41.0992796940698,8.58260304632055,4.14656191610266,0.0186181065475352,0.0173554605913483,1.85480946931057,45.3070674929768,3.50239368854091,22.5946473574731,0.0162218004568957,0.0220654463556105,0.0466378486180331,0.01780203139915,0.0908327451167367,0.302076496135833,0.362314091832379,0.363287247787116,0.363373077374307,0.354961149303002,0.153875434321194,0.0462277046983081
839,41.9458025761407,7.94435309578728,3.84901116171386,0.0160285774197766,0.0157957430793294,1.56163409282453,35.3550188429654,4.44258852209896,26.6419322707225,0.0171606040859951,0.0221832681326367,0.0441741927687365,0.0167935275190478,0.0868244844133028,0.326610264117617,0.402857539101314,0.403222804056094,0.402823693404775,0.391756087147613,0.163636312783307,0.0462605593365267
840,58.4005889458376,11.4822674512251,0.363543124054559,0.0147888538667114,0.0157447248711966,1.90811085538007,60.8760752342641,2.67844753153622,28.0734788265545,0.0167078831609848,0.0218346383645654,0.0458821044454316,0.0203535995137867,0.065008187481408,0.249269939317032,0.318495190751126,0.321792226751384,0.323297501277803,0.320084059704791,0.163664824545769,0.0646491790426457
841,14.570639435932,2.56465616959575,4.25428239314351,0.014815114446352,0.0151838918427569,1.64875315502286,35.6217052880675,3.38835691520944,23.7995564227458,0.0221951210526054,0.0413036850146294,0.0782013101455401,0.0422540097332893,0.186973518377115,0.374682918878979,0.404722391050449,0.40563618400322,0.405779689264832,0.396852330313725,0.177667468304359,0.0544421789450866
842,46.6079433918842,9.28101444845031,1.65736012207344,0.0141866188709084,0.014386517529325,2.26221353141591,52.8732687421143,3.49288556422107,16.2385964090936,0.0154172657971745,0.0243482414968678,0.0580071386725768,0.0180836099011628,0.0888484581244732,0.310209664745359,0.385078007779368,0.38675532903122,0.387209730401979,0.380042948311909,0.185082519490561,0.0682535983994011
843,40.8481832424895,7.79798695187049,2.76462680194527,0.0171210284092247,0.0157115334543452,2.16711249039508,62.5638857763261,4.93962845532224,17.6687883411068,0.012451273312838,0.0202727961088485,0.0464879368541571,0.0153522921720933,0.0794618439305644,0.268808604944313,0.330885937765766,0.331573942175538,0.331485084808065,0.322931950813632,0.140720638222485,0.0470005824799811
844,63.4111874113517,12.6265493927367,1.6715291342698,0.0153823625669737,0.0161245302933039,2.0187006467022,41.9869700353593,2.06415440724231,23.0008999735583,0.0206292256256962,0.0254303340434785,0.0498724733048416,0.0228183342083791,0.0761526879277392,0.288701495479332,0.363751524790769,0.367352978994539,0.369003120818628,0.366090264009862,0.193950255584304,0.0744556947623609
845,53.1087284271489,10.6730864969048,0.278098405455239,0.0159871708461673,0.016554423464242,1.98376992042176,49.9501707497984,2.85105619207025,23.4439911937807,0.0167470509010348,0.0236944156720009,0.0557671682329658,0.0182435286011146,0.0770063887899078,0.288158259270768,0.36007683642718,0.362294992474841,0.363096485495382,0.357010248890765,0.169674236555029,0.0590058486304963
846,41.8723774390482,6.9668020009555,1.11896101478487,0.017828918800837,0.0151693686966812,2.00983594753779,41.7083318997175,4.83632641332224,19.112636038335,0.0164482570610705,0.0285741989862852,0.0662860366373688,0.0179636704066105,0.0965661025330943,0.325244040948267,0.39545316870219,0.395690063476651,0.395282622081297,0.385487313712361,0.17226321739401,0.0540693746724781
847,60.8643763512109,12.0881960425954,4.15736846707296,0.0135098907129621,0.0144087428575867,2.45288076647557,63.8119186833501,2.16610144474544,20.3765734797344,0.0218667658895936,0.0270040283372523,0.0465997858276884,0.0313928132274184,0.0785328616489829,0.243705276475478,0.304310140867526,0.309705912231825,0.312556749706656,0.31444958678886,0.196549464059845,0.0979434452957374
848,39.915560504791,7.69852971609309,0.744383419048972,0.0146086706974412,0.0161478168074846,2.15990273677744,40.6269512604922,3.53161999280564,19.6508107474074,0.0171474729582001,0.0307362214957241,0.0769899654100855,0.0203661178965624,0.107845982103116,0.346745471602332,0.41727723327678,0.418307915933191,0.418342280811238,0.408602849309305,0.188543566729279,0.065054448229426
849,52.0408497018899,10.2010477914494,3.93493891577236,0.0156945629424177,0.0146673516865908,2.11107280780561,33.5391279496253,2.3153646895662,27.8218584798742,0.0196336649216073,0.0257458008821882,0.0517766924210568,0.0211966173905565,0.0928490740437693,0.323706749169588,0.395425554714633,0.397964660208218,0.398991951440969,0.394385760605711,0.205166866945901,0.0745965617178097
850,61.8291329214368,12.0201472291741,3.01394717080984,0.01425426792783,0.0148370246233124,2.01568281045184,46.5107692871243,2.55814164644107,25.0241768010892,0.0178771008377672,0.0221287791084524,0.0429874326368114,0.0189905921534042,0.0722557404076041,0.292672460713597,0.375861902445636,0.378664838876069,0.3797846944442,0.375044551216041,0.191299923891585,0.0707859371260293
851,70.2426322999029,13.4072919840166,2.18371323484462,0.0140823492769948,0.0152758313543065,2.13420378719456,62.2733029071242,2.79140903870575,28.6865011020564,0.0160936239720886,0.0197726807695936,0.0370293319510336,0.0194391702787622,0.0583692721608657,0.242928832520028,0.324301905009181,0.3275678133431,0.328990879665159,0.32550542475419,0.168650405726061,0.0687557984463538
852,25.4865786617205,5.93256024194508,1.9662565755425,0.0150821998745513,0.0158965871865536,2.3969529978931,66.5077664703131,4.30610207631253,17.7653191052377,0.0138502030561033,0.0275886848248862,0.0668513528598676,0.0248389406244503,0.108105429248504,0.277501948286356,0.319166549910511,0.320681401696537,0.321183079158615,0.314186648045355,0.14480791348063,0.0553957991541667
853,45.6905817184958,8.89575087176002,2.93393853341695,0.0140488570713819,0.0146612375849199,2.23103485116735,64.2990656197071,2.92957811173983,23.8760254788212,0.0160429293313697,0.0229280612378179,0.0471522768301076,0.0221605753605491,0.0796677286790252,0.257827851303419,0.31633831761768,0.319637221241729,0.321202708334419,0.318471496841916,0.169049031180461,0.0714846905167488
854,73.7712977167666,14.4779855041914,1.92120256356429,0.0148900309642509,0.0159245336729561,1.76666176947765,40.0481527298689,3.76967820012942,18.5517868527677,0.0166456283531759,0.0190707999944484,0.0352416308867759,0.0149808503616081,0.055501557967655,0.29136005105207,0.404708390233962,0.405954985329694,0.40589391388763,0.395797034655959,0.173322067785907,0.0539255453261135
855,60.1211178431515,11.5940801228873,3.901273748721,0.0145430939452452,0.0136621011212315,2.07953793532215,34.8814482241869,3.00595189142041,15.4778317536693,0.0179494626005845,0.0225536743653219,0.0445953108238775,0.0175927485614753,0.0795296782701183,0.325644795334178,0.418770388818099,0.420551506726364,0.420995548101103,0.414129610850293,0.207485229408733,0.073539637613065
856,32.6787733267966,6.86789734175837,2.75109789473936,0.0153870241996861,0.0151457599623767,2.49524140264839,47.9745797906071,3.20694143022411,21.4014548168052,0.0174694262653269,0.03235005626182,0.0753072120155558,0.0261894239723633,0.126074688201258,0.340157617977871,0.393714926390723,0.395171564783673,0.395593778842613,0.388507671166276,0.192456468292703,0.0720425731532919
857,55.9922636695736,10.0387811512692,3.61345930199604,0.01555415285749,0.0144859200281301,1.89844671241008,62.6455220859498,4.89897832530551,20.8570156618953,0.0121616477182441,0.0158035082691034,0.0314142431735666,0.0124287158829353,0.0569297939367921,0.2518794339938,0.336288953040544,0.337153313065149,0.337059795514315,0.328362090256581,0.142044681593498,0.0461685415976423
858,57.7239370330782,11.7242617881243,3.2033299729228,0.0136837967799111,0.0148028248277176,2.04771487088874,41.9571160525084,3.57738369773142,26.9818492303602,0.0164721137026527,0.0211230584737195,0.0444278730336705,0.016127935830936,0.0768140569312203,0.321993113942427,0.419243081956627,0.420504547218244,0.420563389009954,0.411194116732729,0.192506358744161,0.066656680819386
859,55.2872853967588,11.213281997442,3.93655473401304,0.0148075844921703,0.0141626546797334,1.62924433592707,49.9257149826735,4.97620495175943,22.5426234060433,0.0147661788885111,0.0174144582557172,0.0328935423601772,0.0136941647215139,0.0623940348750168,0.290716772715927,0.387441949465201,0.387962964907161,0.387570510122713,0.377026028110915,0.160924867566646,0.0483655194913365
860,27.2725289201833,6.20242943824187,3.11662831355352,0.0158597343663664,0.013335609543924,1.52983721718192,40.0613133981824,4.75637550628744,28.1983759102877,0.0167618824698859,0.0256211043200269,0.0597148665613792,0.0207095575143752,0.116967512724611,0.341572849316871,0.396040183663719,0.396201791528762,0.395826882279867,0.386189703789167,0.168958177313292,0.0488298017287416
861,39.4193727604112,7.43607792697587,0.381655619479716,0.0164242601484422,0.0137557195295413,2.46961816167459,49.5250132493675,4.6887108522933,25.9042243030854,0.0156403837250775,0.0317431406384959,0.0805918736439641,0.0201174545239445,0.106856522581037,0.331467739090806,0.399613947816033,0.399972485314648,0.399670930290724,0.390713066692075,0.186756731181728,0.066767560447531
862,59.5685883699124,12.2910773330017,4.00832471286412,0.0153923798419375,0.0162478997007449,1.97865741327405,40.7302032597363,3.76816134387627,22.3311149922665,0.0165489068177315,0.0201774975898794,0.040038081654257,0.0157802669998091,0.0729923845015509,0.312262610622975,0.407379109940415,0.408379105804103,0.408275329678832,0.398187355297967,0.177624452422348,0.0576256128214121
863,25.3719444181878,4.93364085310661,0.409380698343739,0.0137015273290682,0.0149438599801897,1.60589066380635,31.9584493152797,4.03963008336723,19.7053657856304,0.0186949366698161,0.0385550007099406,0.1001863097099,0.0245065716042224,0.135803976751576,0.375362259438561,0.430539865462239,0.431067844158555,0.430841873479619,0.419783384455284,0.183401211051202,0.0559965685114884
864,53.1629508180133,9.89360180167062,0.727675990434363,0.0165078567891832,0.0161071074622477,2.28632489219308,56.5702062193304,3.93892918410711,29.0413896390237,0.0140261474467893,0.0221470503886007,0.0531317810891003,0.015263092468362,0.074844739899937,0.28358047729853,0.360772018662972,0.361729258953991,0.361731338361587,0.353100560433833,0.159882146203316,0.0550611586372191
865,54.379467300909,10.4728317320943,1.67708680545911,0.0154259827512487,0.0152950547551209,2.2000248064287,42.6750730536878,3.25716338073835,27.8334610664751,0.0167153286076197,0.0241611099480045,0.0551485536167496,0.0173782046271268,0.0840891546413287,0.318348451780974,0.401632013486799,0.403020821363803,0.403256078524833,0.3952445808823,0.188913029250789,0.0660282441042247
866,52.7781419640044,10.4034871963816,0.782026774599217,0.0147547712308866,0.013980712210647,1.94358740001917,49.4874036032706,3.49188187601976,27.117275929777,0.0155468860897046,0.0220498301216983,0.0519179330659494,0.0158972352625641,0.0750054481525129,0.30057171361593,0.383514656426408,0.384949652740634,0.385231271326859,0.377767503218806,0.178891036138098,0.0607297263996213
867,15.437610576033,2.88289190177443,0.801851067342795,0.0144453128607828,0.0153029982094376,1.55523448088206,31.2238003313541,4.29763084719889,27.4360788194463,0.0223709307521571,0.0550174715029399,0.128297063775465,0.0387538215893811,0.18284195226997,0.389570257290203,0.424985949134564,0.425165568609018,0.424801669288217,0.413305022480742,0.176115506934679,0.0516923741068657
868,34.3618670660025,7.17778657824627,2.05041099444497,0.0143130145521092,0.0152856989548612,1.77752294391394,65.2559321001172,2.21415437525138,17.4715634062886,0.0223222050476197,0.0305579496939827,0.0590701473735386,0.0346359593187273,0.0955563657017998,0.24155737932162,0.279457329043778,0.285034550908771,0.288091561391768,0.290490613208928,0.177384941855342,0.0868963560286297
869,57.4828794500638,11.582354126669,3.70569598674774,0.0143084949381641,0.0150556194654362,2.36246679606847,33.4165882319212,4.90020662616007,22.0969705469906,0.017464186806669,0.0238520486838161,0.0518544592613218,0.0175599997492883,0.0901342251166138,0.352891086816044,0.458981006981228,0.45940802992923,0.458874785624339,0.446936219217757,0.209711088950288,0.0757045345283895
870,38.9268349447809,7.43627326840919,1.87057692871895,0.0167779047768492,0.0152730738335375,1.54024435579777,53.3861642982811,2.93013616278768,27.8712455159985,0.0161671654053375,0.0229637169531435,0.0500965072448412,0.0184337724915929,0.0820897246809659,0.275650472750644,0.329730855215281,0.331865265804474,0.332731574668861,0.327670793512701,0.152071307718209,0.0487283066771107
871,49.9030519530412,9.5551763630072,3.41829781152774,0.0137273367185955,0.0152644214324672,1.74865864473395,63.6227848473936,2.62909876997583,25.5423655605409,0.0173831958201867,0.0217152004457542,0.039483251589172,0.0228977122542696,0.0697826442186744,0.24407031718888,0.30405055640113,0.307965782743387,0.30989783476611,0.308112108182211,0.163749135877529,0.0685724552550286
872,66.0224968992879,13.148380883764,3.13585202721879,0.0156270864517931,0.0158395929711399,1.76896055042744,38.2430861517787,2.7878772302065,15.6584423140157,0.0179491886807088,0.0206963976017696,0.0375728660884525,0.0172295811824407,0.0642601884128121,0.293003319931828,0.38433141451521,0.386512469992023,0.387187547402588,0.38050661581559,0.178507171208095,0.0578570186163836
873,48.0837780176054,8.43551831473557,2.14410477457568,0.0126593945811832,0.0141856973905047,2.37432019598782,45.7683017291129,4.76237224950455,15.1542621734552,0.0158461120042653,0.0264171292279061,0.0606284187022277,0.0176925423731393,0.0954784731145398,0.348892745578426,0.44532646223326,0.44595713312574,0.445595556241418,0.434076467099931,0.204126187923683,0.0762079594288012
874,35.6539603365118,7.65901770370499,0.263270925614052,0.0153519653878852,0.0140476433543502,1.57647677068599,69.5703429356217,4.67490702564828,26.8163388536777,0.0109531461237463,0.0179653735468779,0.0475697963015756,0.0138252310780165,0.0653798508464774,0.232630150645494,0.286316814568553,0.287264482304705,0.287425862046465,0.280349659669306,0.119815504557059,0.0395849959855003
875,56.3810471586382,11.5373953370043,1.03236603504047,0.0143115773374714,0.0162410439260344,2.28221138450317,37.9277299996465,2.11670330399647,24.2559439747129,0.0204139099112265,0.0282722174282052,0.0632789298919187,0.0230345762251162,0.091310393587191,0.317531125648913,0.391429228277036,0.394628504224725,0.396022940949591,0.391839128448427,0.207439257469885,0.0813531608278365
876,15.3702436464298,2.59715193498866,1.70840956061147,0.0149346044924664,0.0148072903804425,1.55714380019344,31.9950200151652,3.38244957965799,16.483402865706,0.0226005849980403,0.0511483689749891,0.108609022603868,0.0392034772509158,0.181176229044513,0.374786436174714,0.406516546053546,0.407459294338704,0.407617726293585,0.398884189246228,0.17826456283152,0.0531564982369888
877,56.193723923805,11.7906568953176,0.212799109169282,0.0145952642669574,0.0142263702304208,1.53414791682735,52.2405039519072,3.87268316582777,22.5285431812517,0.0148040279054126,0.0185186155527914,0.0415306446418917,0.0141464703599447,0.0585781919890622,0.276084046232937,0.365484235129888,0.366807553499453,0.366969033996036,0.358683909869275,0.15721028150886,0.04771353442798
878,45.7733508371248,9.97003971325272,2.04001276264898,0.0152023343873416,0.0152304316342919,2.28343426482752,64.5437217503786,4.61911141127348,15.2511583396699,0.0122729458843945,0.0189117983063687,0.0459223568110861,0.0152801145351213,0.0733831774215442,0.262880116450432,0.332715938538517,0.334019359473769,0.334258081712999,0.326424078991503,0.147698917943331,0.0536285686645482
879,63.4344439295533,13.2463278888157,1.21540439443197,0.014988468758711,0.0136891546269911,1.78406134317629,67.6034670416266,4.89680980890989,23.2202867476735,0.0110489897369526,0.0136764449940875,0.0289607992331872,0.0116497906222971,0.044304655706795,0.219560599993047,0.307240983975969,0.308409138648689,0.30850296508396,0.300953981835871,0.130857882141054,0.0437149976179974
880,17.2070070152069,2.87223780772185,2.4161802692106,0.0174255413091086,0.0153773839195312,1.84835370094515,32.0811074972153,4.92954995855689,17.0466499810573,0.0225534563167689,0.049385172755898,0.101055041736086,0.039697291840326,0.179413671983563,0.379093113022247,0.414038975416852,0.413945255117558,0.41346039816237,0.402885543992164,0.177526221435295,0.0537938705807085
881,54.3218765021553,11.106402552726,0.310746027273126,0.0150416279332416,0.0140203735449976,1.95524944621138,35.301311397925,3.30006335256621,25.998344917316,0.0175497038457896,0.0245698559945094,0.0594147993084196,0.0171844793858444,0.0820481251191002,0.32722436739328,0.415198826102621,0.416532821829829,0.416721780953685,0.408814457360025,0.196450074640843,0.0660135333600286
882,57.7702971436708,11.4571859256848,0.42090981232468,0.0155206021671061,0.0168351554105778,1.52954319561832,38.2902789581567,2.37897404818796,21.1857038608287,0.0190922135696847,0.0232201153888183,0.0471931893327768,0.0192356439549068,0.0675736467465831,0.285652093937353,0.362350428272865,0.365263019506543,0.366454288990076,0.361239498159797,0.16928974203027,0.0544003958375435
883,58.1202349704225,11.6094669425178,1.07186297513545,0.0153522950021877,0.0147519285681178,1.58937551779673,66.4751386549324,4.26303492672741,25.3444610489532,0.0119317291469546,0.0149511644435412,0.031109933582281,0.0129630752601534,0.047278573948111,0.222781465562574,0.301021677770416,0.302477331274074,0.302802083245569,0.295795791358508,0.127672428674686,0.0419047711490011
884,51.001454239729,10.5184694309664,2.57048819283955,0.0149243292329521,0.0156349423664347,1.81644390360452,67.224038913846,4.70822732942179,17.6654409163166,0.0115638173927314,0.0151977450230624,0.0324126307073574,0.0132546548892073,0.0554509878528998,0.232551116030736,0.306409120677022,0.307844205454048,0.308139004986423,0.300296863349448,0.128082476861671,0.0437783996089985
885,37.8393254278058,6.58643470240505,1.75876778445672,0.0150118395408473,0.0155588874221475,2.40694516059011,61.984124481678,2.84961195243523,19.6086563263088,0.017103911922734,0.0296193183417009,0.0635883549748773,0.0253227170665598,0.0973956377047975,0.275092903903237,0.324692080426835,0.327885057189379,0.329413735333038,0.326453775309331,0.172760597463525,0.0727863820115398
886,35.1728368538507,8.68730971420771,1.80509147245903,0.0159029813420072,0.0143787416782768,1.91633421345614,50.1767494063824,2.05758911604062,18.6339030449744,0.0211948324315048,0.0301358294100453,0.0687719590154899,0.0290760131732281,0.108736994890159,0.290523473449883,0.334140272629432,0.338161676094812,0.340243194687797,0.339712293832543,0.191345709865207,0.0775720152048929
887,62.1058103152088,12.7473062290032,2.23702422820497,0.01462719519181,0.0125347355550733,2.05553318676539,36.8828417360783,4.1383776164148,16.6172518325038,0.0169893476964583,0.0216029971358557,0.0464966300494259,0.0159755433063205,0.0745453111653777,0.325572842076293,0.431315992742244,0.432256607111102,0.432117310674387,0.423463827244016,0.206720220466603,0.0718770970434526
888,52.858600729822,10.6599091429614,4.27324401098303,0.0157597958396322,0.0154437332355718,1.68020413652994,69.754333505407,2.57484919624403,25.8836690650787,0.0189783794017833,0.0225029107846686,0.036447483175563,0.02812240595845,0.0647634970209319,0.206646052525023,0.257089390824258,0.261837874872693,0.264359850993405,0.265429062933389,0.154396767327953,0.0744169798123598
889,45.6917226930607,9.99360648809045,3.12106043030508,0.0163527008668064,0.0136912150903942,2.05677318014205,38.068936066702,2.79960006079637,24.3334195192438,0.0179877782150231,0.0248206967329198,0.0554123634032456,0.0198703354787894,0.0963545696822951,0.324111086424812,0.391724882525396,0.393555263572503,0.394180867318449,0.388688954272328,0.196450082515775,0.068272836510966
890,56.2695743176515,10.466739113498,1.63318969414104,0.015247314200093,0.0154292102055408,2.1339639115613,31.003167424351,3.10289090313017,27.2714591352269,0.0182681314849489,0.025793693570117,0.0573868496139059,0.0181223774453373,0.0871207950221503,0.337225290640545,0.426197743692224,0.427563086255918,0.427744486183297,0.419227759188136,0.200965003776368,0.0691920375499917
891,50.1759386845444,10.4799002390165,4.00930583558511,0.014783898288593,0.0154240433615456,2.0716021717526,56.3205468654633,2.36671767802909,28.2442564261146,0.0184840869870404,0.0235661780456438,0.0454864578407564,0.0232001827912922,0.0819958380728491,0.273529214376009,0.334615771481613,0.338154819192953,0.339851285092503,0.337428999590368,0.180737783802775,0.0733361629281803
892,7.96812093888802,2.18674358208228,0.51589315244928,0.0165794687911285,0.0151958677254577,2.07450496894307,44.4333085790277,3.70204596593976,29.8127921135165,0.0362498447209881,0.086647313682037,0.188217418829883,0.0828827278430136,0.243928492797476,0.375431416314158,0.391598006149874,0.392077115305022,0.39203734334084,0.383410024210963,0.176750843396293,0.0582238659300022
893,40.5912889157158,8.03641793501612,2.74045106512494,0.0161409578708164,0.0139146214635743,2.05383190023713,60.2412152569741,3.14236869825982,15.6078214652371,0.0155895330998716,0.0232594588034631,0.050412794320555,0.020533519443493,0.0860004540196173,0.27019312757964,0.324611999778048,0.327215930643979,0.328384167081721,0.324957474308494,0.166059853385343,0.0630241961416308
894,31.972789059024,6.38697878791019,3.18722606019583,0.0164751538876833,0.0137393459268591,1.99698839033954,60.707087116316,2.51257281936705,19.4204953021836,0.0187695529382274,0.0284198093822651,0.0578775417240721,0.0283121850065519,0.10325312838845,0.266559036664366,0.305817420858831,0.309573677202592,0.311531872977689,0.311101373024654,0.174463467594753,0.0729575633804917
895,48.14782705195,10.0575370004568,0.0804490623995662,0.0150261510444296,0.0142340478499865,1.8230325889308,44.2261323705316,3.07906804722734,28.5914677300025,0.0167332712458075,0.0242007370111734,0.0605508329378682,0.0173555048411762,0.0819947801182493,0.309205287736822,0.383957918247946,0.385675480762489,0.386174023637254,0.379470660614254,0.181397330927849,0.060315286293184
896,50.1141650786827,10.0649889262586,2.66393473302014,0.0155121008060077,0.0141591361653317,2.25144669599831,63.1051453296095,4.06424006633461,19.7522335289977,0.0130164840478204,0.0189384872038603,0.0424454962885097,0.015551373697037,0.070645122593113,0.261767629352757,0.33339373135564,0.33498999003111,0.335436842376158,0.329096012720673,0.156350351577139,0.0574444033975866
897,45.544731741343,9.00201797863266,0.948435011669062,0.0162576687366523,0.0168549748768124,2.1985230371356,35.0650307815522,4.0226110375952,15.9883679542691,0.0175025742307664,0.0287319387739346,0.0711708768425577,0.019181798104174,0.10155639091618,0.346173388138731,0.424165705965745,0.42471693988204,0.424416042777386,0.413549932191917,0.186401138791353,0.0621137458126576
898,46.4114282610876,9.01498886005233,3.39243427896872,0.0139105550611941,0.0168711602199359,2.12211966235191,47.5964218657464,3.04575227177702,20.1142400549725,0.0166571386024068,0.0238931918564125,0.0514874728115869,0.0189612994345815,0.0912202101056416,0.31834257415223,0.391816446102603,0.393726020017466,0.394287033946477,0.386208718184917,0.180850214164361,0.0644877978029198
899,58.9033671966395,11.898231728743,3.55196428543422,0.0150531554290624,0.0161527143528998,1.98099234327674,55.2147665061057,4.39538411051035,18.6164337792434,0.0140078491117147,0.0175628468626883,0.035813081608117,0.0138339037301627,0.0638789077015448,0.280828646728532,0.373603268065447,0.374558728021784,0.374430488098001,0.364278641070817,0.157196326638408,0.0513861408940271
900,38.9550706554392,7.70347116637641,0.407322782906704,0.0148450760554848,0.0176775181326149,1.68605623231269,32.0092652924359,4.41041601449251,29.41519519547,0.017739054120833,0.028418832499224,0.072299559926281,0.0184231517705141,0.0999787544976724,0.350630784402724,0.426858196508897,0.427125176289537,0.426599438766746,0.413343950078993,0.169109925114704,0.0497355193312524
901,20.5268844106336,4.01590192412498,1.93270123028196,0.0160400592044984,0.0159250212490885,2.04491552361287,30.3067877143621,4.99868914438412,15.9110596950632,0.0217082608007704,0.0474474887480578,0.10703602064583,0.0370524362667934,0.173734408542883,0.39508946973778,0.438722393356643,0.438626911224788,0.438070928135199,0.426290619708036,0.190656077578177,0.0619833431503336
902,30.530946619033,6.80225905796167,2.16353658156004,0.0145482365489128,0.0130027309011171,1.93204865278676,57.4040717352182,2.74728813930415,18.8391140021849,0.017366990156544,0.0280515376643161,0.064967592767998,0.0254173541616518,0.108171329461395,0.29223210914617,0.336780172228842,0.339837360374131,0.341329170781343,0.338923766834371,0.18148802906265,0.0706983931160681
903,23.8298591311462,5.22239067316085,1.39768980012741,0.0163702521753167,0.0138708243096265,2.45491752284579,35.6723549216986,4.10105211380869,26.1008049489465,0.0209217619171547,0.046768473688341,0.112794162939721,0.0363720570165291,0.165805587670855,0.385292044997199,0.431009389422017,0.431322440259114,0.431082280842238,0.422165481143792,0.20742241046012,0.0747088192193228
904,59.037334384296,11.3771635493166,0.742171422229148,0.0138193165126549,0.0159436002779089,1.77868020045571,56.1604135390371,3.01362527930178,20.1786467735656,0.0158489185096876,0.0203708621215667,0.0428105095602965,0.0172704310064637,0.062740516257035,0.26742907292961,0.348910764959821,0.35158026458265,0.352596684684074,0.34676723415514,0.163954255397107,0.058354961059105
905,63.9595038643618,13.2769538228752,3.76419122074731,0.0159924474412043,0.0154656284527325,2.14043855899945,39.446356119588,3.9127721763216,19.2439670639578,0.0166829639395056,0.0205360070976246,0.0416167830684853,0.0158400533940324,0.0730536669323702,0.313559748406331,0.412941250139722,0.413861770748637,0.413706632186943,0.40408400409259,0.186283985751317,0.0625004502466685
906,65.9186664617902,13.3653532627002,0.675665500690229,0.0144763199688531,0.0169118608228738,1.5271182442084,56.8650160450488,3.04513883381151,19.5264815969858,0.0157164934403668,0.0183749285079301,0.0348020357454138,0.016783714860161,0.0514035230002023,0.246729291021797,0.332271596857761,0.334997260478646,0.336016250043622,0.329973358121244,0.148424521790177,0.0498270596479828
907,53.0775748186293,11.2036226631953,2.0697599054547,0.0149390026892776,0.0164668924886911,1.59211770212278,59.547389280051,2.51167053543031,26.479395115748,0.017733529464195,0.0214391308374151,0.0406463769123926,0.0216949194392821,0.0661748795398941,0.246603294116107,0.309183698796459,0.312843904886053,0.314594592640469,0.311940925040126,0.157524328492936,0.0609768347956961
908,34.3244972115524,7.51016141249796,3.78237946657464,0.0131856962492324,0.0135875332056045,2.31803621770814,36.3490549940616,4.52013163245283,21.4134660875425,0.0178260574782083,0.0300188461427361,0.0696945948724414,0.0242724581157996,0.129860805525836,0.386397207816212,0.460033084208812,0.460428924609376,0.460065135940984,0.449207174741169,0.2172194109955,0.0804718115821621
909,61.3986507618512,12.0403889354096,3.75384659750853,0.0129373681403897,0.0164994316366588,2.01181702851318,39.8792686127126,2.69945949455723,22.6139867200982,0.0179621575570693,0.0220034112052885,0.0424913458692351,0.0180984082974276,0.0752853789100897,0.315297995432955,0.408184093877982,0.41057089874126,0.411327051791537,0.403732083321065,0.193712916204448,0.0693142329640337
910,23.9428178294105,6.25279001164529,4.27918249298818,0.0131426561898028,0.0155785452597072,2.24297231901437,69.8243530560285,3.37564650503919,29.1848870005924,0.0148529641104485,0.0239003101311627,0.0513447330027524,0.0275898128050023,0.105826888607048,0.261829651414515,0.298076267340835,0.300630279832475,0.301831340519064,0.297326618496343,0.148258363335371,0.0631728139853739
911,47.1231630592748,10.0584993474332,1.7016344567528,0.0142550609374735,0.0151706024943842,1.79732924513519,36.3729938678443,2.77611183212139,19.0117266308516,0.0181753340511383,0.0244856655001163,0.0559264825230045,0.0188189062447973,0.0884610193940552,0.325533394477773,0.400458370499733,0.402521088679484,0.403200579638585,0.396327767823714,0.189722869257676,0.0634842478653384
912,19.2170955280874,3.50088488598199,1.66360749816522,0.0141592348873841,0.0137778013565457,1.93657293124124,61.9652825873345,4.10078891715966,27.828690034803,0.0159048245895209,0.0362642227011417,0.0811812854457499,0.0282011882051492,0.131225780829517,0.310117585565279,0.346557442495591,0.34750159916218,0.34769817368464,0.340023229542772,0.155416685115731,0.0536692065065678
913,17.710676453021,2.32586701113599,3.34694219310768,0.0150665210279062,0.0168255443533223,2.43392681144178,61.383034447208,4.78916317922994,27.4098677176517,0.0193368279967732,0.0424578457031536,0.0773204155370677,0.0357745079495914,0.149389624639927,0.327048445497357,0.36179791432275,0.362001786335566,0.361683384766865,0.350803166382357,0.151319608663183,0.0533130820272814
914,63.7176736090971,12.9749603393651,3.23598888830747,0.0151985663697149,0.0146274311017398,2.01919123530388,32.2634040471166,3.89273949689232,16.197910514893,0.0176835475888912,0.0215705504161799,0.0433706123690459,0.0163851753939915,0.0741924898309153,0.326970892499283,0.431965770935237,0.432900626213944,0.432726573366343,0.422985669100042,0.197602003798033,0.0660101511115086
915,69.3984825883107,14.2672856520931,1.58903583465144,0.0152075017800788,0.01408248547969,2.21197133557871,61.0432192217559,3.67977989907376,21.3690341915935,0.013777423694268,0.0174684833508369,0.0369103151875413,0.014894867940555,0.0564400139194262,0.250991446522424,0.341310606468335,0.343316197274518,0.343914519419949,0.338039892048571,0.164032343232293,0.0606975354515487
916,47.5457543008849,9.50356865322462,2.59096596180461,0.0161237626297964,0.0139723129512127,2.15061821811832,55.5199312139302,2.01138470391743,15.0440997141413,0.0221523894341372,0.0294213026972042,0.0570322069939423,0.0299433832496175,0.092192963961207,0.268228721228698,0.319140015079178,0.323827694499942,0.326299917534516,0.327428804764408,0.196572737200281,0.0875531978847933
917,19.6329723338828,3.51077417847297,3.12819045432843,0.015059842720158,0.0140518949050034,2.40614928328432,69.237056421116,2.68573711835779,20.3506899776403,0.022256507202208,0.038358013800052,0.0700288435972982,0.0426450783393256,0.125784302208123,0.250203409605367,0.275249954488914,0.279908025905913,0.282478544009424,0.28396556813439,0.172643827723614,0.0858768538670183
918,43.3192670000508,8.8531371628376,0.308978785760701,0.0138173145531817,0.0153409204525394,1.65425182017498,39.9504358414561,2.15776247018948,26.1545078305062,0.0200694551257853,0.0282643659149954,0.0659584866698185,0.0226177294397856,0.0917621386472983,0.307421193414553,0.368502546394102,0.371928356866738,0.373524320354494,0.370043863591637,0.189763582178236,0.0682812402397462
919,32.4881505162086,6.46055204057052,3.00899018975906,0.0156032854675832,0.0152911704761975,2.08481494220905,34.5501841139048,2.07770738797262,25.5203487246763,0.0214427020409025,0.0345809506557153,0.0747191181026679,0.0292523373133175,0.130175066248027,0.337711317822999,0.384055946426902,0.387023480877718,0.388417453969127,0.384907825916295,0.204257869476935,0.0764981446806111
920,46.2733643962363,8.55625634736752,3.11188204935752,0.0139809470400869,0.016286846403566,2.3126115843188,36.8263378180563,2.08335426566191,19.7114729310852,0.0209177452906075,0.0307976934811013,0.0641370802264806,0.025424156744695,0.107587666048871,0.33202446402872,0.395882241218375,0.399086443741974,0.400524888418402,0.396380210017779,0.211164430703276,0.0837348467416527
921,49.714145176965,9.07474293829611,2.04643106041476,0.0145529583674133,0.0157776643855549,2.39042032975703,61.8056524265558,4.2955247766804,22.8491274593398,0.0129366827919754,0.0207929877914729,0.0477459353101938,0.0152787544185559,0.0749765130672719,0.277984018050346,0.355707491915624,0.356871211039452,0.356970772848036,0.348050608520457,0.157477323336339,0.057525968569297
922,37.2214698937831,6.25065830177542,1.74649008060805,0.0159719756870793,0.0164862537556382,1.52659057779238,38.0252460949123,3.67656827229075,22.0850670500658,0.017102756296219,0.0261843740183867,0.0574994123691074,0.0176943680946223,0.093297442654326,0.322486066681973,0.387411686512499,0.388269011632389,0.388226240962128,0.378336607437915,0.158179070495966,0.044575538720731
923,65.9986161996003,13.2517984166901,4.09401540469844,0.0151087484772897,0.0158195210973286,1.87675442243926,51.0290229134262,2.9083009515889,21.1871729185805,0.0165020907048747,0.0191424448858614,0.0341888615388543,0.0170452830264764,0.0615251933988244,0.27291971108393,0.360069973850008,0.362510784702791,0.363371361728484,0.357459777203145,0.170500024024231,0.0592207429011865
924,24.1722011369118,4.77178689901048,0.513859114958905,0.012588823259972,0.0142050324521891,2.30475419340655,37.3581294063479,3.79728198098019,18.6739802244119,0.0206338906621603,0.0495612405640785,0.122230868459692,0.0339038025585205,0.162422887247619,0.400724178566479,0.453979801974285,0.454701062530223,0.454616280171447,0.444396639431547,0.215450358018786,0.080326346118569
925,55.66241593478,11.0082853401865,2.21077470376622,0.0160814122356289,0.0147399447774152,2.3343670561444,54.5929944701493,3.38035729317926,27.3915173148271,0.0150437284154222,0.0215132519939649,0.0483505776930336,0.016639920060526,0.0763831016693522,0.287027925920678,0.364512544724183,0.366109152117124,0.366529902278875,0.359975949052589,0.175188195540821,0.0636287390185422
926,41.4180575511427,8.88028644449482,1.53885986062232,0.0134275767846131,0.0145887031901923,2.38462007255293,60.3313052561134,2.80249339248985,17.9886004363652,0.0170179539439579,0.026940540338182,0.0624352045888576,0.0241574873687275,0.0945346358676568,0.284767132074548,0.342028989741519,0.34535599178239,0.346927280263614,0.343922051049,0.184967429160237,0.0784179910959575
927,33.0146240774192,6.97697747077727,2.90469148010015,0.0163901709778935,0.0155236430142659,2.19228306645527,54.9185973033309,4.49666282115504,16.9391666573938,0.0147003269533937,0.0257509727200335,0.0610011560442184,0.020338185741134,0.106933410218855,0.314307591000977,0.371000767298883,0.371596110370802,0.371459603464727,0.362259376933132,0.162373261383804,0.0546798561591976
928,45.3873990251323,9.43617875074188,4.23497418360785,0.0139039921203531,0.0153544773523254,2.43129971926101,64.1851571667939,2.62296108435839,15.6177177652717,0.0185325707090419,0.025362107596807,0.0489138469628791,0.0274834204825944,0.0875808727272377,0.257829986164556,0.311637848144862,0.315974945385425,0.318186428355378,0.317480260992122,0.180409371023855,0.0834258277486276
929,57.6987064353716,11.6428982595918,3.75855477224104,0.0151228636614864,0.0152024491737827,1.80590467946604,64.4494039844722,4.03172253025696,21.2676741974428,0.0127474807257738,0.0155252994605958,0.0296043873895202,0.0140991772146375,0.0540353612235161,0.237755229651348,0.316596734102281,0.318359394360404,0.318851392347141,0.312044654357238,0.139292365286043,0.0479620698734254
930,50.9153696920465,10.4275015733339,3.82530114753172,0.0154211049382888,0.0140896144225988,2.34987491485663,69.6810044441372,3.09378884080797,21.4985810138751,0.0161610423446543,0.0213220866072122,0.0401243085597422,0.0241487145772804,0.0697042293529139,0.222011742360982,0.276949217846686,0.280824412771089,0.282788483779216,0.282266243230143,0.159189552485037,0.073847073806131
931,35.1206482883002,6.78060748914688,2.99666665995028,0.0161459883372554,0.0154273670071399,1.76028513070196,63.9762366842479,3.26019514864311,22.7012573182583,0.0148079390755606,0.0219023233490977,0.0459475440669551,0.0202027711104506,0.0829586956465023,0.253051412778849,0.300049695388011,0.302550860913558,0.303679143445062,0.299620276351925,0.14421598768697,0.053364134291722
932,23.3699653612355,4.09485305092902,4.04381214862224,0.0145158596738741,0.0159871456580941,2.46436963952146,62.3521926812828,3.41721356636845,28.3186872128863,0.0169316280737888,0.0326174538409644,0.0647655310955771,0.0303643447989762,0.128038510471659,0.303909234419352,0.342091645092232,0.343814649322377,0.344468455549583,0.337905530957736,0.162662402509766,0.063275327797651
933,45.2279825220399,8.05520140283093,1.76900924218353,0.0159107738654102,0.0144626059327636,1.82433620258234,65.7763440068811,4.85367581644095,29.44473856478,0.0113356104545699,0.0172327147247128,0.0391506830977167,0.012422091201988,0.0623529111861732,0.247701126268662,0.316272004493207,0.31676737491745,0.316561105264637,0.307927328259631,0.13048844426953,0.0415825076637929
934,70.1603895257765,12.9203794122184,0.201339196180925,0.0156917710589908,0.0151248502425133,2.18763127643615,49.7438172437251,2.10298263141885,21.644113578368,0.0204628766715745,0.026078441638991,0.0515723473029674,0.023872654519927,0.0713540395465752,0.270457048855184,0.346352049744567,0.350293470233083,0.35217013571749,0.350678126851662,0.195290762473142,0.0802377173085496
935,49.2012064472456,9.5582388825903,0.321738046710379,0.0150214250938966,0.0168385730369822,1.58393850666471,53.0595174338669,4.68845006194897,28.1322568352334,0.014207405126546,0.0197689061301001,0.0470135621488238,0.0136114251914782,0.0659091637226954,0.286825421112942,0.371816132365302,0.37223425130737,0.371798944428369,0.359897840555901,0.142464699685653,0.0408386275240577
936,17.8583812030057,3.15320438532571,0.856720803421922,0.0155879491181734,0.0156424770088065,2.12666689418256,48.0296543613076,4.21798761398531,23.0687544657849,0.0213352571999683,0.0541409850207198,0.120353100067836,0.0384952403894634,0.167929880830684,0.361576449703377,0.397309871834241,0.397676095177967,0.39746524128067,0.38745516059695,0.174161679972462,0.0582757538259757
937,31.7812579498846,5.62333441938781,3.9101993010845,0.0143738375171704,0.0153303003956307,1.73385248938575,69.7781522478908,2.80800299765542,21.8780645204242,0.0181595554271247,0.025398533490304,0.0457086371837245,0.029204052875084,0.0867545066168142,0.22858491300198,0.266279896573196,0.270792482325468,0.27320687851881,0.273489003204066,0.154505377626237,0.0730770470421893
938,47.1388786741077,8.4248224259325,3.64693782711402,0.0151370928808112,0.0153098100967027,1.58415496000089,57.8398413024843,4.57015635678545,24.5833607402164,0.0133392211369072,0.017241710224379,0.0338414800635787,0.013310212031728,0.0644792240111121,0.272790980979743,0.351025502142476,0.351722966418432,0.351538820836175,0.341689025885514,0.140837161338603,0.0417125615918872
939,68.1320077649201,13.6913574876229,0.0822015611920506,0.0138688942177895,0.015141318258364,2.32958399527706,58.9002193138003,3.04221619409509,22.9950978769921,0.0155092219664493,0.0208240602345043,0.0464959033117143,0.0177066853084173,0.0639398581318507,0.26477921433711,0.352527182882961,0.355270025039969,0.356318119680606,0.351227923465305,0.177534284540519,0.0703008928560893
940,42.7354991099882,8.61158390360483,3.21578986477107,0.0152467789040399,0.0169240534141203,2.09854109934531,44.3474900536239,3.89173465198837,29.3253219150938,0.0161223841855747,0.0241911871825677,0.0547994915680434,0.0181094988150037,0.0969045840556595,0.331687614096285,0.405775263508991,0.406451931620986,0.406243403207754,0.395437025624381,0.174337004295958,0.0576518836713505
941,57.253339113279,12.5848619277411,3.25807159161195,0.015867190748688,0.0140278746279349,2.49057171237655,31.3974477350712,2.98684493312612,24.6053510124329,0.0183939833160622,0.0252445582431976,0.0570608026054676,0.0193983722274367,0.0950447662587569,0.3430354627446,0.429460131830348,0.430909119883486,0.431194845814322,0.424162526576533,0.217796529424509,0.0809935806223042
942,62.6610005987632,13.0254952207912,0.493222749908455,0.0141426816382456,0.0166989304978836,1.77917564031668,38.3055485319346,4.4596691399347,16.4010683214292,0.0167168076598106,0.0207772425270162,0.0460216374601018,0.0151839647080402,0.0657959342263995,0.314296831329315,0.424731565004009,0.425431184611482,0.425001782296623,0.412366652887294,0.173775253446683,0.0538824019134307
943,40.7612032099066,7.79377007355444,0.498392579960637,0.0151210784410561,0.0160758444832955,1.97276106849313,44.9360765796155,4.72053824062459,21.2228383217007,0.0159087465328617,0.0274976976997409,0.0697792388860599,0.0176261318709999,0.0963256626092494,0.333403311486142,0.409553690377146,0.409881103553321,0.409440545207406,0.397814710456347,0.172213713615215,0.0554271764816337
944,45.3539110520951,8.17346224481773,2.57085446314886,0.0147602412999653,0.0142258924555431,1.81717931036837,35.92644254677,3.86075675417669,24.1359474160708,0.0172433105572562,0.0245804994308651,0.05305616085368,0.0173868014688327,0.090286939079881,0.337585465582325,0.419445817697563,0.420278031185021,0.420166672028513,0.410700678406008,0.188517632021236,0.0605924694964594
945,41.402632182226,8.92639354171186,2.12823818495963,0.0150591445263956,0.0148839604459737,2.19767822208814,64.9748784769326,3.25049325288273,25.0621859100647,0.0146787332362349,0.0221410832424621,0.0502606355541153,0.0204178745424683,0.0810238716387505,0.25732598398167,0.312291614310113,0.314882509405514,0.316033099968849,0.312038886449695,0.157384875316494,0.0629996523606281
946,70.4330065599482,14.0806574785958,2.87965643266216,0.0152109971963664,0.016421817274931,2.27668610587716,31.7549276538193,3.33693776139989,16.9954781059641,0.0179866767041448,0.022427459426661,0.0460135375995429,0.0169153798932707,0.0748525615129815,0.326543078730346,0.433787954734024,0.435072296087611,0.435078541312269,0.425328751689917,0.20019518538085,0.0699650470003675
947,45.9130719957605,9.35160109636251,2.1003560742829,0.0142940698267132,0.016779028434517,2.44490057160147,60.7672304473817,3.01433199248277,15.4048695496749,0.0161140151839598,0.0247883133028281,0.0555227970709134,0.0219460060293842,0.0873171911036755,0.278038578226149,0.34001526812131,0.342962676047193,0.344246483944191,0.339531058944669,0.171361641063377,0.0703633622548399
948,46.6340635519465,9.2100061881577,4.17331636638846,0.0150588951606056,0.0135053324691289,1.5741133899428,62.7533167414367,4.32471577916294,15.3259710094426,0.0127612742243295,0.0159145226214995,0.0305711454005,0.0138588923036127,0.0607249632368019,0.250578763407313,0.321930754793707,0.323422321017513,0.323803850572928,0.317151277998857,0.140839428308613,0.0451887065948291
949,58.3941978981265,11.001159339159,0.170937576564029,0.0148115277810154,0.0134480594433074,1.91879888111725,59.711581831798,2.02431639982387,19.150870742742,0.0224590969015477,0.0284397295233498,0.0538112645980026,0.0302223941264115,0.0752992861145133,0.244487251522053,0.30286695355945,0.308163490757567,0.310978314696676,0.313181840179784,0.193508424628655,0.089747725339903
950,32.7507772398294,6.9345675481915,2.392697266303,0.016464314870053,0.0164500033005495,2.12617730116472,42.8641353454441,3.53501076810062,23.4820036625024,0.0171255267789944,0.0300147177558711,0.0719880534929699,0.0229812389185095,0.119806113691094,0.339932872824352,0.395183878192125,0.396061622979917,0.396095137812685,0.387073515876983,0.176484097346987,0.0585871838741106
951,45.3075782615458,8.99650396687507,1.15863474283833,0.0141137832167218,0.0154815160222958,2.10533454222605,30.6930891145021,3.35168560268357,18.4401281399187,0.0183016381506239,0.0289510325682152,0.0706383191190347,0.0197533874389735,0.103600948421234,0.359417217453626,0.440498626269468,0.441616589670788,0.441657865970881,0.431963883210035,0.204033390223621,0.0707086009926301
952,61.0557462714865,12.9411571568797,0.315534892491996,0.01402459384451,0.0150684387838115,2.04266629717313,49.9218773003668,3.36818137043156,27.2548109013587,0.0156107289876657,0.020773732927644,0.0491184209547014,0.0156659732860392,0.0686180530718047,0.295685016436965,0.388858608054281,0.390524701058316,0.390867047597182,0.382835936089608,0.179956411840651,0.0628783293874981
953,35.3328906075486,6.71735182765148,0.452841176418588,0.0157027493414519,0.0154222519736082,2.33887900807895,55.3719834145159,2.2854263971094,20.1235158217605,0.0202310686160789,0.0361745849302716,0.0829479274202183,0.0298246365251352,0.112078945846478,0.291756065143364,0.336037257126105,0.339710598457847,0.341565841155803,0.33998671594736,0.188844078083498,0.0798946563432655
954,11.1208156819158,2.51852040983405,2.60842219297774,0.0151599496550913,0.0158132874854832,1.73117626807652,48.4847750514746,2.60033262940124,15.1345109101385,0.0257320631078697,0.0511306083498864,0.101994384658151,0.0560369831272279,0.195978568877601,0.334480693332021,0.354293552339732,0.356843202252974,0.358061444618539,0.353460140725488,0.172472187853028,0.0601322849902318
955,44.3058826377905,7.87494461126624,0.637310603284277,0.0150982203181227,0.0143566185754969,2.37705306336284,62.3671645671129,4.46387924416922,22.566799891647,0.012835246882332,0.0237153633035642,0.057844199622479,0.0159303177479647,0.0802719569698934,0.27950475215369,0.349761042694282,0.35078681134744,0.350874188470792,0.342866410614267,0.158818087063051,0.0578399729895963
956,71.4508239802404,14.9461626376281,3.71902446169406,0.016311767809024,0.0155857694416152,1.69195613451302,47.6087141782045,4.01910385861993,25.9696068253834,0.0153887767457985,0.0169749288946927,0.0291355965120131,0.0139620797948949,0.0515645385308231,0.270479173913908,0.373834475089133,0.374849525045565,0.37473230788654,0.365366075107321,0.156836198046384,0.0466600952026696
957,58.5217393240463,11.913183586059,1.88280161388684,0.0146185626701412,0.0157244098999955,2.28493846184574,59.5187636557966,2.60874074418098,23.4297148534097,0.0173944888585474,0.0230488974761544,0.0476490207949276,0.0218632618188663,0.0736430160309864,0.262702003575543,0.332178213731377,0.335645005380434,0.337246783562232,0.334349694010173,0.177558015088962,0.0739156807186695
958,47.9843424303598,8.9521048613001,1.25967137818225,0.0171201810520209,0.0142390306204134,1.94863018626347,50.2418150380254,4.2190624428913,15.6723730440717,0.0150612528482286,0.0226530354042642,0.0528292033637902,0.0156500719999023,0.0791490945309135,0.296622539103872,0.371256379701726,0.372069061374593,0.37201608974683,0.363947955899272,0.165947336521796,0.0530277021129464
959,54.8464359865413,9.26616645415926,1.42914631788153,0.016269788158397,0.0135795143137393,1.97587945731357,45.8177427668124,4.65905483369716,27.6379633939359,0.0155280882676697,0.022476798703015,0.0491990647974686,0.0150263793549991,0.0743016010486611,0.306514831005237,0.396655342556454,0.397148860398323,0.396817800298359,0.387610369650006,0.178051014778276,0.0577367812986647
960,59.5094209199483,12.100758953666,4.16858097037766,0.015420722320663,0.0133189057721595,1.75013894424774,39.5970738586038,4.80344613781199,28.2870078762062,0.0164324453594063,0.0191611727359555,0.0356924635205952,0.0149638757875073,0.0669544580543452,0.309232845923961,0.411641987887452,0.412155847016399,0.411757261252205,0.401877988445442,0.181773783318843,0.0567136770589881
961,63.7488018211385,11.5005069209341,3.46119580417871,0.0145618342350924,0.0153146196194791,1.6117547780741,34.6841439697891,3.44962583552115,21.2176854663994,0.0175099184190502,0.0201280284872302,0.0349648326224432,0.0158332766770297,0.0620391036781573,0.304880300464404,0.40761263709655,0.409008777606248,0.409115527090412,0.399790744990244,0.177011305844659,0.0536731622524447
962,55.1039200199167,11.214712318582,3.59351031063125,0.0151471196757622,0.0155560055283457,1.52810297580436,66.1390331480652,3.27603235305287,15.5405177793,0.0151199456069347,0.0178197087446368,0.0306272101602191,0.0193768668252481,0.0550141238217693,0.21894161358953,0.283935253083123,0.287326157073169,0.288901031234192,0.286029282275859,0.140009953709155,0.0546730087370478
963,53.321239730181,10.5620370591628,0.694319862057455,0.0159457039159855,0.0152517495521725,2.23637277935632,63.3652820251882,4.09577837120742,29.6135614940431,0.0125605893148403,0.0190716355321319,0.0463028575495614,0.0141679178492977,0.0657028646618452,0.25740855704907,0.332069082616432,0.333165704421013,0.333288235983944,0.325542772378203,0.147653211671021,0.0520703879982452
964,56.9376606532122,12.5863842197118,1.1846380677307,0.0151479627772516,0.0142440827366248,2.15689024724998,52.5035948306322,4.05693050613627,27.2393838723656,0.014599509715164,0.0199929208640345,0.0484895718817766,0.0148298106778199,0.0720557547576653,0.295829468919632,0.385545852928538,0.386527790145602,0.386485992522861,0.37782347465528,0.175848797505462,0.0607389758373642
965,39.8125224962013,7.67383485844331,0.970872897072695,0.0159625733432274,0.0142918922643509,1.78629768127576,52.1654313895851,3.97785589634441,24.5915849972516,0.0148678939179581,0.0239003762428034,0.0585446857617382,0.0163991124878105,0.0861595738653338,0.300675828853753,0.366457714842031,0.36735923845614,0.367397473625022,0.359269285263389,0.161294149040266,0.0507517852482131
966,61.6184614367951,12.135952835496,0.147787834983319,0.0140259197170753,0.0140177868679376,1.99399888585322,52.7242623176426,4.70873867091723,21.8180897436105,0.0143196677042984,0.0195447012167585,0.0461553196931001,0.0136780503486694,0.0635472934418565,0.292343752063039,0.397006522191387,0.397821460033211,0.397560977433505,0.38740374667766,0.174337525578902,0.0588134784677936
967,6.75061994776679,0.587644446181329,2.31751418381464,0.0147593211626043,0.0142656403875737,2.43443552427925,42.7542356587946,4.09811943955719,29.4220625585876,0.0565969511648177,0.106862056601646,0.153317046763069,0.106113825455689,0.280165997146848,0.412021647859263,0.427671913464491,0.427876044730223,0.427650670871691,0.417992845528449,0.201178225281833,0.0734449650861257
968,43.2207648310059,8.95774380118796,1.11827567685395,0.0149196688914295,0.0157051575643119,2.29308744519949,38.8993751630187,4.68118302593939,28.4701750008389,0.0168992387676666,0.028791286756589,0.0732141967219234,0.0195315327351754,0.105878905681849,0.355251996177874,0.436775626379702,0.437041032321267,0.436541802347047,0.424817636928728,0.19395415532767,0.0676286770063016
969,49.3193262694746,9.03162603518415,0.142404817510396,0.0146582253103703,0.0153076722130805,2.49580828798935,54.7563040163368,2.38721096189693,25.3541164880153,0.0187291072349607,0.030506294219439,0.0697108548206801,0.0244910666508216,0.092792387369526,0.290392833783484,0.352001239333764,0.355376407129339,0.356966480354676,0.354219094681464,0.193839251921139,0.0817087099391713
970,35.8700193584188,7.14868509654286,2.77979317260906,0.0146372758419044,0.0161418729763511,1.75460431212559,52.8114754147828,2.80452966759913,20.1475814741571,0.0169366006164903,0.0249201571833636,0.0541733763755789,0.021151336405193,0.0961156843435376,0.296587313557526,0.350230364138784,0.352785167196855,0.353870812295233,0.348510855606513,0.166227251964869,0.0582451569421968
971,33.3656824216792,7.02410622332766,1.94826090079732,0.0124934254761918,0.0152576645663838,2.2286724075675,53.1227491609752,3.73906650417484,23.5994068079162,0.0155645761234025,0.0285749681297256,0.0704173796315406,0.0216828492604661,0.112603265265565,0.33924870921648,0.403515165008621,0.404747822137584,0.404928857694699,0.395376162534449,0.183886510698049,0.0674798155394667
972,29.7256468159091,5.3683659109106,4.39717453869525,0.014225271206895,0.0166838854637552,1.54265248961747,57.5133346952498,4.97445935476571,22.9145468515344,0.0135681466973243,0.0204604481939733,0.0420875488770494,0.0164347578012179,0.0937486846428657,0.303849492527581,0.362869830932386,0.363138252645545,0.362722387541505,0.350562001527409,0.13622766307841,0.0393303898401934
973,54.2860605935666,11.3813756786902,1.81082625850104,0.0152066211693154,0.016579144421674,2.10563609935343,65.3258879575878,2.45889320736751,20.6215236126445,0.0194490977993389,0.0247934177280366,0.0473492229325228,0.027674542779403,0.0734144277731155,0.233169025756463,0.28880709714953,0.293473399557974,0.295884727029819,0.295905370797172,0.167933908343472,0.0782572458555851
974,50.0483294453522,10.5326915112386,0.283157027559355,0.0153907391541303,0.0139461592927213,2.0438602573704,52.5362458918244,2.62159632472321,18.5151693772059,0.0175541303475373,0.0251411849377125,0.0596416241384627,0.0207151001205427,0.0823125483524825,0.285356688144675,0.350868354070176,0.353824601633277,0.355152146660494,0.351979961796033,0.185348753651689,0.0705148762654569
975,26.1094424079497,5.96333574103195,0.764693795121275,0.0169087414375116,0.0137368061254845,2.16386325797066,33.7240642029792,3.39153694710694,29.9735291814432,0.0195515453104234,0.0413404418310166,0.108217929924046,0.0303783775936894,0.1493774515994,0.367228168842565,0.413214767889328,0.413994642384492,0.414058703578976,0.406574120261627,0.199535952180616,0.0679874643650425
976,40.3416459391448,9.03365681002096,2.53956086235121,0.0160722458639509,0.0156497026522627,1.97490063891746,45.6091074645519,3.49815872567706,25.4598208365496,0.0162166939943265,0.023913968469992,0.0570466904007775,0.0185496385896486,0.0967605163153966,0.319898673934977,0.385275505099162,0.386370307870047,0.386506973615014,0.378126180197664,0.17269436568412,0.0564370758460356
977,45.4224009473071,10.4442458775875,1.30927650583908,0.014645243476585,0.0159075041426078,2.27484465087764,59.5493261143565,4.74877025699243,28.971007517539,0.0129482173045852,0.0204572981045829,0.0538122395199513,0.0150344678537024,0.080472493491529,0.293823745531512,0.371566920970326,0.372031292442653,0.371689296098359,0.36086135790968,0.156843272786832,0.0542336235469984
978,39.6251528641625,8.61556105073744,0.0471134833060205,0.0148082380907167,0.0138327313396641,1.54056252678856,63.9878295175731,2.48310980736278,16.7417336732615,0.019316567829017,0.0264305209905162,0.057885627533234,0.0273491391837195,0.079958230666227,0.237910524998669,0.283553879629735,0.288274014010266,0.290786764121424,0.291780631444047,0.167256649741613,0.0734797699681287
979,64.5896291620733,13.4214924971828,0.226608612108976,0.0146889977723096,0.014846994931353,2.15055811638013,64.6941048745066,3.32631431589834,20.2840532013215,0.0145353121730114,0.0190191798461763,0.0413099085587059,0.0178271010327681,0.0581221778528346,0.236824201725252,0.314916386673449,0.317821842448063,0.319035337947454,0.315054542887004,0.158514156408324,0.0634001782728785
980,47.1406524670984,8.8346496713057,0.973337725619785,0.0151726817079821,0.016441104031011,1.84351414465345,53.8099279161543,3.69340631505474,20.3297507960815,0.014840537976486,0.0220631459544736,0.0515386598176094,0.0158141261941313,0.07602216573355,0.290163929896406,0.36418543346308,0.365538348713891,0.365768086935308,0.357045787736927,0.156354644312624,0.0506201558349209
981,45.8582601998205,9.51844377282611,0.977543638902716,0.0150697371452471,0.0156960527237165,2.34026967082173,37.6274911686778,2.51110598631203,18.3405433804728,0.0189895115700714,0.030438724743153,0.0742771460237628,0.0225974556512181,0.105834402810938,0.335832947335437,0.403059303365844,0.405335021240775,0.406195346421726,0.400381223058254,0.204544702993958,0.0767579163457321
982,48.1749669127493,10.2481778031923,4.01536212104838,0.0159670257387433,0.0145706406734365,2.03581636678427,38.8992921356112,4.13852953771129,28.1449238676578,0.0167077554468587,0.0223089078744725,0.0481135368455627,0.0171963705458481,0.0897897530293421,0.331426364779427,0.413728618553562,0.414316266131217,0.414062526482411,0.404471533618891,0.186609238087923,0.0614365872213868
983,60.7174195530556,12.3926121723892,1.55957534664776,0.0148546455645799,0.0163682941837907,2.03255737270229,36.0011137649417,4.66912134084851,17.0009701454546,0.0170470386062049,0.0222211896425035,0.0495674026299408,0.0159937712734801,0.0757464129679839,0.328519870386875,0.434928129147297,0.435449087842866,0.43495149608098,0.422646886261604,0.185763598444628,0.0609889484570854
984,11.7948929457239,2.84781873313269,4.26378265803214,0.0138035689033981,0.0146119910549681,2.22935778088868,39.3699988350272,4.41445759218186,16.2245860823896,0.0278114267372895,0.0522015257637844,0.099317501090448,0.0645468050832824,0.229106024297926,0.414506527516863,0.442752647275915,0.442926139353517,0.442597047204301,0.4316053881403,0.201843675144785,0.0718875098510216
985,39.4367898815318,7.8427933578294,1.43729024205822,0.0149544460229173,0.0190516886745531,2.21310684550554,38.3042778261006,3.81480761710554,19.95676371851,0.0173450404259391,0.0303708379188745,0.0747899449765044,0.0208898458703461,0.111859917672671,0.354472297393888,0.425863490249928,0.426481370454629,0.426191519896385,0.413699533162911,0.178487271990381,0.0596722698917502
986,50.1378567688392,9.73045168093691,4.16050699946936,0.0171857394726633,0.0155139913032265,1.76558364601806,46.6880405694246,4.04344878904521,26.6985785379075,0.0155448316152719,0.0195404973526882,0.0384602597984626,0.0151931212385778,0.0738034328067108,0.295132220291317,0.372786345264129,0.373497957262208,0.373348094175002,0.364270595898952,0.158172111031576,0.0472768051891438
987,45.0847364174253,8.95773894669138,1.03889526205603,0.0160515152483699,0.0153211230081985,1.72038486925885,55.6639724597335,3.67072754632682,15.894168036757,0.0146607386184619,0.0210515079586148,0.0493201281793353,0.015862488477596,0.0739030101539721,0.277300341337547,0.344851289740587,0.346384531655074,0.34679102011501,0.33966055680646,0.151603632592924,0.0483185723726239
988,54.5671920389864,9.57529283325381,0.893312115920708,0.0154914231055476,0.0150843032844828,1.65295602264814,36.406570635736,2.49471024400555,19.2604653001763,0.0188419832226888,0.0246478615086703,0.0507045231338998,0.0188673577347748,0.0746156658544367,0.300322562674078,0.376591503211904,0.379176623692545,0.380193190526763,0.375077434647914,0.182180456310893,0.059618463856138
989,56.2336205732272,10.8604824951424,0.0711552919819951,0.0132631759112037,0.0140130739278558,2.37544093071483,37.3529213201255,3.99552714987658,19.9732645286713,0.017058383105574,0.0270701631409581,0.0678154807280571,0.0175330716373443,0.0899943778793641,0.349515632002871,0.452004441168145,0.452933767025473,0.452757105723608,0.442590744404256,0.215478629708614,0.080410502141934
990,45.8376623587873,9.14761729810767,2.84210008336231,0.0158974098717415,0.0142496780300398,1.58154405816458,51.7018003854901,2.77787213446572,20.900163265178,0.0168913451295847,0.0214289304776012,0.0427181021774483,0.018660380549195,0.0753593559751125,0.275646225110807,0.338138527805166,0.340758421955993,0.341888629408315,0.337873111739139,0.165133337466444,0.055530053603104
991,62.4042040733464,11.6525178243411,2.48787356517278,0.0154179475076897,0.0133868136751604,1.72710469784215,41.1288689728826,2.24921043706127,28.7165738479234,0.0194025685140166,0.0229977525008071,0.0417535656968201,0.0202412003942187,0.0684011730168892,0.283840538039458,0.362110997057982,0.365347413139176,0.36679361940439,0.364111785694815,0.192974301115571,0.0689952622786041
992,52.8351802293638,9.55603511746324,0.385913100326434,0.0154137446491856,0.0151678379369164,1.56727758096531,62.9046085290611,3.64486235100776,20.4109117377084,0.013701331859205,0.0184392413248606,0.0394322678835871,0.0153604194294127,0.0563140834271873,0.238994037867655,0.310110834063011,0.312225185337299,0.312983806164051,0.307250399916669,0.13840661756301,0.0465798529210763
993,51.9404002570282,9.86536103654834,0.493413590127602,0.0164184276411572,0.0156553737542968,1.97278498439118,36.9718340225518,4.62494439585134,22.5901745469309,0.0169328322549844,0.0250631527598542,0.0600622028805453,0.0165734657557218,0.0835966708380651,0.327151648978159,0.415625215207019,0.416011633457978,0.415574654086539,0.404735283530517,0.179508814963147,0.0569429282154066
994,61.9334101815146,11.8914775681759,3.6669081315631,0.0156955106870899,0.0149601929359236,2.3888739484828,56.66284609586,4.77229283889756,22.0415602298453,0.0135449816815757,0.0183493070394128,0.0390228612876003,0.0138095483360481,0.0675738351025362,0.282692337186796,0.377417113417398,0.378158239516967,0.377918080774236,0.368349476323607,0.167797957585177,0.0591686595546512
995,58.4493657785458,12.1388557407111,1.80986855796073,0.0144708687687117,0.0155180100545094,2.43204473308288,45.0527131464332,4.29790367325768,24.9422985885758,0.0157807853442796,0.0227707867721553,0.0541743659430666,0.0162151230979604,0.0825891109898283,0.32609837728012,0.425453813310841,0.426178691150305,0.425875891621135,0.415015915635738,0.192722507455233,0.0696924439929118
996,45.8263885855069,9.23319242709543,0.407662787474692,0.0147018191367177,0.0128410729317617,1.57103628455661,65.1411595288664,3.10416733077727,16.4484421082307,0.0157212089494137,0.0212696279439667,0.0459151391561641,0.0206274813634535,0.066006714497686,0.234187688565755,0.291539696637853,0.295093883558103,0.296844842815032,0.295517398318487,0.156363961087259,0.0621946857790726
997,57.6707891319908,10.4536118084848,2.33355794800445,0.015814682363236,0.0156118517427733,2.15007982589304,67.5557537376881,3.34977599349804,21.0718514292967,0.0145705665354583,0.0194199765308428,0.037793635441403,0.0193734732055919,0.0607329872073587,0.224385952511497,0.289660544508912,0.292711624333915,0.294090318684778,0.290933255049014,0.147505149031138,0.0613033568130795
998,48.5010582332295,10.0960471747143,0.598595607792959,0.0156823817994385,0.0136727571482049,1.58094140444882,67.3301832284778,4.61698045418598,15.4492357419804,0.0117574964866244,0.0159042996734852,0.0365870731957238,0.0135532646066428,0.0535398036008767,0.223870286927946,0.291541201046852,0.293167126373431,0.293659754911624,0.28779267082264,0.127383670904726,0.0424986120181601
999,37.9296057263494,7.54970416081528,2.95351348130498,0.0142873639209745,0.0136361220072007,2.29242424736731,60.3494628332555,4.51267507602461,16.4943322981708,0.013429055634993,0.022874166303372,0.0531698667555825,0.0178552673802749,0.0923893729135451,0.299452990414457,0.365943944885714,0.367005990641392,0.367125373566658,0.359069876179288,0.168551050745997,0.0615240507186562
1000,72.81182,14.15006,3.585917,0.01500151,0.01474092,2.313787,57.63427,2.408718,29.763,0.01807942,0.02175945,0.03909557,0.02164607,0.06494491,0.2558005,0.3353357,0.3389106,0.3405516,0.3383475,0.1856787,0.07760704
